scene,video,frame,label,initial,retrieved,smoothed,final
R01,01,0,0,0.0,0.0,0.0,0.0
R01,01,1,0,0.0,0.0,0.0,0.0
R01,01,2,0,0.0,0.0,0.0,0.0
R01,01,3,0,0.0,0.0,0.0,0.0
R01,01,4,0,0.0,0.0,0.0,0.0
R01,01,5,0,0.0,0.0,0.0,0.0
R01,01,6,0,0.0,0.0,0.0,0.0
R01,01,7,0,0.0,0.0,0.0,0.0
R01,01,8,0,0.0,0.0,0.0,0.0
R01,01,9,0,0.0,0.0,0.0,0.0
R01,01,10,0,0.0,0.0,0.0,0.0
R01,01,11,0,0.0,0.0,0.0,0.0
R01,01,12,0,0.0,0.0,0.0,0.0
R01,01,13,0,0.0,0.0,0.0,0.0
R01,01,14,0,0.0,0.0,0.0,0.0
R01,01,15,0,0.0,0.0,0.0,0.0
R01,01,16,0,0.0,0.0,0.0,0.0
R01,01,17,0,0.0,0.0,0.0,0.0
R01,01,18,0,0.0,0.0,0.0,0.0
R01,01,19,0,0.0,0.0,0.0,0.0
R01,01,20,0,0.0,0.0,0.0,0.0
R01,01,21,0,0.0,0.0,0.0,0.0
R01,01,22,0,0.0,0.0,0.0,0.0
R01,01,23,0,0.0,0.0,0.0,0.0
R01,01,24,0,0.0,0.0,0.0,0.0
R01,01,25,0,0.0,0.0,0.0,0.0
R01,01,26,0,0.0,0.0,0.0,0.0
R01,01,27,0,0.0,0.0,0.0,0.0
R01,01,28,0,0.0,0.0,0.0,0.0
R01,01,29,0,0.0,0.0,0.0,0.0
R01,01,30,0,0.0,0.0,0.0,0.0
R01,01,31,0,0.0,0.0,0.0,0.0
R01,01,32,0,0.0,0.0,0.0,0.0
R01,01,33,0,0.0,0.0,0.0,0.0
R01,01,34,0,0.0,0.0,0.0,0.0
R01,01,35,0,0.0,0.0,0.0,0.0
R01,01,36,0,0.0,0.0,0.0,0.0
R01,01,37,0,0.0,0.0,0.0,0.0
R01,01,38,0,0.0,0.0,0.0,0.0
R01,01,39,0,0.0,0.0,0.0,0.0
R01,01,40,0,0.0,0.0,0.0,0.0
R01,01,41,0,0.0,0.0,0.0,0.0
R01,01,42,0,0.0,0.0,0.0,0.0
R01,01,43,1,0.0,0.0,0.0,0.0
R01,01,44,1,0.0,0.0,0.0,0.0
R01,01,45,1,0.0,0.0,0.0,0.0
R01,01,46,1,0.0,0.0,0.0,0.0
R01,01,47,1,0.0,0.0,0.0,0.0
R01,01,48,1,0.0,0.0,0.0,0.0
R01,01,49,1,0.0,0.0,0.0,0.0
R01,01,50,1,0.0,0.0,0.0,0.0
R01,01,51,1,0.0,0.0,0.0,0.0
R01,01,52,1,0.0,0.0,0.0,0.0
R01,01,53,1,0.0,0.0,0.0,0.0
R01,01,54,1,0.0,0.0,0.0,0.0
R01,01,55,1,0.0,0.0,0.0,0.0
R01,01,56,1,0.0,0.0,0.0,0.0
R01,01,57,1,0.0,0.0,0.0,0.0
R01,01,58,1,0.0,0.0,0.0,0.0
R01,01,59,1,0.0,0.0,0.0,0.0
R01,01,60,1,0.0,0.0,0.0,0.0
R01,01,61,1,0.0,0.0,0.0,0.0
R01,01,62,1,0.0,0.0,0.0,0.0
R01,01,63,1,0.0,0.0,0.0,0.0
R01,01,64,1,0.0,0.0,0.0,0.0
R01,01,65,1,0.0,0.0,0.0,0.0
R01,01,66,1,0.0,0.0,0.0,0.0
R01,01,67,1,0.0,0.0,0.0,0.0
R01,01,68,1,0.0,0.0,0.0,0.0
R01,01,69,1,0.0,0.0,0.0,0.0
R01,01,70,1,0.0,0.0,0.0,0.0
R01,01,71,1,0.0,0.0,0.0,0.0
R01,01,72,1,0.0,0.0,0.0,0.0
R01,01,73,1,0.0,0.0,0.0,0.0
R01,01,74,1,0.0,0.0,0.0,0.0
R01,01,75,1,0.0,0.0,0.0,0.0
R01,01,76,1,0.0,0.0,0.0,0.0
R01,01,77,1,0.0,0.0,0.0,0.0
R01,01,78,1,0.0,0.0,0.0,0.0
R01,01,79,1,0.0,0.0,0.0,0.0
R01,01,80,1,0.0,0.0,0.0,0.0
R01,01,81,1,0.0,0.0,0.0,0.0
R01,01,82,1,0.0,0.0,0.0,0.0
R01,01,83,1,0.0,0.0,0.0,0.0
R01,01,84,1,0.0,0.0,0.0,0.0
R01,01,85,1,0.0,0.0,0.0,0.0
R01,01,86,1,0.0,0.0,0.0,0.0
R01,01,87,1,0.0,0.0,0.0,0.0
R01,01,88,1,0.0,0.0,0.0,0.0
R01,01,89,1,0.0,0.0,0.0,0.0
R01,01,90,1,0.0,0.0,0.0,0.0
R01,01,91,1,0.0,0.0,0.0,0.0
R01,01,92,1,0.0,0.0,0.0,0.0
R01,01,93,1,0.0,0.0,0.0,0.0
R01,01,94,1,0.0,0.0,0.0,0.0
R01,01,95,1,0.0,0.0,0.0,0.0
R01,01,96,1,0.0,0.0,0.0,0.0
R01,01,97,1,0.0,0.0,0.0,0.0
R01,01,98,1,0.0,0.0,0.0,0.0
R01,01,99,1,0.0,0.0,0.0,0.0
R01,01,100,1,0.0,0.0,0.0,0.0
R01,01,101,1,0.0,0.0,0.0,0.0
R01,01,102,1,0.0,0.0,0.0,0.0
R01,01,103,1,0.0,0.0,0.0,0.0
R01,01,104,1,0.0,0.0,0.0,0.0
R01,01,105,1,0.0,0.0,0.0,0.0
R01,01,106,1,0.0,0.0,0.0,0.0
R01,01,107,1,0.0,0.0,0.0,0.0
R01,01,108,1,0.0,0.0,0.0,0.0
R01,01,109,1,0.0,0.0,0.0,0.0
R01,01,110,1,0.0,0.0,0.0,0.0
R01,01,111,1,0.0,0.0,0.0,0.0
R01,01,112,1,0.0,0.0,0.0,0.0
R01,01,113,1,0.0,0.0,0.0,0.0
R01,01,114,1,0.0,0.0,0.0,0.0
R01,01,115,1,0.0,0.0,0.0,0.0
R01,01,116,1,0.0,0.0,0.0,0.0
R01,01,117,1,0.0,0.0,0.0,0.0
R01,01,118,1,0.0,0.0,0.0,0.0
R01,01,119,1,0.0,0.0,0.0,0.0
R01,01,120,1,0.0,0.0,0.0,0.0
R01,01,121,1,0.0,0.0,0.0,0.0
R01,01,122,1,0.0,0.0,0.0,0.0
R01,01,123,1,0.0,0.0,0.0,0.0
R01,01,124,1,0.0,0.0,0.0,0.0
R01,01,125,1,0.0,0.0,0.0,0.0
R01,01,126,1,0.0,0.0,0.0,0.0
R01,01,127,1,0.0,0.0,0.0,0.0
R01,01,128,1,0.0,0.0,0.0,0.0
R01,01,129,1,0.0,0.0,0.0,0.0
R01,01,130,1,0.0,0.0,0.0,0.0
R01,01,131,1,0.0,0.0,0.0,0.0
R01,01,132,1,0.0,0.0,0.0,0.0
R01,01,133,1,0.0,0.0,0.0,0.0
R01,01,134,1,0.0,0.0,0.0,0.0
R01,01,135,1,0.0,0.0,0.0,0.0
R01,01,136,1,0.0,0.0,0.0,0.0
R01,01,137,1,0.0,0.0,0.0,0.0
R01,01,138,1,0.0,0.0,0.0,0.0
R01,01,139,1,0.0,0.0,0.0,0.0
R01,01,140,1,0.0,0.0,0.0,0.0
R01,01,141,1,0.0,0.0,0.0,0.0
R01,01,142,1,0.0,0.0,0.0,0.0
R01,01,143,1,0.0,0.0,0.0,0.0
R01,01,144,1,0.0,0.0,0.0,0.0
R01,01,145,1,0.0,0.0,0.0,0.0
R01,01,146,1,0.0,0.0,0.0,0.0
R01,01,147,1,0.0,0.0,0.0,0.0
R01,01,148,1,0.0,0.0,0.0,0.0
R01,01,149,1,0.0,0.0,0.0,0.0
R01,01,150,1,0.0,0.0,0.0,0.0
R01,01,151,1,0.0,0.0,0.0,0.0
R01,01,152,1,0.0,0.0,0.0,0.0
R01,01,153,1,0.0,0.0,0.0,0.0
R01,01,154,1,0.0,0.0,0.0,0.0
R01,01,155,1,0.0,0.0,0.0,0.0
R01,01,156,1,0.0,0.0,0.0,0.0
R01,01,157,1,0.0,0.0,0.0,0.0
R01,01,158,1,0.0,0.0,0.0,0.0
R01,01,159,1,0.0,0.0,0.0,0.0
R01,01,160,1,0.0,0.0,0.0,0.0
R01,01,161,1,0.0,0.0,0.0,0.0
R01,01,162,1,0.0,0.0,0.0,0.0
R01,01,163,1,0.0,0.0,0.0,0.0
R01,01,164,1,0.0,0.0,0.0,0.0
R01,01,165,1,0.0,0.0,0.0,0.0
R01,01,166,1,0.0,0.0,0.0,0.0
R01,01,167,1,0.0,0.0,0.0,0.0
R01,01,168,1,0.0,0.0,0.0,0.0
R01,01,169,1,0.0,0.0,0.0,0.0
R01,01,170,1,0.0,0.0,0.0,0.0
R01,01,171,1,0.0,0.0,0.0,0.0
R01,01,172,1,0.0,0.0,0.0,0.0
R01,01,173,1,0.0,0.0,0.0,0.0
R01,01,174,1,0.0,0.0,0.0,0.0
R01,01,175,1,0.0,0.0,0.0,0.0
R01,01,176,1,0.0,0.0,0.0,0.0
R01,01,177,1,0.0,0.0,0.0,0.0
R01,01,178,1,0.0,0.0,0.0,0.0
R01,01,179,1,0.0,0.0,0.0,0.0
R01,01,180,1,0.0,0.0,0.0,0.0
R01,01,181,1,0.0,0.0,0.0,0.0
R01,01,182,1,0.0,0.0,0.0,0.0
R01,01,183,1,0.0,0.0,0.0,0.0
R01,01,184,0,0.0,0.0,0.0,0.0
R01,01,185,0,0.0,0.0,0.0,0.0
R01,01,186,0,0.0,0.0,0.0,0.0
R01,01,187,0,0.0,0.0,0.0,0.0
R01,01,188,0,0.0,0.0,0.0,0.0
R01,01,189,0,0.0,0.0,0.0,0.0
R01,01,190,0,0.0,0.0,0.0,0.0
R01,01,191,0,0.0,0.0,0.0,0.0
R01,01,192,0,0.0,0.0,0.0,0.0
R01,01,193,0,0.0,0.0,0.0,0.0
R01,01,194,0,0.0,0.0,0.0,0.0
R01,01,195,0,0.0,0.0,0.0,0.0
R01,01,196,0,0.0,0.0,0.0,0.0
R01,01,197,0,0.0,0.0,0.0,0.0
R01,01,198,0,0.0,0.0,0.0,0.0
R01,01,199,0,0.0,0.0,0.0,0.0
R01,01,200,0,0.0,0.0,0.0,0.0
R01,01,201,0,0.0,0.0,0.0,0.0
R01,01,202,0,0.0,0.0,0.0,0.0
R01,01,203,0,0.0,0.0,0.0,0.0
R01,01,204,0,0.0,0.0,0.0,0.0
R01,01,205,0,0.0,0.0,0.0,0.0
R01,01,206,0,0.0,0.0,0.0,0.0
R01,01,207,0,0.0,0.0,0.0,0.0
R01,01,208,0,0.0,0.0,0.0,0.0
R01,01,209,0,0.0,0.0,0.0,0.0
R01,01,210,0,0.0,0.0,0.0,0.0
R01,01,211,0,0.0,0.0,0.0,0.0
R01,01,212,0,0.0,0.0,0.0,0.0
R01,01,213,0,0.0,0.0,0.0,0.0
R01,01,214,0,0.0,0.0,0.0,0.0
R01,01,215,0,0.0,0.0,0.0,0.0
R01,01,216,0,0.0,0.0,0.0,0.0
R01,01,217,0,0.0,0.0,0.0,0.0
R01,01,218,0,0.0,0.0,0.0,0.0
R01,01,219,0,0.0,0.0,0.0,0.0
R01,01,220,0,0.0,0.0,0.0,0.0
R01,01,221,0,0.0,0.0,0.0,0.0
R01,01,222,0,0.0,0.0,0.0,0.0
R01,01,223,0,0.0,0.0,0.0,0.0
R01,01,224,0,0.0,0.0,0.0,0.0
R01,01,225,0,0.0,0.0,0.0,0.0
R01,01,226,0,0.0,0.0,0.0,0.0
R01,01,227,0,0.0,0.0,0.0,0.0
R01,01,228,0,0.0,0.0,0.0,0.0
R01,01,229,0,0.0,0.0,0.0,0.0
R01,02,0,0,0.0,0.0,0.0,0.0
R01,02,1,0,0.0,0.0,0.0,0.0
R01,02,2,0,0.0,0.0,0.0,0.0
R01,02,3,0,0.0,0.0,0.0,0.0
R01,02,4,0,0.0,0.0,0.0,0.0
R01,02,5,0,0.0,0.0,0.0,0.0
R01,02,6,0,0.0,0.0,0.0,0.0
R01,02,7,0,0.0,0.0,0.0,0.0
R01,02,8,0,0.0,0.0,0.0,0.0
R01,02,9,0,0.0,0.0,0.0,0.0
R01,02,10,0,0.0,0.0,0.0,0.0
R01,02,11,0,0.0,0.0,0.0,0.0
R01,02,12,0,0.0,0.0,0.0,0.0
R01,02,13,0,0.0,0.0,0.0,0.0
R01,02,14,0,0.0,0.0,0.0,0.0
R01,02,15,0,0.0,0.0,0.0,0.0
R01,02,16,0,0.0,0.0,0.0,0.0
R01,02,17,0,0.0,0.0,0.0,0.0
R01,02,18,0,0.0,0.0,0.0,0.0
R01,02,19,0,0.0,0.0,0.0,0.0
R01,02,20,0,0.0,0.0,0.0,0.0
R01,02,21,0,0.0,0.0,0.0,0.0
R01,02,22,0,0.0,0.0,0.0,0.0
R01,02,23,0,0.0,0.0,0.0,0.0
R01,02,24,0,0.0,0.0,0.0,0.0
R01,02,25,0,0.0,0.0,0.0,0.0
R01,02,26,0,0.0,0.0,0.0,0.0
R01,02,27,0,0.0,0.0,0.0,0.0
R01,02,28,0,0.0,0.0,0.0,0.0
R01,02,29,0,0.0,0.0,0.0,0.0
R01,02,30,0,0.0,0.0,0.0,0.0
R01,02,31,0,0.0,0.0,0.0,0.0
R01,02,32,0,0.0,0.0,0.0,0.0
R01,02,33,0,0.0,0.0,0.0,0.0
R01,02,34,0,0.0,0.0,0.0,0.0
R01,02,35,0,0.0,0.0,0.0,0.0
R01,02,36,0,0.0,0.0,0.0,0.0
R01,02,37,0,0.0,0.0,0.0,0.0
R01,02,38,0,0.0,0.0,0.0,0.0
R01,02,39,0,0.0,0.0,0.0,0.0
R01,02,40,0,0.0,0.0,0.0,0.0
R01,02,41,0,0.0,0.0,0.0,0.0
R01,02,42,0,0.0,0.0,0.0,0.0
R01,02,43,0,0.0,0.0,0.0,0.0
R01,02,44,0,0.0,0.0,0.0,0.0
R01,02,45,0,0.0,0.0,0.0,0.0
R01,02,46,1,0.0,0.0,0.0,0.0
R01,02,47,1,0.0,0.0,0.0,0.0
R01,02,48,1,0.0,0.0,0.0,0.0
R01,02,49,1,0.0,0.0,0.0,0.0
R01,02,50,1,0.0,0.0,0.0,0.0
R01,02,51,1,0.0,0.0,0.0,0.0
R01,02,52,1,0.0,0.0,0.0,0.0
R01,02,53,1,0.0,0.0,0.0,0.0
R01,02,54,1,0.0,0.0,0.0,0.0
R01,02,55,1,0.0,0.0,0.0,0.0
R01,02,56,1,0.0,0.0,0.0,0.0
R01,02,57,1,0.0,0.0,0.0,0.0
R01,02,58,1,0.0,0.0,0.0,0.0
R01,02,59,1,0.0,0.0,0.0,0.0
R01,02,60,1,0.0,0.0,0.0,0.0
R01,02,61,1,0.0,0.0,0.0,0.0
R01,02,62,1,0.0,0.0,0.0,0.0
R01,02,63,1,0.0,0.0,0.0,0.0
R01,02,64,1,0.0,0.0,0.0,0.0
R01,02,65,1,0.0,0.0,0.0,0.0
R01,02,66,1,0.0,0.0,0.0,0.0
R01,02,67,1,0.0,0.0,0.0,0.0
R01,02,68,1,0.0,0.0,0.0,0.0
R01,02,69,1,0.0,0.0,0.0,0.0
R01,02,70,1,0.0,0.0,0.0,0.0
R01,02,71,1,0.0,0.0,0.0,0.0
R01,02,72,1,0.0,0.0,0.0,0.0
R01,02,73,1,0.0,0.0,0.0,0.0
R01,02,74,1,0.0,0.0,0.0,0.0
R01,02,75,1,0.0,0.0,0.0,0.0
R01,02,76,1,0.0,0.0,0.0,0.0
R01,02,77,1,0.0,0.0,0.0,0.0
R01,02,78,1,0.0,0.0,0.0,0.0
R01,02,79,1,0.0,0.0,0.0,0.0
R01,02,80,1,0.0,0.0,0.0,0.0
R01,02,81,1,0.0,0.0,0.0,0.0
R01,02,82,1,0.0,0.0,0.0,0.0
R01,02,83,1,0.0,0.0,0.0,0.0
R01,02,84,1,0.0,0.0,0.0,0.0
R01,02,85,1,0.0,0.0,0.0,0.0
R01,02,86,1,0.0,0.0,0.0,0.0
R01,02,87,1,0.0,0.0,0.0,0.0
R01,02,88,1,0.0,0.0,0.0,0.0
R01,02,89,1,0.0,0.0,0.0,0.0
R01,02,90,1,0.0,0.0,0.0,0.0
R01,02,91,1,0.0,0.0,0.0,0.0
R01,02,92,1,0.0,0.0,0.0,0.0
R01,02,93,1,0.0,0.0,0.0,0.0
R01,02,94,1,0.0,0.0,0.0,0.0
R01,02,95,1,0.0,0.0,0.0,0.0
R01,02,96,1,0.0,0.0,0.0,0.0
R01,02,97,1,0.0,0.0,0.0,0.0
R01,02,98,1,0.0,0.0,0.0,0.0
R01,02,99,1,0.0,0.0,0.0,0.0
R01,02,100,1,0.0,0.0,0.0,0.0
R01,02,101,1,0.0,0.0,0.0,0.0
R01,02,102,1,0.0,0.0,0.0,0.0
R01,02,103,1,0.0,0.0,0.0,0.0
R01,02,104,1,0.0,0.0,0.0,0.0
R01,02,105,1,0.0,0.0,0.0,0.0
R01,02,106,1,0.0,0.0,0.0,0.0
R01,02,107,1,0.0,0.0,0.0,0.0
R01,02,108,1,0.0,0.0,0.0,0.0
R01,02,109,1,0.0,0.0,0.0,0.0
R01,02,110,1,0.0,0.0,0.0,0.0
R01,02,111,1,0.0,0.0,0.0,0.0
R01,02,112,1,0.0,0.0,0.0,0.0
R01,02,113,1,0.0,0.0,0.0,0.0
R01,02,114,1,0.0,0.0,0.0,0.0
R01,02,115,1,0.0,0.0,0.0,0.0
R01,02,116,1,0.0,0.0,0.0,0.0
R01,02,117,1,0.0,0.0,0.0,0.0
R01,02,118,1,0.0,0.0,0.0,0.0
R01,02,119,1,0.0,0.0,0.0,0.0
R01,02,120,1,0.0,0.0,0.0,0.0
R01,02,121,1,0.0,0.0,0.0,0.0
R01,02,122,1,0.0,0.0,0.0,0.0
R01,02,123,1,0.0,0.0,0.0,0.0
R01,02,124,1,0.0,0.0,0.0,0.0
R01,02,125,1,0.0,0.0,0.0,0.0
R01,02,126,1,0.0,0.0,0.0,0.0
R01,02,127,1,0.0,0.0,0.0,0.0
R01,02,128,1,0.0,0.0,0.0,0.0
R01,02,129,1,0.0,0.0,0.0,0.0
R01,02,130,1,0.0,0.0,0.0,0.0
R01,02,131,1,0.0,0.0,0.0,0.0
R01,02,132,1,0.0,0.0,0.0,0.0
R01,02,133,1,0.0,0.0,0.0,0.0
R01,02,134,1,0.0,0.0,0.0,0.0
R01,02,135,1,0.0,0.0,0.0,0.0
R01,02,136,1,0.0,0.0,0.0,0.0
R01,02,137,1,0.0,0.0,0.0,0.0
R01,02,138,1,0.0,0.0,0.0,0.0
R01,02,139,1,0.0,0.0,0.0,0.0
R01,02,140,1,0.0,0.0,0.0,0.0
R01,02,141,1,0.0,0.0,0.0,0.0
R01,02,142,1,0.0,0.0,0.0,0.0
R01,02,143,1,0.0,0.0,0.0,0.0
R01,02,144,1,0.0,0.0,0.0,0.0
R01,02,145,1,0.0,0.0,0.0,0.0
R01,02,146,1,0.0,0.0,0.0,0.0
R01,02,147,1,0.0,0.0,0.0,0.0
R01,02,148,1,0.0,0.0,0.0,0.0
R01,02,149,1,0.0,0.0,0.0,0.0
R01,02,150,1,0.0,0.0,0.0,0.0
R01,02,151,1,0.0,0.0,0.0,0.0
R01,02,152,1,0.0,0.0,0.0,0.0
R01,02,153,1,0.0,0.0,0.0,0.0
R01,02,154,1,0.0,0.0,0.0,0.0
R01,02,155,1,0.0,0.0,0.0,0.0
R01,02,156,1,0.0,0.0,0.0,0.0
R01,02,157,1,0.0,0.0,0.0,0.0
R01,02,158,1,0.0,0.0,0.0,0.0
R01,02,159,1,0.0,0.0,0.0,0.0
R01,02,160,1,0.0,0.0,0.0,0.0
R01,02,161,1,0.0,0.0,0.0,0.0
R01,02,162,1,0.0,0.0,0.0,0.0
R01,02,163,1,0.0,0.0,0.0,0.0
R01,02,164,1,0.0,0.0,0.0,0.0
R01,02,165,1,0.0,0.0,0.0,0.0
R01,02,166,1,0.0,0.0,0.0,0.0
R01,02,167,1,0.0,0.0,0.0,0.0
R01,02,168,1,0.0,0.0,0.0,0.0
R01,02,169,1,0.0,0.0,0.0,0.0
R01,02,170,1,0.0,0.0,0.0,0.0
R01,02,171,1,0.0,0.0,0.0,0.0
R01,02,172,1,0.0,0.0,0.0,0.0
R01,02,173,0,0.0,0.0,0.0,0.0
R01,02,174,0,0.0,0.0,0.0,0.0
R01,02,175,0,0.0,0.0,0.0,0.0
R01,02,176,0,0.0,0.0,0.0,0.0
R01,02,177,0,0.0,0.0,0.0,0.0
R01,02,178,0,0.0,0.0,0.0,0.0
R01,02,179,0,0.0,0.0,0.0,0.0
R01,02,180,0,0.0,0.0,0.0,0.0
R01,02,181,0,0.0,0.0,0.0,0.0
R01,02,182,0,0.0,0.0,0.0,0.0
R01,02,183,0,0.0,0.0,0.0,0.0
R01,02,184,0,0.0,0.0,0.0,0.0
R01,02,185,0,0.0,0.0,0.0,0.0
R01,02,186,0,0.0,0.0,0.0,0.0
R01,02,187,0,0.0,0.0,0.0,0.0
R01,02,188,0,0.0,0.0,0.0,0.0
R01,02,189,0,0.0,0.0,0.0,0.0
R01,02,190,0,0.0,0.0,0.0,0.0
R01,02,191,0,0.0,0.0,0.0,0.0
R01,02,192,0,0.0,0.0,0.0,0.0
R01,02,193,0,0.0,0.0,0.0,0.0
R01,02,194,0,0.0,0.0,0.0,0.0
R01,02,195,0,0.0,0.0,0.0,0.0
R01,02,196,0,0.0,0.0,0.0,0.0
R01,02,197,0,0.0,0.0,0.0,0.0
R01,02,198,0,0.0,0.0,0.0,0.0
R01,02,199,0,0.0,0.0,0.0,0.0
R01,02,200,0,0.0,0.0,0.0,0.0
R01,02,201,0,0.0,0.0,0.0,0.0
R01,02,202,0,0.0,0.0,0.0,0.0
R01,02,203,0,0.0,0.0,0.0,0.0
R01,02,204,0,0.0,0.0,0.0,0.0
R01,02,205,0,0.0,0.0,0.0,0.0
R01,02,206,0,0.0,0.0,0.0,0.0
R01,02,207,0,0.0,0.0,0.0,0.0
R01,02,208,0,0.0,0.0,0.0,0.0
R01,02,209,0,0.0,0.0,0.0,0.0
R01,02,210,0,0.0,0.0,0.0,0.0
R01,02,211,0,0.0,0.0,0.0,0.0
R01,02,212,0,0.0,0.0,0.0,0.0
R01,02,213,0,0.0,0.0,0.0,0.0
R01,02,214,0,0.0,0.0,0.0,0.0
R01,02,215,0,0.0,0.0,0.0,0.0
R01,02,216,0,0.0,0.0,0.0,0.0
R01,02,217,0,0.0,0.0,0.0,0.0
R01,02,218,0,0.0,0.0,0.0,0.0
R01,02,219,0,0.0,0.0,0.0,0.0
R01,02,220,0,0.0,0.0,0.0,0.0
R01,02,221,0,0.0,0.0,0.0,0.0
R01,02,222,0,0.0,0.0,0.0,0.0
R01,02,223,0,0.0,0.0,0.0,0.0
R01,02,224,0,0.0,0.0,0.0,0.0
R01,02,225,0,0.0,0.0,0.0,0.0
R01,02,226,0,0.0,0.0,0.0,0.0
R01,02,227,0,0.0,0.0,0.0,0.0
R01,02,228,0,0.0,0.0,0.0,0.0
R01,02,229,0,0.0,0.0,0.0,0.0
R01,02,230,0,0.0,0.0,0.0,0.0
R01,02,231,0,0.0,0.0,0.0,0.0
R01,02,232,0,0.0,0.0,0.0,0.0
R01,02,233,0,0.0,0.0,0.0,0.0
R01,02,234,0,0.0,0.0,0.0,0.0
R01,02,235,0,0.0,0.0,0.0,0.0
R01,02,236,0,0.0,0.0,0.0,0.0
R01,02,237,0,0.0,0.0,0.0,0.0
R01,02,238,0,0.0,0.0,0.0,0.0
R01,02,239,0,0.0,0.0,0.0,0.0
R01,02,240,0,0.0,0.0,0.0,0.0
R01,02,241,0,0.0,0.0,0.0,0.0
R01,02,242,0,0.0,0.0,0.0,0.0
R01,02,243,0,0.0,0.0,0.0,0.0
R01,02,244,0,0.0,0.0,0.0,0.0
R01,02,245,0,0.0,0.0,0.0,0.0
R01,02,246,0,0.0,0.0,0.0,0.0
R01,02,247,0,0.0,0.0,0.0,0.0
R01,02,248,0,0.0,0.0,0.0,0.0
R01,02,249,0,0.0,0.0,0.0,0.0
R01,02,250,0,0.0,0.0,0.0,0.0
R01,02,251,0,0.0,0.0,0.0,0.0
R01,02,252,0,0.0,0.0,0.0,0.0
R01,02,253,0,0.0,0.0,0.0,0.0
R01,02,254,0,0.0,0.0,0.0,0.0
R01,02,255,0,0.0,0.0,0.0,0.0
R01,03,0,0,0.0,0.0,0.0,0.0
R01,03,1,0,0.0,0.0,0.0,0.0
R01,03,2,0,0.0,0.0,0.0,0.0
R01,03,3,0,0.0,0.0,0.0,0.0
R01,03,4,0,0.0,0.0,0.0,0.0
R01,03,5,0,0.0,0.0,0.0,0.0
R01,03,6,0,0.0,0.0,0.0,0.0
R01,03,7,0,0.0,0.0,0.0,0.0
R01,03,8,0,0.0,0.0,0.0,0.0
R01,03,9,0,0.0,0.0,0.0,0.0
R01,03,10,0,0.0,0.0,0.0,0.0
R01,03,11,0,0.0,0.0,0.0,0.0
R01,03,12,0,0.0,0.0,0.0,0.0
R01,03,13,0,0.0,0.0,0.0,0.0
R01,03,14,0,0.0,0.0,0.0,0.0
R01,03,15,0,0.0,0.0,0.0,0.0
R01,03,16,0,0.0,0.0,0.0,0.0
R01,03,17,0,0.0,0.0,0.0,0.0
R01,03,18,0,0.0,0.0,0.0,0.0
R01,03,19,0,0.0,0.0,0.0,0.0
R01,03,20,0,0.0,0.0,0.0,0.0
R01,03,21,0,0.0,0.0,0.0,0.0
R01,03,22,0,0.0,0.0,0.0,0.0
R01,03,23,0,0.0,0.0,0.0,0.0
R01,03,24,0,0.0,0.0,0.0,0.0
R01,03,25,0,0.0,0.0,0.0,0.0
R01,03,26,0,0.0,0.0,0.0,0.0
R01,03,27,0,0.0,0.0,0.0,0.0
R01,03,28,0,0.0,0.0,0.0,0.0
R01,03,29,0,0.0,0.0,0.0,0.0
R01,03,30,0,0.0,0.0,0.0,0.0
R01,03,31,0,0.0,0.0,0.0,0.0
R01,03,32,0,0.0,0.0,0.0,0.0
R01,03,33,0,0.0,0.0,0.0,0.0
R01,03,34,0,0.0,0.0,0.0,0.0
R01,03,35,0,0.0,0.0,0.0,0.0
R01,03,36,0,0.0,0.0,0.0,0.0
R01,03,37,0,0.0,0.0,0.0,0.0
R01,03,38,0,0.0,0.0,0.0,0.0
R01,03,39,0,0.0,0.0,0.0,0.0
R01,03,40,0,0.0,0.0,0.0,0.0
R01,03,41,0,0.0,0.0,0.0,0.0
R01,03,42,0,0.0,0.0,0.0,0.0
R01,03,43,0,0.0,0.0,0.0,0.0
R01,03,44,0,0.0,0.0,0.0,0.0
R01,03,45,0,0.0,0.0,0.0,0.0
R01,03,46,0,0.0,0.0,0.0,0.0
R01,03,47,0,0.0,0.0,0.0,0.0
R01,03,48,0,0.0,0.0,0.0,0.0
R01,03,49,0,0.0,0.0,0.0,0.0
R01,03,50,0,0.0,0.0,0.0,0.0
R01,03,51,0,0.0,0.0,0.0,0.0
R01,03,52,0,0.0,0.0,0.0,0.0
R01,03,53,0,0.0,0.0,0.0,0.0
R01,03,54,0,0.0,0.0,0.0,0.0
R01,03,55,0,0.0,0.0,0.0,0.0
R01,03,56,0,0.0,0.0,0.0,0.0
R01,03,57,0,0.0,0.0,0.0,0.0
R01,03,58,0,0.0,0.0,0.0,0.0
R01,03,59,0,0.0,0.0,0.0,0.0
R01,03,60,0,0.0,0.0,0.0,0.0
R01,03,61,0,0.0,0.0,0.0,0.0
R01,03,62,0,0.0,0.0,0.0,0.0
R01,03,63,0,0.0,0.0,0.0,0.0
R01,03,64,0,0.0,0.0,0.0,0.0
R01,03,65,1,0.0,0.0,0.0,0.0
R01,03,66,1,0.0,0.0,0.0,0.0
R01,03,67,1,0.0,0.0,0.0,0.0
R01,03,68,1,0.0,0.0,0.0,0.0
R01,03,69,1,0.0,0.0,0.0,0.0
R01,03,70,1,0.0,0.0,0.0,0.0
R01,03,71,1,0.0,0.0,0.0,0.0
R01,03,72,1,0.0,0.0,0.0,0.0
R01,03,73,1,0.0,0.0,0.0,0.0
R01,03,74,1,0.0,0.0,0.0,0.0
R01,03,75,1,0.0,0.0,0.0,0.0
R01,03,76,1,0.0,0.0,0.0,0.0
R01,03,77,1,0.0,0.0,0.0,0.0
R01,03,78,1,0.0,0.0,0.0,0.0
R01,03,79,1,0.0,0.0,0.0,0.0
R01,03,80,1,0.0,0.0,0.0,0.0
R01,03,81,1,0.0,0.0,0.0,0.0
R01,03,82,1,0.0,0.0,0.0,0.0
R01,03,83,1,0.0,0.0,0.0,0.0
R01,03,84,1,0.0,0.0,0.0,0.0
R01,03,85,1,0.0,0.0,0.0,0.0
R01,03,86,1,0.0,0.0,0.0,0.0
R01,03,87,1,0.0,0.0,0.0,0.0
R01,03,88,1,0.0,0.0,0.0,0.0
R01,03,89,1,0.0,0.0,0.0,0.0
R01,03,90,1,0.0,0.0,0.0,0.0
R01,03,91,1,0.0,0.0,0.0,0.0
R01,03,92,1,0.0,0.0,0.0,0.0
R01,03,93,1,0.0,0.0,0.0,0.0
R01,03,94,1,0.0,0.0,0.0,0.0
R01,03,95,1,0.0,0.0,0.0,0.0
R01,03,96,1,0.0,0.0,0.0,0.0
R01,03,97,1,0.0,0.0,0.0,0.0
R01,03,98,1,0.0,0.0,0.0,0.0
R01,03,99,1,0.0,0.0,0.0,0.0
R01,03,100,1,0.0,0.0,0.0,0.0
R01,03,101,1,0.0,0.0,0.0,0.0
R01,03,102,1,0.0,0.0,0.0,0.0
R01,03,103,1,0.0,0.0,0.0,0.0
R01,03,104,1,0.0,0.0,0.0,0.0
R01,03,105,1,0.0,0.0,0.0,0.0
R01,03,106,1,0.0,0.0,0.0,0.0
R01,03,107,1,0.0,0.0,0.0,0.0
R01,03,108,1,0.0,0.0,0.0,0.0
R01,03,109,1,0.0,0.0,0.0,0.0
R01,03,110,1,0.0,0.0,0.0,0.0
R01,03,111,1,0.0,0.0,0.0,0.0
R01,03,112,1,0.0,0.0,0.0,0.0
R01,03,113,1,0.0,0.0,0.0,0.0
R01,03,114,1,0.0,0.0,0.0,0.0
R01,03,115,1,0.0,0.0,0.0,0.0
R01,03,116,1,0.0,0.0,0.0,0.0
R01,03,117,1,0.0,0.0,0.0,0.0
R01,03,118,1,0.0,0.0,0.0,0.0
R01,03,119,1,0.0,0.0,0.0,0.0
R01,03,120,1,0.0,0.0,0.0,0.0
R01,03,121,1,0.0,0.0,0.0,0.0
R01,03,122,1,0.0,0.0,0.0,0.0
R01,03,123,1,0.0,0.0,0.0,0.0
R01,03,124,1,0.0,0.0,0.0,0.0
R01,03,125,1,0.0,0.0,0.0,0.0
R01,03,126,1,0.0,0.0,0.0,0.0
R01,03,127,1,0.0,0.0,0.0,0.0
R01,03,128,1,0.0,0.0,0.0,0.0
R01,03,129,1,0.0,0.0,0.0,0.0
R01,03,130,1,0.0,0.0,0.0,0.0
R01,03,131,1,0.0,0.0,0.0,0.0
R01,03,132,1,0.0,0.0,0.0,0.0
R01,03,133,1,0.0,0.0,0.0,0.0
R01,03,134,1,0.0,0.0,0.0,0.0
R01,03,135,1,0.0,0.0,0.0,0.0
R01,03,136,1,0.0,0.0,0.0,0.0
R01,03,137,1,0.0,0.0,0.0,0.0
R01,03,138,1,0.0,0.0,0.0,0.0
R01,03,139,1,0.0,0.0,0.0,0.0
R01,03,140,1,0.0,0.0,0.0,0.0
R01,03,141,1,0.0,0.0,0.0,0.0
R01,03,142,1,0.0,0.0,0.0,0.0
R01,03,143,1,0.0,0.0,0.0,0.0
R01,03,144,1,0.0,0.0,0.0,0.0
R01,03,145,1,0.0,0.0,0.0,0.0
R01,03,146,1,0.0,0.0,0.0,0.0
R01,03,147,1,0.0,0.0,0.0,0.0
R01,03,148,1,0.0,0.0,0.0,0.0
R01,03,149,1,0.0,0.0,0.0,0.0
R01,03,150,1,0.0,0.0,0.0,0.0
R01,03,151,1,0.0,0.0,0.0,0.0
R01,03,152,1,0.0,0.0,0.0,0.0
R01,03,153,1,0.0,0.0,0.0,0.0
R01,03,154,1,0.0,0.0,0.0,0.0
R01,03,155,1,0.0,0.0,0.0,0.0
R01,03,156,1,0.0,0.0,0.0,0.0
R01,03,157,1,0.0,0.0,0.0,0.0
R01,03,158,1,0.0,0.0,0.0,0.0
R01,03,159,1,0.0,0.0,0.0,0.0
R01,03,160,1,0.0,0.0,0.0,0.0
R01,03,161,1,0.0,0.0,0.0,0.0
R01,03,162,1,0.0,0.0,0.0,0.0
R01,03,163,1,0.0,0.0,0.0,0.0
R01,03,164,1,0.0,0.0,0.0,0.0
R01,03,165,1,0.0,0.0,0.0,0.0
R01,03,166,1,0.0,0.0,0.0,0.0
R01,03,167,1,0.0,0.0,0.0,0.0
R01,03,168,1,0.0,0.0,0.0,0.0
R01,03,169,1,0.0,0.0,0.0,0.0
R01,03,170,1,0.0,0.0,0.0,0.0
R01,03,171,1,0.0,0.0,0.0,0.0
R01,03,172,1,0.0,0.0,0.0,0.0
R01,03,173,1,0.0,0.0,0.0,0.0
R01,03,174,1,0.0,0.0,0.0,0.0
R01,03,175,1,0.0,0.0,0.0,0.0
R01,03,176,1,0.0,0.0,0.0,0.0
R01,03,177,1,0.0,0.0,0.0,0.0
R01,03,178,1,0.0,0.0,0.0,0.0
R01,03,179,1,0.0,0.0,0.0,0.0
R01,03,180,1,0.0,0.0,0.0,0.0
R01,03,181,1,0.0,0.0,0.0,0.0
R01,03,182,1,0.0,0.0,0.0,0.0
R01,03,183,1,0.0,0.0,0.0,0.0
R01,03,184,1,0.0,0.0,0.0,0.0
R01,03,185,1,0.0,0.0,0.0,0.0
R01,03,186,1,0.0,0.0,0.0,0.0
R01,03,187,1,0.0,0.0,0.0,0.0
R01,03,188,1,0.0,0.0,0.0,0.0
R01,03,189,1,0.0,0.0,0.0,0.0
R01,03,190,1,0.0,0.0,0.0,0.0
R01,03,191,1,0.0,0.0,0.0,0.0
R01,03,192,1,0.0,0.0,0.0,0.0
R01,03,193,1,0.0,0.0,0.0,0.0
R01,03,194,1,0.0,0.0,0.0,0.0
R01,03,195,1,0.0,0.0,0.0,0.0
R01,03,196,1,0.0,0.0,0.0,0.0
R01,03,197,1,0.0,0.0,0.0,0.0
R01,03,198,1,0.0,0.0,0.0,0.0
R01,03,199,1,0.0,0.0,0.0,0.0
R01,03,200,1,0.0,0.0,0.0,0.0
R01,03,201,1,0.0,0.0,0.0,0.0
R01,03,202,1,0.0,0.0,0.0,0.0
R01,03,203,1,0.0,0.0,0.0,0.0
R01,03,204,1,0.0,0.0,0.0,0.0
R01,03,205,1,0.0,0.0,0.0,0.0
R01,03,206,1,0.0,0.0,0.0,0.0
R01,03,207,1,0.0,0.0,0.0,0.0
R01,03,208,1,0.0,0.0,0.0,0.0
R01,03,209,1,0.0,0.0,0.0,0.0
R01,03,210,1,0.0,0.0,0.0,0.0
R01,03,211,1,0.0,0.0,0.0,0.0
R01,03,212,1,0.0,0.0,0.0,0.0
R01,03,213,1,0.0,0.0,0.0,0.0
R01,03,214,1,0.0,0.0,0.0,0.0
R01,03,215,1,0.0,0.0,0.0,0.0
R01,03,216,1,0.0,0.0,0.0,0.0
R01,03,217,1,0.0,0.0,0.0,0.0
R01,03,218,1,0.0,0.0,0.0,0.0
R01,03,219,1,0.0,0.0,0.0,0.0
R01,03,220,1,0.0,0.0,0.0,0.0
R01,03,221,1,0.0,0.0,0.0,0.0
R01,03,222,1,0.0,0.0,0.0,0.0
R01,03,223,1,0.0,0.0,0.0,0.0
R01,03,224,1,0.0,0.0,0.0,0.0
R01,03,225,1,0.0,0.0,0.0,0.0
R01,03,226,1,0.0,0.0,0.0,0.0
R01,03,227,1,0.0,0.0,0.0,0.0
R01,03,228,1,0.0,0.0,0.0,0.0
R01,03,229,1,0.0,0.0,0.0,0.0
R01,03,230,1,0.0,0.0,0.0,0.0
R01,03,231,1,0.0,0.0,0.0,0.0
R01,03,232,1,0.0,0.0,0.0,0.0
R01,03,233,1,0.0,0.0,0.0,0.0
R01,03,234,1,0.0,0.0,0.0,0.0
R01,03,235,1,0.0,0.0,0.0,0.0
R01,03,236,1,0.0,0.0,0.0,0.0
R01,03,237,1,0.0,0.0,0.0,0.0
R01,03,238,1,0.0,0.0,0.0,0.0
R01,03,239,1,0.0,0.0,0.0,0.0
R01,03,240,1,0.0,0.0,0.0,0.0
R01,03,241,1,0.0,0.0,0.0,0.0
R01,03,242,1,0.0,0.0,0.0,0.0
R01,03,243,1,0.0,0.0,0.0,0.0
R01,03,244,1,0.0,0.0,0.0,0.0
R01,03,245,1,0.0,0.0,0.0,0.0
R01,03,246,1,0.0,0.0,0.0,0.0
R01,03,247,1,0.0,0.0,0.0,0.0
R01,03,248,1,0.0,0.0,0.0,0.0
R01,03,249,1,0.0,0.0,0.0,0.0
R01,03,250,1,0.0,0.0,0.0,0.0
R01,03,251,1,0.0,0.0,0.0,0.0
R01,03,252,1,0.0,0.0,0.0,0.0
R01,03,253,1,0.0,0.0,0.0,0.0
R01,03,254,1,0.0,0.0,0.0,0.0
R01,03,255,1,0.0,0.0,0.0,0.0
R01,03,256,1,0.0,0.0,0.0,0.0
R01,03,257,1,0.0,0.0,0.0,0.0
R01,03,258,1,0.0,0.0,0.0,0.0
R01,03,259,1,0.0,0.0,0.0,0.0
R01,03,260,0,0.0,0.0,0.0,0.0
R01,03,261,0,0.0,0.0,0.0,0.0
R01,03,262,0,0.0,0.0,0.0,0.0
R01,03,263,0,0.0,0.0,0.0,0.0
R01,03,264,0,0.0,0.0,0.0,0.0
R01,03,265,0,0.0,0.0,0.0,0.0
R01,03,266,0,0.0,0.0,0.0,0.0
R01,03,267,0,0.0,0.0,0.0,0.0
R01,03,268,0,0.0,0.0,0.0,0.0
R01,03,269,0,0.0,0.0,0.0,0.0
R01,03,270,0,0.0,0.0,0.0,0.0
R01,03,271,0,0.0,0.0,0.0,0.0
R01,03,272,0,0.0,0.0,0.0,0.0
R01,03,273,0,0.0,0.0,0.0,0.0
R01,03,274,0,0.0,0.0,0.0,0.0
R01,03,275,0,0.0,0.0,0.0,0.0
R01,03,276,0,0.0,0.0,0.0,0.0
R01,03,277,0,0.0,0.0,0.0,0.0
R01,03,278,0,0.0,0.0,0.0,0.0
R01,03,279,0,0.0,0.0,0.0,0.0
R01,03,280,0,0.0,0.0,0.0,0.0
R01,03,281,0,0.0,0.0,0.0,0.0
R01,03,282,0,0.0,0.0,0.0,0.0
R01,03,283,0,0.0,0.0,0.0,0.0
R01,03,284,0,0.0,0.0,0.0,0.0
R01,03,285,0,0.0,0.0,0.0,0.0
R01,03,286,0,0.0,0.0,0.0,0.0
R01,03,287,0,0.0,0.0,0.0,0.0
R01,03,288,0,0.0,0.0,0.0,0.0
R01,03,289,0,0.0,0.0,0.0,0.0
R01,03,290,0,0.0,0.0,0.0,0.0
R01,03,291,0,0.0,0.0,0.0,0.0
R01,03,292,0,0.0,0.0,0.0,0.0
R01,03,293,0,0.0,0.0,0.0,0.0
R01,03,294,0,0.0,0.0,0.0,0.0
R01,03,295,0,0.0,0.0,0.0,0.0
R01,03,296,0,0.0,0.0,0.0,0.0
R01,03,297,0,0.0,0.0,0.0,0.0
R01,03,298,0,0.0,0.0,0.0,0.0
R01,03,299,0,0.0,0.0,0.0,0.0
R01,03,300,0,0.0,0.0,0.0,0.0
R01,03,301,0,0.0,0.0,0.0,0.0
R01,03,302,0,0.0,0.0,0.0,0.0
R01,03,303,0,0.0,0.0,0.0,0.0
R01,03,304,0,0.0,0.0,0.0,0.0
R01,03,305,0,0.0,0.0,0.0,0.0
R01,03,306,0,0.0,0.0,0.0,0.0
R01,03,307,0,0.0,0.0,0.0,0.0
R01,03,308,0,0.0,0.0,0.0,0.0
R01,03,309,0,0.0,0.0,0.0,0.0
R01,03,310,0,0.0,0.0,0.0,0.0
R01,03,311,0,0.0,0.0,0.0,0.0
R01,03,312,0,0.0,0.0,0.0,0.0
R01,03,313,0,0.0,0.0,0.0,0.0
R01,03,314,0,0.0,0.0,0.0,0.0
R01,03,315,0,0.0,0.0,0.0,0.0
R01,03,316,0,0.0,0.0,0.0,0.0
R01,03,317,0,0.0,0.0,0.0,0.0
R01,03,318,0,0.0,0.0,0.0,0.0
R01,03,319,0,0.0,0.0,0.0,0.0
R01,03,320,0,0.0,0.0,0.0,0.0
R01,03,321,0,0.0,0.0,0.0,0.0
R01,03,322,0,0.0,0.0,0.0,0.0
R01,03,323,0,0.0,0.0,0.0,0.0
R01,03,324,0,0.0,0.0,0.0,0.0
R01,03,325,0,0.0,0.0,0.0,0.0
R01,03,326,0,0.0,0.0,0.0,0.0
R01,03,327,0,0.0,0.0,0.0,0.0
R01,03,328,0,0.0,0.0,0.0,0.0
R01,03,329,0,0.0,0.0,0.0,0.0
R01,03,330,0,0.0,0.0,0.0,0.0
R01,03,331,0,0.0,0.0,0.0,0.0
R01,03,332,0,0.0,0.0,0.0,0.0
R01,03,333,0,0.0,0.0,0.0,0.0
R01,03,334,0,0.0,0.0,0.0,0.0
R01,03,335,0,0.0,0.0,0.0,0.0
R01,03,336,0,0.0,0.0,0.0,0.0
R01,03,337,0,0.0,0.0,0.0,0.0
R01,03,338,0,0.0,0.0,0.0,0.0
R01,03,339,0,0.0,0.0,0.0,0.0
R01,03,340,0,0.0,0.0,0.0,0.0
R01,03,341,0,0.0,0.0,0.0,0.0
R01,03,342,0,0.0,0.0,0.0,0.0
R01,03,343,0,0.0,0.0,0.0,0.0
R01,03,344,0,0.0,0.0,0.0,0.0
R01,03,345,0,0.0,0.0,0.0,0.0
R01,03,346,0,0.0,0.0,0.0,0.0
R01,03,347,0,0.0,0.0,0.0,0.0
R01,03,348,0,0.0,0.0,0.0,0.0
R01,03,349,0,0.0,0.0,0.0,0.0
R01,03,350,0,0.0,0.0,0.0,0.0
R01,03,351,0,0.0,0.0,0.0,0.0
R01,03,352,0,0.0,0.0,0.0,0.0
R01,03,353,0,0.0,0.0,0.0,0.0
R01,03,354,0,0.0,0.0,0.0,0.0
R01,03,355,0,0.0,0.0,0.0,0.0
R01,03,356,0,0.0,0.0,0.0,0.0
R01,03,357,0,0.0,0.0,0.0,0.0
R01,03,358,0,0.0,0.0,0.0,0.0
R01,03,359,0,0.0,0.0,0.0,0.0
R01,03,360,0,0.0,0.0,0.0,0.0
R01,03,361,0,0.0,0.0,0.0,0.0
R01,03,362,0,0.0,0.0,0.0,0.0
R01,03,363,0,0.0,0.0,0.0,0.0
R01,03,364,0,0.0,0.0,0.0,0.0
R01,03,365,0,0.0,0.0,0.0,0.0
R01,03,366,0,0.0,0.0,0.0,0.0
R01,03,367,0,0.0,0.0,0.0,0.0
R01,03,368,0,0.0,0.0,0.0,0.0
R01,03,369,0,0.0,0.0,0.0,0.0
R01,03,370,0,0.0,0.0,0.0,0.0
R01,03,371,0,0.0,0.0,0.0,0.0
R01,03,372,0,0.0,0.0,0.0,0.0
R01,03,373,0,0.0,0.0,0.0,0.0
R01,03,374,0,0.0,0.0,0.0,0.0
R01,03,375,0,0.0,0.0,0.0,0.0
R01,03,376,0,0.0,0.0,0.0,0.0
R01,03,377,0,0.0,0.0,0.0,0.0
R01,03,378,0,0.0,0.0,0.0,0.0
R01,03,379,0,0.0,0.0,0.0,0.0
R01,03,380,0,0.0,0.0,0.0,0.0
R01,03,381,0,0.0,0.0,0.0,0.0
R01,03,382,0,0.0,0.0,0.0,0.0
R01,03,383,0,0.0,0.0,0.0,0.0
R01,03,384,0,0.0,0.0,0.0,0.0
R01,03,385,0,0.0,0.0,0.0,0.0
R01,03,386,0,0.0,0.0,0.0,0.0
R01,03,387,0,0.0,0.0,0.0,0.0
R01,03,388,0,0.0,0.0,0.0,0.0
R01,03,389,0,0.0,0.0,0.0,0.0
R01,03,390,0,0.0,0.0,0.0,0.0
R01,03,391,0,0.0,0.0,0.0,0.0
R01,03,392,0,0.0,0.0,0.0,0.0
R01,03,393,0,0.0,0.0,0.0,0.0
R01,03,394,0,0.0,0.0,0.0,0.0
R01,03,395,0,0.0,0.0,0.0,0.0
R01,03,396,0,0.0,0.0,0.0,0.0
R01,03,397,0,0.0,0.0,0.0,0.0
R01,03,398,0,0.0,0.0,0.0,0.0
R01,03,399,0,0.0,0.0,0.0,0.0
R01,03,400,0,0.0,0.0,0.0,0.0
R01,03,401,0,0.0,0.0,0.0,0.0
R01,03,402,0,0.0,0.0,0.0,0.0
R01,03,403,0,0.0,0.0,0.0,0.0
R01,03,404,0,0.0,0.0,0.0,0.0
R01,03,405,0,0.0,0.0,0.0,0.0
R01,03,406,0,0.0,0.0,0.0,0.0
R01,03,407,0,0.0,0.0,0.0,0.0
R01,03,408,0,0.0,0.0,0.0,0.0
R01,04,0,0,0.0,0.0,0.0,0.0
R01,04,1,0,0.0,0.0,0.0,0.0
R01,04,2,0,0.0,0.0,0.0,0.0
R01,04,3,0,0.0,0.0,0.0,0.0
R01,04,4,0,0.0,0.0,0.0,0.0
R01,04,5,0,0.0,0.0,0.0,0.0
R01,04,6,0,0.0,0.0,0.0,0.0
R01,04,7,0,0.0,0.0,0.0,0.0
R01,04,8,0,0.0,0.0,0.0,0.0
R01,04,9,0,0.0,0.0,0.0,0.0
R01,04,10,0,0.0,0.0,0.0,0.0
R01,04,11,0,0.0,0.0,0.0,0.0
R01,04,12,0,0.0,0.0,0.0,0.0
R01,04,13,0,0.0,0.0,0.0,0.0
R01,04,14,0,0.0,0.0,0.0,0.0
R01,04,15,0,0.0,0.0,0.0,0.0
R01,04,16,0,0.0,0.0,0.0,0.0
R01,04,17,0,0.0,0.0,0.0,0.0
R01,04,18,0,0.0,0.0,0.0,0.0
R01,04,19,0,0.0,0.0,0.0,0.0
R01,04,20,0,0.0,0.0,0.0,0.0
R01,04,21,0,0.0,0.0,0.0,0.0
R01,04,22,0,0.0,0.0,0.0,0.0
R01,04,23,0,0.0,0.0,0.0,0.0
R01,04,24,0,0.0,0.0,0.0,0.0
R01,04,25,0,0.0,0.0,0.0,0.0
R01,04,26,0,0.0,0.0,0.0,0.0
R01,04,27,0,0.0,0.0,0.0,0.0
R01,04,28,0,0.0,0.0,0.0,0.0
R01,04,29,0,0.0,0.0,0.0,0.0
R01,04,30,0,0.0,0.0,0.0,0.0
R01,04,31,0,0.0,0.0,0.0,0.0
R01,04,32,0,0.0,0.0,0.0,0.0
R01,04,33,0,0.0,0.0,0.0,0.0
R01,04,34,0,0.0,0.0,0.0,0.0
R01,04,35,0,0.0,0.0,0.0,0.0
R01,04,36,0,0.0,0.0,0.0,0.0
R01,04,37,0,0.0,0.0,0.0,0.0
R01,04,38,0,0.0,0.0,0.0,0.0
R01,04,39,0,0.0,0.0,0.0,0.0
R01,04,40,0,0.0,0.0,0.0,0.0
R01,04,41,0,0.0,0.0,0.0,0.0
R01,04,42,0,0.0,0.0,0.0,0.0
R01,04,43,0,0.0,0.0,0.0,0.0
R01,04,44,0,0.0,0.0,0.0,0.0
R01,04,45,0,0.0,0.0,0.0,0.0
R01,04,46,0,0.0,0.0,0.0,0.0
R01,04,47,0,0.0,0.0,0.0,0.0
R01,04,48,0,0.0,0.0,0.0,0.0
R01,04,49,0,0.0,0.0,0.0,0.0
R01,04,50,0,0.0,0.0,0.0,0.0
R01,04,51,0,0.0,0.0,0.0,0.0
R01,04,52,0,0.0,0.0,0.0,0.0
R01,04,53,0,0.0,0.0,0.0,0.0
R01,04,54,1,0.0,0.0,0.0,0.0
R01,04,55,1,0.0,0.0,0.0,0.0
R01,04,56,1,0.0,0.0,0.0,0.0
R01,04,57,1,0.0,0.0,0.0,0.0
R01,04,58,1,0.0,0.0,0.0,0.0
R01,04,59,1,0.0,0.0,0.0,0.0
R01,04,60,1,0.0,0.0,0.0,0.0
R01,04,61,1,0.0,0.0,0.0,0.0
R01,04,62,1,0.0,0.0,0.0,0.0
R01,04,63,1,0.0,0.0,0.0,0.0
R01,04,64,1,0.0,0.0,0.0,0.0
R01,04,65,1,0.0,0.0,0.0,0.0
R01,04,66,1,0.0,0.0,0.0,0.0
R01,04,67,1,0.0,0.0,0.0,0.0
R01,04,68,1,0.0,0.0,0.0,0.0
R01,04,69,1,0.0,0.0,0.0,0.0
R01,04,70,1,0.0,0.0,0.0,0.0
R01,04,71,1,0.0,0.0,0.0,0.0
R01,04,72,1,0.0,0.0,0.0,0.0
R01,04,73,1,0.0,0.0,0.0,0.0
R01,04,74,1,0.0,0.0,0.0,0.0
R01,04,75,1,0.0,0.0,0.0,0.0
R01,04,76,1,0.0,0.0,0.0,0.0
R01,04,77,1,0.0,0.0,0.0,0.0
R01,04,78,1,0.0,0.0,0.0,0.0
R01,04,79,1,0.0,0.0,0.0,0.0
R01,04,80,1,0.0,0.0,0.0,0.0
R01,04,81,1,0.0,0.0,0.0,0.0
R01,04,82,1,0.0,0.0,0.0,0.0
R01,04,83,1,0.0,0.0,0.0,0.0
R01,04,84,1,0.0,0.0,0.0,0.0
R01,04,85,1,0.0,0.0,0.0,0.0
R01,04,86,1,0.0,0.0,0.0,0.0
R01,04,87,1,0.0,0.0,0.0,0.0
R01,04,88,1,0.0,0.0,0.0,0.0
R01,04,89,1,0.0,0.0,0.0,0.0
R01,04,90,1,0.0,0.0,0.0,0.0
R01,04,91,1,0.0,0.0,0.0,0.0
R01,04,92,1,0.0,0.0,0.0,0.0
R01,04,93,1,0.0,0.0,0.0,0.0
R01,04,94,1,0.0,0.0,0.0,0.0
R01,04,95,1,0.0,0.0,0.0,0.0
R01,04,96,1,0.0,0.0,0.0,0.0
R01,04,97,1,0.0,0.0,0.0,0.0
R01,04,98,1,0.0,0.0,0.0,0.0
R01,04,99,1,0.0,0.0,0.0,0.0
R01,04,100,1,0.0,0.0,0.0,0.0
R01,04,101,1,0.0,0.0,0.0,0.0
R01,04,102,1,0.0,0.0,0.0,0.0
R01,04,103,1,0.0,0.0,0.0,0.0
R01,04,104,1,0.0,0.0,0.0,0.0
R01,04,105,1,0.0,0.0,0.0,0.0
R01,04,106,1,0.0,0.0,0.0,0.0
R01,04,107,1,0.0,0.0,0.0,0.0
R01,04,108,1,0.0,0.0,0.0,0.0
R01,04,109,1,0.0,0.0,0.0,0.0
R01,04,110,1,0.0,0.0,0.0,0.0
R01,04,111,1,0.0,0.0,0.0,0.0
R01,04,112,1,0.0,0.0,0.0,0.0
R01,04,113,1,0.0,0.0,0.0,0.0
R01,04,114,1,0.0,0.0,0.0,0.0
R01,04,115,1,0.0,0.0,0.0,0.0
R01,04,116,1,0.0,0.0,0.0,0.0
R01,04,117,1,0.0,0.0,0.0,0.0
R01,04,118,1,0.0,0.0,0.0,0.0
R01,04,119,1,0.0,0.0,0.0,0.0
R01,04,120,1,0.0,0.0,0.0,0.0
R01,04,121,1,0.0,0.0,0.0,0.0
R01,04,122,1,0.0,0.0,0.0,0.0
R01,04,123,1,0.0,0.0,0.0,0.0
R01,04,124,1,0.0,0.0,0.0,0.0
R01,04,125,1,0.0,0.0,0.0,0.0
R01,04,126,1,0.0,0.0,0.0,0.0
R01,04,127,1,0.0,0.0,0.0,0.0
R01,04,128,1,0.0,0.0,0.0,0.0
R01,04,129,1,0.0,0.0,0.0,0.0
R01,04,130,1,0.0,0.0,0.0,0.0
R01,04,131,1,0.0,0.0,0.0,0.0
R01,04,132,1,0.0,0.0,0.0,0.0
R01,04,133,1,0.0,0.0,0.0,0.0
R01,04,134,1,0.0,0.0,0.0,0.0
R01,04,135,1,0.0,0.0,0.0,0.0
R01,04,136,1,0.0,0.0,0.0,0.0
R01,04,137,1,0.0,0.0,0.0,0.0
R01,04,138,1,0.0,0.0,0.0,0.0
R01,04,139,1,0.0,0.0,0.0,0.0
R01,04,140,1,0.0,0.0,0.0,0.0
R01,04,141,1,0.0,0.0,0.0,0.0
R01,04,142,1,0.0,0.0,0.0,0.0
R01,04,143,1,0.0,0.0,0.0,0.0
R01,04,144,0,0.0,0.0,0.0,0.0
R01,04,145,0,0.0,0.0,0.0,0.0
R01,04,146,0,0.0,0.0,0.0,0.0
R01,04,147,0,0.0,0.0,0.0,0.0
R01,04,148,0,0.0,0.0,0.0,0.0
R01,04,149,0,0.0,0.0,0.0,0.0
R01,04,150,0,0.0,0.0,0.0,0.0
R01,04,151,0,0.0,0.0,0.0,0.0
R01,04,152,0,0.0,0.0,0.0,0.0
R01,04,153,0,0.0,0.0,0.0,0.0
R01,04,154,0,0.0,0.0,0.0,0.0
R01,04,155,0,0.0,0.0,0.0,0.0
R01,04,156,0,0.0,0.0,0.0,0.0
R01,04,157,0,0.0,0.0,0.0,0.0
R01,04,158,0,0.0,0.0,0.0,0.0
R01,04,159,0,0.0,0.0,0.0,0.0
R01,04,160,0,0.0,0.0,0.0,0.0
R01,04,161,0,0.0,0.0,0.0,0.0
R01,04,162,0,0.0,0.0,0.0,0.0
R01,04,163,0,0.0,0.0,0.0,0.0
R01,04,164,0,0.0,0.0,0.0,0.0
R01,04,165,0,0.0,0.0,0.0,0.0
R01,04,166,0,0.0,0.0,0.0,0.0
R01,04,167,0,0.0,0.0,0.0,0.0
R01,04,168,0,0.0,0.0,0.0,0.0
R01,04,169,0,0.0,0.0,0.0,0.0
R01,04,170,0,0.0,0.0,0.0,0.0
R01,04,171,0,0.0,0.0,0.0,0.0
R01,04,172,0,0.0,0.0,0.0,0.0
R01,04,173,0,0.0,0.0,0.0,0.0
R01,04,174,0,0.0,0.0,0.0,0.0
R01,04,175,0,0.0,0.0,0.0,0.0
R01,04,176,0,0.0,0.0,0.0,0.0
R01,04,177,0,0.0,0.0,0.0,0.0
R01,04,178,0,0.0,0.0,0.0,0.0
R01,04,179,0,0.0,0.0,0.0,0.0
R01,04,180,0,0.0,0.0,0.0,0.0
R01,04,181,0,0.0,0.0,0.0,0.0
R01,04,182,0,0.0,0.0,0.0,0.0
R01,04,183,0,0.0,0.0,0.0,0.0
R01,04,184,0,0.0,0.0,0.0,0.0
R01,04,185,0,0.0,0.0,0.0,0.0
R01,04,186,0,0.0,0.0,0.0,0.0
R01,04,187,0,0.0,0.0,0.0,0.0
R01,04,188,0,0.0,0.0,0.0,0.0
R01,04,189,0,0.0,0.0,0.0,0.0
R01,04,190,0,0.0,0.0,0.0,0.0
R01,05,0,0,0.0,0.0,0.0,0.0
R01,05,1,0,0.0,0.0,0.0,0.0
R01,05,2,0,0.0,0.0,0.0,0.0
R01,05,3,0,0.0,0.0,0.0,0.0
R01,05,4,0,0.0,0.0,0.0,0.0
R01,05,5,0,0.0,0.0,0.0,0.0
R01,05,6,0,0.0,0.0,0.0,0.0
R01,05,7,0,0.0,0.0,0.0,0.0
R01,05,8,0,0.0,0.0,0.0,0.0
R01,05,9,0,0.0,0.0,0.0,0.0
R01,05,10,0,0.0,0.0,0.0,0.0
R01,05,11,0,0.0,0.0,0.0,0.0
R01,05,12,0,0.0,0.0,0.0,0.0
R01,05,13,0,0.0,0.0,0.0,0.0
R01,05,14,0,0.0,0.0,0.0,0.0
R01,05,15,0,0.0,0.0,0.0,0.0
R01,05,16,0,0.0,0.0,0.0,0.0
R01,05,17,0,0.0,0.0,0.0,0.0
R01,05,18,0,0.0,0.0,0.0,0.0
R01,05,19,0,0.0,0.0,0.0,0.0
R01,05,20,0,0.0,0.0,0.0,0.0
R01,05,21,0,0.0,0.0,0.0,0.0
R01,05,22,0,0.0,0.0,0.0,0.0
R01,05,23,0,0.0,0.0,0.0,0.0
R01,05,24,0,0.0,0.0,0.0,0.0
R01,05,25,0,0.0,0.0,0.0,0.0
R01,05,26,0,0.0,0.0,0.0,0.0
R01,05,27,0,0.0,0.0,0.0,0.0
R01,05,28,0,0.0,0.0,0.0,0.0
R01,05,29,0,0.0,0.0,0.0,0.0
R01,05,30,0,0.0,0.0,0.0,0.0
R01,05,31,0,0.0,0.0,0.0,0.0
R01,05,32,0,0.0,0.0,0.0,0.0
R01,05,33,0,0.0,0.0,0.0,0.0
R01,05,34,0,0.0,0.0,0.0,0.0
R01,05,35,0,0.0,0.0,0.0,0.0
R01,05,36,0,0.0,0.0,0.0,0.0
R01,05,37,0,0.0,0.0,0.0,0.0
R01,05,38,0,0.0,0.0,0.0,0.0
R01,05,39,0,0.0,0.0,0.0,0.0
R01,05,40,0,0.0,0.0,0.0,0.0
R01,05,41,0,0.0,0.0,0.0,0.0
R01,05,42,0,0.0,0.0,0.0,0.0
R01,05,43,0,0.0,0.0,0.0,0.0
R01,05,44,0,0.0,0.0,0.0,0.0
R01,05,45,0,0.0,0.0,0.0,0.0
R01,05,46,0,0.0,0.0,0.0,0.0
R01,05,47,0,0.0,0.0,0.0,0.0
R01,05,48,0,0.0,0.0,0.0,0.0
R01,05,49,0,0.0,0.0,0.0,0.0
R01,05,50,0,0.0,0.0,0.0,0.0
R01,05,51,0,0.0,0.0,0.0,0.0
R01,05,52,0,0.0,0.0,0.0,0.0
R01,05,53,0,0.0,0.0,0.0,0.0
R01,05,54,0,0.0,0.0,0.0,0.0
R01,05,55,0,0.0,0.0,0.0,0.0
R01,05,56,0,0.0,0.0,0.0,0.0
R01,05,57,0,0.0,0.0,0.0,0.0
R01,05,58,0,0.0,0.0,0.0,0.0
R01,05,59,0,0.0,0.0,0.0,0.0
R01,05,60,0,0.0,0.0,0.0,0.0
R01,05,61,0,0.0,0.0,0.0,0.0
R01,05,62,0,0.0,0.0,0.0,0.0
R01,05,63,0,0.0,0.0,0.0,0.0
R01,05,64,0,0.0,0.0,0.0,0.0
R01,05,65,0,0.0,0.0,0.0,0.0
R01,05,66,0,0.0,0.0,0.0,0.0
R01,05,67,0,0.0,0.0,0.0,0.0
R01,05,68,0,0.0,0.0,0.0,0.0
R01,05,69,0,0.0,0.0,0.0,0.0
R01,05,70,0,0.0,0.0,0.0,0.0
R01,05,71,0,0.0,0.0,0.0,0.0
R01,05,72,0,0.0,0.0,0.0,0.0
R01,05,73,0,0.0,0.0,0.0,0.0
R01,05,74,0,0.0,0.0,0.0,0.0
R01,05,75,0,0.0,0.0,0.0,0.0
R01,05,76,0,0.0,0.0,0.0,0.0
R01,05,77,0,0.0,0.0,0.0,0.0
R01,05,78,0,0.0,0.0,0.0,0.0
R01,05,79,0,0.0,0.0,0.0,0.0
R01,05,80,0,0.0,0.0,0.0,0.0
R01,05,81,0,0.0,0.0,0.0,0.0
R01,05,82,0,0.0,0.0,0.0,0.0
R01,05,83,0,0.0,0.0,0.0,0.0
R01,05,84,0,0.0,0.0,0.0,0.0
R01,05,85,0,0.0,0.0,0.0,0.0
R01,05,86,0,0.0,0.0,0.0,0.0
R01,05,87,0,0.0,0.0,0.0,0.0
R01,05,88,0,0.0,0.0,0.0,0.0
R01,05,89,0,0.0,0.0,0.0,0.0
R01,05,90,0,0.0,0.0,0.0,0.0
R01,05,91,0,0.0,0.0,0.0,0.0
R01,05,92,0,0.0,0.0,0.0,0.0
R01,05,93,0,0.0,0.0,0.0,0.0
R01,05,94,1,0.0,0.0,0.0,0.0
R01,05,95,1,0.0,0.0,0.0,0.0
R01,05,96,1,0.0,0.0,0.0,0.0
R01,05,97,1,0.0,0.0,0.0,0.0
R01,05,98,1,0.0,0.0,0.0,0.0
R01,05,99,1,0.0,0.0,0.0,0.0
R01,05,100,1,0.0,0.0,0.0,0.0
R01,05,101,1,0.0,0.0,0.0,0.0
R01,05,102,1,0.0,0.0,0.0,0.0
R01,05,103,1,0.0,0.0,0.0,0.0
R01,05,104,1,0.0,0.0,0.0,0.0
R01,05,105,1,0.0,0.0,0.0,0.0
R01,05,106,1,0.0,0.0,0.0,0.0
R01,05,107,1,0.0,0.0,0.0,0.0
R01,05,108,1,0.0,0.0,0.0,0.0
R01,05,109,1,0.0,0.0,0.0,0.0
R01,05,110,1,0.0,0.0,0.0,0.0
R01,05,111,1,0.0,0.0,0.0,0.0
R01,05,112,1,0.0,0.0,0.0,0.0
R01,05,113,1,0.0,0.0,0.0,0.0
R01,05,114,1,0.0,0.0,0.0,0.0
R01,05,115,1,0.0,0.0,0.0,0.0
R01,05,116,1,0.0,0.0,0.0,0.0
R01,05,117,1,0.0,0.0,0.0,0.0
R01,05,118,1,0.0,0.0,0.0,0.0
R01,05,119,1,0.0,0.0,0.0,0.0
R01,05,120,1,0.0,0.0,0.0,0.0
R01,05,121,1,0.0,0.0,0.0,0.0
R01,05,122,1,0.0,0.0,0.0,0.0
R01,05,123,1,0.0,0.0,0.0,0.0
R01,05,124,1,0.0,0.0,0.0,0.0
R01,05,125,1,0.0,0.0,0.0,0.0
R01,05,126,1,0.0,0.0,0.0,0.0
R01,05,127,1,0.0,0.0,0.0,0.0
R01,05,128,1,0.0,0.0,0.0,0.0
R01,05,129,1,0.0,0.0,0.0,0.0
R01,05,130,1,0.0,0.0,0.0,0.0
R01,05,131,1,0.0,0.0,0.0,0.0
R01,05,132,1,0.0,0.0,0.0,0.0
R01,05,133,1,0.0,0.0,0.0,0.0
R01,05,134,1,0.0,0.0,0.0,0.0
R01,05,135,1,0.0,0.0,0.0,0.0
R01,05,136,1,0.0,0.0,0.0,0.0
R01,05,137,1,0.0,0.0,0.0,0.0
R01,05,138,1,0.0,0.0,0.0,0.0
R01,05,139,1,0.0,0.0,0.0,0.0
R01,05,140,1,0.0,0.0,0.0,0.0
R01,05,141,1,0.0,0.0,0.0,0.0
R01,05,142,1,0.0,0.0,0.0,0.0
R01,05,143,1,0.0,0.0,0.0,0.0
R01,05,144,1,0.0,0.0,0.0,0.0
R01,05,145,1,0.0,0.0,0.0,0.0
R01,05,146,1,0.0,0.0,0.0,0.0
R01,05,147,1,0.0,0.0,0.0,0.0
R01,05,148,1,0.0,0.0,0.0,0.0
R01,05,149,1,0.0,0.0,0.0,0.0
R01,05,150,1,0.0,0.0,0.0,0.0
R01,05,151,1,0.0,0.0,0.0,0.0
R01,05,152,1,0.0,0.0,0.0,0.0
R01,05,153,1,0.0,0.0,0.0,0.0
R01,05,154,1,0.0,0.0,0.0,0.0
R01,05,155,1,0.0,0.0,0.0,0.0
R01,05,156,1,0.0,0.0,0.0,0.0
R01,05,157,1,0.0,0.0,0.0,0.0
R01,05,158,1,0.0,0.0,0.0,0.0
R01,05,159,1,0.0,0.0,0.0,0.0
R01,05,160,1,0.0,0.0,0.0,0.0
R01,05,161,1,0.0,0.0,0.0,0.0
R01,05,162,1,0.0,0.0,0.0,0.0
R01,05,163,1,0.0,0.0,0.0,0.0
R01,05,164,1,0.0,0.0,0.0,0.0
R01,05,165,1,0.0,0.0,0.0,0.0
R01,05,166,1,0.0,0.0,0.0,0.0
R01,05,167,1,0.0,0.0,0.0,0.0
R01,05,168,1,0.0,0.0,0.0,0.0
R01,05,169,1,0.0,0.0,0.0,0.0
R01,05,170,1,0.0,0.0,0.0,0.0
R01,05,171,1,0.0,0.0,0.0,0.0
R01,05,172,1,0.0,0.0,0.0,0.0
R01,05,173,1,0.0,0.0,0.0,0.0
R01,05,174,1,0.0,0.0,0.0,0.0
R01,05,175,1,0.0,0.0,0.0,0.0
R01,05,176,1,0.0,0.0,0.0,0.0
R01,05,177,1,0.0,0.0,0.0,0.0
R01,05,178,1,0.0,0.0,0.0,0.0
R01,05,179,1,0.0,0.0,0.0,0.0
R01,05,180,1,0.0,0.0,0.0,0.0
R01,05,181,1,0.0,0.0,0.0,0.0
R01,05,182,1,0.0,0.0,0.0,0.0
R01,05,183,1,0.0,0.0,0.0,0.0
R01,05,184,1,0.0,0.0,0.0,0.0
R01,05,185,1,0.0,0.0,0.0,0.0
R01,05,186,0,0.0,0.0,0.0,0.0
R01,05,187,0,0.0,0.0,0.0,0.0
R01,05,188,0,0.0,0.0,0.0,0.0
R01,05,189,0,0.0,0.0,0.0,0.0
R01,05,190,0,0.0,0.0,0.0,0.0
R01,05,191,0,0.0,0.0,0.0,0.0
R01,05,192,0,0.0,0.0,0.0,0.0
R01,05,193,0,0.0,0.0,0.0,0.0
R01,05,194,0,0.0,0.0,0.0,0.0
R01,05,195,0,0.0,0.0,0.0,0.0
R01,05,196,0,0.0,0.0,0.0,0.0
R01,05,197,0,0.0,0.0,0.0,0.0
R01,05,198,0,0.0,0.0,0.0,0.0
R01,05,199,0,0.0,0.0,0.0,0.0
R01,05,200,0,0.0,0.0,0.0,0.0
R01,05,201,0,0.0,0.0,0.0,0.0
R01,05,202,0,0.0,0.0,0.0,0.0
R01,05,203,0,0.0,0.0,0.0,0.0
R01,05,204,0,0.0,0.0,0.0,0.0
R01,05,205,0,0.0,0.0,0.0,0.0
R01,05,206,0,0.0,0.0,0.0,0.0
R01,05,207,0,0.0,0.0,0.0,0.0
R01,05,208,0,0.0,0.0,0.0,0.0
R01,05,209,0,0.0,0.0,0.0,0.0
R01,05,210,0,0.0,0.0,0.0,0.0
R01,05,211,0,0.0,0.0,0.0,0.0
R01,05,212,0,0.0,0.0,0.0,0.0
R01,05,213,0,0.0,0.0,0.0,0.0
R01,05,214,0,0.0,0.0,0.0,0.0
R01,05,215,0,0.0,0.0,0.0,0.0
R01,05,216,0,0.0,0.0,0.0,0.0
R01,05,217,0,0.0,0.0,0.0,0.0
R01,05,218,0,0.0,0.0,0.0,0.0
R01,05,219,0,0.0,0.0,0.0,0.0
R01,05,220,0,0.0,0.0,0.0,0.0
R01,05,221,0,0.0,0.0,0.0,0.0
R01,05,222,0,0.0,0.0,0.0,0.0
R01,05,223,0,0.0,0.0,0.0,0.0
R01,05,224,0,0.0,0.0,0.0,0.0
R01,05,225,0,0.0,0.0,0.0,0.0
R01,05,226,0,0.0,0.0,0.0,0.0
R01,05,227,0,0.0,0.0,0.0,0.0
R01,05,228,0,0.0,0.0,0.0,0.0
R01,05,229,0,0.0,0.0,0.0,0.0
R01,05,230,0,0.0,0.0,0.0,0.0
R01,05,231,0,0.0,0.0,0.0,0.0
R01,05,232,0,0.0,0.0,0.0,0.0
R01,05,233,0,0.0,0.0,0.0,0.0
R01,05,234,0,0.0,0.0,0.0,0.0
R01,05,235,0,0.0,0.0,0.0,0.0
R01,05,236,0,0.0,0.0,0.0,0.0
R01,05,237,0,0.0,0.0,0.0,0.0
R01,05,238,0,0.0,0.0,0.0,0.0
R01,05,239,0,0.0,0.0,0.0,0.0
R01,05,240,0,0.0,0.0,0.0,0.0
R01,05,241,0,0.0,0.0,0.0,0.0
R01,05,242,0,0.0,0.0,0.0,0.0
R01,05,243,0,0.0,0.0,0.0,0.0
R01,05,244,0,0.0,0.0,0.0,0.0
R01,05,245,0,0.0,0.0,0.0,0.0
R01,05,246,0,0.0,0.0,0.0,0.0
R01,05,247,0,0.0,0.0,0.0,0.0
R01,05,248,0,0.0,0.0,0.0,0.0
R01,05,249,0,0.0,0.0,0.0,0.0
R01,05,250,0,0.0,0.0,0.0,0.0
R01,05,251,0,0.0,0.0,0.0,0.0
R01,05,252,0,0.0,0.0,0.0,0.0
R01,05,253,0,0.0,0.0,0.0,0.0
R01,05,254,0,0.0,0.0,0.0,0.0
R01,05,255,0,0.0,0.0,0.0,0.0
R01,05,256,0,0.0,0.0,0.0,0.0
R01,05,257,0,0.0,0.0,0.0,0.0
R01,05,258,0,0.0,0.0,0.0,0.0
R01,05,259,0,0.0,0.0,0.0,0.0
R01,05,260,0,0.0,0.0,0.0,0.0
R01,05,261,0,0.0,0.0,0.0,0.0
R01,05,262,0,0.0,0.0,0.0,0.0
R01,05,263,0,0.0,0.0,0.0,0.0
R01,05,264,0,0.0,0.0,0.0,0.0
R01,05,265,0,0.0,0.0,0.0,0.0
R01,05,266,0,0.0,0.0,0.0,0.0
R01,05,267,0,0.0,0.0,0.0,0.0
R01,05,268,0,0.0,0.0,0.0,0.0
R01,05,269,0,0.0,0.0,0.0,0.0
R01,05,270,0,0.0,0.0,0.0,0.0
R01,05,271,0,0.0,0.0,0.0,0.0
R01,05,272,0,0.0,0.0,0.0,0.0
R01,05,273,0,0.0,0.0,0.0,0.0
R01,05,274,0,0.0,0.0,0.0,0.0
R01,05,275,0,0.0,0.0,0.0,0.0
R01,05,276,0,0.0,0.0,0.0,0.0
R01,05,277,0,0.0,0.0,0.0,0.0
R01,05,278,0,0.0,0.0,0.0,0.0
R01,05,279,0,0.0,0.0,0.0,0.0
R01,05,280,0,0.0,0.0,0.0,0.0
R01,05,281,0,0.0,0.0,0.0,0.0
R01,05,282,0,0.0,0.0,0.0,0.0
R01,05,283,0,0.0,0.0,0.0,0.0
R01,05,284,0,0.0,0.0,0.0,0.0
R01,05,285,0,0.0,0.0,0.0,0.0
R01,05,286,0,0.0,0.0,0.0,0.0
R01,05,287,0,0.0,0.0,0.0,0.0
R01,05,288,0,0.0,0.0,0.0,0.0
R01,05,289,0,0.0,0.0,0.0,0.0
R01,06,0,0,0.0,0.0,0.0,0.0
R01,06,1,0,0.0,0.0,0.0,0.0
R01,06,2,0,0.0,0.0,0.0,0.0
R01,06,3,0,0.0,0.0,0.0,0.0
R01,06,4,0,0.0,0.0,0.0,0.0
R01,06,5,0,0.0,0.0,0.0,0.0
R01,06,6,0,0.0,0.0,0.0,0.0
R01,06,7,0,0.0,0.0,0.0,0.0
R01,06,8,0,0.0,0.0,0.0,0.0
R01,06,9,0,0.0,0.0,0.0,0.0
R01,06,10,1,0.0,0.0,0.0,0.0
R01,06,11,1,0.0,0.0,0.0,0.0
R01,06,12,1,0.0,0.0,0.0,0.0
R01,06,13,1,0.0,0.0,0.0,0.0
R01,06,14,1,0.0,0.0,0.0,0.0
R01,06,15,1,0.0,0.0,0.0,0.0
R01,06,16,1,0.0,0.0,0.0,0.0
R01,06,17,1,0.0,0.0,0.0,0.0
R01,06,18,1,0.0,0.0,0.0,0.0
R01,06,19,1,0.0,0.0,0.0,0.0
R01,06,20,1,0.0,0.0,0.0,0.0
R01,06,21,1,0.0,0.0,0.0,0.0
R01,06,22,1,0.0,0.0,0.0,0.0
R01,06,23,1,0.0,0.0,0.0,0.0
R01,06,24,1,0.0,0.0,0.0,0.0
R01,06,25,1,0.0,0.0,0.0,0.0
R01,06,26,1,0.0,0.0,0.0,0.0
R01,06,27,1,0.0,0.0,0.0,0.0
R01,06,28,1,0.0,0.0,0.0,0.0
R01,06,29,1,0.0,0.0,0.0,0.0
R01,06,30,1,0.0,0.0,0.0,0.0
R01,06,31,1,0.0,0.0,0.0,0.0
R01,06,32,1,0.0,0.0,0.0,0.0
R01,06,33,1,0.0,0.0,0.0,0.0
R01,06,34,1,0.0,0.0,0.0,0.0
R01,06,35,1,0.0,0.0,0.0,0.0
R01,06,36,1,0.0,0.0,0.0,0.0
R01,06,37,1,0.0,0.0,0.0,0.0
R01,06,38,1,0.0,0.0,0.0,0.0
R01,06,39,1,0.0,0.0,0.0,0.0
R01,06,40,1,0.0,0.0,0.0,0.0
R01,06,41,1,0.0,0.0,0.0,0.0
R01,06,42,1,0.0,0.0,0.0,0.0
R01,06,43,1,0.0,0.0,0.0,0.0
R01,06,44,1,0.0,0.0,0.0,0.0
R01,06,45,1,0.0,0.0,0.0,0.0
R01,06,46,1,0.0,0.0,0.0,0.0
R01,06,47,1,0.0,0.0,0.0,0.0
R01,06,48,1,0.0,0.0,0.0,0.0
R01,06,49,1,0.0,0.0,0.0,0.0
R01,06,50,1,0.0,0.0,0.0,0.0
R01,06,51,1,0.0,0.0,0.0,0.0
R01,06,52,1,0.0,0.0,0.0,0.0
R01,06,53,1,0.0,0.0,0.0,0.0
R01,06,54,1,0.0,0.0,0.0,0.0
R01,06,55,1,0.0,0.0,0.0,0.0
R01,06,56,1,0.0,0.0,0.0,0.0
R01,06,57,1,0.0,0.0,0.0,0.0
R01,06,58,1,0.0,0.0,0.0,0.0
R01,06,59,1,0.0,0.0,0.0,0.0
R01,06,60,1,0.0,0.0,0.0,0.0
R01,06,61,1,0.0,0.0,0.0,0.0
R01,06,62,1,0.0,0.0,0.0,0.0
R01,06,63,1,0.0,0.0,0.0,0.0
R01,06,64,1,0.0,0.0,0.0,0.0
R01,06,65,1,0.0,0.0,0.0,0.0
R01,06,66,1,0.0,0.0,0.0,0.0
R01,06,67,1,0.0,0.0,0.0,0.0
R01,06,68,1,0.0,0.0,0.0,0.0
R01,06,69,1,0.0,0.0,0.0,0.0
R01,06,70,1,0.0,0.0,0.0,0.0
R01,06,71,1,0.0,0.0,0.0,0.0
R01,06,72,1,0.0,0.0,0.0,0.0
R01,06,73,1,0.0,0.0,0.0,0.0
R01,06,74,1,0.0,0.0,0.0,0.0
R01,06,75,1,0.0,0.0,0.0,0.0
R01,06,76,1,0.0,0.0,0.0,0.0
R01,06,77,1,0.0,0.0,0.0,0.0
R01,06,78,1,0.0,0.0,0.0,0.0
R01,06,79,1,0.0,0.0,0.0,0.0
R01,06,80,1,0.0,0.0,0.0,0.0
R01,06,81,1,0.0,0.0,0.0,0.0
R01,06,82,1,0.0,0.0,0.0,0.0
R01,06,83,1,0.0,0.0,0.0,0.0
R01,06,84,1,0.0,0.0,0.0,0.0
R01,06,85,1,0.0,0.0,0.0,0.0
R01,06,86,1,0.0,0.0,0.0,0.0
R01,06,87,1,0.0,0.0,0.0,0.0
R01,06,88,1,0.0,0.0,0.0,0.0
R01,06,89,1,0.0,0.0,0.0,0.0
R01,06,90,1,0.0,0.0,0.0,0.0
R01,06,91,1,0.0,0.0,0.0,0.0
R01,06,92,1,0.0,0.0,0.0,0.0
R01,06,93,1,0.0,0.0,0.0,0.0
R01,06,94,1,0.0,0.0,0.0,0.0
R01,06,95,1,0.0,0.0,0.0,0.0
R01,06,96,1,0.0,0.0,0.0,0.0
R01,06,97,1,0.0,0.0,0.0,0.0
R01,06,98,1,0.0,0.0,0.0,0.0
R01,06,99,1,0.0,0.0,0.0,0.0
R01,06,100,1,0.0,0.0,0.0,0.0
R01,06,101,1,0.0,0.0,0.0,0.0
R01,06,102,1,0.0,0.0,0.0,0.0
R01,06,103,1,0.0,0.0,0.0,0.0
R01,06,104,1,0.0,0.0,0.0,0.0
R01,06,105,1,0.0,0.0,0.0,0.0
R01,06,106,1,0.0,0.0,0.0,0.0
R01,06,107,1,0.0,0.0,0.0,0.0
R01,06,108,1,0.0,0.0,0.0,0.0
R01,06,109,1,0.0,0.0,0.0,0.0
R01,06,110,1,0.0,0.0,0.0,0.0
R01,06,111,1,0.0,0.0,0.0,0.0
R01,06,112,1,0.0,0.0,0.0,0.0
R01,06,113,1,0.0,0.0,0.0,0.0
R01,06,114,1,0.0,0.0,0.0,0.0
R01,06,115,1,0.0,0.0,0.0,0.0
R01,06,116,1,0.0,0.0,0.0,0.0
R01,06,117,1,0.0,0.0,0.0,0.0
R01,06,118,1,0.0,0.0,0.0,0.0
R01,06,119,1,0.0,0.0,0.0,0.0
R01,06,120,1,0.0,0.0,0.0,0.0
R01,06,121,1,0.0,0.0,0.0,0.0
R01,06,122,1,0.0,0.0,0.0,0.0
R01,06,123,1,0.0,0.0,0.0,0.0
R01,06,124,1,0.0,0.0,0.0,0.0
R01,06,125,1,0.0,0.0,0.0,0.0
R01,06,126,1,0.0,0.0,0.0,0.0
R01,06,127,1,0.0,0.0,0.0,0.0
R01,06,128,1,0.0,0.0,0.0,0.0
R01,06,129,1,0.0,0.0,0.0,0.0
R01,06,130,1,0.0,0.0,0.0,0.0
R01,06,131,1,0.0,0.0,0.0,0.0
R01,06,132,1,0.0,0.0,0.0,0.0
R01,06,133,1,0.0,0.0,0.0,0.0
R01,06,134,1,0.0,0.0,0.0,0.0
R01,06,135,1,0.0,0.0,0.0,0.0
R01,06,136,1,0.0,0.0,0.0,0.0
R01,06,137,1,0.0,0.0,0.0,0.0
R01,06,138,1,0.0,0.0,0.0,0.0
R01,06,139,1,0.0,0.0,0.0,0.0
R01,06,140,1,0.0,0.0,0.0,0.0
R01,06,141,1,0.0,0.0,0.0,0.0
R01,06,142,1,0.0,0.0,0.0,0.0
R01,06,143,1,0.0,0.0,0.0,0.0
R01,06,144,1,0.0,0.0,0.0,0.0
R01,06,145,1,0.0,0.0,0.0,0.0
R01,06,146,1,0.0,0.0,0.0,0.0
R01,06,147,1,0.0,0.0,0.0,0.0
R01,06,148,1,0.0,0.0,0.0,0.0
R01,06,149,1,0.0,0.0,0.0,0.0
R01,06,150,1,0.0,0.0,0.0,0.0
R01,06,151,1,0.0,0.0,0.0,0.0
R01,06,152,1,0.0,0.0,0.0,0.0
R01,06,153,1,0.0,0.0,0.0,0.0
R01,06,154,1,0.0,0.0,0.0,0.0
R01,06,155,1,0.0,0.0,0.0,0.0
R01,06,156,1,0.0,0.0,0.0,0.0
R01,06,157,1,0.0,0.0,0.0,0.0
R01,06,158,1,0.0,0.0,0.0,0.0
R01,06,159,1,0.0,0.0,0.0,0.0
R01,06,160,1,0.0,0.0,0.0,0.0
R01,06,161,1,0.0,0.0,0.0,0.0
R01,06,162,1,0.0,0.0,0.0,0.0
R01,06,163,1,0.0,0.0,0.0,0.0
R01,06,164,1,0.0,0.0,0.0,0.0
R01,06,165,1,0.0,0.0,0.0,0.0
R01,06,166,1,0.0,0.0,0.0,0.0
R01,06,167,1,0.0,0.0,0.0,0.0
R01,06,168,1,0.0,0.0,0.0,0.0
R01,06,169,1,0.0,0.0,0.0,0.0
R01,06,170,1,0.0,0.0,0.0,0.0
R01,06,171,1,0.0,0.0,0.0,0.0
R01,06,172,1,0.0,0.0,0.0,0.0
R01,06,173,1,0.0,0.0,0.0,0.0
R01,06,174,1,0.0,0.0,0.0,0.0
R01,06,175,1,0.0,0.0,0.0,0.0
R01,06,176,1,0.0,0.0,0.0,0.0
R01,06,177,1,0.0,0.0,0.0,0.0
R01,06,178,1,0.0,0.0,0.0,0.0
R01,06,179,1,0.0,0.0,0.0,0.0
R01,06,180,1,0.0,0.0,0.0,0.0
R01,06,181,1,0.0,0.0,0.0,0.0
R01,06,182,1,0.0,0.0,0.0,0.0
R01,06,183,1,0.0,0.0,0.0,0.0
R01,06,184,1,0.0,0.0,0.0,0.0
R01,06,185,1,0.0,0.0,0.0,0.0
R01,06,186,1,0.0,0.0,0.0,0.0
R01,06,187,1,0.0,0.0,0.0,0.0
R01,06,188,1,0.0,0.0,0.0,0.0
R01,06,189,1,0.0,0.0,0.0,0.0
R01,06,190,1,0.0,0.0,0.0,0.0
R01,06,191,1,0.0,0.0,0.0,0.0
R01,06,192,1,0.0,0.0,0.0,0.0
R01,06,193,1,0.0,0.0,0.0,0.0
R01,06,194,1,0.0,0.0,0.0,0.0
R01,06,195,1,0.0,0.0,0.0,0.0
R01,06,196,1,0.0,0.0,0.0,0.0
R01,06,197,1,0.0,0.0,0.0,0.0
R01,06,198,1,0.0,0.0,0.0,0.0
R01,06,199,1,0.0,0.0,0.0,0.0
R01,06,200,1,0.0,0.0,0.0,0.0
R01,06,201,1,0.0,0.0,0.0,0.0
R01,06,202,1,0.0,0.0,0.0,0.0
R01,06,203,1,0.0,0.0,0.0,0.0
R01,06,204,1,0.0,0.0,0.0,0.0
R01,06,205,1,0.0,0.0,0.0,0.0
R01,06,206,1,0.0,0.0,0.0,0.0
R01,06,207,1,0.0,0.0,0.0,0.0
R01,06,208,1,0.0,0.0,0.0,0.0
R01,06,209,1,0.0,0.0,0.0,0.0
R01,06,210,1,0.0,0.0,0.0,0.0
R01,06,211,1,0.0,0.0,0.0,0.0
R01,06,212,1,0.0,0.0,0.0,0.0
R01,06,213,1,0.0,0.0,0.0,0.0
R01,06,214,1,0.0,0.0,0.0,0.0
R01,06,215,1,0.0,0.0,0.0,0.0
R01,06,216,1,0.0,0.0,0.0,0.0
R01,06,217,1,0.0,0.0,0.0,0.0
R01,06,218,1,0.0,0.0,0.0,0.0
R01,06,219,1,0.0,0.0,0.0,0.0
R01,06,220,1,0.0,0.0,0.0,0.0
R01,06,221,1,0.0,0.0,0.0,0.0
R01,06,222,1,0.0,0.0,0.0,0.0
R01,06,223,1,0.0,0.0,0.0,0.0
R01,06,224,1,0.0,0.0,0.0,0.0
R01,06,225,1,0.0,0.0,0.0,0.0
R01,06,226,1,0.0,0.0,0.0,0.0
R01,06,227,1,0.0,0.0,0.0,0.0
R01,06,228,1,0.0,0.0,0.0,0.0
R01,06,229,1,0.0,0.0,0.0,0.0
R01,06,230,0,0.0,0.0,0.0,0.0
R01,06,231,0,0.0,0.0,0.0,0.0
R01,06,232,0,0.0,0.0,0.0,0.0
R01,07,0,0,0.0,0.0,0.0,0.0
R01,07,1,0,0.0,0.0,0.0,0.0
R01,07,2,0,0.0,0.0,0.0,0.0
R01,07,3,0,0.0,0.0,0.0,0.0
R01,07,4,0,0.0,0.0,0.0,0.0
R01,07,5,1,0.0,0.0,0.0,0.0
R01,07,6,1,0.0,0.0,0.0,0.0
R01,07,7,1,0.0,0.0,0.0,0.0
R01,07,8,1,0.0,0.0,0.0,0.0
R01,07,9,1,0.0,0.0,0.0,0.0
R01,07,10,1,0.0,0.0,0.0,0.0
R01,07,11,1,0.0,0.0,0.0,0.0
R01,07,12,1,0.0,0.0,0.0,0.0
R01,07,13,1,0.0,0.0,0.0,0.0
R01,07,14,1,0.0,0.0,0.0,0.0
R01,07,15,1,0.0,0.0,0.0,0.0
R01,07,16,1,0.0,0.0,0.0,0.0
R01,07,17,1,0.0,0.0,0.0,0.0
R01,07,18,1,0.0,0.0,0.0,0.0
R01,07,19,1,0.0,0.0,0.0,0.0
R01,07,20,1,0.0,0.0,0.0,0.0
R01,07,21,1,0.0,0.0,0.0,0.0
R01,07,22,1,0.0,0.0,0.0,0.0
R01,07,23,1,0.0,0.0,0.0,0.0
R01,07,24,1,0.0,0.0,0.0,0.0
R01,07,25,1,0.0,0.0,0.0,0.0
R01,07,26,1,0.0,0.0,0.0,0.0
R01,07,27,1,0.0,0.0,0.0,0.0
R01,07,28,1,0.0,0.0,0.0,0.0
R01,07,29,1,0.0,0.0,0.0,0.0
R01,07,30,1,0.0,0.0,0.0,0.0
R01,07,31,1,0.0,0.0,0.0,0.0
R01,07,32,1,0.0,0.0,0.0,0.0
R01,07,33,1,0.0,0.0,0.0,0.0
R01,07,34,1,0.0,0.0,0.0,0.0
R01,07,35,1,0.0,0.0,0.0,0.0
R01,07,36,1,0.0,0.0,0.0,0.0
R01,07,37,1,0.0,0.0,0.0,0.0
R01,07,38,1,0.0,0.0,0.0,0.0
R01,07,39,1,0.0,0.0,0.0,0.0
R01,07,40,1,0.0,0.0,0.0,0.0
R01,07,41,1,0.0,0.0,0.0,0.0
R01,07,42,1,0.0,0.0,0.0,0.0
R01,07,43,1,0.0,0.0,0.0,0.0
R01,07,44,1,0.0,0.0,0.0,0.0
R01,07,45,1,0.0,0.0,0.0,0.0
R01,07,46,1,0.0,0.0,0.0,0.0
R01,07,47,1,0.0,0.0,0.0,0.0
R01,07,48,1,0.0,0.0,0.0,0.0
R01,07,49,1,0.0,0.0,0.0,0.0
R01,07,50,1,0.0,0.0,0.0,0.0
R01,07,51,1,0.0,0.0,0.0,0.0
R01,07,52,1,0.0,0.0,0.0,0.0
R01,07,53,1,0.0,0.0,0.0,0.0
R01,07,54,1,0.0,0.0,0.0,0.0
R01,07,55,1,0.0,0.0,0.0,0.0
R01,07,56,1,0.0,0.0,0.0,0.0
R01,07,57,1,0.0,0.0,0.0,0.0
R01,07,58,1,0.0,0.0,0.0,0.0
R01,07,59,1,0.0,0.0,0.0,0.0
R01,07,60,1,0.0,0.0,0.0,0.0
R01,07,61,1,0.0,0.0,0.0,0.0
R01,07,62,1,0.0,0.0,0.0,0.0
R01,07,63,1,0.0,0.0,0.0,0.0
R01,07,64,1,0.0,0.0,0.0,0.0
R01,07,65,1,0.0,0.0,0.0,0.0
R01,07,66,1,0.0,0.0,0.0,0.0
R01,07,67,1,0.0,0.0,0.0,0.0
R01,07,68,1,0.0,0.0,0.0,0.0
R01,07,69,1,0.0,0.0,0.0,0.0
R01,07,70,1,0.0,0.0,0.0,0.0
R01,07,71,1,0.0,0.0,0.0,0.0
R01,07,72,1,0.0,0.0,0.0,0.0
R01,07,73,1,0.0,0.0,0.0,0.0
R01,07,74,1,0.0,0.0,0.0,0.0
R01,07,75,1,0.0,0.0,0.0,0.0
R01,07,76,1,0.0,0.0,0.0,0.0
R01,07,77,1,0.0,0.0,0.0,0.0
R01,07,78,1,0.0,0.0,0.0,0.0
R01,07,79,1,0.0,0.0,0.0,0.0
R01,07,80,1,0.0,0.0,0.0,0.0
R01,07,81,1,0.0,0.0,0.0,0.0
R01,07,82,1,0.0,0.0,0.0,0.0
R01,07,83,1,0.0,0.0,0.0,0.0
R01,07,84,1,0.0,0.0,0.0,0.0
R01,07,85,1,0.0,0.0,0.0,0.0
R01,07,86,1,0.0,0.0,0.0,0.0
R01,07,87,1,0.0,0.0,0.0,0.0
R01,07,88,1,0.0,0.0,0.0,0.0
R01,07,89,1,0.0,0.0,0.0,0.0
R01,07,90,1,0.0,0.0,0.0,0.0
R01,07,91,1,0.0,0.0,0.0,0.0
R01,07,92,1,0.0,0.0,0.0,0.0
R01,07,93,1,0.0,0.0,0.0,0.0
R01,07,94,1,0.0,0.0,0.0,0.0
R01,07,95,1,0.0,0.0,0.0,0.0
R01,07,96,1,0.0,0.0,0.0,0.0
R01,07,97,1,0.0,0.0,0.0,0.0
R01,07,98,1,0.0,0.0,0.0,0.0
R01,07,99,1,0.0,0.0,0.0,0.0
R01,07,100,1,0.0,0.0,0.0,0.0
R01,07,101,1,0.0,0.0,0.0,0.0
R01,07,102,1,0.0,0.0,0.0,0.0
R01,07,103,1,0.0,0.0,0.0,0.0
R01,07,104,1,0.0,0.0,0.0,0.0
R01,07,105,1,0.0,0.0,0.0,0.0
R01,07,106,1,0.0,0.0,0.0,0.0
R01,07,107,1,0.0,0.0,0.0,0.0
R01,07,108,1,0.0,0.0,0.0,0.0
R01,07,109,1,0.0,0.0,0.0,0.0
R01,07,110,1,0.0,0.0,0.0,0.0
R01,07,111,1,0.0,0.0,0.0,0.0
R01,07,112,1,0.0,0.0,0.0,0.0
R01,07,113,1,0.0,0.0,0.0,0.0
R01,07,114,1,0.0,0.0,0.0,0.0
R01,07,115,1,0.0,0.0,0.0,0.0
R01,07,116,1,0.0,0.0,0.0,0.0
R01,07,117,1,0.0,0.0,0.0,0.0
R01,07,118,1,0.0,0.0,0.0,0.0
R01,07,119,1,0.0,0.0,0.0,0.0
R01,07,120,1,0.0,0.0,0.0,0.0
R01,07,121,1,0.0,0.0,0.0,0.0
R01,07,122,1,0.0,0.0,0.0,0.0
R01,07,123,1,0.0,0.0,0.0,0.0
R01,07,124,1,0.0,0.0,0.0,0.0
R01,07,125,1,0.0,0.0,0.0,0.0
R01,07,126,1,0.0,0.0,0.0,0.0
R01,07,127,1,0.0,0.0,0.0,0.0
R01,07,128,1,0.0,0.0,0.0,0.0
R01,07,129,1,0.0,0.0,0.0,0.0
R01,07,130,1,0.0,0.0,0.0,0.0
R01,07,131,1,0.0,0.0,0.0,0.0
R01,07,132,1,0.0,0.0,0.0,0.0
R01,07,133,1,0.0,0.0,0.0,0.0
R01,07,134,1,0.0,0.0,0.0,0.0
R01,07,135,1,0.0,0.0,0.0,0.0
R01,07,136,1,0.0,0.0,0.0,0.0
R01,07,137,1,0.0,0.0,0.0,0.0
R01,07,138,1,0.0,0.0,0.0,0.0
R01,07,139,1,0.0,0.0,0.0,0.0
R01,07,140,1,0.0,0.0,0.0,0.0
R01,07,141,1,0.0,0.0,0.0,0.0
R01,07,142,1,0.0,0.0,0.0,0.0
R01,07,143,1,0.0,0.0,0.0,0.0
R01,07,144,1,0.0,0.0,0.0,0.0
R01,07,145,1,0.0,0.0,0.0,0.0
R01,07,146,1,0.0,0.0,0.0,0.0
R01,07,147,1,0.0,0.0,0.0,0.0
R01,07,148,1,0.0,0.0,0.0,0.0
R01,07,149,1,0.0,0.0,0.0,0.0
R01,07,150,1,0.0,0.0,0.0,0.0
R01,07,151,1,0.0,0.0,0.0,0.0
R01,07,152,1,0.0,0.0,0.0,0.0
R01,07,153,1,0.0,0.0,0.0,0.0
R01,07,154,1,0.0,0.0,0.0,0.0
R01,07,155,1,0.0,0.0,0.0,0.0
R01,07,156,1,0.0,0.0,0.0,0.0
R01,07,157,1,0.0,0.0,0.0,0.0
R01,07,158,1,0.0,0.0,0.0,0.0
R01,07,159,1,0.0,0.0,0.0,0.0
R01,07,160,1,0.0,0.0,0.0,0.0
R01,07,161,1,0.0,0.0,0.0,0.0
R01,07,162,1,0.0,0.0,0.0,0.0
R01,07,163,1,0.0,0.0,0.0,0.0
R01,07,164,1,0.0,0.0,0.0,0.0
R01,07,165,1,0.0,0.0,0.0,0.0
R01,07,166,1,0.0,0.0,0.0,0.0
R01,07,167,1,0.0,0.0,0.0,0.0
R01,07,168,1,0.0,0.0,0.0,0.0
R01,07,169,1,0.0,0.0,0.0,0.0
R01,07,170,1,0.0,0.0,0.0,0.0
R01,07,171,1,0.0,0.0,0.0,0.0
R01,07,172,1,0.0,0.0,0.0,0.0
R01,07,173,1,0.0,0.0,0.0,0.0
R01,07,174,1,0.0,0.0,0.0,0.0
R01,07,175,1,0.0,0.0,0.0,0.0
R01,07,176,1,0.0,0.0,0.0,0.0
R01,07,177,1,0.0,0.0,0.0,0.0
R01,07,178,1,0.0,0.0,0.0,0.0
R01,07,179,1,0.0,0.0,0.0,0.0
R01,07,180,1,0.0,0.0,0.0,0.0
R01,07,181,1,0.0,0.0,0.0,0.0
R01,07,182,1,0.0,0.0,0.0,0.0
R01,07,183,1,0.0,0.0,0.0,0.0
R01,07,184,1,0.0,0.0,0.0,0.0
R01,07,185,1,0.0,0.0,0.0,0.0
R01,07,186,1,0.0,0.0,0.0,0.0
R01,07,187,1,0.0,0.0,0.0,0.0
R01,07,188,1,0.0,0.0,0.0,0.0
R01,07,189,1,0.0,0.0,0.0,0.0
R01,07,190,1,0.0,0.0,0.0,0.0
R01,07,191,1,0.0,0.0,0.0,0.0
R01,07,192,1,0.0,0.0,0.0,0.0
R01,07,193,1,0.0,0.0,0.0,0.0
R01,07,194,1,0.0,0.0,0.0,0.0
R01,07,195,1,0.0,0.0,0.0,0.0
R01,07,196,1,0.0,0.0,0.0,0.0
R01,07,197,1,0.0,0.0,0.0,0.0
R01,07,198,1,0.0,0.0,0.0,0.0
R01,07,199,1,0.0,0.0,0.0,0.0
R01,07,200,0,0.0,0.0,0.0,0.0
R01,07,201,0,0.0,0.0,0.0,0.0
R01,07,202,0,0.0,0.0,0.0,0.0
R01,07,203,0,0.0,0.0,0.0,0.0
R01,07,204,0,0.0,0.0,0.0,0.0
R01,07,205,0,0.0,0.0,0.0,0.0
R01,07,206,0,0.0,0.0,0.0,0.0
R01,07,207,0,0.0,0.0,0.0,0.0
R01,07,208,0,0.0,0.0,0.0,0.0
R01,07,209,0,0.0,0.0,0.0,0.0
R01,07,210,0,0.0,0.0,0.0,0.0
R01,07,211,0,0.0,0.0,0.0,0.0
R01,07,212,0,0.0,0.0,0.0,0.0
R01,07,213,0,0.0,0.0,0.0,0.0
R01,07,214,0,0.0,0.0,0.0,0.0
R01,07,215,0,0.0,0.0,0.0,0.0
R01,07,216,0,0.0,0.0,0.0,0.0
R01,07,217,0,0.0,0.0,0.0,0.0
R01,07,218,0,0.0,0.0,0.0,0.0
R01,07,219,0,0.0,0.0,0.0,0.0
R01,07,220,0,0.0,0.0,0.0,0.0
R01,07,221,0,0.0,0.0,0.0,0.0
R01,07,222,0,0.0,0.0,0.0,0.0
R01,07,223,0,0.0,0.0,0.0,0.0
R01,07,224,0,0.0,0.0,0.0,0.0
R01,07,225,0,0.0,0.0,0.0,0.0
R01,07,226,0,0.0,0.0,0.0,0.0
R01,07,227,0,0.0,0.0,0.0,0.0
R01,07,228,0,0.0,0.0,0.0,0.0
R01,07,229,0,0.0,0.0,0.0,0.0
R01,07,230,0,0.0,0.0,0.0,0.0
R01,08,0,0,0.0,0.0,0.0,0.0
R01,08,1,0,0.0,0.0,0.0,0.0
R01,08,2,0,0.0,0.0,0.0,0.0
R01,08,3,0,0.0,0.0,0.0,0.0
R01,08,4,0,0.0,0.0,0.0,0.0
R01,08,5,0,0.0,0.0,0.0,0.0
R01,08,6,0,0.0,0.0,0.0,0.0
R01,08,7,0,0.0,0.0,0.0,0.0
R01,08,8,0,0.0,0.0,0.0,0.0
R01,08,9,0,0.0,0.0,0.0,0.0
R01,08,10,0,0.0,0.0,0.0,0.0
R01,08,11,0,0.0,0.0,0.0,0.0
R01,08,12,0,0.0,0.0,0.0,0.0
R01,08,13,0,0.0,0.0,0.0,0.0
R01,08,14,0,0.0,0.0,0.0,0.0
R01,08,15,0,0.0,0.0,0.0,0.0
R01,08,16,0,0.0,0.0,0.0,0.0
R01,08,17,0,0.0,0.0,0.0,0.0
R01,08,18,0,0.0,0.0,0.0,0.0
R01,08,19,0,0.0,0.0,0.0,0.0
R01,08,20,0,0.0,0.0,0.0,0.0
R01,08,21,0,0.0,0.0,0.0,0.0
R01,08,22,0,0.0,0.0,0.0,0.0
R01,08,23,0,0.0,0.0,0.0,0.0
R01,08,24,0,0.0,0.0,0.0,0.0
R01,08,25,0,0.0,0.0,0.0,0.0
R01,08,26,0,0.0,0.0,0.0,0.0
R01,08,27,0,0.0,0.0,0.0,0.0
R01,08,28,0,0.0,0.0,0.0,0.0
R01,08,29,0,0.0,0.0,0.0,0.0
R01,08,30,1,0.0,0.0,0.0,0.0
R01,08,31,1,0.0,0.0,0.0,0.0
R01,08,32,1,0.0,0.0,0.0,0.0
R01,08,33,1,0.0,0.0,0.0,0.0
R01,08,34,1,0.0,0.0,0.0,0.0
R01,08,35,1,0.0,0.0,0.0,0.0
R01,08,36,1,0.0,0.0,0.0,0.0
R01,08,37,1,0.0,0.0,0.0,0.0
R01,08,38,1,0.0,0.0,0.0,0.0
R01,08,39,1,0.0,0.0,0.0,0.0
R01,08,40,1,0.0,0.0,0.0,0.0
R01,08,41,1,0.0,0.0,0.0,0.0
R01,08,42,1,0.0,0.0,0.0,0.0
R01,08,43,1,0.0,0.0,0.0,0.0
R01,08,44,1,0.0,0.0,0.0,0.0
R01,08,45,1,0.0,0.0,0.0,0.0
R01,08,46,1,0.0,0.0,0.0,0.0
R01,08,47,1,0.0,0.0,0.0,0.0
R01,08,48,1,0.0,0.0,0.0,0.0
R01,08,49,1,0.0,0.0,0.0,0.0
R01,08,50,1,0.0,0.0,0.0,0.0
R01,08,51,1,0.0,0.0,0.0,0.0
R01,08,52,1,0.0,0.0,0.0,0.0
R01,08,53,1,0.0,0.0,0.0,0.0
R01,08,54,1,0.0,0.0,0.0,0.0
R01,08,55,1,0.0,0.0,0.0,0.0
R01,08,56,1,0.0,0.0,0.0,0.0
R01,08,57,1,0.0,0.0,0.0,0.0
R01,08,58,1,0.0,0.0,0.0,0.0
R01,08,59,1,0.0,0.0,0.0,0.0
R01,08,60,1,0.0,0.0,0.0,0.0
R01,08,61,1,0.0,0.0,0.0,0.0
R01,08,62,1,0.0,0.0,0.0,0.0
R01,08,63,1,0.0,0.0,0.0,0.0
R01,08,64,1,0.0,0.0,0.0,0.0
R01,08,65,1,0.0,0.0,0.0,0.0
R01,08,66,1,0.0,0.0,0.0,0.0
R01,08,67,1,0.0,0.0,0.0,0.0
R01,08,68,1,0.0,0.0,0.0,0.0
R01,08,69,1,0.0,0.0,0.0,0.0
R01,08,70,1,0.0,0.0,0.0,0.0
R01,08,71,1,0.0,0.0,0.0,0.0
R01,08,72,1,0.0,0.0,0.0,0.0
R01,08,73,1,0.0,0.0,0.0,0.0
R01,08,74,1,0.0,0.0,0.0,0.0
R01,08,75,1,0.0,0.0,0.0,0.0
R01,08,76,1,0.0,0.0,0.0,0.0
R01,08,77,1,0.0,0.0,0.0,0.0
R01,08,78,1,0.0,0.0,0.0,0.0
R01,08,79,1,0.0,0.0,0.0,0.0
R01,08,80,1,0.0,0.0,0.0,0.0
R01,08,81,1,0.0,0.0,0.0,0.0
R01,08,82,1,0.0,0.0,0.0,0.0
R01,08,83,1,0.0,0.0,0.0,0.0
R01,08,84,1,0.0,0.0,0.0,0.0
R01,08,85,1,0.0,0.0,0.0,0.0
R01,08,86,1,0.0,0.0,0.0,0.0
R01,08,87,1,0.0,0.0,0.0,0.0
R01,08,88,1,0.0,0.0,0.0,0.0
R01,08,89,1,0.0,0.0,0.0,0.0
R01,08,90,1,0.0,0.0,0.0,0.0
R01,08,91,1,0.0,0.0,0.0,0.0
R01,08,92,1,0.0,0.0,0.0,0.0
R01,08,93,1,0.0,0.0,0.0,0.0
R01,08,94,1,0.0,0.0,0.0,0.0
R01,08,95,1,0.0,0.0,0.0,0.0
R01,08,96,1,0.0,0.0,0.0,0.0
R01,08,97,1,0.0,0.0,0.0,0.0
R01,08,98,1,0.0,0.0,0.0,0.0
R01,08,99,1,0.0,0.0,0.0,0.0
R01,08,100,1,0.0,0.0,0.0,0.0
R01,08,101,1,0.0,0.0,0.0,0.0
R01,08,102,1,0.0,0.0,0.0,0.0
R01,08,103,1,0.0,0.0,0.0,0.0
R01,08,104,1,0.0,0.0,0.0,0.0
R01,08,105,1,0.0,0.0,0.0,0.0
R01,08,106,1,0.0,0.0,0.0,0.0
R01,08,107,1,0.0,0.0,0.0,0.0
R01,08,108,1,0.0,0.0,0.0,0.0
R01,08,109,1,0.0,0.0,0.0,0.0
R01,08,110,1,0.0,0.0,0.0,0.0
R01,08,111,1,0.0,0.0,0.0,0.0
R01,08,112,1,0.0,0.0,0.0,0.0
R01,08,113,1,0.0,0.0,0.0,0.0
R01,08,114,1,0.0,0.0,0.0,0.0
R01,08,115,1,0.0,0.0,0.0,0.0
R01,08,116,1,0.0,0.0,0.0,0.0
R01,08,117,1,0.0,0.0,0.0,0.0
R01,08,118,1,0.0,0.0,0.0,0.0
R01,08,119,1,0.0,0.0,0.0,0.0
R01,08,120,1,0.0,0.0,0.0,0.0
R01,08,121,1,0.0,0.0,0.0,0.0
R01,08,122,1,0.0,0.0,0.0,0.0
R01,08,123,1,0.0,0.0,0.0,0.0
R01,08,124,1,0.0,0.0,0.0,0.0
R01,08,125,1,0.0,0.0,0.0,0.0
R01,08,126,1,0.0,0.0,0.0,0.0
R01,08,127,1,0.0,0.0,0.0,0.0
R01,08,128,1,0.0,0.0,0.0,0.0
R01,08,129,1,0.0,0.0,0.0,0.0
R01,08,130,1,0.0,0.0,0.0,0.0
R01,08,131,1,0.0,0.0,0.0,0.0
R01,08,132,1,0.0,0.0,0.0,0.0
R01,08,133,1,0.0,0.0,0.0,0.0
R01,08,134,1,0.0,0.0,0.0,0.0
R01,08,135,1,0.0,0.0,0.0,0.0
R01,08,136,1,0.0,0.0,0.0,0.0
R01,08,137,1,0.0,0.0,0.0,0.0
R01,08,138,1,0.0,0.0,0.0,0.0
R01,08,139,1,0.0,0.0,0.0,0.0
R01,08,140,1,0.0,0.0,0.0,0.0
R01,08,141,1,0.0,0.0,0.0,0.0
R01,08,142,1,0.0,0.0,0.0,0.0
R01,08,143,1,0.0,0.0,0.0,0.0
R01,08,144,1,0.0,0.0,0.0,0.0
R01,08,145,1,0.0,0.0,0.0,0.0
R01,08,146,1,0.0,0.0,0.0,0.0
R01,08,147,1,0.0,0.0,0.0,0.0
R01,08,148,1,0.0,0.0,0.0,0.0
R01,08,149,1,0.0,0.0,0.0,0.0
R01,08,150,1,0.0,0.0,0.0,0.0
R01,08,151,1,0.0,0.0,0.0,0.0
R01,08,152,1,0.0,0.0,0.0,0.0
R01,08,153,1,0.0,0.0,0.0,0.0
R01,08,154,1,0.0,0.0,0.0,0.0
R01,08,155,1,0.0,0.0,0.0,0.0
R01,08,156,1,0.0,0.0,0.0,0.0
R01,08,157,1,0.0,0.0,0.0,0.0
R01,08,158,1,0.0,0.0,0.0,0.0
R01,08,159,1,0.0,0.0,0.0,0.0
R01,08,160,1,0.0,0.0,0.0,0.0
R01,08,161,1,0.0,0.0,0.0,0.0
R01,08,162,1,0.0,0.0,0.0,0.0
R01,08,163,1,0.0,0.0,0.0,0.0
R01,08,164,1,0.0,0.0,0.0,0.0
R01,08,165,1,0.0,0.0,0.0,0.0
R01,08,166,1,0.0,0.0,0.0,0.0
R01,08,167,1,0.0,0.0,0.0,0.0
R01,08,168,1,0.0,0.0,0.0,0.0
R01,08,169,1,0.0,0.0,0.0,0.0
R01,08,170,1,0.0,0.0,0.0,0.0
R01,08,171,1,0.0,0.0,0.0,0.0
R01,08,172,1,0.0,0.0,0.0,0.0
R01,08,173,1,0.0,0.0,0.0,0.0
R01,08,174,1,0.0,0.0,0.0,0.0
R01,08,175,1,0.0,0.0,0.0,0.0
R01,08,176,1,0.0,0.0,0.0,0.0
R01,08,177,1,0.0,0.0,0.0,0.0
R01,08,178,1,0.0,0.0,0.0,0.0
R01,08,179,1,0.0,0.0,0.0,0.0
R01,08,180,1,0.0,0.0,0.0,0.0
R01,08,181,1,0.0,0.0,0.0,0.0
R01,08,182,1,0.0,0.0,0.0,0.0
R01,08,183,1,0.0,0.0,0.0,0.0
R01,08,184,1,0.0,0.0,0.0,0.0
R01,08,185,1,0.0,0.0,0.0,0.0
R01,08,186,1,0.0,0.0,0.0,0.0
R01,08,187,1,0.0,0.0,0.0,0.0
R01,08,188,1,0.0,0.0,0.0,0.0
R01,08,189,1,0.0,0.0,0.0,0.0
R01,08,190,1,0.0,0.0,0.0,0.0
R01,08,191,1,0.0,0.0,0.0,0.0
R01,08,192,1,0.0,0.0,0.0,0.0
R01,08,193,1,0.0,0.0,0.0,0.0
R01,08,194,1,0.0,0.0,0.0,0.0
R01,08,195,1,0.0,0.0,0.0,0.0
R01,08,196,1,0.0,0.0,0.0,0.0
R01,08,197,1,0.0,0.0,0.0,0.0
R01,08,198,1,0.0,0.0,0.0,0.0
R01,08,199,1,0.0,0.0,0.0,0.0
R01,08,200,1,0.0,0.0,0.0,0.0
R01,08,201,1,0.0,0.0,0.0,0.0
R01,08,202,1,0.0,0.0,0.0,0.0
R01,08,203,1,0.0,0.0,0.0,0.0
R01,08,204,1,0.0,0.0,0.0,0.0
R01,08,205,1,0.0,0.0,0.0,0.0
R01,08,206,1,0.0,0.0,0.0,0.0
R01,08,207,1,0.0,0.0,0.0,0.0
R01,08,208,1,0.0,0.0,0.0,0.0
R01,08,209,1,0.0,0.0,0.0,0.0
R01,08,210,1,0.0,0.0,0.0,0.0
R01,08,211,1,0.0,0.0,0.0,0.0
R01,08,212,1,0.0,0.0,0.0,0.0
R01,08,213,1,0.0,0.0,0.0,0.0
R01,08,214,1,0.0,0.0,0.0,0.0
R01,08,215,1,0.0,0.0,0.0,0.0
R01,08,216,1,0.0,0.0,0.0,0.0
R01,08,217,1,0.0,0.0,0.0,0.0
R01,08,218,1,0.0,0.0,0.0,0.0
R01,08,219,1,0.0,0.0,0.0,0.0
R01,08,220,1,0.0,0.0,0.0,0.0
R01,08,221,1,0.0,0.0,0.0,0.0
R01,08,222,1,0.0,0.0,0.0,0.0
R01,08,223,1,0.0,0.0,0.0,0.0
R01,08,224,0,0.0,0.0,0.0,0.0
R01,08,225,0,0.0,0.0,0.0,0.0
R01,08,226,0,0.0,0.0,0.0,0.0
R01,08,227,0,0.0,0.0,0.0,0.0
R01,08,228,0,0.0,0.0,0.0,0.0
R01,08,229,0,0.0,0.0,0.0,0.0
R01,08,230,0,0.0,0.0,0.0,0.0
R01,08,231,0,0.0,0.0,0.0,0.0
R01,08,232,0,0.0,0.0,0.0,0.0
R01,08,233,0,0.0,0.0,0.0,0.0
R01,08,234,0,0.0,0.0,0.0,0.0
R01,09,0,0,0.0,0.0,0.0,0.0
R01,09,1,0,0.0,0.0,0.0,0.0
R01,09,2,0,0.0,0.0,0.0,0.0
R01,09,3,0,0.0,0.0,0.0,0.0
R01,09,4,0,0.0,0.0,0.0,0.0
R01,09,5,0,0.0,0.0,0.0,0.0
R01,09,6,0,0.0,0.0,0.0,0.0
R01,09,7,0,0.0,0.0,0.0,0.0
R01,09,8,0,0.0,0.0,0.0,0.0
R01,09,9,0,0.0,0.0,0.0,0.0
R01,09,10,0,0.0,0.0,0.0,0.0
R01,09,11,0,0.0,0.0,0.0,0.0
R01,09,12,0,0.0,0.0,0.0,0.0
R01,09,13,0,0.0,0.0,0.0,0.0
R01,09,14,0,0.0,0.0,0.0,0.0
R01,09,15,0,0.0,0.0,0.0,0.0
R01,09,16,0,0.0,0.0,0.0,0.0
R01,09,17,0,0.0,0.0,0.0,0.0
R01,09,18,0,0.0,0.0,0.0,0.0
R01,09,19,0,0.0,0.0,0.0,0.0
R01,09,20,0,0.0,0.0,0.0,0.0
R01,09,21,0,0.0,0.0,0.0,0.0
R01,09,22,0,0.0,0.0,0.0,0.0
R01,09,23,0,0.0,0.0,0.0,0.0
R01,09,24,0,0.0,0.0,0.0,0.0
R01,09,25,0,0.0,0.0,0.0,0.0
R01,09,26,0,0.0,0.0,0.0,0.0
R01,09,27,0,0.0,0.0,0.0,0.0
R01,09,28,0,0.0,0.0,0.0,0.0
R01,09,29,0,0.0,0.0,0.0,0.0
R01,09,30,0,0.0,0.0,0.0,0.0
R01,09,31,0,0.0,0.0,0.0,0.0
R01,09,32,0,0.0,0.0,0.0,0.0
R01,09,33,0,0.0,0.0,0.0,0.0
R01,09,34,0,0.0,0.0,0.0,0.0
R01,09,35,0,0.0,0.0,0.0,0.0
R01,09,36,0,0.0,0.0,0.0,0.0
R01,09,37,0,0.0,0.0,0.0,0.0
R01,09,38,0,0.0,0.0,0.0,0.0
R01,09,39,0,0.0,0.0,0.0,0.0
R01,09,40,0,0.0,0.0,0.0,0.0
R01,09,41,0,0.0,0.0,0.0,0.0
R01,09,42,0,0.0,0.0,0.0,0.0
R01,09,43,0,0.0,0.0,0.0,0.0
R01,09,44,0,0.0,0.0,0.0,0.0
R01,09,45,0,0.0,0.0,0.0,0.0
R01,09,46,0,0.0,0.0,0.0,0.0
R01,09,47,0,0.0,0.0,0.0,0.0
R01,09,48,0,0.0,0.0,0.0,0.0
R01,09,49,0,0.0,0.0,0.0,0.0
R01,09,50,0,0.0,0.0,0.0,0.0
R01,09,51,0,0.0,0.0,0.0,0.0
R01,09,52,0,0.0,0.0,0.0,0.0
R01,09,53,0,0.0,0.0,0.0,0.0
R01,09,54,0,0.0,0.0,0.0,0.0
R01,09,55,0,0.0,0.0,0.0,0.0
R01,09,56,0,0.0,0.0,0.0,0.0
R01,09,57,0,0.0,0.0,0.0,0.0
R01,09,58,0,0.0,0.0,0.0,0.0
R01,09,59,0,0.0,0.0,0.0,0.0
R01,09,60,0,0.0,0.0,0.0,0.0
R01,09,61,0,0.0,0.0,0.0,0.0
R01,09,62,0,0.0,0.0,0.0,0.0
R01,09,63,0,0.0,0.0,0.0,0.0
R01,09,64,0,0.0,0.0,0.0,0.0
R01,09,65,0,0.0,0.0,0.0,0.0
R01,09,66,0,0.0,0.0,0.0,0.0
R01,09,67,0,0.0,0.0,0.0,0.0
R01,09,68,0,0.0,0.0,0.0,0.0
R01,09,69,0,0.0,0.0,0.0,0.0
R01,09,70,0,0.0,0.0,0.0,0.0
R01,09,71,0,0.0,0.0,0.0,0.0
R01,09,72,0,0.0,0.0,0.0,0.0
R01,09,73,0,0.0,0.0,0.0,0.0
R01,09,74,0,0.0,0.0,0.0,0.0
R01,09,75,0,0.0,0.0,0.0,0.0
R01,09,76,0,0.0,0.0,0.0,0.0
R01,09,77,0,0.0,0.0,0.0,0.0
R01,09,78,0,0.0,0.0,0.0,0.0
R01,09,79,0,0.0,0.0,0.0,0.0
R01,09,80,0,0.0,0.0,0.0,0.0
R01,09,81,0,0.0,0.0,0.0,0.0
R01,09,82,0,0.0,0.0,0.0,0.0
R01,09,83,0,0.0,0.0,0.0,0.0
R01,09,84,0,0.0,0.0,0.0,0.0
R01,09,85,0,0.0,0.0,0.0,0.0
R01,09,86,0,0.0,0.0,0.0,0.0
R01,09,87,0,0.0,0.0,0.0,0.0
R01,09,88,0,0.0,0.0,0.0,0.0
R01,09,89,0,0.0,0.0,0.0,0.0
R01,09,90,0,0.0,0.0,0.0,0.0
R01,09,91,0,0.0,0.0,0.0,0.0
R01,09,92,0,0.0,0.0,0.0,0.0
R01,09,93,0,0.0,0.0,0.0,0.0
R01,09,94,0,0.0,0.0,0.0,0.0
R01,09,95,0,0.0,0.0,0.0,0.0
R01,09,96,0,0.0,0.0,0.0,0.0
R01,09,97,0,0.0,0.0,0.0,0.0
R01,09,98,0,0.0,0.0,0.0,0.0
R01,09,99,0,0.0,0.0,0.0,0.0
R01,09,100,0,0.0,0.0,0.0,0.0
R01,09,101,0,0.0,0.0,0.0,0.0
R01,09,102,0,0.0,0.0,0.0,0.0
R01,09,103,0,0.0,0.0,0.0,0.0
R01,09,104,0,0.0,0.0,0.0,0.0
R01,09,105,0,0.0,0.0,0.0,0.0
R01,09,106,0,0.0,0.0,0.0,0.0
R01,09,107,0,0.0,0.0,0.0,0.0
R01,09,108,0,0.0,0.0,0.0,0.0
R01,09,109,0,0.0,0.0,0.0,0.0
R01,09,110,0,0.0,0.0,0.0,0.0
R01,09,111,0,0.0,0.0,0.0,0.0
R01,09,112,0,0.0,0.0,0.0,0.0
R01,09,113,0,0.0,0.0,0.0,0.0
R01,09,114,0,0.0,0.0,0.0,0.0
R01,09,115,0,0.0,0.0,0.0,0.0
R01,09,116,0,0.0,0.0,0.0,0.0
R01,09,117,0,0.0,0.0,0.0,0.0
R01,09,118,0,0.0,0.0,0.0,0.0
R01,09,119,0,0.0,0.0,0.0,0.0
R01,09,120,0,0.0,0.0,0.0,0.0
R01,09,121,0,0.0,0.0,0.0,0.0
R01,09,122,0,0.0,0.0,0.0,0.0
R01,09,123,0,0.0,0.0,0.0,0.0
R01,09,124,0,0.0,0.0,0.0,0.0
R01,09,125,0,0.0,0.0,0.0,0.0
R01,09,126,0,0.0,0.0,0.0,0.0
R01,09,127,0,0.0,0.0,0.0,0.0
R01,09,128,0,0.0,0.0,0.0,0.0
R01,09,129,0,0.0,0.0,0.0,0.0
R01,09,130,0,0.0,0.0,0.0,0.0
R01,09,131,0,0.0,0.0,0.0,0.0
R01,09,132,0,0.0,0.0,0.0,0.0
R01,09,133,0,0.0,0.0,0.0,0.0
R01,09,134,0,0.0,0.0,0.0,0.0
R01,09,135,0,0.0,0.0,0.0,0.0
R01,09,136,0,0.0,0.0,0.0,0.0
R01,09,137,0,0.0,0.0,0.0,0.0
R01,09,138,0,0.0,0.0,0.0,0.0
R01,09,139,0,0.0,0.0,0.0,0.0
R01,09,140,0,0.0,0.0,0.0,0.0
R01,09,141,0,0.0,0.0,0.0,0.0
R01,09,142,0,0.0,0.0,0.0,0.0
R01,09,143,0,0.0,0.0,0.0,0.0
R01,09,144,0,0.0,0.0,0.0,0.0
R01,09,145,0,0.0,0.0,0.0,0.0
R01,09,146,0,0.0,0.0,0.0,0.0
R01,09,147,0,0.0,0.0,0.0,0.0
R01,09,148,0,0.0,0.0,0.0,0.0
R01,09,149,0,0.0,0.0,0.0,0.0
R01,09,150,0,0.0,0.0,0.0,0.0
R01,09,151,0,0.0,0.0,0.0,0.0
R01,09,152,0,0.0,0.0,0.0,0.0
R01,09,153,0,0.0,0.0,0.0,0.0
R01,09,154,0,0.0,0.0,0.0,0.0
R01,09,155,0,0.0,0.0,0.0,0.0
R01,09,156,0,0.0,0.0,0.0,0.0
R01,09,157,0,0.0,0.0,0.0,0.0
R01,09,158,0,0.0,0.0,0.0,0.0
R01,09,159,0,0.0,0.0,0.0,0.0
R01,09,160,0,0.0,0.0,0.0,0.0
R01,09,161,0,0.0,0.0,0.0,0.0
R01,09,162,0,0.0,0.0,0.0,0.0
R01,09,163,0,0.0,0.0,0.0,0.0
R01,09,164,0,0.0,0.0,0.0,0.0
R01,09,165,0,0.0,0.0,0.0,0.0
R01,09,166,0,0.0,0.0,0.0,0.0
R01,09,167,0,0.0,0.0,0.0,0.0
R01,09,168,0,0.0,0.0,0.0,0.0
R01,09,169,0,0.0,0.0,0.0,0.0
R01,09,170,0,0.0,0.0,0.0,0.0
R01,09,171,0,0.0,0.0,0.0,0.0
R01,09,172,0,0.0,0.0,0.0,0.0
R01,09,173,0,0.0,0.0,0.0,0.0
R01,09,174,0,0.0,0.0,0.0,0.0
R01,09,175,0,0.0,0.0,0.0,0.0
R01,09,176,0,0.0,0.0,0.0,0.0
R01,09,177,0,0.0,0.0,0.0,0.0
R01,09,178,0,0.0,0.0,0.0,0.0
R01,09,179,0,0.0,0.0,0.0,0.0
R01,09,180,0,0.0,0.0,0.0,0.0
R01,09,181,0,0.0,0.0,0.0,0.0
R01,09,182,0,0.0,0.0,0.0,0.0
R01,09,183,0,0.0,0.0,0.0,0.0
R01,09,184,0,0.0,0.0,0.0,0.0
R01,09,185,0,0.0,0.0,0.0,0.0
R01,09,186,0,0.0,0.0,0.0,0.0
R01,09,187,0,0.0,0.0,0.0,0.0
R01,09,188,0,0.0,0.0,0.0,0.0
R01,09,189,0,0.0,0.0,0.0,0.0
R01,09,190,0,0.0,0.0,0.0,0.0
R01,09,191,0,0.0,0.0,0.0,0.0
R01,09,192,0,0.0,0.0,0.0,0.0
R01,09,193,0,0.0,0.0,0.0,0.0
R01,09,194,0,0.0,0.0,0.0,0.0
R01,09,195,0,0.0,0.0,0.0,0.0
R01,09,196,0,0.0,0.0,0.0,0.0
R01,09,197,0,0.0,0.0,0.0,0.0
R01,09,198,0,0.0,0.0,0.0,0.0
R01,09,199,0,0.0,0.0,0.0,0.0
R01,09,200,0,0.0,0.0,0.0,0.0
R01,09,201,0,0.0,0.0,0.0,0.0
R01,09,202,0,0.0,0.0,0.0,0.0
R01,09,203,0,0.0,0.0,0.0,0.0
R01,09,204,0,0.0,0.0,0.0,0.0
R01,09,205,0,0.0,0.0,0.0,0.0
R01,09,206,0,0.0,0.0,0.0,0.0
R01,09,207,0,0.0,0.0,0.0,0.0
R01,09,208,0,0.0,0.0,0.0,0.0
R01,09,209,0,0.0,0.0,0.0,0.0
R01,09,210,0,0.0,0.0,0.0,0.0
R01,09,211,0,0.0,0.0,0.0,0.0
R01,09,212,0,0.0,0.0,0.0,0.0
R01,09,213,0,0.0,0.0,0.0,0.0
R01,09,214,0,0.0,0.0,0.0,0.0
R01,09,215,0,0.0,0.0,0.0,0.0
R01,09,216,0,0.0,0.0,0.0,0.0
R01,09,217,0,0.0,0.0,0.0,0.0
R01,09,218,0,0.0,0.0,0.0,0.0
R01,09,219,0,0.0,0.0,0.0,0.0
R01,09,220,0,0.0,0.0,0.0,0.0
R01,09,221,0,0.0,0.0,0.0,0.0
R01,09,222,0,0.0,0.0,0.0,0.0
R01,09,223,0,0.0,0.0,0.0,0.0
R01,09,224,0,0.0,0.0,0.0,0.0
R01,09,225,0,0.0,0.0,0.0,0.0
R01,09,226,0,0.0,0.0,0.0,0.0
R01,09,227,0,0.0,0.0,0.0,0.0
R01,09,228,0,0.0,0.0,0.0,0.0
R01,10,0,0,0.0,0.0,0.0,0.0
R01,10,1,0,0.0,0.0,0.0,0.0
R01,10,2,0,0.0,0.0,0.0,0.0
R01,10,3,0,0.0,0.0,0.0,0.0
R01,10,4,0,0.0,0.0,0.0,0.0
R01,10,5,0,0.0,0.0,0.0,0.0
R01,10,6,0,0.0,0.0,0.0,0.0
R01,10,7,0,0.0,0.0,0.0,0.0
R01,10,8,0,0.0,0.0,0.0,0.0
R01,10,9,0,0.0,0.0,0.0,0.0
R01,10,10,0,0.0,0.0,0.0,0.0
R01,10,11,0,0.0,0.0,0.0,0.0
R01,10,12,0,0.0,0.0,0.0,0.0
R01,10,13,0,0.0,0.0,0.0,0.0
R01,10,14,0,0.0,0.0,0.0,0.0
R01,10,15,0,0.0,0.0,0.0,0.0
R01,10,16,0,0.0,0.0,0.0,0.0
R01,10,17,0,0.0,0.0,0.0,0.0
R01,10,18,0,0.0,0.0,0.0,0.0
R01,10,19,0,0.0,0.0,0.0,0.0
R01,10,20,0,0.0,0.0,0.0,0.0
R01,10,21,0,0.0,0.0,0.0,0.0
R01,10,22,0,0.0,0.0,0.0,0.0
R01,10,23,0,0.0,0.0,0.0,0.0
R01,10,24,0,0.0,0.0,0.0,0.0
R01,10,25,0,0.0,0.0,0.0,0.0
R01,10,26,0,0.0,0.0,0.0,0.0
R01,10,27,0,0.0,0.0,0.0,0.0
R01,10,28,0,0.0,0.0,0.0,0.0
R01,10,29,0,0.0,0.0,0.0,0.0
R01,10,30,0,0.0,0.0,0.0,0.0
R01,10,31,0,0.0,0.0,0.0,0.0
R01,10,32,0,0.0,0.0,0.0,0.0
R01,10,33,0,0.0,0.0,0.0,0.0
R01,10,34,0,0.0,0.0,0.0,0.0
R01,10,35,0,0.0,0.0,0.0,0.0
R01,10,36,0,0.0,0.0,0.0,0.0
R01,10,37,0,0.0,0.0,0.0,0.0
R01,10,38,0,0.0,0.0,0.0,0.0
R01,10,39,0,0.0,0.0,0.0,0.0
R01,10,40,0,0.0,0.0,0.0,0.0
R01,10,41,0,0.0,0.0,0.0,0.0
R01,10,42,0,0.0,0.0,0.0,0.0
R01,10,43,0,0.0,0.0,0.0,0.0
R01,10,44,0,0.0,0.0,0.0,0.0
R01,10,45,0,0.0,0.0,0.0,0.0
R01,10,46,0,0.0,0.0,0.0,0.0
R01,10,47,0,0.0,0.0,0.0,0.0
R01,10,48,0,0.0,0.0,0.0,0.0
R01,10,49,0,0.0,0.0,0.0,0.0
R01,10,50,0,0.0,0.0,0.0,0.0
R01,10,51,0,0.0,0.0,0.0,0.0
R01,10,52,0,0.0,0.0,0.0,0.0
R01,10,53,0,0.0,0.0,0.0,0.0
R01,10,54,0,0.0,0.0,0.0,0.0
R01,10,55,0,0.0,0.0,0.0,0.0
R01,10,56,0,0.0,0.0,0.0,0.0
R01,10,57,0,0.0,0.0,0.0,0.0
R01,10,58,0,0.0,0.0,0.0,0.0
R01,10,59,0,0.0,0.0,0.0,0.0
R01,10,60,0,0.0,0.0,0.0,0.0
R01,10,61,0,0.0,0.0,0.0,0.0
R01,10,62,0,0.0,0.0,0.0,0.0
R01,10,63,0,0.0,0.0,0.0,0.0
R01,10,64,0,0.0,0.0,0.0,0.0
R01,10,65,0,0.0,0.0,0.0,0.0
R01,10,66,0,0.0,0.0,0.0,0.0
R01,10,67,0,0.0,0.0,0.0,0.0
R01,10,68,0,0.0,0.0,0.0,0.0
R01,10,69,0,0.0,0.0,0.0,0.0
R01,10,70,0,0.0,0.0,0.0,0.0
R01,10,71,0,0.0,0.0,0.0,0.0
R01,10,72,0,0.0,0.0,0.0,0.0
R01,10,73,0,0.0,0.0,0.0,0.0
R01,10,74,0,0.0,0.0,0.0,0.0
R01,10,75,0,0.0,0.0,0.0,0.0
R01,10,76,0,0.0,0.0,0.0,0.0
R01,10,77,0,0.0,0.0,0.0,0.0
R01,10,78,0,0.0,0.0,0.0,0.0
R01,10,79,0,0.0,0.0,0.0,0.0
R01,10,80,0,0.0,0.0,0.0,0.0
R01,10,81,0,0.0,0.0,0.0,0.0
R01,10,82,0,0.0,0.0,0.0,0.0
R01,10,83,0,0.0,0.0,0.0,0.0
R01,10,84,0,0.0,0.0,0.0,0.0
R01,10,85,0,0.0,0.0,0.0,0.0
R01,10,86,0,0.0,0.0,0.0,0.0
R01,10,87,0,0.0,0.0,0.0,0.0
R01,10,88,0,0.0,0.0,0.0,0.0
R01,10,89,0,0.0,0.0,0.0,0.0
R01,10,90,0,0.0,0.0,0.0,0.0
R01,10,91,0,0.0,0.0,0.0,0.0
R01,10,92,0,0.0,0.0,0.0,0.0
R01,10,93,0,0.0,0.0,0.0,0.0
R01,10,94,0,0.0,0.0,0.0,0.0
R01,10,95,0,0.0,0.0,0.0,0.0
R01,10,96,0,0.0,0.0,0.0,0.0
R01,10,97,0,0.0,0.0,0.0,0.0
R01,10,98,0,0.0,0.0,0.0,0.0
R01,10,99,0,0.0,0.0,0.0,0.0
R01,10,100,0,0.0,0.0,0.0,0.0
R01,10,101,0,0.0,0.0,0.0,0.0
R01,10,102,0,0.0,0.0,0.0,0.0
R01,10,103,0,0.0,0.0,0.0,0.0
R01,10,104,0,0.0,0.0,0.0,0.0
R01,10,105,0,0.0,0.0,0.0,0.0
R01,10,106,0,0.0,0.0,0.0,0.0
R01,10,107,0,0.0,0.0,0.0,0.0
R01,10,108,0,0.0,0.0,0.0,0.0
R01,10,109,0,0.0,0.0,0.0,0.0
R01,10,110,0,0.0,0.0,0.0,0.0
R01,10,111,0,0.0,0.0,0.0,0.0
R01,10,112,0,0.0,0.0,0.0,0.0
R01,10,113,0,0.0,0.0,0.0,0.0
R01,10,114,0,0.0,0.0,0.0,0.0
R01,10,115,0,0.0,0.0,0.0,0.0
R01,10,116,0,0.0,0.0,0.0,0.0
R01,10,117,0,0.0,0.0,0.0,0.0
R01,10,118,0,0.0,0.0,0.0,0.0
R01,10,119,0,0.0,0.0,0.0,0.0
R01,10,120,0,0.0,0.0,0.0,0.0
R01,10,121,0,0.0,0.0,0.0,0.0
R01,10,122,0,0.0,0.0,0.0,0.0
R01,10,123,0,0.0,0.0,0.0,0.0
R01,10,124,0,0.0,0.0,0.0,0.0
R01,10,125,0,0.0,0.0,0.0,0.0
R01,10,126,0,0.0,0.0,0.0,0.0
R01,10,127,0,0.0,0.0,0.0,0.0
R01,10,128,0,0.0,0.0,0.0,0.0
R01,10,129,0,0.0,0.0,0.0,0.0
R01,10,130,0,0.0,0.0,0.0,0.0
R01,10,131,0,0.0,0.0,0.0,0.0
R01,10,132,0,0.0,0.0,0.0,0.0
R01,10,133,0,0.0,0.0,0.0,0.0
R01,10,134,0,0.0,0.0,0.0,0.0
R01,10,135,0,0.0,0.0,0.0,0.0
R01,10,136,0,0.0,0.0,0.0,0.0
R01,10,137,0,0.0,0.0,0.0,0.0
R01,10,138,0,0.0,0.0,0.0,0.0
R01,10,139,0,0.0,0.0,0.0,0.0
R01,10,140,0,0.0,0.0,0.0,0.0
R01,10,141,0,0.0,0.0,0.0,0.0
R01,10,142,0,0.0,0.0,0.0,0.0
R01,10,143,0,0.0,0.0,0.0,0.0
R01,10,144,0,0.0,0.0,0.0,0.0
R01,10,145,0,0.0,0.0,0.0,0.0
R01,10,146,0,0.0,0.0,0.0,0.0
R01,10,147,0,0.0,0.0,0.0,0.0
R01,10,148,0,0.0,0.0,0.0,0.0
R01,10,149,0,0.0,0.0,0.0,0.0
R01,10,150,0,0.0,0.0,0.0,0.0
R01,10,151,0,0.0,0.0,0.0,0.0
R01,10,152,0,0.0,0.0,0.0,0.0
R01,10,153,0,0.0,0.0,0.0,0.0
R01,10,154,0,0.0,0.0,0.0,0.0
R01,10,155,0,0.0,0.0,0.0,0.0
R01,10,156,0,0.0,0.0,0.0,0.0
R01,10,157,0,0.0,0.0,0.0,0.0
R01,10,158,0,0.0,0.0,0.0,0.0
R01,10,159,0,0.0,0.0,0.0,0.0
R01,10,160,0,0.0,0.0,0.0,0.0
R01,10,161,0,0.0,0.0,0.0,0.0
R01,10,162,0,0.0,0.0,0.0,0.0
R01,10,163,0,0.0,0.0,0.0,0.0
R01,10,164,0,0.0,0.0,0.0,0.0
R01,10,165,0,0.0,0.0,0.0,0.0
R01,10,166,0,0.0,0.0,0.0,0.0
R01,10,167,0,0.0,0.0,0.0,0.0
R01,10,168,0,0.0,0.0,0.0,0.0
R01,10,169,0,0.0,0.0,0.0,0.0
R01,10,170,0,0.0,0.0,0.0,0.0
R01,10,171,0,0.0,0.0,0.0,0.0
R01,10,172,0,0.0,0.0,0.0,0.0
R01,10,173,0,0.0,0.0,0.0,0.0
R01,10,174,0,0.0,0.0,0.0,0.0
R01,10,175,0,0.0,0.0,0.0,0.0
R01,10,176,0,0.0,0.0,0.0,0.0
R01,10,177,0,0.0,0.0,0.0,0.0
R01,10,178,0,0.0,0.0,0.0,0.0
R01,10,179,0,0.0,0.0,0.0,0.0
R01,10,180,0,0.0,0.0,0.0,0.0
R01,10,181,0,0.0,0.0,0.0,0.0
R01,10,182,0,0.0,0.0,0.0,0.0
R01,10,183,0,0.0,0.0,0.0,0.0
R01,10,184,0,0.0,0.0,0.0,0.0
R01,10,185,0,0.0,0.0,0.0,0.0
R01,10,186,0,0.0,0.0,0.0,0.0
R01,10,187,0,0.0,0.0,0.0,0.0
R01,10,188,0,0.0,0.0,0.0,0.0
R01,10,189,0,0.0,0.0,0.0,0.0
R01,10,190,0,0.0,0.0,0.0,0.0
R01,10,191,0,0.0,0.0,0.0,0.0
R01,10,192,0,0.0,0.0,0.0,0.0
R01,10,193,0,0.0,0.0,0.0,0.0
R01,10,194,0,0.0,0.0,0.0,0.0
R01,10,195,0,0.0,0.0,0.0,0.0
R01,10,196,0,0.0,0.0,0.0,0.0
R01,10,197,0,0.0,0.0,0.0,0.0
R01,10,198,0,0.0,0.0,0.0,0.0
R01,10,199,0,0.0,0.0,0.0,0.0
R01,10,200,0,0.0,0.0,0.0,0.0
R01,10,201,0,0.0,0.0,0.0,0.0
R01,10,202,0,0.0,0.0,0.0,0.0
R01,10,203,0,0.0,0.0,0.0,0.0
R01,10,204,0,0.0,0.0,0.0,0.0
R01,10,205,0,0.0,0.0,0.0,0.0
R01,10,206,0,0.0,0.0,0.0,0.0
R01,10,207,0,0.0,0.0,0.0,0.0
R01,10,208,0,0.0,0.0,0.0,0.0
R01,10,209,0,0.0,0.0,0.0,0.0
R01,10,210,0,0.0,0.0,0.0,0.0
R01,10,211,0,0.0,0.0,0.0,0.0
R01,10,212,0,0.0,0.0,0.0,0.0
R01,10,213,0,0.0,0.0,0.0,0.0
R01,10,214,0,0.0,0.0,0.0,0.0
R01,10,215,0,0.0,0.0,0.0,0.0
R01,10,216,0,0.0,0.0,0.0,0.0
R01,10,217,0,0.0,0.0,0.0,0.0
R01,10,218,0,0.0,0.0,0.0,0.0
R01,10,219,0,0.0,0.0,0.0,0.0
R01,10,220,0,0.0,0.0,0.0,0.0
R01,10,221,0,0.0,0.0,0.0,0.0
R01,10,222,0,0.0,0.0,0.0,0.0
R01,10,223,0,0.0,0.0,0.0,0.0
R01,10,224,0,0.0,0.0,0.0,0.0
R01,10,225,0,0.0,0.0,0.0,0.0
R01,10,226,0,0.0,0.0,0.0,0.0
R01,10,227,0,0.0,0.0,0.0,0.0
R01,10,228,0,0.0,0.0,0.0,0.0
R01,10,229,0,0.0,0.0,0.0,0.0
R01,10,230,0,0.0,0.0,0.0,0.0
R01,11,0,0,0.0,0.0,0.0,0.0
R01,11,1,0,0.0,0.0,0.0,0.0
R01,11,2,0,0.0,0.0,0.0,0.0
R01,11,3,0,0.0,0.0,0.0,0.0
R01,11,4,0,0.0,0.0,0.0,0.0
R01,11,5,0,0.0,0.0,0.0,0.0
R01,11,6,0,0.0,0.0,0.0,0.0
R01,11,7,0,0.0,0.0,0.0,0.0
R01,11,8,0,0.0,0.0,0.0,0.0
R01,11,9,0,0.0,0.0,0.0,0.0
R01,11,10,0,0.0,0.0,0.0,0.0
R01,11,11,0,0.0,0.0,0.0,0.0
R01,11,12,0,0.0,0.0,0.0,0.0
R01,11,13,0,0.0,0.0,0.0,0.0
R01,11,14,0,0.0,0.0,0.0,0.0
R01,11,15,0,0.0,0.0,0.0,0.0
R01,11,16,0,0.0,0.0,0.0,0.0
R01,11,17,0,0.0,0.0,0.0,0.0
R01,11,18,0,0.0,0.0,0.0,0.0
R01,11,19,0,0.0,0.0,0.0,0.0
R01,11,20,0,0.0,0.0,0.0,0.0
R01,11,21,0,0.0,0.0,0.0,0.0
R01,11,22,0,0.0,0.0,0.0,0.0
R01,11,23,0,0.0,0.0,0.0,0.0
R01,11,24,0,0.0,0.0,0.0,0.0
R01,11,25,0,0.0,0.0,0.0,0.0
R01,11,26,0,0.0,0.0,0.0,0.0
R01,11,27,0,0.0,0.0,0.0,0.0
R01,11,28,0,0.0,0.0,0.0,0.0
R01,11,29,0,0.0,0.0,0.0,0.0
R01,11,30,0,0.0,0.0,0.0,0.0
R01,11,31,0,0.0,0.0,0.0,0.0
R01,11,32,0,0.0,0.0,0.0,0.0
R01,11,33,0,0.0,0.0,0.0,0.0
R01,11,34,0,0.0,0.0,0.0,0.0
R01,11,35,0,0.0,0.0,0.0,0.0
R01,11,36,0,0.0,0.0,0.0,0.0
R01,11,37,0,0.0,0.0,0.0,0.0
R01,11,38,0,0.0,0.0,0.0,0.0
R01,11,39,0,0.0,0.0,0.0,0.0
R01,11,40,0,0.0,0.0,0.0,0.0
R01,11,41,0,0.0,0.0,0.0,0.0
R01,11,42,0,0.0,0.0,0.0,0.0
R01,11,43,0,0.0,0.0,0.0,0.0
R01,11,44,0,0.0,0.0,0.0,0.0
R01,11,45,0,0.0,0.0,0.0,0.0
R01,11,46,0,0.0,0.0,0.0,0.0
R01,11,47,0,0.0,0.0,0.0,0.0
R01,11,48,0,0.0,0.0,0.0,0.0
R01,11,49,0,0.0,0.0,0.0,0.0
R01,11,50,0,0.0,0.0,0.0,0.0
R01,11,51,0,0.0,0.0,0.0,0.0
R01,11,52,0,0.0,0.0,0.0,0.0
R01,11,53,0,0.0,0.0,0.0,0.0
R01,11,54,0,0.0,0.0,0.0,0.0
R01,11,55,0,0.0,0.0,0.0,0.0
R01,11,56,0,0.0,0.0,0.0,0.0
R01,11,57,0,0.0,0.0,0.0,0.0
R01,11,58,0,0.0,0.0,0.0,0.0
R01,11,59,0,0.0,0.0,0.0,0.0
R01,11,60,0,0.0,0.0,0.0,0.0
R01,11,61,0,0.0,0.0,0.0,0.0
R01,11,62,0,0.0,0.0,0.0,0.0
R01,11,63,0,0.0,0.0,0.0,0.0
R01,11,64,0,0.0,0.0,0.0,0.0
R01,11,65,0,0.0,0.0,0.0,0.0
R01,11,66,0,0.0,0.0,0.0,0.0
R01,11,67,0,0.0,0.0,0.0,0.0
R01,11,68,0,0.0,0.0,0.0,0.0
R01,11,69,0,0.0,0.0,0.0,0.0
R01,11,70,0,0.0,0.0,0.0,0.0
R01,11,71,0,0.0,0.0,0.0,0.0
R01,11,72,0,0.0,0.0,0.0,0.0
R01,11,73,0,0.0,0.0,0.0,0.0
R01,11,74,0,0.0,0.0,0.0,0.0
R01,11,75,0,0.0,0.0,0.0,0.0
R01,11,76,0,0.0,0.0,0.0,0.0
R01,11,77,0,0.0,0.0,0.0,0.0
R01,11,78,0,0.0,0.0,0.0,0.0
R01,11,79,0,0.0,0.0,0.0,0.0
R01,11,80,0,0.0,0.0,0.0,0.0
R01,11,81,0,0.0,0.0,0.0,0.0
R01,11,82,0,0.0,0.0,0.0,0.0
R01,11,83,0,0.0,0.0,0.0,0.0
R01,11,84,0,0.0,0.0,0.0,0.0
R01,11,85,0,0.0,0.0,0.0,0.0
R01,11,86,0,0.0,0.0,0.0,0.0
R01,11,87,0,0.0,0.0,0.0,0.0
R01,11,88,0,0.0,0.0,0.0,0.0
R01,11,89,0,0.0,0.0,0.0,0.0
R01,11,90,0,0.0,0.0,0.0,0.0
R01,11,91,0,0.0,0.0,0.0,0.0
R01,11,92,0,0.0,0.0,0.0,0.0
R01,11,93,0,0.0,0.0,0.0,0.0
R01,11,94,0,0.0,0.0,0.0,0.0
R01,11,95,0,0.0,0.0,0.0,0.0
R01,11,96,0,0.0,0.0,0.0,0.0
R01,11,97,0,0.0,0.0,0.0,0.0
R01,11,98,0,0.0,0.0,0.0,0.0
R01,11,99,0,0.0,0.0,0.0,0.0
R01,11,100,0,0.0,0.0,0.0,0.0
R01,11,101,0,0.0,0.0,0.0,0.0
R01,11,102,0,0.0,0.0,0.0,0.0
R01,11,103,0,0.0,0.0,0.0,0.0
R01,11,104,0,0.0,0.0,0.0,0.0
R01,11,105,0,0.0,0.0,0.0,0.0
R01,11,106,0,0.0,0.0,0.0,0.0
R01,11,107,0,0.0,0.0,0.0,0.0
R01,11,108,0,0.0,0.0,0.0,0.0
R01,11,109,0,0.0,0.0,0.0,0.0
R01,11,110,0,0.0,0.0,0.0,0.0
R01,11,111,0,0.0,0.0,0.0,0.0
R01,11,112,0,0.0,0.0,0.0,0.0
R01,11,113,0,0.0,0.0,0.0,0.0
R01,11,114,0,0.0,0.0,0.0,0.0
R01,11,115,0,0.0,0.0,0.0,0.0
R01,11,116,0,0.0,0.0,0.0,0.0
R01,11,117,0,0.0,0.0,0.0,0.0
R01,11,118,0,0.0,0.0,0.0,0.0
R01,11,119,0,0.0,0.0,0.0,0.0
R01,11,120,0,0.0,0.0,0.0,0.0
R01,11,121,0,0.0,0.0,0.0,0.0
R01,11,122,0,0.0,0.0,0.0,0.0
R01,11,123,0,0.0,0.0,0.0,0.0
R01,11,124,0,0.0,0.0,0.0,0.0
R01,11,125,0,0.0,0.0,0.0,0.0
R01,11,126,0,0.0,0.0,0.0,0.0
R01,11,127,0,0.0,0.0,0.0,0.0
R01,11,128,0,0.0,0.0,0.0,0.0
R01,11,129,0,0.0,0.0,0.0,0.0
R01,11,130,0,0.0,0.0,0.0,0.0
R01,11,131,0,0.0,0.0,0.0,0.0
R01,11,132,0,0.0,0.0,0.0,0.0
R01,11,133,0,0.0,0.0,0.0,0.0
R01,11,134,0,0.0,0.0,0.0,0.0
R01,11,135,0,0.0,0.0,0.0,0.0
R01,11,136,0,0.0,0.0,0.0,0.0
R01,11,137,0,0.0,0.0,0.0,0.0
R01,11,138,0,0.0,0.0,0.0,0.0
R01,11,139,0,0.0,0.0,0.0,0.0
R01,11,140,0,0.0,0.0,0.0,0.0
R01,11,141,0,0.0,0.0,0.0,0.0
R01,11,142,0,0.0,0.0,0.0,0.0
R01,11,143,0,0.0,0.0,0.0,0.0
R01,11,144,0,0.0,0.0,0.0,0.0
R01,11,145,0,0.0,0.0,0.0,0.0
R01,11,146,0,0.0,0.0,0.0,0.0
R01,11,147,0,0.0,0.0,0.0,0.0
R01,11,148,0,0.0,0.0,0.0,0.0
R01,11,149,0,0.0,0.0,0.0,0.0
R01,11,150,0,0.0,0.0,0.0,0.0
R01,11,151,0,0.0,0.0,0.0,0.0
R01,11,152,0,0.0,0.0,0.0,0.0
R01,11,153,0,0.0,0.0,0.0,0.0
R01,11,154,0,0.0,0.0,0.0,0.0
R01,11,155,0,0.0,0.0,0.0,0.0
R01,11,156,0,0.0,0.0,0.0,0.0
R01,11,157,0,0.0,0.0,0.0,0.0
R01,11,158,0,0.0,0.0,0.0,0.0
R01,11,159,0,0.0,0.0,0.0,0.0
R01,11,160,0,0.0,0.0,0.0,0.0
R01,11,161,0,0.0,0.0,0.0,0.0
R01,11,162,0,0.0,0.0,0.0,0.0
R01,11,163,0,0.0,0.0,0.0,0.0
R01,11,164,0,0.0,0.0,0.0,0.0
R01,11,165,0,0.0,0.0,0.0,0.0
R01,11,166,0,0.0,0.0,0.0,0.0
R01,11,167,0,0.0,0.0,0.0,0.0
R01,11,168,0,0.0,0.0,0.0,0.0
R01,11,169,0,0.0,0.0,0.0,0.0
R01,11,170,0,0.0,0.0,0.0,0.0
R01,11,171,0,0.0,0.0,0.0,0.0
R01,11,172,0,0.0,0.0,0.0,0.0
R01,11,173,0,0.0,0.0,0.0,0.0
R01,11,174,0,0.0,0.0,0.0,0.0
R01,11,175,0,0.0,0.0,0.0,0.0
R01,11,176,0,0.0,0.0,0.0,0.0
R01,11,177,0,0.0,0.0,0.0,0.0
R01,11,178,0,0.0,0.0,0.0,0.0
R01,11,179,0,0.0,0.0,0.0,0.0
R01,11,180,0,0.0,0.0,0.0,0.0
R01,11,181,0,0.0,0.0,0.0,0.0
R01,11,182,0,0.0,0.0,0.0,0.0
R01,11,183,0,0.0,0.0,0.0,0.0
R01,11,184,0,0.0,0.0,0.0,0.0
R01,11,185,0,0.0,0.0,0.0,0.0
R01,11,186,0,0.0,0.0,0.0,0.0
R01,11,187,0,0.0,0.0,0.0,0.0
R01,11,188,0,0.0,0.0,0.0,0.0
R01,11,189,0,0.0,0.0,0.0,0.0
R01,11,190,0,0.0,0.0,0.0,0.0
R01,11,191,0,0.0,0.0,0.0,0.0
R01,11,192,0,0.0,0.0,0.0,0.0
R01,11,193,0,0.0,0.0,0.0,0.0
R01,11,194,0,0.0,0.0,0.0,0.0
R01,11,195,0,0.0,0.0,0.0,0.0
R01,11,196,0,0.0,0.0,0.0,0.0
R01,11,197,0,0.0,0.0,0.0,0.0
R01,11,198,0,0.0,0.0,0.0,0.0
R01,11,199,0,0.0,0.0,0.0,0.0
R01,11,200,0,0.0,0.0,0.0,0.0
R01,11,201,0,0.0,0.0,0.0,0.0
R01,11,202,0,0.0,0.0,0.0,0.0
R01,11,203,0,0.0,0.0,0.0,0.0
R01,11,204,0,0.0,0.0,0.0,0.0
R01,11,205,0,0.0,0.0,0.0,0.0
R01,11,206,0,0.0,0.0,0.0,0.0
R01,11,207,0,0.0,0.0,0.0,0.0
R01,11,208,0,0.0,0.0,0.0,0.0
R01,11,209,0,0.0,0.0,0.0,0.0
R01,11,210,0,0.0,0.0,0.0,0.0
R01,11,211,0,0.0,0.0,0.0,0.0
R01,11,212,0,0.0,0.0,0.0,0.0
R01,11,213,0,0.0,0.0,0.0,0.0
R01,11,214,0,0.0,0.0,0.0,0.0
R01,11,215,0,0.0,0.0,0.0,0.0
R01,11,216,0,0.0,0.0,0.0,0.0
R01,11,217,0,0.0,0.0,0.0,0.0
R01,11,218,0,0.0,0.0,0.0,0.0
R01,11,219,0,0.0,0.0,0.0,0.0
R01,11,220,0,0.0,0.0,0.0,0.0
R01,11,221,0,0.0,0.0,0.0,0.0
R01,11,222,0,0.0,0.0,0.0,0.0
R01,11,223,0,0.0,0.0,0.0,0.0
R01,11,224,0,0.0,0.0,0.0,0.0
R01,11,225,0,0.0,0.0,0.0,0.0
R01,11,226,0,0.0,0.0,0.0,0.0
R01,11,227,0,0.0,0.0,0.0,0.0
R01,11,228,0,0.0,0.0,0.0,0.0
R01,11,229,0,0.0,0.0,0.0,0.0
R01,11,230,0,0.0,0.0,0.0,0.0
R01,11,231,0,0.0,0.0,0.0,0.0
R01,12,0,0,0.0,0.0,0.0,0.0
R01,12,1,0,0.0,0.0,0.0,0.0
R01,12,2,0,0.0,0.0,0.0,0.0
R01,12,3,0,0.0,0.0,0.0,0.0
R01,12,4,0,0.0,0.0,0.0,0.0
R01,12,5,0,0.0,0.0,0.0,0.0
R01,12,6,0,0.0,0.0,0.0,0.0
R01,12,7,0,0.0,0.0,0.0,0.0
R01,12,8,0,0.0,0.0,0.0,0.0
R01,12,9,0,0.0,0.0,0.0,0.0
R01,12,10,0,0.0,0.0,0.0,0.0
R01,12,11,0,0.0,0.0,0.0,0.0
R01,12,12,0,0.0,0.0,0.0,0.0
R01,12,13,0,0.0,0.0,0.0,0.0
R01,12,14,0,0.0,0.0,0.0,0.0
R01,12,15,0,0.0,0.0,0.0,0.0
R01,12,16,0,0.0,0.0,0.0,0.0
R01,12,17,0,0.0,0.0,0.0,0.0
R01,12,18,0,0.0,0.0,0.0,0.0
R01,12,19,0,0.0,0.0,0.0,0.0
R01,12,20,0,0.0,0.0,0.0,0.0
R01,12,21,0,0.0,0.0,0.0,0.0
R01,12,22,0,0.0,0.0,0.0,0.0
R01,12,23,0,0.0,0.0,0.0,0.0
R01,12,24,0,0.0,0.0,0.0,0.0
R01,12,25,0,0.0,0.0,0.0,0.0
R01,12,26,0,0.0,0.0,0.0,0.0
R01,12,27,0,0.0,0.0,0.0,0.0
R01,12,28,0,0.0,0.0,0.0,0.0
R01,12,29,0,0.0,0.0,0.0,0.0
R01,12,30,0,0.0,0.0,0.0,0.0
R01,12,31,0,0.0,0.0,0.0,0.0
R01,12,32,0,0.0,0.0,0.0,0.0
R01,12,33,0,0.0,0.0,0.0,0.0
R01,12,34,0,0.0,0.0,0.0,0.0
R01,12,35,0,0.0,0.0,0.0,0.0
R01,12,36,0,0.0,0.0,0.0,0.0
R01,12,37,0,0.0,0.0,0.0,0.0
R01,12,38,0,0.0,0.0,0.0,0.0
R01,12,39,0,0.0,0.0,0.0,0.0
R01,12,40,0,0.0,0.0,0.0,0.0
R01,12,41,0,0.0,0.0,0.0,0.0
R01,12,42,0,0.0,0.0,0.0,0.0
R01,12,43,0,0.0,0.0,0.0,0.0
R01,12,44,0,0.0,0.0,0.0,0.0
R01,12,45,0,0.0,0.0,0.0,0.0
R01,12,46,0,0.0,0.0,0.0,0.0
R01,12,47,0,0.0,0.0,0.0,0.0
R01,12,48,0,0.0,0.0,0.0,0.0
R01,12,49,0,0.0,0.0,0.0,0.0
R01,12,50,0,0.0,0.0,0.0,0.0
R01,12,51,0,0.0,0.0,0.0,0.0
R01,12,52,0,0.0,0.0,0.0,0.0
R01,12,53,0,0.0,0.0,0.0,0.0
R01,12,54,0,0.0,0.0,0.0,0.0
R01,12,55,0,0.0,0.0,0.0,0.0
R01,12,56,0,0.0,0.0,0.0,0.0
R01,12,57,0,0.0,0.0,0.0,0.0
R01,12,58,0,0.0,0.0,0.0,0.0
R01,12,59,0,0.0,0.0,0.0,0.0
R01,12,60,0,0.0,0.0,0.0,0.0
R01,12,61,0,0.0,0.0,0.0,0.0
R01,12,62,0,0.0,0.0,0.0,0.0
R01,12,63,0,0.0,0.0,0.0,0.0
R01,12,64,0,0.0,0.0,0.0,0.0
R01,12,65,0,0.0,0.0,0.0,0.0
R01,12,66,0,0.0,0.0,0.0,0.0
R01,12,67,0,0.0,0.0,0.0,0.0
R01,12,68,0,0.0,0.0,0.0,0.0
R01,12,69,0,0.0,0.0,0.0,0.0
R01,12,70,0,0.0,0.0,0.0,0.0
R01,12,71,0,0.0,0.0,0.0,0.0
R01,12,72,0,0.0,0.0,0.0,0.0
R01,12,73,0,0.0,0.0,0.0,0.0
R01,12,74,0,0.0,0.0,0.0,0.0
R01,12,75,0,0.0,0.0,0.0,0.0
R01,12,76,0,0.0,0.0,0.0,0.0
R01,12,77,0,0.0,0.0,0.0,0.0
R01,12,78,0,0.0,0.0,0.0,0.0
R01,12,79,0,0.0,0.0,0.0,0.0
R01,12,80,0,0.0,0.0,0.0,0.0
R01,12,81,0,0.0,0.0,0.0,0.0
R01,12,82,0,0.0,0.0,0.0,0.0
R01,12,83,0,0.0,0.0,0.0,0.0
R01,12,84,0,0.0,0.0,0.0,0.0
R01,12,85,0,0.0,0.0,0.0,0.0
R01,12,86,0,0.0,0.0,0.0,0.0
R01,12,87,0,0.0,0.0,0.0,0.0
R01,12,88,0,0.0,0.0,0.0,0.0
R01,12,89,0,0.0,0.0,0.0,0.0
R01,12,90,0,0.0,0.0,0.0,0.0
R01,12,91,0,0.0,0.0,0.0,0.0
R01,12,92,0,0.0,0.0,0.0,0.0
R01,12,93,0,0.0,0.0,0.0,0.0
R01,12,94,0,0.0,0.0,0.0,0.0
R01,12,95,0,0.0,0.0,0.0,0.0
R01,12,96,0,0.0,0.0,0.0,0.0
R01,12,97,0,0.0,0.0,0.0,0.0
R01,12,98,0,0.0,0.0,0.0,0.0
R01,12,99,0,0.0,0.0,0.0,0.0
R01,12,100,0,0.0,0.0,0.0,0.0
R01,12,101,0,0.0,0.0,0.0,0.0
R01,12,102,0,0.0,0.0,0.0,0.0
R01,12,103,0,0.0,0.0,0.0,0.0
R01,12,104,0,0.0,0.0,0.0,0.0
R01,12,105,0,0.0,0.0,0.0,0.0
R01,12,106,0,0.0,0.0,0.0,0.0
R01,12,107,0,0.0,0.0,0.0,0.0
R01,12,108,0,0.0,0.0,0.0,0.0
R01,12,109,0,0.0,0.0,0.0,0.0
R01,12,110,0,0.0,0.0,0.0,0.0
R01,12,111,0,0.0,0.0,0.0,0.0
R01,12,112,0,0.0,0.0,0.0,0.0
R01,12,113,0,0.0,0.0,0.0,0.0
R01,12,114,0,0.0,0.0,0.0,0.0
R01,12,115,0,0.0,0.0,0.0,0.0
R01,12,116,0,0.0,0.0,0.0,0.0
R01,12,117,0,0.0,0.0,0.0,0.0
R01,12,118,0,0.0,0.0,0.0,0.0
R01,12,119,0,0.0,0.0,0.0,0.0
R01,12,120,0,0.0,0.0,0.0,0.0
R01,12,121,0,0.0,0.0,0.0,0.0
R01,12,122,0,0.0,0.0,0.0,0.0
R01,12,123,0,0.0,0.0,0.0,0.0
R01,12,124,0,0.0,0.0,0.0,0.0
R01,12,125,0,0.0,0.0,0.0,0.0
R01,12,126,0,0.0,0.0,0.0,0.0
R01,12,127,0,0.0,0.0,0.0,0.0
R01,12,128,0,0.0,0.0,0.0,0.0
R01,12,129,0,0.0,0.0,0.0,0.0
R01,12,130,0,0.0,0.0,0.0,0.0
R01,12,131,0,0.0,0.0,0.0,0.0
R01,12,132,0,0.0,0.0,0.0,0.0
R01,12,133,0,0.0,0.0,0.0,0.0
R01,12,134,0,0.0,0.0,0.0,0.0
R01,12,135,0,0.0,0.0,0.0,0.0
R01,12,136,0,0.0,0.0,0.0,0.0
R01,12,137,0,0.0,0.0,0.0,0.0
R01,12,138,0,0.0,0.0,0.0,0.0
R01,12,139,0,0.0,0.0,0.0,0.0
R01,12,140,0,0.0,0.0,0.0,0.0
R01,12,141,0,0.0,0.0,0.0,0.0
R01,12,142,0,0.0,0.0,0.0,0.0
R01,12,143,0,0.0,0.0,0.0,0.0
R01,12,144,0,0.0,0.0,0.0,0.0
R01,12,145,0,0.0,0.0,0.0,0.0
R01,12,146,0,0.0,0.0,0.0,0.0
R01,12,147,0,0.0,0.0,0.0,0.0
R01,12,148,0,0.0,0.0,0.0,0.0
R01,12,149,0,0.0,0.0,0.0,0.0
R01,12,150,0,0.0,0.0,0.0,0.0
R01,12,151,0,0.0,0.0,0.0,0.0
R01,12,152,0,0.0,0.0,0.0,0.0
R01,12,153,0,0.0,0.0,0.0,0.0
R01,12,154,0,0.0,0.0,0.0,0.0
R01,12,155,0,0.0,0.0,0.0,0.0
R01,12,156,0,0.0,0.0,0.0,0.0
R01,12,157,0,0.0,0.0,0.0,0.0
R01,12,158,0,0.0,0.0,0.0,0.0
R01,12,159,0,0.0,0.0,0.0,0.0
R01,12,160,0,0.0,0.0,0.0,0.0
R01,12,161,0,0.0,0.0,0.0,0.0
R01,12,162,0,0.0,0.0,0.0,0.0
R01,12,163,0,0.0,0.0,0.0,0.0
R01,12,164,0,0.0,0.0,0.0,0.0
R01,12,165,0,0.0,0.0,0.0,0.0
R01,12,166,0,0.0,0.0,0.0,0.0
R01,12,167,0,0.0,0.0,0.0,0.0
R01,12,168,0,0.0,0.0,0.0,0.0
R01,12,169,0,0.0,0.0,0.0,0.0
R01,12,170,0,0.0,0.0,0.0,0.0
R01,12,171,0,0.0,0.0,0.0,0.0
R01,12,172,0,0.0,0.0,0.0,0.0
R01,12,173,0,0.0,0.0,0.0,0.0
R01,12,174,0,0.0,0.0,0.0,0.0
R01,12,175,0,0.0,0.0,0.0,0.0
R01,12,176,0,0.0,0.0,0.0,0.0
R01,12,177,0,0.0,0.0,0.0,0.0
R01,12,178,0,0.0,0.0,0.0,0.0
R01,12,179,0,0.0,0.0,0.0,0.0
R01,12,180,0,0.0,0.0,0.0,0.0
R01,12,181,0,0.0,0.0,0.0,0.0
R01,12,182,0,0.0,0.0,0.0,0.0
R01,12,183,0,0.0,0.0,0.0,0.0
R01,12,184,0,0.0,0.0,0.0,0.0
R01,12,185,0,0.0,0.0,0.0,0.0
R01,12,186,0,0.0,0.0,0.0,0.0
R01,12,187,0,0.0,0.0,0.0,0.0
R01,12,188,0,0.0,0.0,0.0,0.0
R01,12,189,0,0.0,0.0,0.0,0.0
R01,12,190,0,0.0,0.0,0.0,0.0
R01,12,191,0,0.0,0.0,0.0,0.0
R01,12,192,0,0.0,0.0,0.0,0.0
R01,12,193,0,0.0,0.0,0.0,0.0
R01,12,194,0,0.0,0.0,0.0,0.0
R01,12,195,0,0.0,0.0,0.0,0.0
R01,12,196,0,0.0,0.0,0.0,0.0
R01,12,197,0,0.0,0.0,0.0,0.0
R01,12,198,0,0.0,0.0,0.0,0.0
R01,12,199,0,0.0,0.0,0.0,0.0
R01,12,200,0,0.0,0.0,0.0,0.0
R01,12,201,0,0.0,0.0,0.0,0.0
R01,12,202,0,0.0,0.0,0.0,0.0
R01,12,203,0,0.0,0.0,0.0,0.0
R01,12,204,0,0.0,0.0,0.0,0.0
R01,12,205,0,0.0,0.0,0.0,0.0
R01,12,206,0,0.0,0.0,0.0,0.0
R01,12,207,0,0.0,0.0,0.0,0.0
R01,12,208,0,0.0,0.0,0.0,0.0
R01,12,209,0,0.0,0.0,0.0,0.0
R01,12,210,0,0.0,0.0,0.0,0.0
R01,12,211,0,0.0,0.0,0.0,0.0
R01,12,212,0,0.0,0.0,0.0,0.0
R01,12,213,0,0.0,0.0,0.0,0.0
R01,12,214,0,0.0,0.0,0.0,0.0
R01,12,215,0,0.0,0.0,0.0,0.0
R01,12,216,0,0.0,0.0,0.0,0.0
R01,12,217,0,0.0,0.0,0.0,0.0
R01,12,218,0,0.0,0.0,0.0,0.0
R01,12,219,0,0.0,0.0,0.0,0.0
R01,12,220,0,0.0,0.0,0.0,0.0
R01,12,221,0,0.0,0.0,0.0,0.0
R01,12,222,0,0.0,0.0,0.0,0.0
R01,12,223,0,0.0,0.0,0.0,0.0
R01,12,224,0,0.0,0.0,0.0,0.0
R01,12,225,0,0.0,0.0,0.0,0.0
R01,12,226,0,0.0,0.0,0.0,0.0
R01,12,227,0,0.0,0.0,0.0,0.0
R01,12,228,0,0.0,0.0,0.0,0.0
R01,12,229,0,0.0,0.0,0.0,0.0
R01,12,230,0,0.0,0.0,0.0,0.0
R01,13,0,0,0.0,0.0,0.0,0.0
R01,13,1,0,0.0,0.0,0.0,0.0
R01,13,2,0,0.0,0.0,0.0,0.0
R01,13,3,0,0.0,0.0,0.0,0.0
R01,13,4,0,0.0,0.0,0.0,0.0
R01,13,5,0,0.0,0.0,0.0,0.0
R01,13,6,0,0.0,0.0,0.0,0.0
R01,13,7,0,0.0,0.0,0.0,0.0
R01,13,8,0,0.0,0.0,0.0,0.0
R01,13,9,0,0.0,0.0,0.0,0.0
R01,13,10,0,0.0,0.0,0.0,0.0
R01,13,11,0,0.0,0.0,0.0,0.0
R01,13,12,0,0.0,0.0,0.0,0.0
R01,13,13,0,0.0,0.0,0.0,0.0
R01,13,14,0,0.0,0.0,0.0,0.0
R01,13,15,0,0.0,0.0,0.0,0.0
R01,13,16,0,0.0,0.0,0.0,0.0
R01,13,17,0,0.0,0.0,0.0,0.0
R01,13,18,0,0.0,0.0,0.0,0.0
R01,13,19,0,0.0,0.0,0.0,0.0
R01,13,20,0,0.0,0.0,0.0,0.0
R01,13,21,0,0.0,0.0,0.0,0.0
R01,13,22,0,0.0,0.0,0.0,0.0
R01,13,23,0,0.0,0.0,0.0,0.0
R01,13,24,0,0.0,0.0,0.0,0.0
R01,13,25,0,0.0,0.0,0.0,0.0
R01,13,26,0,0.0,0.0,0.0,0.0
R01,13,27,0,0.0,0.0,0.0,0.0
R01,13,28,0,0.0,0.0,0.0,0.0
R01,13,29,0,0.0,0.0,0.0,0.0
R01,13,30,0,0.0,0.0,0.0,0.0
R01,13,31,0,0.0,0.0,0.0,0.0
R01,13,32,0,0.0,0.0,0.0,0.0
R01,13,33,0,0.0,0.0,0.0,0.0
R01,13,34,0,0.0,0.0,0.0,0.0
R01,13,35,0,0.0,0.0,0.0,0.0
R01,13,36,0,0.0,0.0,0.0,0.0
R01,13,37,0,0.0,0.0,0.0,0.0
R01,13,38,0,0.0,0.0,0.0,0.0
R01,13,39,0,0.0,0.0,0.0,0.0
R01,13,40,0,0.0,0.0,0.0,0.0
R01,13,41,0,0.0,0.0,0.0,0.0
R01,13,42,0,0.0,0.0,0.0,0.0
R01,13,43,0,0.0,0.0,0.0,0.0
R01,13,44,0,0.0,0.0,0.0,0.0
R01,13,45,0,0.0,0.0,0.0,0.0
R01,13,46,0,0.0,0.0,0.0,0.0
R01,13,47,0,0.0,0.0,0.0,0.0
R01,13,48,0,0.0,0.0,0.0,0.0
R01,13,49,0,0.0,0.0,0.0,0.0
R01,13,50,0,0.0,0.0,0.0,0.0
R01,13,51,0,0.0,0.0,0.0,0.0
R01,13,52,0,0.0,0.0,0.0,0.0
R01,13,53,0,0.0,0.0,0.0,0.0
R01,13,54,0,0.0,0.0,0.0,0.0
R01,13,55,0,0.0,0.0,0.0,0.0
R01,13,56,0,0.0,0.0,0.0,0.0
R01,13,57,0,0.0,0.0,0.0,0.0
R01,13,58,0,0.0,0.0,0.0,0.0
R01,13,59,0,0.0,0.0,0.0,0.0
R01,13,60,0,0.0,0.0,0.0,0.0
R01,13,61,0,0.0,0.0,0.0,0.0
R01,13,62,0,0.0,0.0,0.0,0.0
R01,13,63,0,0.0,0.0,0.0,0.0
R01,13,64,0,0.0,0.0,0.0,0.0
R01,13,65,0,0.0,0.0,0.0,0.0
R01,13,66,0,0.0,0.0,0.0,0.0
R01,13,67,0,0.0,0.0,0.0,0.0
R01,13,68,0,0.0,0.0,0.0,0.0
R01,13,69,0,0.0,0.0,0.0,0.0
R01,13,70,0,0.0,0.0,0.0,0.0
R01,13,71,0,0.0,0.0,0.0,0.0
R01,13,72,0,0.0,0.0,0.0,0.0
R01,13,73,0,0.0,0.0,0.0,0.0
R01,13,74,0,0.0,0.0,0.0,0.0
R01,13,75,0,0.0,0.0,0.0,0.0
R01,13,76,0,0.0,0.0,0.0,0.0
R01,13,77,0,0.0,0.0,0.0,0.0
R01,13,78,0,0.0,0.0,0.0,0.0
R01,13,79,0,0.0,0.0,0.0,0.0
R01,13,80,0,0.0,0.0,0.0,0.0
R01,13,81,0,0.0,0.0,0.0,0.0
R01,13,82,0,0.0,0.0,0.0,0.0
R01,13,83,0,0.0,0.0,0.0,0.0
R01,13,84,0,0.0,0.0,0.0,0.0
R01,13,85,0,0.0,0.0,0.0,0.0
R01,13,86,0,0.0,0.0,0.0,0.0
R01,13,87,0,0.0,0.0,0.0,0.0
R01,13,88,0,0.0,0.0,0.0,0.0
R01,13,89,0,0.0,0.0,0.0,0.0
R01,13,90,0,0.0,0.0,0.0,0.0
R01,13,91,0,0.0,0.0,0.0,0.0
R01,13,92,0,0.0,0.0,0.0,0.0
R01,13,93,0,0.0,0.0,0.0,0.0
R01,13,94,0,0.0,0.0,0.0,0.0
R01,13,95,0,0.0,0.0,0.0,0.0
R01,13,96,0,0.0,0.0,0.0,0.0
R01,13,97,0,0.0,0.0,0.0,0.0
R01,13,98,0,0.0,0.0,0.0,0.0
R01,13,99,0,0.0,0.0,0.0,0.0
R01,13,100,0,0.0,0.0,0.0,0.0
R01,13,101,0,0.0,0.0,0.0,0.0
R01,13,102,0,0.0,0.0,0.0,0.0
R01,13,103,0,0.0,0.0,0.0,0.0
R01,13,104,0,0.0,0.0,0.0,0.0
R01,13,105,0,0.0,0.0,0.0,0.0
R01,13,106,0,0.0,0.0,0.0,0.0
R01,13,107,0,0.0,0.0,0.0,0.0
R01,13,108,0,0.0,0.0,0.0,0.0
R01,13,109,0,0.0,0.0,0.0,0.0
R01,13,110,0,0.0,0.0,0.0,0.0
R01,13,111,0,0.0,0.0,0.0,0.0
R01,13,112,0,0.0,0.0,0.0,0.0
R01,13,113,0,0.0,0.0,0.0,0.0
R01,13,114,0,0.0,0.0,0.0,0.0
R01,13,115,0,0.0,0.0,0.0,0.0
R01,13,116,0,0.0,0.0,0.0,0.0
R01,13,117,0,0.0,0.0,0.0,0.0
R01,13,118,0,0.0,0.0,0.0,0.0
R01,13,119,0,0.0,0.0,0.0,0.0
R01,13,120,0,0.0,0.0,0.0,0.0
R01,13,121,0,0.0,0.0,0.0,0.0
R01,13,122,0,0.0,0.0,0.0,0.0
R01,13,123,0,0.0,0.0,0.0,0.0
R01,13,124,0,0.0,0.0,0.0,0.0
R01,13,125,0,0.0,0.0,0.0,0.0
R01,13,126,0,0.0,0.0,0.0,0.0
R01,13,127,0,0.0,0.0,0.0,0.0
R01,13,128,0,0.0,0.0,0.0,0.0
R01,13,129,0,0.0,0.0,0.0,0.0
R01,13,130,0,0.0,0.0,0.0,0.0
R01,13,131,0,0.0,0.0,0.0,0.0
R01,13,132,0,0.0,0.0,0.0,0.0
R01,13,133,0,0.0,0.0,0.0,0.0
R01,13,134,0,0.0,0.0,0.0,0.0
R01,13,135,0,0.0,0.0,0.0,0.0
R01,13,136,0,0.0,0.0,0.0,0.0
R01,13,137,0,0.0,0.0,0.0,0.0
R01,13,138,0,0.0,0.0,0.0,0.0
R01,13,139,0,0.0,0.0,0.0,0.0
R01,13,140,0,0.0,0.0,0.0,0.0
R01,13,141,0,0.0,0.0,0.0,0.0
R01,13,142,0,0.0,0.0,0.0,0.0
R01,13,143,0,0.0,0.0,0.0,0.0
R01,13,144,0,0.0,0.0,0.0,0.0
R01,13,145,0,0.0,0.0,0.0,0.0
R01,13,146,0,0.0,0.0,0.0,0.0
R01,13,147,0,0.0,0.0,0.0,0.0
R01,13,148,0,0.0,0.0,0.0,0.0
R01,13,149,0,0.0,0.0,0.0,0.0
R01,13,150,0,0.0,0.0,0.0,0.0
R01,13,151,0,0.0,0.0,0.0,0.0
R01,13,152,0,0.0,0.0,0.0,0.0
R01,13,153,0,0.0,0.0,0.0,0.0
R01,13,154,0,0.0,0.0,0.0,0.0
R01,13,155,0,0.0,0.0,0.0,0.0
R01,13,156,0,0.0,0.0,0.0,0.0
R01,13,157,0,0.0,0.0,0.0,0.0
R01,13,158,0,0.0,0.0,0.0,0.0
R01,13,159,0,0.0,0.0,0.0,0.0
R01,13,160,0,0.0,0.0,0.0,0.0
R01,13,161,0,0.0,0.0,0.0,0.0
R01,13,162,0,0.0,0.0,0.0,0.0
R01,13,163,0,0.0,0.0,0.0,0.0
R01,13,164,0,0.0,0.0,0.0,0.0
R01,13,165,0,0.0,0.0,0.0,0.0
R01,13,166,0,0.0,0.0,0.0,0.0
R01,13,167,0,0.0,0.0,0.0,0.0
R01,13,168,0,0.0,0.0,0.0,0.0
R01,13,169,0,0.0,0.0,0.0,0.0
R01,13,170,0,0.0,0.0,0.0,0.0
R01,13,171,0,0.0,0.0,0.0,0.0
R01,13,172,0,0.0,0.0,0.0,0.0
R01,13,173,0,0.0,0.0,0.0,0.0
R01,13,174,0,0.0,0.0,0.0,0.0
R01,13,175,0,0.0,0.0,0.0,0.0
R01,13,176,0,0.0,0.0,0.0,0.0
R01,13,177,0,0.0,0.0,0.0,0.0
R01,13,178,0,0.0,0.0,0.0,0.0
R01,13,179,0,0.0,0.0,0.0,0.0
R01,13,180,0,0.0,0.0,0.0,0.0
R01,13,181,0,0.0,0.0,0.0,0.0
R01,13,182,0,0.0,0.0,0.0,0.0
R01,13,183,0,0.0,0.0,0.0,0.0
R01,13,184,0,0.0,0.0,0.0,0.0
R01,13,185,0,0.0,0.0,0.0,0.0
R01,13,186,0,0.0,0.0,0.0,0.0
R01,13,187,0,0.0,0.0,0.0,0.0
R01,13,188,0,0.0,0.0,0.0,0.0
R01,13,189,0,0.0,0.0,0.0,0.0
R01,13,190,0,0.0,0.0,0.0,0.0
R01,13,191,0,0.0,0.0,0.0,0.0
R01,13,192,0,0.0,0.0,0.0,0.0
R01,13,193,0,0.0,0.0,0.0,0.0
R01,13,194,0,0.0,0.0,0.0,0.0
R01,13,195,0,0.0,0.0,0.0,0.0
R01,13,196,0,0.0,0.0,0.0,0.0
R01,13,197,0,0.0,0.0,0.0,0.0
R01,13,198,0,0.0,0.0,0.0,0.0
R01,13,199,0,0.0,0.0,0.0,0.0
R01,13,200,0,0.0,0.0,0.0,0.0
R01,13,201,0,0.0,0.0,0.0,0.0
R01,13,202,0,0.0,0.0,0.0,0.0
R01,13,203,0,0.0,0.0,0.0,0.0
R01,13,204,0,0.0,0.0,0.0,0.0
R01,13,205,0,0.0,0.0,0.0,0.0
R01,13,206,0,0.0,0.0,0.0,0.0
R01,13,207,0,0.0,0.0,0.0,0.0
R01,13,208,0,0.0,0.0,0.0,0.0
R01,13,209,0,0.0,0.0,0.0,0.0
R01,13,210,0,0.0,0.0,0.0,0.0
R01,13,211,0,0.0,0.0,0.0,0.0
R01,13,212,0,0.0,0.0,0.0,0.0
R01,13,213,0,0.0,0.0,0.0,0.0
R01,13,214,0,0.0,0.0,0.0,0.0
R01,13,215,0,0.0,0.0,0.0,0.0
R01,13,216,0,0.0,0.0,0.0,0.0
R01,13,217,0,0.0,0.0,0.0,0.0
R01,13,218,0,0.0,0.0,0.0,0.0
R01,13,219,0,0.0,0.0,0.0,0.0
R01,13,220,0,0.0,0.0,0.0,0.0
R01,13,221,0,0.0,0.0,0.0,0.0
R01,13,222,0,0.0,0.0,0.0,0.0
R01,13,223,0,0.0,0.0,0.0,0.0
R01,13,224,0,0.0,0.0,0.0,0.0
R01,13,225,0,0.0,0.0,0.0,0.0
R01,13,226,0,0.0,0.0,0.0,0.0
R01,13,227,0,0.0,0.0,0.0,0.0
R01,13,228,0,0.0,0.0,0.0,0.0
R01,14,0,0,0.0,0.0,0.0,0.0
R01,14,1,0,0.0,0.0,0.0,0.0
R01,14,2,0,0.0,0.0,0.0,0.0
R01,14,3,0,0.0,0.0,0.0,0.0
R01,14,4,0,0.0,0.0,0.0,0.0
R01,14,5,0,0.0,0.0,0.0,0.0
R01,14,6,0,0.0,0.0,0.0,0.0
R01,14,7,0,0.0,0.0,0.0,0.0
R01,14,8,0,0.0,0.0,0.0,0.0
R01,14,9,0,0.0,0.0,0.0,0.0
R01,14,10,0,0.0,0.0,0.0,0.0
R01,14,11,0,0.0,0.0,0.0,0.0
R01,14,12,0,0.0,0.0,0.0,0.0
R01,14,13,0,0.0,0.0,0.0,0.0
R01,14,14,0,0.0,0.0,0.0,0.0
R01,14,15,0,0.0,0.0,0.0,0.0
R01,14,16,0,0.0,0.0,0.0,0.0
R01,14,17,0,0.0,0.0,0.0,0.0
R01,14,18,0,0.0,0.0,0.0,0.0
R01,14,19,0,0.0,0.0,0.0,0.0
R01,14,20,0,0.0,0.0,0.0,0.0
R01,14,21,0,0.0,0.0,0.0,0.0
R01,14,22,0,0.0,0.0,0.0,0.0
R01,14,23,0,0.0,0.0,0.0,0.0
R01,14,24,0,0.0,0.0,0.0,0.0
R01,14,25,0,0.0,0.0,0.0,0.0
R01,14,26,0,0.0,0.0,0.0,0.0
R01,14,27,0,0.0,0.0,0.0,0.0
R01,14,28,0,0.0,0.0,0.0,0.0
R01,14,29,0,0.0,0.0,0.0,0.0
R01,14,30,0,0.0,0.0,0.0,0.0
R01,14,31,0,0.0,0.0,0.0,0.0
R01,14,32,0,0.0,0.0,0.0,0.0
R01,14,33,0,0.0,0.0,0.0,0.0
R01,14,34,0,0.0,0.0,0.0,0.0
R01,14,35,0,0.0,0.0,0.0,0.0
R01,14,36,0,0.0,0.0,0.0,0.0
R01,14,37,0,0.0,0.0,0.0,0.0
R01,14,38,0,0.0,0.0,0.0,0.0
R01,14,39,0,0.0,0.0,0.0,0.0
R01,14,40,0,0.0,0.0,0.0,0.0
R01,14,41,0,0.0,0.0,0.0,0.0
R01,14,42,0,0.0,0.0,0.0,0.0
R01,14,43,0,0.0,0.0,0.0,0.0
R01,14,44,0,0.0,0.0,0.0,0.0
R01,14,45,0,0.0,0.0,0.0,0.0
R01,14,46,0,0.0,0.0,0.0,0.0
R01,14,47,0,0.0,0.0,0.0,0.0
R01,14,48,0,0.0,0.0,0.0,0.0
R01,14,49,0,0.0,0.0,0.0,0.0
R01,14,50,0,0.0,0.0,0.0,0.0
R01,14,51,0,0.0,0.0,0.0,0.0
R01,14,52,0,0.0,0.0,0.0,0.0
R01,14,53,0,0.0,0.0,0.0,0.0
R01,14,54,0,0.0,0.0,0.0,0.0
R01,14,55,0,0.0,0.0,0.0,0.0
R01,14,56,0,0.0,0.0,0.0,0.0
R01,14,57,0,0.0,0.0,0.0,0.0
R01,14,58,0,0.0,0.0,0.0,0.0
R01,14,59,0,0.0,0.0,0.0,0.0
R01,14,60,0,0.0,0.0,0.0,0.0
R01,14,61,0,0.0,0.0,0.0,0.0
R01,14,62,0,0.0,0.0,0.0,0.0
R01,14,63,0,0.0,0.0,0.0,0.0
R01,14,64,0,0.0,0.0,0.0,0.0
R01,14,65,0,0.0,0.0,0.0,0.0
R01,14,66,0,0.0,0.0,0.0,0.0
R01,14,67,0,0.0,0.0,0.0,0.0
R01,14,68,0,0.0,0.0,0.0,0.0
R01,14,69,0,0.0,0.0,0.0,0.0
R01,14,70,0,0.0,0.0,0.0,0.0
R01,14,71,0,0.0,0.0,0.0,0.0
R01,14,72,0,0.0,0.0,0.0,0.0
R01,14,73,0,0.0,0.0,0.0,0.0
R01,14,74,0,0.0,0.0,0.0,0.0
R01,14,75,0,0.0,0.0,0.0,0.0
R01,14,76,0,0.0,0.0,0.0,0.0
R01,14,77,0,0.0,0.0,0.0,0.0
R01,14,78,0,0.0,0.0,0.0,0.0
R01,14,79,0,0.0,0.0,0.0,0.0
R01,14,80,0,0.0,0.0,0.0,0.0
R01,14,81,0,0.0,0.0,0.0,0.0
R01,14,82,0,0.0,0.0,0.0,0.0
R01,14,83,0,0.0,0.0,0.0,0.0
R01,14,84,0,0.0,0.0,0.0,0.0
R01,14,85,0,0.0,0.0,0.0,0.0
R01,14,86,0,0.0,0.0,0.0,0.0
R01,14,87,0,0.0,0.0,0.0,0.0
R01,14,88,0,0.0,0.0,0.0,0.0
R01,14,89,0,0.0,0.0,0.0,0.0
R01,14,90,0,0.0,0.0,0.0,0.0
R01,14,91,0,0.0,0.0,0.0,0.0
R01,14,92,0,0.0,0.0,0.0,0.0
R01,14,93,0,0.0,0.0,0.0,0.0
R01,14,94,0,0.0,0.0,0.0,0.0
R01,14,95,0,0.0,0.0,0.0,0.0
R01,14,96,0,0.0,0.0,0.0,0.0
R01,14,97,0,0.0,0.0,0.0,0.0
R01,14,98,0,0.0,0.0,0.0,0.0
R01,14,99,0,0.0,0.0,0.0,0.0
R01,14,100,0,0.0,0.0,0.0,0.0
R01,14,101,0,0.0,0.0,0.0,0.0
R01,14,102,0,0.0,0.0,0.0,0.0
R01,14,103,0,0.0,0.0,0.0,0.0
R01,14,104,0,0.0,0.0,0.0,0.0
R01,14,105,0,0.0,0.0,0.0,0.0
R01,14,106,0,0.0,0.0,0.0,0.0
R01,14,107,0,0.0,0.0,0.0,0.0
R01,14,108,0,0.0,0.0,0.0,0.0
R01,14,109,0,0.0,0.0,0.0,0.0
R01,14,110,0,0.0,0.0,0.0,0.0
R01,14,111,0,0.0,0.0,0.0,0.0
R01,14,112,0,0.0,0.0,0.0,0.0
R01,14,113,0,0.0,0.0,0.0,0.0
R01,14,114,0,0.0,0.0,0.0,0.0
R01,14,115,0,0.0,0.0,0.0,0.0
R01,14,116,0,0.0,0.0,0.0,0.0
R01,14,117,0,0.0,0.0,0.0,0.0
R01,14,118,0,0.0,0.0,0.0,0.0
R01,14,119,0,0.0,0.0,0.0,0.0
R01,14,120,0,0.0,0.0,0.0,0.0
R01,14,121,0,0.0,0.0,0.0,0.0
R01,14,122,0,0.0,0.0,0.0,0.0
R01,14,123,0,0.0,0.0,0.0,0.0
R01,14,124,0,0.0,0.0,0.0,0.0
R01,14,125,0,0.0,0.0,0.0,0.0
R01,14,126,0,0.0,0.0,0.0,0.0
R01,14,127,0,0.0,0.0,0.0,0.0
R01,14,128,0,0.0,0.0,0.0,0.0
R01,14,129,0,0.0,0.0,0.0,0.0
R01,14,130,0,0.0,0.0,0.0,0.0
R01,14,131,0,0.0,0.0,0.0,0.0
R01,14,132,0,0.0,0.0,0.0,0.0
R01,14,133,0,0.0,0.0,0.0,0.0
R01,14,134,0,0.0,0.0,0.0,0.0
R01,14,135,0,0.0,0.0,0.0,0.0
R01,14,136,0,0.0,0.0,0.0,0.0
R01,14,137,0,0.0,0.0,0.0,0.0
R01,14,138,0,0.0,0.0,0.0,0.0
R01,14,139,0,0.0,0.0,0.0,0.0
R01,14,140,0,0.0,0.0,0.0,0.0
R01,14,141,0,0.0,0.0,0.0,0.0
R01,14,142,0,0.0,0.0,0.0,0.0
R01,14,143,0,0.0,0.0,0.0,0.0
R01,14,144,0,0.0,0.0,0.0,0.0
R01,14,145,0,0.0,0.0,0.0,0.0
R01,14,146,0,0.0,0.0,0.0,0.0
R01,14,147,0,0.0,0.0,0.0,0.0
R01,14,148,0,0.0,0.0,0.0,0.0
R01,14,149,0,0.0,0.0,0.0,0.0
R01,14,150,0,0.0,0.0,0.0,0.0
R01,14,151,0,0.0,0.0,0.0,0.0
R01,14,152,0,0.0,0.0,0.0,0.0
R01,14,153,0,0.0,0.0,0.0,0.0
R01,14,154,0,0.0,0.0,0.0,0.0
R01,14,155,0,0.0,0.0,0.0,0.0
R01,14,156,0,0.0,0.0,0.0,0.0
R01,14,157,0,0.0,0.0,0.0,0.0
R01,14,158,0,0.0,0.0,0.0,0.0
R01,14,159,0,0.0,0.0,0.0,0.0
R01,14,160,0,0.0,0.0,0.0,0.0
R01,14,161,0,0.0,0.0,0.0,0.0
R01,14,162,0,0.0,0.0,0.0,0.0
R01,14,163,0,0.0,0.0,0.0,0.0
R01,14,164,0,0.0,0.0,0.0,0.0
R01,14,165,0,0.0,0.0,0.0,0.0
R01,14,166,0,0.0,0.0,0.0,0.0
R01,14,167,0,0.0,0.0,0.0,0.0
R01,14,168,0,0.0,0.0,0.0,0.0
R01,14,169,0,0.0,0.0,0.0,0.0
R01,14,170,0,0.0,0.0,0.0,0.0
R01,14,171,0,0.0,0.0,0.0,0.0
R01,14,172,0,0.0,0.0,0.0,0.0
R01,14,173,0,0.0,0.0,0.0,0.0
R01,14,174,0,0.0,0.0,0.0,0.0
R01,14,175,0,0.0,0.0,0.0,0.0
R01,14,176,0,0.0,0.0,0.0,0.0
R01,14,177,0,0.0,0.0,0.0,0.0
R01,14,178,0,0.0,0.0,0.0,0.0
R01,14,179,0,0.0,0.0,0.0,0.0
R01,14,180,0,0.0,0.0,0.0,0.0
R01,14,181,0,0.0,0.0,0.0,0.0
R01,14,182,0,0.0,0.0,0.0,0.0
R01,14,183,0,0.0,0.0,0.0,0.0
R01,14,184,0,0.0,0.0,0.0,0.0
R01,14,185,0,0.0,0.0,0.0,0.0
R01,14,186,0,0.0,0.0,0.0,0.0
R01,14,187,0,0.0,0.0,0.0,0.0
R01,14,188,0,0.0,0.0,0.0,0.0
R01,14,189,0,0.0,0.0,0.0,0.0
R01,14,190,0,0.0,0.0,0.0,0.0
R01,14,191,0,0.0,0.0,0.0,0.0
R01,14,192,0,0.0,0.0,0.0,0.0
R01,14,193,0,0.0,0.0,0.0,0.0
R01,14,194,0,0.0,0.0,0.0,0.0
R01,14,195,0,0.0,0.0,0.0,0.0
R01,14,196,0,0.0,0.0,0.0,0.0
R01,14,197,0,0.0,0.0,0.0,0.0
R01,14,198,0,0.0,0.0,0.0,0.0
R01,14,199,0,0.0,0.0,0.0,0.0
R01,14,200,0,0.0,0.0,0.0,0.0
R01,14,201,0,0.0,0.0,0.0,0.0
R01,14,202,0,0.0,0.0,0.0,0.0
R01,14,203,0,0.0,0.0,0.0,0.0
R01,14,204,0,0.0,0.0,0.0,0.0
R01,14,205,0,0.0,0.0,0.0,0.0
R01,14,206,0,0.0,0.0,0.0,0.0
R01,14,207,0,0.0,0.0,0.0,0.0
R01,14,208,0,0.0,0.0,0.0,0.0
R01,14,209,0,0.0,0.0,0.0,0.0
R01,14,210,0,0.0,0.0,0.0,0.0
R01,14,211,0,0.0,0.0,0.0,0.0
R01,14,212,0,0.0,0.0,0.0,0.0
R01,14,213,0,0.0,0.0,0.0,0.0
R01,14,214,0,0.0,0.0,0.0,0.0
R01,14,215,0,0.0,0.0,0.0,0.0
R01,14,216,0,0.0,0.0,0.0,0.0
R01,14,217,0,0.0,0.0,0.0,0.0
R01,14,218,0,0.0,0.0,0.0,0.0
R01,14,219,0,0.0,0.0,0.0,0.0
R01,14,220,0,0.0,0.0,0.0,0.0
R01,14,221,0,0.0,0.0,0.0,0.0
R01,14,222,0,0.0,0.0,0.0,0.0
R01,14,223,0,0.0,0.0,0.0,0.0
R01,14,224,0,0.0,0.0,0.0,0.0
R01,14,225,0,0.0,0.0,0.0,0.0
R01,14,226,0,0.0,0.0,0.0,0.0
R01,14,227,0,0.0,0.0,0.0,0.0
R01,14,228,0,0.0,0.0,0.0,0.0
R01,14,229,0,0.0,0.0,0.0,0.0
R01,15,0,0,0.0,0.0,0.0,0.0
R01,15,1,0,0.0,0.0,0.0,0.0
R01,15,2,0,0.0,0.0,0.0,0.0
R01,15,3,0,0.0,0.0,0.0,0.0
R01,15,4,0,0.0,0.0,0.0,0.0
R01,15,5,0,0.0,0.0,0.0,0.0
R01,15,6,0,0.0,0.0,0.0,0.0
R01,15,7,0,0.0,0.0,0.0,0.0
R01,15,8,0,0.0,0.0,0.0,0.0
R01,15,9,0,0.0,0.0,0.0,0.0
R01,15,10,0,0.0,0.0,0.0,0.0
R01,15,11,0,0.0,0.0,0.0,0.0
R01,15,12,0,0.0,0.0,0.0,0.0
R01,15,13,0,0.0,0.0,0.0,0.0
R01,15,14,0,0.0,0.0,0.0,0.0
R01,15,15,0,0.0,0.0,0.0,0.0
R01,15,16,0,0.0,0.0,0.0,0.0
R01,15,17,0,0.0,0.0,0.0,0.0
R01,15,18,0,0.0,0.0,0.0,0.0
R01,15,19,0,0.0,0.0,0.0,0.0
R01,15,20,0,0.0,0.0,0.0,0.0
R01,15,21,0,0.0,0.0,0.0,0.0
R01,15,22,0,0.0,0.0,0.0,0.0
R01,15,23,0,0.0,0.0,0.0,0.0
R01,15,24,0,0.0,0.0,0.0,0.0
R01,15,25,0,0.0,0.0,0.0,0.0
R01,15,26,0,0.0,0.0,0.0,0.0
R01,15,27,0,0.0,0.0,0.0,0.0
R01,15,28,0,0.0,0.0,0.0,0.0
R01,15,29,0,0.0,0.0,0.0,0.0
R01,15,30,0,0.0,0.0,0.0,0.0
R01,15,31,0,0.0,0.0,0.0,0.0
R01,15,32,0,0.0,0.0,0.0,0.0
R01,15,33,0,0.0,0.0,0.0,0.0
R01,15,34,0,0.0,0.0,0.0,0.0
R01,15,35,0,0.0,0.0,0.0,0.0
R01,15,36,0,0.0,0.0,0.0,0.0
R01,15,37,0,0.0,0.0,0.0,0.0
R01,15,38,0,0.0,0.0,0.0,0.0
R01,15,39,0,0.0,0.0,0.0,0.0
R01,15,40,0,0.0,0.0,0.0,0.0
R01,15,41,0,0.0,0.0,0.0,0.0
R01,15,42,0,0.0,0.0,0.0,0.0
R01,15,43,0,0.0,0.0,0.0,0.0
R01,15,44,0,0.0,0.0,0.0,0.0
R01,15,45,0,0.0,0.0,0.0,0.0
R01,15,46,0,0.0,0.0,0.0,0.0
R01,15,47,0,0.0,0.0,0.0,0.0
R01,15,48,0,0.0,0.0,0.0,0.0
R01,15,49,0,0.0,0.0,0.0,0.0
R01,15,50,0,0.0,0.0,0.0,0.0
R01,15,51,0,0.0,0.0,0.0,0.0
R01,15,52,0,0.0,0.0,0.0,0.0
R01,15,53,0,0.0,0.0,0.0,0.0
R01,15,54,0,0.0,0.0,0.0,0.0
R01,15,55,0,0.0,0.0,0.0,0.0
R01,15,56,0,0.0,0.0,0.0,0.0
R01,15,57,0,0.0,0.0,0.0,0.0
R01,15,58,0,0.0,0.0,0.0,0.0
R01,15,59,0,0.0,0.0,0.0,0.0
R01,15,60,0,0.0,0.0,0.0,0.0
R01,15,61,0,0.0,0.0,0.0,0.0
R01,15,62,0,0.0,0.0,0.0,0.0
R01,15,63,0,0.0,0.0,0.0,0.0
R01,15,64,0,0.0,0.0,0.0,0.0
R01,15,65,0,0.0,0.0,0.0,0.0
R01,15,66,0,0.0,0.0,0.0,0.0
R01,15,67,0,0.0,0.0,0.0,0.0
R01,15,68,0,0.0,0.0,0.0,0.0
R01,15,69,0,0.0,0.0,0.0,0.0
R01,15,70,0,0.0,0.0,0.0,0.0
R01,15,71,0,0.0,0.0,0.0,0.0
R01,15,72,0,0.0,0.0,0.0,0.0
R01,15,73,0,0.0,0.0,0.0,0.0
R01,15,74,0,0.0,0.0,0.0,0.0
R01,15,75,0,0.0,0.0,0.0,0.0
R01,15,76,0,0.0,0.0,0.0,0.0
R01,15,77,0,0.0,0.0,0.0,0.0
R01,15,78,0,0.0,0.0,0.0,0.0
R01,15,79,0,0.0,0.0,0.0,0.0
R01,15,80,0,0.0,0.0,0.0,0.0
R01,15,81,0,0.0,0.0,0.0,0.0
R01,15,82,0,0.0,0.0,0.0,0.0
R01,15,83,0,0.0,0.0,0.0,0.0
R01,15,84,0,0.0,0.0,0.0,0.0
R01,15,85,0,0.0,0.0,0.0,0.0
R01,15,86,0,0.0,0.0,0.0,0.0
R01,15,87,0,0.0,0.0,0.0,0.0
R01,15,88,0,0.0,0.0,0.0,0.0
R01,15,89,0,0.0,0.0,0.0,0.0
R01,15,90,0,0.0,0.0,0.0,0.0
R01,15,91,0,0.0,0.0,0.0,0.0
R01,15,92,0,0.0,0.0,0.0,0.0
R01,15,93,0,0.0,0.0,0.0,0.0
R01,15,94,0,0.0,0.0,0.0,0.0
R01,15,95,0,0.0,0.0,0.0,0.0
R01,15,96,0,0.0,0.0,0.0,0.0
R01,15,97,0,0.0,0.0,0.0,0.0
R01,15,98,0,0.0,0.0,0.0,0.0
R01,15,99,0,0.0,0.0,0.0,0.0
R01,15,100,0,0.0,0.0,0.0,0.0
R01,15,101,0,0.0,0.0,0.0,0.0
R01,15,102,0,0.0,0.0,0.0,0.0
R01,15,103,0,0.0,0.0,0.0,0.0
R01,15,104,0,0.0,0.0,0.0,0.0
R01,15,105,0,0.0,0.0,0.0,0.0
R01,15,106,0,0.0,0.0,0.0,0.0
R01,15,107,0,0.0,0.0,0.0,0.0
R01,15,108,0,0.0,0.0,0.0,0.0
R01,15,109,0,0.0,0.0,0.0,0.0
R01,15,110,0,0.0,0.0,0.0,0.0
R01,15,111,0,0.0,0.0,0.0,0.0
R01,15,112,0,0.0,0.0,0.0,0.0
R01,15,113,0,0.0,0.0,0.0,0.0
R01,15,114,0,0.0,0.0,0.0,0.0
R01,15,115,0,0.0,0.0,0.0,0.0
R01,15,116,0,0.0,0.0,0.0,0.0
R01,15,117,0,0.0,0.0,0.0,0.0
R01,15,118,0,0.0,0.0,0.0,0.0
R01,15,119,0,0.0,0.0,0.0,0.0
R01,15,120,0,0.0,0.0,0.0,0.0
R01,15,121,0,0.0,0.0,0.0,0.0
R01,15,122,0,0.0,0.0,0.0,0.0
R01,15,123,0,0.0,0.0,0.0,0.0
R01,15,124,0,0.0,0.0,0.0,0.0
R01,15,125,0,0.0,0.0,0.0,0.0
R01,15,126,0,0.0,0.0,0.0,0.0
R01,15,127,0,0.0,0.0,0.0,0.0
R01,15,128,0,0.0,0.0,0.0,0.0
R01,15,129,0,0.0,0.0,0.0,0.0
R01,15,130,0,0.0,0.0,0.0,0.0
R01,15,131,0,0.0,0.0,0.0,0.0
R01,15,132,0,0.0,0.0,0.0,0.0
R01,15,133,0,0.0,0.0,0.0,0.0
R01,15,134,0,0.0,0.0,0.0,0.0
R01,15,135,0,0.0,0.0,0.0,0.0
R01,15,136,0,0.0,0.0,0.0,0.0
R01,15,137,0,0.0,0.0,0.0,0.0
R01,15,138,0,0.0,0.0,0.0,0.0
R01,15,139,0,0.0,0.0,0.0,0.0
R01,15,140,0,0.0,0.0,0.0,0.0
R01,15,141,0,0.0,0.0,0.0,0.0
R01,15,142,0,0.0,0.0,0.0,0.0
R01,15,143,0,0.0,0.0,0.0,0.0
R01,15,144,0,0.0,0.0,0.0,0.0
R01,15,145,0,0.0,0.0,0.0,0.0
R01,15,146,0,0.0,0.0,0.0,0.0
R01,15,147,0,0.0,0.0,0.0,0.0
R01,15,148,0,0.0,0.0,0.0,0.0
R01,15,149,0,0.0,0.0,0.0,0.0
R01,15,150,0,0.0,0.0,0.0,0.0
R01,15,151,0,0.0,0.0,0.0,0.0
R01,15,152,0,0.0,0.0,0.0,0.0
R01,15,153,0,0.0,0.0,0.0,0.0
R01,15,154,0,0.0,0.0,0.0,0.0
R01,15,155,0,0.0,0.0,0.0,0.0
R01,15,156,0,0.0,0.0,0.0,0.0
R01,15,157,0,0.0,0.0,0.0,0.0
R01,15,158,0,0.0,0.0,0.0,0.0
R01,15,159,0,0.0,0.0,0.0,0.0
R01,15,160,0,0.0,0.0,0.0,0.0
R01,15,161,0,0.0,0.0,0.0,0.0
R01,15,162,0,0.0,0.0,0.0,0.0
R01,15,163,0,0.0,0.0,0.0,0.0
R01,15,164,0,0.0,0.0,0.0,0.0
R01,15,165,0,0.0,0.0,0.0,0.0
R01,15,166,0,0.0,0.0,0.0,0.0
R01,15,167,0,0.0,0.0,0.0,0.0
R01,15,168,0,0.0,0.0,0.0,0.0
R01,15,169,0,0.0,0.0,0.0,0.0
R01,15,170,0,0.0,0.0,0.0,0.0
R01,15,171,0,0.0,0.0,0.0,0.0
R01,15,172,0,0.0,0.0,0.0,0.0
R01,15,173,0,0.0,0.0,0.0,0.0
R01,15,174,0,0.0,0.0,0.0,0.0
R01,15,175,0,0.0,0.0,0.0,0.0
R01,15,176,0,0.0,0.0,0.0,0.0
R01,15,177,0,0.0,0.0,0.0,0.0
R01,15,178,0,0.0,0.0,0.0,0.0
R01,15,179,0,0.0,0.0,0.0,0.0
R01,15,180,0,0.0,0.0,0.0,0.0
R01,15,181,0,0.0,0.0,0.0,0.0
R01,15,182,0,0.0,0.0,0.0,0.0
R01,15,183,0,0.0,0.0,0.0,0.0
R01,15,184,0,0.0,0.0,0.0,0.0
R01,15,185,0,0.0,0.0,0.0,0.0
R01,15,186,0,0.0,0.0,0.0,0.0
R01,15,187,0,0.0,0.0,0.0,0.0
R01,15,188,0,0.0,0.0,0.0,0.0
R01,15,189,0,0.0,0.0,0.0,0.0
R01,15,190,0,0.0,0.0,0.0,0.0
R01,15,191,0,0.0,0.0,0.0,0.0
R01,15,192,0,0.0,0.0,0.0,0.0
R01,15,193,0,0.0,0.0,0.0,0.0
R01,15,194,0,0.0,0.0,0.0,0.0
R01,15,195,0,0.0,0.0,0.0,0.0
R01,15,196,0,0.0,0.0,0.0,0.0
R01,15,197,0,0.0,0.0,0.0,0.0
R01,15,198,0,0.0,0.0,0.0,0.0
R01,15,199,0,0.0,0.0,0.0,0.0
R01,15,200,0,0.0,0.0,0.0,0.0
R01,15,201,0,0.0,0.0,0.0,0.0
R01,15,202,0,0.0,0.0,0.0,0.0
R01,15,203,0,0.0,0.0,0.0,0.0
R01,15,204,0,0.0,0.0,0.0,0.0
R01,15,205,0,0.0,0.0,0.0,0.0
R01,15,206,0,0.0,0.0,0.0,0.0
R01,15,207,0,0.0,0.0,0.0,0.0
R01,15,208,0,0.0,0.0,0.0,0.0
R01,15,209,0,0.0,0.0,0.0,0.0
R01,15,210,0,0.0,0.0,0.0,0.0
R01,15,211,0,0.0,0.0,0.0,0.0
R01,15,212,0,0.0,0.0,0.0,0.0
R01,15,213,0,0.0,0.0,0.0,0.0
R01,15,214,0,0.0,0.0,0.0,0.0
R01,15,215,0,0.0,0.0,0.0,0.0
R01,15,216,0,0.0,0.0,0.0,0.0
R01,15,217,0,0.0,0.0,0.0,0.0
R01,15,218,0,0.0,0.0,0.0,0.0
R01,15,219,0,0.0,0.0,0.0,0.0
R01,15,220,0,0.0,0.0,0.0,0.0
R01,15,221,0,0.0,0.0,0.0,0.0
R01,15,222,0,0.0,0.0,0.0,0.0
R01,15,223,0,0.0,0.0,0.0,0.0
R01,15,224,0,0.0,0.0,0.0,0.0
R01,15,225,0,0.0,0.0,0.0,0.0
R01,15,226,0,0.0,0.0,0.0,0.0
R01,15,227,0,0.0,0.0,0.0,0.0
R02,01,0,0,0.0,0.0,0.0,0.0
R02,01,1,0,0.0,0.0,0.0,0.0
R02,01,2,0,0.0,0.0,0.0,0.0
R02,01,3,0,0.0,0.0,0.0,0.0
R02,01,4,0,0.0,0.0,0.0,0.0
R02,01,5,0,0.0,0.0,0.0,0.0
R02,01,6,0,0.0,0.0,0.0,0.0
R02,01,7,0,0.0,0.0,0.0,0.0
R02,01,8,0,0.0,0.0,0.0,0.0
R02,01,9,0,0.0,0.0,0.0,0.0
R02,01,10,0,0.0,0.0,0.0,0.0
R02,01,11,0,0.0,0.0,0.0,0.0
R02,01,12,0,0.0,0.0,0.0,0.0
R02,01,13,0,0.0,0.0,0.0,0.0
R02,01,14,0,0.0,0.0,0.0,0.0
R02,01,15,0,0.0,0.0,0.0,0.0
R02,01,16,0,0.0,0.0,0.0,0.0
R02,01,17,0,0.0,0.0,0.0,0.0
R02,01,18,0,0.0,0.0,0.0,0.0
R02,01,19,0,0.0,0.0,0.0,0.0
R02,01,20,0,0.0,0.0,0.0,0.0
R02,01,21,0,0.0,0.0,0.0,0.0
R02,01,22,0,0.0,0.0,0.0,0.0
R02,01,23,0,0.0,0.0,0.0,0.0
R02,01,24,0,0.0,0.0,0.0,0.0
R02,01,25,0,0.0,0.0,0.0,0.0
R02,01,26,0,0.0,0.0,0.0,0.0
R02,01,27,0,0.0,0.0,0.0,0.0
R02,01,28,0,0.0,0.0,0.0,0.0
R02,01,29,0,0.0,0.0,0.0,0.0
R02,01,30,0,0.0,0.0,0.0,0.0
R02,01,31,0,0.0,0.0,0.0,0.0
R02,01,32,0,0.0,0.0,0.0,0.0
R02,01,33,0,0.0,0.0,0.0,0.0
R02,01,34,0,0.0,0.0,0.0,0.0
R02,01,35,0,0.0,0.0,0.0,0.0
R02,01,36,0,0.0,0.0,0.0,0.0
R02,01,37,0,0.0,0.0,0.0,0.0
R02,01,38,0,0.0,0.0,0.0,0.0
R02,01,39,0,0.0,0.0,0.0,0.0
R02,01,40,0,0.0,0.0,0.0,0.0
R02,01,41,0,0.0,0.0,0.0,0.0
R02,01,42,0,0.0,0.0,0.0,0.0
R02,01,43,0,0.0,0.0,0.0,0.0
R02,01,44,0,0.0,0.0,0.0,0.0
R02,01,45,0,0.0,0.0,0.0,0.0
R02,01,46,0,0.0,0.0,0.0,0.0
R02,01,47,0,0.0,0.0,0.0,0.0
R02,01,48,0,0.0,0.0,0.0,0.0
R02,01,49,0,0.0,0.0,0.0,0.0
R02,01,50,0,0.0,0.0,0.0,0.0
R02,01,51,0,0.0,0.0,0.0,0.0
R02,01,52,0,0.0,0.0,0.0,0.0
R02,01,53,0,0.0,0.0,0.0,0.0
R02,01,54,0,0.0,0.0,0.0,0.0
R02,01,55,0,0.0,0.0,0.0,0.0
R02,01,56,0,0.0,0.0,0.0,0.0
R02,01,57,0,0.0,0.0,0.0,0.0
R02,01,58,0,0.0,0.0,0.0,0.0
R02,01,59,0,0.0,0.0,0.0,0.0
R02,01,60,0,0.0,0.0,0.0,0.0
R02,01,61,0,0.0,0.0,0.0,0.0
R02,01,62,0,0.0,0.0,0.0,0.0
R02,01,63,0,0.0,0.0,0.0,0.0
R02,01,64,0,0.0,0.0,0.0,0.0
R02,01,65,0,0.0,0.0,0.0,0.0
R02,01,66,0,0.0,0.0,0.0,0.0
R02,01,67,0,0.0,0.0,0.0,0.0
R02,01,68,0,0.0,0.0,0.0,0.0
R02,01,69,0,0.0,0.0,0.0,0.0
R02,01,70,0,0.0,0.0,0.0,0.0
R02,01,71,0,0.0,0.0,0.0,0.0
R02,01,72,0,0.0,0.0,0.0,0.0
R02,01,73,0,0.0,0.0,0.0,0.0
R02,01,74,0,0.0,0.0,0.0,0.0
R02,01,75,0,0.0,0.0,0.0,0.0
R02,01,76,0,0.0,0.0,0.0,0.0
R02,01,77,0,0.0,0.0,0.0,0.0
R02,01,78,0,0.0,0.0,0.0,0.0
R02,01,79,0,0.0,0.0,0.0,0.0
R02,01,80,0,0.0,0.0,0.0,0.0
R02,01,81,0,0.0,0.0,0.0,0.0
R02,01,82,0,0.0,0.0,0.0,0.0
R02,01,83,0,0.0,0.0,0.0,0.0
R02,01,84,0,0.0,0.0,0.0,0.0
R02,01,85,0,0.0,0.0,0.0,0.0
R02,01,86,0,0.0,0.0,0.0,0.0
R02,01,87,0,0.0,0.0,0.0,0.0
R02,01,88,0,0.0,0.0,0.0,0.0
R02,01,89,0,0.0,0.0,0.0,0.0
R02,01,90,0,0.0,0.0,0.0,0.0
R02,01,91,0,0.0,0.0,0.0,0.0
R02,01,92,0,0.0,0.0,0.0,0.0
R02,01,93,0,0.0,0.0,0.0,0.0
R02,01,94,0,0.0,0.0,0.0,0.0
R02,01,95,0,0.0,0.0,0.0,0.0
R02,01,96,0,0.0,0.0,0.0,0.0
R02,01,97,0,0.0,0.0,0.0,0.0
R02,01,98,0,0.0,0.0,0.0,0.0
R02,01,99,0,0.0,0.0,0.0,0.0
R02,01,100,0,0.0,0.0,0.0,0.0
R02,01,101,0,0.0,0.0,0.0,0.0
R02,01,102,0,0.0,0.0,0.0,0.0
R02,01,103,0,0.0,0.0,0.0,0.0
R02,01,104,0,0.0,0.0,0.0,0.0
R02,01,105,0,0.0,0.0,0.0,0.0
R02,01,106,0,0.0,0.0,0.0,0.0
R02,01,107,0,0.0,0.0,0.0,0.0
R02,01,108,0,0.0,0.0,0.0,0.0
R02,01,109,0,0.0,0.0,0.0,0.0
R02,01,110,0,0.0,0.0,0.0,0.0
R02,01,111,0,0.0,0.0,0.0,0.0
R02,01,112,0,0.0,0.0,0.0,0.0
R02,01,113,0,0.0,0.0,0.0,0.0
R02,01,114,0,0.0,0.0,0.0,0.0
R02,01,115,0,0.0,0.0,0.0,0.0
R02,01,116,0,0.0,0.0,0.0,0.0
R02,01,117,0,0.0,0.0,0.0,0.0
R02,01,118,0,0.0,0.0,0.0,0.0
R02,01,119,0,0.0,0.0,0.0,0.0
R02,01,120,0,0.0,0.0,0.0,0.0
R02,01,121,0,0.0,0.0,0.0,0.0
R02,01,122,0,0.0,0.0,0.0,0.0
R02,01,123,0,0.0,0.0,0.0,0.0
R02,01,124,0,0.0,0.0,0.0,0.0
R02,01,125,0,0.0,0.0,0.0,0.0
R02,01,126,0,0.0,0.0,0.0,0.0
R02,01,127,0,0.0,0.0,0.0,0.0
R02,01,128,0,0.0,0.0,0.0,0.0
R02,01,129,0,0.0,0.0,0.0,0.0
R02,01,130,0,0.0,0.0,0.0,0.0
R02,01,131,0,0.0,0.0,0.0,0.0
R02,01,132,0,0.0,0.0,0.0,0.0
R02,01,133,0,0.0,0.0,0.0,0.0
R02,01,134,0,0.0,0.0,0.0,0.0
R02,01,135,0,0.0,0.0,0.0,0.0
R02,01,136,0,0.0,0.0,0.0,0.0
R02,01,137,0,0.0,0.0,0.0,0.0
R02,01,138,0,0.0,0.0,0.0,0.0
R02,01,139,0,0.0,0.0,0.0,0.0
R02,01,140,0,0.0,0.0,0.0,0.0
R02,01,141,0,0.0,0.0,0.0,0.0
R02,01,142,0,0.0,0.0,0.0,0.0
R02,01,143,0,0.0,0.0,0.0,0.0
R02,01,144,0,0.0,0.0,0.0,0.0
R02,01,145,0,0.0,0.0,0.0,0.0
R02,01,146,0,0.0,0.0,0.0,0.0
R02,01,147,0,0.0,0.0,0.0,0.0
R02,01,148,0,0.0,0.0,0.0,0.0
R02,01,149,0,0.0,0.0,0.0,0.0
R02,01,150,0,0.0,0.0,0.0,0.0
R02,01,151,0,0.0,0.0,0.0,0.0
R02,01,152,0,0.0,0.0,0.0,0.0
R02,01,153,0,0.0,0.0,0.0,0.0
R02,01,154,0,0.0,0.0,0.0,0.0
R02,01,155,0,0.0,0.0,0.0,0.0
R02,01,156,0,0.0,0.0,0.0,0.0
R02,01,157,0,0.0,0.0,0.0,0.0
R02,01,158,0,0.0,0.0,0.0,0.0
R02,01,159,0,0.0,0.0,0.0,0.0
R02,01,160,0,0.0,0.0,0.0,0.0
R02,01,161,0,0.0,0.0,0.0,0.0
R02,01,162,0,0.0,0.0,0.0,0.0
R02,01,163,0,0.0,0.0,0.0,0.0
R02,01,164,0,0.0,0.0,0.0,0.0
R02,01,165,0,0.0,0.0,0.0,0.0
R02,01,166,0,0.0,0.0,0.0,0.0
R02,01,167,0,0.0,0.0,0.0,0.0
R02,01,168,0,0.0,0.0,0.0,0.0
R02,01,169,0,0.0,0.0,0.0,0.0
R02,01,170,0,0.0,0.0,0.0,0.0
R02,01,171,0,0.0,0.0,0.0,0.0
R02,01,172,0,0.0,0.0,0.0,0.0
R02,01,173,0,0.0,0.0,0.0,0.0
R02,01,174,0,0.0,0.0,0.0,0.0
R02,01,175,0,0.0,0.0,0.0,0.0
R02,01,176,0,0.0,0.0,0.0,0.0
R02,01,177,0,0.0,0.0,0.0,0.0
R02,01,178,0,0.0,0.0,0.0,0.0
R02,01,179,0,0.0,0.0,0.0,0.0
R02,01,180,0,0.0,0.0,0.0,0.0
R02,01,181,0,0.0,0.0,0.0,0.0
R02,01,182,0,0.0,0.0,0.0,0.0
R02,01,183,0,0.0,0.0,0.0,0.0
R02,01,184,0,0.0,0.0,0.0,0.0
R02,01,185,0,0.0,0.0,0.0,0.0
R02,01,186,0,0.0,0.0,0.0,0.0
R02,01,187,0,0.0,0.0,0.0,0.0
R02,01,188,0,0.0,0.0,0.0,0.0
R02,01,189,0,0.0,0.0,0.0,0.0
R02,01,190,0,0.0,0.0,0.0,0.0
R02,01,191,0,0.0,0.0,0.0,0.0
R02,01,192,0,0.0,0.0,0.0,0.0
R02,01,193,0,0.0,0.0,0.0,0.0
R02,01,194,0,0.0,0.0,0.0,0.0
R02,01,195,0,0.0,0.0,0.0,0.0
R02,01,196,0,0.0,0.0,0.0,0.0
R02,01,197,0,0.0,0.0,0.0,0.0
R02,01,198,0,0.0,0.0,0.0,0.0
R02,01,199,0,0.0,0.0,0.0,0.0
R02,01,200,0,0.0,0.0,0.0,0.0
R02,01,201,0,0.0,0.0,0.0,0.0
R02,01,202,0,0.0,0.0,0.0,0.0
R02,01,203,0,0.0,0.0,0.0,0.0
R02,01,204,0,0.0,0.0,0.0,0.0
R02,01,205,0,0.0,0.0,0.0,0.0
R02,01,206,0,0.0,0.0,0.0,0.0
R02,01,207,0,0.0,0.0,0.0,0.0
R02,01,208,0,0.0,0.0,0.0,0.0
R02,01,209,0,0.0,0.0,0.0,0.0
R02,01,210,0,0.0,0.0,0.0,0.0
R02,01,211,0,0.0,0.0,0.0,0.0
R02,01,212,0,0.0,0.0,0.0,0.0
R02,01,213,0,0.0,0.0,0.0,0.0
R02,01,214,0,0.0,0.0,0.0,0.0
R02,01,215,0,0.0,0.0,0.0,0.0
R02,01,216,0,0.0,0.0,0.0,0.0
R02,01,217,0,0.0,0.0,0.0,0.0
R02,01,218,0,0.0,0.0,0.0,0.0
R02,01,219,0,0.0,0.0,0.0,0.0
R02,01,220,0,0.0,0.0,0.0,0.0
R02,01,221,0,0.0,0.0,0.0,0.0
R02,01,222,0,0.0,0.0,0.0,0.0
R02,01,223,0,0.0,0.0,0.0,0.0
R02,01,224,0,0.0,0.0,0.0,0.0
R02,01,225,0,0.0,0.0,0.0,0.0
R02,01,226,0,0.0,0.0,0.0,0.0
R02,01,227,0,0.0,0.0,0.0,0.0
R02,01,228,0,0.0,0.0,0.0,0.0
R02,01,229,0,0.0,0.0,0.0,0.0
R02,01,230,0,0.0,0.0,0.0,0.0
R02,01,231,0,0.0,0.0,0.0,0.0
R02,01,232,0,0.0,0.0,0.0,0.0
R02,01,233,0,0.0,0.0,0.0,0.0
R02,01,234,0,0.0,0.0,0.0,0.0
R02,01,235,0,0.0,0.0,0.0,0.0
R02,01,236,0,0.0,0.0,0.0,0.0
R02,01,237,0,0.0,0.0,0.0,0.0
R02,01,238,0,0.0,0.0,0.0,0.0
R02,01,239,0,0.0,0.0,0.0,0.0
R02,01,240,0,0.0,0.0,0.0,0.0
R02,01,241,0,0.0,0.0,0.0,0.0
R02,01,242,0,0.0,0.0,0.0,0.0
R02,01,243,0,0.0,0.0,0.0,0.0
R02,01,244,0,0.0,0.0,0.0,0.0
R02,01,245,0,0.0,0.0,0.0,0.0
R02,01,246,0,0.0,0.0,0.0,0.0
R02,01,247,0,0.0,0.0,0.0,0.0
R02,01,248,0,0.0,0.0,0.0,0.0
R02,01,249,0,0.0,0.0,0.0,0.0
R02,01,250,0,0.0,0.0,0.0,0.0
R02,01,251,0,0.0,0.0,0.0,0.0
R02,01,252,0,0.0,0.0,0.0,0.0
R02,01,253,0,0.0,0.0,0.0,0.0
R02,01,254,0,0.0,0.0,0.0,0.0
R02,01,255,0,0.0,0.0,0.0,0.0
R02,01,256,0,0.0,0.0,0.0,0.0
R02,01,257,0,0.0,0.0,0.0,0.0
R02,01,258,0,0.0,0.0,0.0,0.0
R02,01,259,0,0.0,0.0,0.0,0.0
R02,01,260,0,0.0,0.0,0.0,0.0
R02,01,261,0,0.0,0.0,0.0,0.0
R02,01,262,0,0.0,0.0,0.0,0.0
R02,01,263,0,0.0,0.0,0.0,0.0
R02,01,264,0,0.0,0.0,0.0,0.0
R02,01,265,0,0.0,0.0,0.0,0.0
R02,01,266,0,0.0,0.0,0.0,0.0
R02,01,267,0,0.0,0.0,0.0,0.0
R02,01,268,0,0.0,0.0,0.0,0.0
R02,01,269,0,0.0,0.0,0.0,0.0
R02,01,270,0,0.0,0.0,0.0,0.0
R02,01,271,0,0.0,0.0,0.0,0.0
R02,01,272,0,0.0,0.0,0.0,0.0
R02,01,273,0,0.0,0.0,0.0,0.0
R02,01,274,0,0.0,0.0,0.0,0.0
R02,01,275,0,0.0,0.0,0.0,0.0
R02,01,276,0,0.0,0.0,0.0,0.0
R02,01,277,0,0.0,0.0,0.0,0.0
R02,01,278,0,0.0,0.0,0.0,0.0
R02,01,279,0,0.0,0.0,0.0,0.0
R02,01,280,0,0.0,0.0,0.0,0.0
R02,01,281,0,0.0,0.0,0.0,0.0
R02,01,282,0,0.0,0.0,0.0,0.0
R02,01,283,0,0.0,0.0,0.0,0.0
R02,01,284,0,0.0,0.0,0.0,0.0
R02,01,285,0,0.0,0.0,0.0,0.0
R02,01,286,0,0.0,0.0,0.0,0.0
R02,01,287,0,0.0,0.0,0.0,0.0
R02,01,288,0,0.0,0.0,0.0,0.0
R02,01,289,0,0.0,0.0,0.0,0.0
R02,01,290,0,0.0,0.0,0.0,0.0
R02,01,291,0,0.0,0.0,0.0,0.0
R02,01,292,0,0.0,0.0,0.0,0.0
R02,01,293,0,0.0,0.0,0.0,0.0
R02,01,294,0,0.0,0.0,0.0,0.0
R02,01,295,0,0.0,0.0,0.0,0.0
R02,01,296,0,0.0,0.0,0.0,0.0
R02,01,297,0,0.0,0.0,0.0,0.0
R02,01,298,0,0.0,0.0,0.0,0.0
R02,01,299,0,0.0,0.0,0.0,0.0
R02,01,300,0,0.0,0.0,0.0,0.0
R02,01,301,0,0.0,0.0,0.0,0.0
R02,01,302,0,0.0,0.0,0.0,0.0
R02,01,303,0,0.0,0.0,0.0,0.0
R02,01,304,0,0.0,0.0,0.0,0.0
R02,01,305,0,0.0,0.0,0.0,0.0
R02,01,306,0,0.0,0.0,0.0,0.0
R02,01,307,0,0.0,0.0,0.0,0.0
R02,01,308,0,0.0,0.0,0.0,0.0
R02,01,309,0,0.0,0.0,0.0,0.0
R02,01,310,0,0.0,0.0,0.0,0.0
R02,01,311,0,0.0,0.0,0.0,0.0
R02,01,312,0,0.0,0.0,0.0,0.0
R02,01,313,0,0.0,0.0,0.0,0.0
R02,01,314,0,0.0,0.0,0.0,0.0
R02,01,315,0,0.0,0.0,0.0,0.0
R02,01,316,0,0.0,0.0,0.0,0.0
R02,01,317,0,0.0,0.0,0.0,0.0
R02,01,318,0,0.0,0.0,0.0,0.0
R02,01,319,0,0.0,0.0,0.0,0.0
R02,01,320,0,0.0,0.0,0.0,0.0
R02,01,321,0,0.0,0.0,0.0,0.0
R02,01,322,0,0.0,0.0,0.0,0.0
R02,01,323,0,0.0,0.0,0.0,0.0
R02,01,324,0,0.0,0.0,0.0,0.0
R02,01,325,0,0.0,0.0,0.0,0.0
R02,01,326,0,0.0,0.0,0.0,0.0
R02,01,327,0,0.0,0.0,0.0,0.0
R02,01,328,0,0.0,0.0,0.0,0.0
R02,01,329,0,0.0,0.0,0.0,0.0
R02,01,330,0,0.0,0.0,0.0,0.0
R02,01,331,0,0.0,0.0,0.0,0.0
R02,01,332,0,0.0,0.0,0.0,0.0
R02,01,333,0,0.0,0.0,0.0,0.0
R02,01,334,0,0.0,0.0,0.0,0.0
R02,01,335,0,0.0,0.0,0.0,0.0
R02,01,336,0,0.0,0.0,0.0,0.0
R02,01,337,0,0.0,0.0,0.0,0.0
R02,01,338,0,0.0,0.0,0.0,0.0
R02,01,339,0,0.0,0.0,0.0,0.0
R02,01,340,0,0.0,0.0,0.0,0.0
R02,01,341,0,0.0,0.0,0.0,0.0
R02,01,342,0,0.0,0.0,0.0,0.0
R02,01,343,0,0.0,0.0,0.0,0.0
R02,01,344,0,0.0,0.0,0.0,0.0
R02,01,345,0,0.0,0.0,0.0,0.0
R02,01,346,0,0.0,0.0,0.0,0.0
R02,01,347,0,0.0,0.0,0.0,0.0
R02,01,348,0,0.0,0.0,0.0,0.0
R02,01,349,0,0.0,0.0,0.0,0.0
R02,01,350,0,0.0,0.0,0.0,0.0
R02,01,351,0,0.0,0.0,0.0,0.0
R02,01,352,0,0.0,0.0,0.0,0.0
R02,01,353,0,0.0,0.0,0.0,0.0
R02,01,354,0,0.0,0.0,0.0,0.0
R02,01,355,0,0.0,0.0,0.0,0.0
R02,01,356,0,0.0,0.0,0.0,0.0
R02,01,357,0,0.0,0.0,0.0,0.0
R02,01,358,0,0.0,0.0,0.0,0.0
R02,01,359,0,0.0,0.0,0.0,0.0
R02,01,360,0,0.0,0.0,0.0,0.0
R02,01,361,0,0.0,0.0,0.0,0.0
R02,01,362,0,0.0,0.0,0.0,0.0
R02,01,363,0,0.0,0.0,0.0,0.0
R02,01,364,0,0.0,0.0,0.0,0.0
R02,01,365,0,0.0,0.0,0.0,0.0
R02,01,366,0,0.0,0.0,0.0,0.0
R02,01,367,0,0.0,0.0,0.0,0.0
R02,01,368,0,0.0,0.0,0.0,0.0
R02,01,369,0,0.0,0.0,0.0,0.0
R02,01,370,0,0.0,0.0,0.0,0.0
R02,01,371,0,0.0,0.0,0.0,0.0
R02,01,372,0,0.0,0.0,0.0,0.0
R02,01,373,0,0.0,0.0,0.0,0.0
R02,01,374,0,0.0,0.0,0.0,0.0
R02,01,375,0,0.0,0.0,0.0,0.0
R02,01,376,0,0.0,0.0,0.0,0.0
R02,01,377,0,0.0,0.0,0.0,0.0
R02,01,378,0,0.0,0.0,0.0,0.0
R02,01,379,0,0.0,0.0,0.0,0.0
R02,01,380,0,0.0,0.0,0.0,0.0
R02,01,381,0,0.0,0.0,0.0,0.0
R02,01,382,0,0.0,0.0,0.0,0.0
R02,01,383,0,0.0,0.0,0.0,0.0
R02,01,384,0,0.0,0.0,0.0,0.0
R02,01,385,0,0.0,0.0,0.0,0.0
R02,01,386,0,0.0,0.0,0.0,0.0
R02,01,387,0,0.0,0.0,0.0,0.0
R02,01,388,0,0.0,0.0,0.0,0.0
R02,01,389,0,0.0,0.0,0.0,0.0
R02,01,390,0,0.0,0.0,0.0,0.0
R02,01,391,0,0.0,0.0,0.0,0.0
R02,01,392,0,0.0,0.0,0.0,0.0
R02,01,393,0,0.0,0.0,0.0,0.0
R02,01,394,0,0.0,0.0,0.0,0.0
R02,01,395,0,0.0,0.0,0.0,0.0
R02,01,396,0,0.0,0.0,0.0,0.0
R02,01,397,0,0.0,0.0,0.0,0.0
R02,01,398,0,0.0,0.0,0.0,0.0
R02,01,399,0,0.0,0.0,0.0,0.0
R02,01,400,0,0.0,0.0,0.0,0.0
R02,01,401,0,0.0,0.0,0.0,0.0
R02,01,402,0,0.0,0.0,0.0,0.0
R02,01,403,0,0.0,0.0,0.0,0.0
R02,01,404,0,0.0,0.0,0.0,0.0
R02,01,405,0,0.0,0.0,0.0,0.0
R02,01,406,0,0.0,0.0,0.0,0.0
R02,01,407,0,0.0,0.0,0.0,0.0
R02,01,408,0,0.0,0.0,0.0,0.0
R02,01,409,0,0.0,0.0,0.0,0.0
R02,01,410,0,0.0,0.0,0.0,0.0
R02,01,411,0,0.0,0.0,0.0,0.0
R02,01,412,0,0.0,0.0,0.0,0.0
R02,01,413,0,0.0,0.0,0.0,0.0
R02,01,414,0,0.0,0.0,0.0,0.0
R02,01,415,0,0.0,0.0,0.0,0.0
R02,01,416,0,0.0,0.0,0.0,0.0
R02,01,417,0,0.0,0.0,0.0,0.0
R02,01,418,0,0.0,0.0,0.0,0.0
R02,01,419,0,0.0,0.0,0.0,0.0
R02,01,420,0,0.0,0.0,0.0,0.0
R02,01,421,0,0.0,0.0,0.0,0.0
R02,01,422,0,0.0,0.0,0.0,0.0
R02,01,423,0,0.0,0.0,0.0,0.0
R02,01,424,0,0.0,0.0,0.0,0.0
R02,01,425,0,0.0,0.0,0.0,0.0
R02,01,426,0,0.0,0.0,0.0,0.0
R02,01,427,0,0.0,0.0,0.0,0.0
R02,01,428,0,0.0,0.0,0.0,0.0
R02,01,429,0,0.0,0.0,0.0,0.0
R02,01,430,0,0.0,0.0,0.0,0.0
R02,01,431,0,0.0,0.0,0.0,0.0
R02,01,432,0,0.0,0.0,0.0,0.0
R02,01,433,0,0.0,0.0,0.0,0.0
R02,01,434,0,0.0,0.0,0.0,0.0
R02,01,435,0,0.0,0.0,0.0,0.0
R02,01,436,0,0.0,0.0,0.0,0.0
R02,01,437,0,0.0,0.0,0.0,0.0
R02,01,438,0,0.0,0.0,0.0,0.0
R02,01,439,0,0.0,0.0,0.0,0.0
R02,01,440,0,0.0,0.0,0.0,0.0
R02,01,441,0,0.0,0.0,0.0,0.0
R02,01,442,0,0.0,0.0,0.0,0.0
R02,01,443,0,0.0,0.0,0.0,0.0
R02,01,444,0,0.0,0.0,0.0,0.0
R02,01,445,0,0.0,0.0,0.0,0.0
R02,01,446,0,0.0,0.0,0.0,0.0
R02,01,447,0,0.0,0.0,0.0,0.0
R02,01,448,0,0.0,0.0,0.0,0.0
R02,01,449,0,0.0,0.0,0.0,0.0
R02,01,450,0,0.0,0.0,0.0,0.0
R02,01,451,0,0.0,0.0,0.0,0.0
R02,01,452,0,0.0,0.0,0.0,0.0
R02,01,453,0,0.0,0.0,0.0,0.0
R02,01,454,0,0.0,0.0,0.0,0.0
R02,01,455,0,0.0,0.0,0.0,0.0
R02,01,456,0,0.0,0.0,0.0,0.0
R02,01,457,0,0.0,0.0,0.0,0.0
R02,01,458,0,0.0,0.0,0.0,0.0
R02,01,459,0,0.0,0.0,0.0,0.0
R02,01,460,0,0.0,0.0,0.0,0.0
R02,01,461,0,0.0,0.0,0.0,0.0
R02,01,462,0,0.0,0.0,0.0,0.0
R02,01,463,0,0.0,0.0,0.0,0.0
R02,01,464,0,0.0,0.0,0.0,0.0
R02,01,465,0,0.0,0.0,0.0,0.0
R02,01,466,0,0.0,0.0,0.0,0.0
R02,01,467,0,0.0,0.0,0.0,0.0
R02,01,468,0,0.0,0.0,0.0,0.0
R02,01,469,0,0.0,0.0,0.0,0.0
R02,01,470,0,0.0,0.0,0.0,0.0
R02,01,471,0,0.0,0.0,0.0,0.0
R02,01,472,0,0.0,0.0,0.0,0.0
R02,01,473,0,0.0,0.0,0.0,0.0
R02,01,474,0,0.0,0.0,0.0,0.0
R02,01,475,0,0.0,0.0,0.0,0.0
R02,01,476,0,0.0,0.0,0.0,0.0
R02,01,477,0,0.0,0.0,0.0,0.0
R02,01,478,0,0.0,0.0,0.0,0.0
R02,01,479,0,0.0,0.0,0.0,0.0
R02,01,480,0,0.0,0.0,0.0,0.0
R02,01,481,0,0.0,0.0,0.0,0.0
R02,01,482,0,0.0,0.0,0.0,0.0
R02,01,483,0,0.0,0.0,0.0,0.0
R02,01,484,0,0.0,0.0,0.0,0.0
R02,01,485,0,0.0,0.0,0.0,0.0
R02,01,486,0,0.0,0.0,0.0,0.0
R02,01,487,0,0.0,0.0,0.0,0.0
R02,01,488,0,0.0,0.0,0.0,0.0
R02,01,489,0,0.0,0.0,0.0,0.0
R02,01,490,0,0.0,0.0,0.0,0.0
R02,01,491,0,0.0,0.0,0.0,0.0
R02,01,492,0,0.0,0.0,0.0,0.0
R02,01,493,0,0.0,0.0,0.0,0.0
R02,01,494,0,0.0,0.0,0.0,0.0
R02,01,495,0,0.0,0.0,0.0,0.0
R02,01,496,0,0.0,0.0,0.0,0.0
R02,01,497,0,0.0,0.0,0.0,0.0
R02,01,498,0,0.0,0.0,0.0,0.0
R02,01,499,0,0.0,0.0,0.0,0.0
R02,01,500,0,0.0,0.0,0.0,0.0
R02,01,501,0,0.0,0.0,0.0,0.0
R02,01,502,0,0.0,0.0,0.0,0.0
R02,01,503,0,0.0,0.0,0.0,0.0
R02,01,504,0,0.0,0.0,0.0,0.0
R02,01,505,0,0.0,0.0,0.0,0.0
R02,01,506,0,0.0,0.0,0.0,0.0
R02,01,507,0,0.0,0.0,0.0,0.0
R02,01,508,0,0.0,0.0,0.0,0.0
R02,01,509,0,0.0,0.0,0.0,0.0
R02,01,510,0,0.0,0.0,0.0,0.0
R02,01,511,0,0.0,0.0,0.0,0.0
R02,01,512,0,0.0,0.0,0.0,0.0
R02,01,513,0,0.0,0.0,0.0,0.0
R02,01,514,0,0.0,0.0,0.0,0.0
R02,01,515,0,0.0,0.0,0.0,0.0
R02,01,516,0,0.0,0.0,0.0,0.0
R02,01,517,0,0.0,0.0,0.0,0.0
R02,01,518,0,0.0,0.0,0.0,0.0
R02,01,519,0,0.0,0.0,0.0,0.0
R02,01,520,0,0.0,0.0,0.0,0.0
R02,01,521,0,0.0,0.0,0.0,0.0
R02,01,522,0,0.0,0.0,0.0,0.0
R02,01,523,0,0.0,0.0,0.0,0.0
R02,01,524,0,0.0,0.0,0.0,0.0
R02,01,525,0,0.0,0.0,0.0,0.0
R02,01,526,0,0.0,0.0,0.0,0.0
R02,01,527,0,0.0,0.0,0.0,0.0
R02,01,528,0,0.0,0.0,0.0,0.0
R02,01,529,0,0.0,0.0,0.0,0.0
R02,01,530,0,0.0,0.0,0.0,0.0
R02,01,531,0,0.0,0.0,0.0,0.0
R02,01,532,0,0.0,0.0,0.0,0.0
R02,01,533,0,0.0,0.0,0.0,0.0
R02,01,534,0,0.0,0.0,0.0,0.0
R02,01,535,0,0.0,0.0,0.0,0.0
R02,01,536,0,0.0,0.0,0.0,0.0
R02,01,537,0,0.0,0.0,0.0,0.0
R02,01,538,0,0.0,0.0,0.0,0.0
R02,01,539,0,0.0,0.0,0.0,0.0
R02,01,540,0,0.0,0.0,0.0,0.0
R02,01,541,0,0.0,0.0,0.0,0.0
R02,01,542,0,0.0,0.0,0.0,0.0
R02,01,543,0,0.0,0.0,0.0,0.0
R02,01,544,0,0.0,0.0,0.0,0.0
R02,01,545,0,0.0,0.0,0.0,0.0
R02,01,546,0,0.0,0.0,0.0,0.0
R02,01,547,0,0.0,0.0,0.0,0.0
R02,01,548,0,0.0,0.0,0.0,0.0
R02,01,549,0,0.0,0.0,0.0,0.0
R02,01,550,0,0.0,0.0,0.0,0.0
R02,01,551,0,0.0,0.0,0.0,0.0
R02,01,552,0,0.0,0.0,0.0,0.0
R02,01,553,0,0.0,0.0,0.0,0.0
R02,01,554,0,0.0,0.0,0.0,0.0
R02,01,555,0,0.0,0.0,0.0,0.0
R02,01,556,0,0.0,0.0,0.0,0.0
R02,01,557,0,0.0,0.0,0.0,0.0
R02,01,558,0,0.0,0.0,0.0,0.0
R02,01,559,0,0.0,0.0,0.0,0.0
R02,01,560,0,0.0,0.0,0.0,0.0
R02,01,561,0,0.0,0.0,0.0,0.0
R02,01,562,0,0.0,0.0,0.0,0.0
R02,01,563,0,0.0,0.0,0.0,0.0
R02,01,564,0,0.0,0.0,0.0,0.0
R02,01,565,0,0.0,0.0,0.0,0.0
R02,01,566,0,0.0,0.0,0.0,0.0
R02,01,567,0,0.0,0.0,0.0,0.0
R02,01,568,0,0.0,0.0,0.0,0.0
R02,01,569,0,0.0,0.0,0.0,0.0
R02,01,570,0,0.0,0.0,0.0,0.0
R02,01,571,0,0.0,0.0,0.0,0.0
R02,01,572,0,0.0,0.0,0.0,0.0
R02,01,573,0,0.0,0.0,0.0,0.0
R02,01,574,0,0.0,0.0,0.0,0.0
R02,01,575,0,0.0,0.0,0.0,0.0
R02,01,576,0,0.0,0.0,0.0,0.0
R02,01,577,0,0.0,0.0,0.0,0.0
R02,01,578,0,0.0,0.0,0.0,0.0
R02,01,579,0,0.0,0.0,0.0,0.0
R02,01,580,0,0.0,0.0,0.0,0.0
R02,01,581,0,0.0,0.0,0.0,0.0
R02,01,582,0,0.0,0.0,0.0,0.0
R02,02,0,0,0.0,0.0,0.0,0.0
R02,02,1,0,0.0,0.0,0.0,0.0
R02,02,2,0,0.0,0.0,0.0,0.0
R02,02,3,0,0.0,0.0,0.0,0.0
R02,02,4,0,0.0,0.0,0.0,0.0
R02,02,5,0,0.0,0.0,0.0,0.0
R02,02,6,0,0.0,0.0,0.0,0.0
R02,02,7,0,0.0,0.0,0.0,0.0
R02,02,8,0,0.0,0.0,0.0,0.0
R02,02,9,0,0.0,0.0,0.0,0.0
R02,02,10,0,0.0,0.0,0.0,0.0
R02,02,11,0,0.0,0.0,0.0,0.0
R02,02,12,0,0.0,0.0,0.0,0.0
R02,02,13,0,0.0,0.0,0.0,0.0
R02,02,14,0,0.0,0.0,0.0,0.0
R02,02,15,0,0.0,0.0,0.0,0.0
R02,02,16,0,0.0,0.0,0.0,0.0
R02,02,17,0,0.0,0.0,0.0,0.0
R02,02,18,0,0.0,0.0,0.0,0.0
R02,02,19,0,0.0,0.0,0.0,0.0
R02,02,20,0,0.0,0.0,0.0,0.0
R02,02,21,0,0.0,0.0,0.0,0.0
R02,02,22,0,0.0,0.0,0.0,0.0
R02,02,23,0,0.0,0.0,0.0,0.0
R02,02,24,0,0.0,0.0,0.0,0.0
R02,02,25,0,0.0,0.0,0.0,0.0
R02,02,26,0,0.0,0.0,0.0,0.0
R02,02,27,0,0.0,0.0,0.0,0.0
R02,02,28,0,0.0,0.0,0.0,0.0
R02,02,29,0,0.0,0.0,0.0,0.0
R02,02,30,0,0.0,0.0,0.0,0.0
R02,02,31,0,0.0,0.0,0.0,0.0
R02,02,32,0,0.0,0.0,0.0,0.0
R02,02,33,0,0.0,0.0,0.0,0.0
R02,02,34,0,0.0,0.0,0.0,0.0
R02,02,35,0,0.0,0.0,0.0,0.0
R02,02,36,0,0.0,0.0,0.0,0.0
R02,02,37,0,0.0,0.0,0.0,0.0
R02,02,38,0,0.0,0.0,0.0,0.0
R02,02,39,0,0.0,0.0,0.0,0.0
R02,02,40,0,0.0,0.0,0.0,0.0
R02,02,41,0,0.0,0.0,0.0,0.0
R02,02,42,0,0.0,0.0,0.0,0.0
R02,02,43,0,0.0,0.0,0.0,0.0
R02,02,44,0,0.0,0.0,0.0,0.0
R02,02,45,0,0.0,0.0,0.0,0.0
R02,02,46,0,0.0,0.0,0.0,0.0
R02,02,47,0,0.0,0.0,0.0,0.0
R02,02,48,0,0.0,0.0,0.0,0.0
R02,02,49,0,0.0,0.0,0.0,0.0
R02,02,50,0,0.0,0.0,0.0,0.0
R02,02,51,0,0.0,0.0,0.0,0.0
R02,02,52,0,0.0,0.0,0.0,0.0
R02,02,53,0,0.0,0.0,0.0,0.0
R02,02,54,0,0.0,0.0,0.0,0.0
R02,02,55,0,0.0,0.0,0.0,0.0
R02,02,56,0,0.0,0.0,0.0,0.0
R02,02,57,0,0.0,0.0,0.0,0.0
R02,02,58,0,0.0,0.0,0.0,0.0
R02,02,59,0,0.0,0.0,0.0,0.0
R02,02,60,0,0.0,0.0,0.0,0.0
R02,02,61,0,0.0,0.0,0.0,0.0
R02,02,62,0,0.0,0.0,0.0,0.0
R02,02,63,0,0.0,0.0,0.0,0.0
R02,02,64,0,0.0,0.0,0.0,0.0
R02,02,65,0,0.0,0.0,0.0,0.0
R02,02,66,0,0.0,0.0,0.0,0.0
R02,02,67,0,0.0,0.0,0.0,0.0
R02,02,68,0,0.0,0.0,0.0,0.0
R02,02,69,0,0.0,0.0,0.0,0.0
R02,02,70,0,0.0,0.0,0.0,0.0
R02,02,71,0,0.0,0.0,0.0,0.0
R02,02,72,0,0.0,0.0,0.0,0.0
R02,02,73,0,0.0,0.0,0.0,0.0
R02,02,74,0,0.0,0.0,0.0,0.0
R02,02,75,0,0.0,0.0,0.0,0.0
R02,02,76,0,0.0,0.0,0.0,0.0
R02,02,77,0,0.0,0.0,0.0,0.0
R02,02,78,0,0.0,0.0,0.0,0.0
R02,02,79,0,0.0,0.0,0.0,0.0
R02,02,80,0,0.0,0.0,0.0,0.0
R02,02,81,0,0.0,0.0,0.0,0.0
R02,02,82,0,0.0,0.0,0.0,0.0
R02,02,83,0,0.0,0.0,0.0,0.0
R02,02,84,0,0.0,0.0,0.0,0.0
R02,02,85,0,0.0,0.0,0.0,0.0
R02,02,86,0,0.0,0.0,0.0,0.0
R02,02,87,0,0.0,0.0,0.0,0.0
R02,02,88,0,0.0,0.0,0.0,0.0
R02,02,89,0,0.0,0.0,0.0,0.0
R02,02,90,0,0.0,0.0,0.0,0.0
R02,02,91,0,0.0,0.0,0.0,0.0
R02,02,92,0,0.0,0.0,0.0,0.0
R02,02,93,0,0.0,0.0,0.0,0.0
R02,02,94,0,0.0,0.0,0.0,0.0
R02,02,95,0,0.0,0.0,0.0,0.0
R02,02,96,0,0.0,0.0,0.0,0.0
R02,02,97,0,0.0,0.0,0.0,0.0
R02,02,98,0,0.0,0.0,0.0,0.0
R02,02,99,0,0.0,0.0,0.0,0.0
R02,02,100,0,0.0,0.0,0.0,0.0
R02,02,101,0,0.0,0.0,0.0,0.0
R02,02,102,0,0.0,0.0,0.0,0.0
R02,02,103,0,0.0,0.0,0.0,0.0
R02,02,104,0,0.0,0.0,0.0,0.0
R02,02,105,0,0.0,0.0,0.0,0.0
R02,02,106,0,0.0,0.0,0.0,0.0
R02,02,107,0,0.0,0.0,0.0,0.0
R02,02,108,0,0.0,0.0,0.0,0.0
R02,02,109,0,0.0,0.0,0.0,0.0
R02,02,110,0,0.0,0.0,0.0,0.0
R02,02,111,0,0.0,0.0,0.0,0.0
R02,02,112,0,0.0,0.0,0.0,0.0
R02,02,113,0,0.0,0.0,0.0,0.0
R02,02,114,0,0.0,0.0,0.0,0.0
R02,02,115,0,0.0,0.0,0.0,0.0
R02,02,116,0,0.0,0.0,0.0,0.0
R02,02,117,0,0.0,0.0,0.0,0.0
R02,02,118,0,0.0,0.0,0.0,0.0
R02,02,119,0,0.0,0.0,0.0,0.0
R02,02,120,0,0.0,0.0,0.0,0.0
R02,02,121,0,0.0,0.0,0.0,0.0
R02,02,122,0,0.0,0.0,0.0,0.0
R02,02,123,0,0.0,0.0,0.0,0.0
R02,02,124,0,0.0,0.0,0.0,0.0
R02,02,125,0,0.0,0.0,0.0,0.0
R02,02,126,0,0.0,0.0,0.0,0.0
R02,02,127,0,0.0,0.0,0.0,0.0
R02,02,128,0,0.0,0.0,0.0,0.0
R02,02,129,0,0.0,0.0,0.0,0.0
R02,02,130,0,0.0,0.0,0.0,0.0
R02,02,131,0,0.0,0.0,0.0,0.0
R02,02,132,0,0.0,0.0,0.0,0.0
R02,02,133,0,0.0,0.0,0.0,0.0
R02,02,134,0,0.0,0.0,0.0,0.0
R02,02,135,0,0.0,0.0,0.0,0.0
R02,02,136,0,0.0,0.0,0.0,0.0
R02,02,137,0,0.0,0.0,0.0,0.0
R02,02,138,0,0.0,0.0,0.0,0.0
R02,02,139,0,0.0,0.0,0.0,0.0
R02,02,140,0,0.0,0.0,0.0,0.0
R02,02,141,0,0.0,0.0,0.0,0.0
R02,02,142,0,0.0,0.0,0.0,0.0
R02,02,143,0,0.0,0.0,0.0,0.0
R02,02,144,0,0.0,0.0,0.0,0.0
R02,02,145,0,0.0,0.0,0.0,0.0
R02,02,146,0,0.0,0.0,0.0,0.0
R02,02,147,0,0.0,0.0,0.0,0.0
R02,02,148,0,0.0,0.0,0.0,0.0
R02,02,149,0,0.0,0.0,0.0,0.0
R02,02,150,0,0.0,0.0,0.0,0.0
R02,02,151,0,0.0,0.0,0.0,0.0
R02,02,152,0,0.0,0.0,0.0,0.0
R02,02,153,0,0.0,0.0,0.0,0.0
R02,02,154,0,0.0,0.0,0.0,0.0
R02,02,155,0,0.0,0.0,0.0,0.0
R02,02,156,0,0.0,0.0,0.0,0.0
R02,02,157,0,0.0,0.0,0.0,0.0
R02,02,158,0,0.0,0.0,0.0,0.0
R02,02,159,0,0.0,0.0,0.0,0.0
R02,02,160,0,0.0,0.0,0.0,0.0
R02,02,161,0,0.0,0.0,0.0,0.0
R02,02,162,0,0.0,0.0,0.0,0.0
R02,02,163,0,0.0,0.0,0.0,0.0
R02,02,164,0,0.0,0.0,0.0,0.0
R02,02,165,0,0.0,0.0,0.0,0.0
R02,02,166,0,0.0,0.0,0.0,0.0
R02,02,167,0,0.0,0.0,0.0,0.0
R02,02,168,0,0.0,0.0,0.0,0.0
R02,02,169,0,0.0,0.0,0.0,0.0
R02,02,170,0,0.0,0.0,0.0,0.0
R02,02,171,0,0.0,0.0,0.0,0.0
R02,02,172,0,0.0,0.0,0.0,0.0
R02,02,173,0,0.0,0.0,0.0,0.0
R02,02,174,0,0.0,0.0,0.0,0.0
R02,02,175,0,0.0,0.0,0.0,0.0
R02,02,176,0,0.0,0.0,0.0,0.0
R02,02,177,0,0.0,0.0,0.0,0.0
R02,02,178,0,0.0,0.0,0.0,0.0
R02,02,179,0,0.0,0.0,0.0,0.0
R02,02,180,0,0.0,0.0,0.0,0.0
R02,02,181,0,0.0,0.0,0.0,0.0
R02,02,182,0,0.0,0.0,0.0,0.0
R02,02,183,0,0.0,0.0,0.0,0.0
R02,02,184,0,0.0,0.0,0.0,0.0
R02,02,185,0,0.0,0.0,0.0,0.0
R02,02,186,0,0.0,0.0,0.0,0.0
R02,02,187,0,0.0,0.0,0.0,0.0
R02,02,188,0,0.0,0.0,0.0,0.0
R02,02,189,0,0.0,0.0,0.0,0.0
R02,02,190,0,0.0,0.0,0.0,0.0
R02,02,191,0,0.0,0.0,0.0,0.0
R02,02,192,0,0.0,0.0,0.0,0.0
R02,02,193,0,0.0,0.0,0.0,0.0
R02,02,194,0,0.0,0.0,0.0,0.0
R02,02,195,0,0.0,0.0,0.0,0.0
R02,02,196,0,0.0,0.0,0.0,0.0
R02,02,197,0,0.0,0.0,0.0,0.0
R02,02,198,0,0.0,0.0,0.0,0.0
R02,02,199,0,0.0,0.0,0.0,0.0
R02,02,200,0,0.0,0.0,0.0,0.0
R02,02,201,0,0.0,0.0,0.0,0.0
R02,02,202,0,0.0,0.0,0.0,0.0
R02,02,203,0,0.0,0.0,0.0,0.0
R02,02,204,0,0.0,0.0,0.0,0.0
R02,02,205,0,0.0,0.0,0.0,0.0
R02,02,206,0,0.0,0.0,0.0,0.0
R02,02,207,0,0.0,0.0,0.0,0.0
R02,02,208,0,0.0,0.0,0.0,0.0
R02,02,209,0,0.0,0.0,0.0,0.0
R02,02,210,0,0.0,0.0,0.0,0.0
R02,02,211,0,0.0,0.0,0.0,0.0
R02,02,212,0,0.0,0.0,0.0,0.0
R02,02,213,0,0.0,0.0,0.0,0.0
R02,02,214,0,0.0,0.0,0.0,0.0
R02,02,215,0,0.0,0.0,0.0,0.0
R02,02,216,0,0.0,0.0,0.0,0.0
R02,02,217,0,0.0,0.0,0.0,0.0
R02,02,218,0,0.0,0.0,0.0,0.0
R02,02,219,0,0.0,0.0,0.0,0.0
R02,02,220,0,0.0,0.0,0.0,0.0
R02,02,221,0,0.0,0.0,0.0,0.0
R02,02,222,0,0.0,0.0,0.0,0.0
R02,02,223,0,0.0,0.0,0.0,0.0
R02,02,224,0,0.0,0.0,0.0,0.0
R02,02,225,0,0.0,0.0,0.0,0.0
R02,02,226,0,0.0,0.0,0.0,0.0
R02,02,227,0,0.0,0.0,0.0,0.0
R02,02,228,0,0.0,0.0,0.0,0.0
R02,02,229,0,0.0,0.0,0.0,0.0
R02,02,230,0,0.0,0.0,0.0,0.0
R02,02,231,0,0.0,0.0,0.0,0.0
R02,02,232,0,0.0,0.0,0.0,0.0
R02,02,233,0,0.0,0.0,0.0,0.0
R02,02,234,0,0.0,0.0,0.0,0.0
R02,02,235,0,0.0,0.0,0.0,0.0
R02,02,236,0,0.0,0.0,0.0,0.0
R02,02,237,0,0.0,0.0,0.0,0.0
R02,02,238,0,0.0,0.0,0.0,0.0
R02,02,239,0,0.0,0.0,0.0,0.0
R02,02,240,0,0.0,0.0,0.0,0.0
R02,02,241,0,0.0,0.0,0.0,0.0
R02,02,242,0,0.0,0.0,0.0,0.0
R02,02,243,0,0.0,0.0,0.0,0.0
R02,02,244,0,0.0,0.0,0.0,0.0
R02,02,245,0,0.0,0.0,0.0,0.0
R02,02,246,0,0.0,0.0,0.0,0.0
R02,02,247,0,0.0,0.0,0.0,0.0
R02,02,248,0,0.0,0.0,0.0,0.0
R02,02,249,0,0.0,0.0,0.0,0.0
R02,02,250,0,0.0,0.0,0.0,0.0
R02,02,251,0,0.0,0.0,0.0,0.0
R02,02,252,0,0.0,0.0,0.0,0.0
R02,02,253,0,0.0,0.0,0.0,0.0
R02,02,254,0,0.0,0.0,0.0,0.0
R02,02,255,0,0.0,0.0,0.0,0.0
R02,02,256,0,0.0,0.0,0.0,0.0
R02,02,257,0,0.0,0.0,0.0,0.0
R02,02,258,0,0.0,0.0,0.0,0.0
R02,02,259,0,0.0,0.0,0.0,0.0
R02,02,260,0,0.0,0.0,0.0,0.0
R02,02,261,0,0.0,0.0,0.0,0.0
R02,02,262,0,0.0,0.0,0.0,0.0
R02,02,263,0,0.0,0.0,0.0,0.0
R02,02,264,0,0.0,0.0,0.0,0.0
R02,02,265,0,0.0,0.0,0.0,0.0
R02,02,266,0,0.0,0.0,0.0,0.0
R02,02,267,0,0.0,0.0,0.0,0.0
R02,02,268,0,0.0,0.0,0.0,0.0
R02,02,269,0,0.0,0.0,0.0,0.0
R02,02,270,0,0.0,0.0,0.0,0.0
R02,02,271,0,0.0,0.0,0.0,0.0
R02,02,272,0,0.0,0.0,0.0,0.0
R02,02,273,0,0.0,0.0,0.0,0.0
R02,02,274,0,0.0,0.0,0.0,0.0
R02,02,275,0,0.0,0.0,0.0,0.0
R02,02,276,0,0.0,0.0,0.0,0.0
R02,02,277,0,0.0,0.0,0.0,0.0
R02,02,278,0,0.0,0.0,0.0,0.0
R02,02,279,0,0.0,0.0,0.0,0.0
R02,02,280,0,0.0,0.0,0.0,0.0
R02,02,281,0,0.0,0.0,0.0,0.0
R02,02,282,0,0.0,0.0,0.0,0.0
R02,02,283,0,0.0,0.0,0.0,0.0
R02,02,284,0,0.0,0.0,0.0,0.0
R02,02,285,0,0.0,0.0,0.0,0.0
R02,02,286,0,0.0,0.0,0.0,0.0
R02,02,287,0,0.0,0.0,0.0,0.0
R02,02,288,0,0.0,0.0,0.0,0.0
R02,02,289,0,0.0,0.0,0.0,0.0
R02,02,290,0,0.0,0.0,0.0,0.0
R02,02,291,0,0.0,0.0,0.0,0.0
R02,02,292,0,0.0,0.0,0.0,0.0
R02,02,293,0,0.0,0.0,0.0,0.0
R02,02,294,0,0.0,0.0,0.0,0.0
R02,02,295,0,0.0,0.0,0.0,0.0
R02,02,296,0,0.0,0.0,0.0,0.0
R02,02,297,0,0.0,0.0,0.0,0.0
R02,02,298,0,0.0,0.0,0.0,0.0
R02,02,299,0,0.0,0.0,0.0,0.0
R02,02,300,0,0.0,0.0,0.0,0.0
R02,02,301,0,0.0,0.0,0.0,0.0
R02,02,302,0,0.0,0.0,0.0,0.0
R02,02,303,0,0.0,0.0,0.0,0.0
R02,02,304,0,0.0,0.0,0.0,0.0
R02,02,305,0,0.0,0.0,0.0,0.0
R02,02,306,0,0.0,0.0,0.0,0.0
R02,02,307,0,0.0,0.0,0.0,0.0
R02,02,308,0,0.0,0.0,0.0,0.0
R02,02,309,0,0.0,0.0,0.0,0.0
R02,02,310,0,0.0,0.0,0.0,0.0
R02,02,311,0,0.0,0.0,0.0,0.0
R02,02,312,0,0.0,0.0,0.0,0.0
R02,02,313,0,0.0,0.0,0.0,0.0
R02,02,314,0,0.0,0.0,0.0,0.0
R02,02,315,0,0.0,0.0,0.0,0.0
R02,02,316,0,0.0,0.0,0.0,0.0
R02,02,317,0,0.0,0.0,0.0,0.0
R02,02,318,0,0.0,0.0,0.0,0.0
R02,02,319,0,0.0,0.0,0.0,0.0
R02,02,320,0,0.0,0.0,0.0,0.0
R02,02,321,0,0.0,0.0,0.0,0.0
R02,02,322,0,0.0,0.0,0.0,0.0
R02,02,323,0,0.0,0.0,0.0,0.0
R02,02,324,0,0.0,0.0,0.0,0.0
R02,02,325,0,0.0,0.0,0.0,0.0
R02,02,326,0,0.0,0.0,0.0,0.0
R02,02,327,0,0.0,0.0,0.0,0.0
R02,02,328,0,0.0,0.0,0.0,0.0
R02,02,329,0,0.0,0.0,0.0,0.0
R02,02,330,0,0.0,0.0,0.0,0.0
R02,02,331,0,0.0,0.0,0.0,0.0
R02,02,332,0,0.0,0.0,0.0,0.0
R02,02,333,0,0.0,0.0,0.0,0.0
R02,02,334,0,0.0,0.0,0.0,0.0
R02,02,335,0,0.0,0.0,0.0,0.0
R02,02,336,0,0.0,0.0,0.0,0.0
R02,02,337,0,0.0,0.0,0.0,0.0
R02,02,338,0,0.0,0.0,0.0,0.0
R02,02,339,0,0.0,0.0,0.0,0.0
R02,02,340,0,0.0,0.0,0.0,0.0
R02,02,341,0,0.0,0.0,0.0,0.0
R02,02,342,0,0.0,0.0,0.0,0.0
R02,02,343,0,0.0,0.0,0.0,0.0
R02,02,344,0,0.0,0.0,0.0,0.0
R02,02,345,0,0.0,0.0,0.0,0.0
R02,02,346,0,0.0,0.0,0.0,0.0
R02,02,347,0,0.0,0.0,0.0,0.0
R02,02,348,0,0.0,0.0,0.0,0.0
R02,02,349,0,0.0,0.0,0.0,0.0
R02,02,350,0,0.0,0.0,0.0,0.0
R02,02,351,0,0.0,0.0,0.0,0.0
R02,02,352,0,0.0,0.0,0.0,0.0
R02,02,353,0,0.0,0.0,0.0,0.0
R02,02,354,0,0.0,0.0,0.0,0.0
R02,02,355,0,0.0,0.0,0.0,0.0
R02,02,356,0,0.0,0.0,0.0,0.0
R02,02,357,0,0.0,0.0,0.0,0.0
R02,02,358,0,0.0,0.0,0.0,0.0
R02,02,359,0,0.0,0.0,0.0,0.0
R02,02,360,0,0.0,0.0,0.0,0.0
R02,02,361,0,0.0,0.0,0.0,0.0
R02,02,362,0,0.0,0.0,0.0,0.0
R02,02,363,0,0.0,0.0,0.0,0.0
R02,02,364,0,0.0,0.0,0.0,0.0
R02,02,365,0,0.0,0.0,0.0,0.0
R02,02,366,0,0.0,0.0,0.0,0.0
R02,02,367,0,0.0,0.0,0.0,0.0
R02,02,368,0,0.0,0.0,0.0,0.0
R02,02,369,0,0.0,0.0,0.0,0.0
R02,02,370,0,0.0,0.0,0.0,0.0
R02,02,371,0,0.0,0.0,0.0,0.0
R02,02,372,0,0.0,0.0,0.0,0.0
R02,02,373,0,0.0,0.0,0.0,0.0
R02,02,374,0,0.0,0.0,0.0,0.0
R02,02,375,0,0.0,0.0,0.0,0.0
R02,02,376,0,0.0,0.0,0.0,0.0
R02,02,377,0,0.0,0.0,0.0,0.0
R02,02,378,0,0.0,0.0,0.0,0.0
R02,02,379,0,0.0,0.0,0.0,0.0
R02,02,380,0,0.0,0.0,0.0,0.0
R02,02,381,0,0.0,0.0,0.0,0.0
R02,02,382,0,0.0,0.0,0.0,0.0
R02,02,383,0,0.0,0.0,0.0,0.0
R02,02,384,0,0.0,0.0,0.0,0.0
R02,02,385,0,0.0,0.0,0.0,0.0
R02,02,386,0,0.0,0.0,0.0,0.0
R02,02,387,0,0.0,0.0,0.0,0.0
R02,02,388,0,0.0,0.0,0.0,0.0
R02,02,389,0,0.0,0.0,0.0,0.0
R02,02,390,0,0.0,0.0,0.0,0.0
R02,02,391,0,0.0,0.0,0.0,0.0
R02,02,392,0,0.0,0.0,0.0,0.0
R02,02,393,0,0.0,0.0,0.0,0.0
R02,02,394,0,0.0,0.0,0.0,0.0
R02,02,395,0,0.0,0.0,0.0,0.0
R02,02,396,0,0.0,0.0,0.0,0.0
R02,02,397,0,0.0,0.0,0.0,0.0
R02,02,398,0,0.0,0.0,0.0,0.0
R02,02,399,0,0.0,0.0,0.0,0.0
R02,02,400,0,0.0,0.0,0.0,0.0
R02,02,401,0,0.0,0.0,0.0,0.0
R02,02,402,0,0.0,0.0,0.0,0.0
R02,02,403,0,0.0,0.0,0.0,0.0
R02,02,404,0,0.0,0.0,0.0,0.0
R02,02,405,0,0.0,0.0,0.0,0.0
R02,02,406,0,0.0,0.0,0.0,0.0
R02,02,407,0,0.0,0.0,0.0,0.0
R02,02,408,0,0.0,0.0,0.0,0.0
R02,02,409,0,0.0,0.0,0.0,0.0
R02,02,410,0,0.0,0.0,0.0,0.0
R02,02,411,0,0.0,0.0,0.0,0.0
R02,02,412,0,0.0,0.0,0.0,0.0
R02,02,413,0,0.0,0.0,0.0,0.0
R02,02,414,0,0.0,0.0,0.0,0.0
R02,02,415,0,0.0,0.0,0.0,0.0
R02,02,416,0,0.0,0.0,0.0,0.0
R02,02,417,0,0.0,0.0,0.0,0.0
R02,02,418,0,0.0,0.0,0.0,0.0
R02,02,419,0,0.0,0.0,0.0,0.0
R02,02,420,0,0.0,0.0,0.0,0.0
R02,02,421,0,0.0,0.0,0.0,0.0
R02,02,422,0,0.0,0.0,0.0,0.0
R02,02,423,0,0.0,0.0,0.0,0.0
R02,02,424,0,0.0,0.0,0.0,0.0
R02,02,425,0,0.0,0.0,0.0,0.0
R02,02,426,0,0.0,0.0,0.0,0.0
R02,02,427,0,0.0,0.0,0.0,0.0
R02,02,428,0,0.0,0.0,0.0,0.0
R02,02,429,0,0.0,0.0,0.0,0.0
R02,02,430,0,0.0,0.0,0.0,0.0
R02,02,431,0,0.0,0.0,0.0,0.0
R02,02,432,0,0.0,0.0,0.0,0.0
R02,02,433,0,0.0,0.0,0.0,0.0
R02,02,434,0,0.0,0.0,0.0,0.0
R02,02,435,0,0.0,0.0,0.0,0.0
R02,02,436,0,0.0,0.0,0.0,0.0
R02,02,437,0,0.0,0.0,0.0,0.0
R02,02,438,0,0.0,0.0,0.0,0.0
R02,02,439,0,0.0,0.0,0.0,0.0
R02,02,440,0,0.0,0.0,0.0,0.0
R02,02,441,0,0.0,0.0,0.0,0.0
R02,02,442,0,0.0,0.0,0.0,0.0
R02,02,443,0,0.0,0.0,0.0,0.0
R02,02,444,0,0.0,0.0,0.0,0.0
R02,02,445,0,0.0,0.0,0.0,0.0
R02,02,446,0,0.0,0.0,0.0,0.0
R02,02,447,0,0.0,0.0,0.0,0.0
R02,02,448,0,0.0,0.0,0.0,0.0
R02,02,449,0,0.0,0.0,0.0,0.0
R02,02,450,0,0.0,0.0,0.0,0.0
R02,02,451,0,0.0,0.0,0.0,0.0
R02,02,452,0,0.0,0.0,0.0,0.0
R02,02,453,0,0.0,0.0,0.0,0.0
R02,02,454,0,0.0,0.0,0.0,0.0
R02,02,455,0,0.0,0.0,0.0,0.0
R02,02,456,0,0.0,0.0,0.0,0.0
R02,02,457,0,0.0,0.0,0.0,0.0
R02,02,458,0,0.0,0.0,0.0,0.0
R02,02,459,0,0.0,0.0,0.0,0.0
R02,02,460,0,0.0,0.0,0.0,0.0
R02,02,461,0,0.0,0.0,0.0,0.0
R02,02,462,0,0.0,0.0,0.0,0.0
R02,02,463,0,0.0,0.0,0.0,0.0
R02,02,464,0,0.0,0.0,0.0,0.0
R02,02,465,0,0.0,0.0,0.0,0.0
R02,02,466,0,0.0,0.0,0.0,0.0
R02,02,467,0,0.0,0.0,0.0,0.0
R02,02,468,0,0.0,0.0,0.0,0.0
R02,02,469,0,0.0,0.0,0.0,0.0
R02,02,470,0,0.0,0.0,0.0,0.0
R02,02,471,0,0.0,0.0,0.0,0.0
R02,02,472,0,0.0,0.0,0.0,0.0
R02,02,473,0,0.0,0.0,0.0,0.0
R02,02,474,0,0.0,0.0,0.0,0.0
R02,02,475,0,0.0,0.0,0.0,0.0
R02,02,476,0,0.0,0.0,0.0,0.0
R02,02,477,0,0.0,0.0,0.0,0.0
R02,02,478,0,0.0,0.0,0.0,0.0
R02,02,479,0,0.0,0.0,0.0,0.0
R02,02,480,0,0.0,0.0,0.0,0.0
R02,02,481,0,0.0,0.0,0.0,0.0
R02,02,482,0,0.0,0.0,0.0,0.0
R02,02,483,0,0.0,0.0,0.0,0.0
R02,02,484,0,0.0,0.0,0.0,0.0
R02,02,485,0,0.0,0.0,0.0,0.0
R02,02,486,0,0.0,0.0,0.0,0.0
R02,02,487,0,0.0,0.0,0.0,0.0
R02,02,488,0,0.0,0.0,0.0,0.0
R02,02,489,0,0.0,0.0,0.0,0.0
R02,02,490,0,0.0,0.0,0.0,0.0
R02,02,491,0,0.0,0.0,0.0,0.0
R02,02,492,0,0.0,0.0,0.0,0.0
R02,02,493,0,0.0,0.0,0.0,0.0
R02,02,494,0,0.0,0.0,0.0,0.0
R02,02,495,0,0.0,0.0,0.0,0.0
R02,02,496,0,0.0,0.0,0.0,0.0
R02,02,497,0,0.0,0.0,0.0,0.0
R02,02,498,0,0.0,0.0,0.0,0.0
R02,02,499,0,0.0,0.0,0.0,0.0
R02,02,500,0,0.0,0.0,0.0,0.0
R02,02,501,0,0.0,0.0,0.0,0.0
R02,02,502,0,0.0,0.0,0.0,0.0
R02,02,503,0,0.0,0.0,0.0,0.0
R02,02,504,0,0.0,0.0,0.0,0.0
R02,02,505,0,0.0,0.0,0.0,0.0
R02,02,506,0,0.0,0.0,0.0,0.0
R02,02,507,0,0.0,0.0,0.0,0.0
R02,02,508,0,0.0,0.0,0.0,0.0
R02,02,509,0,0.0,0.0,0.0,0.0
R02,02,510,0,0.0,0.0,0.0,0.0
R02,02,511,0,0.0,0.0,0.0,0.0
R02,02,512,0,0.0,0.0,0.0,0.0
R02,02,513,0,0.0,0.0,0.0,0.0
R02,02,514,0,0.0,0.0,0.0,0.0
R02,02,515,0,0.0,0.0,0.0,0.0
R02,02,516,0,0.0,0.0,0.0,0.0
R02,02,517,0,0.0,0.0,0.0,0.0
R02,02,518,0,0.0,0.0,0.0,0.0
R02,02,519,0,0.0,0.0,0.0,0.0
R02,02,520,0,0.0,0.0,0.0,0.0
R02,02,521,0,0.0,0.0,0.0,0.0
R02,02,522,0,0.0,0.0,0.0,0.0
R02,02,523,0,0.0,0.0,0.0,0.0
R02,02,524,0,0.0,0.0,0.0,0.0
R02,02,525,0,0.0,0.0,0.0,0.0
R02,02,526,0,0.0,0.0,0.0,0.0
R02,02,527,0,0.0,0.0,0.0,0.0
R02,02,528,0,0.0,0.0,0.0,0.0
R02,02,529,0,0.0,0.0,0.0,0.0
R02,02,530,0,0.0,0.0,0.0,0.0
R02,02,531,0,0.0,0.0,0.0,0.0
R02,02,532,0,0.0,0.0,0.0,0.0
R02,02,533,0,0.0,0.0,0.0,0.0
R02,02,534,0,0.0,0.0,0.0,0.0
R02,02,535,0,0.0,0.0,0.0,0.0
R02,02,536,0,0.0,0.0,0.0,0.0
R02,02,537,0,0.0,0.0,0.0,0.0
R02,02,538,0,0.0,0.0,0.0,0.0
R02,02,539,0,0.0,0.0,0.0,0.0
R02,02,540,0,0.0,0.0,0.0,0.0
R02,02,541,0,0.0,0.0,0.0,0.0
R02,02,542,0,0.0,0.0,0.0,0.0
R02,02,543,0,0.0,0.0,0.0,0.0
R02,02,544,0,0.0,0.0,0.0,0.0
R02,02,545,0,0.0,0.0,0.0,0.0
R02,02,546,0,0.0,0.0,0.0,0.0
R02,02,547,0,0.0,0.0,0.0,0.0
R02,02,548,0,0.0,0.0,0.0,0.0
R02,02,549,0,0.0,0.0,0.0,0.0
R02,02,550,0,0.0,0.0,0.0,0.0
R02,02,551,0,0.0,0.0,0.0,0.0
R02,02,552,0,0.0,0.0,0.0,0.0
R02,02,553,0,0.0,0.0,0.0,0.0
R02,02,554,0,0.0,0.0,0.0,0.0
R02,02,555,0,0.0,0.0,0.0,0.0
R02,02,556,0,0.0,0.0,0.0,0.0
R02,02,557,0,0.0,0.0,0.0,0.0
R02,02,558,0,0.0,0.0,0.0,0.0
R02,02,559,0,0.0,0.0,0.0,0.0
R02,02,560,0,0.0,0.0,0.0,0.0
R02,02,561,0,0.0,0.0,0.0,0.0
R02,02,562,0,0.0,0.0,0.0,0.0
R02,02,563,0,0.0,0.0,0.0,0.0
R02,02,564,0,0.0,0.0,0.0,0.0
R02,02,565,0,0.0,0.0,0.0,0.0
R02,02,566,0,0.0,0.0,0.0,0.0
R02,02,567,0,0.0,0.0,0.0,0.0
R02,02,568,0,0.0,0.0,0.0,0.0
R02,02,569,0,0.0,0.0,0.0,0.0
R02,02,570,0,0.0,0.0,0.0,0.0
R02,02,571,0,0.0,0.0,0.0,0.0
R02,02,572,0,0.0,0.0,0.0,0.0
R02,02,573,0,0.0,0.0,0.0,0.0
R02,02,574,0,0.0,0.0,0.0,0.0
R02,02,575,0,0.0,0.0,0.0,0.0
R02,02,576,0,0.0,0.0,0.0,0.0
R02,02,577,0,0.0,0.0,0.0,0.0
R02,02,578,0,0.0,0.0,0.0,0.0
R02,02,579,0,0.0,0.0,0.0,0.0
R02,02,580,0,0.0,0.0,0.0,0.0
R02,02,581,0,0.0,0.0,0.0,0.0
R02,02,582,0,0.0,0.0,0.0,0.0
R02,02,583,0,0.0,0.0,0.0,0.0
R02,02,584,0,0.0,0.0,0.0,0.0
R02,02,585,0,0.0,0.0,0.0,0.0
R02,02,586,0,0.0,0.0,0.0,0.0
R02,02,587,0,0.0,0.0,0.0,0.0
R02,02,588,0,0.0,0.0,0.0,0.0
R02,02,589,0,0.0,0.0,0.0,0.0
R02,02,590,0,0.0,0.0,0.0,0.0
R02,02,591,0,0.0,0.0,0.0,0.0
R02,02,592,0,0.0,0.0,0.0,0.0
R02,02,593,0,0.0,0.0,0.0,0.0
R02,02,594,0,0.0,0.0,0.0,0.0
R02,03,0,0,0.0,0.0,0.0,0.0
R02,03,1,0,0.0,0.0,0.0,0.0
R02,03,2,0,0.0,0.0,0.0,0.0
R02,03,3,0,0.0,0.0,0.0,0.0
R02,03,4,0,0.0,0.0,0.0,0.0
R02,03,5,0,0.0,0.0,0.0,0.0
R02,03,6,0,0.0,0.0,0.0,0.0
R02,03,7,0,0.0,0.0,0.0,0.0
R02,03,8,1,0.0,0.0,0.0,0.0
R02,03,9,1,0.0,0.0,0.0,0.0
R02,03,10,1,0.0,0.0,0.0,0.0
R02,03,11,1,0.0,0.0,0.0,0.0
R02,03,12,1,0.0,0.0,0.0,0.0
R02,03,13,1,0.0,0.0,0.0,0.0
R02,03,14,1,0.0,0.0,0.0,0.0
R02,03,15,1,0.0,0.0,0.0,0.0
R02,03,16,1,0.0,0.0,0.0,0.0
R02,03,17,1,0.0,0.0,0.0,0.0
R02,03,18,1,0.0,0.0,0.0,0.0
R02,03,19,1,0.0,0.0,0.0,0.0
R02,03,20,1,0.0,0.0,0.0,0.0
R02,03,21,1,0.0,0.0,0.0,0.0
R02,03,22,1,0.0,0.0,0.0,0.0
R02,03,23,1,0.0,0.0,0.0,0.0
R02,03,24,1,0.0,0.0,0.0,0.0
R02,03,25,1,0.0,0.0,0.0,0.0
R02,03,26,1,0.0,0.0,0.0,0.0
R02,03,27,1,0.0,0.0,0.0,0.0
R02,03,28,1,0.0,0.0,0.0,0.0
R02,03,29,1,0.0,0.0,0.0,0.0
R02,03,30,1,0.0,0.0,0.0,0.0
R02,03,31,1,0.0,0.0,0.0,0.0
R02,03,32,1,0.0,0.0,0.0,0.0
R02,03,33,1,0.0,0.0,0.0,0.0
R02,03,34,1,0.0,0.0,0.0,0.0
R02,03,35,1,0.0,0.0,0.0,0.0
R02,03,36,1,0.0,0.0,0.0,0.0
R02,03,37,1,0.0,0.0,0.0,0.0
R02,03,38,1,0.0,0.0,0.0,0.0
R02,03,39,1,0.0,0.0,0.0,0.0
R02,03,40,1,0.0,0.0,0.0,0.0
R02,03,41,1,0.0,0.0,0.0,0.0
R02,03,42,1,0.0,0.0,0.0,0.0
R02,03,43,1,0.0,0.0,0.0,0.0
R02,03,44,1,0.0,0.0,0.0,0.0
R02,03,45,1,0.0,0.0,0.0,0.0
R02,03,46,1,0.0,0.0,0.0,0.0
R02,03,47,1,0.0,0.0,0.0,0.0
R02,03,48,1,0.0,0.0,0.0,0.0
R02,03,49,1,0.0,0.0,0.0,0.0
R02,03,50,1,0.0,0.0,0.0,0.0
R02,03,51,1,0.0,0.0,0.0,0.0
R02,03,52,1,0.0,0.0,0.0,0.0
R02,03,53,1,0.0,0.0,0.0,0.0
R02,03,54,1,0.0,0.0,0.0,0.0
R02,03,55,1,0.0,0.0,0.0,0.0
R02,03,56,1,0.0,0.0,0.0,0.0
R02,03,57,1,0.0,0.0,0.0,0.0
R02,03,58,1,0.0,0.0,0.0,0.0
R02,03,59,1,0.0,0.0,0.0,0.0
R02,03,60,1,0.0,0.0,0.0,0.0
R02,03,61,1,0.0,0.0,0.0,0.0
R02,03,62,1,0.0,0.0,0.0,0.0
R02,03,63,1,0.0,0.0,0.0,0.0
R02,03,64,1,0.0,0.0,0.0,0.0
R02,03,65,1,0.0,0.0,0.0,0.0
R02,03,66,1,0.0,0.0,0.0,0.0
R02,03,67,1,0.0,0.0,0.0,0.0
R02,03,68,1,0.0,0.0,0.0,0.0
R02,03,69,1,0.0,0.0,0.0,0.0
R02,03,70,1,0.0,0.0,0.0,0.0
R02,03,71,1,0.0,0.0,0.0,0.0
R02,03,72,1,0.0,0.0,0.0,0.0
R02,03,73,1,0.0,0.0,0.0,0.0
R02,03,74,1,0.0,0.0,0.0,0.0
R02,03,75,1,0.0,0.0,0.0,0.0
R02,03,76,1,0.0,0.0,0.0,0.0
R02,03,77,1,0.0,0.0,0.0,0.0
R02,03,78,1,0.0,0.0,0.0,0.0
R02,03,79,1,0.0,0.0,0.0,0.0
R02,03,80,1,0.0,0.0,0.0,0.0
R02,03,81,1,0.0,0.0,0.0,0.0
R02,03,82,1,0.0,0.0,0.0,0.0
R02,03,83,1,0.0,0.0,0.0,0.0
R02,03,84,1,0.0,0.0,0.0,0.0
R02,03,85,1,0.0,0.0,0.0,0.0
R02,03,86,1,0.0,0.0,0.0,0.0
R02,03,87,1,0.0,0.0,0.0,0.0
R02,03,88,1,0.0,0.0,0.0,0.0
R02,03,89,1,0.0,0.0,0.0,0.0
R02,03,90,1,0.0,0.0,0.0,0.0
R02,03,91,1,0.0,0.0,0.0,0.0
R02,03,92,1,0.0,0.0,0.0,0.0
R02,03,93,1,0.0,0.0,0.0,0.0
R02,03,94,1,0.0,0.0,0.0,0.0
R02,03,95,1,0.0,0.0,0.0,0.0
R02,03,96,1,0.0,0.0,0.0,0.0
R02,03,97,1,0.0,0.0,0.0,0.0
R02,03,98,1,0.0,0.0,0.0,0.0
R02,03,99,1,0.0,0.0,0.0,0.0
R02,03,100,1,0.0,0.0,0.0,0.0
R02,03,101,1,0.0,0.0,0.0,0.0
R02,03,102,1,0.0,0.0,0.0,0.0
R02,03,103,1,0.0,0.0,0.0,0.0
R02,03,104,1,0.0,0.0,0.0,0.0
R02,03,105,1,0.0,0.0,0.0,0.0
R02,03,106,1,0.0,0.0,0.0,0.0
R02,03,107,1,0.0,0.0,0.0,0.0
R02,03,108,1,0.0,0.0,0.0,0.0
R02,03,109,1,0.0,0.0,0.0,0.0
R02,03,110,1,0.0,0.0,0.0,0.0
R02,03,111,1,0.0,0.0,0.0,0.0
R02,03,112,1,0.0,0.0,0.0,0.0
R02,03,113,1,0.0,0.0,0.0,0.0
R02,03,114,1,0.0,0.0,0.0,0.0
R02,03,115,1,0.0,0.0,0.0,0.0
R02,03,116,1,0.0,0.0,0.0,0.0
R02,03,117,1,0.0,0.0,0.0,0.0
R02,03,118,1,0.0,0.0,0.0,0.0
R02,03,119,1,0.0,0.0,0.0,0.0
R02,03,120,1,0.0,0.0,0.0,0.0
R02,03,121,1,0.0,0.0,0.0,0.0
R02,03,122,1,0.0,0.0,0.0,0.0
R02,03,123,1,0.0,0.0,0.0,0.0
R02,03,124,1,0.0,0.0,0.0,0.0
R02,03,125,1,0.0,0.0,0.0,0.0
R02,03,126,1,0.0,0.0,0.0,0.0
R02,03,127,1,0.0,0.0,0.0,0.0
R02,03,128,1,0.0,0.0,0.0,0.0
R02,03,129,1,0.0,0.0,0.0,0.0
R02,03,130,1,0.0,0.0,0.0,0.0
R02,03,131,1,0.0,0.0,0.0,0.0
R02,03,132,1,0.0,0.0,0.0,0.0
R02,03,133,1,0.0,0.0,0.0,0.0
R02,03,134,1,0.0,0.0,0.0,0.0
R02,03,135,1,0.0,0.0,0.0,0.0
R02,03,136,1,0.0,0.0,0.0,0.0
R02,03,137,1,0.0,0.0,0.0,0.0
R02,03,138,1,0.0,0.0,0.0,0.0
R02,03,139,1,0.0,0.0,0.0,0.0
R02,03,140,1,0.0,0.0,0.0,0.0
R02,03,141,1,0.0,0.0,0.0,0.0
R02,03,142,1,0.0,0.0,0.0,0.0
R02,03,143,1,0.0,0.0,0.0,0.0
R02,03,144,1,0.0,0.0,0.0,0.0
R02,03,145,1,0.0,0.0,0.0,0.0
R02,03,146,1,0.0,0.0,0.0,0.0
R02,03,147,1,0.0,0.0,0.0,0.0
R02,03,148,1,0.0,0.0,0.0,0.0
R02,03,149,1,0.0,0.0,0.0,0.0
R02,03,150,1,0.0,0.0,0.0,0.0
R02,03,151,1,0.0,0.0,0.0,0.0
R02,03,152,1,0.0,0.0,0.0,0.0
R02,03,153,1,0.0,0.0,0.0,0.0
R02,03,154,1,0.0,0.0,0.0,0.0
R02,03,155,1,0.0,0.0,0.0,0.0
R02,03,156,1,0.0,0.0,0.0,0.0
R02,03,157,1,0.0,0.0,0.0,0.0
R02,03,158,1,0.0,0.0,0.0,0.0
R02,03,159,1,0.0,0.0,0.0,0.0
R02,03,160,1,0.0,0.0,0.0,0.0
R02,03,161,1,0.0,0.0,0.0,0.0
R02,03,162,1,0.0,0.0,0.0,0.0
R02,03,163,1,0.0,0.0,0.0,0.0
R02,03,164,1,0.0,0.0,0.0,0.0
R02,03,165,1,0.0,0.0,0.0,0.0
R02,03,166,1,0.0,0.0,0.0,0.0
R02,03,167,1,0.0,0.0,0.0,0.0
R02,03,168,1,0.0,0.0,0.0,0.0
R02,03,169,1,0.0,0.0,0.0,0.0
R02,03,170,1,0.0,0.0,0.0,0.0
R02,03,171,1,0.0,0.0,0.0,0.0
R02,03,172,1,0.0,0.0,0.0,0.0
R02,03,173,1,0.0,0.0,0.0,0.0
R02,03,174,1,0.0,0.0,0.0,0.0
R02,03,175,1,0.0,0.0,0.0,0.0
R02,03,176,1,0.0,0.0,0.0,0.0
R02,03,177,1,0.0,0.0,0.0,0.0
R02,03,178,1,0.0,0.0,0.0,0.0
R02,03,179,1,0.0,0.0,0.0,0.0
R02,03,180,1,0.0,0.0,0.0,0.0
R02,03,181,1,0.0,0.0,0.0,0.0
R02,03,182,1,0.0,0.0,0.0,0.0
R02,03,183,1,0.0,0.0,0.0,0.0
R02,03,184,1,0.0,0.0,0.0,0.0
R02,03,185,1,0.0,0.0,0.0,0.0
R02,03,186,1,0.0,0.0,0.0,0.0
R02,03,187,1,0.0,0.0,0.0,0.0
R02,03,188,1,0.0,0.0,0.0,0.0
R02,03,189,1,0.0,0.0,0.0,0.0
R02,03,190,1,0.0,0.0,0.0,0.0
R02,03,191,1,0.0,0.0,0.0,0.0
R02,03,192,1,0.0,0.0,0.0,0.0
R02,03,193,1,0.0,0.0,0.0,0.0
R02,03,194,1,0.0,0.0,0.0,0.0
R02,03,195,1,0.0,0.0,0.0,0.0
R02,03,196,1,0.0,0.0,0.0,0.0
R02,03,197,1,0.0,0.0,0.0,0.0
R02,03,198,1,0.0,0.0,0.0,0.0
R02,03,199,1,0.0,0.0,0.0,0.0
R02,03,200,1,0.0,0.0,0.0,0.0
R02,03,201,1,0.0,0.0,0.0,0.0
R02,03,202,1,0.0,0.0,0.0,0.0
R02,03,203,1,0.0,0.0,0.0,0.0
R02,03,204,1,0.0,0.0,0.0,0.0
R02,03,205,1,0.0,0.0,0.0,0.0
R02,03,206,1,0.0,0.0,0.0,0.0
R02,03,207,1,0.0,0.0,0.0,0.0
R02,03,208,1,0.0,0.0,0.0,0.0
R02,03,209,1,0.0,0.0,0.0,0.0
R02,03,210,1,0.0,0.0,0.0,0.0
R02,03,211,1,0.0,0.0,0.0,0.0
R02,03,212,1,0.0,0.0,0.0,0.0
R02,03,213,1,0.0,0.0,0.0,0.0
R02,03,214,1,0.0,0.0,0.0,0.0
R02,03,215,1,0.0,0.0,0.0,0.0
R02,03,216,1,0.0,0.0,0.0,0.0
R02,03,217,1,0.0,0.0,0.0,0.0
R02,03,218,1,0.0,0.0,0.0,0.0
R02,03,219,1,0.0,0.0,0.0,0.0
R02,03,220,1,0.0,0.0,0.0,0.0
R02,03,221,1,0.0,0.0,0.0,0.0
R02,03,222,1,0.0,0.0,0.0,0.0
R02,03,223,1,0.0,0.0,0.0,0.0
R02,03,224,1,0.0,0.0,0.0,0.0
R02,03,225,1,0.0,0.0,0.0,0.0
R02,03,226,1,0.0,0.0,0.0,0.0
R02,03,227,1,0.0,0.0,0.0,0.0
R02,03,228,1,0.0,0.0,0.0,0.0
R02,03,229,1,0.0,0.0,0.0,0.0
R02,03,230,1,0.0,0.0,0.0,0.0
R02,03,231,1,0.0,0.0,0.0,0.0
R02,03,232,1,0.0,0.0,0.0,0.0
R02,03,233,1,0.0,0.0,0.0,0.0
R02,03,234,1,0.0,0.0,0.0,0.0
R02,03,235,1,0.0,0.0,0.0,0.0
R02,03,236,1,0.0,0.0,0.0,0.0
R02,03,237,1,0.0,0.0,0.0,0.0
R02,03,238,1,0.0,0.0,0.0,0.0
R02,03,239,1,0.0,0.0,0.0,0.0
R02,03,240,1,0.0,0.0,0.0,0.0
R02,03,241,1,0.0,0.0,0.0,0.0
R02,03,242,1,0.0,0.0,0.0,0.0
R02,03,243,1,0.0,0.0,0.0,0.0
R02,03,244,1,0.0,0.0,0.0,0.0
R02,03,245,1,0.0,0.0,0.0,0.0
R02,03,246,1,0.0,0.0,0.0,0.0
R02,03,247,1,0.0,0.0,0.0,0.0
R02,03,248,1,0.0,0.0,0.0,0.0
R02,03,249,1,0.0,0.0,0.0,0.0
R02,03,250,1,0.0,0.0,0.0,0.0
R02,03,251,1,0.0,0.0,0.0,0.0
R02,03,252,1,0.0,0.0,0.0,0.0
R02,03,253,1,0.0,0.0,0.0,0.0
R02,03,254,1,0.0,0.0,0.0,0.0
R02,03,255,1,0.0,0.0,0.0,0.0
R02,03,256,1,0.0,0.0,0.0,0.0
R02,03,257,1,0.0,0.0,0.0,0.0
R02,03,258,1,0.0,0.0,0.0,0.0
R02,03,259,1,0.0,0.0,0.0,0.0
R02,03,260,1,0.0,0.0,0.0,0.0
R02,03,261,1,0.0,0.0,0.0,0.0
R02,03,262,1,0.0,0.0,0.0,0.0
R02,03,263,1,0.0,0.0,0.0,0.0
R02,03,264,1,0.0,0.0,0.0,0.0
R02,03,265,1,0.0,0.0,0.0,0.0
R02,03,266,1,0.0,0.0,0.0,0.0
R02,03,267,1,0.0,0.0,0.0,0.0
R02,03,268,1,0.0,0.0,0.0,0.0
R02,03,269,1,0.0,0.0,0.0,0.0
R02,03,270,1,0.0,0.0,0.0,0.0
R02,03,271,1,0.0,0.0,0.0,0.0
R02,03,272,1,0.0,0.0,0.0,0.0
R02,03,273,1,0.0,0.0,0.0,0.0
R02,03,274,1,0.0,0.0,0.0,0.0
R02,03,275,1,0.0,0.0,0.0,0.0
R02,03,276,1,0.0,0.0,0.0,0.0
R02,03,277,1,0.0,0.0,0.0,0.0
R02,03,278,1,0.0,0.0,0.0,0.0
R02,03,279,1,0.0,0.0,0.0,0.0
R02,03,280,1,0.0,0.0,0.0,0.0
R02,03,281,1,0.0,0.0,0.0,0.0
R02,03,282,1,0.0,0.0,0.0,0.0
R02,03,283,1,0.0,0.0,0.0,0.0
R02,03,284,1,0.0,0.0,0.0,0.0
R02,03,285,1,0.0,0.0,0.0,0.0
R02,03,286,1,0.0,0.0,0.0,0.0
R02,03,287,1,0.0,0.0,0.0,0.0
R02,03,288,1,0.0,0.0,0.0,0.0
R02,03,289,1,0.0,0.0,0.0,0.0
R02,03,290,1,0.0,0.0,0.0,0.0
R02,03,291,1,0.0,0.0,0.0,0.0
R02,03,292,1,0.0,0.0,0.0,0.0
R02,03,293,1,0.0,0.0,0.0,0.0
R02,03,294,1,0.0,0.0,0.0,0.0
R02,03,295,1,0.0,0.0,0.0,0.0
R02,03,296,1,0.0,0.0,0.0,0.0
R02,03,297,1,0.0,0.0,0.0,0.0
R02,03,298,1,0.0,0.0,0.0,0.0
R02,03,299,1,0.0,0.0,0.0,0.0
R02,03,300,1,0.0,0.0,0.0,0.0
R02,03,301,1,0.0,0.0,0.0,0.0
R02,03,302,1,0.0,0.0,0.0,0.0
R02,03,303,1,0.0,0.0,0.0,0.0
R02,03,304,0,0.0,0.0,0.0,0.0
R02,03,305,0,0.0,0.0,0.0,0.0
R02,03,306,0,0.0,0.0,0.0,0.0
R02,03,307,0,0.0,0.0,0.0,0.0
R02,03,308,0,0.0,0.0,0.0,0.0
R02,03,309,0,0.0,0.0,0.0,0.0
R02,03,310,0,0.0,0.0,0.0,0.0
R02,03,311,0,0.0,0.0,0.0,0.0
R02,03,312,0,0.0,0.0,0.0,0.0
R02,03,313,0,0.0,0.0,0.0,0.0
R02,03,314,0,0.0,0.0,0.0,0.0
R02,03,315,0,0.0,0.0,0.0,0.0
R02,03,316,0,0.0,0.0,0.0,0.0
R02,03,317,0,0.0,0.0,0.0,0.0
R02,03,318,0,0.0,0.0,0.0,0.0
R02,03,319,0,0.0,0.0,0.0,0.0
R02,03,320,0,0.0,0.0,0.0,0.0
R02,03,321,0,0.0,0.0,0.0,0.0
R02,03,322,0,0.0,0.0,0.0,0.0
R02,03,323,0,0.0,0.0,0.0,0.0
R02,03,324,0,0.0,0.0,0.0,0.0
R02,03,325,0,0.0,0.0,0.0,0.0
R02,03,326,0,0.0,0.0,0.0,0.0
R02,03,327,0,0.0,0.0,0.0,0.0
R02,03,328,0,0.0,0.0,0.0,0.0
R02,03,329,0,0.0,0.0,0.0,0.0
R02,03,330,0,0.0,0.0,0.0,0.0
R02,03,331,0,0.0,0.0,0.0,0.0
R02,03,332,0,0.0,0.0,0.0,0.0
R02,03,333,0,0.0,0.0,0.0,0.0
R02,03,334,0,0.0,0.0,0.0,0.0
R02,03,335,0,0.0,0.0,0.0,0.0
R02,03,336,0,0.0,0.0,0.0,0.0
R02,03,337,0,0.0,0.0,0.0,0.0
R02,03,338,0,0.0,0.0,0.0,0.0
R02,03,339,0,0.0,0.0,0.0,0.0
R02,03,340,0,0.0,0.0,0.0,0.0
R02,03,341,0,0.0,0.0,0.0,0.0
R02,03,342,0,0.0,0.0,0.0,0.0
R02,03,343,0,0.0,0.0,0.0,0.0
R02,03,344,0,0.0,0.0,0.0,0.0
R02,03,345,0,0.0,0.0,0.0,0.0
R02,03,346,0,0.0,0.0,0.0,0.0
R02,03,347,0,0.0,0.0,0.0,0.0
R02,03,348,0,0.0,0.0,0.0,0.0
R02,03,349,0,0.0,0.0,0.0,0.0
R02,03,350,0,0.0,0.0,0.0,0.0
R02,03,351,0,0.0,0.0,0.0,0.0
R02,03,352,0,0.0,0.0,0.0,0.0
R02,03,353,0,0.0,0.0,0.0,0.0
R02,03,354,0,0.0,0.0,0.0,0.0
R02,03,355,0,0.0,0.0,0.0,0.0
R02,03,356,0,0.0,0.0,0.0,0.0
R02,03,357,0,0.0,0.0,0.0,0.0
R02,03,358,0,0.0,0.0,0.0,0.0
R02,03,359,0,0.0,0.0,0.0,0.0
R02,03,360,0,0.0,0.0,0.0,0.0
R02,03,361,0,0.0,0.0,0.0,0.0
R02,03,362,0,0.0,0.0,0.0,0.0
R02,03,363,0,0.0,0.0,0.0,0.0
R02,03,364,0,0.0,0.0,0.0,0.0
R02,03,365,0,0.0,0.0,0.0,0.0
R02,03,366,0,0.0,0.0,0.0,0.0
R02,03,367,0,0.0,0.0,0.0,0.0
R02,03,368,0,0.0,0.0,0.0,0.0
R02,03,369,0,0.0,0.0,0.0,0.0
R02,03,370,0,0.0,0.0,0.0,0.0
R02,03,371,0,0.0,0.0,0.0,0.0
R02,03,372,0,0.0,0.0,0.0,0.0
R02,03,373,0,0.0,0.0,0.0,0.0
R02,03,374,0,0.0,0.0,0.0,0.0
R02,03,375,0,0.0,0.0,0.0,0.0
R02,03,376,0,0.0,0.0,0.0,0.0
R02,03,377,0,0.0,0.0,0.0,0.0
R02,03,378,0,0.0,0.0,0.0,0.0
R02,03,379,0,0.0,0.0,0.0,0.0
R02,03,380,0,0.0,0.0,0.0,0.0
R02,03,381,0,0.0,0.0,0.0,0.0
R02,03,382,0,0.0,0.0,0.0,0.0
R02,03,383,0,0.0,0.0,0.0,0.0
R02,03,384,0,0.0,0.0,0.0,0.0
R02,03,385,0,0.0,0.0,0.0,0.0
R02,03,386,0,0.0,0.0,0.0,0.0
R02,03,387,0,0.0,0.0,0.0,0.0
R02,03,388,0,0.0,0.0,0.0,0.0
R02,03,389,0,0.0,0.0,0.0,0.0
R02,03,390,0,0.0,0.0,0.0,0.0
R02,03,391,0,0.0,0.0,0.0,0.0
R02,03,392,0,0.0,0.0,0.0,0.0
R02,03,393,0,0.0,0.0,0.0,0.0
R02,03,394,0,0.0,0.0,0.0,0.0
R02,03,395,0,0.0,0.0,0.0,0.0
R02,03,396,0,0.0,0.0,0.0,0.0
R02,03,397,0,0.0,0.0,0.0,0.0
R02,03,398,0,0.0,0.0,0.0,0.0
R02,03,399,0,0.0,0.0,0.0,0.0
R02,03,400,0,0.0,0.0,0.0,0.0
R02,03,401,0,0.0,0.0,0.0,0.0
R02,03,402,0,0.0,0.0,0.0,0.0
R02,03,403,0,0.0,0.0,0.0,0.0
R02,03,404,0,0.0,0.0,0.0,0.0
R02,03,405,0,0.0,0.0,0.0,0.0
R02,03,406,0,0.0,0.0,0.0,0.0
R02,03,407,0,0.0,0.0,0.0,0.0
R02,03,408,0,0.0,0.0,0.0,0.0
R02,03,409,0,0.0,0.0,0.0,0.0
R02,03,410,0,0.0,0.0,0.0,0.0
R02,03,411,0,0.0,0.0,0.0,0.0
R02,03,412,0,0.0,0.0,0.0,0.0
R02,03,413,0,0.0,0.0,0.0,0.0
R02,03,414,0,0.0,0.0,0.0,0.0
R02,03,415,0,0.0,0.0,0.0,0.0
R02,03,416,0,0.0,0.0,0.0,0.0
R02,03,417,0,0.0,0.0,0.0,0.0
R02,03,418,0,0.0,0.0,0.0,0.0
R02,03,419,0,0.0,0.0,0.0,0.0
R02,03,420,0,0.0,0.0,0.0,0.0
R02,03,421,0,0.0,0.0,0.0,0.0
R02,03,422,0,0.0,0.0,0.0,0.0
R02,03,423,0,0.0,0.0,0.0,0.0
R02,03,424,0,0.0,0.0,0.0,0.0
R02,03,425,0,0.0,0.0,0.0,0.0
R02,03,426,0,0.0,0.0,0.0,0.0
R02,03,427,0,0.0,0.0,0.0,0.0
R02,03,428,0,0.0,0.0,0.0,0.0
R02,03,429,0,0.0,0.0,0.0,0.0
R02,03,430,0,0.0,0.0,0.0,0.0
R02,03,431,0,0.0,0.0,0.0,0.0
R02,03,432,0,0.0,0.0,0.0,0.0
R02,03,433,0,0.0,0.0,0.0,0.0
R02,03,434,0,0.0,0.0,0.0,0.0
R02,03,435,0,0.0,0.0,0.0,0.0
R02,03,436,0,0.0,0.0,0.0,0.0
R02,03,437,0,0.0,0.0,0.0,0.0
R02,03,438,0,0.0,0.0,0.0,0.0
R02,03,439,0,0.0,0.0,0.0,0.0
R02,03,440,0,0.0,0.0,0.0,0.0
R02,03,441,0,0.0,0.0,0.0,0.0
R02,03,442,0,0.0,0.0,0.0,0.0
R02,03,443,0,0.0,0.0,0.0,0.0
R02,03,444,0,0.0,0.0,0.0,0.0
R02,03,445,0,0.0,0.0,0.0,0.0
R02,03,446,0,0.0,0.0,0.0,0.0
R02,03,447,0,0.0,0.0,0.0,0.0
R02,03,448,0,0.0,0.0,0.0,0.0
R02,03,449,0,0.0,0.0,0.0,0.0
R02,03,450,0,0.0,0.0,0.0,0.0
R02,03,451,0,0.0,0.0,0.0,0.0
R02,03,452,0,0.0,0.0,0.0,0.0
R02,03,453,0,0.0,0.0,0.0,0.0
R02,03,454,0,0.0,0.0,0.0,0.0
R02,03,455,0,0.0,0.0,0.0,0.0
R02,03,456,0,0.0,0.0,0.0,0.0
R02,03,457,0,0.0,0.0,0.0,0.0
R02,03,458,0,0.0,0.0,0.0,0.0
R02,03,459,0,0.0,0.0,0.0,0.0
R02,03,460,0,0.0,0.0,0.0,0.0
R02,03,461,0,0.0,0.0,0.0,0.0
R02,03,462,0,0.0,0.0,0.0,0.0
R02,03,463,0,0.0,0.0,0.0,0.0
R02,03,464,0,0.0,0.0,0.0,0.0
R02,03,465,0,0.0,0.0,0.0,0.0
R02,03,466,0,0.0,0.0,0.0,0.0
R02,03,467,0,0.0,0.0,0.0,0.0
R02,03,468,0,0.0,0.0,0.0,0.0
R02,03,469,0,0.0,0.0,0.0,0.0
R02,03,470,0,0.0,0.0,0.0,0.0
R02,03,471,0,0.0,0.0,0.0,0.0
R02,03,472,0,0.0,0.0,0.0,0.0
R02,03,473,0,0.0,0.0,0.0,0.0
R02,03,474,0,0.0,0.0,0.0,0.0
R02,03,475,0,0.0,0.0,0.0,0.0
R02,03,476,0,0.0,0.0,0.0,0.0
R02,03,477,0,0.0,0.0,0.0,0.0
R02,03,478,0,0.0,0.0,0.0,0.0
R02,03,479,0,0.0,0.0,0.0,0.0
R02,03,480,0,0.0,0.0,0.0,0.0
R02,03,481,0,0.0,0.0,0.0,0.0
R02,03,482,0,0.0,0.0,0.0,0.0
R02,03,483,0,0.0,0.0,0.0,0.0
R02,03,484,0,0.0,0.0,0.0,0.0
R02,03,485,0,0.0,0.0,0.0,0.0
R02,03,486,0,0.0,0.0,0.0,0.0
R02,03,487,0,0.0,0.0,0.0,0.0
R02,03,488,0,0.0,0.0,0.0,0.0
R02,03,489,0,0.0,0.0,0.0,0.0
R02,03,490,0,0.0,0.0,0.0,0.0
R02,03,491,0,0.0,0.0,0.0,0.0
R02,03,492,0,0.0,0.0,0.0,0.0
R02,03,493,0,0.0,0.0,0.0,0.0
R02,03,494,0,0.0,0.0,0.0,0.0
R02,03,495,0,0.0,0.0,0.0,0.0
R02,03,496,0,0.0,0.0,0.0,0.0
R02,03,497,0,0.0,0.0,0.0,0.0
R02,03,498,0,0.0,0.0,0.0,0.0
R02,03,499,0,0.0,0.0,0.0,0.0
R02,03,500,0,0.0,0.0,0.0,0.0
R02,03,501,0,0.0,0.0,0.0,0.0
R02,03,502,0,0.0,0.0,0.0,0.0
R02,03,503,0,0.0,0.0,0.0,0.0
R02,03,504,0,0.0,0.0,0.0,0.0
R02,03,505,0,0.0,0.0,0.0,0.0
R02,03,506,0,0.0,0.0,0.0,0.0
R02,03,507,0,0.0,0.0,0.0,0.0
R02,03,508,0,0.0,0.0,0.0,0.0
R02,03,509,0,0.0,0.0,0.0,0.0
R02,03,510,0,0.0,0.0,0.0,0.0
R02,03,511,0,0.0,0.0,0.0,0.0
R02,03,512,0,0.0,0.0,0.0,0.0
R02,03,513,0,0.0,0.0,0.0,0.0
R02,03,514,0,0.0,0.0,0.0,0.0
R02,03,515,0,0.0,0.0,0.0,0.0
R02,03,516,0,0.0,0.0,0.0,0.0
R02,03,517,0,0.0,0.0,0.0,0.0
R02,03,518,0,0.0,0.0,0.0,0.0
R02,03,519,0,0.0,0.0,0.0,0.0
R02,03,520,0,0.0,0.0,0.0,0.0
R02,03,521,0,0.0,0.0,0.0,0.0
R02,03,522,0,0.0,0.0,0.0,0.0
R02,03,523,0,0.0,0.0,0.0,0.0
R02,03,524,0,0.0,0.0,0.0,0.0
R02,03,525,0,0.0,0.0,0.0,0.0
R02,03,526,0,0.0,0.0,0.0,0.0
R02,03,527,0,0.0,0.0,0.0,0.0
R02,03,528,0,0.0,0.0,0.0,0.0
R02,03,529,0,0.0,0.0,0.0,0.0
R02,03,530,0,0.0,0.0,0.0,0.0
R02,03,531,0,0.0,0.0,0.0,0.0
R02,03,532,0,0.0,0.0,0.0,0.0
R02,03,533,0,0.0,0.0,0.0,0.0
R02,03,534,0,0.0,0.0,0.0,0.0
R02,03,535,0,0.0,0.0,0.0,0.0
R02,03,536,0,0.0,0.0,0.0,0.0
R02,03,537,0,0.0,0.0,0.0,0.0
R02,03,538,0,0.0,0.0,0.0,0.0
R02,03,539,0,0.0,0.0,0.0,0.0
R02,03,540,0,0.0,0.0,0.0,0.0
R02,03,541,0,0.0,0.0,0.0,0.0
R02,03,542,0,0.0,0.0,0.0,0.0
R02,03,543,0,0.0,0.0,0.0,0.0
R02,03,544,0,0.0,0.0,0.0,0.0
R02,03,545,0,0.0,0.0,0.0,0.0
R02,03,546,0,0.0,0.0,0.0,0.0
R02,03,547,0,0.0,0.0,0.0,0.0
R02,03,548,0,0.0,0.0,0.0,0.0
R02,03,549,0,0.0,0.0,0.0,0.0
R02,03,550,0,0.0,0.0,0.0,0.0
R02,03,551,0,0.0,0.0,0.0,0.0
R02,03,552,0,0.0,0.0,0.0,0.0
R02,03,553,0,0.0,0.0,0.0,0.0
R02,03,554,0,0.0,0.0,0.0,0.0
R02,03,555,0,0.0,0.0,0.0,0.0
R02,03,556,0,0.0,0.0,0.0,0.0
R02,03,557,0,0.0,0.0,0.0,0.0
R02,03,558,0,0.0,0.0,0.0,0.0
R02,03,559,0,0.0,0.0,0.0,0.0
R02,03,560,0,0.0,0.0,0.0,0.0
R02,03,561,0,0.0,0.0,0.0,0.0
R02,03,562,0,0.0,0.0,0.0,0.0
R02,03,563,0,0.0,0.0,0.0,0.0
R02,03,564,0,0.0,0.0,0.0,0.0
R02,03,565,0,0.0,0.0,0.0,0.0
R02,03,566,0,0.0,0.0,0.0,0.0
R02,03,567,0,0.0,0.0,0.0,0.0
R02,03,568,0,0.0,0.0,0.0,0.0
R02,03,569,0,0.0,0.0,0.0,0.0
R02,03,570,0,0.0,0.0,0.0,0.0
R02,03,571,0,0.0,0.0,0.0,0.0
R02,03,572,0,0.0,0.0,0.0,0.0
R02,04,0,0,0.0,0.0,0.0,0.0
R02,04,1,0,0.0,0.0,0.0,0.0
R02,04,2,0,0.0,0.0,0.0,0.0
R02,04,3,0,0.0,0.0,0.0,0.0
R02,04,4,0,0.0,0.0,0.0,0.0
R02,04,5,0,0.0,0.0,0.0,0.0
R02,04,6,0,0.0,0.0,0.0,0.0
R02,04,7,0,0.0,0.0,0.0,0.0
R02,04,8,0,0.0,0.0,0.0,0.0
R02,04,9,0,0.0,0.0,0.0,0.0
R02,04,10,1,0.0,0.0,0.0,0.0
R02,04,11,1,0.0,0.0,0.0,0.0
R02,04,12,1,0.0,0.0,0.0,0.0
R02,04,13,1,0.0,0.0,0.0,0.0
R02,04,14,1,0.0,0.0,0.0,0.0
R02,04,15,1,0.0,0.0,0.0,0.0
R02,04,16,1,0.0,0.0,0.0,0.0
R02,04,17,1,0.0,0.0,0.0,0.0
R02,04,18,1,0.0,0.0,0.0,0.0
R02,04,19,1,0.0,0.0,0.0,0.0
R02,04,20,1,0.0,0.0,0.0,0.0
R02,04,21,1,0.0,0.0,0.0,0.0
R02,04,22,1,0.0,0.0,0.0,0.0
R02,04,23,1,0.0,0.0,0.0,0.0
R02,04,24,1,0.0,0.0,0.0,0.0
R02,04,25,1,0.0,0.0,0.0,0.0
R02,04,26,1,0.0,0.0,0.0,0.0
R02,04,27,1,0.0,0.0,0.0,0.0
R02,04,28,1,0.0,0.0,0.0,0.0
R02,04,29,1,0.0,0.0,0.0,0.0
R02,04,30,1,0.0,0.0,0.0,0.0
R02,04,31,1,0.0,0.0,0.0,0.0
R02,04,32,1,0.0,0.0,0.0,0.0
R02,04,33,1,0.0,0.0,0.0,0.0
R02,04,34,1,0.0,0.0,0.0,0.0
R02,04,35,1,0.0,0.0,0.0,0.0
R02,04,36,1,0.0,0.0,0.0,0.0
R02,04,37,1,0.0,0.0,0.0,0.0
R02,04,38,1,0.0,0.0,0.0,0.0
R02,04,39,1,0.0,0.0,0.0,0.0
R02,04,40,1,0.0,0.0,0.0,0.0
R02,04,41,1,0.0,0.0,0.0,0.0
R02,04,42,1,0.0,0.0,0.0,0.0
R02,04,43,1,0.0,0.0,0.0,0.0
R02,04,44,1,0.0,0.0,0.0,0.0
R02,04,45,1,0.0,0.0,0.0,0.0
R02,04,46,1,0.0,0.0,0.0,0.0
R02,04,47,1,0.0,0.0,0.0,0.0
R02,04,48,1,0.0,0.0,0.0,0.0
R02,04,49,1,0.0,0.0,0.0,0.0
R02,04,50,1,0.0,0.0,0.0,0.0
R02,04,51,1,0.0,0.0,0.0,0.0
R02,04,52,1,0.0,0.0,0.0,0.0
R02,04,53,1,0.0,0.0,0.0,0.0
R02,04,54,1,0.0,0.0,0.0,0.0
R02,04,55,1,0.0,0.0,0.0,0.0
R02,04,56,1,0.0,0.0,0.0,0.0
R02,04,57,1,0.0,0.0,0.0,0.0
R02,04,58,1,0.0,0.0,0.0,0.0
R02,04,59,1,0.0,0.0,0.0,0.0
R02,04,60,1,0.0,0.0,0.0,0.0
R02,04,61,1,0.0,0.0,0.0,0.0
R02,04,62,1,0.0,0.0,0.0,0.0
R02,04,63,1,0.0,0.0,0.0,0.0
R02,04,64,1,0.0,0.0,0.0,0.0
R02,04,65,1,0.0,0.0,0.0,0.0
R02,04,66,1,0.0,0.0,0.0,0.0
R02,04,67,1,0.0,0.0,0.0,0.0
R02,04,68,1,0.0,0.0,0.0,0.0
R02,04,69,1,0.0,0.0,0.0,0.0
R02,04,70,1,0.0,0.0,0.0,0.0
R02,04,71,1,0.0,0.0,0.0,0.0
R02,04,72,1,0.0,0.0,0.0,0.0
R02,04,73,1,0.0,0.0,0.0,0.0
R02,04,74,1,0.0,0.0,0.0,0.0
R02,04,75,1,0.0,0.0,0.0,0.0
R02,04,76,1,0.0,0.0,0.0,0.0
R02,04,77,1,0.0,0.0,0.0,0.0
R02,04,78,1,0.0,0.0,0.0,0.0
R02,04,79,1,0.0,0.0,0.0,0.0
R02,04,80,1,0.0,0.0,0.0,0.0
R02,04,81,1,0.0,0.0,0.0,0.0
R02,04,82,1,0.0,0.0,0.0,0.0
R02,04,83,1,0.0,0.0,0.0,0.0
R02,04,84,1,0.0,0.0,0.0,0.0
R02,04,85,1,0.0,0.0,0.0,0.0
R02,04,86,1,0.0,0.0,0.0,0.0
R02,04,87,1,0.0,0.0,0.0,0.0
R02,04,88,1,0.0,0.0,0.0,0.0
R02,04,89,1,0.0,0.0,0.0,0.0
R02,04,90,1,0.0,0.0,0.0,0.0
R02,04,91,1,0.0,0.0,0.0,0.0
R02,04,92,1,0.0,0.0,0.0,0.0
R02,04,93,1,0.0,0.0,0.0,0.0
R02,04,94,1,0.0,0.0,0.0,0.0
R02,04,95,1,0.0,0.0,0.0,0.0
R02,04,96,1,0.0,0.0,0.0,0.0
R02,04,97,1,0.0,0.0,0.0,0.0
R02,04,98,1,0.0,0.0,0.0,0.0
R02,04,99,1,0.0,0.0,0.0,0.0
R02,04,100,1,0.0,0.0,0.0,0.0
R02,04,101,1,0.0,0.0,0.0,0.0
R02,04,102,1,0.0,0.0,0.0,0.0
R02,04,103,1,0.0,0.0,0.0,0.0
R02,04,104,1,0.0,0.0,0.0,0.0
R02,04,105,1,0.0,0.0,0.0,0.0
R02,04,106,1,0.0,0.0,0.0,0.0
R02,04,107,1,0.0,0.0,0.0,0.0
R02,04,108,1,0.0,0.0,0.0,0.0
R02,04,109,1,0.0,0.0,0.0,0.0
R02,04,110,1,0.0,0.0,0.0,0.0
R02,04,111,1,0.0,0.0,0.0,0.0
R02,04,112,1,0.0,0.0,0.0,0.0
R02,04,113,1,0.0,0.0,0.0,0.0
R02,04,114,1,0.0,0.0,0.0,0.0
R02,04,115,1,0.0,0.0,0.0,0.0
R02,04,116,1,0.0,0.0,0.0,0.0
R02,04,117,1,0.0,0.0,0.0,0.0
R02,04,118,1,0.0,0.0,0.0,0.0
R02,04,119,1,0.0,0.0,0.0,0.0
R02,04,120,1,0.0,0.0,0.0,0.0
R02,04,121,1,0.0,0.0,0.0,0.0
R02,04,122,1,0.0,0.0,0.0,0.0
R02,04,123,1,0.0,0.0,0.0,0.0
R02,04,124,1,0.0,0.0,0.0,0.0
R02,04,125,1,0.0,0.0,0.0,0.0
R02,04,126,1,0.0,0.0,0.0,0.0
R02,04,127,1,0.0,0.0,0.0,0.0
R02,04,128,1,0.0,0.0,0.0,0.0
R02,04,129,1,0.0,0.0,0.0,0.0
R02,04,130,1,0.0,0.0,0.0,0.0
R02,04,131,1,0.0,0.0,0.0,0.0
R02,04,132,1,0.0,0.0,0.0,0.0
R02,04,133,1,0.0,0.0,0.0,0.0
R02,04,134,1,0.0,0.0,0.0,0.0
R02,04,135,1,0.0,0.0,0.0,0.0
R02,04,136,1,0.0,0.0,0.0,0.0
R02,04,137,1,0.0,0.0,0.0,0.0
R02,04,138,1,0.0,0.0,0.0,0.0
R02,04,139,1,0.0,0.0,0.0,0.0
R02,04,140,1,0.0,0.0,0.0,0.0
R02,04,141,1,0.0,0.0,0.0,0.0
R02,04,142,1,0.0,0.0,0.0,0.0
R02,04,143,1,0.0,0.0,0.0,0.0
R02,04,144,1,0.0,0.0,0.0,0.0
R02,04,145,1,0.0,0.0,0.0,0.0
R02,04,146,1,0.0,0.0,0.0,0.0
R02,04,147,1,0.0,0.0,0.0,0.0
R02,04,148,1,0.0,0.0,0.0,0.0
R02,04,149,1,0.0,0.0,0.0,0.0
R02,04,150,1,0.0,0.0,0.0,0.0
R02,04,151,1,0.0,0.0,0.0,0.0
R02,04,152,1,0.0,0.0,0.0,0.0
R02,04,153,1,0.0,0.0,0.0,0.0
R02,04,154,1,0.0,0.0,0.0,0.0
R02,04,155,1,0.0,0.0,0.0,0.0
R02,04,156,1,0.0,0.0,0.0,0.0
R02,04,157,1,0.0,0.0,0.0,0.0
R02,04,158,1,0.0,0.0,0.0,0.0
R02,04,159,1,0.0,0.0,0.0,0.0
R02,04,160,1,0.0,0.0,0.0,0.0
R02,04,161,1,0.0,0.0,0.0,0.0
R02,04,162,1,0.0,0.0,0.0,0.0
R02,04,163,1,0.0,0.0,0.0,0.0
R02,04,164,1,0.0,0.0,0.0,0.0
R02,04,165,1,0.0,0.0,0.0,0.0
R02,04,166,1,0.0,0.0,0.0,0.0
R02,04,167,1,0.0,0.0,0.0,0.0
R02,04,168,1,0.0,0.0,0.0,0.0
R02,04,169,1,0.0,0.0,0.0,0.0
R02,04,170,1,0.0,0.0,0.0,0.0
R02,04,171,1,0.0,0.0,0.0,0.0
R02,04,172,1,0.0,0.0,0.0,0.0
R02,04,173,1,0.0,0.0,0.0,0.0
R02,04,174,1,0.0,0.0,0.0,0.0
R02,04,175,1,0.0,0.0,0.0,0.0
R02,04,176,1,0.0,0.0,0.0,0.0
R02,04,177,1,0.0,0.0,0.0,0.0
R02,04,178,1,0.0,0.0,0.0,0.0
R02,04,179,1,0.0,0.0,0.0,0.0
R02,04,180,1,0.0,0.0,0.0,0.0
R02,04,181,1,0.0,0.0,0.0,0.0
R02,04,182,1,0.0,0.0,0.0,0.0
R02,04,183,1,0.0,0.0,0.0,0.0
R02,04,184,1,0.0,0.0,0.0,0.0
R02,04,185,1,0.0,0.0,0.0,0.0
R02,04,186,1,0.0,0.0,0.0,0.0
R02,04,187,1,0.0,0.0,0.0,0.0
R02,04,188,1,0.0,0.0,0.0,0.0
R02,04,189,1,0.0,0.0,0.0,0.0
R02,04,190,1,0.0,0.0,0.0,0.0
R02,04,191,1,0.0,0.0,0.0,0.0
R02,04,192,1,0.0,0.0,0.0,0.0
R02,04,193,1,0.0,0.0,0.0,0.0
R02,04,194,1,0.0,0.0,0.0,0.0
R02,04,195,1,0.0,0.0,0.0,0.0
R02,04,196,1,0.0,0.0,0.0,0.0
R02,04,197,1,0.0,0.0,0.0,0.0
R02,04,198,1,0.0,0.0,0.0,0.0
R02,04,199,1,0.0,0.0,0.0,0.0
R02,04,200,1,0.0,0.0,0.0,0.0
R02,04,201,1,0.0,0.0,0.0,0.0
R02,04,202,1,0.0,0.0,0.0,0.0
R02,04,203,1,0.0,0.0,0.0,0.0
R02,04,204,1,0.0,0.0,0.0,0.0
R02,04,205,1,0.0,0.0,0.0,0.0
R02,04,206,1,0.0,0.0,0.0,0.0
R02,04,207,1,0.0,0.0,0.0,0.0
R02,04,208,1,0.0,0.0,0.0,0.0
R02,04,209,1,0.0,0.0,0.0,0.0
R02,04,210,1,0.0,0.0,0.0,0.0
R02,04,211,1,0.0,0.0,0.0,0.0
R02,04,212,1,0.0,0.0,0.0,0.0
R02,04,213,1,0.0,0.0,0.0,0.0
R02,04,214,1,0.0,0.0,0.0,0.0
R02,04,215,1,0.0,0.0,0.0,0.0
R02,04,216,1,0.0,0.0,0.0,0.0
R02,04,217,1,0.0,0.0,0.0,0.0
R02,04,218,1,0.0,0.0,0.0,0.0
R02,04,219,1,0.0,0.0,0.0,0.0
R02,04,220,1,0.0,0.0,0.0,0.0
R02,04,221,1,0.0,0.0,0.0,0.0
R02,04,222,1,0.0,0.0,0.0,0.0
R02,04,223,1,0.0,0.0,0.0,0.0
R02,04,224,1,0.0,0.0,0.0,0.0
R02,04,225,1,0.0,0.0,0.0,0.0
R02,04,226,1,0.0,0.0,0.0,0.0
R02,04,227,1,0.0,0.0,0.0,0.0
R02,04,228,1,0.0,0.0,0.0,0.0
R02,04,229,1,0.0,0.0,0.0,0.0
R02,04,230,1,0.0,0.0,0.0,0.0
R02,04,231,1,0.0,0.0,0.0,0.0
R02,04,232,1,0.0,0.0,0.0,0.0
R02,04,233,1,0.0,0.0,0.0,0.0
R02,04,234,1,0.0,0.0,0.0,0.0
R02,04,235,1,0.0,0.0,0.0,0.0
R02,04,236,1,0.0,0.0,0.0,0.0
R02,04,237,1,0.0,0.0,0.0,0.0
R02,04,238,1,0.0,0.0,0.0,0.0
R02,04,239,1,0.0,0.0,0.0,0.0
R02,04,240,1,0.0,0.0,0.0,0.0
R02,04,241,1,0.0,0.0,0.0,0.0
R02,04,242,1,0.0,0.0,0.0,0.0
R02,04,243,1,0.0,0.0,0.0,0.0
R02,04,244,1,0.0,0.0,0.0,0.0
R02,04,245,1,0.0,0.0,0.0,0.0
R02,04,246,1,0.0,0.0,0.0,0.0
R02,04,247,1,0.0,0.0,0.0,0.0
R02,04,248,1,0.0,0.0,0.0,0.0
R02,04,249,1,0.0,0.0,0.0,0.0
R02,04,250,1,0.0,0.0,0.0,0.0
R02,04,251,1,0.0,0.0,0.0,0.0
R02,04,252,1,0.0,0.0,0.0,0.0
R02,04,253,1,0.0,0.0,0.0,0.0
R02,04,254,1,0.0,0.0,0.0,0.0
R02,04,255,1,0.0,0.0,0.0,0.0
R02,04,256,1,0.0,0.0,0.0,0.0
R02,04,257,1,0.0,0.0,0.0,0.0
R02,04,258,1,0.0,0.0,0.0,0.0
R02,04,259,1,0.0,0.0,0.0,0.0
R02,04,260,1,0.0,0.0,0.0,0.0
R02,04,261,1,0.0,0.0,0.0,0.0
R02,04,262,1,0.0,0.0,0.0,0.0
R02,04,263,1,0.0,0.0,0.0,0.0
R02,04,264,1,0.0,0.0,0.0,0.0
R02,04,265,1,0.0,0.0,0.0,0.0
R02,04,266,1,0.0,0.0,0.0,0.0
R02,04,267,1,0.0,0.0,0.0,0.0
R02,04,268,1,0.0,0.0,0.0,0.0
R02,04,269,1,0.0,0.0,0.0,0.0
R02,04,270,1,0.0,0.0,0.0,0.0
R02,04,271,1,0.0,0.0,0.0,0.0
R02,04,272,1,0.0,0.0,0.0,0.0
R02,04,273,1,0.0,0.0,0.0,0.0
R02,04,274,1,0.0,0.0,0.0,0.0
R02,04,275,1,0.0,0.0,0.0,0.0
R02,04,276,1,0.0,0.0,0.0,0.0
R02,04,277,1,0.0,0.0,0.0,0.0
R02,04,278,1,0.0,0.0,0.0,0.0
R02,04,279,1,0.0,0.0,0.0,0.0
R02,04,280,1,0.0,0.0,0.0,0.0
R02,04,281,1,0.0,0.0,0.0,0.0
R02,04,282,1,0.0,0.0,0.0,0.0
R02,04,283,1,0.0,0.0,0.0,0.0
R02,04,284,1,0.0,0.0,0.0,0.0
R02,04,285,1,0.0,0.0,0.0,0.0
R02,04,286,1,0.0,0.0,0.0,0.0
R02,04,287,1,0.0,0.0,0.0,0.0
R02,04,288,1,0.0,0.0,0.0,0.0
R02,04,289,1,0.0,0.0,0.0,0.0
R02,04,290,1,0.0,0.0,0.0,0.0
R02,04,291,1,0.0,0.0,0.0,0.0
R02,04,292,1,0.0,0.0,0.0,0.0
R02,04,293,1,0.0,0.0,0.0,0.0
R02,04,294,1,0.0,0.0,0.0,0.0
R02,04,295,1,0.0,0.0,0.0,0.0
R02,04,296,1,0.0,0.0,0.0,0.0
R02,04,297,1,0.0,0.0,0.0,0.0
R02,04,298,1,0.0,0.0,0.0,0.0
R02,04,299,1,0.0,0.0,0.0,0.0
R02,04,300,1,0.0,0.0,0.0,0.0
R02,04,301,1,0.0,0.0,0.0,0.0
R02,04,302,1,0.0,0.0,0.0,0.0
R02,04,303,1,0.0,0.0,0.0,0.0
R02,04,304,0,0.0,0.0,0.0,0.0
R02,04,305,0,0.0,0.0,0.0,0.0
R02,04,306,0,0.0,0.0,0.0,0.0
R02,04,307,0,0.0,0.0,0.0,0.0
R02,04,308,0,0.0,0.0,0.0,0.0
R02,04,309,0,0.0,0.0,0.0,0.0
R02,04,310,0,0.0,0.0,0.0,0.0
R02,04,311,0,0.0,0.0,0.0,0.0
R02,04,312,0,0.0,0.0,0.0,0.0
R02,04,313,0,0.0,0.0,0.0,0.0
R02,04,314,0,0.0,0.0,0.0,0.0
R02,04,315,0,0.0,0.0,0.0,0.0
R02,04,316,0,0.0,0.0,0.0,0.0
R02,04,317,0,0.0,0.0,0.0,0.0
R02,04,318,0,0.0,0.0,0.0,0.0
R02,04,319,0,0.0,0.0,0.0,0.0
R02,04,320,0,0.0,0.0,0.0,0.0
R02,04,321,0,0.0,0.0,0.0,0.0
R02,04,322,0,0.0,0.0,0.0,0.0
R02,04,323,0,0.0,0.0,0.0,0.0
R02,04,324,0,0.0,0.0,0.0,0.0
R02,04,325,0,0.0,0.0,0.0,0.0
R02,04,326,0,0.0,0.0,0.0,0.0
R02,04,327,0,0.0,0.0,0.0,0.0
R02,04,328,0,0.0,0.0,0.0,0.0
R02,04,329,0,0.0,0.0,0.0,0.0
R02,04,330,0,0.0,0.0,0.0,0.0
R02,04,331,0,0.0,0.0,0.0,0.0
R02,04,332,0,0.0,0.0,0.0,0.0
R02,04,333,0,0.0,0.0,0.0,0.0
R02,04,334,0,0.0,0.0,0.0,0.0
R02,04,335,0,0.0,0.0,0.0,0.0
R02,04,336,0,0.0,0.0,0.0,0.0
R02,04,337,0,0.0,0.0,0.0,0.0
R02,04,338,0,0.0,0.0,0.0,0.0
R02,04,339,0,0.0,0.0,0.0,0.0
R02,04,340,0,0.0,0.0,0.0,0.0
R02,04,341,0,0.0,0.0,0.0,0.0
R02,04,342,0,0.0,0.0,0.0,0.0
R02,04,343,0,0.0,0.0,0.0,0.0
R02,04,344,0,0.0,0.0,0.0,0.0
R02,04,345,0,0.0,0.0,0.0,0.0
R02,04,346,0,0.0,0.0,0.0,0.0
R02,04,347,0,0.0,0.0,0.0,0.0
R02,04,348,0,0.0,0.0,0.0,0.0
R02,04,349,0,0.0,0.0,0.0,0.0
R02,04,350,0,0.0,0.0,0.0,0.0
R02,04,351,0,0.0,0.0,0.0,0.0
R02,04,352,0,0.0,0.0,0.0,0.0
R02,04,353,0,0.0,0.0,0.0,0.0
R02,04,354,0,0.0,0.0,0.0,0.0
R02,04,355,0,0.0,0.0,0.0,0.0
R02,04,356,0,0.0,0.0,0.0,0.0
R02,04,357,0,0.0,0.0,0.0,0.0
R02,04,358,0,0.0,0.0,0.0,0.0
R02,04,359,0,0.0,0.0,0.0,0.0
R02,04,360,0,0.0,0.0,0.0,0.0
R02,04,361,0,0.0,0.0,0.0,0.0
R02,04,362,0,0.0,0.0,0.0,0.0
R02,04,363,0,0.0,0.0,0.0,0.0
R02,04,364,0,0.0,0.0,0.0,0.0
R02,04,365,0,0.0,0.0,0.0,0.0
R02,04,366,0,0.0,0.0,0.0,0.0
R02,04,367,0,0.0,0.0,0.0,0.0
R02,04,368,0,0.0,0.0,0.0,0.0
R02,04,369,0,0.0,0.0,0.0,0.0
R02,04,370,0,0.0,0.0,0.0,0.0
R02,04,371,0,0.0,0.0,0.0,0.0
R02,04,372,0,0.0,0.0,0.0,0.0
R02,04,373,0,0.0,0.0,0.0,0.0
R02,04,374,0,0.0,0.0,0.0,0.0
R02,04,375,0,0.0,0.0,0.0,0.0
R02,04,376,0,0.0,0.0,0.0,0.0
R02,04,377,0,0.0,0.0,0.0,0.0
R02,04,378,0,0.0,0.0,0.0,0.0
R02,04,379,0,0.0,0.0,0.0,0.0
R02,04,380,0,0.0,0.0,0.0,0.0
R02,04,381,0,0.0,0.0,0.0,0.0
R02,04,382,0,0.0,0.0,0.0,0.0
R02,04,383,0,0.0,0.0,0.0,0.0
R02,04,384,0,0.0,0.0,0.0,0.0
R02,04,385,0,0.0,0.0,0.0,0.0
R02,04,386,0,0.0,0.0,0.0,0.0
R02,04,387,0,0.0,0.0,0.0,0.0
R02,04,388,0,0.0,0.0,0.0,0.0
R02,04,389,0,0.0,0.0,0.0,0.0
R02,04,390,0,0.0,0.0,0.0,0.0
R02,04,391,0,0.0,0.0,0.0,0.0
R02,04,392,0,0.0,0.0,0.0,0.0
R02,04,393,0,0.0,0.0,0.0,0.0
R02,04,394,0,0.0,0.0,0.0,0.0
R02,04,395,0,0.0,0.0,0.0,0.0
R02,04,396,0,0.0,0.0,0.0,0.0
R02,04,397,0,0.0,0.0,0.0,0.0
R02,04,398,0,0.0,0.0,0.0,0.0
R02,04,399,0,0.0,0.0,0.0,0.0
R02,04,400,0,0.0,0.0,0.0,0.0
R02,04,401,0,0.0,0.0,0.0,0.0
R02,04,402,0,0.0,0.0,0.0,0.0
R02,04,403,0,0.0,0.0,0.0,0.0
R02,04,404,0,0.0,0.0,0.0,0.0
R02,04,405,0,0.0,0.0,0.0,0.0
R02,04,406,0,0.0,0.0,0.0,0.0
R02,04,407,0,0.0,0.0,0.0,0.0
R02,04,408,0,0.0,0.0,0.0,0.0
R02,04,409,0,0.0,0.0,0.0,0.0
R02,04,410,0,0.0,0.0,0.0,0.0
R02,04,411,0,0.0,0.0,0.0,0.0
R02,04,412,0,0.0,0.0,0.0,0.0
R02,04,413,0,0.0,0.0,0.0,0.0
R02,04,414,0,0.0,0.0,0.0,0.0
R02,04,415,0,0.0,0.0,0.0,0.0
R02,04,416,0,0.0,0.0,0.0,0.0
R02,04,417,0,0.0,0.0,0.0,0.0
R02,04,418,0,0.0,0.0,0.0,0.0
R02,04,419,0,0.0,0.0,0.0,0.0
R02,04,420,0,0.0,0.0,0.0,0.0
R02,04,421,0,0.0,0.0,0.0,0.0
R02,04,422,0,0.0,0.0,0.0,0.0
R02,04,423,0,0.0,0.0,0.0,0.0
R02,04,424,0,0.0,0.0,0.0,0.0
R02,04,425,0,0.0,0.0,0.0,0.0
R02,04,426,0,0.0,0.0,0.0,0.0
R02,04,427,0,0.0,0.0,0.0,0.0
R02,04,428,0,0.0,0.0,0.0,0.0
R02,04,429,0,0.0,0.0,0.0,0.0
R02,04,430,0,0.0,0.0,0.0,0.0
R02,04,431,0,0.0,0.0,0.0,0.0
R02,04,432,0,0.0,0.0,0.0,0.0
R02,04,433,0,0.0,0.0,0.0,0.0
R02,04,434,0,0.0,0.0,0.0,0.0
R02,04,435,0,0.0,0.0,0.0,0.0
R02,04,436,0,0.0,0.0,0.0,0.0
R02,04,437,0,0.0,0.0,0.0,0.0
R02,04,438,0,0.0,0.0,0.0,0.0
R02,04,439,0,0.0,0.0,0.0,0.0
R02,04,440,0,0.0,0.0,0.0,0.0
R02,04,441,0,0.0,0.0,0.0,0.0
R02,04,442,0,0.0,0.0,0.0,0.0
R02,04,443,0,0.0,0.0,0.0,0.0
R02,04,444,0,0.0,0.0,0.0,0.0
R02,04,445,0,0.0,0.0,0.0,0.0
R02,04,446,0,0.0,0.0,0.0,0.0
R02,04,447,0,0.0,0.0,0.0,0.0
R02,04,448,0,0.0,0.0,0.0,0.0
R02,04,449,0,0.0,0.0,0.0,0.0
R02,04,450,0,0.0,0.0,0.0,0.0
R02,04,451,0,0.0,0.0,0.0,0.0
R02,04,452,0,0.0,0.0,0.0,0.0
R02,04,453,0,0.0,0.0,0.0,0.0
R02,04,454,0,0.0,0.0,0.0,0.0
R02,04,455,0,0.0,0.0,0.0,0.0
R02,04,456,0,0.0,0.0,0.0,0.0
R02,04,457,0,0.0,0.0,0.0,0.0
R02,04,458,0,0.0,0.0,0.0,0.0
R02,04,459,0,0.0,0.0,0.0,0.0
R02,04,460,0,0.0,0.0,0.0,0.0
R02,04,461,0,0.0,0.0,0.0,0.0
R02,04,462,0,0.0,0.0,0.0,0.0
R02,04,463,0,0.0,0.0,0.0,0.0
R02,04,464,0,0.0,0.0,0.0,0.0
R02,04,465,0,0.0,0.0,0.0,0.0
R02,04,466,0,0.0,0.0,0.0,0.0
R02,04,467,0,0.0,0.0,0.0,0.0
R02,04,468,0,0.0,0.0,0.0,0.0
R02,04,469,0,0.0,0.0,0.0,0.0
R02,04,470,0,0.0,0.0,0.0,0.0
R02,04,471,0,0.0,0.0,0.0,0.0
R02,04,472,0,0.0,0.0,0.0,0.0
R02,04,473,0,0.0,0.0,0.0,0.0
R02,04,474,0,0.0,0.0,0.0,0.0
R02,04,475,0,0.0,0.0,0.0,0.0
R02,04,476,0,0.0,0.0,0.0,0.0
R02,04,477,0,0.0,0.0,0.0,0.0
R02,04,478,0,0.0,0.0,0.0,0.0
R02,04,479,0,0.0,0.0,0.0,0.0
R02,04,480,0,0.0,0.0,0.0,0.0
R02,04,481,0,0.0,0.0,0.0,0.0
R02,04,482,0,0.0,0.0,0.0,0.0
R02,04,483,0,0.0,0.0,0.0,0.0
R02,04,484,0,0.0,0.0,0.0,0.0
R02,04,485,0,0.0,0.0,0.0,0.0
R02,04,486,0,0.0,0.0,0.0,0.0
R02,04,487,0,0.0,0.0,0.0,0.0
R02,04,488,0,0.0,0.0,0.0,0.0
R02,04,489,0,0.0,0.0,0.0,0.0
R02,04,490,0,0.0,0.0,0.0,0.0
R02,04,491,0,0.0,0.0,0.0,0.0
R02,04,492,0,0.0,0.0,0.0,0.0
R02,04,493,0,0.0,0.0,0.0,0.0
R02,04,494,0,0.0,0.0,0.0,0.0
R02,04,495,0,0.0,0.0,0.0,0.0
R02,04,496,0,0.0,0.0,0.0,0.0
R02,04,497,0,0.0,0.0,0.0,0.0
R02,04,498,0,0.0,0.0,0.0,0.0
R02,04,499,0,0.0,0.0,0.0,0.0
R02,04,500,0,0.0,0.0,0.0,0.0
R02,04,501,0,0.0,0.0,0.0,0.0
R02,04,502,0,0.0,0.0,0.0,0.0
R02,04,503,0,0.0,0.0,0.0,0.0
R02,04,504,0,0.0,0.0,0.0,0.0
R02,04,505,0,0.0,0.0,0.0,0.0
R02,04,506,0,0.0,0.0,0.0,0.0
R02,04,507,0,0.0,0.0,0.0,0.0
R02,04,508,0,0.0,0.0,0.0,0.0
R02,04,509,0,0.0,0.0,0.0,0.0
R02,04,510,0,0.0,0.0,0.0,0.0
R02,04,511,0,0.0,0.0,0.0,0.0
R02,04,512,0,0.0,0.0,0.0,0.0
R02,04,513,0,0.0,0.0,0.0,0.0
R02,04,514,0,0.0,0.0,0.0,0.0
R02,04,515,0,0.0,0.0,0.0,0.0
R02,04,516,0,0.0,0.0,0.0,0.0
R02,04,517,0,0.0,0.0,0.0,0.0
R02,04,518,0,0.0,0.0,0.0,0.0
R02,04,519,0,0.0,0.0,0.0,0.0
R02,04,520,0,0.0,0.0,0.0,0.0
R02,04,521,0,0.0,0.0,0.0,0.0
R02,04,522,0,0.0,0.0,0.0,0.0
R02,04,523,0,0.0,0.0,0.0,0.0
R02,04,524,0,0.0,0.0,0.0,0.0
R02,04,525,0,0.0,0.0,0.0,0.0
R02,04,526,0,0.0,0.0,0.0,0.0
R02,04,527,0,0.0,0.0,0.0,0.0
R02,04,528,0,0.0,0.0,0.0,0.0
R02,04,529,0,0.0,0.0,0.0,0.0
R02,04,530,0,0.0,0.0,0.0,0.0
R02,04,531,0,0.0,0.0,0.0,0.0
R02,04,532,0,0.0,0.0,0.0,0.0
R02,04,533,0,0.0,0.0,0.0,0.0
R02,04,534,0,0.0,0.0,0.0,0.0
R02,04,535,0,0.0,0.0,0.0,0.0
R02,04,536,0,0.0,0.0,0.0,0.0
R02,04,537,0,0.0,0.0,0.0,0.0
R02,04,538,0,0.0,0.0,0.0,0.0
R02,04,539,0,0.0,0.0,0.0,0.0
R02,04,540,0,0.0,0.0,0.0,0.0
R02,04,541,0,0.0,0.0,0.0,0.0
R02,04,542,0,0.0,0.0,0.0,0.0
R02,04,543,0,0.0,0.0,0.0,0.0
R02,04,544,0,0.0,0.0,0.0,0.0
R02,04,545,0,0.0,0.0,0.0,0.0
R02,04,546,0,0.0,0.0,0.0,0.0
R02,04,547,0,0.0,0.0,0.0,0.0
R02,04,548,0,0.0,0.0,0.0,0.0
R02,04,549,0,0.0,0.0,0.0,0.0
R02,04,550,0,0.0,0.0,0.0,0.0
R02,04,551,0,0.0,0.0,0.0,0.0
R02,04,552,0,0.0,0.0,0.0,0.0
R02,04,553,0,0.0,0.0,0.0,0.0
R02,04,554,0,0.0,0.0,0.0,0.0
R02,04,555,0,0.0,0.0,0.0,0.0
R02,04,556,0,0.0,0.0,0.0,0.0
R02,04,557,0,0.0,0.0,0.0,0.0
R02,04,558,0,0.0,0.0,0.0,0.0
R02,04,559,0,0.0,0.0,0.0,0.0
R02,04,560,0,0.0,0.0,0.0,0.0
R02,04,561,0,0.0,0.0,0.0,0.0
R02,04,562,0,0.0,0.0,0.0,0.0
R02,04,563,0,0.0,0.0,0.0,0.0
R02,04,564,0,0.0,0.0,0.0,0.0
R02,04,565,0,0.0,0.0,0.0,0.0
R02,04,566,0,0.0,0.0,0.0,0.0
R02,04,567,0,0.0,0.0,0.0,0.0
R02,04,568,0,0.0,0.0,0.0,0.0
R02,04,569,0,0.0,0.0,0.0,0.0
R02,04,570,0,0.0,0.0,0.0,0.0
R02,04,571,0,0.0,0.0,0.0,0.0
R02,04,572,0,0.0,0.0,0.0,0.0
R02,04,573,0,0.0,0.0,0.0,0.0
R02,04,574,0,0.0,0.0,0.0,0.0
R02,04,575,0,0.0,0.0,0.0,0.0
R02,04,576,0,0.0,0.0,0.0,0.0
R02,04,577,0,0.0,0.0,0.0,0.0
R02,05,0,0,0.0,0.0,0.0,0.0
R02,05,1,0,0.0,0.0,0.0,0.0
R02,05,2,0,0.0,0.0,0.0,0.0
R02,05,3,0,0.0,0.0,0.0,0.0
R02,05,4,0,0.0,0.0,0.0,0.0
R02,05,5,0,0.0,0.0,0.0,0.0
R02,05,6,0,0.0,0.0,0.0,0.0
R02,05,7,0,0.0,0.0,0.0,0.0
R02,05,8,0,0.0,0.0,0.0,0.0
R02,05,9,0,0.0,0.0,0.0,0.0
R02,05,10,0,0.0,0.0,0.0,0.0
R02,05,11,1,0.0,0.0,0.0,0.0
R02,05,12,1,0.0,0.0,0.0,0.0
R02,05,13,1,0.0,0.0,0.0,0.0
R02,05,14,1,0.0,0.0,0.0,0.0
R02,05,15,1,0.0,0.0,0.0,0.0
R02,05,16,1,0.0,0.0,0.0,0.0
R02,05,17,1,0.0,0.0,0.0,0.0
R02,05,18,1,0.0,0.0,0.0,0.0
R02,05,19,1,0.0,0.0,0.0,0.0
R02,05,20,1,0.0,0.0,0.0,0.0
R02,05,21,1,0.0,0.0,0.0,0.0
R02,05,22,1,0.0,0.0,0.0,0.0
R02,05,23,1,0.0,0.0,0.0,0.0
R02,05,24,1,0.0,0.0,0.0,0.0
R02,05,25,1,0.0,0.0,0.0,0.0
R02,05,26,1,0.0,0.0,0.0,0.0
R02,05,27,1,0.0,0.0,0.0,0.0
R02,05,28,1,0.0,0.0,0.0,0.0
R02,05,29,1,0.0,0.0,0.0,0.0
R02,05,30,1,0.0,0.0,0.0,0.0
R02,05,31,1,0.0,0.0,0.0,0.0
R02,05,32,1,0.0,0.0,0.0,0.0
R02,05,33,1,0.0,0.0,0.0,0.0
R02,05,34,1,0.0,0.0,0.0,0.0
R02,05,35,1,0.0,0.0,0.0,0.0
R02,05,36,1,0.0,0.0,0.0,0.0
R02,05,37,1,0.0,0.0,0.0,0.0
R02,05,38,1,0.0,0.0,0.0,0.0
R02,05,39,1,0.0,0.0,0.0,0.0
R02,05,40,1,0.0,0.0,0.0,0.0
R02,05,41,1,0.0,0.0,0.0,0.0
R02,05,42,1,0.0,0.0,0.0,0.0
R02,05,43,1,0.0,0.0,0.0,0.0
R02,05,44,1,0.0,0.0,0.0,0.0
R02,05,45,1,0.0,0.0,0.0,0.0
R02,05,46,1,0.0,0.0,0.0,0.0
R02,05,47,1,0.0,0.0,0.0,0.0
R02,05,48,1,0.0,0.0,0.0,0.0
R02,05,49,1,0.0,0.0,0.0,0.0
R02,05,50,1,0.0,0.0,0.0,0.0
R02,05,51,1,0.0,0.0,0.0,0.0
R02,05,52,1,0.0,0.0,0.0,0.0
R02,05,53,1,0.0,0.0,0.0,0.0
R02,05,54,1,0.0,0.0,0.0,0.0
R02,05,55,1,0.0,0.0,0.0,0.0
R02,05,56,1,0.0,0.0,0.0,0.0
R02,05,57,1,0.0,0.0,0.0,0.0
R02,05,58,1,0.0,0.0,0.0,0.0
R02,05,59,1,0.0,0.0,0.0,0.0
R02,05,60,1,0.0,0.0,0.0,0.0
R02,05,61,1,0.0,0.0,0.0,0.0
R02,05,62,1,0.0,0.0,0.0,0.0
R02,05,63,1,0.0,0.0,0.0,0.0
R02,05,64,1,0.0,0.0,0.0,0.0
R02,05,65,1,0.0,0.0,0.0,0.0
R02,05,66,1,0.0,0.0,0.0,0.0
R02,05,67,1,0.0,0.0,0.0,0.0
R02,05,68,1,0.0,0.0,0.0,0.0
R02,05,69,1,0.0,0.0,0.0,0.0
R02,05,70,1,0.0,0.0,0.0,0.0
R02,05,71,1,0.0,0.0,0.0,0.0
R02,05,72,1,0.0,0.0,0.0,0.0
R02,05,73,1,0.0,0.0,0.0,0.0
R02,05,74,1,0.0,0.0,0.0,0.0
R02,05,75,1,0.0,0.0,0.0,0.0
R02,05,76,1,0.0,0.0,0.0,0.0
R02,05,77,1,0.0,0.0,0.0,0.0
R02,05,78,1,0.0,0.0,0.0,0.0
R02,05,79,1,0.0,0.0,0.0,0.0
R02,05,80,1,0.0,0.0,0.0,0.0
R02,05,81,1,0.0,0.0,0.0,0.0
R02,05,82,1,0.0,0.0,0.0,0.0
R02,05,83,1,0.0,0.0,0.0,0.0
R02,05,84,1,0.0,0.0,0.0,0.0
R02,05,85,1,0.0,0.0,0.0,0.0
R02,05,86,1,0.0,0.0,0.0,0.0
R02,05,87,1,0.0,0.0,0.0,0.0
R02,05,88,1,0.0,0.0,0.0,0.0
R02,05,89,1,0.0,0.0,0.0,0.0
R02,05,90,1,0.0,0.0,0.0,0.0
R02,05,91,1,0.0,0.0,0.0,0.0
R02,05,92,1,0.0,0.0,0.0,0.0
R02,05,93,1,0.0,0.0,0.0,0.0
R02,05,94,1,0.0,0.0,0.0,0.0
R02,05,95,1,0.0,0.0,0.0,0.0
R02,05,96,1,0.0,0.0,0.0,0.0
R02,05,97,1,0.0,0.0,0.0,0.0
R02,05,98,1,0.0,0.0,0.0,0.0
R02,05,99,1,0.0,0.0,0.0,0.0
R02,05,100,1,0.0,0.0,0.0,0.0
R02,05,101,1,0.0,0.0,0.0,0.0
R02,05,102,1,0.0,0.0,0.0,0.0
R02,05,103,1,0.0,0.0,0.0,0.0
R02,05,104,1,0.0,0.0,0.0,0.0
R02,05,105,1,0.0,0.0,0.0,0.0
R02,05,106,1,0.0,0.0,0.0,0.0
R02,05,107,1,0.0,0.0,0.0,0.0
R02,05,108,1,0.0,0.0,0.0,0.0
R02,05,109,1,0.0,0.0,0.0,0.0
R02,05,110,1,0.0,0.0,0.0,0.0
R02,05,111,1,0.0,0.0,0.0,0.0
R02,05,112,1,0.0,0.0,0.0,0.0
R02,05,113,1,0.0,0.0,0.0,0.0
R02,05,114,1,0.0,0.0,0.0,0.0
R02,05,115,1,0.0,0.0,0.0,0.0
R02,05,116,1,0.0,0.0,0.0,0.0
R02,05,117,1,0.0,0.0,0.0,0.0
R02,05,118,1,0.0,0.0,0.0,0.0
R02,05,119,1,0.0,0.0,0.0,0.0
R02,05,120,1,0.0,0.0,0.0,0.0
R02,05,121,1,0.0,0.0,0.0,0.0
R02,05,122,1,0.0,0.0,0.0,0.0
R02,05,123,1,0.0,0.0,0.0,0.0
R02,05,124,1,0.0,0.0,0.0,0.0
R02,05,125,1,0.0,0.0,0.0,0.0
R02,05,126,1,0.0,0.0,0.0,0.0
R02,05,127,1,0.0,0.0,0.0,0.0
R02,05,128,1,0.0,0.0,0.0,0.0
R02,05,129,1,0.0,0.0,0.0,0.0
R02,05,130,1,0.0,0.0,0.0,0.0
R02,05,131,1,0.0,0.0,0.0,0.0
R02,05,132,1,0.0,0.0,0.0,0.0
R02,05,133,1,0.0,0.0,0.0,0.0
R02,05,134,1,0.0,0.0,0.0,0.0
R02,05,135,1,0.0,0.0,0.0,0.0
R02,05,136,1,0.0,0.0,0.0,0.0
R02,05,137,1,0.0,0.0,0.0,0.0
R02,05,138,1,0.0,0.0,0.0,0.0
R02,05,139,1,0.0,0.0,0.0,0.0
R02,05,140,1,0.0,0.0,0.0,0.0
R02,05,141,1,0.0,0.0,0.0,0.0
R02,05,142,1,0.0,0.0,0.0,0.0
R02,05,143,1,0.0,0.0,0.0,0.0
R02,05,144,1,0.0,0.0,0.0,0.0
R02,05,145,1,0.0,0.0,0.0,0.0
R02,05,146,1,0.0,0.0,0.0,0.0
R02,05,147,1,0.0,0.0,0.0,0.0
R02,05,148,1,0.0,0.0,0.0,0.0
R02,05,149,1,0.0,0.0,0.0,0.0
R02,05,150,1,0.0,0.0,0.0,0.0
R02,05,151,1,0.0,0.0,0.0,0.0
R02,05,152,1,0.0,0.0,0.0,0.0
R02,05,153,1,0.0,0.0,0.0,0.0
R02,05,154,1,0.0,0.0,0.0,0.0
R02,05,155,1,0.0,0.0,0.0,0.0
R02,05,156,1,0.0,0.0,0.0,0.0
R02,05,157,1,0.0,0.0,0.0,0.0
R02,05,158,1,0.0,0.0,0.0,0.0
R02,05,159,1,0.0,0.0,0.0,0.0
R02,05,160,1,0.0,0.0,0.0,0.0
R02,05,161,1,0.0,0.0,0.0,0.0
R02,05,162,1,0.0,0.0,0.0,0.0
R02,05,163,1,0.0,0.0,0.0,0.0
R02,05,164,1,0.0,0.0,0.0,0.0
R02,05,165,1,0.0,0.0,0.0,0.0
R02,05,166,1,0.0,0.0,0.0,0.0
R02,05,167,1,0.0,0.0,0.0,0.0
R02,05,168,1,0.0,0.0,0.0,0.0
R02,05,169,1,0.0,0.0,0.0,0.0
R02,05,170,1,0.0,0.0,0.0,0.0
R02,05,171,1,0.0,0.0,0.0,0.0
R02,05,172,1,0.0,0.0,0.0,0.0
R02,05,173,1,0.0,0.0,0.0,0.0
R02,05,174,1,0.0,0.0,0.0,0.0
R02,05,175,1,0.0,0.0,0.0,0.0
R02,05,176,1,0.0,0.0,0.0,0.0
R02,05,177,1,0.0,0.0,0.0,0.0
R02,05,178,1,0.0,0.0,0.0,0.0
R02,05,179,1,0.0,0.0,0.0,0.0
R02,05,180,1,0.0,0.0,0.0,0.0
R02,05,181,1,0.0,0.0,0.0,0.0
R02,05,182,1,0.0,0.0,0.0,0.0
R02,05,183,1,0.0,0.0,0.0,0.0
R02,05,184,1,0.0,0.0,0.0,0.0
R02,05,185,1,0.0,0.0,0.0,0.0
R02,05,186,1,0.0,0.0,0.0,0.0
R02,05,187,1,0.0,0.0,0.0,0.0
R02,05,188,1,0.0,0.0,0.0,0.0
R02,05,189,1,0.0,0.0,0.0,0.0
R02,05,190,1,0.0,0.0,0.0,0.0
R02,05,191,1,0.0,0.0,0.0,0.0
R02,05,192,1,0.0,0.0,0.0,0.0
R02,05,193,1,0.0,0.0,0.0,0.0
R02,05,194,1,0.0,0.0,0.0,0.0
R02,05,195,1,0.0,0.0,0.0,0.0
R02,05,196,1,0.0,0.0,0.0,0.0
R02,05,197,1,0.0,0.0,0.0,0.0
R02,05,198,1,0.0,0.0,0.0,0.0
R02,05,199,1,0.0,0.0,0.0,0.0
R02,05,200,1,0.0,0.0,0.0,0.0
R02,05,201,1,0.0,0.0,0.0,0.0
R02,05,202,1,0.0,0.0,0.0,0.0
R02,05,203,1,0.0,0.0,0.0,0.0
R02,05,204,1,0.0,0.0,0.0,0.0
R02,05,205,1,0.0,0.0,0.0,0.0
R02,05,206,1,0.0,0.0,0.0,0.0
R02,05,207,1,0.0,0.0,0.0,0.0
R02,05,208,1,0.0,0.0,0.0,0.0
R02,05,209,1,0.0,0.0,0.0,0.0
R02,05,210,1,0.0,0.0,0.0,0.0
R02,05,211,1,0.0,0.0,0.0,0.0
R02,05,212,1,0.0,0.0,0.0,0.0
R02,05,213,1,0.0,0.0,0.0,0.0
R02,05,214,1,0.0,0.0,0.0,0.0
R02,05,215,1,0.0,0.0,0.0,0.0
R02,05,216,1,0.0,0.0,0.0,0.0
R02,05,217,1,0.0,0.0,0.0,0.0
R02,05,218,1,0.0,0.0,0.0,0.0
R02,05,219,1,0.0,0.0,0.0,0.0
R02,05,220,1,0.0,0.0,0.0,0.0
R02,05,221,1,0.0,0.0,0.0,0.0
R02,05,222,1,0.0,0.0,0.0,0.0
R02,05,223,1,0.0,0.0,0.0,0.0
R02,05,224,1,0.0,0.0,0.0,0.0
R02,05,225,1,0.0,0.0,0.0,0.0
R02,05,226,1,0.0,0.0,0.0,0.0
R02,05,227,1,0.0,0.0,0.0,0.0
R02,05,228,1,0.0,0.0,0.0,0.0
R02,05,229,1,0.0,0.0,0.0,0.0
R02,05,230,1,0.0,0.0,0.0,0.0
R02,05,231,1,0.0,0.0,0.0,0.0
R02,05,232,1,0.0,0.0,0.0,0.0
R02,05,233,1,0.0,0.0,0.0,0.0
R02,05,234,1,0.0,0.0,0.0,0.0
R02,05,235,1,0.0,0.0,0.0,0.0
R02,05,236,1,0.0,0.0,0.0,0.0
R02,05,237,1,0.0,0.0,0.0,0.0
R02,05,238,1,0.0,0.0,0.0,0.0
R02,05,239,1,0.0,0.0,0.0,0.0
R02,05,240,1,0.0,0.0,0.0,0.0
R02,05,241,1,0.0,0.0,0.0,0.0
R02,05,242,1,0.0,0.0,0.0,0.0
R02,05,243,1,0.0,0.0,0.0,0.0
R02,05,244,1,0.0,0.0,0.0,0.0
R02,05,245,1,0.0,0.0,0.0,0.0
R02,05,246,1,0.0,0.0,0.0,0.0
R02,05,247,1,0.0,0.0,0.0,0.0
R02,05,248,1,0.0,0.0,0.0,0.0
R02,05,249,1,0.0,0.0,0.0,0.0
R02,05,250,1,0.0,0.0,0.0,0.0
R02,05,251,1,0.0,0.0,0.0,0.0
R02,05,252,1,0.0,0.0,0.0,0.0
R02,05,253,1,0.0,0.0,0.0,0.0
R02,05,254,1,0.0,0.0,0.0,0.0
R02,05,255,1,0.0,0.0,0.0,0.0
R02,05,256,1,0.0,0.0,0.0,0.0
R02,05,257,1,0.0,0.0,0.0,0.0
R02,05,258,1,0.0,0.0,0.0,0.0
R02,05,259,1,0.0,0.0,0.0,0.0
R02,05,260,1,0.0,0.0,0.0,0.0
R02,05,261,1,0.0,0.0,0.0,0.0
R02,05,262,1,0.0,0.0,0.0,0.0
R02,05,263,1,0.0,0.0,0.0,0.0
R02,05,264,1,0.0,0.0,0.0,0.0
R02,05,265,1,0.0,0.0,0.0,0.0
R02,05,266,1,0.0,0.0,0.0,0.0
R02,05,267,1,0.0,0.0,0.0,0.0
R02,05,268,1,0.0,0.0,0.0,0.0
R02,05,269,1,0.0,0.0,0.0,0.0
R02,05,270,1,0.0,0.0,0.0,0.0
R02,05,271,1,0.0,0.0,0.0,0.0
R02,05,272,1,0.0,0.0,0.0,0.0
R02,05,273,1,0.0,0.0,0.0,0.0
R02,05,274,1,0.0,0.0,0.0,0.0
R02,05,275,1,0.0,0.0,0.0,0.0
R02,05,276,1,0.0,0.0,0.0,0.0
R02,05,277,1,0.0,0.0,0.0,0.0
R02,05,278,1,0.0,0.0,0.0,0.0
R02,05,279,1,0.0,0.0,0.0,0.0
R02,05,280,1,0.0,0.0,0.0,0.0
R02,05,281,1,0.0,0.0,0.0,0.0
R02,05,282,1,0.0,0.0,0.0,0.0
R02,05,283,1,0.0,0.0,0.0,0.0
R02,05,284,1,0.0,0.0,0.0,0.0
R02,05,285,1,0.0,0.0,0.0,0.0
R02,05,286,1,0.0,0.0,0.0,0.0
R02,05,287,1,0.0,0.0,0.0,0.0
R02,05,288,1,0.0,0.0,0.0,0.0
R02,05,289,1,0.0,0.0,0.0,0.0
R02,05,290,1,0.0,0.0,0.0,0.0
R02,05,291,1,0.0,0.0,0.0,0.0
R02,05,292,1,0.0,0.0,0.0,0.0
R02,05,293,1,0.0,0.0,0.0,0.0
R02,05,294,1,0.0,0.0,0.0,0.0
R02,05,295,1,0.0,0.0,0.0,0.0
R02,05,296,1,0.0,0.0,0.0,0.0
R02,05,297,1,0.0,0.0,0.0,0.0
R02,05,298,1,0.0,0.0,0.0,0.0
R02,05,299,1,0.0,0.0,0.0,0.0
R02,05,300,1,0.0,0.0,0.0,0.0
R02,05,301,1,0.0,0.0,0.0,0.0
R02,05,302,1,0.0,0.0,0.0,0.0
R02,05,303,1,0.0,0.0,0.0,0.0
R02,05,304,1,0.0,0.0,0.0,0.0
R02,05,305,1,0.0,0.0,0.0,0.0
R02,05,306,1,0.0,0.0,0.0,0.0
R02,05,307,1,0.0,0.0,0.0,0.0
R02,05,308,1,0.0,0.0,0.0,0.0
R02,05,309,1,0.0,0.0,0.0,0.0
R02,05,310,1,0.0,0.0,0.0,0.0
R02,05,311,1,0.0,0.0,0.0,0.0
R02,05,312,1,0.0,0.0,0.0,0.0
R02,05,313,1,0.0,0.0,0.0,0.0
R02,05,314,1,0.0,0.0,0.0,0.0
R02,05,315,0,0.0,0.0,0.0,0.0
R02,05,316,0,0.0,0.0,0.0,0.0
R02,05,317,0,0.0,0.0,0.0,0.0
R02,05,318,0,0.0,0.0,0.0,0.0
R02,05,319,0,0.0,0.0,0.0,0.0
R02,05,320,0,0.0,0.0,0.0,0.0
R02,05,321,0,0.0,0.0,0.0,0.0
R02,05,322,0,0.0,0.0,0.0,0.0
R02,05,323,0,0.0,0.0,0.0,0.0
R02,05,324,0,0.0,0.0,0.0,0.0
R02,05,325,0,0.0,0.0,0.0,0.0
R02,05,326,0,0.0,0.0,0.0,0.0
R02,05,327,0,0.0,0.0,0.0,0.0
R02,05,328,0,0.0,0.0,0.0,0.0
R02,05,329,0,0.0,0.0,0.0,0.0
R02,05,330,0,0.0,0.0,0.0,0.0
R02,05,331,0,0.0,0.0,0.0,0.0
R02,05,332,0,0.0,0.0,0.0,0.0
R02,05,333,0,0.0,0.0,0.0,0.0
R02,05,334,0,0.0,0.0,0.0,0.0
R02,05,335,0,0.0,0.0,0.0,0.0
R02,05,336,0,0.0,0.0,0.0,0.0
R02,05,337,0,0.0,0.0,0.0,0.0
R02,05,338,0,0.0,0.0,0.0,0.0
R02,05,339,0,0.0,0.0,0.0,0.0
R02,05,340,0,0.0,0.0,0.0,0.0
R02,05,341,0,0.0,0.0,0.0,0.0
R02,05,342,0,0.0,0.0,0.0,0.0
R02,05,343,0,0.0,0.0,0.0,0.0
R02,05,344,0,0.0,0.0,0.0,0.0
R02,05,345,0,0.0,0.0,0.0,0.0
R02,05,346,0,0.0,0.0,0.0,0.0
R02,05,347,0,0.0,0.0,0.0,0.0
R02,05,348,0,0.0,0.0,0.0,0.0
R02,05,349,0,0.0,0.0,0.0,0.0
R02,05,350,0,0.0,0.0,0.0,0.0
R02,05,351,0,0.0,0.0,0.0,0.0
R02,05,352,0,0.0,0.0,0.0,0.0
R02,05,353,0,0.0,0.0,0.0,0.0
R02,05,354,0,0.0,0.0,0.0,0.0
R02,05,355,0,0.0,0.0,0.0,0.0
R02,05,356,0,0.0,0.0,0.0,0.0
R02,05,357,0,0.0,0.0,0.0,0.0
R02,05,358,0,0.0,0.0,0.0,0.0
R02,05,359,0,0.0,0.0,0.0,0.0
R02,05,360,0,0.0,0.0,0.0,0.0
R02,05,361,0,0.0,0.0,0.0,0.0
R02,05,362,0,0.0,0.0,0.0,0.0
R02,05,363,0,0.0,0.0,0.0,0.0
R02,05,364,0,0.0,0.0,0.0,0.0
R02,05,365,0,0.0,0.0,0.0,0.0
R02,05,366,0,0.0,0.0,0.0,0.0
R02,05,367,0,0.0,0.0,0.0,0.0
R02,05,368,0,0.0,0.0,0.0,0.0
R02,05,369,0,0.0,0.0,0.0,0.0
R02,05,370,0,0.0,0.0,0.0,0.0
R02,05,371,0,0.0,0.0,0.0,0.0
R02,05,372,0,0.0,0.0,0.0,0.0
R02,05,373,0,0.0,0.0,0.0,0.0
R02,05,374,0,0.0,0.0,0.0,0.0
R02,05,375,0,0.0,0.0,0.0,0.0
R02,05,376,0,0.0,0.0,0.0,0.0
R02,05,377,0,0.0,0.0,0.0,0.0
R02,05,378,0,0.0,0.0,0.0,0.0
R02,05,379,0,0.0,0.0,0.0,0.0
R02,05,380,0,0.0,0.0,0.0,0.0
R02,05,381,0,0.0,0.0,0.0,0.0
R02,05,382,0,0.0,0.0,0.0,0.0
R02,05,383,0,0.0,0.0,0.0,0.0
R02,05,384,0,0.0,0.0,0.0,0.0
R02,05,385,0,0.0,0.0,0.0,0.0
R02,05,386,0,0.0,0.0,0.0,0.0
R02,05,387,0,0.0,0.0,0.0,0.0
R02,05,388,0,0.0,0.0,0.0,0.0
R02,05,389,0,0.0,0.0,0.0,0.0
R02,05,390,0,0.0,0.0,0.0,0.0
R02,05,391,0,0.0,0.0,0.0,0.0
R02,05,392,0,0.0,0.0,0.0,0.0
R02,05,393,0,0.0,0.0,0.0,0.0
R02,05,394,0,0.0,0.0,0.0,0.0
R02,05,395,0,0.0,0.0,0.0,0.0
R02,05,396,0,0.0,0.0,0.0,0.0
R02,05,397,0,0.0,0.0,0.0,0.0
R02,05,398,0,0.0,0.0,0.0,0.0
R02,05,399,0,0.0,0.0,0.0,0.0
R02,05,400,0,0.0,0.0,0.0,0.0
R02,05,401,0,0.0,0.0,0.0,0.0
R02,05,402,0,0.0,0.0,0.0,0.0
R02,05,403,0,0.0,0.0,0.0,0.0
R02,05,404,0,0.0,0.0,0.0,0.0
R02,05,405,0,0.0,0.0,0.0,0.0
R02,05,406,0,0.0,0.0,0.0,0.0
R02,05,407,0,0.0,0.0,0.0,0.0
R02,05,408,0,0.0,0.0,0.0,0.0
R02,05,409,0,0.0,0.0,0.0,0.0
R02,05,410,0,0.0,0.0,0.0,0.0
R02,05,411,0,0.0,0.0,0.0,0.0
R02,05,412,0,0.0,0.0,0.0,0.0
R02,05,413,0,0.0,0.0,0.0,0.0
R02,05,414,0,0.0,0.0,0.0,0.0
R02,05,415,0,0.0,0.0,0.0,0.0
R02,05,416,0,0.0,0.0,0.0,0.0
R02,05,417,0,0.0,0.0,0.0,0.0
R02,05,418,0,0.0,0.0,0.0,0.0
R02,05,419,0,0.0,0.0,0.0,0.0
R02,05,420,0,0.0,0.0,0.0,0.0
R02,05,421,0,0.0,0.0,0.0,0.0
R02,05,422,0,0.0,0.0,0.0,0.0
R02,05,423,0,0.0,0.0,0.0,0.0
R02,05,424,0,0.0,0.0,0.0,0.0
R02,05,425,0,0.0,0.0,0.0,0.0
R02,05,426,0,0.0,0.0,0.0,0.0
R02,05,427,0,0.0,0.0,0.0,0.0
R02,05,428,0,0.0,0.0,0.0,0.0
R02,05,429,0,0.0,0.0,0.0,0.0
R02,05,430,0,0.0,0.0,0.0,0.0
R02,05,431,0,0.0,0.0,0.0,0.0
R02,05,432,0,0.0,0.0,0.0,0.0
R02,05,433,0,0.0,0.0,0.0,0.0
R02,05,434,0,0.0,0.0,0.0,0.0
R02,05,435,0,0.0,0.0,0.0,0.0
R02,05,436,0,0.0,0.0,0.0,0.0
R02,05,437,0,0.0,0.0,0.0,0.0
R02,05,438,0,0.0,0.0,0.0,0.0
R02,05,439,0,0.0,0.0,0.0,0.0
R02,05,440,0,0.0,0.0,0.0,0.0
R02,05,441,0,0.0,0.0,0.0,0.0
R02,05,442,0,0.0,0.0,0.0,0.0
R02,05,443,0,0.0,0.0,0.0,0.0
R02,05,444,0,0.0,0.0,0.0,0.0
R02,05,445,0,0.0,0.0,0.0,0.0
R02,05,446,0,0.0,0.0,0.0,0.0
R02,05,447,0,0.0,0.0,0.0,0.0
R02,05,448,0,0.0,0.0,0.0,0.0
R02,05,449,0,0.0,0.0,0.0,0.0
R02,05,450,0,0.0,0.0,0.0,0.0
R02,05,451,0,0.0,0.0,0.0,0.0
R02,05,452,0,0.0,0.0,0.0,0.0
R02,05,453,0,0.0,0.0,0.0,0.0
R02,05,454,0,0.0,0.0,0.0,0.0
R02,05,455,0,0.0,0.0,0.0,0.0
R02,05,456,0,0.0,0.0,0.0,0.0
R02,05,457,0,0.0,0.0,0.0,0.0
R02,05,458,0,0.0,0.0,0.0,0.0
R02,05,459,0,0.0,0.0,0.0,0.0
R02,05,460,0,0.0,0.0,0.0,0.0
R02,05,461,0,0.0,0.0,0.0,0.0
R02,05,462,0,0.0,0.0,0.0,0.0
R02,05,463,0,0.0,0.0,0.0,0.0
R02,05,464,0,0.0,0.0,0.0,0.0
R02,05,465,0,0.0,0.0,0.0,0.0
R02,05,466,0,0.0,0.0,0.0,0.0
R02,05,467,0,0.0,0.0,0.0,0.0
R02,05,468,0,0.0,0.0,0.0,0.0
R02,05,469,0,0.0,0.0,0.0,0.0
R02,05,470,0,0.0,0.0,0.0,0.0
R02,05,471,0,0.0,0.0,0.0,0.0
R02,05,472,0,0.0,0.0,0.0,0.0
R02,05,473,0,0.0,0.0,0.0,0.0
R02,05,474,0,0.0,0.0,0.0,0.0
R02,05,475,0,0.0,0.0,0.0,0.0
R02,05,476,0,0.0,0.0,0.0,0.0
R02,05,477,0,0.0,0.0,0.0,0.0
R02,05,478,0,0.0,0.0,0.0,0.0
R02,05,479,0,0.0,0.0,0.0,0.0
R02,05,480,0,0.0,0.0,0.0,0.0
R02,05,481,0,0.0,0.0,0.0,0.0
R02,05,482,0,0.0,0.0,0.0,0.0
R02,05,483,0,0.0,0.0,0.0,0.0
R02,05,484,0,0.0,0.0,0.0,0.0
R02,05,485,0,0.0,0.0,0.0,0.0
R02,05,486,0,0.0,0.0,0.0,0.0
R02,05,487,0,0.0,0.0,0.0,0.0
R02,05,488,0,0.0,0.0,0.0,0.0
R02,05,489,0,0.0,0.0,0.0,0.0
R02,05,490,0,0.0,0.0,0.0,0.0
R02,05,491,0,0.0,0.0,0.0,0.0
R02,05,492,0,0.0,0.0,0.0,0.0
R02,05,493,0,0.0,0.0,0.0,0.0
R02,05,494,0,0.0,0.0,0.0,0.0
R02,05,495,0,0.0,0.0,0.0,0.0
R02,05,496,0,0.0,0.0,0.0,0.0
R02,05,497,0,0.0,0.0,0.0,0.0
R02,05,498,0,0.0,0.0,0.0,0.0
R02,05,499,0,0.0,0.0,0.0,0.0
R02,05,500,0,0.0,0.0,0.0,0.0
R02,05,501,0,0.0,0.0,0.0,0.0
R02,05,502,0,0.0,0.0,0.0,0.0
R02,05,503,0,0.0,0.0,0.0,0.0
R02,05,504,0,0.0,0.0,0.0,0.0
R02,05,505,0,0.0,0.0,0.0,0.0
R02,05,506,0,0.0,0.0,0.0,0.0
R02,05,507,0,0.0,0.0,0.0,0.0
R02,05,508,0,0.0,0.0,0.0,0.0
R02,05,509,0,0.0,0.0,0.0,0.0
R02,05,510,0,0.0,0.0,0.0,0.0
R02,05,511,0,0.0,0.0,0.0,0.0
R02,05,512,0,0.0,0.0,0.0,0.0
R02,05,513,0,0.0,0.0,0.0,0.0
R02,05,514,0,0.0,0.0,0.0,0.0
R02,05,515,0,0.0,0.0,0.0,0.0
R02,05,516,0,0.0,0.0,0.0,0.0
R02,05,517,0,0.0,0.0,0.0,0.0
R02,05,518,0,0.0,0.0,0.0,0.0
R02,05,519,0,0.0,0.0,0.0,0.0
R02,05,520,0,0.0,0.0,0.0,0.0
R02,05,521,0,0.0,0.0,0.0,0.0
R02,05,522,0,0.0,0.0,0.0,0.0
R02,05,523,0,0.0,0.0,0.0,0.0
R02,05,524,0,0.0,0.0,0.0,0.0
R02,05,525,0,0.0,0.0,0.0,0.0
R02,05,526,0,0.0,0.0,0.0,0.0
R02,05,527,0,0.0,0.0,0.0,0.0
R02,05,528,0,0.0,0.0,0.0,0.0
R02,05,529,0,0.0,0.0,0.0,0.0
R02,05,530,0,0.0,0.0,0.0,0.0
R02,05,531,0,0.0,0.0,0.0,0.0
R02,05,532,0,0.0,0.0,0.0,0.0
R02,05,533,0,0.0,0.0,0.0,0.0
R02,05,534,0,0.0,0.0,0.0,0.0
R02,05,535,0,0.0,0.0,0.0,0.0
R02,05,536,0,0.0,0.0,0.0,0.0
R02,05,537,0,0.0,0.0,0.0,0.0
R02,05,538,0,0.0,0.0,0.0,0.0
R02,05,539,0,0.0,0.0,0.0,0.0
R02,05,540,0,0.0,0.0,0.0,0.0
R02,05,541,0,0.0,0.0,0.0,0.0
R02,05,542,0,0.0,0.0,0.0,0.0
R02,05,543,0,0.0,0.0,0.0,0.0
R02,05,544,0,0.0,0.0,0.0,0.0
R02,05,545,0,0.0,0.0,0.0,0.0
R02,05,546,0,0.0,0.0,0.0,0.0
R02,05,547,0,0.0,0.0,0.0,0.0
R02,05,548,0,0.0,0.0,0.0,0.0
R02,05,549,0,0.0,0.0,0.0,0.0
R02,05,550,0,0.0,0.0,0.0,0.0
R02,05,551,0,0.0,0.0,0.0,0.0
R02,05,552,0,0.0,0.0,0.0,0.0
R02,05,553,0,0.0,0.0,0.0,0.0
R02,05,554,0,0.0,0.0,0.0,0.0
R02,05,555,0,0.0,0.0,0.0,0.0
R02,05,556,0,0.0,0.0,0.0,0.0
R02,05,557,0,0.0,0.0,0.0,0.0
R02,05,558,0,0.0,0.0,0.0,0.0
R02,05,559,0,0.0,0.0,0.0,0.0
R02,05,560,0,0.0,0.0,0.0,0.0
R02,05,561,0,0.0,0.0,0.0,0.0
R02,05,562,0,0.0,0.0,0.0,0.0
R02,05,563,0,0.0,0.0,0.0,0.0
R02,05,564,0,0.0,0.0,0.0,0.0
R02,05,565,0,0.0,0.0,0.0,0.0
R02,05,566,0,0.0,0.0,0.0,0.0
R02,05,567,0,0.0,0.0,0.0,0.0
R02,05,568,0,0.0,0.0,0.0,0.0
R02,05,569,0,0.0,0.0,0.0,0.0
R02,05,570,0,0.0,0.0,0.0,0.0
R02,05,571,0,0.0,0.0,0.0,0.0
R02,05,572,0,0.0,0.0,0.0,0.0
R02,05,573,0,0.0,0.0,0.0,0.0
R02,05,574,0,0.0,0.0,0.0,0.0
R02,05,575,0,0.0,0.0,0.0,0.0
R02,05,576,0,0.0,0.0,0.0,0.0
R02,05,577,0,0.0,0.0,0.0,0.0
R02,05,578,0,0.0,0.0,0.0,0.0
R02,05,579,0,0.0,0.0,0.0,0.0
R02,05,580,0,0.0,0.0,0.0,0.0
R02,05,581,0,0.0,0.0,0.0,0.0
R02,05,582,0,0.0,0.0,0.0,0.0
R02,06,0,0,0.0,0.0,0.0,0.0
R02,06,1,0,0.0,0.0,0.0,0.0
R02,06,2,0,0.0,0.0,0.0,0.0
R02,06,3,0,0.0,0.0,0.0,0.0
R02,06,4,0,0.0,0.0,0.0,0.0
R02,06,5,0,0.0,0.0,0.0,0.0
R02,06,6,0,0.0,0.0,0.0,0.0
R02,06,7,0,0.0,0.0,0.0,0.0
R02,06,8,0,0.0,0.0,0.0,0.0
R02,06,9,0,0.0,0.0,0.0,0.0
R02,06,10,0,0.0,0.0,0.0,0.0
R02,06,11,0,0.0,0.0,0.0,0.0
R02,06,12,0,0.0,0.0,0.0,0.0
R02,06,13,0,0.0,0.0,0.0,0.0
R02,06,14,1,0.0,0.0,0.0,0.0
R02,06,15,1,0.0,0.0,0.0,0.0
R02,06,16,1,0.0,0.0,0.0,0.0
R02,06,17,1,0.0,0.0,0.0,0.0
R02,06,18,1,0.0,0.0,0.0,0.0
R02,06,19,1,0.0,0.0,0.0,0.0
R02,06,20,1,0.0,0.0,0.0,0.0
R02,06,21,1,0.0,0.0,0.0,0.0
R02,06,22,1,0.0,0.0,0.0,0.0
R02,06,23,1,0.0,0.0,0.0,0.0
R02,06,24,1,0.0,0.0,0.0,0.0
R02,06,25,1,0.0,0.0,0.0,0.0
R02,06,26,1,0.0,0.0,0.0,0.0
R02,06,27,1,0.0,0.0,0.0,0.0
R02,06,28,1,0.0,0.0,0.0,0.0
R02,06,29,1,0.0,0.0,0.0,0.0
R02,06,30,1,0.0,0.0,0.0,0.0
R02,06,31,1,0.0,0.0,0.0,0.0
R02,06,32,1,0.0,0.0,0.0,0.0
R02,06,33,1,0.0,0.0,0.0,0.0
R02,06,34,1,0.0,0.0,0.0,0.0
R02,06,35,1,0.0,0.0,0.0,0.0
R02,06,36,1,0.0,0.0,0.0,0.0
R02,06,37,1,0.0,0.0,0.0,0.0
R02,06,38,1,0.0,0.0,0.0,0.0
R02,06,39,1,0.0,0.0,0.0,0.0
R02,06,40,1,0.0,0.0,0.0,0.0
R02,06,41,1,0.0,0.0,0.0,0.0
R02,06,42,1,0.0,0.0,0.0,0.0
R02,06,43,1,0.0,0.0,0.0,0.0
R02,06,44,1,0.0,0.0,0.0,0.0
R02,06,45,1,0.0,0.0,0.0,0.0
R02,06,46,1,0.0,0.0,0.0,0.0
R02,06,47,1,0.0,0.0,0.0,0.0
R02,06,48,1,0.0,0.0,0.0,0.0
R02,06,49,1,0.0,0.0,0.0,0.0
R02,06,50,1,0.0,0.0,0.0,0.0
R02,06,51,1,0.0,0.0,0.0,0.0
R02,06,52,1,0.0,0.0,0.0,0.0
R02,06,53,1,0.0,0.0,0.0,0.0
R02,06,54,1,0.0,0.0,0.0,0.0
R02,06,55,1,0.0,0.0,0.0,0.0
R02,06,56,1,0.0,0.0,0.0,0.0
R02,06,57,1,0.0,0.0,0.0,0.0
R02,06,58,1,0.0,0.0,0.0,0.0
R02,06,59,1,0.0,0.0,0.0,0.0
R02,06,60,1,0.0,0.0,0.0,0.0
R02,06,61,1,0.0,0.0,0.0,0.0
R02,06,62,1,0.0,0.0,0.0,0.0
R02,06,63,1,0.0,0.0,0.0,0.0
R02,06,64,1,0.0,0.0,0.0,0.0
R02,06,65,1,0.0,0.0,0.0,0.0
R02,06,66,1,0.0,0.0,0.0,0.0
R02,06,67,1,0.0,0.0,0.0,0.0
R02,06,68,1,0.0,0.0,0.0,0.0
R02,06,69,1,0.0,0.0,0.0,0.0
R02,06,70,1,0.0,0.0,0.0,0.0
R02,06,71,1,0.0,0.0,0.0,0.0
R02,06,72,1,0.0,0.0,0.0,0.0
R02,06,73,1,0.0,0.0,0.0,0.0
R02,06,74,1,0.0,0.0,0.0,0.0
R02,06,75,1,0.0,0.0,0.0,0.0
R02,06,76,1,0.0,0.0,0.0,0.0
R02,06,77,1,0.0,0.0,0.0,0.0
R02,06,78,1,0.0,0.0,0.0,0.0
R02,06,79,1,0.0,0.0,0.0,0.0
R02,06,80,1,0.0,0.0,0.0,0.0
R02,06,81,1,0.0,0.0,0.0,0.0
R02,06,82,1,0.0,0.0,0.0,0.0
R02,06,83,1,0.0,0.0,0.0,0.0
R02,06,84,1,0.0,0.0,0.0,0.0
R02,06,85,1,0.0,0.0,0.0,0.0
R02,06,86,1,0.0,0.0,0.0,0.0
R02,06,87,1,0.0,0.0,0.0,0.0
R02,06,88,1,0.0,0.0,0.0,0.0
R02,06,89,1,0.0,0.0,0.0,0.0
R02,06,90,1,0.0,0.0,0.0,0.0
R02,06,91,1,0.0,0.0,0.0,0.0
R02,06,92,1,0.0,0.0,0.0,0.0
R02,06,93,1,0.0,0.0,0.0,0.0
R02,06,94,1,0.0,0.0,0.0,0.0
R02,06,95,1,0.0,0.0,0.0,0.0
R02,06,96,1,0.0,0.0,0.0,0.0
R02,06,97,1,0.0,0.0,0.0,0.0
R02,06,98,1,0.0,0.0,0.0,0.0
R02,06,99,1,0.0,0.0,0.0,0.0
R02,06,100,1,0.0,0.0,0.0,0.0
R02,06,101,1,0.0,0.0,0.0,0.0
R02,06,102,1,0.0,0.0,0.0,0.0
R02,06,103,1,0.0,0.0,0.0,0.0
R02,06,104,1,0.0,0.0,0.0,0.0
R02,06,105,1,0.0,0.0,0.0,0.0
R02,06,106,1,0.0,0.0,0.0,0.0
R02,06,107,1,0.0,0.0,0.0,0.0
R02,06,108,1,0.0,0.0,0.0,0.0
R02,06,109,1,0.0,0.0,0.0,0.0
R02,06,110,1,0.0,0.0,0.0,0.0
R02,06,111,1,0.0,0.0,0.0,0.0
R02,06,112,1,0.0,0.0,0.0,0.0
R02,06,113,1,0.0,0.0,0.0,0.0
R02,06,114,1,0.0,0.0,0.0,0.0
R02,06,115,1,0.0,0.0,0.0,0.0
R02,06,116,1,0.0,0.0,0.0,0.0
R02,06,117,1,0.0,0.0,0.0,0.0
R02,06,118,1,0.0,0.0,0.0,0.0
R02,06,119,1,0.0,0.0,0.0,0.0
R02,06,120,1,0.0,0.0,0.0,0.0
R02,06,121,1,0.0,0.0,0.0,0.0
R02,06,122,1,0.0,0.0,0.0,0.0
R02,06,123,1,0.0,0.0,0.0,0.0
R02,06,124,1,0.0,0.0,0.0,0.0
R02,06,125,1,0.0,0.0,0.0,0.0
R02,06,126,1,0.0,0.0,0.0,0.0
R02,06,127,1,0.0,0.0,0.0,0.0
R02,06,128,1,0.0,0.0,0.0,0.0
R02,06,129,1,0.0,0.0,0.0,0.0
R02,06,130,1,0.0,0.0,0.0,0.0
R02,06,131,1,0.0,0.0,0.0,0.0
R02,06,132,1,0.0,0.0,0.0,0.0
R02,06,133,1,0.0,0.0,0.0,0.0
R02,06,134,1,0.0,0.0,0.0,0.0
R02,06,135,1,0.0,0.0,0.0,0.0
R02,06,136,1,0.0,0.0,0.0,0.0
R02,06,137,1,0.0,0.0,0.0,0.0
R02,06,138,1,0.0,0.0,0.0,0.0
R02,06,139,1,0.0,0.0,0.0,0.0
R02,06,140,1,0.0,0.0,0.0,0.0
R02,06,141,1,0.0,0.0,0.0,0.0
R02,06,142,1,0.0,0.0,0.0,0.0
R02,06,143,1,0.0,0.0,0.0,0.0
R02,06,144,1,0.0,0.0,0.0,0.0
R02,06,145,1,0.0,0.0,0.0,0.0
R02,06,146,1,0.0,0.0,0.0,0.0
R02,06,147,1,0.0,0.0,0.0,0.0
R02,06,148,1,0.0,0.0,0.0,0.0
R02,06,149,1,0.0,0.0,0.0,0.0
R02,06,150,1,0.0,0.0,0.0,0.0
R02,06,151,1,0.0,0.0,0.0,0.0
R02,06,152,1,0.0,0.0,0.0,0.0
R02,06,153,1,0.0,0.0,0.0,0.0
R02,06,154,1,0.0,0.0,0.0,0.0
R02,06,155,1,0.0,0.0,0.0,0.0
R02,06,156,1,0.0,0.0,0.0,0.0
R02,06,157,1,0.0,0.0,0.0,0.0
R02,06,158,1,0.0,0.0,0.0,0.0
R02,06,159,1,0.0,0.0,0.0,0.0
R02,06,160,1,0.0,0.0,0.0,0.0
R02,06,161,1,0.0,0.0,0.0,0.0
R02,06,162,1,0.0,0.0,0.0,0.0
R02,06,163,1,0.0,0.0,0.0,0.0
R02,06,164,1,0.0,0.0,0.0,0.0
R02,06,165,1,0.0,0.0,0.0,0.0
R02,06,166,1,0.0,0.0,0.0,0.0
R02,06,167,1,0.0,0.0,0.0,0.0
R02,06,168,1,0.0,0.0,0.0,0.0
R02,06,169,1,0.0,0.0,0.0,0.0
R02,06,170,1,0.0,0.0,0.0,0.0
R02,06,171,1,0.0,0.0,0.0,0.0
R02,06,172,1,0.0,0.0,0.0,0.0
R02,06,173,1,0.0,0.0,0.0,0.0
R02,06,174,1,0.0,0.0,0.0,0.0
R02,06,175,1,0.0,0.0,0.0,0.0
R02,06,176,1,0.0,0.0,0.0,0.0
R02,06,177,1,0.0,0.0,0.0,0.0
R02,06,178,1,0.0,0.0,0.0,0.0
R02,06,179,1,0.0,0.0,0.0,0.0
R02,06,180,1,0.0,0.0,0.0,0.0
R02,06,181,1,0.0,0.0,0.0,0.0
R02,06,182,1,0.0,0.0,0.0,0.0
R02,06,183,1,0.0,0.0,0.0,0.0
R02,06,184,1,0.0,0.0,0.0,0.0
R02,06,185,1,0.0,0.0,0.0,0.0
R02,06,186,1,0.0,0.0,0.0,0.0
R02,06,187,1,0.0,0.0,0.0,0.0
R02,06,188,1,0.0,0.0,0.0,0.0
R02,06,189,1,0.0,0.0,0.0,0.0
R02,06,190,1,0.0,0.0,0.0,0.0
R02,06,191,1,0.0,0.0,0.0,0.0
R02,06,192,1,0.0,0.0,0.0,0.0
R02,06,193,1,0.0,0.0,0.0,0.0
R02,06,194,1,0.0,0.0,0.0,0.0
R02,06,195,1,0.0,0.0,0.0,0.0
R02,06,196,1,0.0,0.0,0.0,0.0
R02,06,197,1,0.0,0.0,0.0,0.0
R02,06,198,1,0.0,0.0,0.0,0.0
R02,06,199,1,0.0,0.0,0.0,0.0
R02,06,200,1,0.0,0.0,0.0,0.0
R02,06,201,1,0.0,0.0,0.0,0.0
R02,06,202,1,0.0,0.0,0.0,0.0
R02,06,203,1,0.0,0.0,0.0,0.0
R02,06,204,1,0.0,0.0,0.0,0.0
R02,06,205,1,0.0,0.0,0.0,0.0
R02,06,206,1,0.0,0.0,0.0,0.0
R02,06,207,1,0.0,0.0,0.0,0.0
R02,06,208,1,0.0,0.0,0.0,0.0
R02,06,209,1,0.0,0.0,0.0,0.0
R02,06,210,1,0.0,0.0,0.0,0.0
R02,06,211,1,0.0,0.0,0.0,0.0
R02,06,212,1,0.0,0.0,0.0,0.0
R02,06,213,1,0.0,0.0,0.0,0.0
R02,06,214,1,0.0,0.0,0.0,0.0
R02,06,215,1,0.0,0.0,0.0,0.0
R02,06,216,1,0.0,0.0,0.0,0.0
R02,06,217,1,0.0,0.0,0.0,0.0
R02,06,218,1,0.0,0.0,0.0,0.0
R02,06,219,1,0.0,0.0,0.0,0.0
R02,06,220,1,0.0,0.0,0.0,0.0
R02,06,221,1,0.0,0.0,0.0,0.0
R02,06,222,1,0.0,0.0,0.0,0.0
R02,06,223,1,0.0,0.0,0.0,0.0
R02,06,224,1,0.0,0.0,0.0,0.0
R02,06,225,1,0.0,0.0,0.0,0.0
R02,06,226,1,0.0,0.0,0.0,0.0
R02,06,227,1,0.0,0.0,0.0,0.0
R02,06,228,1,0.0,0.0,0.0,0.0
R02,06,229,1,0.0,0.0,0.0,0.0
R02,06,230,1,0.0,0.0,0.0,0.0
R02,06,231,1,0.0,0.0,0.0,0.0
R02,06,232,1,0.0,0.0,0.0,0.0
R02,06,233,1,0.0,0.0,0.0,0.0
R02,06,234,1,0.0,0.0,0.0,0.0
R02,06,235,1,0.0,0.0,0.0,0.0
R02,06,236,1,0.0,0.0,0.0,0.0
R02,06,237,1,0.0,0.0,0.0,0.0
R02,06,238,1,0.0,0.0,0.0,0.0
R02,06,239,1,0.0,0.0,0.0,0.0
R02,06,240,1,0.0,0.0,0.0,0.0
R02,06,241,1,0.0,0.0,0.0,0.0
R02,06,242,1,0.0,0.0,0.0,0.0
R02,06,243,1,0.0,0.0,0.0,0.0
R02,06,244,1,0.0,0.0,0.0,0.0
R02,06,245,1,0.0,0.0,0.0,0.0
R02,06,246,1,0.0,0.0,0.0,0.0
R02,06,247,1,0.0,0.0,0.0,0.0
R02,06,248,1,0.0,0.0,0.0,0.0
R02,06,249,1,0.0,0.0,0.0,0.0
R02,06,250,1,0.0,0.0,0.0,0.0
R02,06,251,1,0.0,0.0,0.0,0.0
R02,06,252,1,0.0,0.0,0.0,0.0
R02,06,253,1,0.0,0.0,0.0,0.0
R02,06,254,1,0.0,0.0,0.0,0.0
R02,06,255,1,0.0,0.0,0.0,0.0
R02,06,256,1,0.0,0.0,0.0,0.0
R02,06,257,1,0.0,0.0,0.0,0.0
R02,06,258,1,0.0,0.0,0.0,0.0
R02,06,259,1,0.0,0.0,0.0,0.0
R02,06,260,1,0.0,0.0,0.0,0.0
R02,06,261,1,0.0,0.0,0.0,0.0
R02,06,262,1,0.0,0.0,0.0,0.0
R02,06,263,1,0.0,0.0,0.0,0.0
R02,06,264,1,0.0,0.0,0.0,0.0
R02,06,265,1,0.0,0.0,0.0,0.0
R02,06,266,1,0.0,0.0,0.0,0.0
R02,06,267,1,0.0,0.0,0.0,0.0
R02,06,268,1,0.0,0.0,0.0,0.0
R02,06,269,1,0.0,0.0,0.0,0.0
R02,06,270,1,0.0,0.0,0.0,0.0
R02,06,271,1,0.0,0.0,0.0,0.0
R02,06,272,1,0.0,0.0,0.0,0.0
R02,06,273,1,0.0,0.0,0.0,0.0
R02,06,274,1,0.0,0.0,0.0,0.0
R02,06,275,1,0.0,0.0,0.0,0.0
R02,06,276,1,0.0,0.0,0.0,0.0
R02,06,277,1,0.0,0.0,0.0,0.0
R02,06,278,1,0.0,0.0,0.0,0.0
R02,06,279,1,0.0,0.0,0.0,0.0
R02,06,280,1,0.0,0.0,0.0,0.0
R02,06,281,1,0.0,0.0,0.0,0.0
R02,06,282,1,0.0,0.0,0.0,0.0
R02,06,283,1,0.0,0.0,0.0,0.0
R02,06,284,1,0.0,0.0,0.0,0.0
R02,06,285,1,0.0,0.0,0.0,0.0
R02,06,286,1,0.0,0.0,0.0,0.0
R02,06,287,1,0.0,0.0,0.0,0.0
R02,06,288,1,0.0,0.0,0.0,0.0
R02,06,289,1,0.0,0.0,0.0,0.0
R02,06,290,1,0.0,0.0,0.0,0.0
R02,06,291,1,0.0,0.0,0.0,0.0
R02,06,292,1,0.0,0.0,0.0,0.0
R02,06,293,1,0.0,0.0,0.0,0.0
R02,06,294,1,0.0,0.0,0.0,0.0
R02,06,295,1,0.0,0.0,0.0,0.0
R02,06,296,1,0.0,0.0,0.0,0.0
R02,06,297,1,0.0,0.0,0.0,0.0
R02,06,298,1,0.0,0.0,0.0,0.0
R02,06,299,1,0.0,0.0,0.0,0.0
R02,06,300,1,0.0,0.0,0.0,0.0
R02,06,301,1,0.0,0.0,0.0,0.0
R02,06,302,1,0.0,0.0,0.0,0.0
R02,06,303,1,0.0,0.0,0.0,0.0
R02,06,304,1,0.0,0.0,0.0,0.0
R02,06,305,1,0.0,0.0,0.0,0.0
R02,06,306,1,0.0,0.0,0.0,0.0
R02,06,307,1,0.0,0.0,0.0,0.0
R02,06,308,1,0.0,0.0,0.0,0.0
R02,06,309,1,0.0,0.0,0.0,0.0
R02,06,310,1,0.0,0.0,0.0,0.0
R02,06,311,1,0.0,0.0,0.0,0.0
R02,06,312,1,0.0,0.0,0.0,0.0
R02,06,313,1,0.0,0.0,0.0,0.0
R02,06,314,1,0.0,0.0,0.0,0.0
R02,06,315,1,0.0,0.0,0.0,0.0
R02,06,316,1,0.0,0.0,0.0,0.0
R02,06,317,1,0.0,0.0,0.0,0.0
R02,06,318,1,0.0,0.0,0.0,0.0
R02,06,319,1,0.0,0.0,0.0,0.0
R02,06,320,0,0.0,0.0,0.0,0.0
R02,06,321,0,0.0,0.0,0.0,0.0
R02,06,322,0,0.0,0.0,0.0,0.0
R02,06,323,0,0.0,0.0,0.0,0.0
R02,06,324,0,0.0,0.0,0.0,0.0
R02,06,325,0,0.0,0.0,0.0,0.0
R02,06,326,0,0.0,0.0,0.0,0.0
R02,06,327,0,0.0,0.0,0.0,0.0
R02,06,328,0,0.0,0.0,0.0,0.0
R02,06,329,0,0.0,0.0,0.0,0.0
R02,06,330,0,0.0,0.0,0.0,0.0
R02,06,331,0,0.0,0.0,0.0,0.0
R02,06,332,0,0.0,0.0,0.0,0.0
R02,06,333,0,0.0,0.0,0.0,0.0
R02,06,334,0,0.0,0.0,0.0,0.0
R02,06,335,0,0.0,0.0,0.0,0.0
R02,06,336,0,0.0,0.0,0.0,0.0
R02,06,337,0,0.0,0.0,0.0,0.0
R02,06,338,0,0.0,0.0,0.0,0.0
R02,06,339,0,0.0,0.0,0.0,0.0
R02,06,340,0,0.0,0.0,0.0,0.0
R02,06,341,0,0.0,0.0,0.0,0.0
R02,06,342,0,0.0,0.0,0.0,0.0
R02,06,343,0,0.0,0.0,0.0,0.0
R02,06,344,0,0.0,0.0,0.0,0.0
R02,06,345,0,0.0,0.0,0.0,0.0
R02,06,346,0,0.0,0.0,0.0,0.0
R02,06,347,0,0.0,0.0,0.0,0.0
R02,06,348,0,0.0,0.0,0.0,0.0
R02,06,349,0,0.0,0.0,0.0,0.0
R02,06,350,0,0.0,0.0,0.0,0.0
R02,06,351,0,0.0,0.0,0.0,0.0
R02,06,352,0,0.0,0.0,0.0,0.0
R02,06,353,0,0.0,0.0,0.0,0.0
R02,06,354,0,0.0,0.0,0.0,0.0
R02,06,355,0,0.0,0.0,0.0,0.0
R02,06,356,0,0.0,0.0,0.0,0.0
R02,06,357,0,0.0,0.0,0.0,0.0
R02,06,358,0,0.0,0.0,0.0,0.0
R02,06,359,0,0.0,0.0,0.0,0.0
R02,06,360,0,0.0,0.0,0.0,0.0
R02,06,361,0,0.0,0.0,0.0,0.0
R02,06,362,0,0.0,0.0,0.0,0.0
R02,06,363,0,0.0,0.0,0.0,0.0
R02,06,364,0,0.0,0.0,0.0,0.0
R02,06,365,0,0.0,0.0,0.0,0.0
R02,06,366,0,0.0,0.0,0.0,0.0
R02,06,367,0,0.0,0.0,0.0,0.0
R02,06,368,0,0.0,0.0,0.0,0.0
R02,06,369,0,0.0,0.0,0.0,0.0
R02,06,370,0,0.0,0.0,0.0,0.0
R02,06,371,0,0.0,0.0,0.0,0.0
R02,06,372,0,0.0,0.0,0.0,0.0
R02,06,373,0,0.0,0.0,0.0,0.0
R02,06,374,0,0.0,0.0,0.0,0.0
R02,06,375,0,0.0,0.0,0.0,0.0
R02,06,376,0,0.0,0.0,0.0,0.0
R02,06,377,0,0.0,0.0,0.0,0.0
R02,06,378,0,0.0,0.0,0.0,0.0
R02,06,379,0,0.0,0.0,0.0,0.0
R02,06,380,0,0.0,0.0,0.0,0.0
R02,06,381,0,0.0,0.0,0.0,0.0
R02,06,382,0,0.0,0.0,0.0,0.0
R02,06,383,0,0.0,0.0,0.0,0.0
R02,06,384,0,0.0,0.0,0.0,0.0
R02,06,385,0,0.0,0.0,0.0,0.0
R02,06,386,0,0.0,0.0,0.0,0.0
R02,06,387,0,0.0,0.0,0.0,0.0
R02,06,388,0,0.0,0.0,0.0,0.0
R02,06,389,0,0.0,0.0,0.0,0.0
R02,06,390,0,0.0,0.0,0.0,0.0
R02,06,391,0,0.0,0.0,0.0,0.0
R02,06,392,0,0.0,0.0,0.0,0.0
R02,06,393,0,0.0,0.0,0.0,0.0
R02,06,394,0,0.0,0.0,0.0,0.0
R02,06,395,0,0.0,0.0,0.0,0.0
R02,06,396,0,0.0,0.0,0.0,0.0
R02,06,397,0,0.0,0.0,0.0,0.0
R02,06,398,0,0.0,0.0,0.0,0.0
R02,06,399,0,0.0,0.0,0.0,0.0
R02,06,400,0,0.0,0.0,0.0,0.0
R02,06,401,0,0.0,0.0,0.0,0.0
R02,06,402,0,0.0,0.0,0.0,0.0
R02,06,403,0,0.0,0.0,0.0,0.0
R02,06,404,0,0.0,0.0,0.0,0.0
R02,06,405,0,0.0,0.0,0.0,0.0
R02,06,406,0,0.0,0.0,0.0,0.0
R02,06,407,0,0.0,0.0,0.0,0.0
R02,06,408,0,0.0,0.0,0.0,0.0
R02,06,409,0,0.0,0.0,0.0,0.0
R02,06,410,0,0.0,0.0,0.0,0.0
R02,06,411,0,0.0,0.0,0.0,0.0
R02,06,412,0,0.0,0.0,0.0,0.0
R02,06,413,0,0.0,0.0,0.0,0.0
R02,06,414,0,0.0,0.0,0.0,0.0
R02,06,415,0,0.0,0.0,0.0,0.0
R02,06,416,0,0.0,0.0,0.0,0.0
R02,06,417,0,0.0,0.0,0.0,0.0
R02,06,418,0,0.0,0.0,0.0,0.0
R02,06,419,0,0.0,0.0,0.0,0.0
R02,06,420,0,0.0,0.0,0.0,0.0
R02,06,421,0,0.0,0.0,0.0,0.0
R02,06,422,0,0.0,0.0,0.0,0.0
R02,06,423,0,0.0,0.0,0.0,0.0
R02,06,424,0,0.0,0.0,0.0,0.0
R02,06,425,0,0.0,0.0,0.0,0.0
R02,06,426,0,0.0,0.0,0.0,0.0
R02,06,427,0,0.0,0.0,0.0,0.0
R02,06,428,0,0.0,0.0,0.0,0.0
R02,06,429,0,0.0,0.0,0.0,0.0
R02,06,430,0,0.0,0.0,0.0,0.0
R02,06,431,0,0.0,0.0,0.0,0.0
R02,06,432,0,0.0,0.0,0.0,0.0
R02,06,433,0,0.0,0.0,0.0,0.0
R02,06,434,0,0.0,0.0,0.0,0.0
R02,06,435,0,0.0,0.0,0.0,0.0
R02,06,436,0,0.0,0.0,0.0,0.0
R02,06,437,0,0.0,0.0,0.0,0.0
R02,06,438,0,0.0,0.0,0.0,0.0
R02,06,439,0,0.0,0.0,0.0,0.0
R02,06,440,0,0.0,0.0,0.0,0.0
R02,06,441,0,0.0,0.0,0.0,0.0
R02,06,442,0,0.0,0.0,0.0,0.0
R02,06,443,0,0.0,0.0,0.0,0.0
R02,06,444,0,0.0,0.0,0.0,0.0
R02,06,445,0,0.0,0.0,0.0,0.0
R02,06,446,0,0.0,0.0,0.0,0.0
R02,06,447,0,0.0,0.0,0.0,0.0
R02,06,448,0,0.0,0.0,0.0,0.0
R02,06,449,0,0.0,0.0,0.0,0.0
R02,06,450,0,0.0,0.0,0.0,0.0
R02,06,451,0,0.0,0.0,0.0,0.0
R02,06,452,0,0.0,0.0,0.0,0.0
R02,06,453,0,0.0,0.0,0.0,0.0
R02,06,454,0,0.0,0.0,0.0,0.0
R02,06,455,0,0.0,0.0,0.0,0.0
R02,06,456,0,0.0,0.0,0.0,0.0
R02,06,457,0,0.0,0.0,0.0,0.0
R02,06,458,0,0.0,0.0,0.0,0.0
R02,06,459,0,0.0,0.0,0.0,0.0
R02,06,460,0,0.0,0.0,0.0,0.0
R02,06,461,0,0.0,0.0,0.0,0.0
R02,06,462,0,0.0,0.0,0.0,0.0
R02,06,463,0,0.0,0.0,0.0,0.0
R02,06,464,0,0.0,0.0,0.0,0.0
R02,06,465,0,0.0,0.0,0.0,0.0
R02,06,466,0,0.0,0.0,0.0,0.0
R02,06,467,0,0.0,0.0,0.0,0.0
R02,06,468,0,0.0,0.0,0.0,0.0
R02,06,469,0,0.0,0.0,0.0,0.0
R02,06,470,0,0.0,0.0,0.0,0.0
R02,06,471,0,0.0,0.0,0.0,0.0
R02,06,472,0,0.0,0.0,0.0,0.0
R02,06,473,0,0.0,0.0,0.0,0.0
R02,06,474,0,0.0,0.0,0.0,0.0
R02,06,475,0,0.0,0.0,0.0,0.0
R02,06,476,0,0.0,0.0,0.0,0.0
R02,06,477,0,0.0,0.0,0.0,0.0
R02,06,478,0,0.0,0.0,0.0,0.0
R02,06,479,0,0.0,0.0,0.0,0.0
R02,06,480,0,0.0,0.0,0.0,0.0
R02,06,481,0,0.0,0.0,0.0,0.0
R02,06,482,0,0.0,0.0,0.0,0.0
R02,06,483,0,0.0,0.0,0.0,0.0
R02,06,484,0,0.0,0.0,0.0,0.0
R02,06,485,0,0.0,0.0,0.0,0.0
R02,06,486,0,0.0,0.0,0.0,0.0
R02,06,487,0,0.0,0.0,0.0,0.0
R02,06,488,0,0.0,0.0,0.0,0.0
R02,06,489,0,0.0,0.0,0.0,0.0
R02,06,490,0,0.0,0.0,0.0,0.0
R02,06,491,0,0.0,0.0,0.0,0.0
R02,06,492,0,0.0,0.0,0.0,0.0
R02,06,493,0,0.0,0.0,0.0,0.0
R02,06,494,0,0.0,0.0,0.0,0.0
R02,06,495,0,0.0,0.0,0.0,0.0
R02,06,496,0,0.0,0.0,0.0,0.0
R02,06,497,0,0.0,0.0,0.0,0.0
R02,06,498,0,0.0,0.0,0.0,0.0
R02,06,499,0,0.0,0.0,0.0,0.0
R02,06,500,0,0.0,0.0,0.0,0.0
R02,06,501,0,0.0,0.0,0.0,0.0
R02,06,502,0,0.0,0.0,0.0,0.0
R02,06,503,0,0.0,0.0,0.0,0.0
R02,06,504,0,0.0,0.0,0.0,0.0
R02,06,505,0,0.0,0.0,0.0,0.0
R02,06,506,0,0.0,0.0,0.0,0.0
R02,06,507,0,0.0,0.0,0.0,0.0
R02,06,508,0,0.0,0.0,0.0,0.0
R02,06,509,0,0.0,0.0,0.0,0.0
R02,06,510,0,0.0,0.0,0.0,0.0
R02,06,511,0,0.0,0.0,0.0,0.0
R02,06,512,0,0.0,0.0,0.0,0.0
R02,06,513,0,0.0,0.0,0.0,0.0
R02,06,514,0,0.0,0.0,0.0,0.0
R02,06,515,0,0.0,0.0,0.0,0.0
R02,06,516,0,0.0,0.0,0.0,0.0
R02,06,517,0,0.0,0.0,0.0,0.0
R02,06,518,0,0.0,0.0,0.0,0.0
R02,06,519,0,0.0,0.0,0.0,0.0
R02,06,520,0,0.0,0.0,0.0,0.0
R02,06,521,0,0.0,0.0,0.0,0.0
R02,06,522,0,0.0,0.0,0.0,0.0
R02,06,523,0,0.0,0.0,0.0,0.0
R02,06,524,0,0.0,0.0,0.0,0.0
R02,06,525,0,0.0,0.0,0.0,0.0
R02,06,526,0,0.0,0.0,0.0,0.0
R02,06,527,0,0.0,0.0,0.0,0.0
R02,06,528,0,0.0,0.0,0.0,0.0
R02,06,529,0,0.0,0.0,0.0,0.0
R02,06,530,0,0.0,0.0,0.0,0.0
R02,06,531,0,0.0,0.0,0.0,0.0
R02,06,532,0,0.0,0.0,0.0,0.0
R02,06,533,0,0.0,0.0,0.0,0.0
R02,06,534,0,0.0,0.0,0.0,0.0
R02,06,535,0,0.0,0.0,0.0,0.0
R02,06,536,0,0.0,0.0,0.0,0.0
R02,06,537,0,0.0,0.0,0.0,0.0
R02,06,538,0,0.0,0.0,0.0,0.0
R02,06,539,0,0.0,0.0,0.0,0.0
R02,06,540,0,0.0,0.0,0.0,0.0
R02,06,541,0,0.0,0.0,0.0,0.0
R02,06,542,0,0.0,0.0,0.0,0.0
R02,06,543,0,0.0,0.0,0.0,0.0
R02,06,544,0,0.0,0.0,0.0,0.0
R02,06,545,0,0.0,0.0,0.0,0.0
R02,06,546,0,0.0,0.0,0.0,0.0
R02,06,547,0,0.0,0.0,0.0,0.0
R02,06,548,0,0.0,0.0,0.0,0.0
R02,06,549,0,0.0,0.0,0.0,0.0
R02,06,550,0,0.0,0.0,0.0,0.0
R02,06,551,0,0.0,0.0,0.0,0.0
R02,06,552,0,0.0,0.0,0.0,0.0
R02,06,553,0,0.0,0.0,0.0,0.0
R02,06,554,0,0.0,0.0,0.0,0.0
R02,06,555,0,0.0,0.0,0.0,0.0
R02,06,556,0,0.0,0.0,0.0,0.0
R02,06,557,0,0.0,0.0,0.0,0.0
R02,06,558,0,0.0,0.0,0.0,0.0
R02,06,559,0,0.0,0.0,0.0,0.0
R02,06,560,0,0.0,0.0,0.0,0.0
R02,06,561,0,0.0,0.0,0.0,0.0
R02,06,562,0,0.0,0.0,0.0,0.0
R02,06,563,0,0.0,0.0,0.0,0.0
R02,06,564,0,0.0,0.0,0.0,0.0
R02,06,565,0,0.0,0.0,0.0,0.0
R02,06,566,0,0.0,0.0,0.0,0.0
R02,06,567,0,0.0,0.0,0.0,0.0
R02,06,568,0,0.0,0.0,0.0,0.0
R02,06,569,0,0.0,0.0,0.0,0.0
R02,06,570,0,0.0,0.0,0.0,0.0
R02,06,571,0,0.0,0.0,0.0,0.0
R02,06,572,0,0.0,0.0,0.0,0.0
R02,06,573,0,0.0,0.0,0.0,0.0
R02,06,574,0,0.0,0.0,0.0,0.0
R02,06,575,0,0.0,0.0,0.0,0.0
R02,06,576,0,0.0,0.0,0.0,0.0
R02,06,577,0,0.0,0.0,0.0,0.0
R02,06,578,0,0.0,0.0,0.0,0.0
R02,06,579,0,0.0,0.0,0.0,0.0
R02,06,580,0,0.0,0.0,0.0,0.0
R02,06,581,0,0.0,0.0,0.0,0.0
R02,06,582,0,0.0,0.0,0.0,0.0
R02,06,583,0,0.0,0.0,0.0,0.0
R02,06,584,0,0.0,0.0,0.0,0.0
R02,06,585,0,0.0,0.0,0.0,0.0
R02,06,586,0,0.0,0.0,0.0,0.0
R02,06,587,0,0.0,0.0,0.0,0.0
R02,06,588,0,0.0,0.0,0.0,0.0
R02,06,589,0,0.0,0.0,0.0,0.0
R02,06,590,0,0.0,0.0,0.0,0.0
R02,06,591,0,0.0,0.0,0.0,0.0
R02,06,592,0,0.0,0.0,0.0,0.0
R02,06,593,0,0.0,0.0,0.0,0.0
R02,06,594,0,0.0,0.0,0.0,0.0
R02,06,595,0,0.0,0.0,0.0,0.0
R02,06,596,0,0.0,0.0,0.0,0.0
R02,06,597,0,0.0,0.0,0.0,0.0
R02,06,598,0,0.0,0.0,0.0,0.0
R02,06,599,0,0.0,0.0,0.0,0.0
R02,06,600,0,0.0,0.0,0.0,0.0
R02,06,601,0,0.0,0.0,0.0,0.0
R02,06,602,0,0.0,0.0,0.0,0.0
R02,06,603,0,0.0,0.0,0.0,0.0
R02,07,0,0,0.0,0.0,0.0,0.0
R02,07,1,0,0.0,0.0,0.0,0.0
R02,07,2,0,0.0,0.0,0.0,0.0
R02,07,3,0,0.0,0.0,0.0,0.0
R02,07,4,0,0.0,0.0,0.0,0.0
R02,07,5,0,0.0,0.0,0.0,0.0
R02,07,6,0,0.0,0.0,0.0,0.0
R02,07,7,0,0.0,0.0,0.0,0.0
R02,07,8,0,0.0,0.0,0.0,0.0
R02,07,9,0,0.0,0.0,0.0,0.0
R02,07,10,0,0.0,0.0,0.0,0.0
R02,07,11,0,0.0,0.0,0.0,0.0
R02,07,12,0,0.0,0.0,0.0,0.0
R02,07,13,0,0.0,0.0,0.0,0.0
R02,07,14,0,0.0,0.0,0.0,0.0
R02,07,15,0,0.0,0.0,0.0,0.0
R02,07,16,0,0.0,0.0,0.0,0.0
R02,07,17,0,0.0,0.0,0.0,0.0
R02,07,18,0,0.0,0.0,0.0,0.0
R02,07,19,0,0.0,0.0,0.0,0.0
R02,07,20,0,0.0,0.0,0.0,0.0
R02,07,21,0,0.0,0.0,0.0,0.0
R02,07,22,0,0.0,0.0,0.0,0.0
R02,07,23,0,0.0,0.0,0.0,0.0
R02,07,24,0,0.0,0.0,0.0,0.0
R02,07,25,0,0.0,0.0,0.0,0.0
R02,07,26,0,0.0,0.0,0.0,0.0
R02,07,27,0,0.0,0.0,0.0,0.0
R02,07,28,0,0.0,0.0,0.0,0.0
R02,07,29,0,0.0,0.0,0.0,0.0
R02,07,30,0,0.0,0.0,0.0,0.0
R02,07,31,0,0.0,0.0,0.0,0.0
R02,07,32,0,0.0,0.0,0.0,0.0
R02,07,33,0,0.0,0.0,0.0,0.0
R02,07,34,0,0.0,0.0,0.0,0.0
R02,07,35,0,0.0,0.0,0.0,0.0
R02,07,36,0,0.0,0.0,0.0,0.0
R02,07,37,0,0.0,0.0,0.0,0.0
R02,07,38,0,0.0,0.0,0.0,0.0
R02,07,39,0,0.0,0.0,0.0,0.0
R02,07,40,0,0.0,0.0,0.0,0.0
R02,07,41,0,0.0,0.0,0.0,0.0
R02,07,42,0,0.0,0.0,0.0,0.0
R02,07,43,0,0.0,0.0,0.0,0.0
R02,07,44,0,0.0,0.0,0.0,0.0
R02,07,45,0,0.0,0.0,0.0,0.0
R02,07,46,0,0.0,0.0,0.0,0.0
R02,07,47,0,0.0,0.0,0.0,0.0
R02,07,48,0,0.0,0.0,0.0,0.0
R02,07,49,0,0.0,0.0,0.0,0.0
R02,07,50,0,0.0,0.0,0.0,0.0
R02,07,51,0,0.0,0.0,0.0,0.0
R02,07,52,0,0.0,0.0,0.0,0.0
R02,07,53,0,0.0,0.0,0.0,0.0
R02,07,54,0,0.0,0.0,0.0,0.0
R02,07,55,0,0.0,0.0,0.0,0.0
R02,07,56,0,0.0,0.0,0.0,0.0
R02,07,57,0,0.0,0.0,0.0,0.0
R02,07,58,0,0.0,0.0,0.0,0.0
R02,07,59,0,0.0,0.0,0.0,0.0
R02,07,60,0,0.0,0.0,0.0,0.0
R02,07,61,0,0.0,0.0,0.0,0.0
R02,07,62,0,0.0,0.0,0.0,0.0
R02,07,63,0,0.0,0.0,0.0,0.0
R02,07,64,0,0.0,0.0,0.0,0.0
R02,07,65,0,0.0,0.0,0.0,0.0
R02,07,66,0,0.0,0.0,0.0,0.0
R02,07,67,0,0.0,0.0,0.0,0.0
R02,07,68,0,0.0,0.0,0.0,0.0
R02,07,69,0,0.0,0.0,0.0,0.0
R02,07,70,0,0.0,0.0,0.0,0.0
R02,07,71,0,0.0,0.0,0.0,0.0
R02,07,72,0,0.0,0.0,0.0,0.0
R02,07,73,0,0.0,0.0,0.0,0.0
R02,07,74,0,0.0,0.0,0.0,0.0
R02,07,75,0,0.0,0.0,0.0,0.0
R02,07,76,0,0.0,0.0,0.0,0.0
R02,07,77,0,0.0,0.0,0.0,0.0
R02,07,78,0,0.0,0.0,0.0,0.0
R02,07,79,0,0.0,0.0,0.0,0.0
R02,07,80,0,0.0,0.0,0.0,0.0
R02,07,81,0,0.0,0.0,0.0,0.0
R02,07,82,0,0.0,0.0,0.0,0.0
R02,07,83,0,0.0,0.0,0.0,0.0
R02,07,84,0,0.0,0.0,0.0,0.0
R02,07,85,0,0.0,0.0,0.0,0.0
R02,07,86,0,0.0,0.0,0.0,0.0
R02,07,87,0,0.0,0.0,0.0,0.0
R02,07,88,0,0.0,0.0,0.0,0.0
R02,07,89,0,0.0,0.0,0.0,0.0
R02,07,90,0,0.0,0.0,0.0,0.0
R02,07,91,0,0.0,0.0,0.0,0.0
R02,07,92,0,0.0,0.0,0.0,0.0
R02,07,93,0,0.0,0.0,0.0,0.0
R02,07,94,0,0.0,0.0,0.0,0.0
R02,07,95,0,0.0,0.0,0.0,0.0
R02,07,96,0,0.0,0.0,0.0,0.0
R02,07,97,0,0.0,0.0,0.0,0.0
R02,07,98,0,0.0,0.0,0.0,0.0
R02,07,99,0,0.0,0.0,0.0,0.0
R02,07,100,0,0.0,0.0,0.0,0.0
R02,07,101,0,0.0,0.0,0.0,0.0
R02,07,102,0,0.0,0.0,0.0,0.0
R02,07,103,0,0.0,0.0,0.0,0.0
R02,07,104,0,0.0,0.0,0.0,0.0
R02,07,105,0,0.0,0.0,0.0,0.0
R02,07,106,0,0.0,0.0,0.0,0.0
R02,07,107,0,0.0,0.0,0.0,0.0
R02,07,108,0,0.0,0.0,0.0,0.0
R02,07,109,0,0.0,0.0,0.0,0.0
R02,07,110,0,0.0,0.0,0.0,0.0
R02,07,111,0,0.0,0.0,0.0,0.0
R02,07,112,0,0.0,0.0,0.0,0.0
R02,07,113,0,0.0,0.0,0.0,0.0
R02,07,114,0,0.0,0.0,0.0,0.0
R02,07,115,0,0.0,0.0,0.0,0.0
R02,07,116,0,0.0,0.0,0.0,0.0
R02,07,117,0,0.0,0.0,0.0,0.0
R02,07,118,0,0.0,0.0,0.0,0.0
R02,07,119,0,0.0,0.0,0.0,0.0
R02,07,120,0,0.0,0.0,0.0,0.0
R02,07,121,0,0.0,0.0,0.0,0.0
R02,07,122,0,0.0,0.0,0.0,0.0
R02,07,123,0,0.0,0.0,0.0,0.0
R02,07,124,0,0.0,0.0,0.0,0.0
R02,07,125,0,0.0,0.0,0.0,0.0
R02,07,126,0,0.0,0.0,0.0,0.0
R02,07,127,0,0.0,0.0,0.0,0.0
R02,07,128,0,0.0,0.0,0.0,0.0
R02,07,129,0,0.0,0.0,0.0,0.0
R02,07,130,0,0.0,0.0,0.0,0.0
R02,07,131,0,0.0,0.0,0.0,0.0
R02,07,132,0,0.0,0.0,0.0,0.0
R02,07,133,0,0.0,0.0,0.0,0.0
R02,07,134,0,0.0,0.0,0.0,0.0
R02,07,135,0,0.0,0.0,0.0,0.0
R02,07,136,0,0.0,0.0,0.0,0.0
R02,07,137,0,0.0,0.0,0.0,0.0
R02,07,138,0,0.0,0.0,0.0,0.0
R02,07,139,0,0.0,0.0,0.0,0.0
R02,07,140,0,0.0,0.0,0.0,0.0
R02,07,141,0,0.0,0.0,0.0,0.0
R02,07,142,0,0.0,0.0,0.0,0.0
R02,07,143,0,0.0,0.0,0.0,0.0
R02,07,144,0,0.0,0.0,0.0,0.0
R02,07,145,0,0.0,0.0,0.0,0.0
R02,07,146,0,0.0,0.0,0.0,0.0
R02,07,147,0,0.0,0.0,0.0,0.0
R02,07,148,0,0.0,0.0,0.0,0.0
R02,07,149,0,0.0,0.0,0.0,0.0
R02,07,150,0,0.0,0.0,0.0,0.0
R02,07,151,0,0.0,0.0,0.0,0.0
R02,07,152,0,0.0,0.0,0.0,0.0
R02,07,153,0,0.0,0.0,0.0,0.0
R02,07,154,0,0.0,0.0,0.0,0.0
R02,07,155,0,0.0,0.0,0.0,0.0
R02,07,156,0,0.0,0.0,0.0,0.0
R02,07,157,0,0.0,0.0,0.0,0.0
R02,07,158,0,0.0,0.0,0.0,0.0
R02,07,159,0,0.0,0.0,0.0,0.0
R02,07,160,0,0.0,0.0,0.0,0.0
R02,07,161,0,0.0,0.0,0.0,0.0
R02,07,162,0,0.0,0.0,0.0,0.0
R02,07,163,0,0.0,0.0,0.0,0.0
R02,07,164,0,0.0,0.0,0.0,0.0
R02,07,165,0,0.0,0.0,0.0,0.0
R02,07,166,0,0.0,0.0,0.0,0.0
R02,07,167,0,0.0,0.0,0.0,0.0
R02,07,168,0,0.0,0.0,0.0,0.0
R02,07,169,0,0.0,0.0,0.0,0.0
R02,07,170,0,0.0,0.0,0.0,0.0
R02,07,171,0,0.0,0.0,0.0,0.0
R02,07,172,0,0.0,0.0,0.0,0.0
R02,07,173,0,0.0,0.0,0.0,0.0
R02,07,174,0,0.0,0.0,0.0,0.0
R02,07,175,0,0.0,0.0,0.0,0.0
R02,07,176,0,0.0,0.0,0.0,0.0
R02,07,177,0,0.0,0.0,0.0,0.0
R02,07,178,0,0.0,0.0,0.0,0.0
R02,07,179,0,0.0,0.0,0.0,0.0
R02,07,180,0,0.0,0.0,0.0,0.0
R02,07,181,0,0.0,0.0,0.0,0.0
R02,07,182,0,0.0,0.0,0.0,0.0
R02,07,183,0,0.0,0.0,0.0,0.0
R02,07,184,0,0.0,0.0,0.0,0.0
R02,07,185,0,0.0,0.0,0.0,0.0
R02,07,186,0,0.0,0.0,0.0,0.0
R02,07,187,0,0.0,0.0,0.0,0.0
R02,07,188,0,0.0,0.0,0.0,0.0
R02,07,189,0,0.0,0.0,0.0,0.0
R02,07,190,0,0.0,0.0,0.0,0.0
R02,07,191,0,0.0,0.0,0.0,0.0
R02,07,192,0,0.0,0.0,0.0,0.0
R02,07,193,0,0.0,0.0,0.0,0.0
R02,07,194,0,0.0,0.0,0.0,0.0
R02,07,195,0,0.0,0.0,0.0,0.0
R02,07,196,0,0.0,0.0,0.0,0.0
R02,07,197,0,0.0,0.0,0.0,0.0
R02,07,198,0,0.0,0.0,0.0,0.0
R02,07,199,0,0.0,0.0,0.0,0.0
R02,07,200,0,0.0,0.0,0.0,0.0
R02,07,201,0,0.0,0.0,0.0,0.0
R02,07,202,0,0.0,0.0,0.0,0.0
R02,07,203,0,0.0,0.0,0.0,0.0
R02,07,204,0,0.0,0.0,0.0,0.0
R02,07,205,0,0.0,0.0,0.0,0.0
R02,07,206,0,0.0,0.0,0.0,0.0
R02,07,207,0,0.0,0.0,0.0,0.0
R02,07,208,0,0.0,0.0,0.0,0.0
R02,07,209,0,0.0,0.0,0.0,0.0
R02,07,210,0,0.0,0.0,0.0,0.0
R02,07,211,0,0.0,0.0,0.0,0.0
R02,07,212,0,0.0,0.0,0.0,0.0
R02,07,213,0,0.0,0.0,0.0,0.0
R02,07,214,0,0.0,0.0,0.0,0.0
R02,07,215,0,0.0,0.0,0.0,0.0
R02,07,216,0,0.0,0.0,0.0,0.0
R02,07,217,0,0.0,0.0,0.0,0.0
R02,07,218,0,0.0,0.0,0.0,0.0
R02,07,219,0,0.0,0.0,0.0,0.0
R02,07,220,1,0.0,0.0,0.0,0.0
R02,07,221,1,0.0,0.0,0.0,0.0
R02,07,222,1,0.0,0.0,0.0,0.0
R02,07,223,1,0.0,0.0,0.0,0.0
R02,07,224,1,0.0,0.0,0.0,0.0
R02,07,225,1,0.0,0.0,0.0,0.0
R02,07,226,1,0.0,0.0,0.0,0.0
R02,07,227,1,0.0,0.0,0.0,0.0
R02,07,228,1,0.0,0.0,0.0,0.0
R02,07,229,1,0.0,0.0,0.0,0.0
R02,07,230,1,0.0,0.0,0.0,0.0
R02,07,231,1,0.0,0.0,0.0,0.0
R02,07,232,1,0.0,0.0,0.0,0.0
R02,07,233,1,0.0,0.0,0.0,0.0
R02,07,234,1,0.0,0.0,0.0,0.0
R02,07,235,1,0.0,0.0,0.0,0.0
R02,07,236,1,0.0,0.0,0.0,0.0
R02,07,237,1,0.0,0.0,0.0,0.0
R02,07,238,1,0.0,0.0,0.0,0.0
R02,07,239,1,0.0,0.0,0.0,0.0
R02,07,240,1,0.0,0.0,0.0,0.0
R02,07,241,1,0.0,0.0,0.0,0.0
R02,07,242,1,0.0,0.0,0.0,0.0
R02,07,243,1,0.0,0.0,0.0,0.0
R02,07,244,1,0.0,0.0,0.0,0.0
R02,07,245,1,0.0,0.0,0.0,0.0
R02,07,246,1,0.0,0.0,0.0,0.0
R02,07,247,1,0.0,0.0,0.0,0.0
R02,07,248,1,0.0,0.0,0.0,0.0
R02,07,249,1,0.0,0.0,0.0,0.0
R02,07,250,1,0.0,0.0,0.0,0.0
R02,07,251,1,0.0,0.0,0.0,0.0
R02,07,252,1,0.0,0.0,0.0,0.0
R02,07,253,1,0.0,0.0,0.0,0.0
R02,07,254,1,0.0,0.0,0.0,0.0
R02,07,255,1,0.0,0.0,0.0,0.0
R02,07,256,1,0.0,0.0,0.0,0.0
R02,07,257,1,0.0,0.0,0.0,0.0
R02,07,258,1,0.0,0.0,0.0,0.0
R02,07,259,1,0.0,0.0,0.0,0.0
R02,07,260,1,0.0,0.0,0.0,0.0
R02,07,261,1,0.0,0.0,0.0,0.0
R02,07,262,1,0.0,0.0,0.0,0.0
R02,07,263,1,0.0,0.0,0.0,0.0
R02,07,264,1,0.0,0.0,0.0,0.0
R02,07,265,1,0.0,0.0,0.0,0.0
R02,07,266,1,0.0,0.0,0.0,0.0
R02,07,267,1,0.0,0.0,0.0,0.0
R02,07,268,1,0.0,0.0,0.0,0.0
R02,07,269,1,0.0,0.0,0.0,0.0
R02,07,270,1,0.0,0.0,0.0,0.0
R02,07,271,1,0.0,0.0,0.0,0.0
R02,07,272,1,0.0,0.0,0.0,0.0
R02,07,273,1,0.0,0.0,0.0,0.0
R02,07,274,1,0.0,0.0,0.0,0.0
R02,07,275,1,0.0,0.0,0.0,0.0
R02,07,276,1,0.0,0.0,0.0,0.0
R02,07,277,1,0.0,0.0,0.0,0.0
R02,07,278,1,0.0,0.0,0.0,0.0
R02,07,279,1,0.0,0.0,0.0,0.0
R02,07,280,1,0.0,0.0,0.0,0.0
R02,07,281,1,0.0,0.0,0.0,0.0
R02,07,282,1,0.0,0.0,0.0,0.0
R02,07,283,1,0.0,0.0,0.0,0.0
R02,07,284,1,0.0,0.0,0.0,0.0
R02,07,285,1,0.0,0.0,0.0,0.0
R02,07,286,1,0.0,0.0,0.0,0.0
R02,07,287,1,0.0,0.0,0.0,0.0
R02,07,288,1,0.0,0.0,0.0,0.0
R02,07,289,1,0.0,0.0,0.0,0.0
R02,07,290,1,0.0,0.0,0.0,0.0
R02,07,291,1,0.0,0.0,0.0,0.0
R02,07,292,1,0.0,0.0,0.0,0.0
R02,07,293,1,0.0,0.0,0.0,0.0
R02,07,294,1,0.0,0.0,0.0,0.0
R02,07,295,1,0.0,0.0,0.0,0.0
R02,07,296,1,0.0,0.0,0.0,0.0
R02,07,297,1,0.0,0.0,0.0,0.0
R02,07,298,1,0.0,0.0,0.0,0.0
R02,07,299,1,0.0,0.0,0.0,0.0
R02,07,300,1,0.0,0.0,0.0,0.0
R02,07,301,1,0.0,0.0,0.0,0.0
R02,07,302,1,0.0,0.0,0.0,0.0
R02,07,303,1,0.0,0.0,0.0,0.0
R02,07,304,1,0.0,0.0,0.0,0.0
R02,07,305,1,0.0,0.0,0.0,0.0
R02,07,306,1,0.0,0.0,0.0,0.0
R02,07,307,1,0.0,0.0,0.0,0.0
R02,07,308,1,0.0,0.0,0.0,0.0
R02,07,309,1,0.0,0.0,0.0,0.0
R02,07,310,1,0.0,0.0,0.0,0.0
R02,07,311,1,0.0,0.0,0.0,0.0
R02,07,312,1,0.0,0.0,0.0,0.0
R02,07,313,1,0.0,0.0,0.0,0.0
R02,07,314,1,0.0,0.0,0.0,0.0
R02,07,315,1,0.0,0.0,0.0,0.0
R02,07,316,1,0.0,0.0,0.0,0.0
R02,07,317,1,0.0,0.0,0.0,0.0
R02,07,318,1,0.0,0.0,0.0,0.0
R02,07,319,1,0.0,0.0,0.0,0.0
R02,07,320,1,0.0,0.0,0.0,0.0
R02,07,321,1,0.0,0.0,0.0,0.0
R02,07,322,1,0.0,0.0,0.0,0.0
R02,07,323,1,0.0,0.0,0.0,0.0
R02,07,324,1,0.0,0.0,0.0,0.0
R02,07,325,1,0.0,0.0,0.0,0.0
R02,07,326,1,0.0,0.0,0.0,0.0
R02,07,327,1,0.0,0.0,0.0,0.0
R02,07,328,1,0.0,0.0,0.0,0.0
R02,07,329,1,0.0,0.0,0.0,0.0
R02,07,330,1,0.0,0.0,0.0,0.0
R02,07,331,1,0.0,0.0,0.0,0.0
R02,07,332,1,0.0,0.0,0.0,0.0
R02,07,333,1,0.0,0.0,0.0,0.0
R02,07,334,0,0.0,0.0,0.0,0.0
R02,07,335,0,0.0,0.0,0.0,0.0
R02,07,336,0,0.0,0.0,0.0,0.0
R02,07,337,0,0.0,0.0,0.0,0.0
R02,07,338,0,0.0,0.0,0.0,0.0
R02,07,339,0,0.0,0.0,0.0,0.0
R02,07,340,0,0.0,0.0,0.0,0.0
R02,07,341,0,0.0,0.0,0.0,0.0
R02,07,342,0,0.0,0.0,0.0,0.0
R02,07,343,0,0.0,0.0,0.0,0.0
R02,07,344,0,0.0,0.0,0.0,0.0
R02,07,345,0,0.0,0.0,0.0,0.0
R02,07,346,0,0.0,0.0,0.0,0.0
R02,07,347,0,0.0,0.0,0.0,0.0
R02,07,348,0,0.0,0.0,0.0,0.0
R02,07,349,0,0.0,0.0,0.0,0.0
R02,07,350,0,0.0,0.0,0.0,0.0
R02,07,351,0,0.0,0.0,0.0,0.0
R02,07,352,0,0.0,0.0,0.0,0.0
R02,07,353,0,0.0,0.0,0.0,0.0
R02,07,354,0,0.0,0.0,0.0,0.0
R02,07,355,0,0.0,0.0,0.0,0.0
R02,07,356,0,0.0,0.0,0.0,0.0
R02,07,357,0,0.0,0.0,0.0,0.0
R02,07,358,0,0.0,0.0,0.0,0.0
R02,07,359,0,0.0,0.0,0.0,0.0
R02,07,360,0,0.0,0.0,0.0,0.0
R02,07,361,0,0.0,0.0,0.0,0.0
R02,07,362,0,0.0,0.0,0.0,0.0
R02,07,363,0,0.0,0.0,0.0,0.0
R02,07,364,0,0.0,0.0,0.0,0.0
R02,07,365,0,0.0,0.0,0.0,0.0
R02,07,366,0,0.0,0.0,0.0,0.0
R02,07,367,0,0.0,0.0,0.0,0.0
R02,07,368,0,0.0,0.0,0.0,0.0
R02,07,369,0,0.0,0.0,0.0,0.0
R02,07,370,0,0.0,0.0,0.0,0.0
R02,07,371,0,0.0,0.0,0.0,0.0
R02,07,372,0,0.0,0.0,0.0,0.0
R02,07,373,0,0.0,0.0,0.0,0.0
R02,07,374,0,0.0,0.0,0.0,0.0
R02,07,375,0,0.0,0.0,0.0,0.0
R02,07,376,0,0.0,0.0,0.0,0.0
R02,07,377,0,0.0,0.0,0.0,0.0
R02,07,378,0,0.0,0.0,0.0,0.0
R02,07,379,0,0.0,0.0,0.0,0.0
R02,07,380,0,0.0,0.0,0.0,0.0
R02,07,381,0,0.0,0.0,0.0,0.0
R02,07,382,0,0.0,0.0,0.0,0.0
R02,07,383,0,0.0,0.0,0.0,0.0
R02,07,384,0,0.0,0.0,0.0,0.0
R02,07,385,0,0.0,0.0,0.0,0.0
R02,07,386,0,0.0,0.0,0.0,0.0
R02,07,387,0,0.0,0.0,0.0,0.0
R02,07,388,0,0.0,0.0,0.0,0.0
R02,07,389,0,0.0,0.0,0.0,0.0
R02,07,390,0,0.0,0.0,0.0,0.0
R02,07,391,0,0.0,0.0,0.0,0.0
R02,07,392,0,0.0,0.0,0.0,0.0
R02,07,393,0,0.0,0.0,0.0,0.0
R02,07,394,0,0.0,0.0,0.0,0.0
R02,07,395,0,0.0,0.0,0.0,0.0
R02,07,396,0,0.0,0.0,0.0,0.0
R02,07,397,0,0.0,0.0,0.0,0.0
R02,07,398,0,0.0,0.0,0.0,0.0
R02,07,399,0,0.0,0.0,0.0,0.0
R02,07,400,0,0.0,0.0,0.0,0.0
R02,07,401,0,0.0,0.0,0.0,0.0
R02,07,402,0,0.0,0.0,0.0,0.0
R02,07,403,0,0.0,0.0,0.0,0.0
R02,07,404,0,0.0,0.0,0.0,0.0
R02,07,405,0,0.0,0.0,0.0,0.0
R02,07,406,0,0.0,0.0,0.0,0.0
R02,07,407,0,0.0,0.0,0.0,0.0
R02,07,408,0,0.0,0.0,0.0,0.0
R02,07,409,0,0.0,0.0,0.0,0.0
R02,07,410,0,0.0,0.0,0.0,0.0
R02,07,411,0,0.0,0.0,0.0,0.0
R02,07,412,0,0.0,0.0,0.0,0.0
R02,07,413,0,0.0,0.0,0.0,0.0
R02,07,414,0,0.0,0.0,0.0,0.0
R02,07,415,0,0.0,0.0,0.0,0.0
R02,07,416,0,0.0,0.0,0.0,0.0
R02,07,417,0,0.0,0.0,0.0,0.0
R02,07,418,0,0.0,0.0,0.0,0.0
R02,07,419,0,0.0,0.0,0.0,0.0
R02,07,420,0,0.0,0.0,0.0,0.0
R02,07,421,0,0.0,0.0,0.0,0.0
R02,07,422,0,0.0,0.0,0.0,0.0
R02,07,423,0,0.0,0.0,0.0,0.0
R02,07,424,0,0.0,0.0,0.0,0.0
R02,07,425,0,0.0,0.0,0.0,0.0
R02,07,426,0,0.0,0.0,0.0,0.0
R02,07,427,0,0.0,0.0,0.0,0.0
R02,07,428,0,0.0,0.0,0.0,0.0
R02,07,429,0,0.0,0.0,0.0,0.0
R02,07,430,0,0.0,0.0,0.0,0.0
R02,07,431,0,0.0,0.0,0.0,0.0
R02,07,432,0,0.0,0.0,0.0,0.0
R02,07,433,0,0.0,0.0,0.0,0.0
R02,07,434,0,0.0,0.0,0.0,0.0
R02,07,435,0,0.0,0.0,0.0,0.0
R02,07,436,0,0.0,0.0,0.0,0.0
R02,07,437,0,0.0,0.0,0.0,0.0
R02,07,438,0,0.0,0.0,0.0,0.0
R02,07,439,0,0.0,0.0,0.0,0.0
R02,07,440,0,0.0,0.0,0.0,0.0
R02,07,441,0,0.0,0.0,0.0,0.0
R02,07,442,0,0.0,0.0,0.0,0.0
R02,07,443,0,0.0,0.0,0.0,0.0
R02,07,444,0,0.0,0.0,0.0,0.0
R02,07,445,0,0.0,0.0,0.0,0.0
R02,07,446,0,0.0,0.0,0.0,0.0
R02,07,447,0,0.0,0.0,0.0,0.0
R02,07,448,0,0.0,0.0,0.0,0.0
R02,07,449,0,0.0,0.0,0.0,0.0
R02,07,450,0,0.0,0.0,0.0,0.0
R02,07,451,0,0.0,0.0,0.0,0.0
R02,07,452,0,0.0,0.0,0.0,0.0
R02,07,453,0,0.0,0.0,0.0,0.0
R02,07,454,0,0.0,0.0,0.0,0.0
R02,07,455,0,0.0,0.0,0.0,0.0
R02,07,456,0,0.0,0.0,0.0,0.0
R02,07,457,0,0.0,0.0,0.0,0.0
R02,07,458,0,0.0,0.0,0.0,0.0
R02,07,459,0,0.0,0.0,0.0,0.0
R02,07,460,0,0.0,0.0,0.0,0.0
R02,07,461,0,0.0,0.0,0.0,0.0
R02,07,462,0,0.0,0.0,0.0,0.0
R02,07,463,0,0.0,0.0,0.0,0.0
R02,07,464,0,0.0,0.0,0.0,0.0
R02,07,465,0,0.0,0.0,0.0,0.0
R02,07,466,0,0.0,0.0,0.0,0.0
R02,07,467,0,0.0,0.0,0.0,0.0
R02,07,468,0,0.0,0.0,0.0,0.0
R02,07,469,0,0.0,0.0,0.0,0.0
R02,07,470,0,0.0,0.0,0.0,0.0
R02,07,471,0,0.0,0.0,0.0,0.0
R02,07,472,0,0.0,0.0,0.0,0.0
R02,07,473,0,0.0,0.0,0.0,0.0
R02,07,474,0,0.0,0.0,0.0,0.0
R02,07,475,0,0.0,0.0,0.0,0.0
R02,07,476,0,0.0,0.0,0.0,0.0
R02,07,477,0,0.0,0.0,0.0,0.0
R02,07,478,0,0.0,0.0,0.0,0.0
R02,07,479,0,0.0,0.0,0.0,0.0
R02,07,480,0,0.0,0.0,0.0,0.0
R02,07,481,0,0.0,0.0,0.0,0.0
R02,07,482,0,0.0,0.0,0.0,0.0
R02,07,483,0,0.0,0.0,0.0,0.0
R02,07,484,0,0.0,0.0,0.0,0.0
R02,07,485,0,0.0,0.0,0.0,0.0
R02,07,486,0,0.0,0.0,0.0,0.0
R02,07,487,0,0.0,0.0,0.0,0.0
R02,07,488,0,0.0,0.0,0.0,0.0
R02,07,489,0,0.0,0.0,0.0,0.0
R02,07,490,0,0.0,0.0,0.0,0.0
R02,07,491,0,0.0,0.0,0.0,0.0
R02,07,492,0,0.0,0.0,0.0,0.0
R02,07,493,0,0.0,0.0,0.0,0.0
R02,07,494,0,0.0,0.0,0.0,0.0
R02,07,495,0,0.0,0.0,0.0,0.0
R02,07,496,0,0.0,0.0,0.0,0.0
R02,07,497,0,0.0,0.0,0.0,0.0
R02,07,498,0,0.0,0.0,0.0,0.0
R02,07,499,0,0.0,0.0,0.0,0.0
R02,07,500,0,0.0,0.0,0.0,0.0
R02,07,501,0,0.0,0.0,0.0,0.0
R02,07,502,0,0.0,0.0,0.0,0.0
R02,07,503,0,0.0,0.0,0.0,0.0
R02,07,504,0,0.0,0.0,0.0,0.0
R02,07,505,0,0.0,0.0,0.0,0.0
R02,07,506,0,0.0,0.0,0.0,0.0
R02,07,507,0,0.0,0.0,0.0,0.0
R02,07,508,0,0.0,0.0,0.0,0.0
R02,07,509,0,0.0,0.0,0.0,0.0
R02,07,510,0,0.0,0.0,0.0,0.0
R02,07,511,0,0.0,0.0,0.0,0.0
R02,07,512,0,0.0,0.0,0.0,0.0
R02,07,513,0,0.0,0.0,0.0,0.0
R02,07,514,0,0.0,0.0,0.0,0.0
R02,07,515,0,0.0,0.0,0.0,0.0
R02,07,516,0,0.0,0.0,0.0,0.0
R02,07,517,0,0.0,0.0,0.0,0.0
R02,07,518,0,0.0,0.0,0.0,0.0
R02,07,519,0,0.0,0.0,0.0,0.0
R02,07,520,0,0.0,0.0,0.0,0.0
R02,07,521,0,0.0,0.0,0.0,0.0
R02,07,522,0,0.0,0.0,0.0,0.0
R02,07,523,0,0.0,0.0,0.0,0.0
R02,07,524,0,0.0,0.0,0.0,0.0
R02,07,525,0,0.0,0.0,0.0,0.0
R02,07,526,0,0.0,0.0,0.0,0.0
R02,07,527,0,0.0,0.0,0.0,0.0
R02,07,528,0,0.0,0.0,0.0,0.0
R02,07,529,0,0.0,0.0,0.0,0.0
R02,07,530,0,0.0,0.0,0.0,0.0
R02,07,531,0,0.0,0.0,0.0,0.0
R02,07,532,0,0.0,0.0,0.0,0.0
R02,07,533,0,0.0,0.0,0.0,0.0
R02,07,534,0,0.0,0.0,0.0,0.0
R02,07,535,0,0.0,0.0,0.0,0.0
R02,08,0,0,0.0,0.0,0.0,0.0
R02,08,1,0,0.0,0.0,0.0,0.0
R02,08,2,0,0.0,0.0,0.0,0.0
R02,08,3,0,0.0,0.0,0.0,0.0
R02,08,4,0,0.0,0.0,0.0,0.0
R02,08,5,0,0.0,0.0,0.0,0.0
R02,08,6,0,0.0,0.0,0.0,0.0
R02,08,7,0,0.0,0.0,0.0,0.0
R02,08,8,0,0.0,0.0,0.0,0.0
R02,08,9,0,0.0,0.0,0.0,0.0
R02,08,10,0,0.0,0.0,0.0,0.0
R02,08,11,0,0.0,0.0,0.0,0.0
R02,08,12,0,0.0,0.0,0.0,0.0
R02,08,13,0,0.0,0.0,0.0,0.0
R02,08,14,0,0.0,0.0,0.0,0.0
R02,08,15,0,0.0,0.0,0.0,0.0
R02,08,16,0,0.0,0.0,0.0,0.0
R02,08,17,0,0.0,0.0,0.0,0.0
R02,08,18,0,0.0,0.0,0.0,0.0
R02,08,19,0,0.0,0.0,0.0,0.0
R02,08,20,0,0.0,0.0,0.0,0.0
R02,08,21,0,0.0,0.0,0.0,0.0
R02,08,22,0,0.0,0.0,0.0,0.0
R02,08,23,0,0.0,0.0,0.0,0.0
R02,08,24,0,0.0,0.0,0.0,0.0
R02,08,25,0,0.0,0.0,0.0,0.0
R02,08,26,0,0.0,0.0,0.0,0.0
R02,08,27,0,0.0,0.0,0.0,0.0
R02,08,28,0,0.0,0.0,0.0,0.0
R02,08,29,0,0.0,0.0,0.0,0.0
R02,08,30,0,0.0,0.0,0.0,0.0
R02,08,31,0,0.0,0.0,0.0,0.0
R02,08,32,0,0.0,0.0,0.0,0.0
R02,08,33,0,0.0,0.0,0.0,0.0
R02,08,34,0,0.0,0.0,0.0,0.0
R02,08,35,0,0.0,0.0,0.0,0.0
R02,08,36,0,0.0,0.0,0.0,0.0
R02,08,37,0,0.0,0.0,0.0,0.0
R02,08,38,0,0.0,0.0,0.0,0.0
R02,08,39,0,0.0,0.0,0.0,0.0
R02,08,40,0,0.0,0.0,0.0,0.0
R02,08,41,0,0.0,0.0,0.0,0.0
R02,08,42,0,0.0,0.0,0.0,0.0
R02,08,43,0,0.0,0.0,0.0,0.0
R02,08,44,0,0.0,0.0,0.0,0.0
R02,08,45,0,0.0,0.0,0.0,0.0
R02,08,46,0,0.0,0.0,0.0,0.0
R02,08,47,0,0.0,0.0,0.0,0.0
R02,08,48,0,0.0,0.0,0.0,0.0
R02,08,49,0,0.0,0.0,0.0,0.0
R02,08,50,0,0.0,0.0,0.0,0.0
R02,08,51,0,0.0,0.0,0.0,0.0
R02,08,52,0,0.0,0.0,0.0,0.0
R02,08,53,0,0.0,0.0,0.0,0.0
R02,08,54,0,0.0,0.0,0.0,0.0
R02,08,55,0,0.0,0.0,0.0,0.0
R02,08,56,0,0.0,0.0,0.0,0.0
R02,08,57,0,0.0,0.0,0.0,0.0
R02,08,58,0,0.0,0.0,0.0,0.0
R02,08,59,0,0.0,0.0,0.0,0.0
R02,08,60,0,0.0,0.0,0.0,0.0
R02,08,61,0,0.0,0.0,0.0,0.0
R02,08,62,0,0.0,0.0,0.0,0.0
R02,08,63,0,0.0,0.0,0.0,0.0
R02,08,64,0,0.0,0.0,0.0,0.0
R02,08,65,0,0.0,0.0,0.0,0.0
R02,08,66,0,0.0,0.0,0.0,0.0
R02,08,67,0,0.0,0.0,0.0,0.0
R02,08,68,0,0.0,0.0,0.0,0.0
R02,08,69,0,0.0,0.0,0.0,0.0
R02,08,70,0,0.0,0.0,0.0,0.0
R02,08,71,0,0.0,0.0,0.0,0.0
R02,08,72,0,0.0,0.0,0.0,0.0
R02,08,73,0,0.0,0.0,0.0,0.0
R02,08,74,0,0.0,0.0,0.0,0.0
R02,08,75,0,0.0,0.0,0.0,0.0
R02,08,76,0,0.0,0.0,0.0,0.0
R02,08,77,0,0.0,0.0,0.0,0.0
R02,08,78,0,0.0,0.0,0.0,0.0
R02,08,79,0,0.0,0.0,0.0,0.0
R02,08,80,0,0.0,0.0,0.0,0.0
R02,08,81,0,0.0,0.0,0.0,0.0
R02,08,82,0,0.0,0.0,0.0,0.0
R02,08,83,0,0.0,0.0,0.0,0.0
R02,08,84,0,0.0,0.0,0.0,0.0
R02,08,85,0,0.0,0.0,0.0,0.0
R02,08,86,0,0.0,0.0,0.0,0.0
R02,08,87,0,0.0,0.0,0.0,0.0
R02,08,88,0,0.0,0.0,0.0,0.0
R02,08,89,0,0.0,0.0,0.0,0.0
R02,08,90,0,0.0,0.0,0.0,0.0
R02,08,91,0,0.0,0.0,0.0,0.0
R02,08,92,0,0.0,0.0,0.0,0.0
R02,08,93,0,0.0,0.0,0.0,0.0
R02,08,94,0,0.0,0.0,0.0,0.0
R02,08,95,0,0.0,0.0,0.0,0.0
R02,08,96,0,0.0,0.0,0.0,0.0
R02,08,97,0,0.0,0.0,0.0,0.0
R02,08,98,0,0.0,0.0,0.0,0.0
R02,08,99,0,0.0,0.0,0.0,0.0
R02,08,100,0,0.0,0.0,0.0,0.0
R02,08,101,0,0.0,0.0,0.0,0.0
R02,08,102,0,0.0,0.0,0.0,0.0
R02,08,103,0,0.0,0.0,0.0,0.0
R02,08,104,0,0.0,0.0,0.0,0.0
R02,08,105,0,0.0,0.0,0.0,0.0
R02,08,106,0,0.0,0.0,0.0,0.0
R02,08,107,0,0.0,0.0,0.0,0.0
R02,08,108,0,0.0,0.0,0.0,0.0
R02,08,109,0,0.0,0.0,0.0,0.0
R02,08,110,0,0.0,0.0,0.0,0.0
R02,08,111,0,0.0,0.0,0.0,0.0
R02,08,112,0,0.0,0.0,0.0,0.0
R02,08,113,0,0.0,0.0,0.0,0.0
R02,08,114,0,0.0,0.0,0.0,0.0
R02,08,115,0,0.0,0.0,0.0,0.0
R02,08,116,0,0.0,0.0,0.0,0.0
R02,08,117,0,0.0,0.0,0.0,0.0
R02,08,118,1,0.0,0.0,0.0,0.0
R02,08,119,1,0.0,0.0,0.0,0.0
R02,08,120,1,0.0,0.0,0.0,0.0
R02,08,121,1,0.0,0.0,0.0,0.0
R02,08,122,1,0.0,0.0,0.0,0.0
R02,08,123,1,0.0,0.0,0.0,0.0
R02,08,124,1,0.0,0.0,0.0,0.0
R02,08,125,1,0.0,0.0,0.0,0.0
R02,08,126,1,0.0,0.0,0.0,0.0
R02,08,127,1,0.0,0.0,0.0,0.0
R02,08,128,1,0.0,0.0,0.0,0.0
R02,08,129,1,0.0,0.0,0.0,0.0
R02,08,130,1,0.0,0.0,0.0,0.0
R02,08,131,1,0.0,0.0,0.0,0.0
R02,08,132,1,0.0,0.0,0.0,0.0
R02,08,133,1,0.0,0.0,0.0,0.0
R02,08,134,1,0.0,0.0,0.0,0.0
R02,08,135,1,0.0,0.0,0.0,0.0
R02,08,136,1,0.0,0.0,0.0,0.0
R02,08,137,1,0.0,0.0,0.0,0.0
R02,08,138,1,0.0,0.0,0.0,0.0
R02,08,139,1,0.0,0.0,0.0,0.0
R02,08,140,1,0.0,0.0,0.0,0.0
R02,08,141,1,0.0,0.0,0.0,0.0
R02,08,142,1,0.0,0.0,0.0,0.0
R02,08,143,1,0.0,0.0,0.0,0.0
R02,08,144,1,0.0,0.0,0.0,0.0
R02,08,145,1,0.0,0.0,0.0,0.0
R02,08,146,1,0.0,0.0,0.0,0.0
R02,08,147,1,0.0,0.0,0.0,0.0
R02,08,148,1,0.0,0.0,0.0,0.0
R02,08,149,1,0.0,0.0,0.0,0.0
R02,08,150,1,0.0,0.0,0.0,0.0
R02,08,151,1,0.0,0.0,0.0,0.0
R02,08,152,1,0.0,0.0,0.0,0.0
R02,08,153,1,0.0,0.0,0.0,0.0
R02,08,154,1,0.0,0.0,0.0,0.0
R02,08,155,1,0.0,0.0,0.0,0.0
R02,08,156,1,0.0,0.0,0.0,0.0
R02,08,157,1,0.0,0.0,0.0,0.0
R02,08,158,1,0.0,0.0,0.0,0.0
R02,08,159,1,0.0,0.0,0.0,0.0
R02,08,160,1,0.0,0.0,0.0,0.0
R02,08,161,1,0.0,0.0,0.0,0.0
R02,08,162,1,0.0,0.0,0.0,0.0
R02,08,163,1,0.0,0.0,0.0,0.0
R02,08,164,1,0.0,0.0,0.0,0.0
R02,08,165,1,0.0,0.0,0.0,0.0
R02,08,166,0,0.0,0.0,0.0,0.0
R02,08,167,0,0.0,0.0,0.0,0.0
R02,08,168,0,0.0,0.0,0.0,0.0
R02,08,169,0,0.0,0.0,0.0,0.0
R02,08,170,0,0.0,0.0,0.0,0.0
R02,08,171,0,0.0,0.0,0.0,0.0
R02,08,172,0,0.0,0.0,0.0,0.0
R02,08,173,0,0.0,0.0,0.0,0.0
R02,08,174,0,0.0,0.0,0.0,0.0
R02,08,175,0,0.0,0.0,0.0,0.0
R02,08,176,0,0.0,0.0,0.0,0.0
R02,08,177,0,0.0,0.0,0.0,0.0
R02,08,178,0,0.0,0.0,0.0,0.0
R02,08,179,0,0.0,0.0,0.0,0.0
R02,08,180,0,0.0,0.0,0.0,0.0
R02,08,181,0,0.0,0.0,0.0,0.0
R02,08,182,0,0.0,0.0,0.0,0.0
R02,08,183,0,0.0,0.0,0.0,0.0
R02,08,184,0,0.0,0.0,0.0,0.0
R02,08,185,0,0.0,0.0,0.0,0.0
R02,08,186,0,0.0,0.0,0.0,0.0
R02,08,187,0,0.0,0.0,0.0,0.0
R02,08,188,0,0.0,0.0,0.0,0.0
R02,08,189,0,0.0,0.0,0.0,0.0
R02,08,190,0,0.0,0.0,0.0,0.0
R02,08,191,0,0.0,0.0,0.0,0.0
R02,08,192,0,0.0,0.0,0.0,0.0
R02,08,193,0,0.0,0.0,0.0,0.0
R02,08,194,0,0.0,0.0,0.0,0.0
R02,08,195,0,0.0,0.0,0.0,0.0
R02,08,196,0,0.0,0.0,0.0,0.0
R02,08,197,0,0.0,0.0,0.0,0.0
R02,08,198,0,0.0,0.0,0.0,0.0
R02,08,199,0,0.0,0.0,0.0,0.0
R02,08,200,0,0.0,0.0,0.0,0.0
R02,08,201,0,0.0,0.0,0.0,0.0
R02,08,202,0,0.0,0.0,0.0,0.0
R02,08,203,0,0.0,0.0,0.0,0.0
R02,08,204,0,0.0,0.0,0.0,0.0
R02,08,205,0,0.0,0.0,0.0,0.0
R02,08,206,0,0.0,0.0,0.0,0.0
R02,08,207,0,0.0,0.0,0.0,0.0
R02,08,208,0,0.0,0.0,0.0,0.0
R02,08,209,0,0.0,0.0,0.0,0.0
R02,08,210,0,0.0,0.0,0.0,0.0
R02,08,211,0,0.0,0.0,0.0,0.0
R02,08,212,0,0.0,0.0,0.0,0.0
R02,08,213,0,0.0,0.0,0.0,0.0
R02,08,214,0,0.0,0.0,0.0,0.0
R02,08,215,0,0.0,0.0,0.0,0.0
R02,08,216,0,0.0,0.0,0.0,0.0
R02,08,217,0,0.0,0.0,0.0,0.0
R02,08,218,0,0.0,0.0,0.0,0.0
R02,08,219,0,0.0,0.0,0.0,0.0
R02,08,220,0,0.0,0.0,0.0,0.0
R02,08,221,0,0.0,0.0,0.0,0.0
R02,08,222,0,0.0,0.0,0.0,0.0
R02,08,223,0,0.0,0.0,0.0,0.0
R02,08,224,0,0.0,0.0,0.0,0.0
R02,08,225,0,0.0,0.0,0.0,0.0
R02,08,226,0,0.0,0.0,0.0,0.0
R02,08,227,0,0.0,0.0,0.0,0.0
R02,08,228,0,0.0,0.0,0.0,0.0
R02,08,229,0,0.0,0.0,0.0,0.0
R02,08,230,0,0.0,0.0,0.0,0.0
R02,08,231,0,0.0,0.0,0.0,0.0
R02,08,232,0,0.0,0.0,0.0,0.0
R02,08,233,0,0.0,0.0,0.0,0.0
R02,08,234,0,0.0,0.0,0.0,0.0
R02,08,235,0,0.0,0.0,0.0,0.0
R02,08,236,0,0.0,0.0,0.0,0.0
R02,08,237,0,0.0,0.0,0.0,0.0
R02,08,238,0,0.0,0.0,0.0,0.0
R02,08,239,0,0.0,0.0,0.0,0.0
R02,08,240,0,0.0,0.0,0.0,0.0
R02,08,241,0,0.0,0.0,0.0,0.0
R02,08,242,0,0.0,0.0,0.0,0.0
R02,08,243,0,0.0,0.0,0.0,0.0
R02,08,244,0,0.0,0.0,0.0,0.0
R02,08,245,0,0.0,0.0,0.0,0.0
R02,08,246,0,0.0,0.0,0.0,0.0
R02,08,247,0,0.0,0.0,0.0,0.0
R02,08,248,0,0.0,0.0,0.0,0.0
R02,08,249,0,0.0,0.0,0.0,0.0
R02,08,250,0,0.0,0.0,0.0,0.0
R02,08,251,0,0.0,0.0,0.0,0.0
R02,08,252,0,0.0,0.0,0.0,0.0
R02,08,253,0,0.0,0.0,0.0,0.0
R02,08,254,0,0.0,0.0,0.0,0.0
R02,08,255,0,0.0,0.0,0.0,0.0
R02,08,256,0,0.0,0.0,0.0,0.0
R02,08,257,0,0.0,0.0,0.0,0.0
R02,08,258,0,0.0,0.0,0.0,0.0
R02,08,259,0,0.0,0.0,0.0,0.0
R02,08,260,0,0.0,0.0,0.0,0.0
R02,08,261,0,0.0,0.0,0.0,0.0
R02,08,262,0,0.0,0.0,0.0,0.0
R02,08,263,0,0.0,0.0,0.0,0.0
R02,08,264,0,0.0,0.0,0.0,0.0
R02,08,265,1,0.0,0.0,0.0,0.0
R02,08,266,1,0.0,0.0,0.0,0.0
R02,08,267,1,0.0,0.0,0.0,0.0
R02,08,268,1,0.0,0.0,0.0,0.0
R02,08,269,1,0.0,0.0,0.0,0.0
R02,08,270,1,0.0,0.0,0.0,0.0
R02,08,271,1,0.0,0.0,0.0,0.0
R02,08,272,1,0.0,0.0,0.0,0.0
R02,08,273,1,0.0,0.0,0.0,0.0
R02,08,274,1,0.0,0.0,0.0,0.0
R02,08,275,1,0.0,0.0,0.0,0.0
R02,08,276,1,0.0,0.0,0.0,0.0
R02,08,277,1,0.0,0.0,0.0,0.0
R02,08,278,1,0.0,0.0,0.0,0.0
R02,08,279,1,0.0,0.0,0.0,0.0
R02,08,280,1,0.0,0.0,0.0,0.0
R02,08,281,1,0.0,0.0,0.0,0.0
R02,08,282,1,0.0,0.0,0.0,0.0
R02,08,283,1,0.0,0.0,0.0,0.0
R02,08,284,1,0.0,0.0,0.0,0.0
R02,08,285,1,0.0,0.0,0.0,0.0
R02,08,286,1,0.0,0.0,0.0,0.0
R02,08,287,1,0.0,0.0,0.0,0.0
R02,08,288,1,0.0,0.0,0.0,0.0
R02,08,289,1,0.0,0.0,0.0,0.0
R02,08,290,0,0.0,0.0,0.0,0.0
R02,08,291,0,0.0,0.0,0.0,0.0
R02,08,292,0,0.0,0.0,0.0,0.0
R02,08,293,0,0.0,0.0,0.0,0.0
R02,08,294,0,0.0,0.0,0.0,0.0
R02,08,295,0,0.0,0.0,0.0,0.0
R02,08,296,0,0.0,0.0,0.0,0.0
R02,08,297,0,0.0,0.0,0.0,0.0
R02,08,298,0,0.0,0.0,0.0,0.0
R02,08,299,0,0.0,0.0,0.0,0.0
R02,08,300,0,0.0,0.0,0.0,0.0
R02,08,301,0,0.0,0.0,0.0,0.0
R02,08,302,0,0.0,0.0,0.0,0.0
R02,08,303,0,0.0,0.0,0.0,0.0
R02,08,304,0,0.0,0.0,0.0,0.0
R02,08,305,0,0.0,0.0,0.0,0.0
R02,08,306,0,0.0,0.0,0.0,0.0
R02,08,307,0,0.0,0.0,0.0,0.0
R02,08,308,0,0.0,0.0,0.0,0.0
R02,08,309,0,0.0,0.0,0.0,0.0
R02,08,310,0,0.0,0.0,0.0,0.0
R02,08,311,0,0.0,0.0,0.0,0.0
R02,08,312,0,0.0,0.0,0.0,0.0
R02,08,313,0,0.0,0.0,0.0,0.0
R02,08,314,0,0.0,0.0,0.0,0.0
R02,08,315,0,0.0,0.0,0.0,0.0
R02,08,316,0,0.0,0.0,0.0,0.0
R02,08,317,0,0.0,0.0,0.0,0.0
R02,08,318,0,0.0,0.0,0.0,0.0
R02,08,319,0,0.0,0.0,0.0,0.0
R02,08,320,0,0.0,0.0,0.0,0.0
R02,08,321,0,0.0,0.0,0.0,0.0
R02,08,322,0,0.0,0.0,0.0,0.0
R02,08,323,0,0.0,0.0,0.0,0.0
R02,08,324,0,0.0,0.0,0.0,0.0
R02,08,325,0,0.0,0.0,0.0,0.0
R02,08,326,0,0.0,0.0,0.0,0.0
R02,08,327,0,0.0,0.0,0.0,0.0
R02,08,328,0,0.0,0.0,0.0,0.0
R02,08,329,0,0.0,0.0,0.0,0.0
R02,08,330,0,0.0,0.0,0.0,0.0
R02,08,331,0,0.0,0.0,0.0,0.0
R02,08,332,0,0.0,0.0,0.0,0.0
R02,08,333,0,0.0,0.0,0.0,0.0
R02,08,334,0,0.0,0.0,0.0,0.0
R02,08,335,0,0.0,0.0,0.0,0.0
R02,08,336,0,0.0,0.0,0.0,0.0
R02,08,337,0,0.0,0.0,0.0,0.0
R02,08,338,0,0.0,0.0,0.0,0.0
R02,08,339,0,0.0,0.0,0.0,0.0
R02,08,340,0,0.0,0.0,0.0,0.0
R02,08,341,0,0.0,0.0,0.0,0.0
R02,08,342,0,0.0,0.0,0.0,0.0
R02,08,343,0,0.0,0.0,0.0,0.0
R02,08,344,0,0.0,0.0,0.0,0.0
R02,08,345,0,0.0,0.0,0.0,0.0
R02,08,346,0,0.0,0.0,0.0,0.0
R02,08,347,0,0.0,0.0,0.0,0.0
R02,08,348,0,0.0,0.0,0.0,0.0
R02,08,349,0,0.0,0.0,0.0,0.0
R02,08,350,0,0.0,0.0,0.0,0.0
R02,08,351,0,0.0,0.0,0.0,0.0
R02,08,352,0,0.0,0.0,0.0,0.0
R02,08,353,0,0.0,0.0,0.0,0.0
R02,08,354,0,0.0,0.0,0.0,0.0
R02,08,355,0,0.0,0.0,0.0,0.0
R02,08,356,0,0.0,0.0,0.0,0.0
R02,08,357,0,0.0,0.0,0.0,0.0
R02,08,358,0,0.0,0.0,0.0,0.0
R02,08,359,0,0.0,0.0,0.0,0.0
R02,08,360,0,0.0,0.0,0.0,0.0
R02,08,361,0,0.0,0.0,0.0,0.0
R02,08,362,0,0.0,0.0,0.0,0.0
R02,08,363,0,0.0,0.0,0.0,0.0
R02,08,364,0,0.0,0.0,0.0,0.0
R02,08,365,0,0.0,0.0,0.0,0.0
R02,08,366,0,0.0,0.0,0.0,0.0
R02,08,367,0,0.0,0.0,0.0,0.0
R02,08,368,0,0.0,0.0,0.0,0.0
R02,08,369,0,0.0,0.0,0.0,0.0
R02,08,370,0,0.0,0.0,0.0,0.0
R02,08,371,0,0.0,0.0,0.0,0.0
R02,08,372,0,0.0,0.0,0.0,0.0
R02,08,373,0,0.0,0.0,0.0,0.0
R02,08,374,0,0.0,0.0,0.0,0.0
R02,08,375,0,0.0,0.0,0.0,0.0
R02,08,376,0,0.0,0.0,0.0,0.0
R02,08,377,0,0.0,0.0,0.0,0.0
R02,08,378,0,0.0,0.0,0.0,0.0
R02,08,379,0,0.0,0.0,0.0,0.0
R02,08,380,0,0.0,0.0,0.0,0.0
R02,08,381,0,0.0,0.0,0.0,0.0
R02,08,382,0,0.0,0.0,0.0,0.0
R02,08,383,0,0.0,0.0,0.0,0.0
R02,08,384,0,0.0,0.0,0.0,0.0
R02,08,385,0,0.0,0.0,0.0,0.0
R02,08,386,0,0.0,0.0,0.0,0.0
R02,08,387,0,0.0,0.0,0.0,0.0
R02,08,388,0,0.0,0.0,0.0,0.0
R02,08,389,0,0.0,0.0,0.0,0.0
R02,08,390,0,0.0,0.0,0.0,0.0
R02,08,391,0,0.0,0.0,0.0,0.0
R02,08,392,0,0.0,0.0,0.0,0.0
R02,08,393,0,0.0,0.0,0.0,0.0
R02,08,394,0,0.0,0.0,0.0,0.0
R02,08,395,0,0.0,0.0,0.0,0.0
R02,08,396,0,0.0,0.0,0.0,0.0
R02,08,397,0,0.0,0.0,0.0,0.0
R02,08,398,0,0.0,0.0,0.0,0.0
R02,08,399,0,0.0,0.0,0.0,0.0
R02,08,400,0,0.0,0.0,0.0,0.0
R02,08,401,0,0.0,0.0,0.0,0.0
R02,08,402,0,0.0,0.0,0.0,0.0
R02,08,403,0,0.0,0.0,0.0,0.0
R02,08,404,0,0.0,0.0,0.0,0.0
R02,08,405,0,0.0,0.0,0.0,0.0
R02,08,406,0,0.0,0.0,0.0,0.0
R02,08,407,0,0.0,0.0,0.0,0.0
R02,08,408,0,0.0,0.0,0.0,0.0
R02,08,409,0,0.0,0.0,0.0,0.0
R02,08,410,0,0.0,0.0,0.0,0.0
R02,08,411,0,0.0,0.0,0.0,0.0
R02,08,412,0,0.0,0.0,0.0,0.0
R02,08,413,0,0.0,0.0,0.0,0.0
R02,08,414,0,0.0,0.0,0.0,0.0
R02,08,415,0,0.0,0.0,0.0,0.0
R02,08,416,0,0.0,0.0,0.0,0.0
R02,08,417,0,0.0,0.0,0.0,0.0
R02,08,418,0,0.0,0.0,0.0,0.0
R02,08,419,0,0.0,0.0,0.0,0.0
R02,08,420,0,0.0,0.0,0.0,0.0
R02,08,421,0,0.0,0.0,0.0,0.0
R02,08,422,0,0.0,0.0,0.0,0.0
R02,08,423,0,0.0,0.0,0.0,0.0
R02,08,424,0,0.0,0.0,0.0,0.0
R02,08,425,0,0.0,0.0,0.0,0.0
R02,08,426,0,0.0,0.0,0.0,0.0
R02,08,427,0,0.0,0.0,0.0,0.0
R02,08,428,0,0.0,0.0,0.0,0.0
R02,08,429,0,0.0,0.0,0.0,0.0
R02,08,430,0,0.0,0.0,0.0,0.0
R02,08,431,0,0.0,0.0,0.0,0.0
R02,08,432,0,0.0,0.0,0.0,0.0
R02,08,433,0,0.0,0.0,0.0,0.0
R02,08,434,0,0.0,0.0,0.0,0.0
R02,08,435,0,0.0,0.0,0.0,0.0
R02,08,436,0,0.0,0.0,0.0,0.0
R02,08,437,0,0.0,0.0,0.0,0.0
R02,08,438,0,0.0,0.0,0.0,0.0
R02,08,439,0,0.0,0.0,0.0,0.0
R02,08,440,0,0.0,0.0,0.0,0.0
R02,08,441,0,0.0,0.0,0.0,0.0
R02,08,442,0,0.0,0.0,0.0,0.0
R02,08,443,0,0.0,0.0,0.0,0.0
R02,08,444,0,0.0,0.0,0.0,0.0
R02,08,445,0,0.0,0.0,0.0,0.0
R02,08,446,0,0.0,0.0,0.0,0.0
R02,08,447,0,0.0,0.0,0.0,0.0
R02,08,448,0,0.0,0.0,0.0,0.0
R02,08,449,0,0.0,0.0,0.0,0.0
R02,08,450,0,0.0,0.0,0.0,0.0
R02,08,451,0,0.0,0.0,0.0,0.0
R02,08,452,0,0.0,0.0,0.0,0.0
R02,08,453,0,0.0,0.0,0.0,0.0
R02,08,454,0,0.0,0.0,0.0,0.0
R02,08,455,0,0.0,0.0,0.0,0.0
R02,08,456,0,0.0,0.0,0.0,0.0
R02,08,457,0,0.0,0.0,0.0,0.0
R02,08,458,0,0.0,0.0,0.0,0.0
R02,08,459,0,0.0,0.0,0.0,0.0
R02,08,460,0,0.0,0.0,0.0,0.0
R02,08,461,0,0.0,0.0,0.0,0.0
R02,08,462,0,0.0,0.0,0.0,0.0
R02,08,463,0,0.0,0.0,0.0,0.0
R02,08,464,0,0.0,0.0,0.0,0.0
R02,08,465,0,0.0,0.0,0.0,0.0
R02,08,466,0,0.0,0.0,0.0,0.0
R02,08,467,0,0.0,0.0,0.0,0.0
R02,08,468,0,0.0,0.0,0.0,0.0
R02,08,469,0,0.0,0.0,0.0,0.0
R02,08,470,0,0.0,0.0,0.0,0.0
R02,08,471,0,0.0,0.0,0.0,0.0
R02,08,472,0,0.0,0.0,0.0,0.0
R02,08,473,0,0.0,0.0,0.0,0.0
R02,08,474,0,0.0,0.0,0.0,0.0
R02,08,475,0,0.0,0.0,0.0,0.0
R02,08,476,0,0.0,0.0,0.0,0.0
R02,08,477,0,0.0,0.0,0.0,0.0
R02,08,478,0,0.0,0.0,0.0,0.0
R02,08,479,0,0.0,0.0,0.0,0.0
R02,08,480,0,0.0,0.0,0.0,0.0
R02,08,481,0,0.0,0.0,0.0,0.0
R02,08,482,0,0.0,0.0,0.0,0.0
R02,08,483,0,0.0,0.0,0.0,0.0
R02,08,484,0,0.0,0.0,0.0,0.0
R02,08,485,0,0.0,0.0,0.0,0.0
R02,08,486,0,0.0,0.0,0.0,0.0
R02,08,487,0,0.0,0.0,0.0,0.0
R02,08,488,0,0.0,0.0,0.0,0.0
R02,08,489,0,0.0,0.0,0.0,0.0
R02,08,490,0,0.0,0.0,0.0,0.0
R02,08,491,0,0.0,0.0,0.0,0.0
R02,08,492,0,0.0,0.0,0.0,0.0
R02,08,493,0,0.0,0.0,0.0,0.0
R02,08,494,0,0.0,0.0,0.0,0.0
R02,08,495,0,0.0,0.0,0.0,0.0
R02,08,496,1,0.0,0.0,0.0,0.0
R02,08,497,1,0.0,0.0,0.0,0.0
R02,08,498,1,0.0,0.0,0.0,0.0
R02,08,499,1,0.0,0.0,0.0,0.0
R02,08,500,1,0.0,0.0,0.0,0.0
R02,08,501,1,0.0,0.0,0.0,0.0
R02,08,502,1,0.0,0.0,0.0,0.0
R02,08,503,1,0.0,0.0,0.0,0.0
R02,08,504,1,0.0,0.0,0.0,0.0
R02,08,505,1,0.0,0.0,0.0,0.0
R02,08,506,1,0.0,0.0,0.0,0.0
R02,08,507,1,0.0,0.0,0.0,0.0
R02,08,508,1,0.0,0.0,0.0,0.0
R02,08,509,1,0.0,0.0,0.0,0.0
R02,08,510,1,0.0,0.0,0.0,0.0
R02,08,511,1,0.0,0.0,0.0,0.0
R02,08,512,1,0.0,0.0,0.0,0.0
R02,08,513,1,0.0,0.0,0.0,0.0
R02,08,514,1,0.0,0.0,0.0,0.0
R02,08,515,1,0.0,0.0,0.0,0.0
R02,08,516,1,0.0,0.0,0.0,0.0
R02,08,517,1,0.0,0.0,0.0,0.0
R02,08,518,1,0.0,0.0,0.0,0.0
R02,08,519,1,0.0,0.0,0.0,0.0
R02,08,520,1,0.0,0.0,0.0,0.0
R02,08,521,1,0.0,0.0,0.0,0.0
R02,08,522,1,0.0,0.0,0.0,0.0
R02,08,523,1,0.0,0.0,0.0,0.0
R02,08,524,1,0.0,0.0,0.0,0.0
R02,08,525,1,0.0,0.0,0.0,0.0
R02,08,526,1,0.0,0.0,0.0,0.0
R02,08,527,1,0.0,0.0,0.0,0.0
R02,08,528,1,0.0,0.0,0.0,0.0
R02,08,529,1,0.0,0.0,0.0,0.0
R02,08,530,1,0.0,0.0,0.0,0.0
R02,08,531,1,0.0,0.0,0.0,0.0
R02,08,532,1,0.0,0.0,0.0,0.0
R02,08,533,1,0.0,0.0,0.0,0.0
R02,08,534,1,0.0,0.0,0.0,0.0
R02,08,535,1,0.0,0.0,0.0,0.0
R02,08,536,1,0.0,0.0,0.0,0.0
R02,08,537,1,0.0,0.0,0.0,0.0
R02,08,538,1,0.0,0.0,0.0,0.0
R02,08,539,1,0.0,0.0,0.0,0.0
R02,08,540,1,0.0,0.0,0.0,0.0
R02,08,541,1,0.0,0.0,0.0,0.0
R02,08,542,1,0.0,0.0,0.0,0.0
R02,08,543,1,0.0,0.0,0.0,0.0
R02,08,544,1,0.0,0.0,0.0,0.0
R02,08,545,1,0.0,0.0,0.0,0.0
R02,08,546,1,0.0,0.0,0.0,0.0
R02,08,547,1,0.0,0.0,0.0,0.0
R02,08,548,1,0.0,0.0,0.0,0.0
R02,08,549,1,0.0,0.0,0.0,0.0
R02,08,550,1,0.0,0.0,0.0,0.0
R02,08,551,1,0.0,0.0,0.0,0.0
R02,08,552,1,0.0,0.0,0.0,0.0
R02,08,553,1,0.0,0.0,0.0,0.0
R02,08,554,1,0.0,0.0,0.0,0.0
R02,08,555,1,0.0,0.0,0.0,0.0
R02,08,556,1,0.0,0.0,0.0,0.0
R02,08,557,1,0.0,0.0,0.0,0.0
R02,08,558,1,0.0,0.0,0.0,0.0
R02,08,559,0,0.0,0.0,0.0,0.0
R02,08,560,0,0.0,0.0,0.0,0.0
R02,08,561,0,0.0,0.0,0.0,0.0
R02,08,562,0,0.0,0.0,0.0,0.0
R02,08,563,0,0.0,0.0,0.0,0.0
R02,08,564,0,0.0,0.0,0.0,0.0
R02,08,565,0,0.0,0.0,0.0,0.0
R02,08,566,0,0.0,0.0,0.0,0.0
R02,08,567,0,0.0,0.0,0.0,0.0
R02,08,568,0,0.0,0.0,0.0,0.0
R02,08,569,0,0.0,0.0,0.0,0.0
R02,08,570,0,0.0,0.0,0.0,0.0
R02,08,571,0,0.0,0.0,0.0,0.0
R02,08,572,0,0.0,0.0,0.0,0.0
R02,08,573,0,0.0,0.0,0.0,0.0
R02,08,574,0,0.0,0.0,0.0,0.0
R02,08,575,0,0.0,0.0,0.0,0.0
R02,08,576,0,0.0,0.0,0.0,0.0
R02,08,577,0,0.0,0.0,0.0,0.0
R02,08,578,0,0.0,0.0,0.0,0.0
R02,08,579,0,0.0,0.0,0.0,0.0
R02,08,580,0,0.0,0.0,0.0,0.0
R02,08,581,0,0.0,0.0,0.0,0.0
R02,08,582,0,0.0,0.0,0.0,0.0
R02,08,583,0,0.0,0.0,0.0,0.0
R02,08,584,0,0.0,0.0,0.0,0.0
R02,08,585,0,0.0,0.0,0.0,0.0
R02,08,586,0,0.0,0.0,0.0,0.0
R02,08,587,0,0.0,0.0,0.0,0.0
R02,08,588,0,0.0,0.0,0.0,0.0
R02,08,589,0,0.0,0.0,0.0,0.0
R02,08,590,0,0.0,0.0,0.0,0.0
R02,08,591,0,0.0,0.0,0.0,0.0
R02,08,592,0,0.0,0.0,0.0,0.0
R02,08,593,0,0.0,0.0,0.0,0.0
R02,08,594,0,0.0,0.0,0.0,0.0
R02,08,595,0,0.0,0.0,0.0,0.0
R02,08,596,0,0.0,0.0,0.0,0.0
R02,08,597,0,0.0,0.0,0.0,0.0
R02,08,598,0,0.0,0.0,0.0,0.0
R02,08,599,0,0.0,0.0,0.0,0.0
R02,08,600,0,0.0,0.0,0.0,0.0
R02,08,601,0,0.0,0.0,0.0,0.0
R02,08,602,0,0.0,0.0,0.0,0.0
R02,08,603,0,0.0,0.0,0.0,0.0
R02,08,604,0,0.0,0.0,0.0,0.0
R02,08,605,0,0.0,0.0,0.0,0.0
R02,08,606,0,0.0,0.0,0.0,0.0
R02,08,607,0,0.0,0.0,0.0,0.0
R02,08,608,0,0.0,0.0,0.0,0.0
R02,08,609,0,0.0,0.0,0.0,0.0
R02,08,610,0,0.0,0.0,0.0,0.0
R02,08,611,0,0.0,0.0,0.0,0.0
R02,08,612,0,0.0,0.0,0.0,0.0
R02,08,613,0,0.0,0.0,0.0,0.0
R02,08,614,0,0.0,0.0,0.0,0.0
R02,08,615,0,0.0,0.0,0.0,0.0
R02,08,616,0,0.0,0.0,0.0,0.0
R02,08,617,0,0.0,0.0,0.0,0.0
R02,08,618,0,0.0,0.0,0.0,0.0
R02,08,619,0,0.0,0.0,0.0,0.0
R02,08,620,0,0.0,0.0,0.0,0.0
R02,08,621,0,0.0,0.0,0.0,0.0
R02,08,622,0,0.0,0.0,0.0,0.0
R02,08,623,0,0.0,0.0,0.0,0.0
R02,08,624,0,0.0,0.0,0.0,0.0
R02,08,625,0,0.0,0.0,0.0,0.0
R02,08,626,0,0.0,0.0,0.0,0.0
R02,08,627,0,0.0,0.0,0.0,0.0
R02,08,628,0,0.0,0.0,0.0,0.0
R02,08,629,0,0.0,0.0,0.0,0.0
R02,08,630,0,0.0,0.0,0.0,0.0
R02,08,631,0,0.0,0.0,0.0,0.0
R02,08,632,0,0.0,0.0,0.0,0.0
R02,08,633,0,0.0,0.0,0.0,0.0
R02,08,634,0,0.0,0.0,0.0,0.0
R02,08,635,0,0.0,0.0,0.0,0.0
R02,08,636,0,0.0,0.0,0.0,0.0
R02,08,637,0,0.0,0.0,0.0,0.0
R02,08,638,0,0.0,0.0,0.0,0.0
R02,08,639,0,0.0,0.0,0.0,0.0
R02,08,640,0,0.0,0.0,0.0,0.0
R02,08,641,0,0.0,0.0,0.0,0.0
R02,08,642,0,0.0,0.0,0.0,0.0
R02,08,643,0,0.0,0.0,0.0,0.0
R02,08,644,0,0.0,0.0,0.0,0.0
R02,08,645,0,0.0,0.0,0.0,0.0
R02,08,646,0,0.0,0.0,0.0,0.0
R02,08,647,0,0.0,0.0,0.0,0.0
R02,08,648,0,0.0,0.0,0.0,0.0
R02,08,649,0,0.0,0.0,0.0,0.0
R02,08,650,0,0.0,0.0,0.0,0.0
R02,08,651,0,0.0,0.0,0.0,0.0
R02,08,652,0,0.0,0.0,0.0,0.0
R02,08,653,0,0.0,0.0,0.0,0.0
R02,08,654,0,0.0,0.0,0.0,0.0
R02,08,655,0,0.0,0.0,0.0,0.0
R02,08,656,0,0.0,0.0,0.0,0.0
R02,08,657,0,0.0,0.0,0.0,0.0
R02,08,658,0,0.0,0.0,0.0,0.0
R02,08,659,0,0.0,0.0,0.0,0.0
R02,08,660,0,0.0,0.0,0.0,0.0
R02,08,661,0,0.0,0.0,0.0,0.0
R02,08,662,0,0.0,0.0,0.0,0.0
R02,08,663,0,0.0,0.0,0.0,0.0
R02,08,664,0,0.0,0.0,0.0,0.0
R02,08,665,0,0.0,0.0,0.0,0.0
R02,08,666,0,0.0,0.0,0.0,0.0
R02,08,667,0,0.0,0.0,0.0,0.0
R02,08,668,0,0.0,0.0,0.0,0.0
R02,08,669,1,0.0,0.0,0.0,0.0
R02,08,670,1,0.0,0.0,0.0,0.0
R02,08,671,1,0.0,0.0,0.0,0.0
R02,08,672,1,0.0,0.0,0.0,0.0
R02,08,673,1,0.0,0.0,0.0,0.0
R02,08,674,1,0.0,0.0,0.0,0.0
R02,08,675,1,0.0,0.0,0.0,0.0
R02,08,676,1,0.0,0.0,0.0,0.0
R02,08,677,1,0.0,0.0,0.0,0.0
R02,08,678,1,0.0,0.0,0.0,0.0
R02,08,679,1,0.0,0.0,0.0,0.0
R02,08,680,1,0.0,0.0,0.0,0.0
R02,08,681,1,0.0,0.0,0.0,0.0
R02,08,682,1,0.0,0.0,0.0,0.0
R02,08,683,1,0.0,0.0,0.0,0.0
R02,08,684,1,0.0,0.0,0.0,0.0
R02,08,685,1,0.0,0.0,0.0,0.0
R02,08,686,1,0.0,0.0,0.0,0.0
R02,08,687,1,0.0,0.0,0.0,0.0
R02,08,688,1,0.0,0.0,0.0,0.0
R02,08,689,1,0.0,0.0,0.0,0.0
R02,08,690,1,0.0,0.0,0.0,0.0
R02,08,691,1,0.0,0.0,0.0,0.0
R02,08,692,1,0.0,0.0,0.0,0.0
R02,08,693,1,0.0,0.0,0.0,0.0
R02,08,694,1,0.0,0.0,0.0,0.0
R02,08,695,1,0.0,0.0,0.0,0.0
R02,08,696,1,0.0,0.0,0.0,0.0
R02,08,697,1,0.0,0.0,0.0,0.0
R02,08,698,1,0.0,0.0,0.0,0.0
R02,08,699,1,0.0,0.0,0.0,0.0
R02,08,700,1,0.0,0.0,0.0,0.0
R02,08,701,1,0.0,0.0,0.0,0.0
R02,08,702,1,0.0,0.0,0.0,0.0
R02,08,703,1,0.0,0.0,0.0,0.0
R02,08,704,1,0.0,0.0,0.0,0.0
R02,08,705,1,0.0,0.0,0.0,0.0
R02,08,706,1,0.0,0.0,0.0,0.0
R02,08,707,1,0.0,0.0,0.0,0.0
R02,08,708,1,0.0,0.0,0.0,0.0
R02,08,709,1,0.0,0.0,0.0,0.0
R02,08,710,1,0.0,0.0,0.0,0.0
R02,08,711,1,0.0,0.0,0.0,0.0
R02,08,712,1,0.0,0.0,0.0,0.0
R02,08,713,1,0.0,0.0,0.0,0.0
R02,08,714,1,0.0,0.0,0.0,0.0
R02,08,715,1,0.0,0.0,0.0,0.0
R02,08,716,1,0.0,0.0,0.0,0.0
R02,08,717,1,0.0,0.0,0.0,0.0
R02,08,718,1,0.0,0.0,0.0,0.0
R02,08,719,1,0.0,0.0,0.0,0.0
R02,08,720,1,0.0,0.0,0.0,0.0
R02,08,721,1,0.0,0.0,0.0,0.0
R02,08,722,1,0.0,0.0,0.0,0.0
R02,08,723,1,0.0,0.0,0.0,0.0
R02,08,724,1,0.0,0.0,0.0,0.0
R02,08,725,1,0.0,0.0,0.0,0.0
R02,08,726,1,0.0,0.0,0.0,0.0
R02,08,727,0,0.0,0.0,0.0,0.0
R02,08,728,0,0.0,0.0,0.0,0.0
R02,08,729,0,0.0,0.0,0.0,0.0
R02,08,730,0,0.0,0.0,0.0,0.0
R02,08,731,0,0.0,0.0,0.0,0.0
R02,08,732,0,0.0,0.0,0.0,0.0
R02,08,733,0,0.0,0.0,0.0,0.0
R02,08,734,0,0.0,0.0,0.0,0.0
R02,08,735,0,0.0,0.0,0.0,0.0
R02,08,736,0,0.0,0.0,0.0,0.0
R02,08,737,0,0.0,0.0,0.0,0.0
R02,08,738,0,0.0,0.0,0.0,0.0
R02,08,739,0,0.0,0.0,0.0,0.0
R02,08,740,0,0.0,0.0,0.0,0.0
R02,08,741,0,0.0,0.0,0.0,0.0
R02,08,742,0,0.0,0.0,0.0,0.0
R02,08,743,0,0.0,0.0,0.0,0.0
R02,08,744,0,0.0,0.0,0.0,0.0
R02,08,745,0,0.0,0.0,0.0,0.0
R02,08,746,0,0.0,0.0,0.0,0.0
R02,08,747,0,0.0,0.0,0.0,0.0
R02,08,748,0,0.0,0.0,0.0,0.0
R02,08,749,0,0.0,0.0,0.0,0.0
R02,08,750,0,0.0,0.0,0.0,0.0
R02,08,751,0,0.0,0.0,0.0,0.0
R02,08,752,0,0.0,0.0,0.0,0.0
R02,08,753,0,0.0,0.0,0.0,0.0
R02,08,754,0,0.0,0.0,0.0,0.0
R02,08,755,0,0.0,0.0,0.0,0.0
R02,08,756,0,0.0,0.0,0.0,0.0
R02,08,757,0,0.0,0.0,0.0,0.0
R02,08,758,0,0.0,0.0,0.0,0.0
R02,08,759,0,0.0,0.0,0.0,0.0
R02,08,760,0,0.0,0.0,0.0,0.0
R02,08,761,0,0.0,0.0,0.0,0.0
R02,08,762,0,0.0,0.0,0.0,0.0
R02,08,763,0,0.0,0.0,0.0,0.0
R02,08,764,0,0.0,0.0,0.0,0.0
R02,08,765,0,0.0,0.0,0.0,0.0
R02,08,766,0,0.0,0.0,0.0,0.0
R02,08,767,0,0.0,0.0,0.0,0.0
R02,08,768,0,0.0,0.0,0.0,0.0
R02,08,769,0,0.0,0.0,0.0,0.0
R02,08,770,0,0.0,0.0,0.0,0.0
R02,08,771,0,0.0,0.0,0.0,0.0
R02,08,772,0,0.0,0.0,0.0,0.0
R02,08,773,0,0.0,0.0,0.0,0.0
R02,08,774,0,0.0,0.0,0.0,0.0
R02,08,775,0,0.0,0.0,0.0,0.0
R02,08,776,0,0.0,0.0,0.0,0.0
R02,08,777,0,0.0,0.0,0.0,0.0
R02,08,778,0,0.0,0.0,0.0,0.0
R02,08,779,0,0.0,0.0,0.0,0.0
R02,08,780,0,0.0,0.0,0.0,0.0
R02,08,781,0,0.0,0.0,0.0,0.0
R02,08,782,0,0.0,0.0,0.0,0.0
R02,08,783,0,0.0,0.0,0.0,0.0
R02,09,0,0,0.0,0.0,0.0,0.0
R02,09,1,0,0.0,0.0,0.0,0.0
R02,09,2,0,0.0,0.0,0.0,0.0
R02,09,3,0,0.0,0.0,0.0,0.0
R02,09,4,0,0.0,0.0,0.0,0.0
R02,09,5,0,0.0,0.0,0.0,0.0
R02,09,6,0,0.0,0.0,0.0,0.0
R02,09,7,0,0.0,0.0,0.0,0.0
R02,09,8,0,0.0,0.0,0.0,0.0
R02,09,9,0,0.0,0.0,0.0,0.0
R02,09,10,0,0.0,0.0,0.0,0.0
R02,09,11,0,0.0,0.0,0.0,0.0
R02,09,12,0,0.0,0.0,0.0,0.0
R02,09,13,0,0.0,0.0,0.0,0.0
R02,09,14,0,0.0,0.0,0.0,0.0
R02,09,15,0,0.0,0.0,0.0,0.0
R02,09,16,0,0.0,0.0,0.0,0.0
R02,09,17,0,0.0,0.0,0.0,0.0
R02,09,18,0,0.0,0.0,0.0,0.0
R02,09,19,0,0.0,0.0,0.0,0.0
R02,09,20,0,0.0,0.0,0.0,0.0
R02,09,21,0,0.0,0.0,0.0,0.0
R02,09,22,0,0.0,0.0,0.0,0.0
R02,09,23,0,0.0,0.0,0.0,0.0
R02,09,24,0,0.0,0.0,0.0,0.0
R02,09,25,0,0.0,0.0,0.0,0.0
R02,09,26,0,0.0,0.0,0.0,0.0
R02,09,27,0,0.0,0.0,0.0,0.0
R02,09,28,0,0.0,0.0,0.0,0.0
R02,09,29,0,0.0,0.0,0.0,0.0
R02,09,30,0,0.0,0.0,0.0,0.0
R02,09,31,0,0.0,0.0,0.0,0.0
R02,09,32,0,0.0,0.0,0.0,0.0
R02,09,33,0,0.0,0.0,0.0,0.0
R02,09,34,0,0.0,0.0,0.0,0.0
R02,09,35,0,0.0,0.0,0.0,0.0
R02,09,36,0,0.0,0.0,0.0,0.0
R02,09,37,0,0.0,0.0,0.0,0.0
R02,09,38,0,0.0,0.0,0.0,0.0
R02,09,39,0,0.0,0.0,0.0,0.0
R02,09,40,0,0.0,0.0,0.0,0.0
R02,09,41,0,0.0,0.0,0.0,0.0
R02,09,42,0,0.0,0.0,0.0,0.0
R02,09,43,0,0.0,0.0,0.0,0.0
R02,09,44,0,0.0,0.0,0.0,0.0
R02,09,45,0,0.0,0.0,0.0,0.0
R02,09,46,0,0.0,0.0,0.0,0.0
R02,09,47,0,0.0,0.0,0.0,0.0
R02,09,48,0,0.0,0.0,0.0,0.0
R02,09,49,0,0.0,0.0,0.0,0.0
R02,09,50,0,0.0,0.0,0.0,0.0
R02,09,51,0,0.0,0.0,0.0,0.0
R02,09,52,0,0.0,0.0,0.0,0.0
R02,09,53,0,0.0,0.0,0.0,0.0
R02,09,54,0,0.0,0.0,0.0,0.0
R02,09,55,0,0.0,0.0,0.0,0.0
R02,09,56,0,0.0,0.0,0.0,0.0
R02,09,57,0,0.0,0.0,0.0,0.0
R02,09,58,0,0.0,0.0,0.0,0.0
R02,09,59,0,0.0,0.0,0.0,0.0
R02,09,60,0,0.0,0.0,0.0,0.0
R02,09,61,0,0.0,0.0,0.0,0.0
R02,09,62,0,0.0,0.0,0.0,0.0
R02,09,63,0,0.0,0.0,0.0,0.0
R02,09,64,0,0.0,0.0,0.0,0.0
R02,09,65,0,0.0,0.0,0.0,0.0
R02,09,66,0,0.0,0.0,0.0,0.0
R02,09,67,0,0.0,0.0,0.0,0.0
R02,09,68,0,0.0,0.0,0.0,0.0
R02,09,69,0,0.0,0.0,0.0,0.0
R02,09,70,0,0.0,0.0,0.0,0.0
R02,09,71,0,0.0,0.0,0.0,0.0
R02,09,72,0,0.0,0.0,0.0,0.0
R02,09,73,0,0.0,0.0,0.0,0.0
R02,09,74,0,0.0,0.0,0.0,0.0
R02,09,75,0,0.0,0.0,0.0,0.0
R02,09,76,0,0.0,0.0,0.0,0.0
R02,09,77,0,0.0,0.0,0.0,0.0
R02,09,78,0,0.0,0.0,0.0,0.0
R02,09,79,0,0.0,0.0,0.0,0.0
R02,09,80,0,0.0,0.0,0.0,0.0
R02,09,81,0,0.0,0.0,0.0,0.0
R02,09,82,0,0.0,0.0,0.0,0.0
R02,09,83,0,0.0,0.0,0.0,0.0
R02,09,84,0,0.0,0.0,0.0,0.0
R02,09,85,0,0.0,0.0,0.0,0.0
R02,09,86,0,0.0,0.0,0.0,0.0
R02,09,87,0,0.0,0.0,0.0,0.0
R02,09,88,0,0.0,0.0,0.0,0.0
R02,09,89,0,0.0,0.0,0.0,0.0
R02,09,90,0,0.0,0.0,0.0,0.0
R02,09,91,0,0.0,0.0,0.0,0.0
R02,09,92,0,0.0,0.0,0.0,0.0
R02,09,93,0,0.0,0.0,0.0,0.0
R02,09,94,0,0.0,0.0,0.0,0.0
R02,09,95,0,0.0,0.0,0.0,0.0
R02,09,96,0,0.0,0.0,0.0,0.0
R02,09,97,0,0.0,0.0,0.0,0.0
R02,09,98,0,0.0,0.0,0.0,0.0
R02,09,99,0,0.0,0.0,0.0,0.0
R02,09,100,0,0.0,0.0,0.0,0.0
R02,09,101,0,0.0,0.0,0.0,0.0
R02,09,102,0,0.0,0.0,0.0,0.0
R02,09,103,0,0.0,0.0,0.0,0.0
R02,09,104,0,0.0,0.0,0.0,0.0
R02,09,105,0,0.0,0.0,0.0,0.0
R02,09,106,0,0.0,0.0,0.0,0.0
R02,09,107,0,0.0,0.0,0.0,0.0
R02,09,108,0,0.0,0.0,0.0,0.0
R02,09,109,0,0.0,0.0,0.0,0.0
R02,09,110,0,0.0,0.0,0.0,0.0
R02,09,111,0,0.0,0.0,0.0,0.0
R02,09,112,0,0.0,0.0,0.0,0.0
R02,09,113,0,0.0,0.0,0.0,0.0
R02,09,114,0,0.0,0.0,0.0,0.0
R02,09,115,0,0.0,0.0,0.0,0.0
R02,09,116,0,0.0,0.0,0.0,0.0
R02,09,117,0,0.0,0.0,0.0,0.0
R02,09,118,0,0.0,0.0,0.0,0.0
R02,09,119,0,0.0,0.0,0.0,0.0
R02,09,120,0,0.0,0.0,0.0,0.0
R02,09,121,0,0.0,0.0,0.0,0.0
R02,09,122,0,0.0,0.0,0.0,0.0
R02,09,123,0,0.0,0.0,0.0,0.0
R02,09,124,0,0.0,0.0,0.0,0.0
R02,09,125,0,0.0,0.0,0.0,0.0
R02,09,126,0,0.0,0.0,0.0,0.0
R02,09,127,0,0.0,0.0,0.0,0.0
R02,09,128,0,0.0,0.0,0.0,0.0
R02,09,129,0,0.0,0.0,0.0,0.0
R02,09,130,0,0.0,0.0,0.0,0.0
R02,09,131,0,0.0,0.0,0.0,0.0
R02,09,132,0,0.0,0.0,0.0,0.0
R02,09,133,0,0.0,0.0,0.0,0.0
R02,09,134,0,0.0,0.0,0.0,0.0
R02,09,135,0,0.0,0.0,0.0,0.0
R02,09,136,0,0.0,0.0,0.0,0.0
R02,09,137,0,0.0,0.0,0.0,0.0
R02,09,138,0,0.0,0.0,0.0,0.0
R02,09,139,0,0.0,0.0,0.0,0.0
R02,09,140,0,0.0,0.0,0.0,0.0
R02,09,141,0,0.0,0.0,0.0,0.0
R02,09,142,0,0.0,0.0,0.0,0.0
R02,09,143,0,0.0,0.0,0.0,0.0
R02,09,144,0,0.0,0.0,0.0,0.0
R02,09,145,0,0.0,0.0,0.0,0.0
R02,09,146,0,0.0,0.0,0.0,0.0
R02,09,147,0,0.0,0.0,0.0,0.0
R02,09,148,0,0.0,0.0,0.0,0.0
R02,09,149,0,0.0,0.0,0.0,0.0
R02,09,150,0,0.0,0.0,0.0,0.0
R02,09,151,0,0.0,0.0,0.0,0.0
R02,09,152,0,0.0,0.0,0.0,0.0
R02,09,153,0,0.0,0.0,0.0,0.0
R02,09,154,0,0.0,0.0,0.0,0.0
R02,09,155,0,0.0,0.0,0.0,0.0
R02,09,156,0,0.0,0.0,0.0,0.0
R02,09,157,0,0.0,0.0,0.0,0.0
R02,09,158,0,0.0,0.0,0.0,0.0
R02,09,159,0,0.0,0.0,0.0,0.0
R02,09,160,0,0.0,0.0,0.0,0.0
R02,09,161,0,0.0,0.0,0.0,0.0
R02,09,162,0,0.0,0.0,0.0,0.0
R02,09,163,0,0.0,0.0,0.0,0.0
R02,09,164,0,0.0,0.0,0.0,0.0
R02,09,165,0,0.0,0.0,0.0,0.0
R02,09,166,0,0.0,0.0,0.0,0.0
R02,09,167,0,0.0,0.0,0.0,0.0
R02,09,168,0,0.0,0.0,0.0,0.0
R02,09,169,0,0.0,0.0,0.0,0.0
R02,09,170,0,0.0,0.0,0.0,0.0
R02,09,171,0,0.0,0.0,0.0,0.0
R02,09,172,0,0.0,0.0,0.0,0.0
R02,09,173,0,0.0,0.0,0.0,0.0
R02,09,174,0,0.0,0.0,0.0,0.0
R02,09,175,0,0.0,0.0,0.0,0.0
R02,09,176,0,0.0,0.0,0.0,0.0
R02,09,177,0,0.0,0.0,0.0,0.0
R02,09,178,0,0.0,0.0,0.0,0.0
R02,09,179,0,0.0,0.0,0.0,0.0
R02,09,180,0,0.0,0.0,0.0,0.0
R02,09,181,0,0.0,0.0,0.0,0.0
R02,09,182,0,0.0,0.0,0.0,0.0
R02,09,183,0,0.0,0.0,0.0,0.0
R02,09,184,0,0.0,0.0,0.0,0.0
R02,09,185,0,0.0,0.0,0.0,0.0
R02,09,186,0,0.0,0.0,0.0,0.0
R02,09,187,0,0.0,0.0,0.0,0.0
R02,09,188,0,0.0,0.0,0.0,0.0
R02,09,189,0,0.0,0.0,0.0,0.0
R02,09,190,0,0.0,0.0,0.0,0.0
R02,09,191,0,0.0,0.0,0.0,0.0
R02,09,192,0,0.0,0.0,0.0,0.0
R02,09,193,0,0.0,0.0,0.0,0.0
R02,09,194,0,0.0,0.0,0.0,0.0
R02,09,195,0,0.0,0.0,0.0,0.0
R02,09,196,0,0.0,0.0,0.0,0.0
R02,09,197,0,0.0,0.0,0.0,0.0
R02,09,198,0,0.0,0.0,0.0,0.0
R02,09,199,0,0.0,0.0,0.0,0.0
R02,09,200,0,0.0,0.0,0.0,0.0
R02,09,201,0,0.0,0.0,0.0,0.0
R02,09,202,0,0.0,0.0,0.0,0.0
R02,09,203,0,0.0,0.0,0.0,0.0
R02,09,204,0,0.0,0.0,0.0,0.0
R02,09,205,0,0.0,0.0,0.0,0.0
R02,09,206,0,0.0,0.0,0.0,0.0
R02,09,207,0,0.0,0.0,0.0,0.0
R02,09,208,0,0.0,0.0,0.0,0.0
R02,09,209,0,0.0,0.0,0.0,0.0
R02,09,210,0,0.0,0.0,0.0,0.0
R02,09,211,0,0.0,0.0,0.0,0.0
R02,09,212,0,0.0,0.0,0.0,0.0
R02,09,213,0,0.0,0.0,0.0,0.0
R02,09,214,0,0.0,0.0,0.0,0.0
R02,09,215,0,0.0,0.0,0.0,0.0
R02,09,216,0,0.0,0.0,0.0,0.0
R02,09,217,0,0.0,0.0,0.0,0.0
R02,09,218,0,0.0,0.0,0.0,0.0
R02,09,219,0,0.0,0.0,0.0,0.0
R02,09,220,0,0.0,0.0,0.0,0.0
R02,09,221,1,0.0,0.0,0.0,0.0
R02,09,222,1,0.0,0.0,0.0,0.0
R02,09,223,1,0.0,0.0,0.0,0.0
R02,09,224,1,0.0,0.0,0.0,0.0
R02,09,225,1,0.0,0.0,0.0,0.0
R02,09,226,1,0.0,0.0,0.0,0.0
R02,09,227,1,0.0,0.0,0.0,0.0
R02,09,228,1,0.0,0.0,0.0,0.0
R02,09,229,1,0.0,0.0,0.0,0.0
R02,09,230,1,0.0,0.0,0.0,0.0
R02,09,231,1,0.0,0.0,0.0,0.0
R02,09,232,1,0.0,0.0,0.0,0.0
R02,09,233,1,0.0,0.0,0.0,0.0
R02,09,234,1,0.0,0.0,0.0,0.0
R02,09,235,1,0.0,0.0,0.0,0.0
R02,09,236,1,0.0,0.0,0.0,0.0
R02,09,237,1,0.0,0.0,0.0,0.0
R02,09,238,1,0.0,0.0,0.0,0.0
R02,09,239,1,0.0,0.0,0.0,0.0
R02,09,240,1,0.0,0.0,0.0,0.0
R02,09,241,1,0.0,0.0,0.0,0.0
R02,09,242,1,0.0,0.0,0.0,0.0
R02,09,243,1,0.0,0.0,0.0,0.0
R02,09,244,1,0.0,0.0,0.0,0.0
R02,09,245,1,0.0,0.0,0.0,0.0
R02,09,246,1,0.0,0.0,0.0,0.0
R02,09,247,1,0.0,0.0,0.0,0.0
R02,09,248,1,0.0,0.0,0.0,0.0
R02,09,249,1,0.0,0.0,0.0,0.0
R02,09,250,1,0.0,0.0,0.0,0.0
R02,09,251,1,0.0,0.0,0.0,0.0
R02,09,252,1,0.0,0.0,0.0,0.0
R02,09,253,1,0.0,0.0,0.0,0.0
R02,09,254,1,0.0,0.0,0.0,0.0
R02,09,255,1,0.0,0.0,0.0,0.0
R02,09,256,1,0.0,0.0,0.0,0.0
R02,09,257,1,0.0,0.0,0.0,0.0
R02,09,258,1,0.0,0.0,0.0,0.0
R02,09,259,1,0.0,0.0,0.0,0.0
R02,09,260,1,0.0,0.0,0.0,0.0
R02,09,261,1,0.0,0.0,0.0,0.0
R02,09,262,1,0.0,0.0,0.0,0.0
R02,09,263,1,0.0,0.0,0.0,0.0
R02,09,264,1,0.0,0.0,0.0,0.0
R02,09,265,1,0.0,0.0,0.0,0.0
R02,09,266,1,0.0,0.0,0.0,0.0
R02,09,267,1,0.0,0.0,0.0,0.0
R02,09,268,1,0.0,0.0,0.0,0.0
R02,09,269,1,0.0,0.0,0.0,0.0
R02,09,270,1,0.0,0.0,0.0,0.0
R02,09,271,1,0.0,0.0,0.0,0.0
R02,09,272,1,0.0,0.0,0.0,0.0
R02,09,273,1,0.0,0.0,0.0,0.0
R02,09,274,1,0.0,0.0,0.0,0.0
R02,09,275,1,0.0,0.0,0.0,0.0
R02,09,276,1,0.0,0.0,0.0,0.0
R02,09,277,1,0.0,0.0,0.0,0.0
R02,09,278,1,0.0,0.0,0.0,0.0
R02,09,279,1,0.0,0.0,0.0,0.0
R02,09,280,1,0.0,0.0,0.0,0.0
R02,09,281,1,0.0,0.0,0.0,0.0
R02,09,282,1,0.0,0.0,0.0,0.0
R02,09,283,1,0.0,0.0,0.0,0.0
R02,09,284,1,0.0,0.0,0.0,0.0
R02,09,285,1,0.0,0.0,0.0,0.0
R02,09,286,1,0.0,0.0,0.0,0.0
R02,09,287,1,0.0,0.0,0.0,0.0
R02,09,288,1,0.0,0.0,0.0,0.0
R02,09,289,1,0.0,0.0,0.0,0.0
R02,09,290,1,0.0,0.0,0.0,0.0
R02,09,291,0,0.0,0.0,0.0,0.0
R02,09,292,0,0.0,0.0,0.0,0.0
R02,09,293,0,0.0,0.0,0.0,0.0
R02,09,294,0,0.0,0.0,0.0,0.0
R02,09,295,0,0.0,0.0,0.0,0.0
R02,09,296,0,0.0,0.0,0.0,0.0
R02,09,297,0,0.0,0.0,0.0,0.0
R02,09,298,0,0.0,0.0,0.0,0.0
R02,09,299,0,0.0,0.0,0.0,0.0
R02,09,300,0,0.0,0.0,0.0,0.0
R02,09,301,0,0.0,0.0,0.0,0.0
R02,09,302,0,0.0,0.0,0.0,0.0
R02,09,303,0,0.0,0.0,0.0,0.0
R02,09,304,0,0.0,0.0,0.0,0.0
R02,09,305,0,0.0,0.0,0.0,0.0
R02,09,306,0,0.0,0.0,0.0,0.0
R02,09,307,0,0.0,0.0,0.0,0.0
R02,09,308,0,0.0,0.0,0.0,0.0
R02,09,309,0,0.0,0.0,0.0,0.0
R02,09,310,0,0.0,0.0,0.0,0.0
R02,09,311,0,0.0,0.0,0.0,0.0
R02,09,312,0,0.0,0.0,0.0,0.0
R02,09,313,0,0.0,0.0,0.0,0.0
R02,09,314,0,0.0,0.0,0.0,0.0
R02,09,315,0,0.0,0.0,0.0,0.0
R02,09,316,0,0.0,0.0,0.0,0.0
R02,09,317,0,0.0,0.0,0.0,0.0
R02,09,318,0,0.0,0.0,0.0,0.0
R02,09,319,0,0.0,0.0,0.0,0.0
R02,09,320,0,0.0,0.0,0.0,0.0
R02,09,321,0,0.0,0.0,0.0,0.0
R02,09,322,0,0.0,0.0,0.0,0.0
R02,09,323,0,0.0,0.0,0.0,0.0
R02,09,324,0,0.0,0.0,0.0,0.0
R02,09,325,0,0.0,0.0,0.0,0.0
R02,09,326,0,0.0,0.0,0.0,0.0
R02,09,327,0,0.0,0.0,0.0,0.0
R02,09,328,0,0.0,0.0,0.0,0.0
R02,09,329,0,0.0,0.0,0.0,0.0
R02,09,330,0,0.0,0.0,0.0,0.0
R02,09,331,0,0.0,0.0,0.0,0.0
R02,09,332,0,0.0,0.0,0.0,0.0
R02,09,333,0,0.0,0.0,0.0,0.0
R02,09,334,0,0.0,0.0,0.0,0.0
R02,09,335,0,0.0,0.0,0.0,0.0
R02,09,336,0,0.0,0.0,0.0,0.0
R02,09,337,0,0.0,0.0,0.0,0.0
R02,09,338,0,0.0,0.0,0.0,0.0
R02,09,339,0,0.0,0.0,0.0,0.0
R02,09,340,0,0.0,0.0,0.0,0.0
R02,09,341,0,0.0,0.0,0.0,0.0
R02,09,342,0,0.0,0.0,0.0,0.0
R02,09,343,0,0.0,0.0,0.0,0.0
R02,09,344,0,0.0,0.0,0.0,0.0
R02,09,345,0,0.0,0.0,0.0,0.0
R02,09,346,0,0.0,0.0,0.0,0.0
R02,09,347,0,0.0,0.0,0.0,0.0
R02,09,348,0,0.0,0.0,0.0,0.0
R02,09,349,0,0.0,0.0,0.0,0.0
R02,09,350,0,0.0,0.0,0.0,0.0
R02,09,351,0,0.0,0.0,0.0,0.0
R02,09,352,0,0.0,0.0,0.0,0.0
R02,09,353,0,0.0,0.0,0.0,0.0
R02,09,354,0,0.0,0.0,0.0,0.0
R02,09,355,0,0.0,0.0,0.0,0.0
R02,09,356,0,0.0,0.0,0.0,0.0
R02,09,357,0,0.0,0.0,0.0,0.0
R02,09,358,0,0.0,0.0,0.0,0.0
R02,09,359,0,0.0,0.0,0.0,0.0
R02,09,360,0,0.0,0.0,0.0,0.0
R02,09,361,0,0.0,0.0,0.0,0.0
R02,09,362,0,0.0,0.0,0.0,0.0
R02,09,363,0,0.0,0.0,0.0,0.0
R02,09,364,0,0.0,0.0,0.0,0.0
R02,09,365,0,0.0,0.0,0.0,0.0
R02,09,366,0,0.0,0.0,0.0,0.0
R02,09,367,0,0.0,0.0,0.0,0.0
R02,09,368,0,0.0,0.0,0.0,0.0
R02,09,369,0,0.0,0.0,0.0,0.0
R02,09,370,0,0.0,0.0,0.0,0.0
R02,09,371,0,0.0,0.0,0.0,0.0
R02,09,372,0,0.0,0.0,0.0,0.0
R02,09,373,0,0.0,0.0,0.0,0.0
R02,09,374,0,0.0,0.0,0.0,0.0
R02,09,375,0,0.0,0.0,0.0,0.0
R02,09,376,0,0.0,0.0,0.0,0.0
R02,09,377,0,0.0,0.0,0.0,0.0
R02,09,378,0,0.0,0.0,0.0,0.0
R02,09,379,0,0.0,0.0,0.0,0.0
R02,09,380,0,0.0,0.0,0.0,0.0
R02,09,381,0,0.0,0.0,0.0,0.0
R02,09,382,0,0.0,0.0,0.0,0.0
R02,09,383,0,0.0,0.0,0.0,0.0
R02,09,384,0,0.0,0.0,0.0,0.0
R02,09,385,0,0.0,0.0,0.0,0.0
R02,09,386,0,0.0,0.0,0.0,0.0
R02,09,387,0,0.0,0.0,0.0,0.0
R02,09,388,0,0.0,0.0,0.0,0.0
R02,09,389,0,0.0,0.0,0.0,0.0
R02,09,390,0,0.0,0.0,0.0,0.0
R02,09,391,0,0.0,0.0,0.0,0.0
R02,09,392,0,0.0,0.0,0.0,0.0
R02,09,393,0,0.0,0.0,0.0,0.0
R02,09,394,0,0.0,0.0,0.0,0.0
R02,09,395,0,0.0,0.0,0.0,0.0
R02,09,396,0,0.0,0.0,0.0,0.0
R02,09,397,0,0.0,0.0,0.0,0.0
R02,09,398,0,0.0,0.0,0.0,0.0
R02,09,399,0,0.0,0.0,0.0,0.0
R02,09,400,0,0.0,0.0,0.0,0.0
R02,09,401,0,0.0,0.0,0.0,0.0
R02,09,402,0,0.0,0.0,0.0,0.0
R02,09,403,0,0.0,0.0,0.0,0.0
R02,09,404,0,0.0,0.0,0.0,0.0
R02,09,405,0,0.0,0.0,0.0,0.0
R02,09,406,0,0.0,0.0,0.0,0.0
R02,09,407,0,0.0,0.0,0.0,0.0
R02,09,408,0,0.0,0.0,0.0,0.0
R02,09,409,0,0.0,0.0,0.0,0.0
R02,09,410,0,0.0,0.0,0.0,0.0
R02,09,411,0,0.0,0.0,0.0,0.0
R02,09,412,0,0.0,0.0,0.0,0.0
R02,09,413,0,0.0,0.0,0.0,0.0
R02,09,414,0,0.0,0.0,0.0,0.0
R02,09,415,0,0.0,0.0,0.0,0.0
R02,09,416,0,0.0,0.0,0.0,0.0
R02,09,417,0,0.0,0.0,0.0,0.0
R02,09,418,0,0.0,0.0,0.0,0.0
R02,09,419,0,0.0,0.0,0.0,0.0
R02,09,420,0,0.0,0.0,0.0,0.0
R02,09,421,0,0.0,0.0,0.0,0.0
R02,09,422,0,0.0,0.0,0.0,0.0
R02,09,423,0,0.0,0.0,0.0,0.0
R02,09,424,0,0.0,0.0,0.0,0.0
R02,09,425,0,0.0,0.0,0.0,0.0
R02,09,426,0,0.0,0.0,0.0,0.0
R02,09,427,0,0.0,0.0,0.0,0.0
R02,09,428,0,0.0,0.0,0.0,0.0
R02,09,429,0,0.0,0.0,0.0,0.0
R02,09,430,0,0.0,0.0,0.0,0.0
R02,09,431,0,0.0,0.0,0.0,0.0
R02,09,432,0,0.0,0.0,0.0,0.0
R02,09,433,0,0.0,0.0,0.0,0.0
R02,09,434,0,0.0,0.0,0.0,0.0
R02,09,435,0,0.0,0.0,0.0,0.0
R02,09,436,0,0.0,0.0,0.0,0.0
R02,09,437,0,0.0,0.0,0.0,0.0
R02,09,438,0,0.0,0.0,0.0,0.0
R02,09,439,0,0.0,0.0,0.0,0.0
R02,09,440,0,0.0,0.0,0.0,0.0
R02,09,441,0,0.0,0.0,0.0,0.0
R02,09,442,0,0.0,0.0,0.0,0.0
R02,09,443,0,0.0,0.0,0.0,0.0
R02,09,444,0,0.0,0.0,0.0,0.0
R02,09,445,0,0.0,0.0,0.0,0.0
R02,09,446,0,0.0,0.0,0.0,0.0
R02,09,447,0,0.0,0.0,0.0,0.0
R02,09,448,0,0.0,0.0,0.0,0.0
R02,09,449,0,0.0,0.0,0.0,0.0
R02,09,450,0,0.0,0.0,0.0,0.0
R02,09,451,0,0.0,0.0,0.0,0.0
R02,09,452,0,0.0,0.0,0.0,0.0
R02,09,453,0,0.0,0.0,0.0,0.0
R02,09,454,0,0.0,0.0,0.0,0.0
R02,09,455,0,0.0,0.0,0.0,0.0
R02,09,456,0,0.0,0.0,0.0,0.0
R02,09,457,0,0.0,0.0,0.0,0.0
R02,09,458,0,0.0,0.0,0.0,0.0
R02,09,459,0,0.0,0.0,0.0,0.0
R02,09,460,0,0.0,0.0,0.0,0.0
R02,09,461,0,0.0,0.0,0.0,0.0
R02,09,462,0,0.0,0.0,0.0,0.0
R02,09,463,0,0.0,0.0,0.0,0.0
R02,09,464,0,0.0,0.0,0.0,0.0
R02,09,465,0,0.0,0.0,0.0,0.0
R02,09,466,0,0.0,0.0,0.0,0.0
R02,09,467,0,0.0,0.0,0.0,0.0
R02,09,468,0,0.0,0.0,0.0,0.0
R02,09,469,0,0.0,0.0,0.0,0.0
R02,09,470,0,0.0,0.0,0.0,0.0
R02,09,471,0,0.0,0.0,0.0,0.0
R02,09,472,0,0.0,0.0,0.0,0.0
R02,09,473,0,0.0,0.0,0.0,0.0
R02,09,474,0,0.0,0.0,0.0,0.0
R02,09,475,0,0.0,0.0,0.0,0.0
R02,09,476,0,0.0,0.0,0.0,0.0
R02,09,477,0,0.0,0.0,0.0,0.0
R02,09,478,0,0.0,0.0,0.0,0.0
R02,09,479,0,0.0,0.0,0.0,0.0
R02,09,480,0,0.0,0.0,0.0,0.0
R02,09,481,0,0.0,0.0,0.0,0.0
R02,09,482,0,0.0,0.0,0.0,0.0
R02,09,483,0,0.0,0.0,0.0,0.0
R02,09,484,0,0.0,0.0,0.0,0.0
R02,09,485,0,0.0,0.0,0.0,0.0
R02,09,486,0,0.0,0.0,0.0,0.0
R02,09,487,0,0.0,0.0,0.0,0.0
R02,09,488,0,0.0,0.0,0.0,0.0
R02,09,489,0,0.0,0.0,0.0,0.0
R02,09,490,0,0.0,0.0,0.0,0.0
R02,09,491,0,0.0,0.0,0.0,0.0
R02,09,492,0,0.0,0.0,0.0,0.0
R02,09,493,0,0.0,0.0,0.0,0.0
R02,09,494,0,0.0,0.0,0.0,0.0
R02,09,495,0,0.0,0.0,0.0,0.0
R02,09,496,0,0.0,0.0,0.0,0.0
R02,09,497,0,0.0,0.0,0.0,0.0
R02,09,498,0,0.0,0.0,0.0,0.0
R02,09,499,0,0.0,0.0,0.0,0.0
R02,09,500,0,0.0,0.0,0.0,0.0
R02,09,501,0,0.0,0.0,0.0,0.0
R02,09,502,0,0.0,0.0,0.0,0.0
R02,09,503,0,0.0,0.0,0.0,0.0
R02,09,504,0,0.0,0.0,0.0,0.0
R02,09,505,0,0.0,0.0,0.0,0.0
R02,09,506,0,0.0,0.0,0.0,0.0
R02,09,507,0,0.0,0.0,0.0,0.0
R02,09,508,0,0.0,0.0,0.0,0.0
R02,09,509,0,0.0,0.0,0.0,0.0
R02,09,510,0,0.0,0.0,0.0,0.0
R02,09,511,0,0.0,0.0,0.0,0.0
R02,09,512,0,0.0,0.0,0.0,0.0
R02,09,513,0,0.0,0.0,0.0,0.0
R02,09,514,0,0.0,0.0,0.0,0.0
R02,09,515,0,0.0,0.0,0.0,0.0
R02,09,516,0,0.0,0.0,0.0,0.0
R02,09,517,0,0.0,0.0,0.0,0.0
R02,09,518,0,0.0,0.0,0.0,0.0
R02,09,519,0,0.0,0.0,0.0,0.0
R02,09,520,0,0.0,0.0,0.0,0.0
R02,09,521,0,0.0,0.0,0.0,0.0
R02,09,522,0,0.0,0.0,0.0,0.0
R02,09,523,0,0.0,0.0,0.0,0.0
R02,09,524,0,0.0,0.0,0.0,0.0
R02,09,525,0,0.0,0.0,0.0,0.0
R02,09,526,0,0.0,0.0,0.0,0.0
R02,09,527,0,0.0,0.0,0.0,0.0
R02,09,528,0,0.0,0.0,0.0,0.0
R02,09,529,0,0.0,0.0,0.0,0.0
R02,09,530,0,0.0,0.0,0.0,0.0
R02,09,531,0,0.0,0.0,0.0,0.0
R02,09,532,0,0.0,0.0,0.0,0.0
R02,09,533,0,0.0,0.0,0.0,0.0
R02,09,534,0,0.0,0.0,0.0,0.0
R02,09,535,0,0.0,0.0,0.0,0.0
R02,09,536,0,0.0,0.0,0.0,0.0
R02,09,537,0,0.0,0.0,0.0,0.0
R02,09,538,0,0.0,0.0,0.0,0.0
R02,09,539,0,0.0,0.0,0.0,0.0
R02,09,540,0,0.0,0.0,0.0,0.0
R02,09,541,0,0.0,0.0,0.0,0.0
R02,09,542,0,0.0,0.0,0.0,0.0
R02,09,543,0,0.0,0.0,0.0,0.0
R02,09,544,0,0.0,0.0,0.0,0.0
R02,09,545,0,0.0,0.0,0.0,0.0
R02,09,546,0,0.0,0.0,0.0,0.0
R02,09,547,0,0.0,0.0,0.0,0.0
R02,09,548,0,0.0,0.0,0.0,0.0
R02,09,549,0,0.0,0.0,0.0,0.0
R02,09,550,0,0.0,0.0,0.0,0.0
R02,09,551,0,0.0,0.0,0.0,0.0
R02,09,552,0,0.0,0.0,0.0,0.0
R02,09,553,0,0.0,0.0,0.0,0.0
R02,09,554,0,0.0,0.0,0.0,0.0
R02,09,555,0,0.0,0.0,0.0,0.0
R02,09,556,0,0.0,0.0,0.0,0.0
R02,09,557,0,0.0,0.0,0.0,0.0
R02,09,558,0,0.0,0.0,0.0,0.0
R02,09,559,0,0.0,0.0,0.0,0.0
R02,09,560,0,0.0,0.0,0.0,0.0
R02,09,561,0,0.0,0.0,0.0,0.0
R02,09,562,0,0.0,0.0,0.0,0.0
R02,09,563,0,0.0,0.0,0.0,0.0
R02,09,564,0,0.0,0.0,0.0,0.0
R02,09,565,0,0.0,0.0,0.0,0.0
R02,09,566,0,0.0,0.0,0.0,0.0
R02,09,567,0,0.0,0.0,0.0,0.0
R02,09,568,0,0.0,0.0,0.0,0.0
R02,09,569,0,0.0,0.0,0.0,0.0
R02,09,570,0,0.0,0.0,0.0,0.0
R02,09,571,0,0.0,0.0,0.0,0.0
R02,09,572,0,0.0,0.0,0.0,0.0
R02,09,573,0,0.0,0.0,0.0,0.0
R02,09,574,0,0.0,0.0,0.0,0.0
R02,09,575,0,0.0,0.0,0.0,0.0
R02,09,576,0,0.0,0.0,0.0,0.0
R02,09,577,0,0.0,0.0,0.0,0.0
R02,09,578,0,0.0,0.0,0.0,0.0
R02,09,579,0,0.0,0.0,0.0,0.0
R02,09,580,0,0.0,0.0,0.0,0.0
R02,09,581,0,0.0,0.0,0.0,0.0
R02,09,582,0,0.0,0.0,0.0,0.0
R02,09,583,0,0.0,0.0,0.0,0.0
R02,09,584,0,0.0,0.0,0.0,0.0
R02,09,585,0,0.0,0.0,0.0,0.0
R02,09,586,0,0.0,0.0,0.0,0.0
R02,09,587,0,0.0,0.0,0.0,0.0
R02,09,588,0,0.0,0.0,0.0,0.0
R02,09,589,0,0.0,0.0,0.0,0.0
R02,09,590,0,0.0,0.0,0.0,0.0
R02,09,591,0,0.0,0.0,0.0,0.0
R02,09,592,0,0.0,0.0,0.0,0.0
R02,09,593,0,0.0,0.0,0.0,0.0
R02,09,594,0,0.0,0.0,0.0,0.0
R02,09,595,0,0.0,0.0,0.0,0.0
R02,09,596,0,0.0,0.0,0.0,0.0
R02,09,597,0,0.0,0.0,0.0,0.0
R02,09,598,0,0.0,0.0,0.0,0.0
R02,09,599,0,0.0,0.0,0.0,0.0
R02,09,600,0,0.0,0.0,0.0,0.0
R02,09,601,0,0.0,0.0,0.0,0.0
R02,09,602,0,0.0,0.0,0.0,0.0
R02,09,603,0,0.0,0.0,0.0,0.0
R02,09,604,0,0.0,0.0,0.0,0.0
R02,09,605,0,0.0,0.0,0.0,0.0
R02,09,606,0,0.0,0.0,0.0,0.0
R02,09,607,0,0.0,0.0,0.0,0.0
R02,09,608,1,0.0,0.0,0.0,0.0
R02,09,609,1,0.0,0.0,0.0,0.0
R02,09,610,1,0.0,0.0,0.0,0.0
R02,09,611,1,0.0,0.0,0.0,0.0
R02,09,612,1,0.0,0.0,0.0,0.0
R02,09,613,1,0.0,0.0,0.0,0.0
R02,09,614,1,0.0,0.0,0.0,0.0
R02,09,615,1,0.0,0.0,0.0,0.0
R02,09,616,1,0.0,0.0,0.0,0.0
R02,09,617,1,0.0,0.0,0.0,0.0
R02,09,618,1,0.0,0.0,0.0,0.0
R02,09,619,1,0.0,0.0,0.0,0.0
R02,09,620,1,0.0,0.0,0.0,0.0
R02,09,621,1,0.0,0.0,0.0,0.0
R02,09,622,1,0.0,0.0,0.0,0.0
R02,09,623,1,0.0,0.0,0.0,0.0
R02,09,624,1,0.0,0.0,0.0,0.0
R02,09,625,1,0.0,0.0,0.0,0.0
R02,09,626,1,0.0,0.0,0.0,0.0
R02,09,627,1,0.0,0.0,0.0,0.0
R02,09,628,1,0.0,0.0,0.0,0.0
R02,09,629,1,0.0,0.0,0.0,0.0
R02,09,630,1,0.0,0.0,0.0,0.0
R02,09,631,1,0.0,0.0,0.0,0.0
R02,09,632,1,0.0,0.0,0.0,0.0
R02,09,633,1,0.0,0.0,0.0,0.0
R02,09,634,1,0.0,0.0,0.0,0.0
R02,09,635,1,0.0,0.0,0.0,0.0
R02,09,636,1,0.0,0.0,0.0,0.0
R02,09,637,1,0.0,0.0,0.0,0.0
R02,09,638,1,0.0,0.0,0.0,0.0
R02,09,639,1,0.0,0.0,0.0,0.0
R02,09,640,1,0.0,0.0,0.0,0.0
R02,09,641,1,0.0,0.0,0.0,0.0
R02,09,642,1,0.0,0.0,0.0,0.0
R02,09,643,1,0.0,0.0,0.0,0.0
R02,09,644,1,0.0,0.0,0.0,0.0
R02,09,645,1,0.0,0.0,0.0,0.0
R02,09,646,1,0.0,0.0,0.0,0.0
R02,09,647,1,0.0,0.0,0.0,0.0
R02,09,648,1,0.0,0.0,0.0,0.0
R02,09,649,1,0.0,0.0,0.0,0.0
R02,09,650,1,0.0,0.0,0.0,0.0
R02,09,651,1,0.0,0.0,0.0,0.0
R02,09,652,1,0.0,0.0,0.0,0.0
R02,09,653,1,0.0,0.0,0.0,0.0
R02,09,654,1,0.0,0.0,0.0,0.0
R02,09,655,1,0.0,0.0,0.0,0.0
R02,09,656,1,0.0,0.0,0.0,0.0
R02,09,657,1,0.0,0.0,0.0,0.0
R02,09,658,1,0.0,0.0,0.0,0.0
R02,09,659,1,0.0,0.0,0.0,0.0
R02,09,660,1,0.0,0.0,0.0,0.0
R02,09,661,1,0.0,0.0,0.0,0.0
R02,09,662,1,0.0,0.0,0.0,0.0
R02,09,663,1,0.0,0.0,0.0,0.0
R02,09,664,1,0.0,0.0,0.0,0.0
R02,09,665,1,0.0,0.0,0.0,0.0
R02,09,666,1,0.0,0.0,0.0,0.0
R02,09,667,1,0.0,0.0,0.0,0.0
R02,09,668,1,0.0,0.0,0.0,0.0
R02,09,669,1,0.0,0.0,0.0,0.0
R02,09,670,1,0.0,0.0,0.0,0.0
R02,09,671,1,0.0,0.0,0.0,0.0
R02,09,672,1,0.0,0.0,0.0,0.0
R02,09,673,1,0.0,0.0,0.0,0.0
R02,09,674,1,0.0,0.0,0.0,0.0
R02,09,675,1,0.0,0.0,0.0,0.0
R02,09,676,1,0.0,0.0,0.0,0.0
R02,09,677,1,0.0,0.0,0.0,0.0
R02,09,678,1,0.0,0.0,0.0,0.0
R02,09,679,1,0.0,0.0,0.0,0.0
R02,09,680,1,0.0,0.0,0.0,0.0
R02,09,681,1,0.0,0.0,0.0,0.0
R02,09,682,1,0.0,0.0,0.0,0.0
R02,09,683,1,0.0,0.0,0.0,0.0
R02,09,684,1,0.0,0.0,0.0,0.0
R02,09,685,1,0.0,0.0,0.0,0.0
R02,09,686,1,0.0,0.0,0.0,0.0
R02,09,687,1,0.0,0.0,0.0,0.0
R02,09,688,1,0.0,0.0,0.0,0.0
R02,09,689,1,0.0,0.0,0.0,0.0
R02,09,690,0,0.0,0.0,0.0,0.0
R02,09,691,0,0.0,0.0,0.0,0.0
R02,09,692,0,0.0,0.0,0.0,0.0
R02,09,693,0,0.0,0.0,0.0,0.0
R02,09,694,0,0.0,0.0,0.0,0.0
R02,09,695,0,0.0,0.0,0.0,0.0
R02,09,696,0,0.0,0.0,0.0,0.0
R02,09,697,0,0.0,0.0,0.0,0.0
R02,09,698,0,0.0,0.0,0.0,0.0
R02,09,699,0,0.0,0.0,0.0,0.0
R02,09,700,0,0.0,0.0,0.0,0.0
R02,09,701,0,0.0,0.0,0.0,0.0
R02,09,702,0,0.0,0.0,0.0,0.0
R02,09,703,0,0.0,0.0,0.0,0.0
R02,09,704,0,0.0,0.0,0.0,0.0
R02,09,705,0,0.0,0.0,0.0,0.0
R02,09,706,0,0.0,0.0,0.0,0.0
R02,09,707,0,0.0,0.0,0.0,0.0
R02,09,708,0,0.0,0.0,0.0,0.0
R02,09,709,0,0.0,0.0,0.0,0.0
R02,09,710,0,0.0,0.0,0.0,0.0
R02,09,711,0,0.0,0.0,0.0,0.0
R02,09,712,0,0.0,0.0,0.0,0.0
R02,09,713,0,0.0,0.0,0.0,0.0
R02,09,714,0,0.0,0.0,0.0,0.0
R02,09,715,0,0.0,0.0,0.0,0.0
R02,09,716,0,0.0,0.0,0.0,0.0
R02,09,717,0,0.0,0.0,0.0,0.0
R02,09,718,0,0.0,0.0,0.0,0.0
R02,09,719,0,0.0,0.0,0.0,0.0
R02,09,720,0,0.0,0.0,0.0,0.0
R02,09,721,0,0.0,0.0,0.0,0.0
R02,09,722,0,0.0,0.0,0.0,0.0
R02,09,723,0,0.0,0.0,0.0,0.0
R02,09,724,0,0.0,0.0,0.0,0.0
R02,09,725,0,0.0,0.0,0.0,0.0
R02,09,726,0,0.0,0.0,0.0,0.0
R02,09,727,0,0.0,0.0,0.0,0.0
R02,09,728,0,0.0,0.0,0.0,0.0
R02,09,729,0,0.0,0.0,0.0,0.0
R02,09,730,0,0.0,0.0,0.0,0.0
R02,09,731,0,0.0,0.0,0.0,0.0
R02,09,732,0,0.0,0.0,0.0,0.0
R02,09,733,0,0.0,0.0,0.0,0.0
R02,09,734,0,0.0,0.0,0.0,0.0
R02,09,735,0,0.0,0.0,0.0,0.0
R02,09,736,0,0.0,0.0,0.0,0.0
R02,09,737,0,0.0,0.0,0.0,0.0
R02,09,738,0,0.0,0.0,0.0,0.0
R02,09,739,0,0.0,0.0,0.0,0.0
R02,09,740,0,0.0,0.0,0.0,0.0
R02,09,741,0,0.0,0.0,0.0,0.0
R02,09,742,0,0.0,0.0,0.0,0.0
R02,09,743,0,0.0,0.0,0.0,0.0
R02,09,744,0,0.0,0.0,0.0,0.0
R02,09,745,0,0.0,0.0,0.0,0.0
R02,09,746,0,0.0,0.0,0.0,0.0
R02,09,747,0,0.0,0.0,0.0,0.0
R02,09,748,0,0.0,0.0,0.0,0.0
R02,09,749,0,0.0,0.0,0.0,0.0
R02,09,750,0,0.0,0.0,0.0,0.0
R02,09,751,0,0.0,0.0,0.0,0.0
R02,09,752,0,0.0,0.0,0.0,0.0
R02,09,753,0,0.0,0.0,0.0,0.0
R02,09,754,0,0.0,0.0,0.0,0.0
R02,09,755,0,0.0,0.0,0.0,0.0
R02,09,756,0,0.0,0.0,0.0,0.0
R02,09,757,0,0.0,0.0,0.0,0.0
R02,09,758,0,0.0,0.0,0.0,0.0
R02,09,759,0,0.0,0.0,0.0,0.0
R02,09,760,0,0.0,0.0,0.0,0.0
R02,09,761,0,0.0,0.0,0.0,0.0
R02,09,762,0,0.0,0.0,0.0,0.0
R02,09,763,0,0.0,0.0,0.0,0.0
R02,09,764,0,0.0,0.0,0.0,0.0
R02,09,765,0,0.0,0.0,0.0,0.0
R02,09,766,0,0.0,0.0,0.0,0.0
R02,09,767,0,0.0,0.0,0.0,0.0
R02,09,768,0,0.0,0.0,0.0,0.0
R02,09,769,0,0.0,0.0,0.0,0.0
R02,09,770,0,0.0,0.0,0.0,0.0
R02,09,771,0,0.0,0.0,0.0,0.0
R02,09,772,0,0.0,0.0,0.0,0.0
R02,09,773,0,0.0,0.0,0.0,0.0
R02,09,774,0,0.0,0.0,0.0,0.0
R02,09,775,0,0.0,0.0,0.0,0.0
R02,09,776,0,0.0,0.0,0.0,0.0
R02,09,777,0,0.0,0.0,0.0,0.0
R02,09,778,0,0.0,0.0,0.0,0.0
R02,09,779,0,0.0,0.0,0.0,0.0
R02,09,780,0,0.0,0.0,0.0,0.0
R02,09,781,0,0.0,0.0,0.0,0.0
R02,09,782,0,0.0,0.0,0.0,0.0
R02,09,783,0,0.0,0.0,0.0,0.0
R02,09,784,0,0.0,0.0,0.0,0.0
R02,09,785,0,0.0,0.0,0.0,0.0
R02,09,786,0,0.0,0.0,0.0,0.0
R02,09,787,0,0.0,0.0,0.0,0.0
R02,09,788,0,0.0,0.0,0.0,0.0
R02,09,789,0,0.0,0.0,0.0,0.0
R02,09,790,0,0.0,0.0,0.0,0.0
R02,09,791,0,0.0,0.0,0.0,0.0
R02,09,792,0,0.0,0.0,0.0,0.0
R02,09,793,0,0.0,0.0,0.0,0.0
R02,09,794,0,0.0,0.0,0.0,0.0
R02,09,795,0,0.0,0.0,0.0,0.0
R02,09,796,0,0.0,0.0,0.0,0.0
R02,09,797,0,0.0,0.0,0.0,0.0
R02,09,798,0,0.0,0.0,0.0,0.0
R02,09,799,0,0.0,0.0,0.0,0.0
R02,09,800,0,0.0,0.0,0.0,0.0
R02,09,801,0,0.0,0.0,0.0,0.0
R02,09,802,0,0.0,0.0,0.0,0.0
R02,09,803,0,0.0,0.0,0.0,0.0
R02,09,804,0,0.0,0.0,0.0,0.0
R02,09,805,0,0.0,0.0,0.0,0.0
R02,09,806,0,0.0,0.0,0.0,0.0
R02,09,807,0,0.0,0.0,0.0,0.0
R02,09,808,0,0.0,0.0,0.0,0.0
R02,09,809,0,0.0,0.0,0.0,0.0
R02,09,810,0,0.0,0.0,0.0,0.0
R02,09,811,0,0.0,0.0,0.0,0.0
R02,09,812,0,0.0,0.0,0.0,0.0
R02,09,813,0,0.0,0.0,0.0,0.0
R02,09,814,0,0.0,0.0,0.0,0.0
R02,09,815,0,0.0,0.0,0.0,0.0
R02,09,816,0,0.0,0.0,0.0,0.0
R02,09,817,0,0.0,0.0,0.0,0.0
R02,09,818,0,0.0,0.0,0.0,0.0
R02,09,819,0,0.0,0.0,0.0,0.0
R02,09,820,0,0.0,0.0,0.0,0.0
R02,09,821,0,0.0,0.0,0.0,0.0
R02,09,822,0,0.0,0.0,0.0,0.0
R02,09,823,0,0.0,0.0,0.0,0.0
R02,09,824,0,0.0,0.0,0.0,0.0
R02,09,825,0,0.0,0.0,0.0,0.0
R02,09,826,0,0.0,0.0,0.0,0.0
R02,09,827,0,0.0,0.0,0.0,0.0
R02,09,828,0,0.0,0.0,0.0,0.0
R02,09,829,0,0.0,0.0,0.0,0.0
R02,09,830,0,0.0,0.0,0.0,0.0
R02,09,831,0,0.0,0.0,0.0,0.0
R02,09,832,0,0.0,0.0,0.0,0.0
R02,09,833,0,0.0,0.0,0.0,0.0
R02,09,834,0,0.0,0.0,0.0,0.0
R02,09,835,0,0.0,0.0,0.0,0.0
R02,09,836,0,0.0,0.0,0.0,0.0
R02,09,837,0,0.0,0.0,0.0,0.0
R02,09,838,0,0.0,0.0,0.0,0.0
R02,09,839,0,0.0,0.0,0.0,0.0
R02,09,840,0,0.0,0.0,0.0,0.0
R02,09,841,0,0.0,0.0,0.0,0.0
R02,09,842,0,0.0,0.0,0.0,0.0
R02,09,843,0,0.0,0.0,0.0,0.0
R02,09,844,0,0.0,0.0,0.0,0.0
R02,09,845,0,0.0,0.0,0.0,0.0
R02,09,846,0,0.0,0.0,0.0,0.0
R02,09,847,0,0.0,0.0,0.0,0.0
R02,09,848,0,0.0,0.0,0.0,0.0
R02,09,849,0,0.0,0.0,0.0,0.0
R02,09,850,0,0.0,0.0,0.0,0.0
R02,09,851,0,0.0,0.0,0.0,0.0
R02,09,852,0,0.0,0.0,0.0,0.0
R02,10,0,0,0.0,0.0,0.0,0.0
R02,10,1,0,0.0,0.0,0.0,0.0
R02,10,2,0,0.0,0.0,0.0,0.0
R02,10,3,0,0.0,0.0,0.0,0.0
R02,10,4,0,0.0,0.0,0.0,0.0
R02,10,5,0,0.0,0.0,0.0,0.0
R02,10,6,0,0.0,0.0,0.0,0.0
R02,10,7,0,0.0,0.0,0.0,0.0
R02,10,8,0,0.0,0.0,0.0,0.0
R02,10,9,0,0.0,0.0,0.0,0.0
R02,10,10,0,0.0,0.0,0.0,0.0
R02,10,11,0,0.0,0.0,0.0,0.0
R02,10,12,0,0.0,0.0,0.0,0.0
R02,10,13,0,0.0,0.0,0.0,0.0
R02,10,14,0,0.0,0.0,0.0,0.0
R02,10,15,0,0.0,0.0,0.0,0.0
R02,10,16,0,0.0,0.0,0.0,0.0
R02,10,17,0,0.0,0.0,0.0,0.0
R02,10,18,0,0.0,0.0,0.0,0.0
R02,10,19,0,0.0,0.0,0.0,0.0
R02,10,20,0,0.0,0.0,0.0,0.0
R02,10,21,0,0.0,0.0,0.0,0.0
R02,10,22,0,0.0,0.0,0.0,0.0
R02,10,23,0,0.0,0.0,0.0,0.0
R02,10,24,0,0.0,0.0,0.0,0.0
R02,10,25,0,0.0,0.0,0.0,0.0
R02,10,26,0,0.0,0.0,0.0,0.0
R02,10,27,0,0.0,0.0,0.0,0.0
R02,10,28,0,0.0,0.0,0.0,0.0
R02,10,29,0,0.0,0.0,0.0,0.0
R02,10,30,0,0.0,0.0,0.0,0.0
R02,10,31,0,0.0,0.0,0.0,0.0
R02,10,32,0,0.0,0.0,0.0,0.0
R02,10,33,0,0.0,0.0,0.0,0.0
R02,10,34,0,0.0,0.0,0.0,0.0
R02,10,35,0,0.0,0.0,0.0,0.0
R02,10,36,0,0.0,0.0,0.0,0.0
R02,10,37,0,0.0,0.0,0.0,0.0
R02,10,38,0,0.0,0.0,0.0,0.0
R02,10,39,0,0.0,0.0,0.0,0.0
R02,10,40,0,0.0,0.0,0.0,0.0
R02,10,41,0,0.0,0.0,0.0,0.0
R02,10,42,0,0.0,0.0,0.0,0.0
R02,10,43,0,0.0,0.0,0.0,0.0
R02,10,44,0,0.0,0.0,0.0,0.0
R02,10,45,0,0.0,0.0,0.0,0.0
R02,10,46,0,0.0,0.0,0.0,0.0
R02,10,47,0,0.0,0.0,0.0,0.0
R02,10,48,0,0.0,0.0,0.0,0.0
R02,10,49,0,0.0,0.0,0.0,0.0
R02,10,50,0,0.0,0.0,0.0,0.0
R02,10,51,0,0.0,0.0,0.0,0.0
R02,10,52,0,0.0,0.0,0.0,0.0
R02,10,53,0,0.0,0.0,0.0,0.0
R02,10,54,0,0.0,0.0,0.0,0.0
R02,10,55,0,0.0,0.0,0.0,0.0
R02,10,56,0,0.0,0.0,0.0,0.0
R02,10,57,0,0.0,0.0,0.0,0.0
R02,10,58,0,0.0,0.0,0.0,0.0
R02,10,59,0,0.0,0.0,0.0,0.0
R02,10,60,0,0.0,0.0,0.0,0.0
R02,10,61,0,0.0,0.0,0.0,0.0
R02,10,62,0,0.0,0.0,0.0,0.0
R02,10,63,0,0.0,0.0,0.0,0.0
R02,10,64,0,0.0,0.0,0.0,0.0
R02,10,65,0,0.0,0.0,0.0,0.0
R02,10,66,0,0.0,0.0,0.0,0.0
R02,10,67,0,0.0,0.0,0.0,0.0
R02,10,68,0,0.0,0.0,0.0,0.0
R02,10,69,0,0.0,0.0,0.0,0.0
R02,10,70,0,0.0,0.0,0.0,0.0
R02,10,71,0,0.0,0.0,0.0,0.0
R02,10,72,0,0.0,0.0,0.0,0.0
R02,10,73,0,0.0,0.0,0.0,0.0
R02,10,74,0,0.0,0.0,0.0,0.0
R02,10,75,0,0.0,0.0,0.0,0.0
R02,10,76,0,0.0,0.0,0.0,0.0
R02,10,77,0,0.0,0.0,0.0,0.0
R02,10,78,0,0.0,0.0,0.0,0.0
R02,10,79,0,0.0,0.0,0.0,0.0
R02,10,80,0,0.0,0.0,0.0,0.0
R02,10,81,0,0.0,0.0,0.0,0.0
R02,10,82,0,0.0,0.0,0.0,0.0
R02,10,83,0,0.0,0.0,0.0,0.0
R02,10,84,0,0.0,0.0,0.0,0.0
R02,10,85,0,0.0,0.0,0.0,0.0
R02,10,86,0,0.0,0.0,0.0,0.0
R02,10,87,0,0.0,0.0,0.0,0.0
R02,10,88,0,0.0,0.0,0.0,0.0
R02,10,89,0,0.0,0.0,0.0,0.0
R02,10,90,0,0.0,0.0,0.0,0.0
R02,10,91,0,0.0,0.0,0.0,0.0
R02,10,92,0,0.0,0.0,0.0,0.0
R02,10,93,0,0.0,0.0,0.0,0.0
R02,10,94,0,0.0,0.0,0.0,0.0
R02,10,95,0,0.0,0.0,0.0,0.0
R02,10,96,0,0.0,0.0,0.0,0.0
R02,10,97,0,0.0,0.0,0.0,0.0
R02,10,98,0,0.0,0.0,0.0,0.0
R02,10,99,0,0.0,0.0,0.0,0.0
R02,10,100,0,0.0,0.0,0.0,0.0
R02,10,101,0,0.0,0.0,0.0,0.0
R02,10,102,0,0.0,0.0,0.0,0.0
R02,10,103,0,0.0,0.0,0.0,0.0
R02,10,104,0,0.0,0.0,0.0,0.0
R02,10,105,0,0.0,0.0,0.0,0.0
R02,10,106,0,0.0,0.0,0.0,0.0
R02,10,107,0,0.0,0.0,0.0,0.0
R02,10,108,0,0.0,0.0,0.0,0.0
R02,10,109,0,0.0,0.0,0.0,0.0
R02,10,110,0,0.0,0.0,0.0,0.0
R02,10,111,0,0.0,0.0,0.0,0.0
R02,10,112,0,0.0,0.0,0.0,0.0
R02,10,113,0,0.0,0.0,0.0,0.0
R02,10,114,0,0.0,0.0,0.0,0.0
R02,10,115,0,0.0,0.0,0.0,0.0
R02,10,116,0,0.0,0.0,0.0,0.0
R02,10,117,0,0.0,0.0,0.0,0.0
R02,10,118,0,0.0,0.0,0.0,0.0
R02,10,119,0,0.0,0.0,0.0,0.0
R02,10,120,0,0.0,0.0,0.0,0.0
R02,10,121,0,0.0,0.0,0.0,0.0
R02,10,122,0,0.0,0.0,0.0,0.0
R02,10,123,0,0.0,0.0,0.0,0.0
R02,10,124,0,0.0,0.0,0.0,0.0
R02,10,125,0,0.0,0.0,0.0,0.0
R02,10,126,0,0.0,0.0,0.0,0.0
R02,10,127,0,0.0,0.0,0.0,0.0
R02,10,128,0,0.0,0.0,0.0,0.0
R02,10,129,0,0.0,0.0,0.0,0.0
R02,10,130,0,0.0,0.0,0.0,0.0
R02,10,131,0,0.0,0.0,0.0,0.0
R02,10,132,0,0.0,0.0,0.0,0.0
R02,10,133,0,0.0,0.0,0.0,0.0
R02,10,134,0,0.0,0.0,0.0,0.0
R02,10,135,0,0.0,0.0,0.0,0.0
R02,10,136,0,0.0,0.0,0.0,0.0
R02,10,137,0,0.0,0.0,0.0,0.0
R02,10,138,0,0.0,0.0,0.0,0.0
R02,10,139,0,0.0,0.0,0.0,0.0
R02,10,140,0,0.0,0.0,0.0,0.0
R02,10,141,0,0.0,0.0,0.0,0.0
R02,10,142,0,0.0,0.0,0.0,0.0
R02,10,143,0,0.0,0.0,0.0,0.0
R02,10,144,0,0.0,0.0,0.0,0.0
R02,10,145,0,0.0,0.0,0.0,0.0
R02,10,146,0,0.0,0.0,0.0,0.0
R02,10,147,0,0.0,0.0,0.0,0.0
R02,10,148,0,0.0,0.0,0.0,0.0
R02,10,149,0,0.0,0.0,0.0,0.0
R02,10,150,0,0.0,0.0,0.0,0.0
R02,10,151,0,0.0,0.0,0.0,0.0
R02,10,152,0,0.0,0.0,0.0,0.0
R02,10,153,0,0.0,0.0,0.0,0.0
R02,10,154,0,0.0,0.0,0.0,0.0
R02,10,155,0,0.0,0.0,0.0,0.0
R02,10,156,0,0.0,0.0,0.0,0.0
R02,10,157,0,0.0,0.0,0.0,0.0
R02,10,158,0,0.0,0.0,0.0,0.0
R02,10,159,0,0.0,0.0,0.0,0.0
R02,10,160,0,0.0,0.0,0.0,0.0
R02,10,161,0,0.0,0.0,0.0,0.0
R02,10,162,0,0.0,0.0,0.0,0.0
R02,10,163,0,0.0,0.0,0.0,0.0
R02,10,164,0,0.0,0.0,0.0,0.0
R02,10,165,0,0.0,0.0,0.0,0.0
R02,10,166,0,0.0,0.0,0.0,0.0
R02,10,167,0,0.0,0.0,0.0,0.0
R02,10,168,0,0.0,0.0,0.0,0.0
R02,10,169,0,0.0,0.0,0.0,0.0
R02,10,170,0,0.0,0.0,0.0,0.0
R02,10,171,0,0.0,0.0,0.0,0.0
R02,10,172,0,0.0,0.0,0.0,0.0
R02,10,173,0,0.0,0.0,0.0,0.0
R02,10,174,0,0.0,0.0,0.0,0.0
R02,10,175,0,0.0,0.0,0.0,0.0
R02,10,176,0,0.0,0.0,0.0,0.0
R02,10,177,0,0.0,0.0,0.0,0.0
R02,10,178,0,0.0,0.0,0.0,0.0
R02,10,179,0,0.0,0.0,0.0,0.0
R02,10,180,0,0.0,0.0,0.0,0.0
R02,10,181,0,0.0,0.0,0.0,0.0
R02,10,182,0,0.0,0.0,0.0,0.0
R02,10,183,0,0.0,0.0,0.0,0.0
R02,10,184,0,0.0,0.0,0.0,0.0
R02,10,185,0,0.0,0.0,0.0,0.0
R02,10,186,0,0.0,0.0,0.0,0.0
R02,10,187,0,0.0,0.0,0.0,0.0
R02,10,188,0,0.0,0.0,0.0,0.0
R02,10,189,0,0.0,0.0,0.0,0.0
R02,10,190,0,0.0,0.0,0.0,0.0
R02,10,191,0,0.0,0.0,0.0,0.0
R02,10,192,0,0.0,0.0,0.0,0.0
R02,10,193,0,0.0,0.0,0.0,0.0
R02,10,194,0,0.0,0.0,0.0,0.0
R02,10,195,0,0.0,0.0,0.0,0.0
R02,10,196,0,0.0,0.0,0.0,0.0
R02,10,197,0,0.0,0.0,0.0,0.0
R02,10,198,0,0.0,0.0,0.0,0.0
R02,10,199,0,0.0,0.0,0.0,0.0
R02,10,200,0,0.0,0.0,0.0,0.0
R02,10,201,0,0.0,0.0,0.0,0.0
R02,10,202,0,0.0,0.0,0.0,0.0
R02,10,203,0,0.0,0.0,0.0,0.0
R02,10,204,0,0.0,0.0,0.0,0.0
R02,10,205,0,0.0,0.0,0.0,0.0
R02,10,206,0,0.0,0.0,0.0,0.0
R02,10,207,0,0.0,0.0,0.0,0.0
R02,10,208,0,0.0,0.0,0.0,0.0
R02,10,209,0,0.0,0.0,0.0,0.0
R02,10,210,0,0.0,0.0,0.0,0.0
R02,10,211,0,0.0,0.0,0.0,0.0
R02,10,212,0,0.0,0.0,0.0,0.0
R02,10,213,0,0.0,0.0,0.0,0.0
R02,10,214,0,0.0,0.0,0.0,0.0
R02,10,215,0,0.0,0.0,0.0,0.0
R02,10,216,0,0.0,0.0,0.0,0.0
R02,10,217,0,0.0,0.0,0.0,0.0
R02,10,218,0,0.0,0.0,0.0,0.0
R02,10,219,0,0.0,0.0,0.0,0.0
R02,10,220,0,0.0,0.0,0.0,0.0
R02,10,221,0,0.0,0.0,0.0,0.0
R02,10,222,0,0.0,0.0,0.0,0.0
R02,10,223,0,0.0,0.0,0.0,0.0
R02,10,224,0,0.0,0.0,0.0,0.0
R02,10,225,0,0.0,0.0,0.0,0.0
R02,10,226,0,0.0,0.0,0.0,0.0
R02,10,227,0,0.0,0.0,0.0,0.0
R02,10,228,0,0.0,0.0,0.0,0.0
R02,10,229,0,0.0,0.0,0.0,0.0
R02,10,230,0,0.0,0.0,0.0,0.0
R02,10,231,0,0.0,0.0,0.0,0.0
R02,10,232,0,0.0,0.0,0.0,0.0
R02,10,233,0,0.0,0.0,0.0,0.0
R02,10,234,0,0.0,0.0,0.0,0.0
R02,10,235,0,0.0,0.0,0.0,0.0
R02,10,236,0,0.0,0.0,0.0,0.0
R02,10,237,0,0.0,0.0,0.0,0.0
R02,10,238,0,0.0,0.0,0.0,0.0
R02,10,239,0,0.0,0.0,0.0,0.0
R02,10,240,0,0.0,0.0,0.0,0.0
R02,10,241,0,0.0,0.0,0.0,0.0
R02,10,242,0,0.0,0.0,0.0,0.0
R02,10,243,0,0.0,0.0,0.0,0.0
R02,10,244,0,0.0,0.0,0.0,0.0
R02,10,245,0,0.0,0.0,0.0,0.0
R02,10,246,0,0.0,0.0,0.0,0.0
R02,10,247,0,0.0,0.0,0.0,0.0
R02,10,248,0,0.0,0.0,0.0,0.0
R02,10,249,0,0.0,0.0,0.0,0.0
R02,10,250,0,0.0,0.0,0.0,0.0
R02,10,251,0,0.0,0.0,0.0,0.0
R02,10,252,0,0.0,0.0,0.0,0.0
R02,10,253,0,0.0,0.0,0.0,0.0
R02,10,254,0,0.0,0.0,0.0,0.0
R02,10,255,0,0.0,0.0,0.0,0.0
R02,10,256,0,0.0,0.0,0.0,0.0
R02,10,257,0,0.0,0.0,0.0,0.0
R02,10,258,0,0.0,0.0,0.0,0.0
R02,10,259,0,0.0,0.0,0.0,0.0
R02,10,260,0,0.0,0.0,0.0,0.0
R02,10,261,0,0.0,0.0,0.0,0.0
R02,10,262,0,0.0,0.0,0.0,0.0
R02,10,263,0,0.0,0.0,0.0,0.0
R02,10,264,0,0.0,0.0,0.0,0.0
R02,10,265,0,0.0,0.0,0.0,0.0
R02,10,266,0,0.0,0.0,0.0,0.0
R02,10,267,0,0.0,0.0,0.0,0.0
R02,10,268,0,0.0,0.0,0.0,0.0
R02,10,269,0,0.0,0.0,0.0,0.0
R02,10,270,0,0.0,0.0,0.0,0.0
R02,10,271,0,0.0,0.0,0.0,0.0
R02,10,272,0,0.0,0.0,0.0,0.0
R02,10,273,0,0.0,0.0,0.0,0.0
R02,10,274,0,0.0,0.0,0.0,0.0
R02,10,275,0,0.0,0.0,0.0,0.0
R02,10,276,0,0.0,0.0,0.0,0.0
R02,10,277,0,0.0,0.0,0.0,0.0
R02,10,278,0,0.0,0.0,0.0,0.0
R02,10,279,0,0.0,0.0,0.0,0.0
R02,10,280,0,0.0,0.0,0.0,0.0
R02,10,281,0,0.0,0.0,0.0,0.0
R02,10,282,0,0.0,0.0,0.0,0.0
R02,10,283,0,0.0,0.0,0.0,0.0
R02,10,284,0,0.0,0.0,0.0,0.0
R02,10,285,0,0.0,0.0,0.0,0.0
R02,10,286,0,0.0,0.0,0.0,0.0
R02,10,287,0,0.0,0.0,0.0,0.0
R02,10,288,0,0.0,0.0,0.0,0.0
R02,10,289,0,0.0,0.0,0.0,0.0
R02,10,290,0,0.0,0.0,0.0,0.0
R02,10,291,0,0.0,0.0,0.0,0.0
R02,10,292,0,0.0,0.0,0.0,0.0
R02,10,293,0,0.0,0.0,0.0,0.0
R02,10,294,0,0.0,0.0,0.0,0.0
R02,10,295,0,0.0,0.0,0.0,0.0
R02,10,296,0,0.0,0.0,0.0,0.0
R02,10,297,0,0.0,0.0,0.0,0.0
R02,10,298,0,0.0,0.0,0.0,0.0
R02,10,299,0,0.0,0.0,0.0,0.0
R02,10,300,1,0.0,0.0,0.0,0.0
R02,10,301,1,0.0,0.0,0.0,0.0
R02,10,302,1,0.0,0.0,0.0,0.0
R02,10,303,1,0.0,0.0,0.0,0.0
R02,10,304,1,0.0,0.0,0.0,0.0
R02,10,305,1,0.0,0.0,0.0,0.0
R02,10,306,1,0.0,0.0,0.0,0.0
R02,10,307,1,0.0,0.0,0.0,0.0
R02,10,308,1,0.0,0.0,0.0,0.0
R02,10,309,1,0.0,0.0,0.0,0.0
R02,10,310,1,0.0,0.0,0.0,0.0
R02,10,311,1,0.0,0.0,0.0,0.0
R02,10,312,1,0.0,0.0,0.0,0.0
R02,10,313,1,0.0,0.0,0.0,0.0
R02,10,314,1,0.0,0.0,0.0,0.0
R02,10,315,1,0.0,0.0,0.0,0.0
R02,10,316,1,0.0,0.0,0.0,0.0
R02,10,317,1,0.0,0.0,0.0,0.0
R02,10,318,1,0.0,0.0,0.0,0.0
R02,10,319,1,0.0,0.0,0.0,0.0
R02,10,320,1,0.0,0.0,0.0,0.0
R02,10,321,1,0.0,0.0,0.0,0.0
R02,10,322,1,0.0,0.0,0.0,0.0
R02,10,323,1,0.0,0.0,0.0,0.0
R02,10,324,1,0.0,0.0,0.0,0.0
R02,10,325,1,0.0,0.0,0.0,0.0
R02,10,326,1,0.0,0.0,0.0,0.0
R02,10,327,1,0.0,0.0,0.0,0.0
R02,10,328,1,0.0,0.0,0.0,0.0
R02,10,329,1,0.0,0.0,0.0,0.0
R02,10,330,1,0.0,0.0,0.0,0.0
R02,10,331,1,0.0,0.0,0.0,0.0
R02,10,332,1,0.0,0.0,0.0,0.0
R02,10,333,1,0.0,0.0,0.0,0.0
R02,10,334,1,0.0,0.0,0.0,0.0
R02,10,335,1,0.0,0.0,0.0,0.0
R02,10,336,1,0.0,0.0,0.0,0.0
R02,10,337,1,0.0,0.0,0.0,0.0
R02,10,338,1,0.0,0.0,0.0,0.0
R02,10,339,1,0.0,0.0,0.0,0.0
R02,10,340,1,0.0,0.0,0.0,0.0
R02,10,341,1,0.0,0.0,0.0,0.0
R02,10,342,1,0.0,0.0,0.0,0.0
R02,10,343,1,0.0,0.0,0.0,0.0
R02,10,344,1,0.0,0.0,0.0,0.0
R02,10,345,1,0.0,0.0,0.0,0.0
R02,10,346,1,0.0,0.0,0.0,0.0
R02,10,347,1,0.0,0.0,0.0,0.0
R02,10,348,1,0.0,0.0,0.0,0.0
R02,10,349,1,0.0,0.0,0.0,0.0
R02,10,350,1,0.0,0.0,0.0,0.0
R02,10,351,1,0.0,0.0,0.0,0.0
R02,10,352,1,0.0,0.0,0.0,0.0
R02,10,353,1,0.0,0.0,0.0,0.0
R02,10,354,1,0.0,0.0,0.0,0.0
R02,10,355,1,0.0,0.0,0.0,0.0
R02,10,356,1,0.0,0.0,0.0,0.0
R02,10,357,1,0.0,0.0,0.0,0.0
R02,10,358,1,0.0,0.0,0.0,0.0
R02,10,359,1,0.0,0.0,0.0,0.0
R02,10,360,1,0.0,0.0,0.0,0.0
R02,10,361,1,0.0,0.0,0.0,0.0
R02,10,362,1,0.0,0.0,0.0,0.0
R02,10,363,1,0.0,0.0,0.0,0.0
R02,10,364,1,0.0,0.0,0.0,0.0
R02,10,365,1,0.0,0.0,0.0,0.0
R02,10,366,1,0.0,0.0,0.0,0.0
R02,10,367,1,0.0,0.0,0.0,0.0
R02,10,368,1,0.0,0.0,0.0,0.0
R02,10,369,1,0.0,0.0,0.0,0.0
R02,10,370,1,0.0,0.0,0.0,0.0
R02,10,371,1,0.0,0.0,0.0,0.0
R02,10,372,1,0.0,0.0,0.0,0.0
R02,10,373,1,0.0,0.0,0.0,0.0
R02,10,374,1,0.0,0.0,0.0,0.0
R02,10,375,1,0.0,0.0,0.0,0.0
R02,10,376,1,0.0,0.0,0.0,0.0
R02,10,377,1,0.0,0.0,0.0,0.0
R02,10,378,1,0.0,0.0,0.0,0.0
R02,10,379,1,0.0,0.0,0.0,0.0
R02,10,380,1,0.0,0.0,0.0,0.0
R02,10,381,1,0.0,0.0,0.0,0.0
R02,10,382,1,0.0,0.0,0.0,0.0
R02,10,383,1,0.0,0.0,0.0,0.0
R02,10,384,1,0.0,0.0,0.0,0.0
R02,10,385,1,0.0,0.0,0.0,0.0
R02,10,386,1,0.0,0.0,0.0,0.0
R02,10,387,1,0.0,0.0,0.0,0.0
R02,10,388,1,0.0,0.0,0.0,0.0
R02,10,389,1,0.0,0.0,0.0,0.0
R02,10,390,1,0.0,0.0,0.0,0.0
R02,10,391,1,0.0,0.0,0.0,0.0
R02,10,392,1,0.0,0.0,0.0,0.0
R02,10,393,1,0.0,0.0,0.0,0.0
R02,10,394,1,0.0,0.0,0.0,0.0
R02,10,395,1,0.0,0.0,0.0,0.0
R02,10,396,1,0.0,0.0,0.0,0.0
R02,10,397,1,0.0,0.0,0.0,0.0
R02,10,398,1,0.0,0.0,0.0,0.0
R02,10,399,1,0.0,0.0,0.0,0.0
R02,10,400,1,0.0,0.0,0.0,0.0
R02,10,401,1,0.0,0.0,0.0,0.0
R02,10,402,1,0.0,0.0,0.0,0.0
R02,10,403,1,0.0,0.0,0.0,0.0
R02,10,404,1,0.0,0.0,0.0,0.0
R02,10,405,1,0.0,0.0,0.0,0.0
R02,10,406,1,0.0,0.0,0.0,0.0
R02,10,407,1,0.0,0.0,0.0,0.0
R02,10,408,1,0.0,0.0,0.0,0.0
R02,10,409,1,0.0,0.0,0.0,0.0
R02,10,410,1,0.0,0.0,0.0,0.0
R02,10,411,1,0.0,0.0,0.0,0.0
R02,10,412,1,0.0,0.0,0.0,0.0
R02,10,413,1,0.0,0.0,0.0,0.0
R02,10,414,1,0.0,0.0,0.0,0.0
R02,10,415,1,0.0,0.0,0.0,0.0
R02,10,416,1,0.0,0.0,0.0,0.0
R02,10,417,1,0.0,0.0,0.0,0.0
R02,10,418,1,0.0,0.0,0.0,0.0
R02,10,419,1,0.0,0.0,0.0,0.0
R02,10,420,1,0.0,0.0,0.0,0.0
R02,10,421,1,0.0,0.0,0.0,0.0
R02,10,422,1,0.0,0.0,0.0,0.0
R02,10,423,1,0.0,0.0,0.0,0.0
R02,10,424,1,0.0,0.0,0.0,0.0
R02,10,425,1,0.0,0.0,0.0,0.0
R02,10,426,1,0.0,0.0,0.0,0.0
R02,10,427,1,0.0,0.0,0.0,0.0
R02,10,428,1,0.0,0.0,0.0,0.0
R02,10,429,1,0.0,0.0,0.0,0.0
R02,10,430,1,0.0,0.0,0.0,0.0
R02,10,431,1,0.0,0.0,0.0,0.0
R02,10,432,1,0.0,0.0,0.0,0.0
R02,10,433,1,0.0,0.0,0.0,0.0
R02,10,434,1,0.0,0.0,0.0,0.0
R02,10,435,1,0.0,0.0,0.0,0.0
R02,10,436,1,0.0,0.0,0.0,0.0
R02,10,437,1,0.0,0.0,0.0,0.0
R02,10,438,1,0.0,0.0,0.0,0.0
R02,10,439,1,0.0,0.0,0.0,0.0
R02,10,440,1,0.0,0.0,0.0,0.0
R02,10,441,1,0.0,0.0,0.0,0.0
R02,10,442,1,0.0,0.0,0.0,0.0
R02,10,443,1,0.0,0.0,0.0,0.0
R02,10,444,1,0.0,0.0,0.0,0.0
R02,10,445,1,0.0,0.0,0.0,0.0
R02,10,446,1,0.0,0.0,0.0,0.0
R02,10,447,1,0.0,0.0,0.0,0.0
R02,10,448,1,0.0,0.0,0.0,0.0
R02,10,449,1,0.0,0.0,0.0,0.0
R02,10,450,1,0.0,0.0,0.0,0.0
R02,10,451,1,0.0,0.0,0.0,0.0
R02,10,452,1,0.0,0.0,0.0,0.0
R02,10,453,1,0.0,0.0,0.0,0.0
R02,10,454,1,0.0,0.0,0.0,0.0
R02,10,455,1,0.0,0.0,0.0,0.0
R02,10,456,1,0.0,0.0,0.0,0.0
R02,10,457,1,0.0,0.0,0.0,0.0
R02,10,458,1,0.0,0.0,0.0,0.0
R02,10,459,1,0.0,0.0,0.0,0.0
R02,10,460,1,0.0,0.0,0.0,0.0
R02,10,461,1,0.0,0.0,0.0,0.0
R02,10,462,1,0.0,0.0,0.0,0.0
R02,10,463,1,0.0,0.0,0.0,0.0
R02,10,464,1,0.0,0.0,0.0,0.0
R02,10,465,1,0.0,0.0,0.0,0.0
R02,10,466,1,0.0,0.0,0.0,0.0
R02,10,467,1,0.0,0.0,0.0,0.0
R02,10,468,1,0.0,0.0,0.0,0.0
R02,10,469,1,0.0,0.0,0.0,0.0
R02,10,470,1,0.0,0.0,0.0,0.0
R02,10,471,1,0.0,0.0,0.0,0.0
R02,10,472,1,0.0,0.0,0.0,0.0
R02,10,473,1,0.0,0.0,0.0,0.0
R02,10,474,1,0.0,0.0,0.0,0.0
R02,10,475,1,0.0,0.0,0.0,0.0
R02,10,476,1,0.0,0.0,0.0,0.0
R02,10,477,1,0.0,0.0,0.0,0.0
R02,10,478,1,0.0,0.0,0.0,0.0
R02,10,479,1,0.0,0.0,0.0,0.0
R02,10,480,1,0.0,0.0,0.0,0.0
R02,10,481,1,0.0,0.0,0.0,0.0
R02,10,482,1,0.0,0.0,0.0,0.0
R02,10,483,1,0.0,0.0,0.0,0.0
R02,10,484,1,0.0,0.0,0.0,0.0
R02,10,485,1,0.0,0.0,0.0,0.0
R02,10,486,1,0.0,0.0,0.0,0.0
R02,10,487,1,0.0,0.0,0.0,0.0
R02,10,488,1,0.0,0.0,0.0,0.0
R02,10,489,1,0.0,0.0,0.0,0.0
R02,10,490,1,0.0,0.0,0.0,0.0
R02,10,491,1,0.0,0.0,0.0,0.0
R02,10,492,1,0.0,0.0,0.0,0.0
R02,10,493,1,0.0,0.0,0.0,0.0
R02,10,494,1,0.0,0.0,0.0,0.0
R02,10,495,1,0.0,0.0,0.0,0.0
R02,10,496,1,0.0,0.0,0.0,0.0
R02,10,497,1,0.0,0.0,0.0,0.0
R02,10,498,1,0.0,0.0,0.0,0.0
R02,10,499,1,0.0,0.0,0.0,0.0
R02,10,500,1,0.0,0.0,0.0,0.0
R02,10,501,1,0.0,0.0,0.0,0.0
R02,10,502,1,0.0,0.0,0.0,0.0
R02,10,503,1,0.0,0.0,0.0,0.0
R02,10,504,1,0.0,0.0,0.0,0.0
R02,10,505,1,0.0,0.0,0.0,0.0
R02,10,506,1,0.0,0.0,0.0,0.0
R02,10,507,1,0.0,0.0,0.0,0.0
R02,10,508,1,0.0,0.0,0.0,0.0
R02,10,509,1,0.0,0.0,0.0,0.0
R02,10,510,1,0.0,0.0,0.0,0.0
R02,10,511,1,0.0,0.0,0.0,0.0
R02,10,512,1,0.0,0.0,0.0,0.0
R02,10,513,1,0.0,0.0,0.0,0.0
R02,10,514,1,0.0,0.0,0.0,0.0
R02,10,515,1,0.0,0.0,0.0,0.0
R02,10,516,1,0.0,0.0,0.0,0.0
R02,10,517,1,0.0,0.0,0.0,0.0
R02,10,518,1,0.0,0.0,0.0,0.0
R02,10,519,1,0.0,0.0,0.0,0.0
R02,10,520,1,0.0,0.0,0.0,0.0
R02,10,521,1,0.0,0.0,0.0,0.0
R02,10,522,1,0.0,0.0,0.0,0.0
R02,10,523,1,0.0,0.0,0.0,0.0
R02,10,524,1,0.0,0.0,0.0,0.0
R02,10,525,1,0.0,0.0,0.0,0.0
R02,10,526,1,0.0,0.0,0.0,0.0
R02,10,527,1,0.0,0.0,0.0,0.0
R02,10,528,1,0.0,0.0,0.0,0.0
R02,10,529,1,0.0,0.0,0.0,0.0
R02,10,530,1,0.0,0.0,0.0,0.0
R02,10,531,1,0.0,0.0,0.0,0.0
R02,10,532,1,0.0,0.0,0.0,0.0
R02,10,533,1,0.0,0.0,0.0,0.0
R02,10,534,1,0.0,0.0,0.0,0.0
R02,10,535,1,0.0,0.0,0.0,0.0
R02,10,536,1,0.0,0.0,0.0,0.0
R02,10,537,1,0.0,0.0,0.0,0.0
R02,10,538,1,0.0,0.0,0.0,0.0
R02,10,539,1,0.0,0.0,0.0,0.0
R02,10,540,1,0.0,0.0,0.0,0.0
R02,10,541,1,0.0,0.0,0.0,0.0
R02,10,542,1,0.0,0.0,0.0,0.0
R02,10,543,1,0.0,0.0,0.0,0.0
R02,10,544,1,0.0,0.0,0.0,0.0
R02,10,545,1,0.0,0.0,0.0,0.0
R02,10,546,1,0.0,0.0,0.0,0.0
R02,10,547,1,0.0,0.0,0.0,0.0
R02,10,548,1,0.0,0.0,0.0,0.0
R02,10,549,1,0.0,0.0,0.0,0.0
R02,10,550,1,0.0,0.0,0.0,0.0
R02,10,551,1,0.0,0.0,0.0,0.0
R02,10,552,1,0.0,0.0,0.0,0.0
R02,10,553,1,0.0,0.0,0.0,0.0
R02,10,554,1,0.0,0.0,0.0,0.0
R02,10,555,1,0.0,0.0,0.0,0.0
R02,10,556,1,0.0,0.0,0.0,0.0
R02,10,557,1,0.0,0.0,0.0,0.0
R02,10,558,1,0.0,0.0,0.0,0.0
R02,10,559,1,0.0,0.0,0.0,0.0
R02,10,560,1,0.0,0.0,0.0,0.0
R02,10,561,1,0.0,0.0,0.0,0.0
R02,10,562,1,0.0,0.0,0.0,0.0
R02,10,563,1,0.0,0.0,0.0,0.0
R02,10,564,1,0.0,0.0,0.0,0.0
R02,10,565,1,0.0,0.0,0.0,0.0
R02,10,566,1,0.0,0.0,0.0,0.0
R02,10,567,1,0.0,0.0,0.0,0.0
R02,10,568,1,0.0,0.0,0.0,0.0
R02,10,569,1,0.0,0.0,0.0,0.0
R02,10,570,1,0.0,0.0,0.0,0.0
R02,10,571,1,0.0,0.0,0.0,0.0
R02,10,572,1,0.0,0.0,0.0,0.0
R02,10,573,1,0.0,0.0,0.0,0.0
R02,10,574,1,0.0,0.0,0.0,0.0
R02,10,575,1,0.0,0.0,0.0,0.0
R02,10,576,1,0.0,0.0,0.0,0.0
R02,10,577,1,0.0,0.0,0.0,0.0
R02,10,578,1,0.0,0.0,0.0,0.0
R02,10,579,1,0.0,0.0,0.0,0.0
R02,10,580,1,0.0,0.0,0.0,0.0
R02,10,581,1,0.0,0.0,0.0,0.0
R02,10,582,1,0.0,0.0,0.0,0.0
R02,10,583,1,0.0,0.0,0.0,0.0
R02,10,584,1,0.0,0.0,0.0,0.0
R02,10,585,1,0.0,0.0,0.0,0.0
R02,10,586,1,0.0,0.0,0.0,0.0
R02,10,587,1,0.0,0.0,0.0,0.0
R02,10,588,1,0.0,0.0,0.0,0.0
R02,10,589,1,0.0,0.0,0.0,0.0
R02,10,590,1,0.0,0.0,0.0,0.0
R02,10,591,1,0.0,0.0,0.0,0.0
R02,10,592,1,0.0,0.0,0.0,0.0
R02,10,593,1,0.0,0.0,0.0,0.0
R02,10,594,1,0.0,0.0,0.0,0.0
R02,10,595,1,0.0,0.0,0.0,0.0
R02,10,596,1,0.0,0.0,0.0,0.0
R02,10,597,1,0.0,0.0,0.0,0.0
R02,10,598,1,0.0,0.0,0.0,0.0
R02,10,599,1,0.0,0.0,0.0,0.0
R02,10,600,1,0.0,0.0,0.0,0.0
R02,10,601,1,0.0,0.0,0.0,0.0
R02,10,602,1,0.0,0.0,0.0,0.0
R02,10,603,1,0.0,0.0,0.0,0.0
R02,10,604,1,0.0,0.0,0.0,0.0
R02,10,605,1,0.0,0.0,0.0,0.0
R02,10,606,1,0.0,0.0,0.0,0.0
R02,10,607,1,0.0,0.0,0.0,0.0
R02,10,608,1,0.0,0.0,0.0,0.0
R02,10,609,1,0.0,0.0,0.0,0.0
R02,10,610,1,0.0,0.0,0.0,0.0
R02,10,611,1,0.0,0.0,0.0,0.0
R02,11,0,0,0.0,0.0,0.0,0.0
R02,11,1,0,0.0,0.0,0.0,0.0
R02,11,2,0,0.0,0.0,0.0,0.0
R02,11,3,0,0.0,0.0,0.0,0.0
R02,11,4,0,0.0,0.0,0.0,0.0
R02,11,5,0,0.0,0.0,0.0,0.0
R02,11,6,0,0.0,0.0,0.0,0.0
R02,11,7,0,0.0,0.0,0.0,0.0
R02,11,8,0,0.0,0.0,0.0,0.0
R02,11,9,0,0.0,0.0,0.0,0.0
R02,11,10,0,0.0,0.0,0.0,0.0
R02,11,11,0,0.0,0.0,0.0,0.0
R02,11,12,0,0.0,0.0,0.0,0.0
R02,11,13,0,0.0,0.0,0.0,0.0
R02,11,14,0,0.0,0.0,0.0,0.0
R02,11,15,0,0.0,0.0,0.0,0.0
R02,11,16,0,0.0,0.0,0.0,0.0
R02,11,17,0,0.0,0.0,0.0,0.0
R02,11,18,0,0.0,0.0,0.0,0.0
R02,11,19,0,0.0,0.0,0.0,0.0
R02,11,20,0,0.0,0.0,0.0,0.0
R02,11,21,0,0.0,0.0,0.0,0.0
R02,11,22,0,0.0,0.0,0.0,0.0
R02,11,23,0,0.0,0.0,0.0,0.0
R02,11,24,0,0.0,0.0,0.0,0.0
R02,11,25,0,0.0,0.0,0.0,0.0
R02,11,26,0,0.0,0.0,0.0,0.0
R02,11,27,0,0.0,0.0,0.0,0.0
R02,11,28,0,0.0,0.0,0.0,0.0
R02,11,29,0,0.0,0.0,0.0,0.0
R02,11,30,0,0.0,0.0,0.0,0.0
R02,11,31,0,0.0,0.0,0.0,0.0
R02,11,32,0,0.0,0.0,0.0,0.0
R02,11,33,0,0.0,0.0,0.0,0.0
R02,11,34,0,0.0,0.0,0.0,0.0
R02,11,35,0,0.0,0.0,0.0,0.0
R02,11,36,0,0.0,0.0,0.0,0.0
R02,11,37,0,0.0,0.0,0.0,0.0
R02,11,38,0,0.0,0.0,0.0,0.0
R02,11,39,0,0.0,0.0,0.0,0.0
R02,11,40,0,0.0,0.0,0.0,0.0
R02,11,41,0,0.0,0.0,0.0,0.0
R02,11,42,0,0.0,0.0,0.0,0.0
R02,11,43,0,0.0,0.0,0.0,0.0
R02,11,44,0,0.0,0.0,0.0,0.0
R02,11,45,0,0.0,0.0,0.0,0.0
R02,11,46,0,0.0,0.0,0.0,0.0
R02,11,47,0,0.0,0.0,0.0,0.0
R02,11,48,0,0.0,0.0,0.0,0.0
R02,11,49,0,0.0,0.0,0.0,0.0
R02,11,50,0,0.0,0.0,0.0,0.0
R02,11,51,0,0.0,0.0,0.0,0.0
R02,11,52,0,0.0,0.0,0.0,0.0
R02,11,53,0,0.0,0.0,0.0,0.0
R02,11,54,0,0.0,0.0,0.0,0.0
R02,11,55,0,0.0,0.0,0.0,0.0
R02,11,56,0,0.0,0.0,0.0,0.0
R02,11,57,0,0.0,0.0,0.0,0.0
R02,11,58,0,0.0,0.0,0.0,0.0
R02,11,59,0,0.0,0.0,0.0,0.0
R02,11,60,0,0.0,0.0,0.0,0.0
R02,11,61,0,0.0,0.0,0.0,0.0
R02,11,62,0,0.0,0.0,0.0,0.0
R02,11,63,0,0.0,0.0,0.0,0.0
R02,11,64,0,0.0,0.0,0.0,0.0
R02,11,65,0,0.0,0.0,0.0,0.0
R02,11,66,0,0.0,0.0,0.0,0.0
R02,11,67,0,0.0,0.0,0.0,0.0
R02,11,68,0,0.0,0.0,0.0,0.0
R02,11,69,0,0.0,0.0,0.0,0.0
R02,11,70,0,0.0,0.0,0.0,0.0
R02,11,71,0,0.0,0.0,0.0,0.0
R02,11,72,0,0.0,0.0,0.0,0.0
R02,11,73,0,0.0,0.0,0.0,0.0
R02,11,74,0,0.0,0.0,0.0,0.0
R02,11,75,0,0.0,0.0,0.0,0.0
R02,11,76,0,0.0,0.0,0.0,0.0
R02,11,77,0,0.0,0.0,0.0,0.0
R02,11,78,0,0.0,0.0,0.0,0.0
R02,11,79,0,0.0,0.0,0.0,0.0
R02,11,80,0,0.0,0.0,0.0,0.0
R02,11,81,0,0.0,0.0,0.0,0.0
R02,11,82,0,0.0,0.0,0.0,0.0
R02,11,83,0,0.0,0.0,0.0,0.0
R02,11,84,0,0.0,0.0,0.0,0.0
R02,11,85,0,0.0,0.0,0.0,0.0
R02,11,86,0,0.0,0.0,0.0,0.0
R02,11,87,0,0.0,0.0,0.0,0.0
R02,11,88,0,0.0,0.0,0.0,0.0
R02,11,89,0,0.0,0.0,0.0,0.0
R02,11,90,0,0.0,0.0,0.0,0.0
R02,11,91,0,0.0,0.0,0.0,0.0
R02,11,92,0,0.0,0.0,0.0,0.0
R02,11,93,0,0.0,0.0,0.0,0.0
R02,11,94,0,0.0,0.0,0.0,0.0
R02,11,95,0,0.0,0.0,0.0,0.0
R02,11,96,0,0.0,0.0,0.0,0.0
R02,11,97,0,0.0,0.0,0.0,0.0
R02,11,98,0,0.0,0.0,0.0,0.0
R02,11,99,0,0.0,0.0,0.0,0.0
R02,11,100,0,0.0,0.0,0.0,0.0
R02,11,101,0,0.0,0.0,0.0,0.0
R02,11,102,0,0.0,0.0,0.0,0.0
R02,11,103,0,0.0,0.0,0.0,0.0
R02,11,104,0,0.0,0.0,0.0,0.0
R02,11,105,0,0.0,0.0,0.0,0.0
R02,11,106,0,0.0,0.0,0.0,0.0
R02,11,107,0,0.0,0.0,0.0,0.0
R02,11,108,0,0.0,0.0,0.0,0.0
R02,11,109,0,0.0,0.0,0.0,0.0
R02,11,110,0,0.0,0.0,0.0,0.0
R02,11,111,0,0.0,0.0,0.0,0.0
R02,11,112,0,0.0,0.0,0.0,0.0
R02,11,113,0,0.0,0.0,0.0,0.0
R02,11,114,0,0.0,0.0,0.0,0.0
R02,11,115,0,0.0,0.0,0.0,0.0
R02,11,116,0,0.0,0.0,0.0,0.0
R02,11,117,0,0.0,0.0,0.0,0.0
R02,11,118,0,0.0,0.0,0.0,0.0
R02,11,119,0,0.0,0.0,0.0,0.0
R02,11,120,0,0.0,0.0,0.0,0.0
R02,11,121,0,0.0,0.0,0.0,0.0
R02,11,122,0,0.0,0.0,0.0,0.0
R02,11,123,0,0.0,0.0,0.0,0.0
R02,11,124,0,0.0,0.0,0.0,0.0
R02,11,125,0,0.0,0.0,0.0,0.0
R02,11,126,0,0.0,0.0,0.0,0.0
R02,11,127,0,0.0,0.0,0.0,0.0
R02,11,128,0,0.0,0.0,0.0,0.0
R02,11,129,0,0.0,0.0,0.0,0.0
R02,11,130,0,0.0,0.0,0.0,0.0
R02,11,131,0,0.0,0.0,0.0,0.0
R02,11,132,0,0.0,0.0,0.0,0.0
R02,11,133,0,0.0,0.0,0.0,0.0
R02,11,134,0,0.0,0.0,0.0,0.0
R02,11,135,0,0.0,0.0,0.0,0.0
R02,11,136,0,0.0,0.0,0.0,0.0
R02,11,137,0,0.0,0.0,0.0,0.0
R02,11,138,0,0.0,0.0,0.0,0.0
R02,11,139,0,0.0,0.0,0.0,0.0
R02,11,140,0,0.0,0.0,0.0,0.0
R02,11,141,0,0.0,0.0,0.0,0.0
R02,11,142,0,0.0,0.0,0.0,0.0
R02,11,143,0,0.0,0.0,0.0,0.0
R02,11,144,0,0.0,0.0,0.0,0.0
R02,11,145,0,0.0,0.0,0.0,0.0
R02,11,146,0,0.0,0.0,0.0,0.0
R02,11,147,0,0.0,0.0,0.0,0.0
R02,11,148,0,0.0,0.0,0.0,0.0
R02,11,149,0,0.0,0.0,0.0,0.0
R02,11,150,0,0.0,0.0,0.0,0.0
R02,11,151,0,0.0,0.0,0.0,0.0
R02,11,152,0,0.0,0.0,0.0,0.0
R02,11,153,0,0.0,0.0,0.0,0.0
R02,11,154,0,0.0,0.0,0.0,0.0
R02,11,155,0,0.0,0.0,0.0,0.0
R02,11,156,0,0.0,0.0,0.0,0.0
R02,11,157,0,0.0,0.0,0.0,0.0
R02,11,158,0,0.0,0.0,0.0,0.0
R02,11,159,0,0.0,0.0,0.0,0.0
R02,11,160,0,0.0,0.0,0.0,0.0
R02,11,161,0,0.0,0.0,0.0,0.0
R02,11,162,0,0.0,0.0,0.0,0.0
R02,11,163,0,0.0,0.0,0.0,0.0
R02,11,164,0,0.0,0.0,0.0,0.0
R02,11,165,0,0.0,0.0,0.0,0.0
R02,11,166,0,0.0,0.0,0.0,0.0
R02,11,167,0,0.0,0.0,0.0,0.0
R02,11,168,0,0.0,0.0,0.0,0.0
R02,11,169,0,0.0,0.0,0.0,0.0
R02,11,170,0,0.0,0.0,0.0,0.0
R02,11,171,0,0.0,0.0,0.0,0.0
R02,11,172,0,0.0,0.0,0.0,0.0
R02,11,173,0,0.0,0.0,0.0,0.0
R02,11,174,0,0.0,0.0,0.0,0.0
R02,11,175,0,0.0,0.0,0.0,0.0
R02,11,176,0,0.0,0.0,0.0,0.0
R02,11,177,0,0.0,0.0,0.0,0.0
R02,11,178,0,0.0,0.0,0.0,0.0
R02,11,179,0,0.0,0.0,0.0,0.0
R02,11,180,0,0.0,0.0,0.0,0.0
R02,11,181,0,0.0,0.0,0.0,0.0
R02,11,182,0,0.0,0.0,0.0,0.0
R02,11,183,0,0.0,0.0,0.0,0.0
R02,11,184,0,0.0,0.0,0.0,0.0
R02,11,185,0,0.0,0.0,0.0,0.0
R02,11,186,0,0.0,0.0,0.0,0.0
R02,11,187,0,0.0,0.0,0.0,0.0
R02,11,188,0,0.0,0.0,0.0,0.0
R02,11,189,0,0.0,0.0,0.0,0.0
R02,11,190,0,0.0,0.0,0.0,0.0
R02,11,191,0,0.0,0.0,0.0,0.0
R02,11,192,0,0.0,0.0,0.0,0.0
R02,11,193,0,0.0,0.0,0.0,0.0
R02,11,194,0,0.0,0.0,0.0,0.0
R02,11,195,0,0.0,0.0,0.0,0.0
R02,11,196,0,0.0,0.0,0.0,0.0
R02,11,197,0,0.0,0.0,0.0,0.0
R02,11,198,0,0.0,0.0,0.0,0.0
R02,11,199,0,0.0,0.0,0.0,0.0
R02,11,200,0,0.0,0.0,0.0,0.0
R02,11,201,0,0.0,0.0,0.0,0.0
R02,11,202,0,0.0,0.0,0.0,0.0
R02,11,203,0,0.0,0.0,0.0,0.0
R02,11,204,0,0.0,0.0,0.0,0.0
R02,11,205,0,0.0,0.0,0.0,0.0
R02,11,206,0,0.0,0.0,0.0,0.0
R02,11,207,0,0.0,0.0,0.0,0.0
R02,11,208,0,0.0,0.0,0.0,0.0
R02,11,209,0,0.0,0.0,0.0,0.0
R02,11,210,0,0.0,0.0,0.0,0.0
R02,11,211,0,0.0,0.0,0.0,0.0
R02,11,212,0,0.0,0.0,0.0,0.0
R02,11,213,0,0.0,0.0,0.0,0.0
R02,11,214,0,0.0,0.0,0.0,0.0
R02,11,215,0,0.0,0.0,0.0,0.0
R02,11,216,0,0.0,0.0,0.0,0.0
R02,11,217,0,0.0,0.0,0.0,0.0
R02,11,218,0,0.0,0.0,0.0,0.0
R02,11,219,0,0.0,0.0,0.0,0.0
R02,11,220,0,0.0,0.0,0.0,0.0
R02,11,221,0,0.0,0.0,0.0,0.0
R02,11,222,0,0.0,0.0,0.0,0.0
R02,11,223,0,0.0,0.0,0.0,0.0
R02,11,224,0,0.0,0.0,0.0,0.0
R02,11,225,0,0.0,0.0,0.0,0.0
R02,11,226,0,0.0,0.0,0.0,0.0
R02,11,227,0,0.0,0.0,0.0,0.0
R02,11,228,0,0.0,0.0,0.0,0.0
R02,11,229,0,0.0,0.0,0.0,0.0
R02,11,230,0,0.0,0.0,0.0,0.0
R02,11,231,0,0.0,0.0,0.0,0.0
R02,11,232,0,0.0,0.0,0.0,0.0
R02,11,233,0,0.0,0.0,0.0,0.0
R02,11,234,0,0.0,0.0,0.0,0.0
R02,11,235,0,0.0,0.0,0.0,0.0
R02,11,236,0,0.0,0.0,0.0,0.0
R02,11,237,0,0.0,0.0,0.0,0.0
R02,11,238,0,0.0,0.0,0.0,0.0
R02,11,239,0,0.0,0.0,0.0,0.0
R02,11,240,0,0.0,0.0,0.0,0.0
R02,11,241,0,0.0,0.0,0.0,0.0
R02,11,242,0,0.0,0.0,0.0,0.0
R02,11,243,0,0.0,0.0,0.0,0.0
R02,11,244,0,0.0,0.0,0.0,0.0
R02,11,245,0,0.0,0.0,0.0,0.0
R02,11,246,0,0.0,0.0,0.0,0.0
R02,11,247,0,0.0,0.0,0.0,0.0
R02,11,248,0,0.0,0.0,0.0,0.0
R02,11,249,0,0.0,0.0,0.0,0.0
R02,11,250,0,0.0,0.0,0.0,0.0
R02,11,251,0,0.0,0.0,0.0,0.0
R02,11,252,0,0.0,0.0,0.0,0.0
R02,11,253,0,0.0,0.0,0.0,0.0
R02,11,254,0,0.0,0.0,0.0,0.0
R02,11,255,0,0.0,0.0,0.0,0.0
R02,11,256,0,0.0,0.0,0.0,0.0
R02,11,257,0,0.0,0.0,0.0,0.0
R02,11,258,0,0.0,0.0,0.0,0.0
R02,11,259,0,0.0,0.0,0.0,0.0
R02,11,260,0,0.0,0.0,0.0,0.0
R02,11,261,0,0.0,0.0,0.0,0.0
R02,11,262,0,0.0,0.0,0.0,0.0
R02,11,263,0,0.0,0.0,0.0,0.0
R02,11,264,0,0.0,0.0,0.0,0.0
R02,11,265,0,0.0,0.0,0.0,0.0
R02,11,266,0,0.0,0.0,0.0,0.0
R02,11,267,0,0.0,0.0,0.0,0.0
R02,11,268,0,0.0,0.0,0.0,0.0
R02,11,269,0,0.0,0.0,0.0,0.0
R02,11,270,0,0.0,0.0,0.0,0.0
R02,11,271,0,0.0,0.0,0.0,0.0
R02,11,272,0,0.0,0.0,0.0,0.0
R02,11,273,0,0.0,0.0,0.0,0.0
R02,11,274,0,0.0,0.0,0.0,0.0
R02,11,275,0,0.0,0.0,0.0,0.0
R02,11,276,0,0.0,0.0,0.0,0.0
R02,11,277,0,0.0,0.0,0.0,0.0
R02,11,278,0,0.0,0.0,0.0,0.0
R02,11,279,0,0.0,0.0,0.0,0.0
R02,11,280,0,0.0,0.0,0.0,0.0
R02,11,281,0,0.0,0.0,0.0,0.0
R02,11,282,0,0.0,0.0,0.0,0.0
R02,11,283,0,0.0,0.0,0.0,0.0
R02,11,284,0,0.0,0.0,0.0,0.0
R02,11,285,0,0.0,0.0,0.0,0.0
R02,11,286,0,0.0,0.0,0.0,0.0
R02,11,287,0,0.0,0.0,0.0,0.0
R02,11,288,0,0.0,0.0,0.0,0.0
R02,11,289,0,0.0,0.0,0.0,0.0
R02,11,290,0,0.0,0.0,0.0,0.0
R02,11,291,0,0.0,0.0,0.0,0.0
R02,11,292,0,0.0,0.0,0.0,0.0
R02,11,293,0,0.0,0.0,0.0,0.0
R02,11,294,0,0.0,0.0,0.0,0.0
R02,11,295,0,0.0,0.0,0.0,0.0
R02,11,296,0,0.0,0.0,0.0,0.0
R02,11,297,0,0.0,0.0,0.0,0.0
R02,11,298,0,0.0,0.0,0.0,0.0
R02,11,299,0,0.0,0.0,0.0,0.0
R02,11,300,0,0.0,0.0,0.0,0.0
R02,11,301,0,0.0,0.0,0.0,0.0
R02,11,302,0,0.0,0.0,0.0,0.0
R02,11,303,0,0.0,0.0,0.0,0.0
R02,11,304,0,0.0,0.0,0.0,0.0
R02,11,305,0,0.0,0.0,0.0,0.0
R02,11,306,0,0.0,0.0,0.0,0.0
R02,11,307,0,0.0,0.0,0.0,0.0
R02,11,308,0,0.0,0.0,0.0,0.0
R02,11,309,0,0.0,0.0,0.0,0.0
R02,11,310,0,0.0,0.0,0.0,0.0
R02,11,311,0,0.0,0.0,0.0,0.0
R02,11,312,0,0.0,0.0,0.0,0.0
R02,11,313,0,0.0,0.0,0.0,0.0
R02,11,314,0,0.0,0.0,0.0,0.0
R02,11,315,0,0.0,0.0,0.0,0.0
R02,11,316,0,0.0,0.0,0.0,0.0
R02,11,317,0,0.0,0.0,0.0,0.0
R02,11,318,0,0.0,0.0,0.0,0.0
R02,11,319,0,0.0,0.0,0.0,0.0
R02,11,320,0,0.0,0.0,0.0,0.0
R02,11,321,0,0.0,0.0,0.0,0.0
R02,11,322,0,0.0,0.0,0.0,0.0
R02,11,323,0,0.0,0.0,0.0,0.0
R02,11,324,0,0.0,0.0,0.0,0.0
R02,11,325,0,0.0,0.0,0.0,0.0
R02,11,326,0,0.0,0.0,0.0,0.0
R02,11,327,0,0.0,0.0,0.0,0.0
R02,11,328,0,0.0,0.0,0.0,0.0
R02,11,329,0,0.0,0.0,0.0,0.0
R02,11,330,0,0.0,0.0,0.0,0.0
R02,11,331,0,0.0,0.0,0.0,0.0
R02,11,332,0,0.0,0.0,0.0,0.0
R02,11,333,0,0.0,0.0,0.0,0.0
R02,11,334,0,0.0,0.0,0.0,0.0
R02,11,335,0,0.0,0.0,0.0,0.0
R02,11,336,0,0.0,0.0,0.0,0.0
R02,11,337,0,0.0,0.0,0.0,0.0
R02,11,338,0,0.0,0.0,0.0,0.0
R02,11,339,0,0.0,0.0,0.0,0.0
R02,11,340,0,0.0,0.0,0.0,0.0
R02,11,341,0,0.0,0.0,0.0,0.0
R02,11,342,0,0.0,0.0,0.0,0.0
R02,11,343,0,0.0,0.0,0.0,0.0
R02,11,344,0,0.0,0.0,0.0,0.0
R02,11,345,0,0.0,0.0,0.0,0.0
R02,11,346,0,0.0,0.0,0.0,0.0
R02,11,347,0,0.0,0.0,0.0,0.0
R02,11,348,0,0.0,0.0,0.0,0.0
R02,11,349,0,0.0,0.0,0.0,0.0
R02,11,350,1,0.0,0.0,0.0,0.0
R02,11,351,1,0.0,0.0,0.0,0.0
R02,11,352,1,0.0,0.0,0.0,0.0
R02,11,353,1,0.0,0.0,0.0,0.0
R02,11,354,1,0.0,0.0,0.0,0.0
R02,11,355,1,0.0,0.0,0.0,0.0
R02,11,356,1,0.0,0.0,0.0,0.0
R02,11,357,1,0.0,0.0,0.0,0.0
R02,11,358,1,0.0,0.0,0.0,0.0
R02,11,359,1,0.0,0.0,0.0,0.0
R02,11,360,1,0.0,0.0,0.0,0.0
R02,11,361,1,0.0,0.0,0.0,0.0
R02,11,362,1,0.0,0.0,0.0,0.0
R02,11,363,1,0.0,0.0,0.0,0.0
R02,11,364,1,0.0,0.0,0.0,0.0
R02,11,365,1,0.0,0.0,0.0,0.0
R02,11,366,1,0.0,0.0,0.0,0.0
R02,11,367,1,0.0,0.0,0.0,0.0
R02,11,368,1,0.0,0.0,0.0,0.0
R02,11,369,1,0.0,0.0,0.0,0.0
R02,11,370,1,0.0,0.0,0.0,0.0
R02,11,371,1,0.0,0.0,0.0,0.0
R02,11,372,1,0.0,0.0,0.0,0.0
R02,11,373,1,0.0,0.0,0.0,0.0
R02,11,374,1,0.0,0.0,0.0,0.0
R02,11,375,1,0.0,0.0,0.0,0.0
R02,11,376,1,0.0,0.0,0.0,0.0
R02,11,377,1,0.0,0.0,0.0,0.0
R02,11,378,1,0.0,0.0,0.0,0.0
R02,11,379,1,0.0,0.0,0.0,0.0
R02,11,380,1,0.0,0.0,0.0,0.0
R02,11,381,1,0.0,0.0,0.0,0.0
R02,11,382,1,0.0,0.0,0.0,0.0
R02,11,383,1,0.0,0.0,0.0,0.0
R02,11,384,1,0.0,0.0,0.0,0.0
R02,11,385,1,0.0,0.0,0.0,0.0
R02,11,386,1,0.0,0.0,0.0,0.0
R02,11,387,1,0.0,0.0,0.0,0.0
R02,11,388,1,0.0,0.0,0.0,0.0
R02,11,389,1,0.0,0.0,0.0,0.0
R02,11,390,1,0.0,0.0,0.0,0.0
R02,11,391,1,0.0,0.0,0.0,0.0
R02,11,392,1,0.0,0.0,0.0,0.0
R02,11,393,1,0.0,0.0,0.0,0.0
R02,11,394,1,0.0,0.0,0.0,0.0
R02,11,395,1,0.0,0.0,0.0,0.0
R02,11,396,1,0.0,0.0,0.0,0.0
R02,11,397,1,0.0,0.0,0.0,0.0
R02,11,398,1,0.0,0.0,0.0,0.0
R02,11,399,1,0.0,0.0,0.0,0.0
R02,11,400,1,0.0,0.0,0.0,0.0
R02,11,401,1,0.0,0.0,0.0,0.0
R02,11,402,1,0.0,0.0,0.0,0.0
R02,11,403,1,0.0,0.0,0.0,0.0
R02,11,404,1,0.0,0.0,0.0,0.0
R02,11,405,1,0.0,0.0,0.0,0.0
R02,11,406,1,0.0,0.0,0.0,0.0
R02,11,407,1,0.0,0.0,0.0,0.0
R02,11,408,1,0.0,0.0,0.0,0.0
R02,11,409,1,0.0,0.0,0.0,0.0
R02,11,410,1,0.0,0.0,0.0,0.0
R02,11,411,1,0.0,0.0,0.0,0.0
R02,11,412,1,0.0,0.0,0.0,0.0
R02,11,413,1,0.0,0.0,0.0,0.0
R02,11,414,1,0.0,0.0,0.0,0.0
R02,11,415,1,0.0,0.0,0.0,0.0
R02,11,416,1,0.0,0.0,0.0,0.0
R02,11,417,1,0.0,0.0,0.0,0.0
R02,11,418,1,0.0,0.0,0.0,0.0
R02,11,419,1,0.0,0.0,0.0,0.0
R02,11,420,1,0.0,0.0,0.0,0.0
R02,11,421,1,0.0,0.0,0.0,0.0
R02,11,422,1,0.0,0.0,0.0,0.0
R02,11,423,1,0.0,0.0,0.0,0.0
R02,11,424,1,0.0,0.0,0.0,0.0
R02,11,425,1,0.0,0.0,0.0,0.0
R02,11,426,1,0.0,0.0,0.0,0.0
R02,11,427,1,0.0,0.0,0.0,0.0
R02,11,428,1,0.0,0.0,0.0,0.0
R02,11,429,1,0.0,0.0,0.0,0.0
R02,11,430,1,0.0,0.0,0.0,0.0
R02,11,431,1,0.0,0.0,0.0,0.0
R02,11,432,1,0.0,0.0,0.0,0.0
R02,11,433,1,0.0,0.0,0.0,0.0
R02,11,434,1,0.0,0.0,0.0,0.0
R02,11,435,1,0.0,0.0,0.0,0.0
R02,11,436,1,0.0,0.0,0.0,0.0
R02,11,437,1,0.0,0.0,0.0,0.0
R02,11,438,1,0.0,0.0,0.0,0.0
R02,11,439,1,0.0,0.0,0.0,0.0
R02,11,440,1,0.0,0.0,0.0,0.0
R02,11,441,1,0.0,0.0,0.0,0.0
R02,11,442,1,0.0,0.0,0.0,0.0
R02,11,443,1,0.0,0.0,0.0,0.0
R02,11,444,1,0.0,0.0,0.0,0.0
R02,11,445,1,0.0,0.0,0.0,0.0
R02,11,446,1,0.0,0.0,0.0,0.0
R02,11,447,1,0.0,0.0,0.0,0.0
R02,11,448,1,0.0,0.0,0.0,0.0
R02,11,449,1,0.0,0.0,0.0,0.0
R02,11,450,1,0.0,0.0,0.0,0.0
R02,11,451,1,0.0,0.0,0.0,0.0
R02,11,452,1,0.0,0.0,0.0,0.0
R02,11,453,1,0.0,0.0,0.0,0.0
R02,11,454,1,0.0,0.0,0.0,0.0
R02,11,455,1,0.0,0.0,0.0,0.0
R02,11,456,1,0.0,0.0,0.0,0.0
R02,11,457,1,0.0,0.0,0.0,0.0
R02,11,458,1,0.0,0.0,0.0,0.0
R02,11,459,1,0.0,0.0,0.0,0.0
R02,11,460,1,0.0,0.0,0.0,0.0
R02,11,461,1,0.0,0.0,0.0,0.0
R02,11,462,1,0.0,0.0,0.0,0.0
R02,11,463,1,0.0,0.0,0.0,0.0
R02,11,464,1,0.0,0.0,0.0,0.0
R02,11,465,1,0.0,0.0,0.0,0.0
R02,11,466,1,0.0,0.0,0.0,0.0
R02,11,467,1,0.0,0.0,0.0,0.0
R02,11,468,1,0.0,0.0,0.0,0.0
R02,11,469,1,0.0,0.0,0.0,0.0
R02,11,470,1,0.0,0.0,0.0,0.0
R02,11,471,1,0.0,0.0,0.0,0.0
R02,11,472,1,0.0,0.0,0.0,0.0
R02,11,473,1,0.0,0.0,0.0,0.0
R02,11,474,1,0.0,0.0,0.0,0.0
R02,11,475,1,0.0,0.0,0.0,0.0
R02,11,476,1,0.0,0.0,0.0,0.0
R02,11,477,1,0.0,0.0,0.0,0.0
R02,11,478,1,0.0,0.0,0.0,0.0
R02,11,479,1,0.0,0.0,0.0,0.0
R02,11,480,1,0.0,0.0,0.0,0.0
R02,11,481,1,0.0,0.0,0.0,0.0
R02,11,482,1,0.0,0.0,0.0,0.0
R02,11,483,1,0.0,0.0,0.0,0.0
R02,11,484,1,0.0,0.0,0.0,0.0
R02,11,485,1,0.0,0.0,0.0,0.0
R02,11,486,1,0.0,0.0,0.0,0.0
R02,11,487,1,0.0,0.0,0.0,0.0
R02,11,488,1,0.0,0.0,0.0,0.0
R02,11,489,1,0.0,0.0,0.0,0.0
R02,11,490,1,0.0,0.0,0.0,0.0
R02,11,491,1,0.0,0.0,0.0,0.0
R02,11,492,1,0.0,0.0,0.0,0.0
R02,11,493,1,0.0,0.0,0.0,0.0
R02,11,494,1,0.0,0.0,0.0,0.0
R02,11,495,1,0.0,0.0,0.0,0.0
R02,11,496,1,0.0,0.0,0.0,0.0
R02,11,497,1,0.0,0.0,0.0,0.0
R02,11,498,1,0.0,0.0,0.0,0.0
R02,11,499,1,0.0,0.0,0.0,0.0
R02,11,500,1,0.0,0.0,0.0,0.0
R02,11,501,1,0.0,0.0,0.0,0.0
R02,11,502,1,0.0,0.0,0.0,0.0
R02,11,503,1,0.0,0.0,0.0,0.0
R02,11,504,1,0.0,0.0,0.0,0.0
R02,11,505,1,0.0,0.0,0.0,0.0
R02,11,506,1,0.0,0.0,0.0,0.0
R02,11,507,1,0.0,0.0,0.0,0.0
R02,11,508,1,0.0,0.0,0.0,0.0
R02,11,509,1,0.0,0.0,0.0,0.0
R02,11,510,1,0.0,0.0,0.0,0.0
R02,11,511,1,0.0,0.0,0.0,0.0
R02,11,512,1,0.0,0.0,0.0,0.0
R02,11,513,1,0.0,0.0,0.0,0.0
R02,11,514,1,0.0,0.0,0.0,0.0
R02,11,515,1,0.0,0.0,0.0,0.0
R02,11,516,1,0.0,0.0,0.0,0.0
R02,11,517,1,0.0,0.0,0.0,0.0
R02,11,518,1,0.0,0.0,0.0,0.0
R02,11,519,1,0.0,0.0,0.0,0.0
R02,11,520,1,0.0,0.0,0.0,0.0
R02,11,521,1,0.0,0.0,0.0,0.0
R02,11,522,1,0.0,0.0,0.0,0.0
R02,11,523,1,0.0,0.0,0.0,0.0
R02,11,524,1,0.0,0.0,0.0,0.0
R02,11,525,1,0.0,0.0,0.0,0.0
R02,11,526,1,0.0,0.0,0.0,0.0
R02,11,527,1,0.0,0.0,0.0,0.0
R02,11,528,1,0.0,0.0,0.0,0.0
R02,11,529,1,0.0,0.0,0.0,0.0
R02,11,530,1,0.0,0.0,0.0,0.0
R02,11,531,1,0.0,0.0,0.0,0.0
R02,11,532,1,0.0,0.0,0.0,0.0
R02,11,533,1,0.0,0.0,0.0,0.0
R02,11,534,1,0.0,0.0,0.0,0.0
R02,11,535,1,0.0,0.0,0.0,0.0
R02,11,536,1,0.0,0.0,0.0,0.0
R02,11,537,1,0.0,0.0,0.0,0.0
R02,11,538,1,0.0,0.0,0.0,0.0
R02,11,539,1,0.0,0.0,0.0,0.0
R02,11,540,1,0.0,0.0,0.0,0.0
R02,11,541,1,0.0,0.0,0.0,0.0
R02,11,542,1,0.0,0.0,0.0,0.0
R02,11,543,1,0.0,0.0,0.0,0.0
R02,11,544,1,0.0,0.0,0.0,0.0
R02,11,545,1,0.0,0.0,0.0,0.0
R02,11,546,1,0.0,0.0,0.0,0.0
R02,11,547,1,0.0,0.0,0.0,0.0
R02,11,548,1,0.0,0.0,0.0,0.0
R02,11,549,1,0.0,0.0,0.0,0.0
R02,11,550,1,0.0,0.0,0.0,0.0
R02,11,551,1,0.0,0.0,0.0,0.0
R02,11,552,1,0.0,0.0,0.0,0.0
R02,11,553,1,0.0,0.0,0.0,0.0
R02,11,554,1,0.0,0.0,0.0,0.0
R02,11,555,1,0.0,0.0,0.0,0.0
R02,11,556,1,0.0,0.0,0.0,0.0
R02,11,557,1,0.0,0.0,0.0,0.0
R02,11,558,1,0.0,0.0,0.0,0.0
R02,11,559,1,0.0,0.0,0.0,0.0
R02,11,560,1,0.0,0.0,0.0,0.0
R02,11,561,1,0.0,0.0,0.0,0.0
R02,11,562,1,0.0,0.0,0.0,0.0
R02,11,563,1,0.0,0.0,0.0,0.0
R02,11,564,1,0.0,0.0,0.0,0.0
R02,11,565,1,0.0,0.0,0.0,0.0
R02,11,566,1,0.0,0.0,0.0,0.0
R02,11,567,1,0.0,0.0,0.0,0.0
R02,11,568,1,0.0,0.0,0.0,0.0
R02,11,569,1,0.0,0.0,0.0,0.0
R02,11,570,1,0.0,0.0,0.0,0.0
R02,11,571,1,0.0,0.0,0.0,0.0
R02,11,572,1,0.0,0.0,0.0,0.0
R02,11,573,1,0.0,0.0,0.0,0.0
R02,11,574,1,0.0,0.0,0.0,0.0
R02,11,575,1,0.0,0.0,0.0,0.0
R02,11,576,1,0.0,0.0,0.0,0.0
R02,11,577,1,0.0,0.0,0.0,0.0
R02,11,578,1,0.0,0.0,0.0,0.0
R02,11,579,1,0.0,0.0,0.0,0.0
R02,11,580,1,0.0,0.0,0.0,0.0
R02,11,581,1,0.0,0.0,0.0,0.0
R02,11,582,1,0.0,0.0,0.0,0.0
R02,11,583,1,0.0,0.0,0.0,0.0
R02,11,584,1,0.0,0.0,0.0,0.0
R02,11,585,1,0.0,0.0,0.0,0.0
R02,11,586,1,0.0,0.0,0.0,0.0
R02,11,587,1,0.0,0.0,0.0,0.0
R02,11,588,1,0.0,0.0,0.0,0.0
R02,11,589,1,0.0,0.0,0.0,0.0
R02,15,0,0,0.0,0.0,0.0,0.0
R02,15,1,0,0.0,0.0,0.0,0.0
R02,15,2,0,0.0,0.0,0.0,0.0
R02,15,3,0,0.0,0.0,0.0,0.0
R02,15,4,0,0.0,0.0,0.0,0.0
R02,15,5,0,0.0,0.0,0.0,0.0
R02,15,6,0,0.0,0.0,0.0,0.0
R02,15,7,0,0.0,0.0,0.0,0.0
R02,15,8,0,0.0,0.0,0.0,0.0
R02,15,9,0,0.0,0.0,0.0,0.0
R02,15,10,0,0.0,0.0,0.0,0.0
R02,15,11,0,0.0,0.0,0.0,0.0
R02,15,12,0,0.0,0.0,0.0,0.0
R02,15,13,0,0.0,0.0,0.0,0.0
R02,15,14,0,0.0,0.0,0.0,0.0
R02,15,15,0,0.0,0.0,0.0,0.0
R02,15,16,0,0.0,0.0,0.0,0.0
R02,15,17,0,0.0,0.0,0.0,0.0
R02,15,18,0,0.0,0.0,0.0,0.0
R02,15,19,0,0.0,0.0,0.0,0.0
R02,15,20,0,0.0,0.0,0.0,0.0
R02,15,21,0,0.0,0.0,0.0,0.0
R02,15,22,0,0.0,0.0,0.0,0.0
R02,15,23,0,0.0,0.0,0.0,0.0
R02,15,24,0,0.0,0.0,0.0,0.0
R02,15,25,0,0.0,0.0,0.0,0.0
R02,15,26,0,0.0,0.0,0.0,0.0
R02,15,27,0,0.0,0.0,0.0,0.0
R02,15,28,0,0.0,0.0,0.0,0.0
R02,15,29,0,0.0,0.0,0.0,0.0
R02,15,30,0,0.0,0.0,0.0,0.0
R02,15,31,0,0.0,0.0,0.0,0.0
R02,15,32,0,0.0,0.0,0.0,0.0
R02,15,33,0,0.0,0.0,0.0,0.0
R02,15,34,0,0.0,0.0,0.0,0.0
R02,15,35,0,0.0,0.0,0.0,0.0
R02,15,36,0,0.0,0.0,0.0,0.0
R02,15,37,0,0.0,0.0,0.0,0.0
R02,15,38,0,0.0,0.0,0.0,0.0
R02,15,39,0,0.0,0.0,0.0,0.0
R02,15,40,0,0.0,0.0,0.0,0.0
R02,15,41,0,0.0,0.0,0.0,0.0
R02,15,42,0,0.0,0.0,0.0,0.0
R02,15,43,0,0.0,0.0,0.0,0.0
R02,15,44,0,0.0,0.0,0.0,0.0
R02,15,45,0,0.0,0.0,0.0,0.0
R02,15,46,0,0.0,0.0,0.0,0.0
R02,15,47,0,0.0,0.0,0.0,0.0
R02,15,48,0,0.0,0.0,0.0,0.0
R02,15,49,0,0.0,0.0,0.0,0.0
R02,15,50,0,0.0,0.0,0.0,0.0
R02,15,51,0,0.0,0.0,0.0,0.0
R02,15,52,0,0.0,0.0,0.0,0.0
R02,15,53,0,0.0,0.0,0.0,0.0
R02,15,54,0,0.0,0.0,0.0,0.0
R02,15,55,0,0.0,0.0,0.0,0.0
R02,15,56,0,0.0,0.0,0.0,0.0
R02,15,57,0,0.0,0.0,0.0,0.0
R02,15,58,0,0.0,0.0,0.0,0.0
R02,15,59,0,0.0,0.0,0.0,0.0
R02,15,60,0,0.0,0.0,0.0,0.0
R02,15,61,0,0.0,0.0,0.0,0.0
R02,15,62,0,0.0,0.0,0.0,0.0
R02,15,63,0,0.0,0.0,0.0,0.0
R02,15,64,0,0.0,0.0,0.0,0.0
R02,15,65,0,0.0,0.0,0.0,0.0
R02,15,66,0,0.0,0.0,0.0,0.0
R02,15,67,0,0.0,0.0,0.0,0.0
R02,15,68,0,0.0,0.0,0.0,0.0
R02,15,69,0,0.0,0.0,0.0,0.0
R02,15,70,0,0.0,0.0,0.0,0.0
R02,15,71,0,0.0,0.0,0.0,0.0
R02,15,72,0,0.0,0.0,0.0,0.0
R02,15,73,0,0.0,0.0,0.0,0.0
R02,15,74,0,0.0,0.0,0.0,0.0
R02,15,75,0,0.0,0.0,0.0,0.0
R02,15,76,0,0.0,0.0,0.0,0.0
R02,15,77,0,0.0,0.0,0.0,0.0
R02,15,78,0,0.0,0.0,0.0,0.0
R02,15,79,0,0.0,0.0,0.0,0.0
R02,15,80,0,0.0,0.0,0.0,0.0
R02,15,81,0,0.0,0.0,0.0,0.0
R02,15,82,0,0.0,0.0,0.0,0.0
R02,15,83,0,0.0,0.0,0.0,0.0
R02,15,84,0,0.0,0.0,0.0,0.0
R02,15,85,0,0.0,0.0,0.0,0.0
R02,15,86,0,0.0,0.0,0.0,0.0
R02,15,87,0,0.0,0.0,0.0,0.0
R02,15,88,0,0.0,0.0,0.0,0.0
R02,15,89,0,0.0,0.0,0.0,0.0
R02,15,90,0,0.0,0.0,0.0,0.0
R02,15,91,0,0.0,0.0,0.0,0.0
R02,15,92,0,0.0,0.0,0.0,0.0
R02,15,93,0,0.0,0.0,0.0,0.0
R02,15,94,0,0.0,0.0,0.0,0.0
R02,15,95,0,0.0,0.0,0.0,0.0
R02,15,96,0,0.0,0.0,0.0,0.0
R02,15,97,0,0.0,0.0,0.0,0.0
R02,15,98,0,0.0,0.0,0.0,0.0
R02,15,99,0,0.0,0.0,0.0,0.0
R02,15,100,0,0.0,0.0,0.0,0.0
R02,15,101,0,0.0,0.0,0.0,0.0
R02,15,102,0,0.0,0.0,0.0,0.0
R02,15,103,0,0.0,0.0,0.0,0.0
R02,15,104,0,0.0,0.0,0.0,0.0
R02,15,105,0,0.0,0.0,0.0,0.0
R02,15,106,0,0.0,0.0,0.0,0.0
R02,15,107,0,0.0,0.0,0.0,0.0
R02,15,108,0,0.0,0.0,0.0,0.0
R02,15,109,0,0.0,0.0,0.0,0.0
R02,15,110,0,0.0,0.0,0.0,0.0
R02,15,111,0,0.0,0.0,0.0,0.0
R02,15,112,0,0.0,0.0,0.0,0.0
R02,15,113,0,0.0,0.0,0.0,0.0
R02,15,114,0,0.0,0.0,0.0,0.0
R02,15,115,0,0.0,0.0,0.0,0.0
R02,15,116,0,0.0,0.0,0.0,0.0
R02,15,117,0,0.0,0.0,0.0,0.0
R02,15,118,0,0.0,0.0,0.0,0.0
R02,15,119,0,0.0,0.0,0.0,0.0
R02,15,120,0,0.0,0.0,0.0,0.0
R02,15,121,0,0.0,0.0,0.0,0.0
R02,15,122,0,0.0,0.0,0.0,0.0
R02,15,123,0,0.0,0.0,0.0,0.0
R02,15,124,0,0.0,0.0,0.0,0.0
R02,15,125,0,0.0,0.0,0.0,0.0
R02,15,126,0,0.0,0.0,0.0,0.0
R02,15,127,0,0.0,0.0,0.0,0.0
R02,15,128,0,0.0,0.0,0.0,0.0
R02,15,129,0,0.0,0.0,0.0,0.0
R02,15,130,0,0.0,0.0,0.0,0.0
R02,15,131,0,0.0,0.0,0.0,0.0
R02,15,132,0,0.0,0.0,0.0,0.0
R02,15,133,0,0.0,0.0,0.0,0.0
R02,15,134,0,0.0,0.0,0.0,0.0
R02,15,135,0,0.0,0.0,0.0,0.0
R02,15,136,0,0.0,0.0,0.0,0.0
R02,15,137,0,0.0,0.0,0.0,0.0
R02,15,138,0,0.0,0.0,0.0,0.0
R02,15,139,0,0.0,0.0,0.0,0.0
R02,15,140,0,0.0,0.0,0.0,0.0
R02,15,141,0,0.0,0.0,0.0,0.0
R02,15,142,0,0.0,0.0,0.0,0.0
R02,15,143,0,0.0,0.0,0.0,0.0
R02,15,144,0,0.0,0.0,0.0,0.0
R02,15,145,0,0.0,0.0,0.0,0.0
R02,15,146,0,0.0,0.0,0.0,0.0
R02,15,147,0,0.0,0.0,0.0,0.0
R02,15,148,0,0.0,0.0,0.0,0.0
R02,15,149,0,0.0,0.0,0.0,0.0
R02,15,150,1,0.0,0.0,0.0,0.0
R02,15,151,1,0.0,0.0,0.0,0.0
R02,15,152,1,0.0,0.0,0.0,0.0
R02,15,153,1,0.0,0.0,0.0,0.0
R02,15,154,1,0.0,0.0,0.0,0.0
R02,15,155,1,0.0,0.0,0.0,0.0
R02,15,156,1,0.0,0.0,0.0,0.0
R02,15,157,1,0.0,0.0,0.0,0.0
R02,15,158,1,0.0,0.0,0.0,0.0
R02,15,159,1,0.0,0.0,0.0,0.0
R02,15,160,1,0.0,0.0,0.0,0.0
R02,15,161,1,0.0,0.0,0.0,0.0
R02,15,162,1,0.0,0.0,0.0,0.0
R02,15,163,1,0.0,0.0,0.0,0.0
R02,15,164,1,0.0,0.0,0.0,0.0
R02,15,165,1,0.0,0.0,0.0,0.0
R02,15,166,1,0.0,0.0,0.0,0.0
R02,15,167,1,0.0,0.0,0.0,0.0
R02,15,168,1,0.0,0.0,0.0,0.0
R02,15,169,1,0.0,0.0,0.0,0.0
R02,15,170,1,0.0,0.0,0.0,0.0
R02,15,171,1,0.0,0.0,0.0,0.0
R02,15,172,1,0.0,0.0,0.0,0.0
R02,15,173,1,0.0,0.0,0.0,0.0
R02,15,174,1,0.0,0.0,0.0,0.0
R02,15,175,1,0.0,0.0,0.0,0.0
R02,15,176,1,0.0,0.0,0.0,0.0
R02,15,177,1,0.0,0.0,0.0,0.0
R02,15,178,1,0.0,0.0,0.0,0.0
R02,15,179,1,0.0,0.0,0.0,0.0
R02,15,180,1,0.0,0.0,0.0,0.0
R02,15,181,1,0.0,0.0,0.0,0.0
R02,15,182,1,0.0,0.0,0.0,0.0
R02,15,183,1,0.0,0.0,0.0,0.0
R02,15,184,1,0.0,0.0,0.0,0.0
R02,15,185,1,0.0,0.0,0.0,0.0
R02,15,186,1,0.0,0.0,0.0,0.0
R02,15,187,1,0.0,0.0,0.0,0.0
R02,15,188,1,0.0,0.0,0.0,0.0
R02,15,189,1,0.0,0.0,0.0,0.0
R02,15,190,1,0.0,0.0,0.0,0.0
R02,15,191,1,0.0,0.0,0.0,0.0
R02,15,192,1,0.0,0.0,0.0,0.0
R02,15,193,1,0.0,0.0,0.0,0.0
R02,15,194,1,0.0,0.0,0.0,0.0
R02,15,195,1,0.0,0.0,0.0,0.0
R02,15,196,1,0.0,0.0,0.0,0.0
R02,15,197,1,0.0,0.0,0.0,0.0
R02,15,198,1,0.0,0.0,0.0,0.0
R02,15,199,1,0.0,0.0,0.0,0.0
R02,15,200,1,0.0,0.0,0.0,0.0
R02,15,201,1,0.0,0.0,0.0,0.0
R02,15,202,1,0.0,0.0,0.0,0.0
R02,15,203,1,0.0,0.0,0.0,0.0
R02,15,204,1,0.0,0.0,0.0,0.0
R02,15,205,1,0.0,0.0,0.0,0.0
R02,15,206,1,0.0,0.0,0.0,0.0
R02,15,207,1,0.0,0.0,0.0,0.0
R02,15,208,1,0.0,0.0,0.0,0.0
R02,15,209,1,0.0,0.0,0.0,0.0
R02,15,210,1,0.0,0.0,0.0,0.0
R02,15,211,1,0.0,0.0,0.0,0.0
R02,15,212,1,0.0,0.0,0.0,0.0
R02,15,213,1,0.0,0.0,0.0,0.0
R02,15,214,1,0.0,0.0,0.0,0.0
R02,15,215,1,0.0,0.0,0.0,0.0
R02,15,216,1,0.0,0.0,0.0,0.0
R02,15,217,1,0.0,0.0,0.0,0.0
R02,15,218,1,0.0,0.0,0.0,0.0
R02,15,219,1,0.0,0.0,0.0,0.0
R02,15,220,1,0.0,0.0,0.0,0.0
R02,15,221,1,0.0,0.0,0.0,0.0
R02,15,222,1,0.0,0.0,0.0,0.0
R02,15,223,1,0.0,0.0,0.0,0.0
R02,15,224,1,0.0,0.0,0.0,0.0
R02,15,225,1,0.0,0.0,0.0,0.0
R02,15,226,1,0.0,0.0,0.0,0.0
R02,15,227,1,0.0,0.0,0.0,0.0
R02,15,228,1,0.0,0.0,0.0,0.0
R02,15,229,1,0.0,0.0,0.0,0.0
R02,15,230,1,0.0,0.0,0.0,0.0
R02,15,231,1,0.0,0.0,0.0,0.0
R02,15,232,1,0.0,0.0,0.0,0.0
R02,15,233,1,0.0,0.0,0.0,0.0
R02,15,234,1,0.0,0.0,0.0,0.0
R02,15,235,1,0.0,0.0,0.0,0.0
R02,15,236,1,0.0,0.0,0.0,0.0
R02,15,237,1,0.0,0.0,0.0,0.0
R02,15,238,1,0.0,0.0,0.0,0.0
R02,15,239,1,0.0,0.0,0.0,0.0
R02,15,240,1,0.0,0.0,0.0,0.0
R02,15,241,1,0.0,0.0,0.0,0.0
R02,15,242,1,0.0,0.0,0.0,0.0
R02,15,243,1,0.0,0.0,0.0,0.0
R02,15,244,1,0.0,0.0,0.0,0.0
R02,15,245,1,0.0,0.0,0.0,0.0
R02,15,246,1,0.0,0.0,0.0,0.0
R02,15,247,1,0.0,0.0,0.0,0.0
R02,15,248,1,0.0,0.0,0.0,0.0
R02,15,249,1,0.0,0.0,0.0,0.0
R02,15,250,1,0.0,0.0,0.0,0.0
R02,15,251,1,0.0,0.0,0.0,0.0
R02,15,252,1,0.0,0.0,0.0,0.0
R02,15,253,1,0.0,0.0,0.0,0.0
R02,15,254,1,0.0,0.0,0.0,0.0
R02,15,255,1,0.0,0.0,0.0,0.0
R02,15,256,1,0.0,0.0,0.0,0.0
R02,15,257,1,0.0,0.0,0.0,0.0
R02,15,258,1,0.0,0.0,0.0,0.0
R02,15,259,1,0.0,0.0,0.0,0.0
R02,15,260,1,0.0,0.0,0.0,0.0
R02,15,261,1,0.0,0.0,0.0,0.0
R02,15,262,1,0.0,0.0,0.0,0.0
R02,15,263,1,0.0,0.0,0.0,0.0
R02,15,264,1,0.0,0.0,0.0,0.0
R02,15,265,1,0.0,0.0,0.0,0.0
R02,15,266,1,0.0,0.0,0.0,0.0
R02,15,267,1,0.0,0.0,0.0,0.0
R02,15,268,1,0.0,0.0,0.0,0.0
R02,15,269,1,0.0,0.0,0.0,0.0
R02,15,270,1,0.0,0.0,0.0,0.0
R02,15,271,1,0.0,0.0,0.0,0.0
R02,15,272,1,0.0,0.0,0.0,0.0
R02,15,273,1,0.0,0.0,0.0,0.0
R02,15,274,1,0.0,0.0,0.0,0.0
R02,15,275,1,0.0,0.0,0.0,0.0
R02,15,276,1,0.0,0.0,0.0,0.0
R02,15,277,1,0.0,0.0,0.0,0.0
R02,15,278,1,0.0,0.0,0.0,0.0
R02,15,279,1,0.0,0.0,0.0,0.0
R02,15,280,1,0.0,0.0,0.0,0.0
R02,15,281,1,0.0,0.0,0.0,0.0
R02,15,282,1,0.0,0.0,0.0,0.0
R02,15,283,1,0.0,0.0,0.0,0.0
R02,15,284,1,0.0,0.0,0.0,0.0
R02,15,285,1,0.0,0.0,0.0,0.0
R02,15,286,1,0.0,0.0,0.0,0.0
R02,15,287,1,0.0,0.0,0.0,0.0
R02,15,288,1,0.0,0.0,0.0,0.0
R02,15,289,1,0.0,0.0,0.0,0.0
R02,15,290,1,0.0,0.0,0.0,0.0
R02,15,291,1,0.0,0.0,0.0,0.0
R02,15,292,1,0.0,0.0,0.0,0.0
R02,15,293,1,0.0,0.0,0.0,0.0
R02,15,294,1,0.0,0.0,0.0,0.0
R02,15,295,1,0.0,0.0,0.0,0.0
R02,15,296,1,0.0,0.0,0.0,0.0
R02,15,297,1,0.0,0.0,0.0,0.0
R02,15,298,1,0.0,0.0,0.0,0.0
R02,15,299,1,0.0,0.0,0.0,0.0
R02,15,300,1,0.0,0.0,0.0,0.0
R02,15,301,1,0.0,0.0,0.0,0.0
R02,15,302,1,0.0,0.0,0.0,0.0
R02,15,303,1,0.0,0.0,0.0,0.0
R02,15,304,1,0.0,0.0,0.0,0.0
R02,15,305,1,0.0,0.0,0.0,0.0
R02,15,306,1,0.0,0.0,0.0,0.0
R02,15,307,1,0.0,0.0,0.0,0.0
R02,15,308,1,0.0,0.0,0.0,0.0
R02,15,309,1,0.0,0.0,0.0,0.0
R02,15,310,1,0.0,0.0,0.0,0.0
R02,15,311,1,0.0,0.0,0.0,0.0
R02,15,312,1,0.0,0.0,0.0,0.0
R02,15,313,1,0.0,0.0,0.0,0.0
R02,15,314,1,0.0,0.0,0.0,0.0
R02,15,315,1,0.0,0.0,0.0,0.0
R02,15,316,1,0.0,0.0,0.0,0.0
R02,15,317,1,0.0,0.0,0.0,0.0
R02,15,318,1,0.0,0.0,0.0,0.0
R02,15,319,1,0.0,0.0,0.0,0.0
R02,15,320,1,0.0,0.0,0.0,0.0
R02,15,321,1,0.0,0.0,0.0,0.0
R02,15,322,1,0.0,0.0,0.0,0.0
R02,15,323,1,0.0,0.0,0.0,0.0
R02,15,324,1,0.0,0.0,0.0,0.0
R02,15,325,1,0.0,0.0,0.0,0.0
R02,15,326,1,0.0,0.0,0.0,0.0
R02,15,327,1,0.0,0.0,0.0,0.0
R02,15,328,1,0.0,0.0,0.0,0.0
R02,15,329,1,0.0,0.0,0.0,0.0
R02,15,330,1,0.0,0.0,0.0,0.0
R02,15,331,1,0.0,0.0,0.0,0.0
R02,15,332,1,0.0,0.0,0.0,0.0
R02,15,333,1,0.0,0.0,0.0,0.0
R02,15,334,1,0.0,0.0,0.0,0.0
R02,15,335,1,0.0,0.0,0.0,0.0
R02,15,336,1,0.0,0.0,0.0,0.0
R02,15,337,1,0.0,0.0,0.0,0.0
R02,15,338,1,0.0,0.0,0.0,0.0
R02,15,339,1,0.0,0.0,0.0,0.0
R02,15,340,1,0.0,0.0,0.0,0.0
R02,15,341,1,0.0,0.0,0.0,0.0
R02,15,342,1,0.0,0.0,0.0,0.0
R02,15,343,1,0.0,0.0,0.0,0.0
R02,15,344,1,0.0,0.0,0.0,0.0
R02,15,345,1,0.0,0.0,0.0,0.0
R02,15,346,1,0.0,0.0,0.0,0.0
R02,15,347,1,0.0,0.0,0.0,0.0
R02,15,348,1,0.0,0.0,0.0,0.0
R02,15,349,1,0.0,0.0,0.0,0.0
R02,15,350,0,0.0,0.0,0.0,0.0
R02,15,351,0,0.0,0.0,0.0,0.0
R02,15,352,0,0.0,0.0,0.0,0.0
R02,15,353,0,0.0,0.0,0.0,0.0
R02,15,354,0,0.0,0.0,0.0,0.0
R02,15,355,0,0.0,0.0,0.0,0.0
R02,15,356,0,0.0,0.0,0.0,0.0
R02,15,357,0,0.0,0.0,0.0,0.0
R02,15,358,0,0.0,0.0,0.0,0.0
R02,15,359,0,0.0,0.0,0.0,0.0
R02,15,360,0,0.0,0.0,0.0,0.0
R02,15,361,0,0.0,0.0,0.0,0.0
R02,15,362,0,0.0,0.0,0.0,0.0
R02,15,363,0,0.0,0.0,0.0,0.0
R02,15,364,0,0.0,0.0,0.0,0.0
R02,15,365,0,0.0,0.0,0.0,0.0
R02,15,366,0,0.0,0.0,0.0,0.0
R02,15,367,0,0.0,0.0,0.0,0.0
R02,15,368,0,0.0,0.0,0.0,0.0
R02,15,369,0,0.0,0.0,0.0,0.0
R02,15,370,0,0.0,0.0,0.0,0.0
R02,15,371,0,0.0,0.0,0.0,0.0
R02,15,372,0,0.0,0.0,0.0,0.0
R02,15,373,0,0.0,0.0,0.0,0.0
R02,15,374,0,0.0,0.0,0.0,0.0
R02,15,375,0,0.0,0.0,0.0,0.0
R02,15,376,0,0.0,0.0,0.0,0.0
R02,15,377,0,0.0,0.0,0.0,0.0
R02,15,378,0,0.0,0.0,0.0,0.0
R02,15,379,0,0.0,0.0,0.0,0.0
R02,15,380,0,0.0,0.0,0.0,0.0
R02,15,381,0,0.0,0.0,0.0,0.0
R02,15,382,0,0.0,0.0,0.0,0.0
R02,15,383,0,0.0,0.0,0.0,0.0
R02,15,384,0,0.0,0.0,0.0,0.0
R02,15,385,0,0.0,0.0,0.0,0.0
R02,15,386,0,0.0,0.0,0.0,0.0
R02,15,387,0,0.0,0.0,0.0,0.0
R02,15,388,0,0.0,0.0,0.0,0.0
R02,15,389,0,0.0,0.0,0.0,0.0
R02,15,390,0,0.0,0.0,0.0,0.0
R02,15,391,0,0.0,0.0,0.0,0.0
R02,15,392,0,0.0,0.0,0.0,0.0
R02,15,393,0,0.0,0.0,0.0,0.0
R02,15,394,0,0.0,0.0,0.0,0.0
R02,15,395,0,0.0,0.0,0.0,0.0
R02,15,396,0,0.0,0.0,0.0,0.0
R02,15,397,0,0.0,0.0,0.0,0.0
R02,15,398,0,0.0,0.0,0.0,0.0
R02,15,399,0,0.0,0.0,0.0,0.0
R02,15,400,0,0.0,0.0,0.0,0.0
R02,15,401,0,0.0,0.0,0.0,0.0
R02,15,402,0,0.0,0.0,0.0,0.0
R02,15,403,0,0.0,0.0,0.0,0.0
R02,15,404,0,0.0,0.0,0.0,0.0
R02,15,405,0,0.0,0.0,0.0,0.0
R02,15,406,0,0.0,0.0,0.0,0.0
R02,15,407,0,0.0,0.0,0.0,0.0
R02,15,408,0,0.0,0.0,0.0,0.0
R02,15,409,0,0.0,0.0,0.0,0.0
R02,15,410,0,0.0,0.0,0.0,0.0
R02,15,411,0,0.0,0.0,0.0,0.0
R02,15,412,0,0.0,0.0,0.0,0.0
R02,15,413,0,0.0,0.0,0.0,0.0
R02,15,414,0,0.0,0.0,0.0,0.0
R02,15,415,0,0.0,0.0,0.0,0.0
R02,15,416,0,0.0,0.0,0.0,0.0
R02,15,417,0,0.0,0.0,0.0,0.0
R02,15,418,0,0.0,0.0,0.0,0.0
R02,15,419,0,0.0,0.0,0.0,0.0
R02,15,420,0,0.0,0.0,0.0,0.0
R02,15,421,0,0.0,0.0,0.0,0.0
R02,15,422,0,0.0,0.0,0.0,0.0
R02,15,423,0,0.0,0.0,0.0,0.0
R02,15,424,0,0.0,0.0,0.0,0.0
R02,15,425,0,0.0,0.0,0.0,0.0
R02,15,426,0,0.0,0.0,0.0,0.0
R02,15,427,0,0.0,0.0,0.0,0.0
R02,15,428,0,0.0,0.0,0.0,0.0
R02,15,429,0,0.0,0.0,0.0,0.0
R02,15,430,0,0.0,0.0,0.0,0.0
R02,15,431,0,0.0,0.0,0.0,0.0
R02,15,432,0,0.0,0.0,0.0,0.0
R02,15,433,0,0.0,0.0,0.0,0.0
R02,15,434,0,0.0,0.0,0.0,0.0
R02,15,435,0,0.0,0.0,0.0,0.0
R02,15,436,0,0.0,0.0,0.0,0.0
R02,15,437,0,0.0,0.0,0.0,0.0
R02,15,438,0,0.0,0.0,0.0,0.0
R02,15,439,0,0.0,0.0,0.0,0.0
R02,15,440,0,0.0,0.0,0.0,0.0
R02,15,441,0,0.0,0.0,0.0,0.0
R02,15,442,0,0.0,0.0,0.0,0.0
R02,15,443,0,0.0,0.0,0.0,0.0
R02,15,444,0,0.0,0.0,0.0,0.0
R02,15,445,0,0.0,0.0,0.0,0.0
R02,15,446,0,0.0,0.0,0.0,0.0
R02,15,447,0,0.0,0.0,0.0,0.0
R02,15,448,0,0.0,0.0,0.0,0.0
R02,15,449,0,0.0,0.0,0.0,0.0
R02,15,450,0,0.0,0.0,0.0,0.0
R02,15,451,0,0.0,0.0,0.0,0.0
R02,15,452,0,0.0,0.0,0.0,0.0
R02,15,453,0,0.0,0.0,0.0,0.0
R02,15,454,0,0.0,0.0,0.0,0.0
R02,15,455,0,0.0,0.0,0.0,0.0
R02,15,456,0,0.0,0.0,0.0,0.0
R02,15,457,0,0.0,0.0,0.0,0.0
R02,15,458,0,0.0,0.0,0.0,0.0
R02,15,459,0,0.0,0.0,0.0,0.0
R02,15,460,0,0.0,0.0,0.0,0.0
R02,15,461,0,0.0,0.0,0.0,0.0
R02,15,462,0,0.0,0.0,0.0,0.0
R02,15,463,0,0.0,0.0,0.0,0.0
R02,15,464,0,0.0,0.0,0.0,0.0
R02,15,465,0,0.0,0.0,0.0,0.0
R02,15,466,0,0.0,0.0,0.0,0.0
R02,15,467,0,0.0,0.0,0.0,0.0
R02,15,468,0,0.0,0.0,0.0,0.0
R02,15,469,0,0.0,0.0,0.0,0.0
R02,15,470,0,0.0,0.0,0.0,0.0
R02,15,471,0,0.0,0.0,0.0,0.0
R02,15,472,0,0.0,0.0,0.0,0.0
R02,15,473,0,0.0,0.0,0.0,0.0
R02,15,474,0,0.0,0.0,0.0,0.0
R02,15,475,0,0.0,0.0,0.0,0.0
R02,15,476,0,0.0,0.0,0.0,0.0
R02,15,477,0,0.0,0.0,0.0,0.0
R02,15,478,0,0.0,0.0,0.0,0.0
R02,15,479,0,0.0,0.0,0.0,0.0
R02,15,480,0,0.0,0.0,0.0,0.0
R02,15,481,0,0.0,0.0,0.0,0.0
R02,15,482,0,0.0,0.0,0.0,0.0
R02,15,483,0,0.0,0.0,0.0,0.0
R02,15,484,0,0.0,0.0,0.0,0.0
R02,15,485,0,0.0,0.0,0.0,0.0
R02,15,486,0,0.0,0.0,0.0,0.0
R02,15,487,0,0.0,0.0,0.0,0.0
R02,15,488,0,0.0,0.0,0.0,0.0
R02,15,489,0,0.0,0.0,0.0,0.0
R02,15,490,0,0.0,0.0,0.0,0.0
R02,15,491,0,0.0,0.0,0.0,0.0
R02,15,492,0,0.0,0.0,0.0,0.0
R02,15,493,0,0.0,0.0,0.0,0.0
R02,15,494,0,0.0,0.0,0.0,0.0
R02,15,495,0,0.0,0.0,0.0,0.0
R02,15,496,0,0.0,0.0,0.0,0.0
R02,15,497,0,0.0,0.0,0.0,0.0
R02,15,498,0,0.0,0.0,0.0,0.0
R02,15,499,0,0.0,0.0,0.0,0.0
R02,15,500,1,0.0,0.0,0.0,0.0
R02,15,501,1,0.0,0.0,0.0,0.0
R02,15,502,1,0.0,0.0,0.0,0.0
R02,15,503,1,0.0,0.0,0.0,0.0
R02,15,504,1,0.0,0.0,0.0,0.0
R02,15,505,1,0.0,0.0,0.0,0.0
R02,15,506,1,0.0,0.0,0.0,0.0
R02,15,507,1,0.0,0.0,0.0,0.0
R02,15,508,1,0.0,0.0,0.0,0.0
R02,15,509,1,0.0,0.0,0.0,0.0
R02,15,510,1,0.0,0.0,0.0,0.0
R02,15,511,1,0.0,0.0,0.0,0.0
R02,15,512,1,0.0,0.0,0.0,0.0
R02,15,513,1,0.0,0.0,0.0,0.0
R02,15,514,1,0.0,0.0,0.0,0.0
R02,15,515,1,0.0,0.0,0.0,0.0
R02,15,516,1,0.0,0.0,0.0,0.0
R02,15,517,1,0.0,0.0,0.0,0.0
R02,15,518,1,0.0,0.0,0.0,0.0
R02,15,519,1,0.0,0.0,0.0,0.0
R02,15,520,1,0.0,0.0,0.0,0.0
R02,15,521,1,0.0,0.0,0.0,0.0
R02,15,522,1,0.0,0.0,0.0,0.0
R02,15,523,1,0.0,0.0,0.0,0.0
R02,15,524,1,0.0,0.0,0.0,0.0
R02,15,525,1,0.0,0.0,0.0,0.0
R02,15,526,1,0.0,0.0,0.0,0.0
R02,15,527,1,0.0,0.0,0.0,0.0
R02,15,528,1,0.0,0.0,0.0,0.0
R02,15,529,1,0.0,0.0,0.0,0.0
R02,15,530,1,0.0,0.0,0.0,0.0
R02,15,531,1,0.0,0.0,0.0,0.0
R02,15,532,1,0.0,0.0,0.0,0.0
R02,15,533,1,0.0,0.0,0.0,0.0
R02,15,534,1,0.0,0.0,0.0,0.0
R02,15,535,1,0.0,0.0,0.0,0.0
R02,15,536,1,0.0,0.0,0.0,0.0
R02,15,537,1,0.0,0.0,0.0,0.0
R02,15,538,1,0.0,0.0,0.0,0.0
R02,15,539,1,0.0,0.0,0.0,0.0
R02,15,540,1,0.0,0.0,0.0,0.0
R02,15,541,1,0.0,0.0,0.0,0.0
R02,15,542,1,0.0,0.0,0.0,0.0
R02,15,543,1,0.0,0.0,0.0,0.0
R02,15,544,1,0.0,0.0,0.0,0.0
R02,15,545,1,0.0,0.0,0.0,0.0
R02,15,546,1,0.0,0.0,0.0,0.0
R02,15,547,1,0.0,0.0,0.0,0.0
R02,15,548,1,0.0,0.0,0.0,0.0
R02,15,549,1,0.0,0.0,0.0,0.0
R02,15,550,1,0.0,0.0,0.0,0.0
R02,15,551,1,0.0,0.0,0.0,0.0
R02,15,552,1,0.0,0.0,0.0,0.0
R02,15,553,1,0.0,0.0,0.0,0.0
R02,15,554,1,0.0,0.0,0.0,0.0
R02,15,555,1,0.0,0.0,0.0,0.0
R02,15,556,1,0.0,0.0,0.0,0.0
R02,15,557,1,0.0,0.0,0.0,0.0
R02,15,558,1,0.0,0.0,0.0,0.0
R02,15,559,1,0.0,0.0,0.0,0.0
R02,15,560,1,0.0,0.0,0.0,0.0
R02,15,561,1,0.0,0.0,0.0,0.0
R02,15,562,1,0.0,0.0,0.0,0.0
R02,15,563,1,0.0,0.0,0.0,0.0
R02,15,564,1,0.0,0.0,0.0,0.0
R02,15,565,1,0.0,0.0,0.0,0.0
R02,15,566,1,0.0,0.0,0.0,0.0
R02,15,567,1,0.0,0.0,0.0,0.0
R02,15,568,1,0.0,0.0,0.0,0.0
R02,15,569,1,0.0,0.0,0.0,0.0
R02,15,570,1,0.0,0.0,0.0,0.0
R02,15,571,1,0.0,0.0,0.0,0.0
R02,15,572,1,0.0,0.0,0.0,0.0
R02,15,573,1,0.0,0.0,0.0,0.0
R02,15,574,1,0.0,0.0,0.0,0.0
R02,15,575,1,0.0,0.0,0.0,0.0
R02,15,576,1,0.0,0.0,0.0,0.0
R02,15,577,1,0.0,0.0,0.0,0.0
R02,15,578,1,0.0,0.0,0.0,0.0
R02,15,579,1,0.0,0.0,0.0,0.0
R02,15,580,1,0.0,0.0,0.0,0.0
R02,15,581,1,0.0,0.0,0.0,0.0
R02,15,582,1,0.0,0.0,0.0,0.0
R02,15,583,1,0.0,0.0,0.0,0.0
R02,15,584,1,0.0,0.0,0.0,0.0
R02,15,585,1,0.0,0.0,0.0,0.0
R02,15,586,1,0.0,0.0,0.0,0.0
R02,15,587,1,0.0,0.0,0.0,0.0
R02,15,588,1,0.0,0.0,0.0,0.0
R02,15,589,1,0.0,0.0,0.0,0.0
R02,15,590,1,0.0,0.0,0.0,0.0
R02,15,591,1,0.0,0.0,0.0,0.0
R02,15,592,1,0.0,0.0,0.0,0.0
R02,15,593,1,0.0,0.0,0.0,0.0
R02,15,594,1,0.0,0.0,0.0,0.0
R02,15,595,1,0.0,0.0,0.0,0.0
R02,15,596,1,0.0,0.0,0.0,0.0
R02,15,597,1,0.0,0.0,0.0,0.0
R02,15,598,1,0.0,0.0,0.0,0.0
R02,15,599,1,0.0,0.0,0.0,0.0
R02,15,600,1,0.0,0.0,0.0,0.0
R02,15,601,1,0.0,0.0,0.0,0.0
R02,15,602,1,0.0,0.0,0.0,0.0
R02,15,603,1,0.0,0.0,0.0,0.0
R02,15,604,1,0.0,0.0,0.0,0.0
R02,15,605,1,0.0,0.0,0.0,0.0
R02,15,606,1,0.0,0.0,0.0,0.0
R02,15,607,1,0.0,0.0,0.0,0.0
R02,15,608,1,0.0,0.0,0.0,0.0
R02,15,609,1,0.0,0.0,0.0,0.0
R02,15,610,1,0.0,0.0,0.0,0.0
R02,15,611,1,0.0,0.0,0.0,0.0
R02,15,612,1,0.0,0.0,0.0,0.0
R02,15,613,1,0.0,0.0,0.0,0.0
R02,15,614,1,0.0,0.0,0.0,0.0
R02,15,615,1,0.0,0.0,0.0,0.0
R02,15,616,1,0.0,0.0,0.0,0.0
R02,15,617,1,0.0,0.0,0.0,0.0
R02,15,618,1,0.0,0.0,0.0,0.0
R02,15,619,1,0.0,0.0,0.0,0.0
R02,15,620,1,0.0,0.0,0.0,0.0
R02,15,621,1,0.0,0.0,0.0,0.0
R02,15,622,1,0.0,0.0,0.0,0.0
R02,15,623,1,0.0,0.0,0.0,0.0
R02,15,624,1,0.0,0.0,0.0,0.0
R02,15,625,1,0.0,0.0,0.0,0.0
R02,15,626,1,0.0,0.0,0.0,0.0
R02,15,627,1,0.0,0.0,0.0,0.0
R02,15,628,1,0.0,0.0,0.0,0.0
R02,15,629,1,0.0,0.0,0.0,0.0
R02,15,630,1,0.0,0.0,0.0,0.0
R02,15,631,1,0.0,0.0,0.0,0.0
R02,15,632,1,0.0,0.0,0.0,0.0
R02,15,633,1,0.0,0.0,0.0,0.0
R02,15,634,1,0.0,0.0,0.0,0.0
R02,15,635,1,0.0,0.0,0.0,0.0
R02,15,636,1,0.0,0.0,0.0,0.0
R02,15,637,1,0.0,0.0,0.0,0.0
R02,15,638,1,0.0,0.0,0.0,0.0
R02,15,639,1,0.0,0.0,0.0,0.0
R02,15,640,1,0.0,0.0,0.0,0.0
R02,15,641,1,0.0,0.0,0.0,0.0
R02,15,642,1,0.0,0.0,0.0,0.0
R02,15,643,1,0.0,0.0,0.0,0.0
R02,15,644,1,0.0,0.0,0.0,0.0
R02,15,645,1,0.0,0.0,0.0,0.0
R02,15,646,1,0.0,0.0,0.0,0.0
R02,15,647,1,0.0,0.0,0.0,0.0
R02,15,648,1,0.0,0.0,0.0,0.0
R02,15,649,1,0.0,0.0,0.0,0.0
R02,15,650,1,0.0,0.0,0.0,0.0
R02,15,651,1,0.0,0.0,0.0,0.0
R02,15,652,1,0.0,0.0,0.0,0.0
R02,15,653,1,0.0,0.0,0.0,0.0
R02,15,654,1,0.0,0.0,0.0,0.0
R02,15,655,1,0.0,0.0,0.0,0.0
R02,15,656,1,0.0,0.0,0.0,0.0
R02,15,657,1,0.0,0.0,0.0,0.0
R02,15,658,1,0.0,0.0,0.0,0.0
R02,15,659,1,0.0,0.0,0.0,0.0
R02,15,660,1,0.0,0.0,0.0,0.0
R02,15,661,1,0.0,0.0,0.0,0.0
R02,15,662,1,0.0,0.0,0.0,0.0
R02,15,663,1,0.0,0.0,0.0,0.0
R02,15,664,1,0.0,0.0,0.0,0.0
R02,15,665,1,0.0,0.0,0.0,0.0
R02,15,666,1,0.0,0.0,0.0,0.0
R02,15,667,1,0.0,0.0,0.0,0.0
R02,15,668,1,0.0,0.0,0.0,0.0
R02,15,669,1,0.0,0.0,0.0,0.0
R02,15,670,1,0.0,0.0,0.0,0.0
R02,15,671,1,0.0,0.0,0.0,0.0
R02,15,672,1,0.0,0.0,0.0,0.0
R02,15,673,1,0.0,0.0,0.0,0.0
R02,15,674,1,0.0,0.0,0.0,0.0
R02,15,675,1,0.0,0.0,0.0,0.0
R02,15,676,1,0.0,0.0,0.0,0.0
R02,15,677,1,0.0,0.0,0.0,0.0
R02,15,678,1,0.0,0.0,0.0,0.0
R02,15,679,1,0.0,0.0,0.0,0.0
R02,15,680,1,0.0,0.0,0.0,0.0
R02,15,681,1,0.0,0.0,0.0,0.0
R02,15,682,1,0.0,0.0,0.0,0.0
R02,15,683,1,0.0,0.0,0.0,0.0
R02,15,684,1,0.0,0.0,0.0,0.0
R02,15,685,1,0.0,0.0,0.0,0.0
R02,15,686,1,0.0,0.0,0.0,0.0
R02,15,687,1,0.0,0.0,0.0,0.0
R02,15,688,1,0.0,0.0,0.0,0.0
R02,15,689,1,0.0,0.0,0.0,0.0
R02,15,690,1,0.0,0.0,0.0,0.0
R02,15,691,1,0.0,0.0,0.0,0.0
R02,15,692,1,0.0,0.0,0.0,0.0
R02,15,693,1,0.0,0.0,0.0,0.0
R02,15,694,1,0.0,0.0,0.0,0.0
R02,15,695,1,0.0,0.0,0.0,0.0
R02,15,696,1,0.0,0.0,0.0,0.0
R02,15,697,1,0.0,0.0,0.0,0.0
R02,15,698,1,0.0,0.0,0.0,0.0
R02,15,699,1,0.0,0.0,0.0,0.0
R02,15,700,0,0.0,0.0,0.0,0.0
R02,15,701,0,0.0,0.0,0.0,0.0
R02,15,702,0,0.0,0.0,0.0,0.0
R02,15,703,0,0.0,0.0,0.0,0.0
R02,15,704,0,0.0,0.0,0.0,0.0
R02,15,705,0,0.0,0.0,0.0,0.0
R02,15,706,0,0.0,0.0,0.0,0.0
R02,15,707,0,0.0,0.0,0.0,0.0
R02,15,708,0,0.0,0.0,0.0,0.0
R02,15,709,0,0.0,0.0,0.0,0.0
R02,15,710,0,0.0,0.0,0.0,0.0
R02,15,711,0,0.0,0.0,0.0,0.0
R02,15,712,0,0.0,0.0,0.0,0.0
R02,15,713,0,0.0,0.0,0.0,0.0
R02,15,714,0,0.0,0.0,0.0,0.0
R02,15,715,0,0.0,0.0,0.0,0.0
R02,15,716,0,0.0,0.0,0.0,0.0
R02,15,717,0,0.0,0.0,0.0,0.0
R02,15,718,0,0.0,0.0,0.0,0.0
R02,15,719,0,0.0,0.0,0.0,0.0
R02,15,720,0,0.0,0.0,0.0,0.0
R02,15,721,0,0.0,0.0,0.0,0.0
R02,15,722,0,0.0,0.0,0.0,0.0
R02,15,723,0,0.0,0.0,0.0,0.0
R02,15,724,0,0.0,0.0,0.0,0.0
R02,15,725,0,0.0,0.0,0.0,0.0
R02,15,726,0,0.0,0.0,0.0,0.0
R02,15,727,0,0.0,0.0,0.0,0.0
R02,15,728,0,0.0,0.0,0.0,0.0
R02,15,729,0,0.0,0.0,0.0,0.0
R02,15,730,0,0.0,0.0,0.0,0.0
R02,15,731,0,0.0,0.0,0.0,0.0
R02,15,732,0,0.0,0.0,0.0,0.0
R02,15,733,0,0.0,0.0,0.0,0.0
R02,15,734,0,0.0,0.0,0.0,0.0
R02,15,735,0,0.0,0.0,0.0,0.0
R02,15,736,0,0.0,0.0,0.0,0.0
R02,15,737,0,0.0,0.0,0.0,0.0
R02,15,738,0,0.0,0.0,0.0,0.0
R02,15,739,0,0.0,0.0,0.0,0.0
R02,15,740,0,0.0,0.0,0.0,0.0
R02,15,741,0,0.0,0.0,0.0,0.0
R02,15,742,0,0.0,0.0,0.0,0.0
R02,15,743,0,0.0,0.0,0.0,0.0
R02,15,744,0,0.0,0.0,0.0,0.0
R02,15,745,0,0.0,0.0,0.0,0.0
R02,15,746,0,0.0,0.0,0.0,0.0
R02,15,747,0,0.0,0.0,0.0,0.0
R02,15,748,0,0.0,0.0,0.0,0.0
R02,15,749,0,0.0,0.0,0.0,0.0
R02,15,750,0,0.0,0.0,0.0,0.0
R02,15,751,0,0.0,0.0,0.0,0.0
R02,15,752,0,0.0,0.0,0.0,0.0
R02,15,753,0,0.0,0.0,0.0,0.0
R02,15,754,0,0.0,0.0,0.0,0.0
R02,15,755,0,0.0,0.0,0.0,0.0
R02,15,756,0,0.0,0.0,0.0,0.0
R02,15,757,0,0.0,0.0,0.0,0.0
R02,15,758,0,0.0,0.0,0.0,0.0
R02,15,759,0,0.0,0.0,0.0,0.0
R02,15,760,0,0.0,0.0,0.0,0.0
R02,15,761,0,0.0,0.0,0.0,0.0
R02,15,762,0,0.0,0.0,0.0,0.0
R02,15,763,0,0.0,0.0,0.0,0.0
R02,15,764,0,0.0,0.0,0.0,0.0
R02,15,765,0,0.0,0.0,0.0,0.0
R02,15,766,0,0.0,0.0,0.0,0.0
R02,15,767,0,0.0,0.0,0.0,0.0
R02,15,768,0,0.0,0.0,0.0,0.0
R02,15,769,0,0.0,0.0,0.0,0.0
R02,15,770,0,0.0,0.0,0.0,0.0
R02,15,771,0,0.0,0.0,0.0,0.0
R02,15,772,0,0.0,0.0,0.0,0.0
R02,15,773,0,0.0,0.0,0.0,0.0
R02,15,774,0,0.0,0.0,0.0,0.0
R02,15,775,0,0.0,0.0,0.0,0.0
R02,15,776,0,0.0,0.0,0.0,0.0
R02,15,777,0,0.0,0.0,0.0,0.0
R02,15,778,0,0.0,0.0,0.0,0.0
R02,15,779,0,0.0,0.0,0.0,0.0
R02,15,780,0,0.0,0.0,0.0,0.0
R02,15,781,0,0.0,0.0,0.0,0.0
R02,15,782,0,0.0,0.0,0.0,0.0
R02,15,783,0,0.0,0.0,0.0,0.0
R02,15,784,0,0.0,0.0,0.0,0.0
R02,15,785,0,0.0,0.0,0.0,0.0
R02,15,786,0,0.0,0.0,0.0,0.0
R02,15,787,0,0.0,0.0,0.0,0.0
R02,15,788,0,0.0,0.0,0.0,0.0
R02,15,789,0,0.0,0.0,0.0,0.0
R02,15,790,0,0.0,0.0,0.0,0.0
R02,15,791,0,0.0,0.0,0.0,0.0
R02,15,792,0,0.0,0.0,0.0,0.0
R02,15,793,0,0.0,0.0,0.0,0.0
R02,15,794,0,0.0,0.0,0.0,0.0
R02,15,795,0,0.0,0.0,0.0,0.0
R02,15,796,0,0.0,0.0,0.0,0.0
R02,15,797,0,0.0,0.0,0.0,0.0
R02,15,798,0,0.0,0.0,0.0,0.0
R02,15,799,0,0.0,0.0,0.0,0.0
R02,15,800,0,0.0,0.0,0.0,0.0
R02,15,801,0,0.0,0.0,0.0,0.0
R02,15,802,0,0.0,0.0,0.0,0.0
R02,15,803,0,0.0,0.0,0.0,0.0
R02,15,804,0,0.0,0.0,0.0,0.0
R02,15,805,0,0.0,0.0,0.0,0.0
R02,15,806,0,0.0,0.0,0.0,0.0
R02,15,807,0,0.0,0.0,0.0,0.0
R02,15,808,0,0.0,0.0,0.0,0.0
R02,15,809,0,0.0,0.0,0.0,0.0
R02,15,810,0,0.0,0.0,0.0,0.0
R02,15,811,0,0.0,0.0,0.0,0.0
R02,15,812,0,0.0,0.0,0.0,0.0
R02,15,813,0,0.0,0.0,0.0,0.0
R02,15,814,0,0.0,0.0,0.0,0.0
R03,01,0,1,0.0,0.0,0.0,0.0
R03,01,1,1,0.0,0.0,0.0,0.0
R03,01,2,1,0.0,0.0,0.0,0.0
R03,01,3,1,0.0,0.0,0.0,0.0
R03,01,4,1,0.0,0.0,0.0,0.0
R03,01,5,1,0.0,0.0,0.0,0.0
R03,01,6,1,0.0,0.0,0.0,0.0
R03,01,7,1,0.0,0.0,0.0,0.0
R03,01,8,1,0.0,0.0,0.0,0.0
R03,01,9,1,0.0,0.0,0.0,0.0
R03,01,10,1,0.0,0.0,0.0,0.0
R03,01,11,1,0.0,0.0,0.0,0.0
R03,01,12,1,0.0,0.0,0.0,0.0
R03,01,13,1,0.0,0.0,0.0,0.0
R03,01,14,1,0.0,0.0,0.0,0.0
R03,01,15,1,0.0,0.0,0.0,0.0
R03,01,16,1,0.0,0.0,0.0,0.0
R03,01,17,1,0.0,0.0,0.0,0.0
R03,01,18,1,0.0,0.0,0.0,0.0
R03,01,19,1,0.0,0.0,0.0,0.0
R03,01,20,1,0.0,0.0,0.0,0.0
R03,01,21,1,0.0,0.0,0.0,0.0
R03,01,22,1,0.0,0.0,0.0,0.0
R03,01,23,1,0.0,0.0,0.0,0.0
R03,01,24,1,0.0,0.0,0.0,0.0
R03,01,25,1,0.0,0.0,0.0,0.0
R03,01,26,1,0.0,0.0,0.0,0.0
R03,01,27,1,0.0,0.0,0.0,0.0
R03,01,28,1,0.0,0.0,0.0,0.0
R03,01,29,1,0.0,0.0,0.0,0.0
R03,01,30,1,0.0,0.0,0.0,0.0
R03,01,31,1,0.0,0.0,0.0,0.0
R03,01,32,1,0.0,0.0,0.0,0.0
R03,01,33,1,0.0,0.0,0.0,0.0
R03,01,34,1,0.0,0.0,0.0,0.0
R03,01,35,1,0.0,0.0,0.0,0.0
R03,01,36,1,0.0,0.0,0.0,0.0
R03,01,37,1,0.0,0.0,0.0,0.0
R03,01,38,1,0.0,0.0,0.0,0.0
R03,01,39,1,0.0,0.0,0.0,0.0
R03,01,40,1,0.0,0.0,0.0,0.0
R03,01,41,1,0.0,0.0,0.0,0.0
R03,01,42,1,0.0,0.0,0.0,0.0
R03,01,43,1,0.0,0.0,0.0,0.0
R03,01,44,1,0.0,0.0,0.0,0.0
R03,01,45,1,0.0,0.0,0.0,0.0
R03,01,46,1,0.0,0.0,0.0,0.0
R03,01,47,1,0.0,0.0,0.0,0.0
R03,01,48,1,0.0,0.0,0.0,0.0
R03,01,49,1,0.0,0.0,0.0,0.0
R03,01,50,1,0.0,0.0,0.0,0.0
R03,01,51,1,0.0,0.0,0.0,0.0
R03,01,52,1,0.0,0.0,0.0,0.0
R03,01,53,1,0.0,0.0,0.0,0.0
R03,01,54,1,0.0,0.0,0.0,0.0
R03,01,55,1,0.0,0.0,0.0,0.0
R03,01,56,1,0.0,0.0,0.0,0.0
R03,01,57,1,0.0,0.0,0.0,0.0
R03,01,58,1,0.0,0.0,0.0,0.0
R03,01,59,1,0.0,0.0,0.0,0.0
R03,01,60,1,0.0,0.0,0.0,0.0
R03,01,61,1,0.0,0.0,0.0,0.0
R03,01,62,1,0.0,0.0,0.0,0.0
R03,01,63,1,0.0,0.0,0.0,0.0
R03,01,64,1,0.0,0.0,0.0,0.0
R03,01,65,1,0.0,0.0,0.0,0.0
R03,01,66,1,0.0,0.0,0.0,0.0
R03,01,67,1,0.0,0.0,0.0,0.0
R03,01,68,1,0.0,0.0,0.0,0.0
R03,01,69,1,0.0,0.0,0.0,0.0
R03,01,70,1,0.0,0.0,0.0,0.0
R03,01,71,1,0.0,0.0,0.0,0.0
R03,01,72,1,0.0,0.0,0.0,0.0
R03,01,73,1,0.0,0.0,0.0,0.0
R03,01,74,1,0.0,0.0,0.0,0.0
R03,01,75,1,0.0,0.0,0.0,0.0
R03,01,76,1,0.0,0.0,0.0,0.0
R03,01,77,1,0.0,0.0,0.0,0.0
R03,01,78,1,0.0,0.0,0.0,0.0
R03,01,79,1,0.0,0.0,0.0,0.0
R03,01,80,1,0.0,0.0,0.0,0.0
R03,01,81,1,0.0,0.0,0.0,0.0
R03,01,82,1,0.0,0.0,0.0,0.0
R03,01,83,1,0.0,0.0,0.0,0.0
R03,01,84,1,0.0,0.0,0.0,0.0
R03,01,85,1,0.0,0.0,0.0,0.0
R03,01,86,1,0.0,0.0,0.0,0.0
R03,01,87,1,0.0,0.0,0.0,0.0
R03,01,88,1,0.0,0.0,0.0,0.0
R03,01,89,1,0.0,0.0,0.0,0.0
R03,01,90,1,0.0,0.0,0.0,0.0
R03,01,91,1,0.0,0.0,0.0,0.0
R03,01,92,1,0.0,0.0,0.0,0.0
R03,01,93,1,0.0,0.0,0.0,0.0
R03,01,94,1,0.0,0.0,0.0,0.0
R03,01,95,1,0.0,0.0,0.0,0.0
R03,01,96,1,0.0,0.0,0.0,0.0
R03,01,97,1,0.0,0.0,0.0,0.0
R03,01,98,1,0.0,0.0,0.0,0.0
R03,01,99,1,0.0,0.0,0.0,0.0
R03,01,100,1,0.0,0.0,0.0,0.0
R03,01,101,1,0.0,0.0,0.0,0.0
R03,01,102,1,0.0,0.0,0.0,0.0
R03,01,103,1,0.0,0.0,0.0,0.0
R03,01,104,1,0.0,0.0,0.0,0.0
R03,01,105,1,0.0,0.0,0.0,0.0
R03,01,106,1,0.0,0.0,0.0,0.0
R03,01,107,1,0.0,0.0,0.0,0.0
R03,01,108,1,0.0,0.0,0.0,0.0
R03,01,109,1,0.0,0.0,0.0,0.0
R03,01,110,1,0.0,0.0,0.0,0.0
R03,01,111,1,0.0,0.0,0.0,0.0
R03,01,112,1,0.0,0.0,0.0,0.0
R03,01,113,1,0.0,0.0,0.0,0.0
R03,01,114,1,0.0,0.0,0.0,0.0
R03,01,115,1,0.0,0.0,0.0,0.0
R03,01,116,1,0.0,0.0,0.0,0.0
R03,01,117,1,0.0,0.0,0.0,0.0
R03,01,118,1,0.0,0.0,0.0,0.0
R03,01,119,1,0.0,0.0,0.0,0.0
R03,01,120,1,0.0,0.0,0.0,0.0
R03,01,121,1,0.0,0.0,0.0,0.0
R03,01,122,1,0.0,0.0,0.0,0.0
R03,01,123,1,0.0,0.0,0.0,0.0
R03,01,124,1,0.0,0.0,0.0,0.0
R03,01,125,1,0.0,0.0,0.0,0.0
R03,01,126,1,0.0,0.0,0.0,0.0
R03,01,127,1,0.0,0.0,0.0,0.0
R03,01,128,1,0.0,0.0,0.0,0.0
R03,01,129,1,0.0,0.0,0.0,0.0
R03,01,130,1,0.0,0.0,0.0,0.0
R03,01,131,1,0.0,0.0,0.0,0.0
R03,01,132,1,0.0,0.0,0.0,0.0
R03,01,133,1,0.0,0.0,0.0,0.0
R03,01,134,1,0.0,0.0,0.0,0.0
R03,01,135,1,0.0,0.0,0.0,0.0
R03,01,136,1,0.0,0.0,0.0,0.0
R03,01,137,1,0.0,0.0,0.0,0.0
R03,01,138,1,0.0,0.0,0.0,0.0
R03,01,139,1,0.0,0.0,0.0,0.0
R03,01,140,1,0.0,0.0,0.0,0.0
R03,01,141,1,0.0,0.0,0.0,0.0
R03,01,142,1,0.0,0.0,0.0,0.0
R03,01,143,1,0.0,0.0,0.0,0.0
R03,01,144,1,0.0,0.0,0.0,0.0
R03,01,145,1,0.0,0.0,0.0,0.0
R03,01,146,1,0.0,0.0,0.0,0.0
R03,01,147,1,0.0,0.0,0.0,0.0
R03,01,148,1,0.0,0.0,0.0,0.0
R03,01,149,1,0.0,0.0,0.0,0.0
R03,01,150,1,0.0,0.0,0.0,0.0
R03,01,151,1,0.0,0.0,0.0,0.0
R03,01,152,1,0.0,0.0,0.0,0.0
R03,01,153,1,0.0,0.0,0.0,0.0
R03,01,154,1,0.0,0.0,0.0,0.0
R03,01,155,1,0.0,0.0,0.0,0.0
R03,01,156,1,0.0,0.0,0.0,0.0
R03,01,157,1,0.0,0.0,0.0,0.0
R03,01,158,1,0.0,0.0,0.0,0.0
R03,01,159,1,0.0,0.0,0.0,0.0
R03,01,160,1,0.0,0.0,0.0,0.0
R03,01,161,1,0.0,0.0,0.0,0.0
R03,01,162,1,0.0,0.0,0.0,0.0
R03,01,163,1,0.0,0.0,0.0,0.0
R03,01,164,1,0.0,0.0,0.0,0.0
R03,01,165,1,0.0,0.0,0.0,0.0
R03,01,166,1,0.0,0.0,0.0,0.0
R03,01,167,1,0.0,0.0,0.0,0.0
R03,01,168,1,0.0,0.0,0.0,0.0
R03,01,169,1,0.0,0.0,0.0,0.0
R03,01,170,1,0.0,0.0,0.0,0.0
R03,01,171,1,0.0,0.0,0.0,0.0
R03,01,172,1,0.0,0.0,0.0,0.0
R03,01,173,1,0.0,0.0,0.0,0.0
R03,01,174,1,0.0,0.0,0.0,0.0
R03,01,175,1,0.0,0.0,0.0,0.0
R03,01,176,1,0.0,0.0,0.0,0.0
R03,01,177,1,0.0,0.0,0.0,0.0
R03,01,178,1,0.0,0.0,0.0,0.0
R03,01,179,1,0.0,0.0,0.0,0.0
R03,01,180,1,0.0,0.0,0.0,0.0
R03,01,181,1,0.0,0.0,0.0,0.0
R03,01,182,1,0.0,0.0,0.0,0.0
R03,01,183,1,0.0,0.0,0.0,0.0
R03,01,184,1,0.0,0.0,0.0,0.0
R03,01,185,1,0.0,0.0,0.0,0.0
R03,01,186,1,0.0,0.0,0.0,0.0
R03,01,187,1,0.0,0.0,0.0,0.0
R03,01,188,1,0.0,0.0,0.0,0.0
R03,01,189,1,0.0,0.0,0.0,0.0
R03,01,190,1,0.0,0.0,0.0,0.0
R03,01,191,1,0.0,0.0,0.0,0.0
R03,01,192,1,0.0,0.0,0.0,0.0
R03,01,193,1,0.0,0.0,0.0,0.0
R03,01,194,1,0.0,0.0,0.0,0.0
R03,01,195,1,0.0,0.0,0.0,0.0
R03,01,196,1,0.0,0.0,0.0,0.0
R03,01,197,1,0.0,0.0,0.0,0.0
R03,01,198,1,0.0,0.0,0.0,0.0
R03,01,199,1,0.0,0.0,0.0,0.0
R03,01,200,1,0.0,0.0,0.0,0.0
R03,01,201,1,0.0,0.0,0.0,0.0
R03,01,202,1,0.0,0.0,0.0,0.0
R03,01,203,1,0.0,0.0,0.0,0.0
R03,01,204,1,0.0,0.0,0.0,0.0
R03,01,205,1,0.0,0.0,0.0,0.0
R03,01,206,1,0.0,0.0,0.0,0.0
R03,01,207,1,0.0,0.0,0.0,0.0
R03,01,208,1,0.0,0.0,0.0,0.0
R03,01,209,1,0.0,0.0,0.0,0.0
R03,01,210,1,0.0,0.0,0.0,0.0
R03,01,211,1,0.0,0.0,0.0,0.0
R03,01,212,1,0.0,0.0,0.0,0.0
R03,01,213,1,0.0,0.0,0.0,0.0
R03,01,214,1,0.0,0.0,0.0,0.0
R03,01,215,1,0.0,0.0,0.0,0.0
R03,01,216,1,0.0,0.0,0.0,0.0
R03,01,217,1,0.0,0.0,0.0,0.0
R03,01,218,1,0.0,0.0,0.0,0.0
R03,01,219,1,0.0,0.0,0.0,0.0
R03,01,220,1,0.0,0.0,0.0,0.0
R03,01,221,1,0.0,0.0,0.0,0.0
R03,01,222,1,0.0,0.0,0.0,0.0
R03,01,223,1,0.0,0.0,0.0,0.0
R03,01,224,1,0.0,0.0,0.0,0.0
R03,01,225,1,0.0,0.0,0.0,0.0
R03,01,226,1,0.0,0.0,0.0,0.0
R03,01,227,1,0.0,0.0,0.0,0.0
R03,01,228,1,0.0,0.0,0.0,0.0
R03,01,229,1,0.0,0.0,0.0,0.0
R03,01,230,1,0.0,0.0,0.0,0.0
R03,01,231,1,0.0,0.0,0.0,0.0
R03,01,232,1,0.0,0.0,0.0,0.0
R03,01,233,1,0.0,0.0,0.0,0.0
R03,01,234,1,0.0,0.0,0.0,0.0
R03,01,235,1,0.0,0.0,0.0,0.0
R03,01,236,1,0.0,0.0,0.0,0.0
R03,01,237,1,0.0,0.0,0.0,0.0
R03,01,238,1,0.0,0.0,0.0,0.0
R03,01,239,1,0.0,0.0,0.0,0.0
R03,01,240,1,0.0,0.0,0.0,0.0
R03,01,241,1,0.0,0.0,0.0,0.0
R03,01,242,1,0.0,0.0,0.0,0.0
R03,01,243,1,0.0,0.0,0.0,0.0
R03,01,244,1,0.0,0.0,0.0,0.0
R03,01,245,1,0.0,0.0,0.0,0.0
R03,01,246,1,0.0,0.0,0.0,0.0
R03,01,247,1,0.0,0.0,0.0,0.0
R03,01,248,1,0.0,0.0,0.0,0.0
R03,01,249,1,0.0,0.0,0.0,0.0
R03,01,250,1,0.0,0.0,0.0,0.0
R03,01,251,1,0.0,0.0,0.0,0.0
R03,01,252,1,0.0,0.0,0.0,0.0
R03,01,253,1,0.0,0.0,0.0,0.0
R03,01,254,1,0.0,0.0,0.0,0.0
R03,01,255,1,0.0,0.0,0.0,0.0
R03,01,256,1,0.0,0.0,0.0,0.0
R03,01,257,1,0.0,0.0,0.0,0.0
R03,01,258,1,0.0,0.0,0.0,0.0
R03,01,259,1,0.0,0.0,0.0,0.0
R03,01,260,1,0.0,0.0,0.0,0.0
R03,01,261,1,0.0,0.0,0.0,0.0
R03,01,262,1,0.0,0.0,0.0,0.0
R03,01,263,1,0.0,0.0,0.0,0.0
R03,01,264,1,0.0,0.0,0.0,0.0
R03,01,265,1,0.0,0.0,0.0,0.0
R03,01,266,1,0.0,0.0,0.0,0.0
R03,01,267,1,0.0,0.0,0.0,0.0
R03,01,268,1,0.0,0.0,0.0,0.0
R03,01,269,1,0.0,0.0,0.0,0.0
R03,01,270,1,0.0,0.0,0.0,0.0
R03,01,271,1,0.0,0.0,0.0,0.0
R03,01,272,1,0.0,0.0,0.0,0.0
R03,01,273,1,0.0,0.0,0.0,0.0
R03,01,274,1,0.0,0.0,0.0,0.0
R03,01,275,1,0.0,0.0,0.0,0.0
R03,01,276,1,0.0,0.0,0.0,0.0
R03,01,277,1,0.0,0.0,0.0,0.0
R03,01,278,1,0.0,0.0,0.0,0.0
R03,01,279,1,0.0,0.0,0.0,0.0
R03,01,280,1,0.0,0.0,0.0,0.0
R03,01,281,1,0.0,0.0,0.0,0.0
R03,01,282,1,0.0,0.0,0.0,0.0
R03,01,283,1,0.0,0.0,0.0,0.0
R03,01,284,1,0.0,0.0,0.0,0.0
R03,01,285,1,0.0,0.0,0.0,0.0
R03,01,286,1,0.0,0.0,0.0,0.0
R03,01,287,1,0.0,0.0,0.0,0.0
R03,01,288,1,0.0,0.0,0.0,0.0
R03,01,289,1,0.0,0.0,0.0,0.0
R03,01,290,1,0.0,0.0,0.0,0.0
R03,01,291,1,0.0,0.0,0.0,0.0
R03,01,292,1,0.0,0.0,0.0,0.0
R03,01,293,1,0.0,0.0,0.0,0.0
R03,01,294,1,0.0,0.0,0.0,0.0
R03,01,295,1,0.0,0.0,0.0,0.0
R03,01,296,1,0.0,0.0,0.0,0.0
R03,01,297,1,0.0,0.0,0.0,0.0
R03,01,298,1,0.0,0.0,0.0,0.0
R03,01,299,1,0.0,0.0,0.0,0.0
R03,01,300,1,0.0,0.0,0.0,0.0
R03,01,301,1,0.0,0.0,0.0,0.0
R03,01,302,1,0.0,0.0,0.0,0.0
R03,01,303,1,0.0,0.0,0.0,0.0
R03,01,304,1,0.0,0.0,0.0,0.0
R03,01,305,1,0.0,0.0,0.0,0.0
R03,01,306,1,0.0,0.0,0.0,0.0
R03,01,307,1,0.0,0.0,0.0,0.0
R03,01,308,1,0.0,0.0,0.0,0.0
R03,01,309,1,0.0,0.0,0.0,0.0
R03,01,310,1,0.0,0.0,0.0,0.0
R03,01,311,1,0.0,0.0,0.0,0.0
R03,01,312,1,0.0,0.0,0.0,0.0
R03,01,313,1,0.0,0.0,0.0,0.0
R03,01,314,1,0.0,0.0,0.0,0.0
R03,01,315,1,0.0,0.0,0.0,0.0
R03,01,316,1,0.0,0.0,0.0,0.0
R03,01,317,1,0.0,0.0,0.0,0.0
R03,01,318,1,0.0,0.0,0.0,0.0
R03,01,319,1,0.0,0.0,0.0,0.0
R03,01,320,1,0.0,0.0,0.0,0.0
R03,01,321,1,0.0,0.0,0.0,0.0
R03,01,322,1,0.0,0.0,0.0,0.0
R03,01,323,1,0.0,0.0,0.0,0.0
R03,01,324,1,0.0,0.0,0.0,0.0
R03,01,325,1,0.0,0.0,0.0,0.0
R03,01,326,1,0.0,0.0,0.0,0.0
R03,01,327,1,0.0,0.0,0.0,0.0
R03,01,328,1,0.0,0.0,0.0,0.0
R03,01,329,1,0.0,0.0,0.0,0.0
R03,01,330,1,0.0,0.0,0.0,0.0
R03,01,331,1,0.0,0.0,0.0,0.0
R03,01,332,1,0.0,0.0,0.0,0.0
R03,01,333,1,0.0,0.0,0.0,0.0
R03,01,334,1,0.0,0.0,0.0,0.0
R03,01,335,1,0.0,0.0,0.0,0.0
R03,01,336,1,0.0,0.0,0.0,0.0
R03,01,337,1,0.0,0.0,0.0,0.0
R03,01,338,1,0.0,0.0,0.0,0.0
R03,01,339,1,0.0,0.0,0.0,0.0
R03,01,340,1,0.0,0.0,0.0,0.0
R03,01,341,1,0.0,0.0,0.0,0.0
R03,01,342,1,0.0,0.0,0.0,0.0
R03,01,343,1,0.0,0.0,0.0,0.0
R03,01,344,1,0.0,0.0,0.0,0.0
R03,01,345,1,0.0,0.0,0.0,0.0
R03,01,346,1,0.0,0.0,0.0,0.0
R03,01,347,1,0.0,0.0,0.0,0.0
R03,01,348,1,0.0,0.0,0.0,0.0
R03,01,349,1,0.0,0.0,0.0,0.0
R03,01,350,1,0.0,0.0,0.0,0.0
R03,01,351,1,0.0,0.0,0.0,0.0
R03,01,352,1,0.0,0.0,0.0,0.0
R03,01,353,1,0.0,0.0,0.0,0.0
R03,01,354,1,0.0,0.0,0.0,0.0
R03,01,355,1,0.0,0.0,0.0,0.0
R03,01,356,1,0.0,0.0,0.0,0.0
R03,01,357,1,0.0,0.0,0.0,0.0
R03,01,358,1,0.0,0.0,0.0,0.0
R03,01,359,1,0.0,0.0,0.0,0.0
R03,01,360,1,0.0,0.0,0.0,0.0
R03,01,361,1,0.0,0.0,0.0,0.0
R03,01,362,1,0.0,0.0,0.0,0.0
R03,01,363,1,0.0,0.0,0.0,0.0
R03,01,364,1,0.0,0.0,0.0,0.0
R03,01,365,1,0.0,0.0,0.0,0.0
R03,01,366,1,0.0,0.0,0.0,0.0
R03,01,367,1,0.0,0.0,0.0,0.0
R03,01,368,1,0.0,0.0,0.0,0.0
R03,01,369,1,0.0,0.0,0.0,0.0
R03,01,370,1,0.0,0.0,0.0,0.0
R03,01,371,1,0.0,0.0,0.0,0.0
R03,01,372,1,0.0,0.0,0.0,0.0
R03,01,373,1,0.0,0.0,0.0,0.0
R03,01,374,1,0.0,0.0,0.0,0.0
R03,01,375,1,0.0,0.0,0.0,0.0
R03,01,376,1,0.0,0.0,0.0,0.0
R03,01,377,1,0.0,0.0,0.0,0.0
R03,01,378,1,0.0,0.0,0.0,0.0
R03,01,379,1,0.0,0.0,0.0,0.0
R03,01,380,1,0.0,0.0,0.0,0.0
R03,01,381,1,0.0,0.0,0.0,0.0
R03,01,382,1,0.0,0.0,0.0,0.0
R03,01,383,1,0.0,0.0,0.0,0.0
R03,01,384,1,0.0,0.0,0.0,0.0
R03,01,385,1,0.0,0.0,0.0,0.0
R03,01,386,1,0.0,0.0,0.0,0.0
R03,01,387,1,0.0,0.0,0.0,0.0
R03,01,388,1,0.0,0.0,0.0,0.0
R03,01,389,1,0.0,0.0,0.0,0.0
R03,01,390,1,0.0,0.0,0.0,0.0
R03,01,391,1,0.0,0.0,0.0,0.0
R03,01,392,1,0.0,0.0,0.0,0.0
R03,01,393,1,0.0,0.0,0.0,0.0
R03,01,394,1,0.0,0.0,0.0,0.0
R03,01,395,1,0.0,0.0,0.0,0.0
R03,01,396,1,0.0,0.0,0.0,0.0
R03,01,397,1,0.0,0.0,0.0,0.0
R03,01,398,1,0.0,0.0,0.0,0.0
R03,01,399,1,0.0,0.0,0.0,0.0
R03,01,400,1,0.0,0.0,0.0,0.0
R03,01,401,1,0.0,0.0,0.0,0.0
R03,01,402,1,0.0,0.0,0.0,0.0
R03,01,403,1,0.0,0.0,0.0,0.0
R03,01,404,1,0.0,0.0,0.0,0.0
R03,01,405,1,0.0,0.0,0.0,0.0
R03,01,406,1,0.0,0.0,0.0,0.0
R03,01,407,1,0.0,0.0,0.0,0.0
R03,01,408,1,0.0,0.0,0.0,0.0
R03,01,409,1,0.0,0.0,0.0,0.0
R03,01,410,1,0.0,0.0,0.0,0.0
R03,01,411,1,0.0,0.0,0.0,0.0
R03,01,412,1,0.0,0.0,0.0,0.0
R03,01,413,1,0.0,0.0,0.0,0.0
R03,01,414,1,0.0,0.0,0.0,0.0
R03,01,415,1,0.0,0.0,0.0,0.0
R03,01,416,1,0.0,0.0,0.0,0.0
R03,01,417,1,0.0,0.0,0.0,0.0
R03,01,418,1,0.0,0.0,0.0,0.0
R03,01,419,1,0.0,0.0,0.0,0.0
R03,01,420,1,0.0,0.0,0.0,0.0
R03,01,421,1,0.0,0.0,0.0,0.0
R03,01,422,1,0.0,0.0,0.0,0.0
R03,01,423,1,0.0,0.0,0.0,0.0
R03,01,424,1,0.0,0.0,0.0,0.0
R03,01,425,1,0.0,0.0,0.0,0.0
R03,01,426,1,0.0,0.0,0.0,0.0
R03,01,427,1,0.0,0.0,0.0,0.0
R03,01,428,1,0.0,0.0,0.0,0.0
R03,01,429,1,0.0,0.0,0.0,0.0
R03,01,430,1,0.0,0.0,0.0,0.0
R03,01,431,1,0.0,0.0,0.0,0.0
R03,01,432,1,0.0,0.0,0.0,0.0
R03,01,433,1,0.0,0.0,0.0,0.0
R03,01,434,1,0.0,0.0,0.0,0.0
R03,01,435,1,0.0,0.0,0.0,0.0
R03,01,436,1,0.0,0.0,0.0,0.0
R03,01,437,1,0.0,0.0,0.0,0.0
R03,01,438,1,0.0,0.0,0.0,0.0
R03,01,439,1,0.0,0.0,0.0,0.0
R03,01,440,1,0.0,0.0,0.0,0.0
R03,01,441,1,0.0,0.0,0.0,0.0
R03,01,442,1,0.0,0.0,0.0,0.0
R03,01,443,1,0.0,0.0,0.0,0.0
R03,01,444,1,0.0,0.0,0.0,0.0
R03,01,445,1,0.0,0.0,0.0,0.0
R03,01,446,1,0.0,0.0,0.0,0.0
R03,01,447,1,0.0,0.0,0.0,0.0
R03,01,448,1,0.0,0.0,0.0,0.0
R03,01,449,1,0.0,0.0,0.0,0.0
R03,01,450,1,0.0,0.0,0.0,0.0
R03,01,451,1,0.0,0.0,0.0,0.0
R03,01,452,1,0.0,0.0,0.0,0.0
R03,01,453,1,0.0,0.0,0.0,0.0
R03,01,454,1,0.0,0.0,0.0,0.0
R03,01,455,1,0.0,0.0,0.0,0.0
R03,01,456,1,0.0,0.0,0.0,0.0
R03,01,457,1,0.0,0.0,0.0,0.0
R03,01,458,1,0.0,0.0,0.0,0.0
R03,01,459,1,0.0,0.0,0.0,0.0
R03,01,460,1,0.0,0.0,0.0,0.0
R03,01,461,1,0.0,0.0,0.0,0.0
R03,01,462,1,0.0,0.0,0.0,0.0
R03,01,463,1,0.0,0.0,0.0,0.0
R03,01,464,1,0.0,0.0,0.0,0.0
R03,01,465,1,0.0,0.0,0.0,0.0
R03,01,466,1,0.0,0.0,0.0,0.0
R03,01,467,1,0.0,0.0,0.0,0.0
R03,01,468,1,0.0,0.0,0.0,0.0
R03,01,469,1,0.0,0.0,0.0,0.0
R03,01,470,1,0.0,0.0,0.0,0.0
R03,01,471,1,0.0,0.0,0.0,0.0
R03,01,472,1,0.0,0.0,0.0,0.0
R03,01,473,1,0.0,0.0,0.0,0.0
R03,01,474,1,0.0,0.0,0.0,0.0
R03,01,475,1,0.0,0.0,0.0,0.0
R03,01,476,1,0.0,0.0,0.0,0.0
R03,01,477,1,0.0,0.0,0.0,0.0
R03,01,478,1,0.0,0.0,0.0,0.0
R03,01,479,1,0.0,0.0,0.0,0.0
R03,01,480,1,0.0,0.0,0.0,0.0
R03,01,481,1,0.0,0.0,0.0,0.0
R03,01,482,1,0.0,0.0,0.0,0.0
R03,01,483,1,0.0,0.0,0.0,0.0
R03,01,484,1,0.0,0.0,0.0,0.0
R03,01,485,1,0.0,0.0,0.0,0.0
R03,01,486,1,0.0,0.0,0.0,0.0
R03,01,487,1,0.0,0.0,0.0,0.0
R03,01,488,1,0.0,0.0,0.0,0.0
R03,01,489,1,0.0,0.0,0.0,0.0
R03,01,490,1,0.0,0.0,0.0,0.0
R03,01,491,1,0.0,0.0,0.0,0.0
R03,01,492,1,0.0,0.0,0.0,0.0
R03,01,493,1,0.0,0.0,0.0,0.0
R03,01,494,1,0.0,0.0,0.0,0.0
R03,01,495,1,0.0,0.0,0.0,0.0
R03,01,496,1,0.0,0.0,0.0,0.0
R03,01,497,1,0.0,0.0,0.0,0.0
R03,01,498,1,0.0,0.0,0.0,0.0
R03,01,499,1,0.0,0.0,0.0,0.0
R03,01,500,1,0.0,0.0,0.0,0.0
R03,01,501,1,0.0,0.0,0.0,0.0
R03,01,502,1,0.0,0.0,0.0,0.0
R03,01,503,1,0.0,0.0,0.0,0.0
R03,01,504,1,0.0,0.0,0.0,0.0
R03,01,505,1,0.0,0.0,0.0,0.0
R03,01,506,1,0.0,0.0,0.0,0.0
R03,01,507,1,0.0,0.0,0.0,0.0
R03,01,508,1,0.0,0.0,0.0,0.0
R03,01,509,1,0.0,0.0,0.0,0.0
R03,01,510,1,0.0,0.0,0.0,0.0
R03,01,511,1,0.0,0.0,0.0,0.0
R03,01,512,1,0.0,0.0,0.0,0.0
R03,01,513,1,0.0,0.0,0.0,0.0
R03,01,514,1,0.0,0.0,0.0,0.0
R03,01,515,1,0.0,0.0,0.0,0.0
R03,01,516,1,0.0,0.0,0.0,0.0
R03,01,517,1,0.0,0.0,0.0,0.0
R03,01,518,1,0.0,0.0,0.0,0.0
R03,01,519,1,0.0,0.0,0.0,0.0
R03,01,520,1,0.0,0.0,0.0,0.0
R03,01,521,1,0.0,0.0,0.0,0.0
R03,01,522,1,0.0,0.0,0.0,0.0
R03,01,523,1,0.0,0.0,0.0,0.0
R03,01,524,1,0.0,0.0,0.0,0.0
R03,01,525,1,0.0,0.0,0.0,0.0
R03,01,526,1,0.0,0.0,0.0,0.0
R03,01,527,1,0.0,0.0,0.0,0.0
R03,01,528,1,0.0,0.0,0.0,0.0
R03,01,529,1,0.0,0.0,0.0,0.0
R03,01,530,1,0.0,0.0,0.0,0.0
R03,01,531,1,0.0,0.0,0.0,0.0
R03,01,532,1,0.0,0.0,0.0,0.0
R03,01,533,1,0.0,0.0,0.0,0.0
R03,01,534,1,0.0,0.0,0.0,0.0
R03,01,535,1,0.0,0.0,0.0,0.0
R03,01,536,1,0.0,0.0,0.0,0.0
R03,01,537,1,0.0,0.0,0.0,0.0
R03,01,538,1,0.0,0.0,0.0,0.0
R03,01,539,1,0.0,0.0,0.0,0.0
R03,01,540,1,0.0,0.0,0.0,0.0
R03,01,541,1,0.0,0.0,0.0,0.0
R03,01,542,1,0.0,0.0,0.0,0.0
R03,01,543,1,0.0,0.0,0.0,0.0
R03,01,544,1,0.0,0.0,0.0,0.0
R03,01,545,1,0.0,0.0,0.0,0.0
R03,01,546,1,0.0,0.0,0.0,0.0
R03,01,547,1,0.0,0.0,0.0,0.0
R03,01,548,1,0.0,0.0,0.0,0.0
R03,01,549,1,0.0,0.0,0.0,0.0
R03,01,550,1,0.0,0.0,0.0,0.0
R03,01,551,1,0.0,0.0,0.0,0.0
R03,01,552,1,0.0,0.0,0.0,0.0
R03,01,553,1,0.0,0.0,0.0,0.0
R03,01,554,1,0.0,0.0,0.0,0.0
R03,01,555,1,0.0,0.0,0.0,0.0
R03,01,556,1,0.0,0.0,0.0,0.0
R03,01,557,1,0.0,0.0,0.0,0.0
R03,01,558,1,0.0,0.0,0.0,0.0
R03,01,559,1,0.0,0.0,0.0,0.0
R03,01,560,1,0.0,0.0,0.0,0.0
R03,01,561,1,0.0,0.0,0.0,0.0
R03,01,562,1,0.0,0.0,0.0,0.0
R03,01,563,1,0.0,0.0,0.0,0.0
R03,01,564,1,0.0,0.0,0.0,0.0
R03,01,565,1,0.0,0.0,0.0,0.0
R03,01,566,1,0.0,0.0,0.0,0.0
R03,01,567,1,0.0,0.0,0.0,0.0
R03,01,568,1,0.0,0.0,0.0,0.0
R03,01,569,1,0.0,0.0,0.0,0.0
R03,01,570,1,0.0,0.0,0.0,0.0
R03,01,571,1,0.0,0.0,0.0,0.0
R03,01,572,1,0.0,0.0,0.0,0.0
R03,01,573,1,0.0,0.0,0.0,0.0
R03,01,574,1,0.0,0.0,0.0,0.0
R03,01,575,1,0.0,0.0,0.0,0.0
R03,01,576,1,0.0,0.0,0.0,0.0
R03,01,577,1,0.0,0.0,0.0,0.0
R03,01,578,1,0.0,0.0,0.0,0.0
R03,01,579,1,0.0,0.0,0.0,0.0
R03,01,580,1,0.0,0.0,0.0,0.0
R03,01,581,1,0.0,0.0,0.0,0.0
R03,01,582,1,0.0,0.0,0.0,0.0
R03,01,583,1,0.0,0.0,0.0,0.0
R03,01,584,1,0.0,0.0,0.0,0.0
R03,01,585,1,0.0,0.0,0.0,0.0
R03,01,586,1,0.0,0.0,0.0,0.0
R03,01,587,1,0.0,0.0,0.0,0.0
R03,01,588,1,0.0,0.0,0.0,0.0
R03,01,589,1,0.0,0.0,0.0,0.0
R03,01,590,1,0.0,0.0,0.0,0.0
R03,01,591,1,0.0,0.0,0.0,0.0
R03,01,592,1,0.0,0.0,0.0,0.0
R03,01,593,1,0.0,0.0,0.0,0.0
R03,01,594,1,0.0,0.0,0.0,0.0
R03,01,595,1,0.0,0.0,0.0,0.0
R03,01,596,1,0.0,0.0,0.0,0.0
R03,01,597,1,0.0,0.0,0.0,0.0
R03,01,598,1,0.0,0.0,0.0,0.0
R03,01,599,1,0.0,0.0,0.0,0.0
R03,01,600,1,0.0,0.0,0.0,0.0
R03,01,601,1,0.0,0.0,0.0,0.0
R03,01,602,1,0.0,0.0,0.0,0.0
R03,01,603,1,0.0,0.0,0.0,0.0
R03,01,604,1,0.0,0.0,0.0,0.0
R03,01,605,1,0.0,0.0,0.0,0.0
R03,01,606,1,0.0,0.0,0.0,0.0
R03,01,607,1,0.0,0.0,0.0,0.0
R03,01,608,1,0.0,0.0,0.0,0.0
R03,01,609,1,0.0,0.0,0.0,0.0
R03,01,610,1,0.0,0.0,0.0,0.0
R03,01,611,1,0.0,0.0,0.0,0.0
R03,01,612,1,0.0,0.0,0.0,0.0
R03,01,613,1,0.0,0.0,0.0,0.0
R03,01,614,1,0.0,0.0,0.0,0.0
R03,01,615,1,0.0,0.0,0.0,0.0
R03,01,616,1,0.0,0.0,0.0,0.0
R03,01,617,1,0.0,0.0,0.0,0.0
R03,01,618,1,0.0,0.0,0.0,0.0
R03,01,619,1,0.0,0.0,0.0,0.0
R03,01,620,1,0.0,0.0,0.0,0.0
R03,01,621,1,0.0,0.0,0.0,0.0
R03,01,622,1,0.0,0.0,0.0,0.0
R03,01,623,1,0.0,0.0,0.0,0.0
R03,01,624,1,0.0,0.0,0.0,0.0
R03,01,625,1,0.0,0.0,0.0,0.0
R03,01,626,1,0.0,0.0,0.0,0.0
R03,01,627,1,0.0,0.0,0.0,0.0
R03,01,628,1,0.0,0.0,0.0,0.0
R03,01,629,1,0.0,0.0,0.0,0.0
R03,01,630,1,0.0,0.0,0.0,0.0
R03,01,631,1,0.0,0.0,0.0,0.0
R03,01,632,1,0.0,0.0,0.0,0.0
R03,01,633,1,0.0,0.0,0.0,0.0
R03,01,634,1,0.0,0.0,0.0,0.0
R03,01,635,1,0.0,0.0,0.0,0.0
R03,01,636,1,0.0,0.0,0.0,0.0
R03,01,637,1,0.0,0.0,0.0,0.0
R03,01,638,1,0.0,0.0,0.0,0.0
R03,01,639,1,0.0,0.0,0.0,0.0
R03,01,640,1,0.0,0.0,0.0,0.0
R03,01,641,1,0.0,0.0,0.0,0.0
R03,01,642,1,0.0,0.0,0.0,0.0
R03,01,643,1,0.0,0.0,0.0,0.0
R03,01,644,1,0.0,0.0,0.0,0.0
R03,01,645,1,0.0,0.0,0.0,0.0
R03,01,646,1,0.0,0.0,0.0,0.0
R03,01,647,1,0.0,0.0,0.0,0.0
R03,01,648,1,0.0,0.0,0.0,0.0
R03,01,649,1,0.0,0.0,0.0,0.0
R03,01,650,1,0.0,0.0,0.0,0.0
R03,01,651,1,0.0,0.0,0.0,0.0
R03,01,652,1,0.0,0.0,0.0,0.0
R03,01,653,1,0.0,0.0,0.0,0.0
R03,01,654,1,0.0,0.0,0.0,0.0
R03,01,655,1,0.0,0.0,0.0,0.0
R03,01,656,1,0.0,0.0,0.0,0.0
R03,01,657,1,0.0,0.0,0.0,0.0
R03,01,658,1,0.0,0.0,0.0,0.0
R03,01,659,1,0.0,0.0,0.0,0.0
R03,01,660,1,0.0,0.0,0.0,0.0
R03,01,661,1,0.0,0.0,0.0,0.0
R03,01,662,1,0.0,0.0,0.0,0.0
R03,01,663,1,0.0,0.0,0.0,0.0
R03,01,664,1,0.0,0.0,0.0,0.0
R03,01,665,1,0.0,0.0,0.0,0.0
R03,01,666,1,0.0,0.0,0.0,0.0
R03,01,667,1,0.0,0.0,0.0,0.0
R03,01,668,1,0.0,0.0,0.0,0.0
R03,01,669,1,0.0,0.0,0.0,0.0
R03,01,670,1,0.0,0.0,0.0,0.0
R03,01,671,1,0.0,0.0,0.0,0.0
R03,01,672,1,0.0,0.0,0.0,0.0
R03,01,673,1,0.0,0.0,0.0,0.0
R03,01,674,1,0.0,0.0,0.0,0.0
R03,01,675,1,0.0,0.0,0.0,0.0
R03,01,676,1,0.0,0.0,0.0,0.0
R03,01,677,1,0.0,0.0,0.0,0.0
R03,01,678,1,0.0,0.0,0.0,0.0
R03,01,679,1,0.0,0.0,0.0,0.0
R03,01,680,1,0.0,0.0,0.0,0.0
R03,01,681,1,0.0,0.0,0.0,0.0
R03,01,682,1,0.0,0.0,0.0,0.0
R03,01,683,1,0.0,0.0,0.0,0.0
R03,01,684,1,0.0,0.0,0.0,0.0
R03,01,685,1,0.0,0.0,0.0,0.0
R03,01,686,1,0.0,0.0,0.0,0.0
R03,01,687,1,0.0,0.0,0.0,0.0
R03,01,688,1,0.0,0.0,0.0,0.0
R03,01,689,1,0.0,0.0,0.0,0.0
R03,01,690,1,0.0,0.0,0.0,0.0
R03,01,691,1,0.0,0.0,0.0,0.0
R03,01,692,1,0.0,0.0,0.0,0.0
R03,01,693,1,0.0,0.0,0.0,0.0
R03,01,694,1,0.0,0.0,0.0,0.0
R03,01,695,1,0.0,0.0,0.0,0.0
R03,01,696,1,0.0,0.0,0.0,0.0
R03,01,697,1,0.0,0.0,0.0,0.0
R03,01,698,1,0.0,0.0,0.0,0.0
R03,01,699,1,0.0,0.0,0.0,0.0
R03,01,700,1,0.0,0.0,0.0,0.0
R03,01,701,1,0.0,0.0,0.0,0.0
R03,01,702,1,0.0,0.0,0.0,0.0
R03,01,703,1,0.0,0.0,0.0,0.0
R03,01,704,1,0.0,0.0,0.0,0.0
R03,01,705,1,0.0,0.0,0.0,0.0
R03,01,706,1,0.0,0.0,0.0,0.0
R03,01,707,1,0.0,0.0,0.0,0.0
R03,01,708,1,0.0,0.0,0.0,0.0
R03,01,709,1,0.0,0.0,0.0,0.0
R03,01,710,1,0.0,0.0,0.0,0.0
R03,01,711,1,0.0,0.0,0.0,0.0
R03,01,712,1,0.0,0.0,0.0,0.0
R03,01,713,1,0.0,0.0,0.0,0.0
R03,01,714,1,0.0,0.0,0.0,0.0
R03,01,715,1,0.0,0.0,0.0,0.0
R03,01,716,1,0.0,0.0,0.0,0.0
R03,01,717,1,0.0,0.0,0.0,0.0
R03,01,718,1,0.0,0.0,0.0,0.0
R03,01,719,1,0.0,0.0,0.0,0.0
R03,02,0,1,0.0,0.0,0.0,0.0
R03,02,1,1,0.0,0.0,0.0,0.0
R03,02,2,1,0.0,0.0,0.0,0.0
R03,02,3,1,0.0,0.0,0.0,0.0
R03,02,4,1,0.0,0.0,0.0,0.0
R03,02,5,1,0.0,0.0,0.0,0.0
R03,02,6,1,0.0,0.0,0.0,0.0
R03,02,7,1,0.0,0.0,0.0,0.0
R03,02,8,1,0.0,0.0,0.0,0.0
R03,02,9,1,0.0,0.0,0.0,0.0
R03,02,10,1,0.0,0.0,0.0,0.0
R03,02,11,1,0.0,0.0,0.0,0.0
R03,02,12,1,0.0,0.0,0.0,0.0
R03,02,13,1,0.0,0.0,0.0,0.0
R03,02,14,1,0.0,0.0,0.0,0.0
R03,02,15,1,0.0,0.0,0.0,0.0
R03,02,16,1,0.0,0.0,0.0,0.0
R03,02,17,1,0.0,0.0,0.0,0.0
R03,02,18,1,0.0,0.0,0.0,0.0
R03,02,19,1,0.0,0.0,0.0,0.0
R03,02,20,1,0.0,0.0,0.0,0.0
R03,02,21,1,0.0,0.0,0.0,0.0
R03,02,22,1,0.0,0.0,0.0,0.0
R03,02,23,1,0.0,0.0,0.0,0.0
R03,02,24,1,0.0,0.0,0.0,0.0
R03,02,25,1,0.0,0.0,0.0,0.0
R03,02,26,1,0.0,0.0,0.0,0.0
R03,02,27,1,0.0,0.0,0.0,0.0
R03,02,28,1,0.0,0.0,0.0,0.0
R03,02,29,1,0.0,0.0,0.0,0.0
R03,02,30,1,0.0,0.0,0.0,0.0
R03,02,31,1,0.0,0.0,0.0,0.0
R03,02,32,1,0.0,0.0,0.0,0.0
R03,02,33,1,0.0,0.0,0.0,0.0
R03,02,34,1,0.0,0.0,0.0,0.0
R03,02,35,1,0.0,0.0,0.0,0.0
R03,02,36,1,0.0,0.0,0.0,0.0
R03,02,37,1,0.0,0.0,0.0,0.0
R03,02,38,1,0.0,0.0,0.0,0.0
R03,02,39,1,0.0,0.0,0.0,0.0
R03,02,40,1,0.0,0.0,0.0,0.0
R03,02,41,1,0.0,0.0,0.0,0.0
R03,02,42,1,0.0,0.0,0.0,0.0
R03,02,43,1,0.0,0.0,0.0,0.0
R03,02,44,1,0.0,0.0,0.0,0.0
R03,02,45,1,0.0,0.0,0.0,0.0
R03,02,46,1,0.0,0.0,0.0,0.0
R03,02,47,1,0.0,0.0,0.0,0.0
R03,02,48,1,0.0,0.0,0.0,0.0
R03,02,49,1,0.0,0.0,0.0,0.0
R03,02,50,1,0.0,0.0,0.0,0.0
R03,02,51,1,0.0,0.0,0.0,0.0
R03,02,52,1,0.0,0.0,0.0,0.0
R03,02,53,1,0.0,0.0,0.0,0.0
R03,02,54,1,0.0,0.0,0.0,0.0
R03,02,55,1,0.0,0.0,0.0,0.0
R03,02,56,1,0.0,0.0,0.0,0.0
R03,02,57,1,0.0,0.0,0.0,0.0
R03,02,58,1,0.0,0.0,0.0,0.0
R03,02,59,1,0.0,0.0,0.0,0.0
R03,02,60,1,0.0,0.0,0.0,0.0
R03,02,61,1,0.0,0.0,0.0,0.0
R03,02,62,1,0.0,0.0,0.0,0.0
R03,02,63,1,0.0,0.0,0.0,0.0
R03,02,64,1,0.0,0.0,0.0,0.0
R03,02,65,1,0.0,0.0,0.0,0.0
R03,02,66,1,0.0,0.0,0.0,0.0
R03,02,67,1,0.0,0.0,0.0,0.0
R03,02,68,1,0.0,0.0,0.0,0.0
R03,02,69,1,0.0,0.0,0.0,0.0
R03,02,70,1,0.0,0.0,0.0,0.0
R03,02,71,1,0.0,0.0,0.0,0.0
R03,02,72,1,0.0,0.0,0.0,0.0
R03,02,73,1,0.0,0.0,0.0,0.0
R03,02,74,1,0.0,0.0,0.0,0.0
R03,02,75,1,0.0,0.0,0.0,0.0
R03,02,76,1,0.0,0.0,0.0,0.0
R03,02,77,1,0.0,0.0,0.0,0.0
R03,02,78,1,0.0,0.0,0.0,0.0
R03,02,79,1,0.0,0.0,0.0,0.0
R03,02,80,1,0.0,0.0,0.0,0.0
R03,02,81,1,0.0,0.0,0.0,0.0
R03,02,82,1,0.0,0.0,0.0,0.0
R03,02,83,1,0.0,0.0,0.0,0.0
R03,02,84,1,0.0,0.0,0.0,0.0
R03,02,85,1,0.0,0.0,0.0,0.0
R03,02,86,1,0.0,0.0,0.0,0.0
R03,02,87,1,0.0,0.0,0.0,0.0
R03,02,88,1,0.0,0.0,0.0,0.0
R03,02,89,1,0.0,0.0,0.0,0.0
R03,02,90,1,0.0,0.0,0.0,0.0
R03,02,91,1,0.0,0.0,0.0,0.0
R03,02,92,1,0.0,0.0,0.0,0.0
R03,02,93,1,0.0,0.0,0.0,0.0
R03,02,94,1,0.0,0.0,0.0,0.0
R03,02,95,1,0.0,0.0,0.0,0.0
R03,02,96,1,0.0,0.0,0.0,0.0
R03,02,97,1,0.0,0.0,0.0,0.0
R03,02,98,1,0.0,0.0,0.0,0.0
R03,02,99,1,0.0,0.0,0.0,0.0
R03,02,100,1,0.0,0.0,0.0,0.0
R03,02,101,1,0.0,0.0,0.0,0.0
R03,02,102,1,0.0,0.0,0.0,0.0
R03,02,103,1,0.0,0.0,0.0,0.0
R03,02,104,1,0.0,0.0,0.0,0.0
R03,02,105,1,0.0,0.0,0.0,0.0
R03,02,106,1,0.0,0.0,0.0,0.0
R03,02,107,1,0.0,0.0,0.0,0.0
R03,02,108,1,0.0,0.0,0.0,0.0
R03,02,109,1,0.0,0.0,0.0,0.0
R03,02,110,1,0.0,0.0,0.0,0.0
R03,02,111,1,0.0,0.0,0.0,0.0
R03,02,112,1,0.0,0.0,0.0,0.0
R03,02,113,1,0.0,0.0,0.0,0.0
R03,02,114,1,0.0,0.0,0.0,0.0
R03,02,115,1,0.0,0.0,0.0,0.0
R03,02,116,1,0.0,0.0,0.0,0.0
R03,02,117,1,0.0,0.0,0.0,0.0
R03,02,118,1,0.0,0.0,0.0,0.0
R03,02,119,1,0.0,0.0,0.0,0.0
R03,02,120,1,0.0,0.0,0.0,0.0
R03,02,121,1,0.0,0.0,0.0,0.0
R03,02,122,1,0.0,0.0,0.0,0.0
R03,02,123,1,0.0,0.0,0.0,0.0
R03,02,124,1,0.0,0.0,0.0,0.0
R03,02,125,1,0.0,0.0,0.0,0.0
R03,02,126,1,0.0,0.0,0.0,0.0
R03,02,127,1,0.0,0.0,0.0,0.0
R03,02,128,1,0.0,0.0,0.0,0.0
R03,02,129,1,0.0,0.0,0.0,0.0
R03,02,130,1,0.0,0.0,0.0,0.0
R03,02,131,1,0.0,0.0,0.0,0.0
R03,02,132,1,0.0,0.0,0.0,0.0
R03,02,133,1,0.0,0.0,0.0,0.0
R03,02,134,1,0.0,0.0,0.0,0.0
R03,02,135,1,0.0,0.0,0.0,0.0
R03,02,136,1,0.0,0.0,0.0,0.0
R03,02,137,1,0.0,0.0,0.0,0.0
R03,02,138,1,0.0,0.0,0.0,0.0
R03,02,139,1,0.0,0.0,0.0,0.0
R03,02,140,1,0.0,0.0,0.0,0.0
R03,02,141,1,0.0,0.0,0.0,0.0
R03,02,142,1,0.0,0.0,0.0,0.0
R03,02,143,1,0.0,0.0,0.0,0.0
R03,02,144,1,0.0,0.0,0.0,0.0
R03,02,145,1,0.0,0.0,0.0,0.0
R03,02,146,1,0.0,0.0,0.0,0.0
R03,02,147,1,0.0,0.0,0.0,0.0
R03,02,148,1,0.0,0.0,0.0,0.0
R03,02,149,1,0.0,0.0,0.0,0.0
R03,02,150,1,0.0,0.0,0.0,0.0
R03,02,151,1,0.0,0.0,0.0,0.0
R03,02,152,1,0.0,0.0,0.0,0.0
R03,02,153,1,0.0,0.0,0.0,0.0
R03,02,154,1,0.0,0.0,0.0,0.0
R03,02,155,1,0.0,0.0,0.0,0.0
R03,02,156,1,0.0,0.0,0.0,0.0
R03,02,157,1,0.0,0.0,0.0,0.0
R03,02,158,1,0.0,0.0,0.0,0.0
R03,02,159,1,0.0,0.0,0.0,0.0
R03,02,160,1,0.0,0.0,0.0,0.0
R03,02,161,1,0.0,0.0,0.0,0.0
R03,02,162,1,0.0,0.0,0.0,0.0
R03,02,163,1,0.0,0.0,0.0,0.0
R03,02,164,1,0.0,0.0,0.0,0.0
R03,02,165,1,0.0,0.0,0.0,0.0
R03,02,166,1,0.0,0.0,0.0,0.0
R03,02,167,1,0.0,0.0,0.0,0.0
R03,02,168,1,0.0,0.0,0.0,0.0
R03,02,169,1,0.0,0.0,0.0,0.0
R03,02,170,1,0.0,0.0,0.0,0.0
R03,02,171,1,0.0,0.0,0.0,0.0
R03,02,172,1,0.0,0.0,0.0,0.0
R03,02,173,1,0.0,0.0,0.0,0.0
R03,02,174,1,0.0,0.0,0.0,0.0
R03,02,175,1,0.0,0.0,0.0,0.0
R03,02,176,1,0.0,0.0,0.0,0.0
R03,02,177,1,0.0,0.0,0.0,0.0
R03,02,178,1,0.0,0.0,0.0,0.0
R03,02,179,1,0.0,0.0,0.0,0.0
R03,02,180,1,0.0,0.0,0.0,0.0
R03,02,181,1,0.0,0.0,0.0,0.0
R03,02,182,1,0.0,0.0,0.0,0.0
R03,02,183,1,0.0,0.0,0.0,0.0
R03,02,184,1,0.0,0.0,0.0,0.0
R03,02,185,1,0.0,0.0,0.0,0.0
R03,02,186,1,0.0,0.0,0.0,0.0
R03,02,187,1,0.0,0.0,0.0,0.0
R03,02,188,1,0.0,0.0,0.0,0.0
R03,02,189,1,0.0,0.0,0.0,0.0
R03,02,190,1,0.0,0.0,0.0,0.0
R03,02,191,1,0.0,0.0,0.0,0.0
R03,02,192,1,0.0,0.0,0.0,0.0
R03,02,193,1,0.0,0.0,0.0,0.0
R03,02,194,1,0.0,0.0,0.0,0.0
R03,02,195,1,0.0,0.0,0.0,0.0
R03,02,196,1,0.0,0.0,0.0,0.0
R03,02,197,1,0.0,0.0,0.0,0.0
R03,02,198,1,0.0,0.0,0.0,0.0
R03,02,199,1,0.0,0.0,0.0,0.0
R03,02,200,1,0.0,0.0,0.0,0.0
R03,02,201,1,0.0,0.0,0.0,0.0
R03,02,202,1,0.0,0.0,0.0,0.0
R03,02,203,1,0.0,0.0,0.0,0.0
R03,02,204,1,0.0,0.0,0.0,0.0
R03,02,205,1,0.0,0.0,0.0,0.0
R03,02,206,1,0.0,0.0,0.0,0.0
R03,02,207,1,0.0,0.0,0.0,0.0
R03,02,208,1,0.0,0.0,0.0,0.0
R03,02,209,1,0.0,0.0,0.0,0.0
R03,02,210,1,0.0,0.0,0.0,0.0
R03,02,211,1,0.0,0.0,0.0,0.0
R03,02,212,1,0.0,0.0,0.0,0.0
R03,02,213,1,0.0,0.0,0.0,0.0
R03,02,214,1,0.0,0.0,0.0,0.0
R03,02,215,1,0.0,0.0,0.0,0.0
R03,02,216,1,0.0,0.0,0.0,0.0
R03,02,217,1,0.0,0.0,0.0,0.0
R03,02,218,1,0.0,0.0,0.0,0.0
R03,02,219,1,0.0,0.0,0.0,0.0
R03,02,220,1,0.0,0.0,0.0,0.0
R03,02,221,1,0.0,0.0,0.0,0.0
R03,02,222,1,0.0,0.0,0.0,0.0
R03,02,223,1,0.0,0.0,0.0,0.0
R03,02,224,1,0.0,0.0,0.0,0.0
R03,02,225,1,0.0,0.0,0.0,0.0
R03,02,226,1,0.0,0.0,0.0,0.0
R03,02,227,1,0.0,0.0,0.0,0.0
R03,02,228,1,0.0,0.0,0.0,0.0
R03,02,229,1,0.0,0.0,0.0,0.0
R03,02,230,1,0.0,0.0,0.0,0.0
R03,02,231,1,0.0,0.0,0.0,0.0
R03,02,232,1,0.0,0.0,0.0,0.0
R03,02,233,1,0.0,0.0,0.0,0.0
R03,02,234,1,0.0,0.0,0.0,0.0
R03,02,235,1,0.0,0.0,0.0,0.0
R03,02,236,1,0.0,0.0,0.0,0.0
R03,02,237,1,0.0,0.0,0.0,0.0
R03,02,238,1,0.0,0.0,0.0,0.0
R03,02,239,1,0.0,0.0,0.0,0.0
R03,02,240,1,0.0,0.0,0.0,0.0
R03,02,241,1,0.0,0.0,0.0,0.0
R03,02,242,1,0.0,0.0,0.0,0.0
R03,02,243,1,0.0,0.0,0.0,0.0
R03,02,244,1,0.0,0.0,0.0,0.0
R03,02,245,1,0.0,0.0,0.0,0.0
R03,02,246,1,0.0,0.0,0.0,0.0
R03,02,247,1,0.0,0.0,0.0,0.0
R03,02,248,1,0.0,0.0,0.0,0.0
R03,02,249,1,0.0,0.0,0.0,0.0
R03,02,250,1,0.0,0.0,0.0,0.0
R03,02,251,1,0.0,0.0,0.0,0.0
R03,02,252,1,0.0,0.0,0.0,0.0
R03,02,253,1,0.0,0.0,0.0,0.0
R03,02,254,1,0.0,0.0,0.0,0.0
R03,02,255,1,0.0,0.0,0.0,0.0
R03,02,256,1,0.0,0.0,0.0,0.0
R03,02,257,1,0.0,0.0,0.0,0.0
R03,02,258,1,0.0,0.0,0.0,0.0
R03,02,259,1,0.0,0.0,0.0,0.0
R03,02,260,1,0.0,0.0,0.0,0.0
R03,02,261,1,0.0,0.0,0.0,0.0
R03,02,262,1,0.0,0.0,0.0,0.0
R03,02,263,1,0.0,0.0,0.0,0.0
R03,02,264,1,0.0,0.0,0.0,0.0
R03,02,265,1,0.0,0.0,0.0,0.0
R03,02,266,1,0.0,0.0,0.0,0.0
R03,02,267,1,0.0,0.0,0.0,0.0
R03,02,268,1,0.0,0.0,0.0,0.0
R03,02,269,1,0.0,0.0,0.0,0.0
R03,02,270,1,0.0,0.0,0.0,0.0
R03,02,271,1,0.0,0.0,0.0,0.0
R03,02,272,1,0.0,0.0,0.0,0.0
R03,02,273,1,0.0,0.0,0.0,0.0
R03,02,274,1,0.0,0.0,0.0,0.0
R03,02,275,1,0.0,0.0,0.0,0.0
R03,02,276,1,0.0,0.0,0.0,0.0
R03,02,277,1,0.0,0.0,0.0,0.0
R03,02,278,1,0.0,0.0,0.0,0.0
R03,02,279,1,0.0,0.0,0.0,0.0
R03,02,280,1,0.0,0.0,0.0,0.0
R03,02,281,1,0.0,0.0,0.0,0.0
R03,02,282,1,0.0,0.0,0.0,0.0
R03,02,283,1,0.0,0.0,0.0,0.0
R03,02,284,1,0.0,0.0,0.0,0.0
R03,02,285,1,0.0,0.0,0.0,0.0
R03,02,286,1,0.0,0.0,0.0,0.0
R03,02,287,1,0.0,0.0,0.0,0.0
R03,02,288,1,0.0,0.0,0.0,0.0
R03,02,289,1,0.0,0.0,0.0,0.0
R03,02,290,1,0.0,0.0,0.0,0.0
R03,02,291,1,0.0,0.0,0.0,0.0
R03,02,292,1,0.0,0.0,0.0,0.0
R03,02,293,1,0.0,0.0,0.0,0.0
R03,02,294,1,0.0,0.0,0.0,0.0
R03,02,295,1,0.0,0.0,0.0,0.0
R03,02,296,1,0.0,0.0,0.0,0.0
R03,02,297,1,0.0,0.0,0.0,0.0
R03,02,298,1,0.0,0.0,0.0,0.0
R03,02,299,1,0.0,0.0,0.0,0.0
R03,02,300,1,0.0,0.0,0.0,0.0
R03,02,301,1,0.0,0.0,0.0,0.0
R03,02,302,1,0.0,0.0,0.0,0.0
R03,02,303,1,0.0,0.0,0.0,0.0
R03,02,304,1,0.0,0.0,0.0,0.0
R03,02,305,1,0.0,0.0,0.0,0.0
R03,02,306,1,0.0,0.0,0.0,0.0
R03,02,307,1,0.0,0.0,0.0,0.0
R03,02,308,1,0.0,0.0,0.0,0.0
R03,02,309,1,0.0,0.0,0.0,0.0
R03,02,310,1,0.0,0.0,0.0,0.0
R03,02,311,1,0.0,0.0,0.0,0.0
R03,02,312,1,0.0,0.0,0.0,0.0
R03,02,313,1,0.0,0.0,0.0,0.0
R03,02,314,1,0.0,0.0,0.0,0.0
R03,02,315,1,0.0,0.0,0.0,0.0
R03,02,316,1,0.0,0.0,0.0,0.0
R03,02,317,1,0.0,0.0,0.0,0.0
R03,02,318,1,0.0,0.0,0.0,0.0
R03,02,319,1,0.0,0.0,0.0,0.0
R03,02,320,1,0.0,0.0,0.0,0.0
R03,02,321,1,0.0,0.0,0.0,0.0
R03,02,322,1,0.0,0.0,0.0,0.0
R03,02,323,1,0.0,0.0,0.0,0.0
R03,02,324,1,0.0,0.0,0.0,0.0
R03,02,325,1,0.0,0.0,0.0,0.0
R03,02,326,1,0.0,0.0,0.0,0.0
R03,02,327,1,0.0,0.0,0.0,0.0
R03,02,328,1,0.0,0.0,0.0,0.0
R03,02,329,1,0.0,0.0,0.0,0.0
R03,02,330,1,0.0,0.0,0.0,0.0
R03,02,331,1,0.0,0.0,0.0,0.0
R03,02,332,1,0.0,0.0,0.0,0.0
R03,02,333,1,0.0,0.0,0.0,0.0
R03,02,334,1,0.0,0.0,0.0,0.0
R03,02,335,1,0.0,0.0,0.0,0.0
R03,02,336,1,0.0,0.0,0.0,0.0
R03,02,337,1,0.0,0.0,0.0,0.0
R03,02,338,1,0.0,0.0,0.0,0.0
R03,02,339,1,0.0,0.0,0.0,0.0
R03,02,340,1,0.0,0.0,0.0,0.0
R03,02,341,1,0.0,0.0,0.0,0.0
R03,02,342,1,0.0,0.0,0.0,0.0
R03,02,343,1,0.0,0.0,0.0,0.0
R03,02,344,1,0.0,0.0,0.0,0.0
R03,02,345,1,0.0,0.0,0.0,0.0
R03,02,346,1,0.0,0.0,0.0,0.0
R03,02,347,1,0.0,0.0,0.0,0.0
R03,02,348,1,0.0,0.0,0.0,0.0
R03,02,349,1,0.0,0.0,0.0,0.0
R03,02,350,1,0.0,0.0,0.0,0.0
R03,02,351,1,0.0,0.0,0.0,0.0
R03,02,352,1,0.0,0.0,0.0,0.0
R03,02,353,1,0.0,0.0,0.0,0.0
R03,02,354,1,0.0,0.0,0.0,0.0
R03,02,355,1,0.0,0.0,0.0,0.0
R03,02,356,1,0.0,0.0,0.0,0.0
R03,02,357,1,0.0,0.0,0.0,0.0
R03,02,358,1,0.0,0.0,0.0,0.0
R03,02,359,1,0.0,0.0,0.0,0.0
R03,02,360,1,0.0,0.0,0.0,0.0
R03,02,361,1,0.0,0.0,0.0,0.0
R03,02,362,1,0.0,0.0,0.0,0.0
R03,02,363,1,0.0,0.0,0.0,0.0
R03,02,364,1,0.0,0.0,0.0,0.0
R03,02,365,1,0.0,0.0,0.0,0.0
R03,02,366,1,0.0,0.0,0.0,0.0
R03,02,367,1,0.0,0.0,0.0,0.0
R03,02,368,1,0.0,0.0,0.0,0.0
R03,02,369,1,0.0,0.0,0.0,0.0
R03,02,370,1,0.0,0.0,0.0,0.0
R03,02,371,1,0.0,0.0,0.0,0.0
R03,02,372,1,0.0,0.0,0.0,0.0
R03,02,373,1,0.0,0.0,0.0,0.0
R03,02,374,1,0.0,0.0,0.0,0.0
R03,02,375,1,0.0,0.0,0.0,0.0
R03,02,376,1,0.0,0.0,0.0,0.0
R03,02,377,1,0.0,0.0,0.0,0.0
R03,02,378,1,0.0,0.0,0.0,0.0
R03,02,379,1,0.0,0.0,0.0,0.0
R03,02,380,1,0.0,0.0,0.0,0.0
R03,02,381,1,0.0,0.0,0.0,0.0
R03,02,382,1,0.0,0.0,0.0,0.0
R03,02,383,1,0.0,0.0,0.0,0.0
R03,02,384,1,0.0,0.0,0.0,0.0
R03,02,385,1,0.0,0.0,0.0,0.0
R03,02,386,1,0.0,0.0,0.0,0.0
R03,02,387,1,0.0,0.0,0.0,0.0
R03,02,388,1,0.0,0.0,0.0,0.0
R03,02,389,1,0.0,0.0,0.0,0.0
R03,02,390,1,0.0,0.0,0.0,0.0
R03,02,391,1,0.0,0.0,0.0,0.0
R03,02,392,1,0.0,0.0,0.0,0.0
R03,02,393,1,0.0,0.0,0.0,0.0
R03,02,394,1,0.0,0.0,0.0,0.0
R03,02,395,1,0.0,0.0,0.0,0.0
R03,02,396,1,0.0,0.0,0.0,0.0
R03,02,397,1,0.0,0.0,0.0,0.0
R03,02,398,1,0.0,0.0,0.0,0.0
R03,02,399,1,0.0,0.0,0.0,0.0
R03,02,400,1,0.0,0.0,0.014268852642106209,0.014023132808313847
R03,02,401,1,0.0,0.0,0.014268852642106209,0.014015340525958151
R03,02,402,1,0.0,0.0,0.014268852642106209,0.01400742996326539
R03,02,403,1,0.0,0.0,0.014268852642106209,0.013999401325441259
R03,02,404,1,0.0,0.0,0.014268852642106209,0.013991254820674447
R03,02,405,1,0.0,0.0,0.014268852642106209,0.013982990660127622
R03,02,406,1,0.0,0.0,0.014268852642106209,0.01397460905792833
R03,02,407,1,0.0,0.0,0.014268852642106209,0.013966110231159734
R03,02,408,1,0.0,0.0,0.014268852642106209,0.013957494399851247
R03,02,409,1,0.0,0.0,0.014268852642106209,0.013948761786969044
R03,02,410,1,0.0,0.0,0.014268852642106209,0.013939912618406436
R03,02,411,1,0.0,0.0,0.014268852642106209,0.013930947122974147
R03,02,412,1,0.0,0.0,0.014268852642106209,0.013921865532390438
R03,02,413,1,0.0,0.0,0.014268852642106209,0.01391266808127114
R03,02,414,1,0.0,0.0,0.014268852642106209,0.013903355007119542
R03,02,415,1,0.0,0.0,0.014268852642106209,0.013893926550316182
R03,02,416,1,0.0,0.0,0.029498403045396762,0.028703577974330617
R03,02,417,1,0.0,0.0,0.029498403045396762,0.028683610705520255
R03,02,418,1,0.0,0.0,0.029498403045396762,0.028663406429197923
R03,02,419,1,0.0,0.0,0.029498403045396762,0.028642965665885735
R03,02,420,1,0.0,0.0,0.029498403045396762,0.028622288941944702
R03,02,421,1,0.0,0.0,0.029498403045396762,0.028601376789552147
R03,02,422,1,0.0,0.0,0.029498403045396762,0.028580229746678867
R03,02,423,1,0.0,0.0,0.029498403045396762,0.028558848357066086
R03,02,424,1,0.0,0.0,0.029498403045396762,0.028537233170202153
R03,02,425,1,0.0,0.0,0.029498403045396762,0.02851538474129901
R03,02,426,1,0.0,0.0,0.029498403045396762,0.028493303631268424
R03,02,427,1,0.0,0.0,0.029498403045396762,0.028470990406697993
R03,02,428,1,0.0,0.0,0.029498403045396762,0.028448445639826934
R03,02,429,1,0.0,0.0,0.029498403045396762,0.028425669908521606
R03,02,430,1,0.0,0.0,0.029498403045396762,0.028402663796250855
R03,02,431,1,0.0,0.0,0.029498403045396762,0.028379427892061087
R03,02,432,1,0.0,0.0,0.04560111024380013,0.04383503009607161
R03,02,433,1,0.0,0.0,0.04560111024380013,0.04379840238558065
R03,02,434,1,0.0,0.0,0.04560111024380013,0.043761422226567114
R03,02,435,1,0.0,0.0,0.04560111024380013,0.04372409056372563
R03,02,436,1,0.0,0.0,0.04560111024380013,0.04368640835017544
R03,02,437,1,0.0,0.0,0.04560111024380013,0.04364837654741988
R03,02,438,1,0.0,0.0,0.04560111024380013,0.04360999612530548
R03,02,439,1,0.0,0.0,0.04560111024380013,0.04357126806198074
R03,02,440,1,0.0,0.0,0.04560111024380013,0.043532193343854664
R03,02,441,1,0.0,0.0,0.04560111024380013,0.04349277296555482
R03,02,442,1,0.0,0.0,0.04560111024380013,0.043453007929885254
R03,02,443,1,0.0,0.0,0.04560111024380013,0.04341289924778388
R03,02,444,1,0.0,0.0,0.04560111024380013,0.04337244793827977
R03,02,445,1,0.0,0.0,0.04560111024380013,0.043331655028449954
R03,02,446,1,0.0,0.0,0.04560111024380013,0.043290521553376
R03,02,447,1,0.0,0.0,0.04560111024380013,0.04324904855610029
R03,02,448,1,0.0,0.0,0.06243418433799838,0.059156643130820495
R03,02,449,1,0.0,0.0,0.06243418433799838,0.05909893552266068
R03,02,450,1,0.0,0.0,0.06243418433799838,0.05904076741096102
R03,02,451,1,0.0,0.0,0.06243418433799838,0.05898214026678008
R03,02,452,1,0.0,0.0,0.06243418433799838,0.058923055571770036
R03,02,453,1,0.0,0.0,0.06243418433799838,0.05886351481811439
R03,02,454,1,0.0,0.0,0.06243418433799838,0.05880351950846515
R03,02,455,1,0.0,0.0,0.06243418433799838,0.05874307115587972
R03,02,456,1,0.0,0.0,0.06243418433799838,0.05868217128375725
R03,02,457,1,0.0,0.0,0.06243418433799838,0.05862082142577482
R03,02,458,1,0.0,0.0,0.06243418433799838,0.05855902312582302
R03,02,459,1,0.0,0.0,0.06243418433799838,0.058496777937941266
R03,02,460,1,0.0,0.0,0.06243418433799838,0.058434087426252744
R03,02,461,1,0.0,0.0,0.06243418433799838,0.058370953164898945
R03,02,462,1,0.0,0.0,0.06243418433799838,0.05830737673797382
R03,02,463,1,0.0,0.0,0.06243418433799838,0.05824335973945763
R03,02,464,1,0.0,0.0,0.06559457179662102,0.061123891039191636
R03,02,465,1,0.0,0.0,0.06559457179662102,0.061055712850931865
R03,02,466,1,0.0,0.0,0.06559457179662102,0.06098707687518511
R03,02,467,1,0.0,0.0,0.06559457179662102,0.06091798482746218
R03,02,468,1,0.0,0.0,0.06559457179662102,0.0608484384333073
R03,02,469,1,0.0,0.0,0.06559457179662102,0.06077843942822641
R03,02,470,1,0.0,0.0,0.06559457179662102,0.060707989557615055
R03,02,471,1,0.0,0.0,0.06559457179662102,0.06063709057668592
R03,02,472,1,0.0,0.0,0.06559457179662102,0.06056574425039603
R03,02,473,1,0.0,0.0,0.06559457179662102,0.06049395235337363
R03,02,474,1,0.0,0.0,0.06559457179662102,0.06042171666984468
R03,02,475,1,0.0,0.0,0.06559457179662102,0.060349038993559076
R03,02,476,1,0.0,0.0,0.06559457179662102,0.060275921127716486
R03,02,477,1,0.0,0.0,0.06559457179662102,0.0602023648848919
R03,02,478,1,0.0,0.0,0.06559457179662102,0.06012837208696083
R03,02,479,1,0.0,0.0,0.06559457179662102,0.06005394456502425
R03,02,480,1,0.0,0.0,0.06823770043112573,0.06239593711638024
R03,02,481,1,0.0,0.0,0.06823770043112573,0.06231761181300163
R03,02,482,1,0.0,0.0,0.06823770043112573,0.062238840039896534
R03,02,483,1,0.0,0.0,0.06823770043112573,0.062159623739551
R03,02,484,1,0.0,0.0,0.06823770043112573,0.06207996486365289
R03,02,485,1,0.0,0.0,0.06823770043112573,0.06199986537301183
R03,02,486,1,0.0,0.0,0.06823770043112573,0.06191932723747892
R03,02,487,1,0.0,0.0,0.06823770043112573,0.06183835243586615
R03,02,488,1,0.0,0.0,0.06823770043112573,0.06175694295586551
R03,02,489,1,0.0,0.0,0.06823770043112573,0.061675100793967826
R03,02,490,1,0.0,0.0,0.06823770043112573,0.06159282795538136
R03,02,491,1,0.0,0.0,0.06823770043112573,0.061510126453950056
R03,02,492,1,0.0,0.0,0.06823770043112573,0.06142699831207154
R03,02,493,1,0.0,0.0,0.06823770043112573,0.061343445560614926
R03,02,494,1,0.0,0.0,0.06823770043112573,0.06125947023883829
R03,02,495,1,0.0,0.0,0.06823770043112573,0.06117507439430588
R03,02,496,1,0.0,0.0,0.07028973781246277,0.06292736034458855
R03,02,497,1,0.0,0.0,0.07028973781246277,0.06283956658042514
R03,02,498,1,0.0,0.0,0.07028973781246277,0.06275134602548198
R03,02,499,1,0.0,0.0,0.07028973781246277,0.0626627008222638
R03,02,500,1,0.0,0.0,0.07028973781246277,0.06257363312140127
R03,02,501,1,0.0,0.0,0.07028973781246277,0.06248414508156434
R03,02,502,1,0.0,0.0,0.07028973781246277,0.06239423886937518
R03,02,503,1,0.0,0.0,0.07028973781246277,0.06230391665932108
R03,02,504,1,0.0,0.0,0.07028973781246277,0.062213180633667035
R03,02,505,1,0.0,0.0,0.07028973781246277,0.06212203298236812
R03,02,506,1,0.0,0.0,0.07028973781246277,0.06203047590298171
R03,02,507,1,0.0,0.0,0.07028973781246277,0.061938511600579386
R03,02,508,1,0.0,0.0,0.07028973781246277,0.0618461422876588
R03,02,509,1,0.0,0.0,0.07028973781246277,0.061753370184055176
R03,02,510,1,0.0,0.0,0.07028973781246277,0.06166019751685276
R03,02,511,1,0.0,0.0,0.07028973781246277,0.06156662652029599
R03,02,512,1,0.0,0.24992849349505894,0.07169197582223433,0.06269900203285846
R03,02,513,1,0.0,0.24992849349505894,0.07169197582223433,0.06260275866481332
R03,02,514,1,0.0,0.24992849349505894,0.07169197582223433,0.06250611590034152
R03,02,515,1,0.0,0.24992849349505894,0.07169197582223433,0.06240907604656235
R03,02,516,1,0.0,0.24992849349505894,0.07169197582223433,0.062311641417442686
R03,02,517,1,0.0,0.24992849349505894,0.07169197582223433,0.06221381433370539
R03,02,518,1,0.0,0.24992849349505894,0.07169197582223433,0.06211559712273762
R03,02,519,1,0.0,0.24992849349505894,0.07169197582223433,0.06201699211849891
R03,02,520,1,0.0,0.24992849349505894,0.07169197582223433,0.06191800166142915
R03,02,521,1,0.0,0.24992849349505894,0.07169197582223433,0.061818628098356414
R03,02,522,1,0.0,0.24992849349505894,0.07169197582223433,0.061718873782404655
R03,02,523,1,0.0,0.24992849349505894,0.07169197582223433,0.061618741072901294
R03,02,524,1,0.0,0.24992849349505894,0.07169197582223433,0.06151823233528467
R03,02,525,1,0.0,0.24992849349505894,0.07169197582223433,0.06141734994101134
R03,02,526,1,0.0,0.24992849349505894,0.07169197582223433,0.06131609626746335
R03,02,527,1,0.0,0.24992849349505894,0.07169197582223433,0.06121447369785531
R03,02,528,1,0.0,0.2499708032695787,0.07240361990969463,0.06171911232043209
R03,02,529,1,0.0,0.2499708032695787,0.07240361990969463,0.061615743131289716
R03,02,530,1,0.0,0.2499708032695787,0.07240361990969463,0.06151200863929039
R03,02,531,1,0.0,0.2499708032695787,0.07240361990969463,0.061407911273927335
R03,02,532,1,0.0,0.2499708032695787,0.07240361990969463,0.06130345347011371
R03,02,533,1,0.0,0.2499708032695787,0.07240361990969463,0.06119863766808832
R03,02,534,1,0.0,0.2499708032695787,0.07240361990969463,0.061093466313321174
R03,02,535,1,0.0,0.2499708032695787,0.07240361990969463,0.060987941856418995
R03,02,536,1,0.0,0.2499708032695787,0.07240361990969463,0.06088206675303062
R03,02,537,1,0.0,0.2499708032695787,0.07240361990969463,0.0607758434637525
R03,02,538,1,0.0,0.2499708032695787,0.07240361990969463,0.060669274454033875
R03,02,539,1,0.0,0.2499708032695787,0.07240361990969463,0.0605623621940822
R03,02,540,1,0.0,0.2499708032695787,0.07240361990969463,0.06045510915876833
R03,02,541,1,0.0,0.2499708032695787,0.07240361990969463,0.06034751782753173
R03,02,542,1,0.0,0.2499708032695787,0.07240361990969463,0.06023959068428562
R03,02,543,1,0.0,0.2499708032695787,0.07240361990969463,0.06013133021732218
R03,02,544,1,1.0,0.25018174455177955,0.07240376044513153,0.060022855423362734
R03,02,545,1,1.0,0.25018174455177955,0.07240376044513153,0.059913935579469516
R03,02,546,1,1.0,0.25018174455177955,0.07240376044513153,0.059804689901427836
R03,02,547,1,1.0,0.25018174455177955,0.07240376044513153,0.05969512089410158
R03,02,548,1,1.0,0.25018174455177955,0.07240376044513153,0.05958523106625906
R03,02,549,1,1.0,0.25018174455177955,0.07240376044513153,0.059475022930478155
R03,02,550,1,1.0,0.25018174455177955,0.07240376044513153,0.05936449900305133
R03,02,551,1,1.0,0.25018174455177955,0.07240376044513153,0.059253661803890814
R03,02,552,1,1.0,0.25018174455177955,0.07240376044513153,0.0591425138564337
R03,02,553,1,1.0,0.25018174455177955,0.07240376044513153,0.059031057687547094
R03,02,554,1,1.0,0.25018174455177955,0.07240376044513153,0.0589192958274333
R03,02,555,1,1.0,0.25018174455177955,0.07240376044513153,0.058807230809535004
R03,02,556,1,1.0,0.25018174455177955,0.07240376044513153,0.05869486517044056
R03,02,557,1,1.0,0.25018174455177955,0.07240376044513153,0.05858220144978926
R03,02,558,1,1.0,0.25018174455177955,0.07240376044513153,0.05846924219017666
R03,02,559,1,1.0,0.25018174455177955,0.07240376044513153,0.05835598993705997
R03,02,560,1,0.0,0.24998753366690393,0.07169239324960297,0.05767021499412029
R03,02,561,1,0.0,0.24998753366690393,0.07169239324960297,0.0575575027873068
R03,02,562,1,0.0,0.24998753366690393,0.07169239324960297,0.05744450804306101
R03,02,563,1,0.0,0.24998753366690393,0.07169239324960297,0.05733123329222959
R03,02,564,1,0.0,0.24998753366690393,0.07169239324960297,0.057217681068025265
R03,02,565,1,0.0,0.24998753366690393,0.07169239324960297,0.05710385390593357
R03,02,566,1,0.0,0.24998753366690393,0.07169239324960297,0.05698975434361964
R03,02,567,1,0.0,0.24998753366690393,0.07169239324960297,0.056875384920835166
R03,02,568,1,0.0,0.24998753366690393,0.07169239324960297,0.056760748179325304
R03,02,569,1,0.0,0.24998753366690393,0.07169239324960297,0.05664584666273586
R03,02,570,1,0.0,0.24998753366690393,0.07169239324960297,0.05653068291652043
R03,02,571,1,0.0,0.24998753366690393,0.07169239324960297,0.05641525948784774
R03,02,572,1,0.0,0.24998753366690393,0.07169239324960297,0.05629957892550903
R03,02,573,1,0.0,0.24998753366690393,0.07169239324960297,0.05618364377982566
R03,02,574,1,0.0,0.24998753366690393,0.07169239324960297,0.05606745660255669
R03,02,575,1,0.0,0.24998753366690393,0.07169239324960297,0.05595101994680671
R03,02,576,1,0.0,0.0,0.07029041980136023,0.05474247356896352
R03,02,577,1,0.0,0.0,0.07029041980136023,0.05462783219332552
R03,02,578,1,0.0,0.0,0.07029041980136023,0.05451295373440408
R03,02,579,1,0.0,0.0,0.07029041980136023,0.054397840699752224
R03,02,580,1,0.0,0.0,0.07029041980136023,0.05428249559779217
R03,02,581,1,0.0,0.0,0.07029041980136023,0.05416692093772575
R03,02,582,1,0.0,0.0,0.07029041980136023,0.05405111922944502
R03,02,583,1,0.0,0.0,0.07029041980136023,0.053935092983442956
R03,02,584,1,0.0,0.0,0.07029041980136023,0.053818844710724456
R03,02,585,1,0.0,0.0,0.07029041980136023,0.05370237692271733
R03,02,586,1,0.0,0.0,0.07029041980136023,0.05358569213118356
R03,02,587,1,0.0,0.0,0.07029041980136023,0.0534687928481308
R03,02,588,1,0.0,0.0,0.07029041980136023,0.053351681585723905
R03,02,589,1,0.0,0.0,0.07029041980136023,0.05323436085619679
R03,02,590,1,0.0,0.0,0.07029041980136023,0.053116833171764355
R03,02,591,1,0.0,0.0,0.07029041980136023,0.05299910104453472
R03,02,592,1,0.0,0.0,0.06823862710472996,0.05133755417946083
R03,02,593,1,0.0,0.0,0.06823862710472996,0.05122286904408582
R03,02,594,1,0.0,0.0,0.06823862710472996,0.05110799274850908
R03,02,595,1,0.0,0.0,0.06823862710472996,0.05099292773024633
R03,02,596,1,0.0,0.0,0.06823862710472996,0.050877676426286274
R03,02,597,1,0.0,0.0,0.06823862710472996,0.05076224127300656
R03,02,598,1,0.0,0.0,0.06823862710472996,0.05064662470609
R03,02,599,1,0.0,0.0,0.06823862710472996,0.050530829160440896
R03,02,600,1,0.0,0.0,0.06823862710472996,0.050414857070101675
R03,02,601,1,0.0,0.0,0.06823862710472996,0.050298710868169776
R03,02,602,1,0.0,0.0,0.06823862710472996,0.05018239298671469
R03,02,603,1,0.0,0.0,0.06823862710472996,0.05006590585669527
R03,02,604,1,0.0,0.0,0.06823862710472996,0.0499492519078773
R03,02,605,1,0.0,0.0,0.06823862710472996,0.04983243356875131
R03,02,606,1,0.0,0.0,0.06823862710472996,0.04971545326645056
R03,02,607,1,0.0,0.0,0.06823862710472996,0.049598313426669406
R03,02,608,1,0.0,0.0,0.06559571669392363,0.04756459612452342
R03,02,609,1,0.0,0.0,0.06559571669392363,0.04745169343171949
R03,02,610,1,0.0,0.0,0.06559571669392363,0.04733864436654567
R03,02,611,1,0.0,0.0,0.06559571669392363,0.04722545125443485
R03,02,612,1,0.0,0.0,0.06559571669392363,0.0471121164190477
R03,02,613,1,0.0,0.0,0.06559571669392363,0.04699864218219572
R03,02,614,1,0.0,0.0,0.06559571669392363,0.046885030863764415
R03,02,615,1,0.0,0.0,0.06559571669392363,0.046771284781636856
R03,02,616,1,0.0,0.0,0.06559571669392363,0.04665740625161744
R03,02,617,1,0.0,0.0,0.06559571669392363,0.04654339758735598
R03,02,618,1,0.0,0.0,0.06559571669392363,0.046429261100271985
R03,02,619,1,0.0,0.0,0.06559571669392363,0.04631499909947935
R03,02,620,1,0.0,0.0,0.06559571669392363,0.04620061389171119
R03,02,621,1,0.0,0.0,0.06559571669392363,0.0460861077812451
R03,02,622,1,0.0,0.0,0.06559571669392363,0.04597148306982859
R03,02,623,1,0.0,0.0,0.06559571669392363,0.0458567420566049
R03,02,624,1,0.0,0.0,0.062435515668236866,0.04353818280824976
R03,02,625,1,0.0,0.0,0.062435515668236866,0.043428754823524825
R03,02,626,1,0.0,0.0,0.062435515668236866,0.04331922268961566
R03,02,627,1,0.0,0.0,0.062435515668236866,0.043209588584283816
R03,02,628,1,0.0,0.0,0.062435515668236866,0.04309985468246312
R03,02,629,1,0.0,0.0,0.062435515668236866,0.0429900231561908
R03,02,630,1,0.0,0.0,0.062435515668236866,0.042880096174538834
R03,02,631,1,0.0,0.0,0.062435515668236866,0.04277007590354572
R03,02,632,1,0.0,0.0,0.062435515668236866,0.04265996450614847
R03,02,633,1,0.0,0.0,0.062435515668236866,0.0425497641421149
R03,02,634,1,0.0,0.0,0.062435515668236866,0.042439476967976335
R03,02,635,1,0.0,0.0,0.062435515668236866,0.04232910513696049
R03,02,636,1,0.0,0.0,0.062435515668236866,0.04221865079892479
R03,02,637,1,0.0,0.0,0.062435515668236866,0.04210811610028996
R03,02,638,1,0.0,0.0,0.062435515668236866,0.04199750318397389
R03,02,639,1,0.0,0.0,0.062435515668236866,0.04188681418932594
R03,02,640,1,0.0,0.0,0.045605719500840344,0.030515113951777625
R03,02,641,1,0.0,0.0,0.045605719500840344,0.030434155247937897
R03,02,642,1,0.0,0.0,0.045605719500840344,0.03035314564496526
R03,02,643,1,0.0,0.0,0.045605719500840344,0.030272086694634995
R03,02,644,1,0.0,0.0,0.045605719500840344,0.030190979945879222
R03,02,645,1,0.0,0.0,0.045605719500840344,0.030109826944740316
R03,02,646,1,0.0,0.0,0.045605719500840344,0.030028629234324606
R03,02,647,1,0.0,0.0,0.045605719500840344,0.029947388354756285
R03,02,648,1,0.0,0.0,0.045605719500840344,0.029866105843131645
R03,02,649,1,0.0,0.0,0.045605719500840344,0.029784783233473472
R03,02,650,1,0.0,0.0,0.045605719500840344,0.029703422056685795
R03,02,651,1,0.0,0.0,0.045605719500840344,0.029622023840508813
R03,02,652,1,0.0,0.0,0.045605719500840344,0.02954059010947416
R03,02,653,1,0.0,0.0,0.045605719500840344,0.029459122384860363
R03,02,654,1,0.0,0.0,0.045605719500840344,0.0293776221846486
R03,02,655,1,0.0,0.0,0.045605719500840344,0.029296091023478722
R03,02,656,1,0.0,0.0,0.02951404312979175,0.01890637665739196
R03,02,657,1,0.0,0.0,0.02951404312979175,0.01885357608564086
R03,02,658,1,0.0,0.0,0.02951404312979175,0.01880075840467228
R03,02,659,1,0.0,0.0,0.02951404312979175,0.018747924585764818
R03,02,660,1,0.0,0.0,0.02951404312979175,0.018695075597895027
R03,02,661,1,0.0,0.0,0.02951404312979175,0.01864221240770998
R03,02,662,1,0.0,0.0,0.02951404312979175,0.01858933597950005
R03,02,663,1,0.0,0.0,0.02951404312979175,0.018536447275171865
R03,02,664,1,0.0,0.0,0.02951404312979175,0.018483547254221435
R03,02,665,1,0.0,0.0,0.02951404312979175,0.018430636873707447
R03,02,666,1,0.0,0.0,0.02951404312979175,0.01837771708822479
R03,02,667,1,0.0,0.0,0.02951404312979175,0.018324788849878215
R03,02,668,1,0.0,0.0,0.02951404312979175,0.01827185310825619
R03,02,669,1,0.0,0.0,0.02951404312979175,0.01821891081040496
R03,02,670,1,0.0,0.0,0.02951404312979175,0.018165962900802784
R03,02,671,1,0.0,0.0,0.02951404312979175,0.018113010321334336
R03,02,672,1,0.0,0.0,0.014272223348263958,0.008733372225451105
R03,02,673,1,0.0,0.0,0.014272223348263958,0.008707762580646657
R03,02,674,1,0.0,0.0,0.014272223348263958,0.008682152036381714
R03,02,675,1,0.0,0.0,0.014272223348263958,0.008656541042988589
R03,03,0,1,0.0,0.0,0.0,0.0
R03,03,1,1,0.0,0.0,0.0,0.0
R03,03,2,1,0.0,0.0,0.0,0.0
R03,03,3,1,0.0,0.0,0.0,0.0
R03,03,4,1,0.0,0.0,0.0,0.0
R03,03,5,1,0.0,0.0,0.0,0.0
R03,03,6,1,0.0,0.0,0.0,0.0
R03,03,7,1,0.0,0.0,0.0,0.0
R03,03,8,1,0.0,0.0,0.0,0.0
R03,03,9,1,0.0,0.0,0.0,0.0
R03,03,10,1,0.0,0.0,0.0,0.0
R03,03,11,1,0.0,0.0,0.0,0.0
R03,03,12,1,0.0,0.0,0.0,0.0
R03,03,13,1,0.0,0.0,0.0,0.0
R03,03,14,1,0.0,0.0,0.0,0.0
R03,03,15,1,0.0,0.0,0.0,0.0
R03,03,16,1,0.0,0.0,0.0,0.0
R03,03,17,1,0.0,0.0,0.0,0.0
R03,03,18,1,0.0,0.0,0.0,0.0
R03,03,19,1,0.0,0.0,0.0,0.0
R03,03,20,1,0.0,0.0,0.0,0.0
R03,03,21,1,0.0,0.0,0.0,0.0
R03,03,22,1,0.0,0.0,0.0,0.0
R03,03,23,1,0.0,0.0,0.0,0.0
R03,03,24,1,0.0,0.0,0.0,0.0
R03,03,25,1,0.0,0.0,0.0,0.0
R03,03,26,1,0.0,0.0,0.0,0.0
R03,03,27,1,0.0,0.0,0.0,0.0
R03,03,28,1,0.0,0.0,0.0,0.0
R03,03,29,1,0.0,0.0,0.0,0.0
R03,03,30,1,0.0,0.0,0.0,0.0
R03,03,31,1,0.0,0.0,0.0,0.0
R03,03,32,1,0.0,0.0,0.0,0.0
R03,03,33,1,0.0,0.0,0.0,0.0
R03,03,34,1,0.0,0.0,0.0,0.0
R03,03,35,1,0.0,0.0,0.0,0.0
R03,03,36,1,0.0,0.0,0.0,0.0
R03,03,37,1,0.0,0.0,0.0,0.0
R03,03,38,1,0.0,0.0,0.0,0.0
R03,03,39,1,0.0,0.0,0.0,0.0
R03,03,40,1,0.0,0.0,0.0,0.0
R03,03,41,1,0.0,0.0,0.0,0.0
R03,03,42,1,0.0,0.0,0.0,0.0
R03,03,43,1,0.0,0.0,0.0,0.0
R03,03,44,1,0.0,0.0,0.0,0.0
R03,03,45,1,0.0,0.0,0.0,0.0
R03,03,46,1,0.0,0.0,0.0,0.0
R03,03,47,1,0.0,0.0,0.0,0.0
R03,03,48,1,0.0,0.0,0.0,0.0
R03,03,49,1,0.0,0.0,0.0,0.0
R03,03,50,1,0.0,0.0,0.0,0.0
R03,03,51,1,0.0,0.0,0.0,0.0
R03,03,52,1,0.0,0.0,0.0,0.0
R03,03,53,1,0.0,0.0,0.0,0.0
R03,03,54,1,0.0,0.0,0.0,0.0
R03,03,55,1,0.0,0.0,0.0,0.0
R03,03,56,1,0.0,0.0,0.0,0.0
R03,03,57,1,0.0,0.0,0.0,0.0
R03,03,58,1,0.0,0.0,0.0,0.0
R03,03,59,1,0.0,0.0,0.0,0.0
R03,03,60,1,0.0,0.0,0.0,0.0
R03,03,61,1,0.0,0.0,0.0,0.0
R03,03,62,1,0.0,0.0,0.0,0.0
R03,03,63,1,0.0,0.0,0.0,0.0
R03,03,64,1,0.0,0.0,0.0,0.0
R03,03,65,1,0.0,0.0,0.0,0.0
R03,03,66,1,0.0,0.0,0.0,0.0
R03,03,67,1,0.0,0.0,0.0,0.0
R03,03,68,1,0.0,0.0,0.0,0.0
R03,03,69,1,0.0,0.0,0.0,0.0
R03,03,70,1,0.0,0.0,0.0,0.0
R03,03,71,1,0.0,0.0,0.0,0.0
R03,03,72,1,0.0,0.0,0.0,0.0
R03,03,73,1,0.0,0.0,0.0,0.0
R03,03,74,1,0.0,0.0,0.0,0.0
R03,03,75,1,0.0,0.0,0.0,0.0
R03,03,76,1,0.0,0.0,0.0,0.0
R03,03,77,1,0.0,0.0,0.0,0.0
R03,03,78,1,0.0,0.0,0.0,0.0
R03,03,79,1,0.0,0.0,0.0,0.0
R03,03,80,1,0.0,0.0,0.0,0.0
R03,03,81,1,0.0,0.0,0.0,0.0
R03,03,82,1,0.0,0.0,0.0,0.0
R03,03,83,1,0.0,0.0,0.0,0.0
R03,03,84,1,0.0,0.0,0.0,0.0
R03,03,85,1,0.0,0.0,0.0,0.0
R03,03,86,1,0.0,0.0,0.0,0.0
R03,03,87,1,0.0,0.0,0.0,0.0
R03,03,88,1,0.0,0.0,0.0,0.0
R03,03,89,1,0.0,0.0,0.0,0.0
R03,03,90,1,0.0,0.0,0.0,0.0
R03,03,91,1,0.0,0.0,0.0,0.0
R03,03,92,1,0.0,0.0,0.0,0.0
R03,03,93,1,0.0,0.0,0.0,0.0
R03,03,94,1,0.0,0.0,0.0,0.0
R03,03,95,1,0.0,0.0,0.0,0.0
R03,03,96,1,0.0,0.0,0.0,0.0
R03,03,97,1,0.0,0.0,0.0,0.0
R03,03,98,1,0.0,0.0,0.0,0.0
R03,03,99,1,0.0,0.0,0.0,0.0
R03,03,100,1,0.0,0.0,0.0,0.0
R03,03,101,1,0.0,0.0,0.0,0.0
R03,03,102,1,0.0,0.0,0.0,0.0
R03,03,103,1,0.0,0.0,0.0,0.0
R03,03,104,1,0.0,0.0,0.0,0.0
R03,03,105,1,0.0,0.0,0.0,0.0
R03,03,106,1,0.0,0.0,0.0,0.0
R03,03,107,1,0.0,0.0,0.0,0.0
R03,03,108,1,0.0,0.0,0.0,0.0
R03,03,109,1,0.0,0.0,0.0,0.0
R03,03,110,1,0.0,0.0,0.0,0.0
R03,03,111,1,0.0,0.0,0.0,0.0
R03,03,112,1,0.0,0.0,0.0,0.0
R03,03,113,1,0.0,0.0,0.0,0.0
R03,03,114,1,0.0,0.0,0.0,0.0
R03,03,115,1,0.0,0.0,0.0,0.0
R03,03,116,1,0.0,0.0,0.0,0.0
R03,03,117,1,0.0,0.0,0.0,0.0
R03,03,118,1,0.0,0.0,0.0,0.0
R03,03,119,1,0.0,0.0,0.0,0.0
R03,03,120,1,0.0,0.0,0.0,0.0
R03,03,121,1,0.0,0.0,0.0,0.0
R03,03,122,1,0.0,0.0,0.0,0.0
R03,03,123,1,0.0,0.0,0.0,0.0
R03,03,124,1,0.0,0.0,0.0,0.0
R03,03,125,1,0.0,0.0,0.0,0.0
R03,03,126,1,0.0,0.0,0.0,0.0
R03,03,127,1,0.0,0.0,0.0,0.0
R03,03,128,1,0.0,0.0,0.0,0.0
R03,03,129,1,0.0,0.0,0.0,0.0
R03,03,130,1,0.0,0.0,0.0,0.0
R03,03,131,1,0.0,0.0,0.0,0.0
R03,03,132,1,0.0,0.0,0.0,0.0
R03,03,133,1,0.0,0.0,0.0,0.0
R03,03,134,1,0.0,0.0,0.0,0.0
R03,03,135,1,0.0,0.0,0.0,0.0
R03,03,136,1,0.0,0.0,0.0,0.0
R03,03,137,1,0.0,0.0,0.0,0.0
R03,03,138,1,0.0,0.0,0.0,0.0
R03,03,139,1,0.0,0.0,0.0,0.0
R03,03,140,1,0.0,0.0,0.0,0.0
R03,03,141,1,0.0,0.0,0.0,0.0
R03,03,142,1,0.0,0.0,0.0,0.0
R03,03,143,1,0.0,0.0,0.0,0.0
R03,03,144,1,0.0,0.0,0.0,0.0
R03,03,145,1,0.0,0.0,0.0,0.0
R03,03,146,1,0.0,0.0,0.0,0.0
R03,03,147,1,0.0,0.0,0.0,0.0
R03,03,148,1,0.0,0.0,0.0,0.0
R03,03,149,1,0.0,0.0,0.0,0.0
R03,03,150,1,0.0,0.0,0.0,0.0
R03,03,151,1,0.0,0.0,0.0,0.0
R03,03,152,1,0.0,0.0,0.0,0.0
R03,03,153,1,0.0,0.0,0.0,0.0
R03,03,154,1,0.0,0.0,0.0,0.0
R03,03,155,1,0.0,0.0,0.0,0.0
R03,03,156,1,0.0,0.0,0.0,0.0
R03,03,157,1,0.0,0.0,0.0,0.0
R03,03,158,1,0.0,0.0,0.0,0.0
R03,03,159,1,0.0,0.0,0.0,0.0
R03,03,160,1,0.0,0.0,0.0,0.0
R03,03,161,1,0.0,0.0,0.0,0.0
R03,03,162,1,0.0,0.0,0.0,0.0
R03,03,163,1,0.0,0.0,0.0,0.0
R03,03,164,1,0.0,0.0,0.0,0.0
R03,03,165,1,0.0,0.0,0.0,0.0
R03,03,166,1,0.0,0.0,0.0,0.0
R03,03,167,1,0.0,0.0,0.0,0.0
R03,03,168,1,0.0,0.0,0.0,0.0
R03,03,169,1,0.0,0.0,0.0,0.0
R03,03,170,1,0.0,0.0,0.0,0.0
R03,03,171,1,0.0,0.0,0.0,0.0
R03,03,172,1,0.0,0.0,0.0,0.0
R03,03,173,1,0.0,0.0,0.0,0.0
R03,03,174,1,0.0,0.0,0.0,0.0
R03,03,175,1,0.0,0.0,0.0,0.0
R03,03,176,1,0.0,0.0,0.0,0.0
R03,03,177,1,0.0,0.0,0.0,0.0
R03,03,178,1,0.0,0.0,0.0,0.0
R03,03,179,1,0.0,0.0,0.0,0.0
R03,03,180,1,0.0,0.0,0.0,0.0
R03,03,181,1,0.0,0.0,0.0,0.0
R03,03,182,1,0.0,0.0,0.0,0.0
R03,03,183,1,0.0,0.0,0.0,0.0
R03,03,184,1,0.0,0.0,0.0,0.0
R03,03,185,1,0.0,0.0,0.0,0.0
R03,03,186,1,0.0,0.0,0.0,0.0
R03,03,187,1,0.0,0.0,0.0,0.0
R03,03,188,1,0.0,0.0,0.0,0.0
R03,03,189,1,0.0,0.0,0.0,0.0
R03,03,190,1,0.0,0.0,0.0,0.0
R03,03,191,1,0.0,0.0,0.0,0.0
R03,03,192,1,0.0,0.0,0.0,0.0
R03,03,193,1,0.0,0.0,0.0,0.0
R03,03,194,1,0.0,0.0,0.0,0.0
R03,03,195,1,0.0,0.0,0.0,0.0
R03,03,196,1,0.0,0.0,0.0,0.0
R03,03,197,1,0.0,0.0,0.0,0.0
R03,03,198,1,0.0,0.0,0.0,0.0
R03,03,199,1,0.0,0.0,0.0,0.0
R03,03,200,1,0.0,0.0,0.0,0.0
R03,03,201,1,0.0,0.0,0.0,0.0
R03,03,202,1,0.0,0.0,0.0,0.0
R03,03,203,1,0.0,0.0,0.0,0.0
R03,03,204,1,0.0,0.0,0.0,0.0
R03,03,205,1,0.0,0.0,0.0,0.0
R03,03,206,1,0.0,0.0,0.0,0.0
R03,03,207,1,0.0,0.0,0.0,0.0
R03,03,208,1,0.0,0.0,0.0,0.0
R03,03,209,1,0.0,0.0,0.0,0.0
R03,03,210,1,0.0,0.0,0.0,0.0
R03,03,211,1,0.0,0.0,0.0,0.0
R03,03,212,1,0.0,0.0,0.0,0.0
R03,03,213,1,0.0,0.0,0.0,0.0
R03,03,214,1,0.0,0.0,0.0,0.0
R03,03,215,1,0.0,0.0,0.0,0.0
R03,03,216,1,0.0,0.0,0.0,0.0
R03,03,217,1,0.0,0.0,0.0,0.0
R03,03,218,1,0.0,0.0,0.0,0.0
R03,03,219,1,0.0,0.0,0.0,0.0
R03,03,220,1,0.0,0.0,0.0,0.0
R03,03,221,1,0.0,0.0,0.0,0.0
R03,03,222,1,0.0,0.0,0.0,0.0
R03,03,223,1,0.0,0.0,0.0,0.0
R03,03,224,1,0.0,0.0,0.0,0.0
R03,03,225,1,0.0,0.0,0.0,0.0
R03,03,226,1,0.0,0.0,0.0,0.0
R03,03,227,1,0.0,0.0,0.0,0.0
R03,03,228,1,0.0,0.0,0.0,0.0
R03,03,229,1,0.0,0.0,0.0,0.0
R03,03,230,1,0.0,0.0,0.0,0.0
R03,03,231,1,0.0,0.0,0.0,0.0
R03,03,232,1,0.0,0.0,0.0,0.0
R03,03,233,1,0.0,0.0,0.0,0.0
R03,03,234,1,0.0,0.0,0.0,0.0
R03,03,235,1,0.0,0.0,0.0,0.0
R03,03,236,1,0.0,0.0,0.0,0.0
R03,03,237,1,0.0,0.0,0.0,0.0
R03,03,238,1,0.0,0.0,0.0,0.0
R03,03,239,1,0.0,0.0,0.0,0.0
R03,03,240,1,0.0,0.0,0.0,0.0
R03,03,241,1,0.0,0.0,0.0,0.0
R03,03,242,1,0.0,0.0,0.0,0.0
R03,03,243,1,0.0,0.0,0.0,0.0
R03,03,244,1,0.0,0.0,0.0,0.0
R03,03,245,1,0.0,0.0,0.0,0.0
R03,03,246,1,0.0,0.0,0.0,0.0
R03,03,247,1,0.0,0.0,0.0,0.0
R03,03,248,1,0.0,0.0,0.0,0.0
R03,03,249,1,0.0,0.0,0.0,0.0
R03,03,250,1,0.0,0.0,0.0,0.0
R03,03,251,1,0.0,0.0,0.0,0.0
R03,03,252,1,0.0,0.0,0.0,0.0
R03,03,253,1,0.0,0.0,0.0,0.0
R03,03,254,1,0.0,0.0,0.0,0.0
R03,03,255,1,0.0,0.0,0.0,0.0
R03,03,256,1,0.0,0.0,0.0,0.0
R03,03,257,1,0.0,0.0,0.0,0.0
R03,03,258,1,0.0,0.0,0.0,0.0
R03,03,259,1,0.0,0.0,0.0,0.0
R03,03,260,1,0.0,0.0,0.0,0.0
R03,03,261,1,0.0,0.0,0.0,0.0
R03,03,262,1,0.0,0.0,0.0,0.0
R03,03,263,1,0.0,0.0,0.0,0.0
R03,03,264,1,0.0,0.0,0.0,0.0
R03,03,265,1,0.0,0.0,0.0,0.0
R03,03,266,1,0.0,0.0,0.0,0.0
R03,03,267,1,0.0,0.0,0.0,0.0
R03,03,268,1,0.0,0.0,0.0,0.0
R03,03,269,1,0.0,0.0,0.0,0.0
R03,03,270,1,0.0,0.0,0.0,0.0
R03,03,271,1,0.0,0.0,0.0,0.0
R03,03,272,1,0.0,0.0,0.014264047000803703,0.014009127557995264
R03,03,273,1,0.0,0.0,0.014264047000803703,0.014016962692074615
R03,03,274,1,0.0,0.0,0.014264047000803703,0.014024678717327346
R03,03,275,1,0.0,0.0,0.014264047000803703,0.014032275432267313
R03,03,276,1,0.0,0.0,0.014264047000803703,0.01403975263845084
R03,03,277,1,0.0,0.0,0.014264047000803703,0.01404711014048538
R03,03,278,1,0.0,0.0,0.014264047000803703,0.014054347746038006
R03,03,279,1,0.0,0.0,0.014264047000803703,0.0140614652658438
R03,03,280,1,0.0,0.0,0.014264047000803703,0.014068462513714103
R03,03,281,1,0.0,0.0,0.014264047000803703,0.014075339306544622
R03,03,282,1,0.0,0.0,0.014264047000803703,0.01408209546432343
R03,03,283,1,0.0,0.0,0.014264047000803703,0.014088730810138802
R03,03,284,1,0.0,0.0,0.014264047000803703,0.014095245170186956
R03,03,285,1,0.0,0.0,0.014264047000803703,0.014101638373779618
R03,03,286,1,0.0,0.0,0.014264047000803703,0.014107910253351496
R03,03,287,1,0.0,0.0,0.014264047000803703,0.014114060644467583
R03,03,288,1,0.0,0.0,0.04375521977232001,0.04331362720881382
R03,03,289,1,0.0,0.0,0.04375521977232001,0.043331746833037824
R03,03,290,1,0.0,0.0,0.04375521977232001,0.043349492333856494
R03,03,291,1,0.0,0.0,0.04375521977232001,0.043366863245487684
R03,03,292,1,0.0,0.0,0.04375521977232001,0.043383859111857506
R03,03,293,1,0.0,0.0,0.04375521977232001,0.04340047948662034
R03,03,294,1,0.0,0.0,0.04375521977232001,0.0434167239331783
R03,03,295,1,0.0,0.0,0.04375521977232001,0.043432592024700394
R03,03,296,1,0.0,0.0,0.04375521977232001,0.043448083344141214
R03,03,297,1,0.0,0.0,0.04375521977232001,0.04346319748425918
R03,03,298,1,0.0,0.0,0.04375521977232001,0.043477934047634406
R03,03,299,1,0.0,0.0,0.04375521977232001,0.04349229264668611
R03,03,300,1,0.0,0.0,0.04375521977232001,0.04350627290368958
R03,03,301,1,0.0,0.0,0.04375521977232001,0.04351987445079279
R03,03,302,1,0.0,0.0,0.04375521977232001,0.043533096930032475
R03,03,303,1,0.0,0.0,0.04375521977232001,0.04354593999334984
R03,03,304,1,0.0,0.0,0.060802856099061414,0.060529357221710926
R03,03,305,1,0.0,0.0,0.060802856099061414,0.06054614824037626
R03,03,306,1,0.0,0.0,0.060802856099061414,0.060562410649237536
R03,03,307,1,0.0,0.0,0.060802856099061414,0.0605781440198873
R03,03,308,1,0.0,0.0,0.060802856099061414,0.06059334793778157
R03,03,309,1,0.0,0.0,0.060802856099061414,0.06060802200225809
R03,03,310,1,0.0,0.0,0.060802856099061414,0.06062216582655383
R03,03,311,1,0.0,0.0,0.060802856099061414,0.06063577903782209
R03,03,312,1,0.0,0.0,0.060802856099061414,0.060648861277148816
R03,03,313,1,0.0,0.0,0.060802856099061414,0.06066141219956837
R03,03,314,1,0.0,0.0,0.060802856099061414,0.06067343147407869
R03,03,315,1,0.0,0.0,0.060802856099061414,0.0606849187836559
R03,03,316,1,0.0,0.0,0.060802856099061414,0.06069587382526817
R03,03,317,1,0.0,0.0,0.060802856099061414,0.06070629630988906
R03,03,318,1,0.0,0.0,0.060802856099061414,0.06071618596251025
R03,03,319,1,0.0,0.0,0.060802856099061414,0.06072554252215362
R03,03,320,1,0.0,0.0,0.09278070431624486,0.0926761930484262
R03,03,321,1,0.0,0.0,0.09278070431624486,0.09268884244238779
R03,03,322,1,0.0,0.0,0.09278070431624486,0.09270067730944107
R03,03,323,1,0.0,0.0,0.09278070431624486,0.09271169733715454
R03,03,324,1,0.0,0.0,0.09278070431624486,0.09272190223458388
R03,03,325,1,0.0,0.0,0.09278070431624486,0.09273129173228482
R03,03,326,1,0.0,0.0,0.09278070431624486,0.09273986558232496
R03,03,327,1,0.0,0.0,0.09278070431624486,0.09274762355829466
R03,03,328,1,0.0,0.0,0.09278070431624486,0.0927545654553171
R03,03,329,1,0.0,0.0,0.09278070431624486,0.09276069109005713
R03,03,330,1,0.0,0.0,0.09278070431624486,0.09276600030072955
R03,03,331,1,0.0,0.0,0.09278070431624486,0.09277049294710604
R03,03,332,1,0.0,0.0,0.09278070431624486,0.09277416891052145
R03,03,333,1,0.0,0.0,0.09278070431624486,0.092777028093879
R03,03,334,1,0.0,0.0,0.09278070431624486,0.0927790704216545
R03,03,335,1,0.0,0.0,0.09278070431624486,0.09278029583989973
R03,03,336,1,0.0,0.0,0.11192207788551015,0.11192207788551015
R03,03,337,1,0.0,0.0,0.11192207788551015,0.11192158513735039
R03,03,338,1,0.0,0.0,0.11192207788551015,0.11192010690588731
R03,03,339,1,0.0,0.0,0.11192207788551015,0.11191764323016895
R03,03,340,1,0.0,0.0,0.11192207788551015,0.11191419417527343
R03,03,341,1,0.0,0.0,0.11192207788551015,0.11190975983230615
R03,03,342,1,0.0,0.0,0.11192207788551015,0.11190434031839572
R03,03,343,1,0.0,0.0,0.11192207788551015,0.11189793577668881
R03,03,344,1,0.0,0.0,0.11192207788551015,0.11189054637634394
R03,03,345,1,0.0,0.0,0.11192207788551015,0.11188217231252384
R03,03,346,1,0.0,0.0,0.11192207788551015,0.1118728138063871
R03,03,347,1,0.0,0.0,0.11192207788551015,0.1118624711050782
R03,03,348,1,0.0,0.0,0.11192207788551015,0.11185114448171686
R03,03,349,1,0.0,0.0,0.11192207788551015,0.11183883423538582
R03,03,350,1,0.0,0.0,0.11192207788551015,0.11182554069111779
R03,03,351,1,0.0,0.0,0.11192207788551015,0.11181126419988112
R03,03,352,1,0.0,0.0,0.14552539458184202,0.14536146994255797
R03,03,353,1,0.0,0.0,0.14552539458184202,0.14534035247185118
R03,03,354,1,0.0,0.0,0.14552539458184202,0.14531795850680762
R03,03,355,1,0.0,0.0,0.14552539458184202,0.14529428863844435
R03,03,356,1,0.0,0.0,0.14552539458184202,0.14526934349138568
R03,03,357,1,0.0,0.0,0.14552539458184202,0.14524312372383583
R03,03,358,1,0.0,0.0,0.14552539458184202,0.14521563002754984
R03,03,359,1,0.0,0.0,0.14552539458184202,0.14518686312780332
R03,03,360,1,0.0,0.0,0.14552539458184202,0.14515682378336045
R03,03,361,1,0.0,0.0,0.14552539458184202,0.1451255127864406
R03,03,362,1,0.0,0.0,0.14552539458184202,0.14509293096268364
R03,03,363,1,0.0,0.0,0.14552539458184202,0.1450590791711135
R03,03,364,1,0.0,0.0,0.14552539458184202,0.14502395830410053
R03,03,365,1,0.0,0.0,0.14552539458184202,0.1449875692873223
R03,03,366,1,0.0,0.0,0.14552539458184202,0.14494991307972277
R03,03,367,1,0.0,0.0,0.14552539458184202,0.14491099067347046
R03,03,368,1,0.0,0.0,0.1943612141629258,0.193486953029741
R03,03,369,1,0.0,0.0,0.1943612141629258,0.19343159085964798
R03,03,370,1,0.0,0.0,0.1943612141629258,0.19337454181743258
R03,03,371,1,0.0,0.0,0.1943612141629258,0.19331580740511237
R03,03,372,1,0.0,0.0,0.1943612141629258,0.19325538916876867
R03,03,373,1,0.0,0.0,0.1943612141629258,0.19319328869847863
R03,03,374,1,0.0,0.0,0.1943612141629258,0.19312950762824546
R03,03,375,1,0.0,0.0,0.1943612141629258,0.1930640476359268
R03,03,376,1,0.0,0.0,0.1943612141629258,0.19299691044316114
R03,03,377,1,0.0,0.0,0.1943612141629258,0.19292809781529252
R03,03,378,1,0.0,0.0,0.1943612141629258,0.19285761156129286
R03,03,379,1,0.0,0.0,0.1943612141629258,0.19278545353368293
R03,03,380,1,0.0,0.0,0.1943612141629258,0.19271162562845112
R03,03,381,1,0.0,0.0,0.1943612141629258,0.19263612978497052
R03,03,382,1,0.0,0.0,0.1943612141629258,0.1925589679859138
R03,03,383,1,0.0,0.0,0.1943612141629258,0.19248014225716664
R03,03,384,1,0.0,0.24984431947482494,0.21625221608324877,0.21406972514934405
R03,03,385,1,0.0,0.24984431947482494,0.21625221608324877,0.21397832551501733
R03,03,386,1,0.0,0.24984431947482494,0.21625221608324877,0.2138850815914269
R03,03,387,1,0.0,0.24984431947482494,0.21625221608324877,0.21378999582394806
R03,03,388,1,0.0,0.24984431947482494,0.21625221608324877,0.21369307070552224
R03,03,389,1,0.0,0.24984431947482494,0.21625221608324877,0.2135943087765481
R03,03,390,1,0.0,0.24984431947482494,0.21625221608324877,0.21349371262477068
R03,03,391,1,0.0,0.24984431947482494,0.21625221608324877,0.21339128488516826
R03,03,392,1,0.0,0.24984431947482494,0.21625221608324877,0.2132870282398374
R03,03,393,1,0.0,0.24984431947482494,0.21625221608324877,0.2131809454178759
R03,03,394,1,0.0,0.24984431947482494,0.21625221608324877,0.2130730391952637
R03,03,395,1,0.0,0.24984431947482494,0.21625221608324877,0.21296331239474184
R03,03,396,1,0.0,0.24984431947482494,0.21625221608324877,0.21285176788568935
R03,03,397,1,0.0,0.24984431947482494,0.21625221608324877,0.2127384085839983
R03,03,398,1,0.0,0.24984431947482494,0.21625221608324877,0.21262323745194667
R03,03,399,1,0.0,0.24984431947482494,0.21625221608324877,0.2125062574980694
R03,03,400,1,0.0,0.49977830672888557,0.2373934096494353,0.2331508412036906
R03,03,401,1,0.0,0.49977830672888557,0.2373934096494353,0.2330184638851881
R03,03,402,1,0.0,0.49977830672888557,0.2373934096494353,0.2328841111224751
R03,03,403,1,0.0,0.49977830672888557,0.2373934096494353,0.23274778641986327
R03,03,404,1,0.0,0.49977830672888557,0.2373934096494353,0.23260949333170305
R03,03,405,1,0.0,0.49977830672888557,0.2373934096494353,0.23246923546222914
R03,03,406,1,0.0,0.49977830672888557,0.2373934096494353,0.23232701646540413
R03,03,407,1,0.0,0.49977830672888557,0.2373934096494353,0.23218284004475967
R03,03,408,1,0.0,0.49977830672888557,0.2373934096494353,0.2320367099532359
R03,03,409,1,0.0,0.49977830672888557,0.2373934096494353,0.2318886299930185
R03,03,410,1,0.0,0.49977830672888557,0.2373934096494353,0.23173860401537405
R03,03,411,1,0.0,0.49977830672888557,0.2373934096494353,0.23158663592048276
R03,03,412,1,0.0,0.49977830672888557,0.2373934096494353,0.23143272965726988
R03,03,413,1,0.0,0.49977830672888557,0.2373934096494353,0.23127688922323447
R03,03,414,1,0.0,0.49977830672888557,0.2373934096494353,0.23111911866427634
R03,03,415,1,0.0,0.49977830672888557,0.2373934096494353,0.2309594220745212
R03,03,416,1,0.0,0.24996106063009527,0.2575269263613536,0.2503719419121101
R03,03,417,1,0.0,0.24996106063009527,0.2575269263613536,0.25019453610685777
R03,03,418,1,0.0,0.24996106063009527,0.2575269263613536,0.25001505455868134
R03,03,419,1,0.0,0.24996106063009527,0.2575269263613536,0.2498335019162536
R03,03,420,1,0.0,0.24996106063009527,0.2575269263613536,0.24964988287958134
R03,03,421,1,0.0,0.24996106063009527,0.2575269263613536,0.2494642021998028
R03,03,422,1,0.0,0.24996106063009527,0.2575269263613536,0.24927646467898254
R03,03,423,1,0.0,0.24996106063009527,0.2575269263613536,0.2490866751699046
R03,03,424,1,0.0,0.24996106063009527,0.2575269263613536,0.24889483857586345
R03,03,425,1,0.0,0.24996106063009527,0.2575269263613536,0.24870095985045307
R03,03,426,1,0.0,0.24996106063009527,0.2575269263613536,0.24850504399735354
R03,03,427,1,0.0,0.24996106063009527,0.2575269263613536,0.24830709607011603
R03,03,428,1,0.0,0.24996106063009527,0.2575269263613536,0.24810712117194555
R03,03,429,1,0.0,0.24996106063009527,0.2575269263613536,0.24790512445548182
R03,03,430,1,0.0,0.24996106063009527,0.2575269263613536,0.24770111112257787
R03,03,431,1,0.0,0.24996106063009527,0.2575269263613536,0.2474950864240769
R03,03,432,1,1.0,0.5002047247570591,0.27641976321122597,0.265428669290724
R03,03,433,1,1.0,0.5002047247570591,0.27641976321122597,0.2652032293593218
R03,03,434,1,1.0,0.5002047247570591,0.27641976321122597,0.26497564772462945
R03,03,435,1,1.0,0.5002047247570591,0.27641976321122597,0.2647459302306048
R03,03,436,1,1.0,0.5002047247570591,0.27641976321122597,0.2645140827725603
R03,03,437,1,1.0,0.5002047247570591,0.27641976321122597,0.26428011129691137
R03,03,438,1,1.0,0.5002047247570591,0.27641976321122597,0.26404402180092207
R03,03,439,1,1.0,0.5002047247570591,0.27641976321122597,0.26380582033244915
R03,03,440,1,1.0,0.5002047247570591,0.27641976321122597,0.26356551298968367
R03,03,441,1,1.0,0.5002047247570591,0.27641976321122597,0.26332310592089125
R03,03,442,1,1.0,0.5002047247570591,0.27641976321122597,0.2630786053241498
R03,03,443,1,1.0,0.5002047247570591,0.27641976321122597,0.26283201744708545
R03,03,444,1,1.0,0.5002047247570591,0.27641976321122597,0.2625833485866068
R03,03,445,1,1.0,0.5002047247570591,0.27641976321122597,0.26233260508863704
R03,03,446,1,1.0,0.5002047247570591,0.27641976321122597,0.2620797933478438
R03,03,447,1,1.0,0.5002047247570591,0.27641976321122597,0.2618249198073681
R03,03,448,1,1.0,0.25016608818626007,0.2938707536394627,0.2780813561880209
R03,03,449,1,1.0,0.25016608818626007,0.2938707536394627,0.2778060287408711
R03,03,450,1,1.0,0.25016608818626007,0.2938707536394627,0.27752853018408263
R03,03,451,1,1.0,0.25016608818626007,0.2938707536394627,0.2772488675707714
R03,03,452,1,1.0,0.25016608818626007,0.2938707536394627,0.2769670480041131
R03,03,453,1,1.0,0.25016608818626007,0.2938707536394627,0.2766830786370426
R03,03,454,1,1.0,0.25016608818626007,0.2938707536394627,0.2763969666719516
R03,03,455,1,1.0,0.25016608818626007,0.2938707536394627,0.27610871936038434
R03,03,456,1,1.0,0.25016608818626007,0.2938707536394627,0.2758183440027315
R03,03,457,1,1.0,0.25016608818626007,0.2938707536394627,0.27552584794792223
R03,03,458,1,1.0,0.25016608818626007,0.2938707536394627,0.2752312385931147
R03,03,459,1,1.0,0.25016608818626007,0.2938707536394627,0.27493452338338403
R03,03,460,1,1.0,0.25016608818626007,0.2938707536394627,0.27463570981140956
R03,03,461,1,1.0,0.25016608818626007,0.2938707536394627,0.27433480541715927
R03,03,462,1,1.0,0.25016608818626007,0.2938707536394627,0.27403181778757324
R03,03,463,1,1.0,0.25016608818626007,0.2938707536394627,0.273726754556245
R03,03,464,1,0.0,0.49990965251864616,0.29545253002909416,0.2748913203971194
R03,03,465,1,0.0,0.49990965251864616,0.29545253002909416,0.2745804648077153
R03,03,466,1,0.0,0.49990965251864616,0.29545253002909416,0.2742675457467675
R03,03,467,1,0.0,0.49990965251864616,0.29545253002909416,0.2739525710733398
R03,03,468,1,0.0,0.49990965251864616,0.29545253002909416,0.27363554869177426
R03,03,469,1,0.0,0.49990965251864616,0.29545253002909416,0.2733164865513607
R03,03,470,1,0.0,0.49990965251864616,0.29545253002909416,0.2729953926460049
R03,03,471,1,0.0,0.49990965251864616,0.29545253002909416,0.2726722750138954
R03,03,472,1,0.0,0.49990965251864616,0.29545253002909416,0.2723471417371682
R03,03,473,1,0.0,0.49990965251864616,0.29545253002909416,0.2720200009415705
R03,03,474,1,0.0,0.49990965251864616,0.29545253002909416,0.2716908607961226
R03,03,475,1,0.0,0.49990965251864616,0.29545253002909416,0.2713597295127785
R03,03,476,1,0.0,0.49990965251864616,0.29545253002909416,0.2710266153460845
R03,03,477,1,0.0,0.49990965251864616,0.29545253002909416,0.27069152659283735
R03,03,478,1,0.0,0.49990965251864616,0.29545253002909416,0.2703544715917398
R03,03,479,1,0.0,0.49990965251864616,0.29545253002909416,0.2700154587230555
R03,03,480,1,1.0,0.7500827881258811,0.29436194255249376,0.26867906195213354
R03,03,481,1,1.0,0.7500827881258811,0.29436194255249376,0.2683374243934322
R03,03,482,1,1.0,0.7500827881258811,0.29436194255249376,0.26799386148708554
R03,03,483,1,1.0,0.7500827881258811,0.29436194255249376,0.2676483817445855
R03,03,484,1,1.0,0.7500827881258811,0.29436194255249376,0.2673009937170905
R03,03,485,1,1.0,0.7500827881258811,0.29436194255249376,0.26695170599507373
R03,03,486,1,1.0,0.7500827881258811,0.29436194255249376,0.26660052720796956
R03,03,487,1,1.0,0.7500827881258811,0.29436194255249376,0.26624746602381894
R03,03,488,1,1.0,0.7500827881258811,0.29436194255249376,0.26589253114891337
R03,03,489,1,1.0,0.7500827881258811,0.29436194255249376,0.26553573132743796
R03,03,490,1,1.0,0.7500827881258811,0.29436194255249376,0.2651770753411132
R03,03,491,1,1.0,0.7500827881258811,0.29436194255249376,0.2648165720088351
R03,03,492,1,1.0,0.7500827881258811,0.29436194255249376,0.2644542301863153
R03,03,493,1,1.0,0.7500827881258811,0.29436194255249376,0.26409005876571867
R03,03,494,1,1.0,0.7500827881258811,0.29436194255249376,0.2637240666753007
R03,03,495,1,1.0,0.7500827881258811,0.29436194255249376,0.2633562628790436
R03,03,496,1,1.0,0.2501212817380079,0.290629791430668,0.2596523056918616
R03,03,497,1,1.0,0.2501212817380079,0.290629791430668,0.2592856144190875
R03,03,498,1,1.0,0.2501212817380079,0.290629791430668,0.25891716116972174
R03,03,499,1,1.0,0.2501212817380079,0.290629791430668,0.258546954931575
R03,03,500,1,1.0,0.2501212817380079,0.290629791430668,0.2581750047259194
R03,03,501,1,1.0,0.2501212817380079,0.290629791430668,0.25780131960712366
R03,03,502,1,1.0,0.2501212817380079,0.290629791430668,0.25742590866228615
R03,03,503,1,1.0,0.2501212817380079,0.290629791430668,0.25704878101086837
R03,03,504,1,1.0,0.2501212817380079,0.290629791430668,0.25666994580432634
R03,03,505,1,1.0,0.2501212817380079,0.290629791430668,0.2562894122257419
R03,03,506,1,1.0,0.2501212817380079,0.290629791430668,0.25590718948945307
R03,03,507,1,1.0,0.2501212817380079,0.290629791430668,0.2555232868406828
R03,03,508,1,1.0,0.2501212817380079,0.290629791430668,0.2551377135551684
R03,03,509,1,1.0,0.2501212817380079,0.290629791430668,0.2547504789387885
R03,03,510,1,1.0,0.2501212817380079,0.290629791430668,0.2543615923271906
R03,03,511,1,1.0,0.2501212817380079,0.290629791430668,0.25397106308541695
R03,03,512,1,0.0,0.25000323962704346,0.2711241475661706,0.2365599305203526
R03,03,513,1,0.0,0.25000323962704346,0.2711241475661706,0.23619257323043408
R03,03,514,1,0.0,0.25000323962704346,0.2711241475661706,0.2358237099261639
R03,03,515,1,0.0,0.25000323962704346,0.2711241475661706,0.2354533494502374
R03,03,516,1,0.0,0.25000323962704346,0.2711241475661706,0.23508150067101893
R03,03,517,1,0.0,0.25000323962704346,0.2711241475661706,0.2347081724821896
R03,03,518,1,0.0,0.25000323962704346,0.2711241475661706,0.23433337380239402
R03,03,519,1,0.0,0.25000323962704346,0.2711241475661706,0.23395711357488716
R03,03,520,1,0.0,0.25000323962704346,0.2711241475661706,0.23357940076718
R03,03,521,1,0.0,0.25000323962704346,0.2711241475661706,0.2332002443706851
R03,03,522,1,0.0,0.25000323962704346,0.2711241475661706,0.23281965340036162
R03,03,523,1,0.0,0.25000323962704346,0.2711241475661706,0.23243763689435987
R03,03,524,1,0.0,0.25000323962704346,0.2711241475661706,0.2320542039136652
R03,03,525,1,0.0,0.25000323962704346,0.2711241475661706,0.23166936354174203
R03,03,526,1,0.0,0.25000323962704346,0.2711241475661706,0.23128312488417666
R03,03,527,1,0.0,0.25000323962704346,0.2711241475661706,0.2308954970683204
R03,03,528,1,0.0,0.24996105768192295,0.23708614320695917,0.20156778733788494
R03,03,529,1,0.0,0.24996105768192295,0.23708614320695917,0.20122641836380992
R03,03,530,1,0.0,0.24996105768192295,0.23708614320695917,0.2008838586873732
R03,03,531,1,0.0,0.24996105768192295,0.23708614320695917,0.20054011636304322
R03,03,532,1,0.0,0.24996105768192295,0.23708614320695917,0.2001951994627549
R03,03,533,1,0.0,0.24996105768192295,0.23708614320695917,0.19984911607559597
R03,03,534,1,0.0,0.24996105768192295,0.23708614320695917,0.19950187430749255
R03,03,535,1,0.0,0.24996105768192295,0.23708614320695917,0.19915348228089513
R03,03,536,1,0.0,0.24996105768192295,0.23708614320695917,0.19880394813446362
R03,03,537,1,0.0,0.24996105768192295,0.23708614320695917,0.19845328002275292
R03,03,538,1,0.0,0.24996105768192295,0.23708614320695917,0.1981014861158981
R03,03,539,1,0.0,0.24996105768192295,0.23708614320695917,0.19774857459929912
R03,03,540,1,0.0,0.24996105768192295,0.23708614320695917,0.19739455367330605
R03,03,541,1,0.0,0.24996105768192295,0.23708614320695917,0.19703943155290374
R03,03,542,1,0.0,0.24996105768192295,0.23708614320695917,0.1966832164673965
R03,03,543,1,0.0,0.24996105768192295,0.23708614320695917,0.19632591666009283
R03,03,544,1,0.0,0.24995547311122845,0.2163139967195985,0.1787979732397586
R03,03,545,1,0.0,0.24995547311122845,0.2163139967195985,0.1784700212637282
R03,03,546,1,0.0,0.24995547311122845,0.2163139967195985,0.17814110224010293
R03,03,547,1,0.0,0.24995547311122845,0.2163139967195985,0.17781122373819022
R03,03,548,1,0.0,0.24995547311122845,0.2163139967195985,0.17748039333863583
R03,03,549,1,0.0,0.24995547311122845,0.2163139967195985,0.17714861863313605
R03,03,550,1,0.0,0.24995547311122845,0.2163139967195985,0.17681590722415005
R03,03,551,1,0.0,0.24995547311122845,0.2163139967195985,0.1764822667246122
R03,03,552,1,0.0,0.24995547311122845,0.2163139967195985,0.17614770475764455
R03,03,553,1,0.0,0.24995547311122845,0.2163139967195985,0.17581222895626927
R03,03,554,1,0.0,0.24995547311122845,0.2163139967195985,0.1754758469631215
R03,03,555,1,0.0,0.24995547311122845,0.2163139967195985,0.17513856643016187
R03,03,556,1,0.0,0.24995547311122845,0.2163139967195985,0.17480039501838965
R03,03,557,1,0.0,0.24995547311122845,0.2163139967195985,0.17446134039755565
R03,03,558,1,0.0,0.24995547311122845,0.2163139967195985,0.1741214102458755
R03,03,559,1,0.0,0.24995547311122845,0.2163139967195985,0.173780612249743
R03,03,560,1,0.0,0.24993426873275748,0.18154146186078085,0.14555859421505177
R03,03,561,1,0.0,0.24993426873275748,0.18154146186078085,0.14527114229337865
R03,03,562,1,0.0,0.24993426873275748,0.18154146186078085,0.14498298142467975
R03,03,563,1,0.0,0.24993426873275748,0.18154146186078085,0.14469411808481158
R03,03,564,1,0.0,0.24993426873275748,0.18154146186078085,0.14440455875529434
R03,03,565,1,0.0,0.24993426873275748,0.18154146186078085,0.14411430992307273
R03,03,566,1,0.0,0.24993426873275748,0.18154146186078085,0.1438233780802765
R03,03,567,1,0.0,0.24993426873275748,0.18154146186078085,0.14353176972398207
R03,03,568,1,0.0,0.24993426873275748,0.18154146186078085,0.1432394913559735
R03,03,569,1,0.0,0.24993426873275748,0.18154146186078085,0.1429465494825045
R03,03,570,1,0.0,0.24993426873275748,0.18154146186078085,0.14265295061406016
R03,03,571,1,0.0,0.24993426873275748,0.18154146186078085,0.14235870126511949
R03,03,572,1,0.0,0.24993426873275748,0.18154146186078085,0.14206380795391776
R03,03,573,1,0.0,0.24993426873275748,0.18154146186078085,0.14176827720220964
R03,03,574,1,0.0,0.24993426873275748,0.18154146186078085,0.14147211553503214
R03,03,575,1,0.0,0.24993426873275748,0.18154146186078085,0.14117532948046863
R03,03,576,1,0.0,0.0,0.1606154562569077,0.12463914336665419
R03,03,577,1,0.0,0.0,0.1606154562569077,0.12437547989108855
R03,03,578,1,0.0,0.0,0.1606154562569077,0.1241112813411989
R03,03,579,1,0.0,0.0,0.1606154562569077,0.1238465535012813
R03,03,580,1,0.0,0.0,0.1606154562569077,0.12358130215728601
R03,03,581,1,0.0,0.0,0.1606154562569077,0.12331553309661039
R03,03,582,1,0.0,0.0,0.1606154562569077,0.1230492521078922
R03,03,583,1,0.0,0.0,0.1606154562569077,0.12278246498080324
R03,03,584,1,0.0,0.0,0.1606154562569077,0.1225151775058434
R03,03,585,1,0.0,0.0,0.1606154562569077,0.12224739547413521
R03,03,586,1,0.0,0.0,0.1606154562569077,0.12197912467721875
R03,03,587,1,0.0,0.0,0.1606154562569077,0.12171037090684682
R03,03,588,1,0.0,0.0,0.1606154562569077,0.12144113995478094
R03,03,589,1,0.0,0.0,0.1606154562569077,0.12117143761258738
R03,03,590,1,0.0,0.0,0.1606154562569077,0.1209012696714339
R03,03,591,1,0.0,0.0,0.1606154562569077,0.12063064192188694
R03,03,592,1,0.0,0.0,0.12628560811554737,0.09463398231250399
R03,03,593,1,0.0,0.0,0.12628560811554737,0.09442048896806078
R03,03,594,1,0.0,0.0,0.12628560811554737,0.09420664774864201
R03,03,595,1,0.0,0.0,0.12628560811554737,0.09399246320366336
R03,03,596,1,0.0,0.0,0.12628560811554737,0.09377793988127597
R03,03,597,1,0.0,0.0,0.12628560811554737,0.09356308232820926
R03,03,598,1,0.0,0.0,0.12628560811554737,0.09334789508961432
R03,03,599,1,0.0,0.0,0.12628560811554737,0.09313238270890753
R03,03,600,1,0.0,0.0,0.12628560811554737,0.09291654972761483
R03,03,601,1,0.0,0.0,0.12628560811554737,0.09270040068521622
R03,03,602,1,0.0,0.0,0.12628560811554737,0.09248394011899075
R03,03,603,1,0.0,0.0,0.12628560811554737,0.0922671725638622
R03,03,604,1,0.0,0.0,0.12628560811554737,0.09205010255224491
R03,03,605,1,0.0,0.0,0.12628560811554737,0.09183273461389019
R03,03,606,1,0.0,0.0,0.12628560811554737,0.09161507327573337
R03,03,607,1,0.0,0.0,0.12628560811554737,0.09139712306174103
R03,03,608,1,0.0,0.0,0.07986055265893968,0.05765974868012783
R03,03,609,1,0.0,0.0,0.07986055265893968,0.057521564436338664
R03,03,610,1,0.0,0.0,0.07986055265893968,0.057383206083492025
R03,03,611,1,0.0,0.0,0.07986055265893968,0.05724467647398798
R03,03,612,1,0.0,0.0,0.07986055265893968,0.057105978457871534
R03,03,613,1,0.0,0.0,0.07986055265893968,0.05696711488273803
R03,03,614,1,0.0,0.0,0.07986055265893968,0.056828088593638866
R03,03,615,1,0.0,0.0,0.07986055265893968,0.05668890243298767
R03,03,616,1,0.0,0.0,0.07986055265893968,0.056549559240466715
R03,03,617,1,0.0,0.0,0.07986055265893968,0.05641006185293369
R03,03,618,1,0.0,0.0,0.07986055265893968,0.05627041310432891
R03,03,619,1,0.0,0.0,0.07986055265893968,0.05613061582558278
R03,03,620,1,0.0,0.0,0.07986055265893968,0.05599067284452364
R03,03,621,1,0.0,0.0,0.07986055265893968,0.05585058698578606
R03,03,622,1,0.0,0.0,0.07986055265893968,0.05571036107071939
R03,03,623,1,0.0,0.0,0.07986055265893968,0.055569997917296776
R03,03,624,1,0.0,0.0,0.06242103751156797,0.04332510613529827
R03,03,625,1,0.0,0.0,0.06242103751156797,0.04321518678634897
R03,03,626,1,0.0,0.0,0.06242103751156797,0.04310516675967045
R03,03,627,1,0.0,0.0,0.06242103751156797,0.042995048246600824
R03,03,628,1,0.0,0.0,0.06242103751156797,0.04288483343548795
R03,03,629,1,0.0,0.0,0.06242103751156797,0.042774524511620164
R03,03,630,1,0.0,0.0,0.06242103751156797,0.04266412365715722
R03,03,631,1,0.0,0.0,0.06242103751156797,0.0425536330510616
R03,03,632,1,0.0,0.0,0.06242103751156797,0.042443054869030085
R03,03,633,1,0.0,0.0,0.06242103751156797,0.042332391283425724
R03,03,634,1,0.0,0.0,0.06242103751156797,0.042221644463210056
R03,03,635,1,0.0,0.0,0.06242103751156797,0.042110816573875706
R03,03,636,1,0.0,0.0,0.06242103751156797,0.04199990977737926
R03,03,637,1,0.0,0.0,0.06242103751156797,0.04188892623207454
R03,03,638,1,0.0,0.0,0.06242103751156797,0.04177786809264616
R03,03,639,1,0.0,0.0,0.06242103751156797,0.0416667375100434
R03,03,640,1,0.0,0.0,0.04558794859806106,0.03034924992342027
R03,03,641,1,0.0,0.0,0.04558794859806106,0.030267986825512596
R03,03,642,1,0.0,0.0,0.04558794859806106,0.030186675516050948
R03,03,643,1,0.0,0.0,0.04558794859806106,0.030105317554548112
R03,03,644,1,0.0,0.0,0.04558794859806106,0.030023914497551284
R03,03,645,1,0.0,0.0,0.04558794859806106,0.029942467898595282
R03,03,646,1,0.0,0.0,0.04558794859806106,0.0298609793081561
R03,03,647,1,0.0,0.0,0.04558794859806106,0.029779450273604614
R03,03,648,1,0.0,0.0,0.04558794859806106,0.02969788233916064
R03,03,649,1,0.0,0.0,0.04558794859806106,0.029616277045847204
R03,03,650,1,0.0,0.0,0.04558794859806106,0.029534635931445143
R03,03,651,1,0.0,0.0,0.04558794859806106,0.029452960530447856
R03,03,652,1,0.0,0.0,0.04558794859806106,0.02937125237401645
R03,03,653,1,0.0,0.0,0.04558794859806106,0.02928951298993507
R03,03,654,1,0.0,0.0,0.04558794859806106,0.029207743902566558
R03,03,655,1,0.0,0.0,0.04558794859806106,0.029125946632808347
R03,03,656,1,0.0,0.0,0.02949787968191251,0.01879312544566178
R03,03,657,1,0.0,0.0,0.02949787968191251,0.01874016463994533
R03,03,658,1,0.0,0.0,0.02949787968191251,0.018687188537264844
R03,03,659,1,0.0,0.0,0.02949787968191251,0.018634198112472623
R03,03,660,1,0.0,0.0,0.02949787968191251,0.018581194338038717
R03,03,661,1,0.0,0.0,0.02949787968191251,0.018528178184023452
R03,03,662,1,0.0,0.0,0.02949787968191251,0.018475150618050173
R03,03,663,1,0.0,0.0,0.02949787968191251,0.01842211260527817
R03,03,664,1,0.0,0.0,0.02949787968191251,0.018369065108375777
R03,03,665,1,0.0,0.0,0.02949787968191251,0.01831600908749368
R03,03,666,1,0.0,0.0,0.02949787968191251,0.018262945500238378
R03,03,667,1,0.0,0.0,0.02949787968191251,0.018209875301645875
R03,03,668,1,0.0,0.0,0.02949787968191251,0.018156799444155526
R03,03,669,1,0.0,0.0,0.02949787968191251,0.018103718877584083
R03,03,670,1,0.0,0.0,0.02949787968191251,0.018050634549099942
R03,03,671,1,0.0,0.0,0.02949787968191251,0.01799754740319756
R03,03,672,1,0.0,0.0,0.014269182360477016,0.008680378107483974
R03,03,673,1,0.0,0.0,0.014269182360477016,0.008654696590659997
R03,04,0,1,0.0,0.0,0.0,0.0
R03,04,1,1,0.0,0.0,0.0,0.0
R03,04,2,1,0.0,0.0,0.0,0.0
R03,04,3,1,0.0,0.0,0.0,0.0
R03,04,4,1,0.0,0.0,0.0,0.0
R03,04,5,1,0.0,0.0,0.0,0.0
R03,04,6,1,0.0,0.0,0.0,0.0
R03,04,7,1,0.0,0.0,0.0,0.0
R03,04,8,1,0.0,0.0,0.0,0.0
R03,04,9,1,0.0,0.0,0.0,0.0
R03,04,10,1,0.0,0.0,0.0,0.0
R03,04,11,1,0.0,0.0,0.0,0.0
R03,04,12,1,0.0,0.0,0.0,0.0
R03,04,13,1,0.0,0.0,0.0,0.0
R03,04,14,1,0.0,0.0,0.0,0.0
R03,04,15,1,0.0,0.0,0.0,0.0
R03,04,16,1,0.0,0.0,0.0,0.0
R03,04,17,1,0.0,0.0,0.0,0.0
R03,04,18,1,0.0,0.0,0.0,0.0
R03,04,19,1,0.0,0.0,0.0,0.0
R03,04,20,1,0.0,0.0,0.0,0.0
R03,04,21,1,0.0,0.0,0.0,0.0
R03,04,22,1,0.0,0.0,0.0,0.0
R03,04,23,1,0.0,0.0,0.0,0.0
R03,04,24,1,0.0,0.0,0.0,0.0
R03,04,25,1,0.0,0.0,0.0,0.0
R03,04,26,1,0.0,0.0,0.0,0.0
R03,04,27,1,0.0,0.0,0.0,0.0
R03,04,28,1,0.0,0.0,0.0,0.0
R03,04,29,1,0.0,0.0,0.0,0.0
R03,04,30,1,0.0,0.0,0.0,0.0
R03,04,31,1,0.0,0.0,0.0,0.0
R03,04,32,1,0.0,0.0,0.0,0.0
R03,04,33,1,0.0,0.0,0.0,0.0
R03,04,34,1,0.0,0.0,0.0,0.0
R03,04,35,1,0.0,0.0,0.0,0.0
R03,04,36,1,0.0,0.0,0.0,0.0
R03,04,37,1,0.0,0.0,0.0,0.0
R03,04,38,1,0.0,0.0,0.0,0.0
R03,04,39,1,0.0,0.0,0.0,0.0
R03,04,40,1,0.0,0.0,0.0,0.0
R03,04,41,1,0.0,0.0,0.0,0.0
R03,04,42,1,0.0,0.0,0.0,0.0
R03,04,43,1,0.0,0.0,0.0,0.0
R03,04,44,1,0.0,0.0,0.0,0.0
R03,04,45,1,0.0,0.0,0.0,0.0
R03,04,46,1,0.0,0.0,0.0,0.0
R03,04,47,1,0.0,0.0,0.0,0.0
R03,04,48,1,0.0,0.0,0.0,0.0
R03,04,49,1,0.0,0.0,0.0,0.0
R03,04,50,1,0.0,0.0,0.0,0.0
R03,04,51,1,0.0,0.0,0.0,0.0
R03,04,52,1,0.0,0.0,0.0,0.0
R03,04,53,1,0.0,0.0,0.0,0.0
R03,04,54,1,0.0,0.0,0.0,0.0
R03,04,55,1,0.0,0.0,0.0,0.0
R03,04,56,1,0.0,0.0,0.0,0.0
R03,04,57,1,0.0,0.0,0.0,0.0
R03,04,58,1,0.0,0.0,0.0,0.0
R03,04,59,1,0.0,0.0,0.0,0.0
R03,04,60,1,0.0,0.0,0.0,0.0
R03,04,61,1,0.0,0.0,0.0,0.0
R03,04,62,1,0.0,0.0,0.0,0.0
R03,04,63,1,0.0,0.0,0.0,0.0
R03,04,64,1,0.0,0.0,0.0,0.0
R03,04,65,1,0.0,0.0,0.0,0.0
R03,04,66,1,0.0,0.0,0.0,0.0
R03,04,67,1,0.0,0.0,0.0,0.0
R03,04,68,1,0.0,0.0,0.0,0.0
R03,04,69,1,0.0,0.0,0.0,0.0
R03,04,70,1,0.0,0.0,0.0,0.0
R03,04,71,1,0.0,0.0,0.0,0.0
R03,04,72,1,0.0,0.0,0.0,0.0
R03,04,73,1,0.0,0.0,0.0,0.0
R03,04,74,1,0.0,0.0,0.0,0.0
R03,04,75,1,0.0,0.0,0.0,0.0
R03,04,76,1,0.0,0.0,0.0,0.0
R03,04,77,1,0.0,0.0,0.0,0.0
R03,04,78,1,0.0,0.0,0.0,0.0
R03,04,79,1,0.0,0.0,0.0,0.0
R03,04,80,1,0.0,0.0,0.0,0.0
R03,04,81,1,0.0,0.0,0.0,0.0
R03,04,82,1,0.0,0.0,0.0,0.0
R03,04,83,1,0.0,0.0,0.0,0.0
R03,04,84,1,0.0,0.0,0.0,0.0
R03,04,85,1,0.0,0.0,0.0,0.0
R03,04,86,1,0.0,0.0,0.0,0.0
R03,04,87,1,0.0,0.0,0.0,0.0
R03,04,88,1,0.0,0.0,0.0,0.0
R03,04,89,1,0.0,0.0,0.0,0.0
R03,04,90,1,0.0,0.0,0.0,0.0
R03,04,91,1,0.0,0.0,0.0,0.0
R03,04,92,1,0.0,0.0,0.0,0.0
R03,04,93,1,0.0,0.0,0.0,0.0
R03,04,94,1,0.0,0.0,0.0,0.0
R03,04,95,1,0.0,0.0,0.0,0.0
R03,04,96,1,0.0,0.0,0.0,0.0
R03,04,97,1,0.0,0.0,0.0,0.0
R03,04,98,1,0.0,0.0,0.0,0.0
R03,04,99,1,0.0,0.0,0.0,0.0
R03,04,100,1,0.0,0.0,0.0,0.0
R03,04,101,1,0.0,0.0,0.0,0.0
R03,04,102,1,0.0,0.0,0.0,0.0
R03,04,103,1,0.0,0.0,0.0,0.0
R03,04,104,1,0.0,0.0,0.0,0.0
R03,04,105,1,0.0,0.0,0.0,0.0
R03,04,106,1,0.0,0.0,0.0,0.0
R03,04,107,1,0.0,0.0,0.0,0.0
R03,04,108,1,0.0,0.0,0.0,0.0
R03,04,109,1,0.0,0.0,0.0,0.0
R03,04,110,1,0.0,0.0,0.0,0.0
R03,04,111,1,0.0,0.0,0.0,0.0
R03,04,112,1,0.0,0.0,0.0,0.0
R03,04,113,1,0.0,0.0,0.0,0.0
R03,04,114,1,0.0,0.0,0.0,0.0
R03,04,115,1,0.0,0.0,0.0,0.0
R03,04,116,1,0.0,0.0,0.0,0.0
R03,04,117,1,0.0,0.0,0.0,0.0
R03,04,118,1,0.0,0.0,0.0,0.0
R03,04,119,1,0.0,0.0,0.0,0.0
R03,04,120,1,0.0,0.0,0.0,0.0
R03,04,121,1,0.0,0.0,0.0,0.0
R03,04,122,1,0.0,0.0,0.0,0.0
R03,04,123,1,0.0,0.0,0.0,0.0
R03,04,124,1,0.0,0.0,0.0,0.0
R03,04,125,1,0.0,0.0,0.0,0.0
R03,04,126,1,0.0,0.0,0.0,0.0
R03,04,127,1,0.0,0.0,0.0,0.0
R03,04,128,1,0.0,0.0,0.0,0.0
R03,04,129,1,0.0,0.0,0.0,0.0
R03,04,130,1,0.0,0.0,0.0,0.0
R03,04,131,1,0.0,0.0,0.0,0.0
R03,04,132,1,0.0,0.0,0.0,0.0
R03,04,133,1,0.0,0.0,0.0,0.0
R03,04,134,1,0.0,0.0,0.0,0.0
R03,04,135,1,0.0,0.0,0.0,0.0
R03,04,136,1,0.0,0.0,0.0,0.0
R03,04,137,1,0.0,0.0,0.0,0.0
R03,04,138,1,0.0,0.0,0.0,0.0
R03,04,139,1,0.0,0.0,0.0,0.0
R03,04,140,1,0.0,0.0,0.0,0.0
R03,04,141,1,0.0,0.0,0.0,0.0
R03,04,142,1,0.0,0.0,0.0,0.0
R03,04,143,1,0.0,0.0,0.0,0.0
R03,04,144,1,0.0,0.0,0.0,0.0
R03,04,145,1,0.0,0.0,0.0,0.0
R03,04,146,1,0.0,0.0,0.0,0.0
R03,04,147,1,0.0,0.0,0.0,0.0
R03,04,148,1,0.0,0.0,0.0,0.0
R03,04,149,1,0.0,0.0,0.0,0.0
R03,04,150,1,0.0,0.0,0.0,0.0
R03,04,151,1,0.0,0.0,0.0,0.0
R03,04,152,1,0.0,0.0,0.0,0.0
R03,04,153,1,0.0,0.0,0.0,0.0
R03,04,154,1,0.0,0.0,0.0,0.0
R03,04,155,1,0.0,0.0,0.0,0.0
R03,04,156,1,0.0,0.0,0.0,0.0
R03,04,157,1,0.0,0.0,0.0,0.0
R03,04,158,1,0.0,0.0,0.0,0.0
R03,04,159,1,0.0,0.0,0.0,0.0
R03,04,160,1,0.0,0.0,0.0,0.0
R03,04,161,1,0.0,0.0,0.0,0.0
R03,04,162,1,0.0,0.0,0.0,0.0
R03,04,163,1,0.0,0.0,0.0,0.0
R03,04,164,1,0.0,0.0,0.0,0.0
R03,04,165,1,0.0,0.0,0.0,0.0
R03,04,166,1,0.0,0.0,0.0,0.0
R03,04,167,1,0.0,0.0,0.0,0.0
R03,04,168,1,0.0,0.0,0.0,0.0
R03,04,169,1,0.0,0.0,0.0,0.0
R03,04,170,1,0.0,0.0,0.0,0.0
R03,04,171,1,0.0,0.0,0.0,0.0
R03,04,172,1,0.0,0.0,0.0,0.0
R03,04,173,1,0.0,0.0,0.0,0.0
R03,04,174,1,0.0,0.0,0.0,0.0
R03,04,175,1,0.0,0.0,0.0,0.0
R03,04,176,1,0.0,0.0,0.0,0.0
R03,04,177,1,0.0,0.0,0.0,0.0
R03,04,178,1,0.0,0.0,0.0,0.0
R03,04,179,1,0.0,0.0,0.0,0.0
R03,04,180,1,0.0,0.0,0.0,0.0
R03,04,181,1,0.0,0.0,0.0,0.0
R03,04,182,1,0.0,0.0,0.0,0.0
R03,04,183,1,0.0,0.0,0.0,0.0
R03,04,184,1,0.0,0.0,0.0,0.0
R03,04,185,1,0.0,0.0,0.0,0.0
R03,04,186,1,0.0,0.0,0.0,0.0
R03,04,187,1,0.0,0.0,0.0,0.0
R03,04,188,1,0.0,0.0,0.0,0.0
R03,04,189,1,0.0,0.0,0.0,0.0
R03,04,190,1,0.0,0.0,0.0,0.0
R03,04,191,1,0.0,0.0,0.0,0.0
R03,04,192,1,0.0,0.0,0.0,0.0
R03,04,193,1,0.0,0.0,0.0,0.0
R03,04,194,1,0.0,0.0,0.0,0.0
R03,04,195,1,0.0,0.0,0.0,0.0
R03,04,196,1,0.0,0.0,0.0,0.0
R03,04,197,1,0.0,0.0,0.0,0.0
R03,04,198,1,0.0,0.0,0.0,0.0
R03,04,199,1,0.0,0.0,0.0,0.0
R03,04,200,1,0.0,0.0,0.0,0.0
R03,04,201,1,0.0,0.0,0.0,0.0
R03,04,202,1,0.0,0.0,0.0,0.0
R03,04,203,1,0.0,0.0,0.0,0.0
R03,04,204,1,0.0,0.0,0.0,0.0
R03,04,205,1,0.0,0.0,0.0,0.0
R03,04,206,1,0.0,0.0,0.0,0.0
R03,04,207,1,0.0,0.0,0.0,0.0
R03,04,208,1,0.0,0.0,0.0,0.0
R03,04,209,1,0.0,0.0,0.0,0.0
R03,04,210,1,0.0,0.0,0.0,0.0
R03,04,211,1,0.0,0.0,0.0,0.0
R03,04,212,1,0.0,0.0,0.0,0.0
R03,04,213,1,0.0,0.0,0.0,0.0
R03,04,214,1,0.0,0.0,0.0,0.0
R03,04,215,1,0.0,0.0,0.0,0.0
R03,04,216,1,0.0,0.0,0.0,0.0
R03,04,217,1,0.0,0.0,0.0,0.0
R03,04,218,1,0.0,0.0,0.0,0.0
R03,04,219,1,0.0,0.0,0.0,0.0
R03,04,220,1,0.0,0.0,0.0,0.0
R03,04,221,1,0.0,0.0,0.0,0.0
R03,04,222,1,0.0,0.0,0.0,0.0
R03,04,223,1,0.0,0.0,0.0,0.0
R03,04,224,1,0.0,0.0,0.0,0.0
R03,04,225,1,0.0,0.0,0.0,0.0
R03,04,226,1,0.0,0.0,0.0,0.0
R03,04,227,1,0.0,0.0,0.0,0.0
R03,04,228,1,0.0,0.0,0.0,0.0
R03,04,229,1,0.0,0.0,0.0,0.0
R03,04,230,1,0.0,0.0,0.0,0.0
R03,04,231,1,0.0,0.0,0.0,0.0
R03,04,232,1,0.0,0.0,0.0,0.0
R03,04,233,1,0.0,0.0,0.0,0.0
R03,04,234,1,0.0,0.0,0.0,0.0
R03,04,235,1,0.0,0.0,0.0,0.0
R03,04,236,1,0.0,0.0,0.0,0.0
R03,04,237,1,0.0,0.0,0.0,0.0
R03,04,238,1,0.0,0.0,0.0,0.0
R03,04,239,1,0.0,0.0,0.0,0.0
R03,04,240,1,0.0,0.0,0.0,0.0
R03,04,241,1,0.0,0.0,0.0,0.0
R03,04,242,1,0.0,0.0,0.0,0.0
R03,04,243,1,0.0,0.0,0.0,0.0
R03,04,244,1,0.0,0.0,0.0,0.0
R03,04,245,1,0.0,0.0,0.0,0.0
R03,04,246,1,0.0,0.0,0.0,0.0
R03,04,247,1,0.0,0.0,0.0,0.0
R03,04,248,1,0.0,0.0,0.0,0.0
R03,04,249,1,0.0,0.0,0.0,0.0
R03,04,250,1,0.0,0.0,0.0,0.0
R03,04,251,1,0.0,0.0,0.0,0.0
R03,04,252,1,0.0,0.0,0.0,0.0
R03,04,253,1,0.0,0.0,0.0,0.0
R03,04,254,1,0.0,0.0,0.0,0.0
R03,04,255,1,0.0,0.0,0.0,0.0
R03,04,256,1,0.0,0.0,0.0,0.0
R03,04,257,1,0.0,0.0,0.0,0.0
R03,04,258,1,0.0,0.0,0.0,0.0
R03,04,259,1,0.0,0.0,0.0,0.0
R03,04,260,1,0.0,0.0,0.0,0.0
R03,04,261,1,0.0,0.0,0.0,0.0
R03,04,262,1,0.0,0.0,0.0,0.0
R03,04,263,1,0.0,0.0,0.0,0.0
R03,04,264,1,0.0,0.0,0.0,0.0
R03,04,265,1,0.0,0.0,0.0,0.0
R03,04,266,1,0.0,0.0,0.0,0.0
R03,04,267,1,0.0,0.0,0.0,0.0
R03,04,268,1,0.0,0.0,0.0,0.0
R03,04,269,1,0.0,0.0,0.0,0.0
R03,04,270,1,0.0,0.0,0.0,0.0
R03,04,271,1,0.0,0.0,0.0,0.0
R03,04,272,1,0.0,0.0,0.0,0.0
R03,04,273,1,0.0,0.0,0.0,0.0
R03,04,274,1,0.0,0.0,0.0,0.0
R03,04,275,1,0.0,0.0,0.0,0.0
R03,04,276,1,0.0,0.0,0.0,0.0
R03,04,277,1,0.0,0.0,0.0,0.0
R03,04,278,1,0.0,0.0,0.0,0.0
R03,04,279,1,0.0,0.0,0.0,0.0
R03,04,280,1,0.0,0.0,0.0,0.0
R03,04,281,1,0.0,0.0,0.0,0.0
R03,04,282,1,0.0,0.0,0.0,0.0
R03,04,283,1,0.0,0.0,0.0,0.0
R03,04,284,1,0.0,0.0,0.0,0.0
R03,04,285,1,0.0,0.0,0.0,0.0
R03,04,286,1,0.0,0.0,0.0,0.0
R03,04,287,1,0.0,0.0,0.0,0.0
R03,04,288,1,0.0,0.0,0.0,0.0
R03,04,289,1,0.0,0.0,0.0,0.0
R03,04,290,1,0.0,0.0,0.0,0.0
R03,04,291,1,0.0,0.0,0.0,0.0
R03,04,292,1,0.0,0.0,0.0,0.0
R03,04,293,1,0.0,0.0,0.0,0.0
R03,04,294,1,0.0,0.0,0.0,0.0
R03,04,295,1,0.0,0.0,0.0,0.0
R03,04,296,1,0.0,0.0,0.0,0.0
R03,04,297,1,0.0,0.0,0.0,0.0
R03,04,298,1,0.0,0.0,0.0,0.0
R03,04,299,1,0.0,0.0,0.0,0.0
R03,04,300,1,0.0,0.0,0.0,0.0
R03,04,301,1,0.0,0.0,0.0,0.0
R03,04,302,1,0.0,0.0,0.0,0.0
R03,04,303,1,0.0,0.0,0.0,0.0
R03,04,304,1,0.0,0.0,0.0,0.0
R03,04,305,1,0.0,0.0,0.0,0.0
R03,04,306,1,0.0,0.0,0.0,0.0
R03,04,307,1,0.0,0.0,0.0,0.0
R03,04,308,1,0.0,0.0,0.0,0.0
R03,04,309,1,0.0,0.0,0.0,0.0
R03,04,310,1,0.0,0.0,0.0,0.0
R03,04,311,1,0.0,0.0,0.0,0.0
R03,04,312,1,0.0,0.0,0.0,0.0
R03,04,313,1,0.0,0.0,0.0,0.0
R03,04,314,1,0.0,0.0,0.0,0.0
R03,04,315,1,0.0,0.0,0.0,0.0
R03,04,316,1,0.0,0.0,0.0,0.0
R03,04,317,1,0.0,0.0,0.0,0.0
R03,04,318,1,0.0,0.0,0.0,0.0
R03,04,319,1,0.0,0.0,0.0,0.0
R03,04,320,1,0.0,0.0,0.0,0.0
R03,04,321,1,0.0,0.0,0.0,0.0
R03,04,322,1,0.0,0.0,0.0,0.0
R03,04,323,1,0.0,0.0,0.0,0.0
R03,04,324,1,0.0,0.0,0.0,0.0
R03,04,325,1,0.0,0.0,0.0,0.0
R03,04,326,1,0.0,0.0,0.0,0.0
R03,04,327,1,0.0,0.0,0.0,0.0
R03,04,328,1,0.0,0.0,0.0,0.0
R03,04,329,1,0.0,0.0,0.0,0.0
R03,04,330,1,0.0,0.0,0.0,0.0
R03,04,331,1,0.0,0.0,0.0,0.0
R03,04,332,1,0.0,0.0,0.0,0.0
R03,04,333,1,0.0,0.0,0.0,0.0
R03,04,334,1,0.0,0.0,0.0,0.0
R03,04,335,1,0.0,0.0,0.0,0.0
R03,04,336,1,0.0,0.0,0.0,0.0
R03,04,337,1,0.0,0.0,0.0,0.0
R03,04,338,1,0.0,0.0,0.0,0.0
R03,04,339,1,0.0,0.0,0.0,0.0
R03,04,340,1,0.0,0.0,0.0,0.0
R03,04,341,1,0.0,0.0,0.0,0.0
R03,04,342,1,0.0,0.0,0.0,0.0
R03,04,343,1,0.0,0.0,0.0,0.0
R03,04,344,1,0.0,0.0,0.0,0.0
R03,04,345,1,0.0,0.0,0.0,0.0
R03,04,346,1,0.0,0.0,0.0,0.0
R03,04,347,1,0.0,0.0,0.0,0.0
R03,04,348,1,0.0,0.0,0.0,0.0
R03,04,349,1,0.0,0.0,0.0,0.0
R03,04,350,1,0.0,0.0,0.0,0.0
R03,04,351,1,0.0,0.0,0.0,0.0
R03,04,352,1,0.0,0.0,0.0,0.0
R03,04,353,1,0.0,0.0,0.0,0.0
R03,04,354,1,0.0,0.0,0.0,0.0
R03,04,355,1,0.0,0.0,0.0,0.0
R03,04,356,1,0.0,0.0,0.0,0.0
R03,04,357,1,0.0,0.0,0.0,0.0
R03,04,358,1,0.0,0.0,0.0,0.0
R03,04,359,1,0.0,0.0,0.0,0.0
R03,04,360,1,0.0,0.0,0.0,0.0
R03,04,361,1,0.0,0.0,0.0,0.0
R03,04,362,1,0.0,0.0,0.0,0.0
R03,04,363,1,0.0,0.0,0.0,0.0
R03,04,364,1,0.0,0.0,0.0,0.0
R03,04,365,1,0.0,0.0,0.0,0.0
R03,04,366,1,0.0,0.0,0.0,0.0
R03,04,367,1,0.0,0.0,0.0,0.0
R03,04,368,1,0.0,0.0,0.0,0.0
R03,04,369,1,0.0,0.0,0.0,0.0
R03,04,370,1,0.0,0.0,0.0,0.0
R03,04,371,1,0.0,0.0,0.0,0.0
R03,04,372,1,0.0,0.0,0.0,0.0
R03,04,373,1,0.0,0.0,0.0,0.0
R03,04,374,1,0.0,0.0,0.0,0.0
R03,04,375,1,0.0,0.0,0.0,0.0
R03,04,376,1,0.0,0.0,0.0,0.0
R03,04,377,1,0.0,0.0,0.0,0.0
R03,04,378,1,0.0,0.0,0.0,0.0
R03,04,379,1,0.0,0.0,0.0,0.0
R03,04,380,1,0.0,0.0,0.0,0.0
R03,04,381,1,0.0,0.0,0.0,0.0
R03,04,382,1,0.0,0.0,0.0,0.0
R03,04,383,1,0.0,0.0,0.0,0.0
R03,04,384,1,0.0,0.0,0.0,0.0
R03,04,385,1,0.0,0.0,0.0,0.0
R03,04,386,1,0.0,0.0,0.0,0.0
R03,04,387,1,0.0,0.0,0.0,0.0
R03,04,388,1,0.0,0.0,0.0,0.0
R03,04,389,1,0.0,0.0,0.0,0.0
R03,04,390,1,0.0,0.0,0.0,0.0
R03,04,391,1,0.0,0.0,0.0,0.0
R03,04,392,1,0.0,0.0,0.0,0.0
R03,04,393,1,0.0,0.0,0.0,0.0
R03,04,394,1,0.0,0.0,0.0,0.0
R03,04,395,1,0.0,0.0,0.0,0.0
R03,04,396,1,0.0,0.0,0.0,0.0
R03,04,397,1,0.0,0.0,0.0,0.0
R03,04,398,1,0.0,0.0,0.0,0.0
R03,04,399,1,0.0,0.0,0.0,0.0
R03,04,400,1,0.0,0.0,0.0,0.0
R03,04,401,1,0.0,0.0,0.0,0.0
R03,04,402,1,0.0,0.0,0.0,0.0
R03,04,403,1,0.0,0.0,0.0,0.0
R03,04,404,1,0.0,0.0,0.0,0.0
R03,04,405,1,0.0,0.0,0.0,0.0
R03,04,406,1,0.0,0.0,0.0,0.0
R03,04,407,1,0.0,0.0,0.0,0.0
R03,04,408,1,0.0,0.0,0.0,0.0
R03,04,409,1,0.0,0.0,0.0,0.0
R03,04,410,1,0.0,0.0,0.0,0.0
R03,04,411,1,0.0,0.0,0.0,0.0
R03,04,412,1,0.0,0.0,0.0,0.0
R03,04,413,1,0.0,0.0,0.0,0.0
R03,04,414,1,0.0,0.0,0.0,0.0
R03,04,415,1,0.0,0.0,0.0,0.0
R03,04,416,1,0.0,0.0,0.0,0.0
R03,04,417,1,0.0,0.0,0.0,0.0
R03,04,418,1,0.0,0.0,0.0,0.0
R03,04,419,1,0.0,0.0,0.0,0.0
R03,04,420,1,0.0,0.0,0.0,0.0
R03,04,421,1,0.0,0.0,0.0,0.0
R03,04,422,1,0.0,0.0,0.0,0.0
R03,04,423,1,0.0,0.0,0.0,0.0
R03,04,424,1,0.0,0.0,0.0,0.0
R03,04,425,1,0.0,0.0,0.0,0.0
R03,04,426,1,0.0,0.0,0.0,0.0
R03,04,427,1,0.0,0.0,0.0,0.0
R03,04,428,1,0.0,0.0,0.0,0.0
R03,04,429,1,0.0,0.0,0.0,0.0
R03,04,430,1,0.0,0.0,0.0,0.0
R03,04,431,1,0.0,0.0,0.0,0.0
R03,04,432,1,0.0,0.0,0.0,0.0
R03,04,433,1,0.0,0.0,0.0,0.0
R03,04,434,1,0.0,0.0,0.0,0.0
R03,04,435,1,0.0,0.0,0.0,0.0
R03,04,436,1,0.0,0.0,0.0,0.0
R03,04,437,1,0.0,0.0,0.0,0.0
R03,04,438,1,0.0,0.0,0.0,0.0
R03,04,439,1,0.0,0.0,0.0,0.0
R03,04,440,1,0.0,0.0,0.0,0.0
R03,04,441,1,0.0,0.0,0.0,0.0
R03,04,442,1,0.0,0.0,0.0,0.0
R03,04,443,1,0.0,0.0,0.0,0.0
R03,04,444,1,0.0,0.0,0.0,0.0
R03,04,445,1,0.0,0.0,0.0,0.0
R03,04,446,1,0.0,0.0,0.0,0.0
R03,04,447,1,0.0,0.0,0.0,0.0
R03,04,448,1,0.0,0.0,0.0,0.0
R03,04,449,1,0.0,0.0,0.0,0.0
R03,04,450,1,0.0,0.0,0.0,0.0
R03,04,451,1,0.0,0.0,0.0,0.0
R03,04,452,1,0.0,0.0,0.0,0.0
R03,04,453,1,0.0,0.0,0.0,0.0
R03,04,454,1,0.0,0.0,0.0,0.0
R03,04,455,1,0.0,0.0,0.0,0.0
R03,04,456,1,0.0,0.0,0.0,0.0
R03,04,457,1,0.0,0.0,0.0,0.0
R03,04,458,1,0.0,0.0,0.0,0.0
R03,04,459,1,0.0,0.0,0.0,0.0
R03,04,460,1,0.0,0.0,0.0,0.0
R03,04,461,1,0.0,0.0,0.0,0.0
R03,04,462,1,0.0,0.0,0.0,0.0
R03,04,463,1,0.0,0.0,0.0,0.0
R03,04,464,1,0.0,0.0,0.0,0.0
R03,04,465,1,0.0,0.0,0.0,0.0
R03,04,466,1,0.0,0.0,0.0,0.0
R03,04,467,1,0.0,0.0,0.0,0.0
R03,04,468,1,0.0,0.0,0.0,0.0
R03,04,469,1,0.0,0.0,0.0,0.0
R03,04,470,1,0.0,0.0,0.0,0.0
R03,04,471,1,0.0,0.0,0.0,0.0
R03,04,472,1,0.0,0.0,0.0,0.0
R03,04,473,1,0.0,0.0,0.0,0.0
R03,04,474,1,0.0,0.0,0.0,0.0
R03,04,475,1,0.0,0.0,0.0,0.0
R03,04,476,1,0.0,0.0,0.0,0.0
R03,04,477,1,0.0,0.0,0.0,0.0
R03,04,478,1,0.0,0.0,0.0,0.0
R03,04,479,1,0.0,0.0,0.0,0.0
R03,04,480,1,0.0,0.0,0.0,0.0
R03,04,481,1,0.0,0.0,0.0,0.0
R03,04,482,1,0.0,0.0,0.0,0.0
R03,04,483,1,0.0,0.0,0.0,0.0
R03,04,484,1,0.0,0.0,0.0,0.0
R03,04,485,1,0.0,0.0,0.0,0.0
R03,04,486,1,0.0,0.0,0.0,0.0
R03,04,487,1,0.0,0.0,0.0,0.0
R03,04,488,1,0.0,0.0,0.0,0.0
R03,04,489,1,0.0,0.0,0.0,0.0
R03,04,490,1,0.0,0.0,0.0,0.0
R03,04,491,1,0.0,0.0,0.0,0.0
R03,04,492,1,0.0,0.0,0.0,0.0
R03,04,493,1,0.0,0.0,0.0,0.0
R03,04,494,1,0.0,0.0,0.0,0.0
R03,04,495,1,0.0,0.0,0.0,0.0
R03,04,496,1,0.0,0.0,0.0,0.0
R03,04,497,1,0.0,0.0,0.0,0.0
R03,04,498,1,0.0,0.0,0.0,0.0
R03,04,499,1,0.0,0.0,0.0,0.0
R03,04,500,1,0.0,0.0,0.0,0.0
R03,04,501,1,0.0,0.0,0.0,0.0
R03,04,502,1,0.0,0.0,0.0,0.0
R03,04,503,1,0.0,0.0,0.0,0.0
R03,04,504,1,0.0,0.0,0.0,0.0
R03,04,505,1,0.0,0.0,0.0,0.0
R03,04,506,1,0.0,0.0,0.0,0.0
R03,04,507,1,0.0,0.0,0.0,0.0
R03,04,508,1,0.0,0.0,0.0,0.0
R03,04,509,1,0.0,0.0,0.0,0.0
R03,04,510,1,0.0,0.0,0.0,0.0
R03,04,511,1,0.0,0.0,0.0,0.0
R03,04,512,1,0.0,0.0,0.0,0.0
R03,04,513,1,0.0,0.0,0.0,0.0
R03,04,514,1,0.0,0.0,0.0,0.0
R03,04,515,1,0.0,0.0,0.0,0.0
R03,04,516,1,0.0,0.0,0.0,0.0
R03,04,517,1,0.0,0.0,0.0,0.0
R03,04,518,1,0.0,0.0,0.0,0.0
R03,04,519,1,0.0,0.0,0.0,0.0
R03,04,520,1,0.0,0.0,0.0,0.0
R03,04,521,1,0.0,0.0,0.0,0.0
R03,04,522,1,0.0,0.0,0.0,0.0
R03,04,523,1,0.0,0.0,0.0,0.0
R03,04,524,1,0.0,0.0,0.0,0.0
R03,04,525,1,0.0,0.0,0.0,0.0
R03,04,526,1,0.0,0.0,0.0,0.0
R03,04,527,1,0.0,0.0,0.0,0.0
R03,04,528,1,0.0,0.0,0.0,0.0
R03,04,529,1,0.0,0.0,0.0,0.0
R03,04,530,1,0.0,0.0,0.0,0.0
R03,04,531,1,0.0,0.0,0.0,0.0
R03,04,532,1,0.0,0.0,0.0,0.0
R03,04,533,1,0.0,0.0,0.0,0.0
R03,04,534,1,0.0,0.0,0.0,0.0
R03,04,535,1,0.0,0.0,0.0,0.0
R03,04,536,1,0.0,0.0,0.0,0.0
R03,04,537,1,0.0,0.0,0.0,0.0
R03,04,538,1,0.0,0.0,0.0,0.0
R03,04,539,1,0.0,0.0,0.0,0.0
R03,04,540,1,0.0,0.0,0.0,0.0
R03,04,541,1,0.0,0.0,0.0,0.0
R03,04,542,1,0.0,0.0,0.0,0.0
R03,04,543,1,0.0,0.0,0.0,0.0
R03,04,544,1,0.0,0.0,0.0,0.0
R03,04,545,1,0.0,0.0,0.0,0.0
R03,04,546,1,0.0,0.0,0.0,0.0
R03,04,547,1,0.0,0.0,0.0,0.0
R03,04,548,1,0.0,0.0,0.0,0.0
R03,04,549,1,0.0,0.0,0.0,0.0
R03,04,550,1,0.0,0.0,0.0,0.0
R03,04,551,1,0.0,0.0,0.0,0.0
R03,04,552,1,0.0,0.0,0.0,0.0
R03,04,553,1,0.0,0.0,0.0,0.0
R03,04,554,1,0.0,0.0,0.0,0.0
R03,04,555,1,0.0,0.0,0.0,0.0
R03,04,556,1,0.0,0.0,0.0,0.0
R03,04,557,1,0.0,0.0,0.0,0.0
R03,04,558,1,0.0,0.0,0.0,0.0
R03,04,559,1,0.0,0.0,0.0,0.0
R03,04,560,1,0.0,0.0,0.0,0.0
R03,04,561,1,0.0,0.0,0.0,0.0
R03,04,562,1,0.0,0.0,0.0,0.0
R03,04,563,1,0.0,0.0,0.0,0.0
R03,04,564,1,0.0,0.0,0.0,0.0
R03,04,565,1,0.0,0.0,0.0,0.0
R03,04,566,1,0.0,0.0,0.0,0.0
R03,04,567,1,0.0,0.0,0.0,0.0
R03,04,568,1,0.0,0.0,0.0,0.0
R03,04,569,1,0.0,0.0,0.0,0.0
R03,04,570,1,0.0,0.0,0.0,0.0
R03,04,571,1,0.0,0.0,0.0,0.0
R03,04,572,1,0.0,0.0,0.0,0.0
R03,04,573,1,0.0,0.0,0.0,0.0
R03,04,574,1,0.0,0.0,0.0,0.0
R03,04,575,1,0.0,0.0,0.0,0.0
R03,04,576,1,0.0,0.0,0.0,0.0
R03,04,577,1,0.0,0.0,0.0,0.0
R03,04,578,1,0.0,0.0,0.0,0.0
R03,04,579,1,0.0,0.0,0.0,0.0
R03,04,580,1,0.0,0.0,0.0,0.0
R03,04,581,1,0.0,0.0,0.0,0.0
R03,04,582,1,0.0,0.0,0.0,0.0
R03,04,583,1,0.0,0.0,0.0,0.0
R03,04,584,1,0.0,0.0,0.0,0.0
R03,04,585,1,0.0,0.0,0.0,0.0
R03,04,586,1,0.0,0.0,0.0,0.0
R03,04,587,1,0.0,0.0,0.0,0.0
R03,04,588,1,0.0,0.0,0.0,0.0
R03,04,589,1,0.0,0.0,0.0,0.0
R03,04,590,1,0.0,0.0,0.0,0.0
R03,04,591,1,0.0,0.0,0.0,0.0
R03,04,592,1,0.0,0.0,0.0,0.0
R03,04,593,1,0.0,0.0,0.0,0.0
R03,04,594,1,0.0,0.0,0.0,0.0
R03,04,595,1,0.0,0.0,0.0,0.0
R03,04,596,1,0.0,0.0,0.0,0.0
R03,04,597,1,0.0,0.0,0.0,0.0
R03,04,598,1,0.0,0.0,0.0,0.0
R03,04,599,1,0.0,0.0,0.0,0.0
R03,04,600,1,0.0,0.0,0.0,0.0
R03,04,601,1,0.0,0.0,0.0,0.0
R03,04,602,1,0.0,0.0,0.0,0.0
R03,04,603,1,0.0,0.0,0.0,0.0
R03,04,604,1,0.0,0.0,0.0,0.0
R03,04,605,1,0.0,0.0,0.0,0.0
R03,04,606,1,0.0,0.0,0.0,0.0
R03,04,607,1,0.0,0.0,0.0,0.0
R03,04,608,1,0.0,0.0,0.0,0.0
R03,04,609,1,0.0,0.0,0.0,0.0
R03,04,610,1,0.0,0.0,0.0,0.0
R03,04,611,1,0.0,0.0,0.0,0.0
R03,04,612,1,0.0,0.0,0.0,0.0
R03,04,613,1,0.0,0.0,0.0,0.0
R03,04,614,1,0.0,0.0,0.0,0.0
R03,04,615,1,0.0,0.0,0.0,0.0
R03,04,616,1,0.0,0.0,0.0,0.0
R03,04,617,1,0.0,0.0,0.0,0.0
R03,04,618,1,0.0,0.0,0.0,0.0
R03,04,619,1,0.0,0.0,0.0,0.0
R03,04,620,1,0.0,0.0,0.0,0.0
R03,04,621,1,0.0,0.0,0.0,0.0
R03,04,622,1,0.0,0.0,0.0,0.0
R03,04,623,1,0.0,0.0,0.0,0.0
R03,04,624,1,0.0,0.0,0.0,0.0
R03,04,625,1,0.0,0.0,0.0,0.0
R03,04,626,1,0.0,0.0,0.0,0.0
R03,04,627,1,0.0,0.0,0.0,0.0
R03,04,628,1,0.0,0.0,0.0,0.0
R03,04,629,1,0.0,0.0,0.0,0.0
R03,04,630,1,0.0,0.0,0.0,0.0
R03,04,631,1,0.0,0.0,0.0,0.0
R03,04,632,1,0.0,0.0,0.0,0.0
R03,04,633,1,0.0,0.0,0.0,0.0
R03,04,634,1,0.0,0.0,0.0,0.0
R03,04,635,1,0.0,0.0,0.0,0.0
R03,04,636,1,0.0,0.0,0.0,0.0
R03,04,637,1,0.0,0.0,0.0,0.0
R03,04,638,1,0.0,0.0,0.0,0.0
R03,04,639,1,0.0,0.0,0.0,0.0
R03,04,640,1,0.0,0.0,0.0,0.0
R03,04,641,1,0.0,0.0,0.0,0.0
R03,04,642,1,0.0,0.0,0.0,0.0
R03,04,643,1,0.0,0.0,0.0,0.0
R03,04,644,1,0.0,0.0,0.0,0.0
R03,04,645,1,0.0,0.0,0.0,0.0
R03,04,646,1,0.0,0.0,0.0,0.0
R03,04,647,1,0.0,0.0,0.0,0.0
R03,04,648,1,0.0,0.0,0.0,0.0
R03,04,649,1,0.0,0.0,0.0,0.0
R03,04,650,1,0.0,0.0,0.0,0.0
R03,04,651,1,0.0,0.0,0.0,0.0
R03,04,652,1,0.0,0.0,0.0,0.0
R03,04,653,1,0.0,0.0,0.0,0.0
R03,04,654,1,0.0,0.0,0.0,0.0
R03,04,655,1,0.0,0.0,0.0,0.0
R03,04,656,1,0.0,0.0,0.0,0.0
R03,04,657,1,0.0,0.0,0.0,0.0
R03,04,658,1,0.0,0.0,0.0,0.0
R03,04,659,1,0.0,0.0,0.0,0.0
R03,04,660,1,0.0,0.0,0.0,0.0
R03,04,661,1,0.0,0.0,0.0,0.0
R03,04,662,1,0.0,0.0,0.0,0.0
R03,04,663,1,0.0,0.0,0.0,0.0
R03,04,664,1,0.0,0.0,0.0,0.0
R03,04,665,1,0.0,0.0,0.0,0.0
R03,04,666,1,0.0,0.0,0.0,0.0
R03,04,667,1,0.0,0.0,0.0,0.0
R03,04,668,1,0.0,0.0,0.0,0.0
R03,04,669,1,0.0,0.0,0.0,0.0
R03,04,670,1,0.0,0.0,0.0,0.0
R03,04,671,1,0.0,0.0,0.0,0.0
R03,04,672,1,0.0,0.0,0.0,0.0
R03,04,673,1,0.0,0.0,0.0,0.0
R03,04,674,1,0.0,0.0,0.0,0.0
R03,04,675,1,0.0,0.0,0.0,0.0
R03,04,676,1,0.0,0.0,0.0,0.0
R03,04,677,1,0.0,0.0,0.0,0.0
R03,04,678,1,0.0,0.0,0.0,0.0
R03,04,679,1,0.0,0.0,0.0,0.0
R03,04,680,1,0.0,0.0,0.0,0.0
R03,04,681,1,0.0,0.0,0.0,0.0
R03,04,682,1,0.0,0.0,0.0,0.0
R03,05,0,0,0.0,0.0,0.0,0.0
R03,05,1,0,0.0,0.0,0.0,0.0
R03,05,2,0,0.0,0.0,0.0,0.0
R03,05,3,0,0.0,0.0,0.0,0.0
R03,05,4,0,0.0,0.0,0.0,0.0
R03,05,5,0,0.0,0.0,0.0,0.0
R03,05,6,0,0.0,0.0,0.0,0.0
R03,05,7,0,0.0,0.0,0.0,0.0
R03,05,8,0,0.0,0.0,0.0,0.0
R03,05,9,0,0.0,0.0,0.0,0.0
R03,05,10,0,0.0,0.0,0.0,0.0
R03,05,11,0,0.0,0.0,0.0,0.0
R03,05,12,0,0.0,0.0,0.0,0.0
R03,05,13,0,0.0,0.0,0.0,0.0
R03,05,14,0,0.0,0.0,0.0,0.0
R03,05,15,0,0.0,0.0,0.0,0.0
R03,05,16,0,0.0,0.0,0.0,0.0
R03,05,17,0,0.0,0.0,0.0,0.0
R03,05,18,0,0.0,0.0,0.0,0.0
R03,05,19,0,0.0,0.0,0.0,0.0
R03,05,20,0,0.0,0.0,0.0,0.0
R03,05,21,0,0.0,0.0,0.0,0.0
R03,05,22,0,0.0,0.0,0.0,0.0
R03,05,23,0,0.0,0.0,0.0,0.0
R03,05,24,0,0.0,0.0,0.0,0.0
R03,05,25,0,0.0,0.0,0.0,0.0
R03,05,26,0,0.0,0.0,0.0,0.0
R03,05,27,0,0.0,0.0,0.0,0.0
R03,05,28,0,0.0,0.0,0.0,0.0
R03,05,29,0,0.0,0.0,0.0,0.0
R03,05,30,0,0.0,0.0,0.0,0.0
R03,05,31,0,0.0,0.0,0.0,0.0
R03,05,32,0,0.0,0.0,0.0,0.0
R03,05,33,0,0.0,0.0,0.0,0.0
R03,05,34,0,0.0,0.0,0.0,0.0
R03,05,35,0,0.0,0.0,0.0,0.0
R03,05,36,0,0.0,0.0,0.0,0.0
R03,05,37,0,0.0,0.0,0.0,0.0
R03,05,38,0,0.0,0.0,0.0,0.0
R03,05,39,0,0.0,0.0,0.0,0.0
R03,05,40,0,0.0,0.0,0.0,0.0
R03,05,41,0,0.0,0.0,0.0,0.0
R03,05,42,0,0.0,0.0,0.0,0.0
R03,05,43,0,0.0,0.0,0.0,0.0
R03,05,44,0,0.0,0.0,0.0,0.0
R03,05,45,0,0.0,0.0,0.0,0.0
R03,05,46,0,0.0,0.0,0.0,0.0
R03,05,47,0,0.0,0.0,0.0,0.0
R03,05,48,0,0.0,0.0,0.0,0.0
R03,05,49,0,0.0,0.0,0.0,0.0
R03,05,50,0,0.0,0.0,0.0,0.0
R03,05,51,0,0.0,0.0,0.0,0.0
R03,05,52,0,0.0,0.0,0.0,0.0
R03,05,53,0,0.0,0.0,0.0,0.0
R03,05,54,0,0.0,0.0,0.0,0.0
R03,05,55,0,0.0,0.0,0.0,0.0
R03,05,56,0,0.0,0.0,0.0,0.0
R03,05,57,0,0.0,0.0,0.0,0.0
R03,05,58,0,0.0,0.0,0.0,0.0
R03,05,59,0,0.0,0.0,0.0,0.0
R03,05,60,0,0.0,0.0,0.0,0.0
R03,05,61,0,0.0,0.0,0.0,0.0
R03,05,62,0,0.0,0.0,0.0,0.0
R03,05,63,0,0.0,0.0,0.0,0.0
R03,05,64,0,0.0,0.0,0.0,0.0
R03,05,65,0,0.0,0.0,0.0,0.0
R03,05,66,0,0.0,0.0,0.0,0.0
R03,05,67,0,0.0,0.0,0.0,0.0
R03,05,68,0,0.0,0.0,0.0,0.0
R03,05,69,0,0.0,0.0,0.0,0.0
R03,05,70,0,0.0,0.0,0.0,0.0
R03,05,71,0,0.0,0.0,0.0,0.0
R03,05,72,0,0.0,0.0,0.0,0.0
R03,05,73,0,0.0,0.0,0.0,0.0
R03,05,74,0,0.0,0.0,0.0,0.0
R03,05,75,0,0.0,0.0,0.0,0.0
R03,05,76,0,0.0,0.0,0.0,0.0
R03,05,77,0,0.0,0.0,0.0,0.0
R03,05,78,0,0.0,0.0,0.0,0.0
R03,05,79,0,0.0,0.0,0.0,0.0
R03,05,80,0,0.0,0.0,0.0,0.0
R03,05,81,0,0.0,0.0,0.0,0.0
R03,05,82,0,0.0,0.0,0.0,0.0
R03,05,83,0,0.0,0.0,0.0,0.0
R03,05,84,0,0.0,0.0,0.0,0.0
R03,05,85,0,0.0,0.0,0.0,0.0
R03,05,86,0,0.0,0.0,0.0,0.0
R03,05,87,0,0.0,0.0,0.0,0.0
R03,05,88,0,0.0,0.0,0.0,0.0
R03,05,89,0,0.0,0.0,0.0,0.0
R03,05,90,0,0.0,0.0,0.0,0.0
R03,05,91,0,0.0,0.0,0.0,0.0
R03,05,92,0,0.0,0.0,0.0,0.0
R03,05,93,0,0.0,0.0,0.0,0.0
R03,05,94,0,0.0,0.0,0.0,0.0
R03,05,95,0,0.0,0.0,0.0,0.0
R03,05,96,0,0.0,0.0,0.0,0.0
R03,05,97,0,0.0,0.0,0.0,0.0
R03,05,98,0,0.0,0.0,0.0,0.0
R03,05,99,0,0.0,0.0,0.0,0.0
R03,05,100,0,0.0,0.0,0.0,0.0
R03,05,101,0,0.0,0.0,0.0,0.0
R03,05,102,0,0.0,0.0,0.0,0.0
R03,05,103,0,0.0,0.0,0.0,0.0
R03,05,104,0,0.0,0.0,0.0,0.0
R03,05,105,0,0.0,0.0,0.0,0.0
R03,05,106,0,0.0,0.0,0.0,0.0
R03,05,107,0,0.0,0.0,0.0,0.0
R03,05,108,0,0.0,0.0,0.0,0.0
R03,05,109,0,0.0,0.0,0.0,0.0
R03,05,110,0,0.0,0.0,0.0,0.0
R03,05,111,0,0.0,0.0,0.0,0.0
R03,05,112,0,0.0,0.0,0.0,0.0
R03,05,113,0,0.0,0.0,0.0,0.0
R03,05,114,0,0.0,0.0,0.0,0.0
R03,05,115,0,0.0,0.0,0.0,0.0
R03,05,116,0,0.0,0.0,0.0,0.0
R03,05,117,0,0.0,0.0,0.0,0.0
R03,05,118,0,0.0,0.0,0.0,0.0
R03,05,119,0,0.0,0.0,0.0,0.0
R03,05,120,0,0.0,0.0,0.0,0.0
R03,05,121,0,0.0,0.0,0.0,0.0
R03,05,122,0,0.0,0.0,0.0,0.0
R03,05,123,0,0.0,0.0,0.0,0.0
R03,05,124,0,0.0,0.0,0.0,0.0
R03,05,125,0,0.0,0.0,0.0,0.0
R03,05,126,0,0.0,0.0,0.0,0.0
R03,05,127,0,0.0,0.0,0.0,0.0
R03,05,128,0,0.0,0.0,0.019022372746047126,0.0163475527356792
R03,05,129,0,0.0,0.0,0.019022372746047126,0.016378841239124413
R03,05,130,0,0.0,0.0,0.019022372746047126,0.016409990400871974
R03,05,131,0,0.0,0.0,0.019022372746047126,0.016440999198876097
R03,05,132,0,0.0,0.0,0.019022372746047126,0.01647186661427056
R03,05,133,0,0.0,0.0,0.019022372746047126,0.016502591631424233
R03,05,134,0,0.0,0.0,0.019022372746047126,0.01653317323799653
R03,05,135,0,0.0,0.0,0.019022372746047126,0.01656361042499274
R03,05,136,0,0.0,0.0,0.019022372746047126,0.016593902186819276
R03,05,137,0,0.0,0.0,0.019022372746047126,0.01662404752133883
R03,05,138,0,0.0,0.0,0.019022372746047126,0.016654045429925376
R03,05,139,0,0.0,0.0,0.019022372746047126,0.01668389491751911
R03,05,140,0,0.0,0.0,0.019022372746047126,0.016713594992681234
R03,05,141,0,0.0,0.0,0.019022372746047126,0.016743144667648653
R03,05,142,0,0.0,0.0,0.019022372746047126,0.016772542958388505
R03,05,143,0,0.0,0.0,0.019022372746047126,0.01680178888465261
R03,05,144,0,0.0,0.0,0.020299896741144106,0.01796122704908506
R03,05,145,0,0.0,0.0,0.020299896741144106,0.017992108787176508
R03,05,146,0,0.0,0.0,0.020299896741144106,0.018022824814712256
R03,05,147,0,0.0,0.0,0.020299896741144106,0.018053374102344835
R03,05,148,0,0.0,0.0,0.020299896741144106,0.018083755625053783
R03,05,149,0,0.0,0.0,0.020299896741144106,0.018113968362202797
R03,05,150,0,0.0,0.0,0.020299896741144106,0.0181440112975967
R03,05,151,0,0.0,0.0,0.020299896741144106,0.01817388341953827
R03,05,152,0,0.0,0.0,0.020299896741144106,0.01820358372088486
R03,05,153,0,0.0,0.0,0.020299896741144106,0.018233111199104847
R03,05,154,0,0.0,0.0,0.020299896741144106,0.018262464856333895
R03,05,155,0,0.0,0.0,0.020299896741144106,0.018291643699431013
R03,05,156,0,0.0,0.0,0.020299896741144106,0.018320646740034436
R03,05,157,0,0.0,0.0,0.020299896741144106,0.018349472994617297
R03,05,158,0,0.0,0.0,0.020299896741144106,0.01837812148454308
R03,05,159,0,0.0,0.0,0.020299896741144106,0.01840659123612089
R03,05,160,0,0.0,0.0,0.040489759068901676,0.036769837356112584
R03,05,161,0,0.0,0.0,0.040489759068901676,0.03682590373861445
R03,05,162,0,0.0,0.0,0.040489759068901676,0.03688160784723156
R03,05,163,0,0.0,0.0,0.040489759068901676,0.036936947780411115
R03,05,164,0,0.0,0.0,0.040489759068901676,0.03699192164700923
R03,05,165,0,0.0,0.0,0.040489759068901676,0.037046527566398445
R03,05,166,0,0.0,0.0,0.040489759068901676,0.037100763668574815
R03,05,167,0,0.0,0.0,0.040489759068901676,0.03715462809426442
R03,05,168,0,0.0,0.0,0.040489759068901676,0.037208118995029446
R03,05,169,0,0.0,0.0,0.040489759068901676,0.03726123453337375
R03,05,170,0,0.0,0.0,0.040489759068901676,0.03731397288284791
R03,05,171,0,0.0,0.0,0.040489759068901676,0.037366332228153734
R03,05,172,0,0.0,0.0,0.040489759068901676,0.037418310765248305
R03,05,173,0,0.0,0.0,0.040489759068901676,0.037469906701447384
R03,05,174,0,0.0,0.0,0.040489759068901676,0.037521118255528355
R03,05,175,0,0.0,0.0,0.040489759068901676,0.0375719436578326
R03,05,176,0,0.0,0.0,0.04275579764074479,0.03972794484873946
R03,05,177,0,0.0,0.0,0.04275579764074479,0.03978079364855053
R03,05,178,0,0.0,0.0,0.04275579764074479,0.039833229153564596
R03,05,179,0,0.0,0.0,0.04275579764074479,0.039885249544996434
R03,05,180,0,0.0,0.0,0.04275579764074479,0.03993685301680335
R03,05,181,0,0.0,0.0,0.04275579764074479,0.039988037775789624
R03,05,182,0,0.0,0.0,0.04275579764074479,0.040038802041710245
R03,05,183,0,0.0,0.0,0.04275579764074479,0.04008914404737403
R03,05,184,0,0.0,0.0,0.04275579764074479,0.040139062038746065
R03,05,185,0,0.0,0.0,0.04275579764074479,0.04018855427504946
R03,05,186,0,0.0,0.0,0.04275579764074479,0.040237619028866474
R03,05,187,0,0.0,0.0,0.04275579764074479,0.04028625458623891
R03,05,188,0,0.0,0.0,0.04275579764074479,0.040334459246767825
R03,05,189,0,0.0,0.0,0.04275579764074479,0.04038223132371256
R03,05,190,0,0.0,0.0,0.04275579764074479,0.040429569144089024
R03,05,191,0,0.0,0.0,0.04275579764074479,0.04047647104876729
R03,05,192,0,0.0,0.0,0.04470387921965746,0.042369281112160435
R03,05,193,0,0.0,0.0,0.04470387921965746,0.04241740330705144
R03,05,194,0,0.0,0.0,0.04470387921965746,0.04246506460837247
R03,05,195,0,0.0,0.0,0.04470387921965746,0.042512263340345274
R03,05,196,0,0.0,0.0,0.04470387921965746,0.04255899784217558
R03,05,197,0,0.0,0.0,0.04470387921965746,0.04260526646815046
R03,05,198,0,0.0,0.0,0.04470387921965746,0.04265106758773486
R03,05,199,0,0.0,0.0,0.04470387921965746,0.04269639958566733
R03,05,200,0,0.0,0.0,0.04470387921965746,0.04274126086205494
R03,05,201,0,0.0,0.0,0.04470387921965746,0.04278564983246732
R03,05,202,0,0.0,0.0,0.04470387921965746,0.04282956492802991
R03,05,203,0,0.0,0.0,0.04470387921965746,0.042873004595516344
R03,05,204,0,0.0,0.0,0.04470387921965746,0.04291596729743996
R03,05,205,0,0.0,0.0,0.04470387921965746,0.042958451512144474
R03,05,206,0,0.0,0.0,0.04470387921965746,0.04300045573389377
R03,05,207,0,0.0,0.0,0.04470387921965746,0.04304197847296085
R03,05,208,0,0.0,0.0,0.04628026376742231,0.04460224668588562
R03,05,209,0,0.0,0.0,0.04628026376742231,0.04464423215128902
R03,05,210,0,0.0,0.0,0.04628026376742231,0.04468571462914773
R03,05,211,0,0.0,0.0,0.04628026376742231,0.044726692644399296
R03,05,212,0,0.0,0.0,0.04628026376742231,0.04476716473900129
R03,05,213,0,0.0,0.0,0.04628026376742231,0.04480712947201769
R03,05,214,0,0.0,0.0,0.04628026376742231,0.0448465854197044
R03,05,215,0,0.0,0.0,0.04628026376742231,0.04488553117559376
R03,05,216,0,0.0,0.0,0.04628026376742231,0.04492396535057808
R03,05,217,0,0.0,0.0,0.04628026376742231,0.04496188657299222
R03,05,218,0,0.0,0.0,0.04628026376742231,0.04499929348869516
R03,05,219,0,0.0,0.0,0.04628026376742231,0.04503618476115056
R03,05,220,0,0.0,0.0,0.04628026376742231,0.045072559071506355
R03,05,221,0,0.0,0.0,0.04628026376742231,0.04510841511867332
R03,05,222,0,0.0,0.0,0.04628026376742231,0.045143751619402636
R03,05,223,0,0.0,0.0,0.04628026376742231,0.04517856730836241
R03,05,224,0,0.0,0.0,0.04744024094237759,0.04634608452929548
R03,05,225,0,0.0,0.0,0.04744024094237759,0.04638070129691064
R03,05,226,0,0.0,0.0,0.04744024094237759,0.04641478041885826
R03,05,227,0,0.0,0.0,0.04744024094237759,0.04644832067231929
R03,05,228,0,0.0,0.0,0.04744024094237759,0.04648132085321702
R03,05,229,0,0.0,0.0,0.04744024094237759,0.0465137797762891
R03,05,230,0,0.0,0.0,0.04744024094237759,0.046545696275158525
R03,05,231,0,0.0,0.0,0.04744024094237759,0.04657706920240341
R03,05,232,0,0.0,0.0,0.04744024094237759,0.04660789742962583
R03,05,233,0,0.0,0.0,0.04744024094237759,0.04663817984751937
R03,05,234,0,0.0,0.0,0.04744024094237759,0.0466679153659357
R03,05,235,0,0.0,0.0,0.04744024094237759,0.04669710291394998
R03,05,236,0,0.0,0.0,0.04744024094237759,0.046725741439925104
R03,05,237,0,0.0,0.0,0.04744024094237759,0.04675382991157488
R03,05,238,0,0.0,0.0,0.04744024094237759,0.04678136731602602
R03,05,239,0,0.0,0.0,0.04744024094237759,0.04680835265987904
R03,05,240,0,0.0,0.33318957609048927,0.06716404001965627,0.06630685910319617
R03,05,241,0,0.0,0.33318957609048927,0.06716404001965627,0.06634349661871701
R03,05,242,0,0.0,0.33318957609048927,0.06716404001965627,0.06637934849541775
R03,05,243,0,0.0,0.33318957609048927,0.06716404001965627,0.0664144134379923
R03,05,244,0,0.0,0.33318957609048927,0.06716404001965627,0.06644869017911124
R03,05,245,0,0.0,0.33318957609048927,0.06716404001965627,0.06648217747949813
R03,05,246,0,0.0,0.33318957609048927,0.06716404001965627,0.06651487412800416
R03,05,247,0,0.0,0.33318957609048927,0.06716404001965627,0.0665467789416812
R03,05,248,0,0.0,0.33318957609048927,0.06716404001965627,0.06657789076585309
R03,05,249,0,0.0,0.33318957609048927,0.06716404001965627,0.06660820847418532
R03,05,250,0,0.0,0.33318957609048927,0.06716404001965627,0.06663773096875296
R03,05,251,0,0.0,0.33318957609048927,0.06716404001965627,0.06666645718010694
R03,05,252,0,0.0,0.33318957609048927,0.06716404001965627,0.06669438606733863
R03,05,253,0,0.0,0.33318957609048927,0.06716404001965627,0.06672151661814267
R03,05,254,0,0.0,0.33318957609048927,0.06716404001965627,0.06674784784887816
R03,05,255,0,0.0,0.33318957609048927,0.06716404001965627,0.06677337880462805
R03,05,256,0,0.0,0.0,0.06868017386624292,0.06830598201721179
R03,05,257,0,0.0,0.0,0.06868017386624292,0.06833044980664543
R03,05,258,0,0.0,0.0,0.06868017386624292,0.06835409650340618
R03,05,259,0,0.0,0.0,0.06868017386624292,0.06837692124908275
R03,05,260,0,0.0,0.0,0.06868017386624292,0.06839892321491355
R03,05,261,0,0.0,0.0,0.06868017386624292,0.06842010160183679
R03,05,262,0,0.0,0.0,0.06868017386624292,0.06844045564053895
R03,05,263,0,0.0,0.0,0.06868017386624292,0.06845998459150128
R03,05,264,0,0.0,0.0,0.06868017386624292,0.06847868774504456
R03,05,265,0,0.0,0.0,0.06868017386624292,0.06849656442137217
R03,05,266,0,0.0,0.0,0.06868017386624292,0.06851361397061119
R03,05,267,0,0.0,0.0,0.06868017386624292,0.06852983577285182
R03,05,268,0,0.0,0.0,0.06868017386624292,0.06854522923818492
R03,05,269,0,0.0,0.0,0.06868017386624292,0.06855979380673777
R03,05,270,0,0.0,0.0,0.06868017386624292,0.06857352894870804
R03,05,271,0,0.0,0.0,0.06868017386624292,0.06858643416439586
R03,05,272,0,1.0,0.3335350015761434,0.06958873916532851,0.06950599394420917
R03,05,273,0,1.0,0.3335350015761434,0.06958873916532851,0.06951738667469123
R03,05,274,0,1.0,0.3335350015761434,0.06958873916532851,0.06952793716422402
R03,05,275,0,1.0,0.3335350015761434,0.06958873916532851,0.06953764502878848
R03,05,276,0,1.0,0.3335350015761434,0.06958873916532851,0.06954650991500133
R03,05,277,0,1.0,0.3335350015761434,0.06958873916532851,0.0695545315001364
R03,05,278,0,1.0,0.3335350015761434,0.06958873916532851,0.06956170949214423
R03,05,279,0,1.0,0.3335350015761434,0.06958873916532851,0.06956804362966983
R03,05,280,0,1.0,0.3335350015761434,0.06958873916532851,0.06957353368206852
R03,05,281,0,1.0,0.3335350015761434,0.06958873916532851,0.06957817944941995
R03,05,282,0,1.0,0.3335350015761434,0.06958873916532851,0.06958198076254016
R03,05,283,0,1.0,0.3335350015761434,0.06958873916532851,0.06958493748299194
R03,05,284,0,1.0,0.3335350015761434,0.06958873916532851,0.06958704950309318
R03,05,285,0,1.0,0.3335350015761434,0.06958873916532851,0.06958831674592342
R03,05,286,0,1.0,0.3335350015761434,0.06958873916532851,0.06958873916532851
R03,05,287,0,1.0,0.3335350015761434,0.06958873916532851,0.06958831674592342
R03,05,288,0,0.0,0.0,0.06986597436270893,0.06986427796901318
R03,05,289,0,0.0,0.0,0.06986597436270893,0.06986215753481625
R03,05,290,0,0.0,0.0,0.06986597436270893,0.06985918903505955
R03,05,291,0,0.0,0.0,0.06986597436270893,0.06985537257785417
R03,05,292,0,0.0,0.0,0.06986597436270893,0.06985070830218883
R03,05,293,0,0.0,0.0,0.06986597436270893,0.06984519637792151
R03,05,294,0,0.0,0.0,0.06986597436270893,0.06983883700576904
R03,05,295,0,0.0,0.0,0.06986597436270893,0.06983163041729495
R03,05,296,0,0.0,0.0,0.06986597436270893,0.06982357687489549
R03,05,297,0,0.0,0.0,0.06986597436270893,0.06981467667178355
R03,05,298,0,0.0,0.0,0.06986597436270893,0.06980493013197103
R03,05,299,0,0.0,0.0,0.06986597436270893,0.06979433761024909
R03,05,300,0,0.0,0.0,0.06986597436270893,0.06978289949216665
R03,05,301,0,0.0,0.0,0.06986597436270893,0.069770616194007
R03,05,302,0,0.0,0.0,0.06986597436270893,0.06975748816276256
R03,05,303,0,0.0,0.0,0.06986597436270893,0.06974351587610772
R03,05,304,0,0.0,0.0,0.06950521548955152,0.06936864979781934
R03,05,305,0,0.0,0.0,0.06950521548955152,0.06935307141376937
R03,05,306,0,0.0,0.0,0.06950521548955152,0.06933665474216105
R03,05,307,0,0.0,0.0,0.06950521548955152,0.06931940037999001
R03,05,308,0,0.0,0.0,0.06950521548955152,0.06930130895461292
R03,05,309,0,0.0,0.0,0.06950521548955152,0.06928238112370946
R03,05,310,0,0.0,0.0,0.06950521548955152,0.06926261757524256
R03,05,311,0,0.0,0.0,0.06950521548955152,0.06924201902741664
R03,05,312,0,0.0,0.0,0.06950521548955152,0.06922058622863414
R03,05,313,0,0.0,0.0,0.06950521548955152,0.06919831995745025
R03,05,314,0,0.0,0.0,0.06950521548955152,0.06917522102252568
R03,05,315,0,0.0,0.0,0.06950521548955152,0.06915129026257781
R03,05,316,0,0.0,0.0,0.06950521548955152,0.06912652854632982
R03,05,317,0,0.0,0.0,0.06950521548955152,0.06910093677245827
R03,05,318,0,0.0,0.0,0.06950521548955152,0.06907451586953862
R03,05,319,0,0.0,0.0,0.06950521548955152,0.06904726679598915
R03,05,320,0,0.0,0.0,0.06851715065715568,0.0680380348892796
R03,05,321,0,0.0,0.0,0.06851715065715568,0.06800954333675269
R03,05,322,0,0.0,0.0,0.06851715065715568,0.06798023839692813
R03,05,323,0,0.0,0.0,0.06851715065715568,0.0679501211316851
R03,05,324,0,0.0,0.0,0.06851715065715568,0.06791919263201815
R03,05,325,0,0.0,0.0,0.06851715065715568,0.06788745401797139
R03,05,326,0,0.0,0.0,0.06851715065715568,0.0678549064385709
R03,05,327,0,0.0,0.0,0.06851715065715568,0.06782155107175532
R03,05,328,0,0.0,0.0,0.06851715065715568,0.06778738912430489
R03,05,329,0,0.0,0.0,0.06851715065715568,0.06775242183176865
R03,05,330,0,0.0,0.0,0.06851715065715568,0.06771665045838995
R03,05,331,0,0.0,0.0,0.06851715065715568,0.06768007629703028
R03,05,332,0,0.0,0.0,0.06851715065715568,0.06764270066909142
R03,05,333,0,0.0,0.0,0.06851715065715568,0.0676045249244358
R03,05,334,0,0.0,0.0,0.06851715065715568,0.06756555044130538
R03,05,335,0,0.0,0.0,0.06851715065715568,0.06752577862623856
R03,05,336,0,0.0,0.0,0.06692929404923918,0.06592126908250763
R03,05,337,0,0.0,0.0,0.06692929404923918,0.06588086548657197
R03,05,338,0,0.0,0.0,0.06692929404923918,0.06583968732337511
R03,05,339,0,0.0,0.0,0.06692929404923918,0.06579773607657999
R03,05,340,0,0.0,0.0,0.06692929404923918,0.065755013257061
R03,05,341,0,0.0,0.0,0.06692929404923918,0.06571152040281322
R03,05,342,0,0.0,0.0,0.06692929404923918,0.06566725907886024
R03,05,343,0,0.0,0.0,0.06692929404923918,0.06562223087716015
R03,05,344,0,0.0,0.0,0.06692929404923918,0.06557643741651033
R03,05,345,0,0.0,0.0,0.06692929404923918,0.06552988034245026
R03,05,346,0,0.0,0.0,0.06692929404923918,0.06548256132716308
R03,05,347,0,0.0,0.0,0.06692929404923918,0.06543448206937554
R03,05,348,1,0.0,0.0,0.06692929404923918,0.06538564429425622
R03,05,349,1,0.0,0.0,0.06692929404923918,0.06533604975331254
R03,05,350,1,0.0,0.0,0.06692929404923918,0.06528570022428597
R03,05,351,1,0.0,0.0,0.06692929404923918,0.06523459751104586
R03,05,352,1,0.0,0.33303950072115535,0.06478471553381702,0.06309412868740312
R03,05,353,1,0.0,0.33303950072115535,0.06478471553381702,0.06304321066841816
R03,05,354,1,0.0,0.33303950072115535,0.06478471553381702,0.06299156898798794
R03,05,355,1,0.0,0.33303950072115535,0.06478471553381702,0.06293920549228724
R03,05,356,1,0.0,0.33303950072115535,0.06478471553381702,0.0628861220522459
R03,05,357,1,0.0,0.33303950072115535,0.06478471553381702,0.06283232056343743
R03,05,358,1,0.0,0.33303950072115535,0.06478471553381702,0.06277780294596617
R03,05,359,1,0.0,0.33303950072115535,0.06478471553381702,0.06272257114435315
R03,05,360,1,0.0,0.33303950072115535,0.06478471553381702,0.0626666271274205
R03,05,361,1,0.0,0.33303950072115535,0.06478471553381702,0.06260997288817449
R03,05,362,1,0.0,0.33303950072115535,0.06478471553381702,0.06255261044368725
R03,05,363,1,0.0,0.33303950072115535,0.06478471553381702,0.062494541834977074
R03,05,364,1,0.0,0.33303950072115535,0.06478471553381702,0.062435769126887426
R03,05,365,1,0.0,0.33303950072115535,0.06478471553381702,0.062376294407964605
R03,05,366,1,0.0,0.33303950072115535,0.06478471553381702,0.06231611979033405
R03,05,367,1,0.0,0.33303950072115535,0.06478471553381702,0.062255247409575394
R03,05,368,1,0.0,0.0,0.04449222516891031,0.04271277825705258
R03,05,369,1,0.0,0.0,0.04449222516891031,0.04267001896543814
R03,05,370,1,0.0,0.0,0.04449222516891031,0.04262678496649205
R03,05,371,1,0.0,0.0,0.04449222516891031,0.042583077790421614
R03,05,372,1,0.0,0.0,0.04449222516891031,0.04253889898309933
R03,05,373,1,0.0,0.0,0.04449222516891031,0.042494250105971805
R03,05,374,1,0.0,0.0,0.04449222516891031,0.04244913273596779
R03,05,375,1,0.0,0.0,0.04449222516891031,0.0424035484654054
R03,05,376,1,0.0,0.0,0.04449222516891031,0.0423574989018985
R03,05,377,1,0.0,0.0,0.04449222516891031,0.04231098566826224
R03,05,378,1,0.0,0.0,0.04449222516891031,0.042264010402417805
R03,05,379,1,0.0,0.0,0.04449222516891031,0.042216574757296295
R03,05,380,1,0.0,0.0,0.04449222516891031,0.04216868040074186
R03,05,381,1,0.0,0.0,0.04449222516891031,0.04212032901541403
R03,05,382,1,0.0,0.0,0.04449222516891031,0.0420715222986892
R03,05,383,1,0.0,0.0,0.04449222516891031,0.042022261962561404
R03,05,384,1,0.0,0.0,0.0428535132127143,0.040426641008607364
R03,05,385,1,0.0,0.0,0.0428535132127143,0.04037832617948764
R03,05,386,1,0.0,0.0,0.0428535132127143,0.04032957946873791
R03,05,387,1,0.0,0.0,0.0428535132127143,0.04028040258064327
R03,05,388,1,0.0,0.0,0.0428535132127143,0.040230797233079055
R03,05,389,1,0.0,0.0,0.0428535132127143,0.04018076515741091
R03,05,390,1,0.0,0.0,0.0428535132127143,0.04013030809839416
R03,05,391,1,0.0,0.0,0.0428535132127143,0.040079427814072435
R03,05,392,1,0.0,0.0,0.0428535132127143,0.04002812607567573
R03,05,393,1,0.0,0.0,0.0428535132127143,0.03997640466751769
R03,05,394,1,0.0,0.0,0.0428535132127143,0.03992426538689226
R03,05,395,1,0.0,0.0,0.0428535132127143,0.03987171004396972
R03,05,396,1,0.0,0.0,0.0428535132127143,0.03981874046169204
R03,05,397,1,0.0,0.0,0.0428535132127143,0.039765358475667555
R03,05,398,1,0.0,0.0,0.0428535132127143,0.03971156593406512
R03,05,399,1,0.0,0.0,0.0428535132127143,0.03965736469750755
R03,05,400,1,0.0,0.0,0.02322351348175867,0.021461837869734494
R03,05,401,1,0.0,0.0,0.02322351348175867,0.021432024793916392
R03,05,402,1,0.0,0.0,0.02322351348175867,0.021401993299791252
R03,05,403,1,0.0,0.0,0.02322351348175867,0.021371744422095176
R03,05,404,1,0.0,0.0,0.02322351348175867,0.021341279202019878
R03,05,405,1,0.0,0.0,0.02322351348175867,0.021310598687153046
R03,05,406,1,0.0,0.0,0.02322351348175867,0.021279703931418367
R03,05,407,0,0.0,0.0,0.02322351348175867,0.021248595995015298
R03,05,408,0,0.0,0.0,0.02322351348175867,0.021217275944358502
R03,05,409,0,0.0,0.0,0.02322351348175867,0.02118574485201703
R03,05,410,0,0.0,0.0,0.02322351348175867,0.02115400379665318
R03,05,411,0,0.0,0.0,0.02322351348175867,0.021122053862961118
R03,05,412,0,0.0,0.0,0.02322351348175867,0.02108989614160521
R03,05,413,0,0.0,0.0,0.02322351348175867,0.021057531729158068
R03,05,414,0,0.0,0.0,0.02322351348175867,0.02102496172803833
R03,05,415,0,0.0,0.0,0.02322351348175867,0.020992187246448236
R03,05,416,0,0.0,0.0,0.022424750402516784,0.020238326115485466
R03,05,417,0,0.0,0.0,0.022424750402516784,0.020206287235941433
R03,05,418,0,0.0,0.0,0.022424750402516784,0.020174054152107025
R03,05,419,0,0.0,0.0,0.022424750402516784,0.02014162795579893
R03,05,420,0,0.0,0.0,0.022424750402516784,0.020109009744113306
R03,05,421,0,0.0,0.0,0.022424750402516784,0.020076200619364066
R03,05,422,0,0.0,0.0,0.022424750402516784,0.020043201689020962
R03,05,423,0,0.0,0.0,0.022424750402516784,0.020010014065647404
R03,05,424,0,0.0,0.0,0.022424750402516784,0.019976638866838127
R03,05,425,0,0.0,0.0,0.022424750402516784,0.019943077215156636
R03,05,426,0,0.0,0.0,0.022424750402516784,0.01990933023807242
R03,05,427,0,0.0,0.0,0.022424750402516784,0.019875399067898047
R03,05,428,0,0.0,0.0,0.022424750402516784,0.019841284841726
R03,05,429,0,0.0,0.0,0.022424750402516784,0.019806988701365352
R03,05,430,0,0.0,0.0,0.022424750402516784,0.019772511793278307
R03,05,431,0,0.0,0.0,0.022424750402516784,0.019737855268516496
R03,05,432,0,0.0,0.0,0.021438004915541844,0.018836037774726727
R03,05,433,0,0.0,0.0,0.021438004915541844,0.018802566116599854
R03,05,434,0,0.0,0.0,0.021438004915541844,0.018768926072305497
R03,05,435,0,0.0,0.0,0.021438004915541844,0.018735118759184266
R03,05,436,0,0.0,0.0,0.021438004915541844,0.01870114529865763
R03,05,437,0,0.0,0.0,0.021438004915541844,0.018667006816166124
R03,05,438,0,0.0,0.0,0.021438004915541844,0.018632704441107494
R03,05,439,0,0.0,0.0,0.021438004915541844,0.018598239306774646
R03,05,440,0,0.0,0.0,0.021438004915541844,0.01856361255029352
R03,05,441,0,0.0,0.0,0.021438004915541844,0.01852882531256083
R03,05,442,0,0.0,0.0,0.021438004915541844,0.01849387873818169
R03,05,443,0,0.0,0.0,0.021438004915541844,0.01845877397540713
R03,05,444,0,0.0,0.0,0.021438004915541844,0.018423512176071518
R03,05,445,0,0.0,0.0,0.021438004915541844,0.01838809449552986
R03,05,446,0,0.0,0.0,0.021438004915541844,0.018352522092595053
R03,05,447,0,0.0,0.0,0.021438004915541844,0.018316796129474986
R03,05,448,0,0.0,0.0,0.02029075325431413,0.01730261716188203
R03,05,449,0,0.0,0.0,0.02029075325431413,0.017268515696116052
R03,05,450,0,0.0,0.0,0.02029075325431413,0.017234272206636665
R03,05,451,0,0.0,0.0,0.02029075325431413,0.01719988780571311
R03,05,452,0,0.0,0.0,0.02029075325431413,0.017165363608529324
R03,05,453,0,0.0,0.0,0.02029075325431413,0.01713070073312402
R03,05,454,0,0.0,0.0,0.02029075325431413,0.017095900300330716
R03,05,455,0,0.0,0.0,0.02029075325431413,0.01706096343371774
R03,05,456,0,0.0,0.0,0.02029075325431413,0.017025891259528133
R03,05,457,0,0.0,0.0,0.02029075325431413,0.01699068490661958
R03,05,458,0,0.0,0.0,0.02029075325431413,0.01695534550640425
R03,05,459,0,0.0,0.0,0.02029075325431413,0.01691987419278863
R03,05,460,0,0.0,0.0,0.02029075325431413,0.01688427210211334
R03,05,461,0,0.0,0.0,0.02029075325431413,0.016848540373092916
R03,05,462,0,0.0,0.0,0.02029075325431413,0.016812680146755556
R03,05,463,0,0.0,0.0,0.02029075325431413,0.0167766925663829
R03,05,464,0,0.0,0.0,0.019013804682036936,0.015687051690454437
R03,05,465,0,0.0,0.0,0.019013804682036936,0.015653093443316123
R03,05,466,0,0.0,0.0,0.019013804682036936,0.015619019082956095
R03,05,467,0,0.0,0.0,0.019013804682036936,0.015584829688588165
R03,05,468,0,0.0,0.0,0.019013804682036936,0.01555052634125544
R03,05,469,0,0.0,0.0,0.019013804682036936,0.015516110123773878
R03,05,470,0,0.0,0.0,0.019013804682036936,0.015481582120675852
R03,05,471,0,0.0,0.0,0.019013804682036936,0.015446943418153754
R03,05,472,0,0.0,0.0,0.019013804682036936,0.01541219510400361
R03,05,473,0,0.0,0.0,0.019013804682036936,0.015377338267568713
R03,05,474,0,0.0,0.0,0.019013804682036936,0.015342373999683327
R03,05,475,0,0.0,0.0,0.019013804682036936,0.015307303392616376
R03,05,476,0,0.0,0.0,0.019013804682036936,0.015272127540015218
R03,05,477,0,0.0,0.0,0.019013804682036936,0.01523684753684944
R03,05,478,0,0.0,0.0,0.019013804682036936,0.015201464479354701
R03,05,479,0,0.0,0.0,0.019013804682036936,0.01516597946497665
R03,05,480,0,0.0,0.0,0.0,0.0
R03,05,481,0,0.0,0.0,0.0,0.0
R03,05,482,0,0.0,0.0,0.0,0.0
R03,05,483,0,0.0,0.0,0.0,0.0
R03,05,484,0,0.0,0.0,0.0,0.0
R03,05,485,0,0.0,0.0,0.0,0.0
R03,05,486,0,0.0,0.0,0.0,0.0
R03,05,487,0,0.0,0.0,0.0,0.0
R03,05,488,0,0.0,0.0,0.0,0.0
R03,05,489,0,0.0,0.0,0.0,0.0
R03,05,490,0,0.0,0.0,0.0,0.0
R03,05,491,0,0.0,0.0,0.0,0.0
R03,05,492,0,0.0,0.0,0.0,0.0
R03,05,493,0,0.0,0.0,0.0,0.0
R03,05,494,0,0.0,0.0,0.0,0.0
R03,05,495,0,0.0,0.0,0.0,0.0
R03,05,496,0,0.0,0.0,0.0,0.0
R03,05,497,0,0.0,0.0,0.0,0.0
R03,05,498,0,0.0,0.0,0.0,0.0
R03,05,499,0,0.0,0.0,0.0,0.0
R03,05,500,0,0.0,0.0,0.0,0.0
R03,05,501,0,0.0,0.0,0.0,0.0
R03,05,502,0,0.0,0.0,0.0,0.0
R03,05,503,0,0.0,0.0,0.0,0.0
R03,05,504,0,0.0,0.0,0.0,0.0
R03,05,505,0,0.0,0.0,0.0,0.0
R03,05,506,0,0.0,0.0,0.0,0.0
R03,05,507,0,0.0,0.0,0.0,0.0
R03,05,508,0,0.0,0.0,0.0,0.0
R03,05,509,0,0.0,0.0,0.0,0.0
R03,05,510,0,0.0,0.0,0.0,0.0
R03,05,511,0,0.0,0.0,0.0,0.0
R03,05,512,0,0.0,0.0,0.0,0.0
R03,05,513,0,0.0,0.0,0.0,0.0
R03,05,514,0,0.0,0.0,0.0,0.0
R03,05,515,0,0.0,0.0,0.0,0.0
R03,05,516,0,0.0,0.0,0.0,0.0
R03,05,517,0,0.0,0.0,0.0,0.0
R03,05,518,0,0.0,0.0,0.0,0.0
R03,05,519,0,0.0,0.0,0.0,0.0
R03,05,520,0,0.0,0.0,0.0,0.0
R03,05,521,0,0.0,0.0,0.0,0.0
R03,05,522,0,0.0,0.0,0.0,0.0
R03,05,523,0,0.0,0.0,0.0,0.0
R03,05,524,0,0.0,0.0,0.0,0.0
R03,05,525,0,0.0,0.0,0.0,0.0
R03,05,526,0,0.0,0.0,0.0,0.0
R03,05,527,0,0.0,0.0,0.0,0.0
R03,05,528,0,0.0,0.0,0.0,0.0
R03,05,529,0,0.0,0.0,0.0,0.0
R03,05,530,0,0.0,0.0,0.0,0.0
R03,05,531,0,0.0,0.0,0.0,0.0
R03,05,532,0,0.0,0.0,0.0,0.0
R03,05,533,0,0.0,0.0,0.0,0.0
R03,05,534,0,0.0,0.0,0.0,0.0
R03,05,535,0,0.0,0.0,0.0,0.0
R03,05,536,0,0.0,0.0,0.0,0.0
R03,05,537,0,0.0,0.0,0.0,0.0
R03,05,538,0,0.0,0.0,0.0,0.0
R03,05,539,0,0.0,0.0,0.0,0.0
R03,05,540,0,0.0,0.0,0.0,0.0
R03,05,541,0,0.0,0.0,0.0,0.0
R03,05,542,0,0.0,0.0,0.0,0.0
R03,05,543,0,0.0,0.0,0.0,0.0
R03,05,544,0,0.0,0.0,0.0,0.0
R03,05,545,0,0.0,0.0,0.0,0.0
R03,05,546,0,0.0,0.0,0.0,0.0
R03,05,547,0,0.0,0.0,0.0,0.0
R03,05,548,0,0.0,0.0,0.0,0.0
R03,05,549,0,0.0,0.0,0.0,0.0
R03,05,550,0,0.0,0.0,0.0,0.0
R03,05,551,0,0.0,0.0,0.0,0.0
R03,05,552,0,0.0,0.0,0.0,0.0
R03,05,553,0,0.0,0.0,0.0,0.0
R03,05,554,0,0.0,0.0,0.0,0.0
R03,05,555,0,0.0,0.0,0.0,0.0
R03,05,556,0,0.0,0.0,0.0,0.0
R03,05,557,0,0.0,0.0,0.0,0.0
R03,05,558,0,0.0,0.0,0.0,0.0
R03,05,559,0,0.0,0.0,0.0,0.0
R03,05,560,0,0.0,0.0,0.0,0.0
R03,05,561,0,0.0,0.0,0.0,0.0
R03,05,562,0,0.0,0.0,0.0,0.0
R03,05,563,0,0.0,0.0,0.0,0.0
R03,05,564,0,0.0,0.0,0.0,0.0
R03,05,565,0,0.0,0.0,0.0,0.0
R03,05,566,0,0.0,0.0,0.0,0.0
R03,05,567,0,0.0,0.0,0.0,0.0
R03,05,568,0,0.0,0.0,0.0,0.0
R03,05,569,0,0.0,0.0,0.0,0.0
R03,05,570,0,0.0,0.0,0.0,0.0
R03,05,571,0,0.0,0.0,0.0,0.0
R03,05,572,0,0.0,0.0,0.0,0.0
R03,05,573,0,0.0,0.0,0.0,0.0
R03,06,0,0,0.0,0.0,0.0,0.0
R03,06,1,0,0.0,0.0,0.0,0.0
R03,06,2,0,0.0,0.0,0.0,0.0
R03,06,3,0,0.0,0.0,0.0,0.0
R03,06,4,0,0.0,0.0,0.0,0.0
R03,06,5,0,0.0,0.0,0.0,0.0
R03,06,6,0,0.0,0.0,0.0,0.0
R03,06,7,0,0.0,0.0,0.0,0.0
R03,06,8,0,0.0,0.0,0.0,0.0
R03,06,9,0,0.0,0.0,0.0,0.0
R03,06,10,0,0.0,0.0,0.0,0.0
R03,06,11,0,0.0,0.0,0.0,0.0
R03,06,12,0,0.0,0.0,0.0,0.0
R03,06,13,0,0.0,0.0,0.0,0.0
R03,06,14,0,0.0,0.0,0.0,0.0
R03,06,15,0,0.0,0.0,0.0,0.0
R03,06,16,0,0.0,0.0,0.0,0.0
R03,06,17,0,0.0,0.0,0.0,0.0
R03,06,18,0,0.0,0.0,0.0,0.0
R03,06,19,0,0.0,0.0,0.0,0.0
R03,06,20,0,0.0,0.0,0.0,0.0
R03,06,21,0,0.0,0.0,0.0,0.0
R03,06,22,0,0.0,0.0,0.0,0.0
R03,06,23,0,0.0,0.0,0.0,0.0
R03,06,24,0,0.0,0.0,0.0,0.0
R03,06,25,0,0.0,0.0,0.0,0.0
R03,06,26,0,0.0,0.0,0.0,0.0
R03,06,27,0,0.0,0.0,0.0,0.0
R03,06,28,0,0.0,0.0,0.0,0.0
R03,06,29,0,0.0,0.0,0.0,0.0
R03,06,30,0,0.0,0.0,0.0,0.0
R03,06,31,0,0.0,0.0,0.0,0.0
R03,06,32,0,0.0,0.0,0.0,0.0
R03,06,33,0,0.0,0.0,0.0,0.0
R03,06,34,0,0.0,0.0,0.0,0.0
R03,06,35,0,0.0,0.0,0.0,0.0
R03,06,36,0,0.0,0.0,0.0,0.0
R03,06,37,0,0.0,0.0,0.0,0.0
R03,06,38,0,0.0,0.0,0.0,0.0
R03,06,39,0,0.0,0.0,0.0,0.0
R03,06,40,0,0.0,0.0,0.0,0.0
R03,06,41,0,0.0,0.0,0.0,0.0
R03,06,42,0,0.0,0.0,0.0,0.0
R03,06,43,0,0.0,0.0,0.0,0.0
R03,06,44,0,0.0,0.0,0.0,0.0
R03,06,45,0,0.0,0.0,0.0,0.0
R03,06,46,0,0.0,0.0,0.0,0.0
R03,06,47,0,0.0,0.0,0.0,0.0
R03,06,48,0,0.0,0.0,0.0,0.0
R03,06,49,0,0.0,0.0,0.0,0.0
R03,06,50,0,0.0,0.0,0.0,0.0
R03,06,51,0,0.0,0.0,0.0,0.0
R03,06,52,0,0.0,0.0,0.0,0.0
R03,06,53,0,0.0,0.0,0.0,0.0
R03,06,54,0,0.0,0.0,0.0,0.0
R03,06,55,0,0.0,0.0,0.0,0.0
R03,06,56,0,0.0,0.0,0.0,0.0
R03,06,57,0,0.0,0.0,0.0,0.0
R03,06,58,0,0.0,0.0,0.0,0.0
R03,06,59,0,0.0,0.0,0.0,0.0
R03,06,60,0,0.0,0.0,0.0,0.0
R03,06,61,0,0.0,0.0,0.0,0.0
R03,06,62,0,0.0,0.0,0.0,0.0
R03,06,63,0,0.0,0.0,0.0,0.0
R03,06,64,0,0.0,0.0,0.0,0.0
R03,06,65,0,0.0,0.0,0.0,0.0
R03,06,66,0,0.0,0.0,0.0,0.0
R03,06,67,0,0.0,0.0,0.0,0.0
R03,06,68,0,0.0,0.0,0.0,0.0
R03,06,69,0,0.0,0.0,0.0,0.0
R03,06,70,0,0.0,0.0,0.0,0.0
R03,06,71,0,0.0,0.0,0.0,0.0
R03,06,72,0,0.0,0.0,0.0,0.0
R03,06,73,0,0.0,0.0,0.0,0.0
R03,06,74,0,0.0,0.0,0.0,0.0
R03,06,75,0,0.0,0.0,0.0,0.0
R03,06,76,0,0.0,0.0,0.0,0.0
R03,06,77,0,0.0,0.0,0.0,0.0
R03,06,78,0,0.0,0.0,0.0,0.0
R03,06,79,0,0.0,0.0,0.0,0.0
R03,06,80,0,0.0,0.0,0.0,0.0
R03,06,81,0,0.0,0.0,0.0,0.0
R03,06,82,0,0.0,0.0,0.0,0.0
R03,06,83,0,0.0,0.0,0.0,0.0
R03,06,84,0,0.0,0.0,0.0,0.0
R03,06,85,0,0.0,0.0,0.0,0.0
R03,06,86,0,0.0,0.0,0.0,0.0
R03,06,87,0,0.0,0.0,0.0,0.0
R03,06,88,0,0.0,0.0,0.0,0.0
R03,06,89,0,0.0,0.0,0.0,0.0
R03,06,90,0,0.0,0.0,0.0,0.0
R03,06,91,0,0.0,0.0,0.0,0.0
R03,06,92,0,0.0,0.0,0.0,0.0
R03,06,93,0,0.0,0.0,0.0,0.0
R03,06,94,0,0.0,0.0,0.0,0.0
R03,06,95,0,0.0,0.0,0.0,0.0
R03,06,96,0,0.0,0.0,0.0,0.0
R03,06,97,0,0.0,0.0,0.0,0.0
R03,06,98,0,0.0,0.0,0.0,0.0
R03,06,99,0,0.0,0.0,0.0,0.0
R03,06,100,0,0.0,0.0,0.0,0.0
R03,06,101,0,0.0,0.0,0.0,0.0
R03,06,102,0,0.0,0.0,0.0,0.0
R03,06,103,0,0.0,0.0,0.0,0.0
R03,06,104,0,0.0,0.0,0.0,0.0
R03,06,105,0,0.0,0.0,0.0,0.0
R03,06,106,0,0.0,0.0,0.0,0.0
R03,06,107,0,0.0,0.0,0.0,0.0
R03,06,108,0,0.0,0.0,0.0,0.0
R03,06,109,0,0.0,0.0,0.0,0.0
R03,06,110,0,0.0,0.0,0.0,0.0
R03,06,111,0,0.0,0.0,0.0,0.0
R03,06,112,0,0.0,0.0,0.0,0.0
R03,06,113,0,0.0,0.0,0.0,0.0
R03,06,114,0,0.0,0.0,0.0,0.0
R03,06,115,0,0.0,0.0,0.0,0.0
R03,06,116,0,0.0,0.0,0.0,0.0
R03,06,117,0,0.0,0.0,0.0,0.0
R03,06,118,0,0.0,0.0,0.0,0.0
R03,06,119,0,0.0,0.0,0.0,0.0
R03,06,120,0,0.0,0.0,0.0,0.0
R03,06,121,0,0.0,0.0,0.0,0.0
R03,06,122,0,0.0,0.0,0.0,0.0
R03,06,123,0,0.0,0.0,0.0,0.0
R03,06,124,0,0.0,0.0,0.0,0.0
R03,06,125,0,0.0,0.0,0.0,0.0
R03,06,126,0,0.0,0.0,0.0,0.0
R03,06,127,0,0.0,0.0,0.0,0.0
R03,06,128,0,0.0,0.0,0.0,0.0
R03,06,129,0,0.0,0.0,0.0,0.0
R03,06,130,0,0.0,0.0,0.0,0.0
R03,06,131,1,0.0,0.0,0.0,0.0
R03,06,132,1,0.0,0.0,0.0,0.0
R03,06,133,1,0.0,0.0,0.0,0.0
R03,06,134,1,0.0,0.0,0.0,0.0
R03,06,135,1,0.0,0.0,0.0,0.0
R03,06,136,1,0.0,0.0,0.0,0.0
R03,06,137,1,0.0,0.0,0.0,0.0
R03,06,138,1,0.0,0.0,0.0,0.0
R03,06,139,1,0.0,0.0,0.0,0.0
R03,06,140,1,0.0,0.0,0.0,0.0
R03,06,141,1,0.0,0.0,0.0,0.0
R03,06,142,1,0.0,0.0,0.0,0.0
R03,06,143,1,0.0,0.0,0.0,0.0
R03,06,144,1,0.0,0.0,0.0,0.0
R03,06,145,1,0.0,0.0,0.0,0.0
R03,06,146,1,0.0,0.0,0.0,0.0
R03,06,147,1,0.0,0.0,0.0,0.0
R03,06,148,1,0.0,0.0,0.0,0.0
R03,06,149,1,0.0,0.0,0.0,0.0
R03,06,150,1,0.0,0.0,0.0,0.0
R03,06,151,1,0.0,0.0,0.0,0.0
R03,06,152,1,0.0,0.0,0.0,0.0
R03,06,153,1,0.0,0.0,0.0,0.0
R03,06,154,1,0.0,0.0,0.0,0.0
R03,06,155,1,0.0,0.0,0.0,0.0
R03,06,156,1,0.0,0.0,0.0,0.0
R03,06,157,1,0.0,0.0,0.0,0.0
R03,06,158,1,0.0,0.0,0.0,0.0
R03,06,159,1,0.0,0.0,0.0,0.0
R03,06,160,1,0.0,0.0,0.0,0.0
R03,06,161,1,0.0,0.0,0.0,0.0
R03,06,162,1,0.0,0.0,0.0,0.0
R03,06,163,1,0.0,0.0,0.0,0.0
R03,06,164,1,0.0,0.0,0.0,0.0
R03,06,165,1,0.0,0.0,0.0,0.0
R03,06,166,1,0.0,0.0,0.0,0.0
R03,06,167,1,0.0,0.0,0.0,0.0
R03,06,168,1,0.0,0.0,0.0,0.0
R03,06,169,1,0.0,0.0,0.0,0.0
R03,06,170,1,0.0,0.0,0.0,0.0
R03,06,171,1,0.0,0.0,0.0,0.0
R03,06,172,1,0.0,0.0,0.0,0.0
R03,06,173,1,0.0,0.0,0.0,0.0
R03,06,174,1,0.0,0.0,0.0,0.0
R03,06,175,1,0.0,0.0,0.0,0.0
R03,06,176,1,0.0,0.0,0.0,0.0
R03,06,177,1,0.0,0.0,0.0,0.0
R03,06,178,1,0.0,0.0,0.0,0.0
R03,06,179,1,0.0,0.0,0.0,0.0
R03,06,180,1,0.0,0.0,0.0,0.0
R03,06,181,1,0.0,0.0,0.0,0.0
R03,06,182,1,0.0,0.0,0.0,0.0
R03,06,183,1,0.0,0.0,0.0,0.0
R03,06,184,1,0.0,0.0,0.0,0.0
R03,06,185,1,0.0,0.0,0.0,0.0
R03,06,186,1,0.0,0.0,0.0,0.0
R03,06,187,1,0.0,0.0,0.0,0.0
R03,06,188,1,0.0,0.0,0.0,0.0
R03,06,189,1,0.0,0.0,0.0,0.0
R03,06,190,1,0.0,0.0,0.0,0.0
R03,06,191,1,0.0,0.0,0.0,0.0
R03,06,192,1,0.0,0.0,0.0,0.0
R03,06,193,1,0.0,0.0,0.0,0.0
R03,06,194,1,0.0,0.0,0.0,0.0
R03,06,195,1,0.0,0.0,0.0,0.0
R03,06,196,1,0.0,0.0,0.0,0.0
R03,06,197,1,0.0,0.0,0.0,0.0
R03,06,198,1,0.0,0.0,0.0,0.0
R03,06,199,1,0.0,0.0,0.0,0.0
R03,06,200,1,0.0,0.0,0.0,0.0
R03,06,201,1,0.0,0.0,0.0,0.0
R03,06,202,1,0.0,0.0,0.0,0.0
R03,06,203,1,0.0,0.0,0.0,0.0
R03,06,204,1,0.0,0.0,0.0,0.0
R03,06,205,1,0.0,0.0,0.0,0.0
R03,06,206,1,0.0,0.0,0.0,0.0
R03,06,207,1,0.0,0.0,0.0,0.0
R03,06,208,1,0.0,0.0,0.0,0.0
R03,06,209,1,0.0,0.0,0.0,0.0
R03,06,210,1,0.0,0.0,0.0,0.0
R03,06,211,1,0.0,0.0,0.0,0.0
R03,06,212,1,0.0,0.0,0.0,0.0
R03,06,213,1,0.0,0.0,0.0,0.0
R03,06,214,1,0.0,0.0,0.0,0.0
R03,06,215,1,0.0,0.0,0.0,0.0
R03,06,216,1,0.0,0.0,0.0,0.0
R03,06,217,1,0.0,0.0,0.0,0.0
R03,06,218,1,0.0,0.0,0.0,0.0
R03,06,219,1,0.0,0.0,0.0,0.0
R03,06,220,1,0.0,0.0,0.0,0.0
R03,06,221,1,0.0,0.0,0.0,0.0
R03,06,222,1,0.0,0.0,0.0,0.0
R03,06,223,1,0.0,0.0,0.0,0.0
R03,06,224,1,0.0,0.0,0.0,0.0
R03,06,225,1,0.0,0.0,0.0,0.0
R03,06,226,1,0.0,0.0,0.0,0.0
R03,06,227,1,0.0,0.0,0.0,0.0
R03,06,228,1,0.0,0.0,0.0,0.0
R03,06,229,1,0.0,0.0,0.0,0.0
R03,06,230,1,0.0,0.0,0.0,0.0
R03,06,231,1,0.0,0.0,0.0,0.0
R03,06,232,1,0.0,0.0,0.0,0.0
R03,06,233,1,0.0,0.0,0.0,0.0
R03,06,234,1,0.0,0.0,0.0,0.0
R03,06,235,1,0.0,0.0,0.0,0.0
R03,06,236,1,0.0,0.0,0.0,0.0
R03,06,237,1,0.0,0.0,0.0,0.0
R03,06,238,1,0.0,0.0,0.0,0.0
R03,06,239,1,0.0,0.0,0.0,0.0
R03,06,240,1,0.0,0.0,0.0,0.0
R03,06,241,1,0.0,0.0,0.0,0.0
R03,06,242,1,0.0,0.0,0.0,0.0
R03,06,243,1,0.0,0.0,0.0,0.0
R03,06,244,1,0.0,0.0,0.0,0.0
R03,06,245,1,0.0,0.0,0.0,0.0
R03,06,246,1,0.0,0.0,0.0,0.0
R03,06,247,1,0.0,0.0,0.0,0.0
R03,06,248,1,0.0,0.0,0.0,0.0
R03,06,249,1,0.0,0.0,0.0,0.0
R03,06,250,1,0.0,0.0,0.0,0.0
R03,06,251,1,0.0,0.0,0.0,0.0
R03,06,252,1,0.0,0.0,0.0,0.0
R03,06,253,1,0.0,0.0,0.0,0.0
R03,06,254,1,0.0,0.0,0.0,0.0
R03,06,255,1,0.0,0.0,0.0,0.0
R03,06,256,1,0.0,0.0,0.0,0.0
R03,06,257,1,0.0,0.0,0.0,0.0
R03,06,258,1,0.0,0.0,0.0,0.0
R03,06,259,1,0.0,0.0,0.0,0.0
R03,06,260,1,0.0,0.0,0.0,0.0
R03,06,261,1,0.0,0.0,0.0,0.0
R03,06,262,1,0.0,0.0,0.0,0.0
R03,06,263,1,0.0,0.0,0.0,0.0
R03,06,264,1,0.0,0.0,0.0,0.0
R03,06,265,1,0.0,0.0,0.0,0.0
R03,06,266,1,0.0,0.0,0.0,0.0
R03,06,267,1,0.0,0.0,0.0,0.0
R03,06,268,1,0.0,0.0,0.0,0.0
R03,06,269,1,0.0,0.0,0.0,0.0
R03,06,270,1,0.0,0.0,0.0,0.0
R03,06,271,1,0.0,0.0,0.0,0.0
R03,06,272,1,0.0,0.0,0.0,0.0
R03,06,273,1,0.0,0.0,0.0,0.0
R03,06,274,1,0.0,0.0,0.0,0.0
R03,06,275,1,0.0,0.0,0.0,0.0
R03,06,276,1,0.0,0.0,0.0,0.0
R03,06,277,1,0.0,0.0,0.0,0.0
R03,06,278,1,0.0,0.0,0.0,0.0
R03,06,279,1,0.0,0.0,0.0,0.0
R03,06,280,1,0.0,0.0,0.0,0.0
R03,06,281,1,0.0,0.0,0.0,0.0
R03,06,282,1,0.0,0.0,0.0,0.0
R03,06,283,1,0.0,0.0,0.0,0.0
R03,06,284,1,0.0,0.0,0.0,0.0
R03,06,285,1,0.0,0.0,0.0,0.0
R03,06,286,1,0.0,0.0,0.0,0.0
R03,06,287,1,0.0,0.0,0.0,0.0
R03,06,288,1,0.0,0.0,0.0,0.0
R03,06,289,1,0.0,0.0,0.0,0.0
R03,06,290,1,0.0,0.0,0.0,0.0
R03,06,291,1,0.0,0.0,0.0,0.0
R03,06,292,1,0.0,0.0,0.0,0.0
R03,06,293,1,0.0,0.0,0.0,0.0
R03,06,294,1,0.0,0.0,0.0,0.0
R03,06,295,1,0.0,0.0,0.0,0.0
R03,06,296,1,0.0,0.0,0.0,0.0
R03,06,297,1,0.0,0.0,0.0,0.0
R03,06,298,1,0.0,0.0,0.0,0.0
R03,06,299,1,0.0,0.0,0.0,0.0
R03,06,300,1,0.0,0.0,0.0,0.0
R03,06,301,1,0.0,0.0,0.0,0.0
R03,06,302,1,0.0,0.0,0.0,0.0
R03,06,303,1,0.0,0.0,0.0,0.0
R03,06,304,1,0.0,0.0,0.0,0.0
R03,06,305,1,0.0,0.0,0.0,0.0
R03,06,306,1,0.0,0.0,0.0,0.0
R03,06,307,1,0.0,0.0,0.0,0.0
R03,06,308,1,0.0,0.0,0.0,0.0
R03,06,309,1,0.0,0.0,0.0,0.0
R03,06,310,1,0.0,0.0,0.0,0.0
R03,06,311,1,0.0,0.0,0.0,0.0
R03,06,312,1,0.0,0.0,0.0,0.0
R03,06,313,1,0.0,0.0,0.0,0.0
R03,06,314,1,0.0,0.0,0.0,0.0
R03,06,315,1,0.0,0.0,0.0,0.0
R03,06,316,1,0.0,0.0,0.0,0.0
R03,06,317,1,0.0,0.0,0.0,0.0
R03,06,318,1,0.0,0.0,0.0,0.0
R03,06,319,1,0.0,0.0,0.0,0.0
R03,06,320,1,0.0,0.0,0.0,0.0
R03,06,321,1,0.0,0.0,0.0,0.0
R03,06,322,1,0.0,0.0,0.0,0.0
R03,06,323,1,0.0,0.0,0.0,0.0
R03,06,324,1,0.0,0.0,0.0,0.0
R03,06,325,1,0.0,0.0,0.0,0.0
R03,06,326,1,0.0,0.0,0.0,0.0
R03,06,327,1,0.0,0.0,0.0,0.0
R03,06,328,1,0.0,0.0,0.0,0.0
R03,06,329,1,0.0,0.0,0.0,0.0
R03,06,330,1,0.0,0.0,0.0,0.0
R03,06,331,1,0.0,0.0,0.0,0.0
R03,06,332,1,0.0,0.0,0.0,0.0
R03,06,333,1,0.0,0.0,0.0,0.0
R03,06,334,1,0.0,0.0,0.0,0.0
R03,06,335,1,0.0,0.0,0.0,0.0
R03,06,336,1,0.0,0.0,0.0,0.0
R03,06,337,1,0.0,0.0,0.0,0.0
R03,06,338,1,0.0,0.0,0.0,0.0
R03,06,339,1,0.0,0.0,0.0,0.0
R03,06,340,1,0.0,0.0,0.0,0.0
R03,06,341,1,0.0,0.0,0.0,0.0
R03,06,342,1,0.0,0.0,0.0,0.0
R03,06,343,1,0.0,0.0,0.0,0.0
R03,06,344,1,0.0,0.0,0.0,0.0
R03,06,345,1,0.0,0.0,0.0,0.0
R03,06,346,1,0.0,0.0,0.0,0.0
R03,06,347,1,0.0,0.0,0.0,0.0
R03,06,348,1,0.0,0.0,0.0,0.0
R03,06,349,1,0.0,0.0,0.0,0.0
R03,06,350,1,0.0,0.0,0.0,0.0
R03,06,351,1,0.0,0.0,0.0,0.0
R03,06,352,1,0.0,0.0,0.0,0.0
R03,06,353,1,0.0,0.0,0.0,0.0
R03,06,354,1,0.0,0.0,0.0,0.0
R03,06,355,1,0.0,0.0,0.0,0.0
R03,06,356,1,0.0,0.0,0.0,0.0
R03,06,357,1,0.0,0.0,0.0,0.0
R03,06,358,1,0.0,0.0,0.0,0.0
R03,06,359,1,0.0,0.0,0.0,0.0
R03,06,360,1,0.0,0.0,0.0,0.0
R03,06,361,1,0.0,0.0,0.0,0.0
R03,06,362,1,0.0,0.0,0.0,0.0
R03,06,363,1,0.0,0.0,0.0,0.0
R03,06,364,1,0.0,0.0,0.0,0.0
R03,06,365,1,0.0,0.0,0.0,0.0
R03,06,366,1,0.0,0.0,0.0,0.0
R03,06,367,1,0.0,0.0,0.0,0.0
R03,06,368,1,0.0,0.0,0.0,0.0
R03,06,369,1,0.0,0.0,0.0,0.0
R03,06,370,1,0.0,0.0,0.0,0.0
R03,06,371,1,0.0,0.0,0.0,0.0
R03,06,372,1,0.0,0.0,0.0,0.0
R03,06,373,1,0.0,0.0,0.0,0.0
R03,06,374,1,0.0,0.0,0.0,0.0
R03,06,375,1,0.0,0.0,0.0,0.0
R03,06,376,1,0.0,0.0,0.0,0.0
R03,06,377,1,0.0,0.0,0.0,0.0
R03,06,378,1,0.0,0.0,0.0,0.0
R03,06,379,1,0.0,0.0,0.0,0.0
R03,06,380,1,0.0,0.0,0.0,0.0
R03,06,381,1,0.0,0.0,0.0,0.0
R03,06,382,1,0.0,0.0,0.0,0.0
R03,06,383,1,0.0,0.0,0.0,0.0
R03,06,384,1,0.0,0.0,0.0,0.0
R03,06,385,1,0.0,0.0,0.0,0.0
R03,06,386,1,0.0,0.0,0.0,0.0
R03,06,387,1,0.0,0.0,0.0,0.0
R03,06,388,1,0.0,0.0,0.0,0.0
R03,06,389,1,0.0,0.0,0.0,0.0
R03,06,390,1,0.0,0.0,0.0,0.0
R03,06,391,1,0.0,0.0,0.0,0.0
R03,06,392,1,0.0,0.0,0.0,0.0
R03,06,393,1,0.0,0.0,0.0,0.0
R03,06,394,1,0.0,0.0,0.0,0.0
R03,06,395,1,0.0,0.0,0.0,0.0
R03,06,396,1,0.0,0.0,0.0,0.0
R03,06,397,1,0.0,0.0,0.0,0.0
R03,06,398,1,0.0,0.0,0.0,0.0
R03,06,399,1,0.0,0.0,0.0,0.0
R03,06,400,1,0.0,0.0,0.0,0.0
R03,06,401,1,0.0,0.0,0.0,0.0
R03,06,402,1,0.0,0.0,0.0,0.0
R03,06,403,1,0.0,0.0,0.0,0.0
R03,06,404,1,0.0,0.0,0.0,0.0
R03,06,405,1,0.0,0.0,0.0,0.0
R03,06,406,1,0.0,0.0,0.0,0.0
R03,06,407,1,0.0,0.0,0.0,0.0
R03,06,408,1,0.0,0.0,0.0,0.0
R03,06,409,1,0.0,0.0,0.0,0.0
R03,06,410,1,0.0,0.0,0.0,0.0
R03,06,411,1,0.0,0.0,0.0,0.0
R03,06,412,1,0.0,0.0,0.0,0.0
R03,06,413,1,0.0,0.0,0.0,0.0
R03,06,414,1,0.0,0.0,0.0,0.0
R03,06,415,1,0.0,0.0,0.0,0.0
R03,06,416,1,0.0,0.0,0.0,0.0
R03,06,417,1,0.0,0.0,0.0,0.0
R03,06,418,1,0.0,0.0,0.0,0.0
R03,06,419,1,0.0,0.0,0.0,0.0
R03,06,420,1,0.0,0.0,0.0,0.0
R03,06,421,1,0.0,0.0,0.0,0.0
R03,06,422,1,0.0,0.0,0.0,0.0
R03,06,423,1,0.0,0.0,0.0,0.0
R03,06,424,1,0.0,0.0,0.0,0.0
R03,06,425,1,0.0,0.0,0.0,0.0
R03,06,426,1,0.0,0.0,0.0,0.0
R03,06,427,1,0.0,0.0,0.0,0.0
R03,06,428,1,0.0,0.0,0.0,0.0
R03,06,429,1,0.0,0.0,0.0,0.0
R03,06,430,1,0.0,0.0,0.0,0.0
R03,06,431,1,0.0,0.0,0.0,0.0
R03,06,432,1,0.0,0.0,0.0,0.0
R03,06,433,1,0.0,0.0,0.0,0.0
R03,06,434,1,0.0,0.0,0.0,0.0
R03,06,435,1,0.0,0.0,0.0,0.0
R03,06,436,1,0.0,0.0,0.0,0.0
R03,06,437,1,0.0,0.0,0.0,0.0
R03,06,438,1,0.0,0.0,0.0,0.0
R03,06,439,1,0.0,0.0,0.0,0.0
R03,06,440,1,0.0,0.0,0.0,0.0
R03,06,441,1,0.0,0.0,0.0,0.0
R03,06,442,1,0.0,0.0,0.0,0.0
R03,06,443,1,0.0,0.0,0.0,0.0
R03,06,444,1,0.0,0.0,0.0,0.0
R03,06,445,1,0.0,0.0,0.0,0.0
R03,06,446,1,0.0,0.0,0.0,0.0
R03,06,447,1,0.0,0.0,0.0,0.0
R03,06,448,1,0.0,0.0,0.0,0.0
R03,06,449,1,0.0,0.0,0.0,0.0
R03,06,450,1,0.0,0.0,0.0,0.0
R03,06,451,1,0.0,0.0,0.0,0.0
R03,06,452,1,0.0,0.0,0.0,0.0
R03,06,453,1,0.0,0.0,0.0,0.0
R03,06,454,1,0.0,0.0,0.0,0.0
R03,06,455,1,0.0,0.0,0.0,0.0
R03,06,456,1,0.0,0.0,0.0,0.0
R03,06,457,1,0.0,0.0,0.0,0.0
R03,06,458,1,0.0,0.0,0.0,0.0
R03,06,459,1,0.0,0.0,0.0,0.0
R03,06,460,1,0.0,0.0,0.0,0.0
R03,06,461,1,0.0,0.0,0.0,0.0
R03,06,462,1,0.0,0.0,0.0,0.0
R03,06,463,1,0.0,0.0,0.0,0.0
R03,06,464,1,0.0,0.0,0.0,0.0
R03,06,465,1,0.0,0.0,0.0,0.0
R03,06,466,1,0.0,0.0,0.0,0.0
R03,06,467,1,0.0,0.0,0.0,0.0
R03,06,468,1,0.0,0.0,0.0,0.0
R03,06,469,1,0.0,0.0,0.0,0.0
R03,06,470,1,0.0,0.0,0.0,0.0
R03,06,471,1,0.0,0.0,0.0,0.0
R03,06,472,1,0.0,0.0,0.0,0.0
R03,06,473,1,0.0,0.0,0.0,0.0
R03,06,474,1,0.0,0.0,0.0,0.0
R03,06,475,1,0.0,0.0,0.0,0.0
R03,06,476,1,0.0,0.0,0.0,0.0
R03,06,477,1,0.0,0.0,0.0,0.0
R03,06,478,1,0.0,0.0,0.0,0.0
R03,06,479,1,0.0,0.0,0.0,0.0
R03,06,480,1,0.0,0.0,0.0,0.0
R03,06,481,1,0.0,0.0,0.0,0.0
R03,06,482,1,0.0,0.0,0.0,0.0
R03,06,483,1,0.0,0.0,0.0,0.0
R03,06,484,1,0.0,0.0,0.0,0.0
R03,06,485,1,0.0,0.0,0.0,0.0
R03,06,486,1,0.0,0.0,0.0,0.0
R03,06,487,1,0.0,0.0,0.0,0.0
R03,06,488,1,0.0,0.0,0.0,0.0
R03,06,489,1,0.0,0.0,0.0,0.0
R03,06,490,1,0.0,0.0,0.0,0.0
R03,06,491,1,0.0,0.0,0.0,0.0
R03,06,492,1,0.0,0.0,0.0,0.0
R03,06,493,1,0.0,0.0,0.0,0.0
R03,06,494,1,0.0,0.0,0.0,0.0
R03,06,495,1,0.0,0.0,0.0,0.0
R03,06,496,1,0.0,0.0,0.0,0.0
R03,06,497,1,0.0,0.0,0.0,0.0
R03,06,498,1,0.0,0.0,0.0,0.0
R03,06,499,1,0.0,0.0,0.0,0.0
R03,06,500,1,0.0,0.0,0.0,0.0
R03,06,501,1,0.0,0.0,0.0,0.0
R03,06,502,1,0.0,0.0,0.0,0.0
R03,06,503,1,0.0,0.0,0.0,0.0
R03,06,504,1,0.0,0.0,0.0,0.0
R03,06,505,1,0.0,0.0,0.0,0.0
R03,06,506,1,0.0,0.0,0.0,0.0
R03,06,507,1,0.0,0.0,0.0,0.0
R03,06,508,1,0.0,0.0,0.0,0.0
R03,06,509,1,0.0,0.0,0.0,0.0
R03,06,510,1,0.0,0.0,0.0,0.0
R03,06,511,1,0.0,0.0,0.0,0.0
R03,06,512,1,0.0,0.0,0.0,0.0
R03,06,513,1,0.0,0.0,0.0,0.0
R03,06,514,1,0.0,0.0,0.0,0.0
R03,06,515,1,0.0,0.0,0.0,0.0
R03,06,516,1,0.0,0.0,0.0,0.0
R03,06,517,1,0.0,0.0,0.0,0.0
R03,06,518,1,0.0,0.0,0.0,0.0
R03,06,519,1,0.0,0.0,0.0,0.0
R03,06,520,1,0.0,0.0,0.0,0.0
R03,06,521,1,0.0,0.0,0.0,0.0
R03,06,522,1,0.0,0.0,0.0,0.0
R03,06,523,1,0.0,0.0,0.0,0.0
R03,06,524,1,0.0,0.0,0.0,0.0
R03,06,525,1,0.0,0.0,0.0,0.0
R03,06,526,1,0.0,0.0,0.0,0.0
R03,06,527,1,0.0,0.0,0.0,0.0
R03,06,528,1,0.0,0.0,0.0,0.0
R03,06,529,1,0.0,0.0,0.0,0.0
R03,06,530,1,0.0,0.0,0.0,0.0
R03,06,531,1,0.0,0.0,0.0,0.0
R03,06,532,1,0.0,0.0,0.0,0.0
R03,06,533,1,0.0,0.0,0.0,0.0
R03,06,534,1,0.0,0.0,0.0,0.0
R03,06,535,1,0.0,0.0,0.0,0.0
R03,06,536,1,0.0,0.0,0.0,0.0
R03,06,537,1,0.0,0.0,0.0,0.0
R03,06,538,1,0.0,0.0,0.0,0.0
R03,06,539,1,0.0,0.0,0.0,0.0
R03,06,540,1,0.0,0.0,0.0,0.0
R03,06,541,1,0.0,0.0,0.0,0.0
R03,06,542,1,0.0,0.0,0.0,0.0
R03,06,543,1,0.0,0.0,0.0,0.0
R03,06,544,1,0.0,0.0,0.0,0.0
R03,06,545,1,0.0,0.0,0.0,0.0
R03,06,546,1,0.0,0.0,0.0,0.0
R03,06,547,1,0.0,0.0,0.0,0.0
R03,06,548,1,0.0,0.0,0.0,0.0
R03,06,549,1,0.0,0.0,0.0,0.0
R03,06,550,1,0.0,0.0,0.0,0.0
R03,06,551,1,0.0,0.0,0.0,0.0
R03,06,552,1,0.0,0.0,0.0,0.0
R03,06,553,1,0.0,0.0,0.0,0.0
R03,06,554,1,0.0,0.0,0.0,0.0
R03,06,555,1,0.0,0.0,0.0,0.0
R03,06,556,1,0.0,0.0,0.0,0.0
R03,06,557,1,0.0,0.0,0.0,0.0
R03,06,558,1,0.0,0.0,0.0,0.0
R03,06,559,1,0.0,0.0,0.0,0.0
R03,06,560,1,0.0,0.0,0.0,0.0
R03,06,561,1,0.0,0.0,0.0,0.0
R03,06,562,1,0.0,0.0,0.0,0.0
R03,06,563,1,0.0,0.0,0.0,0.0
R03,06,564,1,0.0,0.0,0.0,0.0
R03,06,565,1,0.0,0.0,0.0,0.0
R03,06,566,1,0.0,0.0,0.0,0.0
R03,06,567,1,0.0,0.0,0.0,0.0
R03,06,568,1,0.0,0.0,0.0,0.0
R03,06,569,1,0.0,0.0,0.0,0.0
R03,06,570,1,0.0,0.0,0.0,0.0
R03,06,571,1,0.0,0.0,0.0,0.0
R03,06,572,1,0.0,0.0,0.0,0.0
R03,06,573,1,0.0,0.0,0.0,0.0
R03,06,574,1,0.0,0.0,0.0,0.0
R03,06,575,1,0.0,0.0,0.0,0.0
R03,06,576,1,0.0,0.0,0.0,0.0
R03,06,577,1,0.0,0.0,0.0,0.0
R03,06,578,1,0.0,0.0,0.0,0.0
R03,06,579,1,0.0,0.0,0.0,0.0
R03,06,580,1,0.0,0.0,0.0,0.0
R03,06,581,1,0.0,0.0,0.0,0.0
R03,07,0,0,0.0,0.0,0.0,0.0
R03,07,1,0,0.0,0.0,0.0,0.0
R03,07,2,0,0.0,0.0,0.0,0.0
R03,07,3,0,0.0,0.0,0.0,0.0
R03,07,4,0,0.0,0.0,0.0,0.0
R03,07,5,0,0.0,0.0,0.0,0.0
R03,07,6,0,0.0,0.0,0.0,0.0
R03,07,7,0,0.0,0.0,0.0,0.0
R03,07,8,0,0.0,0.0,0.0,0.0
R03,07,9,0,0.0,0.0,0.0,0.0
R03,07,10,0,0.0,0.0,0.0,0.0
R03,07,11,0,0.0,0.0,0.0,0.0
R03,07,12,0,0.0,0.0,0.0,0.0
R03,07,13,0,0.0,0.0,0.0,0.0
R03,07,14,0,0.0,0.0,0.0,0.0
R03,07,15,0,0.0,0.0,0.0,0.0
R03,07,16,0,0.0,0.0,0.0,0.0
R03,07,17,0,0.0,0.0,0.0,0.0
R03,07,18,0,0.0,0.0,0.0,0.0
R03,07,19,0,0.0,0.0,0.0,0.0
R03,07,20,0,0.0,0.0,0.0,0.0
R03,07,21,0,0.0,0.0,0.0,0.0
R03,07,22,0,0.0,0.0,0.0,0.0
R03,07,23,0,0.0,0.0,0.0,0.0
R03,07,24,0,0.0,0.0,0.0,0.0
R03,07,25,0,0.0,0.0,0.0,0.0
R03,07,26,0,0.0,0.0,0.0,0.0
R03,07,27,0,0.0,0.0,0.0,0.0
R03,07,28,0,0.0,0.0,0.0,0.0
R03,07,29,0,0.0,0.0,0.0,0.0
R03,07,30,0,0.0,0.0,0.0,0.0
R03,07,31,0,0.0,0.0,0.0,0.0
R03,07,32,0,0.0,0.0,0.0,0.0
R03,07,33,0,0.0,0.0,0.0,0.0
R03,07,34,0,0.0,0.0,0.0,0.0
R03,07,35,0,0.0,0.0,0.0,0.0
R03,07,36,0,0.0,0.0,0.0,0.0
R03,07,37,0,0.0,0.0,0.0,0.0
R03,07,38,0,0.0,0.0,0.0,0.0
R03,07,39,0,0.0,0.0,0.0,0.0
R03,07,40,0,0.0,0.0,0.0,0.0
R03,07,41,0,0.0,0.0,0.0,0.0
R03,07,42,0,0.0,0.0,0.0,0.0
R03,07,43,0,0.0,0.0,0.0,0.0
R03,07,44,0,0.0,0.0,0.0,0.0
R03,07,45,0,0.0,0.0,0.0,0.0
R03,07,46,0,0.0,0.0,0.0,0.0
R03,07,47,0,0.0,0.0,0.0,0.0
R03,07,48,0,0.0,0.0,0.0,0.0
R03,07,49,0,0.0,0.0,0.0,0.0
R03,07,50,0,0.0,0.0,0.0,0.0
R03,07,51,0,0.0,0.0,0.0,0.0
R03,07,52,0,0.0,0.0,0.0,0.0
R03,07,53,0,0.0,0.0,0.0,0.0
R03,07,54,0,0.0,0.0,0.0,0.0
R03,07,55,0,0.0,0.0,0.0,0.0
R03,07,56,0,0.0,0.0,0.0,0.0
R03,07,57,0,0.0,0.0,0.0,0.0
R03,07,58,0,0.0,0.0,0.0,0.0
R03,07,59,0,0.0,0.0,0.0,0.0
R03,07,60,0,0.0,0.0,0.0,0.0
R03,07,61,0,0.0,0.0,0.0,0.0
R03,07,62,0,0.0,0.0,0.0,0.0
R03,07,63,0,0.0,0.0,0.0,0.0
R03,07,64,0,0.0,0.0,0.0,0.0
R03,07,65,0,0.0,0.0,0.0,0.0
R03,07,66,0,0.0,0.0,0.0,0.0
R03,07,67,0,0.0,0.0,0.0,0.0
R03,07,68,0,0.0,0.0,0.0,0.0
R03,07,69,0,0.0,0.0,0.0,0.0
R03,07,70,0,0.0,0.0,0.0,0.0
R03,07,71,0,0.0,0.0,0.0,0.0
R03,07,72,0,0.0,0.0,0.0,0.0
R03,07,73,0,0.0,0.0,0.0,0.0
R03,07,74,0,0.0,0.0,0.0,0.0
R03,07,75,0,0.0,0.0,0.0,0.0
R03,07,76,0,0.0,0.0,0.0,0.0
R03,07,77,0,0.0,0.0,0.0,0.0
R03,07,78,0,0.0,0.0,0.0,0.0
R03,07,79,0,0.0,0.0,0.0,0.0
R03,07,80,0,0.0,0.0,0.0,0.0
R03,07,81,0,0.0,0.0,0.0,0.0
R03,07,82,0,0.0,0.0,0.0,0.0
R03,07,83,0,0.0,0.0,0.0,0.0
R03,07,84,0,0.0,0.0,0.0,0.0
R03,07,85,0,0.0,0.0,0.0,0.0
R03,07,86,0,0.0,0.0,0.0,0.0
R03,07,87,0,0.0,0.0,0.0,0.0
R03,07,88,0,0.0,0.0,0.0,0.0
R03,07,89,0,0.0,0.0,0.0,0.0
R03,07,90,0,0.0,0.0,0.0,0.0
R03,07,91,0,0.0,0.0,0.0,0.0
R03,07,92,0,0.0,0.0,0.0,0.0
R03,07,93,0,0.0,0.0,0.0,0.0
R03,07,94,0,0.0,0.0,0.0,0.0
R03,07,95,0,0.0,0.0,0.0,0.0
R03,07,96,0,0.0,0.0,0.0,0.0
R03,07,97,0,0.0,0.0,0.0,0.0
R03,07,98,0,0.0,0.0,0.0,0.0
R03,07,99,0,0.0,0.0,0.0,0.0
R03,07,100,0,0.0,0.0,0.0,0.0
R03,07,101,0,0.0,0.0,0.0,0.0
R03,07,102,0,0.0,0.0,0.0,0.0
R03,07,103,0,0.0,0.0,0.0,0.0
R03,07,104,0,0.0,0.0,0.0,0.0
R03,07,105,0,0.0,0.0,0.0,0.0
R03,07,106,0,0.0,0.0,0.0,0.0
R03,07,107,0,0.0,0.0,0.0,0.0
R03,07,108,0,0.0,0.0,0.0,0.0
R03,07,109,0,0.0,0.0,0.0,0.0
R03,07,110,0,0.0,0.0,0.0,0.0
R03,07,111,0,0.0,0.0,0.0,0.0
R03,07,112,0,0.0,0.0,0.0,0.0
R03,07,113,0,0.0,0.0,0.0,0.0
R03,07,114,0,0.0,0.0,0.0,0.0
R03,07,115,0,0.0,0.0,0.0,0.0
R03,07,116,0,0.0,0.0,0.0,0.0
R03,07,117,0,0.0,0.0,0.0,0.0
R03,07,118,0,0.0,0.0,0.0,0.0
R03,07,119,0,0.0,0.0,0.0,0.0
R03,07,120,0,0.0,0.0,0.0,0.0
R03,07,121,0,0.0,0.0,0.0,0.0
R03,07,122,0,0.0,0.0,0.0,0.0
R03,07,123,0,0.0,0.0,0.0,0.0
R03,07,124,0,0.0,0.0,0.0,0.0
R03,07,125,0,0.0,0.0,0.0,0.0
R03,07,126,0,0.0,0.0,0.0,0.0
R03,07,127,0,0.0,0.0,0.0,0.0
R03,07,128,0,0.0,0.0,0.0,0.0
R03,07,129,0,0.0,0.0,0.0,0.0
R03,07,130,0,0.0,0.0,0.0,0.0
R03,07,131,0,0.0,0.0,0.0,0.0
R03,07,132,0,0.0,0.0,0.0,0.0
R03,07,133,0,0.0,0.0,0.0,0.0
R03,07,134,0,0.0,0.0,0.0,0.0
R03,07,135,0,0.0,0.0,0.0,0.0
R03,07,136,0,0.0,0.0,0.0,0.0
R03,07,137,0,0.0,0.0,0.0,0.0
R03,07,138,0,0.0,0.0,0.0,0.0
R03,07,139,0,0.0,0.0,0.0,0.0
R03,07,140,0,0.0,0.0,0.0,0.0
R03,07,141,0,0.0,0.0,0.0,0.0
R03,07,142,0,0.0,0.0,0.0,0.0
R03,07,143,0,0.0,0.0,0.0,0.0
R03,07,144,0,0.0,0.0,0.0,0.0
R03,07,145,0,0.0,0.0,0.0,0.0
R03,07,146,0,0.0,0.0,0.0,0.0
R03,07,147,0,0.0,0.0,0.0,0.0
R03,07,148,0,0.0,0.0,0.0,0.0
R03,07,149,0,0.0,0.0,0.0,0.0
R03,07,150,0,0.0,0.0,0.0,0.0
R03,07,151,0,0.0,0.0,0.0,0.0
R03,07,152,0,0.0,0.0,0.0,0.0
R03,07,153,0,0.0,0.0,0.0,0.0
R03,07,154,0,0.0,0.0,0.0,0.0
R03,07,155,0,0.0,0.0,0.0,0.0
R03,07,156,0,0.0,0.0,0.0,0.0
R03,07,157,0,0.0,0.0,0.0,0.0
R03,07,158,0,0.0,0.0,0.0,0.0
R03,07,159,0,0.0,0.0,0.0,0.0
R03,07,160,0,0.0,0.0,0.0,0.0
R03,07,161,0,0.0,0.0,0.0,0.0
R03,07,162,0,0.0,0.0,0.0,0.0
R03,07,163,0,0.0,0.0,0.0,0.0
R03,07,164,0,0.0,0.0,0.0,0.0
R03,07,165,0,0.0,0.0,0.0,0.0
R03,07,166,0,0.0,0.0,0.0,0.0
R03,07,167,0,0.0,0.0,0.0,0.0
R03,07,168,0,0.0,0.0,0.0,0.0
R03,07,169,0,0.0,0.0,0.0,0.0
R03,07,170,0,0.0,0.0,0.0,0.0
R03,07,171,0,0.0,0.0,0.0,0.0
R03,07,172,0,0.0,0.0,0.0,0.0
R03,07,173,0,0.0,0.0,0.0,0.0
R03,07,174,0,0.0,0.0,0.0,0.0
R03,07,175,0,0.0,0.0,0.0,0.0
R03,07,176,0,0.0,0.0,0.0,0.0
R03,07,177,0,0.0,0.0,0.0,0.0
R03,07,178,0,0.0,0.0,0.0,0.0
R03,07,179,0,0.0,0.0,0.0,0.0
R03,07,180,0,0.0,0.0,0.0,0.0
R03,07,181,0,0.0,0.0,0.0,0.0
R03,07,182,0,0.0,0.0,0.0,0.0
R03,07,183,0,0.0,0.0,0.0,0.0
R03,07,184,0,0.0,0.0,0.0,0.0
R03,07,185,0,0.0,0.0,0.0,0.0
R03,07,186,0,0.0,0.0,0.0,0.0
R03,07,187,0,0.0,0.0,0.0,0.0
R03,07,188,0,0.0,0.0,0.0,0.0
R03,07,189,0,0.0,0.0,0.0,0.0
R03,07,190,0,0.0,0.0,0.0,0.0
R03,07,191,0,0.0,0.0,0.0,0.0
R03,07,192,0,0.0,0.0,0.0,0.0
R03,07,193,0,0.0,0.0,0.0,0.0
R03,07,194,0,0.0,0.0,0.0,0.0
R03,07,195,0,0.0,0.0,0.0,0.0
R03,07,196,0,0.0,0.0,0.0,0.0
R03,07,197,0,0.0,0.0,0.0,0.0
R03,07,198,0,0.0,0.0,0.0,0.0
R03,07,199,0,0.0,0.0,0.0,0.0
R03,07,200,0,0.0,0.0,0.0,0.0
R03,07,201,0,0.0,0.0,0.0,0.0
R03,07,202,0,0.0,0.0,0.0,0.0
R03,07,203,0,0.0,0.0,0.0,0.0
R03,07,204,0,0.0,0.0,0.0,0.0
R03,07,205,0,0.0,0.0,0.0,0.0
R03,07,206,0,0.0,0.0,0.0,0.0
R03,07,207,0,0.0,0.0,0.0,0.0
R03,07,208,0,0.0,0.0,0.0,0.0
R03,07,209,0,0.0,0.0,0.0,0.0
R03,07,210,0,0.0,0.0,0.0,0.0
R03,07,211,0,0.0,0.0,0.0,0.0
R03,07,212,0,0.0,0.0,0.0,0.0
R03,07,213,0,0.0,0.0,0.0,0.0
R03,07,214,0,0.0,0.0,0.0,0.0
R03,07,215,0,0.0,0.0,0.0,0.0
R03,07,216,0,0.0,0.0,0.0,0.0
R03,07,217,0,0.0,0.0,0.0,0.0
R03,07,218,0,0.0,0.0,0.0,0.0
R03,07,219,0,0.0,0.0,0.0,0.0
R03,07,220,0,0.0,0.0,0.0,0.0
R03,07,221,0,0.0,0.0,0.0,0.0
R03,07,222,0,0.0,0.0,0.0,0.0
R03,07,223,0,0.0,0.0,0.0,0.0
R03,07,224,0,0.0,0.0,0.0,0.0
R03,07,225,0,0.0,0.0,0.0,0.0
R03,07,226,0,0.0,0.0,0.0,0.0
R03,07,227,0,0.0,0.0,0.0,0.0
R03,07,228,0,0.0,0.0,0.0,0.0
R03,07,229,0,0.0,0.0,0.0,0.0
R03,07,230,0,0.0,0.0,0.0,0.0
R03,07,231,0,0.0,0.0,0.0,0.0
R03,07,232,0,0.0,0.0,0.0,0.0
R03,07,233,0,0.0,0.0,0.0,0.0
R03,07,234,0,0.0,0.0,0.0,0.0
R03,07,235,0,0.0,0.0,0.0,0.0
R03,07,236,0,0.0,0.0,0.0,0.0
R03,07,237,0,0.0,0.0,0.0,0.0
R03,07,238,0,0.0,0.0,0.0,0.0
R03,07,239,0,0.0,0.0,0.0,0.0
R03,07,240,0,0.0,0.0,0.0,0.0
R03,07,241,0,0.0,0.0,0.0,0.0
R03,07,242,0,0.0,0.0,0.0,0.0
R03,07,243,0,0.0,0.0,0.0,0.0
R03,07,244,0,0.0,0.0,0.0,0.0
R03,07,245,0,0.0,0.0,0.0,0.0
R03,07,246,0,0.0,0.0,0.0,0.0
R03,07,247,0,0.0,0.0,0.0,0.0
R03,07,248,0,0.0,0.0,0.0,0.0
R03,07,249,0,0.0,0.0,0.0,0.0
R03,07,250,0,0.0,0.0,0.0,0.0
R03,07,251,0,0.0,0.0,0.0,0.0
R03,07,252,0,0.0,0.0,0.0,0.0
R03,07,253,0,0.0,0.0,0.0,0.0
R03,07,254,0,0.0,0.0,0.0,0.0
R03,07,255,0,0.0,0.0,0.0,0.0
R03,07,256,0,0.0,0.0,0.0,0.0
R03,07,257,0,0.0,0.0,0.0,0.0
R03,07,258,0,0.0,0.0,0.0,0.0
R03,07,259,0,0.0,0.0,0.0,0.0
R03,07,260,0,0.0,0.0,0.0,0.0
R03,07,261,0,0.0,0.0,0.0,0.0
R03,07,262,0,0.0,0.0,0.0,0.0
R03,07,263,0,0.0,0.0,0.0,0.0
R03,07,264,0,0.0,0.0,0.0,0.0
R03,07,265,0,0.0,0.0,0.0,0.0
R03,07,266,0,0.0,0.0,0.0,0.0
R03,07,267,0,0.0,0.0,0.0,0.0
R03,07,268,0,0.0,0.0,0.0,0.0
R03,07,269,1,0.0,0.0,0.0,0.0
R03,07,270,1,0.0,0.0,0.0,0.0
R03,07,271,1,0.0,0.0,0.0,0.0
R03,07,272,1,0.0,0.0,0.0,0.0
R03,07,273,1,0.0,0.0,0.0,0.0
R03,07,274,1,0.0,0.0,0.0,0.0
R03,07,275,1,0.0,0.0,0.0,0.0
R03,07,276,1,0.0,0.0,0.0,0.0
R03,07,277,1,0.0,0.0,0.0,0.0
R03,07,278,1,0.0,0.0,0.0,0.0
R03,07,279,1,0.0,0.0,0.0,0.0
R03,07,280,1,0.0,0.0,0.0,0.0
R03,07,281,1,0.0,0.0,0.0,0.0
R03,07,282,1,0.0,0.0,0.0,0.0
R03,07,283,1,0.0,0.0,0.0,0.0
R03,07,284,1,0.0,0.0,0.0,0.0
R03,07,285,1,0.0,0.0,0.0,0.0
R03,07,286,1,0.0,0.0,0.0,0.0
R03,07,287,1,0.0,0.0,0.0,0.0
R03,07,288,1,0.0,0.0,0.0,0.0
R03,07,289,1,0.0,0.0,0.0,0.0
R03,07,290,1,0.0,0.0,0.0,0.0
R03,07,291,1,0.0,0.0,0.0,0.0
R03,07,292,1,0.0,0.0,0.0,0.0
R03,07,293,1,0.0,0.0,0.0,0.0
R03,07,294,1,0.0,0.0,0.0,0.0
R03,07,295,1,0.0,0.0,0.0,0.0
R03,07,296,1,0.0,0.0,0.0,0.0
R03,07,297,1,0.0,0.0,0.0,0.0
R03,07,298,1,0.0,0.0,0.0,0.0
R03,07,299,1,0.0,0.0,0.0,0.0
R03,07,300,1,0.0,0.0,0.0,0.0
R03,07,301,1,0.0,0.0,0.0,0.0
R03,07,302,1,0.0,0.0,0.0,0.0
R03,07,303,1,0.0,0.0,0.0,0.0
R03,07,304,1,0.0,0.0,0.0,0.0
R03,07,305,1,0.0,0.0,0.0,0.0
R03,07,306,1,0.0,0.0,0.0,0.0
R03,07,307,1,0.0,0.0,0.0,0.0
R03,07,308,1,0.0,0.0,0.0,0.0
R03,07,309,1,0.0,0.0,0.0,0.0
R03,07,310,1,0.0,0.0,0.0,0.0
R03,07,311,1,0.0,0.0,0.0,0.0
R03,07,312,1,0.0,0.0,0.0,0.0
R03,07,313,1,0.0,0.0,0.0,0.0
R03,07,314,1,0.0,0.0,0.0,0.0
R03,07,315,1,0.0,0.0,0.0,0.0
R03,07,316,1,0.0,0.0,0.0,0.0
R03,07,317,1,0.0,0.0,0.0,0.0
R03,07,318,1,0.0,0.0,0.0,0.0
R03,07,319,1,0.0,0.0,0.0,0.0
R03,07,320,1,0.0,0.0,0.0,0.0
R03,07,321,1,0.0,0.0,0.0,0.0
R03,07,322,1,0.0,0.0,0.0,0.0
R03,07,323,1,0.0,0.0,0.0,0.0
R03,07,324,1,0.0,0.0,0.0,0.0
R03,07,325,1,0.0,0.0,0.0,0.0
R03,07,326,1,0.0,0.0,0.0,0.0
R03,07,327,1,0.0,0.0,0.0,0.0
R03,07,328,1,0.0,0.0,0.0,0.0
R03,07,329,1,0.0,0.0,0.0,0.0
R03,07,330,1,0.0,0.0,0.0,0.0
R03,07,331,1,0.0,0.0,0.0,0.0
R03,07,332,1,0.0,0.0,0.0,0.0
R03,07,333,1,0.0,0.0,0.0,0.0
R03,07,334,1,0.0,0.0,0.0,0.0
R03,07,335,1,0.0,0.0,0.0,0.0
R03,07,336,1,0.0,0.0,0.0,0.0
R03,07,337,1,0.0,0.0,0.0,0.0
R03,07,338,1,0.0,0.0,0.0,0.0
R03,07,339,1,0.0,0.0,0.0,0.0
R03,07,340,1,0.0,0.0,0.0,0.0
R03,07,341,1,0.0,0.0,0.0,0.0
R03,07,342,1,0.0,0.0,0.0,0.0
R03,07,343,1,0.0,0.0,0.0,0.0
R03,07,344,1,0.0,0.0,0.0,0.0
R03,07,345,1,0.0,0.0,0.0,0.0
R03,07,346,1,0.0,0.0,0.0,0.0
R03,07,347,1,0.0,0.0,0.0,0.0
R03,07,348,1,0.0,0.0,0.0,0.0
R03,07,349,1,0.0,0.0,0.0,0.0
R03,07,350,1,0.0,0.0,0.0,0.0
R03,07,351,1,0.0,0.0,0.0,0.0
R03,07,352,1,0.0,0.0,0.0,0.0
R03,07,353,1,0.0,0.0,0.0,0.0
R03,07,354,1,0.0,0.0,0.0,0.0
R03,07,355,1,0.0,0.0,0.0,0.0
R03,07,356,1,0.0,0.0,0.0,0.0
R03,07,357,1,0.0,0.0,0.0,0.0
R03,07,358,1,0.0,0.0,0.0,0.0
R03,07,359,1,0.0,0.0,0.0,0.0
R03,07,360,1,0.0,0.0,0.0,0.0
R03,07,361,1,0.0,0.0,0.0,0.0
R03,07,362,1,0.0,0.0,0.0,0.0
R03,07,363,1,0.0,0.0,0.0,0.0
R03,07,364,1,0.0,0.0,0.0,0.0
R03,07,365,1,0.0,0.0,0.0,0.0
R03,07,366,1,0.0,0.0,0.0,0.0
R03,07,367,1,0.0,0.0,0.0,0.0
R03,07,368,1,0.0,0.0,0.0,0.0
R03,07,369,1,0.0,0.0,0.0,0.0
R03,07,370,1,0.0,0.0,0.0,0.0
R03,07,371,1,0.0,0.0,0.0,0.0
R03,07,372,1,0.0,0.0,0.0,0.0
R03,07,373,1,0.0,0.0,0.0,0.0
R03,07,374,1,0.0,0.0,0.0,0.0
R03,07,375,1,0.0,0.0,0.0,0.0
R03,07,376,1,0.0,0.0,0.0,0.0
R03,07,377,1,0.0,0.0,0.0,0.0
R03,07,378,1,0.0,0.0,0.0,0.0
R03,07,379,1,0.0,0.0,0.0,0.0
R03,07,380,1,0.0,0.0,0.0,0.0
R03,07,381,1,0.0,0.0,0.0,0.0
R03,07,382,1,0.0,0.0,0.0,0.0
R03,07,383,1,0.0,0.0,0.0,0.0
R03,07,384,1,0.0,0.0,0.0,0.0
R03,07,385,1,0.0,0.0,0.0,0.0
R03,07,386,1,0.0,0.0,0.0,0.0
R03,07,387,1,0.0,0.0,0.0,0.0
R03,07,388,1,0.0,0.0,0.0,0.0
R03,07,389,1,0.0,0.0,0.0,0.0
R03,07,390,1,0.0,0.0,0.0,0.0
R03,07,391,1,0.0,0.0,0.0,0.0
R03,07,392,1,0.0,0.0,0.0,0.0
R03,07,393,1,0.0,0.0,0.0,0.0
R03,07,394,1,0.0,0.0,0.0,0.0
R03,07,395,1,0.0,0.0,0.0,0.0
R03,07,396,1,0.0,0.0,0.0,0.0
R03,07,397,1,0.0,0.0,0.0,0.0
R03,07,398,1,0.0,0.0,0.0,0.0
R03,07,399,1,0.0,0.0,0.0,0.0
R03,07,400,1,0.0,0.0,0.0,0.0
R03,07,401,1,0.0,0.0,0.0,0.0
R03,07,402,1,0.0,0.0,0.0,0.0
R03,07,403,1,0.0,0.0,0.0,0.0
R03,07,404,1,0.0,0.0,0.0,0.0
R03,07,405,1,0.0,0.0,0.0,0.0
R03,07,406,1,0.0,0.0,0.0,0.0
R03,07,407,1,0.0,0.0,0.0,0.0
R03,07,408,1,0.0,0.0,0.0,0.0
R03,07,409,1,0.0,0.0,0.0,0.0
R03,07,410,1,0.0,0.0,0.0,0.0
R03,07,411,1,0.0,0.0,0.0,0.0
R03,07,412,1,0.0,0.0,0.0,0.0
R03,07,413,1,0.0,0.0,0.0,0.0
R03,07,414,1,0.0,0.0,0.0,0.0
R03,07,415,1,0.0,0.0,0.0,0.0
R03,07,416,1,0.0,0.0,0.0,0.0
R03,07,417,1,0.0,0.0,0.0,0.0
R03,07,418,1,0.0,0.0,0.0,0.0
R03,07,419,1,0.0,0.0,0.0,0.0
R03,07,420,1,0.0,0.0,0.0,0.0
R03,07,421,1,0.0,0.0,0.0,0.0
R03,07,422,1,0.0,0.0,0.0,0.0
R03,07,423,1,0.0,0.0,0.0,0.0
R03,07,424,1,0.0,0.0,0.0,0.0
R03,07,425,1,0.0,0.0,0.0,0.0
R03,07,426,1,0.0,0.0,0.0,0.0
R03,07,427,1,0.0,0.0,0.0,0.0
R03,07,428,1,0.0,0.0,0.0,0.0
R03,07,429,1,0.0,0.0,0.0,0.0
R03,07,430,1,0.0,0.0,0.0,0.0
R03,07,431,1,0.0,0.0,0.0,0.0
R03,07,432,1,0.0,0.0,0.0,0.0
R03,07,433,1,0.0,0.0,0.0,0.0
R03,07,434,1,0.0,0.0,0.0,0.0
R03,07,435,1,0.0,0.0,0.0,0.0
R03,07,436,1,0.0,0.0,0.0,0.0
R03,07,437,1,0.0,0.0,0.0,0.0
R03,07,438,1,0.0,0.0,0.0,0.0
R03,07,439,1,0.0,0.0,0.0,0.0
R03,07,440,1,0.0,0.0,0.0,0.0
R03,07,441,1,0.0,0.0,0.0,0.0
R03,07,442,1,0.0,0.0,0.0,0.0
R03,07,443,1,0.0,0.0,0.0,0.0
R03,07,444,1,0.0,0.0,0.0,0.0
R03,07,445,1,0.0,0.0,0.0,0.0
R03,07,446,1,0.0,0.0,0.0,0.0
R03,07,447,1,0.0,0.0,0.0,0.0
R03,07,448,1,0.0,0.0,0.0,0.0
R03,07,449,1,0.0,0.0,0.0,0.0
R03,07,450,1,0.0,0.0,0.0,0.0
R03,07,451,1,0.0,0.0,0.0,0.0
R03,07,452,1,0.0,0.0,0.0,0.0
R03,07,453,1,0.0,0.0,0.0,0.0
R03,07,454,1,0.0,0.0,0.0,0.0
R03,07,455,1,0.0,0.0,0.0,0.0
R03,07,456,1,0.0,0.0,0.0,0.0
R03,07,457,1,0.0,0.0,0.0,0.0
R03,07,458,1,0.0,0.0,0.0,0.0
R03,07,459,1,0.0,0.0,0.0,0.0
R03,07,460,1,0.0,0.0,0.0,0.0
R03,07,461,1,0.0,0.0,0.0,0.0
R03,07,462,1,0.0,0.0,0.0,0.0
R03,07,463,1,0.0,0.0,0.0,0.0
R03,07,464,1,0.0,0.0,0.0,0.0
R03,07,465,1,0.0,0.0,0.0,0.0
R03,07,466,1,0.0,0.0,0.0,0.0
R03,07,467,1,0.0,0.0,0.0,0.0
R03,07,468,1,0.0,0.0,0.0,0.0
R03,07,469,1,0.0,0.0,0.0,0.0
R03,07,470,1,0.0,0.0,0.0,0.0
R03,07,471,1,0.0,0.0,0.0,0.0
R03,07,472,1,0.0,0.0,0.0,0.0
R03,07,473,1,0.0,0.0,0.0,0.0
R03,07,474,1,0.0,0.0,0.0,0.0
R03,07,475,1,0.0,0.0,0.0,0.0
R03,07,476,1,0.0,0.0,0.0,0.0
R03,07,477,1,0.0,0.0,0.0,0.0
R03,07,478,1,0.0,0.0,0.0,0.0
R03,07,479,1,0.0,0.0,0.0,0.0
R03,07,480,1,0.0,0.0,0.0,0.0
R03,07,481,1,0.0,0.0,0.0,0.0
R03,07,482,1,0.0,0.0,0.0,0.0
R03,07,483,1,0.0,0.0,0.0,0.0
R03,07,484,1,0.0,0.0,0.0,0.0
R03,07,485,1,0.0,0.0,0.0,0.0
R03,07,486,1,0.0,0.0,0.0,0.0
R03,07,487,1,0.0,0.0,0.0,0.0
R03,07,488,1,0.0,0.0,0.0,0.0
R03,07,489,1,0.0,0.0,0.0,0.0
R03,07,490,1,0.0,0.0,0.0,0.0
R03,07,491,1,0.0,0.0,0.0,0.0
R03,07,492,1,0.0,0.0,0.0,0.0
R03,07,493,1,0.0,0.0,0.0,0.0
R03,07,494,1,0.0,0.0,0.0,0.0
R03,07,495,1,0.0,0.0,0.0,0.0
R03,07,496,1,0.0,0.0,0.0,0.0
R03,07,497,1,0.0,0.0,0.0,0.0
R03,07,498,1,0.0,0.0,0.0,0.0
R03,07,499,1,0.0,0.0,0.0,0.0
R03,07,500,1,0.0,0.0,0.0,0.0
R03,07,501,1,0.0,0.0,0.0,0.0
R03,07,502,1,0.0,0.0,0.0,0.0
R03,07,503,1,0.0,0.0,0.0,0.0
R03,07,504,1,0.0,0.0,0.0,0.0
R03,07,505,1,0.0,0.0,0.0,0.0
R03,07,506,1,0.0,0.0,0.0,0.0
R03,07,507,1,0.0,0.0,0.0,0.0
R03,07,508,1,0.0,0.0,0.0,0.0
R03,07,509,1,0.0,0.0,0.0,0.0
R03,07,510,1,0.0,0.0,0.0,0.0
R03,07,511,1,0.0,0.0,0.0,0.0
R03,07,512,1,0.0,0.0,0.0,0.0
R03,07,513,1,0.0,0.0,0.0,0.0
R03,07,514,1,0.0,0.0,0.0,0.0
R03,07,515,1,0.0,0.0,0.0,0.0
R03,07,516,1,0.0,0.0,0.0,0.0
R03,07,517,1,0.0,0.0,0.0,0.0
R03,07,518,1,0.0,0.0,0.0,0.0
R03,07,519,1,0.0,0.0,0.0,0.0
R03,07,520,1,0.0,0.0,0.0,0.0
R03,07,521,1,0.0,0.0,0.0,0.0
R03,07,522,1,0.0,0.0,0.0,0.0
R03,07,523,1,0.0,0.0,0.0,0.0
R03,07,524,1,0.0,0.0,0.0,0.0
R03,07,525,1,0.0,0.0,0.0,0.0
R03,07,526,1,0.0,0.0,0.0,0.0
R03,07,527,1,0.0,0.0,0.0,0.0
R03,07,528,1,0.0,0.0,0.0,0.0
R03,07,529,1,0.0,0.0,0.0,0.0
R03,07,530,1,0.0,0.0,0.0,0.0
R03,07,531,1,0.0,0.0,0.0,0.0
R03,07,532,1,0.0,0.0,0.0,0.0
R03,07,533,1,0.0,0.0,0.0,0.0
R03,07,534,1,0.0,0.0,0.0,0.0
R03,07,535,1,0.0,0.0,0.0,0.0
R03,07,536,1,0.0,0.0,0.0,0.0
R03,07,537,1,0.0,0.0,0.0,0.0
R03,07,538,1,0.0,0.0,0.0,0.0
R03,07,539,1,0.0,0.0,0.0,0.0
R03,07,540,1,0.0,0.0,0.0,0.0
R03,07,541,1,0.0,0.0,0.0,0.0
R03,07,542,1,0.0,0.0,0.0,0.0
R03,07,543,1,0.0,0.0,0.0,0.0
R03,07,544,1,0.0,0.0,0.0,0.0
R03,07,545,1,0.0,0.0,0.0,0.0
R03,07,546,1,0.0,0.0,0.0,0.0
R03,07,547,1,0.0,0.0,0.0,0.0
R03,07,548,1,0.0,0.0,0.0,0.0
R03,07,549,1,0.0,0.0,0.0,0.0
R03,07,550,1,0.0,0.0,0.0,0.0
R03,07,551,1,0.0,0.0,0.0,0.0
R03,07,552,1,0.0,0.0,0.0,0.0
R03,07,553,1,0.0,0.0,0.0,0.0
R03,07,554,1,0.0,0.0,0.0,0.0
R03,07,555,1,0.0,0.0,0.0,0.0
R03,07,556,1,0.0,0.0,0.0,0.0
R03,07,557,1,0.0,0.0,0.0,0.0
R03,07,558,1,0.0,0.0,0.0,0.0
R03,07,559,1,0.0,0.0,0.0,0.0
R03,07,560,1,0.0,0.0,0.0,0.0
R03,07,561,1,0.0,0.0,0.0,0.0
R03,07,562,1,0.0,0.0,0.0,0.0
R03,07,563,1,0.0,0.0,0.0,0.0
R03,07,564,1,0.0,0.0,0.0,0.0
R03,07,565,1,0.0,0.0,0.0,0.0
R03,07,566,1,0.0,0.0,0.0,0.0
R03,07,567,1,0.0,0.0,0.0,0.0
R03,07,568,1,0.0,0.0,0.0,0.0
R03,07,569,1,0.0,0.0,0.0,0.0
R03,07,570,1,0.0,0.0,0.0,0.0
R03,07,571,1,0.0,0.0,0.0,0.0
R03,07,572,1,0.0,0.0,0.0,0.0
R03,07,573,1,0.0,0.0,0.0,0.0
R03,07,574,1,0.0,0.0,0.0,0.0
R03,07,575,1,0.0,0.0,0.0,0.0
R03,07,576,1,0.0,0.0,0.0,0.0
R03,07,577,1,0.0,0.0,0.0,0.0
R03,07,578,1,0.0,0.0,0.0,0.0
R03,07,579,1,0.0,0.0,0.0,0.0
R03,07,580,1,0.0,0.0,0.0,0.0
R03,07,581,1,0.0,0.0,0.0,0.0
R03,07,582,1,0.0,0.0,0.0,0.0
R03,07,583,1,0.0,0.0,0.0,0.0
R03,07,584,1,0.0,0.0,0.0,0.0
R03,07,585,1,0.0,0.0,0.0,0.0
R03,07,586,1,0.0,0.0,0.0,0.0
R03,07,587,1,0.0,0.0,0.0,0.0
R03,07,588,1,0.0,0.0,0.0,0.0
R03,07,589,1,0.0,0.0,0.0,0.0
R03,07,590,1,0.0,0.0,0.0,0.0
R03,07,591,1,0.0,0.0,0.0,0.0
R03,07,592,1,0.0,0.0,0.0,0.0
R03,07,593,1,0.0,0.0,0.0,0.0
R03,07,594,1,0.0,0.0,0.0,0.0
R03,07,595,1,0.0,0.0,0.0,0.0
R03,07,596,1,0.0,0.0,0.0,0.0
R03,07,597,1,0.0,0.0,0.0,0.0
R03,07,598,1,0.0,0.0,0.0,0.0
R03,07,599,1,0.0,0.0,0.0,0.0
R03,07,600,1,0.0,0.0,0.0,0.0
R03,07,601,1,0.0,0.0,0.0,0.0
R03,07,602,1,0.0,0.0,0.0,0.0
R03,07,603,1,0.0,0.0,0.0,0.0
R03,07,604,1,0.0,0.0,0.0,0.0
R03,07,605,1,0.0,0.0,0.0,0.0
R03,07,606,1,0.0,0.0,0.0,0.0
R03,07,607,1,0.0,0.0,0.0,0.0
R03,07,608,1,0.0,0.0,0.0,0.0
R03,07,609,1,0.0,0.0,0.0,0.0
R03,07,610,1,0.0,0.0,0.0,0.0
R03,07,611,1,0.0,0.0,0.0,0.0
R03,07,612,1,0.0,0.0,0.0,0.0
R03,07,613,1,0.0,0.0,0.0,0.0
R03,07,614,1,0.0,0.0,0.0,0.0
R03,07,615,1,0.0,0.0,0.0,0.0
R03,07,616,1,0.0,0.0,0.0,0.0
R03,07,617,1,0.0,0.0,0.0,0.0
R03,07,618,1,0.0,0.0,0.0,0.0
R03,07,619,1,0.0,0.0,0.0,0.0
R03,07,620,1,0.0,0.0,0.0,0.0
R03,07,621,1,0.0,0.0,0.0,0.0
R03,07,622,1,0.0,0.0,0.0,0.0
R03,07,623,1,0.0,0.0,0.0,0.0
R03,07,624,1,0.0,0.0,0.0,0.0
R03,07,625,1,0.0,0.0,0.0,0.0
R03,07,626,1,0.0,0.0,0.0,0.0
R03,07,627,1,0.0,0.0,0.0,0.0
R03,07,628,1,0.0,0.0,0.0,0.0
R03,07,629,1,0.0,0.0,0.0,0.0
R03,07,630,1,0.0,0.0,0.0,0.0
R03,07,631,1,0.0,0.0,0.0,0.0
R03,07,632,1,0.0,0.0,0.0,0.0
R03,07,633,1,0.0,0.0,0.0,0.0
R03,07,634,1,0.0,0.0,0.0,0.0
R03,07,635,1,0.0,0.0,0.0,0.0
R03,07,636,1,0.0,0.0,0.0,0.0
R03,07,637,1,0.0,0.0,0.0,0.0
R03,07,638,1,0.0,0.0,0.0,0.0
R03,07,639,1,0.0,0.0,0.0,0.0
R03,07,640,1,0.0,0.0,0.0,0.0
R03,07,641,1,0.0,0.0,0.0,0.0
R03,07,642,1,0.0,0.0,0.0,0.0
R03,07,643,1,0.0,0.0,0.0,0.0
R03,07,644,1,0.0,0.0,0.0,0.0
R03,07,645,1,0.0,0.0,0.0,0.0
R03,07,646,1,0.0,0.0,0.0,0.0
R03,07,647,1,0.0,0.0,0.0,0.0
R03,07,648,1,0.0,0.0,0.0,0.0
R03,07,649,1,0.0,0.0,0.0,0.0
R03,07,650,1,0.0,0.0,0.0,0.0
R03,07,651,1,0.0,0.0,0.0,0.0
R03,07,652,1,0.0,0.0,0.0,0.0
R03,07,653,1,0.0,0.0,0.0,0.0
R03,07,654,1,0.0,0.0,0.0,0.0
R03,07,655,1,0.0,0.0,0.0,0.0
R03,07,656,1,0.0,0.0,0.0,0.0
R03,07,657,1,0.0,0.0,0.0,0.0
R03,07,658,1,0.0,0.0,0.0,0.0
R03,07,659,1,0.0,0.0,0.0,0.0
R03,07,660,1,0.0,0.0,0.0,0.0
R03,07,661,1,0.0,0.0,0.0,0.0
R03,07,662,1,0.0,0.0,0.0,0.0
R03,07,663,1,0.0,0.0,0.0,0.0
R03,07,664,1,0.0,0.0,0.0,0.0
R03,07,665,1,0.0,0.0,0.0,0.0
R03,07,666,1,0.0,0.0,0.0,0.0
R03,07,667,1,0.0,0.0,0.0,0.0
R03,07,668,1,0.0,0.0,0.0,0.0
R03,07,669,1,0.0,0.0,0.0,0.0
R03,07,670,1,0.0,0.0,0.0,0.0
R03,07,671,1,0.0,0.0,0.0,0.0
R03,07,672,1,0.0,0.0,0.0,0.0
R03,07,673,1,0.0,0.0,0.0,0.0
R03,07,674,1,0.0,0.0,0.0,0.0
R03,07,675,1,0.0,0.0,0.0,0.0
R03,07,676,1,0.0,0.0,0.0,0.0
R03,07,677,1,0.0,0.0,0.0,0.0
R03,07,678,1,0.0,0.0,0.0,0.0
R03,07,679,1,0.0,0.0,0.0,0.0
R03,07,680,1,0.0,0.0,0.0,0.0
R03,07,681,1,0.0,0.0,0.0,0.0
R03,07,682,1,0.0,0.0,0.0,0.0
R03,07,683,1,0.0,0.0,0.0,0.0
R03,07,684,1,0.0,0.0,0.0,0.0
R03,07,685,1,0.0,0.0,0.0,0.0
R03,08,0,0,0.0,0.0,0.0,0.0
R03,08,1,0,0.0,0.0,0.0,0.0
R03,08,2,0,0.0,0.0,0.0,0.0
R03,08,3,0,0.0,0.0,0.0,0.0
R03,08,4,0,0.0,0.0,0.0,0.0
R03,08,5,0,0.0,0.0,0.0,0.0
R03,08,6,0,0.0,0.0,0.0,0.0
R03,08,7,0,0.0,0.0,0.0,0.0
R03,08,8,0,0.0,0.0,0.0,0.0
R03,08,9,0,0.0,0.0,0.0,0.0
R03,08,10,0,0.0,0.0,0.0,0.0
R03,08,11,0,0.0,0.0,0.0,0.0
R03,08,12,0,0.0,0.0,0.0,0.0
R03,08,13,0,0.0,0.0,0.0,0.0
R03,08,14,0,0.0,0.0,0.0,0.0
R03,08,15,0,0.0,0.0,0.0,0.0
R03,08,16,0,0.0,0.0,0.0,0.0
R03,08,17,0,0.0,0.0,0.0,0.0
R03,08,18,0,0.0,0.0,0.0,0.0
R03,08,19,0,0.0,0.0,0.0,0.0
R03,08,20,0,0.0,0.0,0.0,0.0
R03,08,21,0,0.0,0.0,0.0,0.0
R03,08,22,0,0.0,0.0,0.0,0.0
R03,08,23,0,0.0,0.0,0.0,0.0
R03,08,24,0,0.0,0.0,0.0,0.0
R03,08,25,0,0.0,0.0,0.0,0.0
R03,08,26,0,0.0,0.0,0.0,0.0
R03,08,27,0,0.0,0.0,0.0,0.0
R03,08,28,0,0.0,0.0,0.0,0.0
R03,08,29,0,0.0,0.0,0.0,0.0
R03,08,30,0,0.0,0.0,0.0,0.0
R03,08,31,0,0.0,0.0,0.0,0.0
R03,08,32,0,0.0,0.0,0.0,0.0
R03,08,33,0,0.0,0.0,0.0,0.0
R03,08,34,0,0.0,0.0,0.0,0.0
R03,08,35,0,0.0,0.0,0.0,0.0
R03,08,36,0,0.0,0.0,0.0,0.0
R03,08,37,0,0.0,0.0,0.0,0.0
R03,08,38,0,0.0,0.0,0.0,0.0
R03,08,39,0,0.0,0.0,0.0,0.0
R03,08,40,0,0.0,0.0,0.0,0.0
R03,08,41,0,0.0,0.0,0.0,0.0
R03,08,42,0,0.0,0.0,0.0,0.0
R03,08,43,0,0.0,0.0,0.0,0.0
R03,08,44,0,0.0,0.0,0.0,0.0
R03,08,45,0,0.0,0.0,0.0,0.0
R03,08,46,0,0.0,0.0,0.0,0.0
R03,08,47,0,0.0,0.0,0.0,0.0
R03,08,48,0,0.0,0.0,0.0,0.0
R03,08,49,0,0.0,0.0,0.0,0.0
R03,08,50,0,0.0,0.0,0.0,0.0
R03,08,51,0,0.0,0.0,0.0,0.0
R03,08,52,0,0.0,0.0,0.0,0.0
R03,08,53,0,0.0,0.0,0.0,0.0
R03,08,54,0,0.0,0.0,0.0,0.0
R03,08,55,0,0.0,0.0,0.0,0.0
R03,08,56,0,0.0,0.0,0.0,0.0
R03,08,57,0,0.0,0.0,0.0,0.0
R03,08,58,0,0.0,0.0,0.0,0.0
R03,08,59,0,0.0,0.0,0.0,0.0
R03,08,60,0,0.0,0.0,0.0,0.0
R03,08,61,0,0.0,0.0,0.0,0.0
R03,08,62,0,0.0,0.0,0.0,0.0
R03,08,63,0,0.0,0.0,0.0,0.0
R03,08,64,0,0.0,0.0,0.0,0.0
R03,08,65,0,0.0,0.0,0.0,0.0
R03,08,66,0,0.0,0.0,0.0,0.0
R03,08,67,0,0.0,0.0,0.0,0.0
R03,08,68,0,0.0,0.0,0.0,0.0
R03,08,69,0,0.0,0.0,0.0,0.0
R03,08,70,0,0.0,0.0,0.0,0.0
R03,08,71,0,0.0,0.0,0.0,0.0
R03,08,72,0,0.0,0.0,0.0,0.0
R03,08,73,0,0.0,0.0,0.0,0.0
R03,08,74,0,0.0,0.0,0.0,0.0
R03,08,75,0,0.0,0.0,0.0,0.0
R03,08,76,0,0.0,0.0,0.0,0.0
R03,08,77,0,0.0,0.0,0.0,0.0
R03,08,78,0,0.0,0.0,0.0,0.0
R03,08,79,0,0.0,0.0,0.0,0.0
R03,08,80,0,0.0,0.0,0.0,0.0
R03,08,81,0,0.0,0.0,0.0,0.0
R03,08,82,0,0.0,0.0,0.0,0.0
R03,08,83,0,0.0,0.0,0.0,0.0
R03,08,84,0,0.0,0.0,0.0,0.0
R03,08,85,0,0.0,0.0,0.0,0.0
R03,08,86,0,0.0,0.0,0.0,0.0
R03,08,87,0,0.0,0.0,0.0,0.0
R03,08,88,0,0.0,0.0,0.0,0.0
R03,08,89,0,0.0,0.0,0.0,0.0
R03,08,90,0,0.0,0.0,0.0,0.0
R03,08,91,0,0.0,0.0,0.0,0.0
R03,08,92,0,0.0,0.0,0.0,0.0
R03,08,93,0,0.0,0.0,0.0,0.0
R03,08,94,0,0.0,0.0,0.0,0.0
R03,08,95,0,0.0,0.0,0.0,0.0
R03,08,96,0,0.0,0.0,0.0,0.0
R03,08,97,0,0.0,0.0,0.0,0.0
R03,08,98,0,0.0,0.0,0.0,0.0
R03,08,99,0,0.0,0.0,0.0,0.0
R03,08,100,0,0.0,0.0,0.0,0.0
R03,08,101,0,0.0,0.0,0.0,0.0
R03,08,102,0,0.0,0.0,0.0,0.0
R03,08,103,0,0.0,0.0,0.0,0.0
R03,08,104,0,0.0,0.0,0.0,0.0
R03,08,105,0,0.0,0.0,0.0,0.0
R03,08,106,0,0.0,0.0,0.0,0.0
R03,08,107,0,0.0,0.0,0.0,0.0
R03,08,108,0,0.0,0.0,0.0,0.0
R03,08,109,0,0.0,0.0,0.0,0.0
R03,08,110,0,0.0,0.0,0.0,0.0
R03,08,111,0,0.0,0.0,0.0,0.0
R03,08,112,0,0.0,0.0,0.0,0.0
R03,08,113,0,0.0,0.0,0.0,0.0
R03,08,114,0,0.0,0.0,0.0,0.0
R03,08,115,0,0.0,0.0,0.0,0.0
R03,08,116,0,0.0,0.0,0.0,0.0
R03,08,117,0,0.0,0.0,0.0,0.0
R03,08,118,0,0.0,0.0,0.0,0.0
R03,08,119,0,0.0,0.0,0.0,0.0
R03,08,120,0,0.0,0.0,0.0,0.0
R03,08,121,0,0.0,0.0,0.0,0.0
R03,08,122,0,0.0,0.0,0.0,0.0
R03,08,123,0,0.0,0.0,0.0,0.0
R03,08,124,0,0.0,0.0,0.0,0.0
R03,08,125,0,0.0,0.0,0.0,0.0
R03,08,126,0,0.0,0.0,0.0,0.0
R03,08,127,0,0.0,0.0,0.0,0.0
R03,08,128,0,0.0,0.0,0.0,0.0
R03,08,129,0,0.0,0.0,0.0,0.0
R03,08,130,0,0.0,0.0,0.0,0.0
R03,08,131,0,0.0,0.0,0.0,0.0
R03,08,132,0,0.0,0.0,0.0,0.0
R03,08,133,0,0.0,0.0,0.0,0.0
R03,08,134,0,0.0,0.0,0.0,0.0
R03,08,135,0,0.0,0.0,0.0,0.0
R03,08,136,0,0.0,0.0,0.0,0.0
R03,08,137,0,0.0,0.0,0.0,0.0
R03,08,138,0,0.0,0.0,0.0,0.0
R03,08,139,0,0.0,0.0,0.0,0.0
R03,08,140,0,0.0,0.0,0.0,0.0
R03,08,141,0,0.0,0.0,0.0,0.0
R03,08,142,0,0.0,0.0,0.0,0.0
R03,08,143,0,0.0,0.0,0.0,0.0
R03,08,144,0,0.0,0.0,0.0,0.0
R03,08,145,0,0.0,0.0,0.0,0.0
R03,08,146,0,0.0,0.0,0.0,0.0
R03,08,147,0,0.0,0.0,0.0,0.0
R03,08,148,0,0.0,0.0,0.0,0.0
R03,08,149,0,0.0,0.0,0.0,0.0
R03,08,150,0,0.0,0.0,0.0,0.0
R03,08,151,0,0.0,0.0,0.0,0.0
R03,08,152,0,0.0,0.0,0.0,0.0
R03,08,153,0,0.0,0.0,0.0,0.0
R03,08,154,0,0.0,0.0,0.0,0.0
R03,08,155,0,0.0,0.0,0.0,0.0
R03,08,156,0,0.0,0.0,0.0,0.0
R03,08,157,0,0.0,0.0,0.0,0.0
R03,08,158,0,0.0,0.0,0.0,0.0
R03,08,159,0,0.0,0.0,0.0,0.0
R03,08,160,0,0.0,0.0,0.0,0.0
R03,08,161,0,0.0,0.0,0.0,0.0
R03,08,162,0,0.0,0.0,0.0,0.0
R03,08,163,0,0.0,0.0,0.0,0.0
R03,08,164,0,0.0,0.0,0.0,0.0
R03,08,165,0,0.0,0.0,0.0,0.0
R03,08,166,0,0.0,0.0,0.0,0.0
R03,08,167,0,0.0,0.0,0.0,0.0
R03,08,168,0,0.0,0.0,0.0,0.0
R03,08,169,0,0.0,0.0,0.0,0.0
R03,08,170,0,0.0,0.0,0.0,0.0
R03,08,171,0,0.0,0.0,0.0,0.0
R03,08,172,0,0.0,0.0,0.0,0.0
R03,08,173,0,0.0,0.0,0.0,0.0
R03,08,174,0,0.0,0.0,0.0,0.0
R03,08,175,0,0.0,0.0,0.0,0.0
R03,08,176,0,0.0,0.0,0.0,0.0
R03,08,177,0,0.0,0.0,0.0,0.0
R03,08,178,0,0.0,0.0,0.0,0.0
R03,08,179,0,0.0,0.0,0.0,0.0
R03,08,180,0,0.0,0.0,0.0,0.0
R03,08,181,0,0.0,0.0,0.0,0.0
R03,08,182,0,0.0,0.0,0.0,0.0
R03,08,183,0,0.0,0.0,0.0,0.0
R03,08,184,0,0.0,0.0,0.0,0.0
R03,08,185,0,0.0,0.0,0.0,0.0
R03,08,186,0,0.0,0.0,0.0,0.0
R03,08,187,0,0.0,0.0,0.0,0.0
R03,08,188,0,0.0,0.0,0.0,0.0
R03,08,189,0,0.0,0.0,0.0,0.0
R03,08,190,0,0.0,0.0,0.0,0.0
R03,08,191,0,0.0,0.0,0.0,0.0
R03,08,192,0,0.0,0.0,0.0,0.0
R03,08,193,0,0.0,0.0,0.0,0.0
R03,08,194,0,0.0,0.0,0.0,0.0
R03,08,195,0,0.0,0.0,0.0,0.0
R03,08,196,0,0.0,0.0,0.0,0.0
R03,08,197,0,0.0,0.0,0.0,0.0
R03,08,198,0,0.0,0.0,0.0,0.0
R03,08,199,0,0.0,0.0,0.0,0.0
R03,08,200,0,0.0,0.0,0.0,0.0
R03,08,201,0,0.0,0.0,0.0,0.0
R03,08,202,0,0.0,0.0,0.0,0.0
R03,08,203,0,0.0,0.0,0.0,0.0
R03,08,204,0,0.0,0.0,0.0,0.0
R03,08,205,0,0.0,0.0,0.0,0.0
R03,08,206,0,0.0,0.0,0.0,0.0
R03,08,207,0,0.0,0.0,0.0,0.0
R03,08,208,0,0.0,0.0,0.0,0.0
R03,08,209,0,0.0,0.0,0.0,0.0
R03,08,210,0,0.0,0.0,0.0,0.0
R03,08,211,0,0.0,0.0,0.0,0.0
R03,08,212,0,0.0,0.0,0.0,0.0
R03,08,213,0,0.0,0.0,0.0,0.0
R03,08,214,0,0.0,0.0,0.0,0.0
R03,08,215,0,0.0,0.0,0.0,0.0
R03,08,216,0,0.0,0.0,0.0,0.0
R03,08,217,0,0.0,0.0,0.0,0.0
R03,08,218,0,0.0,0.0,0.0,0.0
R03,08,219,0,0.0,0.0,0.0,0.0
R03,08,220,0,0.0,0.0,0.0,0.0
R03,08,221,0,0.0,0.0,0.0,0.0
R03,08,222,0,0.0,0.0,0.0,0.0
R03,08,223,0,0.0,0.0,0.0,0.0
R03,08,224,0,0.0,0.0,0.0,0.0
R03,08,225,0,0.0,0.0,0.0,0.0
R03,08,226,0,0.0,0.0,0.0,0.0
R03,08,227,0,0.0,0.0,0.0,0.0
R03,08,228,0,0.0,0.0,0.0,0.0
R03,08,229,0,0.0,0.0,0.0,0.0
R03,08,230,0,0.0,0.0,0.0,0.0
R03,08,231,0,0.0,0.0,0.0,0.0
R03,08,232,0,0.0,0.0,0.0,0.0
R03,08,233,0,0.0,0.0,0.0,0.0
R03,08,234,0,0.0,0.0,0.0,0.0
R03,08,235,0,0.0,0.0,0.0,0.0
R03,08,236,0,0.0,0.0,0.0,0.0
R03,08,237,0,0.0,0.0,0.0,0.0
R03,08,238,0,0.0,0.0,0.0,0.0
R03,08,239,0,0.0,0.0,0.0,0.0
R03,08,240,0,0.0,0.0,0.0,0.0
R03,08,241,0,0.0,0.0,0.0,0.0
R03,08,242,1,0.0,0.0,0.0,0.0
R03,08,243,1,0.0,0.0,0.0,0.0
R03,08,244,1,0.0,0.0,0.0,0.0
R03,08,245,1,0.0,0.0,0.0,0.0
R03,08,246,1,0.0,0.0,0.0,0.0
R03,08,247,1,0.0,0.0,0.0,0.0
R03,08,248,1,0.0,0.0,0.0,0.0
R03,08,249,1,0.0,0.0,0.0,0.0
R03,08,250,1,0.0,0.0,0.0,0.0
R03,08,251,1,0.0,0.0,0.0,0.0
R03,08,252,1,0.0,0.0,0.0,0.0
R03,08,253,1,0.0,0.0,0.0,0.0
R03,08,254,1,0.0,0.0,0.0,0.0
R03,08,255,1,0.0,0.0,0.0,0.0
R03,08,256,1,0.0,0.0,0.0,0.0
R03,08,257,1,0.0,0.0,0.0,0.0
R03,08,258,1,0.0,0.0,0.0,0.0
R03,08,259,1,0.0,0.0,0.0,0.0
R03,08,260,1,0.0,0.0,0.0,0.0
R03,08,261,1,0.0,0.0,0.0,0.0
R03,08,262,1,0.0,0.0,0.0,0.0
R03,08,263,1,0.0,0.0,0.0,0.0
R03,08,264,1,0.0,0.0,0.0,0.0
R03,08,265,1,0.0,0.0,0.0,0.0
R03,08,266,1,0.0,0.0,0.0,0.0
R03,08,267,1,0.0,0.0,0.0,0.0
R03,08,268,1,0.0,0.0,0.0,0.0
R03,08,269,1,0.0,0.0,0.0,0.0
R03,08,270,1,0.0,0.0,0.0,0.0
R03,08,271,1,0.0,0.0,0.0,0.0
R03,08,272,1,0.0,0.0,0.0,0.0
R03,08,273,1,0.0,0.0,0.0,0.0
R03,08,274,1,0.0,0.0,0.0,0.0
R03,08,275,1,0.0,0.0,0.0,0.0
R03,08,276,1,0.0,0.0,0.0,0.0
R03,08,277,1,0.0,0.0,0.0,0.0
R03,08,278,1,0.0,0.0,0.0,0.0
R03,08,279,1,0.0,0.0,0.0,0.0
R03,08,280,1,0.0,0.0,0.0,0.0
R03,08,281,1,0.0,0.0,0.0,0.0
R03,08,282,1,0.0,0.0,0.0,0.0
R03,08,283,1,0.0,0.0,0.0,0.0
R03,08,284,1,0.0,0.0,0.0,0.0
R03,08,285,1,0.0,0.0,0.0,0.0
R03,08,286,1,0.0,0.0,0.0,0.0
R03,08,287,1,0.0,0.0,0.0,0.0
R03,08,288,1,0.0,0.0,0.0,0.0
R03,08,289,1,0.0,0.0,0.0,0.0
R03,08,290,1,0.0,0.0,0.0,0.0
R03,08,291,1,0.0,0.0,0.0,0.0
R03,08,292,1,0.0,0.0,0.0,0.0
R03,08,293,1,0.0,0.0,0.0,0.0
R03,08,294,1,0.0,0.0,0.0,0.0
R03,08,295,1,0.0,0.0,0.0,0.0
R03,08,296,1,0.0,0.0,0.0,0.0
R03,08,297,1,0.0,0.0,0.0,0.0
R03,08,298,1,0.0,0.0,0.0,0.0
R03,08,299,1,0.0,0.0,0.0,0.0
R03,08,300,1,0.0,0.0,0.0,0.0
R03,08,301,1,0.0,0.0,0.0,0.0
R03,08,302,1,0.0,0.0,0.0,0.0
R03,08,303,1,0.0,0.0,0.0,0.0
R03,08,304,1,0.0,0.0,0.0,0.0
R03,08,305,1,0.0,0.0,0.0,0.0
R03,08,306,1,0.0,0.0,0.0,0.0
R03,08,307,1,0.0,0.0,0.0,0.0
R03,08,308,1,0.0,0.0,0.0,0.0
R03,08,309,1,0.0,0.0,0.0,0.0
R03,08,310,1,0.0,0.0,0.0,0.0
R03,08,311,1,0.0,0.0,0.0,0.0
R03,08,312,1,0.0,0.0,0.0,0.0
R03,08,313,1,0.0,0.0,0.0,0.0
R03,08,314,1,0.0,0.0,0.0,0.0
R03,08,315,1,0.0,0.0,0.0,0.0
R03,08,316,1,0.0,0.0,0.0,0.0
R03,08,317,1,0.0,0.0,0.0,0.0
R03,08,318,1,0.0,0.0,0.0,0.0
R03,08,319,1,0.0,0.0,0.0,0.0
R03,08,320,1,0.0,0.0,0.0,0.0
R03,08,321,1,0.0,0.0,0.0,0.0
R03,08,322,1,0.0,0.0,0.0,0.0
R03,08,323,1,0.0,0.0,0.0,0.0
R03,08,324,1,0.0,0.0,0.0,0.0
R03,08,325,1,0.0,0.0,0.0,0.0
R03,08,326,1,0.0,0.0,0.0,0.0
R03,08,327,1,0.0,0.0,0.0,0.0
R03,08,328,1,0.0,0.0,0.0,0.0
R03,08,329,1,0.0,0.0,0.0,0.0
R03,08,330,1,0.0,0.0,0.0,0.0
R03,08,331,1,0.0,0.0,0.0,0.0
R03,08,332,1,0.0,0.0,0.0,0.0
R03,08,333,1,0.0,0.0,0.0,0.0
R03,08,334,1,0.0,0.0,0.0,0.0
R03,08,335,1,0.0,0.0,0.0,0.0
R03,08,336,1,0.0,0.0,0.0,0.0
R03,08,337,1,0.0,0.0,0.0,0.0
R03,08,338,1,0.0,0.0,0.0,0.0
R03,08,339,1,0.0,0.0,0.0,0.0
R03,08,340,1,0.0,0.0,0.0,0.0
R03,08,341,1,0.0,0.0,0.0,0.0
R03,08,342,1,0.0,0.0,0.0,0.0
R03,08,343,1,0.0,0.0,0.0,0.0
R03,08,344,1,0.0,0.0,0.0,0.0
R03,08,345,1,0.0,0.0,0.0,0.0
R03,08,346,1,0.0,0.0,0.0,0.0
R03,08,347,1,0.0,0.0,0.0,0.0
R03,08,348,1,0.0,0.0,0.0,0.0
R03,08,349,1,0.0,0.0,0.0,0.0
R03,08,350,1,0.0,0.0,0.0,0.0
R03,08,351,1,0.0,0.0,0.0,0.0
R03,08,352,1,0.0,0.0,0.0,0.0
R03,08,353,1,0.0,0.0,0.0,0.0
R03,08,354,1,0.0,0.0,0.0,0.0
R03,08,355,1,0.0,0.0,0.0,0.0
R03,08,356,1,0.0,0.0,0.0,0.0
R03,08,357,1,0.0,0.0,0.0,0.0
R03,08,358,1,0.0,0.0,0.0,0.0
R03,08,359,1,0.0,0.0,0.0,0.0
R03,08,360,1,0.0,0.0,0.0,0.0
R03,08,361,1,0.0,0.0,0.0,0.0
R03,08,362,1,0.0,0.0,0.0,0.0
R03,08,363,1,0.0,0.0,0.0,0.0
R03,08,364,1,0.0,0.0,0.0,0.0
R03,08,365,1,0.0,0.0,0.0,0.0
R03,08,366,1,0.0,0.0,0.0,0.0
R03,08,367,1,0.0,0.0,0.0,0.0
R03,08,368,1,0.0,0.0,0.0,0.0
R03,08,369,1,0.0,0.0,0.0,0.0
R03,08,370,1,0.0,0.0,0.0,0.0
R03,08,371,1,0.0,0.0,0.0,0.0
R03,08,372,1,0.0,0.0,0.0,0.0
R03,08,373,1,0.0,0.0,0.0,0.0
R03,08,374,1,0.0,0.0,0.0,0.0
R03,08,375,1,0.0,0.0,0.0,0.0
R03,08,376,1,0.0,0.0,0.0,0.0
R03,08,377,1,0.0,0.0,0.0,0.0
R03,08,378,1,0.0,0.0,0.0,0.0
R03,08,379,1,0.0,0.0,0.0,0.0
R03,08,380,1,0.0,0.0,0.0,0.0
R03,08,381,1,0.0,0.0,0.0,0.0
R03,08,382,1,0.0,0.0,0.0,0.0
R03,08,383,1,0.0,0.0,0.0,0.0
R03,08,384,1,0.0,0.0,0.0,0.0
R03,08,385,1,0.0,0.0,0.0,0.0
R03,08,386,1,0.0,0.0,0.0,0.0
R03,08,387,1,0.0,0.0,0.0,0.0
R03,08,388,1,0.0,0.0,0.0,0.0
R03,08,389,1,0.0,0.0,0.0,0.0
R03,08,390,1,0.0,0.0,0.0,0.0
R03,08,391,1,0.0,0.0,0.0,0.0
R03,08,392,1,0.0,0.0,0.0,0.0
R03,08,393,1,0.0,0.0,0.0,0.0
R03,08,394,1,0.0,0.0,0.0,0.0
R03,08,395,1,0.0,0.0,0.0,0.0
R03,08,396,1,0.0,0.0,0.0,0.0
R03,08,397,1,0.0,0.0,0.0,0.0
R03,08,398,1,0.0,0.0,0.0,0.0
R03,08,399,1,0.0,0.0,0.0,0.0
R03,08,400,1,0.0,0.0,0.0,0.0
R03,08,401,1,0.0,0.0,0.0,0.0
R03,08,402,1,0.0,0.0,0.0,0.0
R03,08,403,1,0.0,0.0,0.0,0.0
R03,08,404,1,0.0,0.0,0.0,0.0
R03,08,405,1,0.0,0.0,0.0,0.0
R03,08,406,1,0.0,0.0,0.0,0.0
R03,08,407,1,0.0,0.0,0.0,0.0
R03,08,408,1,0.0,0.0,0.0,0.0
R03,08,409,1,0.0,0.0,0.0,0.0
R03,08,410,1,0.0,0.0,0.0,0.0
R03,08,411,1,0.0,0.0,0.0,0.0
R03,08,412,1,0.0,0.0,0.0,0.0
R03,08,413,1,0.0,0.0,0.0,0.0
R03,08,414,1,0.0,0.0,0.0,0.0
R03,08,415,1,0.0,0.0,0.0,0.0
R03,08,416,1,0.0,0.0,0.0,0.0
R03,08,417,1,0.0,0.0,0.0,0.0
R03,08,418,1,0.0,0.0,0.0,0.0
R03,08,419,1,0.0,0.0,0.0,0.0
R03,08,420,1,0.0,0.0,0.0,0.0
R03,08,421,1,0.0,0.0,0.0,0.0
R03,08,422,1,0.0,0.0,0.0,0.0
R03,08,423,1,0.0,0.0,0.0,0.0
R03,08,424,1,0.0,0.0,0.0,0.0
R03,08,425,1,0.0,0.0,0.0,0.0
R03,08,426,1,0.0,0.0,0.0,0.0
R03,08,427,1,0.0,0.0,0.0,0.0
R03,08,428,1,0.0,0.0,0.0,0.0
R03,08,429,1,0.0,0.0,0.0,0.0
R03,08,430,1,0.0,0.0,0.0,0.0
R03,08,431,1,0.0,0.0,0.0,0.0
R03,08,432,1,0.0,0.0,0.0,0.0
R03,08,433,1,0.0,0.0,0.0,0.0
R03,08,434,1,0.0,0.0,0.0,0.0
R03,08,435,1,0.0,0.0,0.0,0.0
R03,08,436,1,0.0,0.0,0.0,0.0
R03,08,437,1,0.0,0.0,0.0,0.0
R03,08,438,1,0.0,0.0,0.0,0.0
R03,08,439,1,0.0,0.0,0.0,0.0
R03,08,440,1,0.0,0.0,0.0,0.0
R03,08,441,1,0.0,0.0,0.0,0.0
R03,08,442,1,0.0,0.0,0.0,0.0
R03,08,443,1,0.0,0.0,0.0,0.0
R03,08,444,1,0.0,0.0,0.0,0.0
R03,08,445,1,0.0,0.0,0.0,0.0
R03,08,446,1,0.0,0.0,0.0,0.0
R03,08,447,1,0.0,0.0,0.0,0.0
R03,08,448,1,0.0,0.0,0.0,0.0
R03,08,449,1,0.0,0.0,0.0,0.0
R03,08,450,1,0.0,0.0,0.0,0.0
R03,08,451,1,0.0,0.0,0.0,0.0
R03,08,452,1,0.0,0.0,0.0,0.0
R03,08,453,1,0.0,0.0,0.0,0.0
R03,08,454,1,0.0,0.0,0.0,0.0
R03,08,455,1,0.0,0.0,0.0,0.0
R03,08,456,1,0.0,0.0,0.0,0.0
R03,08,457,1,0.0,0.0,0.0,0.0
R03,08,458,1,0.0,0.0,0.0,0.0
R03,08,459,1,0.0,0.0,0.0,0.0
R03,08,460,1,0.0,0.0,0.0,0.0
R03,08,461,1,0.0,0.0,0.0,0.0
R03,08,462,1,0.0,0.0,0.0,0.0
R03,08,463,1,0.0,0.0,0.0,0.0
R03,08,464,1,0.0,0.0,0.0,0.0
R03,08,465,1,0.0,0.0,0.0,0.0
R03,08,466,1,0.0,0.0,0.0,0.0
R03,08,467,1,0.0,0.0,0.0,0.0
R03,08,468,1,0.0,0.0,0.0,0.0
R03,08,469,1,0.0,0.0,0.0,0.0
R03,08,470,1,0.0,0.0,0.0,0.0
R03,08,471,1,0.0,0.0,0.0,0.0
R03,08,472,1,0.0,0.0,0.0,0.0
R03,08,473,1,0.0,0.0,0.0,0.0
R03,08,474,1,0.0,0.0,0.0,0.0
R03,08,475,1,0.0,0.0,0.0,0.0
R03,08,476,1,0.0,0.0,0.0,0.0
R03,08,477,1,0.0,0.0,0.0,0.0
R03,08,478,1,0.0,0.0,0.0,0.0
R03,08,479,1,0.0,0.0,0.0,0.0
R03,08,480,1,0.0,0.0,0.0,0.0
R03,08,481,1,0.0,0.0,0.0,0.0
R03,08,482,1,0.0,0.0,0.0,0.0
R03,08,483,1,0.0,0.0,0.0,0.0
R03,08,484,1,0.0,0.0,0.0,0.0
R03,08,485,1,0.0,0.0,0.0,0.0
R03,08,486,1,0.0,0.0,0.0,0.0
R03,08,487,1,0.0,0.0,0.0,0.0
R03,08,488,1,0.0,0.0,0.0,0.0
R03,08,489,1,0.0,0.0,0.0,0.0
R03,08,490,1,0.0,0.0,0.0,0.0
R03,08,491,1,0.0,0.0,0.0,0.0
R03,08,492,1,0.0,0.0,0.0,0.0
R03,08,493,1,0.0,0.0,0.0,0.0
R03,08,494,1,0.0,0.0,0.0,0.0
R03,08,495,1,0.0,0.0,0.0,0.0
R03,08,496,1,0.0,0.0,0.0,0.0
R03,08,497,1,0.0,0.0,0.0,0.0
R03,08,498,1,0.0,0.0,0.0,0.0
R03,08,499,1,0.0,0.0,0.0,0.0
R03,08,500,1,0.0,0.0,0.0,0.0
R03,08,501,1,0.0,0.0,0.0,0.0
R03,08,502,1,0.0,0.0,0.0,0.0
R03,08,503,1,0.0,0.0,0.0,0.0
R03,08,504,1,0.0,0.0,0.0,0.0
R03,08,505,1,0.0,0.0,0.0,0.0
R03,08,506,1,0.0,0.0,0.0,0.0
R03,08,507,1,0.0,0.0,0.0,0.0
R03,08,508,1,0.0,0.0,0.0,0.0
R03,08,509,1,0.0,0.0,0.0,0.0
R03,08,510,1,0.0,0.0,0.0,0.0
R03,08,511,1,0.0,0.0,0.0,0.0
R03,08,512,1,0.0,0.0,0.0,0.0
R03,08,513,1,0.0,0.0,0.0,0.0
R03,08,514,1,0.0,0.0,0.0,0.0
R03,08,515,1,0.0,0.0,0.0,0.0
R03,08,516,1,0.0,0.0,0.0,0.0
R03,08,517,1,0.0,0.0,0.0,0.0
R03,08,518,1,0.0,0.0,0.0,0.0
R03,08,519,1,0.0,0.0,0.0,0.0
R03,08,520,1,0.0,0.0,0.0,0.0
R03,08,521,1,0.0,0.0,0.0,0.0
R03,08,522,1,0.0,0.0,0.0,0.0
R03,08,523,1,0.0,0.0,0.0,0.0
R03,08,524,1,0.0,0.0,0.0,0.0
R03,08,525,1,0.0,0.0,0.0,0.0
R03,08,526,1,0.0,0.0,0.0,0.0
R03,08,527,1,0.0,0.0,0.0,0.0
R03,08,528,1,0.0,0.0,0.0,0.0
R03,08,529,1,0.0,0.0,0.0,0.0
R03,08,530,1,0.0,0.0,0.0,0.0
R03,08,531,1,0.0,0.0,0.0,0.0
R03,08,532,1,0.0,0.0,0.0,0.0
R03,08,533,1,0.0,0.0,0.0,0.0
R03,08,534,1,0.0,0.0,0.0,0.0
R03,08,535,1,0.0,0.0,0.0,0.0
R03,08,536,1,0.0,0.0,0.0,0.0
R03,08,537,1,0.0,0.0,0.0,0.0
R03,08,538,1,0.0,0.0,0.0,0.0
R03,08,539,1,0.0,0.0,0.0,0.0
R03,08,540,1,0.0,0.0,0.0,0.0
R03,08,541,1,0.0,0.0,0.0,0.0
R03,08,542,1,0.0,0.0,0.0,0.0
R03,08,543,1,0.0,0.0,0.0,0.0
R03,08,544,1,0.0,0.0,0.0,0.0
R03,08,545,1,0.0,0.0,0.0,0.0
R03,08,546,1,0.0,0.0,0.0,0.0
R03,08,547,1,0.0,0.0,0.0,0.0
R03,08,548,1,0.0,0.0,0.0,0.0
R03,08,549,1,0.0,0.0,0.0,0.0
R03,08,550,1,0.0,0.0,0.0,0.0
R03,08,551,1,0.0,0.0,0.0,0.0
R03,08,552,1,0.0,0.0,0.0,0.0
R03,08,553,1,0.0,0.0,0.0,0.0
R03,08,554,1,0.0,0.0,0.0,0.0
R03,08,555,1,0.0,0.0,0.0,0.0
R03,08,556,1,0.0,0.0,0.0,0.0
R03,08,557,1,0.0,0.0,0.0,0.0
R03,08,558,1,0.0,0.0,0.0,0.0
R03,08,559,1,0.0,0.0,0.0,0.0
R03,08,560,1,0.0,0.0,0.0,0.0
R03,08,561,1,0.0,0.0,0.0,0.0
R03,08,562,1,0.0,0.0,0.0,0.0
R03,08,563,1,0.0,0.0,0.0,0.0
R03,08,564,1,0.0,0.0,0.0,0.0
R03,08,565,1,0.0,0.0,0.0,0.0
R03,08,566,1,0.0,0.0,0.0,0.0
R03,08,567,1,0.0,0.0,0.0,0.0
R03,08,568,1,0.0,0.0,0.0,0.0
R03,08,569,1,0.0,0.0,0.0,0.0
R03,08,570,1,0.0,0.0,0.0,0.0
R03,08,571,1,0.0,0.0,0.0,0.0
R03,08,572,1,0.0,0.0,0.0,0.0
R03,08,573,1,0.0,0.0,0.0,0.0
R03,08,574,1,0.0,0.0,0.0,0.0
R03,08,575,1,0.0,0.0,0.0,0.0
R03,08,576,1,0.0,0.0,0.0,0.0
R03,08,577,1,0.0,0.0,0.0,0.0
R03,08,578,1,0.0,0.0,0.0,0.0
R03,08,579,1,0.0,0.0,0.0,0.0
R03,08,580,1,0.0,0.0,0.0,0.0
R03,08,581,1,0.0,0.0,0.0,0.0
R03,08,582,1,0.0,0.0,0.0,0.0
R03,08,583,1,0.0,0.0,0.0,0.0
R03,08,584,1,0.0,0.0,0.0,0.0
R03,08,585,1,0.0,0.0,0.0,0.0
R03,08,586,1,0.0,0.0,0.0,0.0
R03,08,587,1,0.0,0.0,0.0,0.0
R03,08,588,1,0.0,0.0,0.0,0.0
R03,08,589,1,0.0,0.0,0.0,0.0
R03,08,590,1,0.0,0.0,0.0,0.0
R03,08,591,1,0.0,0.0,0.0,0.0
R03,08,592,1,0.0,0.0,0.0,0.0
R03,08,593,1,0.0,0.0,0.0,0.0
R03,08,594,1,0.0,0.0,0.0,0.0
R03,08,595,1,0.0,0.0,0.0,0.0
R03,08,596,1,0.0,0.0,0.0,0.0
R03,08,597,1,0.0,0.0,0.0,0.0
R03,08,598,1,0.0,0.0,0.0,0.0
R03,08,599,1,0.0,0.0,0.0,0.0
R03,08,600,1,0.0,0.0,0.0,0.0
R03,08,601,1,0.0,0.0,0.0,0.0
R03,08,602,1,0.0,0.0,0.0,0.0
R03,08,603,1,0.0,0.0,0.0,0.0
R03,08,604,1,0.0,0.0,0.0,0.0
R03,08,605,1,0.0,0.0,0.0,0.0
R03,08,606,1,0.0,0.0,0.0,0.0
R03,08,607,1,0.0,0.0,0.0,0.0
R03,08,608,1,0.0,0.0,0.0,0.0
R03,08,609,1,0.0,0.0,0.0,0.0
R03,08,610,1,0.0,0.0,0.0,0.0
R03,08,611,1,0.0,0.0,0.0,0.0
R03,08,612,1,0.0,0.0,0.0,0.0
R03,08,613,1,0.0,0.0,0.0,0.0
R03,08,614,1,0.0,0.0,0.0,0.0
R03,08,615,1,0.0,0.0,0.0,0.0
R03,08,616,1,0.0,0.0,0.0,0.0
R03,08,617,1,0.0,0.0,0.0,0.0
R03,08,618,1,0.0,0.0,0.0,0.0
R03,08,619,1,0.0,0.0,0.0,0.0
R03,08,620,1,0.0,0.0,0.0,0.0
R03,08,621,1,0.0,0.0,0.0,0.0
R03,08,622,1,0.0,0.0,0.0,0.0
R03,08,623,1,0.0,0.0,0.0,0.0
R03,08,624,1,0.0,0.0,0.0,0.0
R03,08,625,1,0.0,0.0,0.0,0.0
R03,08,626,1,0.0,0.0,0.0,0.0
R03,08,627,1,0.0,0.0,0.0,0.0
R03,08,628,1,0.0,0.0,0.0,0.0
R03,08,629,1,0.0,0.0,0.0,0.0
R03,08,630,1,0.0,0.0,0.0,0.0
R03,08,631,1,0.0,0.0,0.0,0.0
R03,08,632,1,0.0,0.0,0.0,0.0
R03,08,633,1,0.0,0.0,0.0,0.0
R03,08,634,1,0.0,0.0,0.0,0.0
R03,08,635,1,0.0,0.0,0.0,0.0
R03,08,636,1,0.0,0.0,0.0,0.0
R03,08,637,1,0.0,0.0,0.0,0.0
R03,08,638,1,0.0,0.0,0.0,0.0
R03,08,639,1,0.0,0.0,0.0,0.0
R03,08,640,1,0.0,0.0,0.0,0.0
R03,08,641,1,0.0,0.0,0.0,0.0
R03,08,642,1,0.0,0.0,0.0,0.0
R03,08,643,1,0.0,0.0,0.0,0.0
R03,08,644,1,0.0,0.0,0.0,0.0
R03,08,645,1,0.0,0.0,0.0,0.0
R03,08,646,1,0.0,0.0,0.0,0.0
R03,08,647,0,0.0,0.0,0.0,0.0
R03,08,648,0,0.0,0.0,0.0,0.0
R03,08,649,0,0.0,0.0,0.0,0.0
R03,08,650,0,0.0,0.0,0.0,0.0
R03,08,651,0,0.0,0.0,0.0,0.0
R03,08,652,0,0.0,0.0,0.0,0.0
R03,08,653,0,0.0,0.0,0.0,0.0
R03,08,654,0,0.0,0.0,0.0,0.0
R03,08,655,0,0.0,0.0,0.0,0.0
R03,08,656,0,0.0,0.0,0.0,0.0
R03,08,657,0,0.0,0.0,0.0,0.0
R03,08,658,0,0.0,0.0,0.0,0.0
R03,08,659,0,0.0,0.0,0.0,0.0
R03,08,660,0,0.0,0.0,0.0,0.0
R03,08,661,0,0.0,0.0,0.0,0.0
R03,08,662,0,0.0,0.0,0.0,0.0
R03,08,663,0,0.0,0.0,0.0,0.0
R03,08,664,0,0.0,0.0,0.0,0.0
R03,08,665,0,0.0,0.0,0.0,0.0
R03,08,666,0,0.0,0.0,0.0,0.0
R03,08,667,0,0.0,0.0,0.0,0.0
R03,08,668,0,0.0,0.0,0.0,0.0
R03,08,669,0,0.0,0.0,0.0,0.0
R03,08,670,0,0.0,0.0,0.0,0.0
R03,08,671,0,0.0,0.0,0.0,0.0
R03,08,672,0,0.0,0.0,0.0,0.0
R03,08,673,0,0.0,0.0,0.0,0.0
R03,08,674,0,0.0,0.0,0.0,0.0
R03,08,675,0,0.0,0.0,0.0,0.0
R03,08,676,0,0.0,0.0,0.0,0.0
R03,08,677,0,0.0,0.0,0.0,0.0
R03,08,678,0,0.0,0.0,0.0,0.0
R03,08,679,0,0.0,0.0,0.0,0.0
R03,08,680,0,0.0,0.0,0.0,0.0
R03,08,681,0,0.0,0.0,0.0,0.0
R03,08,682,0,0.0,0.0,0.0,0.0
R03,08,683,0,0.0,0.0,0.0,0.0
R03,08,684,0,0.0,0.0,0.0,0.0
R03,08,685,0,0.0,0.0,0.0,0.0
R03,08,686,0,0.0,0.0,0.0,0.0
R03,08,687,0,0.0,0.0,0.0,0.0
R03,08,688,0,0.0,0.0,0.0,0.0
R03,08,689,0,0.0,0.0,0.0,0.0
R03,08,690,0,0.0,0.0,0.0,0.0
R03,08,691,0,0.0,0.0,0.0,0.0
R03,08,692,0,0.0,0.0,0.0,0.0
R03,08,693,0,0.0,0.0,0.0,0.0
R03,08,694,0,0.0,0.0,0.0,0.0
R03,09,0,0,0.0,0.0,0.0,0.0
R03,09,1,0,0.0,0.0,0.0,0.0
R03,09,2,0,0.0,0.0,0.0,0.0
R03,09,3,0,0.0,0.0,0.0,0.0
R03,09,4,0,0.0,0.0,0.0,0.0
R03,09,5,0,0.0,0.0,0.0,0.0
R03,09,6,0,0.0,0.0,0.0,0.0
R03,09,7,0,0.0,0.0,0.0,0.0
R03,09,8,0,0.0,0.0,0.0,0.0
R03,09,9,0,0.0,0.0,0.0,0.0
R03,09,10,0,0.0,0.0,0.0,0.0
R03,09,11,0,0.0,0.0,0.0,0.0
R03,09,12,0,0.0,0.0,0.0,0.0
R03,09,13,0,0.0,0.0,0.0,0.0
R03,09,14,0,0.0,0.0,0.0,0.0
R03,09,15,0,0.0,0.0,0.0,0.0
R03,09,16,0,0.0,0.0,0.0,0.0
R03,09,17,0,0.0,0.0,0.0,0.0
R03,09,18,0,0.0,0.0,0.0,0.0
R03,09,19,0,0.0,0.0,0.0,0.0
R03,09,20,0,0.0,0.0,0.0,0.0
R03,09,21,0,0.0,0.0,0.0,0.0
R03,09,22,0,0.0,0.0,0.0,0.0
R03,09,23,0,0.0,0.0,0.0,0.0
R03,09,24,0,0.0,0.0,0.0,0.0
R03,09,25,0,0.0,0.0,0.0,0.0
R03,09,26,0,0.0,0.0,0.0,0.0
R03,09,27,0,0.0,0.0,0.0,0.0
R03,09,28,0,0.0,0.0,0.0,0.0
R03,09,29,0,0.0,0.0,0.0,0.0
R03,09,30,0,0.0,0.0,0.0,0.0
R03,09,31,0,0.0,0.0,0.0,0.0
R03,09,32,0,0.0,0.0,0.0,0.0
R03,09,33,0,0.0,0.0,0.0,0.0
R03,09,34,0,0.0,0.0,0.0,0.0
R03,09,35,0,0.0,0.0,0.0,0.0
R03,09,36,0,0.0,0.0,0.0,0.0
R03,09,37,0,0.0,0.0,0.0,0.0
R03,09,38,0,0.0,0.0,0.0,0.0
R03,09,39,0,0.0,0.0,0.0,0.0
R03,09,40,0,0.0,0.0,0.0,0.0
R03,09,41,0,0.0,0.0,0.0,0.0
R03,09,42,0,0.0,0.0,0.0,0.0
R03,09,43,0,0.0,0.0,0.0,0.0
R03,09,44,0,0.0,0.0,0.0,0.0
R03,09,45,0,0.0,0.0,0.0,0.0
R03,09,46,0,0.0,0.0,0.0,0.0
R03,09,47,0,0.0,0.0,0.0,0.0
R03,09,48,0,0.0,0.0,0.0,0.0
R03,09,49,0,0.0,0.0,0.0,0.0
R03,09,50,0,0.0,0.0,0.0,0.0
R03,09,51,0,0.0,0.0,0.0,0.0
R03,09,52,0,0.0,0.0,0.0,0.0
R03,09,53,0,0.0,0.0,0.0,0.0
R03,09,54,0,0.0,0.0,0.0,0.0
R03,09,55,0,0.0,0.0,0.0,0.0
R03,09,56,0,0.0,0.0,0.0,0.0
R03,09,57,0,0.0,0.0,0.0,0.0
R03,09,58,0,0.0,0.0,0.0,0.0
R03,09,59,0,0.0,0.0,0.0,0.0
R03,09,60,0,0.0,0.0,0.0,0.0
R03,09,61,0,0.0,0.0,0.0,0.0
R03,09,62,0,0.0,0.0,0.0,0.0
R03,09,63,0,0.0,0.0,0.0,0.0
R03,09,64,0,0.0,0.0,0.0,0.0
R03,09,65,0,0.0,0.0,0.0,0.0
R03,09,66,0,0.0,0.0,0.0,0.0
R03,09,67,0,0.0,0.0,0.0,0.0
R03,09,68,0,0.0,0.0,0.0,0.0
R03,09,69,0,0.0,0.0,0.0,0.0
R03,09,70,0,0.0,0.0,0.0,0.0
R03,09,71,0,0.0,0.0,0.0,0.0
R03,09,72,0,0.0,0.0,0.0,0.0
R03,09,73,0,0.0,0.0,0.0,0.0
R03,09,74,0,0.0,0.0,0.0,0.0
R03,09,75,0,0.0,0.0,0.0,0.0
R03,09,76,0,0.0,0.0,0.0,0.0
R03,09,77,0,0.0,0.0,0.0,0.0
R03,09,78,0,0.0,0.0,0.0,0.0
R03,09,79,0,0.0,0.0,0.0,0.0
R03,09,80,0,0.0,0.0,0.0,0.0
R03,09,81,0,0.0,0.0,0.0,0.0
R03,09,82,0,0.0,0.0,0.0,0.0
R03,09,83,0,0.0,0.0,0.0,0.0
R03,09,84,0,0.0,0.0,0.0,0.0
R03,09,85,0,0.0,0.0,0.0,0.0
R03,09,86,0,0.0,0.0,0.0,0.0
R03,09,87,0,0.0,0.0,0.0,0.0
R03,09,88,0,0.0,0.0,0.0,0.0
R03,09,89,0,0.0,0.0,0.0,0.0
R03,09,90,0,0.0,0.0,0.0,0.0
R03,09,91,0,0.0,0.0,0.0,0.0
R03,09,92,0,0.0,0.0,0.0,0.0
R03,09,93,0,0.0,0.0,0.0,0.0
R03,09,94,0,0.0,0.0,0.0,0.0
R03,09,95,0,0.0,0.0,0.0,0.0
R03,09,96,0,0.0,0.0,0.0,0.0
R03,09,97,0,0.0,0.0,0.0,0.0
R03,09,98,0,0.0,0.0,0.0,0.0
R03,09,99,0,0.0,0.0,0.0,0.0
R03,09,100,0,0.0,0.0,0.0,0.0
R03,09,101,0,0.0,0.0,0.0,0.0
R03,09,102,0,0.0,0.0,0.0,0.0
R03,09,103,0,0.0,0.0,0.0,0.0
R03,09,104,0,0.0,0.0,0.0,0.0
R03,09,105,0,0.0,0.0,0.0,0.0
R03,09,106,0,0.0,0.0,0.0,0.0
R03,09,107,0,0.0,0.0,0.0,0.0
R03,09,108,0,0.0,0.0,0.0,0.0
R03,09,109,0,0.0,0.0,0.0,0.0
R03,09,110,0,0.0,0.0,0.0,0.0
R03,09,111,0,0.0,0.0,0.0,0.0
R03,09,112,0,0.0,0.0,0.0,0.0
R03,09,113,0,0.0,0.0,0.0,0.0
R03,09,114,0,0.0,0.0,0.0,0.0
R03,09,115,0,0.0,0.0,0.0,0.0
R03,09,116,0,0.0,0.0,0.0,0.0
R03,09,117,0,0.0,0.0,0.0,0.0
R03,09,118,0,0.0,0.0,0.0,0.0
R03,09,119,0,0.0,0.0,0.0,0.0
R03,09,120,0,0.0,0.0,0.0,0.0
R03,09,121,0,0.0,0.0,0.0,0.0
R03,09,122,0,0.0,0.0,0.0,0.0
R03,09,123,0,0.0,0.0,0.0,0.0
R03,09,124,0,0.0,0.0,0.0,0.0
R03,09,125,0,0.0,0.0,0.0,0.0
R03,09,126,0,0.0,0.0,0.0,0.0
R03,09,127,0,0.0,0.0,0.0,0.0
R03,09,128,0,0.0,0.0,0.0,0.0
R03,09,129,0,0.0,0.0,0.0,0.0
R03,09,130,0,0.0,0.0,0.0,0.0
R03,09,131,0,0.0,0.0,0.0,0.0
R03,09,132,0,0.0,0.0,0.0,0.0
R03,09,133,0,0.0,0.0,0.0,0.0
R03,09,134,0,0.0,0.0,0.0,0.0
R03,09,135,0,0.0,0.0,0.0,0.0
R03,09,136,0,0.0,0.0,0.0,0.0
R03,09,137,0,0.0,0.0,0.0,0.0
R03,09,138,0,0.0,0.0,0.0,0.0
R03,09,139,0,0.0,0.0,0.0,0.0
R03,09,140,0,0.0,0.0,0.0,0.0
R03,09,141,0,0.0,0.0,0.0,0.0
R03,09,142,0,0.0,0.0,0.0,0.0
R03,09,143,0,0.0,0.0,0.0,0.0
R03,09,144,0,0.0,0.0,0.0,0.0
R03,09,145,0,0.0,0.0,0.0,0.0
R03,09,146,0,0.0,0.0,0.0,0.0
R03,09,147,0,0.0,0.0,0.0,0.0
R03,09,148,0,0.0,0.0,0.0,0.0
R03,09,149,0,0.0,0.0,0.0,0.0
R03,09,150,0,0.0,0.0,0.0,0.0
R03,09,151,0,0.0,0.0,0.0,0.0
R03,09,152,0,0.0,0.0,0.0,0.0
R03,09,153,0,0.0,0.0,0.0,0.0
R03,09,154,0,0.0,0.0,0.0,0.0
R03,09,155,0,0.0,0.0,0.0,0.0
R03,09,156,0,0.0,0.0,0.0,0.0
R03,09,157,0,0.0,0.0,0.0,0.0
R03,09,158,0,0.0,0.0,0.0,0.0
R03,09,159,0,0.0,0.0,0.0,0.0
R03,09,160,0,0.0,0.0,0.0,0.0
R03,09,161,0,0.0,0.0,0.0,0.0
R03,09,162,0,0.0,0.0,0.0,0.0
R03,09,163,0,0.0,0.0,0.0,0.0
R03,09,164,0,0.0,0.0,0.0,0.0
R03,09,165,0,0.0,0.0,0.0,0.0
R03,09,166,0,0.0,0.0,0.0,0.0
R03,09,167,0,0.0,0.0,0.0,0.0
R03,09,168,0,0.0,0.0,0.0,0.0
R03,09,169,0,0.0,0.0,0.0,0.0
R03,09,170,0,0.0,0.0,0.0,0.0
R03,09,171,0,0.0,0.0,0.0,0.0
R03,09,172,0,0.0,0.0,0.0,0.0
R03,09,173,0,0.0,0.0,0.0,0.0
R03,09,174,0,0.0,0.0,0.0,0.0
R03,09,175,0,0.0,0.0,0.0,0.0
R03,09,176,0,0.0,0.0,0.0,0.0
R03,09,177,0,0.0,0.0,0.0,0.0
R03,09,178,0,0.0,0.0,0.0,0.0
R03,09,179,0,0.0,0.0,0.0,0.0
R03,09,180,0,0.0,0.0,0.0,0.0
R03,09,181,0,0.0,0.0,0.0,0.0
R03,09,182,0,0.0,0.0,0.0,0.0
R03,09,183,0,0.0,0.0,0.0,0.0
R03,09,184,0,0.0,0.0,0.0,0.0
R03,09,185,0,0.0,0.0,0.0,0.0
R03,09,186,0,0.0,0.0,0.0,0.0
R03,09,187,0,0.0,0.0,0.0,0.0
R03,09,188,0,0.0,0.0,0.0,0.0
R03,09,189,0,0.0,0.0,0.0,0.0
R03,09,190,0,0.0,0.0,0.0,0.0
R03,09,191,0,0.0,0.0,0.0,0.0
R03,09,192,0,0.0,0.0,0.0,0.0
R03,09,193,0,0.0,0.0,0.0,0.0
R03,09,194,0,0.0,0.0,0.0,0.0
R03,09,195,0,0.0,0.0,0.0,0.0
R03,09,196,0,0.0,0.0,0.0,0.0
R03,09,197,0,0.0,0.0,0.0,0.0
R03,09,198,0,0.0,0.0,0.0,0.0
R03,09,199,0,0.0,0.0,0.0,0.0
R03,09,200,0,0.0,0.0,0.0,0.0
R03,09,201,0,0.0,0.0,0.0,0.0
R03,09,202,0,0.0,0.0,0.0,0.0
R03,09,203,0,0.0,0.0,0.0,0.0
R03,09,204,0,0.0,0.0,0.0,0.0
R03,09,205,0,0.0,0.0,0.0,0.0
R03,09,206,0,0.0,0.0,0.0,0.0
R03,09,207,0,0.0,0.0,0.0,0.0
R03,09,208,0,0.0,0.0,0.0,0.0
R03,09,209,0,0.0,0.0,0.0,0.0
R03,09,210,0,0.0,0.0,0.0,0.0
R03,09,211,0,0.0,0.0,0.0,0.0
R03,09,212,0,0.0,0.0,0.0,0.0
R03,09,213,0,0.0,0.0,0.0,0.0
R03,09,214,0,0.0,0.0,0.0,0.0
R03,09,215,0,0.0,0.0,0.0,0.0
R03,09,216,0,0.0,0.0,0.0,0.0
R03,09,217,0,0.0,0.0,0.0,0.0
R03,09,218,0,0.0,0.0,0.0,0.0
R03,09,219,0,0.0,0.0,0.0,0.0
R03,09,220,0,0.0,0.0,0.0,0.0
R03,09,221,0,0.0,0.0,0.0,0.0
R03,09,222,0,0.0,0.0,0.0,0.0
R03,09,223,0,0.0,0.0,0.0,0.0
R03,09,224,0,0.0,0.0,0.0,0.0
R03,09,225,0,0.0,0.0,0.0,0.0
R03,09,226,0,0.0,0.0,0.0,0.0
R03,09,227,0,0.0,0.0,0.0,0.0
R03,09,228,0,0.0,0.0,0.0,0.0
R03,09,229,0,0.0,0.0,0.0,0.0
R03,09,230,0,0.0,0.0,0.0,0.0
R03,09,231,0,0.0,0.0,0.0,0.0
R03,09,232,0,0.0,0.0,0.0,0.0
R03,09,233,0,0.0,0.0,0.0,0.0
R03,09,234,0,0.0,0.0,0.0,0.0
R03,09,235,0,0.0,0.0,0.0,0.0
R03,09,236,0,0.0,0.0,0.0,0.0
R03,09,237,0,0.0,0.0,0.0,0.0
R03,09,238,0,0.0,0.0,0.0,0.0
R03,09,239,0,0.0,0.0,0.0,0.0
R03,09,240,0,0.0,0.0,0.0,0.0
R03,09,241,0,0.0,0.0,0.0,0.0
R03,09,242,0,0.0,0.0,0.0,0.0
R03,09,243,0,0.0,0.0,0.0,0.0
R03,09,244,0,0.0,0.0,0.0,0.0
R03,09,245,0,0.0,0.0,0.0,0.0
R03,09,246,0,0.0,0.0,0.0,0.0
R03,09,247,0,0.0,0.0,0.0,0.0
R03,09,248,0,0.0,0.0,0.0,0.0
R03,09,249,0,0.0,0.0,0.0,0.0
R03,09,250,0,0.0,0.0,0.0,0.0
R03,09,251,0,0.0,0.0,0.0,0.0
R03,09,252,0,0.0,0.0,0.0,0.0
R03,09,253,0,0.0,0.0,0.0,0.0
R03,09,254,0,0.0,0.0,0.0,0.0
R03,09,255,0,0.0,0.0,0.0,0.0
R03,09,256,0,0.0,0.0,0.0,0.0
R03,09,257,0,0.0,0.0,0.0,0.0
R03,09,258,0,0.0,0.0,0.0,0.0
R03,09,259,0,0.0,0.0,0.0,0.0
R03,09,260,0,0.0,0.0,0.0,0.0
R03,09,261,0,0.0,0.0,0.0,0.0
R03,09,262,0,0.0,0.0,0.0,0.0
R03,09,263,0,0.0,0.0,0.0,0.0
R03,09,264,0,0.0,0.0,0.0,0.0
R03,09,265,0,0.0,0.0,0.0,0.0
R03,09,266,0,0.0,0.0,0.0,0.0
R03,09,267,0,0.0,0.0,0.0,0.0
R03,09,268,0,0.0,0.0,0.0,0.0
R03,09,269,0,0.0,0.0,0.0,0.0
R03,09,270,0,0.0,0.0,0.0,0.0
R03,09,271,0,0.0,0.0,0.0,0.0
R03,09,272,0,0.0,0.0,0.0,0.0
R03,09,273,0,0.0,0.0,0.0,0.0
R03,09,274,0,0.0,0.0,0.0,0.0
R03,09,275,0,0.0,0.0,0.0,0.0
R03,09,276,0,0.0,0.0,0.0,0.0
R03,09,277,0,0.0,0.0,0.0,0.0
R03,09,278,0,0.0,0.0,0.0,0.0
R03,09,279,0,0.0,0.0,0.0,0.0
R03,09,280,0,0.0,0.0,0.0,0.0
R03,09,281,0,0.0,0.0,0.0,0.0
R03,09,282,0,0.0,0.0,0.0,0.0
R03,09,283,0,0.0,0.0,0.0,0.0
R03,09,284,0,0.0,0.0,0.0,0.0
R03,09,285,0,0.0,0.0,0.0,0.0
R03,09,286,0,0.0,0.0,0.0,0.0
R03,09,287,0,0.0,0.0,0.0,0.0
R03,09,288,0,0.0,0.0,0.0,0.0
R03,09,289,0,0.0,0.0,0.0,0.0
R03,09,290,0,0.0,0.0,0.0,0.0
R03,09,291,0,0.0,0.0,0.0,0.0
R03,09,292,0,0.0,0.0,0.0,0.0
R03,09,293,0,0.0,0.0,0.0,0.0
R03,09,294,0,0.0,0.0,0.0,0.0
R03,09,295,0,0.0,0.0,0.0,0.0
R03,09,296,0,0.0,0.0,0.0,0.0
R03,09,297,0,0.0,0.0,0.0,0.0
R03,09,298,0,0.0,0.0,0.0,0.0
R03,09,299,0,0.0,0.0,0.0,0.0
R03,09,300,0,0.0,0.0,0.0,0.0
R03,09,301,0,0.0,0.0,0.0,0.0
R03,09,302,0,0.0,0.0,0.0,0.0
R03,09,303,0,0.0,0.0,0.0,0.0
R03,09,304,0,0.0,0.0,0.0,0.0
R03,09,305,0,0.0,0.0,0.0,0.0
R03,09,306,0,0.0,0.0,0.0,0.0
R03,09,307,0,0.0,0.0,0.0,0.0
R03,09,308,0,0.0,0.0,0.0,0.0
R03,09,309,0,0.0,0.0,0.0,0.0
R03,09,310,0,0.0,0.0,0.0,0.0
R03,09,311,0,0.0,0.0,0.0,0.0
R03,09,312,0,0.0,0.0,0.0,0.0
R03,09,313,0,0.0,0.0,0.0,0.0
R03,09,314,0,0.0,0.0,0.0,0.0
R03,09,315,0,0.0,0.0,0.0,0.0
R03,09,316,0,0.0,0.0,0.0,0.0
R03,09,317,0,0.0,0.0,0.0,0.0
R03,09,318,0,0.0,0.0,0.0,0.0
R03,09,319,0,0.0,0.0,0.0,0.0
R03,09,320,0,0.0,0.0,0.0,0.0
R03,09,321,0,0.0,0.0,0.0,0.0
R03,09,322,0,0.0,0.0,0.0,0.0
R03,09,323,0,0.0,0.0,0.0,0.0
R03,09,324,0,0.0,0.0,0.0,0.0
R03,09,325,0,0.0,0.0,0.0,0.0
R03,09,326,0,0.0,0.0,0.0,0.0
R03,09,327,0,0.0,0.0,0.0,0.0
R03,09,328,0,0.0,0.0,0.0,0.0
R03,09,329,0,0.0,0.0,0.0,0.0
R03,09,330,0,0.0,0.0,0.0,0.0
R03,09,331,0,0.0,0.0,0.0,0.0
R03,09,332,0,0.0,0.0,0.0,0.0
R03,09,333,0,0.0,0.0,0.0,0.0
R03,09,334,0,0.0,0.0,0.0,0.0
R03,09,335,0,0.0,0.0,0.0,0.0
R03,09,336,0,0.0,0.0,0.0,0.0
R03,09,337,0,0.0,0.0,0.0,0.0
R03,09,338,0,0.0,0.0,0.0,0.0
R03,09,339,0,0.0,0.0,0.0,0.0
R03,09,340,0,0.0,0.0,0.0,0.0
R03,09,341,0,0.0,0.0,0.0,0.0
R03,09,342,0,0.0,0.0,0.0,0.0
R03,09,343,0,0.0,0.0,0.0,0.0
R03,09,344,0,0.0,0.0,0.0,0.0
R03,09,345,0,0.0,0.0,0.0,0.0
R03,09,346,0,0.0,0.0,0.0,0.0
R03,09,347,0,0.0,0.0,0.0,0.0
R03,09,348,0,0.0,0.0,0.0,0.0
R03,09,349,0,0.0,0.0,0.0,0.0
R03,09,350,0,0.0,0.0,0.0,0.0
R03,09,351,0,0.0,0.0,0.0,0.0
R03,09,352,0,0.0,0.0,0.0,0.0
R03,09,353,0,0.0,0.0,0.0,0.0
R03,09,354,0,0.0,0.0,0.0,0.0
R03,09,355,0,0.0,0.0,0.0,0.0
R03,09,356,0,0.0,0.0,0.0,0.0
R03,09,357,0,0.0,0.0,0.0,0.0
R03,09,358,0,0.0,0.0,0.0,0.0
R03,09,359,0,0.0,0.0,0.0,0.0
R03,09,360,0,0.0,0.0,0.0,0.0
R03,09,361,0,0.0,0.0,0.0,0.0
R03,09,362,0,0.0,0.0,0.0,0.0
R03,09,363,0,0.0,0.0,0.0,0.0
R03,09,364,0,0.0,0.0,0.0,0.0
R03,09,365,0,0.0,0.0,0.0,0.0
R03,09,366,0,0.0,0.0,0.0,0.0
R03,09,367,0,0.0,0.0,0.0,0.0
R03,09,368,0,0.0,0.0,0.0,0.0
R03,09,369,0,0.0,0.0,0.0,0.0
R03,09,370,0,0.0,0.0,0.0,0.0
R03,09,371,0,0.0,0.0,0.0,0.0
R03,09,372,0,0.0,0.0,0.0,0.0
R03,09,373,0,0.0,0.0,0.0,0.0
R03,09,374,0,0.0,0.0,0.0,0.0
R03,09,375,0,0.0,0.0,0.0,0.0
R03,09,376,0,0.0,0.0,0.0,0.0
R03,09,377,0,0.0,0.0,0.0,0.0
R03,09,378,0,0.0,0.0,0.0,0.0
R03,09,379,0,0.0,0.0,0.0,0.0
R03,09,380,0,0.0,0.0,0.0,0.0
R03,09,381,0,0.0,0.0,0.0,0.0
R03,09,382,0,0.0,0.0,0.0,0.0
R03,09,383,0,0.0,0.0,0.0,0.0
R03,09,384,0,0.0,0.0,0.0,0.0
R03,09,385,0,0.0,0.0,0.0,0.0
R03,09,386,0,0.0,0.0,0.0,0.0
R03,09,387,0,0.0,0.0,0.0,0.0
R03,09,388,0,0.0,0.0,0.0,0.0
R03,09,389,0,0.0,0.0,0.0,0.0
R03,09,390,0,0.0,0.0,0.0,0.0
R03,09,391,0,0.0,0.0,0.0,0.0
R03,09,392,0,0.0,0.0,0.0,0.0
R03,09,393,0,0.0,0.0,0.0,0.0
R03,09,394,0,0.0,0.0,0.0,0.0
R03,09,395,0,0.0,0.0,0.0,0.0
R03,09,396,0,0.0,0.0,0.0,0.0
R03,09,397,0,0.0,0.0,0.0,0.0
R03,09,398,0,0.0,0.0,0.0,0.0
R03,09,399,0,0.0,0.0,0.0,0.0
R03,09,400,0,0.0,0.0,0.0,0.0
R03,09,401,0,0.0,0.0,0.0,0.0
R03,09,402,0,0.0,0.0,0.0,0.0
R03,09,403,0,0.0,0.0,0.0,0.0
R03,09,404,0,0.0,0.0,0.0,0.0
R03,09,405,0,0.0,0.0,0.0,0.0
R03,09,406,0,0.0,0.0,0.0,0.0
R03,09,407,0,0.0,0.0,0.0,0.0
R03,09,408,0,0.0,0.0,0.0,0.0
R03,09,409,0,0.0,0.0,0.0,0.0
R03,09,410,0,0.0,0.0,0.0,0.0
R03,09,411,0,0.0,0.0,0.0,0.0
R03,09,412,0,0.0,0.0,0.0,0.0
R03,09,413,0,0.0,0.0,0.0,0.0
R03,09,414,0,0.0,0.0,0.0,0.0
R03,09,415,0,0.0,0.0,0.0,0.0
R03,09,416,0,0.0,0.0,0.0,0.0
R03,09,417,0,0.0,0.0,0.0,0.0
R03,09,418,0,0.0,0.0,0.0,0.0
R03,09,419,0,0.0,0.0,0.0,0.0
R03,09,420,0,0.0,0.0,0.0,0.0
R03,09,421,0,0.0,0.0,0.0,0.0
R03,09,422,0,0.0,0.0,0.0,0.0
R03,09,423,0,0.0,0.0,0.0,0.0
R03,09,424,0,0.0,0.0,0.0,0.0
R03,09,425,0,0.0,0.0,0.0,0.0
R03,09,426,0,0.0,0.0,0.0,0.0
R03,09,427,0,0.0,0.0,0.0,0.0
R03,09,428,0,0.0,0.0,0.0,0.0
R03,09,429,0,0.0,0.0,0.0,0.0
R03,09,430,0,0.0,0.0,0.0,0.0
R03,09,431,0,0.0,0.0,0.0,0.0
R03,09,432,0,0.0,0.0,0.0,0.0
R03,09,433,0,0.0,0.0,0.0,0.0
R03,09,434,0,0.0,0.0,0.0,0.0
R03,09,435,0,0.0,0.0,0.0,0.0
R03,09,436,0,0.0,0.0,0.0,0.0
R03,09,437,0,0.0,0.0,0.0,0.0
R03,09,438,0,0.0,0.0,0.0,0.0
R03,09,439,0,0.0,0.0,0.0,0.0
R03,09,440,0,0.0,0.0,0.0,0.0
R03,09,441,0,0.0,0.0,0.0,0.0
R03,09,442,0,0.0,0.0,0.0,0.0
R03,09,443,0,0.0,0.0,0.0,0.0
R03,09,444,0,0.0,0.0,0.0,0.0
R03,09,445,0,0.0,0.0,0.0,0.0
R03,09,446,0,0.0,0.0,0.0,0.0
R03,09,447,0,0.0,0.0,0.0,0.0
R03,09,448,0,0.0,0.0,0.0,0.0
R03,09,449,0,0.0,0.0,0.0,0.0
R03,09,450,0,0.0,0.0,0.0,0.0
R03,09,451,0,0.0,0.0,0.0,0.0
R03,09,452,0,0.0,0.0,0.0,0.0
R03,09,453,0,0.0,0.0,0.0,0.0
R03,09,454,0,0.0,0.0,0.0,0.0
R03,09,455,0,0.0,0.0,0.0,0.0
R03,09,456,0,0.0,0.0,0.0,0.0
R03,09,457,0,0.0,0.0,0.0,0.0
R03,09,458,0,0.0,0.0,0.0,0.0
R03,09,459,0,0.0,0.0,0.0,0.0
R03,09,460,0,0.0,0.0,0.0,0.0
R03,09,461,0,0.0,0.0,0.0,0.0
R03,09,462,0,0.0,0.0,0.0,0.0
R03,09,463,0,0.0,0.0,0.0,0.0
R03,09,464,0,0.0,0.0,0.0,0.0
R03,09,465,0,0.0,0.0,0.0,0.0
R03,09,466,0,0.0,0.0,0.0,0.0
R03,09,467,0,0.0,0.0,0.0,0.0
R03,09,468,0,0.0,0.0,0.0,0.0
R03,09,469,0,0.0,0.0,0.0,0.0
R03,09,470,0,0.0,0.0,0.0,0.0
R03,09,471,0,0.0,0.0,0.0,0.0
R03,09,472,0,0.0,0.0,0.0,0.0
R03,09,473,0,0.0,0.0,0.0,0.0
R03,09,474,0,0.0,0.0,0.0,0.0
R03,09,475,0,0.0,0.0,0.0,0.0
R03,09,476,0,0.0,0.0,0.0,0.0
R03,09,477,0,0.0,0.0,0.0,0.0
R03,09,478,0,0.0,0.0,0.0,0.0
R03,09,479,0,0.0,0.0,0.0,0.0
R03,09,480,0,0.0,0.0,0.0,0.0
R03,09,481,0,0.0,0.0,0.0,0.0
R03,09,482,0,0.0,0.0,0.0,0.0
R03,09,483,0,0.0,0.0,0.0,0.0
R03,09,484,0,0.0,0.0,0.0,0.0
R03,09,485,0,0.0,0.0,0.0,0.0
R03,09,486,0,0.0,0.0,0.0,0.0
R03,09,487,0,0.0,0.0,0.0,0.0
R03,09,488,0,0.0,0.0,0.0,0.0
R03,09,489,0,0.0,0.0,0.0,0.0
R03,09,490,0,0.0,0.0,0.0,0.0
R03,09,491,0,0.0,0.0,0.0,0.0
R03,09,492,0,0.0,0.0,0.0,0.0
R03,09,493,0,0.0,0.0,0.0,0.0
R03,09,494,0,0.0,0.0,0.0,0.0
R03,09,495,0,0.0,0.0,0.0,0.0
R03,09,496,0,0.0,0.0,0.0,0.0
R03,09,497,0,0.0,0.0,0.0,0.0
R03,09,498,0,0.0,0.0,0.0,0.0
R03,09,499,0,0.0,0.0,0.0,0.0
R03,09,500,0,0.0,0.0,0.0,0.0
R03,09,501,0,0.0,0.0,0.0,0.0
R03,09,502,0,0.0,0.0,0.0,0.0
R03,09,503,0,0.0,0.0,0.0,0.0
R03,09,504,0,0.0,0.0,0.0,0.0
R03,09,505,0,0.0,0.0,0.0,0.0
R03,09,506,0,0.0,0.0,0.0,0.0
R03,09,507,0,0.0,0.0,0.0,0.0
R03,09,508,0,0.0,0.0,0.0,0.0
R03,09,509,0,0.0,0.0,0.0,0.0
R03,09,510,0,0.0,0.0,0.0,0.0
R03,09,511,0,0.0,0.0,0.0,0.0
R03,09,512,0,0.0,0.0,0.0,0.0
R03,09,513,0,0.0,0.0,0.0,0.0
R03,09,514,0,0.0,0.0,0.0,0.0
R03,09,515,0,0.0,0.0,0.0,0.0
R03,09,516,0,0.0,0.0,0.0,0.0
R03,09,517,0,0.0,0.0,0.0,0.0
R03,09,518,0,0.0,0.0,0.0,0.0
R03,09,519,0,0.0,0.0,0.0,0.0
R03,09,520,0,0.0,0.0,0.0,0.0
R03,09,521,0,0.0,0.0,0.0,0.0
R03,09,522,0,0.0,0.0,0.0,0.0
R03,09,523,0,0.0,0.0,0.0,0.0
R03,09,524,0,0.0,0.0,0.0,0.0
R03,09,525,0,0.0,0.0,0.0,0.0
R03,09,526,0,0.0,0.0,0.0,0.0
R03,09,527,0,0.0,0.0,0.0,0.0
R03,09,528,0,0.0,0.0,0.0,0.0
R03,09,529,0,0.0,0.0,0.0,0.0
R03,09,530,0,0.0,0.0,0.0,0.0
R03,09,531,0,0.0,0.0,0.0,0.0
R03,09,532,0,0.0,0.0,0.0,0.0
R03,09,533,0,0.0,0.0,0.0,0.0
R03,09,534,0,0.0,0.0,0.0,0.0
R03,09,535,0,0.0,0.0,0.0,0.0
R03,09,536,0,0.0,0.0,0.0,0.0
R03,09,537,0,0.0,0.0,0.0,0.0
R03,09,538,0,0.0,0.0,0.0,0.0
R03,09,539,0,0.0,0.0,0.0,0.0
R03,09,540,0,0.0,0.0,0.0,0.0
R03,09,541,0,0.0,0.0,0.0,0.0
R03,09,542,0,0.0,0.0,0.0,0.0
R03,09,543,0,0.0,0.0,0.0,0.0
R03,09,544,0,0.0,0.0,0.0,0.0
R03,09,545,0,0.0,0.0,0.0,0.0
R03,09,546,0,0.0,0.0,0.0,0.0
R03,09,547,0,0.0,0.0,0.0,0.0
R03,09,548,0,0.0,0.0,0.0,0.0
R03,09,549,0,0.0,0.0,0.0,0.0
R03,09,550,0,0.0,0.0,0.0,0.0
R03,09,551,0,0.0,0.0,0.0,0.0
R03,09,552,0,0.0,0.0,0.0,0.0
R03,09,553,0,0.0,0.0,0.0,0.0
R03,09,554,0,0.0,0.0,0.0,0.0
R03,09,555,0,0.0,0.0,0.0,0.0
R03,09,556,0,0.0,0.0,0.0,0.0
R03,09,557,0,0.0,0.0,0.0,0.0
R03,09,558,0,0.0,0.0,0.0,0.0
R03,09,559,0,0.0,0.0,0.0,0.0
R03,09,560,0,0.0,0.0,0.0,0.0
R03,09,561,0,0.0,0.0,0.0,0.0
R03,09,562,0,0.0,0.0,0.0,0.0
R03,09,563,0,0.0,0.0,0.0,0.0
R03,09,564,0,0.0,0.0,0.0,0.0
R03,09,565,0,0.0,0.0,0.0,0.0
R03,09,566,0,0.0,0.0,0.0,0.0
R03,09,567,0,0.0,0.0,0.0,0.0
R03,09,568,0,0.0,0.0,0.0,0.0
R03,09,569,0,0.0,0.0,0.0,0.0
R03,09,570,0,0.0,0.0,0.0,0.0
R03,09,571,0,0.0,0.0,0.0,0.0
R03,09,572,0,0.0,0.0,0.0,0.0
R03,09,573,0,0.0,0.0,0.0,0.0
R03,09,574,0,0.0,0.0,0.0,0.0
R03,09,575,0,0.0,0.0,0.0,0.0
R03,09,576,0,0.0,0.0,0.0,0.0
R03,09,577,0,0.0,0.0,0.0,0.0
R03,09,578,0,0.0,0.0,0.0,0.0
R03,09,579,0,0.0,0.0,0.0,0.0
R03,09,580,0,0.0,0.0,0.0,0.0
R03,09,581,0,0.0,0.0,0.0,0.0
R03,09,582,0,0.0,0.0,0.0,0.0
R03,09,583,0,0.0,0.0,0.0,0.0
R03,09,584,0,0.0,0.0,0.0,0.0
R03,09,585,0,0.0,0.0,0.0,0.0
R03,09,586,0,0.0,0.0,0.0,0.0
R03,09,587,0,0.0,0.0,0.0,0.0
R03,09,588,0,0.0,0.0,0.0,0.0
R03,09,589,0,0.0,0.0,0.0,0.0
R03,09,590,0,0.0,0.0,0.0,0.0
R03,09,591,0,0.0,0.0,0.0,0.0
R03,09,592,0,0.0,0.0,0.0,0.0
R03,09,593,0,0.0,0.0,0.0,0.0
R03,09,594,0,0.0,0.0,0.0,0.0
R03,09,595,0,0.0,0.0,0.0,0.0
R03,09,596,0,0.0,0.0,0.0,0.0
R03,09,597,0,0.0,0.0,0.0,0.0
R03,09,598,0,0.0,0.0,0.0,0.0
R03,09,599,0,0.0,0.0,0.0,0.0
R03,09,600,0,0.0,0.0,0.0,0.0
R03,09,601,0,0.0,0.0,0.0,0.0
R03,09,602,0,0.0,0.0,0.0,0.0
R03,09,603,0,0.0,0.0,0.0,0.0
R03,09,604,0,0.0,0.0,0.0,0.0
R03,09,605,0,0.0,0.0,0.0,0.0
R03,09,606,0,0.0,0.0,0.0,0.0
R03,09,607,0,0.0,0.0,0.0,0.0
R03,09,608,0,0.0,0.0,0.0,0.0
R03,09,609,0,0.0,0.0,0.0,0.0
R03,09,610,0,0.0,0.0,0.0,0.0
R03,09,611,0,0.0,0.0,0.0,0.0
R03,09,612,0,0.0,0.0,0.0,0.0
R03,09,613,0,0.0,0.0,0.0,0.0
R03,09,614,0,0.0,0.0,0.0,0.0
R03,09,615,0,0.0,0.0,0.0,0.0
R03,09,616,0,0.0,0.0,0.0,0.0
R03,09,617,0,0.0,0.0,0.0,0.0
R03,09,618,0,0.0,0.0,0.0,0.0
R03,09,619,0,0.0,0.0,0.0,0.0
R03,09,620,1,0.0,0.0,0.0,0.0
R03,09,621,1,0.0,0.0,0.0,0.0
R03,09,622,1,0.0,0.0,0.0,0.0
R03,09,623,1,0.0,0.0,0.0,0.0
R03,09,624,1,0.0,0.0,0.0,0.0
R03,09,625,1,0.0,0.0,0.0,0.0
R03,09,626,1,0.0,0.0,0.0,0.0
R03,09,627,1,0.0,0.0,0.0,0.0
R03,09,628,1,0.0,0.0,0.0,0.0
R03,09,629,1,0.0,0.0,0.0,0.0
R03,09,630,1,0.0,0.0,0.0,0.0
R03,09,631,1,0.0,0.0,0.0,0.0
R03,09,632,1,0.0,0.0,0.0,0.0
R03,09,633,1,0.0,0.0,0.0,0.0
R03,09,634,1,0.0,0.0,0.0,0.0
R03,09,635,1,0.0,0.0,0.0,0.0
R03,09,636,1,0.0,0.0,0.0,0.0
R03,09,637,1,0.0,0.0,0.0,0.0
R03,09,638,1,0.0,0.0,0.0,0.0
R03,09,639,1,0.0,0.0,0.0,0.0
R03,09,640,1,0.0,0.0,0.0,0.0
R03,09,641,1,0.0,0.0,0.0,0.0
R03,09,642,1,0.0,0.0,0.0,0.0
R03,09,643,1,0.0,0.0,0.0,0.0
R03,09,644,1,0.0,0.0,0.0,0.0
R03,09,645,1,0.0,0.0,0.0,0.0
R03,09,646,1,0.0,0.0,0.0,0.0
R03,09,647,1,0.0,0.0,0.0,0.0
R03,09,648,1,0.0,0.0,0.0,0.0
R03,09,649,1,0.0,0.0,0.0,0.0
R03,09,650,1,0.0,0.0,0.0,0.0
R03,09,651,1,0.0,0.0,0.0,0.0
R03,09,652,1,0.0,0.0,0.0,0.0
R03,09,653,1,0.0,0.0,0.0,0.0
R03,09,654,1,0.0,0.0,0.0,0.0
R03,09,655,1,0.0,0.0,0.0,0.0
R03,09,656,1,0.0,0.0,0.0,0.0
R03,09,657,1,0.0,0.0,0.0,0.0
R03,09,658,1,0.0,0.0,0.0,0.0
R03,09,659,1,0.0,0.0,0.0,0.0
R03,09,660,1,0.0,0.0,0.0,0.0
R03,09,661,1,0.0,0.0,0.0,0.0
R03,09,662,1,0.0,0.0,0.0,0.0
R03,09,663,1,0.0,0.0,0.0,0.0
R03,09,664,1,0.0,0.0,0.0,0.0
R03,09,665,1,0.0,0.0,0.0,0.0
R03,09,666,1,0.0,0.0,0.0,0.0
R03,09,667,1,0.0,0.0,0.0,0.0
R03,09,668,1,0.0,0.0,0.0,0.0
R03,09,669,1,0.0,0.0,0.0,0.0
R03,09,670,1,0.0,0.0,0.0,0.0
R03,09,671,1,0.0,0.0,0.0,0.0
R03,09,672,1,0.0,0.0,0.0,0.0
R03,09,673,1,0.0,0.0,0.0,0.0
R03,09,674,1,0.0,0.0,0.0,0.0
R03,09,675,1,0.0,0.0,0.0,0.0
R03,09,676,1,0.0,0.0,0.0,0.0
R03,09,677,1,0.0,0.0,0.0,0.0
R03,09,678,1,0.0,0.0,0.0,0.0
R03,09,679,1,0.0,0.0,0.0,0.0
R03,09,680,1,0.0,0.0,0.0,0.0
R03,09,681,1,0.0,0.0,0.0,0.0
R03,09,682,1,0.0,0.0,0.0,0.0
R03,09,683,1,0.0,0.0,0.0,0.0
R03,09,684,1,0.0,0.0,0.0,0.0
R03,09,685,1,0.0,0.0,0.0,0.0
R03,09,686,1,0.0,0.0,0.0,0.0
R03,09,687,1,0.0,0.0,0.0,0.0
R03,09,688,1,0.0,0.0,0.0,0.0
R03,09,689,1,0.0,0.0,0.0,0.0
R03,09,690,1,0.0,0.0,0.0,0.0
R03,09,691,1,0.0,0.0,0.0,0.0
R03,09,692,1,0.0,0.0,0.0,0.0
R03,09,693,1,0.0,0.0,0.0,0.0
R03,09,694,1,0.0,0.0,0.0,0.0
R03,09,695,1,0.0,0.0,0.0,0.0
R03,09,696,1,0.0,0.0,0.0,0.0
R03,09,697,1,0.0,0.0,0.0,0.0
R03,09,698,1,0.0,0.0,0.0,0.0
R03,09,699,1,0.0,0.0,0.0,0.0
R03,09,700,1,0.0,0.0,0.0,0.0
R03,09,701,1,0.0,0.0,0.0,0.0
R03,09,702,1,0.0,0.0,0.0,0.0
R03,09,703,1,0.0,0.0,0.0,0.0
R03,09,704,1,0.0,0.0,0.0,0.0
R03,09,705,1,0.0,0.0,0.0,0.0
R03,09,706,1,0.0,0.0,0.0,0.0
R03,09,707,1,0.0,0.0,0.0,0.0
R03,09,708,1,0.0,0.0,0.0,0.0
R03,09,709,1,0.0,0.0,0.0,0.0
R03,09,710,1,0.0,0.0,0.0,0.0
R03,09,711,1,0.0,0.0,0.0,0.0
R03,10,0,0,0.0,0.0,0.0,0.0
R03,10,1,0,0.0,0.0,0.0,0.0
R03,10,2,0,0.0,0.0,0.0,0.0
R03,10,3,0,0.0,0.0,0.0,0.0
R03,10,4,0,0.0,0.0,0.0,0.0
R03,10,5,0,0.0,0.0,0.0,0.0
R03,10,6,0,0.0,0.0,0.0,0.0
R03,10,7,0,0.0,0.0,0.0,0.0
R03,10,8,0,0.0,0.0,0.0,0.0
R03,10,9,0,0.0,0.0,0.0,0.0
R03,10,10,0,0.0,0.0,0.0,0.0
R03,10,11,0,0.0,0.0,0.0,0.0
R03,10,12,0,0.0,0.0,0.0,0.0
R03,10,13,0,0.0,0.0,0.0,0.0
R03,10,14,0,0.0,0.0,0.0,0.0
R03,10,15,0,0.0,0.0,0.0,0.0
R03,10,16,0,0.0,0.0,0.0,0.0
R03,10,17,0,0.0,0.0,0.0,0.0
R03,10,18,0,0.0,0.0,0.0,0.0
R03,10,19,0,0.0,0.0,0.0,0.0
R03,10,20,0,0.0,0.0,0.0,0.0
R03,10,21,0,0.0,0.0,0.0,0.0
R03,10,22,0,0.0,0.0,0.0,0.0
R03,10,23,0,0.0,0.0,0.0,0.0
R03,10,24,0,0.0,0.0,0.0,0.0
R03,10,25,0,0.0,0.0,0.0,0.0
R03,10,26,0,0.0,0.0,0.0,0.0
R03,10,27,0,0.0,0.0,0.0,0.0
R03,10,28,0,0.0,0.0,0.0,0.0
R03,10,29,0,0.0,0.0,0.0,0.0
R03,10,30,0,0.0,0.0,0.0,0.0
R03,10,31,0,0.0,0.0,0.0,0.0
R03,10,32,0,0.0,0.0,0.0,0.0
R03,10,33,0,0.0,0.0,0.0,0.0
R03,10,34,0,0.0,0.0,0.0,0.0
R03,10,35,0,0.0,0.0,0.0,0.0
R03,10,36,0,0.0,0.0,0.0,0.0
R03,10,37,0,0.0,0.0,0.0,0.0
R03,10,38,0,0.0,0.0,0.0,0.0
R03,10,39,0,0.0,0.0,0.0,0.0
R03,10,40,0,0.0,0.0,0.0,0.0
R03,10,41,0,0.0,0.0,0.0,0.0
R03,10,42,0,0.0,0.0,0.0,0.0
R03,10,43,0,0.0,0.0,0.0,0.0
R03,10,44,0,0.0,0.0,0.0,0.0
R03,10,45,0,0.0,0.0,0.0,0.0
R03,10,46,0,0.0,0.0,0.0,0.0
R03,10,47,0,0.0,0.0,0.0,0.0
R03,10,48,0,0.0,0.0,0.0,0.0
R03,10,49,0,0.0,0.0,0.0,0.0
R03,10,50,0,0.0,0.0,0.0,0.0
R03,10,51,0,0.0,0.0,0.0,0.0
R03,10,52,0,0.0,0.0,0.0,0.0
R03,10,53,0,0.0,0.0,0.0,0.0
R03,10,54,0,0.0,0.0,0.0,0.0
R03,10,55,0,0.0,0.0,0.0,0.0
R03,10,56,0,0.0,0.0,0.0,0.0
R03,10,57,0,0.0,0.0,0.0,0.0
R03,10,58,0,0.0,0.0,0.0,0.0
R03,10,59,0,0.0,0.0,0.0,0.0
R03,10,60,0,0.0,0.0,0.0,0.0
R03,10,61,0,0.0,0.0,0.0,0.0
R03,10,62,0,0.0,0.0,0.0,0.0
R03,10,63,0,0.0,0.0,0.0,0.0
R03,10,64,0,0.0,0.0,0.0,0.0
R03,10,65,0,0.0,0.0,0.0,0.0
R03,10,66,0,0.0,0.0,0.0,0.0
R03,10,67,0,0.0,0.0,0.0,0.0
R03,10,68,0,0.0,0.0,0.0,0.0
R03,10,69,0,0.0,0.0,0.0,0.0
R03,10,70,0,0.0,0.0,0.0,0.0
R03,10,71,0,0.0,0.0,0.0,0.0
R03,10,72,0,0.0,0.0,0.0,0.0
R03,10,73,0,0.0,0.0,0.0,0.0
R03,10,74,0,0.0,0.0,0.0,0.0
R03,10,75,0,0.0,0.0,0.0,0.0
R03,10,76,0,0.0,0.0,0.0,0.0
R03,10,77,0,0.0,0.0,0.0,0.0
R03,10,78,0,0.0,0.0,0.0,0.0
R03,10,79,0,0.0,0.0,0.0,0.0
R03,10,80,0,0.0,0.0,0.0,0.0
R03,10,81,0,0.0,0.0,0.0,0.0
R03,10,82,0,0.0,0.0,0.0,0.0
R03,10,83,0,0.0,0.0,0.0,0.0
R03,10,84,0,0.0,0.0,0.0,0.0
R03,10,85,0,0.0,0.0,0.0,0.0
R03,10,86,0,0.0,0.0,0.0,0.0
R03,10,87,0,0.0,0.0,0.0,0.0
R03,10,88,0,0.0,0.0,0.0,0.0
R03,10,89,0,0.0,0.0,0.0,0.0
R03,10,90,0,0.0,0.0,0.0,0.0
R03,10,91,0,0.0,0.0,0.0,0.0
R03,10,92,0,0.0,0.0,0.0,0.0
R03,10,93,0,0.0,0.0,0.0,0.0
R03,10,94,0,0.0,0.0,0.0,0.0
R03,10,95,0,0.0,0.0,0.0,0.0
R03,10,96,0,0.0,0.0,0.0,0.0
R03,10,97,0,0.0,0.0,0.0,0.0
R03,10,98,0,0.0,0.0,0.0,0.0
R03,10,99,0,0.0,0.0,0.0,0.0
R03,10,100,0,0.0,0.0,0.0,0.0
R03,10,101,0,0.0,0.0,0.0,0.0
R03,10,102,0,0.0,0.0,0.0,0.0
R03,10,103,0,0.0,0.0,0.0,0.0
R03,10,104,0,0.0,0.0,0.0,0.0
R03,10,105,0,0.0,0.0,0.0,0.0
R03,10,106,0,0.0,0.0,0.0,0.0
R03,10,107,0,0.0,0.0,0.0,0.0
R03,10,108,0,0.0,0.0,0.0,0.0
R03,10,109,0,0.0,0.0,0.0,0.0
R03,10,110,0,0.0,0.0,0.0,0.0
R03,10,111,0,0.0,0.0,0.0,0.0
R03,10,112,0,0.0,0.0,0.0,0.0
R03,10,113,0,0.0,0.0,0.0,0.0
R03,10,114,0,0.0,0.0,0.0,0.0
R03,10,115,0,0.0,0.0,0.0,0.0
R03,10,116,0,0.0,0.0,0.0,0.0
R03,10,117,0,0.0,0.0,0.0,0.0
R03,10,118,0,0.0,0.0,0.0,0.0
R03,10,119,0,0.0,0.0,0.0,0.0
R03,10,120,0,0.0,0.0,0.0,0.0
R03,10,121,0,0.0,0.0,0.0,0.0
R03,10,122,0,0.0,0.0,0.0,0.0
R03,10,123,0,0.0,0.0,0.0,0.0
R03,10,124,0,0.0,0.0,0.0,0.0
R03,10,125,0,0.0,0.0,0.0,0.0
R03,10,126,0,0.0,0.0,0.0,0.0
R03,10,127,0,0.0,0.0,0.0,0.0
R03,10,128,0,0.0,0.0,0.0,0.0
R03,10,129,0,0.0,0.0,0.0,0.0
R03,10,130,0,0.0,0.0,0.0,0.0
R03,10,131,0,0.0,0.0,0.0,0.0
R03,10,132,0,0.0,0.0,0.0,0.0
R03,10,133,0,0.0,0.0,0.0,0.0
R03,10,134,0,0.0,0.0,0.0,0.0
R03,10,135,0,0.0,0.0,0.0,0.0
R03,10,136,0,0.0,0.0,0.0,0.0
R03,10,137,0,0.0,0.0,0.0,0.0
R03,10,138,0,0.0,0.0,0.0,0.0
R03,10,139,0,0.0,0.0,0.0,0.0
R03,10,140,0,0.0,0.0,0.0,0.0
R03,10,141,0,0.0,0.0,0.0,0.0
R03,10,142,0,0.0,0.0,0.0,0.0
R03,10,143,0,0.0,0.0,0.0,0.0
R03,10,144,0,0.0,0.0,0.0,0.0
R03,10,145,0,0.0,0.0,0.0,0.0
R03,10,146,0,0.0,0.0,0.0,0.0
R03,10,147,0,0.0,0.0,0.0,0.0
R03,10,148,0,0.0,0.0,0.0,0.0
R03,10,149,0,0.0,0.0,0.0,0.0
R03,10,150,0,0.0,0.0,0.0,0.0
R03,10,151,0,0.0,0.0,0.0,0.0
R03,10,152,0,0.0,0.0,0.0,0.0
R03,10,153,0,0.0,0.0,0.0,0.0
R03,10,154,0,0.0,0.0,0.0,0.0
R03,10,155,0,0.0,0.0,0.0,0.0
R03,10,156,0,0.0,0.0,0.0,0.0
R03,10,157,0,0.0,0.0,0.0,0.0
R03,10,158,0,0.0,0.0,0.0,0.0
R03,10,159,0,0.0,0.0,0.0,0.0
R03,10,160,0,0.0,0.0,0.0,0.0
R03,10,161,0,0.0,0.0,0.0,0.0
R03,10,162,0,0.0,0.0,0.0,0.0
R03,10,163,0,0.0,0.0,0.0,0.0
R03,10,164,0,0.0,0.0,0.0,0.0
R03,10,165,0,0.0,0.0,0.0,0.0
R03,10,166,0,0.0,0.0,0.0,0.0
R03,10,167,0,0.0,0.0,0.0,0.0
R03,10,168,0,0.0,0.0,0.0,0.0
R03,10,169,0,0.0,0.0,0.0,0.0
R03,10,170,0,0.0,0.0,0.0,0.0
R03,10,171,0,0.0,0.0,0.0,0.0
R03,10,172,0,0.0,0.0,0.0,0.0
R03,10,173,0,0.0,0.0,0.0,0.0
R03,10,174,0,0.0,0.0,0.0,0.0
R03,10,175,0,0.0,0.0,0.0,0.0
R03,10,176,0,0.0,0.0,0.0,0.0
R03,10,177,0,0.0,0.0,0.0,0.0
R03,10,178,0,0.0,0.0,0.0,0.0
R03,10,179,0,0.0,0.0,0.0,0.0
R03,10,180,0,0.0,0.0,0.0,0.0
R03,10,181,0,0.0,0.0,0.0,0.0
R03,10,182,0,0.0,0.0,0.0,0.0
R03,10,183,0,0.0,0.0,0.0,0.0
R03,10,184,0,0.0,0.0,0.0,0.0
R03,10,185,0,0.0,0.0,0.0,0.0
R03,10,186,0,0.0,0.0,0.0,0.0
R03,10,187,0,0.0,0.0,0.0,0.0
R03,10,188,0,0.0,0.0,0.0,0.0
R03,10,189,0,0.0,0.0,0.0,0.0
R03,10,190,0,0.0,0.0,0.0,0.0
R03,10,191,0,0.0,0.0,0.0,0.0
R03,10,192,0,0.0,0.0,0.0,0.0
R03,10,193,0,0.0,0.0,0.0,0.0
R03,10,194,0,0.0,0.0,0.0,0.0
R03,10,195,0,0.0,0.0,0.0,0.0
R03,10,196,0,0.0,0.0,0.0,0.0
R03,10,197,0,0.0,0.0,0.0,0.0
R03,10,198,0,0.0,0.0,0.0,0.0
R03,10,199,0,0.0,0.0,0.0,0.0
R03,10,200,0,0.0,0.0,0.0,0.0
R03,10,201,0,0.0,0.0,0.0,0.0
R03,10,202,0,0.0,0.0,0.0,0.0
R03,10,203,0,0.0,0.0,0.0,0.0
R03,10,204,0,0.0,0.0,0.0,0.0
R03,10,205,0,0.0,0.0,0.0,0.0
R03,10,206,0,0.0,0.0,0.0,0.0
R03,10,207,0,0.0,0.0,0.0,0.0
R03,10,208,0,0.0,0.0,0.0,0.0
R03,10,209,0,0.0,0.0,0.0,0.0
R03,10,210,0,0.0,0.0,0.0,0.0
R03,10,211,0,0.0,0.0,0.0,0.0
R03,10,212,0,0.0,0.0,0.0,0.0
R03,10,213,0,0.0,0.0,0.0,0.0
R03,10,214,0,0.0,0.0,0.0,0.0
R03,10,215,0,0.0,0.0,0.0,0.0
R03,10,216,0,0.0,0.0,0.0,0.0
R03,10,217,0,0.0,0.0,0.0,0.0
R03,10,218,0,0.0,0.0,0.0,0.0
R03,10,219,0,0.0,0.0,0.0,0.0
R03,10,220,0,0.0,0.0,0.0,0.0
R03,10,221,0,0.0,0.0,0.0,0.0
R03,10,222,0,0.0,0.0,0.0,0.0
R03,10,223,0,0.0,0.0,0.0,0.0
R03,10,224,0,0.0,0.0,0.0,0.0
R03,10,225,0,0.0,0.0,0.0,0.0
R03,10,226,0,0.0,0.0,0.0,0.0
R03,10,227,0,0.0,0.0,0.0,0.0
R03,10,228,0,0.0,0.0,0.0,0.0
R03,10,229,0,0.0,0.0,0.0,0.0
R03,10,230,0,0.0,0.0,0.0,0.0
R03,10,231,0,0.0,0.0,0.0,0.0
R03,10,232,0,0.0,0.0,0.0,0.0
R03,10,233,0,0.0,0.0,0.0,0.0
R03,10,234,0,0.0,0.0,0.0,0.0
R03,10,235,0,0.0,0.0,0.0,0.0
R03,10,236,0,0.0,0.0,0.0,0.0
R03,10,237,0,0.0,0.0,0.0,0.0
R03,10,238,0,0.0,0.0,0.0,0.0
R03,10,239,0,0.0,0.0,0.0,0.0
R03,10,240,0,0.0,0.0,0.0,0.0
R03,10,241,0,0.0,0.0,0.0,0.0
R03,10,242,0,0.0,0.0,0.0,0.0
R03,10,243,0,0.0,0.0,0.0,0.0
R03,10,244,0,0.0,0.0,0.0,0.0
R03,10,245,0,0.0,0.0,0.0,0.0
R03,10,246,0,0.0,0.0,0.0,0.0
R03,10,247,0,0.0,0.0,0.0,0.0
R03,10,248,0,0.0,0.0,0.0,0.0
R03,10,249,0,0.0,0.0,0.0,0.0
R03,10,250,0,0.0,0.0,0.0,0.0
R03,10,251,0,0.0,0.0,0.0,0.0
R03,10,252,0,0.0,0.0,0.0,0.0
R03,10,253,0,0.0,0.0,0.0,0.0
R03,10,254,0,0.0,0.0,0.0,0.0
R03,10,255,0,0.0,0.0,0.0,0.0
R03,10,256,0,0.0,0.0,0.0,0.0
R03,10,257,0,0.0,0.0,0.0,0.0
R03,10,258,0,0.0,0.0,0.0,0.0
R03,10,259,0,0.0,0.0,0.0,0.0
R03,10,260,0,0.0,0.0,0.0,0.0
R03,10,261,0,0.0,0.0,0.0,0.0
R03,10,262,0,0.0,0.0,0.0,0.0
R03,10,263,0,0.0,0.0,0.0,0.0
R03,10,264,0,0.0,0.0,0.0,0.0
R03,10,265,0,0.0,0.0,0.0,0.0
R03,10,266,0,0.0,0.0,0.0,0.0
R03,10,267,0,0.0,0.0,0.0,0.0
R03,10,268,0,0.0,0.0,0.0,0.0
R03,10,269,0,0.0,0.0,0.0,0.0
R03,10,270,0,0.0,0.0,0.0,0.0
R03,10,271,0,0.0,0.0,0.0,0.0
R03,10,272,0,0.0,0.0,0.0,0.0
R03,10,273,0,0.0,0.0,0.0,0.0
R03,10,274,0,0.0,0.0,0.0,0.0
R03,10,275,0,0.0,0.0,0.0,0.0
R03,10,276,0,0.0,0.0,0.0,0.0
R03,10,277,0,0.0,0.0,0.0,0.0
R03,10,278,0,0.0,0.0,0.0,0.0
R03,10,279,0,0.0,0.0,0.0,0.0
R03,10,280,0,0.0,0.0,0.0,0.0
R03,10,281,0,0.0,0.0,0.0,0.0
R03,10,282,0,0.0,0.0,0.0,0.0
R03,10,283,0,0.0,0.0,0.0,0.0
R03,10,284,0,0.0,0.0,0.0,0.0
R03,10,285,0,0.0,0.0,0.0,0.0
R03,10,286,0,0.0,0.0,0.0,0.0
R03,10,287,0,0.0,0.0,0.0,0.0
R03,10,288,0,0.0,0.0,0.0,0.0
R03,10,289,0,0.0,0.0,0.0,0.0
R03,10,290,0,0.0,0.0,0.0,0.0
R03,10,291,0,0.0,0.0,0.0,0.0
R03,10,292,0,0.0,0.0,0.0,0.0
R03,10,293,0,0.0,0.0,0.0,0.0
R03,10,294,0,0.0,0.0,0.0,0.0
R03,10,295,0,0.0,0.0,0.0,0.0
R03,10,296,0,0.0,0.0,0.0,0.0
R03,10,297,0,0.0,0.0,0.0,0.0
R03,10,298,0,0.0,0.0,0.0,0.0
R03,10,299,0,0.0,0.0,0.0,0.0
R03,10,300,0,0.0,0.0,0.0,0.0
R03,10,301,0,0.0,0.0,0.0,0.0
R03,10,302,0,0.0,0.0,0.0,0.0
R03,10,303,0,0.0,0.0,0.0,0.0
R03,10,304,0,0.0,0.0,0.0,0.0
R03,10,305,0,0.0,0.0,0.0,0.0
R03,10,306,0,0.0,0.0,0.0,0.0
R03,10,307,0,0.0,0.0,0.0,0.0
R03,10,308,0,0.0,0.0,0.0,0.0
R03,10,309,0,0.0,0.0,0.0,0.0
R03,10,310,0,0.0,0.0,0.0,0.0
R03,10,311,0,0.0,0.0,0.0,0.0
R03,10,312,0,0.0,0.0,0.0,0.0
R03,10,313,0,0.0,0.0,0.0,0.0
R03,10,314,0,0.0,0.0,0.0,0.0
R03,10,315,0,0.0,0.0,0.0,0.0
R03,10,316,0,0.0,0.0,0.0,0.0
R03,10,317,0,0.0,0.0,0.0,0.0
R03,10,318,0,0.0,0.0,0.0,0.0
R03,10,319,0,0.0,0.0,0.0,0.0
R03,10,320,0,0.0,0.0,0.0,0.0
R03,10,321,0,0.0,0.0,0.0,0.0
R03,10,322,0,0.0,0.0,0.0,0.0
R03,10,323,0,0.0,0.0,0.0,0.0
R03,10,324,0,0.0,0.0,0.0,0.0
R03,10,325,0,0.0,0.0,0.0,0.0
R03,10,326,0,0.0,0.0,0.0,0.0
R03,10,327,0,0.0,0.0,0.0,0.0
R03,10,328,0,0.0,0.0,0.0,0.0
R03,10,329,0,0.0,0.0,0.0,0.0
R03,10,330,0,0.0,0.0,0.0,0.0
R03,10,331,0,0.0,0.0,0.0,0.0
R03,10,332,0,0.0,0.0,0.0,0.0
R03,10,333,0,0.0,0.0,0.0,0.0
R03,10,334,0,0.0,0.0,0.0,0.0
R03,10,335,0,0.0,0.0,0.0,0.0
R03,10,336,0,0.0,0.0,0.0,0.0
R03,10,337,0,0.0,0.0,0.0,0.0
R03,10,338,0,0.0,0.0,0.0,0.0
R03,10,339,0,0.0,0.0,0.0,0.0
R03,10,340,0,0.0,0.0,0.0,0.0
R03,10,341,0,0.0,0.0,0.0,0.0
R03,10,342,0,0.0,0.0,0.0,0.0
R03,10,343,0,0.0,0.0,0.0,0.0
R03,10,344,0,0.0,0.0,0.0,0.0
R03,10,345,0,0.0,0.0,0.0,0.0
R03,10,346,0,0.0,0.0,0.0,0.0
R03,10,347,0,0.0,0.0,0.0,0.0
R03,10,348,0,0.0,0.0,0.0,0.0
R03,10,349,0,0.0,0.0,0.0,0.0
R03,10,350,0,0.0,0.0,0.0,0.0
R03,10,351,0,0.0,0.0,0.0,0.0
R03,10,352,0,0.0,0.0,0.0,0.0
R03,10,353,0,0.0,0.0,0.0,0.0
R03,10,354,0,0.0,0.0,0.0,0.0
R03,10,355,0,0.0,0.0,0.0,0.0
R03,10,356,0,0.0,0.0,0.0,0.0
R03,10,357,0,0.0,0.0,0.0,0.0
R03,10,358,0,0.0,0.0,0.0,0.0
R03,10,359,0,0.0,0.0,0.0,0.0
R03,10,360,0,0.0,0.0,0.0,0.0
R03,10,361,0,0.0,0.0,0.0,0.0
R03,10,362,0,0.0,0.0,0.0,0.0
R03,10,363,0,0.0,0.0,0.0,0.0
R03,10,364,0,0.0,0.0,0.0,0.0
R03,10,365,0,0.0,0.0,0.0,0.0
R03,10,366,0,0.0,0.0,0.0,0.0
R03,10,367,0,0.0,0.0,0.0,0.0
R03,10,368,0,0.0,0.0,0.0,0.0
R03,10,369,0,0.0,0.0,0.0,0.0
R03,10,370,0,0.0,0.0,0.0,0.0
R03,10,371,0,0.0,0.0,0.0,0.0
R03,10,372,0,0.0,0.0,0.0,0.0
R03,10,373,0,0.0,0.0,0.0,0.0
R03,10,374,0,0.0,0.0,0.0,0.0
R03,10,375,0,0.0,0.0,0.0,0.0
R03,10,376,0,0.0,0.0,0.0,0.0
R03,10,377,0,0.0,0.0,0.0,0.0
R03,10,378,0,0.0,0.0,0.0,0.0
R03,10,379,0,0.0,0.0,0.0,0.0
R03,10,380,0,0.0,0.0,0.0,0.0
R03,10,381,0,0.0,0.0,0.0,0.0
R03,10,382,0,0.0,0.0,0.0,0.0
R03,10,383,0,0.0,0.0,0.0,0.0
R03,10,384,0,0.0,0.0,0.0,0.0
R03,10,385,0,0.0,0.0,0.0,0.0
R03,10,386,0,0.0,0.0,0.0,0.0
R03,10,387,0,0.0,0.0,0.0,0.0
R03,10,388,0,0.0,0.0,0.0,0.0
R03,10,389,0,0.0,0.0,0.0,0.0
R03,10,390,0,0.0,0.0,0.0,0.0
R03,10,391,0,0.0,0.0,0.0,0.0
R03,10,392,0,0.0,0.0,0.0,0.0
R03,10,393,0,0.0,0.0,0.0,0.0
R03,10,394,0,0.0,0.0,0.0,0.0
R03,10,395,0,0.0,0.0,0.0,0.0
R03,10,396,0,0.0,0.0,0.0,0.0
R03,10,397,0,0.0,0.0,0.0,0.0
R03,10,398,0,0.0,0.0,0.0,0.0
R03,10,399,0,0.0,0.0,0.0,0.0
R03,10,400,0,0.0,0.0,0.0,0.0
R03,10,401,0,0.0,0.0,0.0,0.0
R03,10,402,0,0.0,0.0,0.0,0.0
R03,10,403,0,0.0,0.0,0.0,0.0
R03,10,404,0,0.0,0.0,0.0,0.0
R03,10,405,0,0.0,0.0,0.0,0.0
R03,10,406,0,0.0,0.0,0.0,0.0
R03,10,407,0,0.0,0.0,0.0,0.0
R03,10,408,0,0.0,0.0,0.0,0.0
R03,10,409,0,0.0,0.0,0.0,0.0
R03,10,410,0,0.0,0.0,0.0,0.0
R03,10,411,0,0.0,0.0,0.0,0.0
R03,10,412,0,0.0,0.0,0.0,0.0
R03,10,413,0,0.0,0.0,0.0,0.0
R03,10,414,0,0.0,0.0,0.0,0.0
R03,10,415,0,0.0,0.0,0.0,0.0
R03,10,416,0,0.0,0.0,0.0,0.0
R03,10,417,0,0.0,0.0,0.0,0.0
R03,10,418,0,0.0,0.0,0.0,0.0
R03,10,419,0,0.0,0.0,0.0,0.0
R03,10,420,0,0.0,0.0,0.0,0.0
R03,10,421,0,0.0,0.0,0.0,0.0
R03,10,422,0,0.0,0.0,0.0,0.0
R03,10,423,0,0.0,0.0,0.0,0.0
R03,10,424,0,0.0,0.0,0.0,0.0
R03,10,425,0,0.0,0.0,0.0,0.0
R03,10,426,0,0.0,0.0,0.0,0.0
R03,10,427,0,0.0,0.0,0.0,0.0
R03,10,428,0,0.0,0.0,0.0,0.0
R03,10,429,0,0.0,0.0,0.0,0.0
R03,10,430,0,0.0,0.0,0.0,0.0
R03,10,431,0,0.0,0.0,0.0,0.0
R03,10,432,0,0.0,0.0,0.0,0.0
R03,10,433,0,0.0,0.0,0.0,0.0
R03,10,434,0,0.0,0.0,0.0,0.0
R03,10,435,0,0.0,0.0,0.0,0.0
R03,10,436,0,0.0,0.0,0.0,0.0
R03,10,437,0,0.0,0.0,0.0,0.0
R03,10,438,0,0.0,0.0,0.0,0.0
R03,10,439,0,0.0,0.0,0.0,0.0
R03,10,440,0,0.0,0.0,0.0,0.0
R03,10,441,0,0.0,0.0,0.0,0.0
R03,10,442,0,0.0,0.0,0.0,0.0
R03,10,443,0,0.0,0.0,0.0,0.0
R03,10,444,0,0.0,0.0,0.0,0.0
R03,10,445,1,0.0,0.0,0.0,0.0
R03,10,446,1,0.0,0.0,0.0,0.0
R03,10,447,1,0.0,0.0,0.0,0.0
R03,10,448,1,0.0,0.0,0.0,0.0
R03,10,449,1,0.0,0.0,0.0,0.0
R03,10,450,1,0.0,0.0,0.0,0.0
R03,10,451,1,0.0,0.0,0.0,0.0
R03,10,452,1,0.0,0.0,0.0,0.0
R03,10,453,1,0.0,0.0,0.0,0.0
R03,10,454,1,0.0,0.0,0.0,0.0
R03,10,455,1,0.0,0.0,0.0,0.0
R03,10,456,1,0.0,0.0,0.0,0.0
R03,10,457,1,0.0,0.0,0.0,0.0
R03,10,458,1,0.0,0.0,0.0,0.0
R03,10,459,1,0.0,0.0,0.0,0.0
R03,10,460,1,0.0,0.0,0.0,0.0
R03,10,461,1,0.0,0.0,0.0,0.0
R03,10,462,1,0.0,0.0,0.0,0.0
R03,10,463,1,0.0,0.0,0.0,0.0
R03,10,464,1,0.0,0.0,0.0,0.0
R03,10,465,1,0.0,0.0,0.0,0.0
R03,10,466,1,0.0,0.0,0.0,0.0
R03,10,467,1,0.0,0.0,0.0,0.0
R03,10,468,1,0.0,0.0,0.0,0.0
R03,10,469,1,0.0,0.0,0.0,0.0
R03,10,470,1,0.0,0.0,0.0,0.0
R03,10,471,1,0.0,0.0,0.0,0.0
R03,10,472,1,0.0,0.0,0.0,0.0
R03,10,473,1,0.0,0.0,0.0,0.0
R03,10,474,1,0.0,0.0,0.0,0.0
R03,10,475,1,0.0,0.0,0.0,0.0
R03,10,476,1,0.0,0.0,0.0,0.0
R03,10,477,1,0.0,0.0,0.0,0.0
R03,10,478,1,0.0,0.0,0.0,0.0
R03,10,479,1,0.0,0.0,0.0,0.0
R03,10,480,1,0.0,0.0,0.0,0.0
R03,10,481,1,0.0,0.0,0.0,0.0
R03,10,482,1,0.0,0.0,0.0,0.0
R03,10,483,1,0.0,0.0,0.0,0.0
R03,10,484,1,0.0,0.0,0.0,0.0
R03,10,485,1,0.0,0.0,0.0,0.0
R03,10,486,1,0.0,0.0,0.0,0.0
R03,10,487,1,0.0,0.0,0.0,0.0
R03,10,488,1,0.0,0.0,0.0,0.0
R03,10,489,1,0.0,0.0,0.0,0.0
R03,10,490,1,0.0,0.0,0.0,0.0
R03,10,491,1,0.0,0.0,0.0,0.0
R03,10,492,1,0.0,0.0,0.0,0.0
R03,10,493,1,0.0,0.0,0.0,0.0
R03,10,494,1,0.0,0.0,0.0,0.0
R03,10,495,1,0.0,0.0,0.0,0.0
R03,10,496,1,0.0,0.0,0.0,0.0
R03,10,497,1,0.0,0.0,0.0,0.0
R03,10,498,1,0.0,0.0,0.0,0.0
R03,10,499,1,0.0,0.0,0.0,0.0
R03,10,500,1,0.0,0.0,0.0,0.0
R03,10,501,1,0.0,0.0,0.0,0.0
R03,10,502,1,0.0,0.0,0.0,0.0
R03,10,503,1,0.0,0.0,0.0,0.0
R03,10,504,1,0.0,0.0,0.0,0.0
R03,10,505,1,0.0,0.0,0.0,0.0
R03,10,506,1,0.0,0.0,0.0,0.0
R03,10,507,1,0.0,0.0,0.0,0.0
R03,10,508,1,0.0,0.0,0.0,0.0
R03,10,509,1,0.0,0.0,0.0,0.0
R03,10,510,1,0.0,0.0,0.0,0.0
R03,10,511,1,0.0,0.0,0.0,0.0
R03,10,512,1,0.0,0.0,0.0,0.0
R03,10,513,1,0.0,0.0,0.0,0.0
R03,10,514,1,0.0,0.0,0.0,0.0
R03,10,515,1,0.0,0.0,0.0,0.0
R03,10,516,1,0.0,0.0,0.0,0.0
R03,10,517,1,0.0,0.0,0.0,0.0
R03,10,518,1,0.0,0.0,0.0,0.0
R03,10,519,1,0.0,0.0,0.0,0.0
R03,10,520,1,0.0,0.0,0.0,0.0
R03,10,521,1,0.0,0.0,0.0,0.0
R03,10,522,1,0.0,0.0,0.0,0.0
R03,10,523,1,0.0,0.0,0.0,0.0
R03,10,524,1,0.0,0.0,0.0,0.0
R03,10,525,1,0.0,0.0,0.0,0.0
R03,10,526,1,0.0,0.0,0.0,0.0
R03,10,527,1,0.0,0.0,0.0,0.0
R03,10,528,1,0.0,0.0,0.0,0.0
R03,10,529,1,0.0,0.0,0.0,0.0
R03,10,530,1,0.0,0.0,0.0,0.0
R03,10,531,1,0.0,0.0,0.0,0.0
R03,10,532,1,0.0,0.0,0.0,0.0
R03,10,533,1,0.0,0.0,0.0,0.0
R03,10,534,1,0.0,0.0,0.0,0.0
R03,10,535,1,0.0,0.0,0.0,0.0
R03,10,536,1,0.0,0.0,0.0,0.0
R03,10,537,1,0.0,0.0,0.0,0.0
R03,10,538,1,0.0,0.0,0.0,0.0
R03,10,539,1,0.0,0.0,0.0,0.0
R03,10,540,1,0.0,0.0,0.0,0.0
R03,10,541,1,0.0,0.0,0.0,0.0
R03,10,542,1,0.0,0.0,0.0,0.0
R03,10,543,1,0.0,0.0,0.0,0.0
R03,10,544,1,0.0,0.0,0.0,0.0
R03,10,545,1,0.0,0.0,0.0,0.0
R03,10,546,1,0.0,0.0,0.0,0.0
R03,10,547,1,0.0,0.0,0.0,0.0
R03,10,548,1,0.0,0.0,0.0,0.0
R03,10,549,1,0.0,0.0,0.0,0.0
R03,10,550,1,0.0,0.0,0.0,0.0
R03,10,551,1,0.0,0.0,0.0,0.0
R03,10,552,1,0.0,0.0,0.0,0.0
R03,10,553,1,0.0,0.0,0.0,0.0
R03,10,554,1,0.0,0.0,0.0,0.0
R03,10,555,1,0.0,0.0,0.0,0.0
R03,10,556,1,0.0,0.0,0.0,0.0
R03,10,557,1,0.0,0.0,0.0,0.0
R03,10,558,1,0.0,0.0,0.0,0.0
R03,10,559,1,0.0,0.0,0.0,0.0
R03,10,560,1,0.0,0.0,0.0,0.0
R03,10,561,1,0.0,0.0,0.0,0.0
R03,10,562,1,0.0,0.0,0.0,0.0
R03,10,563,1,0.0,0.0,0.0,0.0
R03,10,564,1,0.0,0.0,0.0,0.0
R03,10,565,1,0.0,0.0,0.0,0.0
R03,10,566,1,0.0,0.0,0.0,0.0
R03,10,567,1,0.0,0.0,0.0,0.0
R03,10,568,1,0.0,0.0,0.0,0.0
R03,10,569,1,0.0,0.0,0.0,0.0
R03,10,570,1,0.0,0.0,0.0,0.0
R03,10,571,1,0.0,0.0,0.0,0.0
R03,10,572,1,0.0,0.0,0.0,0.0
R03,10,573,1,0.0,0.0,0.0,0.0
R03,10,574,1,0.0,0.0,0.0,0.0
R03,10,575,1,0.0,0.0,0.0,0.0
R03,10,576,1,0.0,0.0,0.0,0.0
R03,10,577,1,0.0,0.0,0.0,0.0
R03,10,578,1,0.0,0.0,0.0,0.0
R03,10,579,1,0.0,0.0,0.0,0.0
R03,10,580,1,0.0,0.0,0.0,0.0
R03,10,581,1,0.0,0.0,0.0,0.0
R03,10,582,1,0.0,0.0,0.0,0.0
R03,10,583,1,0.0,0.0,0.0,0.0
R03,10,584,1,0.0,0.0,0.0,0.0
R03,10,585,1,0.0,0.0,0.0,0.0
R03,10,586,1,0.0,0.0,0.0,0.0
R03,10,587,1,0.0,0.0,0.0,0.0
R03,10,588,1,0.0,0.0,0.0,0.0
R03,10,589,1,0.0,0.0,0.0,0.0
R03,10,590,1,0.0,0.0,0.0,0.0
R03,10,591,1,0.0,0.0,0.0,0.0
R03,10,592,1,0.0,0.0,0.0,0.0
R03,10,593,1,0.0,0.0,0.0,0.0
R03,10,594,1,0.0,0.0,0.0,0.0
R03,10,595,1,0.0,0.0,0.0,0.0
R03,10,596,1,0.0,0.0,0.0,0.0
R03,10,597,1,0.0,0.0,0.0,0.0
R03,10,598,1,0.0,0.0,0.0,0.0
R03,10,599,1,0.0,0.0,0.0,0.0
R03,10,600,1,0.0,0.0,0.0,0.0
R03,10,601,1,0.0,0.0,0.0,0.0
R03,10,602,1,0.0,0.0,0.0,0.0
R03,10,603,1,0.0,0.0,0.0,0.0
R03,10,604,1,0.0,0.0,0.0,0.0
R03,10,605,1,0.0,0.0,0.0,0.0
R03,10,606,1,0.0,0.0,0.0,0.0
R03,10,607,1,0.0,0.0,0.0,0.0
R03,10,608,1,0.0,0.0,0.0,0.0
R03,10,609,1,0.0,0.0,0.0,0.0
R03,10,610,1,0.0,0.0,0.0,0.0
R03,10,611,1,0.0,0.0,0.0,0.0
R03,10,612,1,0.0,0.0,0.0,0.0
R03,10,613,1,0.0,0.0,0.0,0.0
R03,10,614,1,0.0,0.0,0.0,0.0
R03,10,615,1,0.0,0.0,0.0,0.0
R03,10,616,1,0.0,0.0,0.0,0.0
R03,10,617,1,0.0,0.0,0.0,0.0
R03,10,618,1,0.0,0.0,0.0,0.0
R03,10,619,1,0.0,0.0,0.0,0.0
R03,10,620,1,0.0,0.0,0.0,0.0
R03,10,621,1,0.0,0.0,0.0,0.0
R03,10,622,1,0.0,0.0,0.0,0.0
R03,10,623,1,0.0,0.0,0.0,0.0
R03,10,624,1,0.0,0.0,0.0,0.0
R03,10,625,1,0.0,0.0,0.0,0.0
R03,10,626,1,0.0,0.0,0.0,0.0
R03,10,627,1,0.0,0.0,0.0,0.0
R03,10,628,1,0.0,0.0,0.0,0.0
R03,10,629,1,0.0,0.0,0.0,0.0
R03,10,630,1,0.0,0.0,0.0,0.0
R03,10,631,1,0.0,0.0,0.0,0.0
R03,10,632,1,0.0,0.0,0.0,0.0
R03,10,633,1,0.0,0.0,0.0,0.0
R03,10,634,1,0.0,0.0,0.0,0.0
R03,10,635,1,0.0,0.0,0.0,0.0
R03,10,636,1,0.0,0.0,0.0,0.0
R03,10,637,1,0.0,0.0,0.0,0.0
R03,10,638,1,0.0,0.0,0.0,0.0
R03,10,639,1,0.0,0.0,0.0,0.0
R03,10,640,1,0.0,0.0,0.0,0.0
R03,10,641,1,0.0,0.0,0.0,0.0
R03,10,642,1,0.0,0.0,0.0,0.0
R03,10,643,1,0.0,0.0,0.0,0.0
R03,10,644,1,0.0,0.0,0.0,0.0
R03,10,645,1,0.0,0.0,0.0,0.0
R03,10,646,1,0.0,0.0,0.0,0.0
R03,11,0,0,0.0,0.0,0.0,0.0
R03,11,1,0,0.0,0.0,0.0,0.0
R03,11,2,0,0.0,0.0,0.0,0.0
R03,11,3,0,0.0,0.0,0.0,0.0
R03,11,4,0,0.0,0.0,0.0,0.0
R03,11,5,0,0.0,0.0,0.0,0.0
R03,11,6,0,0.0,0.0,0.0,0.0
R03,11,7,0,0.0,0.0,0.0,0.0
R03,11,8,0,0.0,0.0,0.0,0.0
R03,11,9,0,0.0,0.0,0.0,0.0
R03,11,10,0,0.0,0.0,0.0,0.0
R03,11,11,0,0.0,0.0,0.0,0.0
R03,11,12,0,0.0,0.0,0.0,0.0
R03,11,13,0,0.0,0.0,0.0,0.0
R03,11,14,0,0.0,0.0,0.0,0.0
R03,11,15,0,0.0,0.0,0.0,0.0
R03,11,16,0,0.0,0.0,0.0,0.0
R03,11,17,0,0.0,0.0,0.0,0.0
R03,11,18,0,0.0,0.0,0.0,0.0
R03,11,19,0,0.0,0.0,0.0,0.0
R03,11,20,0,0.0,0.0,0.0,0.0
R03,11,21,0,0.0,0.0,0.0,0.0
R03,11,22,0,0.0,0.0,0.0,0.0
R03,11,23,0,0.0,0.0,0.0,0.0
R03,11,24,0,0.0,0.0,0.0,0.0
R03,11,25,0,0.0,0.0,0.0,0.0
R03,11,26,0,0.0,0.0,0.0,0.0
R03,11,27,0,0.0,0.0,0.0,0.0
R03,11,28,0,0.0,0.0,0.0,0.0
R03,11,29,0,0.0,0.0,0.0,0.0
R03,11,30,0,0.0,0.0,0.0,0.0
R03,11,31,0,0.0,0.0,0.0,0.0
R03,11,32,0,0.0,0.0,0.0,0.0
R03,11,33,0,0.0,0.0,0.0,0.0
R03,11,34,0,0.0,0.0,0.0,0.0
R03,11,35,0,0.0,0.0,0.0,0.0
R03,11,36,0,0.0,0.0,0.0,0.0
R03,11,37,0,0.0,0.0,0.0,0.0
R03,11,38,0,0.0,0.0,0.0,0.0
R03,11,39,0,0.0,0.0,0.0,0.0
R03,11,40,0,0.0,0.0,0.0,0.0
R03,11,41,0,0.0,0.0,0.0,0.0
R03,11,42,0,0.0,0.0,0.0,0.0
R03,11,43,0,0.0,0.0,0.0,0.0
R03,11,44,0,0.0,0.0,0.0,0.0
R03,11,45,0,0.0,0.0,0.0,0.0
R03,11,46,0,0.0,0.0,0.0,0.0
R03,11,47,0,0.0,0.0,0.0,0.0
R03,11,48,0,0.0,0.0,0.0,0.0
R03,11,49,0,0.0,0.0,0.0,0.0
R03,11,50,0,0.0,0.0,0.0,0.0
R03,11,51,0,0.0,0.0,0.0,0.0
R03,11,52,0,0.0,0.0,0.0,0.0
R03,11,53,0,0.0,0.0,0.0,0.0
R03,11,54,0,0.0,0.0,0.0,0.0
R03,11,55,0,0.0,0.0,0.0,0.0
R03,11,56,0,0.0,0.0,0.0,0.0
R03,11,57,0,0.0,0.0,0.0,0.0
R03,11,58,0,0.0,0.0,0.0,0.0
R03,11,59,0,0.0,0.0,0.0,0.0
R03,11,60,0,0.0,0.0,0.0,0.0
R03,11,61,0,0.0,0.0,0.0,0.0
R03,11,62,0,0.0,0.0,0.0,0.0
R03,11,63,0,0.0,0.0,0.0,0.0
R03,11,64,0,0.0,0.0,0.0,0.0
R03,11,65,0,0.0,0.0,0.0,0.0
R03,11,66,0,0.0,0.0,0.0,0.0
R03,11,67,0,0.0,0.0,0.0,0.0
R03,11,68,0,0.0,0.0,0.0,0.0
R03,11,69,0,0.0,0.0,0.0,0.0
R03,11,70,0,0.0,0.0,0.0,0.0
R03,11,71,0,0.0,0.0,0.0,0.0
R03,11,72,0,0.0,0.0,0.0,0.0
R03,11,73,0,0.0,0.0,0.0,0.0
R03,11,74,0,0.0,0.0,0.0,0.0
R03,11,75,0,0.0,0.0,0.0,0.0
R03,11,76,0,0.0,0.0,0.0,0.0
R03,11,77,0,0.0,0.0,0.0,0.0
R03,11,78,0,0.0,0.0,0.0,0.0
R03,11,79,0,0.0,0.0,0.0,0.0
R03,11,80,0,0.0,0.0,0.0,0.0
R03,11,81,0,0.0,0.0,0.0,0.0
R03,11,82,0,0.0,0.0,0.0,0.0
R03,11,83,0,0.0,0.0,0.0,0.0
R03,11,84,0,0.0,0.0,0.0,0.0
R03,11,85,0,0.0,0.0,0.0,0.0
R03,11,86,0,0.0,0.0,0.0,0.0
R03,11,87,0,0.0,0.0,0.0,0.0
R03,11,88,0,0.0,0.0,0.0,0.0
R03,11,89,0,0.0,0.0,0.0,0.0
R03,11,90,0,0.0,0.0,0.0,0.0
R03,11,91,0,0.0,0.0,0.0,0.0
R03,11,92,0,0.0,0.0,0.0,0.0
R03,11,93,0,0.0,0.0,0.0,0.0
R03,11,94,0,0.0,0.0,0.0,0.0
R03,11,95,0,0.0,0.0,0.0,0.0
R03,11,96,0,0.0,0.0,0.0,0.0
R03,11,97,0,0.0,0.0,0.0,0.0
R03,11,98,0,0.0,0.0,0.0,0.0
R03,11,99,0,0.0,0.0,0.0,0.0
R03,11,100,0,0.0,0.0,0.0,0.0
R03,11,101,0,0.0,0.0,0.0,0.0
R03,11,102,0,0.0,0.0,0.0,0.0
R03,11,103,0,0.0,0.0,0.0,0.0
R03,11,104,0,0.0,0.0,0.0,0.0
R03,11,105,0,0.0,0.0,0.0,0.0
R03,11,106,0,0.0,0.0,0.0,0.0
R03,11,107,0,0.0,0.0,0.0,0.0
R03,11,108,0,0.0,0.0,0.0,0.0
R03,11,109,0,0.0,0.0,0.0,0.0
R03,11,110,0,0.0,0.0,0.0,0.0
R03,11,111,0,0.0,0.0,0.0,0.0
R03,11,112,0,0.0,0.0,0.0,0.0
R03,11,113,0,0.0,0.0,0.0,0.0
R03,11,114,0,0.0,0.0,0.0,0.0
R03,11,115,0,0.0,0.0,0.0,0.0
R03,11,116,0,0.0,0.0,0.0,0.0
R03,11,117,0,0.0,0.0,0.0,0.0
R03,11,118,0,0.0,0.0,0.0,0.0
R03,11,119,0,0.0,0.0,0.0,0.0
R03,11,120,0,0.0,0.0,0.0,0.0
R03,11,121,0,0.0,0.0,0.0,0.0
R03,11,122,0,0.0,0.0,0.0,0.0
R03,11,123,0,0.0,0.0,0.0,0.0
R03,11,124,0,0.0,0.0,0.0,0.0
R03,11,125,0,0.0,0.0,0.0,0.0
R03,11,126,0,0.0,0.0,0.0,0.0
R03,11,127,0,0.0,0.0,0.0,0.0
R03,11,128,0,0.0,0.0,0.0,0.0
R03,11,129,0,0.0,0.0,0.0,0.0
R03,11,130,0,0.0,0.0,0.0,0.0
R03,11,131,0,0.0,0.0,0.0,0.0
R03,11,132,0,0.0,0.0,0.0,0.0
R03,11,133,0,0.0,0.0,0.0,0.0
R03,11,134,0,0.0,0.0,0.0,0.0
R03,11,135,0,0.0,0.0,0.0,0.0
R03,11,136,0,0.0,0.0,0.0,0.0
R03,11,137,0,0.0,0.0,0.0,0.0
R03,11,138,0,0.0,0.0,0.0,0.0
R03,11,139,0,0.0,0.0,0.0,0.0
R03,11,140,0,0.0,0.0,0.0,0.0
R03,11,141,0,0.0,0.0,0.0,0.0
R03,11,142,0,0.0,0.0,0.0,0.0
R03,11,143,0,0.0,0.0,0.0,0.0
R03,11,144,0,0.0,0.0,0.0,0.0
R03,11,145,0,0.0,0.0,0.0,0.0
R03,11,146,0,0.0,0.0,0.0,0.0
R03,11,147,0,0.0,0.0,0.0,0.0
R03,11,148,0,0.0,0.0,0.0,0.0
R03,11,149,0,0.0,0.0,0.0,0.0
R03,11,150,0,0.0,0.0,0.0,0.0
R03,11,151,0,0.0,0.0,0.0,0.0
R03,11,152,0,0.0,0.0,0.0,0.0
R03,11,153,0,0.0,0.0,0.0,0.0
R03,11,154,0,0.0,0.0,0.0,0.0
R03,11,155,0,0.0,0.0,0.0,0.0
R03,11,156,0,0.0,0.0,0.0,0.0
R03,11,157,0,0.0,0.0,0.0,0.0
R03,11,158,0,0.0,0.0,0.0,0.0
R03,11,159,0,0.0,0.0,0.0,0.0
R03,11,160,0,0.0,0.0,0.0,0.0
R03,11,161,0,0.0,0.0,0.0,0.0
R03,11,162,0,0.0,0.0,0.0,0.0
R03,11,163,0,0.0,0.0,0.0,0.0
R03,11,164,0,0.0,0.0,0.0,0.0
R03,11,165,0,0.0,0.0,0.0,0.0
R03,11,166,0,0.0,0.0,0.0,0.0
R03,11,167,0,0.0,0.0,0.0,0.0
R03,11,168,0,0.0,0.0,0.0,0.0
R03,11,169,0,0.0,0.0,0.0,0.0
R03,11,170,0,0.0,0.0,0.0,0.0
R03,11,171,0,0.0,0.0,0.0,0.0
R03,11,172,0,0.0,0.0,0.0,0.0
R03,11,173,0,0.0,0.0,0.0,0.0
R03,11,174,0,0.0,0.0,0.0,0.0
R03,11,175,0,0.0,0.0,0.0,0.0
R03,11,176,0,0.0,0.0,0.0,0.0
R03,11,177,0,0.0,0.0,0.0,0.0
R03,11,178,0,0.0,0.0,0.0,0.0
R03,11,179,0,0.0,0.0,0.0,0.0
R03,11,180,0,0.0,0.0,0.0,0.0
R03,11,181,0,0.0,0.0,0.0,0.0
R03,11,182,0,0.0,0.0,0.0,0.0
R03,11,183,0,0.0,0.0,0.0,0.0
R03,11,184,0,0.0,0.0,0.0,0.0
R03,11,185,0,0.0,0.0,0.0,0.0
R03,11,186,0,0.0,0.0,0.0,0.0
R03,11,187,0,0.0,0.0,0.0,0.0
R03,11,188,0,0.0,0.0,0.0,0.0
R03,11,189,0,0.0,0.0,0.0,0.0
R03,11,190,0,0.0,0.0,0.0,0.0
R03,11,191,0,0.0,0.0,0.0,0.0
R03,11,192,0,0.0,0.0,0.0,0.0
R03,11,193,0,0.0,0.0,0.0,0.0
R03,11,194,0,0.0,0.0,0.0,0.0
R03,11,195,0,0.0,0.0,0.0,0.0
R03,11,196,0,0.0,0.0,0.0,0.0
R03,11,197,0,0.0,0.0,0.0,0.0
R03,11,198,0,0.0,0.0,0.0,0.0
R03,11,199,0,0.0,0.0,0.0,0.0
R03,11,200,0,0.0,0.0,0.0,0.0
R03,11,201,0,0.0,0.0,0.0,0.0
R03,11,202,0,0.0,0.0,0.0,0.0
R03,11,203,0,0.0,0.0,0.0,0.0
R03,11,204,0,0.0,0.0,0.0,0.0
R03,11,205,0,0.0,0.0,0.0,0.0
R03,11,206,0,0.0,0.0,0.0,0.0
R03,11,207,0,0.0,0.0,0.0,0.0
R03,11,208,0,0.0,0.0,0.0,0.0
R03,11,209,0,0.0,0.0,0.0,0.0
R03,11,210,0,0.0,0.0,0.0,0.0
R03,11,211,0,0.0,0.0,0.0,0.0
R03,11,212,0,0.0,0.0,0.0,0.0
R03,11,213,0,0.0,0.0,0.0,0.0
R03,11,214,0,0.0,0.0,0.0,0.0
R03,11,215,0,0.0,0.0,0.0,0.0
R03,11,216,0,0.0,0.0,0.0,0.0
R03,11,217,0,0.0,0.0,0.0,0.0
R03,11,218,0,0.0,0.0,0.0,0.0
R03,11,219,0,0.0,0.0,0.0,0.0
R03,11,220,0,0.0,0.0,0.0,0.0
R03,11,221,0,0.0,0.0,0.0,0.0
R03,11,222,0,0.0,0.0,0.0,0.0
R03,11,223,0,0.0,0.0,0.0,0.0
R03,11,224,0,0.0,0.0,0.0,0.0
R03,11,225,0,0.0,0.0,0.0,0.0
R03,11,226,0,0.0,0.0,0.0,0.0
R03,11,227,0,0.0,0.0,0.0,0.0
R03,11,228,0,0.0,0.0,0.0,0.0
R03,11,229,0,0.0,0.0,0.0,0.0
R03,11,230,0,0.0,0.0,0.0,0.0
R03,11,231,0,0.0,0.0,0.0,0.0
R03,11,232,0,0.0,0.0,0.0,0.0
R03,11,233,0,0.0,0.0,0.0,0.0
R03,11,234,0,0.0,0.0,0.0,0.0
R03,11,235,0,0.0,0.0,0.0,0.0
R03,11,236,0,0.0,0.0,0.0,0.0
R03,11,237,0,0.0,0.0,0.0,0.0
R03,11,238,0,0.0,0.0,0.0,0.0
R03,11,239,0,0.0,0.0,0.0,0.0
R03,11,240,0,0.0,0.0,0.0,0.0
R03,11,241,0,0.0,0.0,0.0,0.0
R03,11,242,0,0.0,0.0,0.0,0.0
R03,11,243,0,0.0,0.0,0.0,0.0
R03,11,244,0,0.0,0.0,0.0,0.0
R03,11,245,0,0.0,0.0,0.0,0.0
R03,11,246,0,0.0,0.0,0.0,0.0
R03,11,247,0,0.0,0.0,0.0,0.0
R03,11,248,0,0.0,0.0,0.0,0.0
R03,11,249,0,0.0,0.0,0.0,0.0
R03,11,250,0,0.0,0.0,0.0,0.0
R03,11,251,0,0.0,0.0,0.0,0.0
R03,11,252,0,0.0,0.0,0.0,0.0
R03,11,253,0,0.0,0.0,0.0,0.0
R03,11,254,0,0.0,0.0,0.0,0.0
R03,11,255,0,0.0,0.0,0.0,0.0
R03,11,256,0,0.0,0.0,0.0,0.0
R03,11,257,0,0.0,0.0,0.0,0.0
R03,11,258,0,0.0,0.0,0.0,0.0
R03,11,259,0,0.0,0.0,0.0,0.0
R03,11,260,0,0.0,0.0,0.0,0.0
R03,11,261,0,0.0,0.0,0.0,0.0
R03,11,262,0,0.0,0.0,0.0,0.0
R03,11,263,0,0.0,0.0,0.0,0.0
R03,11,264,0,0.0,0.0,0.0,0.0
R03,11,265,0,0.0,0.0,0.0,0.0
R03,11,266,0,0.0,0.0,0.0,0.0
R03,11,267,0,0.0,0.0,0.0,0.0
R03,11,268,0,0.0,0.0,0.0,0.0
R03,11,269,0,0.0,0.0,0.0,0.0
R03,11,270,0,0.0,0.0,0.0,0.0
R03,11,271,0,0.0,0.0,0.0,0.0
R03,11,272,0,0.0,0.0,0.0,0.0
R03,11,273,0,0.0,0.0,0.0,0.0
R03,11,274,0,0.0,0.0,0.0,0.0
R03,11,275,0,0.0,0.0,0.0,0.0
R03,11,276,0,0.0,0.0,0.0,0.0
R03,11,277,0,0.0,0.0,0.0,0.0
R03,11,278,0,0.0,0.0,0.0,0.0
R03,11,279,0,0.0,0.0,0.0,0.0
R03,11,280,0,0.0,0.0,0.0,0.0
R03,11,281,0,0.0,0.0,0.0,0.0
R03,11,282,0,0.0,0.0,0.0,0.0
R03,11,283,0,0.0,0.0,0.0,0.0
R03,11,284,0,0.0,0.0,0.0,0.0
R03,11,285,0,0.0,0.0,0.0,0.0
R03,11,286,0,0.0,0.0,0.0,0.0
R03,11,287,0,0.0,0.0,0.0,0.0
R03,11,288,0,0.0,0.0,0.0,0.0
R03,11,289,0,0.0,0.0,0.0,0.0
R03,11,290,0,0.0,0.0,0.0,0.0
R03,11,291,0,0.0,0.0,0.0,0.0
R03,11,292,0,0.0,0.0,0.0,0.0
R03,11,293,0,0.0,0.0,0.0,0.0
R03,11,294,0,0.0,0.0,0.0,0.0
R03,11,295,0,0.0,0.0,0.0,0.0
R03,11,296,0,0.0,0.0,0.0,0.0
R03,11,297,0,0.0,0.0,0.0,0.0
R03,11,298,0,0.0,0.0,0.0,0.0
R03,11,299,0,0.0,0.0,0.0,0.0
R03,11,300,0,0.0,0.0,0.0,0.0
R03,11,301,0,0.0,0.0,0.0,0.0
R03,11,302,0,0.0,0.0,0.0,0.0
R03,11,303,0,0.0,0.0,0.0,0.0
R03,11,304,0,0.0,0.0,0.0,0.0
R03,11,305,0,0.0,0.0,0.0,0.0
R03,11,306,0,0.0,0.0,0.0,0.0
R03,11,307,0,0.0,0.0,0.0,0.0
R03,11,308,0,0.0,0.0,0.0,0.0
R03,11,309,0,0.0,0.0,0.0,0.0
R03,11,310,0,0.0,0.0,0.0,0.0
R03,11,311,0,0.0,0.0,0.0,0.0
R03,11,312,0,0.0,0.0,0.0,0.0
R03,11,313,0,0.0,0.0,0.0,0.0
R03,11,314,0,0.0,0.0,0.0,0.0
R03,11,315,0,0.0,0.0,0.0,0.0
R03,11,316,0,0.0,0.0,0.0,0.0
R03,11,317,0,0.0,0.0,0.0,0.0
R03,11,318,0,0.0,0.0,0.0,0.0
R03,11,319,0,0.0,0.0,0.0,0.0
R03,11,320,0,0.0,0.0,0.0,0.0
R03,11,321,0,0.0,0.0,0.0,0.0
R03,11,322,0,0.0,0.0,0.0,0.0
R03,11,323,0,0.0,0.0,0.0,0.0
R03,11,324,0,0.0,0.0,0.0,0.0
R03,11,325,0,0.0,0.0,0.0,0.0
R03,11,326,0,0.0,0.0,0.0,0.0
R03,11,327,0,0.0,0.0,0.0,0.0
R03,11,328,0,0.0,0.0,0.0,0.0
R03,11,329,0,0.0,0.0,0.0,0.0
R03,11,330,0,0.0,0.0,0.0,0.0
R03,11,331,0,0.0,0.0,0.0,0.0
R03,11,332,0,0.0,0.0,0.0,0.0
R03,11,333,0,0.0,0.0,0.0,0.0
R03,11,334,0,0.0,0.0,0.0,0.0
R03,11,335,0,0.0,0.0,0.0,0.0
R03,11,336,0,0.0,0.0,0.0,0.0
R03,11,337,0,0.0,0.0,0.0,0.0
R03,11,338,0,0.0,0.0,0.0,0.0
R03,11,339,0,0.0,0.0,0.0,0.0
R03,11,340,0,0.0,0.0,0.0,0.0
R03,11,341,0,0.0,0.0,0.0,0.0
R03,11,342,0,0.0,0.0,0.0,0.0
R03,11,343,0,0.0,0.0,0.0,0.0
R03,11,344,0,0.0,0.0,0.0,0.0
R03,11,345,0,0.0,0.0,0.0,0.0
R03,11,346,0,0.0,0.0,0.0,0.0
R03,11,347,0,0.0,0.0,0.0,0.0
R03,11,348,0,0.0,0.0,0.0,0.0
R03,11,349,0,0.0,0.0,0.0,0.0
R03,11,350,0,0.0,0.0,0.0,0.0
R03,11,351,0,0.0,0.0,0.0,0.0
R03,11,352,0,0.0,0.0,0.0,0.0
R03,11,353,0,0.0,0.0,0.0,0.0
R03,11,354,0,0.0,0.0,0.0,0.0
R03,11,355,0,0.0,0.0,0.0,0.0
R03,11,356,0,0.0,0.0,0.0,0.0
R03,11,357,0,0.0,0.0,0.0,0.0
R03,11,358,0,0.0,0.0,0.0,0.0
R03,11,359,0,0.0,0.0,0.0,0.0
R03,11,360,0,0.0,0.0,0.0,0.0
R03,11,361,0,0.0,0.0,0.0,0.0
R03,11,362,0,0.0,0.0,0.0,0.0
R03,11,363,0,0.0,0.0,0.0,0.0
R03,11,364,0,0.0,0.0,0.0,0.0
R03,11,365,0,0.0,0.0,0.0,0.0
R03,11,366,0,0.0,0.0,0.0,0.0
R03,11,367,0,0.0,0.0,0.0,0.0
R03,11,368,0,0.0,0.0,0.0,0.0
R03,11,369,0,0.0,0.0,0.0,0.0
R03,11,370,0,0.0,0.0,0.0,0.0
R03,11,371,0,0.0,0.0,0.0,0.0
R03,11,372,0,0.0,0.0,0.0,0.0
R03,11,373,0,0.0,0.0,0.0,0.0
R03,11,374,0,0.0,0.0,0.0,0.0
R03,11,375,0,0.0,0.0,0.0,0.0
R03,11,376,0,0.0,0.0,0.0,0.0
R03,11,377,0,0.0,0.0,0.0,0.0
R03,11,378,0,0.0,0.0,0.0,0.0
R03,11,379,0,0.0,0.0,0.0,0.0
R03,11,380,0,0.0,0.0,0.0,0.0
R03,11,381,0,0.0,0.0,0.0,0.0
R03,11,382,0,0.0,0.0,0.0,0.0
R03,11,383,0,0.0,0.0,0.0,0.0
R03,11,384,0,0.0,0.0,0.0,0.0
R03,11,385,0,0.0,0.0,0.0,0.0
R03,11,386,0,0.0,0.0,0.0,0.0
R03,11,387,0,0.0,0.0,0.0,0.0
R03,11,388,0,0.0,0.0,0.0,0.0
R03,11,389,0,0.0,0.0,0.0,0.0
R03,11,390,0,0.0,0.0,0.0,0.0
R03,11,391,0,0.0,0.0,0.0,0.0
R03,11,392,0,0.0,0.0,0.0,0.0
R03,11,393,0,0.0,0.0,0.0,0.0
R03,11,394,0,0.0,0.0,0.0,0.0
R03,11,395,0,0.0,0.0,0.0,0.0
R03,11,396,0,0.0,0.0,0.0,0.0
R03,11,397,0,0.0,0.0,0.0,0.0
R03,11,398,0,0.0,0.0,0.0,0.0
R03,11,399,0,0.0,0.0,0.0,0.0
R03,11,400,0,0.0,0.0,0.0,0.0
R03,11,401,0,0.0,0.0,0.0,0.0
R03,11,402,0,0.0,0.0,0.0,0.0
R03,11,403,0,0.0,0.0,0.0,0.0
R03,11,404,0,0.0,0.0,0.0,0.0
R03,11,405,0,0.0,0.0,0.0,0.0
R03,11,406,0,0.0,0.0,0.0,0.0
R03,11,407,0,0.0,0.0,0.0,0.0
R03,11,408,0,0.0,0.0,0.0,0.0
R03,11,409,0,0.0,0.0,0.0,0.0
R03,11,410,0,0.0,0.0,0.0,0.0
R03,11,411,0,0.0,0.0,0.0,0.0
R03,11,412,0,0.0,0.0,0.0,0.0
R03,11,413,0,0.0,0.0,0.0,0.0
R03,11,414,0,0.0,0.0,0.0,0.0
R03,11,415,0,0.0,0.0,0.0,0.0
R03,11,416,0,0.0,0.0,0.0,0.0
R03,11,417,0,0.0,0.0,0.0,0.0
R03,11,418,0,0.0,0.0,0.0,0.0
R03,11,419,0,0.0,0.0,0.0,0.0
R03,11,420,0,0.0,0.0,0.0,0.0
R03,11,421,0,0.0,0.0,0.0,0.0
R03,11,422,0,0.0,0.0,0.0,0.0
R03,11,423,0,0.0,0.0,0.0,0.0
R03,11,424,0,0.0,0.0,0.0,0.0
R03,11,425,0,0.0,0.0,0.0,0.0
R03,11,426,0,0.0,0.0,0.0,0.0
R03,11,427,0,0.0,0.0,0.0,0.0
R03,11,428,0,0.0,0.0,0.0,0.0
R03,11,429,0,0.0,0.0,0.0,0.0
R03,11,430,0,0.0,0.0,0.0,0.0
R03,11,431,0,0.0,0.0,0.0,0.0
R03,11,432,0,0.0,0.0,0.0,0.0
R03,11,433,0,0.0,0.0,0.0,0.0
R03,11,434,0,0.0,0.0,0.0,0.0
R03,11,435,0,0.0,0.0,0.0,0.0
R03,11,436,0,0.0,0.0,0.0,0.0
R03,11,437,0,0.0,0.0,0.0,0.0
R03,11,438,0,0.0,0.0,0.0,0.0
R03,11,439,0,0.0,0.0,0.0,0.0
R03,11,440,0,0.0,0.0,0.0,0.0
R03,11,441,0,0.0,0.0,0.0,0.0
R03,11,442,0,0.0,0.0,0.0,0.0
R03,11,443,0,0.0,0.0,0.0,0.0
R03,11,444,0,0.0,0.0,0.0,0.0
R03,11,445,0,0.0,0.0,0.0,0.0
R03,11,446,0,0.0,0.0,0.0,0.0
R03,11,447,0,0.0,0.0,0.0,0.0
R03,11,448,0,0.0,0.0,0.0,0.0
R03,11,449,0,0.0,0.0,0.0,0.0
R03,11,450,0,0.0,0.0,0.0,0.0
R03,11,451,0,0.0,0.0,0.0,0.0
R03,11,452,0,0.0,0.0,0.0,0.0
R03,11,453,0,0.0,0.0,0.0,0.0
R03,11,454,0,0.0,0.0,0.0,0.0
R03,11,455,0,0.0,0.0,0.0,0.0
R03,11,456,0,0.0,0.0,0.0,0.0
R03,11,457,0,0.0,0.0,0.0,0.0
R03,11,458,0,0.0,0.0,0.0,0.0
R03,11,459,0,0.0,0.0,0.0,0.0
R03,11,460,0,0.0,0.0,0.0,0.0
R03,11,461,0,0.0,0.0,0.0,0.0
R03,11,462,0,0.0,0.0,0.0,0.0
R03,11,463,0,0.0,0.0,0.0,0.0
R03,11,464,0,0.0,0.0,0.0,0.0
R03,11,465,0,0.0,0.0,0.0,0.0
R03,11,466,0,0.0,0.0,0.0,0.0
R03,11,467,0,0.0,0.0,0.0,0.0
R03,11,468,0,0.0,0.0,0.0,0.0
R03,11,469,0,0.0,0.0,0.0,0.0
R03,11,470,0,0.0,0.0,0.0,0.0
R03,11,471,0,0.0,0.0,0.0,0.0
R03,11,472,0,0.0,0.0,0.0,0.0
R03,11,473,0,0.0,0.0,0.0,0.0
R03,11,474,0,0.0,0.0,0.0,0.0
R03,11,475,0,0.0,0.0,0.0,0.0
R03,11,476,0,0.0,0.0,0.0,0.0
R03,11,477,0,0.0,0.0,0.0,0.0
R03,11,478,0,0.0,0.0,0.0,0.0
R03,11,479,0,0.0,0.0,0.0,0.0
R03,11,480,0,0.0,0.0,0.0,0.0
R03,11,481,0,0.0,0.0,0.0,0.0
R03,11,482,0,0.0,0.0,0.0,0.0
R03,11,483,0,0.0,0.0,0.0,0.0
R03,11,484,0,0.0,0.0,0.0,0.0
R03,11,485,0,0.0,0.0,0.0,0.0
R03,11,486,0,0.0,0.0,0.0,0.0
R03,11,487,0,0.0,0.0,0.0,0.0
R03,11,488,0,0.0,0.0,0.0,0.0
R03,11,489,0,0.0,0.0,0.0,0.0
R03,11,490,1,0.0,0.0,0.0,0.0
R03,11,491,1,0.0,0.0,0.0,0.0
R03,11,492,1,0.0,0.0,0.0,0.0
R03,11,493,1,0.0,0.0,0.0,0.0
R03,11,494,1,0.0,0.0,0.0,0.0
R03,11,495,1,0.0,0.0,0.0,0.0
R03,11,496,1,0.0,0.0,0.0,0.0
R03,11,497,1,0.0,0.0,0.0,0.0
R03,11,498,1,0.0,0.0,0.0,0.0
R03,11,499,1,0.0,0.0,0.0,0.0
R03,11,500,1,0.0,0.0,0.0,0.0
R03,11,501,1,0.0,0.0,0.0,0.0
R03,11,502,1,0.0,0.0,0.0,0.0
R03,11,503,1,0.0,0.0,0.0,0.0
R03,11,504,1,0.0,0.0,0.0,0.0
R03,11,505,1,0.0,0.0,0.0,0.0
R03,11,506,1,0.0,0.0,0.0,0.0
R03,11,507,1,0.0,0.0,0.0,0.0
R03,11,508,1,0.0,0.0,0.0,0.0
R03,11,509,1,0.0,0.0,0.0,0.0
R03,11,510,1,0.0,0.0,0.0,0.0
R03,11,511,1,0.0,0.0,0.0,0.0
R03,11,512,1,0.0,0.0,0.0,0.0
R03,11,513,1,0.0,0.0,0.0,0.0
R03,11,514,1,0.0,0.0,0.0,0.0
R03,11,515,1,0.0,0.0,0.0,0.0
R03,11,516,1,0.0,0.0,0.0,0.0
R03,11,517,1,0.0,0.0,0.0,0.0
R03,11,518,1,0.0,0.0,0.0,0.0
R03,11,519,1,0.0,0.0,0.0,0.0
R03,11,520,1,0.0,0.0,0.0,0.0
R03,11,521,1,0.0,0.0,0.0,0.0
R03,11,522,1,0.0,0.0,0.0,0.0
R03,11,523,1,0.0,0.0,0.0,0.0
R03,11,524,1,0.0,0.0,0.0,0.0
R03,11,525,1,0.0,0.0,0.0,0.0
R03,11,526,1,0.0,0.0,0.0,0.0
R03,11,527,1,0.0,0.0,0.0,0.0
R03,11,528,1,0.0,0.0,0.0,0.0
R03,11,529,1,0.0,0.0,0.0,0.0
R03,11,530,1,0.0,0.0,0.0,0.0
R03,11,531,1,0.0,0.0,0.0,0.0
R03,11,532,1,0.0,0.0,0.0,0.0
R03,11,533,1,0.0,0.0,0.0,0.0
R03,11,534,1,0.0,0.0,0.0,0.0
R03,11,535,1,0.0,0.0,0.0,0.0
R03,11,536,1,0.0,0.0,0.0,0.0
R03,11,537,1,0.0,0.0,0.0,0.0
R03,11,538,1,0.0,0.0,0.0,0.0
R03,11,539,1,0.0,0.0,0.0,0.0
R03,11,540,1,0.0,0.0,0.0,0.0
R03,11,541,1,0.0,0.0,0.0,0.0
R03,11,542,1,0.0,0.0,0.0,0.0
R03,11,543,1,0.0,0.0,0.0,0.0
R03,11,544,1,0.0,0.0,0.0,0.0
R03,11,545,1,0.0,0.0,0.0,0.0
R03,11,546,1,0.0,0.0,0.0,0.0
R03,11,547,1,0.0,0.0,0.0,0.0
R03,11,548,1,0.0,0.0,0.0,0.0
R03,11,549,1,0.0,0.0,0.0,0.0
R03,11,550,1,0.0,0.0,0.0,0.0
R03,11,551,1,0.0,0.0,0.0,0.0
R03,11,552,1,0.0,0.0,0.0,0.0
R03,11,553,1,0.0,0.0,0.0,0.0
R03,11,554,1,0.0,0.0,0.0,0.0
R03,11,555,1,0.0,0.0,0.0,0.0
R03,11,556,1,0.0,0.0,0.0,0.0
R03,11,557,1,0.0,0.0,0.0,0.0
R03,11,558,1,0.0,0.0,0.0,0.0
R03,11,559,1,0.0,0.0,0.0,0.0
R03,11,560,1,0.0,0.0,0.0,0.0
R03,11,561,1,0.0,0.0,0.0,0.0
R03,11,562,1,0.0,0.0,0.0,0.0
R03,11,563,1,0.0,0.0,0.0,0.0
R03,11,564,1,0.0,0.0,0.0,0.0
R03,11,565,1,0.0,0.0,0.0,0.0
R03,11,566,1,0.0,0.0,0.0,0.0
R03,11,567,1,0.0,0.0,0.0,0.0
R03,11,568,1,0.0,0.0,0.0,0.0
R03,11,569,1,0.0,0.0,0.0,0.0
R03,11,570,1,0.0,0.0,0.0,0.0
R03,11,571,1,0.0,0.0,0.0,0.0
R03,11,572,1,0.0,0.0,0.0,0.0
R03,11,573,1,0.0,0.0,0.0,0.0
R03,11,574,1,0.0,0.0,0.0,0.0
R03,11,575,1,0.0,0.0,0.0,0.0
R03,11,576,1,0.0,0.0,0.0,0.0
R03,11,577,1,0.0,0.0,0.0,0.0
R03,11,578,1,0.0,0.0,0.0,0.0
R03,11,579,1,0.0,0.0,0.0,0.0
R03,11,580,1,0.0,0.0,0.0,0.0
R03,11,581,1,0.0,0.0,0.0,0.0
R03,11,582,1,0.0,0.0,0.0,0.0
R03,11,583,1,0.0,0.0,0.0,0.0
R03,11,584,1,0.0,0.0,0.0,0.0
R03,11,585,1,0.0,0.0,0.0,0.0
R03,11,586,1,0.0,0.0,0.0,0.0
R03,11,587,1,0.0,0.0,0.0,0.0
R03,11,588,1,0.0,0.0,0.0,0.0
R03,11,589,1,0.0,0.0,0.0,0.0
R03,11,590,1,0.0,0.0,0.0,0.0
R03,11,591,1,0.0,0.0,0.0,0.0
R03,11,592,1,0.0,0.0,0.0,0.0
R03,11,593,1,0.0,0.0,0.0,0.0
R03,11,594,1,0.0,0.0,0.0,0.0
R03,11,595,1,0.0,0.0,0.0,0.0
R03,11,596,1,0.0,0.0,0.0,0.0
R03,11,597,1,0.0,0.0,0.0,0.0
R03,11,598,1,0.0,0.0,0.0,0.0
R03,11,599,1,0.0,0.0,0.0,0.0
R03,11,600,1,0.0,0.0,0.0,0.0
R03,11,601,1,0.0,0.0,0.0,0.0
R03,11,602,1,0.0,0.0,0.0,0.0
R03,11,603,1,0.0,0.0,0.0,0.0
R03,11,604,1,0.0,0.0,0.0,0.0
R03,11,605,1,0.0,0.0,0.0,0.0
R03,11,606,1,0.0,0.0,0.0,0.0
R03,11,607,1,0.0,0.0,0.0,0.0
R03,11,608,1,0.0,0.0,0.0,0.0
R03,11,609,1,0.0,0.0,0.0,0.0
R03,11,610,1,0.0,0.0,0.0,0.0
R03,11,611,1,0.0,0.0,0.0,0.0
R03,11,612,1,0.0,0.0,0.0,0.0
R03,11,613,1,0.0,0.0,0.0,0.0
R03,11,614,1,0.0,0.0,0.0,0.0
R03,11,615,1,0.0,0.0,0.0,0.0
R03,11,616,1,0.0,0.0,0.0,0.0
R03,11,617,1,0.0,0.0,0.0,0.0
R03,11,618,1,0.0,0.0,0.0,0.0
R03,11,619,1,0.0,0.0,0.0,0.0
R03,11,620,1,0.0,0.0,0.0,0.0
R03,11,621,1,0.0,0.0,0.0,0.0
R03,11,622,1,0.0,0.0,0.0,0.0
R03,11,623,1,0.0,0.0,0.0,0.0
R03,11,624,1,0.0,0.0,0.0,0.0
R03,11,625,1,0.0,0.0,0.0,0.0
R03,11,626,1,0.0,0.0,0.0,0.0
R03,11,627,1,0.0,0.0,0.0,0.0
R03,11,628,1,0.0,0.0,0.0,0.0
R03,11,629,1,0.0,0.0,0.0,0.0
R03,11,630,1,0.0,0.0,0.0,0.0
R03,11,631,1,0.0,0.0,0.0,0.0
R03,11,632,1,0.0,0.0,0.0,0.0
R03,11,633,1,0.0,0.0,0.0,0.0
R03,11,634,1,0.0,0.0,0.0,0.0
R03,11,635,1,0.0,0.0,0.0,0.0
R03,11,636,1,0.0,0.0,0.0,0.0
R03,11,637,1,0.0,0.0,0.0,0.0
R03,11,638,1,0.0,0.0,0.0,0.0
R03,11,639,1,0.0,0.0,0.0,0.0
R03,11,640,1,0.0,0.0,0.0,0.0
R03,11,641,1,0.0,0.0,0.0,0.0
R03,11,642,1,0.0,0.0,0.0,0.0
R03,11,643,1,0.0,0.0,0.0,0.0
R03,11,644,1,0.0,0.0,0.0,0.0
R03,11,645,1,0.0,0.0,0.0,0.0
R03,11,646,1,0.0,0.0,0.0,0.0
R03,11,647,1,0.0,0.0,0.0,0.0
R03,11,648,1,0.0,0.0,0.0,0.0
R03,11,649,1,0.0,0.0,0.0,0.0
R03,11,650,1,0.0,0.0,0.0,0.0
R03,11,651,1,0.0,0.0,0.0,0.0
R03,11,652,1,0.0,0.0,0.0,0.0
R03,11,653,1,0.0,0.0,0.0,0.0
R03,11,654,1,0.0,0.0,0.0,0.0
R03,11,655,1,0.0,0.0,0.0,0.0
R03,11,656,1,0.0,0.0,0.0,0.0
R03,11,657,1,0.0,0.0,0.0,0.0
R03,11,658,1,0.0,0.0,0.0,0.0
R03,11,659,1,0.0,0.0,0.0,0.0
R03,11,660,1,0.0,0.0,0.0,0.0
R03,11,661,1,0.0,0.0,0.0,0.0
R03,11,662,1,0.0,0.0,0.0,0.0
R03,11,663,1,0.0,0.0,0.0,0.0
R03,11,664,1,0.0,0.0,0.0,0.0
R03,11,665,1,0.0,0.0,0.0,0.0
R03,11,666,1,0.0,0.0,0.0,0.0
R03,11,667,1,0.0,0.0,0.0,0.0
R03,11,668,1,0.0,0.0,0.0,0.0
R03,11,669,1,0.0,0.0,0.0,0.0
R03,11,670,1,0.0,0.0,0.0,0.0
R03,11,671,1,0.0,0.0,0.0,0.0
R03,11,672,1,0.0,0.0,0.0,0.0
R03,11,673,1,0.0,0.0,0.0,0.0
R03,11,674,1,0.0,0.0,0.0,0.0
R03,11,675,1,0.0,0.0,0.0,0.0
R03,11,676,1,0.0,0.0,0.0,0.0
R03,11,677,1,0.0,0.0,0.0,0.0
R03,11,678,1,0.0,0.0,0.0,0.0
R03,11,679,1,0.0,0.0,0.0,0.0
R03,11,680,1,0.0,0.0,0.0,0.0
R03,11,681,1,0.0,0.0,0.0,0.0
R03,11,682,1,0.0,0.0,0.0,0.0
R03,11,683,1,0.0,0.0,0.0,0.0
R03,11,684,1,0.0,0.0,0.0,0.0
R03,11,685,1,0.0,0.0,0.0,0.0
R03,11,686,1,0.0,0.0,0.0,0.0
R03,11,687,1,0.0,0.0,0.0,0.0
R03,11,688,1,0.0,0.0,0.0,0.0
R03,11,689,1,0.0,0.0,0.0,0.0
R03,11,690,1,0.0,0.0,0.0,0.0
R03,11,691,1,0.0,0.0,0.0,0.0
R03,11,692,1,0.0,0.0,0.0,0.0
R03,11,693,1,0.0,0.0,0.0,0.0
R03,11,694,1,0.0,0.0,0.0,0.0
R03,11,695,1,0.0,0.0,0.0,0.0
R03,11,696,1,0.0,0.0,0.0,0.0
R03,11,697,1,0.0,0.0,0.0,0.0
R03,11,698,1,0.0,0.0,0.0,0.0
R03,11,699,1,0.0,0.0,0.0,0.0
R03,11,700,1,0.0,0.0,0.0,0.0
R03,11,701,1,0.0,0.0,0.0,0.0
R03,11,702,1,0.0,0.0,0.0,0.0
R03,11,703,1,0.0,0.0,0.0,0.0
R03,11,704,1,0.0,0.0,0.0,0.0
R03,11,705,1,0.0,0.0,0.0,0.0
R03,12,0,0,0.0,0.0,0.0,0.0
R03,12,1,0,0.0,0.0,0.0,0.0
R03,12,2,0,0.0,0.0,0.0,0.0
R03,12,3,0,0.0,0.0,0.0,0.0
R03,12,4,0,0.0,0.0,0.0,0.0
R03,12,5,0,0.0,0.0,0.0,0.0
R03,12,6,0,0.0,0.0,0.0,0.0
R03,12,7,0,0.0,0.0,0.0,0.0
R03,12,8,0,0.0,0.0,0.0,0.0
R03,12,9,0,0.0,0.0,0.0,0.0
R03,12,10,0,0.0,0.0,0.0,0.0
R03,12,11,0,0.0,0.0,0.0,0.0
R03,12,12,0,0.0,0.0,0.0,0.0
R03,12,13,0,0.0,0.0,0.0,0.0
R03,12,14,0,0.0,0.0,0.0,0.0
R03,12,15,0,0.0,0.0,0.0,0.0
R03,12,16,0,0.0,0.0,0.0,0.0
R03,12,17,0,0.0,0.0,0.0,0.0
R03,12,18,0,0.0,0.0,0.0,0.0
R03,12,19,0,0.0,0.0,0.0,0.0
R03,12,20,0,0.0,0.0,0.0,0.0
R03,12,21,0,0.0,0.0,0.0,0.0
R03,12,22,0,0.0,0.0,0.0,0.0
R03,12,23,0,0.0,0.0,0.0,0.0
R03,12,24,0,0.0,0.0,0.0,0.0
R03,12,25,0,0.0,0.0,0.0,0.0
R03,12,26,0,0.0,0.0,0.0,0.0
R03,12,27,0,0.0,0.0,0.0,0.0
R03,12,28,0,0.0,0.0,0.0,0.0
R03,12,29,0,0.0,0.0,0.0,0.0
R03,12,30,0,0.0,0.0,0.0,0.0
R03,12,31,0,0.0,0.0,0.0,0.0
R03,12,32,0,0.0,0.0,0.0,0.0
R03,12,33,0,0.0,0.0,0.0,0.0
R03,12,34,0,0.0,0.0,0.0,0.0
R03,12,35,0,0.0,0.0,0.0,0.0
R03,12,36,0,0.0,0.0,0.0,0.0
R03,12,37,0,0.0,0.0,0.0,0.0
R03,12,38,0,0.0,0.0,0.0,0.0
R03,12,39,0,0.0,0.0,0.0,0.0
R03,12,40,0,0.0,0.0,0.0,0.0
R03,12,41,0,0.0,0.0,0.0,0.0
R03,12,42,0,0.0,0.0,0.0,0.0
R03,12,43,0,0.0,0.0,0.0,0.0
R03,12,44,0,0.0,0.0,0.0,0.0
R03,12,45,0,0.0,0.0,0.0,0.0
R03,12,46,0,0.0,0.0,0.0,0.0
R03,12,47,0,0.0,0.0,0.0,0.0
R03,12,48,0,0.0,0.0,0.0,0.0
R03,12,49,0,0.0,0.0,0.0,0.0
R03,12,50,0,0.0,0.0,0.0,0.0
R03,12,51,0,0.0,0.0,0.0,0.0
R03,12,52,0,0.0,0.0,0.0,0.0
R03,12,53,0,0.0,0.0,0.0,0.0
R03,12,54,0,0.0,0.0,0.0,0.0
R03,12,55,0,0.0,0.0,0.0,0.0
R03,12,56,0,0.0,0.0,0.0,0.0
R03,12,57,0,0.0,0.0,0.0,0.0
R03,12,58,0,0.0,0.0,0.0,0.0
R03,12,59,0,0.0,0.0,0.0,0.0
R03,12,60,0,0.0,0.0,0.0,0.0
R03,12,61,0,0.0,0.0,0.0,0.0
R03,12,62,0,0.0,0.0,0.0,0.0
R03,12,63,0,0.0,0.0,0.0,0.0
R03,12,64,0,0.0,0.0,0.0,0.0
R03,12,65,0,0.0,0.0,0.0,0.0
R03,12,66,0,0.0,0.0,0.0,0.0
R03,12,67,0,0.0,0.0,0.0,0.0
R03,12,68,0,0.0,0.0,0.0,0.0
R03,12,69,0,0.0,0.0,0.0,0.0
R03,12,70,0,0.0,0.0,0.0,0.0
R03,12,71,0,0.0,0.0,0.0,0.0
R03,12,72,0,0.0,0.0,0.0,0.0
R03,12,73,0,0.0,0.0,0.0,0.0
R03,12,74,0,0.0,0.0,0.0,0.0
R03,12,75,0,0.0,0.0,0.0,0.0
R03,12,76,0,0.0,0.0,0.0,0.0
R03,12,77,0,0.0,0.0,0.0,0.0
R03,12,78,0,0.0,0.0,0.0,0.0
R03,12,79,0,0.0,0.0,0.0,0.0
R03,12,80,0,0.0,0.0,0.0,0.0
R03,12,81,0,0.0,0.0,0.0,0.0
R03,12,82,0,0.0,0.0,0.0,0.0
R03,12,83,0,0.0,0.0,0.0,0.0
R03,12,84,0,0.0,0.0,0.0,0.0
R03,12,85,0,0.0,0.0,0.0,0.0
R03,12,86,0,0.0,0.0,0.0,0.0
R03,12,87,0,0.0,0.0,0.0,0.0
R03,12,88,0,0.0,0.0,0.0,0.0
R03,12,89,0,0.0,0.0,0.0,0.0
R03,12,90,0,0.0,0.0,0.0,0.0
R03,12,91,0,0.0,0.0,0.0,0.0
R03,12,92,0,0.0,0.0,0.0,0.0
R03,12,93,0,0.0,0.0,0.0,0.0
R03,12,94,0,0.0,0.0,0.0,0.0
R03,12,95,1,0.0,0.0,0.0,0.0
R03,12,96,1,0.0,0.0,0.0,0.0
R03,12,97,1,0.0,0.0,0.0,0.0
R03,12,98,1,0.0,0.0,0.0,0.0
R03,12,99,1,0.0,0.0,0.0,0.0
R03,12,100,1,0.0,0.0,0.0,0.0
R03,12,101,1,0.0,0.0,0.0,0.0
R03,12,102,1,0.0,0.0,0.0,0.0
R03,12,103,1,0.0,0.0,0.0,0.0
R03,12,104,1,0.0,0.0,0.0,0.0
R03,12,105,1,0.0,0.0,0.0,0.0
R03,12,106,1,0.0,0.0,0.0,0.0
R03,12,107,1,0.0,0.0,0.0,0.0
R03,12,108,1,0.0,0.0,0.0,0.0
R03,12,109,1,0.0,0.0,0.0,0.0
R03,12,110,1,0.0,0.0,0.0,0.0
R03,12,111,1,0.0,0.0,0.0,0.0
R03,12,112,1,0.0,0.0,0.0,0.0
R03,12,113,1,0.0,0.0,0.0,0.0
R03,12,114,1,0.0,0.0,0.0,0.0
R03,12,115,1,0.0,0.0,0.0,0.0
R03,12,116,1,0.0,0.0,0.0,0.0
R03,12,117,1,0.0,0.0,0.0,0.0
R03,12,118,1,0.0,0.0,0.0,0.0
R03,12,119,1,0.0,0.0,0.0,0.0
R03,12,120,1,0.0,0.0,0.0,0.0
R03,12,121,1,0.0,0.0,0.0,0.0
R03,12,122,1,0.0,0.0,0.0,0.0
R03,12,123,1,0.0,0.0,0.0,0.0
R03,12,124,1,0.0,0.0,0.0,0.0
R03,12,125,1,0.0,0.0,0.0,0.0
R03,12,126,1,0.0,0.0,0.0,0.0
R03,12,127,1,0.0,0.0,0.0,0.0
R03,12,128,1,0.0,0.0,0.0,0.0
R03,12,129,1,0.0,0.0,0.0,0.0
R03,12,130,1,0.0,0.0,0.0,0.0
R03,12,131,1,0.0,0.0,0.0,0.0
R03,12,132,1,0.0,0.0,0.0,0.0
R03,12,133,1,0.0,0.0,0.0,0.0
R03,12,134,1,0.0,0.0,0.0,0.0
R03,12,135,1,0.0,0.0,0.0,0.0
R03,12,136,1,0.0,0.0,0.0,0.0
R03,12,137,1,0.0,0.0,0.0,0.0
R03,12,138,1,0.0,0.0,0.0,0.0
R03,12,139,1,0.0,0.0,0.0,0.0
R03,12,140,1,0.0,0.0,0.0,0.0
R03,12,141,1,0.0,0.0,0.0,0.0
R03,12,142,1,0.0,0.0,0.0,0.0
R03,12,143,1,0.0,0.0,0.0,0.0
R03,12,144,1,0.0,0.0,0.0,0.0
R03,12,145,1,0.0,0.0,0.0,0.0
R03,12,146,1,0.0,0.0,0.0,0.0
R03,12,147,1,0.0,0.0,0.0,0.0
R03,12,148,1,0.0,0.0,0.0,0.0
R03,12,149,1,0.0,0.0,0.0,0.0
R03,12,150,1,0.0,0.0,0.0,0.0
R03,12,151,1,0.0,0.0,0.0,0.0
R03,12,152,1,0.0,0.0,0.0,0.0
R03,12,153,1,0.0,0.0,0.0,0.0
R03,12,154,1,0.0,0.0,0.0,0.0
R03,12,155,1,0.0,0.0,0.0,0.0
R03,12,156,1,0.0,0.0,0.0,0.0
R03,12,157,1,0.0,0.0,0.0,0.0
R03,12,158,1,0.0,0.0,0.0,0.0
R03,12,159,1,0.0,0.0,0.0,0.0
R03,12,160,1,0.0,0.0,0.0,0.0
R03,12,161,1,0.0,0.0,0.0,0.0
R03,12,162,1,0.0,0.0,0.0,0.0
R03,12,163,1,0.0,0.0,0.0,0.0
R03,12,164,1,0.0,0.0,0.0,0.0
R03,12,165,1,0.0,0.0,0.0,0.0
R03,12,166,1,0.0,0.0,0.0,0.0
R03,12,167,1,0.0,0.0,0.0,0.0
R03,12,168,1,0.0,0.0,0.0,0.0
R03,12,169,1,0.0,0.0,0.0,0.0
R03,12,170,1,0.0,0.0,0.0,0.0
R03,12,171,1,0.0,0.0,0.0,0.0
R03,12,172,1,0.0,0.0,0.0,0.0
R03,12,173,1,0.0,0.0,0.0,0.0
R03,12,174,1,0.0,0.0,0.0,0.0
R03,12,175,1,0.0,0.0,0.0,0.0
R03,12,176,1,0.0,0.0,0.0,0.0
R03,12,177,1,0.0,0.0,0.0,0.0
R03,12,178,1,0.0,0.0,0.0,0.0
R03,12,179,1,0.0,0.0,0.0,0.0
R03,12,180,1,0.0,0.0,0.0,0.0
R03,12,181,1,0.0,0.0,0.0,0.0
R03,12,182,1,0.0,0.0,0.0,0.0
R03,12,183,1,0.0,0.0,0.0,0.0
R03,12,184,1,0.0,0.0,0.0,0.0
R03,12,185,1,0.0,0.0,0.0,0.0
R03,12,186,1,0.0,0.0,0.0,0.0
R03,12,187,1,0.0,0.0,0.0,0.0
R03,12,188,1,0.0,0.0,0.0,0.0
R03,12,189,1,0.0,0.0,0.0,0.0
R03,12,190,1,0.0,0.0,0.0,0.0
R03,12,191,1,0.0,0.0,0.0,0.0
R03,12,192,1,0.0,0.0,0.0,0.0
R03,12,193,1,0.0,0.0,0.0,0.0
R03,12,194,1,0.0,0.0,0.0,0.0
R03,12,195,1,0.0,0.0,0.0,0.0
R03,12,196,1,0.0,0.0,0.0,0.0
R03,12,197,1,0.0,0.0,0.0,0.0
R03,12,198,1,0.0,0.0,0.0,0.0
R03,12,199,1,0.0,0.0,0.0,0.0
R03,12,200,1,0.0,0.0,0.0,0.0
R03,12,201,1,0.0,0.0,0.0,0.0
R03,12,202,1,0.0,0.0,0.0,0.0
R03,12,203,1,0.0,0.0,0.0,0.0
R03,12,204,1,0.0,0.0,0.0,0.0
R03,12,205,1,0.0,0.0,0.0,0.0
R03,12,206,0,0.0,0.0,0.0,0.0
R03,12,207,0,0.0,0.0,0.0,0.0
R03,12,208,0,0.0,0.0,0.0,0.0
R03,12,209,0,0.0,0.0,0.0,0.0
R03,12,210,0,0.0,0.0,0.0,0.0
R03,12,211,0,0.0,0.0,0.0,0.0
R03,12,212,0,0.0,0.0,0.0,0.0
R03,12,213,0,0.0,0.0,0.0,0.0
R03,12,214,0,0.0,0.0,0.0,0.0
R03,12,215,0,0.0,0.0,0.0,0.0
R03,12,216,0,0.0,0.0,0.0,0.0
R03,12,217,0,0.0,0.0,0.0,0.0
R03,12,218,0,0.0,0.0,0.0,0.0
R03,12,219,0,0.0,0.0,0.0,0.0
R03,12,220,0,0.0,0.0,0.0,0.0
R03,12,221,0,0.0,0.0,0.0,0.0
R03,12,222,0,0.0,0.0,0.0,0.0
R03,12,223,0,0.0,0.0,0.0,0.0
R03,12,224,0,0.0,0.0,0.0,0.0
R03,12,225,0,0.0,0.0,0.0,0.0
R03,12,226,0,0.0,0.0,0.0,0.0
R03,12,227,0,0.0,0.0,0.0,0.0
R03,12,228,0,0.0,0.0,0.0,0.0
R03,12,229,0,0.0,0.0,0.0,0.0
R03,12,230,0,0.0,0.0,0.0,0.0
R03,12,231,0,0.0,0.0,0.0,0.0
R03,12,232,0,0.0,0.0,0.0,0.0
R03,12,233,0,0.0,0.0,0.0,0.0
R03,12,234,0,0.0,0.0,0.0,0.0
R03,12,235,0,0.0,0.0,0.0,0.0
R03,12,236,0,0.0,0.0,0.0,0.0
R03,12,237,0,0.0,0.0,0.0,0.0
R03,12,238,0,0.0,0.0,0.0,0.0
R03,12,239,0,0.0,0.0,0.0,0.0
R03,12,240,0,0.0,0.0,0.0,0.0
R03,12,241,0,0.0,0.0,0.0,0.0
R03,12,242,0,0.0,0.0,0.0,0.0
R03,12,243,0,0.0,0.0,0.0,0.0
R03,12,244,0,0.0,0.0,0.0,0.0
R03,12,245,0,0.0,0.0,0.0,0.0
R03,12,246,0,0.0,0.0,0.0,0.0
R03,12,247,0,0.0,0.0,0.0,0.0
R03,12,248,0,0.0,0.0,0.0,0.0
R03,12,249,0,0.0,0.0,0.0,0.0
R03,12,250,0,0.0,0.0,0.0,0.0
R03,12,251,0,0.0,0.0,0.0,0.0
R03,12,252,0,0.0,0.0,0.0,0.0
R03,12,253,0,0.0,0.0,0.0,0.0
R03,12,254,0,0.0,0.0,0.0,0.0
R03,12,255,0,0.0,0.0,0.0,0.0
R03,12,256,0,0.0,0.0,0.0,0.0
R03,12,257,0,0.0,0.0,0.0,0.0
R03,12,258,0,0.0,0.0,0.0,0.0
R03,12,259,0,0.0,0.0,0.0,0.0
R03,12,260,0,0.0,0.0,0.0,0.0
R03,12,261,0,0.0,0.0,0.0,0.0
R03,12,262,0,0.0,0.0,0.0,0.0
R03,12,263,0,0.0,0.0,0.0,0.0
R03,12,264,0,0.0,0.0,0.0,0.0
R03,12,265,0,0.0,0.0,0.0,0.0
R03,12,266,0,0.0,0.0,0.0,0.0
R03,12,267,0,0.0,0.0,0.0,0.0
R03,12,268,0,0.0,0.0,0.0,0.0
R03,12,269,0,0.0,0.0,0.0,0.0
R03,12,270,0,0.0,0.0,0.0,0.0
R03,12,271,0,0.0,0.0,0.0,0.0
R03,12,272,0,0.0,0.0,0.0,0.0
R03,12,273,0,0.0,0.0,0.0,0.0
R03,12,274,0,0.0,0.0,0.0,0.0
R03,12,275,0,0.0,0.0,0.0,0.0
R03,12,276,0,0.0,0.0,0.0,0.0
R03,12,277,0,0.0,0.0,0.0,0.0
R03,12,278,0,0.0,0.0,0.0,0.0
R03,12,279,0,0.0,0.0,0.0,0.0
R03,12,280,0,0.0,0.0,0.0,0.0
R03,12,281,0,0.0,0.0,0.0,0.0
R03,12,282,0,0.0,0.0,0.0,0.0
R03,12,283,0,0.0,0.0,0.0,0.0
R03,12,284,0,0.0,0.0,0.0,0.0
R03,12,285,0,0.0,0.0,0.0,0.0
R03,12,286,0,0.0,0.0,0.0,0.0
R03,12,287,0,0.0,0.0,0.0,0.0
R03,12,288,0,0.0,0.0,0.0,0.0
R03,12,289,0,0.0,0.0,0.0,0.0
R03,12,290,0,0.0,0.0,0.0,0.0
R03,12,291,0,0.0,0.0,0.0,0.0
R03,12,292,0,0.0,0.0,0.0,0.0
R03,12,293,0,0.0,0.0,0.0,0.0
R03,12,294,0,0.0,0.0,0.0,0.0
R03,12,295,0,0.0,0.0,0.0,0.0
R03,12,296,0,0.0,0.0,0.0,0.0
R03,12,297,0,0.0,0.0,0.0,0.0
R03,12,298,0,0.0,0.0,0.0,0.0
R03,12,299,0,0.0,0.0,0.0,0.0
R03,12,300,0,0.0,0.0,0.0,0.0
R03,12,301,0,0.0,0.0,0.0,0.0
R03,12,302,0,0.0,0.0,0.0,0.0
R03,12,303,0,0.0,0.0,0.0,0.0
R03,12,304,0,0.0,0.0,0.0,0.0
R03,12,305,0,0.0,0.0,0.0,0.0
R03,12,306,0,0.0,0.0,0.0,0.0
R03,12,307,0,0.0,0.0,0.0,0.0
R03,12,308,0,0.0,0.0,0.0,0.0
R03,12,309,0,0.0,0.0,0.0,0.0
R03,12,310,0,0.0,0.0,0.0,0.0
R03,12,311,0,0.0,0.0,0.0,0.0
R03,12,312,0,0.0,0.0,0.0,0.0
R03,12,313,0,0.0,0.0,0.0,0.0
R03,12,314,0,0.0,0.0,0.0,0.0
R03,12,315,0,0.0,0.0,0.0,0.0
R03,12,316,0,0.0,0.0,0.0,0.0
R03,12,317,0,0.0,0.0,0.0,0.0
R03,12,318,0,0.0,0.0,0.0,0.0
R03,12,319,0,0.0,0.0,0.0,0.0
R03,12,320,0,0.0,0.0,0.0,0.0
R03,12,321,0,0.0,0.0,0.0,0.0
R03,12,322,0,0.0,0.0,0.0,0.0
R03,12,323,0,0.0,0.0,0.0,0.0
R03,12,324,0,0.0,0.0,0.0,0.0
R03,12,325,1,0.0,0.0,0.0,0.0
R03,12,326,1,0.0,0.0,0.0,0.0
R03,12,327,1,0.0,0.0,0.0,0.0
R03,12,328,1,0.0,0.0,0.0,0.0
R03,12,329,1,0.0,0.0,0.0,0.0
R03,12,330,1,0.0,0.0,0.0,0.0
R03,12,331,1,0.0,0.0,0.0,0.0
R03,12,332,1,0.0,0.0,0.0,0.0
R03,12,333,1,0.0,0.0,0.0,0.0
R03,12,334,1,0.0,0.0,0.0,0.0
R03,12,335,1,0.0,0.0,0.0,0.0
R03,12,336,1,0.0,0.0,0.0,0.0
R03,12,337,1,0.0,0.0,0.0,0.0
R03,12,338,1,0.0,0.0,0.0,0.0
R03,12,339,1,0.0,0.0,0.0,0.0
R03,12,340,1,0.0,0.0,0.0,0.0
R03,12,341,1,0.0,0.0,0.0,0.0
R03,12,342,1,0.0,0.0,0.0,0.0
R03,12,343,1,0.0,0.0,0.0,0.0
R03,12,344,1,0.0,0.0,0.0,0.0
R03,12,345,1,0.0,0.0,0.0,0.0
R03,12,346,1,0.0,0.0,0.0,0.0
R03,12,347,1,0.0,0.0,0.0,0.0
R03,12,348,1,0.0,0.0,0.0,0.0
R03,12,349,1,0.0,0.0,0.0,0.0
R03,12,350,1,0.0,0.0,0.0,0.0
R03,12,351,1,0.0,0.0,0.0,0.0
R03,12,352,1,0.0,0.0,0.0,0.0
R03,12,353,1,0.0,0.0,0.0,0.0
R03,12,354,1,0.0,0.0,0.0,0.0
R03,12,355,1,0.0,0.0,0.0,0.0
R03,12,356,1,0.0,0.0,0.0,0.0
R03,12,357,1,0.0,0.0,0.0,0.0
R03,12,358,1,0.0,0.0,0.0,0.0
R03,12,359,1,0.0,0.0,0.0,0.0
R03,12,360,1,0.0,0.0,0.0,0.0
R03,12,361,1,0.0,0.0,0.0,0.0
R03,12,362,1,0.0,0.0,0.0,0.0
R03,12,363,1,0.0,0.0,0.0,0.0
R03,12,364,1,0.0,0.0,0.0,0.0
R03,12,365,1,0.0,0.0,0.0,0.0
R03,12,366,1,0.0,0.0,0.0,0.0
R03,12,367,1,0.0,0.0,0.0,0.0
R03,12,368,1,0.0,0.0,0.0,0.0
R03,12,369,1,0.0,0.0,0.0,0.0
R03,12,370,1,0.0,0.0,0.0,0.0
R03,12,371,1,0.0,0.0,0.0,0.0
R03,12,372,1,0.0,0.0,0.0,0.0
R03,12,373,1,0.0,0.0,0.0,0.0
R03,12,374,1,0.0,0.0,0.0,0.0
R03,12,375,1,0.0,0.0,0.0,0.0
R03,12,376,1,0.0,0.0,0.0,0.0
R03,12,377,1,0.0,0.0,0.0,0.0
R03,12,378,1,0.0,0.0,0.0,0.0
R03,12,379,1,0.0,0.0,0.0,0.0
R03,12,380,1,0.0,0.0,0.0,0.0
R03,12,381,1,0.0,0.0,0.0,0.0
R03,12,382,1,0.0,0.0,0.0,0.0
R03,12,383,1,0.0,0.0,0.0,0.0
R03,12,384,1,0.0,0.0,0.0,0.0
R03,12,385,0,0.0,0.0,0.0,0.0
R03,12,386,0,0.0,0.0,0.0,0.0
R03,12,387,0,0.0,0.0,0.0,0.0
R03,12,388,0,0.0,0.0,0.0,0.0
R03,12,389,0,0.0,0.0,0.0,0.0
R03,12,390,0,0.0,0.0,0.0,0.0
R03,12,391,0,0.0,0.0,0.0,0.0
R03,12,392,0,0.0,0.0,0.0,0.0
R03,12,393,0,0.0,0.0,0.0,0.0
R03,12,394,0,0.0,0.0,0.0,0.0
R03,12,395,0,0.0,0.0,0.0,0.0
R03,12,396,0,0.0,0.0,0.0,0.0
R03,12,397,0,0.0,0.0,0.0,0.0
R03,12,398,0,0.0,0.0,0.0,0.0
R03,12,399,0,0.0,0.0,0.0,0.0
R03,12,400,0,0.0,0.0,0.0,0.0
R03,12,401,0,0.0,0.0,0.0,0.0
R03,12,402,0,0.0,0.0,0.0,0.0
R03,12,403,0,0.0,0.0,0.0,0.0
R03,12,404,0,0.0,0.0,0.0,0.0
R03,12,405,0,0.0,0.0,0.0,0.0
R03,12,406,0,0.0,0.0,0.0,0.0
R03,12,407,0,0.0,0.0,0.0,0.0
R03,12,408,0,0.0,0.0,0.0,0.0
R03,12,409,0,0.0,0.0,0.0,0.0
R03,12,410,0,0.0,0.0,0.0,0.0
R03,12,411,0,0.0,0.0,0.0,0.0
R03,12,412,0,0.0,0.0,0.0,0.0
R03,12,413,0,0.0,0.0,0.0,0.0
R03,12,414,0,0.0,0.0,0.0,0.0
R03,12,415,0,0.0,0.0,0.0,0.0
R03,12,416,0,0.0,0.0,0.0,0.0
R03,12,417,0,0.0,0.0,0.0,0.0
R03,12,418,0,0.0,0.0,0.0,0.0
R03,12,419,0,0.0,0.0,0.0,0.0
R03,12,420,0,0.0,0.0,0.0,0.0
R03,12,421,0,0.0,0.0,0.0,0.0
R03,12,422,0,0.0,0.0,0.0,0.0
R03,12,423,0,0.0,0.0,0.0,0.0
R03,12,424,0,0.0,0.0,0.0,0.0
R03,12,425,0,0.0,0.0,0.0,0.0
R03,12,426,0,0.0,0.0,0.0,0.0
R03,12,427,0,0.0,0.0,0.0,0.0
R03,12,428,0,0.0,0.0,0.0,0.0
R03,12,429,0,0.0,0.0,0.0,0.0
R03,12,430,0,0.0,0.0,0.0,0.0
R03,12,431,0,0.0,0.0,0.0,0.0
R03,12,432,0,0.0,0.0,0.0,0.0
R03,12,433,0,0.0,0.0,0.0,0.0
R03,12,434,0,0.0,0.0,0.0,0.0
R03,12,435,0,0.0,0.0,0.0,0.0
R03,12,436,0,0.0,0.0,0.0,0.0
R03,12,437,0,0.0,0.0,0.0,0.0
R03,12,438,0,0.0,0.0,0.0,0.0
R03,12,439,0,0.0,0.0,0.0,0.0
R03,12,440,0,0.0,0.0,0.0,0.0
R03,12,441,0,0.0,0.0,0.0,0.0
R03,12,442,0,0.0,0.0,0.0,0.0
R03,12,443,0,0.0,0.0,0.0,0.0
R03,12,444,0,0.0,0.0,0.0,0.0
R03,12,445,0,0.0,0.0,0.0,0.0
R03,12,446,0,0.0,0.0,0.0,0.0
R03,12,447,0,0.0,0.0,0.0,0.0
R03,12,448,0,0.0,0.0,0.0,0.0
R03,12,449,0,0.0,0.0,0.0,0.0
R03,12,450,0,0.0,0.0,0.0,0.0
R03,12,451,0,0.0,0.0,0.0,0.0
R03,12,452,0,0.0,0.0,0.0,0.0
R03,12,453,0,0.0,0.0,0.0,0.0
R03,12,454,0,0.0,0.0,0.0,0.0
R03,12,455,0,0.0,0.0,0.0,0.0
R03,12,456,0,0.0,0.0,0.0,0.0
R03,12,457,0,0.0,0.0,0.0,0.0
R03,12,458,0,0.0,0.0,0.0,0.0
R03,12,459,0,0.0,0.0,0.0,0.0
R03,12,460,0,0.0,0.0,0.0,0.0
R03,12,461,0,0.0,0.0,0.0,0.0
R03,12,462,0,0.0,0.0,0.0,0.0
R03,12,463,0,0.0,0.0,0.0,0.0
R03,12,464,0,0.0,0.0,0.0,0.0
R03,12,465,0,0.0,0.0,0.0,0.0
R03,12,466,0,0.0,0.0,0.0,0.0
R03,12,467,0,0.0,0.0,0.0,0.0
R03,12,468,0,0.0,0.0,0.0,0.0
R03,12,469,0,0.0,0.0,0.0,0.0
R03,12,470,0,0.0,0.0,0.0,0.0
R03,12,471,0,0.0,0.0,0.0,0.0
R03,12,472,0,0.0,0.0,0.0,0.0
R03,12,473,0,0.0,0.0,0.0,0.0
R03,12,474,0,0.0,0.0,0.0,0.0
R03,12,475,0,0.0,0.0,0.0,0.0
R03,12,476,0,0.0,0.0,0.0,0.0
R03,12,477,0,0.0,0.0,0.0,0.0
R03,12,478,0,0.0,0.0,0.0,0.0
R03,12,479,0,0.0,0.0,0.0,0.0
R03,12,480,0,0.0,0.0,0.0,0.0
R03,12,481,0,0.0,0.0,0.0,0.0
R03,12,482,0,0.0,0.0,0.0,0.0
R03,12,483,0,0.0,0.0,0.0,0.0
R03,12,484,0,0.0,0.0,0.0,0.0
R03,12,485,0,0.0,0.0,0.0,0.0
R03,12,486,0,0.0,0.0,0.0,0.0
R03,12,487,0,0.0,0.0,0.0,0.0
R03,12,488,0,0.0,0.0,0.0,0.0
R03,12,489,0,0.0,0.0,0.0,0.0
R03,12,490,0,0.0,0.0,0.0,0.0
R03,12,491,0,0.0,0.0,0.0,0.0
R03,12,492,0,0.0,0.0,0.0,0.0
R03,12,493,0,0.0,0.0,0.0,0.0
R03,12,494,0,0.0,0.0,0.0,0.0
R03,12,495,0,0.0,0.0,0.0,0.0
R03,12,496,0,0.0,0.0,0.0,0.0
R03,12,497,0,0.0,0.0,0.0,0.0
R03,12,498,0,0.0,0.0,0.0,0.0
R03,12,499,0,0.0,0.0,0.0,0.0
R03,12,500,0,0.0,0.0,0.0,0.0
R03,12,501,0,0.0,0.0,0.0,0.0
R03,12,502,0,0.0,0.0,0.0,0.0
R03,12,503,0,0.0,0.0,0.0,0.0
R03,12,504,0,0.0,0.0,0.0,0.0
R03,12,505,0,0.0,0.0,0.0,0.0
R03,12,506,0,0.0,0.0,0.0,0.0
R03,12,507,0,0.0,0.0,0.0,0.0
R03,12,508,0,0.0,0.0,0.0,0.0
R03,12,509,0,0.0,0.0,0.0,0.0
R03,12,510,0,0.0,0.0,0.0,0.0
R03,12,511,0,0.0,0.0,0.0,0.0
R03,12,512,0,0.0,0.0,0.0,0.0
R03,12,513,0,0.0,0.0,0.0,0.0
R03,12,514,0,0.0,0.0,0.0,0.0
R03,12,515,0,0.0,0.0,0.0,0.0
R03,12,516,0,0.0,0.0,0.0,0.0
R03,12,517,0,0.0,0.0,0.0,0.0
R03,12,518,0,0.0,0.0,0.0,0.0
R03,12,519,0,0.0,0.0,0.0,0.0
R03,12,520,0,0.0,0.0,0.0,0.0
R03,12,521,0,0.0,0.0,0.0,0.0
R03,12,522,0,0.0,0.0,0.0,0.0
R03,12,523,0,0.0,0.0,0.0,0.0
R03,12,524,0,0.0,0.0,0.0,0.0
R03,12,525,0,0.0,0.0,0.0,0.0
R03,12,526,0,0.0,0.0,0.0,0.0
R03,12,527,0,0.0,0.0,0.0,0.0
R03,12,528,0,0.0,0.0,0.0,0.0
R03,12,529,0,0.0,0.0,0.0,0.0
R03,12,530,0,0.0,0.0,0.0,0.0
R03,12,531,0,0.0,0.0,0.0,0.0
R03,12,532,0,0.0,0.0,0.0,0.0
R03,12,533,0,0.0,0.0,0.0,0.0
R03,12,534,0,0.0,0.0,0.0,0.0
R03,12,535,0,0.0,0.0,0.0,0.0
R03,12,536,0,0.0,0.0,0.0,0.0
R03,12,537,0,0.0,0.0,0.0,0.0
R03,12,538,0,0.0,0.0,0.0,0.0
R03,12,539,0,0.0,0.0,0.0,0.0
R03,12,540,0,0.0,0.0,0.0,0.0
R03,12,541,0,0.0,0.0,0.0,0.0
R03,12,542,0,0.0,0.0,0.0,0.0
R03,12,543,0,0.0,0.0,0.0,0.0
R03,12,544,0,0.0,0.0,0.0,0.0
R03,12,545,0,0.0,0.0,0.0,0.0
R03,12,546,0,0.0,0.0,0.0,0.0
R03,12,547,0,0.0,0.0,0.0,0.0
R03,12,548,0,0.0,0.0,0.0,0.0
R03,12,549,0,0.0,0.0,0.0,0.0
R03,12,550,0,0.0,0.0,0.0,0.0
R03,12,551,0,0.0,0.0,0.0,0.0
R03,12,552,0,0.0,0.0,0.0,0.0
R03,12,553,0,0.0,0.0,0.0,0.0
R03,12,554,0,0.0,0.0,0.0,0.0
R03,12,555,0,0.0,0.0,0.0,0.0
R03,12,556,0,0.0,0.0,0.0,0.0
R03,12,557,0,0.0,0.0,0.0,0.0
R03,12,558,0,0.0,0.0,0.0,0.0
R03,12,559,0,0.0,0.0,0.0,0.0
R03,12,560,0,0.0,0.0,0.0,0.0
R03,12,561,0,0.0,0.0,0.0,0.0
R03,12,562,0,0.0,0.0,0.0,0.0
R03,12,563,0,0.0,0.0,0.0,0.0
R03,12,564,0,0.0,0.0,0.0,0.0
R03,12,565,0,0.0,0.0,0.0,0.0
R03,12,566,0,0.0,0.0,0.0,0.0
R03,12,567,0,0.0,0.0,0.0,0.0
R03,12,568,0,0.0,0.0,0.0,0.0
R03,12,569,0,0.0,0.0,0.0,0.0
R03,12,570,0,0.0,0.0,0.0,0.0
R03,12,571,0,0.0,0.0,0.0,0.0
R03,12,572,0,0.0,0.0,0.0,0.0
R03,12,573,0,0.0,0.0,0.0,0.0
R03,12,574,0,0.0,0.0,0.0,0.0
R03,12,575,0,0.0,0.0,0.0,0.0
R03,12,576,0,0.0,0.0,0.0,0.0
R03,12,577,0,0.0,0.0,0.0,0.0
R03,12,578,0,0.0,0.0,0.0,0.0
R03,12,579,0,0.0,0.0,0.0,0.0
R03,12,580,0,0.0,0.0,0.0,0.0
R03,12,581,0,0.0,0.0,0.0,0.0
R03,12,582,0,0.0,0.0,0.0,0.0
R03,12,583,0,0.0,0.0,0.0,0.0
R03,12,584,0,0.0,0.0,0.0,0.0
R03,12,585,0,0.0,0.0,0.0,0.0
R03,12,586,0,0.0,0.0,0.0,0.0
R03,12,587,0,0.0,0.0,0.0,0.0
R03,12,588,0,0.0,0.0,0.0,0.0
R03,12,589,0,0.0,0.0,0.0,0.0
R03,12,590,0,0.0,0.0,0.0,0.0
R03,12,591,0,0.0,0.0,0.0,0.0
R03,12,592,0,0.0,0.0,0.0,0.0
R03,12,593,0,0.0,0.0,0.0,0.0
R03,12,594,0,0.0,0.0,0.0,0.0
R03,12,595,0,0.0,0.0,0.0,0.0
R03,12,596,0,0.0,0.0,0.0,0.0
R03,12,597,0,0.0,0.0,0.0,0.0
R03,12,598,0,0.0,0.0,0.0,0.0
R03,12,599,0,0.0,0.0,0.0,0.0
R03,12,600,0,0.0,0.0,0.0,0.0
R03,12,601,0,0.0,0.0,0.0,0.0
R03,12,602,0,0.0,0.0,0.0,0.0
R03,12,603,0,0.0,0.0,0.0,0.0
R03,12,604,0,0.0,0.0,0.0,0.0
R03,12,605,0,0.0,0.0,0.0,0.0
R03,12,606,0,0.0,0.0,0.0,0.0
R03,12,607,0,0.0,0.0,0.0,0.0
R03,12,608,0,0.0,0.0,0.0,0.0
R03,12,609,0,0.0,0.0,0.0,0.0
R03,12,610,0,0.0,0.0,0.0,0.0
R03,12,611,0,0.0,0.0,0.0,0.0
R03,12,612,0,0.0,0.0,0.0,0.0
R03,12,613,0,0.0,0.0,0.0,0.0
R03,12,614,0,0.0,0.0,0.0,0.0
R03,12,615,0,0.0,0.0,0.0,0.0
R03,12,616,0,0.0,0.0,0.0,0.0
R03,12,617,0,0.0,0.0,0.0,0.0
R03,12,618,0,0.0,0.0,0.0,0.0
R03,12,619,0,0.0,0.0,0.0,0.0
R03,12,620,0,0.0,0.0,0.0,0.0
R03,12,621,0,0.0,0.0,0.0,0.0
R03,12,622,0,0.0,0.0,0.0,0.0
R03,12,623,0,0.0,0.0,0.0,0.0
R03,12,624,0,0.0,0.0,0.0,0.0
R03,12,625,0,0.0,0.0,0.0,0.0
R03,12,626,0,0.0,0.0,0.0,0.0
R03,12,627,0,0.0,0.0,0.0,0.0
R03,12,628,0,0.0,0.0,0.0,0.0
R03,12,629,0,0.0,0.0,0.0,0.0
R03,12,630,0,0.0,0.0,0.0,0.0
R03,12,631,0,0.0,0.0,0.0,0.0
R03,12,632,0,0.0,0.0,0.0,0.0
R03,12,633,0,0.0,0.0,0.0,0.0
R03,12,634,0,0.0,0.0,0.0,0.0
R03,12,635,0,0.0,0.0,0.0,0.0
R03,12,636,0,0.0,0.0,0.0,0.0
R03,12,637,0,0.0,0.0,0.0,0.0
R03,12,638,0,0.0,0.0,0.0,0.0
R03,12,639,0,0.0,0.0,0.0,0.0
R03,12,640,0,0.0,0.0,0.0,0.0
R03,12,641,0,0.0,0.0,0.0,0.0
R03,12,642,0,0.0,0.0,0.0,0.0
R03,12,643,0,0.0,0.0,0.0,0.0
R03,12,644,0,0.0,0.0,0.0,0.0
R03,12,645,0,0.0,0.0,0.0,0.0
R03,12,646,0,0.0,0.0,0.0,0.0
R03,12,647,0,0.0,0.0,0.0,0.0
R03,12,648,0,0.0,0.0,0.0,0.0
R03,12,649,0,0.0,0.0,0.0,0.0
R03,12,650,0,0.0,0.0,0.0,0.0
R03,12,651,0,0.0,0.0,0.0,0.0
R03,12,652,0,0.0,0.0,0.0,0.0
R03,12,653,0,0.0,0.0,0.0,0.0
R03,12,654,0,0.0,0.0,0.0,0.0
R03,12,655,0,0.0,0.0,0.0,0.0
R03,12,656,0,0.0,0.0,0.0,0.0
R03,12,657,0,0.0,0.0,0.0,0.0
R03,12,658,0,0.0,0.0,0.0,0.0
R03,12,659,0,0.0,0.0,0.0,0.0
R03,12,660,0,0.0,0.0,0.0,0.0
R03,12,661,0,0.0,0.0,0.0,0.0
R03,12,662,0,0.0,0.0,0.0,0.0
R03,12,663,0,0.0,0.0,0.0,0.0
R03,12,664,0,0.0,0.0,0.0,0.0
R03,12,665,0,0.0,0.0,0.0,0.0
R03,12,666,0,0.0,0.0,0.0,0.0
R03,12,667,0,0.0,0.0,0.0,0.0
R03,12,668,0,0.0,0.0,0.0,0.0
R03,12,669,0,0.0,0.0,0.0,0.0
R03,12,670,0,0.0,0.0,0.0,0.0
R03,12,671,0,0.0,0.0,0.0,0.0
R03,12,672,0,0.0,0.0,0.0,0.0
R03,12,673,0,0.0,0.0,0.0,0.0
R03,12,674,0,0.0,0.0,0.0,0.0
R03,12,675,0,0.0,0.0,0.0,0.0
R03,12,676,0,0.0,0.0,0.0,0.0
R03,12,677,0,0.0,0.0,0.0,0.0
R03,12,678,0,0.0,0.0,0.0,0.0
R03,12,679,0,0.0,0.0,0.0,0.0
R03,12,680,0,0.0,0.0,0.0,0.0
R03,12,681,0,0.0,0.0,0.0,0.0
R03,12,682,0,0.0,0.0,0.0,0.0
R03,12,683,0,0.0,0.0,0.0,0.0
R03,12,684,0,0.0,0.0,0.0,0.0
R03,12,685,0,0.0,0.0,0.0,0.0
R03,12,686,0,0.0,0.0,0.0,0.0
R03,12,687,0,0.0,0.0,0.0,0.0
R03,12,688,0,0.0,0.0,0.0,0.0
R03,12,689,0,0.0,0.0,0.0,0.0
R03,12,690,0,0.0,0.0,0.0,0.0
R03,12,691,0,0.0,0.0,0.0,0.0
R03,12,692,0,0.0,0.0,0.0,0.0
R03,12,693,0,0.0,0.0,0.0,0.0
R03,12,694,0,0.0,0.0,0.0,0.0
R03,12,695,0,0.0,0.0,0.0,0.0
R03,12,696,0,0.0,0.0,0.0,0.0
R03,12,697,0,0.0,0.0,0.0,0.0
R03,12,698,0,0.0,0.0,0.0,0.0
R03,12,699,0,0.0,0.0,0.0,0.0
R03,12,700,0,0.0,0.0,0.0,0.0
R03,12,701,0,0.0,0.0,0.0,0.0
R03,12,702,0,0.0,0.0,0.0,0.0
R03,12,703,0,0.0,0.0,0.0,0.0
R03,12,704,0,0.0,0.0,0.0,0.0
R03,12,705,0,0.0,0.0,0.0,0.0
R03,12,706,0,0.0,0.0,0.0,0.0
R03,12,707,0,0.0,0.0,0.0,0.0
R03,12,708,0,0.0,0.0,0.0,0.0
R03,12,709,0,0.0,0.0,0.0,0.0
R03,12,710,0,0.0,0.0,0.0,0.0
R03,12,711,0,0.0,0.0,0.0,0.0
R03,12,712,0,0.0,0.0,0.0,0.0
R03,12,713,0,0.0,0.0,0.0,0.0
R03,12,714,0,0.0,0.0,0.0,0.0
R03,12,715,0,0.0,0.0,0.0,0.0
R03,12,716,0,0.0,0.0,0.0,0.0
R03,12,717,0,0.0,0.0,0.0,0.0
R03,12,718,0,0.0,0.0,0.0,0.0
R03,12,719,0,0.0,0.0,0.0,0.0
R03,12,720,0,0.0,0.0,0.0,0.0
R03,12,721,0,0.0,0.0,0.0,0.0
R03,12,722,0,0.0,0.0,0.0,0.0
R03,12,723,0,0.0,0.0,0.0,0.0
R03,12,724,0,0.0,0.0,0.0,0.0
R03,12,725,0,0.0,0.0,0.0,0.0
R03,12,726,0,0.0,0.0,0.0,0.0
R03,12,727,0,0.0,0.0,0.0,0.0
R03,12,728,0,0.0,0.0,0.0,0.0
R03,12,729,0,0.0,0.0,0.0,0.0
R03,12,730,0,0.0,0.0,0.0,0.0
R03,12,731,0,0.0,0.0,0.0,0.0
R03,12,732,0,0.0,0.0,0.0,0.0
R03,12,733,0,0.0,0.0,0.0,0.0
R03,12,734,0,0.0,0.0,0.0,0.0
R03,12,735,0,0.0,0.0,0.0,0.0
R03,12,736,0,0.0,0.0,0.0,0.0
R03,12,737,0,0.0,0.0,0.0,0.0
R03,12,738,0,0.0,0.0,0.0,0.0
R03,12,739,0,0.0,0.0,0.0,0.0
R03,12,740,0,0.0,0.0,0.0,0.0
R03,12,741,0,0.0,0.0,0.0,0.0
R03,12,742,0,0.0,0.0,0.0,0.0
R03,12,743,0,0.0,0.0,0.0,0.0
R03,12,744,0,0.0,0.0,0.0,0.0
R03,12,745,0,0.0,0.0,0.0,0.0
R03,12,746,0,0.0,0.0,0.0,0.0
R03,12,747,0,0.0,0.0,0.0,0.0
R03,12,748,0,0.0,0.0,0.0,0.0
R03,12,749,0,0.0,0.0,0.0,0.0
R03,12,750,0,0.0,0.0,0.0,0.0
R03,12,751,0,0.0,0.0,0.0,0.0
R03,12,752,0,0.0,0.0,0.0,0.0
R03,12,753,0,0.0,0.0,0.0,0.0
R03,12,754,0,0.0,0.0,0.0,0.0
R03,12,755,0,0.0,0.0,0.0,0.0
R03,12,756,0,0.0,0.0,0.0,0.0
R03,12,757,0,0.0,0.0,0.0,0.0
R03,12,758,0,0.0,0.0,0.0,0.0
R03,12,759,0,0.0,0.0,0.0,0.0
R03,12,760,0,0.0,0.0,0.0,0.0
R03,12,761,0,0.0,0.0,0.0,0.0
R03,12,762,0,0.0,0.0,0.0,0.0
R03,12,763,0,0.0,0.0,0.0,0.0
R03,12,764,0,0.0,0.0,0.0,0.0
R03,12,765,0,0.0,0.0,0.0,0.0
R03,12,766,0,0.0,0.0,0.0,0.0
R03,12,767,0,0.0,0.0,0.0,0.0
R03,12,768,0,0.0,0.0,0.0,0.0
R03,12,769,0,0.0,0.0,0.0,0.0
R03,12,770,0,0.0,0.0,0.0,0.0
R03,12,771,0,0.0,0.0,0.0,0.0
R03,12,772,0,0.0,0.0,0.0,0.0
R03,12,773,0,0.0,0.0,0.0,0.0
R03,12,774,0,0.0,0.0,0.0,0.0
R03,12,775,0,0.0,0.0,0.0,0.0
R03,12,776,0,0.0,0.0,0.0,0.0
R03,12,777,0,0.0,0.0,0.0,0.0
R03,12,778,0,0.0,0.0,0.0,0.0
R03,12,779,0,0.0,0.0,0.0,0.0
R03,12,780,0,0.0,0.0,0.0,0.0
R03,12,781,0,0.0,0.0,0.0,0.0
R03,12,782,0,0.0,0.0,0.0,0.0
R03,12,783,0,0.0,0.0,0.0,0.0
R03,12,784,0,0.0,0.0,0.0,0.0
R03,12,785,0,0.0,0.0,0.0,0.0
R03,12,786,0,0.0,0.0,0.0,0.0
R03,12,787,0,0.0,0.0,0.0,0.0
R03,12,788,0,0.0,0.0,0.0,0.0
R03,12,789,0,0.0,0.0,0.0,0.0
R03,12,790,0,0.0,0.0,0.0,0.0
R03,12,791,0,0.0,0.0,0.0,0.0
R03,12,792,0,0.0,0.0,0.0,0.0
R03,12,793,0,0.0,0.0,0.0,0.0
R03,12,794,0,0.0,0.0,0.0,0.0
R03,12,795,0,0.0,0.0,0.0,0.0
R03,12,796,0,0.0,0.0,0.0,0.0
R03,12,797,0,0.0,0.0,0.0,0.0
R03,12,798,0,0.0,0.0,0.0,0.0
R03,12,799,0,0.0,0.0,0.0,0.0
R03,12,800,0,0.0,0.0,0.0,0.0
R03,12,801,0,0.0,0.0,0.0,0.0
R03,12,802,0,0.0,0.0,0.0,0.0
R03,12,803,0,0.0,0.0,0.0,0.0
R03,12,804,0,0.0,0.0,0.0,0.0
R03,12,805,0,0.0,0.0,0.0,0.0
R03,12,806,0,0.0,0.0,0.0,0.0
R03,12,807,0,0.0,0.0,0.0,0.0
R03,12,808,0,0.0,0.0,0.0,0.0
R03,12,809,0,0.0,0.0,0.0,0.0
R03,12,810,0,0.0,0.0,0.0,0.0
R03,12,811,0,0.0,0.0,0.0,0.0
R03,12,812,0,0.0,0.0,0.0,0.0
R03,12,813,0,0.0,0.0,0.0,0.0
R03,12,814,0,0.0,0.0,0.0,0.0
R03,12,815,0,0.0,0.0,0.0,0.0
R03,12,816,0,0.0,0.0,0.0,0.0
R03,12,817,0,0.0,0.0,0.0,0.0
R03,12,818,0,0.0,0.0,0.0,0.0
R03,12,819,0,0.0,0.0,0.0,0.0
R03,12,820,0,0.0,0.0,0.0,0.0
R03,12,821,0,0.0,0.0,0.0,0.0
R03,12,822,0,0.0,0.0,0.0,0.0
R03,12,823,0,0.0,0.0,0.0,0.0
R03,12,824,0,0.0,0.0,0.0,0.0
R03,12,825,0,0.0,0.0,0.0,0.0
R03,12,826,0,0.0,0.0,0.0,0.0
R03,12,827,0,0.0,0.0,0.0,0.0
R03,12,828,0,0.0,0.0,0.0,0.0
R03,12,829,0,0.0,0.0,0.0,0.0
R03,12,830,0,0.0,0.0,0.0,0.0
R03,12,831,0,0.0,0.0,0.0,0.0
R03,12,832,0,0.0,0.0,0.0,0.0
R03,12,833,0,0.0,0.0,0.0,0.0
R03,12,834,0,0.0,0.0,0.0,0.0
R03,12,835,0,0.0,0.0,0.0,0.0
R03,12,836,0,0.0,0.0,0.0,0.0
R03,12,837,0,0.0,0.0,0.0,0.0
R03,12,838,0,0.0,0.0,0.0,0.0
R03,12,839,0,0.0,0.0,0.0,0.0
R03,12,840,0,0.0,0.0,0.0,0.0
R03,13,0,0,0.0,0.0,0.0,0.0
R03,13,1,0,0.0,0.0,0.0,0.0
R03,13,2,0,0.0,0.0,0.0,0.0
R03,13,3,0,0.0,0.0,0.0,0.0
R03,13,4,0,0.0,0.0,0.0,0.0
R03,13,5,0,0.0,0.0,0.0,0.0
R03,13,6,0,0.0,0.0,0.0,0.0
R03,13,7,0,0.0,0.0,0.0,0.0
R03,13,8,0,0.0,0.0,0.0,0.0
R03,13,9,0,0.0,0.0,0.0,0.0
R03,13,10,0,0.0,0.0,0.0,0.0
R03,13,11,0,0.0,0.0,0.0,0.0
R03,13,12,0,0.0,0.0,0.0,0.0
R03,13,13,0,0.0,0.0,0.0,0.0
R03,13,14,0,0.0,0.0,0.0,0.0
R03,13,15,0,0.0,0.0,0.0,0.0
R03,13,16,0,0.0,0.0,0.0,0.0
R03,13,17,0,0.0,0.0,0.0,0.0
R03,13,18,0,0.0,0.0,0.0,0.0
R03,13,19,0,0.0,0.0,0.0,0.0
R03,13,20,0,0.0,0.0,0.0,0.0
R03,13,21,0,0.0,0.0,0.0,0.0
R03,13,22,0,0.0,0.0,0.0,0.0
R03,13,23,0,0.0,0.0,0.0,0.0
R03,13,24,0,0.0,0.0,0.0,0.0
R03,13,25,0,0.0,0.0,0.0,0.0
R03,13,26,0,0.0,0.0,0.0,0.0
R03,13,27,0,0.0,0.0,0.0,0.0
R03,13,28,0,0.0,0.0,0.0,0.0
R03,13,29,0,0.0,0.0,0.0,0.0
R03,13,30,0,0.0,0.0,0.0,0.0
R03,13,31,0,0.0,0.0,0.0,0.0
R03,13,32,0,0.0,0.0,0.0,0.0
R03,13,33,0,0.0,0.0,0.0,0.0
R03,13,34,0,0.0,0.0,0.0,0.0
R03,13,35,0,0.0,0.0,0.0,0.0
R03,13,36,0,0.0,0.0,0.0,0.0
R03,13,37,0,0.0,0.0,0.0,0.0
R03,13,38,0,0.0,0.0,0.0,0.0
R03,13,39,0,0.0,0.0,0.0,0.0
R03,13,40,0,0.0,0.0,0.0,0.0
R03,13,41,0,0.0,0.0,0.0,0.0
R03,13,42,0,0.0,0.0,0.0,0.0
R03,13,43,0,0.0,0.0,0.0,0.0
R03,13,44,0,0.0,0.0,0.0,0.0
R03,13,45,0,0.0,0.0,0.0,0.0
R03,13,46,0,0.0,0.0,0.0,0.0
R03,13,47,0,0.0,0.0,0.0,0.0
R03,13,48,0,0.0,0.0,0.0,0.0
R03,13,49,0,0.0,0.0,0.0,0.0
R03,13,50,0,0.0,0.0,0.0,0.0
R03,13,51,0,0.0,0.0,0.0,0.0
R03,13,52,0,0.0,0.0,0.0,0.0
R03,13,53,0,0.0,0.0,0.0,0.0
R03,13,54,0,0.0,0.0,0.0,0.0
R03,13,55,0,0.0,0.0,0.0,0.0
R03,13,56,0,0.0,0.0,0.0,0.0
R03,13,57,0,0.0,0.0,0.0,0.0
R03,13,58,0,0.0,0.0,0.0,0.0
R03,13,59,0,0.0,0.0,0.0,0.0
R03,13,60,0,0.0,0.0,0.0,0.0
R03,13,61,0,0.0,0.0,0.0,0.0
R03,13,62,0,0.0,0.0,0.0,0.0
R03,13,63,0,0.0,0.0,0.0,0.0
R03,13,64,0,0.0,0.0,0.0,0.0
R03,13,65,0,0.0,0.0,0.0,0.0
R03,13,66,0,0.0,0.0,0.0,0.0
R03,13,67,0,0.0,0.0,0.0,0.0
R03,13,68,0,0.0,0.0,0.0,0.0
R03,13,69,0,0.0,0.0,0.0,0.0
R03,13,70,0,0.0,0.0,0.0,0.0
R03,13,71,0,0.0,0.0,0.0,0.0
R03,13,72,0,0.0,0.0,0.0,0.0
R03,13,73,0,0.0,0.0,0.0,0.0
R03,13,74,0,0.0,0.0,0.0,0.0
R03,13,75,0,0.0,0.0,0.0,0.0
R03,13,76,0,0.0,0.0,0.0,0.0
R03,13,77,0,0.0,0.0,0.0,0.0
R03,13,78,0,0.0,0.0,0.0,0.0
R03,13,79,0,0.0,0.0,0.0,0.0
R03,13,80,0,0.0,0.0,0.0,0.0
R03,13,81,0,0.0,0.0,0.0,0.0
R03,13,82,0,0.0,0.0,0.0,0.0
R03,13,83,0,0.0,0.0,0.0,0.0
R03,13,84,0,0.0,0.0,0.0,0.0
R03,13,85,0,0.0,0.0,0.0,0.0
R03,13,86,0,0.0,0.0,0.0,0.0
R03,13,87,0,0.0,0.0,0.0,0.0
R03,13,88,0,0.0,0.0,0.0,0.0
R03,13,89,0,0.0,0.0,0.0,0.0
R03,13,90,0,0.0,0.0,0.0,0.0
R03,13,91,0,0.0,0.0,0.0,0.0
R03,13,92,0,0.0,0.0,0.0,0.0
R03,13,93,0,0.0,0.0,0.0,0.0
R03,13,94,0,0.0,0.0,0.0,0.0
R03,13,95,0,0.0,0.0,0.0,0.0
R03,13,96,0,0.0,0.0,0.0,0.0
R03,13,97,0,0.0,0.0,0.0,0.0
R03,13,98,0,0.0,0.0,0.0,0.0
R03,13,99,0,0.0,0.0,0.0,0.0
R03,13,100,0,0.0,0.0,0.0,0.0
R03,13,101,0,0.0,0.0,0.0,0.0
R03,13,102,0,0.0,0.0,0.0,0.0
R03,13,103,0,0.0,0.0,0.0,0.0
R03,13,104,0,0.0,0.0,0.0,0.0
R03,13,105,0,0.0,0.0,0.0,0.0
R03,13,106,0,0.0,0.0,0.0,0.0
R03,13,107,0,0.0,0.0,0.0,0.0
R03,13,108,0,0.0,0.0,0.0,0.0
R03,13,109,0,0.0,0.0,0.0,0.0
R03,13,110,0,0.0,0.0,0.0,0.0
R03,13,111,0,0.0,0.0,0.0,0.0
R03,13,112,0,0.0,0.0,0.0,0.0
R03,13,113,0,0.0,0.0,0.0,0.0
R03,13,114,0,0.0,0.0,0.0,0.0
R03,13,115,0,0.0,0.0,0.0,0.0
R03,13,116,0,0.0,0.0,0.0,0.0
R03,13,117,0,0.0,0.0,0.0,0.0
R03,13,118,0,0.0,0.0,0.0,0.0
R03,13,119,0,0.0,0.0,0.0,0.0
R03,13,120,0,0.0,0.0,0.0,0.0
R03,13,121,0,0.0,0.0,0.0,0.0
R03,13,122,0,0.0,0.0,0.0,0.0
R03,13,123,0,0.0,0.0,0.0,0.0
R03,13,124,0,0.0,0.0,0.0,0.0
R03,13,125,0,0.0,0.0,0.0,0.0
R03,13,126,0,0.0,0.0,0.0,0.0
R03,13,127,0,0.0,0.0,0.0,0.0
R03,13,128,0,0.0,0.0,0.0,0.0
R03,13,129,0,0.0,0.0,0.0,0.0
R03,13,130,0,0.0,0.0,0.0,0.0
R03,13,131,0,0.0,0.0,0.0,0.0
R03,13,132,0,0.0,0.0,0.0,0.0
R03,13,133,0,0.0,0.0,0.0,0.0
R03,13,134,0,0.0,0.0,0.0,0.0
R03,13,135,0,0.0,0.0,0.0,0.0
R03,13,136,0,0.0,0.0,0.0,0.0
R03,13,137,0,0.0,0.0,0.0,0.0
R03,13,138,0,0.0,0.0,0.0,0.0
R03,13,139,0,0.0,0.0,0.0,0.0
R03,13,140,0,0.0,0.0,0.0,0.0
R03,13,141,0,0.0,0.0,0.0,0.0
R03,13,142,0,0.0,0.0,0.0,0.0
R03,13,143,0,0.0,0.0,0.0,0.0
R03,13,144,0,0.0,0.0,0.0,0.0
R03,13,145,0,0.0,0.0,0.0,0.0
R03,13,146,0,0.0,0.0,0.0,0.0
R03,13,147,0,0.0,0.0,0.0,0.0
R03,13,148,0,0.0,0.0,0.0,0.0
R03,13,149,0,0.0,0.0,0.0,0.0
R03,13,150,0,0.0,0.0,0.0,0.0
R03,13,151,0,0.0,0.0,0.0,0.0
R03,13,152,0,0.0,0.0,0.0,0.0
R03,13,153,0,0.0,0.0,0.0,0.0
R03,13,154,0,0.0,0.0,0.0,0.0
R03,13,155,0,0.0,0.0,0.0,0.0
R03,13,156,0,0.0,0.0,0.0,0.0
R03,13,157,0,0.0,0.0,0.0,0.0
R03,13,158,0,0.0,0.0,0.0,0.0
R03,13,159,0,0.0,0.0,0.0,0.0
R03,13,160,0,0.0,0.0,0.0,0.0
R03,13,161,0,0.0,0.0,0.0,0.0
R03,13,162,0,0.0,0.0,0.0,0.0
R03,13,163,0,0.0,0.0,0.0,0.0
R03,13,164,0,0.0,0.0,0.0,0.0
R03,13,165,0,0.0,0.0,0.0,0.0
R03,13,166,0,0.0,0.0,0.0,0.0
R03,13,167,0,0.0,0.0,0.0,0.0
R03,13,168,0,0.0,0.0,0.0,0.0
R03,13,169,0,0.0,0.0,0.0,0.0
R03,13,170,0,0.0,0.0,0.0,0.0
R03,13,171,0,0.0,0.0,0.0,0.0
R03,13,172,0,0.0,0.0,0.0,0.0
R03,13,173,0,0.0,0.0,0.0,0.0
R03,13,174,0,0.0,0.0,0.0,0.0
R03,13,175,0,0.0,0.0,0.0,0.0
R03,13,176,0,0.0,0.0,0.0,0.0
R03,13,177,0,0.0,0.0,0.0,0.0
R03,13,178,0,0.0,0.0,0.0,0.0
R03,13,179,0,0.0,0.0,0.0,0.0
R03,13,180,0,0.0,0.0,0.0,0.0
R03,13,181,0,0.0,0.0,0.0,0.0
R03,13,182,0,0.0,0.0,0.0,0.0
R03,13,183,0,0.0,0.0,0.0,0.0
R03,13,184,0,0.0,0.0,0.0,0.0
R03,13,185,0,0.0,0.0,0.0,0.0
R03,13,186,0,0.0,0.0,0.0,0.0
R03,13,187,0,0.0,0.0,0.0,0.0
R03,13,188,0,0.0,0.0,0.0,0.0
R03,13,189,0,0.0,0.0,0.0,0.0
R03,13,190,0,0.0,0.0,0.0,0.0
R03,13,191,0,0.0,0.0,0.0,0.0
R03,13,192,0,0.0,0.0,0.0,0.0
R03,13,193,0,0.0,0.0,0.0,0.0
R03,13,194,0,0.0,0.0,0.0,0.0
R03,13,195,0,0.0,0.0,0.0,0.0
R03,13,196,0,0.0,0.0,0.0,0.0
R03,13,197,0,0.0,0.0,0.0,0.0
R03,13,198,0,0.0,0.0,0.0,0.0
R03,13,199,0,0.0,0.0,0.0,0.0
R03,13,200,0,0.0,0.0,0.0,0.0
R03,13,201,0,0.0,0.0,0.0,0.0
R03,13,202,0,0.0,0.0,0.0,0.0
R03,13,203,0,0.0,0.0,0.0,0.0
R03,13,204,0,0.0,0.0,0.0,0.0
R03,13,205,0,0.0,0.0,0.0,0.0
R03,13,206,0,0.0,0.0,0.0,0.0
R03,13,207,0,0.0,0.0,0.0,0.0
R03,13,208,0,0.0,0.0,0.0,0.0
R03,13,209,0,0.0,0.0,0.0,0.0
R03,13,210,0,0.0,0.0,0.0,0.0
R03,13,211,0,0.0,0.0,0.0,0.0
R03,13,212,0,0.0,0.0,0.0,0.0
R03,13,213,0,0.0,0.0,0.0,0.0
R03,13,214,0,0.0,0.0,0.0,0.0
R03,13,215,0,0.0,0.0,0.0,0.0
R03,13,216,0,0.0,0.0,0.0,0.0
R03,13,217,0,0.0,0.0,0.0,0.0
R03,13,218,0,0.0,0.0,0.0,0.0
R03,13,219,0,0.0,0.0,0.0,0.0
R03,13,220,0,0.0,0.0,0.0,0.0
R03,13,221,0,0.0,0.0,0.0,0.0
R03,13,222,0,0.0,0.0,0.0,0.0
R03,13,223,0,0.0,0.0,0.0,0.0
R03,13,224,0,0.0,0.0,0.0,0.0
R03,13,225,0,0.0,0.0,0.0,0.0
R03,13,226,0,0.0,0.0,0.0,0.0
R03,13,227,0,0.0,0.0,0.0,0.0
R03,13,228,0,0.0,0.0,0.0,0.0
R03,13,229,0,0.0,0.0,0.0,0.0
R03,13,230,0,0.0,0.0,0.0,0.0
R03,13,231,0,0.0,0.0,0.0,0.0
R03,13,232,0,0.0,0.0,0.0,0.0
R03,13,233,0,0.0,0.0,0.0,0.0
R03,13,234,0,0.0,0.0,0.0,0.0
R03,13,235,0,0.0,0.0,0.0,0.0
R03,13,236,0,0.0,0.0,0.0,0.0
R03,13,237,0,0.0,0.0,0.0,0.0
R03,13,238,0,0.0,0.0,0.0,0.0
R03,13,239,0,0.0,0.0,0.0,0.0
R03,13,240,0,0.0,0.0,0.0,0.0
R03,13,241,0,0.0,0.0,0.0,0.0
R03,13,242,0,0.0,0.0,0.0,0.0
R03,13,243,0,0.0,0.0,0.0,0.0
R03,13,244,0,0.0,0.0,0.0,0.0
R03,13,245,0,0.0,0.0,0.0,0.0
R03,13,246,0,0.0,0.0,0.0,0.0
R03,13,247,0,0.0,0.0,0.0,0.0
R03,13,248,0,0.0,0.0,0.0,0.0
R03,13,249,0,0.0,0.0,0.0,0.0
R03,13,250,0,0.0,0.0,0.0,0.0
R03,13,251,0,0.0,0.0,0.0,0.0
R03,13,252,0,0.0,0.0,0.0,0.0
R03,13,253,0,0.0,0.0,0.0,0.0
R03,13,254,0,0.0,0.0,0.0,0.0
R03,13,255,0,0.0,0.0,0.0,0.0
R03,13,256,0,0.0,0.0,0.0,0.0
R03,13,257,0,0.0,0.0,0.0,0.0
R03,13,258,0,0.0,0.0,0.0,0.0
R03,13,259,0,0.0,0.0,0.0,0.0
R03,13,260,0,0.0,0.0,0.0,0.0
R03,13,261,0,0.0,0.0,0.0,0.0
R03,13,262,0,0.0,0.0,0.0,0.0
R03,13,263,0,0.0,0.0,0.0,0.0
R03,13,264,0,0.0,0.0,0.0,0.0
R03,13,265,0,0.0,0.0,0.0,0.0
R03,13,266,0,0.0,0.0,0.0,0.0
R03,13,267,0,0.0,0.0,0.0,0.0
R03,13,268,0,0.0,0.0,0.0,0.0
R03,13,269,0,0.0,0.0,0.0,0.0
R03,13,270,0,0.0,0.0,0.0,0.0
R03,13,271,0,0.0,0.0,0.0,0.0
R03,13,272,0,0.0,0.0,0.0,0.0
R03,13,273,0,0.0,0.0,0.0,0.0
R03,13,274,0,0.0,0.0,0.0,0.0
R03,13,275,0,0.0,0.0,0.0,0.0
R03,13,276,0,0.0,0.0,0.0,0.0
R03,13,277,0,0.0,0.0,0.0,0.0
R03,13,278,0,0.0,0.0,0.0,0.0
R03,13,279,0,0.0,0.0,0.0,0.0
R03,13,280,0,0.0,0.0,0.0,0.0
R03,13,281,0,0.0,0.0,0.0,0.0
R03,13,282,0,0.0,0.0,0.0,0.0
R03,13,283,0,0.0,0.0,0.0,0.0
R03,13,284,0,0.0,0.0,0.0,0.0
R03,13,285,0,0.0,0.0,0.0,0.0
R03,13,286,0,0.0,0.0,0.0,0.0
R03,13,287,0,0.0,0.0,0.0,0.0
R03,13,288,0,0.0,0.0,0.0,0.0
R03,13,289,0,0.0,0.0,0.0,0.0
R03,13,290,0,0.0,0.0,0.0,0.0
R03,13,291,0,0.0,0.0,0.0,0.0
R03,13,292,0,0.0,0.0,0.0,0.0
R03,13,293,0,0.0,0.0,0.0,0.0
R03,13,294,0,0.0,0.0,0.0,0.0
R03,13,295,0,0.0,0.0,0.0,0.0
R03,13,296,0,0.0,0.0,0.0,0.0
R03,13,297,0,0.0,0.0,0.0,0.0
R03,13,298,0,0.0,0.0,0.0,0.0
R03,13,299,0,0.0,0.0,0.0,0.0
R03,13,300,0,0.0,0.0,0.0,0.0
R03,13,301,0,0.0,0.0,0.0,0.0
R03,13,302,0,0.0,0.0,0.0,0.0
R03,13,303,0,0.0,0.0,0.0,0.0
R03,13,304,0,0.0,0.0,0.0,0.0
R03,13,305,0,0.0,0.0,0.0,0.0
R03,13,306,0,0.0,0.0,0.0,0.0
R03,13,307,0,0.0,0.0,0.0,0.0
R03,13,308,0,0.0,0.0,0.0,0.0
R03,13,309,0,0.0,0.0,0.0,0.0
R03,13,310,0,0.0,0.0,0.0,0.0
R03,13,311,0,0.0,0.0,0.0,0.0
R03,13,312,0,0.0,0.0,0.0,0.0
R03,13,313,0,0.0,0.0,0.0,0.0
R03,13,314,0,0.0,0.0,0.0,0.0
R03,13,315,0,0.0,0.0,0.0,0.0
R03,13,316,0,0.0,0.0,0.0,0.0
R03,13,317,0,0.0,0.0,0.0,0.0
R03,13,318,0,0.0,0.0,0.0,0.0
R03,13,319,0,0.0,0.0,0.0,0.0
R03,13,320,0,0.0,0.0,0.0,0.0
R03,13,321,0,0.0,0.0,0.0,0.0
R03,13,322,0,0.0,0.0,0.0,0.0
R03,13,323,0,0.0,0.0,0.0,0.0
R03,13,324,0,0.0,0.0,0.0,0.0
R03,13,325,0,0.0,0.0,0.0,0.0
R03,13,326,0,0.0,0.0,0.0,0.0
R03,13,327,0,0.0,0.0,0.0,0.0
R03,13,328,0,0.0,0.0,0.0,0.0
R03,13,329,0,0.0,0.0,0.0,0.0
R03,13,330,0,0.0,0.0,0.0,0.0
R03,13,331,0,0.0,0.0,0.0,0.0
R03,13,332,0,0.0,0.0,0.0,0.0
R03,13,333,0,0.0,0.0,0.0,0.0
R03,13,334,0,0.0,0.0,0.0,0.0
R03,13,335,0,0.0,0.0,0.0,0.0
R03,13,336,0,0.0,0.0,0.0,0.0
R03,13,337,0,0.0,0.0,0.0,0.0
R03,13,338,0,0.0,0.0,0.0,0.0
R03,13,339,0,0.0,0.0,0.0,0.0
R03,13,340,0,0.0,0.0,0.0,0.0
R03,13,341,0,0.0,0.0,0.0,0.0
R03,13,342,0,0.0,0.0,0.0,0.0
R03,13,343,0,0.0,0.0,0.0,0.0
R03,13,344,0,0.0,0.0,0.0,0.0
R03,13,345,0,0.0,0.0,0.0,0.0
R03,13,346,0,0.0,0.0,0.0,0.0
R03,13,347,0,0.0,0.0,0.0,0.0
R03,13,348,0,0.0,0.0,0.0,0.0
R03,13,349,0,0.0,0.0,0.0,0.0
R03,13,350,0,0.0,0.0,0.0,0.0
R03,13,351,0,0.0,0.0,0.0,0.0
R03,13,352,0,0.0,0.0,0.0,0.0
R03,13,353,0,0.0,0.0,0.0,0.0
R03,13,354,0,0.0,0.0,0.0,0.0
R03,13,355,0,0.0,0.0,0.0,0.0
R03,13,356,0,0.0,0.0,0.0,0.0
R03,13,357,0,0.0,0.0,0.0,0.0
R03,13,358,0,0.0,0.0,0.0,0.0
R03,13,359,0,0.0,0.0,0.0,0.0
R03,13,360,0,0.0,0.0,0.0,0.0
R03,13,361,0,0.0,0.0,0.0,0.0
R03,13,362,0,0.0,0.0,0.0,0.0
R03,13,363,0,0.0,0.0,0.0,0.0
R03,13,364,0,0.0,0.0,0.0,0.0
R03,13,365,0,0.0,0.0,0.0,0.0
R03,13,366,0,0.0,0.0,0.0,0.0
R03,13,367,0,0.0,0.0,0.0,0.0
R03,13,368,0,0.0,0.0,0.0,0.0
R03,13,369,0,0.0,0.0,0.0,0.0
R03,13,370,0,0.0,0.0,0.0,0.0
R03,13,371,0,0.0,0.0,0.0,0.0
R03,13,372,0,0.0,0.0,0.0,0.0
R03,13,373,0,0.0,0.0,0.0,0.0
R03,13,374,0,0.0,0.0,0.0,0.0
R03,13,375,0,0.0,0.0,0.0,0.0
R03,13,376,0,0.0,0.0,0.0,0.0
R03,13,377,0,0.0,0.0,0.0,0.0
R03,13,378,0,0.0,0.0,0.0,0.0
R03,13,379,0,0.0,0.0,0.0,0.0
R03,13,380,0,0.0,0.0,0.0,0.0
R03,13,381,0,0.0,0.0,0.0,0.0
R03,13,382,0,0.0,0.0,0.0,0.0
R03,13,383,0,0.0,0.0,0.0,0.0
R03,13,384,0,0.0,0.0,0.0,0.0
R03,13,385,0,0.0,0.0,0.0,0.0
R03,13,386,0,0.0,0.0,0.0,0.0
R03,13,387,0,0.0,0.0,0.0,0.0
R03,13,388,0,0.0,0.0,0.0,0.0
R03,13,389,0,0.0,0.0,0.0,0.0
R03,13,390,0,0.0,0.0,0.0,0.0
R03,13,391,0,0.0,0.0,0.0,0.0
R03,13,392,0,0.0,0.0,0.0,0.0
R03,13,393,0,0.0,0.0,0.0,0.0
R03,13,394,0,0.0,0.0,0.0,0.0
R03,13,395,0,0.0,0.0,0.0,0.0
R03,13,396,0,0.0,0.0,0.0,0.0
R03,13,397,0,0.0,0.0,0.0,0.0
R03,13,398,0,0.0,0.0,0.0,0.0
R03,13,399,0,0.0,0.0,0.0,0.0
R03,13,400,0,0.0,0.0,0.0,0.0
R03,13,401,0,0.0,0.0,0.0,0.0
R03,13,402,0,0.0,0.0,0.0,0.0
R03,13,403,0,0.0,0.0,0.0,0.0
R03,13,404,0,0.0,0.0,0.0,0.0
R03,13,405,0,0.0,0.0,0.0,0.0
R03,13,406,0,0.0,0.0,0.0,0.0
R03,13,407,0,0.0,0.0,0.0,0.0
R03,13,408,0,0.0,0.0,0.0,0.0
R03,13,409,0,0.0,0.0,0.0,0.0
R03,13,410,0,0.0,0.0,0.0,0.0
R03,13,411,0,0.0,0.0,0.0,0.0
R03,13,412,0,0.0,0.0,0.0,0.0
R03,13,413,0,0.0,0.0,0.0,0.0
R03,13,414,0,0.0,0.0,0.0,0.0
R03,13,415,0,0.0,0.0,0.0,0.0
R03,13,416,0,0.0,0.0,0.0,0.0
R03,13,417,0,0.0,0.0,0.0,0.0
R03,13,418,0,0.0,0.0,0.0,0.0
R03,13,419,0,0.0,0.0,0.0,0.0
R03,13,420,0,0.0,0.0,0.0,0.0
R03,13,421,0,0.0,0.0,0.0,0.0
R03,13,422,0,0.0,0.0,0.0,0.0
R03,13,423,0,0.0,0.0,0.0,0.0
R03,13,424,0,0.0,0.0,0.0,0.0
R03,13,425,0,0.0,0.0,0.0,0.0
R03,13,426,0,0.0,0.0,0.0,0.0
R03,13,427,0,0.0,0.0,0.0,0.0
R03,13,428,1,0.0,0.0,0.0,0.0
R03,13,429,1,0.0,0.0,0.0,0.0
R03,13,430,1,0.0,0.0,0.0,0.0
R03,13,431,1,0.0,0.0,0.0,0.0
R03,13,432,1,0.0,0.0,0.0,0.0
R03,13,433,1,0.0,0.0,0.0,0.0
R03,13,434,1,0.0,0.0,0.0,0.0
R03,13,435,1,0.0,0.0,0.0,0.0
R03,13,436,1,0.0,0.0,0.0,0.0
R03,13,437,1,0.0,0.0,0.0,0.0
R03,13,438,1,0.0,0.0,0.0,0.0
R03,13,439,1,0.0,0.0,0.0,0.0
R03,13,440,1,0.0,0.0,0.0,0.0
R03,13,441,1,0.0,0.0,0.0,0.0
R03,13,442,1,0.0,0.0,0.0,0.0
R03,13,443,1,0.0,0.0,0.0,0.0
R03,13,444,1,0.0,0.0,0.0,0.0
R03,13,445,1,0.0,0.0,0.0,0.0
R03,13,446,1,0.0,0.0,0.0,0.0
R03,13,447,1,0.0,0.0,0.0,0.0
R03,13,448,1,0.0,0.0,0.0,0.0
R03,13,449,1,0.0,0.0,0.0,0.0
R03,13,450,1,0.0,0.0,0.0,0.0
R03,13,451,1,0.0,0.0,0.0,0.0
R03,13,452,1,0.0,0.0,0.0,0.0
R03,13,453,1,0.0,0.0,0.0,0.0
R03,13,454,1,0.0,0.0,0.0,0.0
R03,13,455,1,0.0,0.0,0.0,0.0
R03,13,456,1,0.0,0.0,0.0,0.0
R03,13,457,1,0.0,0.0,0.0,0.0
R03,13,458,1,0.0,0.0,0.0,0.0
R03,13,459,1,0.0,0.0,0.0,0.0
R03,13,460,1,0.0,0.0,0.0,0.0
R03,13,461,1,0.0,0.0,0.0,0.0
R03,13,462,1,0.0,0.0,0.0,0.0
R03,13,463,1,0.0,0.0,0.0,0.0
R03,13,464,1,0.0,0.0,0.0,0.0
R03,13,465,1,0.0,0.0,0.0,0.0
R03,13,466,1,0.0,0.0,0.0,0.0
R03,13,467,1,0.0,0.0,0.0,0.0
R03,13,468,1,0.0,0.0,0.0,0.0
R03,13,469,1,0.0,0.0,0.0,0.0
R03,13,470,1,0.0,0.0,0.0,0.0
R03,13,471,1,0.0,0.0,0.0,0.0
R03,13,472,1,0.0,0.0,0.0,0.0
R03,13,473,1,0.0,0.0,0.0,0.0
R03,13,474,1,0.0,0.0,0.0,0.0
R03,13,475,1,0.0,0.0,0.0,0.0
R03,13,476,1,0.0,0.0,0.0,0.0
R03,13,477,1,0.0,0.0,0.0,0.0
R03,13,478,1,0.0,0.0,0.0,0.0
R03,13,479,1,0.0,0.0,0.0,0.0
R03,13,480,1,0.0,0.0,0.0,0.0
R03,13,481,1,0.0,0.0,0.0,0.0
R03,13,482,1,0.0,0.0,0.0,0.0
R03,13,483,1,0.0,0.0,0.0,0.0
R03,13,484,1,0.0,0.0,0.0,0.0
R03,13,485,1,0.0,0.0,0.0,0.0
R03,13,486,1,0.0,0.0,0.0,0.0
R03,13,487,1,0.0,0.0,0.0,0.0
R03,13,488,1,0.0,0.0,0.0,0.0
R03,13,489,1,0.0,0.0,0.0,0.0
R03,13,490,1,0.0,0.0,0.0,0.0
R03,13,491,1,0.0,0.0,0.0,0.0
R03,13,492,1,0.0,0.0,0.0,0.0
R03,13,493,1,0.0,0.0,0.0,0.0
R03,13,494,1,0.0,0.0,0.0,0.0
R03,13,495,1,0.0,0.0,0.0,0.0
R03,13,496,1,0.0,0.0,0.0,0.0
R03,13,497,1,0.0,0.0,0.0,0.0
R03,13,498,1,0.0,0.0,0.0,0.0
R03,13,499,1,0.0,0.0,0.0,0.0
R03,13,500,1,0.0,0.0,0.0,0.0
R03,13,501,1,0.0,0.0,0.0,0.0
R03,13,502,1,0.0,0.0,0.0,0.0
R03,13,503,1,0.0,0.0,0.0,0.0
R03,13,504,1,0.0,0.0,0.0,0.0
R03,13,505,1,0.0,0.0,0.0,0.0
R03,13,506,1,0.0,0.0,0.0,0.0
R03,13,507,1,0.0,0.0,0.0,0.0
R03,13,508,1,0.0,0.0,0.0,0.0
R03,13,509,1,0.0,0.0,0.0,0.0
R03,13,510,1,0.0,0.0,0.0,0.0
R03,13,511,1,0.0,0.0,0.0,0.0
R03,13,512,1,0.0,0.0,0.0,0.0
R03,13,513,1,0.0,0.0,0.0,0.0
R03,13,514,1,0.0,0.0,0.0,0.0
R03,13,515,1,0.0,0.0,0.0,0.0
R03,13,516,1,0.0,0.0,0.0,0.0
R03,13,517,1,0.0,0.0,0.0,0.0
R03,13,518,1,0.0,0.0,0.0,0.0
R03,13,519,1,0.0,0.0,0.0,0.0
R03,13,520,1,0.0,0.0,0.0,0.0
R03,13,521,1,0.0,0.0,0.0,0.0
R03,13,522,1,0.0,0.0,0.0,0.0
R03,13,523,1,0.0,0.0,0.0,0.0
R03,13,524,1,0.0,0.0,0.0,0.0
R03,13,525,1,0.0,0.0,0.0,0.0
R03,13,526,1,0.0,0.0,0.0,0.0
R03,13,527,1,0.0,0.0,0.0,0.0
R03,13,528,1,0.0,0.0,0.0,0.0
R03,13,529,1,0.0,0.0,0.0,0.0
R03,13,530,0,0.0,0.0,0.0,0.0
R03,13,531,0,0.0,0.0,0.0,0.0
R03,13,532,0,0.0,0.0,0.0,0.0
R03,13,533,0,0.0,0.0,0.0,0.0
R03,13,534,0,0.0,0.0,0.0,0.0
R03,13,535,0,0.0,0.0,0.0,0.0
R03,13,536,0,0.0,0.0,0.0,0.0
R03,13,537,0,0.0,0.0,0.0,0.0
R03,13,538,0,0.0,0.0,0.0,0.0
R03,13,539,0,0.0,0.0,0.0,0.0
R03,13,540,0,0.0,0.0,0.0,0.0
R03,13,541,0,0.0,0.0,0.0,0.0
R03,13,542,0,0.0,0.0,0.0,0.0
R03,13,543,0,0.0,0.0,0.0,0.0
R03,13,544,0,0.0,0.0,0.0,0.0
R03,13,545,0,0.0,0.0,0.0,0.0
R03,13,546,0,0.0,0.0,0.0,0.0
R03,13,547,0,0.0,0.0,0.0,0.0
R03,13,548,0,0.0,0.0,0.0,0.0
R03,13,549,0,0.0,0.0,0.0,0.0
R03,13,550,0,0.0,0.0,0.0,0.0
R03,13,551,0,0.0,0.0,0.0,0.0
R03,13,552,0,0.0,0.0,0.0,0.0
R03,13,553,0,0.0,0.0,0.0,0.0
R03,13,554,0,0.0,0.0,0.0,0.0
R03,13,555,0,0.0,0.0,0.0,0.0
R03,13,556,0,0.0,0.0,0.0,0.0
R03,13,557,0,0.0,0.0,0.0,0.0
R03,13,558,0,0.0,0.0,0.0,0.0
R03,13,559,0,0.0,0.0,0.0,0.0
R03,13,560,0,0.0,0.0,0.0,0.0
R03,13,561,0,0.0,0.0,0.0,0.0
R03,13,562,0,0.0,0.0,0.0,0.0
R03,13,563,0,0.0,0.0,0.0,0.0
R03,13,564,0,0.0,0.0,0.0,0.0
R03,13,565,0,0.0,0.0,0.0,0.0
R03,13,566,0,0.0,0.0,0.0,0.0
R03,13,567,0,0.0,0.0,0.0,0.0
R03,13,568,0,0.0,0.0,0.0,0.0
R03,13,569,0,0.0,0.0,0.0,0.0
R03,13,570,0,0.0,0.0,0.0,0.0
R03,13,571,0,0.0,0.0,0.0,0.0
R03,13,572,0,0.0,0.0,0.0,0.0
R03,13,573,0,0.0,0.0,0.0,0.0
R03,13,574,0,0.0,0.0,0.0,0.0
R03,13,575,0,0.0,0.0,0.0,0.0
R03,13,576,0,0.0,0.0,0.0,0.0
R03,13,577,0,0.0,0.0,0.0,0.0
R03,13,578,0,0.0,0.0,0.0,0.0
R03,13,579,0,0.0,0.0,0.0,0.0
R03,13,580,0,0.0,0.0,0.0,0.0
R03,13,581,0,0.0,0.0,0.0,0.0
R03,13,582,0,0.0,0.0,0.0,0.0
R03,13,583,0,0.0,0.0,0.0,0.0
R03,13,584,0,0.0,0.0,0.0,0.0
R03,13,585,0,0.0,0.0,0.0,0.0
R03,13,586,0,0.0,0.0,0.0,0.0
R03,13,587,0,0.0,0.0,0.0,0.0
R03,13,588,0,0.0,0.0,0.0,0.0
R03,13,589,0,0.0,0.0,0.0,0.0
R03,13,590,0,0.0,0.0,0.0,0.0
R03,13,591,0,0.0,0.0,0.0,0.0
R03,13,592,0,0.0,0.0,0.0,0.0
R03,13,593,0,0.0,0.0,0.0,0.0
R03,13,594,0,0.0,0.0,0.0,0.0
R03,13,595,0,0.0,0.0,0.0,0.0
R03,13,596,0,0.0,0.0,0.0,0.0
R03,13,597,0,0.0,0.0,0.0,0.0
R03,13,598,0,0.0,0.0,0.0,0.0
R03,13,599,0,0.0,0.0,0.0,0.0
R03,13,600,0,0.0,0.0,0.0,0.0
R03,13,601,0,0.0,0.0,0.0,0.0
R03,13,602,0,0.0,0.0,0.0,0.0
R03,13,603,0,0.0,0.0,0.0,0.0
R03,13,604,0,0.0,0.0,0.0,0.0
R03,13,605,0,0.0,0.0,0.0,0.0
R03,13,606,0,0.0,0.0,0.0,0.0
R03,13,607,0,0.0,0.0,0.0,0.0
R03,13,608,0,0.0,0.0,0.0,0.0
R03,13,609,0,0.0,0.0,0.0,0.0
R03,13,610,0,0.0,0.0,0.0,0.0
R03,13,611,0,0.0,0.0,0.0,0.0
R03,13,612,0,0.0,0.0,0.0,0.0
R03,13,613,0,0.0,0.0,0.0,0.0
R03,13,614,0,0.0,0.0,0.0,0.0
R03,13,615,0,0.0,0.0,0.0,0.0
R03,13,616,0,0.0,0.0,0.0,0.0
R03,13,617,0,0.0,0.0,0.0,0.0
R03,13,618,0,0.0,0.0,0.0,0.0
R03,13,619,0,0.0,0.0,0.0,0.0
R03,13,620,0,0.0,0.0,0.0,0.0
R03,13,621,0,0.0,0.0,0.0,0.0
R03,13,622,0,0.0,0.0,0.0,0.0
R03,13,623,0,0.0,0.0,0.0,0.0
R03,13,624,0,0.0,0.0,0.0,0.0
R03,13,625,0,0.0,0.0,0.0,0.0
R03,13,626,0,0.0,0.0,0.0,0.0
R03,13,627,0,0.0,0.0,0.0,0.0
R03,13,628,0,0.0,0.0,0.0,0.0
R03,13,629,0,0.0,0.0,0.0,0.0
R03,13,630,0,0.0,0.0,0.0,0.0
R03,13,631,0,0.0,0.0,0.0,0.0
R03,13,632,0,0.0,0.0,0.0,0.0
R03,13,633,0,0.0,0.0,0.0,0.0
R03,13,634,0,0.0,0.0,0.0,0.0
R03,13,635,0,0.0,0.0,0.0,0.0
R03,13,636,0,0.0,0.0,0.0,0.0
R03,13,637,0,0.0,0.0,0.0,0.0
R03,13,638,0,0.0,0.0,0.0,0.0
R03,13,639,0,0.0,0.0,0.0,0.0
R03,13,640,0,0.0,0.0,0.0,0.0
R03,13,641,0,0.0,0.0,0.0,0.0
R03,13,642,0,0.0,0.0,0.0,0.0
R03,13,643,0,0.0,0.0,0.0,0.0
R03,13,644,0,0.0,0.0,0.0,0.0
R03,13,645,0,0.0,0.0,0.0,0.0
R03,13,646,0,0.0,0.0,0.0,0.0
R03,13,647,0,0.0,0.0,0.0,0.0
R03,13,648,0,0.0,0.0,0.0,0.0
R03,13,649,0,0.0,0.0,0.0,0.0
R03,13,650,0,0.0,0.0,0.0,0.0
R03,13,651,0,0.0,0.0,0.0,0.0
R03,13,652,0,0.0,0.0,0.0,0.0
R03,13,653,0,0.0,0.0,0.0,0.0
R03,13,654,0,0.0,0.0,0.0,0.0
R03,13,655,0,0.0,0.0,0.0,0.0
R03,13,656,0,0.0,0.0,0.0,0.0
R03,13,657,0,0.0,0.0,0.0,0.0
R03,13,658,0,0.0,0.0,0.0,0.0
R03,13,659,0,0.0,0.0,0.0,0.0
R03,13,660,0,0.0,0.0,0.0,0.0
R03,13,661,0,0.0,0.0,0.0,0.0
R03,13,662,0,0.0,0.0,0.0,0.0
R03,13,663,0,0.0,0.0,0.0,0.0
R03,13,664,0,0.0,0.0,0.0,0.0
R03,13,665,0,0.0,0.0,0.0,0.0
R03,13,666,0,0.0,0.0,0.0,0.0
R03,13,667,0,0.0,0.0,0.0,0.0
R03,13,668,0,0.0,0.0,0.0,0.0
R03,13,669,0,0.0,0.0,0.0,0.0
R03,13,670,0,0.0,0.0,0.0,0.0
R03,13,671,0,0.0,0.0,0.0,0.0
R03,13,672,0,0.0,0.0,0.0,0.0
R03,13,673,0,0.0,0.0,0.0,0.0
R03,13,674,0,0.0,0.0,0.0,0.0
R03,13,675,0,0.0,0.0,0.0,0.0
R03,13,676,0,0.0,0.0,0.0,0.0
R03,13,677,0,0.0,0.0,0.0,0.0
R03,13,678,0,0.0,0.0,0.0,0.0
R03,13,679,0,0.0,0.0,0.0,0.0
R03,13,680,0,0.0,0.0,0.0,0.0
R03,13,681,0,0.0,0.0,0.0,0.0
R03,13,682,0,0.0,0.0,0.0,0.0
R03,13,683,0,0.0,0.0,0.0,0.0
R03,13,684,0,0.0,0.0,0.0,0.0
R03,13,685,0,0.0,0.0,0.0,0.0
R03,13,686,0,0.0,0.0,0.0,0.0
R03,13,687,0,0.0,0.0,0.0,0.0
R03,13,688,0,0.0,0.0,0.0,0.0
R03,13,689,0,0.0,0.0,0.0,0.0
R03,13,690,0,0.0,0.0,0.0,0.0
R03,13,691,0,0.0,0.0,0.0,0.0
R03,13,692,0,0.0,0.0,0.0,0.0
R03,13,693,0,0.0,0.0,0.0,0.0
R03,13,694,0,0.0,0.0,0.0,0.0
R03,13,695,0,0.0,0.0,0.0,0.0
R03,13,696,0,0.0,0.0,0.0,0.0
R03,13,697,0,0.0,0.0,0.0,0.0
R03,13,698,0,0.0,0.0,0.0,0.0
R03,13,699,0,0.0,0.0,0.0,0.0
R03,13,700,0,0.0,0.0,0.0,0.0
R03,13,701,0,0.0,0.0,0.0,0.0
R03,13,702,0,0.0,0.0,0.0,0.0
R03,13,703,0,0.0,0.0,0.0,0.0
R03,13,704,0,0.0,0.0,0.0,0.0
R03,13,705,0,0.0,0.0,0.0,0.0
R03,13,706,0,0.0,0.0,0.0,0.0
R03,13,707,0,0.0,0.0,0.0,0.0
R03,13,708,0,0.0,0.0,0.0,0.0
R03,13,709,0,0.0,0.0,0.0,0.0
R03,13,710,0,0.0,0.0,0.0,0.0
R03,13,711,0,0.0,0.0,0.0,0.0
R03,13,712,0,0.0,0.0,0.0,0.0
R03,13,713,0,0.0,0.0,0.0,0.0
R03,13,714,0,0.0,0.0,0.0,0.0
R03,13,715,0,0.0,0.0,0.0,0.0
R03,13,716,0,0.0,0.0,0.0,0.0
R03,13,717,0,0.0,0.0,0.0,0.0
R03,13,718,0,0.0,0.0,0.0,0.0
R03,13,719,0,0.0,0.0,0.0,0.0
R03,13,720,0,0.0,0.0,0.0,0.0
R03,13,721,0,0.0,0.0,0.0,0.0
R03,13,722,0,0.0,0.0,0.0,0.0
R03,13,723,0,0.0,0.0,0.0,0.0
R03,13,724,0,0.0,0.0,0.0,0.0
R03,13,725,0,0.0,0.0,0.0,0.0
R03,13,726,0,0.0,0.0,0.0,0.0
R03,13,727,0,0.0,0.0,0.0,0.0
R03,13,728,0,0.0,0.0,0.0,0.0
R03,13,729,0,0.0,0.0,0.0,0.0
R03,13,730,0,0.0,0.0,0.0,0.0
R03,13,731,0,0.0,0.0,0.0,0.0
R03,13,732,0,0.0,0.0,0.0,0.0
R03,13,733,0,0.0,0.0,0.0,0.0
R03,13,734,0,0.0,0.0,0.0,0.0
R03,13,735,0,0.0,0.0,0.0,0.0
R03,13,736,0,0.0,0.0,0.0,0.0
R03,13,737,0,0.0,0.0,0.0,0.0
R03,13,738,0,0.0,0.0,0.0,0.0
R03,13,739,0,0.0,0.0,0.0,0.0
R03,13,740,0,0.0,0.0,0.0,0.0
R03,13,741,0,0.0,0.0,0.0,0.0
R03,13,742,0,0.0,0.0,0.0,0.0
R03,13,743,0,0.0,0.0,0.0,0.0
R03,13,744,0,0.0,0.0,0.0,0.0
R03,13,745,0,0.0,0.0,0.0,0.0
R03,13,746,0,0.0,0.0,0.0,0.0
R03,13,747,0,0.0,0.0,0.0,0.0
R03,13,748,0,0.0,0.0,0.0,0.0
R03,13,749,0,0.0,0.0,0.0,0.0
R03,13,750,0,0.0,0.0,0.0,0.0
R03,13,751,0,0.0,0.0,0.0,0.0
R03,13,752,0,0.0,0.0,0.0,0.0
R03,13,753,0,0.0,0.0,0.0,0.0
R03,13,754,0,0.0,0.0,0.0,0.0
R03,13,755,0,0.0,0.0,0.0,0.0
R03,13,756,0,0.0,0.0,0.0,0.0
R03,13,757,0,0.0,0.0,0.0,0.0
R03,13,758,0,0.0,0.0,0.0,0.0
R03,13,759,0,0.0,0.0,0.0,0.0
R03,13,760,0,0.0,0.0,0.0,0.0
R03,13,761,0,0.0,0.0,0.0,0.0
R03,13,762,0,0.0,0.0,0.0,0.0
R03,13,763,0,0.0,0.0,0.0,0.0
R03,13,764,0,0.0,0.0,0.0,0.0
R03,13,765,0,0.0,0.0,0.0,0.0
R03,14,0,0,0.0,0.0,0.0,0.0
R03,14,1,0,0.0,0.0,0.0,0.0
R03,14,2,0,0.0,0.0,0.0,0.0
R03,14,3,0,0.0,0.0,0.0,0.0
R03,14,4,0,0.0,0.0,0.0,0.0
R03,14,5,0,0.0,0.0,0.0,0.0
R03,14,6,0,0.0,0.0,0.0,0.0
R03,14,7,0,0.0,0.0,0.0,0.0
R03,14,8,0,0.0,0.0,0.0,0.0
R03,14,9,0,0.0,0.0,0.0,0.0
R03,14,10,0,0.0,0.0,0.0,0.0
R03,14,11,0,0.0,0.0,0.0,0.0
R03,14,12,0,0.0,0.0,0.0,0.0
R03,14,13,0,0.0,0.0,0.0,0.0
R03,14,14,0,0.0,0.0,0.0,0.0
R03,14,15,0,0.0,0.0,0.0,0.0
R03,14,16,0,0.0,0.0,0.0,0.0
R03,14,17,0,0.0,0.0,0.0,0.0
R03,14,18,0,0.0,0.0,0.0,0.0
R03,14,19,0,0.0,0.0,0.0,0.0
R03,14,20,0,0.0,0.0,0.0,0.0
R03,14,21,0,0.0,0.0,0.0,0.0
R03,14,22,0,0.0,0.0,0.0,0.0
R03,14,23,0,0.0,0.0,0.0,0.0
R03,14,24,0,0.0,0.0,0.0,0.0
R03,14,25,0,0.0,0.0,0.0,0.0
R03,14,26,0,0.0,0.0,0.0,0.0
R03,14,27,0,0.0,0.0,0.0,0.0
R03,14,28,0,0.0,0.0,0.0,0.0
R03,14,29,0,0.0,0.0,0.0,0.0
R03,14,30,0,0.0,0.0,0.0,0.0
R03,14,31,0,0.0,0.0,0.0,0.0
R03,14,32,0,0.0,0.0,0.0,0.0
R03,14,33,0,0.0,0.0,0.0,0.0
R03,14,34,0,0.0,0.0,0.0,0.0
R03,14,35,0,0.0,0.0,0.0,0.0
R03,14,36,0,0.0,0.0,0.0,0.0
R03,14,37,0,0.0,0.0,0.0,0.0
R03,14,38,0,0.0,0.0,0.0,0.0
R03,14,39,0,0.0,0.0,0.0,0.0
R03,14,40,0,0.0,0.0,0.0,0.0
R03,14,41,0,0.0,0.0,0.0,0.0
R03,14,42,0,0.0,0.0,0.0,0.0
R03,14,43,0,0.0,0.0,0.0,0.0
R03,14,44,0,0.0,0.0,0.0,0.0
R03,14,45,0,0.0,0.0,0.0,0.0
R03,14,46,0,0.0,0.0,0.0,0.0
R03,14,47,0,0.0,0.0,0.0,0.0
R03,14,48,0,0.0,0.0,0.0,0.0
R03,14,49,0,0.0,0.0,0.0,0.0
R03,14,50,0,0.0,0.0,0.0,0.0
R03,14,51,0,0.0,0.0,0.0,0.0
R03,14,52,0,0.0,0.0,0.0,0.0
R03,14,53,0,0.0,0.0,0.0,0.0
R03,14,54,0,0.0,0.0,0.0,0.0
R03,14,55,0,0.0,0.0,0.0,0.0
R03,14,56,0,0.0,0.0,0.0,0.0
R03,14,57,0,0.0,0.0,0.0,0.0
R03,14,58,0,0.0,0.0,0.0,0.0
R03,14,59,0,0.0,0.0,0.0,0.0
R03,14,60,0,0.0,0.0,0.0,0.0
R03,14,61,0,0.0,0.0,0.0,0.0
R03,14,62,0,0.0,0.0,0.0,0.0
R03,14,63,0,0.0,0.0,0.0,0.0
R03,14,64,0,0.0,0.0,0.0,0.0
R03,14,65,0,0.0,0.0,0.0,0.0
R03,14,66,0,0.0,0.0,0.0,0.0
R03,14,67,0,0.0,0.0,0.0,0.0
R03,14,68,0,0.0,0.0,0.0,0.0
R03,14,69,0,0.0,0.0,0.0,0.0
R03,14,70,0,0.0,0.0,0.0,0.0
R03,14,71,0,0.0,0.0,0.0,0.0
R03,14,72,0,0.0,0.0,0.0,0.0
R03,14,73,0,0.0,0.0,0.0,0.0
R03,14,74,0,0.0,0.0,0.0,0.0
R03,14,75,0,0.0,0.0,0.0,0.0
R03,14,76,0,0.0,0.0,0.0,0.0
R03,14,77,0,0.0,0.0,0.0,0.0
R03,14,78,0,0.0,0.0,0.0,0.0
R03,14,79,0,0.0,0.0,0.0,0.0
R03,14,80,0,0.0,0.0,0.0,0.0
R03,14,81,0,0.0,0.0,0.0,0.0
R03,14,82,0,0.0,0.0,0.0,0.0
R03,14,83,0,0.0,0.0,0.0,0.0
R03,14,84,0,0.0,0.0,0.0,0.0
R03,14,85,0,0.0,0.0,0.0,0.0
R03,14,86,0,0.0,0.0,0.0,0.0
R03,14,87,0,0.0,0.0,0.0,0.0
R03,14,88,0,0.0,0.0,0.0,0.0
R03,14,89,0,0.0,0.0,0.0,0.0
R03,14,90,0,0.0,0.0,0.0,0.0
R03,14,91,0,0.0,0.0,0.0,0.0
R03,14,92,0,0.0,0.0,0.0,0.0
R03,14,93,0,0.0,0.0,0.0,0.0
R03,14,94,0,0.0,0.0,0.0,0.0
R03,14,95,0,0.0,0.0,0.0,0.0
R03,14,96,0,0.0,0.0,0.0,0.0
R03,14,97,0,0.0,0.0,0.0,0.0
R03,14,98,0,0.0,0.0,0.0,0.0
R03,14,99,0,0.0,0.0,0.0,0.0
R03,14,100,0,0.0,0.0,0.0,0.0
R03,14,101,0,0.0,0.0,0.0,0.0
R03,14,102,0,0.0,0.0,0.0,0.0
R03,14,103,0,0.0,0.0,0.0,0.0
R03,14,104,0,0.0,0.0,0.0,0.0
R03,14,105,0,0.0,0.0,0.0,0.0
R03,14,106,0,0.0,0.0,0.0,0.0
R03,14,107,0,0.0,0.0,0.0,0.0
R03,14,108,0,0.0,0.0,0.0,0.0
R03,14,109,0,0.0,0.0,0.0,0.0
R03,14,110,0,0.0,0.0,0.0,0.0
R03,14,111,0,0.0,0.0,0.0,0.0
R03,14,112,0,0.0,0.0,0.0,0.0
R03,14,113,0,0.0,0.0,0.0,0.0
R03,14,114,0,0.0,0.0,0.0,0.0
R03,14,115,0,0.0,0.0,0.0,0.0
R03,14,116,0,0.0,0.0,0.0,0.0
R03,14,117,0,0.0,0.0,0.0,0.0
R03,14,118,0,0.0,0.0,0.0,0.0
R03,14,119,0,0.0,0.0,0.0,0.0
R03,14,120,0,0.0,0.0,0.0,0.0
R03,14,121,0,0.0,0.0,0.0,0.0
R03,14,122,0,0.0,0.0,0.0,0.0
R03,14,123,0,0.0,0.0,0.0,0.0
R03,14,124,0,0.0,0.0,0.0,0.0
R03,14,125,0,0.0,0.0,0.0,0.0
R03,14,126,0,0.0,0.0,0.0,0.0
R03,14,127,0,0.0,0.0,0.0,0.0
R03,14,128,0,0.0,0.0,0.0,0.0
R03,14,129,0,0.0,0.0,0.0,0.0
R03,14,130,0,0.0,0.0,0.0,0.0
R03,14,131,0,0.0,0.0,0.0,0.0
R03,14,132,0,0.0,0.0,0.0,0.0
R03,14,133,0,0.0,0.0,0.0,0.0
R03,14,134,0,0.0,0.0,0.0,0.0
R03,14,135,0,0.0,0.0,0.0,0.0
R03,14,136,0,0.0,0.0,0.0,0.0
R03,14,137,0,0.0,0.0,0.0,0.0
R03,14,138,0,0.0,0.0,0.0,0.0
R03,14,139,0,0.0,0.0,0.0,0.0
R03,14,140,0,0.0,0.0,0.0,0.0
R03,14,141,0,0.0,0.0,0.0,0.0
R03,14,142,0,0.0,0.0,0.0,0.0
R03,14,143,0,0.0,0.0,0.0,0.0
R03,14,144,0,0.0,0.0,0.0,0.0
R03,14,145,0,0.0,0.0,0.0,0.0
R03,14,146,0,0.0,0.0,0.0,0.0
R03,14,147,0,0.0,0.0,0.0,0.0
R03,14,148,0,0.0,0.0,0.0,0.0
R03,14,149,0,0.0,0.0,0.0,0.0
R03,14,150,0,0.0,0.0,0.0,0.0
R03,14,151,0,0.0,0.0,0.0,0.0
R03,14,152,0,0.0,0.0,0.0,0.0
R03,14,153,0,0.0,0.0,0.0,0.0
R03,14,154,0,0.0,0.0,0.0,0.0
R03,14,155,0,0.0,0.0,0.0,0.0
R03,14,156,0,0.0,0.0,0.0,0.0
R03,14,157,0,0.0,0.0,0.0,0.0
R03,14,158,0,0.0,0.0,0.0,0.0
R03,14,159,0,0.0,0.0,0.0,0.0
R03,14,160,0,0.0,0.0,0.0,0.0
R03,14,161,0,0.0,0.0,0.0,0.0
R03,14,162,0,0.0,0.0,0.0,0.0
R03,14,163,0,0.0,0.0,0.0,0.0
R03,14,164,0,0.0,0.0,0.0,0.0
R03,14,165,0,0.0,0.0,0.0,0.0
R03,14,166,0,0.0,0.0,0.0,0.0
R03,14,167,0,0.0,0.0,0.0,0.0
R03,14,168,0,0.0,0.0,0.0,0.0
R03,14,169,0,0.0,0.0,0.0,0.0
R03,14,170,0,0.0,0.0,0.0,0.0
R03,14,171,0,0.0,0.0,0.0,0.0
R03,14,172,0,0.0,0.0,0.0,0.0
R03,14,173,0,0.0,0.0,0.0,0.0
R03,14,174,0,0.0,0.0,0.0,0.0
R03,14,175,0,0.0,0.0,0.0,0.0
R03,14,176,0,0.0,0.0,0.0,0.0
R03,14,177,0,0.0,0.0,0.0,0.0
R03,14,178,0,0.0,0.0,0.0,0.0
R03,14,179,0,0.0,0.0,0.0,0.0
R03,14,180,0,0.0,0.0,0.0,0.0
R03,14,181,0,0.0,0.0,0.0,0.0
R03,14,182,0,0.0,0.0,0.0,0.0
R03,14,183,0,0.0,0.0,0.0,0.0
R03,14,184,0,0.0,0.0,0.0,0.0
R03,14,185,0,0.0,0.0,0.0,0.0
R03,14,186,0,0.0,0.0,0.0,0.0
R03,14,187,0,0.0,0.0,0.0,0.0
R03,14,188,0,0.0,0.0,0.0,0.0
R03,14,189,0,0.0,0.0,0.0,0.0
R03,14,190,0,0.0,0.0,0.0,0.0
R03,14,191,0,0.0,0.0,0.0,0.0
R03,14,192,0,0.0,0.0,0.0,0.0
R03,14,193,0,0.0,0.0,0.0,0.0
R03,14,194,0,0.0,0.0,0.0,0.0
R03,14,195,0,0.0,0.0,0.0,0.0
R03,14,196,0,0.0,0.0,0.0,0.0
R03,14,197,0,0.0,0.0,0.0,0.0
R03,14,198,0,0.0,0.0,0.0,0.0
R03,14,199,0,0.0,0.0,0.0,0.0
R03,14,200,0,0.0,0.0,0.0,0.0
R03,14,201,0,0.0,0.0,0.0,0.0
R03,14,202,0,0.0,0.0,0.0,0.0
R03,14,203,0,0.0,0.0,0.0,0.0
R03,14,204,0,0.0,0.0,0.0,0.0
R03,14,205,0,0.0,0.0,0.0,0.0
R03,14,206,0,0.0,0.0,0.0,0.0
R03,14,207,0,0.0,0.0,0.0,0.0
R03,14,208,0,0.0,0.0,0.0,0.0
R03,14,209,0,0.0,0.0,0.0,0.0
R03,14,210,0,0.0,0.0,0.0,0.0
R03,14,211,0,0.0,0.0,0.0,0.0
R03,14,212,0,0.0,0.0,0.0,0.0
R03,14,213,0,0.0,0.0,0.0,0.0
R03,14,214,0,0.0,0.0,0.0,0.0
R03,14,215,0,0.0,0.0,0.0,0.0
R03,14,216,0,0.0,0.0,0.0,0.0
R03,14,217,0,0.0,0.0,0.0,0.0
R03,14,218,0,0.0,0.0,0.0,0.0
R03,14,219,0,0.0,0.0,0.0,0.0
R03,14,220,0,0.0,0.0,0.0,0.0
R03,14,221,0,0.0,0.0,0.0,0.0
R03,14,222,0,0.0,0.0,0.0,0.0
R03,14,223,0,0.0,0.0,0.0,0.0
R03,14,224,0,0.0,0.0,0.0,0.0
R03,14,225,0,0.0,0.0,0.0,0.0
R03,14,226,0,0.0,0.0,0.0,0.0
R03,14,227,0,0.0,0.0,0.0,0.0
R03,14,228,0,0.0,0.0,0.0,0.0
R03,14,229,0,0.0,0.0,0.0,0.0
R03,14,230,0,0.0,0.0,0.0,0.0
R03,14,231,0,0.0,0.0,0.0,0.0
R03,14,232,0,0.0,0.0,0.0,0.0
R03,14,233,0,0.0,0.0,0.0,0.0
R03,14,234,0,0.0,0.0,0.0,0.0
R03,14,235,0,0.0,0.0,0.0,0.0
R03,14,236,0,0.0,0.0,0.0,0.0
R03,14,237,0,0.0,0.0,0.0,0.0
R03,14,238,0,0.0,0.0,0.0,0.0
R03,14,239,0,0.0,0.0,0.0,0.0
R03,14,240,0,0.0,0.0,0.0,0.0
R03,14,241,0,0.0,0.0,0.0,0.0
R03,14,242,0,0.0,0.0,0.0,0.0
R03,14,243,0,0.0,0.0,0.0,0.0
R03,14,244,0,0.0,0.0,0.0,0.0
R03,14,245,0,0.0,0.0,0.0,0.0
R03,14,246,0,0.0,0.0,0.0,0.0
R03,14,247,0,0.0,0.0,0.0,0.0
R03,14,248,0,0.0,0.0,0.0,0.0
R03,14,249,0,0.0,0.0,0.0,0.0
R03,14,250,0,0.0,0.0,0.0,0.0
R03,14,251,0,0.0,0.0,0.0,0.0
R03,14,252,0,0.0,0.0,0.0,0.0
R03,14,253,0,0.0,0.0,0.0,0.0
R03,14,254,0,0.0,0.0,0.0,0.0
R03,14,255,0,0.0,0.0,0.0,0.0
R03,14,256,0,0.0,0.0,0.0,0.0
R03,14,257,0,0.0,0.0,0.0,0.0
R03,14,258,0,0.0,0.0,0.0,0.0
R03,14,259,0,0.0,0.0,0.0,0.0
R03,14,260,0,0.0,0.0,0.0,0.0
R03,14,261,0,0.0,0.0,0.0,0.0
R03,14,262,0,0.0,0.0,0.0,0.0
R03,14,263,0,0.0,0.0,0.0,0.0
R03,14,264,0,0.0,0.0,0.0,0.0
R03,14,265,0,0.0,0.0,0.0,0.0
R03,14,266,0,0.0,0.0,0.0,0.0
R03,14,267,0,0.0,0.0,0.0,0.0
R03,14,268,0,0.0,0.0,0.0,0.0
R03,14,269,0,0.0,0.0,0.0,0.0
R03,14,270,0,0.0,0.0,0.0,0.0
R03,14,271,0,0.0,0.0,0.0,0.0
R03,14,272,0,0.0,0.0,0.0,0.0
R03,14,273,0,0.0,0.0,0.0,0.0
R03,14,274,0,0.0,0.0,0.0,0.0
R03,14,275,0,0.0,0.0,0.0,0.0
R03,14,276,0,0.0,0.0,0.0,0.0
R03,14,277,0,0.0,0.0,0.0,0.0
R03,14,278,0,0.0,0.0,0.0,0.0
R03,14,279,0,0.0,0.0,0.0,0.0
R03,14,280,0,0.0,0.0,0.0,0.0
R03,14,281,0,0.0,0.0,0.0,0.0
R03,14,282,0,0.0,0.0,0.0,0.0
R03,14,283,0,0.0,0.0,0.0,0.0
R03,14,284,0,0.0,0.0,0.0,0.0
R03,14,285,0,0.0,0.0,0.0,0.0
R03,14,286,0,0.0,0.0,0.0,0.0
R03,14,287,0,0.0,0.0,0.0,0.0
R03,14,288,0,0.0,0.0,0.0,0.0
R03,14,289,0,0.0,0.0,0.0,0.0
R03,14,290,0,0.0,0.0,0.0,0.0
R03,14,291,0,0.0,0.0,0.0,0.0
R03,14,292,0,0.0,0.0,0.0,0.0
R03,14,293,0,0.0,0.0,0.0,0.0
R03,14,294,0,0.0,0.0,0.0,0.0
R03,14,295,0,0.0,0.0,0.0,0.0
R03,14,296,0,0.0,0.0,0.0,0.0
R03,14,297,0,0.0,0.0,0.0,0.0
R03,14,298,0,0.0,0.0,0.0,0.0
R03,14,299,0,0.0,0.0,0.0,0.0
R03,14,300,0,0.0,0.0,0.0,0.0
R03,14,301,0,0.0,0.0,0.0,0.0
R03,14,302,0,0.0,0.0,0.0,0.0
R03,14,303,0,0.0,0.0,0.0,0.0
R03,14,304,0,0.0,0.0,0.0,0.0
R03,14,305,0,0.0,0.0,0.0,0.0
R03,14,306,0,0.0,0.0,0.0,0.0
R03,14,307,0,0.0,0.0,0.0,0.0
R03,14,308,0,0.0,0.0,0.0,0.0
R03,14,309,0,0.0,0.0,0.0,0.0
R03,14,310,0,0.0,0.0,0.0,0.0
R03,14,311,0,0.0,0.0,0.0,0.0
R03,14,312,0,0.0,0.0,0.0,0.0
R03,14,313,0,0.0,0.0,0.0,0.0
R03,14,314,0,0.0,0.0,0.0,0.0
R03,14,315,0,0.0,0.0,0.0,0.0
R03,14,316,0,0.0,0.0,0.0,0.0
R03,14,317,0,0.0,0.0,0.0,0.0
R03,14,318,0,0.0,0.0,0.0,0.0
R03,14,319,0,0.0,0.0,0.0,0.0
R03,14,320,0,0.0,0.0,0.0,0.0
R03,14,321,0,0.0,0.0,0.0,0.0
R03,14,322,0,0.0,0.0,0.0,0.0
R03,14,323,0,0.0,0.0,0.0,0.0
R03,14,324,0,0.0,0.0,0.0,0.0
R03,14,325,0,0.0,0.0,0.0,0.0
R03,14,326,0,0.0,0.0,0.0,0.0
R03,14,327,0,0.0,0.0,0.0,0.0
R03,14,328,0,0.0,0.0,0.0,0.0
R03,14,329,0,0.0,0.0,0.0,0.0
R03,14,330,0,0.0,0.0,0.0,0.0
R03,14,331,0,0.0,0.0,0.0,0.0
R03,14,332,0,0.0,0.0,0.0,0.0
R03,14,333,0,0.0,0.0,0.0,0.0
R03,14,334,0,0.0,0.0,0.0,0.0
R03,14,335,0,0.0,0.0,0.0,0.0
R03,14,336,0,0.0,0.0,0.0,0.0
R03,14,337,0,0.0,0.0,0.0,0.0
R03,14,338,0,0.0,0.0,0.0,0.0
R03,14,339,0,0.0,0.0,0.0,0.0
R03,14,340,0,0.0,0.0,0.0,0.0
R03,14,341,0,0.0,0.0,0.0,0.0
R03,14,342,0,0.0,0.0,0.0,0.0
R03,14,343,0,0.0,0.0,0.0,0.0
R03,14,344,0,0.0,0.0,0.0,0.0
R03,14,345,0,0.0,0.0,0.0,0.0
R03,14,346,0,0.0,0.0,0.0,0.0
R03,14,347,0,0.0,0.0,0.0,0.0
R03,14,348,0,0.0,0.0,0.0,0.0
R03,14,349,0,0.0,0.0,0.0,0.0
R03,14,350,0,0.0,0.0,0.0,0.0
R03,14,351,0,0.0,0.0,0.0,0.0
R03,14,352,0,0.0,0.0,0.0,0.0
R03,14,353,0,0.0,0.0,0.0,0.0
R03,14,354,0,0.0,0.0,0.0,0.0
R03,14,355,0,0.0,0.0,0.0,0.0
R03,14,356,0,0.0,0.0,0.0,0.0
R03,14,357,0,0.0,0.0,0.0,0.0
R03,14,358,0,0.0,0.0,0.0,0.0
R03,14,359,0,0.0,0.0,0.0,0.0
R03,14,360,0,0.0,0.0,0.0,0.0
R03,14,361,0,0.0,0.0,0.0,0.0
R03,14,362,0,0.0,0.0,0.0,0.0
R03,14,363,1,0.0,0.0,0.0,0.0
R03,14,364,1,0.0,0.0,0.0,0.0
R03,14,365,1,0.0,0.0,0.0,0.0
R03,14,366,1,0.0,0.0,0.0,0.0
R03,14,367,1,0.0,0.0,0.0,0.0
R03,14,368,1,0.0,0.0,0.0,0.0
R03,14,369,1,0.0,0.0,0.0,0.0
R03,14,370,1,0.0,0.0,0.0,0.0
R03,14,371,1,0.0,0.0,0.0,0.0
R03,14,372,1,0.0,0.0,0.0,0.0
R03,14,373,1,0.0,0.0,0.0,0.0
R03,14,374,1,0.0,0.0,0.0,0.0
R03,14,375,1,0.0,0.0,0.0,0.0
R03,14,376,1,0.0,0.0,0.0,0.0
R03,14,377,1,0.0,0.0,0.0,0.0
R03,14,378,1,0.0,0.0,0.0,0.0
R03,14,379,1,0.0,0.0,0.0,0.0
R03,14,380,1,0.0,0.0,0.0,0.0
R03,14,381,1,0.0,0.0,0.0,0.0
R03,14,382,1,0.0,0.0,0.0,0.0
R03,14,383,1,0.0,0.0,0.0,0.0
R03,14,384,1,0.0,0.0,0.0,0.0
R03,14,385,1,0.0,0.0,0.0,0.0
R03,14,386,1,0.0,0.0,0.0,0.0
R03,14,387,1,0.0,0.0,0.0,0.0
R03,14,388,1,0.0,0.0,0.0,0.0
R03,14,389,1,0.0,0.0,0.0,0.0
R03,14,390,1,0.0,0.0,0.0,0.0
R03,14,391,1,0.0,0.0,0.0,0.0
R03,14,392,1,0.0,0.0,0.0,0.0
R03,14,393,1,0.0,0.0,0.0,0.0
R03,14,394,1,0.0,0.0,0.0,0.0
R03,14,395,1,0.0,0.0,0.0,0.0
R03,14,396,1,0.0,0.0,0.0,0.0
R03,14,397,1,0.0,0.0,0.0,0.0
R03,14,398,1,0.0,0.0,0.0,0.0
R03,14,399,1,0.0,0.0,0.0,0.0
R03,14,400,1,0.0,0.0,0.0,0.0
R03,14,401,1,0.0,0.0,0.0,0.0
R03,14,402,1,0.0,0.0,0.0,0.0
R03,14,403,1,0.0,0.0,0.0,0.0
R03,14,404,1,0.0,0.0,0.0,0.0
R03,14,405,1,0.0,0.0,0.0,0.0
R03,14,406,1,0.0,0.0,0.0,0.0
R03,14,407,1,0.0,0.0,0.0,0.0
R03,14,408,1,0.0,0.0,0.0,0.0
R03,14,409,1,0.0,0.0,0.0,0.0
R03,14,410,1,0.0,0.0,0.0,0.0
R03,14,411,1,0.0,0.0,0.0,0.0
R03,14,412,1,0.0,0.0,0.0,0.0
R03,14,413,1,0.0,0.0,0.0,0.0
R03,14,414,1,0.0,0.0,0.0,0.0
R03,14,415,1,0.0,0.0,0.0,0.0
R03,14,416,1,0.0,0.0,0.0,0.0
R03,14,417,0,0.0,0.0,0.0,0.0
R03,14,418,0,0.0,0.0,0.0,0.0
R03,14,419,0,0.0,0.0,0.0,0.0
R03,14,420,0,0.0,0.0,0.0,0.0
R03,14,421,0,0.0,0.0,0.0,0.0
R03,14,422,0,0.0,0.0,0.0,0.0
R03,14,423,0,0.0,0.0,0.0,0.0
R03,14,424,0,0.0,0.0,0.0,0.0
R03,14,425,0,0.0,0.0,0.0,0.0
R03,14,426,0,0.0,0.0,0.0,0.0
R03,14,427,0,0.0,0.0,0.0,0.0
R03,14,428,0,0.0,0.0,0.0,0.0
R03,14,429,0,0.0,0.0,0.0,0.0
R03,14,430,0,0.0,0.0,0.0,0.0
R03,14,431,0,0.0,0.0,0.0,0.0
R03,14,432,0,0.0,0.0,0.0,0.0
R03,14,433,0,0.0,0.0,0.0,0.0
R03,14,434,0,0.0,0.0,0.0,0.0
R03,14,435,0,0.0,0.0,0.0,0.0
R03,14,436,0,0.0,0.0,0.0,0.0
R03,14,437,0,0.0,0.0,0.0,0.0
R03,14,438,0,0.0,0.0,0.0,0.0
R03,14,439,0,0.0,0.0,0.0,0.0
R03,14,440,0,0.0,0.0,0.0,0.0
R03,14,441,0,0.0,0.0,0.0,0.0
R03,14,442,0,0.0,0.0,0.0,0.0
R03,14,443,0,0.0,0.0,0.0,0.0
R03,14,444,0,0.0,0.0,0.0,0.0
R03,14,445,0,0.0,0.0,0.0,0.0
R03,14,446,0,0.0,0.0,0.0,0.0
R03,14,447,0,0.0,0.0,0.0,0.0
R03,14,448,0,0.0,0.0,0.0,0.0
R03,14,449,0,0.0,0.0,0.0,0.0
R03,14,450,0,0.0,0.0,0.0,0.0
R03,14,451,0,0.0,0.0,0.0,0.0
R03,14,452,0,0.0,0.0,0.0,0.0
R03,14,453,0,0.0,0.0,0.0,0.0
R03,14,454,0,0.0,0.0,0.0,0.0
R03,14,455,0,0.0,0.0,0.0,0.0
R03,14,456,0,0.0,0.0,0.0,0.0
R03,14,457,0,0.0,0.0,0.0,0.0
R03,14,458,0,0.0,0.0,0.0,0.0
R03,14,459,0,0.0,0.0,0.0,0.0
R03,14,460,0,0.0,0.0,0.0,0.0
R03,14,461,0,0.0,0.0,0.0,0.0
R03,14,462,0,0.0,0.0,0.0,0.0
R03,14,463,0,0.0,0.0,0.0,0.0
R03,14,464,0,0.0,0.0,0.0,0.0
R03,14,465,0,0.0,0.0,0.0,0.0
R03,14,466,0,0.0,0.0,0.0,0.0
R03,14,467,0,0.0,0.0,0.0,0.0
R03,14,468,0,0.0,0.0,0.0,0.0
R03,14,469,0,0.0,0.0,0.0,0.0
R03,14,470,0,0.0,0.0,0.0,0.0
R03,14,471,0,0.0,0.0,0.0,0.0
R03,14,472,0,0.0,0.0,0.0,0.0
R03,14,473,0,0.0,0.0,0.0,0.0
R03,14,474,0,0.0,0.0,0.0,0.0
R03,14,475,0,0.0,0.0,0.0,0.0
R03,14,476,0,0.0,0.0,0.0,0.0
R03,14,477,0,0.0,0.0,0.0,0.0
R03,14,478,0,0.0,0.0,0.0,0.0
R03,14,479,0,0.0,0.0,0.0,0.0
R03,14,480,0,0.0,0.0,0.0,0.0
R03,14,481,0,0.0,0.0,0.0,0.0
R03,14,482,0,0.0,0.0,0.0,0.0
R03,14,483,0,0.0,0.0,0.0,0.0
R03,14,484,0,0.0,0.0,0.0,0.0
R03,14,485,0,0.0,0.0,0.0,0.0
R03,14,486,0,0.0,0.0,0.0,0.0
R03,14,487,0,0.0,0.0,0.0,0.0
R03,14,488,0,0.0,0.0,0.0,0.0
R03,14,489,0,0.0,0.0,0.0,0.0
R03,14,490,0,0.0,0.0,0.0,0.0
R03,14,491,0,0.0,0.0,0.0,0.0
R03,14,492,0,0.0,0.0,0.0,0.0
R03,14,493,0,0.0,0.0,0.0,0.0
R03,14,494,0,0.0,0.0,0.0,0.0
R03,14,495,0,0.0,0.0,0.0,0.0
R03,14,496,0,0.0,0.0,0.0,0.0
R03,14,497,0,0.0,0.0,0.0,0.0
R03,14,498,0,0.0,0.0,0.0,0.0
R03,14,499,0,0.0,0.0,0.0,0.0
R03,14,500,0,0.0,0.0,0.0,0.0
R03,14,501,0,0.0,0.0,0.0,0.0
R03,14,502,0,0.0,0.0,0.0,0.0
R03,14,503,0,0.0,0.0,0.0,0.0
R03,14,504,0,0.0,0.0,0.0,0.0
R03,14,505,0,0.0,0.0,0.0,0.0
R03,14,506,0,0.0,0.0,0.0,0.0
R03,14,507,0,0.0,0.0,0.0,0.0
R03,14,508,0,0.0,0.0,0.0,0.0
R03,14,509,0,0.0,0.0,0.0,0.0
R03,14,510,0,0.0,0.0,0.0,0.0
R03,14,511,0,0.0,0.0,0.0,0.0
R03,14,512,0,0.0,0.0,0.0,0.0
R03,14,513,0,0.0,0.0,0.0,0.0
R03,14,514,0,0.0,0.0,0.0,0.0
R03,14,515,0,0.0,0.0,0.0,0.0
R03,14,516,0,0.0,0.0,0.0,0.0
R03,14,517,0,0.0,0.0,0.0,0.0
R03,14,518,0,0.0,0.0,0.0,0.0
R03,14,519,0,0.0,0.0,0.0,0.0
R03,14,520,0,0.0,0.0,0.0,0.0
R03,14,521,0,0.0,0.0,0.0,0.0
R03,14,522,0,0.0,0.0,0.0,0.0
R03,14,523,0,0.0,0.0,0.0,0.0
R03,14,524,0,0.0,0.0,0.0,0.0
R03,14,525,0,0.0,0.0,0.0,0.0
R03,14,526,0,0.0,0.0,0.0,0.0
R03,14,527,0,0.0,0.0,0.0,0.0
R03,14,528,0,0.0,0.0,0.0,0.0
R03,14,529,0,0.0,0.0,0.0,0.0
R03,14,530,0,0.0,0.0,0.0,0.0
R03,14,531,0,0.0,0.0,0.0,0.0
R03,14,532,0,0.0,0.0,0.0,0.0
R03,14,533,0,0.0,0.0,0.0,0.0
R03,14,534,0,0.0,0.0,0.0,0.0
R03,14,535,0,0.0,0.0,0.0,0.0
R03,14,536,0,0.0,0.0,0.0,0.0
R03,14,537,0,0.0,0.0,0.0,0.0
R03,14,538,0,0.0,0.0,0.0,0.0
R03,14,539,0,0.0,0.0,0.0,0.0
R03,14,540,0,0.0,0.0,0.0,0.0
R03,14,541,0,0.0,0.0,0.0,0.0
R03,14,542,0,0.0,0.0,0.0,0.0
R03,14,543,0,0.0,0.0,0.0,0.0
R03,14,544,0,0.0,0.0,0.0,0.0
R03,14,545,0,0.0,0.0,0.0,0.0
R03,14,546,0,0.0,0.0,0.0,0.0
R03,14,547,0,0.0,0.0,0.0,0.0
R03,14,548,0,0.0,0.0,0.0,0.0
R03,14,549,0,0.0,0.0,0.0,0.0
R03,14,550,0,0.0,0.0,0.0,0.0
R03,14,551,0,0.0,0.0,0.0,0.0
R03,14,552,0,0.0,0.0,0.0,0.0
R03,14,553,0,0.0,0.0,0.0,0.0
R03,14,554,0,0.0,0.0,0.0,0.0
R03,14,555,0,0.0,0.0,0.0,0.0
R03,14,556,0,0.0,0.0,0.0,0.0
R03,14,557,0,0.0,0.0,0.0,0.0
R03,14,558,0,0.0,0.0,0.0,0.0
R03,14,559,0,0.0,0.0,0.0,0.0
R03,14,560,0,0.0,0.0,0.0,0.0
R03,14,561,0,0.0,0.0,0.0,0.0
R03,14,562,0,0.0,0.0,0.0,0.0
R03,14,563,0,0.0,0.0,0.0,0.0
R03,14,564,0,0.0,0.0,0.0,0.0
R03,14,565,0,0.0,0.0,0.0,0.0
R03,14,566,0,0.0,0.0,0.0,0.0
R03,14,567,0,0.0,0.0,0.0,0.0
R03,14,568,0,0.0,0.0,0.0,0.0
R03,14,569,0,0.0,0.0,0.0,0.0
R03,14,570,0,0.0,0.0,0.0,0.0
R03,14,571,0,0.0,0.0,0.0,0.0
R03,14,572,0,0.0,0.0,0.0,0.0
R03,14,573,0,0.0,0.0,0.0,0.0
R03,14,574,0,0.0,0.0,0.0,0.0
R03,14,575,0,0.0,0.0,0.0,0.0
R03,14,576,0,0.0,0.0,0.0,0.0
R03,14,577,0,0.0,0.0,0.0,0.0
R03,14,578,0,0.0,0.0,0.0,0.0
R03,14,579,0,0.0,0.0,0.0,0.0
R03,14,580,0,0.0,0.0,0.0,0.0
R03,14,581,0,0.0,0.0,0.0,0.0
R03,14,582,0,0.0,0.0,0.0,0.0
R03,14,583,0,0.0,0.0,0.0,0.0
R03,14,584,0,0.0,0.0,0.0,0.0
R03,14,585,0,0.0,0.0,0.0,0.0
R03,14,586,0,0.0,0.0,0.0,0.0
R03,14,587,0,0.0,0.0,0.0,0.0
R03,14,588,0,0.0,0.0,0.0,0.0
R03,14,589,0,0.0,0.0,0.0,0.0
R03,14,590,0,0.0,0.0,0.0,0.0
R03,14,591,0,0.0,0.0,0.0,0.0
R03,14,592,0,0.0,0.0,0.0,0.0
R03,14,593,0,0.0,0.0,0.0,0.0
R03,14,594,0,0.0,0.0,0.0,0.0
R03,14,595,0,0.0,0.0,0.0,0.0
R03,14,596,0,0.0,0.0,0.0,0.0
R03,14,597,0,0.0,0.0,0.0,0.0
R03,14,598,0,0.0,0.0,0.0,0.0
R03,14,599,0,0.0,0.0,0.0,0.0
R03,14,600,0,0.0,0.0,0.0,0.0
R03,14,601,0,0.0,0.0,0.0,0.0
R03,14,602,0,0.0,0.0,0.0,0.0
R03,14,603,0,0.0,0.0,0.0,0.0
R03,14,604,0,0.0,0.0,0.0,0.0
R03,14,605,0,0.0,0.0,0.0,0.0
R03,14,606,0,0.0,0.0,0.0,0.0
R03,14,607,0,0.0,0.0,0.0,0.0
R03,14,608,0,0.0,0.0,0.0,0.0
R03,14,609,0,0.0,0.0,0.0,0.0
R03,14,610,0,0.0,0.0,0.0,0.0
R03,14,611,0,0.0,0.0,0.0,0.0
R03,14,612,0,0.0,0.0,0.0,0.0
R03,14,613,0,0.0,0.0,0.0,0.0
R03,14,614,0,0.0,0.0,0.0,0.0
R03,14,615,0,0.0,0.0,0.0,0.0
R03,14,616,0,0.0,0.0,0.0,0.0
R03,14,617,0,0.0,0.0,0.0,0.0
R03,14,618,0,0.0,0.0,0.0,0.0
R03,14,619,0,0.0,0.0,0.0,0.0
R03,14,620,0,0.0,0.0,0.0,0.0
R03,14,621,0,0.0,0.0,0.0,0.0
R03,14,622,0,0.0,0.0,0.0,0.0
R03,14,623,0,0.0,0.0,0.0,0.0
R03,14,624,0,0.0,0.0,0.0,0.0
R03,14,625,0,0.0,0.0,0.0,0.0
R03,14,626,0,0.0,0.0,0.0,0.0
R03,14,627,0,0.0,0.0,0.0,0.0
R03,14,628,0,0.0,0.0,0.0,0.0
R03,14,629,0,0.0,0.0,0.0,0.0
R03,14,630,0,0.0,0.0,0.0,0.0
R03,14,631,0,0.0,0.0,0.0,0.0
R03,14,632,0,0.0,0.0,0.0,0.0
R03,14,633,0,0.0,0.0,0.0,0.0
R03,14,634,0,0.0,0.0,0.0,0.0
R03,14,635,0,0.0,0.0,0.0,0.0
R03,14,636,0,0.0,0.0,0.0,0.0
R03,14,637,0,0.0,0.0,0.0,0.0
R03,14,638,0,0.0,0.0,0.0,0.0
R03,14,639,0,0.0,0.0,0.0,0.0
R03,14,640,0,0.0,0.0,0.0,0.0
R03,14,641,0,0.0,0.0,0.0,0.0
R03,14,642,0,0.0,0.0,0.0,0.0
R03,14,643,0,0.0,0.0,0.0,0.0
R03,14,644,0,0.0,0.0,0.0,0.0
R03,14,645,1,0.0,0.0,0.0,0.0
R03,14,646,1,0.0,0.0,0.0,0.0
R03,14,647,1,0.0,0.0,0.0,0.0
R03,14,648,1,0.0,0.0,0.0,0.0
R03,14,649,1,0.0,0.0,0.0,0.0
R03,14,650,1,0.0,0.0,0.0,0.0
R03,14,651,1,0.0,0.0,0.0,0.0
R03,14,652,1,0.0,0.0,0.0,0.0
R03,14,653,1,0.0,0.0,0.0,0.0
R03,14,654,1,0.0,0.0,0.0,0.0
R03,14,655,1,0.0,0.0,0.0,0.0
R03,14,656,1,0.0,0.0,0.0,0.0
R03,14,657,1,0.0,0.0,0.0,0.0
R03,14,658,1,0.0,0.0,0.0,0.0
R03,14,659,1,0.0,0.0,0.0,0.0
R03,14,660,1,0.0,0.0,0.0,0.0
R03,14,661,1,0.0,0.0,0.0,0.0
R03,14,662,1,0.0,0.0,0.0,0.0
R03,14,663,1,0.0,0.0,0.0,0.0
R03,14,664,1,0.0,0.0,0.0,0.0
R03,14,665,1,0.0,0.0,0.0,0.0
R03,14,666,1,0.0,0.0,0.0,0.0
R03,14,667,1,0.0,0.0,0.0,0.0
R03,14,668,1,0.0,0.0,0.0,0.0
R03,14,669,1,0.0,0.0,0.0,0.0
R03,14,670,1,0.0,0.0,0.0,0.0
R03,14,671,1,0.0,0.0,0.0,0.0
R03,14,672,1,0.0,0.0,0.0,0.0
R03,14,673,1,0.0,0.0,0.0,0.0
R03,14,674,1,0.0,0.0,0.0,0.0
R03,14,675,1,0.0,0.0,0.0,0.0
R03,14,676,1,0.0,0.0,0.0,0.0
R03,14,677,1,0.0,0.0,0.0,0.0
R03,14,678,1,0.0,0.0,0.0,0.0
R03,14,679,1,0.0,0.0,0.0,0.0
R03,14,680,1,0.0,0.0,0.0,0.0
R03,14,681,1,0.0,0.0,0.0,0.0
R03,14,682,1,0.0,0.0,0.0,0.0
R03,14,683,1,0.0,0.0,0.0,0.0
R03,14,684,1,0.0,0.0,0.0,0.0
R03,14,685,1,0.0,0.0,0.0,0.0
R03,14,686,1,0.0,0.0,0.0,0.0
R03,14,687,1,0.0,0.0,0.0,0.0
R03,14,688,1,0.0,0.0,0.0,0.0
R03,14,689,1,0.0,0.0,0.0,0.0
R03,14,690,1,0.0,0.0,0.0,0.0
R03,14,691,1,0.0,0.0,0.0,0.0
R03,14,692,1,0.0,0.0,0.0,0.0
R03,14,693,1,0.0,0.0,0.0,0.0
R03,14,694,1,0.0,0.0,0.0,0.0
R03,14,695,1,0.0,0.0,0.0,0.0
R03,14,696,1,0.0,0.0,0.0,0.0
R03,14,697,1,0.0,0.0,0.0,0.0
R03,14,698,1,0.0,0.0,0.0,0.0
R03,14,699,1,0.0,0.0,0.0,0.0
R03,14,700,1,0.0,0.0,0.0,0.0
R03,14,701,1,0.0,0.0,0.0,0.0
R03,14,702,1,0.0,0.0,0.0,0.0
R03,14,703,1,0.0,0.0,0.0,0.0
R03,14,704,1,0.0,0.0,0.0,0.0
R03,14,705,1,0.0,0.0,0.0,0.0
R03,14,706,1,0.0,0.0,0.0,0.0
R03,14,707,1,0.0,0.0,0.0,0.0
R03,14,708,1,0.0,0.0,0.0,0.0
R03,14,709,1,0.0,0.0,0.0,0.0
R03,14,710,1,0.0,0.0,0.0,0.0
R03,14,711,1,0.0,0.0,0.0,0.0
R03,14,712,1,0.0,0.0,0.0,0.0
R03,14,713,1,0.0,0.0,0.0,0.0
R03,14,714,1,0.0,0.0,0.0,0.0
R03,14,715,1,0.0,0.0,0.0,0.0
R03,14,716,1,0.0,0.0,0.0,0.0
R03,14,717,1,0.0,0.0,0.0,0.0
R03,14,718,1,0.0,0.0,0.0,0.0
R03,14,719,0,0.0,0.0,0.0,0.0
R03,14,720,0,0.0,0.0,0.0,0.0
R03,14,721,0,0.0,0.0,0.0,0.0
R03,14,722,0,0.0,0.0,0.0,0.0
R03,14,723,0,0.0,0.0,0.0,0.0
R03,14,724,0,0.0,0.0,0.0,0.0
R03,14,725,0,0.0,0.0,0.0,0.0
R03,14,726,0,0.0,0.0,0.0,0.0
R03,14,727,0,0.0,0.0,0.0,0.0
R03,14,728,0,0.0,0.0,0.0,0.0
R03,14,729,0,0.0,0.0,0.0,0.0
R03,14,730,0,0.0,0.0,0.0,0.0
R03,14,731,0,0.0,0.0,0.0,0.0
R03,14,732,0,0.0,0.0,0.0,0.0
R03,14,733,0,0.0,0.0,0.0,0.0
R03,14,734,0,0.0,0.0,0.0,0.0
R03,14,735,0,0.0,0.0,0.0,0.0
R03,14,736,0,0.0,0.0,0.0,0.0
R03,14,737,0,0.0,0.0,0.0,0.0
R03,14,738,0,0.0,0.0,0.0,0.0
R03,14,739,0,0.0,0.0,0.0,0.0
R03,14,740,0,0.0,0.0,0.0,0.0
R03,14,741,0,0.0,0.0,0.0,0.0
R03,14,742,0,0.0,0.0,0.0,0.0
R03,14,743,0,0.0,0.0,0.0,0.0
R03,14,744,0,0.0,0.0,0.0,0.0
R03,14,745,0,0.0,0.0,0.0,0.0
R03,14,746,0,0.0,0.0,0.0,0.0
R03,14,747,0,0.0,0.0,0.0,0.0
R03,14,748,0,0.0,0.0,0.0,0.0
R03,14,749,0,0.0,0.0,0.0,0.0
R03,14,750,0,0.0,0.0,0.0,0.0
R03,14,751,0,0.0,0.0,0.0,0.0
R03,14,752,0,0.0,0.0,0.0,0.0
R03,14,753,0,0.0,0.0,0.0,0.0
R03,14,754,0,0.0,0.0,0.0,0.0
R03,14,755,0,0.0,0.0,0.0,0.0
R03,14,756,0,0.0,0.0,0.0,0.0
R03,14,757,0,0.0,0.0,0.0,0.0
R03,14,758,0,0.0,0.0,0.0,0.0
R03,14,759,0,0.0,0.0,0.0,0.0
R03,14,760,0,0.0,0.0,0.0,0.0
R03,14,761,0,0.0,0.0,0.0,0.0
R03,14,762,0,0.0,0.0,0.0,0.0
R03,14,763,0,0.0,0.0,0.0,0.0
R03,14,764,0,0.0,0.0,0.0,0.0
R03,14,765,0,0.0,0.0,0.0,0.0
R03,14,766,0,0.0,0.0,0.0,0.0
R03,14,767,0,0.0,0.0,0.0,0.0
R03,14,768,0,0.0,0.0,0.0,0.0
R03,14,769,0,0.0,0.0,0.0,0.0
R03,14,770,0,0.0,0.0,0.0,0.0
R03,14,771,0,0.0,0.0,0.0,0.0
R03,14,772,0,0.0,0.0,0.0,0.0
R03,14,773,0,0.0,0.0,0.0,0.0
R03,14,774,0,0.0,0.0,0.0,0.0
R03,14,775,0,0.0,0.0,0.0,0.0
R03,14,776,0,0.0,0.0,0.0,0.0
R03,14,777,0,0.0,0.0,0.0,0.0
R03,14,778,0,0.0,0.0,0.0,0.0
R03,14,779,0,0.0,0.0,0.0,0.0
R03,14,780,0,0.0,0.0,0.0,0.0
R03,14,781,0,0.0,0.0,0.0,0.0
R03,14,782,0,0.0,0.0,0.0,0.0
R03,14,783,0,0.0,0.0,0.0,0.0
R03,14,784,0,0.0,0.0,0.0,0.0
R03,14,785,0,0.0,0.0,0.0,0.0
R03,14,786,0,0.0,0.0,0.0,0.0
R03,14,787,0,0.0,0.0,0.0,0.0
R03,14,788,0,0.0,0.0,0.0,0.0
R03,14,789,0,0.0,0.0,0.0,0.0
R03,14,790,0,0.0,0.0,0.0,0.0
R03,14,791,0,0.0,0.0,0.0,0.0
R03,14,792,0,0.0,0.0,0.0,0.0
R03,14,793,0,0.0,0.0,0.0,0.0
R03,14,794,0,0.0,0.0,0.0,0.0
R03,14,795,0,0.0,0.0,0.0,0.0
R03,14,796,0,0.0,0.0,0.0,0.0
R03,14,797,0,0.0,0.0,0.0,0.0
R03,14,798,0,0.0,0.0,0.0,0.0
R03,14,799,0,0.0,0.0,0.0,0.0
R03,14,800,0,0.0,0.0,0.0,0.0
R03,14,801,0,0.0,0.0,0.0,0.0
R03,14,802,0,0.0,0.0,0.0,0.0
R03,14,803,0,0.0,0.0,0.0,0.0
R03,14,804,0,0.0,0.0,0.0,0.0
R03,14,805,0,0.0,0.0,0.0,0.0
R03,14,806,0,0.0,0.0,0.0,0.0
R03,14,807,0,0.0,0.0,0.0,0.0
R03,14,808,0,0.0,0.0,0.0,0.0
R03,14,809,0,0.0,0.0,0.0,0.0
R03,14,810,0,0.0,0.0,0.0,0.0
R03,14,811,0,0.0,0.0,0.0,0.0
R03,14,812,0,0.0,0.0,0.0,0.0
R03,14,813,0,0.0,0.0,0.0,0.0
R03,14,814,0,0.0,0.0,0.0,0.0
R03,14,815,0,0.0,0.0,0.0,0.0
R03,14,816,0,0.0,0.0,0.0,0.0
R03,14,817,0,0.0,0.0,0.0,0.0
R03,14,818,0,0.0,0.0,0.0,0.0
R03,14,819,0,0.0,0.0,0.0,0.0
R03,14,820,0,0.0,0.0,0.0,0.0
R03,14,821,0,0.0,0.0,0.0,0.0
R03,14,822,0,0.0,0.0,0.0,0.0
R03,14,823,0,0.0,0.0,0.0,0.0
R03,14,824,0,0.0,0.0,0.0,0.0
R03,14,825,0,0.0,0.0,0.0,0.0
R03,14,826,0,0.0,0.0,0.0,0.0
R03,14,827,0,0.0,0.0,0.0,0.0
R03,14,828,0,0.0,0.0,0.0,0.0
R03,14,829,0,0.0,0.0,0.0,0.0
R03,14,830,0,0.0,0.0,0.0,0.0
R03,14,831,0,0.0,0.0,0.0,0.0
R03,14,832,0,0.0,0.0,0.0,0.0
R03,14,833,0,0.0,0.0,0.0,0.0
R03,14,834,0,0.0,0.0,0.0,0.0
R03,14,835,0,0.0,0.0,0.0,0.0
R03,14,836,0,0.0,0.0,0.0,0.0
R03,14,837,0,0.0,0.0,0.0,0.0
R03,14,838,0,0.0,0.0,0.0,0.0
R03,14,839,0,0.0,0.0,0.0,0.0
R03,14,840,0,0.0,0.0,0.0,0.0
R03,14,841,0,0.0,0.0,0.0,0.0
R03,14,842,0,0.0,0.0,0.0,0.0
R03,14,843,0,0.0,0.0,0.0,0.0
R03,14,844,0,0.0,0.0,0.0,0.0
R03,14,845,0,0.0,0.0,0.0,0.0
R03,14,846,0,0.0,0.0,0.0,0.0
R03,14,847,0,0.0,0.0,0.0,0.0
R03,14,848,0,0.0,0.0,0.0,0.0
R03,14,849,0,0.0,0.0,0.0,0.0
R03,14,850,0,0.0,0.0,0.0,0.0
R03,14,851,0,0.0,0.0,0.0,0.0
R03,14,852,0,0.0,0.0,0.0,0.0
R03,14,853,0,0.0,0.0,0.0,0.0
R03,14,854,0,0.0,0.0,0.0,0.0
R03,14,855,0,0.0,0.0,0.0,0.0
R03,14,856,0,0.0,0.0,0.0,0.0
R03,14,857,0,0.0,0.0,0.0,0.0
R03,14,858,0,0.0,0.0,0.0,0.0
R03,14,859,0,0.0,0.0,0.0,0.0
R03,14,860,0,0.0,0.0,0.0,0.0
R03,14,861,0,0.0,0.0,0.0,0.0
R03,14,862,0,0.0,0.0,0.0,0.0
R03,14,863,0,0.0,0.0,0.0,0.0
R03,14,864,0,0.0,0.0,0.0,0.0
R03,14,865,0,0.0,0.0,0.0,0.0
R03,14,866,0,0.0,0.0,0.0,0.0
R03,14,867,0,0.0,0.0,0.0,0.0
R03,14,868,0,0.0,0.0,0.0,0.0
R03,14,869,0,0.0,0.0,0.0,0.0
R03,14,870,0,0.0,0.0,0.0,0.0
R03,14,871,0,0.0,0.0,0.0,0.0
R03,14,872,0,0.0,0.0,0.0,0.0
R03,14,873,0,0.0,0.0,0.0,0.0
R03,14,874,0,0.0,0.0,0.0,0.0
R03,14,875,0,0.0,0.0,0.0,0.0
R03,14,876,0,0.0,0.0,0.0,0.0
R03,14,877,0,0.0,0.0,0.0,0.0
R03,14,878,0,0.0,0.0,0.0,0.0
R03,14,879,0,0.0,0.0,0.0,0.0
R03,14,880,0,0.0,0.0,0.0,0.0
R03,14,881,0,0.0,0.0,0.0,0.0
R03,14,882,0,0.0,0.0,0.0,0.0
R03,14,883,0,0.0,0.0,0.0,0.0
R03,14,884,0,0.0,0.0,0.0,0.0
R03,14,885,0,0.0,0.0,0.0,0.0
R03,14,886,0,0.0,0.0,0.0,0.0
R03,14,887,0,0.0,0.0,0.0,0.0
R03,14,888,0,0.0,0.0,0.0,0.0
R03,14,889,0,0.0,0.0,0.0,0.0
R03,14,890,0,0.0,0.0,0.0,0.0
R03,14,891,0,0.0,0.0,0.0,0.0
R03,14,892,0,0.0,0.0,0.0,0.0
R03,14,893,0,0.0,0.0,0.0,0.0
R03,14,894,0,0.0,0.0,0.0,0.0
R03,14,895,0,0.0,0.0,0.0,0.0
R03,14,896,0,0.0,0.0,0.0,0.0
R03,14,897,0,0.0,0.0,0.0,0.0
R03,14,898,0,0.0,0.0,0.0,0.0
R03,14,899,0,0.0,0.0,0.0,0.0
R03,14,900,0,0.0,0.0,0.0,0.0
R03,14,901,0,0.0,0.0,0.0,0.0
R03,14,902,0,0.0,0.0,0.0,0.0
R03,14,903,0,0.0,0.0,0.0,0.0
R03,14,904,0,0.0,0.0,0.0,0.0
R03,14,905,0,0.0,0.0,0.0,0.0
R03,14,906,0,0.0,0.0,0.0,0.0
R03,14,907,0,0.0,0.0,0.0,0.0
R03,15,0,0,0.0,0.0,0.0,0.0
R03,15,1,0,0.0,0.0,0.0,0.0
R03,15,2,0,0.0,0.0,0.0,0.0
R03,15,3,0,0.0,0.0,0.0,0.0
R03,15,4,0,0.0,0.0,0.0,0.0
R03,15,5,0,0.0,0.0,0.0,0.0
R03,15,6,0,0.0,0.0,0.0,0.0
R03,15,7,0,0.0,0.0,0.0,0.0
R03,15,8,0,0.0,0.0,0.0,0.0
R03,15,9,0,0.0,0.0,0.0,0.0
R03,15,10,0,0.0,0.0,0.0,0.0
R03,15,11,0,0.0,0.0,0.0,0.0
R03,15,12,0,0.0,0.0,0.0,0.0
R03,15,13,0,0.0,0.0,0.0,0.0
R03,15,14,0,0.0,0.0,0.0,0.0
R03,15,15,0,0.0,0.0,0.0,0.0
R03,15,16,0,0.0,0.0,0.0,0.0
R03,15,17,0,0.0,0.0,0.0,0.0
R03,15,18,0,0.0,0.0,0.0,0.0
R03,15,19,0,0.0,0.0,0.0,0.0
R03,15,20,0,0.0,0.0,0.0,0.0
R03,15,21,0,0.0,0.0,0.0,0.0
R03,15,22,0,0.0,0.0,0.0,0.0
R03,15,23,0,0.0,0.0,0.0,0.0
R03,15,24,0,0.0,0.0,0.0,0.0
R03,15,25,0,0.0,0.0,0.0,0.0
R03,15,26,0,0.0,0.0,0.0,0.0
R03,15,27,0,0.0,0.0,0.0,0.0
R03,15,28,0,0.0,0.0,0.0,0.0
R03,15,29,0,0.0,0.0,0.0,0.0
R03,15,30,0,0.0,0.0,0.0,0.0
R03,15,31,0,0.0,0.0,0.0,0.0
R03,15,32,0,0.0,0.0,0.0,0.0
R03,15,33,0,0.0,0.0,0.0,0.0
R03,15,34,0,0.0,0.0,0.0,0.0
R03,15,35,0,0.0,0.0,0.0,0.0
R03,15,36,0,0.0,0.0,0.0,0.0
R03,15,37,0,0.0,0.0,0.0,0.0
R03,15,38,0,0.0,0.0,0.0,0.0
R03,15,39,0,0.0,0.0,0.0,0.0
R03,15,40,0,0.0,0.0,0.0,0.0
R03,15,41,0,0.0,0.0,0.0,0.0
R03,15,42,0,0.0,0.0,0.0,0.0
R03,15,43,0,0.0,0.0,0.0,0.0
R03,15,44,0,0.0,0.0,0.0,0.0
R03,15,45,0,0.0,0.0,0.0,0.0
R03,15,46,0,0.0,0.0,0.0,0.0
R03,15,47,0,0.0,0.0,0.0,0.0
R03,15,48,0,0.0,0.0,0.0,0.0
R03,15,49,0,0.0,0.0,0.0,0.0
R03,15,50,0,0.0,0.0,0.0,0.0
R03,15,51,0,0.0,0.0,0.0,0.0
R03,15,52,0,0.0,0.0,0.0,0.0
R03,15,53,0,0.0,0.0,0.0,0.0
R03,15,54,0,0.0,0.0,0.0,0.0
R03,15,55,0,0.0,0.0,0.0,0.0
R03,15,56,0,0.0,0.0,0.0,0.0
R03,15,57,0,0.0,0.0,0.0,0.0
R03,15,58,0,0.0,0.0,0.0,0.0
R03,15,59,0,0.0,0.0,0.0,0.0
R03,15,60,0,0.0,0.0,0.0,0.0
R03,15,61,0,0.0,0.0,0.0,0.0
R03,15,62,0,0.0,0.0,0.0,0.0
R03,15,63,0,0.0,0.0,0.0,0.0
R03,15,64,0,0.0,0.0,0.0,0.0
R03,15,65,0,0.0,0.0,0.0,0.0
R03,15,66,0,0.0,0.0,0.0,0.0
R03,15,67,0,0.0,0.0,0.0,0.0
R03,15,68,0,0.0,0.0,0.0,0.0
R03,15,69,0,0.0,0.0,0.0,0.0
R03,15,70,0,0.0,0.0,0.0,0.0
R03,15,71,0,0.0,0.0,0.0,0.0
R03,15,72,0,0.0,0.0,0.0,0.0
R03,15,73,0,0.0,0.0,0.0,0.0
R03,15,74,0,0.0,0.0,0.0,0.0
R03,15,75,0,0.0,0.0,0.0,0.0
R03,15,76,0,0.0,0.0,0.0,0.0
R03,15,77,0,0.0,0.0,0.0,0.0
R03,15,78,0,0.0,0.0,0.0,0.0
R03,15,79,0,0.0,0.0,0.0,0.0
R03,15,80,0,0.0,0.0,0.0,0.0
R03,15,81,0,0.0,0.0,0.0,0.0
R03,15,82,0,0.0,0.0,0.0,0.0
R03,15,83,0,0.0,0.0,0.0,0.0
R03,15,84,0,0.0,0.0,0.0,0.0
R03,15,85,0,0.0,0.0,0.0,0.0
R03,15,86,0,0.0,0.0,0.0,0.0
R03,15,87,0,0.0,0.0,0.0,0.0
R03,15,88,0,0.0,0.0,0.0,0.0
R03,15,89,0,0.0,0.0,0.0,0.0
R03,15,90,0,0.0,0.0,0.0,0.0
R03,15,91,0,0.0,0.0,0.0,0.0
R03,15,92,0,0.0,0.0,0.0,0.0
R03,15,93,0,0.0,0.0,0.0,0.0
R03,15,94,0,0.0,0.0,0.0,0.0
R03,15,95,0,0.0,0.0,0.0,0.0
R03,15,96,0,0.0,0.0,0.0,0.0
R03,15,97,0,0.0,0.0,0.0,0.0
R03,15,98,0,0.0,0.0,0.0,0.0
R03,15,99,0,0.0,0.0,0.0,0.0
R03,15,100,0,0.0,0.0,0.0,0.0
R03,15,101,0,0.0,0.0,0.0,0.0
R03,15,102,0,0.0,0.0,0.0,0.0
R03,15,103,0,0.0,0.0,0.0,0.0
R03,15,104,0,0.0,0.0,0.0,0.0
R03,15,105,0,0.0,0.0,0.0,0.0
R03,15,106,0,0.0,0.0,0.0,0.0
R03,15,107,0,0.0,0.0,0.0,0.0
R03,15,108,0,0.0,0.0,0.0,0.0
R03,15,109,0,0.0,0.0,0.0,0.0
R03,15,110,0,0.0,0.0,0.0,0.0
R03,15,111,0,0.0,0.0,0.0,0.0
R03,15,112,0,0.0,0.0,0.0,0.0
R03,15,113,0,0.0,0.0,0.0,0.0
R03,15,114,0,0.0,0.0,0.0,0.0
R03,15,115,0,0.0,0.0,0.0,0.0
R03,15,116,0,0.0,0.0,0.0,0.0
R03,15,117,0,0.0,0.0,0.0,0.0
R03,15,118,0,0.0,0.0,0.0,0.0
R03,15,119,0,0.0,0.0,0.0,0.0
R03,15,120,0,0.0,0.0,0.0,0.0
R03,15,121,0,0.0,0.0,0.0,0.0
R03,15,122,0,0.0,0.0,0.0,0.0
R03,15,123,0,0.0,0.0,0.0,0.0
R03,15,124,0,0.0,0.0,0.0,0.0
R03,15,125,0,0.0,0.0,0.0,0.0
R03,15,126,0,0.0,0.0,0.0,0.0
R03,15,127,0,0.0,0.0,0.0,0.0
R03,15,128,0,0.0,0.0,0.0,0.0
R03,15,129,0,0.0,0.0,0.0,0.0
R03,15,130,0,0.0,0.0,0.0,0.0
R03,15,131,0,0.0,0.0,0.0,0.0
R03,15,132,0,0.0,0.0,0.0,0.0
R03,15,133,0,0.0,0.0,0.0,0.0
R03,15,134,0,0.0,0.0,0.0,0.0
R03,15,135,0,0.0,0.0,0.0,0.0
R03,15,136,0,0.0,0.0,0.0,0.0
R03,15,137,0,0.0,0.0,0.0,0.0
R03,15,138,0,0.0,0.0,0.0,0.0
R03,15,139,0,0.0,0.0,0.0,0.0
R03,15,140,0,0.0,0.0,0.0,0.0
R03,15,141,0,0.0,0.0,0.0,0.0
R03,15,142,0,0.0,0.0,0.0,0.0
R03,15,143,0,0.0,0.0,0.0,0.0
R03,15,144,0,0.0,0.0,0.0,0.0
R03,15,145,0,0.0,0.0,0.0,0.0
R03,15,146,0,0.0,0.0,0.0,0.0
R03,15,147,0,0.0,0.0,0.0,0.0
R03,15,148,0,0.0,0.0,0.0,0.0
R03,15,149,0,0.0,0.0,0.0,0.0
R03,15,150,0,0.0,0.0,0.0,0.0
R03,15,151,0,0.0,0.0,0.0,0.0
R03,15,152,0,0.0,0.0,0.0,0.0
R03,15,153,0,0.0,0.0,0.0,0.0
R03,15,154,0,0.0,0.0,0.0,0.0
R03,15,155,0,0.0,0.0,0.0,0.0
R03,15,156,0,0.0,0.0,0.0,0.0
R03,15,157,0,0.0,0.0,0.0,0.0
R03,15,158,0,0.0,0.0,0.0,0.0
R03,15,159,0,0.0,0.0,0.0,0.0
R03,15,160,0,0.0,0.0,0.0,0.0
R03,15,161,0,0.0,0.0,0.0,0.0
R03,15,162,0,0.0,0.0,0.0,0.0
R03,15,163,0,0.0,0.0,0.0,0.0
R03,15,164,0,0.0,0.0,0.0,0.0
R03,15,165,0,0.0,0.0,0.0,0.0
R03,15,166,0,0.0,0.0,0.0,0.0
R03,15,167,0,0.0,0.0,0.0,0.0
R03,15,168,0,0.0,0.0,0.0,0.0
R03,15,169,0,0.0,0.0,0.0,0.0
R03,15,170,0,0.0,0.0,0.0,0.0
R03,15,171,0,0.0,0.0,0.0,0.0
R03,15,172,0,0.0,0.0,0.0,0.0
R03,15,173,0,0.0,0.0,0.0,0.0
R03,15,174,0,0.0,0.0,0.0,0.0
R03,15,175,0,0.0,0.0,0.0,0.0
R03,15,176,0,0.0,0.0,0.0,0.0
R03,15,177,0,0.0,0.0,0.0,0.0
R03,15,178,0,0.0,0.0,0.0,0.0
R03,15,179,0,0.0,0.0,0.0,0.0
R03,15,180,0,0.0,0.0,0.0,0.0
R03,15,181,0,0.0,0.0,0.0,0.0
R03,15,182,0,0.0,0.0,0.0,0.0
R03,15,183,0,0.0,0.0,0.0,0.0
R03,15,184,0,0.0,0.0,0.0,0.0
R03,15,185,0,0.0,0.0,0.0,0.0
R03,15,186,0,0.0,0.0,0.0,0.0
R03,15,187,0,0.0,0.0,0.0,0.0
R03,15,188,0,0.0,0.0,0.0,0.0
R03,15,189,0,0.0,0.0,0.0,0.0
R03,15,190,0,0.0,0.0,0.0,0.0
R03,15,191,0,0.0,0.0,0.0,0.0
R03,15,192,0,0.0,0.0,0.0,0.0
R03,15,193,0,0.0,0.0,0.0,0.0
R03,15,194,0,0.0,0.0,0.0,0.0
R03,15,195,0,0.0,0.0,0.0,0.0
R03,15,196,0,0.0,0.0,0.0,0.0
R03,15,197,0,0.0,0.0,0.0,0.0
R03,15,198,0,0.0,0.0,0.0,0.0
R03,15,199,0,0.0,0.0,0.0,0.0
R03,15,200,0,0.0,0.0,0.0,0.0
R03,15,201,0,0.0,0.0,0.0,0.0
R03,15,202,0,0.0,0.0,0.0,0.0
R03,15,203,0,0.0,0.0,0.0,0.0
R03,15,204,0,0.0,0.0,0.0,0.0
R03,15,205,0,0.0,0.0,0.0,0.0
R03,15,206,0,0.0,0.0,0.0,0.0
R03,15,207,0,0.0,0.0,0.0,0.0
R03,15,208,0,0.0,0.0,0.0,0.0
R03,15,209,0,0.0,0.0,0.0,0.0
R03,15,210,0,0.0,0.0,0.0,0.0
R03,15,211,0,0.0,0.0,0.0,0.0
R03,15,212,0,0.0,0.0,0.0,0.0
R03,15,213,0,0.0,0.0,0.0,0.0
R03,15,214,0,0.0,0.0,0.0,0.0
R03,15,215,0,0.0,0.0,0.0,0.0
R03,15,216,0,0.0,0.0,0.0,0.0
R03,15,217,0,0.0,0.0,0.0,0.0
R03,15,218,0,0.0,0.0,0.0,0.0
R03,15,219,0,0.0,0.0,0.0,0.0
R03,15,220,0,0.0,0.0,0.0,0.0
R03,15,221,0,0.0,0.0,0.0,0.0
R03,15,222,0,0.0,0.0,0.0,0.0
R03,15,223,0,0.0,0.0,0.0,0.0
R03,15,224,0,0.0,0.0,0.0,0.0
R03,15,225,0,0.0,0.0,0.0,0.0
R03,15,226,0,0.0,0.0,0.0,0.0
R03,15,227,0,0.0,0.0,0.0,0.0
R03,15,228,0,0.0,0.0,0.0,0.0
R03,15,229,0,0.0,0.0,0.0,0.0
R03,15,230,0,0.0,0.0,0.0,0.0
R03,15,231,0,0.0,0.0,0.0,0.0
R03,15,232,0,0.0,0.0,0.0,0.0
R03,15,233,0,0.0,0.0,0.0,0.0
R03,15,234,0,0.0,0.0,0.0,0.0
R03,15,235,0,0.0,0.0,0.0,0.0
R03,15,236,0,0.0,0.0,0.0,0.0
R03,15,237,0,0.0,0.0,0.0,0.0
R03,15,238,0,0.0,0.0,0.0,0.0
R03,15,239,0,0.0,0.0,0.0,0.0
R03,15,240,0,0.0,0.0,0.0,0.0
R03,15,241,0,0.0,0.0,0.0,0.0
R03,15,242,0,0.0,0.0,0.0,0.0
R03,15,243,0,0.0,0.0,0.0,0.0
R03,15,244,0,0.0,0.0,0.0,0.0
R03,15,245,0,0.0,0.0,0.0,0.0
R03,15,246,0,0.0,0.0,0.0,0.0
R03,15,247,0,0.0,0.0,0.0,0.0
R03,15,248,0,0.0,0.0,0.0,0.0
R03,15,249,0,0.0,0.0,0.0,0.0
R03,15,250,0,0.0,0.0,0.0,0.0
R03,15,251,0,0.0,0.0,0.0,0.0
R03,15,252,0,0.0,0.0,0.0,0.0
R03,15,253,0,0.0,0.0,0.0,0.0
R03,15,254,0,0.0,0.0,0.0,0.0
R03,15,255,0,0.0,0.0,0.0,0.0
R03,15,256,0,0.0,0.0,0.0,0.0
R03,15,257,0,0.0,0.0,0.0,0.0
R03,15,258,0,0.0,0.0,0.0,0.0
R03,15,259,0,0.0,0.0,0.0,0.0
R03,15,260,0,0.0,0.0,0.0,0.0
R03,15,261,0,0.0,0.0,0.0,0.0
R03,15,262,0,0.0,0.0,0.0,0.0
R03,15,263,0,0.0,0.0,0.0,0.0
R03,15,264,0,0.0,0.0,0.0,0.0
R03,15,265,0,0.0,0.0,0.0,0.0
R03,15,266,0,0.0,0.0,0.0,0.0
R03,15,267,0,0.0,0.0,0.0,0.0
R03,15,268,0,0.0,0.0,0.0,0.0
R03,15,269,0,0.0,0.0,0.0,0.0
R03,15,270,0,0.0,0.0,0.0,0.0
R03,15,271,0,0.0,0.0,0.0,0.0
R03,15,272,0,0.0,0.0,0.0,0.0
R03,15,273,0,0.0,0.0,0.0,0.0
R03,15,274,0,0.0,0.0,0.0,0.0
R03,15,275,0,0.0,0.0,0.0,0.0
R03,15,276,0,0.0,0.0,0.0,0.0
R03,15,277,0,0.0,0.0,0.0,0.0
R03,15,278,0,0.0,0.0,0.0,0.0
R03,15,279,0,0.0,0.0,0.0,0.0
R03,15,280,0,0.0,0.0,0.0,0.0
R03,15,281,0,0.0,0.0,0.0,0.0
R03,15,282,0,0.0,0.0,0.0,0.0
R03,15,283,0,0.0,0.0,0.0,0.0
R03,15,284,0,0.0,0.0,0.0,0.0
R03,15,285,0,0.0,0.0,0.0,0.0
R03,15,286,0,0.0,0.0,0.0,0.0
R03,15,287,0,0.0,0.0,0.0,0.0
R03,15,288,0,0.0,0.0,0.0,0.0
R03,15,289,0,0.0,0.0,0.0,0.0
R03,15,290,0,0.0,0.0,0.0,0.0
R03,15,291,0,0.0,0.0,0.0,0.0
R03,15,292,0,0.0,0.0,0.0,0.0
R03,15,293,0,0.0,0.0,0.0,0.0
R03,15,294,0,0.0,0.0,0.0,0.0
R03,15,295,0,0.0,0.0,0.0,0.0
R03,15,296,0,0.0,0.0,0.0,0.0
R03,15,297,0,0.0,0.0,0.0,0.0
R03,15,298,0,0.0,0.0,0.0,0.0
R03,15,299,0,0.0,0.0,0.0,0.0
R03,15,300,0,0.0,0.0,0.0,0.0
R03,15,301,0,0.0,0.0,0.0,0.0
R03,15,302,0,0.0,0.0,0.0,0.0
R03,15,303,0,0.0,0.0,0.0,0.0
R03,15,304,0,0.0,0.0,0.0,0.0
R03,15,305,0,0.0,0.0,0.0,0.0
R03,15,306,0,0.0,0.0,0.0,0.0
R03,15,307,0,0.0,0.0,0.0,0.0
R03,15,308,0,0.0,0.0,0.0,0.0
R03,15,309,0,0.0,0.0,0.0,0.0
R03,15,310,0,0.0,0.0,0.0,0.0
R03,15,311,0,0.0,0.0,0.0,0.0
R03,15,312,0,0.0,0.0,0.0,0.0
R03,15,313,0,0.0,0.0,0.0,0.0
R03,15,314,0,0.0,0.0,0.0,0.0
R03,15,315,0,0.0,0.0,0.0,0.0
R03,15,316,0,0.0,0.0,0.0,0.0
R03,15,317,0,0.0,0.0,0.0,0.0
R03,15,318,0,0.0,0.0,0.0,0.0
R03,15,319,0,0.0,0.0,0.0,0.0
R03,15,320,0,0.0,0.0,0.0,0.0
R03,15,321,0,0.0,0.0,0.0,0.0
R03,15,322,0,0.0,0.0,0.0,0.0
R03,15,323,0,0.0,0.0,0.0,0.0
R03,15,324,0,0.0,0.0,0.0,0.0
R03,15,325,0,0.0,0.0,0.0,0.0
R03,15,326,0,0.0,0.0,0.0,0.0
R03,15,327,0,0.0,0.0,0.0,0.0
R03,15,328,0,0.0,0.0,0.0,0.0
R03,15,329,0,0.0,0.0,0.0,0.0
R03,15,330,0,0.0,0.0,0.0,0.0
R03,15,331,0,0.0,0.0,0.0,0.0
R03,15,332,0,0.0,0.0,0.0,0.0
R03,15,333,0,0.0,0.0,0.0,0.0
R03,15,334,0,0.0,0.0,0.0,0.0
R03,15,335,0,0.0,0.0,0.0,0.0
R03,15,336,0,0.0,0.0,0.0,0.0
R03,15,337,0,0.0,0.0,0.0,0.0
R03,15,338,0,0.0,0.0,0.0,0.0
R03,15,339,0,0.0,0.0,0.0,0.0
R03,15,340,0,0.0,0.0,0.0,0.0
R03,15,341,0,0.0,0.0,0.0,0.0
R03,15,342,0,0.0,0.0,0.0,0.0
R03,15,343,0,0.0,0.0,0.0,0.0
R03,15,344,0,0.0,0.0,0.0,0.0
R03,15,345,0,0.0,0.0,0.0,0.0
R03,15,346,0,0.0,0.0,0.0,0.0
R03,15,347,0,0.0,0.0,0.0,0.0
R03,15,348,0,0.0,0.0,0.0,0.0
R03,15,349,0,0.0,0.0,0.0,0.0
R03,15,350,0,0.0,0.0,0.0,0.0
R03,15,351,0,0.0,0.0,0.0,0.0
R03,15,352,0,0.0,0.0,0.0,0.0
R03,15,353,0,0.0,0.0,0.0,0.0
R03,15,354,0,0.0,0.0,0.0,0.0
R03,15,355,0,0.0,0.0,0.0,0.0
R03,15,356,0,0.0,0.0,0.0,0.0
R03,15,357,0,0.0,0.0,0.0,0.0
R03,15,358,0,0.0,0.0,0.0,0.0
R03,15,359,0,0.0,0.0,0.0,0.0
R03,15,360,0,0.0,0.0,0.0,0.0
R03,15,361,0,0.0,0.0,0.0,0.0
R03,15,362,0,0.0,0.0,0.0,0.0
R03,15,363,0,0.0,0.0,0.0,0.0
R03,15,364,0,0.0,0.0,0.0,0.0
R03,15,365,0,0.0,0.0,0.0,0.0
R03,15,366,0,0.0,0.0,0.0,0.0
R03,15,367,0,0.0,0.0,0.0,0.0
R03,15,368,0,0.0,0.0,0.0,0.0
R03,15,369,0,0.0,0.0,0.0,0.0
R03,15,370,0,0.0,0.0,0.0,0.0
R03,15,371,0,0.0,0.0,0.0,0.0
R03,15,372,0,0.0,0.0,0.0,0.0
R03,15,373,0,0.0,0.0,0.0,0.0
R03,15,374,0,0.0,0.0,0.0,0.0
R03,15,375,0,0.0,0.0,0.0,0.0
R03,15,376,0,0.0,0.0,0.0,0.0
R03,15,377,0,0.0,0.0,0.0,0.0
R03,15,378,0,0.0,0.0,0.0,0.0
R03,15,379,0,0.0,0.0,0.0,0.0
R03,15,380,0,0.0,0.0,0.0,0.0
R03,15,381,0,0.0,0.0,0.0,0.0
R03,15,382,0,0.0,0.0,0.0,0.0
R03,15,383,0,0.0,0.0,0.0,0.0
R03,15,384,0,0.0,0.0,0.0,0.0
R03,15,385,0,0.0,0.0,0.0,0.0
R03,15,386,0,0.0,0.0,0.0,0.0
R03,15,387,0,0.0,0.0,0.0,0.0
R03,15,388,0,0.0,0.0,0.0,0.0
R03,15,389,0,0.0,0.0,0.0,0.0
R03,15,390,0,0.0,0.0,0.0,0.0
R03,15,391,0,0.0,0.0,0.0,0.0
R03,15,392,0,0.0,0.0,0.0,0.0
R03,15,393,0,0.0,0.0,0.0,0.0
R03,15,394,0,0.0,0.0,0.0,0.0
R03,15,395,0,0.0,0.0,0.0,0.0
R03,15,396,0,0.0,0.0,0.0,0.0
R03,15,397,0,0.0,0.0,0.0,0.0
R03,15,398,0,0.0,0.0,0.0,0.0
R03,15,399,0,0.0,0.0,0.0,0.0
R03,15,400,0,0.0,0.0,0.0,0.0
R03,15,401,0,0.0,0.0,0.0,0.0
R03,15,402,0,0.0,0.0,0.0,0.0
R03,15,403,0,0.0,0.0,0.0,0.0
R03,15,404,0,0.0,0.0,0.0,0.0
R03,15,405,0,0.0,0.0,0.0,0.0
R03,15,406,0,0.0,0.0,0.0,0.0
R03,15,407,0,0.0,0.0,0.0,0.0
R03,15,408,0,0.0,0.0,0.0,0.0
R03,15,409,0,0.0,0.0,0.0,0.0
R03,15,410,0,0.0,0.0,0.0,0.0
R03,15,411,0,0.0,0.0,0.0,0.0
R03,15,412,0,0.0,0.0,0.0,0.0
R03,15,413,0,0.0,0.0,0.0,0.0
R03,15,414,0,0.0,0.0,0.0,0.0
R03,15,415,0,0.0,0.0,0.0,0.0
R03,15,416,0,0.0,0.0,0.0,0.0
R03,15,417,0,0.0,0.0,0.0,0.0
R03,15,418,0,0.0,0.0,0.0,0.0
R03,15,419,0,0.0,0.0,0.0,0.0
R03,15,420,0,0.0,0.0,0.0,0.0
R03,15,421,0,0.0,0.0,0.0,0.0
R03,15,422,0,0.0,0.0,0.0,0.0
R03,15,423,0,0.0,0.0,0.0,0.0
R03,15,424,0,0.0,0.0,0.0,0.0
R03,15,425,0,0.0,0.0,0.0,0.0
R03,15,426,0,0.0,0.0,0.0,0.0
R03,15,427,0,0.0,0.0,0.0,0.0
R03,15,428,0,0.0,0.0,0.0,0.0
R03,15,429,0,0.0,0.0,0.0,0.0
R03,15,430,0,0.0,0.0,0.0,0.0
R03,15,431,0,0.0,0.0,0.0,0.0
R03,15,432,0,0.0,0.0,0.0,0.0
R03,15,433,0,0.0,0.0,0.0,0.0
R03,15,434,0,0.0,0.0,0.0,0.0
R03,15,435,0,0.0,0.0,0.0,0.0
R03,15,436,0,0.0,0.0,0.0,0.0
R03,15,437,0,0.0,0.0,0.0,0.0
R03,15,438,0,0.0,0.0,0.0,0.0
R03,15,439,0,0.0,0.0,0.0,0.0
R03,15,440,0,0.0,0.0,0.0,0.0
R03,15,441,0,0.0,0.0,0.0,0.0
R03,15,442,0,0.0,0.0,0.0,0.0
R03,15,443,0,0.0,0.0,0.0,0.0
R03,15,444,0,0.0,0.0,0.0,0.0
R03,15,445,0,0.0,0.0,0.0,0.0
R03,15,446,0,0.0,0.0,0.0,0.0
R03,15,447,0,0.0,0.0,0.0,0.0
R03,15,448,0,0.0,0.0,0.0,0.0
R03,15,449,0,0.0,0.0,0.0,0.0
R03,15,450,0,0.0,0.0,0.0,0.0
R03,15,451,0,0.0,0.0,0.0,0.0
R03,15,452,0,0.0,0.0,0.0,0.0
R03,15,453,0,0.0,0.0,0.0,0.0
R03,15,454,0,0.0,0.0,0.0,0.0
R03,15,455,0,0.0,0.0,0.0,0.0
R03,15,456,0,0.0,0.0,0.0,0.0
R03,15,457,0,0.0,0.0,0.0,0.0
R03,15,458,0,0.0,0.0,0.0,0.0
R03,15,459,0,0.0,0.0,0.0,0.0
R03,15,460,0,0.0,0.0,0.0,0.0
R03,15,461,0,0.0,0.0,0.0,0.0
R03,15,462,0,0.0,0.0,0.0,0.0
R03,15,463,0,0.0,0.0,0.0,0.0
R03,15,464,0,0.0,0.0,0.0,0.0
R03,15,465,0,0.0,0.0,0.0,0.0
R03,15,466,0,0.0,0.0,0.0,0.0
R03,15,467,0,0.0,0.0,0.0,0.0
R03,15,468,0,0.0,0.0,0.0,0.0
R03,15,469,0,0.0,0.0,0.0,0.0
R03,15,470,0,0.0,0.0,0.0,0.0
R03,15,471,0,0.0,0.0,0.0,0.0
R03,15,472,0,0.0,0.0,0.0,0.0
R03,15,473,0,0.0,0.0,0.0,0.0
R03,15,474,0,0.0,0.0,0.0,0.0
R03,15,475,0,0.0,0.0,0.0,0.0
R03,15,476,0,0.0,0.0,0.0,0.0
R03,15,477,0,0.0,0.0,0.0,0.0
R03,15,478,0,0.0,0.0,0.0,0.0
R03,15,479,0,0.0,0.0,0.0,0.0
R03,15,480,0,0.0,0.0,0.0,0.0
R03,15,481,0,0.0,0.0,0.0,0.0
R03,15,482,0,0.0,0.0,0.0,0.0
R03,15,483,0,0.0,0.0,0.0,0.0
R03,15,484,0,0.0,0.0,0.0,0.0
R03,15,485,0,0.0,0.0,0.0,0.0
R03,15,486,0,0.0,0.0,0.0,0.0
R03,15,487,0,0.0,0.0,0.0,0.0
R03,15,488,0,0.0,0.0,0.0,0.0
R03,15,489,0,0.0,0.0,0.0,0.0
R03,15,490,0,0.0,0.0,0.0,0.0
R03,15,491,0,0.0,0.0,0.0,0.0
R03,15,492,0,0.0,0.0,0.0,0.0
R03,15,493,0,0.0,0.0,0.0,0.0
R03,15,494,0,0.0,0.0,0.0,0.0
R03,15,495,0,0.0,0.0,0.0,0.0
R03,15,496,0,0.0,0.0,0.0,0.0
R03,15,497,0,0.0,0.0,0.0,0.0
R03,15,498,0,0.0,0.0,0.0,0.0
R03,15,499,0,0.0,0.0,0.0,0.0
R03,15,500,0,0.0,0.0,0.0,0.0
R03,15,501,0,0.0,0.0,0.0,0.0
R03,15,502,0,0.0,0.0,0.0,0.0
R03,15,503,0,0.0,0.0,0.0,0.0
R03,15,504,0,0.0,0.0,0.0,0.0
R03,15,505,0,0.0,0.0,0.0,0.0
R03,15,506,0,0.0,0.0,0.0,0.0
R03,15,507,0,0.0,0.0,0.0,0.0
R03,15,508,0,0.0,0.0,0.0,0.0
R03,15,509,0,0.0,0.0,0.0,0.0
R03,15,510,0,0.0,0.0,0.0,0.0
R03,15,511,0,0.0,0.0,0.0,0.0
R03,15,512,0,0.0,0.0,0.0,0.0
R03,15,513,0,0.0,0.0,0.0,0.0
R03,15,514,0,0.0,0.0,0.0,0.0
R03,15,515,0,0.0,0.0,0.0,0.0
R03,15,516,0,0.0,0.0,0.0,0.0
R03,15,517,0,0.0,0.0,0.0,0.0
R03,15,518,0,0.0,0.0,0.0,0.0
R03,15,519,0,0.0,0.0,0.0,0.0
R03,15,520,0,0.0,0.0,0.0,0.0
R03,15,521,0,0.0,0.0,0.0,0.0
R03,15,522,0,0.0,0.0,0.0,0.0
R03,15,523,0,0.0,0.0,0.0,0.0
R03,15,524,0,0.0,0.0,0.0,0.0
R03,15,525,0,0.0,0.0,0.0,0.0
R03,15,526,0,0.0,0.0,0.0,0.0
R03,15,527,0,0.0,0.0,0.0,0.0
R03,15,528,0,0.0,0.0,0.0,0.0
R03,15,529,0,0.0,0.0,0.0,0.0
R03,15,530,0,0.0,0.0,0.0,0.0
R03,15,531,0,0.0,0.0,0.0,0.0
R03,15,532,0,0.0,0.0,0.0,0.0
R03,15,533,0,0.0,0.0,0.0,0.0
R03,15,534,0,0.0,0.0,0.0,0.0
R03,15,535,0,0.0,0.0,0.0,0.0
R03,15,536,0,0.0,0.0,0.0,0.0
R03,15,537,0,0.0,0.0,0.0,0.0
R03,15,538,0,0.0,0.0,0.0,0.0
R03,15,539,0,0.0,0.0,0.0,0.0
R03,15,540,0,0.0,0.0,0.0,0.0
R03,15,541,0,0.0,0.0,0.0,0.0
R03,15,542,0,0.0,0.0,0.0,0.0
R03,15,543,0,0.0,0.0,0.0,0.0
R03,15,544,0,0.0,0.0,0.0,0.0
R03,15,545,0,0.0,0.0,0.0,0.0
R03,15,546,0,0.0,0.0,0.0,0.0
R03,15,547,0,0.0,0.0,0.0,0.0
R03,15,548,0,0.0,0.0,0.0,0.0
R03,15,549,0,0.0,0.0,0.0,0.0
R03,15,550,0,0.0,0.0,0.0,0.0
R03,15,551,0,0.0,0.0,0.0,0.0
R03,15,552,0,0.0,0.0,0.0,0.0
R03,15,553,0,0.0,0.0,0.0,0.0
R03,15,554,0,0.0,0.0,0.0,0.0
R03,15,555,0,0.0,0.0,0.0,0.0
R03,15,556,0,0.0,0.0,0.0,0.0
R03,15,557,0,0.0,0.0,0.0,0.0
R03,15,558,0,0.0,0.0,0.0,0.0
R03,15,559,0,0.0,0.0,0.0,0.0
R03,15,560,0,0.0,0.0,0.0,0.0
R03,15,561,0,0.0,0.0,0.0,0.0
R03,15,562,0,0.0,0.0,0.0,0.0
R03,15,563,0,0.0,0.0,0.0,0.0
R03,15,564,0,0.0,0.0,0.0,0.0
R03,15,565,0,0.0,0.0,0.0,0.0
R03,15,566,0,0.0,0.0,0.0,0.0
R03,15,567,0,0.0,0.0,0.0,0.0
R03,15,568,0,0.0,0.0,0.0,0.0
R03,15,569,0,0.0,0.0,0.0,0.0
R03,15,570,0,0.0,0.0,0.0,0.0
R03,15,571,0,0.0,0.0,0.0,0.0
R03,15,572,0,0.0,0.0,0.0,0.0
R03,15,573,0,0.0,0.0,0.0,0.0
R03,15,574,0,0.0,0.0,0.0,0.0
R03,15,575,0,0.0,0.0,0.0,0.0
R03,15,576,0,0.0,0.0,0.0,0.0
R03,15,577,0,0.0,0.0,0.0,0.0
R03,15,578,0,0.0,0.0,0.0,0.0
R03,15,579,0,0.0,0.0,0.0,0.0
R03,15,580,0,0.0,0.0,0.0,0.0
R03,15,581,0,0.0,0.0,0.0,0.0
R03,15,582,0,0.0,0.0,0.0,0.0
R03,15,583,0,0.0,0.0,0.0,0.0
R03,15,584,0,0.0,0.0,0.0,0.0
R03,15,585,0,0.0,0.0,0.0,0.0
R03,15,586,0,0.0,0.0,0.0,0.0
R03,15,587,0,0.0,0.0,0.0,0.0
R03,15,588,0,0.0,0.0,0.0,0.0
R03,15,589,0,0.0,0.0,0.0,0.0
R03,15,590,0,0.0,0.0,0.0,0.0
R03,15,591,0,0.0,0.0,0.0,0.0
R03,15,592,0,0.0,0.0,0.0,0.0
R03,15,593,0,0.0,0.0,0.0,0.0
R03,15,594,0,0.0,0.0,0.0,0.0
R03,15,595,0,0.0,0.0,0.0,0.0
R03,15,596,0,0.0,0.0,0.0,0.0
R03,15,597,0,0.0,0.0,0.0,0.0
R03,15,598,0,0.0,0.0,0.0,0.0
R03,15,599,0,0.0,0.0,0.0,0.0
R03,15,600,0,0.0,0.0,0.0,0.0
R03,15,601,0,0.0,0.0,0.0,0.0
R03,15,602,0,0.0,0.0,0.0,0.0
R03,15,603,0,0.0,0.0,0.0,0.0
R03,15,604,0,0.0,0.0,0.0,0.0
R03,15,605,0,0.0,0.0,0.0,0.0
R03,15,606,0,0.0,0.0,0.0,0.0
R03,15,607,0,0.0,0.0,0.0,0.0
R03,15,608,0,0.0,0.0,0.0,0.0
R03,15,609,0,0.0,0.0,0.0,0.0
R03,15,610,0,0.0,0.0,0.0,0.0
R03,15,611,0,0.0,0.0,0.0,0.0
R03,15,612,0,0.0,0.0,0.0,0.0
R03,15,613,0,0.0,0.0,0.0,0.0
R03,15,614,0,0.0,0.0,0.0,0.0
R03,15,615,0,0.0,0.0,0.0,0.0
R03,15,616,0,0.0,0.0,0.0,0.0
R03,15,617,0,0.0,0.0,0.0,0.0
R03,15,618,0,0.0,0.0,0.0,0.0
R03,15,619,0,0.0,0.0,0.0,0.0
R03,15,620,1,0.0,0.0,0.0,0.0
R03,15,621,1,0.0,0.0,0.0,0.0
R03,15,622,1,0.0,0.0,0.0,0.0
R03,15,623,1,0.0,0.0,0.0,0.0
R03,15,624,1,0.0,0.0,0.0,0.0
R03,15,625,1,0.0,0.0,0.0,0.0
R03,15,626,1,0.0,0.0,0.0,0.0
R03,15,627,1,0.0,0.0,0.0,0.0
R03,15,628,1,0.0,0.0,0.0,0.0
R03,15,629,1,0.0,0.0,0.0,0.0
R03,15,630,1,0.0,0.0,0.0,0.0
R03,15,631,1,0.0,0.0,0.0,0.0
R03,15,632,1,0.0,0.0,0.0,0.0
R03,15,633,1,0.0,0.0,0.0,0.0
R03,15,634,1,0.0,0.0,0.0,0.0
R03,15,635,1,0.0,0.0,0.0,0.0
R03,15,636,1,0.0,0.0,0.0,0.0
R03,15,637,1,0.0,0.0,0.0,0.0
R03,15,638,1,0.0,0.0,0.0,0.0
R03,15,639,1,0.0,0.0,0.0,0.0
R03,15,640,1,0.0,0.0,0.0,0.0
R03,15,641,1,0.0,0.0,0.0,0.0
R03,15,642,1,0.0,0.0,0.0,0.0
R03,15,643,1,0.0,0.0,0.0,0.0
R03,15,644,1,0.0,0.0,0.0,0.0
R03,15,645,1,0.0,0.0,0.0,0.0
R03,15,646,1,0.0,0.0,0.0,0.0
R03,15,647,1,0.0,0.0,0.0,0.0
R03,15,648,1,0.0,0.0,0.0,0.0
R03,15,649,1,0.0,0.0,0.0,0.0
R03,15,650,1,0.0,0.0,0.0,0.0
R03,15,651,1,0.0,0.0,0.0,0.0
R03,15,652,1,0.0,0.0,0.0,0.0
R03,15,653,1,0.0,0.0,0.0,0.0
R03,15,654,1,0.0,0.0,0.0,0.0
R03,15,655,1,0.0,0.0,0.0,0.0
R03,15,656,1,0.0,0.0,0.0,0.0
R03,15,657,1,0.0,0.0,0.0,0.0
R03,15,658,1,0.0,0.0,0.0,0.0
R03,15,659,1,0.0,0.0,0.0,0.0
R03,15,660,1,0.0,0.0,0.0,0.0
R03,15,661,1,0.0,0.0,0.0,0.0
R03,15,662,1,0.0,0.0,0.0,0.0
R03,15,663,1,0.0,0.0,0.0,0.0
R03,15,664,1,0.0,0.0,0.0,0.0
R03,15,665,1,0.0,0.0,0.0,0.0
R03,15,666,1,0.0,0.0,0.0,0.0
R03,15,667,1,0.0,0.0,0.0,0.0
R03,15,668,1,0.0,0.0,0.0,0.0
R03,15,669,1,0.0,0.0,0.0,0.0
R03,15,670,1,0.0,0.0,0.0,0.0
R03,15,671,1,0.0,0.0,0.0,0.0
R03,15,672,1,0.0,0.0,0.0,0.0
R03,15,673,1,0.0,0.0,0.0,0.0
R03,15,674,1,0.0,0.0,0.0,0.0
R03,15,675,1,0.0,0.0,0.0,0.0
R03,15,676,1,0.0,0.0,0.0,0.0
R03,15,677,1,0.0,0.0,0.0,0.0
R03,15,678,1,0.0,0.0,0.0,0.0
R03,15,679,1,0.0,0.0,0.0,0.0
R03,15,680,1,0.0,0.0,0.0,0.0
R03,15,681,1,0.0,0.0,0.0,0.0
R03,15,682,1,0.0,0.0,0.0,0.0
R03,15,683,1,0.0,0.0,0.0,0.0
R03,15,684,1,0.0,0.0,0.0,0.0
R03,15,685,1,0.0,0.0,0.0,0.0
R03,15,686,1,0.0,0.0,0.0,0.0
R03,15,687,1,0.0,0.0,0.0,0.0
R03,15,688,1,0.0,0.0,0.0,0.0
R03,15,689,1,0.0,0.0,0.0,0.0
R03,15,690,1,0.0,0.0,0.0,0.0
R03,15,691,1,0.0,0.0,0.0,0.0
R03,16,0,0,0.0,0.0,0.0,0.0
R03,16,1,0,0.0,0.0,0.0,0.0
R03,16,2,0,0.0,0.0,0.0,0.0
R03,16,3,0,0.0,0.0,0.0,0.0
R03,16,4,0,0.0,0.0,0.0,0.0
R03,16,5,0,0.0,0.0,0.0,0.0
R03,16,6,0,0.0,0.0,0.0,0.0
R03,16,7,0,0.0,0.0,0.0,0.0
R03,16,8,0,0.0,0.0,0.0,0.0
R03,16,9,0,0.0,0.0,0.0,0.0
R03,16,10,0,0.0,0.0,0.0,0.0
R03,16,11,0,0.0,0.0,0.0,0.0
R03,16,12,0,0.0,0.0,0.0,0.0
R03,16,13,0,0.0,0.0,0.0,0.0
R03,16,14,0,0.0,0.0,0.0,0.0
R03,16,15,0,0.0,0.0,0.0,0.0
R03,16,16,0,0.0,0.0,0.0,0.0
R03,16,17,0,0.0,0.0,0.0,0.0
R03,16,18,0,0.0,0.0,0.0,0.0
R03,16,19,0,0.0,0.0,0.0,0.0
R03,16,20,0,0.0,0.0,0.0,0.0
R03,16,21,0,0.0,0.0,0.0,0.0
R03,16,22,0,0.0,0.0,0.0,0.0
R03,16,23,0,0.0,0.0,0.0,0.0
R03,16,24,0,0.0,0.0,0.0,0.0
R03,16,25,0,0.0,0.0,0.0,0.0
R03,16,26,0,0.0,0.0,0.0,0.0
R03,16,27,0,0.0,0.0,0.0,0.0
R03,16,28,0,0.0,0.0,0.0,0.0
R03,16,29,0,0.0,0.0,0.0,0.0
R03,16,30,0,0.0,0.0,0.0,0.0
R03,16,31,0,0.0,0.0,0.0,0.0
R03,16,32,0,0.0,0.0,0.0,0.0
R03,16,33,0,0.0,0.0,0.0,0.0
R03,16,34,0,0.0,0.0,0.0,0.0
R03,16,35,0,0.0,0.0,0.0,0.0
R03,16,36,0,0.0,0.0,0.0,0.0
R03,16,37,0,0.0,0.0,0.0,0.0
R03,16,38,0,0.0,0.0,0.0,0.0
R03,16,39,0,0.0,0.0,0.0,0.0
R03,16,40,0,0.0,0.0,0.0,0.0
R03,16,41,0,0.0,0.0,0.0,0.0
R03,16,42,0,0.0,0.0,0.0,0.0
R03,16,43,0,0.0,0.0,0.0,0.0
R03,16,44,0,0.0,0.0,0.0,0.0
R03,16,45,0,0.0,0.0,0.0,0.0
R03,16,46,0,0.0,0.0,0.0,0.0
R03,16,47,0,0.0,0.0,0.0,0.0
R03,16,48,0,0.0,0.0,0.0,0.0
R03,16,49,0,0.0,0.0,0.0,0.0
R03,16,50,0,0.0,0.0,0.0,0.0
R03,16,51,0,0.0,0.0,0.0,0.0
R03,16,52,0,0.0,0.0,0.0,0.0
R03,16,53,0,0.0,0.0,0.0,0.0
R03,16,54,0,0.0,0.0,0.0,0.0
R03,16,55,0,0.0,0.0,0.0,0.0
R03,16,56,0,0.0,0.0,0.0,0.0
R03,16,57,0,0.0,0.0,0.0,0.0
R03,16,58,0,0.0,0.0,0.0,0.0
R03,16,59,0,0.0,0.0,0.0,0.0
R03,16,60,0,0.0,0.0,0.0,0.0
R03,16,61,0,0.0,0.0,0.0,0.0
R03,16,62,0,0.0,0.0,0.0,0.0
R03,16,63,0,0.0,0.0,0.0,0.0
R03,16,64,0,0.0,0.0,0.0,0.0
R03,16,65,0,0.0,0.0,0.0,0.0
R03,16,66,0,0.0,0.0,0.0,0.0
R03,16,67,0,0.0,0.0,0.0,0.0
R03,16,68,0,0.0,0.0,0.0,0.0
R03,16,69,0,0.0,0.0,0.0,0.0
R03,16,70,0,0.0,0.0,0.0,0.0
R03,16,71,0,0.0,0.0,0.0,0.0
R03,16,72,0,0.0,0.0,0.0,0.0
R03,16,73,0,0.0,0.0,0.0,0.0
R03,16,74,0,0.0,0.0,0.0,0.0
R03,16,75,0,0.0,0.0,0.0,0.0
R03,16,76,0,0.0,0.0,0.0,0.0
R03,16,77,0,0.0,0.0,0.0,0.0
R03,16,78,0,0.0,0.0,0.0,0.0
R03,16,79,0,0.0,0.0,0.0,0.0
R03,16,80,0,0.0,0.0,0.0,0.0
R03,16,81,0,0.0,0.0,0.0,0.0
R03,16,82,0,0.0,0.0,0.0,0.0
R03,16,83,0,0.0,0.0,0.0,0.0
R03,16,84,0,0.0,0.0,0.0,0.0
R03,16,85,0,0.0,0.0,0.0,0.0
R03,16,86,0,0.0,0.0,0.0,0.0
R03,16,87,0,0.0,0.0,0.0,0.0
R03,16,88,0,0.0,0.0,0.0,0.0
R03,16,89,0,0.0,0.0,0.0,0.0
R03,16,90,0,0.0,0.0,0.0,0.0
R03,16,91,0,0.0,0.0,0.0,0.0
R03,16,92,0,0.0,0.0,0.0,0.0
R03,16,93,0,0.0,0.0,0.0,0.0
R03,16,94,0,0.0,0.0,0.0,0.0
R03,16,95,0,0.0,0.0,0.0,0.0
R03,16,96,0,0.0,0.0,0.0,0.0
R03,16,97,0,0.0,0.0,0.0,0.0
R03,16,98,0,0.0,0.0,0.0,0.0
R03,16,99,0,0.0,0.0,0.0,0.0
R03,16,100,0,0.0,0.0,0.0,0.0
R03,16,101,0,0.0,0.0,0.0,0.0
R03,16,102,0,0.0,0.0,0.0,0.0
R03,16,103,0,0.0,0.0,0.0,0.0
R03,16,104,0,0.0,0.0,0.0,0.0
R03,16,105,0,0.0,0.0,0.0,0.0
R03,16,106,0,0.0,0.0,0.0,0.0
R03,16,107,0,0.0,0.0,0.0,0.0
R03,16,108,0,0.0,0.0,0.0,0.0
R03,16,109,0,0.0,0.0,0.0,0.0
R03,16,110,0,0.0,0.0,0.0,0.0
R03,16,111,0,0.0,0.0,0.0,0.0
R03,16,112,0,0.0,0.0,0.0,0.0
R03,16,113,0,0.0,0.0,0.0,0.0
R03,16,114,0,0.0,0.0,0.0,0.0
R03,16,115,0,0.0,0.0,0.0,0.0
R03,16,116,0,0.0,0.0,0.0,0.0
R03,16,117,0,0.0,0.0,0.0,0.0
R03,16,118,0,0.0,0.0,0.0,0.0
R03,16,119,0,0.0,0.0,0.0,0.0
R03,16,120,0,0.0,0.0,0.0,0.0
R03,16,121,0,0.0,0.0,0.0,0.0
R03,16,122,0,0.0,0.0,0.0,0.0
R03,16,123,0,0.0,0.0,0.0,0.0
R03,16,124,0,0.0,0.0,0.0,0.0
R03,16,125,0,0.0,0.0,0.0,0.0
R03,16,126,0,0.0,0.0,0.0,0.0
R03,16,127,0,0.0,0.0,0.0,0.0
R03,16,128,0,0.0,0.0,0.0,0.0
R03,16,129,0,0.0,0.0,0.0,0.0
R03,16,130,0,0.0,0.0,0.0,0.0
R03,16,131,0,0.0,0.0,0.0,0.0
R03,16,132,0,0.0,0.0,0.0,0.0
R03,16,133,0,0.0,0.0,0.0,0.0
R03,16,134,0,0.0,0.0,0.0,0.0
R03,16,135,0,0.0,0.0,0.0,0.0
R03,16,136,0,0.0,0.0,0.0,0.0
R03,16,137,0,0.0,0.0,0.0,0.0
R03,16,138,0,0.0,0.0,0.0,0.0
R03,16,139,0,0.0,0.0,0.0,0.0
R03,16,140,0,0.0,0.0,0.0,0.0
R03,16,141,0,0.0,0.0,0.0,0.0
R03,16,142,0,0.0,0.0,0.0,0.0
R03,16,143,0,0.0,0.0,0.0,0.0
R03,16,144,0,0.0,0.0,0.0,0.0
R03,16,145,0,0.0,0.0,0.0,0.0
R03,16,146,0,0.0,0.0,0.0,0.0
R03,16,147,0,0.0,0.0,0.0,0.0
R03,16,148,0,0.0,0.0,0.0,0.0
R03,16,149,0,0.0,0.0,0.0,0.0
R03,16,150,0,0.0,0.0,0.0,0.0
R03,16,151,0,0.0,0.0,0.0,0.0
R03,16,152,0,0.0,0.0,0.0,0.0
R03,16,153,0,0.0,0.0,0.0,0.0
R03,16,154,0,0.0,0.0,0.0,0.0
R03,16,155,0,0.0,0.0,0.0,0.0
R03,16,156,0,0.0,0.0,0.0,0.0
R03,16,157,0,0.0,0.0,0.0,0.0
R03,16,158,0,0.0,0.0,0.0,0.0
R03,16,159,0,0.0,0.0,0.0,0.0
R03,16,160,0,0.0,0.0,0.0,0.0
R03,16,161,0,0.0,0.0,0.0,0.0
R03,16,162,0,0.0,0.0,0.0,0.0
R03,16,163,0,0.0,0.0,0.0,0.0
R03,16,164,0,0.0,0.0,0.0,0.0
R03,16,165,0,0.0,0.0,0.0,0.0
R03,16,166,0,0.0,0.0,0.0,0.0
R03,16,167,0,0.0,0.0,0.0,0.0
R03,16,168,0,0.0,0.0,0.0,0.0
R03,16,169,0,0.0,0.0,0.0,0.0
R03,16,170,0,0.0,0.0,0.0,0.0
R03,16,171,0,0.0,0.0,0.0,0.0
R03,16,172,0,0.0,0.0,0.0,0.0
R03,16,173,0,0.0,0.0,0.0,0.0
R03,16,174,0,0.0,0.0,0.0,0.0
R03,16,175,0,0.0,0.0,0.0,0.0
R03,16,176,0,0.0,0.0,0.0,0.0
R03,16,177,0,0.0,0.0,0.0,0.0
R03,16,178,0,0.0,0.0,0.0,0.0
R03,16,179,0,0.0,0.0,0.0,0.0
R03,16,180,0,0.0,0.0,0.0,0.0
R03,16,181,0,0.0,0.0,0.0,0.0
R03,16,182,0,0.0,0.0,0.0,0.0
R03,16,183,0,0.0,0.0,0.0,0.0
R03,16,184,0,0.0,0.0,0.0,0.0
R03,16,185,0,0.0,0.0,0.0,0.0
R03,16,186,0,0.0,0.0,0.0,0.0
R03,16,187,0,0.0,0.0,0.0,0.0
R03,16,188,0,0.0,0.0,0.0,0.0
R03,16,189,0,0.0,0.0,0.0,0.0
R03,16,190,0,0.0,0.0,0.0,0.0
R03,16,191,0,0.0,0.0,0.0,0.0
R03,16,192,0,0.0,0.0,0.0,0.0
R03,16,193,0,0.0,0.0,0.0,0.0
R03,16,194,0,0.0,0.0,0.0,0.0
R03,16,195,0,0.0,0.0,0.0,0.0
R03,16,196,0,0.0,0.0,0.0,0.0
R03,16,197,0,0.0,0.0,0.0,0.0
R03,16,198,0,0.0,0.0,0.0,0.0
R03,16,199,0,0.0,0.0,0.0,0.0
R03,16,200,0,0.0,0.0,0.0,0.0
R03,16,201,0,0.0,0.0,0.0,0.0
R03,16,202,0,0.0,0.0,0.0,0.0
R03,16,203,0,0.0,0.0,0.0,0.0
R03,16,204,0,0.0,0.0,0.0,0.0
R03,16,205,0,0.0,0.0,0.0,0.0
R03,16,206,0,0.0,0.0,0.0,0.0
R03,16,207,0,0.0,0.0,0.0,0.0
R03,16,208,0,0.0,0.0,0.0,0.0
R03,16,209,0,0.0,0.0,0.0,0.0
R03,16,210,0,0.0,0.0,0.0,0.0
R03,16,211,0,0.0,0.0,0.0,0.0
R03,16,212,0,0.0,0.0,0.0,0.0
R03,16,213,0,0.0,0.0,0.0,0.0
R03,16,214,0,0.0,0.0,0.0,0.0
R03,16,215,0,0.0,0.0,0.0,0.0
R03,16,216,0,0.0,0.0,0.0,0.0
R03,16,217,0,0.0,0.0,0.0,0.0
R03,16,218,0,0.0,0.0,0.0,0.0
R03,16,219,0,0.0,0.0,0.0,0.0
R03,16,220,0,0.0,0.0,0.0,0.0
R03,16,221,0,0.0,0.0,0.0,0.0
R03,16,222,0,0.0,0.0,0.0,0.0
R03,16,223,0,0.0,0.0,0.0,0.0
R03,16,224,0,0.0,0.0,0.0,0.0
R03,16,225,0,0.0,0.0,0.0,0.0
R03,16,226,0,0.0,0.0,0.0,0.0
R03,16,227,0,0.0,0.0,0.0,0.0
R03,16,228,0,0.0,0.0,0.0,0.0
R03,16,229,0,0.0,0.0,0.0,0.0
R03,16,230,0,0.0,0.0,0.0,0.0
R03,16,231,0,0.0,0.0,0.0,0.0
R03,16,232,0,0.0,0.0,0.0,0.0
R03,16,233,0,0.0,0.0,0.0,0.0
R03,16,234,0,0.0,0.0,0.0,0.0
R03,16,235,0,0.0,0.0,0.0,0.0
R03,16,236,0,0.0,0.0,0.0,0.0
R03,16,237,0,0.0,0.0,0.0,0.0
R03,16,238,0,0.0,0.0,0.0,0.0
R03,16,239,0,0.0,0.0,0.0,0.0
R03,16,240,0,0.0,0.0,0.0,0.0
R03,16,241,0,0.0,0.0,0.0,0.0
R03,16,242,0,0.0,0.0,0.0,0.0
R03,16,243,0,0.0,0.0,0.0,0.0
R03,16,244,0,0.0,0.0,0.0,0.0
R03,16,245,0,0.0,0.0,0.0,0.0
R03,16,246,0,0.0,0.0,0.0,0.0
R03,16,247,0,0.0,0.0,0.0,0.0
R03,16,248,0,0.0,0.0,0.0,0.0
R03,16,249,0,0.0,0.0,0.0,0.0
R03,16,250,0,0.0,0.0,0.0,0.0
R03,16,251,0,0.0,0.0,0.0,0.0
R03,16,252,0,0.0,0.0,0.0,0.0
R03,16,253,0,0.0,0.0,0.0,0.0
R03,16,254,0,0.0,0.0,0.0,0.0
R03,16,255,0,0.0,0.0,0.0,0.0
R03,16,256,0,0.0,0.0,0.0,0.0
R03,16,257,0,0.0,0.0,0.0,0.0
R03,16,258,0,0.0,0.0,0.0,0.0
R03,16,259,0,0.0,0.0,0.0,0.0
R03,16,260,0,0.0,0.0,0.0,0.0
R03,16,261,0,0.0,0.0,0.0,0.0
R03,16,262,0,0.0,0.0,0.0,0.0
R03,16,263,0,0.0,0.0,0.0,0.0
R03,16,264,0,0.0,0.0,0.0,0.0
R03,16,265,0,0.0,0.0,0.0,0.0
R03,16,266,0,0.0,0.0,0.0,0.0
R03,16,267,0,0.0,0.0,0.0,0.0
R03,16,268,0,0.0,0.0,0.0,0.0
R03,16,269,0,0.0,0.0,0.0,0.0
R03,16,270,0,0.0,0.0,0.0,0.0
R03,16,271,0,0.0,0.0,0.0,0.0
R03,16,272,0,0.0,0.0,0.0,0.0
R03,16,273,0,0.0,0.0,0.0,0.0
R03,16,274,0,0.0,0.0,0.0,0.0
R03,16,275,0,0.0,0.0,0.0,0.0
R03,16,276,0,0.0,0.0,0.0,0.0
R03,16,277,0,0.0,0.0,0.0,0.0
R03,16,278,0,0.0,0.0,0.0,0.0
R03,16,279,0,0.0,0.0,0.0,0.0
R03,16,280,0,0.0,0.0,0.0,0.0
R03,16,281,0,0.0,0.0,0.0,0.0
R03,16,282,0,0.0,0.0,0.0,0.0
R03,16,283,0,0.0,0.0,0.0,0.0
R03,16,284,0,0.0,0.0,0.0,0.0
R03,16,285,0,0.0,0.0,0.0,0.0
R03,16,286,0,0.0,0.0,0.0,0.0
R03,16,287,0,0.0,0.0,0.0,0.0
R03,16,288,0,0.0,0.0,0.0,0.0
R03,16,289,0,0.0,0.0,0.0,0.0
R03,16,290,0,0.0,0.0,0.0,0.0
R03,16,291,0,0.0,0.0,0.0,0.0
R03,16,292,0,0.0,0.0,0.0,0.0
R03,16,293,0,0.0,0.0,0.0,0.0
R03,16,294,0,0.0,0.0,0.0,0.0
R03,16,295,0,0.0,0.0,0.0,0.0
R03,16,296,0,0.0,0.0,0.0,0.0
R03,16,297,0,0.0,0.0,0.0,0.0
R03,16,298,0,0.0,0.0,0.0,0.0
R03,16,299,0,0.0,0.0,0.0,0.0
R03,16,300,0,0.0,0.0,0.0,0.0
R03,16,301,0,0.0,0.0,0.0,0.0
R03,16,302,0,0.0,0.0,0.0,0.0
R03,16,303,0,0.0,0.0,0.0,0.0
R03,16,304,0,0.0,0.0,0.0,0.0
R03,16,305,0,0.0,0.0,0.0,0.0
R03,16,306,0,0.0,0.0,0.0,0.0
R03,16,307,0,0.0,0.0,0.0,0.0
R03,16,308,0,0.0,0.0,0.0,0.0
R03,16,309,0,0.0,0.0,0.0,0.0
R03,16,310,0,0.0,0.0,0.0,0.0
R03,16,311,0,0.0,0.0,0.0,0.0
R03,16,312,0,0.0,0.0,0.0,0.0
R03,16,313,0,0.0,0.0,0.0,0.0
R03,16,314,0,0.0,0.0,0.0,0.0
R03,16,315,0,0.0,0.0,0.0,0.0
R03,16,316,0,0.0,0.0,0.0,0.0
R03,16,317,0,0.0,0.0,0.0,0.0
R03,16,318,0,0.0,0.0,0.0,0.0
R03,16,319,0,0.0,0.0,0.0,0.0
R03,16,320,0,0.0,0.0,0.0,0.0
R03,16,321,0,0.0,0.0,0.0,0.0
R03,16,322,0,0.0,0.0,0.0,0.0
R03,16,323,0,0.0,0.0,0.0,0.0
R03,16,324,0,0.0,0.0,0.0,0.0
R03,16,325,0,0.0,0.0,0.0,0.0
R03,16,326,0,0.0,0.0,0.0,0.0
R03,16,327,0,0.0,0.0,0.0,0.0
R03,16,328,0,0.0,0.0,0.0,0.0
R03,16,329,0,0.0,0.0,0.0,0.0
R03,16,330,0,0.0,0.0,0.0,0.0
R03,16,331,0,0.0,0.0,0.0,0.0
R03,16,332,0,0.0,0.0,0.0,0.0
R03,16,333,0,0.0,0.0,0.0,0.0
R03,16,334,0,0.0,0.0,0.0,0.0
R03,16,335,0,0.0,0.0,0.0,0.0
R03,16,336,0,0.0,0.0,0.0,0.0
R03,16,337,0,0.0,0.0,0.0,0.0
R03,16,338,0,0.0,0.0,0.0,0.0
R03,16,339,0,0.0,0.0,0.0,0.0
R03,16,340,0,0.0,0.0,0.0,0.0
R03,16,341,0,0.0,0.0,0.0,0.0
R03,16,342,0,0.0,0.0,0.0,0.0
R03,16,343,0,0.0,0.0,0.0,0.0
R03,16,344,0,0.0,0.0,0.0,0.0
R03,16,345,0,0.0,0.0,0.0,0.0
R03,16,346,0,0.0,0.0,0.0,0.0
R03,16,347,0,0.0,0.0,0.0,0.0
R03,16,348,0,0.0,0.0,0.0,0.0
R03,16,349,0,0.0,0.0,0.0,0.0
R03,16,350,0,0.0,0.0,0.0,0.0
R03,16,351,0,0.0,0.0,0.0,0.0
R03,16,352,0,0.0,0.0,0.0,0.0
R03,16,353,0,0.0,0.0,0.0,0.0
R03,16,354,0,0.0,0.0,0.0,0.0
R03,16,355,0,0.0,0.0,0.0,0.0
R03,16,356,0,0.0,0.0,0.0,0.0
R03,16,357,0,0.0,0.0,0.0,0.0
R03,16,358,0,0.0,0.0,0.0,0.0
R03,16,359,0,0.0,0.0,0.0,0.0
R03,16,360,0,0.0,0.0,0.0,0.0
R03,16,361,0,0.0,0.0,0.0,0.0
R03,16,362,0,0.0,0.0,0.0,0.0
R03,16,363,0,0.0,0.0,0.0,0.0
R03,16,364,0,0.0,0.0,0.0,0.0
R03,16,365,0,0.0,0.0,0.0,0.0
R03,16,366,0,0.0,0.0,0.0,0.0
R03,16,367,0,0.0,0.0,0.0,0.0
R03,16,368,0,0.0,0.0,0.0,0.0
R03,16,369,0,0.0,0.0,0.0,0.0
R03,16,370,0,0.0,0.0,0.0,0.0
R03,16,371,0,0.0,0.0,0.0,0.0
R03,16,372,0,0.0,0.0,0.0,0.0
R03,16,373,0,0.0,0.0,0.0,0.0
R03,16,374,0,0.0,0.0,0.0,0.0
R03,16,375,0,0.0,0.0,0.0,0.0
R03,16,376,0,0.0,0.0,0.0,0.0
R03,16,377,0,0.0,0.0,0.0,0.0
R03,16,378,0,0.0,0.0,0.0,0.0
R03,16,379,0,0.0,0.0,0.0,0.0
R03,16,380,0,0.0,0.0,0.0,0.0
R03,16,381,0,0.0,0.0,0.0,0.0
R03,16,382,0,0.0,0.0,0.0,0.0
R03,16,383,0,0.0,0.0,0.0,0.0
R03,16,384,0,0.0,0.0,0.0,0.0
R03,16,385,0,0.0,0.0,0.0,0.0
R03,16,386,0,0.0,0.0,0.0,0.0
R03,16,387,0,0.0,0.0,0.0,0.0
R03,16,388,0,0.0,0.0,0.0,0.0
R03,16,389,0,0.0,0.0,0.0,0.0
R03,16,390,0,0.0,0.0,0.0,0.0
R03,16,391,0,0.0,0.0,0.0,0.0
R03,16,392,0,0.0,0.0,0.0,0.0
R03,16,393,0,0.0,0.0,0.0,0.0
R03,16,394,0,0.0,0.0,0.0,0.0
R03,16,395,0,0.0,0.0,0.0,0.0
R03,16,396,0,0.0,0.0,0.0,0.0
R03,16,397,0,0.0,0.0,0.0,0.0
R03,16,398,0,0.0,0.0,0.0,0.0
R03,16,399,0,0.0,0.0,0.0,0.0
R03,16,400,0,0.0,0.0,0.0,0.0
R03,16,401,0,0.0,0.0,0.0,0.0
R03,16,402,0,0.0,0.0,0.0,0.0
R03,16,403,0,0.0,0.0,0.0,0.0
R03,16,404,0,0.0,0.0,0.0,0.0
R03,16,405,0,0.0,0.0,0.0,0.0
R03,16,406,0,0.0,0.0,0.0,0.0
R03,16,407,0,0.0,0.0,0.0,0.0
R03,16,408,0,0.0,0.0,0.0,0.0
R03,16,409,0,0.0,0.0,0.0,0.0
R03,16,410,0,0.0,0.0,0.0,0.0
R03,16,411,0,0.0,0.0,0.0,0.0
R03,16,412,0,0.0,0.0,0.0,0.0
R03,16,413,0,0.0,0.0,0.0,0.0
R03,16,414,0,0.0,0.0,0.0,0.0
R03,16,415,0,0.0,0.0,0.0,0.0
R03,16,416,0,0.0,0.0,0.0,0.0
R03,16,417,0,0.0,0.0,0.0,0.0
R03,16,418,0,0.0,0.0,0.0,0.0
R03,16,419,0,0.0,0.0,0.0,0.0
R03,16,420,0,0.0,0.0,0.0,0.0
R03,16,421,0,0.0,0.0,0.0,0.0
R03,16,422,0,0.0,0.0,0.0,0.0
R03,16,423,0,0.0,0.0,0.0,0.0
R03,16,424,0,0.0,0.0,0.0,0.0
R03,16,425,0,0.0,0.0,0.0,0.0
R03,16,426,0,0.0,0.0,0.0,0.0
R03,16,427,0,0.0,0.0,0.0,0.0
R03,16,428,0,0.0,0.0,0.0,0.0
R03,16,429,0,0.0,0.0,0.0,0.0
R03,16,430,0,0.0,0.0,0.0,0.0
R03,16,431,0,0.0,0.0,0.0,0.0
R03,16,432,0,0.0,0.0,0.0,0.0
R03,16,433,0,0.0,0.0,0.0,0.0
R03,16,434,0,0.0,0.0,0.0,0.0
R03,16,435,0,0.0,0.0,0.0,0.0
R03,16,436,0,0.0,0.0,0.0,0.0
R03,16,437,0,0.0,0.0,0.0,0.0
R03,16,438,0,0.0,0.0,0.0,0.0
R03,16,439,0,0.0,0.0,0.0,0.0
R03,16,440,0,0.0,0.0,0.0,0.0
R03,16,441,0,0.0,0.0,0.0,0.0
R03,16,442,0,0.0,0.0,0.0,0.0
R03,16,443,0,0.0,0.0,0.0,0.0
R03,16,444,0,0.0,0.0,0.0,0.0
R03,16,445,0,0.0,0.0,0.0,0.0
R03,16,446,0,0.0,0.0,0.0,0.0
R03,16,447,0,0.0,0.0,0.0,0.0
R03,16,448,0,0.0,0.0,0.0,0.0
R03,16,449,0,0.0,0.0,0.0,0.0
R03,16,450,0,0.0,0.0,0.0,0.0
R03,16,451,0,0.0,0.0,0.0,0.0
R03,16,452,0,0.0,0.0,0.0,0.0
R03,16,453,0,0.0,0.0,0.0,0.0
R03,16,454,0,0.0,0.0,0.0,0.0
R03,16,455,0,0.0,0.0,0.0,0.0
R03,16,456,0,0.0,0.0,0.0,0.0
R03,16,457,0,0.0,0.0,0.0,0.0
R03,16,458,0,0.0,0.0,0.0,0.0
R03,16,459,0,0.0,0.0,0.0,0.0
R03,16,460,0,0.0,0.0,0.0,0.0
R03,16,461,0,0.0,0.0,0.0,0.0
R03,16,462,0,0.0,0.0,0.0,0.0
R03,16,463,0,0.0,0.0,0.0,0.0
R03,16,464,0,0.0,0.0,0.0,0.0
R03,16,465,0,0.0,0.0,0.0,0.0
R03,16,466,0,0.0,0.0,0.0,0.0
R03,16,467,0,0.0,0.0,0.0,0.0
R03,16,468,0,0.0,0.0,0.0,0.0
R03,16,469,0,0.0,0.0,0.0,0.0
R03,16,470,0,0.0,0.0,0.0,0.0
R03,16,471,0,0.0,0.0,0.0,0.0
R03,16,472,0,0.0,0.0,0.0,0.0
R03,16,473,0,0.0,0.0,0.0,0.0
R03,16,474,0,0.0,0.0,0.0,0.0
R03,16,475,0,0.0,0.0,0.0,0.0
R03,16,476,0,0.0,0.0,0.0,0.0
R03,16,477,0,0.0,0.0,0.0,0.0
R03,16,478,0,0.0,0.0,0.0,0.0
R03,16,479,0,0.0,0.0,0.0,0.0
R03,16,480,0,0.0,0.0,0.0,0.0
R03,16,481,0,0.0,0.0,0.0,0.0
R03,16,482,0,0.0,0.0,0.0,0.0
R03,16,483,0,0.0,0.0,0.0,0.0
R03,16,484,0,0.0,0.0,0.0,0.0
R03,16,485,0,0.0,0.0,0.0,0.0
R03,16,486,0,0.0,0.0,0.0,0.0
R03,16,487,0,0.0,0.0,0.0,0.0
R03,16,488,0,0.0,0.0,0.0,0.0
R03,16,489,0,0.0,0.0,0.0,0.0
R03,16,490,0,0.0,0.0,0.0,0.0
R03,16,491,0,0.0,0.0,0.0,0.0
R03,16,492,0,0.0,0.0,0.0,0.0
R03,16,493,0,0.0,0.0,0.0,0.0
R03,16,494,0,0.0,0.0,0.0,0.0
R03,16,495,0,0.0,0.0,0.0,0.0
R03,16,496,0,0.0,0.0,0.0,0.0
R03,16,497,0,0.0,0.0,0.0,0.0
R03,16,498,0,0.0,0.0,0.0,0.0
R03,16,499,0,0.0,0.0,0.0,0.0
R03,16,500,0,0.0,0.0,0.0,0.0
R03,16,501,0,0.0,0.0,0.0,0.0
R03,16,502,0,0.0,0.0,0.0,0.0
R03,16,503,0,0.0,0.0,0.0,0.0
R03,16,504,0,0.0,0.0,0.0,0.0
R03,16,505,0,0.0,0.0,0.0,0.0
R03,16,506,0,0.0,0.0,0.0,0.0
R03,16,507,0,0.0,0.0,0.0,0.0
R03,16,508,0,0.0,0.0,0.0,0.0
R03,16,509,0,0.0,0.0,0.0,0.0
R03,16,510,0,0.0,0.0,0.0,0.0
R03,16,511,0,0.0,0.0,0.0,0.0
R03,16,512,0,0.0,0.0,0.0,0.0
R03,16,513,0,0.0,0.0,0.0,0.0
R03,16,514,0,0.0,0.0,0.0,0.0
R03,16,515,0,0.0,0.0,0.0,0.0
R03,16,516,0,0.0,0.0,0.0,0.0
R03,16,517,0,0.0,0.0,0.0,0.0
R03,16,518,0,0.0,0.0,0.0,0.0
R03,16,519,0,0.0,0.0,0.0,0.0
R03,16,520,0,0.0,0.0,0.0,0.0
R03,16,521,0,0.0,0.0,0.0,0.0
R03,16,522,0,0.0,0.0,0.0,0.0
R03,16,523,0,0.0,0.0,0.0,0.0
R03,16,524,0,0.0,0.0,0.0,0.0
R03,16,525,0,0.0,0.0,0.0,0.0
R03,16,526,0,0.0,0.0,0.0,0.0
R03,16,527,0,0.0,0.0,0.0,0.0
R03,16,528,0,0.0,0.0,0.0,0.0
R03,16,529,0,0.0,0.0,0.0,0.0
R03,16,530,0,0.0,0.0,0.0,0.0
R03,16,531,0,0.0,0.0,0.0,0.0
R03,16,532,0,0.0,0.0,0.0,0.0
R03,16,533,0,0.0,0.0,0.0,0.0
R03,16,534,0,0.0,0.0,0.0,0.0
R03,16,535,0,0.0,0.0,0.0,0.0
R03,16,536,0,0.0,0.0,0.0,0.0
R03,16,537,0,0.0,0.0,0.0,0.0
R03,16,538,0,0.0,0.0,0.0,0.0
R03,16,539,0,0.0,0.0,0.0,0.0
R03,16,540,0,0.0,0.0,0.0,0.0
R03,16,541,0,0.0,0.0,0.0,0.0
R03,16,542,0,0.0,0.0,0.0,0.0
R03,16,543,0,0.0,0.0,0.0,0.0
R03,16,544,0,0.0,0.0,0.0,0.0
R03,16,545,0,0.0,0.0,0.0,0.0
R03,16,546,0,0.0,0.0,0.0,0.0
R03,16,547,0,0.0,0.0,0.0,0.0
R03,16,548,0,0.0,0.0,0.0,0.0
R03,16,549,0,0.0,0.0,0.0,0.0
R03,16,550,0,0.0,0.0,0.0,0.0
R03,16,551,0,0.0,0.0,0.0,0.0
R03,16,552,0,0.0,0.0,0.0,0.0
R03,16,553,0,0.0,0.0,0.0,0.0
R03,16,554,0,0.0,0.0,0.0,0.0
R03,16,555,0,0.0,0.0,0.0,0.0
R03,16,556,0,0.0,0.0,0.0,0.0
R03,16,557,0,0.0,0.0,0.0,0.0
R03,16,558,0,0.0,0.0,0.0,0.0
R03,16,559,0,0.0,0.0,0.0,0.0
R03,16,560,0,0.0,0.0,0.0,0.0
R03,16,561,0,0.0,0.0,0.0,0.0
R03,16,562,0,0.0,0.0,0.0,0.0
R03,16,563,0,0.0,0.0,0.0,0.0
R03,16,564,0,0.0,0.0,0.0,0.0
R03,16,565,0,0.0,0.0,0.0,0.0
R03,16,566,0,0.0,0.0,0.0,0.0
R03,16,567,0,0.0,0.0,0.0,0.0
R03,16,568,0,0.0,0.0,0.0,0.0
R03,16,569,0,0.0,0.0,0.0,0.0
R03,16,570,0,0.0,0.0,0.0,0.0
R03,16,571,0,0.0,0.0,0.0,0.0
R03,16,572,0,0.0,0.0,0.0,0.0
R03,16,573,0,0.0,0.0,0.0,0.0
R03,16,574,0,0.0,0.0,0.0,0.0
R03,16,575,0,0.0,0.0,0.0,0.0
R03,16,576,0,0.0,0.0,0.0,0.0
R03,16,577,0,0.0,0.0,0.0,0.0
R03,16,578,0,0.0,0.0,0.0,0.0
R03,16,579,0,0.0,0.0,0.0,0.0
R03,16,580,0,0.0,0.0,0.0,0.0
R03,16,581,0,0.0,0.0,0.0,0.0
R03,16,582,0,0.0,0.0,0.0,0.0
R03,16,583,0,0.0,0.0,0.0,0.0
R03,16,584,0,0.0,0.0,0.0,0.0
R03,16,585,0,0.0,0.0,0.0,0.0
R03,16,586,0,0.0,0.0,0.0,0.0
R03,16,587,0,0.0,0.0,0.0,0.0
R03,16,588,0,0.0,0.0,0.0,0.0
R03,16,589,0,0.0,0.0,0.0,0.0
R03,16,590,0,0.0,0.0,0.0,0.0
R03,16,591,0,0.0,0.0,0.0,0.0
R03,16,592,0,0.0,0.0,0.0,0.0
R03,16,593,0,0.0,0.0,0.0,0.0
R03,16,594,0,0.0,0.0,0.0,0.0
R03,16,595,0,0.0,0.0,0.0,0.0
R03,16,596,0,0.0,0.0,0.0,0.0
R03,16,597,0,0.0,0.0,0.0,0.0
R03,16,598,0,0.0,0.0,0.0,0.0
R03,16,599,0,0.0,0.0,0.0,0.0
R03,16,600,0,0.0,0.0,0.0,0.0
R03,16,601,0,0.0,0.0,0.0,0.0
R03,16,602,0,0.0,0.0,0.0,0.0
R03,16,603,0,0.0,0.0,0.0,0.0
R03,16,604,0,0.0,0.0,0.0,0.0
R03,16,605,0,0.0,0.0,0.0,0.0
R03,16,606,0,0.0,0.0,0.0,0.0
R03,16,607,0,0.0,0.0,0.0,0.0
R03,16,608,0,0.0,0.0,0.0,0.0
R03,16,609,0,0.0,0.0,0.0,0.0
R03,16,610,0,0.0,0.0,0.0,0.0
R03,16,611,0,0.0,0.0,0.0,0.0
R03,16,612,0,0.0,0.0,0.0,0.0
R03,16,613,0,0.0,0.0,0.0,0.0
R03,16,614,0,0.0,0.0,0.0,0.0
R03,16,615,0,0.0,0.0,0.0,0.0
R03,16,616,0,0.0,0.0,0.0,0.0
R03,16,617,0,0.0,0.0,0.0,0.0
R03,16,618,0,0.0,0.0,0.0,0.0
R03,16,619,0,0.0,0.0,0.0,0.0
R03,16,620,0,0.0,0.0,0.0,0.0
R03,16,621,0,0.0,0.0,0.0,0.0
R03,16,622,0,0.0,0.0,0.0,0.0
R03,16,623,0,0.0,0.0,0.0,0.0
R03,16,624,0,0.0,0.0,0.0,0.0
R03,16,625,0,0.0,0.0,0.0,0.0
R03,16,626,0,0.0,0.0,0.0,0.0
R03,16,627,0,0.0,0.0,0.0,0.0
R03,16,628,0,0.0,0.0,0.0,0.0
R03,16,629,0,0.0,0.0,0.0,0.0
R03,16,630,0,0.0,0.0,0.0,0.0
R03,16,631,0,0.0,0.0,0.0,0.0
R03,16,632,0,0.0,0.0,0.0,0.0
R03,16,633,0,0.0,0.0,0.0,0.0
R03,16,634,0,0.0,0.0,0.0,0.0
R03,16,635,0,0.0,0.0,0.0,0.0
R03,16,636,0,0.0,0.0,0.0,0.0
R03,16,637,0,0.0,0.0,0.0,0.0
R03,16,638,0,0.0,0.0,0.0,0.0
R03,16,639,0,0.0,0.0,0.0,0.0
R03,16,640,0,0.0,0.0,0.0,0.0
R03,16,641,0,0.0,0.0,0.0,0.0
R03,16,642,0,0.0,0.0,0.0,0.0
R03,16,643,0,0.0,0.0,0.0,0.0
R03,16,644,0,0.0,0.0,0.0,0.0
R03,16,645,0,0.0,0.0,0.0,0.0
R03,16,646,0,0.0,0.0,0.0,0.0
R03,16,647,0,0.0,0.0,0.0,0.0
R03,16,648,0,0.0,0.0,0.0,0.0
R03,16,649,0,0.0,0.0,0.0,0.0
R03,16,650,0,0.0,0.0,0.0,0.0
R03,16,651,0,0.0,0.0,0.0,0.0
R03,16,652,0,0.0,0.0,0.0,0.0
R03,16,653,0,0.0,0.0,0.0,0.0
R03,16,654,0,0.0,0.0,0.0,0.0
R03,16,655,0,0.0,0.0,0.0,0.0
R03,16,656,0,0.0,0.0,0.0,0.0
R03,16,657,0,0.0,0.0,0.0,0.0
R03,16,658,0,0.0,0.0,0.0,0.0
R03,16,659,0,0.0,0.0,0.0,0.0
R03,16,660,0,0.0,0.0,0.0,0.0
R03,16,661,0,0.0,0.0,0.0,0.0
R03,16,662,0,0.0,0.0,0.0,0.0
R03,16,663,0,0.0,0.0,0.0,0.0
R03,16,664,0,0.0,0.0,0.0,0.0
R03,16,665,0,0.0,0.0,0.0,0.0
R03,16,666,0,0.0,0.0,0.0,0.0
R03,16,667,0,0.0,0.0,0.0,0.0
R03,16,668,0,0.0,0.0,0.0,0.0
R03,16,669,0,0.0,0.0,0.0,0.0
R03,16,670,0,0.0,0.0,0.0,0.0
R03,16,671,0,0.0,0.0,0.0,0.0
R03,16,672,0,0.0,0.0,0.0,0.0
R03,16,673,0,0.0,0.0,0.0,0.0
R03,16,674,0,0.0,0.0,0.0,0.0
R03,16,675,0,0.0,0.0,0.0,0.0
R03,16,676,0,0.0,0.0,0.0,0.0
R03,16,677,0,0.0,0.0,0.0,0.0
R03,16,678,0,0.0,0.0,0.0,0.0
R03,16,679,0,0.0,0.0,0.0,0.0
R03,16,680,0,0.0,0.0,0.0,0.0
R03,16,681,0,0.0,0.0,0.0,0.0
R03,16,682,0,0.0,0.0,0.0,0.0
R03,16,683,0,0.0,0.0,0.0,0.0
R03,16,684,0,0.0,0.0,0.0,0.0
R03,16,685,0,0.0,0.0,0.0,0.0
R03,16,686,0,0.0,0.0,0.0,0.0
R03,16,687,0,0.0,0.0,0.0,0.0
R03,16,688,0,0.0,0.0,0.0,0.0
R03,16,689,0,0.0,0.0,0.0,0.0
R03,16,690,0,0.0,0.0,0.0,0.0
R03,16,691,0,0.0,0.0,0.0,0.0
R03,16,692,0,0.0,0.0,0.0,0.0
R03,16,693,0,0.0,0.0,0.0,0.0
R03,16,694,0,0.0,0.0,0.0,0.0
R03,16,695,0,0.0,0.0,0.0,0.0
R03,16,696,0,0.0,0.0,0.0,0.0
R03,16,697,0,0.0,0.0,0.0,0.0
R03,16,698,0,0.0,0.0,0.0,0.0
R03,16,699,0,0.0,0.0,0.0,0.0
R03,16,700,0,0.0,0.0,0.0,0.0
R03,16,701,0,0.0,0.0,0.0,0.0
R03,16,702,0,0.0,0.0,0.0,0.0
R03,16,703,0,0.0,0.0,0.0,0.0
R03,16,704,0,0.0,0.0,0.0,0.0
R03,16,705,0,0.0,0.0,0.0,0.0
R03,16,706,0,0.0,0.0,0.0,0.0
R03,16,707,0,0.0,0.0,0.0,0.0
R03,16,708,0,0.0,0.0,0.0,0.0
R03,16,709,0,0.0,0.0,0.0,0.0
R03,16,710,0,0.0,0.0,0.0,0.0
R03,16,711,0,0.0,0.0,0.0,0.0
R03,16,712,0,0.0,0.0,0.0,0.0
R03,16,713,0,0.0,0.0,0.0,0.0
R03,16,714,0,0.0,0.0,0.0,0.0
R03,16,715,0,0.0,0.0,0.0,0.0
R03,16,716,0,0.0,0.0,0.0,0.0
R03,16,717,0,0.0,0.0,0.0,0.0
R03,16,718,0,0.0,0.0,0.0,0.0
R03,16,719,0,0.0,0.0,0.0,0.0
R03,16,720,0,0.0,0.0,0.0,0.0
R03,16,721,0,0.0,0.0,0.0,0.0
R03,16,722,0,0.0,0.0,0.0,0.0
R03,16,723,0,0.0,0.0,0.0,0.0
R03,16,724,0,0.0,0.0,0.0,0.0
R03,16,725,0,0.0,0.0,0.0,0.0
R03,16,726,0,0.0,0.0,0.0,0.0
R03,16,727,0,0.0,0.0,0.0,0.0
R03,16,728,0,0.0,0.0,0.0,0.0
R03,16,729,0,0.0,0.0,0.0,0.0
R03,17,0,0,0.0,0.0,0.0,0.0
R03,17,1,0,0.0,0.0,0.0,0.0
R03,17,2,0,0.0,0.0,0.0,0.0
R03,17,3,0,0.0,0.0,0.0,0.0
R03,17,4,0,0.0,0.0,0.0,0.0
R03,17,5,0,0.0,0.0,0.0,0.0
R03,17,6,0,0.0,0.0,0.0,0.0
R03,17,7,0,0.0,0.0,0.0,0.0
R03,17,8,0,0.0,0.0,0.0,0.0
R03,17,9,0,0.0,0.0,0.0,0.0
R03,17,10,0,0.0,0.0,0.0,0.0
R03,17,11,0,0.0,0.0,0.0,0.0
R03,17,12,0,0.0,0.0,0.0,0.0
R03,17,13,0,0.0,0.0,0.0,0.0
R03,17,14,0,0.0,0.0,0.0,0.0
R03,17,15,0,0.0,0.0,0.0,0.0
R03,17,16,0,0.0,0.0,0.0,0.0
R03,17,17,0,0.0,0.0,0.0,0.0
R03,17,18,0,0.0,0.0,0.0,0.0
R03,17,19,0,0.0,0.0,0.0,0.0
R03,17,20,0,0.0,0.0,0.0,0.0
R03,17,21,0,0.0,0.0,0.0,0.0
R03,17,22,0,0.0,0.0,0.0,0.0
R03,17,23,0,0.0,0.0,0.0,0.0
R03,17,24,0,0.0,0.0,0.0,0.0
R03,17,25,0,0.0,0.0,0.0,0.0
R03,17,26,0,0.0,0.0,0.0,0.0
R03,17,27,0,0.0,0.0,0.0,0.0
R03,17,28,0,0.0,0.0,0.0,0.0
R03,17,29,0,0.0,0.0,0.0,0.0
R03,17,30,0,0.0,0.0,0.0,0.0
R03,17,31,0,0.0,0.0,0.0,0.0
R03,17,32,0,0.0,0.0,0.0,0.0
R03,17,33,0,0.0,0.0,0.0,0.0
R03,17,34,0,0.0,0.0,0.0,0.0
R03,17,35,0,0.0,0.0,0.0,0.0
R03,17,36,0,0.0,0.0,0.0,0.0
R03,17,37,0,0.0,0.0,0.0,0.0
R03,17,38,0,0.0,0.0,0.0,0.0
R03,17,39,0,0.0,0.0,0.0,0.0
R03,17,40,0,0.0,0.0,0.0,0.0
R03,17,41,0,0.0,0.0,0.0,0.0
R03,17,42,0,0.0,0.0,0.0,0.0
R03,17,43,0,0.0,0.0,0.0,0.0
R03,17,44,0,0.0,0.0,0.0,0.0
R03,17,45,0,0.0,0.0,0.0,0.0
R03,17,46,0,0.0,0.0,0.0,0.0
R03,17,47,0,0.0,0.0,0.0,0.0
R03,17,48,0,0.0,0.0,0.0,0.0
R03,17,49,0,0.0,0.0,0.0,0.0
R03,17,50,0,0.0,0.0,0.0,0.0
R03,17,51,0,0.0,0.0,0.0,0.0
R03,17,52,0,0.0,0.0,0.0,0.0
R03,17,53,0,0.0,0.0,0.0,0.0
R03,17,54,0,0.0,0.0,0.0,0.0
R03,17,55,0,0.0,0.0,0.0,0.0
R03,17,56,0,0.0,0.0,0.0,0.0
R03,17,57,0,0.0,0.0,0.0,0.0
R03,17,58,0,0.0,0.0,0.0,0.0
R03,17,59,0,0.0,0.0,0.0,0.0
R03,17,60,0,0.0,0.0,0.0,0.0
R03,17,61,0,0.0,0.0,0.0,0.0
R03,17,62,0,0.0,0.0,0.0,0.0
R03,17,63,0,0.0,0.0,0.0,0.0
R03,17,64,0,0.0,0.0,0.0,0.0
R03,17,65,0,0.0,0.0,0.0,0.0
R03,17,66,0,0.0,0.0,0.0,0.0
R03,17,67,0,0.0,0.0,0.0,0.0
R03,17,68,0,0.0,0.0,0.0,0.0
R03,17,69,0,0.0,0.0,0.0,0.0
R03,17,70,0,0.0,0.0,0.0,0.0
R03,17,71,0,0.0,0.0,0.0,0.0
R03,17,72,0,0.0,0.0,0.0,0.0
R03,17,73,0,0.0,0.0,0.0,0.0
R03,17,74,0,0.0,0.0,0.0,0.0
R03,17,75,0,0.0,0.0,0.0,0.0
R03,17,76,0,0.0,0.0,0.0,0.0
R03,17,77,0,0.0,0.0,0.0,0.0
R03,17,78,0,0.0,0.0,0.0,0.0
R03,17,79,0,0.0,0.0,0.0,0.0
R03,17,80,0,0.0,0.0,0.0,0.0
R03,17,81,0,0.0,0.0,0.0,0.0
R03,17,82,0,0.0,0.0,0.0,0.0
R03,17,83,0,0.0,0.0,0.0,0.0
R03,17,84,0,0.0,0.0,0.0,0.0
R03,17,85,0,0.0,0.0,0.0,0.0
R03,17,86,0,0.0,0.0,0.0,0.0
R03,17,87,0,0.0,0.0,0.0,0.0
R03,17,88,0,0.0,0.0,0.0,0.0
R03,17,89,0,0.0,0.0,0.0,0.0
R03,17,90,0,0.0,0.0,0.0,0.0
R03,17,91,0,0.0,0.0,0.0,0.0
R03,17,92,0,0.0,0.0,0.0,0.0
R03,17,93,0,0.0,0.0,0.0,0.0
R03,17,94,0,0.0,0.0,0.0,0.0
R03,17,95,0,0.0,0.0,0.0,0.0
R03,17,96,0,0.0,0.0,0.0,0.0
R03,17,97,0,0.0,0.0,0.0,0.0
R03,17,98,0,0.0,0.0,0.0,0.0
R03,17,99,0,0.0,0.0,0.0,0.0
R03,17,100,0,0.0,0.0,0.0,0.0
R03,17,101,0,0.0,0.0,0.0,0.0
R03,17,102,0,0.0,0.0,0.0,0.0
R03,17,103,0,0.0,0.0,0.0,0.0
R03,17,104,0,0.0,0.0,0.0,0.0
R03,17,105,0,0.0,0.0,0.0,0.0
R03,17,106,0,0.0,0.0,0.0,0.0
R03,17,107,0,0.0,0.0,0.0,0.0
R03,17,108,0,0.0,0.0,0.0,0.0
R03,17,109,0,0.0,0.0,0.0,0.0
R03,17,110,0,0.0,0.0,0.0,0.0
R03,17,111,0,0.0,0.0,0.0,0.0
R03,17,112,0,0.0,0.0,0.0,0.0
R03,17,113,0,0.0,0.0,0.0,0.0
R03,17,114,0,0.0,0.0,0.0,0.0
R03,17,115,0,0.0,0.0,0.0,0.0
R03,17,116,0,0.0,0.0,0.0,0.0
R03,17,117,0,0.0,0.0,0.0,0.0
R03,17,118,0,0.0,0.0,0.0,0.0
R03,17,119,0,0.0,0.0,0.0,0.0
R03,17,120,0,0.0,0.0,0.0,0.0
R03,17,121,0,0.0,0.0,0.0,0.0
R03,17,122,0,0.0,0.0,0.0,0.0
R03,17,123,0,0.0,0.0,0.0,0.0
R03,17,124,0,0.0,0.0,0.0,0.0
R03,17,125,0,0.0,0.0,0.0,0.0
R03,17,126,0,0.0,0.0,0.0,0.0
R03,17,127,0,0.0,0.0,0.0,0.0
R03,17,128,0,0.0,0.0,0.0,0.0
R03,17,129,0,0.0,0.0,0.0,0.0
R03,17,130,0,0.0,0.0,0.0,0.0
R03,17,131,0,0.0,0.0,0.0,0.0
R03,17,132,0,0.0,0.0,0.0,0.0
R03,17,133,0,0.0,0.0,0.0,0.0
R03,17,134,0,0.0,0.0,0.0,0.0
R03,17,135,0,0.0,0.0,0.0,0.0
R03,17,136,0,0.0,0.0,0.0,0.0
R03,17,137,0,0.0,0.0,0.0,0.0
R03,17,138,0,0.0,0.0,0.0,0.0
R03,17,139,0,0.0,0.0,0.0,0.0
R03,17,140,0,0.0,0.0,0.0,0.0
R03,17,141,0,0.0,0.0,0.0,0.0
R03,17,142,0,0.0,0.0,0.0,0.0
R03,17,143,0,0.0,0.0,0.0,0.0
R03,17,144,0,0.0,0.0,0.0,0.0
R03,17,145,0,0.0,0.0,0.0,0.0
R03,17,146,0,0.0,0.0,0.0,0.0
R03,17,147,0,0.0,0.0,0.0,0.0
R03,17,148,0,0.0,0.0,0.0,0.0
R03,17,149,0,0.0,0.0,0.0,0.0
R03,17,150,0,0.0,0.0,0.0,0.0
R03,17,151,0,0.0,0.0,0.0,0.0
R03,17,152,0,0.0,0.0,0.0,0.0
R03,17,153,0,0.0,0.0,0.0,0.0
R03,17,154,0,0.0,0.0,0.0,0.0
R03,17,155,0,0.0,0.0,0.0,0.0
R03,17,156,0,0.0,0.0,0.0,0.0
R03,17,157,0,0.0,0.0,0.0,0.0
R03,17,158,0,0.0,0.0,0.0,0.0
R03,17,159,0,0.0,0.0,0.0,0.0
R03,17,160,0,0.0,0.0,0.0,0.0
R03,17,161,0,0.0,0.0,0.0,0.0
R03,17,162,0,0.0,0.0,0.0,0.0
R03,17,163,0,0.0,0.0,0.0,0.0
R03,17,164,0,0.0,0.0,0.0,0.0
R03,17,165,0,0.0,0.0,0.0,0.0
R03,17,166,0,0.0,0.0,0.0,0.0
R03,17,167,0,0.0,0.0,0.0,0.0
R03,17,168,0,0.0,0.0,0.0,0.0
R03,17,169,0,0.0,0.0,0.0,0.0
R03,17,170,0,0.0,0.0,0.0,0.0
R03,17,171,0,0.0,0.0,0.0,0.0
R03,17,172,0,0.0,0.0,0.0,0.0
R03,17,173,0,0.0,0.0,0.0,0.0
R03,17,174,0,0.0,0.0,0.0,0.0
R03,17,175,0,0.0,0.0,0.0,0.0
R03,17,176,0,0.0,0.0,0.0,0.0
R03,17,177,0,0.0,0.0,0.0,0.0
R03,17,178,0,0.0,0.0,0.0,0.0
R03,17,179,0,0.0,0.0,0.0,0.0
R03,17,180,0,0.0,0.0,0.0,0.0
R03,17,181,0,0.0,0.0,0.0,0.0
R03,17,182,0,0.0,0.0,0.0,0.0
R03,17,183,0,0.0,0.0,0.0,0.0
R03,17,184,0,0.0,0.0,0.0,0.0
R03,17,185,0,0.0,0.0,0.0,0.0
R03,17,186,0,0.0,0.0,0.0,0.0
R03,17,187,0,0.0,0.0,0.0,0.0
R03,17,188,0,0.0,0.0,0.0,0.0
R03,17,189,0,0.0,0.0,0.0,0.0
R03,17,190,0,0.0,0.0,0.0,0.0
R03,17,191,0,0.0,0.0,0.0,0.0
R03,17,192,0,0.0,0.0,0.0,0.0
R03,17,193,0,0.0,0.0,0.0,0.0
R03,17,194,0,0.0,0.0,0.0,0.0
R03,17,195,0,0.0,0.0,0.0,0.0
R03,17,196,0,0.0,0.0,0.0,0.0
R03,17,197,0,0.0,0.0,0.0,0.0
R03,17,198,0,0.0,0.0,0.0,0.0
R03,17,199,0,0.0,0.0,0.0,0.0
R03,17,200,0,0.0,0.0,0.0,0.0
R03,17,201,0,0.0,0.0,0.0,0.0
R03,17,202,0,0.0,0.0,0.0,0.0
R03,17,203,0,0.0,0.0,0.0,0.0
R03,17,204,0,0.0,0.0,0.0,0.0
R03,17,205,0,0.0,0.0,0.0,0.0
R03,17,206,0,0.0,0.0,0.0,0.0
R03,17,207,0,0.0,0.0,0.0,0.0
R03,17,208,0,0.0,0.0,0.0,0.0
R03,17,209,0,0.0,0.0,0.0,0.0
R03,17,210,0,0.0,0.0,0.0,0.0
R03,17,211,0,0.0,0.0,0.0,0.0
R03,17,212,0,0.0,0.0,0.0,0.0
R03,17,213,0,0.0,0.0,0.0,0.0
R03,17,214,0,0.0,0.0,0.0,0.0
R03,17,215,0,0.0,0.0,0.0,0.0
R03,17,216,0,0.0,0.0,0.0,0.0
R03,17,217,0,0.0,0.0,0.0,0.0
R03,17,218,0,0.0,0.0,0.0,0.0
R03,17,219,0,0.0,0.0,0.0,0.0
R03,17,220,0,0.0,0.0,0.0,0.0
R03,17,221,0,0.0,0.0,0.0,0.0
R03,17,222,0,0.0,0.0,0.0,0.0
R03,17,223,0,0.0,0.0,0.0,0.0
R03,17,224,0,0.0,0.0,0.0,0.0
R03,17,225,0,0.0,0.0,0.0,0.0
R03,17,226,0,0.0,0.0,0.0,0.0
R03,17,227,0,0.0,0.0,0.0,0.0
R03,17,228,0,0.0,0.0,0.0,0.0
R03,17,229,0,0.0,0.0,0.0,0.0
R03,17,230,0,0.0,0.0,0.0,0.0
R03,17,231,0,0.0,0.0,0.0,0.0
R03,17,232,0,0.0,0.0,0.0,0.0
R03,17,233,0,0.0,0.0,0.0,0.0
R03,17,234,0,0.0,0.0,0.0,0.0
R03,17,235,0,0.0,0.0,0.0,0.0
R03,17,236,0,0.0,0.0,0.0,0.0
R03,17,237,0,0.0,0.0,0.0,0.0
R03,17,238,0,0.0,0.0,0.0,0.0
R03,17,239,0,0.0,0.0,0.0,0.0
R03,17,240,0,0.0,0.0,0.0,0.0
R03,17,241,0,0.0,0.0,0.0,0.0
R03,17,242,0,0.0,0.0,0.0,0.0
R03,17,243,0,0.0,0.0,0.0,0.0
R03,17,244,0,0.0,0.0,0.0,0.0
R03,17,245,0,0.0,0.0,0.0,0.0
R03,17,246,0,0.0,0.0,0.0,0.0
R03,17,247,0,0.0,0.0,0.0,0.0
R03,17,248,0,0.0,0.0,0.0,0.0
R03,17,249,0,0.0,0.0,0.0,0.0
R03,17,250,0,0.0,0.0,0.0,0.0
R03,17,251,0,0.0,0.0,0.0,0.0
R03,17,252,0,0.0,0.0,0.0,0.0
R03,17,253,0,0.0,0.0,0.0,0.0
R03,17,254,0,0.0,0.0,0.0,0.0
R03,17,255,0,0.0,0.0,0.0,0.0
R03,17,256,0,0.0,0.0,0.0,0.0
R03,17,257,0,0.0,0.0,0.0,0.0
R03,17,258,0,0.0,0.0,0.0,0.0
R03,17,259,0,0.0,0.0,0.0,0.0
R03,17,260,0,0.0,0.0,0.0,0.0
R03,17,261,0,0.0,0.0,0.0,0.0
R03,17,262,0,0.0,0.0,0.0,0.0
R03,17,263,0,0.0,0.0,0.0,0.0
R03,17,264,0,0.0,0.0,0.0,0.0
R03,17,265,0,0.0,0.0,0.0,0.0
R03,17,266,0,0.0,0.0,0.0,0.0
R03,17,267,0,0.0,0.0,0.0,0.0
R03,17,268,0,0.0,0.0,0.0,0.0
R03,17,269,0,0.0,0.0,0.0,0.0
R03,17,270,0,0.0,0.0,0.0,0.0
R03,17,271,0,0.0,0.0,0.0,0.0
R03,17,272,0,0.0,0.0,0.0,0.0
R03,17,273,0,0.0,0.0,0.0,0.0
R03,17,274,0,0.0,0.0,0.0,0.0
R03,17,275,0,0.0,0.0,0.0,0.0
R03,17,276,0,0.0,0.0,0.0,0.0
R03,17,277,0,0.0,0.0,0.0,0.0
R03,17,278,0,0.0,0.0,0.0,0.0
R03,17,279,0,0.0,0.0,0.0,0.0
R03,17,280,0,0.0,0.0,0.0,0.0
R03,17,281,0,0.0,0.0,0.0,0.0
R03,17,282,0,0.0,0.0,0.0,0.0
R03,17,283,0,0.0,0.0,0.0,0.0
R03,17,284,0,0.0,0.0,0.0,0.0
R03,17,285,0,0.0,0.0,0.0,0.0
R03,17,286,0,0.0,0.0,0.0,0.0
R03,17,287,0,0.0,0.0,0.0,0.0
R03,17,288,0,0.0,0.0,0.0,0.0
R03,17,289,0,0.0,0.0,0.0,0.0
R03,17,290,0,0.0,0.0,0.0,0.0
R03,17,291,0,0.0,0.0,0.0,0.0
R03,17,292,0,0.0,0.0,0.0,0.0
R03,17,293,0,0.0,0.0,0.0,0.0
R03,17,294,0,0.0,0.0,0.0,0.0
R03,17,295,0,0.0,0.0,0.0,0.0
R03,17,296,0,0.0,0.0,0.0,0.0
R03,17,297,0,0.0,0.0,0.0,0.0
R03,17,298,0,0.0,0.0,0.0,0.0
R03,17,299,0,0.0,0.0,0.0,0.0
R03,17,300,0,0.0,0.0,0.0,0.0
R03,17,301,0,0.0,0.0,0.0,0.0
R03,17,302,0,0.0,0.0,0.0,0.0
R03,17,303,0,0.0,0.0,0.0,0.0
R03,17,304,0,0.0,0.0,0.0,0.0
R03,17,305,0,0.0,0.0,0.0,0.0
R03,17,306,0,0.0,0.0,0.0,0.0
R03,17,307,0,0.0,0.0,0.0,0.0
R03,17,308,0,0.0,0.0,0.0,0.0
R03,17,309,0,0.0,0.0,0.0,0.0
R03,17,310,0,0.0,0.0,0.0,0.0
R03,17,311,0,0.0,0.0,0.0,0.0
R03,17,312,0,0.0,0.0,0.0,0.0
R03,17,313,0,0.0,0.0,0.0,0.0
R03,17,314,0,0.0,0.0,0.0,0.0
R03,17,315,0,0.0,0.0,0.0,0.0
R03,17,316,0,0.0,0.0,0.0,0.0
R03,17,317,0,0.0,0.0,0.0,0.0
R03,17,318,0,0.0,0.0,0.0,0.0
R03,17,319,0,0.0,0.0,0.0,0.0
R03,17,320,0,0.0,0.0,0.0,0.0
R03,17,321,0,0.0,0.0,0.0,0.0
R03,17,322,0,0.0,0.0,0.0,0.0
R03,17,323,0,0.0,0.0,0.0,0.0
R03,17,324,0,0.0,0.0,0.0,0.0
R03,17,325,0,0.0,0.0,0.0,0.0
R03,17,326,0,0.0,0.0,0.0,0.0
R03,17,327,0,0.0,0.0,0.0,0.0
R03,17,328,0,0.0,0.0,0.0,0.0
R03,17,329,0,0.0,0.0,0.0,0.0
R03,17,330,0,0.0,0.0,0.0,0.0
R03,17,331,0,0.0,0.0,0.0,0.0
R03,17,332,0,0.0,0.0,0.0,0.0
R03,17,333,0,0.0,0.0,0.0,0.0
R03,17,334,0,0.0,0.0,0.0,0.0
R03,17,335,0,0.0,0.0,0.0,0.0
R03,17,336,0,0.0,0.0,0.0,0.0
R03,17,337,0,0.0,0.0,0.0,0.0
R03,17,338,0,0.0,0.0,0.0,0.0
R03,17,339,0,0.0,0.0,0.0,0.0
R03,17,340,0,0.0,0.0,0.0,0.0
R03,17,341,0,0.0,0.0,0.0,0.0
R03,17,342,0,0.0,0.0,0.0,0.0
R03,17,343,0,0.0,0.0,0.0,0.0
R03,17,344,0,0.0,0.0,0.0,0.0
R03,17,345,0,0.0,0.0,0.0,0.0
R03,17,346,0,0.0,0.0,0.0,0.0
R03,17,347,0,0.0,0.0,0.0,0.0
R03,17,348,0,0.0,0.0,0.0,0.0
R03,17,349,0,0.0,0.0,0.0,0.0
R03,17,350,0,0.0,0.0,0.0,0.0
R03,17,351,0,0.0,0.0,0.0,0.0
R03,17,352,0,0.0,0.0,0.0,0.0
R03,17,353,0,0.0,0.0,0.0,0.0
R03,17,354,0,0.0,0.0,0.0,0.0
R03,17,355,0,0.0,0.0,0.0,0.0
R03,17,356,0,0.0,0.0,0.0,0.0
R03,17,357,0,0.0,0.0,0.0,0.0
R03,17,358,0,0.0,0.0,0.0,0.0
R03,17,359,0,0.0,0.0,0.0,0.0
R03,17,360,0,0.0,0.0,0.0,0.0
R03,17,361,0,0.0,0.0,0.0,0.0
R03,17,362,0,0.0,0.0,0.0,0.0
R03,17,363,0,0.0,0.0,0.0,0.0
R03,17,364,0,0.0,0.0,0.0,0.0
R03,17,365,0,0.0,0.0,0.0,0.0
R03,17,366,0,0.0,0.0,0.0,0.0
R03,17,367,0,0.0,0.0,0.0,0.0
R03,17,368,0,0.0,0.0,0.0,0.0
R03,17,369,0,0.0,0.0,0.0,0.0
R03,17,370,0,0.0,0.0,0.0,0.0
R03,17,371,0,0.0,0.0,0.0,0.0
R03,17,372,0,0.0,0.0,0.0,0.0
R03,17,373,0,0.0,0.0,0.0,0.0
R03,17,374,0,0.0,0.0,0.0,0.0
R03,17,375,0,0.0,0.0,0.0,0.0
R03,17,376,0,0.0,0.0,0.0,0.0
R03,17,377,0,0.0,0.0,0.0,0.0
R03,17,378,0,0.0,0.0,0.0,0.0
R03,17,379,0,0.0,0.0,0.0,0.0
R03,17,380,0,0.0,0.0,0.0,0.0
R03,17,381,0,0.0,0.0,0.0,0.0
R03,17,382,0,0.0,0.0,0.0,0.0
R03,17,383,0,0.0,0.0,0.0,0.0
R03,17,384,0,0.0,0.0,0.0,0.0
R03,17,385,0,0.0,0.0,0.0,0.0
R03,17,386,0,0.0,0.0,0.0,0.0
R03,17,387,0,0.0,0.0,0.0,0.0
R03,17,388,0,0.0,0.0,0.0,0.0
R03,17,389,0,0.0,0.0,0.0,0.0
R03,17,390,0,0.0,0.0,0.0,0.0
R03,17,391,0,0.0,0.0,0.0,0.0
R03,17,392,0,0.0,0.0,0.0,0.0
R03,17,393,0,0.0,0.0,0.0,0.0
R03,17,394,0,0.0,0.0,0.0,0.0
R03,17,395,0,0.0,0.0,0.0,0.0
R03,17,396,0,0.0,0.0,0.0,0.0
R03,17,397,0,0.0,0.0,0.0,0.0
R03,17,398,0,0.0,0.0,0.0,0.0
R03,17,399,0,0.0,0.0,0.0,0.0
R03,17,400,0,0.0,0.0,0.0,0.0
R03,17,401,0,0.0,0.0,0.0,0.0
R03,17,402,0,0.0,0.0,0.0,0.0
R03,17,403,0,0.0,0.0,0.0,0.0
R03,17,404,0,0.0,0.0,0.0,0.0
R03,17,405,0,0.0,0.0,0.0,0.0
R03,17,406,0,0.0,0.0,0.0,0.0
R03,17,407,0,0.0,0.0,0.0,0.0
R03,17,408,0,0.0,0.0,0.0,0.0
R03,17,409,0,0.0,0.0,0.0,0.0
R03,17,410,0,0.0,0.0,0.0,0.0
R03,17,411,0,0.0,0.0,0.0,0.0
R03,17,412,0,0.0,0.0,0.0,0.0
R03,17,413,0,0.0,0.0,0.0,0.0
R03,17,414,0,0.0,0.0,0.0,0.0
R03,17,415,0,0.0,0.0,0.0,0.0
R03,17,416,0,0.0,0.0,0.0,0.0
R03,17,417,0,0.0,0.0,0.0,0.0
R03,17,418,0,0.0,0.0,0.0,0.0
R03,17,419,0,0.0,0.0,0.0,0.0
R03,17,420,0,0.0,0.0,0.0,0.0
R03,17,421,0,0.0,0.0,0.0,0.0
R03,17,422,0,0.0,0.0,0.0,0.0
R03,17,423,0,0.0,0.0,0.0,0.0
R03,17,424,0,0.0,0.0,0.0,0.0
R03,17,425,0,0.0,0.0,0.0,0.0
R03,17,426,0,0.0,0.0,0.0,0.0
R03,17,427,0,0.0,0.0,0.0,0.0
R03,17,428,0,0.0,0.0,0.0,0.0
R03,17,429,0,0.0,0.0,0.0,0.0
R03,17,430,0,0.0,0.0,0.0,0.0
R03,17,431,0,0.0,0.0,0.0,0.0
R03,17,432,0,0.0,0.0,0.0,0.0
R03,17,433,0,0.0,0.0,0.0,0.0
R03,17,434,0,0.0,0.0,0.0,0.0
R03,17,435,0,0.0,0.0,0.0,0.0
R03,17,436,0,0.0,0.0,0.0,0.0
R03,17,437,0,0.0,0.0,0.0,0.0
R03,17,438,0,0.0,0.0,0.0,0.0
R03,17,439,0,0.0,0.0,0.0,0.0
R03,17,440,0,0.0,0.0,0.0,0.0
R03,17,441,0,0.0,0.0,0.0,0.0
R03,17,442,0,0.0,0.0,0.0,0.0
R03,17,443,0,0.0,0.0,0.0,0.0
R03,17,444,0,0.0,0.0,0.0,0.0
R03,17,445,0,0.0,0.0,0.0,0.0
R03,17,446,0,0.0,0.0,0.0,0.0
R03,17,447,0,0.0,0.0,0.0,0.0
R03,17,448,0,0.0,0.0,0.0,0.0
R03,17,449,0,0.0,0.0,0.0,0.0
R03,17,450,0,0.0,0.0,0.0,0.0
R03,17,451,0,0.0,0.0,0.0,0.0
R03,17,452,0,0.0,0.0,0.0,0.0
R03,17,453,0,0.0,0.0,0.0,0.0
R03,17,454,0,0.0,0.0,0.0,0.0
R03,17,455,0,0.0,0.0,0.0,0.0
R03,17,456,0,0.0,0.0,0.0,0.0
R03,17,457,0,0.0,0.0,0.0,0.0
R03,17,458,0,0.0,0.0,0.0,0.0
R03,17,459,0,0.0,0.0,0.0,0.0
R03,17,460,0,0.0,0.0,0.0,0.0
R03,17,461,0,0.0,0.0,0.0,0.0
R03,17,462,0,0.0,0.0,0.0,0.0
R03,17,463,0,0.0,0.0,0.0,0.0
R03,17,464,0,0.0,0.0,0.0,0.0
R03,17,465,0,0.0,0.0,0.0,0.0
R03,17,466,0,0.0,0.0,0.0,0.0
R03,17,467,0,0.0,0.0,0.0,0.0
R03,17,468,0,0.0,0.0,0.0,0.0
R03,17,469,0,0.0,0.0,0.0,0.0
R03,17,470,0,0.0,0.0,0.0,0.0
R03,17,471,0,0.0,0.0,0.0,0.0
R03,17,472,0,0.0,0.0,0.0,0.0
R03,17,473,0,0.0,0.0,0.0,0.0
R03,17,474,0,0.0,0.0,0.0,0.0
R03,17,475,0,0.0,0.0,0.0,0.0
R03,17,476,0,0.0,0.0,0.0,0.0
R03,17,477,0,0.0,0.0,0.0,0.0
R03,17,478,0,0.0,0.0,0.0,0.0
R03,17,479,0,0.0,0.0,0.0,0.0
R03,17,480,0,0.0,0.0,0.0,0.0
R03,17,481,0,0.0,0.0,0.0,0.0
R03,17,482,0,0.0,0.0,0.0,0.0
R03,17,483,0,0.0,0.0,0.0,0.0
R03,17,484,0,0.0,0.0,0.0,0.0
R03,17,485,0,0.0,0.0,0.0,0.0
R03,17,486,0,0.0,0.0,0.0,0.0
R03,17,487,0,0.0,0.0,0.0,0.0
R03,17,488,0,0.0,0.0,0.0,0.0
R03,17,489,0,0.0,0.0,0.0,0.0
R03,17,490,0,0.0,0.0,0.0,0.0
R03,17,491,0,0.0,0.0,0.0,0.0
R03,17,492,0,0.0,0.0,0.0,0.0
R03,17,493,0,0.0,0.0,0.0,0.0
R03,17,494,0,0.0,0.0,0.0,0.0
R03,17,495,0,0.0,0.0,0.0,0.0
R03,17,496,0,0.0,0.0,0.0,0.0
R03,17,497,0,0.0,0.0,0.0,0.0
R03,17,498,0,0.0,0.0,0.0,0.0
R03,17,499,0,0.0,0.0,0.0,0.0
R03,17,500,0,0.0,0.0,0.0,0.0
R03,17,501,0,0.0,0.0,0.0,0.0
R03,17,502,0,0.0,0.0,0.0,0.0
R03,17,503,0,0.0,0.0,0.0,0.0
R03,17,504,0,0.0,0.0,0.0,0.0
R03,17,505,0,0.0,0.0,0.0,0.0
R03,17,506,0,0.0,0.0,0.0,0.0
R03,17,507,0,0.0,0.0,0.0,0.0
R03,17,508,0,0.0,0.0,0.0,0.0
R03,17,509,0,0.0,0.0,0.0,0.0
R03,17,510,0,0.0,0.0,0.0,0.0
R03,17,511,0,0.0,0.0,0.0,0.0
R03,17,512,0,0.0,0.0,0.0,0.0
R03,17,513,0,0.0,0.0,0.0,0.0
R03,17,514,0,0.0,0.0,0.0,0.0
R03,17,515,0,0.0,0.0,0.0,0.0
R03,17,516,0,0.0,0.0,0.0,0.0
R03,17,517,0,0.0,0.0,0.0,0.0
R03,17,518,0,0.0,0.0,0.0,0.0
R03,17,519,0,0.0,0.0,0.0,0.0
R03,17,520,0,0.0,0.0,0.0,0.0
R03,17,521,0,0.0,0.0,0.0,0.0
R03,17,522,0,0.0,0.0,0.0,0.0
R03,17,523,0,0.0,0.0,0.0,0.0
R03,17,524,0,0.0,0.0,0.0,0.0
R03,17,525,0,0.0,0.0,0.0,0.0
R03,17,526,0,0.0,0.0,0.0,0.0
R03,17,527,0,0.0,0.0,0.0,0.0
R03,17,528,0,0.0,0.0,0.0,0.0
R03,17,529,0,0.0,0.0,0.0,0.0
R03,17,530,0,0.0,0.0,0.0,0.0
R03,17,531,0,0.0,0.0,0.0,0.0
R03,17,532,0,0.0,0.0,0.0,0.0
R03,17,533,0,0.0,0.0,0.0,0.0
R03,17,534,0,0.0,0.0,0.0,0.0
R03,17,535,0,0.0,0.0,0.0,0.0
R03,17,536,0,0.0,0.0,0.0,0.0
R03,17,537,0,0.0,0.0,0.0,0.0
R03,17,538,0,0.0,0.0,0.0,0.0
R03,17,539,0,0.0,0.0,0.0,0.0
R03,17,540,0,0.0,0.0,0.0,0.0
R03,17,541,0,0.0,0.0,0.0,0.0
R03,17,542,0,0.0,0.0,0.0,0.0
R03,17,543,0,0.0,0.0,0.0,0.0
R03,17,544,0,0.0,0.0,0.0,0.0
R03,17,545,0,0.0,0.0,0.0,0.0
R03,17,546,0,0.0,0.0,0.0,0.0
R03,17,547,0,0.0,0.0,0.0,0.0
R03,17,548,0,0.0,0.0,0.0,0.0
R03,17,549,0,0.0,0.0,0.0,0.0
R03,17,550,0,0.0,0.0,0.0,0.0
R03,17,551,0,0.0,0.0,0.0,0.0
R03,17,552,0,0.0,0.0,0.0,0.0
R03,17,553,0,0.0,0.0,0.0,0.0
R03,17,554,0,0.0,0.0,0.0,0.0
R03,17,555,0,0.0,0.0,0.0,0.0
R03,17,556,0,0.0,0.0,0.0,0.0
R03,17,557,0,0.0,0.0,0.0,0.0
R03,17,558,0,0.0,0.0,0.0,0.0
R03,17,559,0,0.0,0.0,0.0,0.0
R03,17,560,0,0.0,0.0,0.0,0.0
R03,17,561,0,0.0,0.0,0.0,0.0
R03,17,562,0,0.0,0.0,0.0,0.0
R03,17,563,0,0.0,0.0,0.0,0.0
R03,17,564,0,0.0,0.0,0.0,0.0
R03,17,565,0,0.0,0.0,0.0,0.0
R03,17,566,0,0.0,0.0,0.0,0.0
R03,17,567,0,0.0,0.0,0.0,0.0
R03,17,568,0,0.0,0.0,0.0,0.0
R03,17,569,0,0.0,0.0,0.0,0.0
R03,17,570,0,0.0,0.0,0.0,0.0
R03,17,571,0,0.0,0.0,0.0,0.0
R03,17,572,0,0.0,0.0,0.0,0.0
R03,17,573,0,0.0,0.0,0.0,0.0
R03,17,574,0,0.0,0.0,0.0,0.0
R03,17,575,0,0.0,0.0,0.0,0.0
R03,17,576,0,0.0,0.0,0.0,0.0
R03,17,577,0,0.0,0.0,0.0,0.0
R03,17,578,0,0.0,0.0,0.0,0.0
R03,17,579,0,0.0,0.0,0.0,0.0
R03,17,580,0,0.0,0.0,0.0,0.0
R03,17,581,0,0.0,0.0,0.0,0.0
R03,17,582,0,0.0,0.0,0.0,0.0
R03,17,583,0,0.0,0.0,0.0,0.0
R03,17,584,0,0.0,0.0,0.0,0.0
R03,17,585,0,0.0,0.0,0.0,0.0
R03,17,586,0,0.0,0.0,0.0,0.0
R03,17,587,0,0.0,0.0,0.0,0.0
R03,17,588,0,0.0,0.0,0.0,0.0
R03,17,589,0,0.0,0.0,0.0,0.0
R03,17,590,0,0.0,0.0,0.0,0.0
R03,17,591,0,0.0,0.0,0.0,0.0
R03,17,592,0,0.0,0.0,0.0,0.0
R03,17,593,0,0.0,0.0,0.0,0.0
R03,17,594,0,0.0,0.0,0.0,0.0
R03,17,595,0,0.0,0.0,0.0,0.0
R03,17,596,0,0.0,0.0,0.0,0.0
R03,17,597,0,0.0,0.0,0.0,0.0
R03,17,598,0,0.0,0.0,0.0,0.0
R03,17,599,0,0.0,0.0,0.0,0.0
R03,17,600,0,0.0,0.0,0.0,0.0
R03,17,601,0,0.0,0.0,0.0,0.0
R03,17,602,0,0.0,0.0,0.0,0.0
R03,17,603,0,0.0,0.0,0.0,0.0
R03,17,604,0,0.0,0.0,0.0,0.0
R03,17,605,0,0.0,0.0,0.0,0.0
R03,17,606,0,0.0,0.0,0.0,0.0
R03,17,607,0,0.0,0.0,0.0,0.0
R03,17,608,0,0.0,0.0,0.0,0.0
R03,17,609,0,0.0,0.0,0.0,0.0
R03,17,610,0,0.0,0.0,0.0,0.0
R03,17,611,0,0.0,0.0,0.0,0.0
R03,17,612,0,0.0,0.0,0.0,0.0
R03,17,613,0,0.0,0.0,0.0,0.0
R03,17,614,0,0.0,0.0,0.0,0.0
R03,17,615,0,0.0,0.0,0.0,0.0
R03,17,616,0,0.0,0.0,0.0,0.0
R03,17,617,0,0.0,0.0,0.0,0.0
R03,17,618,0,0.0,0.0,0.0,0.0
R03,17,619,0,0.0,0.0,0.0,0.0
R03,17,620,0,0.0,0.0,0.0,0.0
R03,17,621,0,0.0,0.0,0.0,0.0
R03,17,622,0,0.0,0.0,0.0,0.0
R03,17,623,0,0.0,0.0,0.0,0.0
R03,17,624,0,0.0,0.0,0.0,0.0
R03,17,625,0,0.0,0.0,0.0,0.0
R03,17,626,0,0.0,0.0,0.0,0.0
R03,17,627,0,0.0,0.0,0.0,0.0
R03,17,628,0,0.0,0.0,0.0,0.0
R03,17,629,0,0.0,0.0,0.0,0.0
R03,17,630,0,0.0,0.0,0.0,0.0
R03,17,631,0,0.0,0.0,0.0,0.0
R03,17,632,0,0.0,0.0,0.0,0.0
R03,17,633,0,0.0,0.0,0.0,0.0
R03,17,634,0,0.0,0.0,0.0,0.0
R03,17,635,0,0.0,0.0,0.0,0.0
R03,17,636,0,0.0,0.0,0.0,0.0
R03,17,637,0,0.0,0.0,0.0,0.0
R03,17,638,0,0.0,0.0,0.0,0.0
R03,17,639,0,0.0,0.0,0.0,0.0
R03,17,640,0,0.0,0.0,0.0,0.0
R03,17,641,0,0.0,0.0,0.0,0.0
R03,17,642,0,0.0,0.0,0.0,0.0
R03,17,643,0,0.0,0.0,0.0,0.0
R03,17,644,0,0.0,0.0,0.0,0.0
R03,17,645,0,0.0,0.0,0.0,0.0
R03,17,646,0,0.0,0.0,0.0,0.0
R03,17,647,0,0.0,0.0,0.0,0.0
R03,17,648,0,0.0,0.0,0.0,0.0
R03,17,649,0,0.0,0.0,0.0,0.0
R03,17,650,0,0.0,0.0,0.0,0.0
R03,17,651,0,0.0,0.0,0.0,0.0
R03,17,652,0,0.0,0.0,0.0,0.0
R03,17,653,0,0.0,0.0,0.0,0.0
R03,17,654,0,0.0,0.0,0.0,0.0
R03,17,655,0,0.0,0.0,0.0,0.0
R03,17,656,0,0.0,0.0,0.0,0.0
R03,17,657,0,0.0,0.0,0.0,0.0
R03,17,658,0,0.0,0.0,0.0,0.0
R03,17,659,0,0.0,0.0,0.0,0.0
R03,17,660,0,0.0,0.0,0.0,0.0
R03,17,661,0,0.0,0.0,0.0,0.0
R03,17,662,0,0.0,0.0,0.0,0.0
R03,17,663,0,0.0,0.0,0.0,0.0
R03,17,664,0,0.0,0.0,0.0,0.0
R03,17,665,0,0.0,0.0,0.0,0.0
R03,17,666,0,0.0,0.0,0.0,0.0
R03,17,667,0,0.0,0.0,0.0,0.0
R03,17,668,0,0.0,0.0,0.0,0.0
R03,17,669,0,0.0,0.0,0.0,0.0
R03,17,670,0,0.0,0.0,0.0,0.0
R03,17,671,0,0.0,0.0,0.0,0.0
R03,17,672,0,0.0,0.0,0.0,0.0
R03,17,673,0,0.0,0.0,0.0,0.0
R03,17,674,0,0.0,0.0,0.0,0.0
R03,17,675,0,0.0,0.0,0.0,0.0
R03,17,676,0,0.0,0.0,0.0,0.0
R03,17,677,0,0.0,0.0,0.0,0.0
R03,17,678,0,0.0,0.0,0.0,0.0
R03,17,679,0,0.0,0.0,0.0,0.0
R03,17,680,0,0.0,0.0,0.0,0.0
R03,17,681,0,0.0,0.0,0.0,0.0
R03,17,682,0,0.0,0.0,0.0,0.0
R03,17,683,0,0.0,0.0,0.0,0.0
R03,17,684,0,0.0,0.0,0.0,0.0
R03,17,685,0,0.0,0.0,0.0,0.0
R03,17,686,0,0.0,0.0,0.0,0.0
R03,17,687,0,0.0,0.0,0.0,0.0
R03,17,688,0,0.0,0.0,0.0,0.0
R03,17,689,0,0.0,0.0,0.0,0.0
R03,17,690,0,0.0,0.0,0.0,0.0
R03,17,691,0,0.0,0.0,0.0,0.0
R03,17,692,0,0.0,0.0,0.0,0.0
R03,17,693,0,0.0,0.0,0.0,0.0
R03,17,694,0,0.0,0.0,0.0,0.0
R03,17,695,0,0.0,0.0,0.0,0.0
R03,17,696,0,0.0,0.0,0.0,0.0
R03,17,697,0,0.0,0.0,0.0,0.0
R03,17,698,0,0.0,0.0,0.0,0.0
R03,17,699,0,0.0,0.0,0.0,0.0
R03,17,700,0,0.0,0.0,0.0,0.0
R03,17,701,0,0.0,0.0,0.0,0.0
R03,17,702,0,0.0,0.0,0.0,0.0
R03,17,703,0,0.0,0.0,0.0,0.0
R03,17,704,0,0.0,0.0,0.0,0.0
R03,17,705,0,0.0,0.0,0.0,0.0
R03,17,706,0,0.0,0.0,0.0,0.0
R03,17,707,0,0.0,0.0,0.0,0.0
R03,17,708,0,0.0,0.0,0.0,0.0
R03,17,709,0,0.0,0.0,0.0,0.0
R03,17,710,0,0.0,0.0,0.0,0.0
R03,17,711,0,0.0,0.0,0.0,0.0
R03,17,712,0,0.0,0.0,0.0,0.0
R04,01,0,0,0.0,0.0,0.0,0.0
R04,01,1,0,0.0,0.0,0.0,0.0
R04,01,2,0,0.0,0.0,0.0,0.0
R04,01,3,0,0.0,0.0,0.0,0.0
R04,01,4,0,0.0,0.0,0.0,0.0
R04,01,5,0,0.0,0.0,0.0,0.0
R04,01,6,0,0.0,0.0,0.0,0.0
R04,01,7,0,0.0,0.0,0.0,0.0
R04,01,8,0,0.0,0.0,0.0,0.0
R04,01,9,0,0.0,0.0,0.0,0.0
R04,01,10,0,0.0,0.0,0.0,0.0
R04,01,11,0,0.0,0.0,0.0,0.0
R04,01,12,0,0.0,0.0,0.0,0.0
R04,01,13,0,0.0,0.0,0.0,0.0
R04,01,14,0,0.0,0.0,0.0,0.0
R04,01,15,0,0.0,0.0,0.0,0.0
R04,01,16,0,0.0,0.0,0.0,0.0
R04,01,17,0,0.0,0.0,0.0,0.0
R04,01,18,0,0.0,0.0,0.0,0.0
R04,01,19,0,0.0,0.0,0.0,0.0
R04,01,20,0,0.0,0.0,0.0,0.0
R04,01,21,0,0.0,0.0,0.0,0.0
R04,01,22,0,0.0,0.0,0.0,0.0
R04,01,23,0,0.0,0.0,0.0,0.0
R04,01,24,0,0.0,0.0,0.0,0.0
R04,01,25,0,0.0,0.0,0.0,0.0
R04,01,26,0,0.0,0.0,0.0,0.0
R04,01,27,0,0.0,0.0,0.0,0.0
R04,01,28,0,0.0,0.0,0.0,0.0
R04,01,29,0,0.0,0.0,0.0,0.0
R04,01,30,0,0.0,0.0,0.0,0.0
R04,01,31,0,0.0,0.0,0.0,0.0
R04,01,32,0,0.0,0.0,0.0,0.0
R04,01,33,0,0.0,0.0,0.0,0.0
R04,01,34,0,0.0,0.0,0.0,0.0
R04,01,35,0,0.0,0.0,0.0,0.0
R04,01,36,0,0.0,0.0,0.0,0.0
R04,01,37,0,0.0,0.0,0.0,0.0
R04,01,38,0,0.0,0.0,0.0,0.0
R04,01,39,0,0.0,0.0,0.0,0.0
R04,01,40,0,0.0,0.0,0.0,0.0
R04,01,41,0,0.0,0.0,0.0,0.0
R04,01,42,0,0.0,0.0,0.0,0.0
R04,01,43,0,0.0,0.0,0.0,0.0
R04,01,44,0,0.0,0.0,0.0,0.0
R04,01,45,0,0.0,0.0,0.0,0.0
R04,01,46,0,0.0,0.0,0.0,0.0
R04,01,47,0,0.0,0.0,0.0,0.0
R04,01,48,0,0.0,0.0,0.0,0.0
R04,01,49,0,0.0,0.0,0.0,0.0
R04,01,50,0,0.0,0.0,0.0,0.0
R04,01,51,0,0.0,0.0,0.0,0.0
R04,01,52,0,0.0,0.0,0.0,0.0
R04,01,53,0,0.0,0.0,0.0,0.0
R04,01,54,0,0.0,0.0,0.0,0.0
R04,01,55,0,0.0,0.0,0.0,0.0
R04,01,56,0,0.0,0.0,0.0,0.0
R04,01,57,0,0.0,0.0,0.0,0.0
R04,01,58,0,0.0,0.0,0.0,0.0
R04,01,59,0,0.0,0.0,0.0,0.0
R04,01,60,0,0.0,0.0,0.0,0.0
R04,01,61,0,0.0,0.0,0.0,0.0
R04,01,62,0,0.0,0.0,0.0,0.0
R04,01,63,0,0.0,0.0,0.0,0.0
R04,01,64,0,0.0,0.0,0.0,0.0
R04,01,65,0,0.0,0.0,0.0,0.0
R04,01,66,0,0.0,0.0,0.0,0.0
R04,01,67,0,0.0,0.0,0.0,0.0
R04,01,68,0,0.0,0.0,0.0,0.0
R04,01,69,0,0.0,0.0,0.0,0.0
R04,01,70,0,0.0,0.0,0.0,0.0
R04,01,71,0,0.0,0.0,0.0,0.0
R04,01,72,0,0.0,0.0,0.0,0.0
R04,01,73,0,0.0,0.0,0.0,0.0
R04,01,74,0,0.0,0.0,0.0,0.0
R04,01,75,0,0.0,0.0,0.0,0.0
R04,01,76,0,0.0,0.0,0.0,0.0
R04,01,77,0,0.0,0.0,0.0,0.0
R04,01,78,1,0.0,0.0,0.0,0.0
R04,01,79,1,0.0,0.0,0.0,0.0
R04,01,80,1,0.0,0.0,0.0,0.0
R04,01,81,1,0.0,0.0,0.0,0.0
R04,01,82,1,0.0,0.0,0.0,0.0
R04,01,83,1,0.0,0.0,0.0,0.0
R04,01,84,1,0.0,0.0,0.0,0.0
R04,01,85,1,0.0,0.0,0.0,0.0
R04,01,86,1,0.0,0.0,0.0,0.0
R04,01,87,1,0.0,0.0,0.0,0.0
R04,01,88,1,0.0,0.0,0.0,0.0
R04,01,89,1,0.0,0.0,0.0,0.0
R04,01,90,1,0.0,0.0,0.0,0.0
R04,01,91,1,0.0,0.0,0.0,0.0
R04,01,92,1,0.0,0.0,0.0,0.0
R04,01,93,1,0.0,0.0,0.0,0.0
R04,01,94,1,0.0,0.0,0.0,0.0
R04,01,95,1,0.0,0.0,0.0,0.0
R04,01,96,1,0.0,0.0,0.0,0.0
R04,01,97,1,0.0,0.0,0.0,0.0
R04,01,98,1,0.0,0.0,0.0,0.0
R04,01,99,1,0.0,0.0,0.0,0.0
R04,01,100,1,0.0,0.0,0.0,0.0
R04,01,101,1,0.0,0.0,0.0,0.0
R04,01,102,1,0.0,0.0,0.0,0.0
R04,01,103,1,0.0,0.0,0.0,0.0
R04,01,104,1,0.0,0.0,0.0,0.0
R04,01,105,1,0.0,0.0,0.0,0.0
R04,01,106,1,0.0,0.0,0.0,0.0
R04,01,107,1,0.0,0.0,0.0,0.0
R04,01,108,1,0.0,0.0,0.0,0.0
R04,01,109,1,0.0,0.0,0.0,0.0
R04,01,110,1,0.0,0.0,0.0,0.0
R04,01,111,1,0.0,0.0,0.0,0.0
R04,01,112,1,0.0,0.0,0.0,0.0
R04,01,113,1,0.0,0.0,0.0,0.0
R04,01,114,1,0.0,0.0,0.0,0.0
R04,01,115,1,0.0,0.0,0.0,0.0
R04,01,116,1,0.0,0.0,0.0,0.0
R04,01,117,1,0.0,0.0,0.0,0.0
R04,01,118,1,0.0,0.0,0.0,0.0
R04,01,119,1,0.0,0.0,0.0,0.0
R04,01,120,1,0.0,0.0,0.0,0.0
R04,01,121,1,0.0,0.0,0.0,0.0
R04,01,122,1,0.0,0.0,0.0,0.0
R04,01,123,1,0.0,0.0,0.0,0.0
R04,01,124,1,0.0,0.0,0.0,0.0
R04,01,125,1,0.0,0.0,0.0,0.0
R04,01,126,1,0.0,0.0,0.0,0.0
R04,01,127,1,0.0,0.0,0.0,0.0
R04,01,128,1,0.0,0.0,0.0,0.0
R04,01,129,1,0.0,0.0,0.0,0.0
R04,01,130,1,0.0,0.0,0.0,0.0
R04,01,131,1,0.0,0.0,0.0,0.0
R04,01,132,1,0.0,0.0,0.0,0.0
R04,01,133,1,0.0,0.0,0.0,0.0
R04,01,134,1,0.0,0.0,0.0,0.0
R04,01,135,1,0.0,0.0,0.0,0.0
R04,01,136,1,0.0,0.0,0.0,0.0
R04,01,137,1,0.0,0.0,0.0,0.0
R04,01,138,1,0.0,0.0,0.0,0.0
R04,01,139,1,0.0,0.0,0.0,0.0
R04,01,140,1,0.0,0.0,0.0,0.0
R04,01,141,1,0.0,0.0,0.0,0.0
R04,01,142,1,0.0,0.0,0.0,0.0
R04,01,143,1,0.0,0.0,0.0,0.0
R04,01,144,1,0.0,0.0,0.0,0.0
R04,01,145,1,0.0,0.0,0.0,0.0
R04,01,146,1,0.0,0.0,0.0,0.0
R04,01,147,1,0.0,0.0,0.0,0.0
R04,01,148,1,0.0,0.0,0.0,0.0
R04,01,149,1,0.0,0.0,0.0,0.0
R04,01,150,1,0.0,0.0,0.0,0.0
R04,01,151,1,0.0,0.0,0.0,0.0
R04,01,152,1,0.0,0.0,0.0,0.0
R04,01,153,1,0.0,0.0,0.0,0.0
R04,01,154,1,0.0,0.0,0.0,0.0
R04,01,155,1,0.0,0.0,0.0,0.0
R04,01,156,1,0.0,0.0,0.0,0.0
R04,01,157,1,0.0,0.0,0.0,0.0
R04,01,158,1,0.0,0.0,0.0,0.0
R04,01,159,1,0.0,0.0,0.0,0.0
R04,01,160,1,0.0,0.0,0.0,0.0
R04,01,161,1,0.0,0.0,0.0,0.0
R04,01,162,1,0.0,0.0,0.0,0.0
R04,01,163,1,0.0,0.0,0.0,0.0
R04,01,164,1,0.0,0.0,0.0,0.0
R04,01,165,1,0.0,0.0,0.0,0.0
R04,01,166,1,0.0,0.0,0.0,0.0
R04,01,167,1,0.0,0.0,0.0,0.0
R04,01,168,1,0.0,0.0,0.0,0.0
R04,01,169,1,0.0,0.0,0.0,0.0
R04,01,170,1,0.0,0.0,0.0,0.0
R04,01,171,1,0.0,0.0,0.0,0.0
R04,01,172,1,0.0,0.0,0.0,0.0
R04,01,173,1,0.0,0.0,0.0,0.0
R04,01,174,1,0.0,0.0,0.0,0.0
R04,01,175,1,0.0,0.0,0.0,0.0
R04,01,176,1,0.0,0.0,0.0,0.0
R04,01,177,1,0.0,0.0,0.0,0.0
R04,01,178,1,0.0,0.0,0.0,0.0
R04,01,179,1,0.0,0.0,0.0,0.0
R04,01,180,1,0.0,0.0,0.0,0.0
R04,01,181,1,0.0,0.0,0.0,0.0
R04,01,182,1,0.0,0.0,0.0,0.0
R04,01,183,1,0.0,0.0,0.0,0.0
R04,01,184,1,0.0,0.0,0.0,0.0
R04,01,185,1,0.0,0.0,0.0,0.0
R04,01,186,1,0.0,0.0,0.0,0.0
R04,01,187,1,0.0,0.0,0.0,0.0
R04,01,188,1,0.0,0.0,0.0,0.0
R04,01,189,1,0.0,0.0,0.0,0.0
R04,01,190,1,0.0,0.0,0.0,0.0
R04,01,191,1,0.0,0.0,0.0,0.0
R04,01,192,1,0.0,0.0,0.0,0.0
R04,01,193,1,0.0,0.0,0.0,0.0
R04,01,194,1,0.0,0.0,0.0,0.0
R04,01,195,1,0.0,0.0,0.0,0.0
R04,01,196,1,0.0,0.0,0.0,0.0
R04,01,197,1,0.0,0.0,0.0,0.0
R04,01,198,1,0.0,0.0,0.0,0.0
R04,01,199,1,0.0,0.0,0.0,0.0
R04,01,200,1,0.0,0.0,0.0,0.0
R04,01,201,1,0.0,0.0,0.0,0.0
R04,01,202,1,0.0,0.0,0.0,0.0
R04,01,203,1,0.0,0.0,0.0,0.0
R04,01,204,1,0.0,0.0,0.0,0.0
R04,01,205,1,0.0,0.0,0.0,0.0
R04,01,206,1,0.0,0.0,0.0,0.0
R04,01,207,1,0.0,0.0,0.0,0.0
R04,01,208,1,0.0,0.0,0.0,0.0
R04,01,209,1,0.0,0.0,0.0,0.0
R04,01,210,1,0.0,0.0,0.0,0.0
R04,01,211,1,0.0,0.0,0.0,0.0
R04,01,212,1,0.0,0.0,0.0,0.0
R04,01,213,1,0.0,0.0,0.0,0.0
R04,01,214,1,0.0,0.0,0.0,0.0
R04,01,215,1,0.0,0.0,0.0,0.0
R04,01,216,1,0.0,0.0,0.0,0.0
R04,01,217,1,0.0,0.0,0.0,0.0
R04,01,218,1,0.0,0.0,0.0,0.0
R04,01,219,1,0.0,0.0,0.0,0.0
R04,01,220,1,0.0,0.0,0.0,0.0
R04,01,221,1,0.0,0.0,0.0,0.0
R04,01,222,1,0.0,0.0,0.0,0.0
R04,01,223,1,0.0,0.0,0.0,0.0
R04,01,224,1,0.0,0.0,0.0,0.0
R04,01,225,1,0.0,0.0,0.0,0.0
R04,01,226,1,0.0,0.0,0.0,0.0
R04,01,227,1,0.0,0.0,0.0,0.0
R04,01,228,1,0.0,0.0,0.0,0.0
R04,01,229,1,0.0,0.0,0.0,0.0
R04,01,230,1,0.0,0.0,0.0,0.0
R04,01,231,1,0.0,0.0,0.0,0.0
R04,01,232,1,0.0,0.0,0.0,0.0
R04,01,233,1,0.0,0.0,0.0,0.0
R04,01,234,1,0.0,0.0,0.0,0.0
R04,01,235,1,0.0,0.0,0.0,0.0
R04,01,236,1,0.0,0.0,0.0,0.0
R04,01,237,1,0.0,0.0,0.0,0.0
R04,01,238,1,0.0,0.0,0.0,0.0
R04,01,239,1,0.0,0.0,0.0,0.0
R04,01,240,1,0.0,0.0,0.0,0.0
R04,01,241,1,0.0,0.0,0.0,0.0
R04,01,242,1,0.0,0.0,0.0,0.0
R04,01,243,1,0.0,0.0,0.0,0.0
R04,01,244,1,0.0,0.0,0.0,0.0
R04,01,245,1,0.0,0.0,0.0,0.0
R04,01,246,1,0.0,0.0,0.0,0.0
R04,01,247,1,0.0,0.0,0.0,0.0
R04,01,248,1,0.0,0.0,0.0,0.0
R04,01,249,1,0.0,0.0,0.0,0.0
R04,01,250,1,0.0,0.0,0.0,0.0
R04,01,251,1,0.0,0.0,0.0,0.0
R04,01,252,1,0.0,0.0,0.0,0.0
R04,01,253,1,0.0,0.0,0.0,0.0
R04,01,254,1,0.0,0.0,0.0,0.0
R04,01,255,1,0.0,0.0,0.0,0.0
R04,01,256,1,0.0,0.0,0.0,0.0
R04,01,257,1,0.0,0.0,0.0,0.0
R04,01,258,1,0.0,0.0,0.0,0.0
R04,01,259,1,0.0,0.0,0.0,0.0
R04,01,260,1,0.0,0.0,0.0,0.0
R04,01,261,1,0.0,0.0,0.0,0.0
R04,01,262,1,0.0,0.0,0.0,0.0
R04,01,263,1,0.0,0.0,0.0,0.0
R04,01,264,1,0.0,0.0,0.0,0.0
R04,01,265,1,0.0,0.0,0.0,0.0
R04,01,266,1,0.0,0.0,0.0,0.0
R04,01,267,1,0.0,0.0,0.0,0.0
R04,01,268,1,0.0,0.0,0.0,0.0
R04,01,269,1,0.0,0.0,0.0,0.0
R04,01,270,1,0.0,0.0,0.0,0.0
R04,01,271,1,0.0,0.0,0.0,0.0
R04,01,272,1,0.0,0.0,0.0,0.0
R04,01,273,1,0.0,0.0,0.0,0.0
R04,01,274,1,0.0,0.0,0.0,0.0
R04,01,275,1,0.0,0.0,0.0,0.0
R04,01,276,1,0.0,0.0,0.0,0.0
R04,01,277,1,0.0,0.0,0.0,0.0
R04,01,278,1,0.0,0.0,0.0,0.0
R04,01,279,1,0.0,0.0,0.0,0.0
R04,01,280,1,0.0,0.0,0.0,0.0
R04,01,281,1,0.0,0.0,0.0,0.0
R04,01,282,1,0.0,0.0,0.0,0.0
R04,01,283,1,0.0,0.0,0.0,0.0
R04,01,284,1,0.0,0.0,0.0,0.0
R04,01,285,1,0.0,0.0,0.0,0.0
R04,01,286,1,0.0,0.0,0.0,0.0
R04,01,287,1,0.0,0.0,0.0,0.0
R04,01,288,1,0.0,0.0,0.0,0.0
R04,01,289,1,0.0,0.0,0.0,0.0
R04,01,290,1,0.0,0.0,0.0,0.0
R04,01,291,1,0.0,0.0,0.0,0.0
R04,01,292,1,0.0,0.0,0.0,0.0
R04,01,293,1,0.0,0.0,0.0,0.0
R04,01,294,1,0.0,0.0,0.0,0.0
R04,01,295,1,0.0,0.0,0.0,0.0
R04,01,296,1,0.0,0.0,0.0,0.0
R04,01,297,1,0.0,0.0,0.0,0.0
R04,01,298,1,0.0,0.0,0.0,0.0
R04,01,299,1,0.0,0.0,0.0,0.0
R04,01,300,1,0.0,0.0,0.0,0.0
R04,01,301,1,0.0,0.0,0.0,0.0
R04,01,302,1,0.0,0.0,0.0,0.0
R04,01,303,1,0.0,0.0,0.0,0.0
R04,01,304,1,0.0,0.0,0.0,0.0
R04,01,305,1,0.0,0.0,0.0,0.0
R04,01,306,1,0.0,0.0,0.0,0.0
R04,01,307,1,0.0,0.0,0.0,0.0
R04,01,308,1,0.0,0.0,0.0,0.0
R04,01,309,1,0.0,0.0,0.0,0.0
R04,01,310,1,0.0,0.0,0.0,0.0
R04,01,311,1,0.0,0.0,0.0,0.0
R04,01,312,1,0.0,0.0,0.0,0.0
R04,01,313,1,0.0,0.0,0.0,0.0
R04,01,314,1,0.0,0.0,0.0,0.0
R04,01,315,1,0.0,0.0,0.0,0.0
R04,01,316,1,0.0,0.0,0.0,0.0
R04,01,317,1,0.0,0.0,0.0,0.0
R04,01,318,1,0.0,0.0,0.0,0.0
R04,01,319,1,0.0,0.0,0.0,0.0
R04,01,320,1,0.0,0.0,0.0,0.0
R04,01,321,1,0.0,0.0,0.0,0.0
R04,01,322,1,0.0,0.0,0.0,0.0
R04,01,323,1,0.0,0.0,0.0,0.0
R04,01,324,1,0.0,0.0,0.0,0.0
R04,01,325,1,0.0,0.0,0.0,0.0
R04,01,326,1,0.0,0.0,0.0,0.0
R04,01,327,1,0.0,0.0,0.0,0.0
R04,01,328,1,0.0,0.0,0.0,0.0
R04,01,329,1,0.0,0.0,0.0,0.0
R04,01,330,1,0.0,0.0,0.0,0.0
R04,01,331,1,0.0,0.0,0.0,0.0
R04,01,332,1,0.0,0.0,0.0,0.0
R04,01,333,1,0.0,0.0,0.0,0.0
R04,01,334,1,0.0,0.0,0.0,0.0
R04,01,335,1,0.0,0.0,0.0,0.0
R04,01,336,1,0.0,0.0,0.0,0.0
R04,01,337,1,0.0,0.0,0.0,0.0
R04,01,338,1,0.0,0.0,0.0,0.0
R04,01,339,1,0.0,0.0,0.0,0.0
R04,01,340,1,0.0,0.0,0.0,0.0
R04,01,341,1,0.0,0.0,0.0,0.0
R04,01,342,1,0.0,0.0,0.0,0.0
R04,01,343,1,0.0,0.0,0.0,0.0
R04,01,344,1,0.0,0.0,0.0,0.0
R04,01,345,1,0.0,0.0,0.0,0.0
R04,01,346,1,0.0,0.0,0.0,0.0
R04,01,347,1,0.0,0.0,0.0,0.0
R04,01,348,1,0.0,0.0,0.0,0.0
R04,01,349,1,0.0,0.0,0.0,0.0
R04,01,350,1,0.0,0.0,0.0,0.0
R04,01,351,1,0.0,0.0,0.0,0.0
R04,01,352,1,0.0,0.0,0.0,0.0
R04,01,353,1,0.0,0.0,0.0,0.0
R04,01,354,1,0.0,0.0,0.0,0.0
R04,01,355,1,0.0,0.0,0.0,0.0
R04,01,356,1,0.0,0.0,0.0,0.0
R04,01,357,1,0.0,0.0,0.0,0.0
R04,01,358,1,0.0,0.0,0.0,0.0
R04,01,359,1,0.0,0.0,0.0,0.0
R04,01,360,1,0.0,0.0,0.0,0.0
R04,01,361,1,0.0,0.0,0.0,0.0
R04,01,362,1,0.0,0.0,0.0,0.0
R04,01,363,1,0.0,0.0,0.0,0.0
R04,01,364,1,0.0,0.0,0.0,0.0
R04,01,365,1,0.0,0.0,0.0,0.0
R04,01,366,1,0.0,0.0,0.0,0.0
R04,01,367,1,0.0,0.0,0.0,0.0
R04,01,368,1,0.0,0.0,0.0,0.0
R04,01,369,1,0.0,0.0,0.0,0.0
R04,01,370,1,0.0,0.0,0.0,0.0
R04,01,371,1,0.0,0.0,0.0,0.0
R04,01,372,1,0.0,0.0,0.0,0.0
R04,01,373,1,0.0,0.0,0.0,0.0
R04,01,374,1,0.0,0.0,0.0,0.0
R04,01,375,1,0.0,0.0,0.0,0.0
R04,01,376,1,0.0,0.0,0.0,0.0
R04,01,377,1,0.0,0.0,0.0,0.0
R04,01,378,0,0.0,0.0,0.0,0.0
R04,01,379,0,0.0,0.0,0.0,0.0
R04,01,380,0,0.0,0.0,0.0,0.0
R04,01,381,0,0.0,0.0,0.0,0.0
R04,01,382,0,0.0,0.0,0.0,0.0
R04,01,383,0,0.0,0.0,0.0,0.0
R04,01,384,0,0.0,0.0,0.0,0.0
R04,01,385,0,0.0,0.0,0.0,0.0
R04,01,386,0,0.0,0.0,0.0,0.0
R04,01,387,0,0.0,0.0,0.0,0.0
R04,01,388,0,0.0,0.0,0.0,0.0
R04,01,389,0,0.0,0.0,0.0,0.0
R04,01,390,0,0.0,0.0,0.0,0.0
R04,01,391,0,0.0,0.0,0.0,0.0
R04,01,392,0,0.0,0.0,0.0,0.0
R04,01,393,0,0.0,0.0,0.0,0.0
R04,01,394,0,0.0,0.0,0.0,0.0
R04,01,395,0,0.0,0.0,0.0,0.0
R04,01,396,0,0.0,0.0,0.0,0.0
R04,01,397,0,0.0,0.0,0.0,0.0
R04,01,398,0,0.0,0.0,0.0,0.0
R04,01,399,0,0.0,0.0,0.0,0.0
R04,01,400,0,0.0,0.0,0.0,0.0
R04,01,401,0,0.0,0.0,0.0,0.0
R04,01,402,0,0.0,0.0,0.0,0.0
R04,01,403,0,0.0,0.0,0.0,0.0
R04,01,404,0,0.0,0.0,0.0,0.0
R04,01,405,0,0.0,0.0,0.0,0.0
R04,01,406,0,0.0,0.0,0.0,0.0
R04,01,407,0,0.0,0.0,0.0,0.0
R04,01,408,0,0.0,0.0,0.0,0.0
R04,01,409,0,0.0,0.0,0.0,0.0
R04,01,410,0,0.0,0.0,0.0,0.0
R04,02,0,0,0.0,0.0,0.0,0.0
R04,02,1,0,0.0,0.0,0.0,0.0
R04,02,2,0,0.0,0.0,0.0,0.0
R04,02,3,0,0.0,0.0,0.0,0.0
R04,02,4,0,0.0,0.0,0.0,0.0
R04,02,5,0,0.0,0.0,0.0,0.0
R04,02,6,0,0.0,0.0,0.0,0.0
R04,02,7,0,0.0,0.0,0.0,0.0
R04,02,8,0,0.0,0.0,0.0,0.0
R04,02,9,0,0.0,0.0,0.0,0.0
R04,02,10,0,0.0,0.0,0.0,0.0
R04,02,11,0,0.0,0.0,0.0,0.0
R04,02,12,0,0.0,0.0,0.0,0.0
R04,02,13,0,0.0,0.0,0.0,0.0
R04,02,14,0,0.0,0.0,0.0,0.0
R04,02,15,0,0.0,0.0,0.0,0.0
R04,02,16,0,0.0,0.0,0.0,0.0
R04,02,17,0,0.0,0.0,0.0,0.0
R04,02,18,0,0.0,0.0,0.0,0.0
R04,02,19,0,0.0,0.0,0.0,0.0
R04,02,20,0,0.0,0.0,0.0,0.0
R04,02,21,0,0.0,0.0,0.0,0.0
R04,02,22,0,0.0,0.0,0.0,0.0
R04,02,23,0,0.0,0.0,0.0,0.0
R04,02,24,0,0.0,0.0,0.0,0.0
R04,02,25,0,0.0,0.0,0.0,0.0
R04,02,26,0,0.0,0.0,0.0,0.0
R04,02,27,0,0.0,0.0,0.0,0.0
R04,02,28,0,0.0,0.0,0.0,0.0
R04,02,29,0,0.0,0.0,0.0,0.0
R04,02,30,0,0.0,0.0,0.0,0.0
R04,02,31,0,0.0,0.0,0.0,0.0
R04,02,32,0,0.0,0.0,0.0,0.0
R04,02,33,0,0.0,0.0,0.0,0.0
R04,02,34,0,0.0,0.0,0.0,0.0
R04,02,35,0,0.0,0.0,0.0,0.0
R04,02,36,0,0.0,0.0,0.0,0.0
R04,02,37,0,0.0,0.0,0.0,0.0
R04,02,38,0,0.0,0.0,0.0,0.0
R04,02,39,0,0.0,0.0,0.0,0.0
R04,02,40,0,0.0,0.0,0.0,0.0
R04,02,41,0,0.0,0.0,0.0,0.0
R04,02,42,0,0.0,0.0,0.0,0.0
R04,02,43,0,0.0,0.0,0.0,0.0
R04,02,44,0,0.0,0.0,0.0,0.0
R04,02,45,0,0.0,0.0,0.0,0.0
R04,02,46,0,0.0,0.0,0.0,0.0
R04,02,47,0,0.0,0.0,0.0,0.0
R04,02,48,0,0.0,0.0,0.0,0.0
R04,02,49,0,0.0,0.0,0.0,0.0
R04,02,50,0,0.0,0.0,0.0,0.0
R04,02,51,0,0.0,0.0,0.0,0.0
R04,02,52,0,0.0,0.0,0.0,0.0
R04,02,53,0,0.0,0.0,0.0,0.0
R04,02,54,0,0.0,0.0,0.0,0.0
R04,02,55,0,0.0,0.0,0.0,0.0
R04,02,56,0,0.0,0.0,0.0,0.0
R04,02,57,0,0.0,0.0,0.0,0.0
R04,02,58,0,0.0,0.0,0.0,0.0
R04,02,59,0,0.0,0.0,0.0,0.0
R04,02,60,0,0.0,0.0,0.0,0.0
R04,02,61,0,0.0,0.0,0.0,0.0
R04,02,62,0,0.0,0.0,0.0,0.0
R04,02,63,0,0.0,0.0,0.0,0.0
R04,02,64,0,0.0,0.0,0.0,0.0
R04,02,65,0,0.0,0.0,0.0,0.0
R04,02,66,0,0.0,0.0,0.0,0.0
R04,02,67,1,0.0,0.0,0.0,0.0
R04,02,68,1,0.0,0.0,0.0,0.0
R04,02,69,1,0.0,0.0,0.0,0.0
R04,02,70,1,0.0,0.0,0.0,0.0
R04,02,71,1,0.0,0.0,0.0,0.0
R04,02,72,1,0.0,0.0,0.0,0.0
R04,02,73,1,0.0,0.0,0.0,0.0
R04,02,74,1,0.0,0.0,0.0,0.0
R04,02,75,1,0.0,0.0,0.0,0.0
R04,02,76,1,0.0,0.0,0.0,0.0
R04,02,77,1,0.0,0.0,0.0,0.0
R04,02,78,1,0.0,0.0,0.0,0.0
R04,02,79,1,0.0,0.0,0.0,0.0
R04,02,80,1,0.0,0.0,0.0,0.0
R04,02,81,1,0.0,0.0,0.0,0.0
R04,02,82,1,0.0,0.0,0.0,0.0
R04,02,83,1,0.0,0.0,0.0,0.0
R04,02,84,1,0.0,0.0,0.0,0.0
R04,02,85,1,0.0,0.0,0.0,0.0
R04,02,86,1,0.0,0.0,0.0,0.0
R04,02,87,1,0.0,0.0,0.0,0.0
R04,02,88,1,0.0,0.0,0.0,0.0
R04,02,89,1,0.0,0.0,0.0,0.0
R04,02,90,1,0.0,0.0,0.0,0.0
R04,02,91,1,0.0,0.0,0.0,0.0
R04,02,92,1,0.0,0.0,0.0,0.0
R04,02,93,1,0.0,0.0,0.0,0.0
R04,02,94,1,0.0,0.0,0.0,0.0
R04,02,95,1,0.0,0.0,0.0,0.0
R04,02,96,1,0.0,0.0,0.0,0.0
R04,02,97,1,0.0,0.0,0.0,0.0
R04,02,98,1,0.0,0.0,0.0,0.0
R04,02,99,1,0.0,0.0,0.0,0.0
R04,02,100,1,0.0,0.0,0.0,0.0
R04,02,101,1,0.0,0.0,0.0,0.0
R04,02,102,1,0.0,0.0,0.0,0.0
R04,02,103,1,0.0,0.0,0.0,0.0
R04,02,104,1,0.0,0.0,0.0,0.0
R04,02,105,1,0.0,0.0,0.0,0.0
R04,02,106,1,0.0,0.0,0.0,0.0
R04,02,107,1,0.0,0.0,0.0,0.0
R04,02,108,1,0.0,0.0,0.0,0.0
R04,02,109,1,0.0,0.0,0.0,0.0
R04,02,110,1,0.0,0.0,0.0,0.0
R04,02,111,1,0.0,0.0,0.0,0.0
R04,02,112,1,0.0,0.0,0.0,0.0
R04,02,113,1,0.0,0.0,0.0,0.0
R04,02,114,1,0.0,0.0,0.0,0.0
R04,02,115,1,0.0,0.0,0.0,0.0
R04,02,116,1,0.0,0.0,0.0,0.0
R04,02,117,1,0.0,0.0,0.0,0.0
R04,02,118,1,0.0,0.0,0.0,0.0
R04,02,119,1,0.0,0.0,0.0,0.0
R04,02,120,1,0.0,0.0,0.0,0.0
R04,02,121,1,0.0,0.0,0.0,0.0
R04,02,122,1,0.0,0.0,0.0,0.0
R04,02,123,1,0.0,0.0,0.0,0.0
R04,02,124,1,0.0,0.0,0.0,0.0
R04,02,125,1,0.0,0.0,0.0,0.0
R04,02,126,1,0.0,0.0,0.0,0.0
R04,02,127,1,0.0,0.0,0.0,0.0
R04,02,128,1,0.0,0.0,0.0,0.0
R04,02,129,1,0.0,0.0,0.0,0.0
R04,02,130,1,0.0,0.0,0.0,0.0
R04,02,131,1,0.0,0.0,0.0,0.0
R04,02,132,1,0.0,0.0,0.0,0.0
R04,02,133,1,0.0,0.0,0.0,0.0
R04,02,134,1,0.0,0.0,0.0,0.0
R04,02,135,1,0.0,0.0,0.0,0.0
R04,02,136,1,0.0,0.0,0.0,0.0
R04,02,137,1,0.0,0.0,0.0,0.0
R04,02,138,1,0.0,0.0,0.0,0.0
R04,02,139,1,0.0,0.0,0.0,0.0
R04,02,140,1,0.0,0.0,0.0,0.0
R04,02,141,1,0.0,0.0,0.0,0.0
R04,02,142,1,0.0,0.0,0.0,0.0
R04,02,143,1,0.0,0.0,0.0,0.0
R04,02,144,1,0.0,0.0,0.0,0.0
R04,02,145,1,0.0,0.0,0.0,0.0
R04,02,146,1,0.0,0.0,0.0,0.0
R04,02,147,1,0.0,0.0,0.0,0.0
R04,02,148,1,0.0,0.0,0.0,0.0
R04,02,149,1,0.0,0.0,0.0,0.0
R04,02,150,1,0.0,0.0,0.0,0.0
R04,02,151,1,0.0,0.0,0.0,0.0
R04,02,152,1,0.0,0.0,0.0,0.0
R04,02,153,1,0.0,0.0,0.0,0.0
R04,02,154,1,0.0,0.0,0.0,0.0
R04,02,155,1,0.0,0.0,0.0,0.0
R04,02,156,1,0.0,0.0,0.0,0.0
R04,02,157,1,0.0,0.0,0.0,0.0
R04,02,158,1,0.0,0.0,0.0,0.0
R04,02,159,1,0.0,0.0,0.0,0.0
R04,02,160,1,0.0,0.0,0.0,0.0
R04,02,161,1,0.0,0.0,0.0,0.0
R04,02,162,1,0.0,0.0,0.0,0.0
R04,02,163,1,0.0,0.0,0.0,0.0
R04,02,164,1,0.0,0.0,0.0,0.0
R04,02,165,1,0.0,0.0,0.0,0.0
R04,02,166,1,0.0,0.0,0.0,0.0
R04,02,167,1,0.0,0.0,0.0,0.0
R04,02,168,1,0.0,0.0,0.0,0.0
R04,02,169,1,0.0,0.0,0.0,0.0
R04,02,170,1,0.0,0.0,0.0,0.0
R04,02,171,1,0.0,0.0,0.0,0.0
R04,02,172,1,0.0,0.0,0.0,0.0
R04,02,173,1,0.0,0.0,0.0,0.0
R04,02,174,1,0.0,0.0,0.0,0.0
R04,02,175,1,0.0,0.0,0.0,0.0
R04,02,176,1,0.0,0.0,0.0,0.0
R04,02,177,1,0.0,0.0,0.0,0.0
R04,02,178,1,0.0,0.0,0.0,0.0
R04,02,179,1,0.0,0.0,0.0,0.0
R04,02,180,1,0.0,0.0,0.0,0.0
R04,02,181,1,0.0,0.0,0.0,0.0
R04,02,182,1,0.0,0.0,0.0,0.0
R04,02,183,1,0.0,0.0,0.0,0.0
R04,02,184,1,0.0,0.0,0.0,0.0
R04,02,185,1,0.0,0.0,0.0,0.0
R04,02,186,1,0.0,0.0,0.0,0.0
R04,02,187,1,0.0,0.0,0.0,0.0
R04,02,188,1,0.0,0.0,0.0,0.0
R04,02,189,1,0.0,0.0,0.0,0.0
R04,02,190,1,0.0,0.0,0.0,0.0
R04,02,191,1,0.0,0.0,0.0,0.0
R04,02,192,1,0.0,0.0,0.0,0.0
R04,02,193,1,0.0,0.0,0.0,0.0
R04,02,194,1,0.0,0.0,0.0,0.0
R04,02,195,1,0.0,0.0,0.0,0.0
R04,02,196,1,0.0,0.0,0.0,0.0
R04,02,197,1,0.0,0.0,0.0,0.0
R04,02,198,1,0.0,0.0,0.0,0.0
R04,02,199,1,0.0,0.0,0.0,0.0
R04,02,200,1,0.0,0.0,0.0,0.0
R04,02,201,1,0.0,0.0,0.0,0.0
R04,02,202,1,0.0,0.0,0.0,0.0
R04,02,203,1,0.0,0.0,0.0,0.0
R04,02,204,1,0.0,0.0,0.0,0.0
R04,02,205,1,0.0,0.0,0.0,0.0
R04,02,206,1,0.0,0.0,0.0,0.0
R04,02,207,1,0.0,0.0,0.0,0.0
R04,02,208,1,0.0,0.0,0.0,0.0
R04,02,209,1,0.0,0.0,0.0,0.0
R04,02,210,1,0.0,0.0,0.0,0.0
R04,02,211,1,0.0,0.0,0.0,0.0
R04,02,212,1,0.0,0.0,0.0,0.0
R04,02,213,1,0.0,0.0,0.0,0.0
R04,02,214,1,0.0,0.0,0.0,0.0
R04,02,215,1,0.0,0.0,0.0,0.0
R04,02,216,1,0.0,0.0,0.0,0.0
R04,02,217,1,0.0,0.0,0.0,0.0
R04,02,218,1,0.0,0.0,0.0,0.0
R04,02,219,1,0.0,0.0,0.0,0.0
R04,02,220,1,0.0,0.0,0.0,0.0
R04,02,221,1,0.0,0.0,0.0,0.0
R04,02,222,1,0.0,0.0,0.0,0.0
R04,02,223,1,0.0,0.0,0.0,0.0
R04,02,224,1,0.0,0.0,0.0,0.0
R04,02,225,1,0.0,0.0,0.0,0.0
R04,02,226,1,0.0,0.0,0.0,0.0
R04,02,227,1,0.0,0.0,0.0,0.0
R04,02,228,1,0.0,0.0,0.0,0.0
R04,02,229,1,0.0,0.0,0.0,0.0
R04,02,230,1,0.0,0.0,0.0,0.0
R04,02,231,1,0.0,0.0,0.0,0.0
R04,02,232,1,0.0,0.0,0.0,0.0
R04,02,233,1,0.0,0.0,0.0,0.0
R04,02,234,1,0.0,0.0,0.0,0.0
R04,02,235,1,0.0,0.0,0.0,0.0
R04,02,236,1,0.0,0.0,0.0,0.0
R04,02,237,1,0.0,0.0,0.0,0.0
R04,02,238,1,0.0,0.0,0.0,0.0
R04,02,239,1,0.0,0.0,0.0,0.0
R04,02,240,1,0.0,0.0,0.0,0.0
R04,02,241,1,0.0,0.0,0.0,0.0
R04,02,242,1,0.0,0.0,0.0,0.0
R04,02,243,1,0.0,0.0,0.0,0.0
R04,02,244,1,0.0,0.0,0.0,0.0
R04,02,245,1,0.0,0.0,0.0,0.0
R04,02,246,1,0.0,0.0,0.0,0.0
R04,02,247,1,0.0,0.0,0.0,0.0
R04,02,248,1,0.0,0.0,0.0,0.0
R04,02,249,1,0.0,0.0,0.0,0.0
R04,02,250,1,0.0,0.0,0.0,0.0
R04,02,251,1,0.0,0.0,0.0,0.0
R04,02,252,1,0.0,0.0,0.0,0.0
R04,02,253,1,0.0,0.0,0.0,0.0
R04,02,254,1,0.0,0.0,0.0,0.0
R04,02,255,1,0.0,0.0,0.0,0.0
R04,02,256,1,0.0,0.0,0.0,0.0
R04,02,257,1,0.0,0.0,0.0,0.0
R04,02,258,1,0.0,0.0,0.0,0.0
R04,02,259,1,0.0,0.0,0.0,0.0
R04,02,260,1,0.0,0.0,0.0,0.0
R04,02,261,1,0.0,0.0,0.0,0.0
R04,02,262,1,0.0,0.0,0.0,0.0
R04,02,263,1,0.0,0.0,0.0,0.0
R04,02,264,1,0.0,0.0,0.0,0.0
R04,02,265,1,0.0,0.0,0.0,0.0
R04,02,266,1,0.0,0.0,0.0,0.0
R04,02,267,1,0.0,0.0,0.0,0.0
R04,02,268,1,0.0,0.0,0.0,0.0
R04,02,269,1,0.0,0.0,0.0,0.0
R04,02,270,1,0.0,0.0,0.0,0.0
R04,02,271,1,0.0,0.0,0.0,0.0
R04,02,272,1,0.0,0.0,0.0,0.0
R04,02,273,1,0.0,0.0,0.0,0.0
R04,02,274,1,0.0,0.0,0.0,0.0
R04,02,275,1,0.0,0.0,0.0,0.0
R04,02,276,1,0.0,0.0,0.0,0.0
R04,02,277,1,0.0,0.0,0.0,0.0
R04,02,278,1,0.0,0.0,0.0,0.0
R04,02,279,1,0.0,0.0,0.0,0.0
R04,02,280,1,0.0,0.0,0.0,0.0
R04,02,281,1,0.0,0.0,0.0,0.0
R04,02,282,1,0.0,0.0,0.0,0.0
R04,02,283,1,0.0,0.0,0.0,0.0
R04,02,284,1,0.0,0.0,0.0,0.0
R04,02,285,1,0.0,0.0,0.0,0.0
R04,02,286,1,0.0,0.0,0.0,0.0
R04,02,287,1,0.0,0.0,0.0,0.0
R04,02,288,1,0.0,0.0,0.0,0.0
R04,02,289,1,0.0,0.0,0.0,0.0
R04,02,290,1,0.0,0.0,0.0,0.0
R04,02,291,1,0.0,0.0,0.0,0.0
R04,02,292,1,0.0,0.0,0.0,0.0
R04,02,293,1,0.0,0.0,0.0,0.0
R04,02,294,1,0.0,0.0,0.0,0.0
R04,02,295,1,0.0,0.0,0.0,0.0
R04,02,296,1,0.0,0.0,0.0,0.0
R04,02,297,1,0.0,0.0,0.0,0.0
R04,02,298,1,0.0,0.0,0.0,0.0
R04,02,299,1,0.0,0.0,0.0,0.0
R04,02,300,1,0.0,0.0,0.0,0.0
R04,02,301,1,0.0,0.0,0.0,0.0
R04,02,302,1,0.0,0.0,0.0,0.0
R04,02,303,1,0.0,0.0,0.0,0.0
R04,02,304,1,0.0,0.0,0.0,0.0
R04,02,305,1,0.0,0.0,0.0,0.0
R04,02,306,1,0.0,0.0,0.0,0.0
R04,02,307,1,0.0,0.0,0.0,0.0
R04,02,308,1,0.0,0.0,0.0,0.0
R04,02,309,1,0.0,0.0,0.0,0.0
R04,02,310,1,0.0,0.0,0.0,0.0
R04,02,311,1,0.0,0.0,0.0,0.0
R04,02,312,1,0.0,0.0,0.0,0.0
R04,02,313,1,0.0,0.0,0.0,0.0
R04,02,314,1,0.0,0.0,0.0,0.0
R04,02,315,1,0.0,0.0,0.0,0.0
R04,02,316,1,0.0,0.0,0.0,0.0
R04,02,317,1,0.0,0.0,0.0,0.0
R04,02,318,1,0.0,0.0,0.0,0.0
R04,02,319,1,0.0,0.0,0.0,0.0
R04,02,320,1,0.0,0.0,0.0,0.0
R04,02,321,1,0.0,0.0,0.0,0.0
R04,02,322,1,0.0,0.0,0.0,0.0
R04,02,323,1,0.0,0.0,0.0,0.0
R04,02,324,1,0.0,0.0,0.0,0.0
R04,02,325,1,0.0,0.0,0.0,0.0
R04,02,326,1,0.0,0.0,0.0,0.0
R04,02,327,1,0.0,0.0,0.0,0.0
R04,02,328,1,0.0,0.0,0.0,0.0
R04,02,329,1,0.0,0.0,0.0,0.0
R04,02,330,1,0.0,0.0,0.0,0.0
R04,02,331,1,0.0,0.0,0.0,0.0
R04,02,332,1,0.0,0.0,0.0,0.0
R04,02,333,1,0.0,0.0,0.0,0.0
R04,02,334,1,0.0,0.0,0.0,0.0
R04,02,335,1,0.0,0.0,0.0,0.0
R04,02,336,1,0.0,0.0,0.0,0.0
R04,02,337,1,0.0,0.0,0.0,0.0
R04,02,338,1,0.0,0.0,0.0,0.0
R04,02,339,1,0.0,0.0,0.0,0.0
R04,02,340,1,0.0,0.0,0.0,0.0
R04,02,341,1,0.0,0.0,0.0,0.0
R04,02,342,1,0.0,0.0,0.0,0.0
R04,02,343,1,0.0,0.0,0.0,0.0
R04,02,344,1,0.0,0.0,0.0,0.0
R04,02,345,1,0.0,0.0,0.0,0.0
R04,02,346,1,0.0,0.0,0.0,0.0
R04,02,347,1,0.0,0.0,0.0,0.0
R04,02,348,1,0.0,0.0,0.0,0.0
R04,02,349,1,0.0,0.0,0.0,0.0
R04,02,350,1,0.0,0.0,0.0,0.0
R04,02,351,1,0.0,0.0,0.0,0.0
R04,02,352,1,0.0,0.0,0.0,0.0
R04,02,353,0,0.0,0.0,0.0,0.0
R04,02,354,0,0.0,0.0,0.0,0.0
R04,02,355,0,0.0,0.0,0.0,0.0
R04,02,356,0,0.0,0.0,0.0,0.0
R04,02,357,0,0.0,0.0,0.0,0.0
R04,02,358,0,0.0,0.0,0.0,0.0
R04,02,359,0,0.0,0.0,0.0,0.0
R04,02,360,0,0.0,0.0,0.0,0.0
R04,02,361,0,0.0,0.0,0.0,0.0
R04,02,362,0,0.0,0.0,0.0,0.0
R04,02,363,0,0.0,0.0,0.0,0.0
R04,02,364,0,0.0,0.0,0.0,0.0
R04,02,365,0,0.0,0.0,0.0,0.0
R04,02,366,0,0.0,0.0,0.0,0.0
R04,02,367,0,0.0,0.0,0.0,0.0
R04,02,368,0,0.0,0.0,0.0,0.0
R04,02,369,0,0.0,0.0,0.0,0.0
R04,02,370,0,0.0,0.0,0.0,0.0
R04,02,371,0,0.0,0.0,0.0,0.0
R04,02,372,0,0.0,0.0,0.0,0.0
R04,02,373,0,0.0,0.0,0.0,0.0
R04,02,374,0,0.0,0.0,0.0,0.0
R04,02,375,0,0.0,0.0,0.0,0.0
R04,02,376,0,0.0,0.0,0.0,0.0
R04,02,377,0,0.0,0.0,0.0,0.0
R04,02,378,0,0.0,0.0,0.0,0.0
R04,02,379,0,0.0,0.0,0.0,0.0
R04,02,380,0,0.0,0.0,0.0,0.0
R04,02,381,0,0.0,0.0,0.0,0.0
R04,02,382,0,0.0,0.0,0.0,0.0
R04,02,383,0,0.0,0.0,0.0,0.0
R04,02,384,0,0.0,0.0,0.0,0.0
R04,02,385,0,0.0,0.0,0.0,0.0
R04,02,386,0,0.0,0.0,0.0,0.0
R04,02,387,0,0.0,0.0,0.0,0.0
R04,02,388,0,0.0,0.0,0.0,0.0
R04,02,389,0,0.0,0.0,0.0,0.0
R04,02,390,0,0.0,0.0,0.0,0.0
R04,02,391,0,0.0,0.0,0.0,0.0
R04,02,392,0,0.0,0.0,0.0,0.0
R04,02,393,0,0.0,0.0,0.0,0.0
R04,02,394,0,0.0,0.0,0.0,0.0
R04,02,395,0,0.0,0.0,0.0,0.0
R04,02,396,0,0.0,0.0,0.0,0.0
R04,02,397,0,0.0,0.0,0.0,0.0
R04,03,0,0,0.0,0.0,0.0,0.0
R04,03,1,0,0.0,0.0,0.0,0.0
R04,03,2,0,0.0,0.0,0.0,0.0
R04,03,3,0,0.0,0.0,0.0,0.0
R04,03,4,0,0.0,0.0,0.0,0.0
R04,03,5,0,0.0,0.0,0.0,0.0
R04,03,6,0,0.0,0.0,0.0,0.0
R04,03,7,0,0.0,0.0,0.0,0.0
R04,03,8,0,0.0,0.0,0.0,0.0
R04,03,9,0,0.0,0.0,0.0,0.0
R04,03,10,0,0.0,0.0,0.0,0.0
R04,03,11,0,0.0,0.0,0.0,0.0
R04,03,12,0,0.0,0.0,0.0,0.0
R04,03,13,0,0.0,0.0,0.0,0.0
R04,03,14,0,0.0,0.0,0.0,0.0
R04,03,15,0,0.0,0.0,0.0,0.0
R04,03,16,0,0.0,0.0,0.0,0.0
R04,03,17,0,0.0,0.0,0.0,0.0
R04,03,18,0,0.0,0.0,0.0,0.0
R04,03,19,0,0.0,0.0,0.0,0.0
R04,03,20,0,0.0,0.0,0.0,0.0
R04,03,21,0,0.0,0.0,0.0,0.0
R04,03,22,0,0.0,0.0,0.0,0.0
R04,03,23,0,0.0,0.0,0.0,0.0
R04,03,24,0,0.0,0.0,0.0,0.0
R04,03,25,0,0.0,0.0,0.0,0.0
R04,03,26,0,0.0,0.0,0.0,0.0
R04,03,27,0,0.0,0.0,0.0,0.0
R04,03,28,0,0.0,0.0,0.0,0.0
R04,03,29,0,0.0,0.0,0.0,0.0
R04,03,30,0,0.0,0.0,0.0,0.0
R04,03,31,0,0.0,0.0,0.0,0.0
R04,03,32,0,0.0,0.0,0.0,0.0
R04,03,33,0,0.0,0.0,0.0,0.0
R04,03,34,0,0.0,0.0,0.0,0.0
R04,03,35,0,0.0,0.0,0.0,0.0
R04,03,36,0,0.0,0.0,0.0,0.0
R04,03,37,0,0.0,0.0,0.0,0.0
R04,03,38,0,0.0,0.0,0.0,0.0
R04,03,39,0,0.0,0.0,0.0,0.0
R04,03,40,0,0.0,0.0,0.0,0.0
R04,03,41,0,0.0,0.0,0.0,0.0
R04,03,42,0,0.0,0.0,0.0,0.0
R04,03,43,0,0.0,0.0,0.0,0.0
R04,03,44,0,0.0,0.0,0.0,0.0
R04,03,45,0,0.0,0.0,0.0,0.0
R04,03,46,0,0.0,0.0,0.0,0.0
R04,03,47,0,0.0,0.0,0.0,0.0
R04,03,48,0,0.0,0.0,0.0,0.0
R04,03,49,0,0.0,0.0,0.0,0.0
R04,03,50,0,0.0,0.0,0.0,0.0
R04,03,51,0,0.0,0.0,0.0,0.0
R04,03,52,0,0.0,0.0,0.0,0.0
R04,03,53,0,0.0,0.0,0.0,0.0
R04,03,54,0,0.0,0.0,0.0,0.0
R04,03,55,0,0.0,0.0,0.0,0.0
R04,03,56,0,0.0,0.0,0.0,0.0
R04,03,57,0,0.0,0.0,0.0,0.0
R04,03,58,0,0.0,0.0,0.0,0.0
R04,03,59,0,0.0,0.0,0.0,0.0
R04,03,60,0,0.0,0.0,0.0,0.0
R04,03,61,0,0.0,0.0,0.0,0.0
R04,03,62,0,0.0,0.0,0.0,0.0
R04,03,63,0,0.0,0.0,0.0,0.0
R04,03,64,0,0.0,0.0,0.0,0.0
R04,03,65,1,0.0,0.0,0.0,0.0
R04,03,66,1,0.0,0.0,0.0,0.0
R04,03,67,1,0.0,0.0,0.0,0.0
R04,03,68,1,0.0,0.0,0.0,0.0
R04,03,69,1,0.0,0.0,0.0,0.0
R04,03,70,1,0.0,0.0,0.0,0.0
R04,03,71,1,0.0,0.0,0.0,0.0
R04,03,72,1,0.0,0.0,0.0,0.0
R04,03,73,1,0.0,0.0,0.0,0.0
R04,03,74,1,0.0,0.0,0.0,0.0
R04,03,75,1,0.0,0.0,0.0,0.0
R04,03,76,1,0.0,0.0,0.0,0.0
R04,03,77,1,0.0,0.0,0.0,0.0
R04,03,78,1,0.0,0.0,0.0,0.0
R04,03,79,1,0.0,0.0,0.0,0.0
R04,03,80,1,0.0,0.0,0.0,0.0
R04,03,81,1,0.0,0.0,0.0,0.0
R04,03,82,1,0.0,0.0,0.0,0.0
R04,03,83,1,0.0,0.0,0.0,0.0
R04,03,84,1,0.0,0.0,0.0,0.0
R04,03,85,1,0.0,0.0,0.0,0.0
R04,03,86,1,0.0,0.0,0.0,0.0
R04,03,87,1,0.0,0.0,0.0,0.0
R04,03,88,1,0.0,0.0,0.0,0.0
R04,03,89,1,0.0,0.0,0.0,0.0
R04,03,90,1,0.0,0.0,0.0,0.0
R04,03,91,1,0.0,0.0,0.0,0.0
R04,03,92,1,0.0,0.0,0.0,0.0
R04,03,93,1,0.0,0.0,0.0,0.0
R04,03,94,1,0.0,0.0,0.0,0.0
R04,03,95,1,0.0,0.0,0.0,0.0
R04,03,96,1,0.0,0.0,0.0,0.0
R04,03,97,1,0.0,0.0,0.0,0.0
R04,03,98,1,0.0,0.0,0.0,0.0
R04,03,99,1,0.0,0.0,0.0,0.0
R04,03,100,1,0.0,0.0,0.0,0.0
R04,03,101,1,0.0,0.0,0.0,0.0
R04,03,102,1,0.0,0.0,0.0,0.0
R04,03,103,1,0.0,0.0,0.0,0.0
R04,03,104,1,0.0,0.0,0.0,0.0
R04,03,105,1,0.0,0.0,0.0,0.0
R04,03,106,1,0.0,0.0,0.0,0.0
R04,03,107,1,0.0,0.0,0.0,0.0
R04,03,108,1,0.0,0.0,0.0,0.0
R04,03,109,1,0.0,0.0,0.0,0.0
R04,03,110,1,0.0,0.0,0.0,0.0
R04,03,111,1,0.0,0.0,0.0,0.0
R04,03,112,1,0.0,0.0,0.028533932966073698,0.026284381299914224
R04,03,113,1,0.0,0.0,0.028533932966073698,0.026340139947683132
R04,03,114,1,0.0,0.0,0.028533932966073698,0.026395285698167816
R04,03,115,1,0.0,0.0,0.028533932966073698,0.026449814209883724
R04,03,116,1,0.0,0.0,0.028533932966073698,0.026503721183663845
R04,03,117,1,0.0,0.0,0.028533932966073698,0.026557002363222993
R04,03,118,1,0.0,0.0,0.028533932966073698,0.02660965353571728
R04,03,119,1,0.0,0.0,0.028533932966073698,0.026661670532298693
R04,03,120,1,0.0,0.0,0.028533932966073698,0.026713049228664697
R04,03,121,1,0.0,0.0,0.028533932966073698,0.026763785545602735
R04,03,122,1,0.0,0.0,0.028533932966073698,0.026813875449529526
R04,03,123,1,0.0,0.0,0.028533932966073698,0.026863314953025096
R04,03,124,1,0.0,0.0,0.028533932966073698,0.026912100115361375
R04,03,125,1,0.0,0.0,0.028533932966073698,0.02696022704302535
R04,03,126,1,0.0,0.0,0.028533932966073698,0.02700769189023659
R04,03,127,1,0.0,0.0,0.028533932966073698,0.027054490859459095
R04,03,128,1,0.0,0.0,0.05900805139150733,0.05604396672261192
R04,03,129,1,0.0,0.0,0.05900805139150733,0.056137969569664
R04,03,130,1,0.0,0.0,0.05900805139150733,0.056230572433037966
R04,03,131,1,0.0,0.0,0.05900805139150733,0.05632176786886602
R04,03,132,1,0.0,0.0,0.05900805139150733,0.05641154853815916
R04,03,133,1,0.0,0.0,0.05900805139150733,0.05649990720779097
R04,03,134,1,0.0,0.0,0.05900805139150733,0.05658683675146855
R04,03,135,1,0.0,0.0,0.05900805139150733,0.05667233015069003
R04,03,136,1,0.0,0.0,0.05900805139150733,0.05675638049568867
R04,03,137,1,0.0,0.0,0.05900805139150733,0.056838980986363336
R04,03,138,1,0.0,0.0,0.05900805139150733,0.056920124933195135
R04,03,139,1,0.0,0.0,0.05900805139150733,0.056999805758150134
R04,03,140,1,0.0,0.0,0.05900805139150733,0.05707801699556783
R04,03,141,1,0.0,0.0,0.05900805139150733,0.05715475229303543
R04,03,142,1,0.0,0.0,0.05900805139150733,0.05723000541224755
R04,03,143,1,0.0,0.0,0.05900805139150733,0.05730377022985124
R04,03,144,1,0.0,0.0,0.06264764138655149,0.06091496905232556
R04,03,145,1,0.0,0.0,0.06264764138655149,0.060990104441294345
R04,03,146,1,0.0,0.0,0.06264764138655149,0.06106364096875849
R04,03,147,1,0.0,0.0,0.06264764138655149,0.06113557263050534
R04,03,148,1,0.0,0.0,0.06264764138655149,0.061205893548611875
R04,03,149,1,0.0,0.0,0.06264764138655149,0.061274597972245055
R04,03,150,1,0.0,0.0,0.06264764138655149,0.06134168027844565
R04,03,151,1,0.0,0.0,0.06264764138655149,0.06140713497289514
R04,03,152,1,0.0,0.0,0.06264764138655149,0.06147095669066562
R04,03,153,1,0.0,0.0,0.06264764138655149,0.061533140196952656
R04,03,154,1,0.0,0.0,0.06264764138655149,0.06159368038779082
R04,03,155,1,0.0,0.0,0.06264764138655149,0.0616525722907519
R04,03,156,1,0.0,0.0,0.06264764138655149,0.06170981106562548
R04,03,157,1,0.0,0.0,0.06264764138655149,0.06176539200508195
R04,03,158,1,0.0,0.0,0.06264764138655149,0.061819310535317695
R04,03,159,1,0.0,0.0,0.06264764138655149,0.06187156221668232
R04,03,160,1,0.0,0.0,0.06585156203757052,0.06508896000193434
R04,03,161,1,0.0,0.0,0.06585156203757052,0.06514036631228311
R04,03,162,1,0.0,0.0,0.06585156203757052,0.0651900073801948
R04,03,163,1,0.0,0.0,0.06585156203757052,0.06523787910923583
R04,03,164,1,0.0,0.0,0.06585156203757052,0.06528397754699682
R04,03,165,1,0.0,0.0,0.06585156203757052,0.06532829888563635
R04,03,166,1,0.0,0.0,0.06585156203757052,0.06537083946240527
R04,03,167,1,0.0,0.0,0.06585156203757052,0.06541159576015111
R04,03,168,1,0.0,0.0,0.06585156203757052,0.06545056440780274
R04,03,169,1,0.0,0.0,0.06585156203757052,0.06548774218083507
R04,03,170,1,0.0,0.0,0.06585156203757052,0.06552312600171377
R04,03,171,1,0.0,0.0,0.06585156203757052,0.06555671294031981
R04,03,172,1,0.0,0.0,0.06585156203757052,0.06558850021435392
R04,03,173,1,0.0,0.0,0.06585156203757052,0.06561848518972066
R04,03,174,1,0.0,0.0,0.06585156203757052,0.06564666538089224
R04,03,175,1,0.0,0.0,0.06585156203757052,0.06567303845125187
R04,03,176,1,0.0,0.0,0.06853230587120425,0.0683720785138826
R04,03,177,1,0.0,0.0,0.06853230587120425,0.06839575715555556
R04,03,178,1,0.0,0.0,0.06853230587120425,0.06841754874841692
R04,03,179,1,0.0,0.0,0.06853230587120425,0.06843745148376744
R04,03,180,1,0.0,0.0,0.06853230587120425,0.06845546370934678
R04,03,181,1,0.0,0.0,0.06853230587120425,0.06847158392956221
R04,03,182,1,0.0,0.0,0.06853230587120425,0.06848581080569545
R04,03,183,1,0.0,0.0,0.06853230587120425,0.06849814315608806
R04,03,184,1,0.0,0.0,0.06853230587120425,0.06850857995630497
R04,03,185,1,0.0,0.0,0.06853230587120425,0.06851712033927632
R04,03,186,1,0.0,0.0,0.06853230587120425,0.06852376359541752
R04,03,187,1,0.0,0.0,0.06853230587120425,0.06852850917272756
R04,03,188,1,0.0,0.0,0.06853230587120425,0.06853135667686529
R04,03,189,1,0.0,0.0,0.06853230587120425,0.06853230587120425
R04,03,190,1,0.0,0.0,0.06853230587120425,0.06853135667686529
R04,03,191,1,0.0,0.0,0.06853230587120425,0.06852850917272756
R04,03,192,1,0.0,0.0,0.07061427707019009,0.07060547528508239
R04,03,193,1,0.0,0.0,0.07061427707019009,0.07059863021072162
R04,03,194,1,0.0,0.0,0.07061427707019009,0.0705898303759319
R04,03,195,1,0.0,0.0,0.07061427707019009,0.0705790765118546
R04,03,196,1,0.0,0.0,0.07061427707019009,0.07056636951190064
R04,03,197,1,0.0,0.0,0.07061427707019009,0.07055171043162682
R04,03,198,1,0.0,0.0,0.07061427707019009,0.07053510048858969
R04,03,199,1,0.0,0.0,0.07061427707019009,0.07051654106217696
R04,03,200,1,0.0,0.0,0.07061427707019009,0.07049603369341664
R04,03,201,1,0.0,0.0,0.07061427707019009,0.07047358008476373
R04,03,202,1,0.0,0.0,0.07061427707019009,0.07044918209986474
R04,03,203,1,0.0,0.0,0.07061427707019009,0.07042284176329978
R04,03,204,1,0.0,0.0,0.07061427707019009,0.07039456126030268
R04,03,205,1,0.0,0.0,0.07061427707019009,0.07036434293645875
R04,03,206,1,0.0,0.0,0.07061427707019009,0.07033218929738058
R04,03,207,1,0.0,0.0,0.07061427707019009,0.0702981030083618
R04,03,208,1,0.0,0.0,0.07203732887691361,0.07167804120023641
R04,03,209,1,0.0,0.0,0.07203732887691361,0.0716393335999504
R04,03,210,1,0.0,0.0,0.07203732887691361,0.0715986635326054
R04,03,211,1,0.0,0.0,0.07203732887691361,0.07155603436482397
R04,03,212,1,0.0,0.0,0.07203732887691361,0.07151144962402697
R04,03,213,1,0.0,0.0,0.07203732887691361,0.07146491299794712
R04,03,214,1,0.0,0.0,0.07203732887691361,0.07141642833412062
R04,03,215,1,0.0,0.0,0.07203732887691361,0.07136599963935701
R04,03,216,1,0.0,0.0,0.07203732887691361,0.07131363107918727
R04,03,217,1,0.0,0.0,0.07203732887691361,0.07125932697729043
R04,03,218,1,0.0,0.0,0.07203732887691361,0.07120309181489852
R04,03,219,1,0.0,0.0,0.07203732887691361,0.07114493023018038
R04,03,220,1,0.0,0.0,0.07203732887691361,0.07108484701760402
R04,03,221,1,0.0,0.0,0.07203732887691361,0.07102284712727798
R04,03,222,1,0.0,0.0,0.07203732887691361,0.0709589356642716
R04,03,223,1,0.0,0.0,0.07203732887691361,0.0708931178879145
R04,03,224,1,0.0,0.49979091231592776,0.07275964920471163,0.07153556748594264
R04,03,225,1,0.0,0.49979091231592776,0.07275964920471163,0.07146525545262933
R04,03,226,1,0.0,0.49979091231592776,0.07275964920471163,0.07139303485495596
R04,03,227,1,0.0,0.49979091231592776,0.07275964920471163,0.07131891162072325
R04,03,228,1,0.0,0.49979091231592776,0.07275964920471163,0.07124289182968976
R04,03,229,1,0.0,0.49979091231592776,0.07275964920471163,0.07116498171274087
R04,03,230,1,0.0,0.49979091231592776,0.07275964920471163,0.0710851876510376
R04,03,231,1,0.0,0.49979091231592776,0.07275964920471163,0.07100351617514573
R04,03,232,1,0.0,0.49979091231592776,0.07275964920471163,0.07091997396414501
R04,03,233,1,0.0,0.49979091231592776,0.07275964920471163,0.07083456784471891
R04,03,234,1,0.0,0.49979091231592776,0.07275964920471163,0.07074730479022501
R04,03,235,1,0.0,0.49979091231592776,0.07275964920471163,0.07065819191974623
R04,03,236,1,0.0,0.49979091231592776,0.07275964920471163,0.07056723649712289
R04,03,237,1,0.0,0.49979091231592776,0.07275964920471163,0.07047444592996613
R04,03,238,1,0.0,0.49979091231592776,0.07275964920471163,0.07037982776865254
R04,03,239,1,0.0,0.49979091231592776,0.07275964920471163,0.07028338970530044
R04,03,240,1,1.0,0.5002090876840722,0.0727598013360192,0.0701852863210584
R04,03,241,1,1.0,0.5002090876840722,0.0727598013360192,0.07008523188252204
R04,03,242,1,1.0,0.5002090876840722,0.0727598013360192,0.06998338145448688
R04,03,243,1,1.0,0.5002090876840722,0.0727598013360192,0.0698797432854555
R04,03,244,1,1.0,0.5002090876840722,0.0727598013360192,0.06977432576028382
R04,03,245,1,1.0,0.5002090876840722,0.0727598013360192,0.06966713739905075
R04,03,246,1,1.0,0.5002090876840722,0.0727598013360192,0.06955818685591098
R04,03,247,1,1.0,0.5002090876840722,0.0727598013360192,0.06944748291793068
R04,03,248,1,1.0,0.5002090876840722,0.0727598013360192,0.06933503450390703
R04,03,249,1,1.0,0.5002090876840722,0.0727598013360192,0.06922085066317092
R04,03,250,1,1.0,0.5002090876840722,0.0727598013360192,0.06910494057437389
R04,03,251,1,1.0,0.5002090876840722,0.0727598013360192,0.06898731354425888
R04,03,252,1,1.0,0.5002090876840722,0.0727598013360192,0.06886797900641552
R04,03,253,1,1.0,0.5002090876840722,0.0727598013360192,0.06874694652001974
R04,03,254,1,1.0,0.5002090876840722,0.0727598013360192,0.06862422576855841
R04,03,255,1,1.0,0.5002090876840722,0.0727598013360192,0.06849982655853876
R04,03,256,1,0.0,0.0,0.07203778073340635,0.06769526242816667
R04,03,257,1,0.0,0.0,0.07203778073340635,0.06756880367744605
R04,03,258,1,0.0,0.0,0.07203778073340635,0.06744071296947571
R04,03,259,1,0.0,0.0,0.07203778073340635,0.06731100048758325
R04,03,260,1,0.0,0.0,0.07203778073340635,0.06717967653029361
R04,03,261,1,0.0,0.0,0.07203778073340635,0.06704675150996746
R04,03,262,1,0.0,0.0,0.07203778073340635,0.06691223595142659
R04,03,263,1,0.0,0.0,0.07203778073340635,0.06677614049056632
R04,03,264,1,0.0,0.0,0.07203778073340635,0.06663847587295543
R04,03,265,1,0.0,0.0,0.07203778073340635,0.06649925295242365
R04,03,266,1,0.0,0.0,0.07203778073340635,0.06635848268963711
R04,03,267,1,0.0,0.0,0.07203778073340635,0.06621617615066193
R04,03,268,1,0.0,0.0,0.07203778073340635,0.06607234450551631
R04,03,269,1,0.0,0.0,0.07203778073340635,0.06592699902671127
R04,03,270,1,0.0,0.0,0.07203778073340635,0.06578015108778035
R04,03,271,1,0.0,0.0,0.07203778073340635,0.06563181216179857
R04,03,272,1,0.0,0.0,0.07061501526438432,0.06418870689876224
R04,03,273,1,0.0,0.0,0.07061501526438432,0.06404040874941354
R04,03,274,1,0.0,0.0,0.07061501526438432,0.06389068337062648
R04,03,275,1,0.0,0.0,0.07061501526438432,0.06373954238446232
R04,03,276,1,0.0,0.0,0.07061501526438432,0.06358699750314993
R04,03,277,1,0.0,0.0,0.07061501526438432,0.06343306052757632
R04,03,278,1,0.0,0.0,0.07061501526438432,0.06327774334576847
R04,03,279,1,0.0,0.0,0.07061501526438432,0.06312105793136678
R04,03,280,1,0.0,0.0,0.07061501526438432,0.0629630163420904
R04,03,281,1,0.0,0.0,0.07061501526438432,0.0628036307181946
R04,03,282,1,0.0,0.0,0.07061501526438432,0.06264291328092075
R04,03,283,1,0.0,0.0,0.07061501526438432,0.06248087633093885
R04,03,284,1,0.0,0.0,0.07061501526438432,0.062317532246783096
R04,03,285,1,0.0,0.0,0.07061501526438432,0.06215289348328069
R04,03,286,1,0.0,0.0,0.07061501526438432,0.0619869725699742
R04,03,287,1,0.0,0.0,0.07061501526438432,0.06181978210953772
R04,03,288,1,0.0,0.0,0.06853330882443952,0.059833874563875664
R04,03,289,1,0.0,0.0,0.06853330882443952,0.05966918554789789
R04,03,290,1,0.0,0.0,0.06853330882443952,0.059503301514456784
R04,03,291,1,0.0,0.0,0.06853330882443952,0.05933623496312425
R04,03,292,1,0.0,0.0,0.06853330882443952,0.05916799845668149
R04,03,293,1,0.0,0.0,0.06853330882443952,0.05899860461955148
R04,03,294,1,0.0,0.0,0.06853330882443952,0.0588280661362274
R04,03,295,1,0.0,0.0,0.06853330882443952,0.058656395749697235
R04,03,296,1,0.0,0.0,0.06853330882443952,0.058483606259864755
R04,03,297,1,0.0,0.0,0.06853330882443952,0.05830971052196729
R04,03,298,1,0.0,0.0,0.06853330882443952,0.058134721444990455
R04,03,299,1,0.0,0.0,0.06853330882443952,0.05795865199008011
R04,03,300,1,0.0,0.0,0.06853330882443952,0.0577815151689519
R04,03,301,1,0.0,0.0,0.06853330882443952,0.057603324042298565
R04,03,302,1,0.0,0.0,0.06853330882443952,0.05742409171819532
R04,03,303,1,0.0,0.0,0.06853330882443952,0.057243831350503586
R04,03,304,1,0.0,0.0,0.06585280102770949,0.05483069794669435
R04,03,305,1,0.0,0.0,0.06585280102770949,0.05465555042730406
R04,03,306,1,0.0,0.0,0.06585280102770949,0.054479453240420875
R04,03,307,1,0.0,0.0,0.06585280102770949,0.05430241918604656
R04,03,308,1,0.0,0.0,0.06585280102770949,0.05412446110049427
R04,03,309,1,0.0,0.0,0.06585280102770949,0.05394559185485062
R04,03,310,1,0.0,0.0,0.06585280102770949,0.053765824353437915
R04,03,311,1,0.0,0.0,0.06585280102770949,0.05358517153227688
R04,03,312,1,0.0,0.0,0.06585280102770949,0.053403646357550114
R04,03,313,1,0.0,0.0,0.06585280102770949,0.053221261824066446
R04,03,314,1,0.0,0.0,0.06585280102770949,0.05303803095372659
R04,03,315,1,0.0,0.0,0.06585280102770949,0.05285396679399027
R04,03,316,1,0.0,0.0,0.06585280102770949,0.05266908241634502
R04,03,317,1,0.0,0.0,0.06585280102770949,0.05248339091477696
R04,03,318,1,0.0,0.0,0.06585280102770949,0.05229690540424386
R04,03,319,1,0.0,0.0,0.06585280102770949,0.05210963901915055
R04,03,320,1,0.0,0.0,0.06264908191353026,0.049395634330486354
R04,03,321,1,0.0,0.0,0.06264908191353026,0.049216030181668306
R04,03,322,1,0.0,0.0,0.06264908191353026,0.04903572073040668
R04,03,323,1,0.0,0.0,0.06264908191353026,0.04885471853167683
R04,03,324,1,0.0,0.0,0.06264908191353026,0.048673036151746576
R04,03,325,1,0.0,0.0,0.06264908191353026,0.0484906861667447
R04,03,326,1,0.0,0.0,0.06264908191353026,0.048307681161233434
R04,03,327,1,0.0,0.0,0.06264908191353026,0.0481240337267851
R04,03,328,1,0.0,0.0,0.06264908191353026,0.047939756460563136
R04,03,329,1,0.0,0.0,0.06264908191353026,0.04775486196390769
R04,03,330,1,0.0,0.0,0.06264908191353026,0.047569362840926104
R04,03,331,1,0.0,0.0,0.06264908191353026,0.04738327169708835
R04,03,332,1,0.0,0.0,0.06264908191353026,0.04719660113782775
R04,03,333,1,0.0,0.0,0.06264908191353026,0.047009363767147205
R04,03,334,1,0.0,0.0,0.06264908191353026,0.04682157218623098
R04,03,335,1,0.0,0.0,0.06264908191353026,0.04663323899206251
R04,03,336,1,0.0,0.0,0.05900965477020012,0.04374631767715979
R04,03,337,1,0.0,0.0,0.05900965477020012,0.04356794045890373
R04,03,338,1,0.0,0.0,0.05900965477020012,0.04338908864985132
R04,03,339,1,0.0,0.0,0.05900965477020012,0.043209774086469074
R04,03,340,1,0.0,0.0,0.05900965477020012,0.043030008594846576
R04,03,341,1,0.0,0.0,0.05900965477020012,0.04284980398943175
R04,03,342,1,0.0,0.0,0.05900965477020012,0.042669172071772926
R04,03,343,1,0.0,0.0,0.05900965477020012,0.04248812462926801
R04,03,344,1,0.0,0.0,0.05900965477020012,0.0423066734339208
R04,03,345,1,0.0,0.0,0.05900965477020012,0.042124830241104784
R04,03,346,1,0.0,0.0,0.05900965477020012,0.04194260678833436
R04,03,347,1,0.0,0.0,0.05900965477020012,0.04176001479404393
R04,03,348,1,0.0,0.0,0.05900965477020012,0.04157706595637478
R04,03,349,1,0.0,0.0,0.05900965477020012,0.041393771951970124
R04,03,350,1,0.0,0.0,0.05900965477020012,0.0412101444347783
R04,03,351,1,0.0,0.0,0.05900965477020012,0.04102619503486443
R04,03,352,1,0.0,0.0,0.028557807325588172,0.019765513377057217
R04,03,353,1,0.0,0.0,0.028557807325588172,0.019676196085176963
R04,03,354,1,0.0,0.0,0.028557807325588172,0.019586739827812002
R04,03,355,1,0.0,0.0,0.028557807325588172,0.0194971501814486
R04,03,356,1,0.0,0.0,0.028557807325588172,0.01940743270820275
R04,03,357,1,0.0,0.0,0.028557807325588172,0.01931759295527101
R04,03,358,1,0.0,0.0,0.028557807325588172,0.019227636454385973
R04,03,359,1,0.0,0.0,0.028557807325588172,0.01913756872127631
R04,03,360,1,0.0,0.0,0.028557807325588172,0.019047395255131577
R04,03,361,1,0.0,0.0,0.028557807325588172,0.018957121538071824
R04,03,362,1,0.0,0.0,0.028557807325588172,0.018866753034622003
R04,03,363,1,0.0,0.0,0.028557807325588172,0.018776295191191335
R04,03,364,1,0.0,0.0,0.028557807325588172,0.018685753435557645
R04,03,365,1,0.0,0.0,0.028557807325588172,0.0185951331763567
R04,03,366,1,0.0,0.0,0.028557807325588172,0.018504439802576714
R04,03,367,1,0.0,0.0,0.028557807325588172,0.01841367868305795
R04,03,368,1,0.0,0.0,0.0,0.0
R04,03,369,1,0.0,0.0,0.0,0.0
R04,03,370,1,0.0,0.0,0.0,0.0
R04,03,371,1,0.0,0.0,0.0,0.0
R04,03,372,1,0.0,0.0,0.0,0.0
R04,03,373,1,0.0,0.0,0.0,0.0
R04,03,374,1,0.0,0.0,0.0,0.0
R04,03,375,1,0.0,0.0,0.0,0.0
R04,03,376,1,0.0,0.0,0.0,0.0
R04,03,377,1,0.0,0.0,0.0,0.0
R04,03,378,1,0.0,0.0,0.0,0.0
R04,03,379,1,0.0,0.0,0.0,0.0
R04,03,380,1,0.0,0.0,0.0,0.0
R04,04,0,0,0.0,0.0,0.0,0.0
R04,04,1,0,0.0,0.0,0.0,0.0
R04,04,2,0,0.0,0.0,0.0,0.0
R04,04,3,0,0.0,0.0,0.0,0.0
R04,04,4,0,0.0,0.0,0.0,0.0
R04,04,5,0,0.0,0.0,0.0,0.0
R04,04,6,0,0.0,0.0,0.0,0.0
R04,04,7,0,0.0,0.0,0.0,0.0
R04,04,8,0,0.0,0.0,0.0,0.0
R04,04,9,0,0.0,0.0,0.0,0.0
R04,04,10,0,0.0,0.0,0.0,0.0
R04,04,11,0,0.0,0.0,0.0,0.0
R04,04,12,0,0.0,0.0,0.0,0.0
R04,04,13,0,0.0,0.0,0.0,0.0
R04,04,14,0,0.0,0.0,0.0,0.0
R04,04,15,0,0.0,0.0,0.0,0.0
R04,04,16,0,0.0,0.0,0.0,0.0
R04,04,17,0,0.0,0.0,0.0,0.0
R04,04,18,0,0.0,0.0,0.0,0.0
R04,04,19,0,0.0,0.0,0.0,0.0
R04,04,20,0,0.0,0.0,0.0,0.0
R04,04,21,0,0.0,0.0,0.0,0.0
R04,04,22,0,0.0,0.0,0.0,0.0
R04,04,23,0,0.0,0.0,0.0,0.0
R04,04,24,0,0.0,0.0,0.0,0.0
R04,04,25,0,0.0,0.0,0.0,0.0
R04,04,26,0,0.0,0.0,0.0,0.0
R04,04,27,0,0.0,0.0,0.0,0.0
R04,04,28,0,0.0,0.0,0.0,0.0
R04,04,29,0,0.0,0.0,0.0,0.0
R04,04,30,0,0.0,0.0,0.0,0.0
R04,04,31,0,0.0,0.0,0.0,0.0
R04,04,32,0,0.0,0.0,0.0,0.0
R04,04,33,0,0.0,0.0,0.0,0.0
R04,04,34,0,0.0,0.0,0.0,0.0
R04,04,35,0,0.0,0.0,0.0,0.0
R04,04,36,0,0.0,0.0,0.0,0.0
R04,04,37,0,0.0,0.0,0.0,0.0
R04,04,38,0,0.0,0.0,0.0,0.0
R04,04,39,0,0.0,0.0,0.0,0.0
R04,04,40,0,0.0,0.0,0.0,0.0
R04,04,41,0,0.0,0.0,0.0,0.0
R04,04,42,0,0.0,0.0,0.0,0.0
R04,04,43,0,0.0,0.0,0.0,0.0
R04,04,44,0,0.0,0.0,0.0,0.0
R04,04,45,0,0.0,0.0,0.0,0.0
R04,04,46,0,0.0,0.0,0.0,0.0
R04,04,47,0,0.0,0.0,0.0,0.0
R04,04,48,0,0.0,0.0,0.0,0.0
R04,04,49,0,0.0,0.0,0.0,0.0
R04,04,50,0,0.0,0.0,0.0,0.0
R04,04,51,0,0.0,0.0,0.0,0.0
R04,04,52,0,0.0,0.0,0.0,0.0
R04,04,53,0,0.0,0.0,0.0,0.0
R04,04,54,0,0.0,0.0,0.0,0.0
R04,04,55,0,0.0,0.0,0.0,0.0
R04,04,56,0,0.0,0.0,0.0,0.0
R04,04,57,0,0.0,0.0,0.0,0.0
R04,04,58,0,0.0,0.0,0.0,0.0
R04,04,59,0,0.0,0.0,0.0,0.0
R04,04,60,0,0.0,0.0,0.0,0.0
R04,04,61,0,0.0,0.0,0.0,0.0
R04,04,62,0,0.0,0.0,0.0,0.0
R04,04,63,0,0.0,0.0,0.0,0.0
R04,04,64,0,0.0,0.0,0.0,0.0
R04,04,65,0,0.0,0.0,0.0,0.0
R04,04,66,0,0.0,0.0,0.0,0.0
R04,04,67,0,0.0,0.0,0.0,0.0
R04,04,68,0,0.0,0.0,0.0,0.0
R04,04,69,0,0.0,0.0,0.0,0.0
R04,04,70,0,0.0,0.0,0.0,0.0
R04,04,71,0,0.0,0.0,0.0,0.0
R04,04,72,0,0.0,0.0,0.0,0.0
R04,04,73,0,0.0,0.0,0.0,0.0
R04,04,74,0,0.0,0.0,0.0,0.0
R04,04,75,0,0.0,0.0,0.0,0.0
R04,04,76,0,0.0,0.0,0.0,0.0
R04,04,77,0,0.0,0.0,0.0,0.0
R04,04,78,0,0.0,0.0,0.0,0.0
R04,04,79,0,0.0,0.0,0.0,0.0
R04,04,80,0,0.0,0.0,0.0,0.0
R04,04,81,0,0.0,0.0,0.0,0.0
R04,04,82,0,0.0,0.0,0.0,0.0
R04,04,83,0,0.0,0.0,0.0,0.0
R04,04,84,0,0.0,0.0,0.0,0.0
R04,04,85,0,0.0,0.0,0.0,0.0
R04,04,86,0,0.0,0.0,0.0,0.0
R04,04,87,0,0.0,0.0,0.0,0.0
R04,04,88,0,0.0,0.0,0.0,0.0
R04,04,89,0,0.0,0.0,0.0,0.0
R04,04,90,0,0.0,0.0,0.0,0.0
R04,04,91,0,0.0,0.0,0.0,0.0
R04,04,92,0,0.0,0.0,0.0,0.0
R04,04,93,0,0.0,0.0,0.0,0.0
R04,04,94,0,0.0,0.0,0.0,0.0
R04,04,95,0,0.0,0.0,0.0,0.0
R04,04,96,0,0.0,0.0,0.0,0.0
R04,04,97,0,0.0,0.0,0.0,0.0
R04,04,98,0,0.0,0.0,0.0,0.0
R04,04,99,0,0.0,0.0,0.0,0.0
R04,04,100,0,0.0,0.0,0.0,0.0
R04,04,101,0,0.0,0.0,0.0,0.0
R04,04,102,0,0.0,0.0,0.0,0.0
R04,04,103,0,0.0,0.0,0.0,0.0
R04,04,104,0,0.0,0.0,0.0,0.0
R04,04,105,0,0.0,0.0,0.0,0.0
R04,04,106,0,0.0,0.0,0.0,0.0
R04,04,107,0,0.0,0.0,0.0,0.0
R04,04,108,0,0.0,0.0,0.0,0.0
R04,04,109,0,0.0,0.0,0.0,0.0
R04,04,110,0,0.0,0.0,0.0,0.0
R04,04,111,0,0.0,0.0,0.0,0.0
R04,04,112,0,0.0,0.0,0.0,0.0
R04,04,113,0,0.0,0.0,0.0,0.0
R04,04,114,0,0.0,0.0,0.0,0.0
R04,04,115,0,0.0,0.0,0.0,0.0
R04,04,116,0,0.0,0.0,0.0,0.0
R04,04,117,0,0.0,0.0,0.0,0.0
R04,04,118,0,0.0,0.0,0.0,0.0
R04,04,119,0,0.0,0.0,0.0,0.0
R04,04,120,0,0.0,0.0,0.0,0.0
R04,04,121,0,0.0,0.0,0.0,0.0
R04,04,122,0,0.0,0.0,0.0,0.0
R04,04,123,0,0.0,0.0,0.0,0.0
R04,04,124,0,0.0,0.0,0.0,0.0
R04,04,125,0,0.0,0.0,0.0,0.0
R04,04,126,0,0.0,0.0,0.0,0.0
R04,04,127,0,0.0,0.0,0.0,0.0
R04,04,128,0,0.0,0.0,0.0,0.0
R04,04,129,0,0.0,0.0,0.0,0.0
R04,04,130,0,0.0,0.0,0.0,0.0
R04,04,131,0,0.0,0.0,0.0,0.0
R04,04,132,0,0.0,0.0,0.0,0.0
R04,04,133,0,0.0,0.0,0.0,0.0
R04,04,134,0,0.0,0.0,0.0,0.0
R04,04,135,0,0.0,0.0,0.0,0.0
R04,04,136,0,0.0,0.0,0.0,0.0
R04,04,137,0,0.0,0.0,0.0,0.0
R04,04,138,0,0.0,0.0,0.0,0.0
R04,04,139,0,0.0,0.0,0.0,0.0
R04,04,140,0,0.0,0.0,0.0,0.0
R04,04,141,0,0.0,0.0,0.0,0.0
R04,04,142,0,0.0,0.0,0.0,0.0
R04,04,143,0,0.0,0.0,0.0,0.0
R04,04,144,0,0.0,0.0,0.0,0.0
R04,04,145,0,0.0,0.0,0.0,0.0
R04,04,146,0,0.0,0.0,0.0,0.0
R04,04,147,0,0.0,0.0,0.0,0.0
R04,04,148,0,0.0,0.0,0.0,0.0
R04,04,149,0,0.0,0.0,0.0,0.0
R04,04,150,0,0.0,0.0,0.0,0.0
R04,04,151,0,0.0,0.0,0.0,0.0
R04,04,152,0,0.0,0.0,0.0,0.0
R04,04,153,0,0.0,0.0,0.0,0.0
R04,04,154,0,0.0,0.0,0.0,0.0
R04,04,155,0,0.0,0.0,0.0,0.0
R04,04,156,0,0.0,0.0,0.0,0.0
R04,04,157,0,0.0,0.0,0.0,0.0
R04,04,158,0,0.0,0.0,0.0,0.0
R04,04,159,0,0.0,0.0,0.0,0.0
R04,04,160,0,0.0,0.0,0.0,0.0
R04,04,161,0,0.0,0.0,0.0,0.0
R04,04,162,0,0.0,0.0,0.0,0.0
R04,04,163,0,0.0,0.0,0.0,0.0
R04,04,164,0,0.0,0.0,0.0,0.0
R04,04,165,0,0.0,0.0,0.0,0.0
R04,04,166,0,0.0,0.0,0.0,0.0
R04,04,167,0,0.0,0.0,0.0,0.0
R04,04,168,0,0.0,0.0,0.0,0.0
R04,04,169,0,0.0,0.0,0.0,0.0
R04,04,170,0,0.0,0.0,0.0,0.0
R04,04,171,0,0.0,0.0,0.0,0.0
R04,04,172,0,0.0,0.0,0.0,0.0
R04,04,173,0,0.0,0.0,0.0,0.0
R04,04,174,0,0.0,0.0,0.0,0.0
R04,04,175,0,0.0,0.0,0.0,0.0
R04,04,176,0,0.0,0.0,0.0,0.0
R04,04,177,0,0.0,0.0,0.0,0.0
R04,04,178,0,0.0,0.0,0.0,0.0
R04,04,179,0,0.0,0.0,0.0,0.0
R04,04,180,0,0.0,0.0,0.0,0.0
R04,04,181,0,0.0,0.0,0.0,0.0
R04,04,182,0,0.0,0.0,0.0,0.0
R04,04,183,0,0.0,0.0,0.0,0.0
R04,04,184,0,0.0,0.0,0.0,0.0
R04,04,185,0,0.0,0.0,0.0,0.0
R04,04,186,0,0.0,0.0,0.0,0.0
R04,04,187,0,0.0,0.0,0.0,0.0
R04,04,188,0,0.0,0.0,0.0,0.0
R04,04,189,0,0.0,0.0,0.0,0.0
R04,04,190,0,0.0,0.0,0.0,0.0
R04,04,191,0,0.0,0.0,0.0,0.0
R04,04,192,0,0.0,0.0,0.0,0.0
R04,04,193,0,0.0,0.0,0.0,0.0
R04,04,194,0,0.0,0.0,0.0,0.0
R04,04,195,0,0.0,0.0,0.0,0.0
R04,04,196,0,0.0,0.0,0.0,0.0
R04,04,197,0,0.0,0.0,0.0,0.0
R04,04,198,0,0.0,0.0,0.0,0.0
R04,04,199,0,0.0,0.0,0.0,0.0
R04,04,200,0,0.0,0.0,0.0,0.0
R04,04,201,0,0.0,0.0,0.0,0.0
R04,04,202,0,0.0,0.0,0.0,0.0
R04,04,203,0,0.0,0.0,0.0,0.0
R04,04,204,0,0.0,0.0,0.0,0.0
R04,04,205,0,0.0,0.0,0.0,0.0
R04,04,206,0,0.0,0.0,0.0,0.0
R04,04,207,0,0.0,0.0,0.0,0.0
R04,04,208,0,0.0,0.0,0.0,0.0
R04,04,209,0,0.0,0.0,0.0,0.0
R04,04,210,0,0.0,0.0,0.0,0.0
R04,04,211,0,0.0,0.0,0.0,0.0
R04,04,212,0,0.0,0.0,0.0,0.0
R04,04,213,0,0.0,0.0,0.0,0.0
R04,04,214,0,0.0,0.0,0.0,0.0
R04,04,215,0,0.0,0.0,0.0,0.0
R04,04,216,0,0.0,0.0,0.0,0.0
R04,04,217,0,0.0,0.0,0.0,0.0
R04,04,218,0,0.0,0.0,0.0,0.0
R04,04,219,0,0.0,0.0,0.0,0.0
R04,04,220,0,0.0,0.0,0.0,0.0
R04,04,221,0,0.0,0.0,0.0,0.0
R04,04,222,0,0.0,0.0,0.0,0.0
R04,04,223,0,0.0,0.0,0.0,0.0
R04,04,224,0,0.0,0.0,0.0,0.0
R04,04,225,0,0.0,0.0,0.0,0.0
R04,04,226,0,0.0,0.0,0.0,0.0
R04,04,227,0,0.0,0.0,0.0,0.0
R04,04,228,0,0.0,0.0,0.0,0.0
R04,04,229,0,0.0,0.0,0.0,0.0
R04,04,230,0,0.0,0.0,0.0,0.0
R04,04,231,0,0.0,0.0,0.0,0.0
R04,04,232,0,0.0,0.0,0.0,0.0
R04,04,233,0,0.0,0.0,0.0,0.0
R04,04,234,0,0.0,0.0,0.0,0.0
R04,04,235,0,0.0,0.0,0.0,0.0
R04,04,236,0,0.0,0.0,0.0,0.0
R04,04,237,0,0.0,0.0,0.0,0.0
R04,04,238,0,0.0,0.0,0.0,0.0
R04,04,239,0,0.0,0.0,0.0,0.0
R04,04,240,0,0.0,0.0,0.0,0.0
R04,04,241,0,0.0,0.0,0.0,0.0
R04,04,242,0,0.0,0.0,0.0,0.0
R04,04,243,0,0.0,0.0,0.0,0.0
R04,04,244,0,0.0,0.0,0.0,0.0
R04,04,245,0,0.0,0.0,0.0,0.0
R04,04,246,0,0.0,0.0,0.0,0.0
R04,04,247,0,0.0,0.0,0.0,0.0
R04,04,248,0,0.0,0.0,0.0,0.0
R04,04,249,0,0.0,0.0,0.0,0.0
R04,04,250,0,0.0,0.0,0.0,0.0
R04,04,251,0,0.0,0.0,0.0,0.0
R04,04,252,0,0.0,0.0,0.0,0.0
R04,04,253,0,0.0,0.0,0.0,0.0
R04,04,254,0,0.0,0.0,0.0,0.0
R04,04,255,0,0.0,0.0,0.0,0.0
R04,04,256,0,0.0,0.0,0.0,0.0
R04,04,257,0,0.0,0.0,0.0,0.0
R04,04,258,0,0.0,0.0,0.0,0.0
R04,04,259,0,0.0,0.0,0.0,0.0
R04,04,260,0,0.0,0.0,0.0,0.0
R04,04,261,1,0.0,0.0,0.0,0.0
R04,04,262,1,0.0,0.0,0.0,0.0
R04,04,263,1,0.0,0.0,0.0,0.0
R04,04,264,1,0.0,0.0,0.0,0.0
R04,04,265,1,0.0,0.0,0.0,0.0
R04,04,266,1,0.0,0.0,0.0,0.0
R04,04,267,1,0.0,0.0,0.0,0.0
R04,04,268,1,0.0,0.0,0.0,0.0
R04,04,269,1,0.0,0.0,0.0,0.0
R04,04,270,1,0.0,0.0,0.0,0.0
R04,04,271,1,0.0,0.0,0.0,0.0
R04,04,272,1,0.0,0.0,0.0,0.0
R04,04,273,1,0.0,0.0,0.0,0.0
R04,04,274,1,0.0,0.0,0.0,0.0
R04,04,275,1,0.0,0.0,0.0,0.0
R04,04,276,1,0.0,0.0,0.0,0.0
R04,04,277,1,0.0,0.0,0.0,0.0
R04,04,278,1,0.0,0.0,0.0,0.0
R04,04,279,1,0.0,0.0,0.0,0.0
R04,04,280,1,0.0,0.0,0.0,0.0
R04,04,281,1,0.0,0.0,0.0,0.0
R04,04,282,1,0.0,0.0,0.0,0.0
R04,04,283,1,0.0,0.0,0.0,0.0
R04,04,284,1,0.0,0.0,0.0,0.0
R04,04,285,1,0.0,0.0,0.0,0.0
R04,04,286,1,0.0,0.0,0.0,0.0
R04,04,287,1,0.0,0.0,0.0,0.0
R04,04,288,1,0.0,0.0,0.0,0.0
R04,04,289,1,0.0,0.0,0.0,0.0
R04,04,290,1,0.0,0.0,0.0,0.0
R04,04,291,1,0.0,0.0,0.0,0.0
R04,04,292,1,0.0,0.0,0.0,0.0
R04,04,293,1,0.0,0.0,0.0,0.0
R04,04,294,1,0.0,0.0,0.0,0.0
R04,04,295,1,0.0,0.0,0.0,0.0
R04,04,296,1,0.0,0.0,0.0,0.0
R04,04,297,1,0.0,0.0,0.0,0.0
R04,04,298,1,0.0,0.0,0.0,0.0
R04,04,299,1,0.0,0.0,0.0,0.0
R04,04,300,1,0.0,0.0,0.0,0.0
R04,04,301,1,0.0,0.0,0.0,0.0
R04,04,302,1,0.0,0.0,0.0,0.0
R04,04,303,1,0.0,0.0,0.0,0.0
R04,04,304,1,0.0,0.0,0.0,0.0
R04,04,305,1,0.0,0.0,0.0,0.0
R04,04,306,1,0.0,0.0,0.0,0.0
R04,04,307,1,0.0,0.0,0.0,0.0
R04,04,308,1,0.0,0.0,0.0,0.0
R04,04,309,1,0.0,0.0,0.0,0.0
R04,04,310,1,0.0,0.0,0.0,0.0
R04,04,311,1,0.0,0.0,0.0,0.0
R04,04,312,1,0.0,0.0,0.0,0.0
R04,04,313,1,0.0,0.0,0.0,0.0
R04,04,314,1,0.0,0.0,0.0,0.0
R04,04,315,1,0.0,0.0,0.0,0.0
R04,04,316,1,0.0,0.0,0.0,0.0
R04,04,317,1,0.0,0.0,0.0,0.0
R04,04,318,1,0.0,0.0,0.0,0.0
R04,04,319,1,0.0,0.0,0.0,0.0
R04,04,320,1,0.0,0.0,0.0,0.0
R04,04,321,1,0.0,0.0,0.0,0.0
R04,04,322,1,0.0,0.0,0.0,0.0
R04,04,323,1,0.0,0.0,0.0,0.0
R04,04,324,1,0.0,0.0,0.0,0.0
R04,04,325,1,0.0,0.0,0.0,0.0
R04,04,326,1,0.0,0.0,0.0,0.0
R04,04,327,1,0.0,0.0,0.0,0.0
R04,04,328,1,0.0,0.0,0.0,0.0
R04,04,329,1,0.0,0.0,0.0,0.0
R04,04,330,1,0.0,0.0,0.0,0.0
R04,04,331,1,0.0,0.0,0.0,0.0
R04,04,332,1,0.0,0.0,0.0,0.0
R04,04,333,1,0.0,0.0,0.0,0.0
R04,04,334,1,0.0,0.0,0.0,0.0
R04,04,335,1,0.0,0.0,0.0,0.0
R04,04,336,1,0.0,0.0,0.0,0.0
R04,04,337,1,0.0,0.0,0.0,0.0
R04,04,338,1,0.0,0.0,0.0,0.0
R04,04,339,1,0.0,0.0,0.0,0.0
R04,04,340,1,0.0,0.0,0.0,0.0
R04,04,341,1,0.0,0.0,0.0,0.0
R04,04,342,1,0.0,0.0,0.0,0.0
R04,04,343,1,0.0,0.0,0.0,0.0
R04,04,344,1,0.0,0.0,0.0,0.0
R04,04,345,1,0.0,0.0,0.0,0.0
R04,04,346,1,0.0,0.0,0.0,0.0
R04,04,347,1,0.0,0.0,0.0,0.0
R04,04,348,1,0.0,0.0,0.0,0.0
R04,04,349,1,0.0,0.0,0.0,0.0
R04,04,350,1,0.0,0.0,0.0,0.0
R04,04,351,1,0.0,0.0,0.0,0.0
R04,04,352,1,0.0,0.0,0.0,0.0
R04,04,353,1,0.0,0.0,0.0,0.0
R04,04,354,1,0.0,0.0,0.0,0.0
R04,04,355,1,0.0,0.0,0.0,0.0
R04,04,356,1,0.0,0.0,0.0,0.0
R04,04,357,1,0.0,0.0,0.0,0.0
R04,04,358,1,0.0,0.0,0.0,0.0
R04,04,359,1,0.0,0.0,0.0,0.0
R04,04,360,1,0.0,0.0,0.0,0.0
R04,04,361,1,0.0,0.0,0.0,0.0
R04,04,362,1,0.0,0.0,0.0,0.0
R04,04,363,1,0.0,0.0,0.0,0.0
R04,04,364,1,0.0,0.0,0.0,0.0
R04,04,365,1,0.0,0.0,0.0,0.0
R04,04,366,1,0.0,0.0,0.0,0.0
R04,04,367,1,0.0,0.0,0.0,0.0
R04,04,368,1,0.0,0.0,0.0,0.0
R04,04,369,1,0.0,0.0,0.0,0.0
R04,04,370,1,0.0,0.0,0.0,0.0
R04,04,371,1,0.0,0.0,0.0,0.0
R04,04,372,1,0.0,0.0,0.0,0.0
R04,04,373,1,0.0,0.0,0.0,0.0
R04,04,374,1,0.0,0.0,0.0,0.0
R04,04,375,1,0.0,0.0,0.0,0.0
R04,04,376,1,0.0,0.0,0.0,0.0
R04,04,377,1,0.0,0.0,0.0,0.0
R04,04,378,1,0.0,0.0,0.0,0.0
R04,05,0,0,0.0,0.0,0.0,0.0
R04,05,1,0,0.0,0.0,0.0,0.0
R04,05,2,0,0.0,0.0,0.0,0.0
R04,05,3,0,0.0,0.0,0.0,0.0
R04,05,4,0,0.0,0.0,0.0,0.0
R04,05,5,0,0.0,0.0,0.0,0.0
R04,05,6,0,0.0,0.0,0.0,0.0
R04,05,7,0,0.0,0.0,0.0,0.0
R04,05,8,0,0.0,0.0,0.0,0.0
R04,05,9,0,0.0,0.0,0.0,0.0
R04,05,10,0,0.0,0.0,0.0,0.0
R04,05,11,0,0.0,0.0,0.0,0.0
R04,05,12,0,0.0,0.0,0.0,0.0
R04,05,13,0,0.0,0.0,0.0,0.0
R04,05,14,0,0.0,0.0,0.0,0.0
R04,05,15,0,0.0,0.0,0.0,0.0
R04,05,16,0,0.0,0.0,0.0,0.0
R04,05,17,0,0.0,0.0,0.0,0.0
R04,05,18,0,0.0,0.0,0.0,0.0
R04,05,19,0,0.0,0.0,0.0,0.0
R04,05,20,0,0.0,0.0,0.0,0.0
R04,05,21,0,0.0,0.0,0.0,0.0
R04,05,22,0,0.0,0.0,0.0,0.0
R04,05,23,0,0.0,0.0,0.0,0.0
R04,05,24,0,0.0,0.0,0.0,0.0
R04,05,25,0,0.0,0.0,0.0,0.0
R04,05,26,0,0.0,0.0,0.0,0.0
R04,05,27,0,0.0,0.0,0.0,0.0
R04,05,28,0,0.0,0.0,0.0,0.0
R04,05,29,0,0.0,0.0,0.0,0.0
R04,05,30,0,0.0,0.0,0.0,0.0
R04,05,31,0,0.0,0.0,0.0,0.0
R04,05,32,0,0.0,0.0,0.0,0.0
R04,05,33,0,0.0,0.0,0.0,0.0
R04,05,34,0,0.0,0.0,0.0,0.0
R04,05,35,0,0.0,0.0,0.0,0.0
R04,05,36,0,0.0,0.0,0.0,0.0
R04,05,37,0,0.0,0.0,0.0,0.0
R04,05,38,0,0.0,0.0,0.0,0.0
R04,05,39,0,0.0,0.0,0.0,0.0
R04,05,40,0,0.0,0.0,0.0,0.0
R04,05,41,0,0.0,0.0,0.0,0.0
R04,05,42,0,0.0,0.0,0.0,0.0
R04,05,43,0,0.0,0.0,0.0,0.0
R04,05,44,0,0.0,0.0,0.0,0.0
R04,05,45,0,0.0,0.0,0.0,0.0
R04,05,46,0,0.0,0.0,0.0,0.0
R04,05,47,0,0.0,0.0,0.0,0.0
R04,05,48,0,0.0,0.0,0.0,0.0
R04,05,49,0,0.0,0.0,0.0,0.0
R04,05,50,0,0.0,0.0,0.0,0.0
R04,05,51,0,0.0,0.0,0.0,0.0
R04,05,52,0,0.0,0.0,0.0,0.0
R04,05,53,0,0.0,0.0,0.0,0.0
R04,05,54,0,0.0,0.0,0.0,0.0
R04,05,55,0,0.0,0.0,0.0,0.0
R04,05,56,0,0.0,0.0,0.0,0.0
R04,05,57,0,0.0,0.0,0.0,0.0
R04,05,58,0,0.0,0.0,0.0,0.0
R04,05,59,0,0.0,0.0,0.0,0.0
R04,05,60,0,0.0,0.0,0.0,0.0
R04,05,61,0,0.0,0.0,0.0,0.0
R04,05,62,0,0.0,0.0,0.0,0.0
R04,05,63,0,0.0,0.0,0.0,0.0
R04,05,64,0,0.0,0.0,0.0,0.0
R04,05,65,0,0.0,0.0,0.0,0.0
R04,05,66,0,0.0,0.0,0.0,0.0
R04,05,67,0,0.0,0.0,0.0,0.0
R04,05,68,0,0.0,0.0,0.0,0.0
R04,05,69,0,0.0,0.0,0.0,0.0
R04,05,70,0,0.0,0.0,0.0,0.0
R04,05,71,0,0.0,0.0,0.0,0.0
R04,05,72,0,0.0,0.0,0.0,0.0
R04,05,73,0,0.0,0.0,0.0,0.0
R04,05,74,0,0.0,0.0,0.0,0.0
R04,05,75,0,0.0,0.0,0.0,0.0
R04,05,76,0,0.0,0.0,0.0,0.0
R04,05,77,0,0.0,0.0,0.0,0.0
R04,05,78,0,0.0,0.0,0.0,0.0
R04,05,79,0,0.0,0.0,0.0,0.0
R04,05,80,0,0.0,0.0,0.0,0.0
R04,05,81,0,0.0,0.0,0.0,0.0
R04,05,82,0,0.0,0.0,0.0,0.0
R04,05,83,0,0.0,0.0,0.0,0.0
R04,05,84,0,0.0,0.0,0.0,0.0
R04,05,85,0,0.0,0.0,0.0,0.0
R04,05,86,0,0.0,0.0,0.0,0.0
R04,05,87,0,0.0,0.0,0.0,0.0
R04,05,88,0,0.0,0.0,0.0,0.0
R04,05,89,0,0.0,0.0,0.0,0.0
R04,05,90,0,0.0,0.0,0.0,0.0
R04,05,91,0,0.0,0.0,0.0,0.0
R04,05,92,0,0.0,0.0,0.0,0.0
R04,05,93,0,0.0,0.0,0.0,0.0
R04,05,94,0,0.0,0.0,0.0,0.0
R04,05,95,0,0.0,0.0,0.0,0.0
R04,05,96,0,0.0,0.0,0.0,0.0
R04,05,97,0,0.0,0.0,0.0,0.0
R04,05,98,0,0.0,0.0,0.0,0.0
R04,05,99,0,0.0,0.0,0.0,0.0
R04,05,100,0,0.0,0.0,0.0,0.0
R04,05,101,0,0.0,0.0,0.0,0.0
R04,05,102,0,0.0,0.0,0.0,0.0
R04,05,103,0,0.0,0.0,0.0,0.0
R04,05,104,0,0.0,0.0,0.0,0.0
R04,05,105,0,0.0,0.0,0.0,0.0
R04,05,106,0,0.0,0.0,0.0,0.0
R04,05,107,0,0.0,0.0,0.0,0.0
R04,05,108,0,0.0,0.0,0.0,0.0
R04,05,109,0,0.0,0.0,0.0,0.0
R04,05,110,0,0.0,0.0,0.0,0.0
R04,05,111,0,0.0,0.0,0.0,0.0
R04,05,112,0,0.0,0.0,0.0,0.0
R04,05,113,0,0.0,0.0,0.0,0.0
R04,05,114,0,0.0,0.0,0.0,0.0
R04,05,115,0,0.0,0.0,0.0,0.0
R04,05,116,0,0.0,0.0,0.0,0.0
R04,05,117,0,0.0,0.0,0.0,0.0
R04,05,118,0,0.0,0.0,0.0,0.0
R04,05,119,0,0.0,0.0,0.0,0.0
R04,05,120,0,0.0,0.0,0.0,0.0
R04,05,121,0,0.0,0.0,0.0,0.0
R04,05,122,0,0.0,0.0,0.0,0.0
R04,05,123,0,0.0,0.0,0.0,0.0
R04,05,124,0,0.0,0.0,0.0,0.0
R04,05,125,0,0.0,0.0,0.0,0.0
R04,05,126,0,0.0,0.0,0.0,0.0
R04,05,127,0,0.0,0.0,0.0,0.0
R04,05,128,0,0.0,0.0,0.0,0.0
R04,05,129,0,0.0,0.0,0.0,0.0
R04,05,130,0,0.0,0.0,0.0,0.0
R04,05,131,0,0.0,0.0,0.0,0.0
R04,05,132,0,0.0,0.0,0.0,0.0
R04,05,133,0,0.0,0.0,0.0,0.0
R04,05,134,0,0.0,0.0,0.0,0.0
R04,05,135,1,0.0,0.0,0.0,0.0
R04,05,136,1,0.0,0.0,0.0,0.0
R04,05,137,1,0.0,0.0,0.0,0.0
R04,05,138,1,0.0,0.0,0.0,0.0
R04,05,139,1,0.0,0.0,0.0,0.0
R04,05,140,1,0.0,0.0,0.0,0.0
R04,05,141,1,0.0,0.0,0.0,0.0
R04,05,142,1,0.0,0.0,0.0,0.0
R04,05,143,1,0.0,0.0,0.0,0.0
R04,05,144,1,0.0,0.0,0.0,0.0
R04,05,145,1,0.0,0.0,0.0,0.0
R04,05,146,1,0.0,0.0,0.0,0.0
R04,05,147,1,0.0,0.0,0.0,0.0
R04,05,148,1,0.0,0.0,0.0,0.0
R04,05,149,1,0.0,0.0,0.0,0.0
R04,05,150,1,0.0,0.0,0.0,0.0
R04,05,151,1,0.0,0.0,0.0,0.0
R04,05,152,1,0.0,0.0,0.0,0.0
R04,05,153,1,0.0,0.0,0.0,0.0
R04,05,154,1,0.0,0.0,0.0,0.0
R04,05,155,1,0.0,0.0,0.0,0.0
R04,05,156,1,0.0,0.0,0.0,0.0
R04,05,157,1,0.0,0.0,0.0,0.0
R04,05,158,1,0.0,0.0,0.0,0.0
R04,05,159,1,0.0,0.0,0.0,0.0
R04,05,160,1,0.0,0.0,0.0,0.0
R04,05,161,1,0.0,0.0,0.0,0.0
R04,05,162,1,0.0,0.0,0.0,0.0
R04,05,163,1,0.0,0.0,0.0,0.0
R04,05,164,1,0.0,0.0,0.0,0.0
R04,05,165,1,0.0,0.0,0.0,0.0
R04,05,166,1,0.0,0.0,0.0,0.0
R04,05,167,1,0.0,0.0,0.0,0.0
R04,05,168,1,0.0,0.0,0.0,0.0
R04,05,169,1,0.0,0.0,0.0,0.0
R04,05,170,1,0.0,0.0,0.0,0.0
R04,05,171,1,0.0,0.0,0.0,0.0
R04,05,172,1,0.0,0.0,0.0,0.0
R04,05,173,1,0.0,0.0,0.0,0.0
R04,05,174,1,0.0,0.0,0.0,0.0
R04,05,175,1,0.0,0.0,0.0,0.0
R04,05,176,1,0.0,0.0,0.0,0.0
R04,05,177,1,0.0,0.0,0.0,0.0
R04,05,178,1,0.0,0.0,0.0,0.0
R04,05,179,1,0.0,0.0,0.0,0.0
R04,05,180,1,0.0,0.0,0.0,0.0
R04,05,181,1,0.0,0.0,0.0,0.0
R04,05,182,1,0.0,0.0,0.0,0.0
R04,05,183,1,0.0,0.0,0.0,0.0
R04,05,184,1,0.0,0.0,0.0,0.0
R04,05,185,1,0.0,0.0,0.0,0.0
R04,05,186,1,0.0,0.0,0.0,0.0
R04,05,187,1,0.0,0.0,0.0,0.0
R04,05,188,1,0.0,0.0,0.0,0.0
R04,05,189,1,0.0,0.0,0.0,0.0
R04,05,190,1,0.0,0.0,0.0,0.0
R04,05,191,1,0.0,0.0,0.0,0.0
R04,05,192,1,0.0,0.0,0.0,0.0
R04,05,193,1,0.0,0.0,0.0,0.0
R04,05,194,1,0.0,0.0,0.0,0.0
R04,05,195,1,0.0,0.0,0.0,0.0
R04,05,196,1,0.0,0.0,0.0,0.0
R04,05,197,1,0.0,0.0,0.0,0.0
R04,05,198,1,0.0,0.0,0.0,0.0
R04,05,199,1,0.0,0.0,0.0,0.0
R04,05,200,1,0.0,0.0,0.0,0.0
R04,05,201,1,0.0,0.0,0.0,0.0
R04,05,202,1,0.0,0.0,0.0,0.0
R04,05,203,1,0.0,0.0,0.0,0.0
R04,05,204,1,0.0,0.0,0.0,0.0
R04,05,205,1,0.0,0.0,0.0,0.0
R04,05,206,1,0.0,0.0,0.0,0.0
R04,05,207,1,0.0,0.0,0.0,0.0
R04,05,208,1,0.0,0.0,0.0,0.0
R04,05,209,1,0.0,0.0,0.0,0.0
R04,05,210,1,0.0,0.0,0.0,0.0
R04,05,211,1,0.0,0.0,0.0,0.0
R04,05,212,1,0.0,0.0,0.0,0.0
R04,05,213,1,0.0,0.0,0.0,0.0
R04,05,214,1,0.0,0.0,0.0,0.0
R04,05,215,1,0.0,0.0,0.0,0.0
R04,05,216,1,0.0,0.0,0.0,0.0
R04,05,217,1,0.0,0.0,0.0,0.0
R04,05,218,1,0.0,0.0,0.0,0.0
R04,05,219,1,0.0,0.0,0.0,0.0
R04,05,220,1,0.0,0.0,0.0,0.0
R04,05,221,1,0.0,0.0,0.0,0.0
R04,05,222,1,0.0,0.0,0.0,0.0
R04,05,223,1,0.0,0.0,0.0,0.0
R04,05,224,1,0.0,0.0,0.0,0.0
R04,05,225,1,0.0,0.0,0.0,0.0
R04,05,226,1,0.0,0.0,0.0,0.0
R04,05,227,1,0.0,0.0,0.0,0.0
R04,05,228,1,0.0,0.0,0.0,0.0
R04,05,229,1,0.0,0.0,0.0,0.0
R04,05,230,1,0.0,0.0,0.0,0.0
R04,05,231,1,0.0,0.0,0.0,0.0
R04,05,232,1,0.0,0.0,0.0,0.0
R04,05,233,1,0.0,0.0,0.0,0.0
R04,05,234,1,0.0,0.0,0.0,0.0
R04,05,235,1,0.0,0.0,0.0,0.0
R04,05,236,1,0.0,0.0,0.0,0.0
R04,05,237,1,0.0,0.0,0.0,0.0
R04,05,238,1,0.0,0.0,0.0,0.0
R04,05,239,1,0.0,0.0,0.0,0.0
R04,05,240,1,0.0,0.0,0.0,0.0
R04,05,241,1,0.0,0.0,0.0,0.0
R04,05,242,1,0.0,0.0,0.0,0.0
R04,05,243,1,0.0,0.0,0.0,0.0
R04,05,244,1,0.0,0.0,0.0,0.0
R04,05,245,1,0.0,0.0,0.0,0.0
R04,05,246,1,0.0,0.0,0.0,0.0
R04,05,247,1,0.0,0.0,0.0,0.0
R04,05,248,1,0.0,0.0,0.0,0.0
R04,05,249,1,0.0,0.0,0.0,0.0
R04,05,250,1,0.0,0.0,0.0,0.0
R04,05,251,1,0.0,0.0,0.0,0.0
R04,05,252,1,0.0,0.0,0.0,0.0
R04,05,253,1,0.0,0.0,0.0,0.0
R04,05,254,1,0.0,0.0,0.0,0.0
R04,05,255,1,0.0,0.0,0.0,0.0
R04,05,256,1,0.0,0.0,0.0,0.0
R04,05,257,1,0.0,0.0,0.0,0.0
R04,05,258,1,0.0,0.0,0.0,0.0
R04,05,259,1,0.0,0.0,0.0,0.0
R04,05,260,1,0.0,0.0,0.0,0.0
R04,05,261,1,0.0,0.0,0.0,0.0
R04,05,262,1,0.0,0.0,0.0,0.0
R04,05,263,1,0.0,0.0,0.0,0.0
R04,05,264,1,0.0,0.0,0.0,0.0
R04,05,265,1,0.0,0.0,0.0,0.0
R04,05,266,1,0.0,0.0,0.0,0.0
R04,05,267,1,0.0,0.0,0.0,0.0
R04,05,268,1,0.0,0.0,0.0,0.0
R04,05,269,1,0.0,0.0,0.0,0.0
R04,05,270,1,0.0,0.0,0.0,0.0
R04,05,271,1,0.0,0.0,0.0,0.0
R04,05,272,1,0.0,0.0,0.0,0.0
R04,05,273,1,0.0,0.0,0.0,0.0
R04,05,274,1,0.0,0.0,0.0,0.0
R04,05,275,1,0.0,0.0,0.0,0.0
R04,05,276,1,0.0,0.0,0.0,0.0
R04,05,277,1,0.0,0.0,0.0,0.0
R04,05,278,1,0.0,0.0,0.0,0.0
R04,05,279,1,0.0,0.0,0.0,0.0
R04,05,280,1,0.0,0.0,0.0,0.0
R04,05,281,1,0.0,0.0,0.0,0.0
R04,05,282,1,0.0,0.0,0.0,0.0
R04,05,283,1,0.0,0.0,0.0,0.0
R04,05,284,1,0.0,0.0,0.0,0.0
R04,05,285,1,0.0,0.0,0.0,0.0
R04,05,286,1,0.0,0.0,0.0,0.0
R04,05,287,1,0.0,0.0,0.0,0.0
R04,05,288,1,0.0,0.0,0.0,0.0
R04,05,289,1,0.0,0.0,0.0,0.0
R04,05,290,1,0.0,0.0,0.0,0.0
R04,05,291,1,0.0,0.0,0.0,0.0
R04,05,292,1,0.0,0.0,0.0,0.0
R04,05,293,1,0.0,0.0,0.0,0.0
R04,05,294,1,0.0,0.0,0.0,0.0
R04,05,295,1,0.0,0.0,0.0,0.0
R04,05,296,1,0.0,0.0,0.0,0.0
R04,05,297,1,0.0,0.0,0.0,0.0
R04,05,298,1,0.0,0.0,0.0,0.0
R04,05,299,1,0.0,0.0,0.0,0.0
R04,05,300,1,0.0,0.0,0.0,0.0
R04,05,301,1,0.0,0.0,0.0,0.0
R04,05,302,1,0.0,0.0,0.0,0.0
R04,05,303,1,0.0,0.0,0.0,0.0
R04,05,304,1,0.0,0.0,0.0,0.0
R04,05,305,1,0.0,0.0,0.0,0.0
R04,05,306,1,0.0,0.0,0.0,0.0
R04,05,307,1,0.0,0.0,0.0,0.0
R04,05,308,1,0.0,0.0,0.0,0.0
R04,05,309,1,0.0,0.0,0.0,0.0
R04,05,310,1,0.0,0.0,0.0,0.0
R04,05,311,1,0.0,0.0,0.0,0.0
R04,05,312,1,0.0,0.0,0.0,0.0
R04,05,313,1,0.0,0.0,0.0,0.0
R04,05,314,1,0.0,0.0,0.0,0.0
R04,05,315,1,0.0,0.0,0.0,0.0
R04,05,316,1,0.0,0.0,0.0,0.0
R04,05,317,1,0.0,0.0,0.0,0.0
R04,05,318,1,0.0,0.0,0.0,0.0
R04,05,319,1,0.0,0.0,0.0,0.0
R04,05,320,1,0.0,0.0,0.0,0.0
R04,05,321,1,0.0,0.0,0.0,0.0
R04,05,322,1,0.0,0.0,0.0,0.0
R04,05,323,1,0.0,0.0,0.0,0.0
R04,05,324,1,0.0,0.0,0.0,0.0
R04,05,325,1,0.0,0.0,0.0,0.0
R04,05,326,1,0.0,0.0,0.0,0.0
R04,05,327,1,0.0,0.0,0.0,0.0
R04,05,328,1,0.0,0.0,0.0,0.0
R04,05,329,1,0.0,0.0,0.0,0.0
R04,05,330,1,0.0,0.0,0.0,0.0
R04,05,331,1,0.0,0.0,0.0,0.0
R04,05,332,1,0.0,0.0,0.0,0.0
R04,05,333,1,0.0,0.0,0.0,0.0
R04,05,334,1,0.0,0.0,0.0,0.0
R04,05,335,1,0.0,0.0,0.0,0.0
R04,05,336,1,0.0,0.0,0.0,0.0
R04,05,337,1,0.0,0.0,0.0,0.0
R04,05,338,1,0.0,0.0,0.0,0.0
R04,05,339,1,0.0,0.0,0.0,0.0
R04,05,340,1,0.0,0.0,0.0,0.0
R04,05,341,1,0.0,0.0,0.0,0.0
R04,05,342,1,0.0,0.0,0.0,0.0
R04,05,343,1,0.0,0.0,0.0,0.0
R04,05,344,1,0.0,0.0,0.0,0.0
R04,05,345,1,0.0,0.0,0.0,0.0
R04,05,346,1,0.0,0.0,0.0,0.0
R04,05,347,1,0.0,0.0,0.0,0.0
R04,05,348,1,0.0,0.0,0.0,0.0
R04,05,349,1,0.0,0.0,0.0,0.0
R04,05,350,1,0.0,0.0,0.0,0.0
R04,05,351,1,0.0,0.0,0.0,0.0
R04,05,352,1,0.0,0.0,0.0,0.0
R04,05,353,1,0.0,0.0,0.0,0.0
R04,05,354,1,0.0,0.0,0.0,0.0
R04,05,355,1,0.0,0.0,0.0,0.0
R04,05,356,1,0.0,0.0,0.0,0.0
R04,05,357,1,0.0,0.0,0.0,0.0
R04,05,358,1,0.0,0.0,0.0,0.0
R04,05,359,1,0.0,0.0,0.0,0.0
R04,05,360,1,0.0,0.0,0.0,0.0
R04,05,361,1,0.0,0.0,0.0,0.0
R04,05,362,1,0.0,0.0,0.0,0.0
R04,05,363,1,0.0,0.0,0.0,0.0
R04,05,364,1,0.0,0.0,0.0,0.0
R04,05,365,1,0.0,0.0,0.0,0.0
R04,05,366,1,0.0,0.0,0.0,0.0
R04,05,367,1,0.0,0.0,0.0,0.0
R04,05,368,1,0.0,0.0,0.0,0.0
R04,05,369,1,0.0,0.0,0.0,0.0
R04,05,370,1,0.0,0.0,0.0,0.0
R04,05,371,1,0.0,0.0,0.0,0.0
R04,05,372,1,0.0,0.0,0.0,0.0
R04,05,373,1,0.0,0.0,0.0,0.0
R04,05,374,1,0.0,0.0,0.0,0.0
R04,05,375,1,0.0,0.0,0.0,0.0
R04,05,376,1,0.0,0.0,0.0,0.0
R04,05,377,1,0.0,0.0,0.0,0.0
R04,05,378,1,0.0,0.0,0.0,0.0
R04,05,379,1,0.0,0.0,0.0,0.0
R04,05,380,1,0.0,0.0,0.0,0.0
R04,05,381,1,0.0,0.0,0.0,0.0
R04,05,382,1,0.0,0.0,0.0,0.0
R04,05,383,1,0.0,0.0,0.0,0.0
R04,05,384,1,0.0,0.0,0.0,0.0
R04,05,385,1,0.0,0.0,0.0,0.0
R04,05,386,1,0.0,0.0,0.0,0.0
R04,05,387,1,0.0,0.0,0.0,0.0
R04,05,388,1,0.0,0.0,0.0,0.0
R04,05,389,1,0.0,0.0,0.0,0.0
R04,05,390,1,0.0,0.0,0.0,0.0
R04,05,391,1,0.0,0.0,0.0,0.0
R04,05,392,1,0.0,0.0,0.0,0.0
R04,05,393,1,0.0,0.0,0.0,0.0
R04,05,394,1,0.0,0.0,0.0,0.0
R04,05,395,1,0.0,0.0,0.0,0.0
R04,05,396,1,0.0,0.0,0.0,0.0
R04,05,397,1,0.0,0.0,0.0,0.0
R04,05,398,1,0.0,0.0,0.0,0.0
R04,05,399,1,0.0,0.0,0.0,0.0
R04,05,400,1,0.0,0.0,0.0,0.0
R04,05,401,1,0.0,0.0,0.0,0.0
R04,05,402,1,0.0,0.0,0.0,0.0
R04,05,403,1,0.0,0.0,0.0,0.0
R04,05,404,1,0.0,0.0,0.0,0.0
R04,05,405,1,0.0,0.0,0.0,0.0
R04,05,406,1,0.0,0.0,0.0,0.0
R04,05,407,1,0.0,0.0,0.0,0.0
R04,05,408,1,0.0,0.0,0.0,0.0
R04,05,409,1,0.0,0.0,0.0,0.0
R04,05,410,1,0.0,0.0,0.0,0.0
R04,05,411,1,0.0,0.0,0.0,0.0
R04,05,412,1,0.0,0.0,0.0,0.0
R04,05,413,1,0.0,0.0,0.0,0.0
R04,05,414,1,0.0,0.0,0.0,0.0
R04,05,415,1,0.0,0.0,0.0,0.0
R04,05,416,1,0.0,0.0,0.0,0.0
R04,05,417,1,0.0,0.0,0.0,0.0
R04,05,418,1,0.0,0.0,0.0,0.0
R04,05,419,1,0.0,0.0,0.0,0.0
R04,05,420,1,0.0,0.0,0.0,0.0
R04,05,421,1,0.0,0.0,0.0,0.0
R04,05,422,1,0.0,0.0,0.0,0.0
R04,05,423,1,0.0,0.0,0.0,0.0
R04,05,424,1,0.0,0.0,0.0,0.0
R04,05,425,1,0.0,0.0,0.0,0.0
R04,05,426,1,0.0,0.0,0.0,0.0
R04,05,427,1,0.0,0.0,0.0,0.0
R04,05,428,1,0.0,0.0,0.0,0.0
R04,05,429,1,0.0,0.0,0.0,0.0
R04,05,430,1,0.0,0.0,0.0,0.0
R04,05,431,1,0.0,0.0,0.0,0.0
R04,05,432,1,0.0,0.0,0.0,0.0
R04,05,433,1,0.0,0.0,0.0,0.0
R04,05,434,1,0.0,0.0,0.0,0.0
R04,05,435,1,0.0,0.0,0.0,0.0
R04,05,436,1,0.0,0.0,0.0,0.0
R04,05,437,1,0.0,0.0,0.0,0.0
R04,05,438,1,0.0,0.0,0.0,0.0
R04,05,439,1,0.0,0.0,0.0,0.0
R04,05,440,1,0.0,0.0,0.0,0.0
R04,05,441,1,0.0,0.0,0.0,0.0
R04,05,442,1,0.0,0.0,0.0,0.0
R04,05,443,1,0.0,0.0,0.0,0.0
R04,05,444,1,0.0,0.0,0.0,0.0
R04,05,445,1,0.0,0.0,0.0,0.0
R04,05,446,1,0.0,0.0,0.0,0.0
R04,05,447,1,0.0,0.0,0.0,0.0
R04,05,448,1,0.0,0.0,0.0,0.0
R04,05,449,1,0.0,0.0,0.0,0.0
R04,05,450,1,0.0,0.0,0.0,0.0
R04,05,451,1,0.0,0.0,0.0,0.0
R04,05,452,1,0.0,0.0,0.0,0.0
R04,05,453,1,0.0,0.0,0.0,0.0
R04,05,454,1,0.0,0.0,0.0,0.0
R04,05,455,1,0.0,0.0,0.0,0.0
R04,05,456,1,0.0,0.0,0.0,0.0
R04,05,457,1,0.0,0.0,0.0,0.0
R04,05,458,1,0.0,0.0,0.0,0.0
R04,05,459,1,0.0,0.0,0.0,0.0
R04,05,460,1,0.0,0.0,0.0,0.0
R04,05,461,1,0.0,0.0,0.0,0.0
R04,05,462,1,0.0,0.0,0.0,0.0
R04,05,463,1,0.0,0.0,0.0,0.0
R04,05,464,1,0.0,0.0,0.0,0.0
R04,06,0,0,0.0,0.0,0.0,0.0
R04,06,1,0,0.0,0.0,0.0,0.0
R04,06,2,0,0.0,0.0,0.0,0.0
R04,06,3,0,0.0,0.0,0.0,0.0
R04,06,4,0,0.0,0.0,0.0,0.0
R04,06,5,0,0.0,0.0,0.0,0.0
R04,06,6,0,0.0,0.0,0.0,0.0
R04,06,7,0,0.0,0.0,0.0,0.0
R04,06,8,0,0.0,0.0,0.0,0.0
R04,06,9,0,0.0,0.0,0.0,0.0
R04,06,10,0,0.0,0.0,0.0,0.0
R04,06,11,0,0.0,0.0,0.0,0.0
R04,06,12,0,0.0,0.0,0.0,0.0
R04,06,13,0,0.0,0.0,0.0,0.0
R04,06,14,0,0.0,0.0,0.0,0.0
R04,06,15,0,0.0,0.0,0.0,0.0
R04,06,16,0,0.0,0.0,0.0,0.0
R04,06,17,0,0.0,0.0,0.0,0.0
R04,06,18,0,0.0,0.0,0.0,0.0
R04,06,19,0,0.0,0.0,0.0,0.0
R04,06,20,0,0.0,0.0,0.0,0.0
R04,06,21,0,0.0,0.0,0.0,0.0
R04,06,22,0,0.0,0.0,0.0,0.0
R04,06,23,0,0.0,0.0,0.0,0.0
R04,06,24,0,0.0,0.0,0.0,0.0
R04,06,25,0,0.0,0.0,0.0,0.0
R04,06,26,0,0.0,0.0,0.0,0.0
R04,06,27,0,0.0,0.0,0.0,0.0
R04,06,28,0,0.0,0.0,0.0,0.0
R04,06,29,0,0.0,0.0,0.0,0.0
R04,06,30,0,0.0,0.0,0.0,0.0
R04,06,31,0,0.0,0.0,0.0,0.0
R04,06,32,0,0.0,0.0,0.0,0.0
R04,06,33,0,0.0,0.0,0.0,0.0
R04,06,34,0,0.0,0.0,0.0,0.0
R04,06,35,0,0.0,0.0,0.0,0.0
R04,06,36,0,0.0,0.0,0.0,0.0
R04,06,37,0,0.0,0.0,0.0,0.0
R04,06,38,0,0.0,0.0,0.0,0.0
R04,06,39,0,0.0,0.0,0.0,0.0
R04,06,40,0,0.0,0.0,0.0,0.0
R04,06,41,0,0.0,0.0,0.0,0.0
R04,06,42,0,0.0,0.0,0.0,0.0
R04,06,43,0,0.0,0.0,0.0,0.0
R04,06,44,0,0.0,0.0,0.0,0.0
R04,06,45,0,0.0,0.0,0.0,0.0
R04,06,46,0,0.0,0.0,0.0,0.0
R04,06,47,0,0.0,0.0,0.0,0.0
R04,06,48,0,0.0,0.0,0.0,0.0
R04,06,49,0,0.0,0.0,0.0,0.0
R04,06,50,0,0.0,0.0,0.0,0.0
R04,06,51,0,0.0,0.0,0.0,0.0
R04,06,52,0,0.0,0.0,0.0,0.0
R04,06,53,0,0.0,0.0,0.0,0.0
R04,06,54,0,0.0,0.0,0.0,0.0
R04,06,55,0,0.0,0.0,0.0,0.0
R04,06,56,0,0.0,0.0,0.0,0.0
R04,06,57,0,0.0,0.0,0.0,0.0
R04,06,58,0,0.0,0.0,0.0,0.0
R04,06,59,0,0.0,0.0,0.0,0.0
R04,06,60,0,0.0,0.0,0.0,0.0
R04,06,61,0,0.0,0.0,0.0,0.0
R04,06,62,0,0.0,0.0,0.0,0.0
R04,06,63,0,0.0,0.0,0.0,0.0
R04,06,64,0,0.0,0.0,0.0,0.0
R04,06,65,0,0.0,0.0,0.0,0.0
R04,06,66,0,0.0,0.0,0.0,0.0
R04,06,67,0,0.0,0.0,0.0,0.0
R04,06,68,0,0.0,0.0,0.0,0.0
R04,06,69,0,0.0,0.0,0.0,0.0
R04,06,70,0,0.0,0.0,0.0,0.0
R04,06,71,0,0.0,0.0,0.0,0.0
R04,06,72,0,0.0,0.0,0.0,0.0
R04,06,73,0,0.0,0.0,0.0,0.0
R04,06,74,0,0.0,0.0,0.0,0.0
R04,06,75,0,0.0,0.0,0.0,0.0
R04,06,76,0,0.0,0.0,0.0,0.0
R04,06,77,0,0.0,0.0,0.0,0.0
R04,06,78,0,0.0,0.0,0.0,0.0
R04,06,79,0,0.0,0.0,0.0,0.0
R04,06,80,0,0.0,0.0,0.0,0.0
R04,06,81,0,0.0,0.0,0.0,0.0
R04,06,82,0,0.0,0.0,0.0,0.0
R04,06,83,0,0.0,0.0,0.0,0.0
R04,06,84,0,0.0,0.0,0.0,0.0
R04,06,85,0,0.0,0.0,0.0,0.0
R04,06,86,0,0.0,0.0,0.0,0.0
R04,06,87,0,0.0,0.0,0.0,0.0
R04,06,88,0,0.0,0.0,0.0,0.0
R04,06,89,0,0.0,0.0,0.0,0.0
R04,06,90,0,0.0,0.0,0.0,0.0
R04,06,91,0,0.0,0.0,0.0,0.0
R04,06,92,1,0.0,0.0,0.0,0.0
R04,06,93,1,0.0,0.0,0.0,0.0
R04,06,94,1,0.0,0.0,0.0,0.0
R04,06,95,1,0.0,0.0,0.0,0.0
R04,06,96,1,0.0,0.0,0.0,0.0
R04,06,97,1,0.0,0.0,0.0,0.0
R04,06,98,1,0.0,0.0,0.0,0.0
R04,06,99,1,0.0,0.0,0.0,0.0
R04,06,100,1,0.0,0.0,0.0,0.0
R04,06,101,1,0.0,0.0,0.0,0.0
R04,06,102,1,0.0,0.0,0.0,0.0
R04,06,103,1,0.0,0.0,0.0,0.0
R04,06,104,1,0.0,0.0,0.0,0.0
R04,06,105,1,0.0,0.0,0.0,0.0
R04,06,106,1,0.0,0.0,0.0,0.0
R04,06,107,1,0.0,0.0,0.0,0.0
R04,06,108,1,0.0,0.0,0.0,0.0
R04,06,109,1,0.0,0.0,0.0,0.0
R04,06,110,1,0.0,0.0,0.0,0.0
R04,06,111,1,0.0,0.0,0.0,0.0
R04,06,112,1,0.0,0.0,0.0,0.0
R04,06,113,1,0.0,0.0,0.0,0.0
R04,06,114,1,0.0,0.0,0.0,0.0
R04,06,115,1,0.0,0.0,0.0,0.0
R04,06,116,1,0.0,0.0,0.0,0.0
R04,06,117,1,0.0,0.0,0.0,0.0
R04,06,118,1,0.0,0.0,0.0,0.0
R04,06,119,1,0.0,0.0,0.0,0.0
R04,06,120,1,0.0,0.0,0.0,0.0
R04,06,121,1,0.0,0.0,0.0,0.0
R04,06,122,1,0.0,0.0,0.0,0.0
R04,06,123,1,0.0,0.0,0.0,0.0
R04,06,124,1,0.0,0.0,0.0,0.0
R04,06,125,1,0.0,0.0,0.0,0.0
R04,06,126,1,0.0,0.0,0.0,0.0
R04,06,127,1,0.0,0.0,0.0,0.0
R04,06,128,1,0.0,0.0,0.0,0.0
R04,06,129,1,0.0,0.0,0.0,0.0
R04,06,130,1,0.0,0.0,0.0,0.0
R04,06,131,1,0.0,0.0,0.0,0.0
R04,06,132,1,0.0,0.0,0.0,0.0
R04,06,133,1,0.0,0.0,0.0,0.0
R04,06,134,1,0.0,0.0,0.0,0.0
R04,06,135,1,0.0,0.0,0.0,0.0
R04,06,136,1,0.0,0.0,0.0,0.0
R04,06,137,1,0.0,0.0,0.0,0.0
R04,06,138,1,0.0,0.0,0.0,0.0
R04,06,139,1,0.0,0.0,0.0,0.0
R04,06,140,1,0.0,0.0,0.0,0.0
R04,06,141,1,0.0,0.0,0.0,0.0
R04,06,142,1,0.0,0.0,0.0,0.0
R04,06,143,1,0.0,0.0,0.0,0.0
R04,06,144,1,0.0,0.0,0.0,0.0
R04,06,145,1,0.0,0.0,0.0,0.0
R04,06,146,1,0.0,0.0,0.0,0.0
R04,06,147,1,0.0,0.0,0.0,0.0
R04,06,148,1,0.0,0.0,0.0,0.0
R04,06,149,1,0.0,0.0,0.0,0.0
R04,06,150,1,0.0,0.0,0.0,0.0
R04,06,151,1,0.0,0.0,0.0,0.0
R04,06,152,1,0.0,0.0,0.0,0.0
R04,06,153,1,0.0,0.0,0.0,0.0
R04,06,154,1,0.0,0.0,0.0,0.0
R04,06,155,1,0.0,0.0,0.0,0.0
R04,06,156,1,0.0,0.0,0.0,0.0
R04,06,157,1,0.0,0.0,0.0,0.0
R04,06,158,1,0.0,0.0,0.0,0.0
R04,06,159,1,0.0,0.0,0.0,0.0
R04,06,160,1,0.0,0.0,0.0,0.0
R04,06,161,1,0.0,0.0,0.0,0.0
R04,06,162,1,0.0,0.0,0.0,0.0
R04,06,163,1,0.0,0.0,0.0,0.0
R04,06,164,1,0.0,0.0,0.0,0.0
R04,06,165,1,0.0,0.0,0.0,0.0
R04,06,166,1,0.0,0.0,0.0,0.0
R04,06,167,1,0.0,0.0,0.0,0.0
R04,06,168,1,0.0,0.0,0.0,0.0
R04,06,169,1,0.0,0.0,0.0,0.0
R04,06,170,1,0.0,0.0,0.0,0.0
R04,06,171,1,0.0,0.0,0.0,0.0
R04,06,172,1,0.0,0.0,0.0,0.0
R04,06,173,1,0.0,0.0,0.0,0.0
R04,06,174,1,0.0,0.0,0.0,0.0
R04,06,175,1,0.0,0.0,0.0,0.0
R04,06,176,1,0.0,0.0,0.0,0.0
R04,06,177,1,0.0,0.0,0.0,0.0
R04,06,178,1,0.0,0.0,0.0,0.0
R04,06,179,1,0.0,0.0,0.0,0.0
R04,06,180,1,0.0,0.0,0.0,0.0
R04,06,181,1,0.0,0.0,0.0,0.0
R04,06,182,1,0.0,0.0,0.0,0.0
R04,06,183,1,0.0,0.0,0.0,0.0
R04,06,184,1,0.0,0.0,0.0,0.0
R04,06,185,1,0.0,0.0,0.0,0.0
R04,06,186,1,0.0,0.0,0.0,0.0
R04,06,187,1,0.0,0.0,0.0,0.0
R04,06,188,1,0.0,0.0,0.0,0.0
R04,06,189,1,0.0,0.0,0.0,0.0
R04,06,190,1,0.0,0.0,0.0,0.0
R04,06,191,1,0.0,0.0,0.0,0.0
R04,06,192,1,0.0,0.0,0.0,0.0
R04,06,193,1,0.0,0.0,0.0,0.0
R04,06,194,1,0.0,0.0,0.0,0.0
R04,06,195,1,0.0,0.0,0.0,0.0
R04,06,196,1,0.0,0.0,0.0,0.0
R04,06,197,1,0.0,0.0,0.0,0.0
R04,06,198,1,0.0,0.0,0.0,0.0
R04,06,199,1,0.0,0.0,0.0,0.0
R04,06,200,1,0.0,0.0,0.0,0.0
R04,06,201,1,0.0,0.0,0.0,0.0
R04,06,202,1,0.0,0.0,0.0,0.0
R04,06,203,1,0.0,0.0,0.0,0.0
R04,06,204,1,0.0,0.0,0.0,0.0
R04,06,205,1,0.0,0.0,0.0,0.0
R04,06,206,1,0.0,0.0,0.0,0.0
R04,06,207,1,0.0,0.0,0.0,0.0
R04,06,208,1,0.0,0.0,0.0,0.0
R04,06,209,1,0.0,0.0,0.0,0.0
R04,06,210,1,0.0,0.0,0.0,0.0
R04,06,211,1,0.0,0.0,0.0,0.0
R04,06,212,1,0.0,0.0,0.0,0.0
R04,06,213,1,0.0,0.0,0.0,0.0
R04,06,214,1,0.0,0.0,0.0,0.0
R04,06,215,1,0.0,0.0,0.0,0.0
R04,06,216,1,0.0,0.0,0.0,0.0
R04,06,217,1,0.0,0.0,0.0,0.0
R04,06,218,1,0.0,0.0,0.0,0.0
R04,06,219,1,0.0,0.0,0.0,0.0
R04,06,220,1,0.0,0.0,0.0,0.0
R04,06,221,1,0.0,0.0,0.0,0.0
R04,06,222,1,0.0,0.0,0.0,0.0
R04,06,223,1,0.0,0.0,0.0,0.0
R04,06,224,1,0.0,0.0,0.0,0.0
R04,06,225,1,0.0,0.0,0.0,0.0
R04,06,226,1,0.0,0.0,0.0,0.0
R04,06,227,1,0.0,0.0,0.0,0.0
R04,06,228,1,0.0,0.0,0.0,0.0
R04,06,229,1,0.0,0.0,0.0,0.0
R04,06,230,1,0.0,0.0,0.0,0.0
R04,06,231,1,0.0,0.0,0.0,0.0
R04,06,232,1,0.0,0.0,0.0,0.0
R04,06,233,1,0.0,0.0,0.0,0.0
R04,06,234,1,0.0,0.0,0.0,0.0
R04,06,235,1,0.0,0.0,0.0,0.0
R04,06,236,1,0.0,0.0,0.0,0.0
R04,06,237,1,0.0,0.0,0.0,0.0
R04,06,238,1,0.0,0.0,0.0,0.0
R04,06,239,1,0.0,0.0,0.0,0.0
R04,06,240,1,0.0,0.0,0.0,0.0
R04,06,241,1,0.0,0.0,0.0,0.0
R04,06,242,1,0.0,0.0,0.0,0.0
R04,06,243,1,0.0,0.0,0.0,0.0
R04,06,244,1,0.0,0.0,0.0,0.0
R04,06,245,1,0.0,0.0,0.0,0.0
R04,06,246,1,0.0,0.0,0.0,0.0
R04,06,247,1,0.0,0.0,0.0,0.0
R04,06,248,1,0.0,0.0,0.0,0.0
R04,06,249,1,0.0,0.0,0.0,0.0
R04,06,250,1,0.0,0.0,0.0,0.0
R04,06,251,1,0.0,0.0,0.0,0.0
R04,06,252,1,0.0,0.0,0.0,0.0
R04,06,253,1,0.0,0.0,0.0,0.0
R04,06,254,1,0.0,0.0,0.0,0.0
R04,06,255,1,0.0,0.0,0.0,0.0
R04,06,256,1,0.0,0.0,0.0,0.0
R04,06,257,1,0.0,0.0,0.0,0.0
R04,06,258,1,0.0,0.0,0.0,0.0
R04,06,259,1,0.0,0.0,0.0,0.0
R04,06,260,1,0.0,0.0,0.0,0.0
R04,06,261,1,0.0,0.0,0.0,0.0
R04,06,262,1,0.0,0.0,0.0,0.0
R04,06,263,1,0.0,0.0,0.0,0.0
R04,06,264,1,0.0,0.0,0.0,0.0
R04,06,265,1,0.0,0.0,0.0,0.0
R04,06,266,1,0.0,0.0,0.0,0.0
R04,06,267,1,0.0,0.0,0.0,0.0
R04,06,268,1,0.0,0.0,0.0,0.0
R04,06,269,1,0.0,0.0,0.0,0.0
R04,06,270,1,0.0,0.0,0.0,0.0
R04,06,271,1,0.0,0.0,0.0,0.0
R04,06,272,1,0.0,0.0,0.0,0.0
R04,06,273,1,0.0,0.0,0.0,0.0
R04,06,274,1,0.0,0.0,0.0,0.0
R04,06,275,1,0.0,0.0,0.0,0.0
R04,06,276,1,0.0,0.0,0.0,0.0
R04,06,277,1,0.0,0.0,0.0,0.0
R04,06,278,1,0.0,0.0,0.0,0.0
R04,06,279,1,0.0,0.0,0.0,0.0
R04,06,280,1,0.0,0.0,0.0,0.0
R04,06,281,1,0.0,0.0,0.0,0.0
R04,06,282,1,0.0,0.0,0.0,0.0
R04,06,283,1,0.0,0.0,0.0,0.0
R04,06,284,1,0.0,0.0,0.0,0.0
R04,06,285,1,0.0,0.0,0.0,0.0
R04,06,286,1,0.0,0.0,0.0,0.0
R04,06,287,1,0.0,0.0,0.0,0.0
R04,06,288,1,0.0,0.0,0.0,0.0
R04,06,289,1,0.0,0.0,0.0,0.0
R04,06,290,1,0.0,0.0,0.0,0.0
R04,06,291,1,0.0,0.0,0.0,0.0
R04,06,292,1,0.0,0.0,0.0,0.0
R04,06,293,1,0.0,0.0,0.0,0.0
R04,06,294,1,0.0,0.0,0.0,0.0
R04,06,295,1,0.0,0.0,0.0,0.0
R04,06,296,1,0.0,0.0,0.0,0.0
R04,06,297,1,0.0,0.0,0.0,0.0
R04,06,298,1,0.0,0.0,0.0,0.0
R04,06,299,1,0.0,0.0,0.0,0.0
R04,06,300,1,0.0,0.0,0.0,0.0
R04,06,301,1,0.0,0.0,0.0,0.0
R04,06,302,1,0.0,0.0,0.0,0.0
R04,06,303,1,0.0,0.0,0.0,0.0
R04,06,304,1,0.0,0.0,0.0,0.0
R04,06,305,1,0.0,0.0,0.0,0.0
R04,06,306,1,0.0,0.0,0.0,0.0
R04,06,307,1,0.0,0.0,0.0,0.0
R04,06,308,1,0.0,0.0,0.0,0.0
R04,06,309,1,0.0,0.0,0.0,0.0
R04,06,310,1,0.0,0.0,0.0,0.0
R04,06,311,1,0.0,0.0,0.0,0.0
R04,06,312,1,0.0,0.0,0.0,0.0
R04,06,313,1,0.0,0.0,0.0,0.0
R04,06,314,1,0.0,0.0,0.0,0.0
R04,06,315,1,0.0,0.0,0.0,0.0
R04,06,316,1,0.0,0.0,0.0,0.0
R04,06,317,1,0.0,0.0,0.0,0.0
R04,06,318,1,0.0,0.0,0.0,0.0
R04,06,319,1,0.0,0.0,0.0,0.0
R04,06,320,1,0.0,0.0,0.0,0.0
R04,06,321,1,0.0,0.0,0.0,0.0
R04,06,322,1,0.0,0.0,0.0,0.0
R04,06,323,1,0.0,0.0,0.0,0.0
R04,06,324,1,0.0,0.0,0.0,0.0
R04,06,325,1,0.0,0.0,0.0,0.0
R04,06,326,1,0.0,0.0,0.0,0.0
R04,06,327,1,0.0,0.0,0.0,0.0
R04,06,328,1,0.0,0.0,0.0,0.0
R04,06,329,1,0.0,0.0,0.0,0.0
R04,06,330,1,0.0,0.0,0.0,0.0
R04,06,331,1,0.0,0.0,0.0,0.0
R04,06,332,1,0.0,0.0,0.0,0.0
R04,06,333,1,0.0,0.0,0.0,0.0
R04,06,334,1,0.0,0.0,0.0,0.0
R04,06,335,1,0.0,0.0,0.0,0.0
R04,06,336,1,0.0,0.0,0.0,0.0
R04,06,337,1,0.0,0.0,0.0,0.0
R04,06,338,1,0.0,0.0,0.0,0.0
R04,06,339,1,0.0,0.0,0.0,0.0
R04,06,340,1,0.0,0.0,0.0,0.0
R04,06,341,1,0.0,0.0,0.0,0.0
R04,06,342,1,0.0,0.0,0.0,0.0
R04,06,343,1,0.0,0.0,0.0,0.0
R04,06,344,1,0.0,0.0,0.0,0.0
R04,06,345,1,0.0,0.0,0.0,0.0
R04,06,346,1,0.0,0.0,0.0,0.0
R04,06,347,1,0.0,0.0,0.0,0.0
R04,06,348,1,0.0,0.0,0.0,0.0
R04,06,349,1,0.0,0.0,0.0,0.0
R04,06,350,1,0.0,0.0,0.0,0.0
R04,06,351,1,0.0,0.0,0.0,0.0
R04,06,352,1,0.0,0.0,0.0,0.0
R04,06,353,1,0.0,0.0,0.0,0.0
R04,06,354,1,0.0,0.0,0.0,0.0
R04,06,355,1,0.0,0.0,0.0,0.0
R04,06,356,1,0.0,0.0,0.0,0.0
R04,06,357,1,0.0,0.0,0.0,0.0
R04,06,358,1,0.0,0.0,0.0,0.0
R04,06,359,1,0.0,0.0,0.0,0.0
R04,06,360,1,0.0,0.0,0.0,0.0
R04,06,361,1,0.0,0.0,0.0,0.0
R04,06,362,1,0.0,0.0,0.0,0.0
R04,06,363,1,0.0,0.0,0.0,0.0
R04,06,364,1,0.0,0.0,0.0,0.0
R04,06,365,1,0.0,0.0,0.0,0.0
R04,06,366,1,0.0,0.0,0.0,0.0
R04,06,367,1,0.0,0.0,0.0,0.0
R04,06,368,1,0.0,0.0,0.0,0.0
R04,06,369,1,0.0,0.0,0.0,0.0
R04,06,370,1,0.0,0.0,0.0,0.0
R04,06,371,1,0.0,0.0,0.0,0.0
R04,06,372,1,0.0,0.0,0.0,0.0
R04,06,373,1,0.0,0.0,0.0,0.0
R04,06,374,1,0.0,0.0,0.0,0.0
R04,06,375,1,0.0,0.0,0.0,0.0
R04,06,376,1,0.0,0.0,0.0,0.0
R04,06,377,1,0.0,0.0,0.0,0.0
R04,06,378,1,0.0,0.0,0.0,0.0
R04,06,379,1,0.0,0.0,0.0,0.0
R04,06,380,1,0.0,0.0,0.0,0.0
R04,06,381,1,0.0,0.0,0.0,0.0
R04,06,382,1,0.0,0.0,0.0,0.0
R04,06,383,1,0.0,0.0,0.0,0.0
R04,06,384,1,0.0,0.0,0.0,0.0
R04,06,385,1,0.0,0.0,0.0,0.0
R04,06,386,1,0.0,0.0,0.0,0.0
R04,06,387,1,0.0,0.0,0.0,0.0
R04,06,388,1,0.0,0.0,0.0,0.0
R04,06,389,1,0.0,0.0,0.0,0.0
R04,06,390,1,0.0,0.0,0.0,0.0
R04,06,391,1,0.0,0.0,0.0,0.0
R04,06,392,1,0.0,0.0,0.0,0.0
R04,06,393,1,0.0,0.0,0.0,0.0
R04,06,394,1,0.0,0.0,0.0,0.0
R04,06,395,1,0.0,0.0,0.0,0.0
R04,06,396,1,0.0,0.0,0.0,0.0
R04,06,397,1,0.0,0.0,0.0,0.0
R04,06,398,1,0.0,0.0,0.0,0.0
R04,06,399,1,0.0,0.0,0.0,0.0
R04,06,400,1,0.0,0.0,0.0,0.0
R04,06,401,1,0.0,0.0,0.0,0.0
R04,06,402,1,0.0,0.0,0.0,0.0
R04,06,403,1,0.0,0.0,0.0,0.0
R04,06,404,1,0.0,0.0,0.0,0.0
R04,06,405,1,0.0,0.0,0.0,0.0
R04,06,406,1,0.0,0.0,0.0,0.0
R04,06,407,1,0.0,0.0,0.0,0.0
R04,06,408,1,0.0,0.0,0.0,0.0
R04,06,409,1,0.0,0.0,0.0,0.0
R04,06,410,1,0.0,0.0,0.0,0.0
R04,06,411,1,0.0,0.0,0.0,0.0
R04,06,412,1,0.0,0.0,0.0,0.0
R04,06,413,1,0.0,0.0,0.0,0.0
R04,06,414,1,0.0,0.0,0.0,0.0
R04,06,415,1,0.0,0.0,0.0,0.0
R04,06,416,1,0.0,0.0,0.0,0.0
R04,06,417,1,0.0,0.0,0.0,0.0
R04,06,418,1,0.0,0.0,0.0,0.0
R04,06,419,1,0.0,0.0,0.0,0.0
R04,06,420,1,0.0,0.0,0.0,0.0
R04,06,421,1,0.0,0.0,0.0,0.0
R04,06,422,1,0.0,0.0,0.0,0.0
R04,06,423,1,0.0,0.0,0.0,0.0
R04,06,424,1,0.0,0.0,0.0,0.0
R04,06,425,1,0.0,0.0,0.0,0.0
R04,06,426,1,0.0,0.0,0.0,0.0
R04,06,427,1,0.0,0.0,0.0,0.0
R04,06,428,1,0.0,0.0,0.0,0.0
R04,06,429,1,0.0,0.0,0.0,0.0
R04,06,430,1,0.0,0.0,0.0,0.0
R04,06,431,1,0.0,0.0,0.0,0.0
R04,06,432,1,0.0,0.0,0.0,0.0
R04,06,433,1,0.0,0.0,0.0,0.0
R04,06,434,1,0.0,0.0,0.0,0.0
R04,06,435,1,0.0,0.0,0.0,0.0
R04,06,436,1,0.0,0.0,0.0,0.0
R04,06,437,1,0.0,0.0,0.0,0.0
R04,06,438,1,0.0,0.0,0.0,0.0
R04,06,439,1,0.0,0.0,0.0,0.0
R04,06,440,1,0.0,0.0,0.0,0.0
R04,06,441,1,0.0,0.0,0.0,0.0
R04,06,442,1,0.0,0.0,0.0,0.0
R04,06,443,1,0.0,0.0,0.0,0.0
R04,06,444,1,0.0,0.0,0.0,0.0
R04,06,445,1,0.0,0.0,0.0,0.0
R04,06,446,1,0.0,0.0,0.0,0.0
R04,06,447,1,0.0,0.0,0.0,0.0
R04,06,448,1,0.0,0.0,0.0,0.0
R04,06,449,1,0.0,0.0,0.0,0.0
R04,06,450,1,0.0,0.0,0.0,0.0
R04,06,451,1,0.0,0.0,0.0,0.0
R04,06,452,1,0.0,0.0,0.0,0.0
R04,06,453,1,0.0,0.0,0.0,0.0
R04,06,454,1,0.0,0.0,0.0,0.0
R04,06,455,1,0.0,0.0,0.0,0.0
R04,06,456,1,0.0,0.0,0.0,0.0
R04,06,457,1,0.0,0.0,0.0,0.0
R04,06,458,1,0.0,0.0,0.0,0.0
R04,06,459,1,0.0,0.0,0.0,0.0
R04,06,460,1,0.0,0.0,0.0,0.0
R04,06,461,1,0.0,0.0,0.0,0.0
R04,06,462,1,0.0,0.0,0.0,0.0
R04,06,463,1,0.0,0.0,0.0,0.0
R04,06,464,1,0.0,0.0,0.0,0.0
R04,06,465,1,0.0,0.0,0.0,0.0
R04,06,466,1,0.0,0.0,0.0,0.0
R04,06,467,1,0.0,0.0,0.0,0.0
R04,06,468,1,0.0,0.0,0.0,0.0
R04,06,469,1,0.0,0.0,0.0,0.0
R04,06,470,1,0.0,0.0,0.0,0.0
R04,06,471,1,0.0,0.0,0.0,0.0
R04,06,472,1,0.0,0.0,0.0,0.0
R04,06,473,1,0.0,0.0,0.0,0.0
R04,06,474,1,0.0,0.0,0.0,0.0
R04,06,475,1,0.0,0.0,0.0,0.0
R04,06,476,1,0.0,0.0,0.0,0.0
R04,06,477,1,0.0,0.0,0.0,0.0
R04,06,478,1,0.0,0.0,0.0,0.0
R04,06,479,1,0.0,0.0,0.0,0.0
R04,06,480,1,0.0,0.0,0.0,0.0
R04,06,481,1,0.0,0.0,0.0,0.0
R04,06,482,1,0.0,0.0,0.0,0.0
R04,06,483,1,0.0,0.0,0.0,0.0
R04,06,484,1,0.0,0.0,0.0,0.0
R04,06,485,1,0.0,0.0,0.0,0.0
R04,06,486,1,0.0,0.0,0.0,0.0
R04,06,487,1,0.0,0.0,0.0,0.0
R04,06,488,1,0.0,0.0,0.0,0.0
R04,06,489,1,0.0,0.0,0.0,0.0
R04,06,490,1,0.0,0.0,0.0,0.0
R04,06,491,1,0.0,0.0,0.0,0.0
R04,06,492,1,0.0,0.0,0.0,0.0
R04,06,493,1,0.0,0.0,0.0,0.0
R04,06,494,1,0.0,0.0,0.0,0.0
R04,06,495,1,0.0,0.0,0.0,0.0
R04,06,496,1,0.0,0.0,0.0,0.0
R04,06,497,1,0.0,0.0,0.0,0.0
R04,06,498,1,0.0,0.0,0.0,0.0
R04,06,499,1,0.0,0.0,0.0,0.0
R04,06,500,1,0.0,0.0,0.0,0.0
R04,06,501,1,0.0,0.0,0.0,0.0
R04,06,502,1,0.0,0.0,0.0,0.0
R04,06,503,1,0.0,0.0,0.0,0.0
R04,06,504,1,0.0,0.0,0.0,0.0
R04,07,0,0,0.0,0.0,0.0,0.0
R04,07,1,0,0.0,0.0,0.0,0.0
R04,07,2,0,0.0,0.0,0.0,0.0
R04,07,3,0,0.0,0.0,0.0,0.0
R04,07,4,0,0.0,0.0,0.0,0.0
R04,07,5,0,0.0,0.0,0.0,0.0
R04,07,6,0,0.0,0.0,0.0,0.0
R04,07,7,0,0.0,0.0,0.0,0.0
R04,07,8,0,0.0,0.0,0.0,0.0
R04,07,9,0,0.0,0.0,0.0,0.0
R04,07,10,0,0.0,0.0,0.0,0.0
R04,07,11,0,0.0,0.0,0.0,0.0
R04,07,12,0,0.0,0.0,0.0,0.0
R04,07,13,0,0.0,0.0,0.0,0.0
R04,07,14,0,0.0,0.0,0.0,0.0
R04,07,15,0,0.0,0.0,0.0,0.0
R04,07,16,0,0.0,0.0,0.0,0.0
R04,07,17,0,0.0,0.0,0.0,0.0
R04,07,18,0,0.0,0.0,0.0,0.0
R04,07,19,0,0.0,0.0,0.0,0.0
R04,07,20,0,0.0,0.0,0.0,0.0
R04,07,21,0,0.0,0.0,0.0,0.0
R04,07,22,0,0.0,0.0,0.0,0.0
R04,07,23,0,0.0,0.0,0.0,0.0
R04,07,24,0,0.0,0.0,0.0,0.0
R04,07,25,0,0.0,0.0,0.0,0.0
R04,07,26,0,0.0,0.0,0.0,0.0
R04,07,27,0,0.0,0.0,0.0,0.0
R04,07,28,0,0.0,0.0,0.0,0.0
R04,07,29,0,0.0,0.0,0.0,0.0
R04,07,30,0,0.0,0.0,0.0,0.0
R04,07,31,0,0.0,0.0,0.0,0.0
R04,07,32,0,0.0,0.0,0.0,0.0
R04,07,33,0,0.0,0.0,0.0,0.0
R04,07,34,0,0.0,0.0,0.0,0.0
R04,07,35,0,0.0,0.0,0.0,0.0
R04,07,36,0,0.0,0.0,0.0,0.0
R04,07,37,0,0.0,0.0,0.0,0.0
R04,07,38,0,0.0,0.0,0.0,0.0
R04,07,39,0,0.0,0.0,0.0,0.0
R04,07,40,0,0.0,0.0,0.0,0.0
R04,07,41,0,0.0,0.0,0.0,0.0
R04,07,42,0,0.0,0.0,0.0,0.0
R04,07,43,0,0.0,0.0,0.0,0.0
R04,07,44,0,0.0,0.0,0.0,0.0
R04,07,45,0,0.0,0.0,0.0,0.0
R04,07,46,0,0.0,0.0,0.0,0.0
R04,07,47,0,0.0,0.0,0.0,0.0
R04,07,48,0,0.0,0.0,0.0,0.0
R04,07,49,0,0.0,0.0,0.0,0.0
R04,07,50,0,0.0,0.0,0.0,0.0
R04,07,51,0,0.0,0.0,0.0,0.0
R04,07,52,0,0.0,0.0,0.0,0.0
R04,07,53,0,0.0,0.0,0.0,0.0
R04,07,54,0,0.0,0.0,0.0,0.0
R04,07,55,0,0.0,0.0,0.0,0.0
R04,07,56,0,0.0,0.0,0.0,0.0
R04,07,57,0,0.0,0.0,0.0,0.0
R04,07,58,0,0.0,0.0,0.0,0.0
R04,07,59,0,0.0,0.0,0.0,0.0
R04,07,60,0,0.0,0.0,0.0,0.0
R04,07,61,0,0.0,0.0,0.0,0.0
R04,07,62,0,0.0,0.0,0.0,0.0
R04,07,63,0,0.0,0.0,0.0,0.0
R04,07,64,0,0.0,0.0,0.0,0.0
R04,07,65,0,0.0,0.0,0.0,0.0
R04,07,66,0,0.0,0.0,0.0,0.0
R04,07,67,0,0.0,0.0,0.0,0.0
R04,07,68,0,0.0,0.0,0.0,0.0
R04,07,69,0,0.0,0.0,0.0,0.0
R04,07,70,0,0.0,0.0,0.0,0.0
R04,07,71,0,0.0,0.0,0.0,0.0
R04,07,72,0,0.0,0.0,0.0,0.0
R04,07,73,0,0.0,0.0,0.0,0.0
R04,07,74,0,0.0,0.0,0.0,0.0
R04,07,75,0,0.0,0.0,0.0,0.0
R04,07,76,0,0.0,0.0,0.0,0.0
R04,07,77,0,0.0,0.0,0.0,0.0
R04,07,78,0,0.0,0.0,0.0,0.0
R04,07,79,0,0.0,0.0,0.0,0.0
R04,07,80,0,0.0,0.0,0.0,0.0
R04,07,81,0,0.0,0.0,0.0,0.0
R04,07,82,0,0.0,0.0,0.0,0.0
R04,07,83,0,0.0,0.0,0.0,0.0
R04,07,84,0,0.0,0.0,0.0,0.0
R04,07,85,0,0.0,0.0,0.0,0.0
R04,07,86,0,0.0,0.0,0.0,0.0
R04,07,87,0,0.0,0.0,0.0,0.0
R04,07,88,0,0.0,0.0,0.0,0.0
R04,07,89,0,0.0,0.0,0.0,0.0
R04,07,90,0,0.0,0.0,0.0,0.0
R04,07,91,0,0.0,0.0,0.0,0.0
R04,07,92,0,0.0,0.0,0.0,0.0
R04,07,93,0,0.0,0.0,0.0,0.0
R04,07,94,0,0.0,0.0,0.0,0.0
R04,07,95,0,0.0,0.0,0.0,0.0
R04,07,96,0,0.0,0.0,0.0,0.0
R04,07,97,0,0.0,0.0,0.0,0.0
R04,07,98,0,0.0,0.0,0.0,0.0
R04,07,99,0,0.0,0.0,0.0,0.0
R04,07,100,0,0.0,0.0,0.0,0.0
R04,07,101,0,0.0,0.0,0.0,0.0
R04,07,102,0,0.0,0.0,0.0,0.0
R04,07,103,0,0.0,0.0,0.0,0.0
R04,07,104,0,0.0,0.0,0.0,0.0
R04,07,105,0,0.0,0.0,0.0,0.0
R04,07,106,0,0.0,0.0,0.0,0.0
R04,07,107,0,0.0,0.0,0.0,0.0
R04,07,108,0,0.0,0.0,0.0,0.0
R04,07,109,0,0.0,0.0,0.0,0.0
R04,07,110,0,0.0,0.0,0.0,0.0
R04,07,111,0,0.0,0.0,0.0,0.0
R04,07,112,0,0.0,0.0,0.0,0.0
R04,07,113,0,0.0,0.0,0.0,0.0
R04,07,114,0,0.0,0.0,0.0,0.0
R04,07,115,0,0.0,0.0,0.0,0.0
R04,07,116,0,0.0,0.0,0.0,0.0
R04,07,117,0,0.0,0.0,0.0,0.0
R04,07,118,0,0.0,0.0,0.0,0.0
R04,07,119,0,0.0,0.0,0.0,0.0
R04,07,120,0,0.0,0.0,0.0,0.0
R04,07,121,0,0.0,0.0,0.0,0.0
R04,07,122,1,0.0,0.0,0.0,0.0
R04,07,123,1,0.0,0.0,0.0,0.0
R04,07,124,1,0.0,0.0,0.0,0.0
R04,07,125,1,0.0,0.0,0.0,0.0
R04,07,126,1,0.0,0.0,0.0,0.0
R04,07,127,1,0.0,0.0,0.0,0.0
R04,07,128,1,0.0,0.0,0.0,0.0
R04,07,129,1,0.0,0.0,0.0,0.0
R04,07,130,1,0.0,0.0,0.0,0.0
R04,07,131,1,0.0,0.0,0.0,0.0
R04,07,132,1,0.0,0.0,0.0,0.0
R04,07,133,1,0.0,0.0,0.0,0.0
R04,07,134,1,0.0,0.0,0.0,0.0
R04,07,135,1,0.0,0.0,0.0,0.0
R04,07,136,1,0.0,0.0,0.0,0.0
R04,07,137,1,0.0,0.0,0.0,0.0
R04,07,138,1,0.0,0.0,0.0,0.0
R04,07,139,1,0.0,0.0,0.0,0.0
R04,07,140,1,0.0,0.0,0.0,0.0
R04,07,141,1,0.0,0.0,0.0,0.0
R04,07,142,1,0.0,0.0,0.0,0.0
R04,07,143,1,0.0,0.0,0.0,0.0
R04,07,144,1,0.0,0.0,0.0,0.0
R04,07,145,1,0.0,0.0,0.0,0.0
R04,07,146,1,0.0,0.0,0.0,0.0
R04,07,147,1,0.0,0.0,0.0,0.0
R04,07,148,1,0.0,0.0,0.0,0.0
R04,07,149,1,0.0,0.0,0.0,0.0
R04,07,150,1,0.0,0.0,0.0,0.0
R04,07,151,1,0.0,0.0,0.0,0.0
R04,07,152,1,0.0,0.0,0.0,0.0
R04,07,153,1,0.0,0.0,0.0,0.0
R04,07,154,1,0.0,0.0,0.0,0.0
R04,07,155,1,0.0,0.0,0.0,0.0
R04,07,156,1,0.0,0.0,0.0,0.0
R04,07,157,1,0.0,0.0,0.0,0.0
R04,07,158,1,0.0,0.0,0.0,0.0
R04,07,159,1,0.0,0.0,0.0,0.0
R04,07,160,1,0.0,0.0,0.0,0.0
R04,07,161,1,0.0,0.0,0.0,0.0
R04,07,162,1,0.0,0.0,0.0,0.0
R04,07,163,1,0.0,0.0,0.0,0.0
R04,07,164,1,0.0,0.0,0.0,0.0
R04,07,165,1,0.0,0.0,0.0,0.0
R04,07,166,1,0.0,0.0,0.0,0.0
R04,07,167,1,0.0,0.0,0.0,0.0
R04,07,168,1,0.0,0.0,0.0,0.0
R04,07,169,1,0.0,0.0,0.0,0.0
R04,07,170,1,0.0,0.0,0.0,0.0
R04,07,171,1,0.0,0.0,0.0,0.0
R04,07,172,1,0.0,0.0,0.0,0.0
R04,07,173,1,0.0,0.0,0.0,0.0
R04,07,174,1,0.0,0.0,0.0,0.0
R04,07,175,1,0.0,0.0,0.0,0.0
R04,07,176,1,0.0,0.0,0.0,0.0
R04,07,177,1,0.0,0.0,0.0,0.0
R04,07,178,1,0.0,0.0,0.0,0.0
R04,07,179,1,0.0,0.0,0.0,0.0
R04,07,180,1,0.0,0.0,0.0,0.0
R04,07,181,1,0.0,0.0,0.0,0.0
R04,07,182,1,0.0,0.0,0.0,0.0
R04,07,183,1,0.0,0.0,0.0,0.0
R04,07,184,1,0.0,0.0,0.0,0.0
R04,07,185,1,0.0,0.0,0.0,0.0
R04,07,186,1,0.0,0.0,0.0,0.0
R04,07,187,1,0.0,0.0,0.0,0.0
R04,07,188,1,0.0,0.0,0.0,0.0
R04,07,189,1,0.0,0.0,0.0,0.0
R04,07,190,1,0.0,0.0,0.0,0.0
R04,07,191,1,0.0,0.0,0.0,0.0
R04,07,192,1,0.0,0.0,0.0,0.0
R04,07,193,1,0.0,0.0,0.0,0.0
R04,07,194,1,0.0,0.0,0.0,0.0
R04,07,195,1,0.0,0.0,0.0,0.0
R04,07,196,1,0.0,0.0,0.0,0.0
R04,07,197,1,0.0,0.0,0.0,0.0
R04,07,198,1,0.0,0.0,0.0,0.0
R04,07,199,1,0.0,0.0,0.0,0.0
R04,07,200,1,0.0,0.0,0.0,0.0
R04,07,201,1,0.0,0.0,0.0,0.0
R04,07,202,1,0.0,0.0,0.0,0.0
R04,07,203,1,0.0,0.0,0.0,0.0
R04,07,204,0,0.0,0.0,0.0,0.0
R04,07,205,0,0.0,0.0,0.0,0.0
R04,07,206,0,0.0,0.0,0.0,0.0
R04,07,207,0,0.0,0.0,0.0,0.0
R04,07,208,0,0.0,0.0,0.0,0.0
R04,07,209,0,0.0,0.0,0.0,0.0
R04,07,210,0,0.0,0.0,0.0,0.0
R04,07,211,0,0.0,0.0,0.0,0.0
R04,07,212,0,0.0,0.0,0.0,0.0
R04,07,213,0,0.0,0.0,0.0,0.0
R04,07,214,0,0.0,0.0,0.0,0.0
R04,07,215,0,0.0,0.0,0.0,0.0
R04,07,216,0,0.0,0.0,0.0,0.0
R04,07,217,0,0.0,0.0,0.0,0.0
R04,07,218,0,0.0,0.0,0.0,0.0
R04,07,219,0,0.0,0.0,0.0,0.0
R04,07,220,0,0.0,0.0,0.0,0.0
R04,07,221,0,0.0,0.0,0.0,0.0
R04,07,222,0,0.0,0.0,0.0,0.0
R04,07,223,0,0.0,0.0,0.0,0.0
R04,07,224,0,0.0,0.0,0.0,0.0
R04,07,225,0,0.0,0.0,0.0,0.0
R04,07,226,0,0.0,0.0,0.0,0.0
R04,07,227,0,0.0,0.0,0.0,0.0
R04,07,228,0,0.0,0.0,0.0,0.0
R04,07,229,0,0.0,0.0,0.0,0.0
R04,07,230,0,0.0,0.0,0.0,0.0
R04,07,231,0,0.0,0.0,0.0,0.0
R04,07,232,0,0.0,0.0,0.0,0.0
R04,07,233,0,0.0,0.0,0.0,0.0
R04,07,234,0,0.0,0.0,0.0,0.0
R04,07,235,0,0.0,0.0,0.0,0.0
R04,07,236,0,0.0,0.0,0.0,0.0
R04,07,237,0,0.0,0.0,0.0,0.0
R04,07,238,0,0.0,0.0,0.0,0.0
R04,07,239,0,0.0,0.0,0.0,0.0
R04,07,240,0,0.0,0.0,0.0,0.0
R04,07,241,0,0.0,0.0,0.0,0.0
R04,07,242,0,0.0,0.0,0.0,0.0
R04,07,243,0,0.0,0.0,0.0,0.0
R04,07,244,0,0.0,0.0,0.0,0.0
R04,07,245,0,0.0,0.0,0.0,0.0
R04,07,246,0,0.0,0.0,0.0,0.0
R04,07,247,0,0.0,0.0,0.0,0.0
R04,07,248,0,0.0,0.0,0.0,0.0
R04,07,249,0,0.0,0.0,0.0,0.0
R04,07,250,0,0.0,0.0,0.0,0.0
R04,07,251,0,0.0,0.0,0.0,0.0
R04,07,252,0,0.0,0.0,0.0,0.0
R04,07,253,0,0.0,0.0,0.0,0.0
R04,07,254,0,0.0,0.0,0.0,0.0
R04,07,255,0,0.0,0.0,0.0,0.0
R04,07,256,0,0.0,0.0,0.0,0.0
R04,07,257,0,0.0,0.0,0.0,0.0
R04,07,258,0,0.0,0.0,0.0,0.0
R04,07,259,0,0.0,0.0,0.0,0.0
R04,07,260,0,0.0,0.0,0.0,0.0
R04,07,261,0,0.0,0.0,0.0,0.0
R04,07,262,0,0.0,0.0,0.0,0.0
R04,07,263,0,0.0,0.0,0.0,0.0
R04,07,264,0,0.0,0.0,0.0,0.0
R04,07,265,0,0.0,0.0,0.0,0.0
R04,07,266,0,0.0,0.0,0.0,0.0
R04,07,267,0,0.0,0.0,0.0,0.0
R04,07,268,0,0.0,0.0,0.0,0.0
R04,07,269,0,0.0,0.0,0.0,0.0
R04,07,270,0,0.0,0.0,0.0,0.0
R04,07,271,0,0.0,0.0,0.0,0.0
R04,07,272,0,0.0,0.0,0.0,0.0
R04,07,273,0,0.0,0.0,0.0,0.0
R04,07,274,0,0.0,0.0,0.0,0.0
R04,07,275,0,0.0,0.0,0.0,0.0
R04,07,276,0,0.0,0.0,0.0,0.0
R04,07,277,0,0.0,0.0,0.0,0.0
R04,07,278,0,0.0,0.0,0.0,0.0
R04,07,279,0,0.0,0.0,0.0,0.0
R04,07,280,0,0.0,0.0,0.0,0.0
R04,07,281,0,0.0,0.0,0.0,0.0
R04,07,282,0,0.0,0.0,0.0,0.0
R04,07,283,0,0.0,0.0,0.0,0.0
R04,07,284,0,0.0,0.0,0.0,0.0
R04,07,285,0,0.0,0.0,0.0,0.0
R04,07,286,0,0.0,0.0,0.0,0.0
R04,07,287,0,0.0,0.0,0.0,0.0
R04,07,288,0,0.0,0.0,0.0,0.0
R04,07,289,0,0.0,0.0,0.0,0.0
R04,07,290,0,0.0,0.0,0.0,0.0
R04,07,291,0,0.0,0.0,0.0,0.0
R04,07,292,0,0.0,0.0,0.0,0.0
R04,07,293,0,0.0,0.0,0.0,0.0
R04,07,294,0,0.0,0.0,0.0,0.0
R04,07,295,0,0.0,0.0,0.0,0.0
R04,07,296,0,0.0,0.0,0.0,0.0
R04,07,297,0,0.0,0.0,0.0,0.0
R04,07,298,0,0.0,0.0,0.0,0.0
R04,07,299,0,0.0,0.0,0.0,0.0
R04,07,300,0,0.0,0.0,0.0,0.0
R04,07,301,0,0.0,0.0,0.0,0.0
R04,07,302,0,0.0,0.0,0.0,0.0
R04,07,303,0,0.0,0.0,0.0,0.0
R04,07,304,0,0.0,0.0,0.0,0.0
R04,07,305,0,0.0,0.0,0.0,0.0
R04,07,306,0,0.0,0.0,0.0,0.0
R04,07,307,0,0.0,0.0,0.0,0.0
R04,07,308,0,0.0,0.0,0.0,0.0
R04,07,309,0,0.0,0.0,0.0,0.0
R04,07,310,0,0.0,0.0,0.0,0.0
R04,07,311,0,0.0,0.0,0.0,0.0
R04,07,312,0,0.0,0.0,0.0,0.0
R04,07,313,0,0.0,0.0,0.0,0.0
R04,07,314,0,0.0,0.0,0.0,0.0
R04,07,315,0,0.0,0.0,0.0,0.0
R04,07,316,0,0.0,0.0,0.0,0.0
R04,07,317,0,0.0,0.0,0.0,0.0
R04,07,318,0,0.0,0.0,0.0,0.0
R04,07,319,0,0.0,0.0,0.0,0.0
R04,07,320,0,0.0,0.0,0.0,0.0
R04,07,321,0,0.0,0.0,0.0,0.0
R04,07,322,0,0.0,0.0,0.0,0.0
R04,07,323,0,0.0,0.0,0.0,0.0
R04,07,324,0,0.0,0.0,0.0,0.0
R04,07,325,0,0.0,0.0,0.0,0.0
R04,07,326,0,0.0,0.0,0.0,0.0
R04,07,327,0,0.0,0.0,0.0,0.0
R04,07,328,0,0.0,0.0,0.0,0.0
R04,07,329,0,0.0,0.0,0.0,0.0
R04,07,330,0,0.0,0.0,0.0,0.0
R04,07,331,0,0.0,0.0,0.0,0.0
R04,07,332,0,0.0,0.0,0.0,0.0
R04,07,333,0,0.0,0.0,0.0,0.0
R04,07,334,0,0.0,0.0,0.0,0.0
R04,07,335,0,0.0,0.0,0.0,0.0
R04,07,336,0,0.0,0.0,0.0,0.0
R04,07,337,0,0.0,0.0,0.0,0.0
R04,07,338,0,0.0,0.0,0.0,0.0
R04,07,339,0,0.0,0.0,0.0,0.0
R04,07,340,0,0.0,0.0,0.0,0.0
R04,07,341,0,0.0,0.0,0.0,0.0
R04,07,342,0,0.0,0.0,0.0,0.0
R04,07,343,0,0.0,0.0,0.0,0.0
R04,07,344,0,0.0,0.0,0.0,0.0
R04,07,345,0,0.0,0.0,0.0,0.0
R04,07,346,0,0.0,0.0,0.0,0.0
R04,07,347,0,0.0,0.0,0.0,0.0
R04,07,348,0,0.0,0.0,0.0,0.0
R04,07,349,0,0.0,0.0,0.0,0.0
R04,07,350,0,0.0,0.0,0.0,0.0
R04,07,351,0,0.0,0.0,0.0,0.0
R04,07,352,0,0.0,0.0,0.0,0.0
R04,07,353,0,0.0,0.0,0.0,0.0
R04,07,354,0,0.0,0.0,0.0,0.0
R04,07,355,0,0.0,0.0,0.0,0.0
R04,07,356,0,0.0,0.0,0.0,0.0
R04,07,357,0,0.0,0.0,0.0,0.0
R04,07,358,0,0.0,0.0,0.0,0.0
R04,07,359,0,0.0,0.0,0.0,0.0
R04,07,360,0,0.0,0.0,0.0,0.0
R04,07,361,0,0.0,0.0,0.0,0.0
R04,07,362,0,0.0,0.0,0.0,0.0
R04,07,363,0,0.0,0.0,0.0,0.0
R04,07,364,0,0.0,0.0,0.0,0.0
R04,07,365,0,0.0,0.0,0.0,0.0
R04,07,366,0,0.0,0.0,0.0,0.0
R04,07,367,0,0.0,0.0,0.0,0.0
R04,07,368,0,0.0,0.0,0.0,0.0
R04,07,369,0,0.0,0.0,0.0,0.0
R04,07,370,0,0.0,0.0,0.0,0.0
R04,07,371,0,0.0,0.0,0.0,0.0
R04,07,372,0,0.0,0.0,0.0,0.0
R04,07,373,0,0.0,0.0,0.0,0.0
R04,07,374,0,0.0,0.0,0.0,0.0
R04,07,375,0,0.0,0.0,0.0,0.0
R04,07,376,0,0.0,0.0,0.0,0.0
R04,07,377,0,0.0,0.0,0.0,0.0
R04,07,378,0,0.0,0.0,0.0,0.0
R04,07,379,0,0.0,0.0,0.0,0.0
R04,07,380,0,0.0,0.0,0.0,0.0
R04,07,381,0,0.0,0.0,0.0,0.0
R04,07,382,0,0.0,0.0,0.0,0.0
R04,07,383,0,0.0,0.0,0.0,0.0
R04,07,384,0,0.0,0.0,0.0,0.0
R04,07,385,0,0.0,0.0,0.0,0.0
R04,07,386,0,0.0,0.0,0.0,0.0
R04,07,387,0,0.0,0.0,0.0,0.0
R04,07,388,0,0.0,0.0,0.0,0.0
R04,07,389,0,0.0,0.0,0.0,0.0
R04,07,390,0,0.0,0.0,0.0,0.0
R04,07,391,0,0.0,0.0,0.0,0.0
R04,07,392,0,0.0,0.0,0.0,0.0
R04,07,393,0,0.0,0.0,0.0,0.0
R04,07,394,0,0.0,0.0,0.0,0.0
R04,07,395,0,0.0,0.0,0.0,0.0
R04,07,396,0,0.0,0.0,0.0,0.0
R04,07,397,0,0.0,0.0,0.0,0.0
R04,07,398,0,0.0,0.0,0.0,0.0
R04,07,399,0,0.0,0.0,0.0,0.0
R04,07,400,0,0.0,0.0,0.0,0.0
R04,07,401,0,0.0,0.0,0.0,0.0
R04,07,402,0,0.0,0.0,0.0,0.0
R04,07,403,0,0.0,0.0,0.0,0.0
R04,07,404,0,0.0,0.0,0.0,0.0
R04,07,405,0,0.0,0.0,0.0,0.0
R04,07,406,0,0.0,0.0,0.0,0.0
R04,07,407,0,0.0,0.0,0.0,0.0
R04,07,408,0,0.0,0.0,0.0,0.0
R04,07,409,0,0.0,0.0,0.0,0.0
R04,07,410,0,0.0,0.0,0.0,0.0
R04,07,411,0,0.0,0.0,0.0,0.0
R04,07,412,1,0.0,0.0,0.0,0.0
R04,07,413,1,0.0,0.0,0.0,0.0
R04,07,414,1,0.0,0.0,0.0,0.0
R04,07,415,1,0.0,0.0,0.0,0.0
R04,07,416,1,0.0,0.0,0.0,0.0
R04,07,417,1,0.0,0.0,0.0,0.0
R04,07,418,1,0.0,0.0,0.0,0.0
R04,07,419,1,0.0,0.0,0.0,0.0
R04,07,420,1,0.0,0.0,0.0,0.0
R04,07,421,1,0.0,0.0,0.0,0.0
R04,07,422,1,0.0,0.0,0.0,0.0
R04,07,423,1,0.0,0.0,0.0,0.0
R04,07,424,1,0.0,0.0,0.0,0.0
R04,07,425,1,0.0,0.0,0.0,0.0
R04,07,426,1,0.0,0.0,0.0,0.0
R04,07,427,1,0.0,0.0,0.0,0.0
R04,07,428,1,0.0,0.0,0.0,0.0
R04,07,429,1,0.0,0.0,0.0,0.0
R04,07,430,1,0.0,0.0,0.0,0.0
R04,07,431,1,0.0,0.0,0.0,0.0
R04,07,432,1,0.0,0.0,0.0,0.0
R04,07,433,1,0.0,0.0,0.0,0.0
R04,07,434,1,0.0,0.0,0.0,0.0
R04,07,435,1,0.0,0.0,0.0,0.0
R04,07,436,1,0.0,0.0,0.0,0.0
R04,07,437,1,0.0,0.0,0.0,0.0
R04,07,438,1,0.0,0.0,0.0,0.0
R04,07,439,1,0.0,0.0,0.0,0.0
R04,07,440,1,0.0,0.0,0.0,0.0
R04,07,441,1,0.0,0.0,0.0,0.0
R04,07,442,1,0.0,0.0,0.0,0.0
R04,07,443,1,0.0,0.0,0.0,0.0
R04,07,444,1,0.0,0.0,0.0,0.0
R04,07,445,1,0.0,0.0,0.0,0.0
R04,07,446,1,0.0,0.0,0.0,0.0
R04,07,447,1,0.0,0.0,0.0,0.0
R04,07,448,1,0.0,0.0,0.0,0.0
R04,07,449,1,0.0,0.0,0.0,0.0
R04,07,450,1,0.0,0.0,0.0,0.0
R04,07,451,1,0.0,0.0,0.0,0.0
R04,07,452,1,0.0,0.0,0.0,0.0
R04,07,453,1,0.0,0.0,0.0,0.0
R04,07,454,1,0.0,0.0,0.0,0.0
R04,07,455,1,0.0,0.0,0.0,0.0
R04,07,456,1,0.0,0.0,0.0,0.0
R04,07,457,1,0.0,0.0,0.0,0.0
R04,07,458,1,0.0,0.0,0.0,0.0
R04,07,459,1,0.0,0.0,0.0,0.0
R04,07,460,1,0.0,0.0,0.0,0.0
R04,07,461,1,0.0,0.0,0.0,0.0
R04,07,462,1,0.0,0.0,0.0,0.0
R04,07,463,1,0.0,0.0,0.0,0.0
R04,07,464,1,0.0,0.0,0.0,0.0
R04,07,465,1,0.0,0.0,0.0,0.0
R04,07,466,1,0.0,0.0,0.0,0.0
R04,07,467,1,0.0,0.0,0.0,0.0
R04,07,468,1,0.0,0.0,0.0,0.0
R04,07,469,1,0.0,0.0,0.0,0.0
R04,07,470,1,0.0,0.0,0.0,0.0
R04,07,471,1,0.0,0.0,0.0,0.0
R04,07,472,1,0.0,0.0,0.0,0.0
R04,07,473,1,0.0,0.0,0.0,0.0
R04,07,474,1,0.0,0.0,0.0,0.0
R04,07,475,1,0.0,0.0,0.0,0.0
R04,07,476,1,0.0,0.0,0.0,0.0
R04,07,477,1,0.0,0.0,0.0,0.0
R04,07,478,1,0.0,0.0,0.0,0.0
R04,07,479,1,0.0,0.0,0.0,0.0
R04,07,480,1,0.0,0.0,0.0,0.0
R04,07,481,0,0.0,0.0,0.0,0.0
R04,07,482,0,0.0,0.0,0.0,0.0
R04,07,483,0,0.0,0.0,0.0,0.0
R04,07,484,0,0.0,0.0,0.0,0.0
R04,07,485,0,0.0,0.0,0.0,0.0
R04,07,486,0,0.0,0.0,0.0,0.0
R04,07,487,0,0.0,0.0,0.0,0.0
R04,07,488,0,0.0,0.0,0.0,0.0
R04,07,489,0,0.0,0.0,0.0,0.0
R04,07,490,0,0.0,0.0,0.0,0.0
R04,07,491,0,0.0,0.0,0.0,0.0
R04,07,492,0,0.0,0.0,0.0,0.0
R04,07,493,0,0.0,0.0,0.0,0.0
R04,07,494,0,0.0,0.0,0.0,0.0
R04,07,495,0,0.0,0.0,0.0,0.0
R04,07,496,0,0.0,0.0,0.0,0.0
R04,07,497,0,0.0,0.0,0.0,0.0
R04,07,498,0,0.0,0.0,0.0,0.0
R04,07,499,0,0.0,0.0,0.0,0.0
R04,07,500,0,0.0,0.0,0.0,0.0
R04,07,501,0,0.0,0.0,0.0,0.0
R04,07,502,0,0.0,0.0,0.0,0.0
R04,07,503,0,0.0,0.0,0.0,0.0
R04,07,504,0,0.0,0.0,0.0,0.0
R04,07,505,0,0.0,0.0,0.0,0.0
R04,07,506,0,0.0,0.0,0.0,0.0
R04,07,507,0,0.0,0.0,0.0,0.0
R04,07,508,0,0.0,0.0,0.0,0.0
R04,07,509,0,0.0,0.0,0.0,0.0
R04,07,510,0,0.0,0.0,0.0,0.0
R04,07,511,0,0.0,0.0,0.0,0.0
R04,07,512,0,0.0,0.0,0.0,0.0
R04,07,513,0,0.0,0.0,0.0,0.0
R04,07,514,0,0.0,0.0,0.0,0.0
R04,07,515,0,0.0,0.0,0.0,0.0
R04,07,516,0,0.0,0.0,0.0,0.0
R04,07,517,0,0.0,0.0,0.0,0.0
R04,07,518,0,0.0,0.0,0.0,0.0
R04,07,519,0,0.0,0.0,0.0,0.0
R04,07,520,0,0.0,0.0,0.0,0.0
R04,07,521,0,0.0,0.0,0.0,0.0
R04,07,522,0,0.0,0.0,0.0,0.0
R04,07,523,0,0.0,0.0,0.0,0.0
R04,07,524,0,0.0,0.0,0.0,0.0
R04,07,525,0,0.0,0.0,0.0,0.0
R04,07,526,0,0.0,0.0,0.0,0.0
R04,07,527,0,0.0,0.0,0.0,0.0
R04,07,528,0,0.0,0.0,0.0,0.0
R04,07,529,0,0.0,0.0,0.0,0.0
R04,07,530,0,0.0,0.0,0.0,0.0
R04,07,531,0,0.0,0.0,0.0,0.0
R04,07,532,0,0.0,0.0,0.0,0.0
R04,07,533,0,0.0,0.0,0.0,0.0
R04,07,534,0,0.0,0.0,0.0,0.0
R04,07,535,0,0.0,0.0,0.0,0.0
R04,07,536,0,0.0,0.0,0.0,0.0
R04,07,537,0,0.0,0.0,0.0,0.0
R04,07,538,0,0.0,0.0,0.0,0.0
R04,07,539,0,0.0,0.0,0.0,0.0
R04,07,540,0,0.0,0.0,0.0,0.0
R04,07,541,0,0.0,0.0,0.0,0.0
R04,07,542,0,0.0,0.0,0.0,0.0
R04,07,543,0,0.0,0.0,0.0,0.0
R04,07,544,0,0.0,0.0,0.0,0.0
R04,07,545,0,0.0,0.0,0.0,0.0
R04,07,546,0,0.0,0.0,0.0,0.0
R04,07,547,0,0.0,0.0,0.0,0.0
R04,07,548,0,0.0,0.0,0.0,0.0
R04,07,549,0,0.0,0.0,0.0,0.0
R04,08,0,0,0.0,0.0,0.0,0.0
R04,08,1,0,0.0,0.0,0.0,0.0
R04,08,2,0,0.0,0.0,0.0,0.0
R04,08,3,0,0.0,0.0,0.0,0.0
R04,08,4,0,0.0,0.0,0.0,0.0
R04,08,5,0,0.0,0.0,0.0,0.0
R04,08,6,0,0.0,0.0,0.0,0.0
R04,08,7,0,0.0,0.0,0.0,0.0
R04,08,8,0,0.0,0.0,0.0,0.0
R04,08,9,0,0.0,0.0,0.0,0.0
R04,08,10,0,0.0,0.0,0.0,0.0
R04,08,11,0,0.0,0.0,0.0,0.0
R04,08,12,0,0.0,0.0,0.0,0.0
R04,08,13,0,0.0,0.0,0.0,0.0
R04,08,14,0,0.0,0.0,0.0,0.0
R04,08,15,0,0.0,0.0,0.0,0.0
R04,08,16,0,0.0,0.0,0.0,0.0
R04,08,17,0,0.0,0.0,0.0,0.0
R04,08,18,0,0.0,0.0,0.0,0.0
R04,08,19,0,0.0,0.0,0.0,0.0
R04,08,20,0,0.0,0.0,0.0,0.0
R04,08,21,0,0.0,0.0,0.0,0.0
R04,08,22,0,0.0,0.0,0.0,0.0
R04,08,23,0,0.0,0.0,0.0,0.0
R04,08,24,0,0.0,0.0,0.0,0.0
R04,08,25,0,0.0,0.0,0.0,0.0
R04,08,26,0,0.0,0.0,0.0,0.0
R04,08,27,0,0.0,0.0,0.0,0.0
R04,08,28,0,0.0,0.0,0.0,0.0
R04,08,29,0,0.0,0.0,0.0,0.0
R04,08,30,0,0.0,0.0,0.0,0.0
R04,08,31,0,0.0,0.0,0.0,0.0
R04,08,32,0,0.0,0.0,0.0,0.0
R04,08,33,0,0.0,0.0,0.0,0.0
R04,08,34,0,0.0,0.0,0.0,0.0
R04,08,35,0,0.0,0.0,0.0,0.0
R04,08,36,0,0.0,0.0,0.0,0.0
R04,08,37,0,0.0,0.0,0.0,0.0
R04,08,38,0,0.0,0.0,0.0,0.0
R04,08,39,0,0.0,0.0,0.0,0.0
R04,08,40,0,0.0,0.0,0.0,0.0
R04,08,41,0,0.0,0.0,0.0,0.0
R04,08,42,0,0.0,0.0,0.0,0.0
R04,08,43,0,0.0,0.0,0.0,0.0
R04,08,44,0,0.0,0.0,0.0,0.0
R04,08,45,0,0.0,0.0,0.0,0.0
R04,08,46,0,0.0,0.0,0.0,0.0
R04,08,47,0,0.0,0.0,0.0,0.0
R04,08,48,0,0.0,0.0,0.0,0.0
R04,08,49,0,0.0,0.0,0.0,0.0
R04,08,50,0,0.0,0.0,0.0,0.0
R04,08,51,0,0.0,0.0,0.0,0.0
R04,08,52,0,0.0,0.0,0.0,0.0
R04,08,53,0,0.0,0.0,0.0,0.0
R04,08,54,0,0.0,0.0,0.0,0.0
R04,08,55,0,0.0,0.0,0.0,0.0
R04,08,56,0,0.0,0.0,0.0,0.0
R04,08,57,0,0.0,0.0,0.0,0.0
R04,08,58,0,0.0,0.0,0.0,0.0
R04,08,59,0,0.0,0.0,0.0,0.0
R04,08,60,0,0.0,0.0,0.0,0.0
R04,08,61,0,0.0,0.0,0.0,0.0
R04,08,62,0,0.0,0.0,0.0,0.0
R04,08,63,0,0.0,0.0,0.0,0.0
R04,08,64,0,0.0,0.0,0.0,0.0
R04,08,65,0,0.0,0.0,0.0,0.0
R04,08,66,0,0.0,0.0,0.0,0.0
R04,08,67,0,0.0,0.0,0.0,0.0
R04,08,68,0,0.0,0.0,0.0,0.0
R04,08,69,0,0.0,0.0,0.0,0.0
R04,08,70,0,0.0,0.0,0.0,0.0
R04,08,71,0,0.0,0.0,0.0,0.0
R04,08,72,0,0.0,0.0,0.0,0.0
R04,08,73,0,0.0,0.0,0.0,0.0
R04,08,74,0,0.0,0.0,0.0,0.0
R04,08,75,0,0.0,0.0,0.0,0.0
R04,08,76,0,0.0,0.0,0.0,0.0
R04,08,77,0,0.0,0.0,0.0,0.0
R04,08,78,0,0.0,0.0,0.0,0.0
R04,08,79,0,0.0,0.0,0.0,0.0
R04,08,80,0,0.0,0.0,0.0,0.0
R04,08,81,0,0.0,0.0,0.0,0.0
R04,08,82,0,0.0,0.0,0.0,0.0
R04,08,83,0,0.0,0.0,0.0,0.0
R04,08,84,0,0.0,0.0,0.0,0.0
R04,08,85,0,0.0,0.0,0.0,0.0
R04,08,86,0,0.0,0.0,0.0,0.0
R04,08,87,0,0.0,0.0,0.0,0.0
R04,08,88,0,0.0,0.0,0.0,0.0
R04,08,89,0,0.0,0.0,0.0,0.0
R04,08,90,0,0.0,0.0,0.0,0.0
R04,08,91,0,0.0,0.0,0.0,0.0
R04,08,92,0,0.0,0.0,0.0,0.0
R04,08,93,0,0.0,0.0,0.0,0.0
R04,08,94,0,0.0,0.0,0.0,0.0
R04,08,95,0,0.0,0.0,0.0,0.0
R04,08,96,0,0.0,0.0,0.0,0.0
R04,08,97,0,0.0,0.0,0.0,0.0
R04,08,98,0,0.0,0.0,0.0,0.0
R04,08,99,0,0.0,0.0,0.0,0.0
R04,08,100,0,0.0,0.0,0.0,0.0
R04,08,101,0,0.0,0.0,0.0,0.0
R04,08,102,0,0.0,0.0,0.0,0.0
R04,08,103,0,0.0,0.0,0.0,0.0
R04,08,104,0,0.0,0.0,0.0,0.0
R04,08,105,0,0.0,0.0,0.0,0.0
R04,08,106,0,0.0,0.0,0.0,0.0
R04,08,107,0,0.0,0.0,0.0,0.0
R04,08,108,0,0.0,0.0,0.0,0.0
R04,08,109,0,0.0,0.0,0.0,0.0
R04,08,110,0,0.0,0.0,0.0,0.0
R04,08,111,0,0.0,0.0,0.0,0.0
R04,08,112,0,0.0,0.0,0.0,0.0
R04,08,113,0,0.0,0.0,0.0,0.0
R04,08,114,0,0.0,0.0,0.0,0.0
R04,08,115,0,0.0,0.0,0.0,0.0
R04,08,116,0,0.0,0.0,0.0,0.0
R04,08,117,0,0.0,0.0,0.0,0.0
R04,08,118,0,0.0,0.0,0.0,0.0
R04,08,119,0,0.0,0.0,0.0,0.0
R04,08,120,0,0.0,0.0,0.0,0.0
R04,08,121,0,0.0,0.0,0.0,0.0
R04,08,122,0,0.0,0.0,0.0,0.0
R04,08,123,0,0.0,0.0,0.0,0.0
R04,08,124,0,0.0,0.0,0.0,0.0
R04,08,125,0,0.0,0.0,0.0,0.0
R04,08,126,0,0.0,0.0,0.0,0.0
R04,08,127,0,0.0,0.0,0.0,0.0
R04,08,128,0,0.0,0.0,0.0,0.0
R04,08,129,0,0.0,0.0,0.0,0.0
R04,08,130,0,0.0,0.0,0.0,0.0
R04,08,131,0,0.0,0.0,0.0,0.0
R04,08,132,0,0.0,0.0,0.0,0.0
R04,08,133,0,0.0,0.0,0.0,0.0
R04,08,134,1,0.0,0.0,0.0,0.0
R04,08,135,1,0.0,0.0,0.0,0.0
R04,08,136,1,0.0,0.0,0.0,0.0
R04,08,137,1,0.0,0.0,0.0,0.0
R04,08,138,1,0.0,0.0,0.0,0.0
R04,08,139,1,0.0,0.0,0.0,0.0
R04,08,140,1,0.0,0.0,0.0,0.0
R04,08,141,1,0.0,0.0,0.0,0.0
R04,08,142,1,0.0,0.0,0.0,0.0
R04,08,143,1,0.0,0.0,0.0,0.0
R04,08,144,1,0.0,0.0,0.0,0.0
R04,08,145,1,0.0,0.0,0.0,0.0
R04,08,146,1,0.0,0.0,0.0,0.0
R04,08,147,1,0.0,0.0,0.0,0.0
R04,08,148,1,0.0,0.0,0.0,0.0
R04,08,149,1,0.0,0.0,0.0,0.0
R04,08,150,1,0.0,0.0,0.0,0.0
R04,08,151,1,0.0,0.0,0.0,0.0
R04,08,152,1,0.0,0.0,0.0,0.0
R04,08,153,1,0.0,0.0,0.0,0.0
R04,08,154,1,0.0,0.0,0.0,0.0
R04,08,155,1,0.0,0.0,0.0,0.0
R04,08,156,1,0.0,0.0,0.0,0.0
R04,08,157,1,0.0,0.0,0.0,0.0
R04,08,158,1,0.0,0.0,0.0,0.0
R04,08,159,1,0.0,0.0,0.0,0.0
R04,08,160,1,0.0,0.0,0.0,0.0
R04,08,161,1,0.0,0.0,0.0,0.0
R04,08,162,1,0.0,0.0,0.0,0.0
R04,08,163,1,0.0,0.0,0.0,0.0
R04,08,164,1,0.0,0.0,0.0,0.0
R04,08,165,1,0.0,0.0,0.0,0.0
R04,08,166,1,0.0,0.0,0.0,0.0
R04,08,167,1,0.0,0.0,0.0,0.0
R04,08,168,1,0.0,0.0,0.0,0.0
R04,08,169,1,0.0,0.0,0.0,0.0
R04,08,170,1,0.0,0.0,0.0,0.0
R04,08,171,1,0.0,0.0,0.0,0.0
R04,08,172,1,0.0,0.0,0.0,0.0
R04,08,173,1,0.0,0.0,0.0,0.0
R04,08,174,1,0.0,0.0,0.0,0.0
R04,08,175,1,0.0,0.0,0.0,0.0
R04,08,176,1,0.0,0.0,0.0,0.0
R04,08,177,1,0.0,0.0,0.0,0.0
R04,08,178,1,0.0,0.0,0.0,0.0
R04,08,179,1,0.0,0.0,0.0,0.0
R04,08,180,1,0.0,0.0,0.0,0.0
R04,08,181,1,0.0,0.0,0.0,0.0
R04,08,182,1,0.0,0.0,0.0,0.0
R04,08,183,1,0.0,0.0,0.0,0.0
R04,08,184,1,0.0,0.0,0.0,0.0
R04,08,185,1,0.0,0.0,0.0,0.0
R04,08,186,1,0.0,0.0,0.0,0.0
R04,08,187,1,0.0,0.0,0.0,0.0
R04,08,188,1,0.0,0.0,0.0,0.0
R04,08,189,1,0.0,0.0,0.0,0.0
R04,08,190,1,0.0,0.0,0.0,0.0
R04,08,191,1,0.0,0.0,0.0,0.0
R04,08,192,1,0.0,0.0,0.0,0.0
R04,08,193,1,0.0,0.0,0.0,0.0
R04,08,194,1,0.0,0.0,0.0,0.0
R04,08,195,1,0.0,0.0,0.0,0.0
R04,08,196,1,0.0,0.0,0.0,0.0
R04,08,197,1,0.0,0.0,0.0,0.0
R04,08,198,1,0.0,0.0,0.0,0.0
R04,08,199,1,0.0,0.0,0.0,0.0
R04,08,200,1,0.0,0.0,0.0,0.0
R04,08,201,1,0.0,0.0,0.0,0.0
R04,08,202,1,0.0,0.0,0.0,0.0
R04,08,203,1,0.0,0.0,0.0,0.0
R04,08,204,1,0.0,0.0,0.0,0.0
R04,08,205,1,0.0,0.0,0.0,0.0
R04,08,206,1,0.0,0.0,0.0,0.0
R04,08,207,1,0.0,0.0,0.0,0.0
R04,08,208,1,0.0,0.0,0.0,0.0
R04,08,209,1,0.0,0.0,0.0,0.0
R04,08,210,1,0.0,0.0,0.0,0.0
R04,08,211,1,0.0,0.0,0.0,0.0
R04,08,212,1,0.0,0.0,0.0,0.0
R04,08,213,1,0.0,0.0,0.0,0.0
R04,08,214,1,0.0,0.0,0.0,0.0
R04,08,215,1,0.0,0.0,0.0,0.0
R04,08,216,1,0.0,0.0,0.0,0.0
R04,08,217,1,0.0,0.0,0.0,0.0
R04,08,218,1,0.0,0.0,0.0,0.0
R04,08,219,1,0.0,0.0,0.0,0.0
R04,08,220,1,0.0,0.0,0.0,0.0
R04,08,221,1,0.0,0.0,0.0,0.0
R04,08,222,1,0.0,0.0,0.0,0.0
R04,08,223,1,0.0,0.0,0.0,0.0
R04,08,224,1,0.0,0.0,0.0,0.0
R04,08,225,1,0.0,0.0,0.0,0.0
R04,08,226,1,0.0,0.0,0.0,0.0
R04,08,227,1,0.0,0.0,0.0,0.0
R04,08,228,1,0.0,0.0,0.0,0.0
R04,08,229,1,0.0,0.0,0.0,0.0
R04,08,230,1,0.0,0.0,0.0,0.0
R04,08,231,1,0.0,0.0,0.0,0.0
R04,08,232,1,0.0,0.0,0.0,0.0
R04,08,233,1,0.0,0.0,0.0,0.0
R04,08,234,1,0.0,0.0,0.0,0.0
R04,08,235,1,0.0,0.0,0.0,0.0
R04,08,236,1,0.0,0.0,0.0,0.0
R04,08,237,1,0.0,0.0,0.0,0.0
R04,08,238,1,0.0,0.0,0.0,0.0
R04,08,239,1,0.0,0.0,0.0,0.0
R04,08,240,1,0.0,0.0,0.0,0.0
R04,08,241,1,0.0,0.0,0.0,0.0
R04,08,242,1,0.0,0.0,0.0,0.0
R04,08,243,1,0.0,0.0,0.0,0.0
R04,08,244,0,0.0,0.0,0.0,0.0
R04,08,245,0,0.0,0.0,0.0,0.0
R04,08,246,0,0.0,0.0,0.0,0.0
R04,08,247,0,0.0,0.0,0.0,0.0
R04,08,248,0,0.0,0.0,0.0,0.0
R04,08,249,0,0.0,0.0,0.0,0.0
R04,08,250,0,0.0,0.0,0.0,0.0
R04,08,251,0,0.0,0.0,0.0,0.0
R04,08,252,0,0.0,0.0,0.0,0.0
R04,08,253,0,0.0,0.0,0.0,0.0
R04,08,254,0,0.0,0.0,0.0,0.0
R04,08,255,0,0.0,0.0,0.0,0.0
R04,08,256,0,0.0,0.0,0.0,0.0
R04,08,257,0,0.0,0.0,0.0,0.0
R04,08,258,0,0.0,0.0,0.0,0.0
R04,08,259,0,0.0,0.0,0.0,0.0
R04,08,260,0,0.0,0.0,0.0,0.0
R04,08,261,0,0.0,0.0,0.0,0.0
R04,08,262,0,0.0,0.0,0.0,0.0
R04,08,263,0,0.0,0.0,0.0,0.0
R04,08,264,0,0.0,0.0,0.0,0.0
R04,08,265,0,0.0,0.0,0.0,0.0
R04,08,266,0,0.0,0.0,0.0,0.0
R04,08,267,0,0.0,0.0,0.0,0.0
R04,08,268,0,0.0,0.0,0.0,0.0
R04,08,269,0,0.0,0.0,0.0,0.0
R04,08,270,0,0.0,0.0,0.0,0.0
R04,08,271,0,0.0,0.0,0.0,0.0
R04,08,272,0,0.0,0.0,0.0,0.0
R04,08,273,0,0.0,0.0,0.0,0.0
R04,08,274,0,0.0,0.0,0.0,0.0
R04,08,275,0,0.0,0.0,0.0,0.0
R04,08,276,0,0.0,0.0,0.0,0.0
R04,08,277,0,0.0,0.0,0.0,0.0
R04,08,278,0,0.0,0.0,0.0,0.0
R04,08,279,0,0.0,0.0,0.0,0.0
R04,08,280,0,0.0,0.0,0.0,0.0
R04,08,281,0,0.0,0.0,0.0,0.0
R04,08,282,0,0.0,0.0,0.0,0.0
R04,08,283,0,0.0,0.0,0.0,0.0
R04,08,284,0,0.0,0.0,0.0,0.0
R04,08,285,0,0.0,0.0,0.0,0.0
R04,08,286,0,0.0,0.0,0.0,0.0
R04,08,287,0,0.0,0.0,0.0,0.0
R04,08,288,0,0.0,0.0,0.0,0.0
R04,08,289,0,0.0,0.0,0.0,0.0
R04,08,290,0,0.0,0.0,0.0,0.0
R04,08,291,0,0.0,0.0,0.0,0.0
R04,08,292,0,0.0,0.0,0.0,0.0
R04,08,293,0,0.0,0.0,0.0,0.0
R04,08,294,0,0.0,0.0,0.0,0.0
R04,08,295,0,0.0,0.0,0.0,0.0
R04,08,296,0,0.0,0.0,0.0,0.0
R04,08,297,0,0.0,0.0,0.0,0.0
R04,08,298,0,0.0,0.0,0.0,0.0
R04,08,299,0,0.0,0.0,0.0,0.0
R04,08,300,0,0.0,0.0,0.0,0.0
R04,08,301,0,0.0,0.0,0.0,0.0
R04,08,302,0,0.0,0.0,0.0,0.0
R04,08,303,0,0.0,0.0,0.0,0.0
R04,08,304,0,0.0,0.0,0.0,0.0
R04,08,305,0,0.0,0.0,0.0,0.0
R04,08,306,0,0.0,0.0,0.0,0.0
R04,08,307,0,0.0,0.0,0.0,0.0
R04,08,308,0,0.0,0.0,0.0,0.0
R04,08,309,0,0.0,0.0,0.0,0.0
R04,08,310,0,0.0,0.0,0.0,0.0
R04,08,311,0,0.0,0.0,0.0,0.0
R04,08,312,0,0.0,0.0,0.0,0.0
R04,08,313,0,0.0,0.0,0.0,0.0
R04,08,314,0,0.0,0.0,0.0,0.0
R04,08,315,0,0.0,0.0,0.0,0.0
R04,08,316,0,0.0,0.0,0.0,0.0
R04,08,317,0,0.0,0.0,0.0,0.0
R04,08,318,0,0.0,0.0,0.0,0.0
R04,08,319,0,0.0,0.0,0.0,0.0
R04,08,320,0,0.0,0.0,0.0,0.0
R04,08,321,0,0.0,0.0,0.0,0.0
R04,08,322,0,0.0,0.0,0.0,0.0
R04,08,323,0,0.0,0.0,0.0,0.0
R04,08,324,0,0.0,0.0,0.0,0.0
R04,08,325,0,0.0,0.0,0.0,0.0
R04,08,326,0,0.0,0.0,0.0,0.0
R04,08,327,0,0.0,0.0,0.0,0.0
R04,08,328,0,0.0,0.0,0.0,0.0
R04,08,329,0,0.0,0.0,0.0,0.0
R04,08,330,0,0.0,0.0,0.0,0.0
R04,08,331,0,0.0,0.0,0.0,0.0
R04,08,332,0,0.0,0.0,0.0,0.0
R04,08,333,0,0.0,0.0,0.0,0.0
R04,08,334,0,0.0,0.0,0.0,0.0
R04,08,335,0,0.0,0.0,0.0,0.0
R04,08,336,0,0.0,0.0,0.0,0.0
R04,08,337,0,0.0,0.0,0.0,0.0
R04,08,338,0,0.0,0.0,0.0,0.0
R04,08,339,0,0.0,0.0,0.0,0.0
R04,08,340,0,0.0,0.0,0.0,0.0
R04,08,341,0,0.0,0.0,0.0,0.0
R04,08,342,0,0.0,0.0,0.0,0.0
R04,08,343,0,0.0,0.0,0.0,0.0
R04,08,344,0,0.0,0.0,0.0,0.0
R04,08,345,0,0.0,0.0,0.0,0.0
R04,08,346,0,0.0,0.0,0.0,0.0
R04,08,347,0,0.0,0.0,0.0,0.0
R04,08,348,0,0.0,0.0,0.0,0.0
R04,08,349,0,0.0,0.0,0.0,0.0
R04,08,350,0,0.0,0.0,0.0,0.0
R04,08,351,0,0.0,0.0,0.0,0.0
R04,08,352,0,0.0,0.0,0.0,0.0
R04,08,353,0,0.0,0.0,0.0,0.0
R04,08,354,0,0.0,0.0,0.0,0.0
R04,08,355,0,0.0,0.0,0.0,0.0
R04,08,356,0,0.0,0.0,0.0,0.0
R04,08,357,0,0.0,0.0,0.0,0.0
R04,08,358,0,0.0,0.0,0.0,0.0
R04,08,359,0,0.0,0.0,0.0,0.0
R04,08,360,0,0.0,0.0,0.0,0.0
R04,08,361,0,0.0,0.0,0.0,0.0
R04,08,362,0,0.0,0.0,0.0,0.0
R04,08,363,0,0.0,0.0,0.0,0.0
R04,08,364,0,0.0,0.0,0.0,0.0
R04,08,365,0,0.0,0.0,0.0,0.0
R04,08,366,0,0.0,0.0,0.0,0.0
R04,08,367,0,0.0,0.0,0.0,0.0
R04,08,368,0,0.0,0.0,0.0,0.0
R04,08,369,0,0.0,0.0,0.0,0.0
R04,08,370,0,0.0,0.0,0.0,0.0
R04,08,371,1,0.0,0.0,0.0,0.0
R04,08,372,1,0.0,0.0,0.0,0.0
R04,08,373,1,0.0,0.0,0.0,0.0
R04,08,374,1,0.0,0.0,0.0,0.0
R04,08,375,1,0.0,0.0,0.0,0.0
R04,08,376,1,0.0,0.0,0.0,0.0
R04,08,377,1,0.0,0.0,0.0,0.0
R04,08,378,1,0.0,0.0,0.0,0.0
R04,08,379,1,0.0,0.0,0.0,0.0
R04,08,380,1,0.0,0.0,0.0,0.0
R04,08,381,1,0.0,0.0,0.0,0.0
R04,08,382,1,0.0,0.0,0.0,0.0
R04,08,383,1,0.0,0.0,0.0,0.0
R04,08,384,1,0.0,0.0,0.0,0.0
R04,08,385,1,0.0,0.0,0.0,0.0
R04,08,386,1,0.0,0.0,0.0,0.0
R04,08,387,1,0.0,0.0,0.0,0.0
R04,08,388,1,0.0,0.0,0.0,0.0
R04,08,389,1,0.0,0.0,0.0,0.0
R04,08,390,1,0.0,0.0,0.0,0.0
R04,08,391,1,0.0,0.0,0.0,0.0
R04,08,392,1,0.0,0.0,0.0,0.0
R04,08,393,1,0.0,0.0,0.0,0.0
R04,08,394,1,0.0,0.0,0.0,0.0
R04,08,395,1,0.0,0.0,0.0,0.0
R04,08,396,1,0.0,0.0,0.0,0.0
R04,08,397,1,0.0,0.0,0.0,0.0
R04,08,398,1,0.0,0.0,0.0,0.0
R04,08,399,1,0.0,0.0,0.0,0.0
R04,08,400,1,0.0,0.0,0.0,0.0
R04,08,401,1,0.0,0.0,0.0,0.0
R04,08,402,1,0.0,0.0,0.0,0.0
R04,08,403,1,0.0,0.0,0.0,0.0
R04,08,404,1,0.0,0.0,0.0,0.0
R04,08,405,1,0.0,0.0,0.0,0.0
R04,08,406,1,0.0,0.0,0.0,0.0
R04,08,407,1,0.0,0.0,0.0,0.0
R04,08,408,1,0.0,0.0,0.0,0.0
R04,08,409,1,0.0,0.0,0.0,0.0
R04,08,410,1,0.0,0.0,0.0,0.0
R04,08,411,1,0.0,0.0,0.0,0.0
R04,08,412,1,0.0,0.0,0.0,0.0
R04,08,413,1,0.0,0.0,0.0,0.0
R04,08,414,1,0.0,0.0,0.0,0.0
R04,08,415,1,0.0,0.0,0.0,0.0
R04,08,416,0,0.0,0.0,0.0,0.0
R04,08,417,0,0.0,0.0,0.0,0.0
R04,08,418,0,0.0,0.0,0.0,0.0
R04,08,419,0,0.0,0.0,0.0,0.0
R04,08,420,0,0.0,0.0,0.0,0.0
R04,08,421,0,0.0,0.0,0.0,0.0
R04,08,422,0,0.0,0.0,0.0,0.0
R04,08,423,0,0.0,0.0,0.0,0.0
R04,08,424,0,0.0,0.0,0.0,0.0
R04,08,425,0,0.0,0.0,0.0,0.0
R04,08,426,0,0.0,0.0,0.0,0.0
R04,08,427,0,0.0,0.0,0.0,0.0
R04,08,428,0,0.0,0.0,0.0,0.0
R04,08,429,0,0.0,0.0,0.0,0.0
R04,08,430,0,0.0,0.0,0.0,0.0
R04,08,431,0,0.0,0.0,0.0,0.0
R04,08,432,0,0.0,0.0,0.0,0.0
R04,08,433,0,0.0,0.0,0.0,0.0
R04,08,434,0,0.0,0.0,0.0,0.0
R04,08,435,0,0.0,0.0,0.0,0.0
R04,08,436,0,0.0,0.0,0.0,0.0
R04,08,437,0,0.0,0.0,0.0,0.0
R04,08,438,0,0.0,0.0,0.0,0.0
R04,08,439,0,0.0,0.0,0.0,0.0
R04,08,440,0,0.0,0.0,0.0,0.0
R04,08,441,0,0.0,0.0,0.0,0.0
R04,08,442,0,0.0,0.0,0.0,0.0
R04,08,443,0,0.0,0.0,0.0,0.0
R04,08,444,0,0.0,0.0,0.0,0.0
R04,08,445,0,0.0,0.0,0.0,0.0
R04,08,446,0,0.0,0.0,0.0,0.0
R04,08,447,0,0.0,0.0,0.0,0.0
R04,08,448,0,0.0,0.0,0.0,0.0
R04,08,449,0,0.0,0.0,0.0,0.0
R04,08,450,0,0.0,0.0,0.0,0.0
R04,08,451,0,0.0,0.0,0.0,0.0
R04,08,452,0,0.0,0.0,0.0,0.0
R04,08,453,0,0.0,0.0,0.0,0.0
R04,08,454,0,0.0,0.0,0.0,0.0
R04,08,455,0,0.0,0.0,0.0,0.0
R04,08,456,0,0.0,0.0,0.0,0.0
R04,08,457,0,0.0,0.0,0.0,0.0
R04,08,458,0,0.0,0.0,0.0,0.0
R04,08,459,0,0.0,0.0,0.0,0.0
R04,08,460,0,0.0,0.0,0.0,0.0
R04,08,461,0,0.0,0.0,0.0,0.0
R04,08,462,0,0.0,0.0,0.0,0.0
R04,08,463,0,0.0,0.0,0.0,0.0
R04,08,464,0,0.0,0.0,0.0,0.0
R04,08,465,0,0.0,0.0,0.0,0.0
R04,08,466,0,0.0,0.0,0.0,0.0
R04,08,467,0,0.0,0.0,0.0,0.0
R04,08,468,0,0.0,0.0,0.0,0.0
R04,08,469,0,0.0,0.0,0.0,0.0
R04,08,470,0,0.0,0.0,0.0,0.0
R04,08,471,0,0.0,0.0,0.0,0.0
R04,08,472,0,0.0,0.0,0.0,0.0
R04,08,473,0,0.0,0.0,0.0,0.0
R04,08,474,0,0.0,0.0,0.0,0.0
R04,08,475,0,0.0,0.0,0.0,0.0
R04,08,476,0,0.0,0.0,0.0,0.0
R04,08,477,0,0.0,0.0,0.0,0.0
R04,08,478,0,0.0,0.0,0.0,0.0
R04,08,479,0,0.0,0.0,0.0,0.0
R04,08,480,0,0.0,0.0,0.0,0.0
R04,08,481,0,0.0,0.0,0.0,0.0
R04,08,482,0,0.0,0.0,0.0,0.0
R04,08,483,0,0.0,0.0,0.0,0.0
R04,08,484,0,0.0,0.0,0.0,0.0
R04,08,485,0,0.0,0.0,0.0,0.0
R04,08,486,0,0.0,0.0,0.0,0.0
R04,08,487,0,0.0,0.0,0.0,0.0
R04,08,488,0,0.0,0.0,0.0,0.0
R04,08,489,0,0.0,0.0,0.0,0.0
R04,08,490,0,0.0,0.0,0.0,0.0
R04,08,491,0,0.0,0.0,0.0,0.0
R04,08,492,0,0.0,0.0,0.0,0.0
R04,08,493,0,0.0,0.0,0.0,0.0
R04,08,494,0,0.0,0.0,0.0,0.0
R04,08,495,0,0.0,0.0,0.0,0.0
R04,08,496,0,0.0,0.0,0.0,0.0
R04,08,497,0,0.0,0.0,0.0,0.0
R04,08,498,0,0.0,0.0,0.0,0.0
R04,08,499,0,0.0,0.0,0.0,0.0
R04,08,500,1,0.0,0.0,0.0,0.0
R04,08,501,1,0.0,0.0,0.0,0.0
R04,08,502,1,0.0,0.0,0.0,0.0
R04,08,503,1,0.0,0.0,0.0,0.0
R04,08,504,1,0.0,0.0,0.0,0.0
R04,08,505,1,0.0,0.0,0.0,0.0
R04,08,506,1,0.0,0.0,0.0,0.0
R04,08,507,1,0.0,0.0,0.0,0.0
R04,08,508,1,0.0,0.0,0.0,0.0
R04,08,509,1,0.0,0.0,0.0,0.0
R04,08,510,1,0.0,0.0,0.0,0.0
R04,08,511,1,0.0,0.0,0.0,0.0
R04,08,512,1,0.0,0.0,0.0,0.0
R04,08,513,1,0.0,0.0,0.0,0.0
R04,08,514,1,0.0,0.0,0.0,0.0
R04,08,515,1,0.0,0.0,0.0,0.0
R04,08,516,1,0.0,0.0,0.0,0.0
R04,08,517,1,0.0,0.0,0.0,0.0
R04,08,518,1,0.0,0.0,0.0,0.0
R04,08,519,1,0.0,0.0,0.0,0.0
R04,08,520,1,0.0,0.0,0.0,0.0
R04,08,521,1,0.0,0.0,0.0,0.0
R04,08,522,1,0.0,0.0,0.0,0.0
R04,08,523,1,0.0,0.0,0.0,0.0
R04,08,524,1,0.0,0.0,0.0,0.0
R04,08,525,1,0.0,0.0,0.0,0.0
R04,08,526,1,0.0,0.0,0.0,0.0
R04,08,527,1,0.0,0.0,0.0,0.0
R04,08,528,1,0.0,0.0,0.0,0.0
R04,08,529,1,0.0,0.0,0.0,0.0
R04,08,530,1,0.0,0.0,0.0,0.0
R04,08,531,1,0.0,0.0,0.0,0.0
R04,08,532,1,0.0,0.0,0.0,0.0
R04,08,533,1,0.0,0.0,0.0,0.0
R04,08,534,1,0.0,0.0,0.0,0.0
R04,08,535,1,0.0,0.0,0.0,0.0
R04,08,536,1,0.0,0.0,0.0,0.0
R04,08,537,1,0.0,0.0,0.0,0.0
R04,08,538,1,0.0,0.0,0.0,0.0
R04,08,539,1,0.0,0.0,0.0,0.0
R04,08,540,1,0.0,0.0,0.0,0.0
R04,08,541,1,0.0,0.0,0.0,0.0
R04,08,542,1,0.0,0.0,0.0,0.0
R04,08,543,1,0.0,0.0,0.0,0.0
R04,08,544,1,0.0,0.0,0.0,0.0
R04,08,545,1,0.0,0.0,0.0,0.0
R04,08,546,1,0.0,0.0,0.0,0.0
R04,08,547,1,0.0,0.0,0.0,0.0
R04,08,548,1,0.0,0.0,0.0,0.0
R04,08,549,1,0.0,0.0,0.0,0.0
R04,08,550,1,0.0,0.0,0.0,0.0
R04,08,551,1,0.0,0.0,0.0,0.0
R04,08,552,1,0.0,0.0,0.0,0.0
R04,08,553,1,0.0,0.0,0.0,0.0
R04,08,554,1,0.0,0.0,0.0,0.0
R04,08,555,1,0.0,0.0,0.0,0.0
R04,08,556,1,0.0,0.0,0.0,0.0
R04,08,557,1,0.0,0.0,0.0,0.0
R04,08,558,1,0.0,0.0,0.0,0.0
R04,08,559,1,0.0,0.0,0.0,0.0
R04,08,560,1,0.0,0.0,0.0,0.0
R04,08,561,1,0.0,0.0,0.0,0.0
R04,08,562,1,0.0,0.0,0.0,0.0
R04,08,563,1,0.0,0.0,0.0,0.0
R04,08,564,1,0.0,0.0,0.0,0.0
R04,08,565,1,0.0,0.0,0.0,0.0
R04,08,566,1,0.0,0.0,0.0,0.0
R04,08,567,1,0.0,0.0,0.0,0.0
R04,08,568,1,0.0,0.0,0.0,0.0
R04,08,569,1,0.0,0.0,0.0,0.0
R04,08,570,1,0.0,0.0,0.0,0.0
R04,08,571,1,0.0,0.0,0.0,0.0
R04,08,572,1,0.0,0.0,0.0,0.0
R04,08,573,1,0.0,0.0,0.0,0.0
R04,08,574,1,0.0,0.0,0.0,0.0
R04,08,575,0,0.0,0.0,0.0,0.0
R04,08,576,0,0.0,0.0,0.0,0.0
R04,08,577,0,0.0,0.0,0.0,0.0
R04,08,578,0,0.0,0.0,0.0,0.0
R04,08,579,0,0.0,0.0,0.0,0.0
R04,08,580,0,0.0,0.0,0.0,0.0
R04,08,581,0,0.0,0.0,0.0,0.0
R04,08,582,0,0.0,0.0,0.0,0.0
R04,08,583,0,0.0,0.0,0.0,0.0
R04,08,584,0,0.0,0.0,0.0,0.0
R04,08,585,0,0.0,0.0,0.0,0.0
R04,08,586,0,0.0,0.0,0.0,0.0
R04,08,587,0,0.0,0.0,0.0,0.0
R04,08,588,0,0.0,0.0,0.0,0.0
R04,08,589,0,0.0,0.0,0.0,0.0
R04,08,590,0,0.0,0.0,0.0,0.0
R04,08,591,0,0.0,0.0,0.0,0.0
R04,08,592,0,0.0,0.0,0.0,0.0
R04,08,593,0,0.0,0.0,0.0,0.0
R04,08,594,0,0.0,0.0,0.0,0.0
R04,08,595,0,0.0,0.0,0.0,0.0
R04,08,596,0,0.0,0.0,0.0,0.0
R04,08,597,0,0.0,0.0,0.0,0.0
R04,08,598,0,0.0,0.0,0.0,0.0
R04,08,599,0,0.0,0.0,0.0,0.0
R04,08,600,0,0.0,0.0,0.0,0.0
R04,08,601,0,0.0,0.0,0.0,0.0
R04,08,602,0,0.0,0.0,0.0,0.0
R04,08,603,0,0.0,0.0,0.0,0.0
R04,08,604,0,0.0,0.0,0.0,0.0
R04,08,605,0,0.0,0.0,0.0,0.0
R04,08,606,0,0.0,0.0,0.0,0.0
R04,08,607,0,0.0,0.0,0.0,0.0
R04,08,608,0,0.0,0.0,0.0,0.0
R04,08,609,0,0.0,0.0,0.0,0.0
R04,08,610,0,0.0,0.0,0.0,0.0
R04,08,611,0,0.0,0.0,0.0,0.0
R04,08,612,0,0.0,0.0,0.0,0.0
R04,08,613,0,0.0,0.0,0.0,0.0
R04,08,614,0,0.0,0.0,0.0,0.0
R04,08,615,0,0.0,0.0,0.0,0.0
R04,08,616,0,0.0,0.0,0.0,0.0
R04,08,617,0,0.0,0.0,0.0,0.0
R04,08,618,0,0.0,0.0,0.0,0.0
R04,08,619,0,0.0,0.0,0.0,0.0
R04,08,620,0,0.0,0.0,0.0,0.0
R04,08,621,0,0.0,0.0,0.0,0.0
R04,08,622,0,0.0,0.0,0.0,0.0
R04,08,623,0,0.0,0.0,0.0,0.0
R04,08,624,0,0.0,0.0,0.0,0.0
R04,08,625,0,0.0,0.0,0.0,0.0
R04,08,626,0,0.0,0.0,0.0,0.0
R04,08,627,0,0.0,0.0,0.0,0.0
R04,08,628,0,0.0,0.0,0.0,0.0
R04,08,629,0,0.0,0.0,0.0,0.0
R04,08,630,0,0.0,0.0,0.0,0.0
R04,08,631,0,0.0,0.0,0.0,0.0
R04,08,632,0,0.0,0.0,0.0,0.0
R04,08,633,0,0.0,0.0,0.0,0.0
R04,08,634,0,0.0,0.0,0.0,0.0
R04,08,635,0,0.0,0.0,0.0,0.0
R04,08,636,0,0.0,0.0,0.0,0.0
R04,08,637,0,0.0,0.0,0.0,0.0
R04,08,638,0,0.0,0.0,0.0,0.0
R04,08,639,0,0.0,0.0,0.0,0.0
R04,08,640,0,0.0,0.0,0.0,0.0
R04,08,641,0,0.0,0.0,0.0,0.0
R04,08,642,0,0.0,0.0,0.0,0.0
R04,08,643,0,0.0,0.0,0.0,0.0
R04,08,644,0,0.0,0.0,0.0,0.0
R04,08,645,0,0.0,0.0,0.0,0.0
R04,08,646,0,0.0,0.0,0.0,0.0
R04,08,647,0,0.0,0.0,0.0,0.0
R04,08,648,0,0.0,0.0,0.0,0.0
R04,08,649,0,0.0,0.0,0.0,0.0
R04,08,650,0,0.0,0.0,0.0,0.0
R04,08,651,0,0.0,0.0,0.0,0.0
R04,08,652,0,0.0,0.0,0.0,0.0
R04,09,0,0,0.0,0.0,0.0,0.0
R04,09,1,0,0.0,0.0,0.0,0.0
R04,09,2,0,0.0,0.0,0.0,0.0
R04,09,3,0,0.0,0.0,0.0,0.0
R04,09,4,0,0.0,0.0,0.0,0.0
R04,09,5,0,0.0,0.0,0.0,0.0
R04,09,6,0,0.0,0.0,0.0,0.0
R04,09,7,0,0.0,0.0,0.0,0.0
R04,09,8,0,0.0,0.0,0.0,0.0
R04,09,9,0,0.0,0.0,0.0,0.0
R04,09,10,0,0.0,0.0,0.0,0.0
R04,09,11,0,0.0,0.0,0.0,0.0
R04,09,12,0,0.0,0.0,0.0,0.0
R04,09,13,0,0.0,0.0,0.0,0.0
R04,09,14,0,0.0,0.0,0.0,0.0
R04,09,15,0,0.0,0.0,0.0,0.0
R04,09,16,0,0.0,0.0,0.0,0.0
R04,09,17,0,0.0,0.0,0.0,0.0
R04,09,18,0,0.0,0.0,0.0,0.0
R04,09,19,0,0.0,0.0,0.0,0.0
R04,09,20,0,0.0,0.0,0.0,0.0
R04,09,21,0,0.0,0.0,0.0,0.0
R04,09,22,0,0.0,0.0,0.0,0.0
R04,09,23,0,0.0,0.0,0.0,0.0
R04,09,24,0,0.0,0.0,0.0,0.0
R04,09,25,0,0.0,0.0,0.0,0.0
R04,09,26,0,0.0,0.0,0.0,0.0
R04,09,27,0,0.0,0.0,0.0,0.0
R04,09,28,0,0.0,0.0,0.0,0.0
R04,09,29,0,0.0,0.0,0.0,0.0
R04,09,30,0,0.0,0.0,0.0,0.0
R04,09,31,0,0.0,0.0,0.0,0.0
R04,09,32,0,0.0,0.0,0.0,0.0
R04,09,33,0,0.0,0.0,0.0,0.0
R04,09,34,0,0.0,0.0,0.0,0.0
R04,09,35,0,0.0,0.0,0.0,0.0
R04,09,36,0,0.0,0.0,0.0,0.0
R04,09,37,0,0.0,0.0,0.0,0.0
R04,09,38,0,0.0,0.0,0.0,0.0
R04,09,39,0,0.0,0.0,0.0,0.0
R04,09,40,0,0.0,0.0,0.0,0.0
R04,09,41,0,0.0,0.0,0.0,0.0
R04,09,42,0,0.0,0.0,0.0,0.0
R04,09,43,0,0.0,0.0,0.0,0.0
R04,09,44,0,0.0,0.0,0.0,0.0
R04,09,45,0,0.0,0.0,0.0,0.0
R04,09,46,0,0.0,0.0,0.0,0.0
R04,09,47,0,0.0,0.0,0.0,0.0
R04,09,48,0,0.0,0.0,0.0,0.0
R04,09,49,0,0.0,0.0,0.0,0.0
R04,09,50,0,0.0,0.0,0.0,0.0
R04,09,51,0,0.0,0.0,0.0,0.0
R04,09,52,0,0.0,0.0,0.0,0.0
R04,09,53,0,0.0,0.0,0.0,0.0
R04,09,54,0,0.0,0.0,0.0,0.0
R04,09,55,0,0.0,0.0,0.0,0.0
R04,09,56,0,0.0,0.0,0.0,0.0
R04,09,57,0,0.0,0.0,0.0,0.0
R04,09,58,0,0.0,0.0,0.0,0.0
R04,09,59,0,0.0,0.0,0.0,0.0
R04,09,60,0,0.0,0.0,0.0,0.0
R04,09,61,0,0.0,0.0,0.0,0.0
R04,09,62,0,0.0,0.0,0.0,0.0
R04,09,63,0,0.0,0.0,0.0,0.0
R04,09,64,0,0.0,0.0,0.0,0.0
R04,09,65,0,0.0,0.0,0.0,0.0
R04,09,66,0,0.0,0.0,0.0,0.0
R04,09,67,0,0.0,0.0,0.0,0.0
R04,09,68,0,0.0,0.0,0.0,0.0
R04,09,69,0,0.0,0.0,0.0,0.0
R04,09,70,0,0.0,0.0,0.0,0.0
R04,09,71,0,0.0,0.0,0.0,0.0
R04,09,72,0,0.0,0.0,0.0,0.0
R04,09,73,0,0.0,0.0,0.0,0.0
R04,09,74,0,0.0,0.0,0.0,0.0
R04,09,75,0,0.0,0.0,0.0,0.0
R04,09,76,0,0.0,0.0,0.0,0.0
R04,09,77,0,0.0,0.0,0.0,0.0
R04,09,78,0,0.0,0.0,0.0,0.0
R04,09,79,0,0.0,0.0,0.0,0.0
R04,09,80,0,0.0,0.0,0.0,0.0
R04,09,81,0,0.0,0.0,0.0,0.0
R04,09,82,0,0.0,0.0,0.0,0.0
R04,09,83,0,0.0,0.0,0.0,0.0
R04,09,84,0,0.0,0.0,0.0,0.0
R04,09,85,0,0.0,0.0,0.0,0.0
R04,09,86,0,0.0,0.0,0.0,0.0
R04,09,87,0,0.0,0.0,0.0,0.0
R04,09,88,0,0.0,0.0,0.0,0.0
R04,09,89,0,0.0,0.0,0.0,0.0
R04,09,90,0,0.0,0.0,0.0,0.0
R04,09,91,0,0.0,0.0,0.0,0.0
R04,09,92,0,0.0,0.0,0.0,0.0
R04,09,93,0,0.0,0.0,0.0,0.0
R04,09,94,0,0.0,0.0,0.0,0.0
R04,09,95,0,0.0,0.0,0.0,0.0
R04,09,96,0,0.0,0.0,0.0,0.0
R04,09,97,0,0.0,0.0,0.0,0.0
R04,09,98,0,0.0,0.0,0.0,0.0
R04,09,99,0,0.0,0.0,0.0,0.0
R04,09,100,0,0.0,0.0,0.0,0.0
R04,09,101,0,0.0,0.0,0.0,0.0
R04,09,102,0,0.0,0.0,0.0,0.0
R04,09,103,0,0.0,0.0,0.0,0.0
R04,09,104,0,0.0,0.0,0.0,0.0
R04,09,105,0,0.0,0.0,0.0,0.0
R04,09,106,0,0.0,0.0,0.0,0.0
R04,09,107,0,0.0,0.0,0.0,0.0
R04,09,108,0,0.0,0.0,0.0,0.0
R04,09,109,0,0.0,0.0,0.0,0.0
R04,09,110,0,0.0,0.0,0.0,0.0
R04,09,111,0,0.0,0.0,0.0,0.0
R04,09,112,0,0.0,0.0,0.0,0.0
R04,09,113,0,0.0,0.0,0.0,0.0
R04,09,114,0,0.0,0.0,0.0,0.0
R04,09,115,0,0.0,0.0,0.0,0.0
R04,09,116,0,0.0,0.0,0.0,0.0
R04,09,117,0,0.0,0.0,0.0,0.0
R04,09,118,0,0.0,0.0,0.0,0.0
R04,09,119,0,0.0,0.0,0.0,0.0
R04,09,120,0,0.0,0.0,0.0,0.0
R04,09,121,0,0.0,0.0,0.0,0.0
R04,09,122,0,0.0,0.0,0.0,0.0
R04,09,123,0,0.0,0.0,0.0,0.0
R04,09,124,0,0.0,0.0,0.0,0.0
R04,09,125,0,0.0,0.0,0.0,0.0
R04,09,126,0,0.0,0.0,0.0,0.0
R04,09,127,0,0.0,0.0,0.0,0.0
R04,09,128,1,0.0,0.0,0.0,0.0
R04,09,129,1,0.0,0.0,0.0,0.0
R04,09,130,1,0.0,0.0,0.0,0.0
R04,09,131,1,0.0,0.0,0.0,0.0
R04,09,132,1,0.0,0.0,0.0,0.0
R04,09,133,1,0.0,0.0,0.0,0.0
R04,09,134,1,0.0,0.0,0.0,0.0
R04,09,135,1,0.0,0.0,0.0,0.0
R04,09,136,1,0.0,0.0,0.0,0.0
R04,09,137,1,0.0,0.0,0.0,0.0
R04,09,138,1,0.0,0.0,0.0,0.0
R04,09,139,1,0.0,0.0,0.0,0.0
R04,09,140,1,0.0,0.0,0.0,0.0
R04,09,141,1,0.0,0.0,0.0,0.0
R04,09,142,1,0.0,0.0,0.0,0.0
R04,09,143,1,0.0,0.0,0.0,0.0
R04,09,144,1,0.0,0.0,0.0,0.0
R04,09,145,1,0.0,0.0,0.0,0.0
R04,09,146,1,0.0,0.0,0.0,0.0
R04,09,147,1,0.0,0.0,0.0,0.0
R04,09,148,1,0.0,0.0,0.0,0.0
R04,09,149,1,0.0,0.0,0.0,0.0
R04,09,150,1,0.0,0.0,0.0,0.0
R04,09,151,1,0.0,0.0,0.0,0.0
R04,09,152,1,0.0,0.0,0.0,0.0
R04,09,153,1,0.0,0.0,0.0,0.0
R04,09,154,1,0.0,0.0,0.0,0.0
R04,09,155,1,0.0,0.0,0.0,0.0
R04,09,156,1,0.0,0.0,0.0,0.0
R04,09,157,1,0.0,0.0,0.0,0.0
R04,09,158,1,0.0,0.0,0.0,0.0
R04,09,159,1,0.0,0.0,0.0,0.0
R04,09,160,1,0.0,0.0,0.0,0.0
R04,09,161,1,0.0,0.0,0.0,0.0
R04,09,162,1,0.0,0.0,0.0,0.0
R04,09,163,1,0.0,0.0,0.0,0.0
R04,09,164,1,0.0,0.0,0.0,0.0
R04,09,165,1,0.0,0.0,0.0,0.0
R04,09,166,1,0.0,0.0,0.0,0.0
R04,09,167,1,0.0,0.0,0.0,0.0
R04,09,168,1,0.0,0.0,0.0,0.0
R04,09,169,1,0.0,0.0,0.0,0.0
R04,09,170,1,0.0,0.0,0.0,0.0
R04,09,171,1,0.0,0.0,0.0,0.0
R04,09,172,1,0.0,0.0,0.0,0.0
R04,09,173,1,0.0,0.0,0.0,0.0
R04,09,174,1,0.0,0.0,0.0,0.0
R04,09,175,1,0.0,0.0,0.0,0.0
R04,09,176,1,0.0,0.0,0.0,0.0
R04,09,177,1,0.0,0.0,0.0,0.0
R04,09,178,1,0.0,0.0,0.0,0.0
R04,09,179,1,0.0,0.0,0.0,0.0
R04,09,180,1,0.0,0.0,0.0,0.0
R04,09,181,1,0.0,0.0,0.0,0.0
R04,09,182,1,0.0,0.0,0.0,0.0
R04,09,183,1,0.0,0.0,0.0,0.0
R04,09,184,1,0.0,0.0,0.0,0.0
R04,09,185,1,0.0,0.0,0.0,0.0
R04,09,186,1,0.0,0.0,0.0,0.0
R04,09,187,1,0.0,0.0,0.0,0.0
R04,09,188,1,0.0,0.0,0.0,0.0
R04,09,189,1,0.0,0.0,0.0,0.0
R04,09,190,1,0.0,0.0,0.0,0.0
R04,09,191,1,0.0,0.0,0.0,0.0
R04,09,192,1,0.0,0.0,0.0,0.0
R04,09,193,1,0.0,0.0,0.0,0.0
R04,09,194,1,0.0,0.0,0.0,0.0
R04,09,195,1,0.0,0.0,0.0,0.0
R04,09,196,1,0.0,0.0,0.0,0.0
R04,09,197,1,0.0,0.0,0.0,0.0
R04,09,198,1,0.0,0.0,0.0,0.0
R04,09,199,1,0.0,0.0,0.0,0.0
R04,09,200,1,0.0,0.0,0.0,0.0
R04,09,201,1,0.0,0.0,0.0,0.0
R04,09,202,1,0.0,0.0,0.0,0.0
R04,09,203,1,0.0,0.0,0.0,0.0
R04,09,204,1,0.0,0.0,0.0,0.0
R04,09,205,1,0.0,0.0,0.0,0.0
R04,09,206,1,0.0,0.0,0.0,0.0
R04,09,207,1,0.0,0.0,0.0,0.0
R04,09,208,1,0.0,0.0,0.0,0.0
R04,09,209,1,0.0,0.0,0.0,0.0
R04,09,210,1,0.0,0.0,0.0,0.0
R04,09,211,1,0.0,0.0,0.0,0.0
R04,09,212,1,0.0,0.0,0.0,0.0
R04,09,213,1,0.0,0.0,0.0,0.0
R04,09,214,1,0.0,0.0,0.0,0.0
R04,09,215,1,0.0,0.0,0.0,0.0
R04,09,216,1,0.0,0.0,0.0,0.0
R04,09,217,1,0.0,0.0,0.0,0.0
R04,09,218,1,0.0,0.0,0.0,0.0
R04,09,219,1,0.0,0.0,0.0,0.0
R04,09,220,1,0.0,0.0,0.0,0.0
R04,09,221,1,0.0,0.0,0.0,0.0
R04,09,222,1,0.0,0.0,0.0,0.0
R04,09,223,1,0.0,0.0,0.0,0.0
R04,09,224,1,0.0,0.0,0.0,0.0
R04,09,225,1,0.0,0.0,0.0,0.0
R04,09,226,1,0.0,0.0,0.0,0.0
R04,09,227,1,0.0,0.0,0.0,0.0
R04,09,228,1,0.0,0.0,0.0,0.0
R04,09,229,1,0.0,0.0,0.0,0.0
R04,09,230,1,0.0,0.0,0.0,0.0
R04,09,231,1,0.0,0.0,0.0,0.0
R04,09,232,1,0.0,0.0,0.0,0.0
R04,09,233,1,0.0,0.0,0.0,0.0
R04,09,234,1,0.0,0.0,0.0,0.0
R04,09,235,1,0.0,0.0,0.0,0.0
R04,09,236,1,0.0,0.0,0.0,0.0
R04,09,237,1,0.0,0.0,0.0,0.0
R04,09,238,1,0.0,0.0,0.0,0.0
R04,09,239,1,0.0,0.0,0.0,0.0
R04,09,240,1,0.0,0.0,0.0,0.0
R04,09,241,1,0.0,0.0,0.0,0.0
R04,09,242,1,0.0,0.0,0.0,0.0
R04,09,243,1,0.0,0.0,0.0,0.0
R04,09,244,1,0.0,0.0,0.0,0.0
R04,09,245,1,0.0,0.0,0.0,0.0
R04,09,246,1,0.0,0.0,0.0,0.0
R04,09,247,1,0.0,0.0,0.0,0.0
R04,09,248,1,0.0,0.0,0.0,0.0
R04,09,249,1,0.0,0.0,0.0,0.0
R04,09,250,1,0.0,0.0,0.0,0.0
R04,09,251,1,0.0,0.0,0.0,0.0
R04,09,252,1,0.0,0.0,0.0,0.0
R04,09,253,1,0.0,0.0,0.0,0.0
R04,09,254,1,0.0,0.0,0.0,0.0
R04,09,255,1,0.0,0.0,0.0,0.0
R04,09,256,1,0.0,0.0,0.0,0.0
R04,09,257,1,0.0,0.0,0.0,0.0
R04,09,258,1,0.0,0.0,0.0,0.0
R04,09,259,1,0.0,0.0,0.0,0.0
R04,09,260,1,0.0,0.0,0.0,0.0
R04,09,261,1,0.0,0.0,0.0,0.0
R04,09,262,1,0.0,0.0,0.0,0.0
R04,09,263,1,0.0,0.0,0.0,0.0
R04,09,264,1,0.0,0.0,0.0,0.0
R04,09,265,1,0.0,0.0,0.0,0.0
R04,09,266,1,0.0,0.0,0.0,0.0
R04,09,267,1,0.0,0.0,0.0,0.0
R04,09,268,1,0.0,0.0,0.0,0.0
R04,09,269,1,0.0,0.0,0.0,0.0
R04,09,270,1,0.0,0.0,0.0,0.0
R04,09,271,1,0.0,0.0,0.0,0.0
R04,09,272,1,0.0,0.0,0.0,0.0
R04,09,273,1,0.0,0.0,0.0,0.0
R04,09,274,1,0.0,0.0,0.0,0.0
R04,09,275,1,0.0,0.0,0.0,0.0
R04,09,276,1,0.0,0.0,0.0,0.0
R04,09,277,1,0.0,0.0,0.0,0.0
R04,09,278,1,0.0,0.0,0.0,0.0
R04,09,279,1,0.0,0.0,0.0,0.0
R04,09,280,1,0.0,0.0,0.0,0.0
R04,09,281,1,0.0,0.0,0.0,0.0
R04,09,282,1,0.0,0.0,0.0,0.0
R04,09,283,1,0.0,0.0,0.0,0.0
R04,09,284,1,0.0,0.0,0.0,0.0
R04,09,285,1,0.0,0.0,0.0,0.0
R04,09,286,1,0.0,0.0,0.0,0.0
R04,09,287,1,0.0,0.0,0.0,0.0
R04,09,288,1,0.0,0.0,0.0,0.0
R04,09,289,1,0.0,0.0,0.0,0.0
R04,09,290,1,0.0,0.0,0.0,0.0
R04,09,291,1,0.0,0.0,0.0,0.0
R04,09,292,1,0.0,0.0,0.0,0.0
R04,09,293,1,0.0,0.0,0.0,0.0
R04,09,294,1,0.0,0.0,0.0,0.0
R04,09,295,1,0.0,0.0,0.0,0.0
R04,09,296,1,0.0,0.0,0.0,0.0
R04,09,297,1,0.0,0.0,0.0,0.0
R04,09,298,1,0.0,0.0,0.0,0.0
R04,09,299,1,0.0,0.0,0.0,0.0
R04,09,300,1,0.0,0.0,0.0,0.0
R04,09,301,1,0.0,0.0,0.0,0.0
R04,09,302,1,0.0,0.0,0.0,0.0
R04,09,303,1,0.0,0.0,0.0,0.0
R04,09,304,1,0.0,0.0,0.0,0.0
R04,09,305,1,0.0,0.0,0.0,0.0
R04,09,306,1,0.0,0.0,0.0,0.0
R04,09,307,1,0.0,0.0,0.0,0.0
R04,09,308,1,0.0,0.0,0.0,0.0
R04,09,309,1,0.0,0.0,0.0,0.0
R04,09,310,1,0.0,0.0,0.0,0.0
R04,09,311,1,0.0,0.0,0.0,0.0
R04,09,312,1,0.0,0.0,0.0,0.0
R04,09,313,1,0.0,0.0,0.0,0.0
R04,09,314,1,0.0,0.0,0.0,0.0
R04,09,315,1,0.0,0.0,0.0,0.0
R04,09,316,1,0.0,0.0,0.0,0.0
R04,09,317,1,0.0,0.0,0.0,0.0
R04,09,318,1,0.0,0.0,0.0,0.0
R04,09,319,1,0.0,0.0,0.0,0.0
R04,09,320,1,0.0,0.0,0.0,0.0
R04,09,321,1,0.0,0.0,0.0,0.0
R04,09,322,1,0.0,0.0,0.0,0.0
R04,09,323,1,0.0,0.0,0.0,0.0
R04,09,324,1,0.0,0.0,0.0,0.0
R04,09,325,1,0.0,0.0,0.0,0.0
R04,09,326,1,0.0,0.0,0.0,0.0
R04,09,327,1,0.0,0.0,0.0,0.0
R04,09,328,1,0.0,0.0,0.0,0.0
R04,09,329,1,0.0,0.0,0.0,0.0
R04,09,330,1,0.0,0.0,0.0,0.0
R04,09,331,1,0.0,0.0,0.0,0.0
R04,09,332,1,0.0,0.0,0.0,0.0
R04,09,333,1,0.0,0.0,0.0,0.0
R04,10,0,0,0.0,0.0,0.0,0.0
R04,10,1,0,0.0,0.0,0.0,0.0
R04,10,2,0,0.0,0.0,0.0,0.0
R04,10,3,0,0.0,0.0,0.0,0.0
R04,10,4,0,0.0,0.0,0.0,0.0
R04,10,5,0,0.0,0.0,0.0,0.0
R04,10,6,0,0.0,0.0,0.0,0.0
R04,10,7,0,0.0,0.0,0.0,0.0
R04,10,8,0,0.0,0.0,0.0,0.0
R04,10,9,0,0.0,0.0,0.0,0.0
R04,10,10,0,0.0,0.0,0.0,0.0
R04,10,11,0,0.0,0.0,0.0,0.0
R04,10,12,0,0.0,0.0,0.0,0.0
R04,10,13,0,0.0,0.0,0.0,0.0
R04,10,14,0,0.0,0.0,0.0,0.0
R04,10,15,0,0.0,0.0,0.0,0.0
R04,10,16,0,0.0,0.0,0.0,0.0
R04,10,17,0,0.0,0.0,0.0,0.0
R04,10,18,0,0.0,0.0,0.0,0.0
R04,10,19,0,0.0,0.0,0.0,0.0
R04,10,20,0,0.0,0.0,0.0,0.0
R04,10,21,0,0.0,0.0,0.0,0.0
R04,10,22,0,0.0,0.0,0.0,0.0
R04,10,23,0,0.0,0.0,0.0,0.0
R04,10,24,0,0.0,0.0,0.0,0.0
R04,10,25,0,0.0,0.0,0.0,0.0
R04,10,26,0,0.0,0.0,0.0,0.0
R04,10,27,0,0.0,0.0,0.0,0.0
R04,10,28,0,0.0,0.0,0.0,0.0
R04,10,29,0,0.0,0.0,0.0,0.0
R04,10,30,0,0.0,0.0,0.0,0.0
R04,10,31,0,0.0,0.0,0.0,0.0
R04,10,32,0,0.0,0.0,0.0,0.0
R04,10,33,0,0.0,0.0,0.0,0.0
R04,10,34,0,0.0,0.0,0.0,0.0
R04,10,35,0,0.0,0.0,0.0,0.0
R04,10,36,0,0.0,0.0,0.0,0.0
R04,10,37,0,0.0,0.0,0.0,0.0
R04,10,38,0,0.0,0.0,0.0,0.0
R04,10,39,0,0.0,0.0,0.0,0.0
R04,10,40,0,0.0,0.0,0.0,0.0
R04,10,41,0,0.0,0.0,0.0,0.0
R04,10,42,0,0.0,0.0,0.0,0.0
R04,10,43,0,0.0,0.0,0.0,0.0
R04,10,44,0,0.0,0.0,0.0,0.0
R04,10,45,0,0.0,0.0,0.0,0.0
R04,10,46,0,0.0,0.0,0.0,0.0
R04,10,47,0,0.0,0.0,0.0,0.0
R04,10,48,0,0.0,0.0,0.0,0.0
R04,10,49,0,0.0,0.0,0.0,0.0
R04,10,50,0,0.0,0.0,0.0,0.0
R04,10,51,0,0.0,0.0,0.0,0.0
R04,10,52,0,0.0,0.0,0.0,0.0
R04,10,53,0,0.0,0.0,0.0,0.0
R04,10,54,0,0.0,0.0,0.0,0.0
R04,10,55,0,0.0,0.0,0.0,0.0
R04,10,56,0,0.0,0.0,0.0,0.0
R04,10,57,0,0.0,0.0,0.0,0.0
R04,10,58,0,0.0,0.0,0.0,0.0
R04,10,59,0,0.0,0.0,0.0,0.0
R04,10,60,0,0.0,0.0,0.0,0.0
R04,10,61,0,0.0,0.0,0.0,0.0
R04,10,62,0,0.0,0.0,0.0,0.0
R04,10,63,0,0.0,0.0,0.0,0.0
R04,10,64,0,0.0,0.0,0.0,0.0
R04,10,65,0,0.0,0.0,0.0,0.0
R04,10,66,0,0.0,0.0,0.0,0.0
R04,10,67,0,0.0,0.0,0.0,0.0
R04,10,68,0,0.0,0.0,0.0,0.0
R04,10,69,0,0.0,0.0,0.0,0.0
R04,10,70,0,0.0,0.0,0.0,0.0
R04,10,71,0,0.0,0.0,0.0,0.0
R04,10,72,0,0.0,0.0,0.0,0.0
R04,10,73,0,0.0,0.0,0.0,0.0
R04,10,74,0,0.0,0.0,0.0,0.0
R04,10,75,0,0.0,0.0,0.0,0.0
R04,10,76,0,0.0,0.0,0.0,0.0
R04,10,77,0,0.0,0.0,0.0,0.0
R04,10,78,0,0.0,0.0,0.0,0.0
R04,10,79,0,0.0,0.0,0.0,0.0
R04,10,80,0,0.0,0.0,0.0,0.0
R04,10,81,0,0.0,0.0,0.0,0.0
R04,10,82,0,0.0,0.0,0.0,0.0
R04,10,83,0,0.0,0.0,0.0,0.0
R04,10,84,0,0.0,0.0,0.0,0.0
R04,10,85,0,0.0,0.0,0.0,0.0
R04,10,86,0,0.0,0.0,0.0,0.0
R04,10,87,0,0.0,0.0,0.0,0.0
R04,10,88,1,0.0,0.0,0.0,0.0
R04,10,89,1,0.0,0.0,0.0,0.0
R04,10,90,1,0.0,0.0,0.0,0.0
R04,10,91,1,0.0,0.0,0.0,0.0
R04,10,92,1,0.0,0.0,0.0,0.0
R04,10,93,1,0.0,0.0,0.0,0.0
R04,10,94,1,0.0,0.0,0.0,0.0
R04,10,95,1,0.0,0.0,0.0,0.0
R04,10,96,1,0.0,0.0,0.0,0.0
R04,10,97,1,0.0,0.0,0.0,0.0
R04,10,98,1,0.0,0.0,0.0,0.0
R04,10,99,1,0.0,0.0,0.0,0.0
R04,10,100,1,0.0,0.0,0.0,0.0
R04,10,101,1,0.0,0.0,0.0,0.0
R04,10,102,1,0.0,0.0,0.0,0.0
R04,10,103,1,0.0,0.0,0.0,0.0
R04,10,104,1,0.0,0.0,0.0,0.0
R04,10,105,1,0.0,0.0,0.0,0.0
R04,10,106,1,0.0,0.0,0.0,0.0
R04,10,107,1,0.0,0.0,0.0,0.0
R04,10,108,1,0.0,0.0,0.0,0.0
R04,10,109,1,0.0,0.0,0.0,0.0
R04,10,110,1,0.0,0.0,0.0,0.0
R04,10,111,1,0.0,0.0,0.0,0.0
R04,10,112,1,0.0,0.0,0.0,0.0
R04,10,113,1,0.0,0.0,0.0,0.0
R04,10,114,1,0.0,0.0,0.0,0.0
R04,10,115,1,0.0,0.0,0.0,0.0
R04,10,116,1,0.0,0.0,0.0,0.0
R04,10,117,1,0.0,0.0,0.0,0.0
R04,10,118,1,0.0,0.0,0.0,0.0
R04,10,119,1,0.0,0.0,0.0,0.0
R04,10,120,1,0.0,0.0,0.0,0.0
R04,10,121,1,0.0,0.0,0.0,0.0
R04,10,122,1,0.0,0.0,0.0,0.0
R04,10,123,1,0.0,0.0,0.0,0.0
R04,10,124,1,0.0,0.0,0.0,0.0
R04,10,125,1,0.0,0.0,0.0,0.0
R04,10,126,1,0.0,0.0,0.0,0.0
R04,10,127,1,0.0,0.0,0.0,0.0
R04,10,128,1,0.0,0.0,0.0,0.0
R04,10,129,1,0.0,0.0,0.0,0.0
R04,10,130,1,0.0,0.0,0.0,0.0
R04,10,131,1,0.0,0.0,0.0,0.0
R04,10,132,1,0.0,0.0,0.0,0.0
R04,10,133,1,0.0,0.0,0.0,0.0
R04,10,134,1,0.0,0.0,0.0,0.0
R04,10,135,1,0.0,0.0,0.0,0.0
R04,10,136,1,0.0,0.0,0.0,0.0
R04,10,137,1,0.0,0.0,0.0,0.0
R04,10,138,1,0.0,0.0,0.0,0.0
R04,10,139,1,0.0,0.0,0.0,0.0
R04,10,140,1,0.0,0.0,0.0,0.0
R04,10,141,1,0.0,0.0,0.0,0.0
R04,10,142,1,0.0,0.0,0.0,0.0
R04,10,143,1,0.0,0.0,0.0,0.0
R04,10,144,1,0.0,0.0,0.0,0.0
R04,10,145,1,0.0,0.0,0.0,0.0
R04,10,146,1,0.0,0.0,0.0,0.0
R04,10,147,1,0.0,0.0,0.0,0.0
R04,10,148,1,0.0,0.0,0.0,0.0
R04,10,149,1,0.0,0.0,0.0,0.0
R04,10,150,1,0.0,0.0,0.0,0.0
R04,10,151,1,0.0,0.0,0.0,0.0
R04,10,152,1,0.0,0.0,0.0,0.0
R04,10,153,1,0.0,0.0,0.0,0.0
R04,10,154,1,0.0,0.0,0.0,0.0
R04,10,155,1,0.0,0.0,0.0,0.0
R04,10,156,1,0.0,0.0,0.0,0.0
R04,10,157,1,0.0,0.0,0.0,0.0
R04,10,158,1,0.0,0.0,0.0,0.0
R04,10,159,1,0.0,0.0,0.0,0.0
R04,10,160,1,0.0,0.0,0.0,0.0
R04,10,161,1,0.0,0.0,0.0,0.0
R04,10,162,1,0.0,0.0,0.0,0.0
R04,10,163,1,0.0,0.0,0.0,0.0
R04,10,164,1,0.0,0.0,0.0,0.0
R04,10,165,1,0.0,0.0,0.0,0.0
R04,10,166,1,0.0,0.0,0.0,0.0
R04,10,167,1,0.0,0.0,0.0,0.0
R04,10,168,1,0.0,0.0,0.0,0.0
R04,10,169,1,0.0,0.0,0.0,0.0
R04,10,170,1,0.0,0.0,0.0,0.0
R04,10,171,1,0.0,0.0,0.0,0.0
R04,10,172,1,0.0,0.0,0.0,0.0
R04,10,173,1,0.0,0.0,0.0,0.0
R04,10,174,1,0.0,0.0,0.0,0.0
R04,10,175,1,0.0,0.0,0.0,0.0
R04,10,176,1,0.0,0.0,0.0,0.0
R04,10,177,1,0.0,0.0,0.0,0.0
R04,10,178,1,0.0,0.0,0.0,0.0
R04,10,179,1,0.0,0.0,0.0,0.0
R04,10,180,1,0.0,0.0,0.0,0.0
R04,10,181,1,0.0,0.0,0.0,0.0
R04,10,182,1,0.0,0.0,0.0,0.0
R04,10,183,1,0.0,0.0,0.0,0.0
R04,10,184,1,0.0,0.0,0.0,0.0
R04,10,185,1,0.0,0.0,0.0,0.0
R04,10,186,1,0.0,0.0,0.0,0.0
R04,10,187,1,0.0,0.0,0.0,0.0
R04,10,188,1,0.0,0.0,0.0,0.0
R04,10,189,1,0.0,0.0,0.0,0.0
R04,10,190,1,0.0,0.0,0.0,0.0
R04,10,191,1,0.0,0.0,0.0,0.0
R04,10,192,1,0.0,0.0,0.0,0.0
R04,10,193,1,0.0,0.0,0.0,0.0
R04,10,194,1,0.0,0.0,0.0,0.0
R04,10,195,1,0.0,0.0,0.0,0.0
R04,10,196,1,0.0,0.0,0.0,0.0
R04,10,197,1,0.0,0.0,0.0,0.0
R04,10,198,1,0.0,0.0,0.0,0.0
R04,10,199,1,0.0,0.0,0.0,0.0
R04,10,200,1,0.0,0.0,0.0,0.0
R04,10,201,1,0.0,0.0,0.0,0.0
R04,10,202,1,0.0,0.0,0.0,0.0
R04,10,203,1,0.0,0.0,0.0,0.0
R04,10,204,1,0.0,0.0,0.0,0.0
R04,10,205,1,0.0,0.0,0.0,0.0
R04,10,206,1,0.0,0.0,0.0,0.0
R04,10,207,1,0.0,0.0,0.0,0.0
R04,10,208,1,0.0,0.0,0.0,0.0
R04,10,209,1,0.0,0.0,0.0,0.0
R04,10,210,1,0.0,0.0,0.0,0.0
R04,10,211,1,0.0,0.0,0.0,0.0
R04,10,212,1,0.0,0.0,0.0,0.0
R04,10,213,1,0.0,0.0,0.0,0.0
R04,10,214,1,0.0,0.0,0.0,0.0
R04,10,215,1,0.0,0.0,0.0,0.0
R04,10,216,1,0.0,0.0,0.0,0.0
R04,10,217,1,0.0,0.0,0.0,0.0
R04,10,218,1,0.0,0.0,0.0,0.0
R04,10,219,1,0.0,0.0,0.0,0.0
R04,10,220,1,0.0,0.0,0.0,0.0
R04,10,221,1,0.0,0.0,0.0,0.0
R04,10,222,1,0.0,0.0,0.0,0.0
R04,11,0,0,0.0,0.0,0.0,0.0
R04,11,1,0,0.0,0.0,0.0,0.0
R04,11,2,0,0.0,0.0,0.0,0.0
R04,11,3,0,0.0,0.0,0.0,0.0
R04,11,4,0,0.0,0.0,0.0,0.0
R04,11,5,0,0.0,0.0,0.0,0.0
R04,11,6,0,0.0,0.0,0.0,0.0
R04,11,7,0,0.0,0.0,0.0,0.0
R04,11,8,0,0.0,0.0,0.0,0.0
R04,11,9,0,0.0,0.0,0.0,0.0
R04,11,10,0,0.0,0.0,0.0,0.0
R04,11,11,0,0.0,0.0,0.0,0.0
R04,11,12,0,0.0,0.0,0.0,0.0
R04,11,13,0,0.0,0.0,0.0,0.0
R04,11,14,0,0.0,0.0,0.0,0.0
R04,11,15,0,0.0,0.0,0.0,0.0
R04,11,16,0,0.0,0.0,0.0,0.0
R04,11,17,0,0.0,0.0,0.0,0.0
R04,11,18,0,0.0,0.0,0.0,0.0
R04,11,19,0,0.0,0.0,0.0,0.0
R04,11,20,0,0.0,0.0,0.0,0.0
R04,11,21,0,0.0,0.0,0.0,0.0
R04,11,22,0,0.0,0.0,0.0,0.0
R04,11,23,0,0.0,0.0,0.0,0.0
R04,11,24,0,0.0,0.0,0.0,0.0
R04,11,25,0,0.0,0.0,0.0,0.0
R04,11,26,0,0.0,0.0,0.0,0.0
R04,11,27,0,0.0,0.0,0.0,0.0
R04,11,28,0,0.0,0.0,0.0,0.0
R04,11,29,0,0.0,0.0,0.0,0.0
R04,11,30,0,0.0,0.0,0.0,0.0
R04,11,31,0,0.0,0.0,0.0,0.0
R04,11,32,0,0.0,0.0,0.0,0.0
R04,11,33,0,0.0,0.0,0.0,0.0
R04,11,34,0,0.0,0.0,0.0,0.0
R04,11,35,0,0.0,0.0,0.0,0.0
R04,11,36,0,0.0,0.0,0.0,0.0
R04,11,37,0,0.0,0.0,0.0,0.0
R04,11,38,0,0.0,0.0,0.0,0.0
R04,11,39,0,0.0,0.0,0.0,0.0
R04,11,40,0,0.0,0.0,0.0,0.0
R04,11,41,0,0.0,0.0,0.0,0.0
R04,11,42,0,0.0,0.0,0.0,0.0
R04,11,43,0,0.0,0.0,0.0,0.0
R04,11,44,0,0.0,0.0,0.0,0.0
R04,11,45,0,0.0,0.0,0.0,0.0
R04,11,46,0,0.0,0.0,0.0,0.0
R04,11,47,0,0.0,0.0,0.0,0.0
R04,11,48,0,0.0,0.0,0.0,0.0
R04,11,49,0,0.0,0.0,0.0,0.0
R04,11,50,0,0.0,0.0,0.0,0.0
R04,11,51,0,0.0,0.0,0.0,0.0
R04,11,52,0,0.0,0.0,0.0,0.0
R04,11,53,0,0.0,0.0,0.0,0.0
R04,11,54,0,0.0,0.0,0.0,0.0
R04,11,55,0,0.0,0.0,0.0,0.0
R04,11,56,0,0.0,0.0,0.0,0.0
R04,11,57,0,0.0,0.0,0.0,0.0
R04,11,58,0,0.0,0.0,0.0,0.0
R04,11,59,0,0.0,0.0,0.0,0.0
R04,11,60,0,0.0,0.0,0.0,0.0
R04,11,61,0,0.0,0.0,0.0,0.0
R04,11,62,0,0.0,0.0,0.0,0.0
R04,11,63,0,0.0,0.0,0.0,0.0
R04,11,64,0,0.0,0.0,0.0,0.0
R04,11,65,0,0.0,0.0,0.0,0.0
R04,11,66,0,0.0,0.0,0.0,0.0
R04,11,67,0,0.0,0.0,0.0,0.0
R04,11,68,0,0.0,0.0,0.0,0.0
R04,11,69,0,0.0,0.0,0.0,0.0
R04,11,70,0,0.0,0.0,0.0,0.0
R04,11,71,0,0.0,0.0,0.0,0.0
R04,11,72,0,0.0,0.0,0.0,0.0
R04,11,73,0,0.0,0.0,0.0,0.0
R04,11,74,0,0.0,0.0,0.0,0.0
R04,11,75,0,0.0,0.0,0.0,0.0
R04,11,76,0,0.0,0.0,0.0,0.0
R04,11,77,0,0.0,0.0,0.0,0.0
R04,11,78,0,0.0,0.0,0.0,0.0
R04,11,79,0,0.0,0.0,0.0,0.0
R04,11,80,0,0.0,0.0,0.0,0.0
R04,11,81,0,0.0,0.0,0.0,0.0
R04,11,82,0,0.0,0.0,0.0,0.0
R04,11,83,0,0.0,0.0,0.0,0.0
R04,11,84,0,0.0,0.0,0.0,0.0
R04,11,85,0,0.0,0.0,0.0,0.0
R04,11,86,0,0.0,0.0,0.0,0.0
R04,11,87,0,0.0,0.0,0.0,0.0
R04,11,88,0,0.0,0.0,0.0,0.0
R04,11,89,0,0.0,0.0,0.0,0.0
R04,11,90,0,0.0,0.0,0.0,0.0
R04,11,91,0,0.0,0.0,0.0,0.0
R04,11,92,0,0.0,0.0,0.0,0.0
R04,11,93,0,0.0,0.0,0.0,0.0
R04,11,94,0,0.0,0.0,0.0,0.0
R04,11,95,0,0.0,0.0,0.0,0.0
R04,11,96,0,0.0,0.0,0.0,0.0
R04,11,97,0,0.0,0.0,0.0,0.0
R04,11,98,0,0.0,0.0,0.0,0.0
R04,11,99,0,0.0,0.0,0.0,0.0
R04,11,100,0,0.0,0.0,0.0,0.0
R04,11,101,0,0.0,0.0,0.0,0.0
R04,11,102,0,0.0,0.0,0.0,0.0
R04,11,103,0,0.0,0.0,0.0,0.0
R04,11,104,0,0.0,0.0,0.0,0.0
R04,11,105,0,0.0,0.0,0.0,0.0
R04,11,106,0,0.0,0.0,0.0,0.0
R04,11,107,0,0.0,0.0,0.0,0.0
R04,11,108,0,0.0,0.0,0.0,0.0
R04,11,109,0,0.0,0.0,0.0,0.0
R04,11,110,0,0.0,0.0,0.0,0.0
R04,11,111,0,0.0,0.0,0.0,0.0
R04,11,112,0,0.0,0.0,0.0,0.0
R04,11,113,0,0.0,0.0,0.0,0.0
R04,11,114,0,0.0,0.0,0.0,0.0
R04,11,115,0,0.0,0.0,0.0,0.0
R04,11,116,0,0.0,0.0,0.0,0.0
R04,11,117,0,0.0,0.0,0.0,0.0
R04,11,118,0,0.0,0.0,0.0,0.0
R04,11,119,0,0.0,0.0,0.0,0.0
R04,11,120,0,0.0,0.0,0.0,0.0
R04,11,121,0,0.0,0.0,0.0,0.0
R04,11,122,0,0.0,0.0,0.0,0.0
R04,11,123,0,0.0,0.0,0.0,0.0
R04,11,124,0,0.0,0.0,0.0,0.0
R04,11,125,0,0.0,0.0,0.0,0.0
R04,11,126,0,0.0,0.0,0.0,0.0
R04,11,127,0,0.0,0.0,0.0,0.0
R04,11,128,0,0.0,0.0,0.0,0.0
R04,11,129,0,0.0,0.0,0.0,0.0
R04,11,130,0,0.0,0.0,0.0,0.0
R04,11,131,0,0.0,0.0,0.0,0.0
R04,11,132,0,0.0,0.0,0.0,0.0
R04,11,133,0,0.0,0.0,0.0,0.0
R04,11,134,0,0.0,0.0,0.0,0.0
R04,11,135,0,0.0,0.0,0.0,0.0
R04,11,136,0,0.0,0.0,0.0,0.0
R04,11,137,0,0.0,0.0,0.0,0.0
R04,11,138,0,0.0,0.0,0.0,0.0
R04,11,139,0,0.0,0.0,0.0,0.0
R04,11,140,0,0.0,0.0,0.0,0.0
R04,11,141,0,0.0,0.0,0.0,0.0
R04,11,142,0,0.0,0.0,0.0,0.0
R04,11,143,0,0.0,0.0,0.0,0.0
R04,11,144,0,0.0,0.0,0.0,0.0
R04,11,145,0,0.0,0.0,0.0,0.0
R04,11,146,0,0.0,0.0,0.0,0.0
R04,11,147,0,0.0,0.0,0.0,0.0
R04,11,148,0,0.0,0.0,0.0,0.0
R04,11,149,0,0.0,0.0,0.0,0.0
R04,11,150,0,0.0,0.0,0.0,0.0
R04,11,151,0,0.0,0.0,0.0,0.0
R04,11,152,0,0.0,0.0,0.0,0.0
R04,11,153,0,0.0,0.0,0.0,0.0
R04,11,154,0,0.0,0.0,0.0,0.0
R04,11,155,0,0.0,0.0,0.0,0.0
R04,11,156,0,0.0,0.0,0.0,0.0
R04,11,157,0,0.0,0.0,0.0,0.0
R04,11,158,0,0.0,0.0,0.0,0.0
R04,11,159,0,0.0,0.0,0.0,0.0
R04,11,160,0,0.0,0.0,0.0,0.0
R04,11,161,0,0.0,0.0,0.0,0.0
R04,11,162,0,0.0,0.0,0.0,0.0
R04,11,163,0,0.0,0.0,0.0,0.0
R04,11,164,0,0.0,0.0,0.0,0.0
R04,11,165,0,0.0,0.0,0.0,0.0
R04,11,166,0,0.0,0.0,0.0,0.0
R04,11,167,0,0.0,0.0,0.0,0.0
R04,11,168,0,0.0,0.0,0.0,0.0
R04,11,169,0,0.0,0.0,0.0,0.0
R04,11,170,1,0.0,0.0,0.0,0.0
R04,11,171,1,0.0,0.0,0.0,0.0
R04,11,172,1,0.0,0.0,0.0,0.0
R04,11,173,1,0.0,0.0,0.0,0.0
R04,11,174,1,0.0,0.0,0.0,0.0
R04,11,175,1,0.0,0.0,0.0,0.0
R04,11,176,1,0.0,0.0,0.0,0.0
R04,11,177,1,0.0,0.0,0.0,0.0
R04,11,178,1,0.0,0.0,0.0,0.0
R04,11,179,1,0.0,0.0,0.0,0.0
R04,11,180,1,0.0,0.0,0.0,0.0
R04,11,181,1,0.0,0.0,0.0,0.0
R04,11,182,1,0.0,0.0,0.0,0.0
R04,11,183,1,0.0,0.0,0.0,0.0
R04,11,184,1,0.0,0.0,0.0,0.0
R04,11,185,1,0.0,0.0,0.0,0.0
R04,11,186,1,0.0,0.0,0.0,0.0
R04,11,187,1,0.0,0.0,0.0,0.0
R04,11,188,1,0.0,0.0,0.0,0.0
R04,11,189,1,0.0,0.0,0.0,0.0
R04,11,190,1,0.0,0.0,0.0,0.0
R04,11,191,1,0.0,0.0,0.0,0.0
R04,11,192,1,0.0,0.0,0.0,0.0
R04,11,193,1,0.0,0.0,0.0,0.0
R04,11,194,1,0.0,0.0,0.0,0.0
R04,11,195,1,0.0,0.0,0.0,0.0
R04,11,196,1,0.0,0.0,0.0,0.0
R04,11,197,1,0.0,0.0,0.0,0.0
R04,11,198,1,0.0,0.0,0.0,0.0
R04,11,199,1,0.0,0.0,0.0,0.0
R04,11,200,1,0.0,0.0,0.0,0.0
R04,11,201,1,0.0,0.0,0.0,0.0
R04,11,202,1,0.0,0.0,0.0,0.0
R04,11,203,1,0.0,0.0,0.0,0.0
R04,11,204,1,0.0,0.0,0.0,0.0
R04,11,205,1,0.0,0.0,0.0,0.0
R04,11,206,1,0.0,0.0,0.0,0.0
R04,11,207,1,0.0,0.0,0.0,0.0
R04,11,208,1,0.0,0.0,0.0,0.0
R04,11,209,1,0.0,0.0,0.0,0.0
R04,11,210,1,0.0,0.0,0.0,0.0
R04,11,211,1,0.0,0.0,0.0,0.0
R04,11,212,1,0.0,0.0,0.0,0.0
R04,11,213,1,0.0,0.0,0.0,0.0
R04,11,214,1,0.0,0.0,0.0,0.0
R04,11,215,1,0.0,0.0,0.0,0.0
R04,11,216,1,0.0,0.0,0.0,0.0
R04,11,217,1,0.0,0.0,0.0,0.0
R04,11,218,1,0.0,0.0,0.0,0.0
R04,11,219,1,0.0,0.0,0.0,0.0
R04,11,220,1,0.0,0.0,0.0,0.0
R04,11,221,1,0.0,0.0,0.0,0.0
R04,11,222,1,0.0,0.0,0.0,0.0
R04,11,223,1,0.0,0.0,0.0,0.0
R04,11,224,1,0.0,0.0,0.0,0.0
R04,11,225,1,0.0,0.0,0.0,0.0
R04,11,226,1,0.0,0.0,0.0,0.0
R04,11,227,1,0.0,0.0,0.0,0.0
R04,11,228,1,0.0,0.0,0.0,0.0
R04,11,229,1,0.0,0.0,0.0,0.0
R04,11,230,1,0.0,0.0,0.0,0.0
R04,11,231,1,0.0,0.0,0.0,0.0
R04,11,232,1,0.0,0.0,0.0,0.0
R04,11,233,1,0.0,0.0,0.0,0.0
R04,11,234,1,0.0,0.0,0.0,0.0
R04,11,235,1,0.0,0.0,0.0,0.0
R04,11,236,1,0.0,0.0,0.0,0.0
R04,11,237,1,0.0,0.0,0.0,0.0
R04,11,238,1,0.0,0.0,0.0,0.0
R04,11,239,1,0.0,0.0,0.0,0.0
R04,11,240,0,0.0,0.0,0.0,0.0
R04,11,241,0,0.0,0.0,0.0,0.0
R04,11,242,0,0.0,0.0,0.0,0.0
R04,11,243,0,0.0,0.0,0.0,0.0
R04,11,244,0,0.0,0.0,0.0,0.0
R04,11,245,0,0.0,0.0,0.0,0.0
R04,11,246,0,0.0,0.0,0.0,0.0
R04,11,247,0,0.0,0.0,0.0,0.0
R04,11,248,0,0.0,0.0,0.0,0.0
R04,11,249,0,0.0,0.0,0.0,0.0
R04,11,250,0,0.0,0.0,0.0,0.0
R04,11,251,0,0.0,0.0,0.0,0.0
R04,11,252,0,0.0,0.0,0.0,0.0
R04,11,253,0,0.0,0.0,0.0,0.0
R04,11,254,0,0.0,0.0,0.0,0.0
R04,11,255,0,0.0,0.0,0.0,0.0
R04,11,256,0,0.0,0.0,0.0,0.0
R04,11,257,0,0.0,0.0,0.0,0.0
R04,11,258,0,0.0,0.0,0.0,0.0
R04,11,259,0,0.0,0.0,0.0,0.0
R04,11,260,0,0.0,0.0,0.0,0.0
R04,11,261,0,0.0,0.0,0.0,0.0
R04,11,262,0,0.0,0.0,0.0,0.0
R04,11,263,0,0.0,0.0,0.0,0.0
R04,11,264,0,0.0,0.0,0.0,0.0
R04,11,265,0,0.0,0.0,0.0,0.0
R04,11,266,0,0.0,0.0,0.0,0.0
R04,11,267,0,0.0,0.0,0.0,0.0
R04,11,268,0,0.0,0.0,0.0,0.0
R04,11,269,0,0.0,0.0,0.0,0.0
R04,11,270,0,0.0,0.0,0.0,0.0
R04,11,271,0,0.0,0.0,0.0,0.0
R04,11,272,0,0.0,0.0,0.0,0.0
R04,11,273,0,0.0,0.0,0.0,0.0
R04,11,274,0,0.0,0.0,0.0,0.0
R04,11,275,0,0.0,0.0,0.0,0.0
R04,11,276,0,0.0,0.0,0.0,0.0
R04,11,277,0,0.0,0.0,0.0,0.0
R04,11,278,0,0.0,0.0,0.0,0.0
R04,11,279,1,0.0,0.0,0.0,0.0
R04,11,280,1,0.0,0.0,0.0,0.0
R04,11,281,1,0.0,0.0,0.0,0.0
R04,11,282,1,0.0,0.0,0.0,0.0
R04,11,283,1,0.0,0.0,0.0,0.0
R04,11,284,1,0.0,0.0,0.0,0.0
R04,11,285,1,0.0,0.0,0.0,0.0
R04,11,286,1,0.0,0.0,0.0,0.0
R04,11,287,1,0.0,0.0,0.0,0.0
R04,11,288,1,0.0,0.0,0.0,0.0
R04,11,289,1,0.0,0.0,0.0,0.0
R04,11,290,1,0.0,0.0,0.0,0.0
R04,11,291,1,0.0,0.0,0.0,0.0
R04,11,292,1,0.0,0.0,0.0,0.0
R04,11,293,1,0.0,0.0,0.0,0.0
R04,11,294,1,0.0,0.0,0.0,0.0
R04,11,295,1,0.0,0.0,0.0,0.0
R04,11,296,1,0.0,0.0,0.0,0.0
R04,11,297,1,0.0,0.0,0.0,0.0
R04,11,298,1,0.0,0.0,0.0,0.0
R04,11,299,1,0.0,0.0,0.0,0.0
R04,11,300,1,0.0,0.0,0.0,0.0
R04,11,301,1,0.0,0.0,0.0,0.0
R04,11,302,1,0.0,0.0,0.0,0.0
R04,11,303,1,0.0,0.0,0.0,0.0
R04,11,304,1,0.0,0.0,0.0,0.0
R04,11,305,1,0.0,0.0,0.0,0.0
R04,11,306,1,0.0,0.0,0.0,0.0
R04,11,307,1,0.0,0.0,0.0,0.0
R04,11,308,1,0.0,0.0,0.0,0.0
R04,11,309,1,0.0,0.0,0.0,0.0
R04,11,310,1,0.0,0.0,0.0,0.0
R04,11,311,1,0.0,0.0,0.0,0.0
R04,11,312,1,0.0,0.0,0.0,0.0
R04,11,313,1,0.0,0.0,0.0,0.0
R04,11,314,1,0.0,0.0,0.0,0.0
R04,11,315,1,0.0,0.0,0.0,0.0
R04,11,316,1,0.0,0.0,0.0,0.0
R04,11,317,1,0.0,0.0,0.0,0.0
R04,11,318,1,0.0,0.0,0.0,0.0
R04,11,319,1,0.0,0.0,0.0,0.0
R04,11,320,1,0.0,0.0,0.0,0.0
R04,11,321,1,0.0,0.0,0.0,0.0
R04,11,322,1,0.0,0.0,0.0,0.0
R04,11,323,1,0.0,0.0,0.0,0.0
R04,11,324,1,0.0,0.0,0.0,0.0
R04,11,325,1,0.0,0.0,0.0,0.0
R04,11,326,1,0.0,0.0,0.0,0.0
R04,11,327,1,0.0,0.0,0.0,0.0
R04,11,328,1,0.0,0.0,0.0,0.0
R04,11,329,1,0.0,0.0,0.0,0.0
R04,11,330,1,0.0,0.0,0.0,0.0
R04,11,331,1,0.0,0.0,0.0,0.0
R04,11,332,1,0.0,0.0,0.0,0.0
R04,11,333,1,0.0,0.0,0.0,0.0
R04,11,334,1,0.0,0.0,0.0,0.0
R04,11,335,0,0.0,0.0,0.0,0.0
R04,11,336,0,0.0,0.0,0.0,0.0
R04,11,337,0,0.0,0.0,0.0,0.0
R04,11,338,0,0.0,0.0,0.0,0.0
R04,11,339,0,0.0,0.0,0.0,0.0
R04,11,340,0,0.0,0.0,0.0,0.0
R04,11,341,0,0.0,0.0,0.0,0.0
R04,11,342,0,0.0,0.0,0.0,0.0
R04,11,343,0,0.0,0.0,0.0,0.0
R04,11,344,0,0.0,0.0,0.0,0.0
R04,11,345,0,0.0,0.0,0.0,0.0
R04,11,346,0,0.0,0.0,0.0,0.0
R04,11,347,0,0.0,0.0,0.0,0.0
R04,11,348,0,0.0,0.0,0.0,0.0
R04,11,349,0,0.0,0.0,0.0,0.0
R04,11,350,0,0.0,0.0,0.0,0.0
R04,11,351,0,0.0,0.0,0.0,0.0
R04,11,352,0,0.0,0.0,0.0,0.0
R04,11,353,0,0.0,0.0,0.0,0.0
R04,11,354,0,0.0,0.0,0.0,0.0
R04,11,355,0,0.0,0.0,0.0,0.0
R04,11,356,0,0.0,0.0,0.0,0.0
R04,11,357,0,0.0,0.0,0.0,0.0
R04,11,358,0,0.0,0.0,0.0,0.0
R04,11,359,0,0.0,0.0,0.0,0.0
R04,11,360,0,0.0,0.0,0.0,0.0
R04,11,361,0,0.0,0.0,0.0,0.0
R04,11,362,0,0.0,0.0,0.0,0.0
R04,11,363,0,0.0,0.0,0.0,0.0
R04,11,364,0,0.0,0.0,0.0,0.0
R04,11,365,0,0.0,0.0,0.0,0.0
R04,11,366,0,0.0,0.0,0.0,0.0
R04,11,367,0,0.0,0.0,0.0,0.0
R04,11,368,0,0.0,0.0,0.0,0.0
R04,11,369,0,0.0,0.0,0.0,0.0
R04,11,370,0,0.0,0.0,0.0,0.0
R04,11,371,0,0.0,0.0,0.0,0.0
R04,11,372,0,0.0,0.0,0.0,0.0
R04,11,373,0,0.0,0.0,0.0,0.0
R04,11,374,0,0.0,0.0,0.0,0.0
R04,11,375,0,0.0,0.0,0.0,0.0
R04,11,376,0,0.0,0.0,0.0,0.0
R04,11,377,0,0.0,0.0,0.0,0.0
R04,11,378,0,0.0,0.0,0.0,0.0
R04,11,379,0,0.0,0.0,0.0,0.0
R04,11,380,0,0.0,0.0,0.0,0.0
R04,11,381,0,0.0,0.0,0.0,0.0
R04,11,382,0,0.0,0.0,0.0,0.0
R04,11,383,0,0.0,0.0,0.0,0.0
R04,11,384,0,0.0,0.0,0.0,0.0
R04,11,385,0,0.0,0.0,0.0,0.0
R04,11,386,0,0.0,0.0,0.0,0.0
R04,11,387,0,0.0,0.0,0.0,0.0
R04,11,388,0,0.0,0.0,0.0,0.0
R04,11,389,0,0.0,0.0,0.0,0.0
R04,11,390,0,0.0,0.0,0.0,0.0
R04,11,391,0,0.0,0.0,0.0,0.0
R04,11,392,0,0.0,0.0,0.0,0.0
R04,11,393,0,0.0,0.0,0.0,0.0
R04,11,394,0,0.0,0.0,0.0,0.0
R04,11,395,0,0.0,0.0,0.0,0.0
R04,11,396,0,0.0,0.0,0.0,0.0
R04,11,397,0,0.0,0.0,0.0,0.0
R04,11,398,0,0.0,0.0,0.0,0.0
R04,11,399,0,0.0,0.0,0.0,0.0
R04,11,400,0,0.0,0.0,0.0,0.0
R04,11,401,0,0.0,0.0,0.0,0.0
R04,11,402,0,0.0,0.0,0.0,0.0
R04,11,403,0,0.0,0.0,0.0,0.0
R04,11,404,0,0.0,0.0,0.0,0.0
R04,11,405,0,0.0,0.0,0.0,0.0
R04,11,406,0,0.0,0.0,0.0,0.0
R04,11,407,0,0.0,0.0,0.0,0.0
R04,11,408,0,0.0,0.0,0.0,0.0
R04,11,409,0,0.0,0.0,0.0,0.0
R04,11,410,0,0.0,0.0,0.0,0.0
R04,11,411,0,0.0,0.0,0.0,0.0
R04,11,412,0,0.0,0.0,0.0,0.0
R04,11,413,0,0.0,0.0,0.0,0.0
R04,11,414,0,0.0,0.0,0.0,0.0
R04,11,415,0,0.0,0.0,0.0,0.0
R04,11,416,0,0.0,0.0,0.0,0.0
R04,11,417,0,0.0,0.0,0.0,0.0
R04,11,418,0,0.0,0.0,0.0,0.0
R04,11,419,0,0.0,0.0,0.0,0.0
R04,11,420,0,0.0,0.0,0.0,0.0
R04,11,421,0,0.0,0.0,0.0,0.0
R04,11,422,0,0.0,0.0,0.0,0.0
R04,11,423,0,0.0,0.0,0.0,0.0
R04,12,0,0,0.0,0.0,0.0,0.0
R04,12,1,0,0.0,0.0,0.0,0.0
R04,12,2,0,0.0,0.0,0.0,0.0
R04,12,3,0,0.0,0.0,0.0,0.0
R04,12,4,0,0.0,0.0,0.0,0.0
R04,12,5,0,0.0,0.0,0.0,0.0
R04,12,6,0,0.0,0.0,0.0,0.0
R04,12,7,0,0.0,0.0,0.0,0.0
R04,12,8,0,0.0,0.0,0.0,0.0
R04,12,9,0,0.0,0.0,0.0,0.0
R04,12,10,0,0.0,0.0,0.0,0.0
R04,12,11,0,0.0,0.0,0.0,0.0
R04,12,12,0,0.0,0.0,0.0,0.0
R04,12,13,0,0.0,0.0,0.0,0.0
R04,12,14,0,0.0,0.0,0.0,0.0
R04,12,15,0,0.0,0.0,0.0,0.0
R04,12,16,0,0.0,0.0,0.0,0.0
R04,12,17,0,0.0,0.0,0.0,0.0
R04,12,18,0,0.0,0.0,0.0,0.0
R04,12,19,0,0.0,0.0,0.0,0.0
R04,12,20,0,0.0,0.0,0.0,0.0
R04,12,21,0,0.0,0.0,0.0,0.0
R04,12,22,0,0.0,0.0,0.0,0.0
R04,12,23,0,0.0,0.0,0.0,0.0
R04,12,24,0,0.0,0.0,0.0,0.0
R04,12,25,0,0.0,0.0,0.0,0.0
R04,12,26,0,0.0,0.0,0.0,0.0
R04,12,27,0,0.0,0.0,0.0,0.0
R04,12,28,0,0.0,0.0,0.0,0.0
R04,12,29,0,0.0,0.0,0.0,0.0
R04,12,30,0,0.0,0.0,0.0,0.0
R04,12,31,0,0.0,0.0,0.0,0.0
R04,12,32,0,0.0,0.0,0.0,0.0
R04,12,33,0,0.0,0.0,0.0,0.0
R04,12,34,0,0.0,0.0,0.0,0.0
R04,12,35,0,0.0,0.0,0.0,0.0
R04,12,36,0,0.0,0.0,0.0,0.0
R04,12,37,0,0.0,0.0,0.0,0.0
R04,12,38,0,0.0,0.0,0.0,0.0
R04,12,39,0,0.0,0.0,0.0,0.0
R04,12,40,0,0.0,0.0,0.0,0.0
R04,12,41,0,0.0,0.0,0.0,0.0
R04,12,42,0,0.0,0.0,0.0,0.0
R04,12,43,0,0.0,0.0,0.0,0.0
R04,12,44,0,0.0,0.0,0.0,0.0
R04,12,45,0,0.0,0.0,0.0,0.0
R04,12,46,0,0.0,0.0,0.0,0.0
R04,12,47,0,0.0,0.0,0.0,0.0
R04,12,48,0,0.0,0.0,0.0,0.0
R04,12,49,0,0.0,0.0,0.0,0.0
R04,12,50,0,0.0,0.0,0.0,0.0
R04,12,51,0,0.0,0.0,0.0,0.0
R04,12,52,0,0.0,0.0,0.0,0.0
R04,12,53,0,0.0,0.0,0.0,0.0
R04,12,54,0,0.0,0.0,0.0,0.0
R04,12,55,0,0.0,0.0,0.0,0.0
R04,12,56,0,0.0,0.0,0.0,0.0
R04,12,57,0,0.0,0.0,0.0,0.0
R04,12,58,0,0.0,0.0,0.0,0.0
R04,12,59,0,0.0,0.0,0.0,0.0
R04,12,60,0,0.0,0.0,0.0,0.0
R04,12,61,0,0.0,0.0,0.0,0.0
R04,12,62,0,0.0,0.0,0.0,0.0
R04,12,63,0,0.0,0.0,0.0,0.0
R04,12,64,0,0.0,0.0,0.0,0.0
R04,12,65,0,0.0,0.0,0.0,0.0
R04,12,66,0,0.0,0.0,0.0,0.0
R04,12,67,0,0.0,0.0,0.0,0.0
R04,12,68,0,0.0,0.0,0.0,0.0
R04,12,69,0,0.0,0.0,0.0,0.0
R04,12,70,0,0.0,0.0,0.0,0.0
R04,12,71,0,0.0,0.0,0.0,0.0
R04,12,72,0,0.0,0.0,0.0,0.0
R04,12,73,0,0.0,0.0,0.0,0.0
R04,12,74,0,0.0,0.0,0.0,0.0
R04,12,75,0,0.0,0.0,0.0,0.0
R04,12,76,0,0.0,0.0,0.0,0.0
R04,12,77,0,0.0,0.0,0.0,0.0
R04,12,78,0,0.0,0.0,0.0,0.0
R04,12,79,0,0.0,0.0,0.0,0.0
R04,12,80,0,0.0,0.0,0.0,0.0
R04,12,81,0,0.0,0.0,0.0,0.0
R04,12,82,0,0.0,0.0,0.0,0.0
R04,12,83,0,0.0,0.0,0.0,0.0
R04,12,84,0,0.0,0.0,0.0,0.0
R04,12,85,0,0.0,0.0,0.0,0.0
R04,12,86,0,0.0,0.0,0.0,0.0
R04,12,87,0,0.0,0.0,0.0,0.0
R04,12,88,0,0.0,0.0,0.0,0.0
R04,12,89,0,0.0,0.0,0.0,0.0
R04,12,90,0,0.0,0.0,0.0,0.0
R04,12,91,0,0.0,0.0,0.0,0.0
R04,12,92,0,0.0,0.0,0.0,0.0
R04,12,93,0,0.0,0.0,0.0,0.0
R04,12,94,0,0.0,0.0,0.0,0.0
R04,12,95,0,0.0,0.0,0.0,0.0
R04,12,96,0,0.0,0.0,0.0,0.0
R04,12,97,0,0.0,0.0,0.0,0.0
R04,12,98,0,0.0,0.0,0.0,0.0
R04,12,99,0,0.0,0.0,0.0,0.0
R04,12,100,0,0.0,0.0,0.0,0.0
R04,12,101,0,0.0,0.0,0.0,0.0
R04,12,102,0,0.0,0.0,0.0,0.0
R04,12,103,0,0.0,0.0,0.0,0.0
R04,12,104,0,0.0,0.0,0.0,0.0
R04,12,105,0,0.0,0.0,0.0,0.0
R04,12,106,0,0.0,0.0,0.0,0.0
R04,12,107,0,0.0,0.0,0.0,0.0
R04,12,108,0,0.0,0.0,0.0,0.0
R04,12,109,0,0.0,0.0,0.0,0.0
R04,12,110,0,0.0,0.0,0.0,0.0
R04,12,111,0,0.0,0.0,0.0,0.0
R04,12,112,0,0.0,0.0,0.0,0.0
R04,12,113,0,0.0,0.0,0.0,0.0
R04,12,114,0,0.0,0.0,0.0,0.0
R04,12,115,0,0.0,0.0,0.0,0.0
R04,12,116,0,0.0,0.0,0.0,0.0
R04,12,117,0,0.0,0.0,0.0,0.0
R04,12,118,0,0.0,0.0,0.0,0.0
R04,12,119,0,0.0,0.0,0.0,0.0
R04,12,120,0,0.0,0.0,0.0,0.0
R04,12,121,0,0.0,0.0,0.0,0.0
R04,12,122,0,0.0,0.0,0.0,0.0
R04,12,123,0,0.0,0.0,0.0,0.0
R04,12,124,0,0.0,0.0,0.0,0.0
R04,12,125,0,0.0,0.0,0.0,0.0
R04,12,126,0,0.0,0.0,0.0,0.0
R04,12,127,0,0.0,0.0,0.0,0.0
R04,12,128,0,0.0,0.0,0.0,0.0
R04,12,129,0,0.0,0.0,0.0,0.0
R04,12,130,0,0.0,0.0,0.0,0.0
R04,12,131,0,0.0,0.0,0.0,0.0
R04,12,132,0,0.0,0.0,0.0,0.0
R04,12,133,0,0.0,0.0,0.0,0.0
R04,12,134,0,0.0,0.0,0.0,0.0
R04,12,135,0,0.0,0.0,0.0,0.0
R04,12,136,0,0.0,0.0,0.0,0.0
R04,12,137,0,0.0,0.0,0.0,0.0
R04,12,138,0,0.0,0.0,0.0,0.0
R04,12,139,0,0.0,0.0,0.0,0.0
R04,12,140,0,0.0,0.0,0.0,0.0
R04,12,141,0,0.0,0.0,0.0,0.0
R04,12,142,0,0.0,0.0,0.0,0.0
R04,12,143,0,0.0,0.0,0.0,0.0
R04,12,144,0,0.0,0.0,0.0,0.0
R04,12,145,0,0.0,0.0,0.0,0.0
R04,12,146,0,0.0,0.0,0.0,0.0
R04,12,147,0,0.0,0.0,0.0,0.0
R04,12,148,0,0.0,0.0,0.0,0.0
R04,12,149,0,0.0,0.0,0.0,0.0
R04,12,150,0,0.0,0.0,0.0,0.0
R04,12,151,0,0.0,0.0,0.0,0.0
R04,12,152,0,0.0,0.0,0.0,0.0
R04,12,153,0,0.0,0.0,0.0,0.0
R04,12,154,0,0.0,0.0,0.0,0.0
R04,12,155,1,0.0,0.0,0.0,0.0
R04,12,156,1,0.0,0.0,0.0,0.0
R04,12,157,1,0.0,0.0,0.0,0.0
R04,12,158,1,0.0,0.0,0.0,0.0
R04,12,159,1,0.0,0.0,0.0,0.0
R04,12,160,1,0.0,0.0,0.0,0.0
R04,12,161,1,0.0,0.0,0.0,0.0
R04,12,162,1,0.0,0.0,0.0,0.0
R04,12,163,1,0.0,0.0,0.0,0.0
R04,12,164,1,0.0,0.0,0.0,0.0
R04,12,165,1,0.0,0.0,0.0,0.0
R04,12,166,1,0.0,0.0,0.0,0.0
R04,12,167,1,0.0,0.0,0.0,0.0
R04,12,168,1,0.0,0.0,0.0,0.0
R04,12,169,1,0.0,0.0,0.0,0.0
R04,12,170,1,0.0,0.0,0.0,0.0
R04,12,171,1,0.0,0.0,0.0,0.0
R04,12,172,1,0.0,0.0,0.0,0.0
R04,12,173,1,0.0,0.0,0.0,0.0
R04,12,174,1,0.0,0.0,0.0,0.0
R04,12,175,1,0.0,0.0,0.0,0.0
R04,12,176,1,0.0,0.0,0.0,0.0
R04,12,177,1,0.0,0.0,0.0,0.0
R04,12,178,1,0.0,0.0,0.0,0.0
R04,12,179,1,0.0,0.0,0.0,0.0
R04,12,180,1,0.0,0.0,0.0,0.0
R04,12,181,1,0.0,0.0,0.0,0.0
R04,12,182,1,0.0,0.0,0.0,0.0
R04,12,183,1,0.0,0.0,0.0,0.0
R04,12,184,1,0.0,0.0,0.0,0.0
R04,12,185,1,0.0,0.0,0.0,0.0
R04,12,186,1,0.0,0.0,0.0,0.0
R04,12,187,1,0.0,0.0,0.0,0.0
R04,12,188,1,0.0,0.0,0.0,0.0
R04,12,189,1,0.0,0.0,0.0,0.0
R04,12,190,1,0.0,0.0,0.0,0.0
R04,12,191,1,0.0,0.0,0.0,0.0
R04,12,192,1,0.0,0.0,0.0,0.0
R04,12,193,1,0.0,0.0,0.0,0.0
R04,12,194,1,0.0,0.0,0.0,0.0
R04,12,195,1,0.0,0.0,0.0,0.0
R04,12,196,1,0.0,0.0,0.0,0.0
R04,12,197,1,0.0,0.0,0.0,0.0
R04,12,198,1,0.0,0.0,0.0,0.0
R04,12,199,1,0.0,0.0,0.0,0.0
R04,12,200,1,0.0,0.0,0.0,0.0
R04,12,201,1,0.0,0.0,0.0,0.0
R04,12,202,1,0.0,0.0,0.0,0.0
R04,12,203,1,0.0,0.0,0.0,0.0
R04,12,204,1,0.0,0.0,0.0,0.0
R04,12,205,1,0.0,0.0,0.0,0.0
R04,12,206,1,0.0,0.0,0.0,0.0
R04,12,207,1,0.0,0.0,0.0,0.0
R04,12,208,1,0.0,0.0,0.0,0.0
R04,12,209,1,0.0,0.0,0.0,0.0
R04,12,210,1,0.0,0.0,0.0,0.0
R04,12,211,1,0.0,0.0,0.0,0.0
R04,12,212,1,0.0,0.0,0.0,0.0
R04,12,213,1,0.0,0.0,0.0,0.0
R04,12,214,1,0.0,0.0,0.0,0.0
R04,12,215,1,0.0,0.0,0.0,0.0
R04,12,216,1,0.0,0.0,0.0,0.0
R04,12,217,1,0.0,0.0,0.0,0.0
R04,12,218,1,0.0,0.0,0.0,0.0
R04,12,219,1,0.0,0.0,0.0,0.0
R04,12,220,1,0.0,0.0,0.0,0.0
R04,12,221,1,0.0,0.0,0.0,0.0
R04,12,222,1,0.0,0.0,0.0,0.0
R04,12,223,1,0.0,0.0,0.0,0.0
R04,12,224,1,0.0,0.0,0.0,0.0
R04,12,225,1,0.0,0.0,0.0,0.0
R04,12,226,1,0.0,0.0,0.0,0.0
R04,12,227,1,0.0,0.0,0.0,0.0
R04,12,228,1,0.0,0.0,0.0,0.0
R04,12,229,1,0.0,0.0,0.0,0.0
R04,12,230,1,0.0,0.0,0.0,0.0
R04,12,231,1,0.0,0.0,0.0,0.0
R04,12,232,1,0.0,0.0,0.0,0.0
R04,12,233,1,0.0,0.0,0.0,0.0
R04,12,234,1,0.0,0.0,0.0,0.0
R04,12,235,1,0.0,0.0,0.0,0.0
R04,12,236,1,0.0,0.0,0.0,0.0
R04,12,237,1,0.0,0.0,0.0,0.0
R04,12,238,1,0.0,0.0,0.0,0.0
R04,12,239,1,0.0,0.0,0.0,0.0
R04,12,240,0,0.0,0.0,0.0,0.0
R04,12,241,0,0.0,0.0,0.0,0.0
R04,12,242,0,0.0,0.0,0.0,0.0
R04,12,243,0,0.0,0.0,0.0,0.0
R04,12,244,0,0.0,0.0,0.0,0.0
R04,12,245,0,0.0,0.0,0.0,0.0
R04,12,246,0,0.0,0.0,0.0,0.0
R04,12,247,0,0.0,0.0,0.0,0.0
R04,12,248,0,0.0,0.0,0.0,0.0
R04,12,249,0,0.0,0.0,0.0,0.0
R04,12,250,0,0.0,0.0,0.0,0.0
R04,12,251,0,0.0,0.0,0.0,0.0
R04,12,252,0,0.0,0.0,0.0,0.0
R04,12,253,0,0.0,0.0,0.0,0.0
R04,12,254,0,0.0,0.0,0.0,0.0
R04,12,255,0,0.0,0.0,0.0,0.0
R04,12,256,0,0.0,0.0,0.0,0.0
R04,12,257,0,0.0,0.0,0.0,0.0
R04,12,258,0,0.0,0.0,0.0,0.0
R04,12,259,0,0.0,0.0,0.0,0.0
R04,12,260,0,0.0,0.0,0.0,0.0
R04,12,261,0,0.0,0.0,0.0,0.0
R04,12,262,0,0.0,0.0,0.0,0.0
R04,12,263,0,0.0,0.0,0.0,0.0
R04,12,264,0,0.0,0.0,0.0,0.0
R04,12,265,0,0.0,0.0,0.0,0.0
R04,12,266,0,0.0,0.0,0.0,0.0
R04,12,267,0,0.0,0.0,0.0,0.0
R04,12,268,0,0.0,0.0,0.0,0.0
R04,12,269,0,0.0,0.0,0.0,0.0
R04,12,270,0,0.0,0.0,0.0,0.0
R04,12,271,0,0.0,0.0,0.0,0.0
R04,12,272,0,0.0,0.0,0.0,0.0
R04,12,273,0,0.0,0.0,0.0,0.0
R04,12,274,0,0.0,0.0,0.0,0.0
R04,12,275,0,0.0,0.0,0.0,0.0
R04,12,276,0,0.0,0.0,0.0,0.0
R04,12,277,0,0.0,0.0,0.0,0.0
R04,12,278,0,0.0,0.0,0.0,0.0
R04,12,279,0,0.0,0.0,0.0,0.0
R04,12,280,0,0.0,0.0,0.0,0.0
R04,12,281,0,0.0,0.0,0.0,0.0
R04,12,282,0,0.0,0.0,0.0,0.0
R04,12,283,0,0.0,0.0,0.0,0.0
R04,12,284,0,0.0,0.0,0.0,0.0
R04,12,285,0,0.0,0.0,0.0,0.0
R04,12,286,0,0.0,0.0,0.0,0.0
R04,12,287,0,0.0,0.0,0.0,0.0
R04,12,288,0,0.0,0.0,0.0,0.0
R04,12,289,0,0.0,0.0,0.0,0.0
R04,12,290,0,0.0,0.0,0.0,0.0
R04,12,291,0,0.0,0.0,0.0,0.0
R04,12,292,0,0.0,0.0,0.0,0.0
R04,12,293,0,0.0,0.0,0.0,0.0
R04,12,294,0,0.0,0.0,0.0,0.0
R04,12,295,0,0.0,0.0,0.0,0.0
R04,12,296,0,0.0,0.0,0.0,0.0
R04,12,297,0,0.0,0.0,0.0,0.0
R04,12,298,0,0.0,0.0,0.0,0.0
R04,12,299,0,0.0,0.0,0.0,0.0
R04,12,300,0,0.0,0.0,0.0,0.0
R04,12,301,0,0.0,0.0,0.0,0.0
R04,12,302,0,0.0,0.0,0.0,0.0
R04,12,303,0,0.0,0.0,0.0,0.0
R04,12,304,0,0.0,0.0,0.0,0.0
R04,12,305,0,0.0,0.0,0.0,0.0
R04,12,306,0,0.0,0.0,0.0,0.0
R04,12,307,0,0.0,0.0,0.0,0.0
R04,12,308,0,0.0,0.0,0.0,0.0
R04,12,309,0,0.0,0.0,0.0,0.0
R04,12,310,0,0.0,0.0,0.0,0.0
R04,12,311,0,0.0,0.0,0.0,0.0
R04,12,312,0,0.0,0.0,0.0,0.0
R04,12,313,0,0.0,0.0,0.0,0.0
R04,12,314,0,0.0,0.0,0.0,0.0
R04,12,315,0,0.0,0.0,0.0,0.0
R04,12,316,0,0.0,0.0,0.0,0.0
R04,12,317,0,0.0,0.0,0.0,0.0
R04,12,318,0,0.0,0.0,0.0,0.0
R04,12,319,0,0.0,0.0,0.0,0.0
R04,12,320,0,0.0,0.0,0.0,0.0
R04,12,321,0,0.0,0.0,0.0,0.0
R04,12,322,0,0.0,0.0,0.0,0.0
R04,12,323,0,0.0,0.0,0.0,0.0
R04,12,324,0,0.0,0.0,0.0,0.0
R04,12,325,0,0.0,0.0,0.0,0.0
R04,12,326,0,0.0,0.0,0.0,0.0
R04,12,327,0,0.0,0.0,0.0,0.0
R04,12,328,0,0.0,0.0,0.0,0.0
R04,12,329,0,0.0,0.0,0.0,0.0
R04,12,330,0,0.0,0.0,0.0,0.0
R04,12,331,0,0.0,0.0,0.0,0.0
R04,12,332,0,0.0,0.0,0.0,0.0
R04,12,333,0,0.0,0.0,0.0,0.0
R04,12,334,0,0.0,0.0,0.0,0.0
R04,12,335,0,0.0,0.0,0.0,0.0
R04,12,336,0,0.0,0.0,0.0,0.0
R04,12,337,0,0.0,0.0,0.0,0.0
R04,12,338,0,0.0,0.0,0.0,0.0
R04,12,339,0,0.0,0.0,0.0,0.0
R04,12,340,0,0.0,0.0,0.0,0.0
R04,12,341,0,0.0,0.0,0.0,0.0
R04,12,342,0,0.0,0.0,0.0,0.0
R04,12,343,0,0.0,0.0,0.0,0.0
R04,12,344,0,0.0,0.0,0.0,0.0
R04,12,345,0,0.0,0.0,0.0,0.0
R04,12,346,0,0.0,0.0,0.0,0.0
R04,12,347,0,0.0,0.0,0.0,0.0
R04,12,348,0,0.0,0.0,0.0,0.0
R04,12,349,0,0.0,0.0,0.0,0.0
R04,12,350,0,0.0,0.0,0.0,0.0
R04,12,351,0,0.0,0.0,0.0,0.0
R04,12,352,0,0.0,0.0,0.0,0.0
R04,12,353,0,0.0,0.0,0.0,0.0
R04,12,354,0,0.0,0.0,0.0,0.0
R04,12,355,0,0.0,0.0,0.0,0.0
R04,12,356,0,0.0,0.0,0.0,0.0
R04,12,357,0,0.0,0.0,0.0,0.0
R04,12,358,0,0.0,0.0,0.0,0.0
R04,12,359,0,0.0,0.0,0.0,0.0
R04,12,360,0,0.0,0.0,0.0,0.0
R04,12,361,0,0.0,0.0,0.0,0.0
R04,12,362,0,0.0,0.0,0.0,0.0
R04,12,363,0,0.0,0.0,0.0,0.0
R04,12,364,0,0.0,0.0,0.0,0.0
R04,12,365,0,0.0,0.0,0.0,0.0
R04,12,366,0,0.0,0.0,0.0,0.0
R04,12,367,0,0.0,0.0,0.0,0.0
R04,12,368,0,0.0,0.0,0.0,0.0
R04,12,369,0,0.0,0.0,0.0,0.0
R04,12,370,1,0.0,0.0,0.0,0.0
R04,12,371,1,0.0,0.0,0.0,0.0
R04,12,372,1,0.0,0.0,0.0,0.0
R04,12,373,1,0.0,0.0,0.0,0.0
R04,12,374,1,0.0,0.0,0.0,0.0
R04,12,375,1,0.0,0.0,0.0,0.0
R04,12,376,1,0.0,0.0,0.0,0.0
R04,12,377,1,0.0,0.0,0.0,0.0
R04,12,378,1,0.0,0.0,0.0,0.0
R04,12,379,1,0.0,0.0,0.0,0.0
R04,12,380,1,0.0,0.0,0.0,0.0
R04,12,381,1,0.0,0.0,0.0,0.0
R04,12,382,1,0.0,0.0,0.0,0.0
R04,12,383,1,0.0,0.0,0.0,0.0
R04,12,384,1,0.0,0.0,0.0,0.0
R04,12,385,1,0.0,0.0,0.0,0.0
R04,12,386,1,0.0,0.0,0.0,0.0
R04,12,387,1,0.0,0.0,0.0,0.0
R04,12,388,1,0.0,0.0,0.0,0.0
R04,12,389,1,0.0,0.0,0.0,0.0
R04,12,390,1,0.0,0.0,0.0,0.0
R04,12,391,1,0.0,0.0,0.0,0.0
R04,12,392,1,0.0,0.0,0.0,0.0
R04,12,393,1,0.0,0.0,0.0,0.0
R04,12,394,1,0.0,0.0,0.0,0.0
R04,12,395,1,0.0,0.0,0.0,0.0
R04,12,396,1,0.0,0.0,0.0,0.0
R04,12,397,1,0.0,0.0,0.0,0.0
R04,12,398,1,0.0,0.0,0.0,0.0
R04,12,399,1,0.0,0.0,0.0,0.0
R04,12,400,1,0.0,0.0,0.0,0.0
R04,12,401,1,0.0,0.0,0.0,0.0
R04,12,402,1,0.0,0.0,0.0,0.0
R04,12,403,1,0.0,0.0,0.0,0.0
R04,12,404,1,0.0,0.0,0.0,0.0
R04,12,405,1,0.0,0.0,0.0,0.0
R04,12,406,1,0.0,0.0,0.0,0.0
R04,12,407,1,0.0,0.0,0.0,0.0
R04,12,408,1,0.0,0.0,0.0,0.0
R04,12,409,1,0.0,0.0,0.0,0.0
R04,12,410,1,0.0,0.0,0.0,0.0
R04,12,411,1,0.0,0.0,0.0,0.0
R04,12,412,1,0.0,0.0,0.0,0.0
R04,12,413,1,0.0,0.0,0.0,0.0
R04,12,414,1,0.0,0.0,0.0,0.0
R04,12,415,1,0.0,0.0,0.0,0.0
R04,12,416,1,0.0,0.0,0.0,0.0
R04,12,417,1,0.0,0.0,0.0,0.0
R04,12,418,1,0.0,0.0,0.0,0.0
R04,12,419,1,0.0,0.0,0.0,0.0
R04,12,420,1,0.0,0.0,0.0,0.0
R04,12,421,1,0.0,0.0,0.0,0.0
R04,12,422,1,0.0,0.0,0.0,0.0
R04,12,423,1,0.0,0.0,0.0,0.0
R04,12,424,1,0.0,0.0,0.0,0.0
R04,12,425,1,0.0,0.0,0.0,0.0
R04,12,426,1,0.0,0.0,0.0,0.0
R04,12,427,1,0.0,0.0,0.0,0.0
R04,12,428,1,0.0,0.0,0.0,0.0
R04,12,429,1,0.0,0.0,0.0,0.0
R04,12,430,0,0.0,0.0,0.0,0.0
R04,12,431,0,0.0,0.0,0.0,0.0
R04,12,432,0,0.0,0.0,0.0,0.0
R04,12,433,0,0.0,0.0,0.0,0.0
R04,12,434,0,0.0,0.0,0.0,0.0
R04,12,435,0,0.0,0.0,0.0,0.0
R04,12,436,0,0.0,0.0,0.0,0.0
R04,12,437,0,0.0,0.0,0.0,0.0
R04,12,438,0,0.0,0.0,0.0,0.0
R04,12,439,0,0.0,0.0,0.0,0.0
R04,12,440,0,0.0,0.0,0.0,0.0
R04,12,441,0,0.0,0.0,0.0,0.0
R04,12,442,0,0.0,0.0,0.0,0.0
R04,12,443,0,0.0,0.0,0.0,0.0
R04,12,444,0,0.0,0.0,0.0,0.0
R04,12,445,0,0.0,0.0,0.0,0.0
R04,12,446,0,0.0,0.0,0.0,0.0
R04,12,447,0,0.0,0.0,0.0,0.0
R04,12,448,0,0.0,0.0,0.0,0.0
R04,12,449,0,0.0,0.0,0.0,0.0
R04,12,450,0,0.0,0.0,0.0,0.0
R04,12,451,0,0.0,0.0,0.0,0.0
R04,12,452,0,0.0,0.0,0.0,0.0
R04,12,453,0,0.0,0.0,0.0,0.0
R04,12,454,0,0.0,0.0,0.0,0.0
R04,12,455,0,0.0,0.0,0.0,0.0
R04,12,456,0,0.0,0.0,0.0,0.0
R04,12,457,0,0.0,0.0,0.0,0.0
R04,12,458,0,0.0,0.0,0.0,0.0
R04,12,459,0,0.0,0.0,0.0,0.0
R04,12,460,0,0.0,0.0,0.0,0.0
R04,12,461,0,0.0,0.0,0.0,0.0
R04,12,462,0,0.0,0.0,0.0,0.0
R04,12,463,0,0.0,0.0,0.0,0.0
R04,12,464,0,0.0,0.0,0.0,0.0
R04,12,465,0,0.0,0.0,0.0,0.0
R04,12,466,0,0.0,0.0,0.0,0.0
R04,12,467,0,0.0,0.0,0.0,0.0
R04,12,468,0,0.0,0.0,0.0,0.0
R04,12,469,0,0.0,0.0,0.0,0.0
R04,12,470,0,0.0,0.0,0.0,0.0
R04,12,471,0,0.0,0.0,0.0,0.0
R04,12,472,0,0.0,0.0,0.0,0.0
R04,12,473,0,0.0,0.0,0.0,0.0
R04,12,474,0,0.0,0.0,0.0,0.0
R04,12,475,0,0.0,0.0,0.0,0.0
R04,12,476,0,0.0,0.0,0.0,0.0
R04,12,477,0,0.0,0.0,0.0,0.0
R04,12,478,0,0.0,0.0,0.0,0.0
R04,12,479,0,0.0,0.0,0.0,0.0
R04,12,480,0,0.0,0.0,0.0,0.0
R04,12,481,0,0.0,0.0,0.0,0.0
R04,12,482,0,0.0,0.0,0.0,0.0
R04,12,483,0,0.0,0.0,0.0,0.0
R04,12,484,0,0.0,0.0,0.0,0.0
R04,12,485,0,0.0,0.0,0.0,0.0
R04,12,486,0,0.0,0.0,0.0,0.0
R04,12,487,0,0.0,0.0,0.0,0.0
R04,12,488,0,0.0,0.0,0.0,0.0
R04,12,489,0,0.0,0.0,0.0,0.0
R04,12,490,0,0.0,0.0,0.0,0.0
R04,12,491,0,0.0,0.0,0.0,0.0
R04,12,492,0,0.0,0.0,0.0,0.0
R04,12,493,0,0.0,0.0,0.0,0.0
R04,12,494,0,0.0,0.0,0.0,0.0
R04,12,495,0,0.0,0.0,0.0,0.0
R04,12,496,0,0.0,0.0,0.0,0.0
R04,12,497,0,0.0,0.0,0.0,0.0
R04,12,498,0,0.0,0.0,0.0,0.0
R04,12,499,0,0.0,0.0,0.0,0.0
R04,12,500,0,0.0,0.0,0.0,0.0
R04,12,501,0,0.0,0.0,0.0,0.0
R04,12,502,0,0.0,0.0,0.0,0.0
R04,12,503,0,0.0,0.0,0.0,0.0
R04,12,504,0,0.0,0.0,0.0,0.0
R04,12,505,0,0.0,0.0,0.0,0.0
R04,12,506,0,0.0,0.0,0.0,0.0
R04,12,507,0,0.0,0.0,0.0,0.0
R04,12,508,0,0.0,0.0,0.0,0.0
R04,12,509,0,0.0,0.0,0.0,0.0
R04,12,510,0,0.0,0.0,0.0,0.0
R04,12,511,0,0.0,0.0,0.0,0.0
R04,12,512,0,0.0,0.0,0.0,0.0
R04,12,513,0,0.0,0.0,0.0,0.0
R04,12,514,0,0.0,0.0,0.0,0.0
R04,12,515,0,0.0,0.0,0.0,0.0
R04,12,516,0,0.0,0.0,0.0,0.0
R04,12,517,0,0.0,0.0,0.0,0.0
R04,12,518,0,0.0,0.0,0.0,0.0
R04,12,519,0,0.0,0.0,0.0,0.0
R04,12,520,0,0.0,0.0,0.0,0.0
R04,12,521,0,0.0,0.0,0.0,0.0
R04,12,522,0,0.0,0.0,0.0,0.0
R04,12,523,0,0.0,0.0,0.0,0.0
R04,12,524,0,0.0,0.0,0.0,0.0
R04,12,525,0,0.0,0.0,0.0,0.0
R04,12,526,0,0.0,0.0,0.0,0.0
R04,12,527,0,0.0,0.0,0.0,0.0
R04,12,528,0,0.0,0.0,0.0,0.0
R04,12,529,0,0.0,0.0,0.0,0.0
R04,12,530,0,0.0,0.0,0.0,0.0
R04,12,531,1,0.0,0.0,0.0,0.0
R04,12,532,1,0.0,0.0,0.0,0.0
R04,12,533,1,0.0,0.0,0.0,0.0
R04,12,534,1,0.0,0.0,0.0,0.0
R04,12,535,1,0.0,0.0,0.0,0.0
R04,12,536,1,0.0,0.0,0.0,0.0
R04,12,537,1,0.0,0.0,0.0,0.0
R04,12,538,1,0.0,0.0,0.0,0.0
R04,12,539,1,0.0,0.0,0.0,0.0
R04,12,540,1,0.0,0.0,0.0,0.0
R04,12,541,1,0.0,0.0,0.0,0.0
R04,12,542,1,0.0,0.0,0.0,0.0
R04,12,543,1,0.0,0.0,0.0,0.0
R04,12,544,1,0.0,0.0,0.0,0.0
R04,12,545,1,0.0,0.0,0.0,0.0
R04,12,546,1,0.0,0.0,0.0,0.0
R04,12,547,1,0.0,0.0,0.0,0.0
R04,12,548,1,0.0,0.0,0.0,0.0
R04,12,549,1,0.0,0.0,0.0,0.0
R04,12,550,1,0.0,0.0,0.0,0.0
R04,12,551,1,0.0,0.0,0.0,0.0
R04,12,552,1,0.0,0.0,0.0,0.0
R04,12,553,1,0.0,0.0,0.0,0.0
R04,12,554,1,0.0,0.0,0.0,0.0
R04,12,555,1,0.0,0.0,0.0,0.0
R04,12,556,1,0.0,0.0,0.0,0.0
R04,12,557,1,0.0,0.0,0.0,0.0
R04,12,558,1,0.0,0.0,0.0,0.0
R04,12,559,1,0.0,0.0,0.0,0.0
R04,12,560,1,0.0,0.0,0.0,0.0
R04,12,561,1,0.0,0.0,0.0,0.0
R04,12,562,1,0.0,0.0,0.0,0.0
R04,12,563,1,0.0,0.0,0.0,0.0
R04,12,564,1,0.0,0.0,0.0,0.0
R04,12,565,1,0.0,0.0,0.0,0.0
R04,12,566,1,0.0,0.0,0.0,0.0
R04,12,567,1,0.0,0.0,0.0,0.0
R04,12,568,1,0.0,0.0,0.0,0.0
R04,12,569,1,0.0,0.0,0.0,0.0
R04,12,570,1,0.0,0.0,0.0,0.0
R04,12,571,1,0.0,0.0,0.0,0.0
R04,12,572,1,0.0,0.0,0.0,0.0
R04,12,573,1,0.0,0.0,0.0,0.0
R04,12,574,1,0.0,0.0,0.0,0.0
R04,12,575,1,0.0,0.0,0.0,0.0
R04,12,576,1,0.0,0.0,0.0,0.0
R04,12,577,1,0.0,0.0,0.0,0.0
R04,12,578,1,0.0,0.0,0.0,0.0
R04,12,579,1,0.0,0.0,0.0,0.0
R04,12,580,1,0.0,0.0,0.0,0.0
R04,12,581,1,0.0,0.0,0.0,0.0
R04,12,582,1,0.0,0.0,0.0,0.0
R04,12,583,1,0.0,0.0,0.0,0.0
R04,12,584,1,0.0,0.0,0.0,0.0
R04,12,585,1,0.0,0.0,0.0,0.0
R04,12,586,1,0.0,0.0,0.0,0.0
R04,12,587,1,0.0,0.0,0.0,0.0
R04,12,588,1,0.0,0.0,0.0,0.0
R04,12,589,1,0.0,0.0,0.0,0.0
R04,12,590,1,0.0,0.0,0.0,0.0
R04,12,591,1,0.0,0.0,0.0,0.0
R04,12,592,1,0.0,0.0,0.0,0.0
R04,12,593,1,0.0,0.0,0.0,0.0
R04,12,594,1,0.0,0.0,0.0,0.0
R04,12,595,1,0.0,0.0,0.0,0.0
R04,12,596,1,0.0,0.0,0.0,0.0
R04,12,597,1,0.0,0.0,0.0,0.0
R04,12,598,1,0.0,0.0,0.0,0.0
R04,12,599,1,0.0,0.0,0.0,0.0
R04,12,600,1,0.0,0.0,0.0,0.0
R04,12,601,1,0.0,0.0,0.0,0.0
R04,12,602,1,0.0,0.0,0.0,0.0
R04,12,603,1,0.0,0.0,0.0,0.0
R04,12,604,1,0.0,0.0,0.0,0.0
R04,12,605,1,0.0,0.0,0.0,0.0
R04,12,606,1,0.0,0.0,0.0,0.0
R04,12,607,1,0.0,0.0,0.0,0.0
R04,12,608,1,0.0,0.0,0.0,0.0
R04,12,609,1,0.0,0.0,0.0,0.0
R04,12,610,0,0.0,0.0,0.0,0.0
R04,12,611,0,0.0,0.0,0.0,0.0
R04,12,612,0,0.0,0.0,0.0,0.0
R04,12,613,0,0.0,0.0,0.0,0.0
R04,12,614,0,0.0,0.0,0.0,0.0
R04,12,615,0,0.0,0.0,0.0,0.0
R04,12,616,0,0.0,0.0,0.0,0.0
R04,12,617,0,0.0,0.0,0.0,0.0
R04,12,618,0,0.0,0.0,0.0,0.0
R04,12,619,0,0.0,0.0,0.0,0.0
R04,12,620,0,0.0,0.0,0.0,0.0
R04,12,621,0,0.0,0.0,0.0,0.0
R04,12,622,0,0.0,0.0,0.0,0.0
R04,12,623,0,0.0,0.0,0.0,0.0
R04,12,624,0,0.0,0.0,0.0,0.0
R04,12,625,0,0.0,0.0,0.0,0.0
R04,12,626,0,0.0,0.0,0.0,0.0
R04,12,627,0,0.0,0.0,0.0,0.0
R04,12,628,0,0.0,0.0,0.0,0.0
R04,12,629,0,0.0,0.0,0.0,0.0
R04,12,630,0,0.0,0.0,0.0,0.0
R04,12,631,0,0.0,0.0,0.0,0.0
R04,12,632,0,0.0,0.0,0.0,0.0
R04,12,633,0,0.0,0.0,0.0,0.0
R04,12,634,0,0.0,0.0,0.0,0.0
R04,12,635,0,0.0,0.0,0.0,0.0
R04,12,636,0,0.0,0.0,0.0,0.0
R04,12,637,0,0.0,0.0,0.0,0.0
R04,12,638,0,0.0,0.0,0.0,0.0
R04,12,639,0,0.0,0.0,0.0,0.0
R04,12,640,0,0.0,0.0,0.0,0.0
R04,12,641,0,0.0,0.0,0.0,0.0
R04,12,642,0,0.0,0.0,0.0,0.0
R04,12,643,0,0.0,0.0,0.0,0.0
R04,12,644,0,0.0,0.0,0.0,0.0
R04,12,645,0,0.0,0.0,0.0,0.0
R04,12,646,0,0.0,0.0,0.0,0.0
R04,12,647,0,0.0,0.0,0.0,0.0
R04,12,648,0,0.0,0.0,0.0,0.0
R04,12,649,0,0.0,0.0,0.0,0.0
R04,12,650,0,0.0,0.0,0.0,0.0
R04,12,651,0,0.0,0.0,0.0,0.0
R04,12,652,0,0.0,0.0,0.0,0.0
R04,12,653,0,0.0,0.0,0.0,0.0
R04,12,654,0,0.0,0.0,0.0,0.0
R04,12,655,0,0.0,0.0,0.0,0.0
R04,12,656,0,0.0,0.0,0.0,0.0
R04,12,657,0,0.0,0.0,0.0,0.0
R04,12,658,0,0.0,0.0,0.0,0.0
R04,12,659,0,0.0,0.0,0.0,0.0
R04,12,660,0,0.0,0.0,0.0,0.0
R04,12,661,0,0.0,0.0,0.0,0.0
R04,12,662,0,0.0,0.0,0.0,0.0
R04,12,663,0,0.0,0.0,0.0,0.0
R04,12,664,0,0.0,0.0,0.0,0.0
R04,12,665,0,0.0,0.0,0.0,0.0
R04,12,666,0,0.0,0.0,0.0,0.0
R04,12,667,0,0.0,0.0,0.0,0.0
R04,12,668,0,0.0,0.0,0.0,0.0
R04,12,669,0,0.0,0.0,0.0,0.0
R04,12,670,0,0.0,0.0,0.0,0.0
R04,12,671,0,0.0,0.0,0.0,0.0
R04,12,672,0,0.0,0.0,0.0,0.0
R04,12,673,0,0.0,0.0,0.0,0.0
R04,12,674,0,0.0,0.0,0.0,0.0
R04,12,675,0,0.0,0.0,0.0,0.0
R04,12,676,0,0.0,0.0,0.0,0.0
R04,12,677,0,0.0,0.0,0.0,0.0
R04,12,678,0,0.0,0.0,0.0,0.0
R04,12,679,0,0.0,0.0,0.0,0.0
R04,12,680,0,0.0,0.0,0.0,0.0
R04,12,681,0,0.0,0.0,0.0,0.0
R04,12,682,0,0.0,0.0,0.0,0.0
R04,12,683,0,0.0,0.0,0.0,0.0
R04,12,684,0,0.0,0.0,0.0,0.0
R04,12,685,0,0.0,0.0,0.0,0.0
R04,13,0,0,0.0,0.0,0.0,0.0
R04,13,1,0,0.0,0.0,0.0,0.0
R04,13,2,0,0.0,0.0,0.0,0.0
R04,13,3,0,0.0,0.0,0.0,0.0
R04,13,4,0,0.0,0.0,0.0,0.0
R04,13,5,0,0.0,0.0,0.0,0.0
R04,13,6,0,0.0,0.0,0.0,0.0
R04,13,7,0,0.0,0.0,0.0,0.0
R04,13,8,0,0.0,0.0,0.0,0.0
R04,13,9,0,0.0,0.0,0.0,0.0
R04,13,10,0,0.0,0.0,0.0,0.0
R04,13,11,0,0.0,0.0,0.0,0.0
R04,13,12,0,0.0,0.0,0.0,0.0
R04,13,13,0,0.0,0.0,0.0,0.0
R04,13,14,0,0.0,0.0,0.0,0.0
R04,13,15,0,0.0,0.0,0.0,0.0
R04,13,16,0,0.0,0.0,0.0,0.0
R04,13,17,0,0.0,0.0,0.0,0.0
R04,13,18,0,0.0,0.0,0.0,0.0
R04,13,19,0,0.0,0.0,0.0,0.0
R04,13,20,0,0.0,0.0,0.0,0.0
R04,13,21,0,0.0,0.0,0.0,0.0
R04,13,22,0,0.0,0.0,0.0,0.0
R04,13,23,0,0.0,0.0,0.0,0.0
R04,13,24,0,0.0,0.0,0.0,0.0
R04,13,25,0,0.0,0.0,0.0,0.0
R04,13,26,0,0.0,0.0,0.0,0.0
R04,13,27,0,0.0,0.0,0.0,0.0
R04,13,28,0,0.0,0.0,0.0,0.0
R04,13,29,0,0.0,0.0,0.0,0.0
R04,13,30,0,0.0,0.0,0.0,0.0
R04,13,31,0,0.0,0.0,0.0,0.0
R04,13,32,0,0.0,0.0,0.0,0.0
R04,13,33,0,0.0,0.0,0.0,0.0
R04,13,34,0,0.0,0.0,0.0,0.0
R04,13,35,0,0.0,0.0,0.0,0.0
R04,13,36,0,0.0,0.0,0.0,0.0
R04,13,37,0,0.0,0.0,0.0,0.0
R04,13,38,0,0.0,0.0,0.0,0.0
R04,13,39,0,0.0,0.0,0.0,0.0
R04,13,40,0,0.0,0.0,0.0,0.0
R04,13,41,0,0.0,0.0,0.0,0.0
R04,13,42,0,0.0,0.0,0.0,0.0
R04,13,43,0,0.0,0.0,0.0,0.0
R04,13,44,0,0.0,0.0,0.0,0.0
R04,13,45,0,0.0,0.0,0.0,0.0
R04,13,46,0,0.0,0.0,0.0,0.0
R04,13,47,0,0.0,0.0,0.0,0.0
R04,13,48,0,0.0,0.0,0.0,0.0
R04,13,49,0,0.0,0.0,0.0,0.0
R04,13,50,0,0.0,0.0,0.0,0.0
R04,13,51,0,0.0,0.0,0.0,0.0
R04,13,52,0,0.0,0.0,0.0,0.0
R04,13,53,0,0.0,0.0,0.0,0.0
R04,13,54,0,0.0,0.0,0.0,0.0
R04,13,55,0,0.0,0.0,0.0,0.0
R04,13,56,0,0.0,0.0,0.0,0.0
R04,13,57,0,0.0,0.0,0.0,0.0
R04,13,58,0,0.0,0.0,0.0,0.0
R04,13,59,0,0.0,0.0,0.0,0.0
R04,13,60,0,0.0,0.0,0.0,0.0
R04,13,61,0,0.0,0.0,0.0,0.0
R04,13,62,0,0.0,0.0,0.0,0.0
R04,13,63,0,0.0,0.0,0.0,0.0
R04,13,64,0,0.0,0.0,0.0,0.0
R04,13,65,0,0.0,0.0,0.0,0.0
R04,13,66,0,0.0,0.0,0.0,0.0
R04,13,67,0,0.0,0.0,0.0,0.0
R04,13,68,0,0.0,0.0,0.0,0.0
R04,13,69,0,0.0,0.0,0.0,0.0
R04,13,70,0,0.0,0.0,0.0,0.0
R04,13,71,0,0.0,0.0,0.0,0.0
R04,13,72,0,0.0,0.0,0.0,0.0
R04,13,73,0,0.0,0.0,0.0,0.0
R04,13,74,0,0.0,0.0,0.0,0.0
R04,13,75,0,0.0,0.0,0.0,0.0
R04,13,76,0,0.0,0.0,0.0,0.0
R04,13,77,0,0.0,0.0,0.0,0.0
R04,13,78,0,0.0,0.0,0.0,0.0
R04,13,79,0,0.0,0.0,0.0,0.0
R04,13,80,0,0.0,0.0,0.0,0.0
R04,13,81,0,0.0,0.0,0.0,0.0
R04,13,82,0,0.0,0.0,0.0,0.0
R04,13,83,0,0.0,0.0,0.0,0.0
R04,13,84,0,0.0,0.0,0.0,0.0
R04,13,85,0,0.0,0.0,0.0,0.0
R04,13,86,0,0.0,0.0,0.0,0.0
R04,13,87,0,0.0,0.0,0.0,0.0
R04,13,88,0,0.0,0.0,0.0,0.0
R04,13,89,1,0.0,0.0,0.0,0.0
R04,13,90,1,0.0,0.0,0.0,0.0
R04,13,91,1,0.0,0.0,0.0,0.0
R04,13,92,1,0.0,0.0,0.0,0.0
R04,13,93,1,0.0,0.0,0.0,0.0
R04,13,94,1,0.0,0.0,0.0,0.0
R04,13,95,1,0.0,0.0,0.0,0.0
R04,13,96,1,0.0,0.0,0.0,0.0
R04,13,97,1,0.0,0.0,0.0,0.0
R04,13,98,1,0.0,0.0,0.0,0.0
R04,13,99,1,0.0,0.0,0.0,0.0
R04,13,100,1,0.0,0.0,0.0,0.0
R04,13,101,1,0.0,0.0,0.0,0.0
R04,13,102,1,0.0,0.0,0.0,0.0
R04,13,103,1,0.0,0.0,0.0,0.0
R04,13,104,1,0.0,0.0,0.0,0.0
R04,13,105,1,0.0,0.0,0.0,0.0
R04,13,106,1,0.0,0.0,0.0,0.0
R04,13,107,1,0.0,0.0,0.0,0.0
R04,13,108,1,0.0,0.0,0.0,0.0
R04,13,109,1,0.0,0.0,0.0,0.0
R04,13,110,1,0.0,0.0,0.0,0.0
R04,13,111,1,0.0,0.0,0.0,0.0
R04,13,112,1,0.0,0.0,0.0,0.0
R04,13,113,1,0.0,0.0,0.0,0.0
R04,13,114,1,0.0,0.0,0.0,0.0
R04,13,115,1,0.0,0.0,0.0,0.0
R04,13,116,1,0.0,0.0,0.0,0.0
R04,13,117,1,0.0,0.0,0.0,0.0
R04,13,118,1,0.0,0.0,0.0,0.0
R04,13,119,1,0.0,0.0,0.0,0.0
R04,13,120,1,0.0,0.0,0.0,0.0
R04,13,121,1,0.0,0.0,0.0,0.0
R04,13,122,1,0.0,0.0,0.0,0.0
R04,13,123,1,0.0,0.0,0.0,0.0
R04,13,124,1,0.0,0.0,0.0,0.0
R04,13,125,1,0.0,0.0,0.0,0.0
R04,13,126,1,0.0,0.0,0.0,0.0
R04,13,127,1,0.0,0.0,0.0,0.0
R04,13,128,1,0.0,0.0,0.0,0.0
R04,13,129,1,0.0,0.0,0.0,0.0
R04,13,130,1,0.0,0.0,0.0,0.0
R04,13,131,1,0.0,0.0,0.0,0.0
R04,13,132,1,0.0,0.0,0.0,0.0
R04,13,133,1,0.0,0.0,0.0,0.0
R04,13,134,1,0.0,0.0,0.0,0.0
R04,13,135,1,0.0,0.0,0.0,0.0
R04,13,136,1,0.0,0.0,0.0,0.0
R04,13,137,1,0.0,0.0,0.0,0.0
R04,13,138,1,0.0,0.0,0.0,0.0
R04,13,139,1,0.0,0.0,0.0,0.0
R04,13,140,1,0.0,0.0,0.0,0.0
R04,13,141,1,0.0,0.0,0.0,0.0
R04,13,142,1,0.0,0.0,0.0,0.0
R04,13,143,1,0.0,0.0,0.0,0.0
R04,13,144,1,0.0,0.0,0.0,0.0
R04,13,145,1,0.0,0.0,0.0,0.0
R04,13,146,1,0.0,0.0,0.0,0.0
R04,13,147,1,0.0,0.0,0.0,0.0
R04,13,148,1,0.0,0.0,0.0,0.0
R04,13,149,1,0.0,0.0,0.0,0.0
R04,13,150,1,0.0,0.0,0.0,0.0
R04,13,151,1,0.0,0.0,0.0,0.0
R04,13,152,1,0.0,0.0,0.0,0.0
R04,13,153,1,0.0,0.0,0.0,0.0
R04,13,154,1,0.0,0.0,0.0,0.0
R04,13,155,1,0.0,0.0,0.0,0.0
R04,13,156,1,0.0,0.0,0.0,0.0
R04,13,157,1,0.0,0.0,0.0,0.0
R04,13,158,1,0.0,0.0,0.0,0.0
R04,13,159,1,0.0,0.0,0.0,0.0
R04,13,160,1,0.0,0.0,0.0,0.0
R04,13,161,1,0.0,0.0,0.0,0.0
R04,13,162,1,0.0,0.0,0.0,0.0
R04,13,163,1,0.0,0.0,0.0,0.0
R04,13,164,1,0.0,0.0,0.0,0.0
R04,13,165,1,0.0,0.0,0.0,0.0
R04,13,166,1,0.0,0.0,0.0,0.0
R04,13,167,1,0.0,0.0,0.0,0.0
R04,13,168,1,0.0,0.0,0.0,0.0
R04,13,169,1,0.0,0.0,0.0,0.0
R04,13,170,1,0.0,0.0,0.0,0.0
R04,13,171,1,0.0,0.0,0.0,0.0
R04,13,172,1,0.0,0.0,0.0,0.0
R04,13,173,1,0.0,0.0,0.0,0.0
R04,13,174,1,0.0,0.0,0.0,0.0
R04,13,175,1,0.0,0.0,0.0,0.0
R04,13,176,1,0.0,0.0,0.0,0.0
R04,13,177,1,0.0,0.0,0.0,0.0
R04,13,178,1,0.0,0.0,0.0,0.0
R04,13,179,1,0.0,0.0,0.0,0.0
R04,13,180,1,0.0,0.0,0.0,0.0
R04,13,181,1,0.0,0.0,0.0,0.0
R04,13,182,1,0.0,0.0,0.0,0.0
R04,13,183,1,0.0,0.0,0.0,0.0
R04,13,184,1,0.0,0.0,0.0,0.0
R04,13,185,1,0.0,0.0,0.0,0.0
R04,13,186,1,0.0,0.0,0.0,0.0
R04,13,187,1,0.0,0.0,0.0,0.0
R04,13,188,1,0.0,0.0,0.0,0.0
R04,13,189,1,0.0,0.0,0.0,0.0
R04,13,190,1,0.0,0.0,0.0,0.0
R04,13,191,1,0.0,0.0,0.0,0.0
R04,13,192,1,0.0,0.0,0.0,0.0
R04,13,193,1,0.0,0.0,0.0,0.0
R04,13,194,1,0.0,0.0,0.0,0.0
R04,13,195,1,0.0,0.0,0.0,0.0
R04,13,196,1,0.0,0.0,0.0,0.0
R04,13,197,1,0.0,0.0,0.0,0.0
R04,13,198,1,0.0,0.0,0.0,0.0
R04,13,199,1,0.0,0.0,0.0,0.0
R04,13,200,1,0.0,0.0,0.0,0.0
R04,13,201,1,0.0,0.0,0.0,0.0
R04,13,202,1,0.0,0.0,0.0,0.0
R04,13,203,1,0.0,0.0,0.0,0.0
R04,13,204,1,0.0,0.0,0.0,0.0
R04,13,205,1,0.0,0.0,0.0,0.0
R04,13,206,1,0.0,0.0,0.0,0.0
R04,13,207,1,0.0,0.0,0.0,0.0
R04,13,208,1,0.0,0.0,0.0,0.0
R04,13,209,1,0.0,0.0,0.0,0.0
R04,13,210,1,0.0,0.0,0.0,0.0
R04,13,211,1,0.0,0.0,0.0,0.0
R04,13,212,1,0.0,0.0,0.0,0.0
R04,13,213,1,0.0,0.0,0.0,0.0
R04,13,214,1,0.0,0.0,0.0,0.0
R04,13,215,1,0.0,0.0,0.0,0.0
R04,13,216,1,0.0,0.0,0.0,0.0
R04,13,217,1,0.0,0.0,0.0,0.0
R04,13,218,1,0.0,0.0,0.0,0.0
R04,13,219,1,0.0,0.0,0.0,0.0
R04,13,220,1,0.0,0.0,0.0,0.0
R04,13,221,1,0.0,0.0,0.0,0.0
R04,13,222,1,0.0,0.0,0.0,0.0
R04,13,223,1,0.0,0.0,0.0,0.0
R04,13,224,1,0.0,0.0,0.0,0.0
R04,13,225,1,0.0,0.0,0.0,0.0
R04,13,226,1,0.0,0.0,0.0,0.0
R04,13,227,1,0.0,0.0,0.0,0.0
R04,13,228,1,0.0,0.0,0.0,0.0
R04,13,229,1,0.0,0.0,0.0,0.0
R04,13,230,1,0.0,0.0,0.0,0.0
R04,13,231,1,0.0,0.0,0.0,0.0
R04,13,232,1,0.0,0.0,0.0,0.0
R04,13,233,1,0.0,0.0,0.0,0.0
R04,13,234,1,0.0,0.0,0.0,0.0
R04,13,235,1,0.0,0.0,0.0,0.0
R04,13,236,1,0.0,0.0,0.0,0.0
R04,13,237,1,0.0,0.0,0.0,0.0
R04,13,238,1,0.0,0.0,0.0,0.0
R04,13,239,1,0.0,0.0,0.0,0.0
R04,13,240,1,0.0,0.0,0.0,0.0
R04,13,241,1,0.0,0.0,0.0,0.0
R04,13,242,1,0.0,0.0,0.0,0.0
R04,13,243,1,0.0,0.0,0.0,0.0
R04,13,244,1,0.0,0.0,0.0,0.0
R04,13,245,1,0.0,0.0,0.0,0.0
R04,13,246,1,0.0,0.0,0.0,0.0
R04,13,247,1,0.0,0.0,0.0,0.0
R04,13,248,1,0.0,0.0,0.0,0.0
R04,13,249,1,0.0,0.0,0.0,0.0
R04,13,250,1,0.0,0.0,0.0,0.0
R04,13,251,1,0.0,0.0,0.0,0.0
R04,13,252,1,0.0,0.0,0.0,0.0
R04,13,253,1,0.0,0.0,0.0,0.0
R04,13,254,1,0.0,0.0,0.0,0.0
R04,13,255,1,0.0,0.0,0.0,0.0
R04,13,256,1,0.0,0.0,0.0,0.0
R04,13,257,1,0.0,0.0,0.0,0.0
R04,13,258,1,0.0,0.0,0.0,0.0
R04,13,259,1,0.0,0.0,0.0,0.0
R04,13,260,1,0.0,0.0,0.0,0.0
R04,13,261,1,0.0,0.0,0.0,0.0
R04,13,262,1,0.0,0.0,0.0,0.0
R04,13,263,1,0.0,0.0,0.0,0.0
R04,13,264,1,0.0,0.0,0.0,0.0
R04,13,265,1,0.0,0.0,0.0,0.0
R04,13,266,1,0.0,0.0,0.0,0.0
R04,13,267,1,0.0,0.0,0.0,0.0
R04,13,268,1,0.0,0.0,0.0,0.0
R04,13,269,1,0.0,0.0,0.0,0.0
R04,13,270,1,0.0,0.0,0.0,0.0
R04,13,271,1,0.0,0.0,0.0,0.0
R04,13,272,1,0.0,0.0,0.0,0.0
R04,13,273,1,0.0,0.0,0.0,0.0
R04,13,274,1,0.0,0.0,0.0,0.0
R04,13,275,1,0.0,0.0,0.0,0.0
R04,13,276,1,0.0,0.0,0.0,0.0
R04,13,277,1,0.0,0.0,0.0,0.0
R04,13,278,1,0.0,0.0,0.0,0.0
R04,13,279,1,0.0,0.0,0.0,0.0
R04,13,280,1,0.0,0.0,0.0,0.0
R04,13,281,1,0.0,0.0,0.0,0.0
R04,13,282,1,0.0,0.0,0.0,0.0
R04,13,283,1,0.0,0.0,0.0,0.0
R04,13,284,1,0.0,0.0,0.0,0.0
R04,13,285,1,0.0,0.0,0.0,0.0
R04,13,286,1,0.0,0.0,0.0,0.0
R04,13,287,1,0.0,0.0,0.0,0.0
R04,13,288,1,0.0,0.0,0.0,0.0
R04,13,289,1,0.0,0.0,0.0,0.0
R04,13,290,1,0.0,0.0,0.0,0.0
R04,13,291,1,0.0,0.0,0.0,0.0
R04,13,292,1,0.0,0.0,0.0,0.0
R04,13,293,1,0.0,0.0,0.0,0.0
R04,13,294,1,0.0,0.0,0.0,0.0
R04,13,295,1,0.0,0.0,0.0,0.0
R04,13,296,1,0.0,0.0,0.0,0.0
R04,13,297,1,0.0,0.0,0.0,0.0
R04,13,298,1,0.0,0.0,0.0,0.0
R04,13,299,1,0.0,0.0,0.0,0.0
R04,13,300,1,0.0,0.0,0.0,0.0
R04,13,301,1,0.0,0.0,0.0,0.0
R04,13,302,1,0.0,0.0,0.0,0.0
R04,13,303,1,0.0,0.0,0.0,0.0
R04,13,304,1,0.0,0.0,0.0,0.0
R04,13,305,1,0.0,0.0,0.0,0.0
R04,13,306,1,0.0,0.0,0.0,0.0
R04,13,307,1,0.0,0.0,0.0,0.0
R04,13,308,1,0.0,0.0,0.0,0.0
R04,13,309,1,0.0,0.0,0.0,0.0
R04,13,310,1,0.0,0.0,0.0,0.0
R04,13,311,1,0.0,0.0,0.0,0.0
R04,13,312,1,0.0,0.0,0.0,0.0
R04,13,313,1,0.0,0.0,0.0,0.0
R04,13,314,1,0.0,0.0,0.0,0.0
R04,13,315,1,0.0,0.0,0.0,0.0
R04,13,316,1,0.0,0.0,0.0,0.0
R04,13,317,1,0.0,0.0,0.0,0.0
R04,13,318,1,0.0,0.0,0.0,0.0
R04,13,319,1,0.0,0.0,0.0,0.0
R04,13,320,1,0.0,0.0,0.0,0.0
R04,13,321,1,0.0,0.0,0.0,0.0
R04,13,322,1,0.0,0.0,0.0,0.0
R04,13,323,1,0.0,0.0,0.0,0.0
R04,13,324,1,0.0,0.0,0.0,0.0
R04,13,325,1,0.0,0.0,0.0,0.0
R04,13,326,1,0.0,0.0,0.0,0.0
R04,13,327,1,0.0,0.0,0.0,0.0
R04,13,328,1,0.0,0.0,0.0,0.0
R04,13,329,1,0.0,0.0,0.0,0.0
R04,13,330,1,0.0,0.0,0.0,0.0
R04,13,331,1,0.0,0.0,0.0,0.0
R04,13,332,1,0.0,0.0,0.0,0.0
R04,13,333,1,0.0,0.0,0.0,0.0
R04,13,334,1,0.0,0.0,0.0,0.0
R04,13,335,1,0.0,0.0,0.0,0.0
R04,13,336,1,0.0,0.0,0.0,0.0
R04,13,337,1,0.0,0.0,0.0,0.0
R04,13,338,1,0.0,0.0,0.0,0.0
R04,13,339,1,0.0,0.0,0.0,0.0
R04,13,340,1,0.0,0.0,0.0,0.0
R04,13,341,1,0.0,0.0,0.0,0.0
R04,13,342,1,0.0,0.0,0.0,0.0
R04,13,343,1,0.0,0.0,0.0,0.0
R04,13,344,1,0.0,0.0,0.0,0.0
R04,13,345,1,0.0,0.0,0.0,0.0
R04,13,346,1,0.0,0.0,0.0,0.0
R04,13,347,1,0.0,0.0,0.0,0.0
R04,13,348,1,0.0,0.0,0.0,0.0
R04,13,349,1,0.0,0.0,0.0,0.0
R04,13,350,1,0.0,0.0,0.0,0.0
R04,13,351,1,0.0,0.0,0.0,0.0
R04,13,352,1,0.0,0.0,0.0,0.0
R04,13,353,1,0.0,0.0,0.0,0.0
R04,13,354,1,0.0,0.0,0.0,0.0
R04,13,355,1,0.0,0.0,0.0,0.0
R04,13,356,1,0.0,0.0,0.0,0.0
R04,13,357,1,0.0,0.0,0.0,0.0
R04,13,358,1,0.0,0.0,0.0,0.0
R04,13,359,1,0.0,0.0,0.0,0.0
R04,13,360,1,0.0,0.0,0.0,0.0
R04,13,361,1,0.0,0.0,0.0,0.0
R04,13,362,1,0.0,0.0,0.0,0.0
R04,13,363,1,0.0,0.0,0.0,0.0
R04,13,364,1,0.0,0.0,0.0,0.0
R04,13,365,1,0.0,0.0,0.0,0.0
R04,13,366,1,0.0,0.0,0.0,0.0
R04,13,367,1,0.0,0.0,0.0,0.0
R04,13,368,1,0.0,0.0,0.0,0.0
R04,13,369,1,0.0,0.0,0.0,0.0
R04,13,370,1,0.0,0.0,0.0,0.0
R04,13,371,1,0.0,0.0,0.0,0.0
R04,13,372,1,0.0,0.0,0.0,0.0
R04,13,373,1,0.0,0.0,0.0,0.0
R04,13,374,1,0.0,0.0,0.0,0.0
R04,13,375,1,0.0,0.0,0.0,0.0
R04,13,376,1,0.0,0.0,0.0,0.0
R04,13,377,1,0.0,0.0,0.0,0.0
R04,13,378,1,0.0,0.0,0.0,0.0
R04,13,379,1,0.0,0.0,0.0,0.0
R04,13,380,1,0.0,0.0,0.0,0.0
R04,13,381,1,0.0,0.0,0.0,0.0
R04,13,382,1,0.0,0.0,0.0,0.0
R04,13,383,1,0.0,0.0,0.0,0.0
R04,13,384,1,0.0,0.0,0.0,0.0
R04,13,385,1,0.0,0.0,0.0,0.0
R04,13,386,1,0.0,0.0,0.0,0.0
R04,13,387,1,0.0,0.0,0.0,0.0
R04,13,388,1,0.0,0.0,0.0,0.0
R04,13,389,1,0.0,0.0,0.0,0.0
R04,13,390,1,0.0,0.0,0.0,0.0
R04,13,391,1,0.0,0.0,0.0,0.0
R04,13,392,1,0.0,0.0,0.0,0.0
R04,13,393,1,0.0,0.0,0.0,0.0
R04,13,394,1,0.0,0.0,0.0,0.0
R04,13,395,1,0.0,0.0,0.0,0.0
R04,13,396,1,0.0,0.0,0.0,0.0
R04,13,397,1,0.0,0.0,0.0,0.0
R04,13,398,1,0.0,0.0,0.0,0.0
R04,13,399,1,0.0,0.0,0.0,0.0
R04,13,400,1,0.0,0.0,0.0,0.0
R04,13,401,1,0.0,0.0,0.0,0.0
R04,13,402,1,0.0,0.0,0.0,0.0
R04,13,403,1,0.0,0.0,0.0,0.0
R04,13,404,1,0.0,0.0,0.0,0.0
R04,13,405,1,0.0,0.0,0.0,0.0
R04,13,406,1,0.0,0.0,0.0,0.0
R04,13,407,1,0.0,0.0,0.0,0.0
R04,13,408,1,0.0,0.0,0.0,0.0
R04,13,409,1,0.0,0.0,0.0,0.0
R04,13,410,1,0.0,0.0,0.0,0.0
R04,13,411,1,0.0,0.0,0.0,0.0
R04,13,412,1,0.0,0.0,0.0,0.0
R04,13,413,1,0.0,0.0,0.0,0.0
R04,13,414,1,0.0,0.0,0.0,0.0
R04,13,415,1,0.0,0.0,0.0,0.0
R04,13,416,1,0.0,0.0,0.0,0.0
R04,13,417,1,0.0,0.0,0.0,0.0
R04,13,418,1,0.0,0.0,0.0,0.0
R04,13,419,1,0.0,0.0,0.0,0.0
R04,13,420,1,0.0,0.0,0.0,0.0
R04,13,421,1,0.0,0.0,0.0,0.0
R04,13,422,1,0.0,0.0,0.0,0.0
R04,13,423,1,0.0,0.0,0.0,0.0
R04,13,424,1,0.0,0.0,0.0,0.0
R04,13,425,1,0.0,0.0,0.0,0.0
R04,13,426,1,0.0,0.0,0.0,0.0
R04,13,427,1,0.0,0.0,0.0,0.0
R04,13,428,1,0.0,0.0,0.0,0.0
R04,13,429,1,0.0,0.0,0.0,0.0
R04,13,430,1,0.0,0.0,0.0,0.0
R04,13,431,1,0.0,0.0,0.0,0.0
R04,13,432,1,0.0,0.0,0.0,0.0
R04,13,433,1,0.0,0.0,0.0,0.0
R04,13,434,1,0.0,0.0,0.0,0.0
R04,13,435,1,0.0,0.0,0.0,0.0
R04,13,436,1,0.0,0.0,0.0,0.0
R04,13,437,1,0.0,0.0,0.0,0.0
R04,13,438,1,0.0,0.0,0.0,0.0
R04,13,439,1,0.0,0.0,0.0,0.0
R04,13,440,1,0.0,0.0,0.0,0.0
R04,13,441,1,0.0,0.0,0.0,0.0
R04,13,442,1,0.0,0.0,0.0,0.0
R04,13,443,1,0.0,0.0,0.0,0.0
R04,13,444,1,0.0,0.0,0.0,0.0
R04,13,445,1,0.0,0.0,0.0,0.0
R04,13,446,1,0.0,0.0,0.0,0.0
R04,13,447,1,0.0,0.0,0.0,0.0
R04,13,448,1,0.0,0.0,0.0,0.0
R04,13,449,1,0.0,0.0,0.0,0.0
R04,13,450,1,0.0,0.0,0.0,0.0
R04,13,451,1,0.0,0.0,0.0,0.0
R04,13,452,1,0.0,0.0,0.0,0.0
R04,13,453,1,0.0,0.0,0.0,0.0
R04,13,454,1,0.0,0.0,0.0,0.0
R04,13,455,1,0.0,0.0,0.0,0.0
R04,13,456,1,0.0,0.0,0.0,0.0
R04,13,457,1,0.0,0.0,0.0,0.0
R04,13,458,1,0.0,0.0,0.0,0.0
R04,13,459,1,0.0,0.0,0.0,0.0
R04,13,460,1,0.0,0.0,0.0,0.0
R04,13,461,1,0.0,0.0,0.0,0.0
R04,13,462,1,0.0,0.0,0.0,0.0
R04,13,463,1,0.0,0.0,0.0,0.0
R04,14,0,0,0.0,0.0,0.0,0.0
R04,14,1,0,0.0,0.0,0.0,0.0
R04,14,2,0,0.0,0.0,0.0,0.0
R04,14,3,0,0.0,0.0,0.0,0.0
R04,14,4,0,0.0,0.0,0.0,0.0
R04,14,5,0,0.0,0.0,0.0,0.0
R04,14,6,0,0.0,0.0,0.0,0.0
R04,14,7,0,0.0,0.0,0.0,0.0
R04,14,8,0,0.0,0.0,0.0,0.0
R04,14,9,0,0.0,0.0,0.0,0.0
R04,14,10,0,0.0,0.0,0.0,0.0
R04,14,11,0,0.0,0.0,0.0,0.0
R04,14,12,0,0.0,0.0,0.0,0.0
R04,14,13,0,0.0,0.0,0.0,0.0
R04,14,14,0,0.0,0.0,0.0,0.0
R04,14,15,0,0.0,0.0,0.0,0.0
R04,14,16,0,0.0,0.0,0.0,0.0
R04,14,17,0,0.0,0.0,0.0,0.0
R04,14,18,0,0.0,0.0,0.0,0.0
R04,14,19,0,0.0,0.0,0.0,0.0
R04,14,20,0,0.0,0.0,0.0,0.0
R04,14,21,0,0.0,0.0,0.0,0.0
R04,14,22,0,0.0,0.0,0.0,0.0
R04,14,23,0,0.0,0.0,0.0,0.0
R04,14,24,0,0.0,0.0,0.0,0.0
R04,14,25,0,0.0,0.0,0.0,0.0
R04,14,26,0,0.0,0.0,0.0,0.0
R04,14,27,0,0.0,0.0,0.0,0.0
R04,14,28,0,0.0,0.0,0.0,0.0
R04,14,29,0,0.0,0.0,0.0,0.0
R04,14,30,0,0.0,0.0,0.0,0.0
R04,14,31,0,0.0,0.0,0.0,0.0
R04,14,32,0,0.0,0.0,0.0,0.0
R04,14,33,0,0.0,0.0,0.0,0.0
R04,14,34,0,0.0,0.0,0.0,0.0
R04,14,35,0,0.0,0.0,0.0,0.0
R04,14,36,0,0.0,0.0,0.0,0.0
R04,14,37,0,0.0,0.0,0.0,0.0
R04,14,38,0,0.0,0.0,0.0,0.0
R04,14,39,0,0.0,0.0,0.0,0.0
R04,14,40,0,0.0,0.0,0.0,0.0
R04,14,41,0,0.0,0.0,0.0,0.0
R04,14,42,0,0.0,0.0,0.0,0.0
R04,14,43,0,0.0,0.0,0.0,0.0
R04,14,44,0,0.0,0.0,0.0,0.0
R04,14,45,0,0.0,0.0,0.0,0.0
R04,14,46,0,0.0,0.0,0.0,0.0
R04,14,47,0,0.0,0.0,0.0,0.0
R04,14,48,0,0.0,0.0,0.0,0.0
R04,14,49,0,0.0,0.0,0.0,0.0
R04,14,50,0,0.0,0.0,0.0,0.0
R04,14,51,0,0.0,0.0,0.0,0.0
R04,14,52,0,0.0,0.0,0.0,0.0
R04,14,53,0,0.0,0.0,0.0,0.0
R04,14,54,0,0.0,0.0,0.0,0.0
R04,14,55,0,0.0,0.0,0.0,0.0
R04,14,56,0,0.0,0.0,0.0,0.0
R04,14,57,0,0.0,0.0,0.0,0.0
R04,14,58,0,0.0,0.0,0.0,0.0
R04,14,59,0,0.0,0.0,0.0,0.0
R04,14,60,0,0.0,0.0,0.0,0.0
R04,14,61,0,0.0,0.0,0.0,0.0
R04,14,62,0,0.0,0.0,0.0,0.0
R04,14,63,0,0.0,0.0,0.0,0.0
R04,14,64,0,0.0,0.0,0.0,0.0
R04,14,65,1,0.0,0.0,0.0,0.0
R04,14,66,1,0.0,0.0,0.0,0.0
R04,14,67,1,0.0,0.0,0.0,0.0
R04,14,68,1,0.0,0.0,0.0,0.0
R04,14,69,1,0.0,0.0,0.0,0.0
R04,14,70,1,0.0,0.0,0.0,0.0
R04,14,71,1,0.0,0.0,0.0,0.0
R04,14,72,1,0.0,0.0,0.0,0.0
R04,14,73,1,0.0,0.0,0.0,0.0
R04,14,74,1,0.0,0.0,0.0,0.0
R04,14,75,1,0.0,0.0,0.0,0.0
R04,14,76,1,0.0,0.0,0.0,0.0
R04,14,77,1,0.0,0.0,0.0,0.0
R04,14,78,1,0.0,0.0,0.0,0.0
R04,14,79,1,0.0,0.0,0.0,0.0
R04,14,80,1,0.0,0.0,0.0,0.0
R04,14,81,1,0.0,0.0,0.0,0.0
R04,14,82,1,0.0,0.0,0.0,0.0
R04,14,83,1,0.0,0.0,0.0,0.0
R04,14,84,1,0.0,0.0,0.0,0.0
R04,14,85,1,0.0,0.0,0.0,0.0
R04,14,86,1,0.0,0.0,0.0,0.0
R04,14,87,1,0.0,0.0,0.0,0.0
R04,14,88,1,0.0,0.0,0.0,0.0
R04,14,89,1,0.0,0.0,0.0,0.0
R04,14,90,1,0.0,0.0,0.0,0.0
R04,14,91,1,0.0,0.0,0.0,0.0
R04,14,92,1,0.0,0.0,0.0,0.0
R04,14,93,1,0.0,0.0,0.0,0.0
R04,14,94,1,0.0,0.0,0.0,0.0
R04,14,95,1,0.0,0.0,0.0,0.0
R04,14,96,1,0.0,0.0,0.0,0.0
R04,14,97,1,0.0,0.0,0.0,0.0
R04,14,98,1,0.0,0.0,0.0,0.0
R04,14,99,1,0.0,0.0,0.0,0.0
R04,14,100,1,0.0,0.0,0.0,0.0
R04,14,101,1,0.0,0.0,0.0,0.0
R04,14,102,1,0.0,0.0,0.0,0.0
R04,14,103,1,0.0,0.0,0.0,0.0
R04,14,104,1,0.0,0.0,0.0,0.0
R04,14,105,1,0.0,0.0,0.0,0.0
R04,14,106,1,0.0,0.0,0.0,0.0
R04,14,107,1,0.0,0.0,0.0,0.0
R04,14,108,1,0.0,0.0,0.0,0.0
R04,14,109,1,0.0,0.0,0.0,0.0
R04,14,110,1,0.0,0.0,0.0,0.0
R04,14,111,1,0.0,0.0,0.0,0.0
R04,14,112,1,0.0,0.0,0.0,0.0
R04,14,113,1,0.0,0.0,0.0,0.0
R04,14,114,1,0.0,0.0,0.0,0.0
R04,14,115,1,0.0,0.0,0.0,0.0
R04,14,116,1,0.0,0.0,0.0,0.0
R04,14,117,1,0.0,0.0,0.0,0.0
R04,14,118,1,0.0,0.0,0.0,0.0
R04,14,119,1,0.0,0.0,0.0,0.0
R04,14,120,1,0.0,0.0,0.0,0.0
R04,14,121,1,0.0,0.0,0.0,0.0
R04,14,122,1,0.0,0.0,0.0,0.0
R04,14,123,1,0.0,0.0,0.0,0.0
R04,14,124,1,0.0,0.0,0.0,0.0
R04,14,125,1,0.0,0.0,0.0,0.0
R04,14,126,1,0.0,0.0,0.0,0.0
R04,14,127,1,0.0,0.0,0.0,0.0
R04,14,128,1,0.0,0.0,0.0,0.0
R04,14,129,1,0.0,0.0,0.0,0.0
R04,14,130,1,0.0,0.0,0.0,0.0
R04,14,131,1,0.0,0.0,0.0,0.0
R04,14,132,1,0.0,0.0,0.0,0.0
R04,14,133,1,0.0,0.0,0.0,0.0
R04,14,134,1,0.0,0.0,0.0,0.0
R04,14,135,1,0.0,0.0,0.0,0.0
R04,14,136,1,0.0,0.0,0.0,0.0
R04,14,137,1,0.0,0.0,0.0,0.0
R04,14,138,1,0.0,0.0,0.0,0.0
R04,14,139,1,0.0,0.0,0.0,0.0
R04,14,140,1,0.0,0.0,0.0,0.0
R04,14,141,1,0.0,0.0,0.0,0.0
R04,14,142,1,0.0,0.0,0.0,0.0
R04,14,143,1,0.0,0.0,0.0,0.0
R04,14,144,1,0.0,0.0,0.0,0.0
R04,14,145,1,0.0,0.0,0.0,0.0
R04,14,146,1,0.0,0.0,0.0,0.0
R04,14,147,1,0.0,0.0,0.0,0.0
R04,14,148,1,0.0,0.0,0.0,0.0
R04,14,149,1,0.0,0.0,0.0,0.0
R04,14,150,1,0.0,0.0,0.0,0.0
R04,14,151,1,0.0,0.0,0.0,0.0
R04,14,152,1,0.0,0.0,0.0,0.0
R04,14,153,1,0.0,0.0,0.0,0.0
R04,14,154,1,0.0,0.0,0.0,0.0
R04,14,155,1,0.0,0.0,0.0,0.0
R04,14,156,1,0.0,0.0,0.0,0.0
R04,14,157,1,0.0,0.0,0.0,0.0
R04,14,158,1,0.0,0.0,0.0,0.0
R04,14,159,1,0.0,0.0,0.0,0.0
R04,14,160,1,0.0,0.0,0.0,0.0
R04,14,161,1,0.0,0.0,0.0,0.0
R04,14,162,1,0.0,0.0,0.0,0.0
R04,14,163,1,0.0,0.0,0.0,0.0
R04,14,164,1,0.0,0.0,0.0,0.0
R04,14,165,1,0.0,0.0,0.0,0.0
R04,14,166,1,0.0,0.0,0.0,0.0
R04,14,167,1,0.0,0.0,0.0,0.0
R04,14,168,1,0.0,0.0,0.0,0.0
R04,14,169,1,0.0,0.0,0.0,0.0
R04,14,170,1,0.0,0.0,0.0,0.0
R04,14,171,1,0.0,0.0,0.0,0.0
R04,14,172,1,0.0,0.0,0.0,0.0
R04,14,173,1,0.0,0.0,0.0,0.0
R04,14,174,1,0.0,0.0,0.0,0.0
R04,14,175,1,0.0,0.0,0.0,0.0
R04,14,176,1,0.0,0.0,0.0,0.0
R04,14,177,1,0.0,0.0,0.0,0.0
R04,14,178,1,0.0,0.0,0.0,0.0
R04,14,179,1,0.0,0.0,0.0,0.0
R04,14,180,1,0.0,0.0,0.0,0.0
R04,14,181,1,0.0,0.0,0.0,0.0
R04,14,182,1,0.0,0.0,0.0,0.0
R04,14,183,1,0.0,0.0,0.0,0.0
R04,14,184,1,0.0,0.0,0.0,0.0
R04,14,185,1,0.0,0.0,0.0,0.0
R04,14,186,1,0.0,0.0,0.0,0.0
R04,14,187,1,0.0,0.0,0.0,0.0
R04,14,188,1,0.0,0.0,0.0,0.0
R04,14,189,1,0.0,0.0,0.0,0.0
R04,14,190,1,0.0,0.0,0.0,0.0
R04,14,191,1,0.0,0.0,0.0,0.0
R04,14,192,1,0.0,0.0,0.0,0.0
R04,14,193,1,0.0,0.0,0.0,0.0
R04,14,194,1,0.0,0.0,0.0,0.0
R04,14,195,1,0.0,0.0,0.0,0.0
R04,14,196,1,0.0,0.0,0.0,0.0
R04,14,197,1,0.0,0.0,0.0,0.0
R04,14,198,1,0.0,0.0,0.0,0.0
R04,14,199,1,0.0,0.0,0.0,0.0
R04,14,200,1,0.0,0.0,0.0,0.0
R04,14,201,1,0.0,0.0,0.0,0.0
R04,14,202,1,0.0,0.0,0.0,0.0
R04,14,203,1,0.0,0.0,0.0,0.0
R04,14,204,1,0.0,0.0,0.0,0.0
R04,14,205,1,0.0,0.0,0.0,0.0
R04,14,206,1,0.0,0.0,0.0,0.0
R04,14,207,1,0.0,0.0,0.0,0.0
R04,14,208,1,0.0,0.0,0.0,0.0
R04,14,209,1,0.0,0.0,0.0,0.0
R04,14,210,1,0.0,0.0,0.0,0.0
R04,14,211,1,0.0,0.0,0.0,0.0
R04,14,212,1,0.0,0.0,0.0,0.0
R04,14,213,1,0.0,0.0,0.0,0.0
R04,14,214,1,0.0,0.0,0.0,0.0
R04,14,215,1,0.0,0.0,0.0,0.0
R04,14,216,1,0.0,0.0,0.0,0.0
R04,14,217,1,0.0,0.0,0.0,0.0
R04,14,218,1,0.0,0.0,0.0,0.0
R04,14,219,1,0.0,0.0,0.0,0.0
R04,14,220,1,0.0,0.0,0.0,0.0
R04,14,221,1,0.0,0.0,0.0,0.0
R04,14,222,1,0.0,0.0,0.0,0.0
R04,14,223,1,0.0,0.0,0.0,0.0
R04,14,224,1,0.0,0.0,0.0,0.0
R04,14,225,1,0.0,0.0,0.0,0.0
R04,14,226,1,0.0,0.0,0.0,0.0
R04,14,227,1,0.0,0.0,0.0,0.0
R04,14,228,1,0.0,0.0,0.0,0.0
R04,14,229,1,0.0,0.0,0.0,0.0
R04,14,230,1,0.0,0.0,0.0,0.0
R04,14,231,1,0.0,0.0,0.0,0.0
R04,14,232,1,0.0,0.0,0.0,0.0
R04,14,233,1,0.0,0.0,0.0,0.0
R04,14,234,1,0.0,0.0,0.0,0.0
R04,14,235,1,0.0,0.0,0.0,0.0
R04,14,236,1,0.0,0.0,0.0,0.0
R04,14,237,1,0.0,0.0,0.0,0.0
R04,14,238,1,0.0,0.0,0.0,0.0
R04,14,239,1,0.0,0.0,0.0,0.0
R04,14,240,1,0.0,0.0,0.0,0.0
R04,14,241,1,0.0,0.0,0.0,0.0
R04,14,242,1,0.0,0.0,0.0,0.0
R04,14,243,1,0.0,0.0,0.0,0.0
R04,14,244,1,0.0,0.0,0.0,0.0
R04,14,245,1,0.0,0.0,0.0,0.0
R04,14,246,1,0.0,0.0,0.0,0.0
R04,14,247,1,0.0,0.0,0.0,0.0
R04,14,248,1,0.0,0.0,0.0,0.0
R04,14,249,1,0.0,0.0,0.0,0.0
R04,14,250,1,0.0,0.0,0.0,0.0
R04,14,251,1,0.0,0.0,0.0,0.0
R04,14,252,1,0.0,0.0,0.0,0.0
R04,14,253,1,0.0,0.0,0.0,0.0
R04,14,254,1,0.0,0.0,0.0,0.0
R04,14,255,1,0.0,0.0,0.0,0.0
R04,14,256,1,0.0,0.0,0.0,0.0
R04,14,257,1,0.0,0.0,0.0,0.0
R04,14,258,1,0.0,0.0,0.0,0.0
R04,14,259,1,0.0,0.0,0.0,0.0
R04,14,260,1,0.0,0.0,0.0,0.0
R04,14,261,1,0.0,0.0,0.0,0.0
R04,14,262,1,0.0,0.0,0.0,0.0
R04,14,263,1,0.0,0.0,0.0,0.0
R04,14,264,1,0.0,0.0,0.0,0.0
R04,14,265,1,0.0,0.0,0.0,0.0
R04,14,266,1,0.0,0.0,0.0,0.0
R04,14,267,1,0.0,0.0,0.0,0.0
R04,14,268,1,0.0,0.0,0.0,0.0
R04,14,269,1,0.0,0.0,0.0,0.0
R04,14,270,1,0.0,0.0,0.0,0.0
R04,14,271,1,0.0,0.0,0.0,0.0
R04,14,272,1,0.0,0.0,0.0,0.0
R04,14,273,1,0.0,0.0,0.0,0.0
R04,14,274,1,0.0,0.0,0.0,0.0
R04,14,275,1,0.0,0.0,0.0,0.0
R04,14,276,1,0.0,0.0,0.0,0.0
R04,14,277,1,0.0,0.0,0.0,0.0
R04,14,278,1,0.0,0.0,0.0,0.0
R04,14,279,1,0.0,0.0,0.0,0.0
R04,14,280,1,0.0,0.0,0.0,0.0
R04,14,281,1,0.0,0.0,0.0,0.0
R04,14,282,1,0.0,0.0,0.0,0.0
R04,14,283,1,0.0,0.0,0.0,0.0
R04,14,284,1,0.0,0.0,0.0,0.0
R04,14,285,1,0.0,0.0,0.0,0.0
R04,14,286,1,0.0,0.0,0.0,0.0
R04,14,287,1,0.0,0.0,0.0,0.0
R04,14,288,1,0.0,0.0,0.0,0.0
R04,14,289,1,0.0,0.0,0.0,0.0
R04,14,290,1,0.0,0.0,0.0,0.0
R04,14,291,1,0.0,0.0,0.0,0.0
R04,14,292,1,0.0,0.0,0.0,0.0
R04,14,293,1,0.0,0.0,0.0,0.0
R04,14,294,1,0.0,0.0,0.0,0.0
R04,14,295,1,0.0,0.0,0.0,0.0
R04,14,296,1,0.0,0.0,0.0,0.0
R04,14,297,1,0.0,0.0,0.0,0.0
R04,14,298,1,0.0,0.0,0.0,0.0
R04,14,299,1,0.0,0.0,0.0,0.0
R04,14,300,1,0.0,0.0,0.0,0.0
R04,14,301,1,0.0,0.0,0.0,0.0
R04,14,302,1,0.0,0.0,0.0,0.0
R04,14,303,1,0.0,0.0,0.0,0.0
R04,14,304,1,0.0,0.0,0.0,0.0
R04,14,305,1,0.0,0.0,0.0,0.0
R04,14,306,1,0.0,0.0,0.0,0.0
R04,14,307,1,0.0,0.0,0.0,0.0
R04,14,308,1,0.0,0.0,0.0,0.0
R04,14,309,1,0.0,0.0,0.0,0.0
R04,14,310,1,0.0,0.0,0.0,0.0
R04,14,311,1,0.0,0.0,0.0,0.0
R04,14,312,1,0.0,0.0,0.0,0.0
R04,14,313,1,0.0,0.0,0.0,0.0
R04,14,314,1,0.0,0.0,0.0,0.0
R04,14,315,1,0.0,0.0,0.0,0.0
R04,14,316,1,0.0,0.0,0.0,0.0
R04,14,317,1,0.0,0.0,0.0,0.0
R04,14,318,1,0.0,0.0,0.0,0.0
R04,14,319,1,0.0,0.0,0.0,0.0
R04,14,320,1,0.0,0.0,0.0,0.0
R04,14,321,1,0.0,0.0,0.0,0.0
R04,14,322,1,0.0,0.0,0.0,0.0
R04,14,323,1,0.0,0.0,0.0,0.0
R04,14,324,1,0.0,0.0,0.0,0.0
R04,14,325,1,0.0,0.0,0.0,0.0
R04,14,326,1,0.0,0.0,0.0,0.0
R04,14,327,1,0.0,0.0,0.0,0.0
R04,14,328,1,0.0,0.0,0.0,0.0
R04,14,329,1,0.0,0.0,0.0,0.0
R04,14,330,1,0.0,0.0,0.0,0.0
R04,14,331,1,0.0,0.0,0.0,0.0
R04,14,332,1,0.0,0.0,0.0,0.0
R04,14,333,1,0.0,0.0,0.0,0.0
R04,14,334,1,0.0,0.0,0.0,0.0
R04,14,335,1,0.0,0.0,0.0,0.0
R04,14,336,1,0.0,0.0,0.0,0.0
R04,14,337,1,0.0,0.0,0.0,0.0
R04,14,338,1,0.0,0.0,0.0,0.0
R04,14,339,1,0.0,0.0,0.0,0.0
R04,14,340,1,0.0,0.0,0.0,0.0
R04,14,341,1,0.0,0.0,0.0,0.0
R04,14,342,1,0.0,0.0,0.0,0.0
R04,14,343,1,0.0,0.0,0.0,0.0
R04,14,344,1,0.0,0.0,0.0,0.0
R04,14,345,1,0.0,0.0,0.0,0.0
R04,14,346,1,0.0,0.0,0.0,0.0
R04,14,347,1,0.0,0.0,0.0,0.0
R04,14,348,1,0.0,0.0,0.0,0.0
R04,14,349,1,0.0,0.0,0.0,0.0
R04,14,350,1,0.0,0.0,0.0,0.0
R04,14,351,1,0.0,0.0,0.0,0.0
R04,14,352,1,0.0,0.0,0.0,0.0
R04,14,353,1,0.0,0.0,0.0,0.0
R04,14,354,1,0.0,0.0,0.0,0.0
R04,14,355,1,0.0,0.0,0.0,0.0
R04,14,356,1,0.0,0.0,0.0,0.0
R04,14,357,1,0.0,0.0,0.0,0.0
R04,14,358,1,0.0,0.0,0.0,0.0
R04,14,359,1,0.0,0.0,0.0,0.0
R04,14,360,1,0.0,0.0,0.0,0.0
R04,14,361,1,0.0,0.0,0.0,0.0
R04,14,362,1,0.0,0.0,0.0,0.0
R04,14,363,1,0.0,0.0,0.0,0.0
R04,14,364,1,0.0,0.0,0.0,0.0
R04,14,365,1,0.0,0.0,0.0,0.0
R04,14,366,1,0.0,0.0,0.0,0.0
R04,14,367,1,0.0,0.0,0.0,0.0
R04,14,368,1,0.0,0.0,0.0,0.0
R04,14,369,1,0.0,0.0,0.0,0.0
R04,14,370,1,0.0,0.0,0.0,0.0
R04,14,371,1,0.0,0.0,0.0,0.0
R04,14,372,1,0.0,0.0,0.0,0.0
R04,14,373,1,0.0,0.0,0.0,0.0
R04,14,374,1,0.0,0.0,0.0,0.0
R04,14,375,1,0.0,0.0,0.0,0.0
R04,14,376,1,0.0,0.0,0.0,0.0
R04,14,377,1,0.0,0.0,0.0,0.0
R04,14,378,1,0.0,0.0,0.0,0.0
R04,14,379,1,0.0,0.0,0.0,0.0
R04,14,380,1,0.0,0.0,0.0,0.0
R04,14,381,1,0.0,0.0,0.0,0.0
R04,14,382,1,0.0,0.0,0.0,0.0
R04,14,383,1,0.0,0.0,0.0,0.0
R04,14,384,1,0.0,0.0,0.0,0.0
R04,15,0,0,0.0,0.0,0.0,0.0
R04,15,1,0,0.0,0.0,0.0,0.0
R04,15,2,0,0.0,0.0,0.0,0.0
R04,15,3,0,0.0,0.0,0.0,0.0
R04,15,4,0,0.0,0.0,0.0,0.0
R04,15,5,0,0.0,0.0,0.0,0.0
R04,15,6,0,0.0,0.0,0.0,0.0
R04,15,7,0,0.0,0.0,0.0,0.0
R04,15,8,0,0.0,0.0,0.0,0.0
R04,15,9,0,0.0,0.0,0.0,0.0
R04,15,10,0,0.0,0.0,0.0,0.0
R04,15,11,0,0.0,0.0,0.0,0.0
R04,15,12,0,0.0,0.0,0.0,0.0
R04,15,13,0,0.0,0.0,0.0,0.0
R04,15,14,0,0.0,0.0,0.0,0.0
R04,15,15,0,0.0,0.0,0.0,0.0
R04,15,16,0,0.0,0.0,0.0,0.0
R04,15,17,0,0.0,0.0,0.0,0.0
R04,15,18,0,0.0,0.0,0.0,0.0
R04,15,19,0,0.0,0.0,0.0,0.0
R04,15,20,0,0.0,0.0,0.0,0.0
R04,15,21,0,0.0,0.0,0.0,0.0
R04,15,22,0,0.0,0.0,0.0,0.0
R04,15,23,0,0.0,0.0,0.0,0.0
R04,15,24,0,0.0,0.0,0.0,0.0
R04,15,25,0,0.0,0.0,0.0,0.0
R04,15,26,0,0.0,0.0,0.0,0.0
R04,15,27,0,0.0,0.0,0.0,0.0
R04,15,28,0,0.0,0.0,0.0,0.0
R04,15,29,0,0.0,0.0,0.0,0.0
R04,15,30,0,0.0,0.0,0.0,0.0
R04,15,31,0,0.0,0.0,0.0,0.0
R04,15,32,0,0.0,0.0,0.0,0.0
R04,15,33,0,0.0,0.0,0.0,0.0
R04,15,34,0,0.0,0.0,0.0,0.0
R04,15,35,0,0.0,0.0,0.0,0.0
R04,15,36,0,0.0,0.0,0.0,0.0
R04,15,37,0,0.0,0.0,0.0,0.0
R04,15,38,0,0.0,0.0,0.0,0.0
R04,15,39,0,0.0,0.0,0.0,0.0
R04,15,40,0,0.0,0.0,0.0,0.0
R04,15,41,0,0.0,0.0,0.0,0.0
R04,15,42,0,0.0,0.0,0.0,0.0
R04,15,43,0,0.0,0.0,0.0,0.0
R04,15,44,0,0.0,0.0,0.0,0.0
R04,15,45,0,0.0,0.0,0.0,0.0
R04,15,46,0,0.0,0.0,0.0,0.0
R04,15,47,0,0.0,0.0,0.0,0.0
R04,15,48,0,0.0,0.0,0.0,0.0
R04,15,49,0,0.0,0.0,0.0,0.0
R04,15,50,0,0.0,0.0,0.0,0.0
R04,15,51,0,0.0,0.0,0.0,0.0
R04,15,52,0,0.0,0.0,0.0,0.0
R04,15,53,0,0.0,0.0,0.0,0.0
R04,15,54,1,0.0,0.0,0.0,0.0
R04,15,55,1,0.0,0.0,0.0,0.0
R04,15,56,1,0.0,0.0,0.0,0.0
R04,15,57,1,0.0,0.0,0.0,0.0
R04,15,58,1,0.0,0.0,0.0,0.0
R04,15,59,1,0.0,0.0,0.0,0.0
R04,15,60,1,0.0,0.0,0.0,0.0
R04,15,61,1,0.0,0.0,0.0,0.0
R04,15,62,1,0.0,0.0,0.0,0.0
R04,15,63,1,0.0,0.0,0.0,0.0
R04,15,64,1,0.0,0.0,0.0,0.0
R04,15,65,1,0.0,0.0,0.0,0.0
R04,15,66,1,0.0,0.0,0.0,0.0
R04,15,67,1,0.0,0.0,0.0,0.0
R04,15,68,1,0.0,0.0,0.0,0.0
R04,15,69,1,0.0,0.0,0.0,0.0
R04,15,70,1,0.0,0.0,0.0,0.0
R04,15,71,1,0.0,0.0,0.0,0.0
R04,15,72,1,0.0,0.0,0.0,0.0
R04,15,73,1,0.0,0.0,0.0,0.0
R04,15,74,1,0.0,0.0,0.0,0.0
R04,15,75,1,0.0,0.0,0.0,0.0
R04,15,76,1,0.0,0.0,0.0,0.0
R04,15,77,1,0.0,0.0,0.0,0.0
R04,15,78,1,0.0,0.0,0.0,0.0
R04,15,79,1,0.0,0.0,0.0,0.0
R04,15,80,1,0.0,0.0,0.0,0.0
R04,15,81,1,0.0,0.0,0.0,0.0
R04,15,82,1,0.0,0.0,0.0,0.0
R04,15,83,1,0.0,0.0,0.0,0.0
R04,15,84,1,0.0,0.0,0.0,0.0
R04,15,85,1,0.0,0.0,0.0,0.0
R04,15,86,1,0.0,0.0,0.0,0.0
R04,15,87,1,0.0,0.0,0.0,0.0
R04,15,88,1,0.0,0.0,0.0,0.0
R04,15,89,1,0.0,0.0,0.0,0.0
R04,15,90,1,0.0,0.0,0.0,0.0
R04,15,91,1,0.0,0.0,0.0,0.0
R04,15,92,1,0.0,0.0,0.0,0.0
R04,15,93,1,0.0,0.0,0.0,0.0
R04,15,94,1,0.0,0.0,0.0,0.0
R04,15,95,1,0.0,0.0,0.0,0.0
R04,15,96,1,0.0,0.0,0.0,0.0
R04,15,97,1,0.0,0.0,0.0,0.0
R04,15,98,1,0.0,0.0,0.0,0.0
R04,15,99,1,0.0,0.0,0.0,0.0
R04,15,100,1,0.0,0.0,0.0,0.0
R04,15,101,1,0.0,0.0,0.0,0.0
R04,15,102,1,0.0,0.0,0.0,0.0
R04,15,103,1,0.0,0.0,0.0,0.0
R04,15,104,1,0.0,0.0,0.0,0.0
R04,15,105,1,0.0,0.0,0.0,0.0
R04,15,106,1,0.0,0.0,0.0,0.0
R04,15,107,1,0.0,0.0,0.0,0.0
R04,15,108,1,0.0,0.0,0.0,0.0
R04,15,109,1,0.0,0.0,0.0,0.0
R04,15,110,1,0.0,0.0,0.0,0.0
R04,15,111,1,0.0,0.0,0.0,0.0
R04,15,112,1,0.0,0.0,0.0,0.0
R04,15,113,1,0.0,0.0,0.0,0.0
R04,15,114,1,0.0,0.0,0.0,0.0
R04,15,115,1,0.0,0.0,0.0,0.0
R04,15,116,1,0.0,0.0,0.0,0.0
R04,15,117,1,0.0,0.0,0.0,0.0
R04,15,118,1,0.0,0.0,0.0,0.0
R04,15,119,1,0.0,0.0,0.0,0.0
R04,15,120,1,0.0,0.0,0.0,0.0
R04,15,121,1,0.0,0.0,0.0,0.0
R04,15,122,1,0.0,0.0,0.0,0.0
R04,15,123,1,0.0,0.0,0.0,0.0
R04,15,124,1,0.0,0.0,0.0,0.0
R04,15,125,1,0.0,0.0,0.0,0.0
R04,15,126,1,0.0,0.0,0.0,0.0
R04,15,127,1,0.0,0.0,0.0,0.0
R04,15,128,1,0.0,0.0,0.0,0.0
R04,15,129,1,0.0,0.0,0.0,0.0
R04,15,130,1,0.0,0.0,0.0,0.0
R04,15,131,1,0.0,0.0,0.0,0.0
R04,15,132,1,0.0,0.0,0.0,0.0
R04,15,133,1,0.0,0.0,0.0,0.0
R04,15,134,1,0.0,0.0,0.0,0.0
R04,15,135,1,0.0,0.0,0.0,0.0
R04,15,136,1,0.0,0.0,0.0,0.0
R04,15,137,1,0.0,0.0,0.0,0.0
R04,15,138,1,0.0,0.0,0.0,0.0
R04,15,139,1,0.0,0.0,0.0,0.0
R04,15,140,1,0.0,0.0,0.0,0.0
R04,15,141,1,0.0,0.0,0.0,0.0
R04,15,142,1,0.0,0.0,0.0,0.0
R04,15,143,1,0.0,0.0,0.0,0.0
R04,15,144,1,0.0,0.0,0.0,0.0
R04,15,145,1,0.0,0.0,0.0,0.0
R04,15,146,1,0.0,0.0,0.0,0.0
R04,15,147,1,0.0,0.0,0.0,0.0
R04,15,148,1,0.0,0.0,0.0,0.0
R04,15,149,1,0.0,0.0,0.0,0.0
R04,15,150,1,0.0,0.0,0.0,0.0
R04,15,151,1,0.0,0.0,0.0,0.0
R04,15,152,1,0.0,0.0,0.0,0.0
R04,15,153,1,0.0,0.0,0.0,0.0
R04,15,154,1,0.0,0.0,0.0,0.0
R04,15,155,1,0.0,0.0,0.0,0.0
R04,15,156,1,0.0,0.0,0.0,0.0
R04,15,157,1,0.0,0.0,0.0,0.0
R04,15,158,1,0.0,0.0,0.0,0.0
R04,15,159,1,0.0,0.0,0.0,0.0
R04,15,160,1,0.0,0.0,0.0,0.0
R04,15,161,1,0.0,0.0,0.0,0.0
R04,15,162,1,0.0,0.0,0.0,0.0
R04,15,163,1,0.0,0.0,0.0,0.0
R04,15,164,1,0.0,0.0,0.0,0.0
R04,15,165,1,0.0,0.0,0.0,0.0
R04,15,166,1,0.0,0.0,0.0,0.0
R04,15,167,1,0.0,0.0,0.0,0.0
R04,15,168,1,0.0,0.0,0.0,0.0
R04,15,169,1,0.0,0.0,0.0,0.0
R04,15,170,1,0.0,0.0,0.0,0.0
R04,15,171,1,0.0,0.0,0.0,0.0
R04,15,172,1,0.0,0.0,0.0,0.0
R04,15,173,1,0.0,0.0,0.0,0.0
R04,15,174,1,0.0,0.0,0.0,0.0
R04,15,175,1,0.0,0.0,0.0,0.0
R04,15,176,1,0.0,0.0,0.0,0.0
R04,15,177,1,0.0,0.0,0.0,0.0
R04,15,178,1,0.0,0.0,0.0,0.0
R04,15,179,1,0.0,0.0,0.0,0.0
R04,15,180,1,0.0,0.0,0.0,0.0
R04,15,181,1,0.0,0.0,0.0,0.0
R04,15,182,1,0.0,0.0,0.0,0.0
R04,15,183,1,0.0,0.0,0.0,0.0
R04,15,184,1,0.0,0.0,0.0,0.0
R04,15,185,1,0.0,0.0,0.0,0.0
R04,15,186,1,0.0,0.0,0.0,0.0
R04,15,187,1,0.0,0.0,0.0,0.0
R04,15,188,1,0.0,0.0,0.0,0.0
R04,15,189,1,0.0,0.0,0.0,0.0
R04,15,190,1,0.0,0.0,0.0,0.0
R04,15,191,1,0.0,0.0,0.0,0.0
R04,15,192,1,0.0,0.0,0.0,0.0
R04,15,193,1,0.0,0.0,0.0,0.0
R04,15,194,1,0.0,0.0,0.0,0.0
R04,15,195,1,0.0,0.0,0.0,0.0
R04,15,196,1,0.0,0.0,0.0,0.0
R04,15,197,1,0.0,0.0,0.0,0.0
R04,15,198,1,0.0,0.0,0.0,0.0
R04,15,199,1,0.0,0.0,0.0,0.0
R04,15,200,1,0.0,0.0,0.0,0.0
R04,15,201,1,0.0,0.0,0.0,0.0
R04,15,202,1,0.0,0.0,0.0,0.0
R04,15,203,1,0.0,0.0,0.0,0.0
R04,15,204,1,0.0,0.0,0.0,0.0
R04,15,205,1,0.0,0.0,0.0,0.0
R04,15,206,1,0.0,0.0,0.0,0.0
R04,15,207,1,0.0,0.0,0.0,0.0
R04,15,208,1,0.0,0.0,0.0,0.0
R04,15,209,1,0.0,0.0,0.0,0.0
R04,15,210,1,0.0,0.0,0.0,0.0
R04,15,211,1,0.0,0.0,0.0,0.0
R04,15,212,1,0.0,0.0,0.0,0.0
R04,15,213,1,0.0,0.0,0.0,0.0
R04,15,214,1,0.0,0.0,0.0,0.0
R04,15,215,1,0.0,0.0,0.0,0.0
R04,15,216,1,0.0,0.0,0.0,0.0
R04,15,217,1,0.0,0.0,0.0,0.0
R04,15,218,1,0.0,0.0,0.0,0.0
R04,15,219,1,0.0,0.0,0.0,0.0
R04,15,220,1,0.0,0.0,0.0,0.0
R04,15,221,1,0.0,0.0,0.0,0.0
R04,15,222,1,0.0,0.0,0.0,0.0
R04,15,223,1,0.0,0.0,0.0,0.0
R04,15,224,1,0.0,0.0,0.0,0.0
R04,15,225,1,0.0,0.0,0.0,0.0
R04,15,226,1,0.0,0.0,0.0,0.0
R04,15,227,1,0.0,0.0,0.0,0.0
R04,15,228,1,0.0,0.0,0.0,0.0
R04,15,229,1,0.0,0.0,0.0,0.0
R04,15,230,1,0.0,0.0,0.0,0.0
R04,15,231,1,0.0,0.0,0.0,0.0
R04,15,232,1,0.0,0.0,0.0,0.0
R04,15,233,1,0.0,0.0,0.0,0.0
R04,15,234,1,0.0,0.0,0.0,0.0
R04,15,235,1,0.0,0.0,0.0,0.0
R04,15,236,1,0.0,0.0,0.0,0.0
R04,15,237,1,0.0,0.0,0.0,0.0
R04,15,238,1,0.0,0.0,0.0,0.0
R04,15,239,1,0.0,0.0,0.0,0.0
R04,15,240,1,0.0,0.0,0.0,0.0
R04,15,241,1,0.0,0.0,0.0,0.0
R04,15,242,1,0.0,0.0,0.0,0.0
R04,15,243,1,0.0,0.0,0.0,0.0
R04,15,244,1,0.0,0.0,0.0,0.0
R04,15,245,1,0.0,0.0,0.0,0.0
R04,15,246,1,0.0,0.0,0.0,0.0
R04,15,247,1,0.0,0.0,0.0,0.0
R04,15,248,1,0.0,0.0,0.0,0.0
R04,15,249,1,0.0,0.0,0.0,0.0
R04,15,250,1,0.0,0.0,0.0,0.0
R04,15,251,1,0.0,0.0,0.0,0.0
R04,15,252,1,0.0,0.0,0.0,0.0
R04,15,253,1,0.0,0.0,0.0,0.0
R04,15,254,1,0.0,0.0,0.0,0.0
R04,15,255,1,0.0,0.0,0.0,0.0
R04,15,256,1,0.0,0.0,0.0,0.0
R04,15,257,1,0.0,0.0,0.0,0.0
R04,15,258,1,0.0,0.0,0.0,0.0
R04,15,259,1,0.0,0.0,0.0,0.0
R04,15,260,1,0.0,0.0,0.0,0.0
R04,15,261,1,0.0,0.0,0.0,0.0
R04,15,262,1,0.0,0.0,0.0,0.0
R04,15,263,1,0.0,0.0,0.0,0.0
R04,15,264,1,0.0,0.0,0.0,0.0
R04,15,265,1,0.0,0.0,0.0,0.0
R04,15,266,1,0.0,0.0,0.0,0.0
R04,15,267,1,0.0,0.0,0.0,0.0
R04,15,268,1,0.0,0.0,0.0,0.0
R04,15,269,1,0.0,0.0,0.0,0.0
R04,15,270,1,0.0,0.0,0.0,0.0
R04,15,271,1,0.0,0.0,0.0,0.0
R04,15,272,1,0.0,0.0,0.0,0.0
R04,15,273,1,0.0,0.0,0.0,0.0
R04,15,274,1,0.0,0.0,0.0,0.0
R04,15,275,1,0.0,0.0,0.0,0.0
R04,15,276,1,0.0,0.0,0.0,0.0
R04,15,277,1,0.0,0.0,0.0,0.0
R04,15,278,1,0.0,0.0,0.0,0.0
R04,15,279,1,0.0,0.0,0.0,0.0
R04,15,280,1,0.0,0.0,0.0,0.0
R04,15,281,1,0.0,0.0,0.0,0.0
R04,15,282,1,0.0,0.0,0.0,0.0
R04,15,283,1,0.0,0.0,0.0,0.0
R04,15,284,1,0.0,0.0,0.0,0.0
R04,15,285,1,0.0,0.0,0.0,0.0
R04,15,286,1,0.0,0.0,0.0,0.0
R04,15,287,1,0.0,0.0,0.0,0.0
R04,15,288,1,0.0,0.0,0.0,0.0
R04,15,289,1,0.0,0.0,0.0,0.0
R04,15,290,1,0.0,0.0,0.0,0.0
R04,15,291,1,0.0,0.0,0.0,0.0
R04,15,292,1,0.0,0.0,0.0,0.0
R04,15,293,1,0.0,0.0,0.0,0.0
R04,15,294,1,0.0,0.0,0.0,0.0
R04,15,295,1,0.0,0.0,0.0,0.0
R04,15,296,1,0.0,0.0,0.0,0.0
R04,15,297,1,0.0,0.0,0.0,0.0
R04,15,298,1,0.0,0.0,0.0,0.0
R04,15,299,1,0.0,0.0,0.0,0.0
R04,15,300,1,0.0,0.0,0.0,0.0
R04,15,301,1,0.0,0.0,0.0,0.0
R04,15,302,1,0.0,0.0,0.0,0.0
R04,15,303,1,0.0,0.0,0.0,0.0
R04,15,304,1,0.0,0.0,0.0,0.0
R04,15,305,1,0.0,0.0,0.0,0.0
R04,15,306,1,0.0,0.0,0.0,0.0
R04,15,307,1,0.0,0.0,0.0,0.0
R04,15,308,1,0.0,0.0,0.0,0.0
R04,15,309,1,0.0,0.0,0.0,0.0
R04,15,310,1,0.0,0.0,0.0,0.0
R04,15,311,1,0.0,0.0,0.0,0.0
R04,15,312,1,0.0,0.0,0.0,0.0
R04,15,313,1,0.0,0.0,0.0,0.0
R04,15,314,1,0.0,0.0,0.0,0.0
R04,15,315,1,0.0,0.0,0.0,0.0
R04,15,316,1,0.0,0.0,0.0,0.0
R04,15,317,1,0.0,0.0,0.0,0.0
R04,15,318,1,0.0,0.0,0.0,0.0
R04,15,319,1,0.0,0.0,0.0,0.0
R04,15,320,1,0.0,0.0,0.0,0.0
R04,15,321,1,0.0,0.0,0.0,0.0
R04,15,322,1,0.0,0.0,0.0,0.0
R04,15,323,1,0.0,0.0,0.0,0.0
R04,15,324,1,0.0,0.0,0.0,0.0
R04,15,325,1,0.0,0.0,0.0,0.0
R04,15,326,1,0.0,0.0,0.0,0.0
R04,15,327,1,0.0,0.0,0.0,0.0
R04,15,328,1,0.0,0.0,0.0,0.0
R04,15,329,1,0.0,0.0,0.0,0.0
R04,15,330,1,0.0,0.0,0.0,0.0
R04,15,331,1,0.0,0.0,0.0,0.0
R04,15,332,1,0.0,0.0,0.0,0.0
R04,15,333,1,0.0,0.0,0.0,0.0
R04,15,334,1,0.0,0.0,0.0,0.0
R04,15,335,1,0.0,0.0,0.0,0.0
R04,15,336,1,0.0,0.0,0.0,0.0
R04,15,337,1,0.0,0.0,0.0,0.0
R04,15,338,1,0.0,0.0,0.0,0.0
R04,15,339,1,0.0,0.0,0.0,0.0
R04,15,340,1,0.0,0.0,0.0,0.0
R04,15,341,1,0.0,0.0,0.0,0.0
R04,15,342,1,0.0,0.0,0.0,0.0
R04,15,343,1,0.0,0.0,0.0,0.0
R04,15,344,1,0.0,0.0,0.0,0.0
R04,15,345,1,0.0,0.0,0.0,0.0
R04,15,346,1,0.0,0.0,0.0,0.0
R04,15,347,1,0.0,0.0,0.0,0.0
R04,15,348,1,0.0,0.0,0.0,0.0
R04,15,349,1,0.0,0.0,0.0,0.0
R04,15,350,1,0.0,0.0,0.0,0.0
R04,15,351,1,0.0,0.0,0.0,0.0
R04,15,352,1,0.0,0.0,0.0,0.0
R04,15,353,1,0.0,0.0,0.0,0.0
R04,15,354,1,0.0,0.0,0.0,0.0
R04,15,355,1,0.0,0.0,0.0,0.0
R04,15,356,1,0.0,0.0,0.0,0.0
R04,15,357,1,0.0,0.0,0.0,0.0
R04,15,358,1,0.0,0.0,0.0,0.0
R04,15,359,1,0.0,0.0,0.0,0.0
R04,15,360,1,0.0,0.0,0.0,0.0
R04,15,361,1,0.0,0.0,0.0,0.0
R04,15,362,1,0.0,0.0,0.0,0.0
R04,15,363,1,0.0,0.0,0.0,0.0
R04,15,364,1,0.0,0.0,0.0,0.0
R04,15,365,1,0.0,0.0,0.0,0.0
R04,15,366,1,0.0,0.0,0.0,0.0
R04,15,367,1,0.0,0.0,0.0,0.0
R04,15,368,1,0.0,0.0,0.0,0.0
R04,15,369,1,0.0,0.0,0.0,0.0
R04,15,370,1,0.0,0.0,0.0,0.0
R04,15,371,1,0.0,0.0,0.0,0.0
R04,15,372,1,0.0,0.0,0.0,0.0
R04,15,373,1,0.0,0.0,0.0,0.0
R04,15,374,1,0.0,0.0,0.0,0.0
R04,15,375,1,0.0,0.0,0.0,0.0
R04,16,0,0,0.0,0.0,0.0,0.0
R04,16,1,0,0.0,0.0,0.0,0.0
R04,16,2,0,0.0,0.0,0.0,0.0
R04,16,3,0,0.0,0.0,0.0,0.0
R04,16,4,0,0.0,0.0,0.0,0.0
R04,16,5,0,0.0,0.0,0.0,0.0
R04,16,6,0,0.0,0.0,0.0,0.0
R04,16,7,0,0.0,0.0,0.0,0.0
R04,16,8,0,0.0,0.0,0.0,0.0
R04,16,9,0,0.0,0.0,0.0,0.0
R04,16,10,0,0.0,0.0,0.0,0.0
R04,16,11,0,0.0,0.0,0.0,0.0
R04,16,12,0,0.0,0.0,0.0,0.0
R04,16,13,0,0.0,0.0,0.0,0.0
R04,16,14,0,0.0,0.0,0.0,0.0
R04,16,15,0,0.0,0.0,0.0,0.0
R04,16,16,0,0.0,0.0,0.0,0.0
R04,16,17,0,0.0,0.0,0.0,0.0
R04,16,18,0,0.0,0.0,0.0,0.0
R04,16,19,0,0.0,0.0,0.0,0.0
R04,16,20,0,0.0,0.0,0.0,0.0
R04,16,21,0,0.0,0.0,0.0,0.0
R04,16,22,0,0.0,0.0,0.0,0.0
R04,16,23,0,0.0,0.0,0.0,0.0
R04,16,24,0,0.0,0.0,0.0,0.0
R04,16,25,0,0.0,0.0,0.0,0.0
R04,16,26,0,0.0,0.0,0.0,0.0
R04,16,27,0,0.0,0.0,0.0,0.0
R04,16,28,0,0.0,0.0,0.0,0.0
R04,16,29,0,0.0,0.0,0.0,0.0
R04,16,30,0,0.0,0.0,0.0,0.0
R04,16,31,0,0.0,0.0,0.0,0.0
R04,16,32,0,0.0,0.0,0.0,0.0
R04,16,33,0,0.0,0.0,0.0,0.0
R04,16,34,0,0.0,0.0,0.0,0.0
R04,16,35,0,0.0,0.0,0.0,0.0
R04,16,36,0,0.0,0.0,0.0,0.0
R04,16,37,0,0.0,0.0,0.0,0.0
R04,16,38,0,0.0,0.0,0.0,0.0
R04,16,39,0,0.0,0.0,0.0,0.0
R04,16,40,0,0.0,0.0,0.0,0.0
R04,16,41,0,0.0,0.0,0.0,0.0
R04,16,42,0,0.0,0.0,0.0,0.0
R04,16,43,0,0.0,0.0,0.0,0.0
R04,16,44,0,0.0,0.0,0.0,0.0
R04,16,45,0,0.0,0.0,0.0,0.0
R04,16,46,0,0.0,0.0,0.0,0.0
R04,16,47,0,0.0,0.0,0.0,0.0
R04,16,48,0,0.0,0.0,0.0,0.0
R04,16,49,0,0.0,0.0,0.0,0.0
R04,16,50,0,0.0,0.0,0.0,0.0
R04,16,51,0,0.0,0.0,0.0,0.0
R04,16,52,0,0.0,0.0,0.0,0.0
R04,16,53,0,0.0,0.0,0.0,0.0
R04,16,54,0,0.0,0.0,0.0,0.0
R04,16,55,0,0.0,0.0,0.0,0.0
R04,16,56,0,0.0,0.0,0.0,0.0
R04,16,57,0,0.0,0.0,0.0,0.0
R04,16,58,0,0.0,0.0,0.0,0.0
R04,16,59,0,0.0,0.0,0.0,0.0
R04,16,60,0,0.0,0.0,0.0,0.0
R04,16,61,0,0.0,0.0,0.0,0.0
R04,16,62,0,0.0,0.0,0.0,0.0
R04,16,63,0,0.0,0.0,0.0,0.0
R04,16,64,0,0.0,0.0,0.0,0.0
R04,16,65,0,0.0,0.0,0.0,0.0
R04,16,66,0,0.0,0.0,0.0,0.0
R04,16,67,0,0.0,0.0,0.0,0.0
R04,16,68,0,0.0,0.0,0.0,0.0
R04,16,69,0,0.0,0.0,0.0,0.0
R04,16,70,0,0.0,0.0,0.0,0.0
R04,16,71,1,0.0,0.0,0.0,0.0
R04,16,72,1,0.0,0.0,0.0,0.0
R04,16,73,1,0.0,0.0,0.0,0.0
R04,16,74,1,0.0,0.0,0.0,0.0
R04,16,75,1,0.0,0.0,0.0,0.0
R04,16,76,1,0.0,0.0,0.0,0.0
R04,16,77,1,0.0,0.0,0.0,0.0
R04,16,78,1,0.0,0.0,0.0,0.0
R04,16,79,1,0.0,0.0,0.0,0.0
R04,16,80,1,0.0,0.0,0.0,0.0
R04,16,81,1,0.0,0.0,0.0,0.0
R04,16,82,1,0.0,0.0,0.0,0.0
R04,16,83,1,0.0,0.0,0.0,0.0
R04,16,84,1,0.0,0.0,0.0,0.0
R04,16,85,1,0.0,0.0,0.0,0.0
R04,16,86,1,0.0,0.0,0.0,0.0
R04,16,87,1,0.0,0.0,0.0,0.0
R04,16,88,1,0.0,0.0,0.0,0.0
R04,16,89,1,0.0,0.0,0.0,0.0
R04,16,90,1,0.0,0.0,0.0,0.0
R04,16,91,1,0.0,0.0,0.0,0.0
R04,16,92,1,0.0,0.0,0.0,0.0
R04,16,93,1,0.0,0.0,0.0,0.0
R04,16,94,1,0.0,0.0,0.0,0.0
R04,16,95,1,0.0,0.0,0.0,0.0
R04,16,96,1,0.0,0.0,0.0,0.0
R04,16,97,1,0.0,0.0,0.0,0.0
R04,16,98,1,0.0,0.0,0.0,0.0
R04,16,99,1,0.0,0.0,0.0,0.0
R04,16,100,1,0.0,0.0,0.0,0.0
R04,16,101,1,0.0,0.0,0.0,0.0
R04,16,102,1,0.0,0.0,0.0,0.0
R04,16,103,1,0.0,0.0,0.0,0.0
R04,16,104,1,0.0,0.0,0.0,0.0
R04,16,105,1,0.0,0.0,0.0,0.0
R04,16,106,1,0.0,0.0,0.0,0.0
R04,16,107,1,0.0,0.0,0.0,0.0
R04,16,108,1,0.0,0.0,0.0,0.0
R04,16,109,1,0.0,0.0,0.0,0.0
R04,16,110,1,0.0,0.0,0.0,0.0
R04,16,111,1,0.0,0.0,0.0,0.0
R04,16,112,1,0.0,0.0,0.0,0.0
R04,16,113,1,0.0,0.0,0.0,0.0
R04,16,114,1,0.0,0.0,0.0,0.0
R04,16,115,1,0.0,0.0,0.0,0.0
R04,16,116,1,0.0,0.0,0.0,0.0
R04,16,117,1,0.0,0.0,0.0,0.0
R04,16,118,1,0.0,0.0,0.0,0.0
R04,16,119,1,0.0,0.0,0.0,0.0
R04,16,120,1,0.0,0.0,0.0,0.0
R04,16,121,1,0.0,0.0,0.0,0.0
R04,16,122,1,0.0,0.0,0.0,0.0
R04,16,123,1,0.0,0.0,0.0,0.0
R04,16,124,1,0.0,0.0,0.0,0.0
R04,16,125,1,0.0,0.0,0.0,0.0
R04,16,126,1,0.0,0.0,0.0,0.0
R04,16,127,1,0.0,0.0,0.0,0.0
R04,16,128,1,0.0,0.0,0.0,0.0
R04,16,129,1,0.0,0.0,0.0,0.0
R04,16,130,1,0.0,0.0,0.0,0.0
R04,16,131,1,0.0,0.0,0.0,0.0
R04,16,132,1,0.0,0.0,0.0,0.0
R04,16,133,1,0.0,0.0,0.0,0.0
R04,16,134,1,0.0,0.0,0.0,0.0
R04,16,135,1,0.0,0.0,0.0,0.0
R04,16,136,1,0.0,0.0,0.0,0.0
R04,16,137,1,0.0,0.0,0.0,0.0
R04,16,138,1,0.0,0.0,0.0,0.0
R04,16,139,1,0.0,0.0,0.0,0.0
R04,16,140,1,0.0,0.0,0.0,0.0
R04,16,141,1,0.0,0.0,0.0,0.0
R04,16,142,1,0.0,0.0,0.0,0.0
R04,16,143,1,0.0,0.0,0.0,0.0
R04,16,144,1,0.0,0.0,0.0,0.0
R04,16,145,1,0.0,0.0,0.0,0.0
R04,16,146,1,0.0,0.0,0.0,0.0
R04,16,147,1,0.0,0.0,0.0,0.0
R04,16,148,1,0.0,0.0,0.0,0.0
R04,16,149,1,0.0,0.0,0.0,0.0
R04,16,150,1,0.0,0.0,0.0,0.0
R04,16,151,1,0.0,0.0,0.0,0.0
R04,16,152,1,0.0,0.0,0.0,0.0
R04,16,153,1,0.0,0.0,0.0,0.0
R04,16,154,1,0.0,0.0,0.0,0.0
R04,16,155,1,0.0,0.0,0.0,0.0
R04,16,156,1,0.0,0.0,0.0,0.0
R04,16,157,1,0.0,0.0,0.0,0.0
R04,16,158,1,0.0,0.0,0.0,0.0
R04,16,159,1,0.0,0.0,0.0,0.0
R04,16,160,1,0.0,0.0,0.0,0.0
R04,16,161,1,0.0,0.0,0.0,0.0
R04,16,162,1,0.0,0.0,0.0,0.0
R04,16,163,1,0.0,0.0,0.0,0.0
R04,16,164,1,0.0,0.0,0.0,0.0
R04,16,165,1,0.0,0.0,0.0,0.0
R04,16,166,1,0.0,0.0,0.0,0.0
R04,16,167,1,0.0,0.0,0.0,0.0
R04,16,168,1,0.0,0.0,0.0,0.0
R04,16,169,1,0.0,0.0,0.0,0.0
R04,16,170,1,0.0,0.0,0.0,0.0
R04,16,171,1,0.0,0.0,0.0,0.0
R04,16,172,1,0.0,0.0,0.0,0.0
R04,16,173,1,0.0,0.0,0.0,0.0
R04,16,174,1,0.0,0.0,0.0,0.0
R04,16,175,1,0.0,0.0,0.0,0.0
R04,16,176,1,0.0,0.0,0.0,0.0
R04,16,177,1,0.0,0.0,0.0,0.0
R04,16,178,1,0.0,0.0,0.0,0.0
R04,16,179,1,0.0,0.0,0.0,0.0
R04,16,180,1,0.0,0.0,0.0,0.0
R04,16,181,1,0.0,0.0,0.0,0.0
R04,16,182,1,0.0,0.0,0.0,0.0
R04,16,183,1,0.0,0.0,0.0,0.0
R04,16,184,1,0.0,0.0,0.0,0.0
R04,16,185,1,0.0,0.0,0.0,0.0
R04,16,186,1,0.0,0.0,0.0,0.0
R04,16,187,1,0.0,0.0,0.0,0.0
R04,16,188,1,0.0,0.0,0.0,0.0
R04,16,189,1,0.0,0.0,0.0,0.0
R04,16,190,1,0.0,0.0,0.0,0.0
R04,16,191,1,0.0,0.0,0.0,0.0
R04,16,192,1,0.0,0.0,0.0,0.0
R04,16,193,1,0.0,0.0,0.0,0.0
R04,16,194,1,0.0,0.0,0.0,0.0
R04,16,195,1,0.0,0.0,0.0,0.0
R04,16,196,1,0.0,0.0,0.0,0.0
R04,16,197,1,0.0,0.0,0.0,0.0
R04,16,198,1,0.0,0.0,0.0,0.0
R04,16,199,1,0.0,0.0,0.0,0.0
R04,16,200,1,0.0,0.0,0.0,0.0
R04,16,201,1,0.0,0.0,0.0,0.0
R04,16,202,1,0.0,0.0,0.0,0.0
R04,16,203,1,0.0,0.0,0.0,0.0
R04,16,204,1,0.0,0.0,0.0,0.0
R04,16,205,1,0.0,0.0,0.0,0.0
R04,16,206,1,0.0,0.0,0.0,0.0
R04,16,207,1,0.0,0.0,0.0,0.0
R04,16,208,1,0.0,0.0,0.0,0.0
R04,16,209,1,0.0,0.0,0.0,0.0
R04,16,210,1,0.0,0.0,0.0,0.0
R04,16,211,1,0.0,0.0,0.0,0.0
R04,16,212,1,0.0,0.0,0.0,0.0
R04,16,213,1,0.0,0.0,0.0,0.0
R04,16,214,1,0.0,0.0,0.0,0.0
R04,16,215,1,0.0,0.0,0.0,0.0
R04,16,216,1,0.0,0.0,0.0,0.0
R04,16,217,1,0.0,0.0,0.0,0.0
R04,16,218,1,0.0,0.0,0.0,0.0
R04,16,219,1,0.0,0.0,0.0,0.0
R04,16,220,1,0.0,0.0,0.0,0.0
R04,16,221,1,0.0,0.0,0.0,0.0
R04,16,222,1,0.0,0.0,0.0,0.0
R04,16,223,1,0.0,0.0,0.0,0.0
R04,16,224,1,0.0,0.0,0.0,0.0
R04,16,225,1,0.0,0.0,0.0,0.0
R04,16,226,1,0.0,0.0,0.0,0.0
R04,16,227,1,0.0,0.0,0.0,0.0
R04,16,228,1,0.0,0.0,0.0,0.0
R04,16,229,1,0.0,0.0,0.0,0.0
R04,16,230,1,0.0,0.0,0.0,0.0
R04,16,231,1,0.0,0.0,0.0,0.0
R04,16,232,1,0.0,0.0,0.0,0.0
R04,16,233,1,0.0,0.0,0.0,0.0
R04,16,234,1,0.0,0.0,0.0,0.0
R04,16,235,1,0.0,0.0,0.0,0.0
R04,16,236,1,0.0,0.0,0.0,0.0
R04,16,237,1,0.0,0.0,0.0,0.0
R04,16,238,1,0.0,0.0,0.0,0.0
R04,16,239,1,0.0,0.0,0.0,0.0
R04,16,240,1,0.0,0.0,0.0,0.0
R04,16,241,1,0.0,0.0,0.0,0.0
R04,16,242,1,0.0,0.0,0.0,0.0
R04,16,243,1,0.0,0.0,0.0,0.0
R04,16,244,1,0.0,0.0,0.0,0.0
R04,16,245,1,0.0,0.0,0.0,0.0
R04,16,246,1,0.0,0.0,0.0,0.0
R04,16,247,1,0.0,0.0,0.0,0.0
R04,16,248,1,0.0,0.0,0.0,0.0
R04,16,249,1,0.0,0.0,0.0,0.0
R04,16,250,1,0.0,0.0,0.0,0.0
R04,16,251,1,0.0,0.0,0.0,0.0
R04,16,252,1,0.0,0.0,0.0,0.0
R04,16,253,1,0.0,0.0,0.0,0.0
R04,16,254,1,0.0,0.0,0.0,0.0
R04,16,255,1,0.0,0.0,0.0,0.0
R04,16,256,1,0.0,0.0,0.0,0.0
R04,16,257,1,0.0,0.0,0.0,0.0
R04,16,258,1,0.0,0.0,0.0,0.0
R04,16,259,1,0.0,0.0,0.0,0.0
R04,16,260,1,0.0,0.0,0.0,0.0
R04,16,261,1,0.0,0.0,0.0,0.0
R04,16,262,1,0.0,0.0,0.0,0.0
R04,16,263,1,0.0,0.0,0.0,0.0
R04,16,264,1,0.0,0.0,0.0,0.0
R04,16,265,1,0.0,0.0,0.0,0.0
R04,16,266,1,0.0,0.0,0.0,0.0
R04,16,267,1,0.0,0.0,0.0,0.0
R04,16,268,1,0.0,0.0,0.0,0.0
R04,16,269,1,0.0,0.0,0.0,0.0
R04,16,270,1,0.0,0.0,0.0,0.0
R04,16,271,1,0.0,0.0,0.0,0.0
R04,16,272,1,0.0,0.0,0.0,0.0
R04,16,273,1,0.0,0.0,0.0,0.0
R04,16,274,1,0.0,0.0,0.0,0.0
R04,16,275,1,0.0,0.0,0.0,0.0
R04,16,276,1,0.0,0.0,0.0,0.0
R04,16,277,1,0.0,0.0,0.0,0.0
R04,16,278,1,0.0,0.0,0.0,0.0
R04,16,279,1,0.0,0.0,0.0,0.0
R04,16,280,1,0.0,0.0,0.0,0.0
R04,16,281,1,0.0,0.0,0.0,0.0
R04,16,282,1,0.0,0.0,0.0,0.0
R04,16,283,1,0.0,0.0,0.0,0.0
R04,16,284,1,0.0,0.0,0.0,0.0
R04,16,285,1,0.0,0.0,0.0,0.0
R04,16,286,1,0.0,0.0,0.0,0.0
R04,16,287,1,0.0,0.0,0.0,0.0
R04,16,288,1,0.0,0.0,0.0,0.0
R04,16,289,1,0.0,0.0,0.0,0.0
R04,16,290,1,0.0,0.0,0.0,0.0
R04,16,291,1,0.0,0.0,0.0,0.0
R04,16,292,1,0.0,0.0,0.0,0.0
R04,16,293,1,0.0,0.0,0.0,0.0
R04,16,294,1,0.0,0.0,0.0,0.0
R04,16,295,1,0.0,0.0,0.0,0.0
R04,16,296,1,0.0,0.0,0.0,0.0
R04,16,297,1,0.0,0.0,0.0,0.0
R04,16,298,1,0.0,0.0,0.0,0.0
R04,16,299,1,0.0,0.0,0.0,0.0
R04,16,300,1,0.0,0.0,0.0,0.0
R04,16,301,1,0.0,0.0,0.0,0.0
R04,16,302,1,0.0,0.0,0.0,0.0
R04,16,303,1,0.0,0.0,0.0,0.0
R04,16,304,1,0.0,0.0,0.0,0.0
R04,16,305,1,0.0,0.0,0.0,0.0
R04,16,306,1,0.0,0.0,0.0,0.0
R04,16,307,1,0.0,0.0,0.0,0.0
R04,16,308,1,0.0,0.0,0.0,0.0
R04,16,309,1,0.0,0.0,0.0,0.0
R04,16,310,1,0.0,0.0,0.0,0.0
R04,16,311,1,0.0,0.0,0.0,0.0
R04,16,312,1,0.0,0.0,0.0,0.0
R04,16,313,1,0.0,0.0,0.0,0.0
R04,16,314,1,0.0,0.0,0.0,0.0
R04,16,315,1,0.0,0.0,0.0,0.0
R04,16,316,1,0.0,0.0,0.0,0.0
R04,16,317,1,0.0,0.0,0.0,0.0
R04,16,318,1,0.0,0.0,0.0,0.0
R04,16,319,1,0.0,0.0,0.0,0.0
R04,16,320,1,0.0,0.0,0.0,0.0
R04,16,321,1,0.0,0.0,0.0,0.0
R04,16,322,1,0.0,0.0,0.0,0.0
R04,16,323,1,0.0,0.0,0.0,0.0
R04,16,324,1,0.0,0.0,0.0,0.0
R04,16,325,1,0.0,0.0,0.0,0.0
R04,16,326,1,0.0,0.0,0.0,0.0
R04,16,327,1,0.0,0.0,0.0,0.0
R04,16,328,1,0.0,0.0,0.0,0.0
R04,16,329,1,0.0,0.0,0.0,0.0
R04,16,330,1,0.0,0.0,0.0,0.0
R04,16,331,1,0.0,0.0,0.0,0.0
R04,16,332,1,0.0,0.0,0.0,0.0
R04,16,333,1,0.0,0.0,0.0,0.0
R04,16,334,1,0.0,0.0,0.0,0.0
R04,16,335,1,0.0,0.0,0.0,0.0
R04,16,336,1,0.0,0.0,0.0,0.0
R04,16,337,1,0.0,0.0,0.0,0.0
R04,16,338,1,0.0,0.0,0.0,0.0
R04,16,339,1,0.0,0.0,0.0,0.0
R04,16,340,1,0.0,0.0,0.0,0.0
R04,16,341,1,0.0,0.0,0.0,0.0
R04,16,342,1,0.0,0.0,0.0,0.0
R04,16,343,1,0.0,0.0,0.0,0.0
R04,16,344,1,0.0,0.0,0.0,0.0
R04,16,345,1,0.0,0.0,0.0,0.0
R04,16,346,1,0.0,0.0,0.0,0.0
R04,16,347,1,0.0,0.0,0.0,0.0
R04,16,348,1,0.0,0.0,0.0,0.0
R04,16,349,1,0.0,0.0,0.0,0.0
R04,16,350,1,0.0,0.0,0.0,0.0
R04,16,351,1,0.0,0.0,0.0,0.0
R04,16,352,1,0.0,0.0,0.0,0.0
R04,16,353,1,0.0,0.0,0.0,0.0
R04,16,354,1,0.0,0.0,0.0,0.0
R04,16,355,1,0.0,0.0,0.0,0.0
R04,16,356,1,0.0,0.0,0.0,0.0
R04,16,357,1,0.0,0.0,0.0,0.0
R04,16,358,1,0.0,0.0,0.0,0.0
R04,16,359,1,0.0,0.0,0.0,0.0
R04,16,360,1,0.0,0.0,0.0,0.0
R04,16,361,1,0.0,0.0,0.0,0.0
R04,16,362,1,0.0,0.0,0.0,0.0
R04,16,363,1,0.0,0.0,0.0,0.0
R04,16,364,1,0.0,0.0,0.0,0.0
R04,16,365,1,0.0,0.0,0.0,0.0
R04,16,366,1,0.0,0.0,0.0,0.0
R04,16,367,1,0.0,0.0,0.0,0.0
R04,16,368,1,0.0,0.0,0.0,0.0
R04,16,369,1,0.0,0.0,0.0,0.0
R04,16,370,1,0.0,0.0,0.0,0.0
R04,16,371,1,0.0,0.0,0.0,0.0
R04,16,372,1,0.0,0.0,0.0,0.0
R04,16,373,1,0.0,0.0,0.0,0.0
R04,16,374,1,0.0,0.0,0.0,0.0
R04,16,375,1,0.0,0.0,0.0,0.0
R04,16,376,1,0.0,0.0,0.0,0.0
R04,16,377,1,0.0,0.0,0.0,0.0
R04,16,378,1,0.0,0.0,0.0,0.0
R04,16,379,1,0.0,0.0,0.0,0.0
R04,16,380,1,0.0,0.0,0.0,0.0
R04,16,381,1,0.0,0.0,0.0,0.0
R04,16,382,1,0.0,0.0,0.0,0.0
R04,16,383,1,0.0,0.0,0.0,0.0
R04,16,384,1,0.0,0.0,0.0,0.0
R04,16,385,1,0.0,0.0,0.0,0.0
R04,16,386,1,0.0,0.0,0.0,0.0
R04,16,387,1,0.0,0.0,0.0,0.0
R04,16,388,1,0.0,0.0,0.0,0.0
R04,16,389,1,0.0,0.0,0.0,0.0
R04,16,390,1,0.0,0.0,0.0,0.0
R04,16,391,1,0.0,0.0,0.0,0.0
R04,16,392,1,0.0,0.0,0.0,0.0
R04,16,393,1,0.0,0.0,0.0,0.0
R04,16,394,1,0.0,0.0,0.0,0.0
R04,16,395,1,0.0,0.0,0.0,0.0
R04,16,396,1,0.0,0.0,0.0,0.0
R04,16,397,1,0.0,0.0,0.0,0.0
R04,16,398,1,0.0,0.0,0.0,0.0
R04,16,399,1,0.0,0.0,0.0,0.0
R04,16,400,1,0.0,0.0,0.0,0.0
R04,16,401,1,0.0,0.0,0.0,0.0
R04,16,402,1,0.0,0.0,0.0,0.0
R04,16,403,1,0.0,0.0,0.0,0.0
R04,16,404,1,0.0,0.0,0.0,0.0
R04,16,405,1,0.0,0.0,0.0,0.0
R04,16,406,1,0.0,0.0,0.0,0.0
R04,16,407,1,0.0,0.0,0.0,0.0
R04,16,408,1,0.0,0.0,0.0,0.0
R04,16,409,1,0.0,0.0,0.0,0.0
R04,16,410,1,0.0,0.0,0.0,0.0
R04,16,411,1,0.0,0.0,0.0,0.0
R04,16,412,1,0.0,0.0,0.0,0.0
R04,16,413,1,0.0,0.0,0.0,0.0
R04,16,414,1,0.0,0.0,0.0,0.0
R04,16,415,1,0.0,0.0,0.0,0.0
R04,16,416,1,0.0,0.0,0.0,0.0
R04,16,417,1,0.0,0.0,0.0,0.0
R04,17,0,0,0.0,0.0,0.0,0.0
R04,17,1,0,0.0,0.0,0.0,0.0
R04,17,2,0,0.0,0.0,0.0,0.0
R04,17,3,0,0.0,0.0,0.0,0.0
R04,17,4,0,0.0,0.0,0.0,0.0
R04,17,5,0,0.0,0.0,0.0,0.0
R04,17,6,0,0.0,0.0,0.0,0.0
R04,17,7,0,0.0,0.0,0.0,0.0
R04,17,8,0,0.0,0.0,0.0,0.0
R04,17,9,0,0.0,0.0,0.0,0.0
R04,17,10,0,0.0,0.0,0.0,0.0
R04,17,11,0,0.0,0.0,0.0,0.0
R04,17,12,0,0.0,0.0,0.0,0.0
R04,17,13,0,0.0,0.0,0.0,0.0
R04,17,14,0,0.0,0.0,0.0,0.0
R04,17,15,0,0.0,0.0,0.0,0.0
R04,17,16,0,0.0,0.0,0.0,0.0
R04,17,17,0,0.0,0.0,0.0,0.0
R04,17,18,0,0.0,0.0,0.0,0.0
R04,17,19,0,0.0,0.0,0.0,0.0
R04,17,20,0,0.0,0.0,0.0,0.0
R04,17,21,0,0.0,0.0,0.0,0.0
R04,17,22,0,0.0,0.0,0.0,0.0
R04,17,23,0,0.0,0.0,0.0,0.0
R04,17,24,0,0.0,0.0,0.0,0.0
R04,17,25,0,0.0,0.0,0.0,0.0
R04,17,26,0,0.0,0.0,0.0,0.0
R04,17,27,0,0.0,0.0,0.0,0.0
R04,17,28,0,0.0,0.0,0.0,0.0
R04,17,29,0,0.0,0.0,0.0,0.0
R04,17,30,0,0.0,0.0,0.0,0.0
R04,17,31,0,0.0,0.0,0.0,0.0
R04,17,32,0,0.0,0.0,0.0,0.0
R04,17,33,0,0.0,0.0,0.0,0.0
R04,17,34,0,0.0,0.0,0.0,0.0
R04,17,35,0,0.0,0.0,0.0,0.0
R04,17,36,0,0.0,0.0,0.0,0.0
R04,17,37,0,0.0,0.0,0.0,0.0
R04,17,38,0,0.0,0.0,0.0,0.0
R04,17,39,0,0.0,0.0,0.0,0.0
R04,17,40,0,0.0,0.0,0.0,0.0
R04,17,41,0,0.0,0.0,0.0,0.0
R04,17,42,0,0.0,0.0,0.0,0.0
R04,17,43,0,0.0,0.0,0.0,0.0
R04,17,44,0,0.0,0.0,0.0,0.0
R04,17,45,0,0.0,0.0,0.0,0.0
R04,17,46,0,0.0,0.0,0.0,0.0
R04,17,47,0,0.0,0.0,0.0,0.0
R04,17,48,0,0.0,0.0,0.0,0.0
R04,17,49,0,0.0,0.0,0.0,0.0
R04,17,50,0,0.0,0.0,0.0,0.0
R04,17,51,0,0.0,0.0,0.0,0.0
R04,17,52,0,0.0,0.0,0.0,0.0
R04,17,53,0,0.0,0.0,0.0,0.0
R04,17,54,0,0.0,0.0,0.0,0.0
R04,17,55,0,0.0,0.0,0.0,0.0
R04,17,56,0,0.0,0.0,0.0,0.0
R04,17,57,0,0.0,0.0,0.0,0.0
R04,17,58,0,0.0,0.0,0.0,0.0
R04,17,59,0,0.0,0.0,0.0,0.0
R04,17,60,0,0.0,0.0,0.0,0.0
R04,17,61,0,0.0,0.0,0.0,0.0
R04,17,62,0,0.0,0.0,0.0,0.0
R04,17,63,0,0.0,0.0,0.0,0.0
R04,17,64,0,0.0,0.0,0.0,0.0
R04,17,65,0,0.0,0.0,0.0,0.0
R04,17,66,0,0.0,0.0,0.0,0.0
R04,17,67,0,0.0,0.0,0.0,0.0
R04,17,68,0,0.0,0.0,0.0,0.0
R04,17,69,0,0.0,0.0,0.0,0.0
R04,17,70,0,0.0,0.0,0.0,0.0
R04,17,71,0,0.0,0.0,0.0,0.0
R04,17,72,0,0.0,0.0,0.0,0.0
R04,17,73,0,0.0,0.0,0.0,0.0
R04,17,74,0,0.0,0.0,0.0,0.0
R04,17,75,0,0.0,0.0,0.0,0.0
R04,17,76,0,0.0,0.0,0.0,0.0
R04,17,77,0,0.0,0.0,0.0,0.0
R04,17,78,0,0.0,0.0,0.0,0.0
R04,17,79,0,0.0,0.0,0.0,0.0
R04,17,80,0,0.0,0.0,0.0,0.0
R04,17,81,0,0.0,0.0,0.0,0.0
R04,17,82,0,0.0,0.0,0.0,0.0
R04,17,83,0,0.0,0.0,0.0,0.0
R04,17,84,0,0.0,0.0,0.0,0.0
R04,17,85,0,0.0,0.0,0.0,0.0
R04,17,86,0,0.0,0.0,0.0,0.0
R04,17,87,0,0.0,0.0,0.0,0.0
R04,17,88,0,0.0,0.0,0.0,0.0
R04,17,89,0,0.0,0.0,0.0,0.0
R04,17,90,0,0.0,0.0,0.0,0.0
R04,17,91,0,0.0,0.0,0.0,0.0
R04,17,92,0,0.0,0.0,0.0,0.0
R04,17,93,0,0.0,0.0,0.0,0.0
R04,17,94,0,0.0,0.0,0.0,0.0
R04,17,95,1,0.0,0.0,0.0,0.0
R04,17,96,1,0.0,0.0,0.0,0.0
R04,17,97,1,0.0,0.0,0.0,0.0
R04,17,98,1,0.0,0.0,0.0,0.0
R04,17,99,1,0.0,0.0,0.0,0.0
R04,17,100,1,0.0,0.0,0.0,0.0
R04,17,101,1,0.0,0.0,0.0,0.0
R04,17,102,1,0.0,0.0,0.0,0.0
R04,17,103,1,0.0,0.0,0.0,0.0
R04,17,104,1,0.0,0.0,0.0,0.0
R04,17,105,1,0.0,0.0,0.0,0.0
R04,17,106,1,0.0,0.0,0.0,0.0
R04,17,107,1,0.0,0.0,0.0,0.0
R04,17,108,1,0.0,0.0,0.0,0.0
R04,17,109,1,0.0,0.0,0.0,0.0
R04,17,110,1,0.0,0.0,0.0,0.0
R04,17,111,1,0.0,0.0,0.0,0.0
R04,17,112,1,0.0,0.0,0.0,0.0
R04,17,113,1,0.0,0.0,0.0,0.0
R04,17,114,1,0.0,0.0,0.0,0.0
R04,17,115,1,0.0,0.0,0.0,0.0
R04,17,116,1,0.0,0.0,0.0,0.0
R04,17,117,1,0.0,0.0,0.0,0.0
R04,17,118,1,0.0,0.0,0.0,0.0
R04,17,119,1,0.0,0.0,0.0,0.0
R04,17,120,1,0.0,0.0,0.0,0.0
R04,17,121,1,0.0,0.0,0.0,0.0
R04,17,122,1,0.0,0.0,0.0,0.0
R04,17,123,1,0.0,0.0,0.0,0.0
R04,17,124,1,0.0,0.0,0.0,0.0
R04,17,125,1,0.0,0.0,0.0,0.0
R04,17,126,1,0.0,0.0,0.0,0.0
R04,17,127,1,0.0,0.0,0.0,0.0
R04,17,128,1,0.0,0.0,0.0,0.0
R04,17,129,1,0.0,0.0,0.0,0.0
R04,17,130,1,0.0,0.0,0.0,0.0
R04,17,131,1,0.0,0.0,0.0,0.0
R04,17,132,1,0.0,0.0,0.0,0.0
R04,17,133,1,0.0,0.0,0.0,0.0
R04,17,134,1,0.0,0.0,0.0,0.0
R04,17,135,1,0.0,0.0,0.0,0.0
R04,17,136,1,0.0,0.0,0.0,0.0
R04,17,137,1,0.0,0.0,0.0,0.0
R04,17,138,1,0.0,0.0,0.0,0.0
R04,17,139,1,0.0,0.0,0.0,0.0
R04,17,140,1,0.0,0.0,0.0,0.0
R04,17,141,1,0.0,0.0,0.0,0.0
R04,17,142,1,0.0,0.0,0.0,0.0
R04,17,143,1,0.0,0.0,0.0,0.0
R04,17,144,1,0.0,0.0,0.0,0.0
R04,17,145,1,0.0,0.0,0.0,0.0
R04,17,146,1,0.0,0.0,0.0,0.0
R04,17,147,1,0.0,0.0,0.0,0.0
R04,17,148,1,0.0,0.0,0.0,0.0
R04,17,149,1,0.0,0.0,0.0,0.0
R04,17,150,1,0.0,0.0,0.0,0.0
R04,17,151,1,0.0,0.0,0.0,0.0
R04,17,152,1,0.0,0.0,0.0,0.0
R04,17,153,1,0.0,0.0,0.0,0.0
R04,17,154,1,0.0,0.0,0.0,0.0
R04,17,155,1,0.0,0.0,0.0,0.0
R04,17,156,1,0.0,0.0,0.0,0.0
R04,17,157,1,0.0,0.0,0.0,0.0
R04,17,158,1,0.0,0.0,0.0,0.0
R04,17,159,1,0.0,0.0,0.0,0.0
R04,17,160,1,0.0,0.0,0.0,0.0
R04,17,161,1,0.0,0.0,0.0,0.0
R04,17,162,1,0.0,0.0,0.0,0.0
R04,17,163,1,0.0,0.0,0.0,0.0
R04,17,164,1,0.0,0.0,0.0,0.0
R04,17,165,1,0.0,0.0,0.0,0.0
R04,17,166,1,0.0,0.0,0.0,0.0
R04,17,167,1,0.0,0.0,0.0,0.0
R04,17,168,1,0.0,0.0,0.0,0.0
R04,17,169,1,0.0,0.0,0.0,0.0
R04,17,170,1,0.0,0.0,0.0,0.0
R04,17,171,1,0.0,0.0,0.0,0.0
R04,17,172,1,0.0,0.0,0.0,0.0
R04,17,173,1,0.0,0.0,0.0,0.0
R04,17,174,1,0.0,0.0,0.0,0.0
R04,17,175,1,0.0,0.0,0.0,0.0
R04,17,176,1,0.0,0.0,0.0,0.0
R04,17,177,1,0.0,0.0,0.0,0.0
R04,17,178,1,0.0,0.0,0.0,0.0
R04,17,179,1,0.0,0.0,0.0,0.0
R04,17,180,1,0.0,0.0,0.0,0.0
R04,17,181,1,0.0,0.0,0.0,0.0
R04,17,182,0,0.0,0.0,0.0,0.0
R04,17,183,0,0.0,0.0,0.0,0.0
R04,17,184,0,0.0,0.0,0.0,0.0
R04,17,185,0,0.0,0.0,0.0,0.0
R04,17,186,0,0.0,0.0,0.0,0.0
R04,17,187,0,0.0,0.0,0.0,0.0
R04,17,188,0,0.0,0.0,0.0,0.0
R04,17,189,0,0.0,0.0,0.0,0.0
R04,17,190,0,0.0,0.0,0.0,0.0
R04,17,191,0,0.0,0.0,0.0,0.0
R04,17,192,0,0.0,0.0,0.0,0.0
R04,17,193,0,0.0,0.0,0.0,0.0
R04,17,194,0,0.0,0.0,0.0,0.0
R04,17,195,0,0.0,0.0,0.0,0.0
R04,17,196,0,0.0,0.0,0.0,0.0
R04,17,197,0,0.0,0.0,0.0,0.0
R04,17,198,0,0.0,0.0,0.0,0.0
R04,17,199,0,0.0,0.0,0.0,0.0
R04,17,200,0,0.0,0.0,0.0,0.0
R04,17,201,0,0.0,0.0,0.0,0.0
R04,17,202,0,0.0,0.0,0.0,0.0
R04,17,203,0,0.0,0.0,0.0,0.0
R04,17,204,0,0.0,0.0,0.0,0.0
R04,17,205,0,0.0,0.0,0.0,0.0
R04,17,206,0,0.0,0.0,0.0,0.0
R04,17,207,0,0.0,0.0,0.0,0.0
R04,17,208,0,0.0,0.0,0.0,0.0
R04,17,209,0,0.0,0.0,0.0,0.0
R04,17,210,0,0.0,0.0,0.0,0.0
R04,17,211,0,0.0,0.0,0.0,0.0
R04,17,212,0,0.0,0.0,0.0,0.0
R04,17,213,0,0.0,0.0,0.0,0.0
R04,17,214,0,0.0,0.0,0.0,0.0
R04,17,215,0,0.0,0.0,0.0,0.0
R04,17,216,0,0.0,0.0,0.0,0.0
R04,17,217,0,0.0,0.0,0.0,0.0
R04,17,218,0,0.0,0.0,0.0,0.0
R04,17,219,0,0.0,0.0,0.0,0.0
R04,17,220,0,0.0,0.0,0.0,0.0
R04,17,221,0,0.0,0.0,0.0,0.0
R04,17,222,0,0.0,0.0,0.0,0.0
R04,17,223,0,0.0,0.0,0.0,0.0
R04,17,224,0,0.0,0.0,0.0,0.0
R04,17,225,0,0.0,0.0,0.0,0.0
R04,17,226,0,0.0,0.0,0.0,0.0
R04,17,227,0,0.0,0.0,0.0,0.0
R04,17,228,0,0.0,0.0,0.0,0.0
R04,17,229,0,0.0,0.0,0.0,0.0
R04,17,230,0,0.0,0.0,0.0,0.0
R04,17,231,0,0.0,0.0,0.0,0.0
R04,17,232,0,0.0,0.0,0.0,0.0
R04,17,233,0,0.0,0.0,0.0,0.0
R04,17,234,0,0.0,0.0,0.0,0.0
R04,17,235,0,0.0,0.0,0.0,0.0
R04,17,236,0,0.0,0.0,0.0,0.0
R04,17,237,0,0.0,0.0,0.0,0.0
R04,17,238,0,0.0,0.0,0.0,0.0
R04,17,239,0,0.0,0.0,0.0,0.0
R04,17,240,0,0.0,0.0,0.0,0.0
R04,17,241,0,0.0,0.0,0.0,0.0
R04,17,242,0,0.0,0.0,0.0,0.0
R04,17,243,0,0.0,0.0,0.0,0.0
R04,17,244,0,0.0,0.0,0.0,0.0
R04,17,245,0,0.0,0.0,0.0,0.0
R04,17,246,0,0.0,0.0,0.0,0.0
R04,17,247,0,0.0,0.0,0.0,0.0
R04,17,248,0,0.0,0.0,0.0,0.0
R04,17,249,0,0.0,0.0,0.0,0.0
R04,17,250,0,0.0,0.0,0.0,0.0
R04,17,251,0,0.0,0.0,0.0,0.0
R04,17,252,0,0.0,0.0,0.0,0.0
R04,17,253,0,0.0,0.0,0.0,0.0
R04,17,254,0,0.0,0.0,0.0,0.0
R04,17,255,0,0.0,0.0,0.0,0.0
R04,17,256,0,0.0,0.0,0.0,0.0
R04,17,257,0,0.0,0.0,0.0,0.0
R04,17,258,0,0.0,0.0,0.0,0.0
R04,17,259,0,0.0,0.0,0.0,0.0
R04,17,260,0,0.0,0.0,0.0,0.0
R04,17,261,0,0.0,0.0,0.0,0.0
R04,17,262,0,0.0,0.0,0.0,0.0
R04,17,263,0,0.0,0.0,0.0,0.0
R04,17,264,0,0.0,0.0,0.0,0.0
R04,17,265,0,0.0,0.0,0.0,0.0
R04,17,266,0,0.0,0.0,0.0,0.0
R04,17,267,0,0.0,0.0,0.0,0.0
R04,17,268,0,0.0,0.0,0.0,0.0
R04,17,269,0,0.0,0.0,0.0,0.0
R04,17,270,0,0.0,0.0,0.0,0.0
R04,17,271,0,0.0,0.0,0.0,0.0
R04,17,272,0,0.0,0.0,0.0,0.0
R04,17,273,0,0.0,0.0,0.0,0.0
R04,17,274,0,0.0,0.0,0.0,0.0
R04,17,275,0,0.0,0.0,0.0,0.0
R04,17,276,0,0.0,0.0,0.0,0.0
R04,17,277,0,0.0,0.0,0.0,0.0
R04,17,278,0,0.0,0.0,0.0,0.0
R04,17,279,0,0.0,0.0,0.0,0.0
R04,17,280,0,0.0,0.0,0.0,0.0
R04,17,281,0,0.0,0.0,0.0,0.0
R04,17,282,0,0.0,0.0,0.0,0.0
R04,17,283,0,0.0,0.0,0.0,0.0
R04,17,284,0,0.0,0.0,0.0,0.0
R04,17,285,0,0.0,0.0,0.0,0.0
R04,17,286,0,0.0,0.0,0.0,0.0
R04,17,287,0,0.0,0.0,0.0,0.0
R04,17,288,0,0.0,0.0,0.0,0.0
R04,17,289,0,0.0,0.0,0.0,0.0
R04,17,290,0,0.0,0.0,0.0,0.0
R04,17,291,0,0.0,0.0,0.0,0.0
R04,17,292,0,0.0,0.0,0.0,0.0
R04,17,293,0,0.0,0.0,0.0,0.0
R04,17,294,0,0.0,0.0,0.0,0.0
R04,17,295,0,0.0,0.0,0.0,0.0
R04,17,296,0,0.0,0.0,0.0,0.0
R04,17,297,0,0.0,0.0,0.0,0.0
R04,17,298,0,0.0,0.0,0.0,0.0
R04,17,299,0,0.0,0.0,0.0,0.0
R04,17,300,0,0.0,0.0,0.0,0.0
R04,17,301,0,0.0,0.0,0.0,0.0
R04,17,302,0,0.0,0.0,0.0,0.0
R04,17,303,0,0.0,0.0,0.0,0.0
R04,17,304,0,0.0,0.0,0.0,0.0
R04,17,305,0,0.0,0.0,0.0,0.0
R04,17,306,0,0.0,0.0,0.0,0.0
R04,17,307,0,0.0,0.0,0.0,0.0
R04,17,308,0,0.0,0.0,0.0,0.0
R04,17,309,0,0.0,0.0,0.0,0.0
R04,17,310,0,0.0,0.0,0.0,0.0
R04,17,311,0,0.0,0.0,0.0,0.0
R04,17,312,0,0.0,0.0,0.0,0.0
R04,17,313,0,0.0,0.0,0.0,0.0
R04,17,314,0,0.0,0.0,0.0,0.0
R04,17,315,0,0.0,0.0,0.0,0.0
R04,17,316,0,0.0,0.0,0.0,0.0
R04,17,317,0,0.0,0.0,0.0,0.0
R04,17,318,0,0.0,0.0,0.0,0.0
R04,17,319,0,0.0,0.0,0.0,0.0
R04,17,320,0,0.0,0.0,0.0,0.0
R04,17,321,0,0.0,0.0,0.0,0.0
R04,17,322,0,0.0,0.0,0.0,0.0
R04,17,323,0,0.0,0.0,0.0,0.0
R04,17,324,0,0.0,0.0,0.0,0.0
R04,17,325,0,0.0,0.0,0.0,0.0
R04,17,326,0,0.0,0.0,0.0,0.0
R04,17,327,0,0.0,0.0,0.0,0.0
R04,17,328,0,0.0,0.0,0.0,0.0
R04,17,329,0,0.0,0.0,0.0,0.0
R04,17,330,0,0.0,0.0,0.0,0.0
R04,17,331,0,0.0,0.0,0.0,0.0
R04,17,332,0,0.0,0.0,0.0,0.0
R04,17,333,0,0.0,0.0,0.0,0.0
R04,17,334,0,0.0,0.0,0.0,0.0
R04,17,335,0,0.0,0.0,0.0,0.0
R04,17,336,0,0.0,0.0,0.0,0.0
R04,17,337,0,0.0,0.0,0.0,0.0
R04,17,338,0,0.0,0.0,0.0,0.0
R04,17,339,0,0.0,0.0,0.0,0.0
R04,17,340,0,0.0,0.0,0.0,0.0
R04,17,341,0,0.0,0.0,0.0,0.0
R04,17,342,0,0.0,0.0,0.0,0.0
R04,17,343,0,0.0,0.0,0.0,0.0
R04,17,344,0,0.0,0.0,0.0,0.0
R04,17,345,0,0.0,0.0,0.0,0.0
R04,17,346,0,0.0,0.0,0.0,0.0
R04,17,347,0,0.0,0.0,0.0,0.0
R04,17,348,0,0.0,0.0,0.0,0.0
R04,17,349,0,0.0,0.0,0.0,0.0
R04,17,350,0,0.0,0.0,0.0,0.0
R04,17,351,0,0.0,0.0,0.0,0.0
R04,17,352,0,0.0,0.0,0.0,0.0
R04,17,353,0,0.0,0.0,0.0,0.0
R04,17,354,0,0.0,0.0,0.0,0.0
R04,17,355,0,0.0,0.0,0.0,0.0
R04,17,356,0,0.0,0.0,0.0,0.0
R04,17,357,0,0.0,0.0,0.0,0.0
R04,17,358,0,0.0,0.0,0.0,0.0
R04,17,359,0,0.0,0.0,0.0,0.0
R04,17,360,0,0.0,0.0,0.0,0.0
R04,17,361,0,0.0,0.0,0.0,0.0
R04,17,362,0,0.0,0.0,0.0,0.0
R04,17,363,0,0.0,0.0,0.0,0.0
R04,17,364,0,0.0,0.0,0.0,0.0
R04,17,365,0,0.0,0.0,0.0,0.0
R04,17,366,0,0.0,0.0,0.0,0.0
R04,17,367,0,0.0,0.0,0.0,0.0
R04,17,368,0,0.0,0.0,0.0,0.0
R04,17,369,0,0.0,0.0,0.0,0.0
R04,17,370,0,0.0,0.0,0.0,0.0
R04,17,371,0,0.0,0.0,0.0,0.0
R04,17,372,0,0.0,0.0,0.0,0.0
R04,17,373,0,0.0,0.0,0.0,0.0
R04,17,374,0,0.0,0.0,0.0,0.0
R04,17,375,0,0.0,0.0,0.0,0.0
R04,17,376,0,0.0,0.0,0.0,0.0
R04,17,377,0,0.0,0.0,0.0,0.0
R04,17,378,0,0.0,0.0,0.0,0.0
R04,17,379,0,0.0,0.0,0.0,0.0
R04,17,380,0,0.0,0.0,0.0,0.0
R04,17,381,0,0.0,0.0,0.0,0.0
R04,17,382,0,0.0,0.0,0.0,0.0
R04,17,383,0,0.0,0.0,0.0,0.0
R04,17,384,0,0.0,0.0,0.0,0.0
R04,17,385,0,0.0,0.0,0.0,0.0
R04,17,386,0,0.0,0.0,0.0,0.0
R04,17,387,0,0.0,0.0,0.0,0.0
R04,17,388,0,0.0,0.0,0.0,0.0
R04,17,389,0,0.0,0.0,0.0,0.0
R04,17,390,0,0.0,0.0,0.0,0.0
R04,17,391,0,0.0,0.0,0.0,0.0
R04,17,392,0,0.0,0.0,0.0,0.0
R04,17,393,0,0.0,0.0,0.0,0.0
R04,17,394,0,0.0,0.0,0.0,0.0
R04,17,395,0,0.0,0.0,0.0,0.0
R04,17,396,0,0.0,0.0,0.0,0.0
R04,17,397,0,0.0,0.0,0.0,0.0
R04,17,398,0,0.0,0.0,0.0,0.0
R04,17,399,0,0.0,0.0,0.0,0.0
R04,17,400,0,0.0,0.0,0.0,0.0
R04,17,401,0,0.0,0.0,0.0,0.0
R04,17,402,0,0.0,0.0,0.0,0.0
R04,17,403,0,0.0,0.0,0.0,0.0
R04,17,404,0,0.0,0.0,0.0,0.0
R04,17,405,0,0.0,0.0,0.0,0.0
R04,17,406,0,0.0,0.0,0.0,0.0
R04,17,407,0,0.0,0.0,0.0,0.0
R04,17,408,0,0.0,0.0,0.0,0.0
R04,17,409,0,0.0,0.0,0.0,0.0
R04,17,410,0,0.0,0.0,0.0,0.0
R04,17,411,0,0.0,0.0,0.0,0.0
R04,17,412,0,0.0,0.0,0.0,0.0
R04,17,413,0,0.0,0.0,0.0,0.0
R04,17,414,0,0.0,0.0,0.0,0.0
R04,17,415,0,0.0,0.0,0.0,0.0
R04,17,416,0,0.0,0.0,0.0,0.0
R04,17,417,0,0.0,0.0,0.0,0.0
R04,17,418,0,0.0,0.0,0.0,0.0
R04,17,419,0,0.0,0.0,0.0,0.0
R04,17,420,0,0.0,0.0,0.0,0.0
R04,17,421,0,0.0,0.0,0.0,0.0
R04,17,422,0,0.0,0.0,0.0,0.0
R04,17,423,0,0.0,0.0,0.0,0.0
R04,17,424,0,0.0,0.0,0.0,0.0
R04,17,425,0,0.0,0.0,0.0,0.0
R04,17,426,0,0.0,0.0,0.0,0.0
R04,17,427,0,0.0,0.0,0.0,0.0
R04,17,428,0,0.0,0.0,0.0,0.0
R04,17,429,0,0.0,0.0,0.0,0.0
R04,17,430,0,0.0,0.0,0.0,0.0
R04,17,431,0,0.0,0.0,0.0,0.0
R04,17,432,0,0.0,0.0,0.0,0.0
R04,17,433,0,0.0,0.0,0.0,0.0
R04,17,434,0,0.0,0.0,0.0,0.0
R04,17,435,0,0.0,0.0,0.0,0.0
R04,17,436,0,0.0,0.0,0.0,0.0
R04,17,437,0,0.0,0.0,0.0,0.0
R04,17,438,0,0.0,0.0,0.0,0.0
R04,17,439,0,0.0,0.0,0.0,0.0
R04,17,440,0,0.0,0.0,0.0,0.0
R04,17,441,0,0.0,0.0,0.0,0.0
R04,17,442,0,0.0,0.0,0.0,0.0
R04,17,443,0,0.0,0.0,0.0,0.0
R04,17,444,0,0.0,0.0,0.0,0.0
R04,17,445,0,0.0,0.0,0.0,0.0
R04,17,446,0,0.0,0.0,0.0,0.0
R04,17,447,0,0.0,0.0,0.0,0.0
R04,17,448,0,0.0,0.0,0.0,0.0
R04,17,449,0,0.0,0.0,0.0,0.0
R04,17,450,0,0.0,0.0,0.0,0.0
R04,17,451,0,0.0,0.0,0.0,0.0
R04,17,452,0,0.0,0.0,0.0,0.0
R04,17,453,0,0.0,0.0,0.0,0.0
R04,17,454,0,0.0,0.0,0.0,0.0
R04,17,455,0,0.0,0.0,0.0,0.0
R04,17,456,0,0.0,0.0,0.0,0.0
R04,17,457,0,0.0,0.0,0.0,0.0
R04,17,458,0,0.0,0.0,0.0,0.0
R04,17,459,0,0.0,0.0,0.0,0.0
R04,17,460,0,0.0,0.0,0.0,0.0
R04,17,461,0,0.0,0.0,0.0,0.0
R04,17,462,0,0.0,0.0,0.0,0.0
R04,17,463,0,0.0,0.0,0.0,0.0
R04,17,464,0,0.0,0.0,0.0,0.0
R04,17,465,0,0.0,0.0,0.0,0.0
R04,17,466,0,0.0,0.0,0.0,0.0
R04,17,467,0,0.0,0.0,0.0,0.0
R04,17,468,0,0.0,0.0,0.0,0.0
R04,17,469,0,0.0,0.0,0.0,0.0
R04,17,470,0,0.0,0.0,0.0,0.0
R04,17,471,0,0.0,0.0,0.0,0.0
R04,17,472,0,0.0,0.0,0.0,0.0
R04,17,473,0,0.0,0.0,0.0,0.0
R04,17,474,0,0.0,0.0,0.0,0.0
R04,17,475,0,0.0,0.0,0.0,0.0
R04,17,476,0,0.0,0.0,0.0,0.0
R04,17,477,0,0.0,0.0,0.0,0.0
R04,17,478,0,0.0,0.0,0.0,0.0
R04,17,479,0,0.0,0.0,0.0,0.0
R04,17,480,0,0.0,0.0,0.0,0.0
R04,17,481,0,0.0,0.0,0.0,0.0
R04,17,482,0,0.0,0.0,0.0,0.0
R04,17,483,0,0.0,0.0,0.0,0.0
R04,17,484,0,0.0,0.0,0.0,0.0
R04,17,485,0,0.0,0.0,0.0,0.0
R04,17,486,0,0.0,0.0,0.0,0.0
R04,17,487,0,0.0,0.0,0.0,0.0
R04,17,488,0,0.0,0.0,0.0,0.0
R04,17,489,0,0.0,0.0,0.0,0.0
R04,17,490,0,0.0,0.0,0.0,0.0
R04,17,491,0,0.0,0.0,0.0,0.0
R04,17,492,0,0.0,0.0,0.0,0.0
R04,17,493,0,0.0,0.0,0.0,0.0
R04,17,494,0,0.0,0.0,0.0,0.0
R04,17,495,0,0.0,0.0,0.0,0.0
R04,17,496,0,0.0,0.0,0.0,0.0
R04,17,497,0,0.0,0.0,0.0,0.0
R04,17,498,0,0.0,0.0,0.0,0.0
R04,17,499,0,0.0,0.0,0.0,0.0
R04,17,500,0,0.0,0.0,0.0,0.0
R04,17,501,0,0.0,0.0,0.0,0.0
R04,17,502,0,0.0,0.0,0.0,0.0
R04,17,503,0,0.0,0.0,0.0,0.0
R04,17,504,0,0.0,0.0,0.0,0.0
R04,17,505,0,0.0,0.0,0.0,0.0
R04,17,506,0,0.0,0.0,0.0,0.0
R04,17,507,0,0.0,0.0,0.0,0.0
R04,17,508,0,0.0,0.0,0.0,0.0
R04,17,509,0,0.0,0.0,0.0,0.0
R04,17,510,1,0.0,0.0,0.0,0.0
R04,17,511,1,0.0,0.0,0.0,0.0
R04,17,512,1,0.0,0.0,0.0,0.0
R04,17,513,1,0.0,0.0,0.0,0.0
R04,17,514,1,0.0,0.0,0.0,0.0
R04,17,515,1,0.0,0.0,0.0,0.0
R04,17,516,1,0.0,0.0,0.0,0.0
R04,17,517,1,0.0,0.0,0.0,0.0
R04,17,518,1,0.0,0.0,0.0,0.0
R04,17,519,1,0.0,0.0,0.0,0.0
R04,17,520,1,0.0,0.0,0.0,0.0
R04,17,521,1,0.0,0.0,0.0,0.0
R04,17,522,1,0.0,0.0,0.0,0.0
R04,17,523,1,0.0,0.0,0.0,0.0
R04,17,524,1,0.0,0.0,0.0,0.0
R04,17,525,1,0.0,0.0,0.0,0.0
R04,17,526,1,0.0,0.0,0.0,0.0
R04,17,527,1,0.0,0.0,0.0,0.0
R04,17,528,1,0.0,0.0,0.0,0.0
R04,17,529,1,0.0,0.0,0.0,0.0
R04,17,530,1,0.0,0.0,0.0,0.0
R04,17,531,1,0.0,0.0,0.0,0.0
R04,17,532,1,0.0,0.0,0.0,0.0
R04,17,533,1,0.0,0.0,0.0,0.0
R04,17,534,1,0.0,0.0,0.0,0.0
R04,17,535,1,0.0,0.0,0.0,0.0
R04,17,536,1,0.0,0.0,0.0,0.0
R04,17,537,1,0.0,0.0,0.0,0.0
R04,17,538,1,0.0,0.0,0.0,0.0
R04,17,539,1,0.0,0.0,0.0,0.0
R04,17,540,1,0.0,0.0,0.0,0.0
R04,17,541,1,0.0,0.0,0.0,0.0
R04,17,542,1,0.0,0.0,0.0,0.0
R04,17,543,1,0.0,0.0,0.0,0.0
R04,17,544,1,0.0,0.0,0.0,0.0
R04,17,545,1,0.0,0.0,0.0,0.0
R04,17,546,1,0.0,0.0,0.0,0.0
R04,17,547,1,0.0,0.0,0.0,0.0
R04,17,548,1,0.0,0.0,0.0,0.0
R04,17,549,1,0.0,0.0,0.0,0.0
R04,17,550,0,0.0,0.0,0.0,0.0
R04,17,551,0,0.0,0.0,0.0,0.0
R04,17,552,0,0.0,0.0,0.0,0.0
R04,17,553,0,0.0,0.0,0.0,0.0
R04,17,554,0,0.0,0.0,0.0,0.0
R04,17,555,0,0.0,0.0,0.0,0.0
R04,17,556,0,0.0,0.0,0.0,0.0
R04,17,557,0,0.0,0.0,0.0,0.0
R04,17,558,0,0.0,0.0,0.0,0.0
R04,17,559,0,0.0,0.0,0.0,0.0
R04,17,560,0,0.0,0.0,0.0,0.0
R04,17,561,0,0.0,0.0,0.0,0.0
R04,17,562,0,0.0,0.0,0.0,0.0
R04,17,563,0,0.0,0.0,0.0,0.0
R04,17,564,0,0.0,0.0,0.0,0.0
R04,17,565,0,0.0,0.0,0.0,0.0
R04,17,566,0,0.0,0.0,0.0,0.0
R04,17,567,0,0.0,0.0,0.0,0.0
R04,17,568,0,0.0,0.0,0.0,0.0
R04,17,569,0,0.0,0.0,0.0,0.0
R04,17,570,0,0.0,0.0,0.0,0.0
R04,17,571,0,0.0,0.0,0.0,0.0
R04,17,572,0,0.0,0.0,0.0,0.0
R04,17,573,0,0.0,0.0,0.0,0.0
R04,17,574,0,0.0,0.0,0.0,0.0
R04,17,575,0,0.0,0.0,0.0,0.0
R04,17,576,0,0.0,0.0,0.0,0.0
R04,17,577,0,0.0,0.0,0.0,0.0
R04,17,578,0,0.0,0.0,0.0,0.0
R04,17,579,0,0.0,0.0,0.0,0.0
R04,17,580,0,0.0,0.0,0.0,0.0
R04,17,581,0,0.0,0.0,0.0,0.0
R04,18,0,0,0.0,0.0,0.0,0.0
R04,18,1,0,0.0,0.0,0.0,0.0
R04,18,2,0,0.0,0.0,0.0,0.0
R04,18,3,0,0.0,0.0,0.0,0.0
R04,18,4,0,0.0,0.0,0.0,0.0
R04,18,5,0,0.0,0.0,0.0,0.0
R04,18,6,0,0.0,0.0,0.0,0.0
R04,18,7,0,0.0,0.0,0.0,0.0
R04,18,8,0,0.0,0.0,0.0,0.0
R04,18,9,0,0.0,0.0,0.0,0.0
R04,18,10,0,0.0,0.0,0.0,0.0
R04,18,11,0,0.0,0.0,0.0,0.0
R04,18,12,0,0.0,0.0,0.0,0.0
R04,18,13,0,0.0,0.0,0.0,0.0
R04,18,14,0,0.0,0.0,0.0,0.0
R04,18,15,0,0.0,0.0,0.0,0.0
R04,18,16,0,0.0,0.0,0.0,0.0
R04,18,17,0,0.0,0.0,0.0,0.0
R04,18,18,0,0.0,0.0,0.0,0.0
R04,18,19,0,0.0,0.0,0.0,0.0
R04,18,20,0,0.0,0.0,0.0,0.0
R04,18,21,0,0.0,0.0,0.0,0.0
R04,18,22,0,0.0,0.0,0.0,0.0
R04,18,23,0,0.0,0.0,0.0,0.0
R04,18,24,0,0.0,0.0,0.0,0.0
R04,18,25,0,0.0,0.0,0.0,0.0
R04,18,26,0,0.0,0.0,0.0,0.0
R04,18,27,0,0.0,0.0,0.0,0.0
R04,18,28,0,0.0,0.0,0.0,0.0
R04,18,29,0,0.0,0.0,0.0,0.0
R04,18,30,0,0.0,0.0,0.0,0.0
R04,18,31,0,0.0,0.0,0.0,0.0
R04,18,32,0,0.0,0.0,0.0,0.0
R04,18,33,0,0.0,0.0,0.0,0.0
R04,18,34,0,0.0,0.0,0.0,0.0
R04,18,35,0,0.0,0.0,0.0,0.0
R04,18,36,0,0.0,0.0,0.0,0.0
R04,18,37,0,0.0,0.0,0.0,0.0
R04,18,38,0,0.0,0.0,0.0,0.0
R04,18,39,0,0.0,0.0,0.0,0.0
R04,18,40,0,0.0,0.0,0.0,0.0
R04,18,41,0,0.0,0.0,0.0,0.0
R04,18,42,0,0.0,0.0,0.0,0.0
R04,18,43,0,0.0,0.0,0.0,0.0
R04,18,44,0,0.0,0.0,0.0,0.0
R04,18,45,0,0.0,0.0,0.0,0.0
R04,18,46,0,0.0,0.0,0.0,0.0
R04,18,47,0,0.0,0.0,0.0,0.0
R04,18,48,0,0.0,0.0,0.0,0.0
R04,18,49,0,0.0,0.0,0.0,0.0
R04,18,50,0,0.0,0.0,0.0,0.0
R04,18,51,0,0.0,0.0,0.0,0.0
R04,18,52,0,0.0,0.0,0.0,0.0
R04,18,53,0,0.0,0.0,0.0,0.0
R04,18,54,0,0.0,0.0,0.0,0.0
R04,18,55,0,0.0,0.0,0.0,0.0
R04,18,56,0,0.0,0.0,0.0,0.0
R04,18,57,0,0.0,0.0,0.0,0.0
R04,18,58,0,0.0,0.0,0.0,0.0
R04,18,59,0,0.0,0.0,0.0,0.0
R04,18,60,0,0.0,0.0,0.0,0.0
R04,18,61,0,0.0,0.0,0.0,0.0
R04,18,62,0,0.0,0.0,0.0,0.0
R04,18,63,0,0.0,0.0,0.0,0.0
R04,18,64,0,0.0,0.0,0.0,0.0
R04,18,65,1,0.0,0.0,0.0,0.0
R04,18,66,1,0.0,0.0,0.0,0.0
R04,18,67,1,0.0,0.0,0.0,0.0
R04,18,68,1,0.0,0.0,0.0,0.0
R04,18,69,1,0.0,0.0,0.0,0.0
R04,18,70,1,0.0,0.0,0.0,0.0
R04,18,71,1,0.0,0.0,0.0,0.0
R04,18,72,1,0.0,0.0,0.0,0.0
R04,18,73,1,0.0,0.0,0.0,0.0
R04,18,74,1,0.0,0.0,0.0,0.0
R04,18,75,1,0.0,0.0,0.0,0.0
R04,18,76,1,0.0,0.0,0.0,0.0
R04,18,77,1,0.0,0.0,0.0,0.0
R04,18,78,1,0.0,0.0,0.0,0.0
R04,18,79,1,0.0,0.0,0.0,0.0
R04,18,80,1,0.0,0.0,0.0,0.0
R04,18,81,1,0.0,0.0,0.0,0.0
R04,18,82,1,0.0,0.0,0.0,0.0
R04,18,83,1,0.0,0.0,0.0,0.0
R04,18,84,1,0.0,0.0,0.0,0.0
R04,18,85,1,0.0,0.0,0.0,0.0
R04,18,86,1,0.0,0.0,0.0,0.0
R04,18,87,1,0.0,0.0,0.0,0.0
R04,18,88,1,0.0,0.0,0.0,0.0
R04,18,89,1,0.0,0.0,0.0,0.0
R04,18,90,1,0.0,0.0,0.0,0.0
R04,18,91,1,0.0,0.0,0.0,0.0
R04,18,92,1,0.0,0.0,0.0,0.0
R04,18,93,1,0.0,0.0,0.0,0.0
R04,18,94,1,0.0,0.0,0.0,0.0
R04,18,95,1,0.0,0.0,0.0,0.0
R04,18,96,1,0.0,0.0,0.0,0.0
R04,18,97,1,0.0,0.0,0.0,0.0
R04,18,98,1,0.0,0.0,0.0,0.0
R04,18,99,1,0.0,0.0,0.0,0.0
R04,18,100,1,0.0,0.0,0.0,0.0
R04,18,101,1,0.0,0.0,0.0,0.0
R04,18,102,1,0.0,0.0,0.0,0.0
R04,18,103,1,0.0,0.0,0.0,0.0
R04,18,104,1,0.0,0.0,0.0,0.0
R04,18,105,1,0.0,0.0,0.0,0.0
R04,18,106,1,0.0,0.0,0.0,0.0
R04,18,107,1,0.0,0.0,0.0,0.0
R04,18,108,1,0.0,0.0,0.0,0.0
R04,18,109,1,0.0,0.0,0.0,0.0
R04,18,110,1,0.0,0.0,0.0,0.0
R04,18,111,1,0.0,0.0,0.0,0.0
R04,18,112,1,0.0,0.0,0.0,0.0
R04,18,113,1,0.0,0.0,0.0,0.0
R04,18,114,1,0.0,0.0,0.0,0.0
R04,18,115,1,0.0,0.0,0.0,0.0
R04,18,116,1,0.0,0.0,0.0,0.0
R04,18,117,1,0.0,0.0,0.0,0.0
R04,18,118,1,0.0,0.0,0.0,0.0
R04,18,119,1,0.0,0.0,0.0,0.0
R04,18,120,1,0.0,0.0,0.0,0.0
R04,18,121,1,0.0,0.0,0.0,0.0
R04,18,122,1,0.0,0.0,0.0,0.0
R04,18,123,1,0.0,0.0,0.0,0.0
R04,18,124,1,0.0,0.0,0.0,0.0
R04,18,125,1,0.0,0.0,0.0,0.0
R04,18,126,1,0.0,0.0,0.0,0.0
R04,18,127,1,0.0,0.0,0.0,0.0
R04,18,128,1,0.0,0.0,0.0,0.0
R04,18,129,1,0.0,0.0,0.0,0.0
R04,18,130,1,0.0,0.0,0.0,0.0
R04,18,131,1,0.0,0.0,0.0,0.0
R04,18,132,1,0.0,0.0,0.0,0.0
R04,18,133,1,0.0,0.0,0.0,0.0
R04,18,134,1,0.0,0.0,0.0,0.0
R04,18,135,1,0.0,0.0,0.0,0.0
R04,18,136,1,0.0,0.0,0.0,0.0
R04,18,137,1,0.0,0.0,0.0,0.0
R04,18,138,1,0.0,0.0,0.0,0.0
R04,18,139,1,0.0,0.0,0.0,0.0
R04,18,140,1,0.0,0.0,0.0,0.0
R04,18,141,1,0.0,0.0,0.0,0.0
R04,18,142,1,0.0,0.0,0.0,0.0
R04,18,143,1,0.0,0.0,0.0,0.0
R04,18,144,1,0.0,0.0,0.0,0.0
R04,18,145,1,0.0,0.0,0.0,0.0
R04,18,146,1,0.0,0.0,0.0,0.0
R04,18,147,1,0.0,0.0,0.0,0.0
R04,18,148,1,0.0,0.0,0.0,0.0
R04,18,149,1,0.0,0.0,0.0,0.0
R04,18,150,1,0.0,0.0,0.0,0.0
R04,18,151,1,0.0,0.0,0.0,0.0
R04,18,152,1,0.0,0.0,0.0,0.0
R04,18,153,1,0.0,0.0,0.0,0.0
R04,18,154,1,0.0,0.0,0.0,0.0
R04,18,155,1,0.0,0.0,0.0,0.0
R04,18,156,1,0.0,0.0,0.0,0.0
R04,18,157,1,0.0,0.0,0.0,0.0
R04,18,158,1,0.0,0.0,0.0,0.0
R04,18,159,1,0.0,0.0,0.0,0.0
R04,18,160,1,0.0,0.0,0.0,0.0
R04,18,161,1,0.0,0.0,0.0,0.0
R04,18,162,1,0.0,0.0,0.0,0.0
R04,18,163,1,0.0,0.0,0.0,0.0
R04,18,164,1,0.0,0.0,0.0,0.0
R04,18,165,1,0.0,0.0,0.0,0.0
R04,18,166,1,0.0,0.0,0.0,0.0
R04,18,167,1,0.0,0.0,0.0,0.0
R04,18,168,1,0.0,0.0,0.0,0.0
R04,18,169,1,0.0,0.0,0.0,0.0
R04,18,170,1,0.0,0.0,0.0,0.0
R04,18,171,1,0.0,0.0,0.0,0.0
R04,18,172,1,0.0,0.0,0.0,0.0
R04,18,173,1,0.0,0.0,0.0,0.0
R04,18,174,1,0.0,0.0,0.0,0.0
R04,18,175,1,0.0,0.0,0.0,0.0
R04,18,176,1,0.0,0.0,0.0,0.0
R04,18,177,1,0.0,0.0,0.0,0.0
R04,18,178,1,0.0,0.0,0.0,0.0
R04,18,179,1,0.0,0.0,0.0,0.0
R04,18,180,1,0.0,0.0,0.0,0.0
R04,18,181,1,0.0,0.0,0.0,0.0
R04,18,182,1,0.0,0.0,0.0,0.0
R04,18,183,1,0.0,0.0,0.0,0.0
R04,18,184,1,0.0,0.0,0.0,0.0
R04,18,185,1,0.0,0.0,0.0,0.0
R04,18,186,1,0.0,0.0,0.0,0.0
R04,18,187,1,0.0,0.0,0.0,0.0
R04,18,188,1,0.0,0.0,0.0,0.0
R04,18,189,1,0.0,0.0,0.0,0.0
R04,18,190,1,0.0,0.0,0.0,0.0
R04,18,191,1,0.0,0.0,0.0,0.0
R04,18,192,1,0.0,0.0,0.0,0.0
R04,18,193,1,0.0,0.0,0.0,0.0
R04,18,194,1,0.0,0.0,0.0,0.0
R04,18,195,1,0.0,0.0,0.0,0.0
R04,18,196,1,0.0,0.0,0.0,0.0
R04,18,197,1,0.0,0.0,0.0,0.0
R04,18,198,1,0.0,0.0,0.0,0.0
R04,18,199,1,0.0,0.0,0.0,0.0
R04,18,200,1,0.0,0.0,0.0,0.0
R04,18,201,1,0.0,0.0,0.0,0.0
R04,18,202,1,0.0,0.0,0.0,0.0
R04,18,203,1,0.0,0.0,0.0,0.0
R04,18,204,1,0.0,0.0,0.0,0.0
R04,18,205,1,0.0,0.0,0.0,0.0
R04,18,206,0,0.0,0.0,0.0,0.0
R04,18,207,0,0.0,0.0,0.0,0.0
R04,18,208,0,0.0,0.0,0.0,0.0
R04,18,209,0,0.0,0.0,0.0,0.0
R04,18,210,0,0.0,0.0,0.0,0.0
R04,18,211,0,0.0,0.0,0.0,0.0
R04,18,212,0,0.0,0.0,0.0,0.0
R04,18,213,0,0.0,0.0,0.0,0.0
R04,18,214,0,0.0,0.0,0.0,0.0
R04,18,215,0,0.0,0.0,0.0,0.0
R04,18,216,0,0.0,0.0,0.0,0.0
R04,18,217,0,0.0,0.0,0.0,0.0
R04,18,218,0,0.0,0.0,0.0,0.0
R04,18,219,0,0.0,0.0,0.0,0.0
R04,18,220,0,0.0,0.0,0.0,0.0
R04,18,221,0,0.0,0.0,0.0,0.0
R04,18,222,0,0.0,0.0,0.0,0.0
R04,18,223,0,0.0,0.0,0.0,0.0
R04,18,224,0,0.0,0.0,0.0,0.0
R04,18,225,0,0.0,0.0,0.0,0.0
R04,18,226,0,0.0,0.0,0.0,0.0
R04,18,227,0,0.0,0.0,0.0,0.0
R04,18,228,0,0.0,0.0,0.0,0.0
R04,18,229,0,0.0,0.0,0.0,0.0
R04,18,230,0,0.0,0.0,0.0,0.0
R04,18,231,0,0.0,0.0,0.0,0.0
R04,18,232,0,0.0,0.0,0.0,0.0
R04,18,233,0,0.0,0.0,0.0,0.0
R04,18,234,0,0.0,0.0,0.0,0.0
R04,18,235,0,0.0,0.0,0.0,0.0
R04,18,236,0,0.0,0.0,0.0,0.0
R04,18,237,0,0.0,0.0,0.0,0.0
R04,18,238,0,0.0,0.0,0.0,0.0
R04,18,239,0,0.0,0.0,0.0,0.0
R04,18,240,0,0.0,0.0,0.0,0.0
R04,18,241,0,0.0,0.0,0.0,0.0
R04,18,242,0,0.0,0.0,0.0,0.0
R04,19,0,0,0.0,0.0,0.0,0.0
R04,19,1,0,0.0,0.0,0.0,0.0
R04,19,2,0,0.0,0.0,0.0,0.0
R04,19,3,0,0.0,0.0,0.0,0.0
R04,19,4,0,0.0,0.0,0.0,0.0
R04,19,5,0,0.0,0.0,0.0,0.0
R04,19,6,0,0.0,0.0,0.0,0.0
R04,19,7,0,0.0,0.0,0.0,0.0
R04,19,8,0,0.0,0.0,0.0,0.0
R04,19,9,0,0.0,0.0,0.0,0.0
R04,19,10,0,0.0,0.0,0.0,0.0
R04,19,11,0,0.0,0.0,0.0,0.0
R04,19,12,0,0.0,0.0,0.0,0.0
R04,19,13,0,0.0,0.0,0.0,0.0
R04,19,14,0,0.0,0.0,0.0,0.0
R04,19,15,0,0.0,0.0,0.0,0.0
R04,19,16,0,0.0,0.0,0.0,0.0
R04,19,17,0,0.0,0.0,0.0,0.0
R04,19,18,0,0.0,0.0,0.0,0.0
R04,19,19,0,0.0,0.0,0.0,0.0
R04,19,20,0,0.0,0.0,0.0,0.0
R04,19,21,0,0.0,0.0,0.0,0.0
R04,19,22,0,0.0,0.0,0.0,0.0
R04,19,23,0,0.0,0.0,0.0,0.0
R04,19,24,0,0.0,0.0,0.0,0.0
R04,19,25,0,0.0,0.0,0.0,0.0
R04,19,26,0,0.0,0.0,0.0,0.0
R04,19,27,0,0.0,0.0,0.0,0.0
R04,19,28,0,0.0,0.0,0.0,0.0
R04,19,29,0,0.0,0.0,0.0,0.0
R04,19,30,0,0.0,0.0,0.0,0.0
R04,19,31,0,0.0,0.0,0.0,0.0
R04,19,32,0,0.0,0.0,0.0,0.0
R04,19,33,0,0.0,0.0,0.0,0.0
R04,19,34,0,0.0,0.0,0.0,0.0
R04,19,35,0,0.0,0.0,0.0,0.0
R04,19,36,0,0.0,0.0,0.0,0.0
R04,19,37,0,0.0,0.0,0.0,0.0
R04,19,38,0,0.0,0.0,0.0,0.0
R04,19,39,0,0.0,0.0,0.0,0.0
R04,19,40,0,0.0,0.0,0.0,0.0
R04,19,41,0,0.0,0.0,0.0,0.0
R04,19,42,0,0.0,0.0,0.0,0.0
R04,19,43,0,0.0,0.0,0.0,0.0
R04,19,44,0,0.0,0.0,0.0,0.0
R04,19,45,0,0.0,0.0,0.0,0.0
R04,19,46,0,0.0,0.0,0.0,0.0
R04,19,47,0,0.0,0.0,0.0,0.0
R04,19,48,0,0.0,0.0,0.0,0.0
R04,19,49,0,0.0,0.0,0.0,0.0
R04,19,50,0,0.0,0.0,0.0,0.0
R04,19,51,0,0.0,0.0,0.0,0.0
R04,19,52,0,0.0,0.0,0.0,0.0
R04,19,53,0,0.0,0.0,0.0,0.0
R04,19,54,0,0.0,0.0,0.0,0.0
R04,19,55,0,0.0,0.0,0.0,0.0
R04,19,56,0,0.0,0.0,0.0,0.0
R04,19,57,0,0.0,0.0,0.0,0.0
R04,19,58,0,0.0,0.0,0.0,0.0
R04,19,59,0,0.0,0.0,0.0,0.0
R04,19,60,0,0.0,0.0,0.0,0.0
R04,19,61,0,0.0,0.0,0.0,0.0
R04,19,62,0,0.0,0.0,0.0,0.0
R04,19,63,0,0.0,0.0,0.0,0.0
R04,19,64,0,0.0,0.0,0.0,0.0
R04,19,65,0,0.0,0.0,0.0,0.0
R04,19,66,0,0.0,0.0,0.0,0.0
R04,19,67,0,0.0,0.0,0.0,0.0
R04,19,68,0,0.0,0.0,0.0,0.0
R04,19,69,0,0.0,0.0,0.0,0.0
R04,19,70,0,0.0,0.0,0.0,0.0
R04,19,71,0,0.0,0.0,0.0,0.0
R04,19,72,0,0.0,0.0,0.0,0.0
R04,19,73,0,0.0,0.0,0.0,0.0
R04,19,74,0,0.0,0.0,0.0,0.0
R04,19,75,0,0.0,0.0,0.0,0.0
R04,19,76,0,0.0,0.0,0.0,0.0
R04,19,77,0,0.0,0.0,0.0,0.0
R04,19,78,0,0.0,0.0,0.0,0.0
R04,19,79,0,0.0,0.0,0.0,0.0
R04,19,80,0,0.0,0.0,0.0,0.0
R04,19,81,0,0.0,0.0,0.0,0.0
R04,19,82,0,0.0,0.0,0.0,0.0
R04,19,83,0,0.0,0.0,0.0,0.0
R04,19,84,0,0.0,0.0,0.0,0.0
R04,19,85,0,0.0,0.0,0.0,0.0
R04,19,86,0,0.0,0.0,0.0,0.0
R04,19,87,0,0.0,0.0,0.0,0.0
R04,19,88,0,0.0,0.0,0.0,0.0
R04,19,89,0,0.0,0.0,0.0,0.0
R04,19,90,0,0.0,0.0,0.0,0.0
R04,19,91,0,0.0,0.0,0.0,0.0
R04,19,92,0,0.0,0.0,0.0,0.0
R04,19,93,0,0.0,0.0,0.0,0.0
R04,19,94,0,0.0,0.0,0.0,0.0
R04,19,95,0,0.0,0.0,0.0,0.0
R04,19,96,0,0.0,0.0,0.0,0.0
R04,19,97,0,0.0,0.0,0.0,0.0
R04,19,98,0,0.0,0.0,0.0,0.0
R04,19,99,0,0.0,0.0,0.0,0.0
R04,19,100,0,0.0,0.0,0.0,0.0
R04,19,101,0,0.0,0.0,0.0,0.0
R04,19,102,0,0.0,0.0,0.0,0.0
R04,19,103,0,0.0,0.0,0.0,0.0
R04,19,104,0,0.0,0.0,0.0,0.0
R04,19,105,0,0.0,0.0,0.0,0.0
R04,19,106,0,0.0,0.0,0.0,0.0
R04,19,107,0,0.0,0.0,0.0,0.0
R04,19,108,0,0.0,0.0,0.0,0.0
R04,19,109,0,0.0,0.0,0.0,0.0
R04,19,110,0,0.0,0.0,0.0,0.0
R04,19,111,0,0.0,0.0,0.0,0.0
R04,19,112,0,0.0,0.0,0.0,0.0
R04,19,113,0,0.0,0.0,0.0,0.0
R04,19,114,0,0.0,0.0,0.0,0.0
R04,19,115,0,0.0,0.0,0.0,0.0
R04,19,116,0,0.0,0.0,0.0,0.0
R04,19,117,0,0.0,0.0,0.0,0.0
R04,19,118,0,0.0,0.0,0.0,0.0
R04,19,119,0,0.0,0.0,0.0,0.0
R04,19,120,0,0.0,0.0,0.0,0.0
R04,19,121,0,0.0,0.0,0.0,0.0
R04,19,122,0,0.0,0.0,0.0,0.0
R04,19,123,0,0.0,0.0,0.0,0.0
R04,19,124,0,0.0,0.0,0.0,0.0
R04,19,125,0,0.0,0.0,0.0,0.0
R04,19,126,0,0.0,0.0,0.0,0.0
R04,19,127,0,0.0,0.0,0.0,0.0
R04,19,128,0,0.0,0.0,0.0,0.0
R04,19,129,0,0.0,0.0,0.0,0.0
R04,19,130,0,0.0,0.0,0.0,0.0
R04,19,131,0,0.0,0.0,0.0,0.0
R04,19,132,0,0.0,0.0,0.0,0.0
R04,19,133,0,0.0,0.0,0.0,0.0
R04,19,134,0,0.0,0.0,0.0,0.0
R04,19,135,0,0.0,0.0,0.0,0.0
R04,19,136,0,0.0,0.0,0.0,0.0
R04,19,137,0,0.0,0.0,0.0,0.0
R04,19,138,0,0.0,0.0,0.0,0.0
R04,19,139,0,0.0,0.0,0.0,0.0
R04,19,140,0,0.0,0.0,0.0,0.0
R04,19,141,0,0.0,0.0,0.0,0.0
R04,19,142,0,0.0,0.0,0.0,0.0
R04,19,143,0,0.0,0.0,0.0,0.0
R04,19,144,0,0.0,0.0,0.0,0.0
R04,19,145,0,0.0,0.0,0.0,0.0
R04,19,146,0,0.0,0.0,0.0,0.0
R04,19,147,0,0.0,0.0,0.0,0.0
R04,19,148,0,0.0,0.0,0.0,0.0
R04,19,149,0,0.0,0.0,0.0,0.0
R04,19,150,0,0.0,0.0,0.0,0.0
R04,19,151,0,0.0,0.0,0.0,0.0
R04,19,152,0,0.0,0.0,0.0,0.0
R04,19,153,0,0.0,0.0,0.0,0.0
R04,19,154,0,0.0,0.0,0.0,0.0
R04,19,155,0,0.0,0.0,0.0,0.0
R04,19,156,0,0.0,0.0,0.0,0.0
R04,19,157,0,0.0,0.0,0.0,0.0
R04,19,158,0,0.0,0.0,0.0,0.0
R04,19,159,0,0.0,0.0,0.0,0.0
R04,19,160,0,0.0,0.0,0.0,0.0
R04,19,161,0,0.0,0.0,0.0,0.0
R04,19,162,0,0.0,0.0,0.0,0.0
R04,19,163,0,0.0,0.0,0.0,0.0
R04,19,164,0,0.0,0.0,0.0,0.0
R04,19,165,0,0.0,0.0,0.0,0.0
R04,19,166,1,0.0,0.0,0.0,0.0
R04,19,167,1,0.0,0.0,0.0,0.0
R04,19,168,1,0.0,0.0,0.0,0.0
R04,19,169,1,0.0,0.0,0.0,0.0
R04,19,170,1,0.0,0.0,0.0,0.0
R04,19,171,1,0.0,0.0,0.0,0.0
R04,19,172,1,0.0,0.0,0.0,0.0
R04,19,173,1,0.0,0.0,0.0,0.0
R04,19,174,1,0.0,0.0,0.0,0.0
R04,19,175,1,0.0,0.0,0.0,0.0
R04,19,176,1,0.0,0.0,0.0,0.0
R04,19,177,1,0.0,0.0,0.0,0.0
R04,19,178,1,0.0,0.0,0.0,0.0
R04,19,179,1,0.0,0.0,0.0,0.0
R04,19,180,1,0.0,0.0,0.0,0.0
R04,19,181,1,0.0,0.0,0.0,0.0
R04,19,182,1,0.0,0.0,0.0,0.0
R04,19,183,1,0.0,0.0,0.0,0.0
R04,19,184,1,0.0,0.0,0.0,0.0
R04,19,185,1,0.0,0.0,0.0,0.0
R04,19,186,1,0.0,0.0,0.0,0.0
R04,19,187,1,0.0,0.0,0.0,0.0
R04,19,188,1,0.0,0.0,0.0,0.0
R04,19,189,1,0.0,0.0,0.0,0.0
R04,19,190,1,0.0,0.0,0.0,0.0
R04,19,191,1,0.0,0.0,0.0,0.0
R04,19,192,1,0.0,0.0,0.0,0.0
R04,19,193,1,0.0,0.0,0.0,0.0
R04,19,194,1,0.0,0.0,0.0,0.0
R04,19,195,1,0.0,0.0,0.0,0.0
R04,19,196,1,0.0,0.0,0.0,0.0
R04,19,197,1,0.0,0.0,0.0,0.0
R04,19,198,1,0.0,0.0,0.0,0.0
R04,19,199,1,0.0,0.0,0.0,0.0
R04,19,200,1,0.0,0.0,0.0,0.0
R04,19,201,1,0.0,0.0,0.0,0.0
R04,19,202,1,0.0,0.0,0.0,0.0
R04,19,203,1,0.0,0.0,0.0,0.0
R04,19,204,1,0.0,0.0,0.0,0.0
R04,19,205,1,0.0,0.0,0.0,0.0
R04,19,206,1,0.0,0.0,0.0,0.0
R04,19,207,1,0.0,0.0,0.0,0.0
R04,19,208,1,0.0,0.0,0.0,0.0
R04,19,209,1,0.0,0.0,0.0,0.0
R04,19,210,1,0.0,0.0,0.0,0.0
R04,19,211,1,0.0,0.0,0.0,0.0
R04,19,212,1,0.0,0.0,0.0,0.0
R04,19,213,1,0.0,0.0,0.0,0.0
R04,19,214,1,0.0,0.0,0.0,0.0
R04,19,215,1,0.0,0.0,0.0,0.0
R04,19,216,1,0.0,0.0,0.0,0.0
R04,19,217,1,0.0,0.0,0.0,0.0
R04,19,218,1,0.0,0.0,0.0,0.0
R04,19,219,1,0.0,0.0,0.0,0.0
R04,19,220,1,0.0,0.0,0.0,0.0
R04,19,221,1,0.0,0.0,0.0,0.0
R04,19,222,1,0.0,0.0,0.0,0.0
R04,19,223,1,0.0,0.0,0.0,0.0
R04,19,224,1,0.0,0.0,0.0,0.0
R04,19,225,1,0.0,0.0,0.0,0.0
R04,19,226,1,0.0,0.0,0.0,0.0
R04,19,227,1,0.0,0.0,0.0,0.0
R04,19,228,1,0.0,0.0,0.0,0.0
R04,19,229,1,0.0,0.0,0.0,0.0
R04,19,230,1,0.0,0.0,0.0,0.0
R04,19,231,1,0.0,0.0,0.0,0.0
R04,19,232,1,0.0,0.0,0.0,0.0
R04,19,233,1,0.0,0.0,0.0,0.0
R04,19,234,1,0.0,0.0,0.0,0.0
R04,19,235,1,0.0,0.0,0.0,0.0
R04,19,236,1,0.0,0.0,0.0,0.0
R04,19,237,1,0.0,0.0,0.0,0.0
R04,19,238,1,0.0,0.0,0.0,0.0
R04,19,239,1,0.0,0.0,0.0,0.0
R04,19,240,1,0.0,0.0,0.0,0.0
R04,19,241,1,0.0,0.0,0.0,0.0
R04,19,242,1,0.0,0.0,0.0,0.0
R04,19,243,1,0.0,0.0,0.0,0.0
R04,19,244,1,0.0,0.0,0.0,0.0
R04,19,245,1,0.0,0.0,0.0,0.0
R04,19,246,1,0.0,0.0,0.0,0.0
R04,19,247,1,0.0,0.0,0.0,0.0
R04,19,248,1,0.0,0.0,0.0,0.0
R04,19,249,1,0.0,0.0,0.0,0.0
R04,19,250,1,0.0,0.0,0.0,0.0
R04,19,251,1,0.0,0.0,0.0,0.0
R04,19,252,1,0.0,0.0,0.0,0.0
R04,19,253,1,0.0,0.0,0.0,0.0
R04,19,254,1,0.0,0.0,0.0,0.0
R04,19,255,1,0.0,0.0,0.0,0.0
R04,19,256,1,0.0,0.0,0.0,0.0
R04,19,257,1,0.0,0.0,0.0,0.0
R04,19,258,1,0.0,0.0,0.0,0.0
R04,19,259,1,0.0,0.0,0.0,0.0
R04,19,260,1,0.0,0.0,0.0,0.0
R04,19,261,1,0.0,0.0,0.0,0.0
R04,19,262,1,0.0,0.0,0.0,0.0
R04,19,263,1,0.0,0.0,0.0,0.0
R04,19,264,1,0.0,0.0,0.0,0.0
R04,19,265,1,0.0,0.0,0.0,0.0
R04,19,266,1,0.0,0.0,0.0,0.0
R04,19,267,1,0.0,0.0,0.0,0.0
R04,19,268,1,0.0,0.0,0.0,0.0
R04,19,269,1,0.0,0.0,0.0,0.0
R04,19,270,1,0.0,0.0,0.0,0.0
R04,19,271,1,0.0,0.0,0.0,0.0
R04,19,272,1,0.0,0.0,0.0,0.0
R04,19,273,1,0.0,0.0,0.0,0.0
R04,19,274,1,0.0,0.0,0.0,0.0
R04,19,275,1,0.0,0.0,0.0,0.0
R04,19,276,1,0.0,0.0,0.0,0.0
