iteration,epoch,utc,kst,train_correct,batch_size,question_before_sha256,question_after_sha256,optimizer_parse_error,learner_seconds,optimizer_seconds
1,1,2026-09-27T06:42:55.136058+00:00,2026-09-27T15:42:55.136058+09:00,1,2,c520167b85b0aac457de863326dff7db3607fc57b450af5ac2fa961c6592a244,a40550cc57cf46e0b39e7b201a3c51e115b0a409bb3a06874b5e97d6ad16d595,,2.612636029953137,4.6520309841725975
2,1,2026-09-27T06:43:03.988002+00:00,2026-09-27T15:43:03.988002+09:00,1,2,a40550cc57cf46e0b39e7b201a3c51e115b0a409bb3a06874b5e97d6ad16d595,777362b4d86d74a7205d49d69998e94e6ce4c4cd2c64bb51e659edad1d2edf9e,,4.205205603968352,4.500123684993014
3,1,2026-09-27T06:43:13.633506+00:00,2026-09-27T15:43:13.633506+09:00,2,2,777362b4d86d74a7205d49d69998e94e6ce4c4cd2c64bb51e659edad1d2edf9e,b4cf3e158ebfb91a55d58d31b1595e941744aec645a051a737dec3fc3d5d408a,,4.066893374081701,5.427020979113877
4,1,2026-09-27T06:43:21.870097+00:00,2026-09-27T15:43:21.870097+09:00,2,2,b4cf3e158ebfb91a55d58d31b1595e941744aec645a051a737dec3fc3d5d408a,155391edd6de8b4707fd58f3df88ec3a404c9af0d86be08cc5b7eaa981eee2d0,,3.415601841174066,4.675383114954457
5,1,2026-09-27T06:43:31.373625+00:00,2026-09-27T15:43:31.373625+09:00,1,2,155391edd6de8b4707fd58f3df88ec3a404c9af0d86be08cc5b7eaa981eee2d0,d7877dbcda25a194a3d5b1f56ef022f3014dc8d698a7a8a8f45ace1055f6c3e7,,4.292589938035235,5.054693723097444
6,1,2026-09-27T06:43:39.548478+00:00,2026-09-27T15:43:39.548478+09:00,2,2,d7877dbcda25a194a3d5b1f56ef022f3014dc8d698a7a8a8f45ace1055f6c3e7,40619ebe08b6205816c65ffac6aef1c1135267601f44325888507bbe4805e55d,,3.1942396799568087,4.82915082317777
7,1,2026-09-27T06:43:47.765821+00:00,2026-09-27T15:43:47.765821+09:00,2,2,40619ebe08b6205816c65ffac6aef1c1135267601f44325888507bbe4805e55d,fcf38504257b198d8224149b5329e1e587b0035e95ee3a12d3e0dd38c0c1e3e6,,2.941506567178294,5.071672273101285
8,1,2026-09-27T06:43:58.800881+00:00,2026-09-27T15:43:58.800881+09:00,0,2,fcf38504257b198d8224149b5329e1e587b0035e95ee3a12d3e0dd38c0c1e3e6,c6518b43128656c24880c99d672d800486597ca45263b1c8989c81cb374a797d,,4.294628938892856,6.53443497302942
9,1,2026-09-27T06:44:10.007222+00:00,2026-09-27T15:44:10.007222+09:00,0,2,c6518b43128656c24880c99d672d800486597ca45263b1c8989c81cb374a797d,c6518b43128656c24880c99d672d800486597ca45263b1c8989c81cb374a797d,Optimizer did not return 1..5 numbered questions,3.2151847269851714,7.847634072881192
10,1,2026-09-27T06:44:19.958739+00:00,2026-09-27T15:44:19.958739+09:00,1,2,c6518b43128656c24880c99d672d800486597ca45263b1c8989c81cb374a797d,c6518b43128656c24880c99d672d800486597ca45263b1c8989c81cb374a797d,Optimizer did not return 1..5 numbered questions,2.9115284751169384,6.896752000786364
11,1,2026-09-27T06:44:28.338181+00:00,2026-09-27T15:44:28.338181+09:00,0,2,c6518b43128656c24880c99d672d800486597ca45263b1c8989c81cb374a797d,c6518b43128656c24880c99d672d800486597ca45263b1c8989c81cb374a797d,,3.301864231005311,4.920539140002802
12,1,2026-09-27T06:44:37.262218+00:00,2026-09-27T15:44:37.262218+09:00,2,2,c6518b43128656c24880c99d672d800486597ca45263b1c8989c81cb374a797d,c6518b43128656c24880c99d672d800486597ca45263b1c8989c81cb374a797d,,3.3821666862349957,5.394699898082763
13,1,2026-09-27T06:44:46.819157+00:00,2026-09-27T15:44:46.819157+09:00,2,2,c6518b43128656c24880c99d672d800486597ca45263b1c8989c81cb374a797d,c6518b43128656c24880c99d672d800486597ca45263b1c8989c81cb374a797d,,4.034059769008309,5.376707274932414
14,1,2026-09-27T06:44:58.609534+00:00,2026-09-27T15:44:58.609534+09:00,1,2,c6518b43128656c24880c99d672d800486597ca45263b1c8989c81cb374a797d,c6518b43128656c24880c99d672d800486597ca45263b1c8989c81cb374a797d,Optimizer did not return 1..5 numbered questions,4.7916743939276785,6.786655914969742
15,1,2026-09-27T06:45:07.803147+00:00,2026-09-27T15:45:07.803147+09:00,1,2,c6518b43128656c24880c99d672d800486597ca45263b1c8989c81cb374a797d,45b920d908d78e94f5fab10f2add1d5edf82987bca978563e7f87ec970ef8992,,3.3375598820857704,5.71043689805083
16,1,2026-09-27T06:45:17.916062+00:00,2026-09-27T15:45:17.916062+09:00,2,2,45b920d908d78e94f5fab10f2add1d5edf82987bca978563e7f87ec970ef8992,45b920d908d78e94f5fab10f2add1d5edf82987bca978563e7f87ec970ef8992,Optimizer did not return 1..5 numbered questions,3.8587081290315837,6.054141555912793
17,1,2026-09-27T06:45:28.877755+00:00,2026-09-27T15:45:28.877755+09:00,2,2,45b920d908d78e94f5fab10f2add1d5edf82987bca978563e7f87ec970ef8992,45b920d908d78e94f5fab10f2add1d5edf82987bca978563e7f87ec970ef8992,Optimizer did not return 1..5 numbered questions,4.6428471128456295,6.053449559956789
18,1,2026-09-27T06:45:38.293249+00:00,2026-09-27T15:45:38.293249+09:00,2,2,45b920d908d78e94f5fab10f2add1d5edf82987bca978563e7f87ec970ef8992,60e674a08c3f6ea17076af6fdd29d6ffb29f1c4b827391b2ffe7ca15c87fd69a,,3.5690279661212116,5.694888822035864
19,1,2026-09-27T06:45:47.933808+00:00,2026-09-27T15:45:47.933808+09:00,2,2,60e674a08c3f6ea17076af6fdd29d6ffb29f1c4b827391b2ffe7ca15c87fd69a,60e674a08c3f6ea17076af6fdd29d6ffb29f1c4b827391b2ffe7ca15c87fd69a,,3.8481045707594603,5.650248110992834
20,1,2026-09-27T06:45:59.216038+00:00,2026-09-27T15:45:59.216038+09:00,1,2,60e674a08c3f6ea17076af6fdd29d6ffb29f1c4b827391b2ffe7ca15c87fd69a,60e674a08c3f6ea17076af6fdd29d6ffb29f1c4b827391b2ffe7ca15c87fd69a,Optimizer did not return 1..5 numbered questions,3.8641799341421574,7.215193410869688
21,1,2026-09-27T06:46:09.700826+00:00,2026-09-27T15:46:09.700826+09:00,2,2,60e674a08c3f6ea17076af6fdd29d6ffb29f1c4b827391b2ffe7ca15c87fd69a,60e674a08c3f6ea17076af6fdd29d6ffb29f1c4b827391b2ffe7ca15c87fd69a,Missing or repeated New Prompt Questions marker,3.9207305288873613,6.318086829036474
22,1,2026-09-27T06:46:22.090439+00:00,2026-09-27T15:46:22.090439+09:00,1,2,60e674a08c3f6ea17076af6fdd29d6ffb29f1c4b827391b2ffe7ca15c87fd69a,60e674a08c3f6ea17076af6fdd29d6ffb29f1c4b827391b2ffe7ca15c87fd69a,Optimizer did not return 1..5 numbered questions,5.254457502858713,6.9796252232044935
23,1,2026-09-27T06:46:33.658291+00:00,2026-09-27T15:46:33.658291+09:00,1,2,60e674a08c3f6ea17076af6fdd29d6ffb29f1c4b827391b2ffe7ca15c87fd69a,60e674a08c3f6ea17076af6fdd29d6ffb29f1c4b827391b2ffe7ca15c87fd69a,Optimizer did not return 1..5 numbered questions,4.339848023140803,7.067649574019015
24,1,2026-09-27T06:46:45.015739+00:00,2026-09-27T15:46:45.015739+09:00,2,2,60e674a08c3f6ea17076af6fdd29d6ffb29f1c4b827391b2ffe7ca15c87fd69a,60e674a08c3f6ea17076af6fdd29d6ffb29f1c4b827391b2ffe7ca15c87fd69a,Missing or repeated New Prompt Questions marker,4.830815747845918,6.376308680977672
25,1,2026-09-27T06:46:55.842762+00:00,2026-09-27T15:46:55.842762+09:00,2,2,60e674a08c3f6ea17076af6fdd29d6ffb29f1c4b827391b2ffe7ca15c87fd69a,60e674a08c3f6ea17076af6fdd29d6ffb29f1c4b827391b2ffe7ca15c87fd69a,Missing or repeated New Prompt Questions marker,4.469662445131689,6.208789936034009
26,1,2026-09-27T06:47:04.873416+00:00,2026-09-27T15:47:04.873416+09:00,0,2,60e674a08c3f6ea17076af6fdd29d6ffb29f1c4b827391b2ffe7ca15c87fd69a,fe47032f97b946b7d323277db451607f4347df9e6a1dfb567a8177d859cef742,,3.7320214798673987,5.151586233172566
27,1,2026-09-27T06:47:14.454557+00:00,2026-09-27T15:47:14.454557+09:00,2,2,fe47032f97b946b7d323277db451607f4347df9e6a1dfb567a8177d859cef742,fe47032f97b946b7d323277db451607f4347df9e6a1dfb567a8177d859cef742,,3.7676536799408495,5.670135359978303
28,1,2026-09-27T06:47:25.126347+00:00,2026-09-27T15:47:25.126347+09:00,2,2,fe47032f97b946b7d323277db451607f4347df9e6a1dfb567a8177d859cef742,fe47032f97b946b7d323277db451607f4347df9e6a1dfb567a8177d859cef742,,4.504460091935471,6.014104733010754
29,1,2026-09-27T06:47:35.712624+00:00,2026-09-27T15:47:35.712624+09:00,1,2,fe47032f97b946b7d323277db451607f4347df9e6a1dfb567a8177d859cef742,fe47032f97b946b7d323277db451607f4347df9e6a1dfb567a8177d859cef742,,4.824935084907338,5.615128708072007
30,1,2026-09-27T06:47:47.545706+00:00,2026-09-27T15:47:47.545706+09:00,1,2,fe47032f97b946b7d323277db451607f4347df9e6a1dfb567a8177d859cef742,08c6be4de20b43fa824035eaf6e6d01f1c447802bdc50a1d9eaf994aa7d62c30,,4.310770648997277,7.225045170169324
31,1,2026-09-27T06:47:59.536890+00:00,2026-09-27T15:47:59.536890+09:00,1,2,08c6be4de20b43fa824035eaf6e6d01f1c447802bdc50a1d9eaf994aa7d62c30,08c6be4de20b43fa824035eaf6e6d01f1c447802bdc50a1d9eaf994aa7d62c30,,4.64115409902297,7.204248646972701
32,1,2026-09-27T06:48:09.556906+00:00,2026-09-27T15:48:09.556906+09:00,2,2,08c6be4de20b43fa824035eaf6e6d01f1c447802bdc50a1d9eaf994aa7d62c30,241b349519243cf9c1a03406757f44d988491d816545764ee37af1f1ac84000c,,3.7128881060052663,6.1010986608453095
33,1,2026-09-27T06:48:19.380497+00:00,2026-09-27T15:48:19.380497+09:00,2,2,241b349519243cf9c1a03406757f44d988491d816545764ee37af1f1ac84000c,49171c8268aee0c69b2a274def3d6d74a1a1f5bc4ab4b173f5cd5179c91a1877,,3.4830140098929405,6.191976579837501
34,1,2026-09-27T06:48:29.045821+00:00,2026-09-27T15:48:29.045821+09:00,2,2,49171c8268aee0c69b2a274def3d6d74a1a1f5bc4ab4b173f5cd5179c91a1877,ad4c12f251751a2601d01d7927758ac918c6ace84498342528b66545746757e1,,3.0827678767964244,6.434070365969092
35,1,2026-09-27T06:48:38.951591+00:00,2026-09-27T15:48:38.951591+09:00,2,2,ad4c12f251751a2601d01d7927758ac918c6ace84498342528b66545746757e1,4343877aaf40788ce32301e5d2a23ac9842cadaa05fb8d56c971226c74c00226,,3.1854796579573303,6.543225029017776
36,1,2026-09-27T06:48:49.929641+00:00,2026-09-27T15:48:49.929641+09:00,2,2,4343877aaf40788ce32301e5d2a23ac9842cadaa05fb8d56c971226c74c00226,1e988860268f508fca5854b0e091918588da6f296a617b9b058809228e0f5b1f,,4.359161127125844,6.4683364778757095
37,1,2026-09-27T06:49:00.242224+00:00,2026-09-27T15:49:00.242224+09:00,1,2,1e988860268f508fca5854b0e091918588da6f296a617b9b058809228e0f5b1f,678ee5eb64a604577667bfbede86cfaacd08a4d1a5bc5cace7504382dcc3dff8,,2.8888846510089934,7.276195281883702
38,1,2026-09-27T06:49:12.243959+00:00,2026-09-27T15:49:12.243959+09:00,0,2,678ee5eb64a604577667bfbede86cfaacd08a4d1a5bc5cace7504382dcc3dff8,678ee5eb64a604577667bfbede86cfaacd08a4d1a5bc5cace7504382dcc3dff8,,5.019565380876884,6.824829925084487
39,1,2026-09-27T06:49:24.154850+00:00,2026-09-27T15:49:24.154850+09:00,2,2,678ee5eb64a604577667bfbede86cfaacd08a4d1a5bc5cace7504382dcc3dff8,0e98ccb4a7e7d5056a659925cad05de13b086e9400b167b4b534ec1614a1fc21,,4.446834857109934,7.264497013995424
40,1,2026-09-27T06:49:36.252825+00:00,2026-09-27T15:49:36.252825+09:00,2,2,0e98ccb4a7e7d5056a659925cad05de13b086e9400b167b4b534ec1614a1fc21,0e98ccb4a7e7d5056a659925cad05de13b086e9400b167b4b534ec1614a1fc21,,4.360637281090021,7.5844167079776525
41,1,2026-09-27T06:49:50.235924+00:00,2026-09-27T15:49:50.235924+09:00,1,2,0e98ccb4a7e7d5056a659925cad05de13b086e9400b167b4b534ec1614a1fc21,0e98ccb4a7e7d5056a659925cad05de13b086e9400b167b4b534ec1614a1fc21,Optimizer did not return 1..5 numbered questions,4.20887497602962,9.615589500870556
42,1,2026-09-27T06:50:01.503297+00:00,2026-09-27T15:50:01.503297+09:00,2,2,0e98ccb4a7e7d5056a659925cad05de13b086e9400b167b4b534ec1614a1fc21,4d06b2e4adfab4c70a64b2a454233dcc4a8c43e6550ef913db4fa9105f604f35,,3.4884876541327685,7.6204095259308815
43,1,2026-09-27T06:50:13.749346+00:00,2026-09-27T15:50:13.749346+09:00,1,2,4d06b2e4adfab4c70a64b2a454233dcc4a8c43e6550ef913db4fa9105f604f35,4d06b2e4adfab4c70a64b2a454233dcc4a8c43e6550ef913db4fa9105f604f35,Optimizer did not return 1..5 numbered questions,3.6918043501209468,8.396763538941741
44,1,2026-09-27T06:50:26.657510+00:00,2026-09-27T15:50:26.657510+09:00,0,2,4d06b2e4adfab4c70a64b2a454233dcc4a8c43e6550ef913db4fa9105f604f35,8b729ab3c15002129e59686f289253886ebba81734ada3ff1a4b7e8c41fd922a,,4.345821011113003,8.410682833055034
45,1,2026-09-27T06:50:37.867979+00:00,2026-09-27T15:50:37.867979+09:00,2,2,8b729ab3c15002129e59686f289253886ebba81734ada3ff1a4b7e8c41fd922a,8b729ab3c15002129e59686f289253886ebba81734ada3ff1a4b7e8c41fd922a,,3.524277502205223,7.534163339994848
46,1,2026-09-27T06:50:49.793231+00:00,2026-09-27T15:50:49.793231+09:00,1,2,8b729ab3c15002129e59686f289253886ebba81734ada3ff1a4b7e8c41fd922a,aca92657ca9182a171dc585b428625fc3361872e4c401a59f30f7abefd950c1b,,4.48980238288641,7.279542169068009
47,1,2026-09-27T06:51:00.361293+00:00,2026-09-27T15:51:00.361293+09:00,1,2,aca92657ca9182a171dc585b428625fc3361872e4c401a59f30f7abefd950c1b,491c7957eca8ed2f0084f377d02d481ae19c7bb755d04fbc9f0650832d34496a,,3.38407195196487,6.992410853970796
48,1,2026-09-27T06:51:10.641109+00:00,2026-09-27T15:51:10.641109+09:00,1,2,491c7957eca8ed2f0084f377d02d481ae19c7bb755d04fbc9f0650832d34496a,5aae49b66563b26b6c35a0fe56518d22183d30056511850170b8090e7a9ac725,,3.729478681925684,6.3934487050864846
49,1,2026-09-27T06:51:19.977110+00:00,2026-09-27T15:51:19.977110+09:00,2,2,5aae49b66563b26b6c35a0fe56518d22183d30056511850170b8090e7a9ac725,296af9cdf5c08f104f8666e902cdbfba0f74fe518041a13bb2e9cc4d853ab169,,3.541281546698883,5.641681323060766
50,1,2026-09-27T06:51:30.271235+00:00,2026-09-27T15:51:30.271235+09:00,2,2,296af9cdf5c08f104f8666e902cdbfba0f74fe518041a13bb2e9cc4d853ab169,34b64302d60b54671723c2893af5cf9af0304604d66850ffb3a4dfdaf33c2637,,4.164883521851152,5.979216241044924
51,1,2026-09-27T06:51:40.515925+00:00,2026-09-27T15:51:40.515925+09:00,2,2,34b64302d60b54671723c2893af5cf9af0304604d66850ffb3a4dfdaf33c2637,2ee70f3ded9c5a24ebd6d35eca0aa066ae18ebe0838402f5f352bee35f186bb9,,4.178122879937291,5.853703293949366
52,1,2026-09-27T06:51:49.346856+00:00,2026-09-27T15:51:49.346856+09:00,1,2,2ee70f3ded9c5a24ebd6d35eca0aa066ae18ebe0838402f5f352bee35f186bb9,2ee70f3ded9c5a24ebd6d35eca0aa066ae18ebe0838402f5f352bee35f186bb9,,3.5125083087477833,5.155169407837093
53,1,2026-09-27T06:51:58.170455+00:00,2026-09-27T15:51:58.170455+09:00,2,2,2ee70f3ded9c5a24ebd6d35eca0aa066ae18ebe0838402f5f352bee35f186bb9,2ee70f3ded9c5a24ebd6d35eca0aa066ae18ebe0838402f5f352bee35f186bb9,,3.4386795789469033,5.232046204153448
54,1,2026-09-27T06:52:08.269314+00:00,2026-09-27T15:52:08.269314+09:00,1,2,2ee70f3ded9c5a24ebd6d35eca0aa066ae18ebe0838402f5f352bee35f186bb9,5dbfa644afcff92d5b6467414a0412ebfe0706dcbd12024070ca44cb32590d9e,,4.362710238900036,5.525603755144402
55,1,2026-09-27T06:52:17.965235+00:00,2026-09-27T15:52:17.965235+09:00,1,2,5dbfa644afcff92d5b6467414a0412ebfe0706dcbd12024070ca44cb32590d9e,8fcfa6494e891cad512c678839377450bde88d58eae0c503faa3c30c3c4f6d7f,,3.8314229752868414,5.708952091867104
56,1,2026-09-27T06:52:27.297687+00:00,2026-09-27T15:52:27.297687+09:00,1,2,8fcfa6494e891cad512c678839377450bde88d58eae0c503faa3c30c3c4f6d7f,866201fae078870c41e9376014b383d75f1d60ea22b88c1807baf09234c39586,,3.673770906869322,5.51167945493944
57,1,2026-09-27T06:52:35.953051+00:00,2026-09-27T15:52:35.953051+09:00,2,2,866201fae078870c41e9376014b383d75f1d60ea22b88c1807baf09234c39586,eca6d692ae1fc82bb4ea075902ec3a142b62504b71c4648a848d1a22a85f74f1,,3.1406359130050987,5.3507787571288645
58,1,2026-09-27T06:52:46.515963+00:00,2026-09-27T15:52:46.515963+09:00,2,2,eca6d692ae1fc82bb4ea075902ec3a142b62504b71c4648a848d1a22a85f74f1,eca6d692ae1fc82bb4ea075902ec3a142b62504b71c4648a848d1a22a85f74f1,,5.123895616037771,5.178428896004334
59,1,2026-09-27T06:52:57.529098+00:00,2026-09-27T15:52:57.529098+09:00,2,2,eca6d692ae1fc82bb4ea075902ec3a142b62504b71c4648a848d1a22a85f74f1,eca6d692ae1fc82bb4ea075902ec3a142b62504b71c4648a848d1a22a85f74f1,Incomplete/trailing content in question,4.755556949879974,6.060518201906234
60,1,2026-09-27T06:53:07.373239+00:00,2026-09-27T15:53:07.373239+09:00,0,2,eca6d692ae1fc82bb4ea075902ec3a142b62504b71c4648a848d1a22a85f74f1,eca6d692ae1fc82bb4ea075902ec3a142b62504b71c4648a848d1a22a85f74f1,,4.825735023943707,4.856933539034799
61,2,2026-09-27T06:53:17.860433+00:00,2026-09-27T15:53:17.860433+09:00,1,2,eca6d692ae1fc82bb4ea075902ec3a142b62504b71c4648a848d1a22a85f74f1,c32b2ccb06efd370862d9c9596ec9f0503836af06a191f1252d7f3bb79815575,,4.89207031391561,5.395107548916712
62,2,2026-09-27T06:53:27.510826+00:00,2026-09-27T15:53:27.510826+09:00,1,2,c32b2ccb06efd370862d9c9596ec9f0503836af06a191f1252d7f3bb79815575,1e9e36fca2e0ad24be275ce25822a0607bb98065f053fdb68911e10583c40ac0,,3.9290429351385683,5.505096236942336
63,2,2026-09-27T06:53:37.748905+00:00,2026-09-27T15:53:37.748905+09:00,2,2,1e9e36fca2e0ad24be275ce25822a0607bb98065f053fdb68911e10583c40ac0,1e9e36fca2e0ad24be275ce25822a0607bb98065f053fdb68911e10583c40ac0,,4.566867399960756,5.412752828095108
64,2,2026-09-27T06:53:47.844220+00:00,2026-09-27T15:53:47.844220+09:00,2,2,1e9e36fca2e0ad24be275ce25822a0607bb98065f053fdb68911e10583c40ac0,1e9e36fca2e0ad24be275ce25822a0607bb98065f053fdb68911e10583c40ac0,Optimizer did not return 1..5 numbered questions,4.196610679849982,5.742579287150875
65,2,2026-09-27T06:53:58.153394+00:00,2026-09-27T15:53:58.153394+09:00,0,2,1e9e36fca2e0ad24be275ce25822a0607bb98065f053fdb68911e10583c40ac0,1e9e36fca2e0ad24be275ce25822a0607bb98065f053fdb68911e10583c40ac0,Incomplete/trailing content in question,4.280335048912093,5.877373086055741
66,2,2026-09-27T06:54:10.020326+00:00,2026-09-27T15:54:10.020326+09:00,2,2,1e9e36fca2e0ad24be275ce25822a0607bb98065f053fdb68911e10583c40ac0,1e9e36fca2e0ad24be275ce25822a0607bb98065f053fdb68911e10583c40ac0,Missing or repeated New Prompt Questions marker,5.477304856991395,6.193303734064102
67,2,2026-09-27T06:54:20.781461+00:00,2026-09-27T15:54:20.781461+09:00,2,2,1e9e36fca2e0ad24be275ce25822a0607bb98065f053fdb68911e10583c40ac0,1e9e36fca2e0ad24be275ce25822a0607bb98065f053fdb68911e10583c40ac0,,5.185767441056669,5.4223737539723516
68,2,2026-09-27T06:54:30.960232+00:00,2026-09-27T15:54:30.960232+09:00,1,2,1e9e36fca2e0ad24be275ce25822a0607bb98065f053fdb68911e10583c40ac0,1e9e36fca2e0ad24be275ce25822a0607bb98065f053fdb68911e10583c40ac0,,4.324345174245536,5.692546304082498
69,2,2026-09-27T06:54:42.901803+00:00,2026-09-27T15:54:42.901803+09:00,2,2,1e9e36fca2e0ad24be275ce25822a0607bb98065f053fdb68911e10583c40ac0,1e9e36fca2e0ad24be275ce25822a0607bb98065f053fdb68911e10583c40ac0,Optimizer did not return 1..5 numbered questions,4.5849278680980206,7.142640765057877
70,2,2026-09-27T06:54:52.728956+00:00,2026-09-27T15:54:52.728956+09:00,1,2,1e9e36fca2e0ad24be275ce25822a0607bb98065f053fdb68911e10583c40ac0,fdd5a448eb26891004a0b717621f9b29b18a429664d3afc97e132a9b2d548dcd,,4.521547768963501,5.149180738022551
71,2,2026-09-27T06:55:02.968248+00:00,2026-09-27T15:55:02.968248+09:00,2,2,fdd5a448eb26891004a0b717621f9b29b18a429664d3afc97e132a9b2d548dcd,772d520e53d2dffd30a4d4b85e0d511e816e654bacdb38e29b350dfa4d28408d,,4.106562632136047,5.9821655340492725
72,2,2026-09-27T06:55:12.885741+00:00,2026-09-27T15:55:12.885741+09:00,1,2,772d520e53d2dffd30a4d4b85e0d511e816e654bacdb38e29b350dfa4d28408d,c8218ae8eee504bb1f81bc1e55b1e879834821928082c7f245450eb2b46fa47c,,4.251243551960215,5.512361668050289
73,2,2026-09-27T06:55:23.497908+00:00,2026-09-27T15:55:23.497908+09:00,2,2,c8218ae8eee504bb1f81bc1e55b1e879834821928082c7f245450eb2b46fa47c,1b324908f21fa421af0c938a733a0345c968a954b5d87290f2815c7f7a241c3e,,4.063839874230325,6.3974424679763615
74,2,2026-09-27T06:55:36.896370+00:00,2026-09-27T15:55:36.896370+09:00,2,2,1b324908f21fa421af0c938a733a0345c968a954b5d87290f2815c7f7a241c3e,640b5fbbe758d854c00ad52a64818a137aff74a58d2fb78ab4350c205c4fa3f9,,6.018716624006629,7.2189736240543425
75,2,2026-09-27T06:55:46.008892+00:00,2026-09-27T15:55:46.008892+09:00,1,2,640b5fbbe758d854c00ad52a64818a137aff74a58d2fb78ab4350c205c4fa3f9,fae2a19634cea946a7c9d91109bfd8d07a29e9ef0651f09355904468cf9aace4,,2.952574542025104,6.012947802897543
76,2,2026-09-27T06:55:55.226535+00:00,2026-09-27T15:55:55.226535+09:00,1,2,fae2a19634cea946a7c9d91109bfd8d07a29e9ef0651f09355904468cf9aace4,d5cddb43ff899f2d2c2d1eaa713af30f7b56125b148e857aabb50bf4e795abf9,,3.1661687458399683,5.890246014809236
77,2,2026-09-27T06:56:06.321959+00:00,2026-09-27T15:56:06.321959+09:00,1,2,d5cddb43ff899f2d2c2d1eaa713af30f7b56125b148e857aabb50bf4e795abf9,03b8fd867accad687ea43ba77c9b4a57b385f96b60774f41b3d6b3cdaadc748d,,5.508912881137803,5.380318294046447
78,2,2026-09-27T06:56:17.037141+00:00,2026-09-27T15:56:17.037141+09:00,1,2,03b8fd867accad687ea43ba77c9b4a57b385f96b60774f41b3d6b3cdaadc748d,03b8fd867accad687ea43ba77c9b4a57b385f96b60774f41b3d6b3cdaadc748d,,4.774944703094661,5.788491484010592
79,2,2026-09-27T06:56:25.565838+00:00,2026-09-27T15:56:25.565838+09:00,1,2,03b8fd867accad687ea43ba77c9b4a57b385f96b60774f41b3d6b3cdaadc748d,ded4adb449da9b6a1925d4d581ba0663e2506ded88fe61c34360fb4badbd5736,,3.552690649172291,4.818879246944562
80,2,2026-09-27T06:56:34.248041+00:00,2026-09-27T15:56:34.248041+09:00,1,2,ded4adb449da9b6a1925d4d581ba0663e2506ded88fe61c34360fb4badbd5736,6db937fdf650db4a984b1dac54f209ad4be472086e286a8fef8c98cdc71eda2a,,2.6886646600905806,5.844414663035423
81,2,2026-09-27T06:56:50.584804+00:00,2026-09-27T15:56:50.584804+09:00,1,2,6db937fdf650db4a984b1dac54f209ad4be472086e286a8fef8c98cdc71eda2a,5b8d8e5ea7b9dd147dbe23dfb846c9a6f522fd4311b7bdd3ae46578a5449574e,,8.04164952901192,8.082361546112224
82,2,2026-09-27T06:57:02.244319+00:00,2026-09-27T15:57:02.244319+09:00,1,2,5b8d8e5ea7b9dd147dbe23dfb846c9a6f522fd4311b7bdd3ae46578a5449574e,3d763854c024ea17e9ebc1922857928883568ad1069863758fb8fb7ff8bc478b,,6.224767911015078,5.282626623986289
83,2,2026-09-27T06:57:13.741124+00:00,2026-09-27T15:57:13.741124+09:00,2,2,3d763854c024ea17e9ebc1922857928883568ad1069863758fb8fb7ff8bc478b,833d06fb30f2cbac1ba62c61a8cafe9c9f2a7140cfc7f8a6284a216786e071a1,,6.734825930092484,4.612237416906282
84,2,2026-09-27T06:57:24.373654+00:00,2026-09-27T15:57:24.373654+09:00,2,2,833d06fb30f2cbac1ba62c61a8cafe9c9f2a7140cfc7f8a6284a216786e071a1,833d06fb30f2cbac1ba62c61a8cafe9c9f2a7140cfc7f8a6284a216786e071a1,,4.455472042784095,6.028901817044243
85,2,2026-09-27T06:57:33.438187+00:00,2026-09-27T15:57:33.438187+09:00,2,2,833d06fb30f2cbac1ba62c61a8cafe9c9f2a7140cfc7f8a6284a216786e071a1,fd32c0dd67f4fc3267d59d86315649b57174d5462444eefc817809faf9c4f897,,4.550989668117836,4.356475524138659
86,2,2026-09-27T06:57:41.831769+00:00,2026-09-27T15:57:41.831769+09:00,2,2,fd32c0dd67f4fc3267d59d86315649b57174d5462444eefc817809faf9c4f897,65d849a52372e06af405603313417a5acbcdede8d2c60b06a900fe20a36294c4,,3.4421906508505344,4.800554883200675
87,2,2026-09-27T06:57:51.507468+00:00,2026-09-27T15:57:51.507468+09:00,2,2,65d849a52372e06af405603313417a5acbcdede8d2c60b06a900fe20a36294c4,49f1c2709f503372f37ee6ded304351a895e89bb28d16ca1f3bcf186bea059e9,,3.793179814936593,5.7281553889624774
88,2,2026-09-27T06:57:59.616475+00:00,2026-09-27T15:57:59.616475+09:00,0,2,49f1c2709f503372f37ee6ded304351a895e89bb28d16ca1f3bcf186bea059e9,49f1c2709f503372f37ee6ded304351a895e89bb28d16ca1f3bcf186bea059e9,,3.0090721528977156,4.942449165973812
89,2,2026-09-27T06:58:09.298135+00:00,2026-09-27T15:58:09.298135+09:00,1,2,49f1c2709f503372f37ee6ded304351a895e89bb28d16ca1f3bcf186bea059e9,07e09831f32f20a5f5d04072f1ff1ecebb8aabdbbec68e2ce23868953bb52f9f,,3.105364206014201,6.391357542946935
90,2,2026-09-27T06:58:19.889501+00:00,2026-09-27T15:58:19.889501+09:00,2,2,07e09831f32f20a5f5d04072f1ff1ecebb8aabdbbec68e2ce23868953bb52f9f,07e09831f32f20a5f5d04072f1ff1ecebb8aabdbbec68e2ce23868953bb52f9f,Optimizer did not return 1..5 numbered questions,4.795581880025566,5.639308986021206
91,2,2026-09-27T06:58:30.101571+00:00,2026-09-27T15:58:30.101571+09:00,1,2,07e09831f32f20a5f5d04072f1ff1ecebb8aabdbbec68e2ce23868953bb52f9f,8c4377257c051296b8c53aeb05cbcf3224993cf047ce1fafc3133d6affd05de0,,4.667020697845146,5.382804988883436
92,2,2026-09-27T06:58:40.718593+00:00,2026-09-27T15:58:40.718593+09:00,2,2,8c4377257c051296b8c53aeb05cbcf3224993cf047ce1fafc3133d6affd05de0,644d065c936cc5d07d77d40afcec6a1ea0729f4021e3abdfcfd4440315388e68,,4.792809296632186,5.663043084088713
93,2,2026-09-27T06:58:50.728207+00:00,2026-09-27T15:58:50.728207+09:00,2,2,644d065c936cc5d07d77d40afcec6a1ea0729f4021e3abdfcfd4440315388e68,36a11147eb448206cf094044441439dd364615f1fe1f28e82081104d8b921f2e,,4.617859551915899,5.211650724988431
94,2,2026-09-27T06:58:59.141105+00:00,2026-09-27T15:58:59.141105+09:00,2,2,36a11147eb448206cf094044441439dd364615f1fe1f28e82081104d8b921f2e,dfd9f789c6592a62ed5ef4c68006cbe3e6ee16cd794f1de1eeb2a45411f503c7,,3.684524597832933,4.572555342921987
95,2,2026-09-27T06:59:11.220361+00:00,2026-09-27T15:59:11.220361+09:00,1,2,dfd9f789c6592a62ed5ef4c68006cbe3e6ee16cd794f1de1eeb2a45411f503c7,a53fecd41c230c6afc56010ad60b43e3d4cd9d63a7468034b57080d97d083bf9,,5.053130521206185,6.79828148894012
96,2,2026-09-27T06:59:21.312427+00:00,2026-09-27T15:59:21.312427+09:00,2,2,a53fecd41c230c6afc56010ad60b43e3d4cd9d63a7468034b57080d97d083bf9,a53fecd41c230c6afc56010ad60b43e3d4cd9d63a7468034b57080d97d083bf9,,4.467258546967059,5.466336367884651
97,2,2026-09-27T06:59:30.995375+00:00,2026-09-27T15:59:30.995375+09:00,2,2,a53fecd41c230c6afc56010ad60b43e3d4cd9d63a7468034b57080d97d083bf9,a53fecd41c230c6afc56010ad60b43e3d4cd9d63a7468034b57080d97d083bf9,,4.336553302127868,5.139294907217845
98,2,2026-09-27T06:59:40.974386+00:00,2026-09-27T15:59:40.974386+09:00,1,2,a53fecd41c230c6afc56010ad60b43e3d4cd9d63a7468034b57080d97d083bf9,a53fecd41c230c6afc56010ad60b43e3d4cd9d63a7468034b57080d97d083bf9,,4.337388610001653,5.496358391130343
99,2,2026-09-27T06:59:50.381855+00:00,2026-09-27T15:59:50.381855+09:00,1,2,a53fecd41c230c6afc56010ad60b43e3d4cd9d63a7468034b57080d97d083bf9,11ca897009af1d37cc1a419971f43155670c7e2232b98366ff06dd84d83e9785,,4.3385711221490055,4.9149911240674555
100,2,2026-09-27T07:00:01.202358+00:00,2026-09-27T16:00:01.202358+09:00,1,2,11ca897009af1d37cc1a419971f43155670c7e2232b98366ff06dd84d83e9785,7b1b53f75fd3f39d3ecb48a74a102de7f6d41f5d91e6da58bed465350454a2de,,4.49205337301828,6.173790978966281
101,2,2026-09-27T07:00:42.492167+00:00,2026-09-27T16:00:42.492167+09:00,1,2,7b1b53f75fd3f39d3ecb48a74a102de7f6d41f5d91e6da58bed465350454a2de,7b1b53f75fd3f39d3ecb48a74a102de7f6d41f5d91e6da58bed465350454a2de,Optimizer did not return 1..5 numbered questions,2.8218034708406776,6.979707708116621
102,2,2026-09-27T07:00:52.284438+00:00,2026-09-27T16:00:52.284438+09:00,2,2,7b1b53f75fd3f39d3ecb48a74a102de7f6d41f5d91e6da58bed465350454a2de,7c3c78af151eefe665ddc9e4e9eb0454592de253b26c8dbfe19fc507aca07a8c,,3.175741777056828,6.464060384081677
103,2,2026-09-27T07:01:01.262860+00:00,2026-09-27T16:01:01.262860+09:00,1,2,7c3c78af151eefe665ddc9e4e9eb0454592de253b26c8dbfe19fc507aca07a8c,789c57a1cfe2ba434c86b8998b0e4fa1a694ec39621728fb6b3fc40db621edb0,,3.5100752289872617,5.3215322031173855
104,2,2026-09-27T07:01:11.894883+00:00,2026-09-27T16:01:11.894883+09:00,2,2,789c57a1cfe2ba434c86b8998b0e4fa1a694ec39621728fb6b3fc40db621edb0,789c57a1cfe2ba434c86b8998b0e4fa1a694ec39621728fb6b3fc40db621edb0,Incomplete/trailing content in question,4.267107459018007,6.206277351127937
105,2,2026-09-27T07:01:21.040640+00:00,2026-09-27T16:01:21.040640+09:00,1,2,789c57a1cfe2ba434c86b8998b0e4fa1a694ec39621728fb6b3fc40db621edb0,806b302eb709546620b5f0de3a0db00822b7aba85469598cbb197d8e6604826e,,4.275744140846655,4.715211110888049
106,2,2026-09-27T07:01:29.532199+00:00,2026-09-27T16:01:29.532199+09:00,2,2,806b302eb709546620b5f0de3a0db00822b7aba85469598cbb197d8e6604826e,7d733e8290f5d797504f485ae4b3af05ae7f989ed885968b1a4b98fb12837ee3,,3.411309836897999,4.9303083850536495
107,2,2026-09-27T07:01:40.548490+00:00,2026-09-27T16:01:40.548490+09:00,1,2,7d733e8290f5d797504f485ae4b3af05ae7f989ed885968b1a4b98fb12837ee3,d8a20521cf2b45bf019a99f6c2f8038e1450edcc921e0055aff6d4856d3c210b,,4.043883157195523,6.765927898930386
108,2,2026-09-27T07:01:50.511705+00:00,2026-09-27T16:01:50.511705+09:00,0,2,d8a20521cf2b45bf019a99f6c2f8038e1450edcc921e0055aff6d4856d3c210b,cfd291fc6086a8f4107b3161766f110195ecc995e06d344c9fb3e3992ab12b4c,,3.9137731899973005,5.8968583450187
109,2,2026-09-27T07:02:00.123698+00:00,2026-09-27T16:02:00.123698+09:00,2,2,cfd291fc6086a8f4107b3161766f110195ecc995e06d344c9fb3e3992ab12b4c,cfd291fc6086a8f4107b3161766f110195ecc995e06d344c9fb3e3992ab12b4c,,4.1740184931550175,5.293231289135292
110,2,2026-09-27T07:02:09.737494+00:00,2026-09-27T16:02:09.737494+09:00,2,2,cfd291fc6086a8f4107b3161766f110195ecc995e06d344c9fb3e3992ab12b4c,cfd291fc6086a8f4107b3161766f110195ecc995e06d344c9fb3e3992ab12b4c,,4.5057029167655855,4.951443138998002
111,2,2026-09-27T07:02:18.542950+00:00,2026-09-27T16:02:18.542950+09:00,1,2,cfd291fc6086a8f4107b3161766f110195ecc995e06d344c9fb3e3992ab12b4c,d9857023f38d718aa53084a9ed8ab7a621af0e91291b6934b37dc2fec6604acb,,3.678817337146029,4.918364163022488
112,2,2026-09-27T07:02:27.221015+00:00,2026-09-27T16:02:27.221015+09:00,2,2,d9857023f38d718aa53084a9ed8ab7a621af0e91291b6934b37dc2fec6604acb,12c68c8ccb9ec16cb599c552f4acd97c18652d50d11894e4cf02b9570f187603,,3.6183472918346524,4.908760108985007
113,2,2026-09-27T07:02:37.261832+00:00,2026-09-27T16:02:37.261832+09:00,1,2,12c68c8ccb9ec16cb599c552f4acd97c18652d50d11894e4cf02b9570f187603,12c68c8ccb9ec16cb599c552f4acd97c18652d50d11894e4cf02b9570f187603,,4.6305606758687645,5.256627870956436
114,2,2026-09-27T07:02:45.262367+00:00,2026-09-27T16:02:45.262367+09:00,2,2,12c68c8ccb9ec16cb599c552f4acd97c18652d50d11894e4cf02b9570f187603,1c9f73586191bb7317aaa0dcf05368256be956493f0886cefe17978afcff2328,,2.7687316548544914,5.081559405196458
115,2,2026-09-27T07:02:55.385270+00:00,2026-09-27T16:02:55.385270+09:00,2,2,1c9f73586191bb7317aaa0dcf05368256be956493f0886cefe17978afcff2328,1c9f73586191bb7317aaa0dcf05368256be956493f0886cefe17978afcff2328,Missing or repeated New Prompt Questions marker,3.735590214142576,6.231829979922622
116,2,2026-09-27T07:03:05.209071+00:00,2026-09-27T16:03:05.209071+09:00,1,2,1c9f73586191bb7317aaa0dcf05368256be956493f0886cefe17978afcff2328,1c9f73586191bb7317aaa0dcf05368256be956493f0886cefe17978afcff2328,Optimizer did not return 1..5 numbered questions,3.318674799054861,6.355227570980787
117,2,2026-09-27T07:03:15.195895+00:00,2026-09-27T16:03:15.195895+09:00,1,2,1c9f73586191bb7317aaa0dcf05368256be956493f0886cefe17978afcff2328,1c9f73586191bb7317aaa0dcf05368256be956493f0886cefe17978afcff2328,Optimizer did not return 1..5 numbered questions,3.5777540686540306,6.258575600106269
118,2,2026-09-27T07:03:26.482706+00:00,2026-09-27T16:03:26.482706+09:00,1,2,1c9f73586191bb7317aaa0dcf05368256be956493f0886cefe17978afcff2328,1c9f73586191bb7317aaa0dcf05368256be956493f0886cefe17978afcff2328,Optimizer did not return 1..5 numbered questions,4.653758872067556,6.478579073911533
119,2,2026-09-27T07:03:36.963986+00:00,2026-09-27T16:03:36.963986+09:00,1,2,1c9f73586191bb7317aaa0dcf05368256be956493f0886cefe17978afcff2328,1c9f73586191bb7317aaa0dcf05368256be956493f0886cefe17978afcff2328,Optimizer did not return 1..5 numbered questions,3.89728671987541,6.387185215950012
120,2,2026-09-27T07:03:47.356373+00:00,2026-09-27T16:03:47.356373+09:00,2,2,1c9f73586191bb7317aaa0dcf05368256be956493f0886cefe17978afcff2328,1c9f73586191bb7317aaa0dcf05368256be956493f0886cefe17978afcff2328,,5.000796091975644,5.1910535919014364
121,3,2026-09-27T07:03:57.372680+00:00,2026-09-27T16:03:57.372680+09:00,2,2,1c9f73586191bb7317aaa0dcf05368256be956493f0886cefe17978afcff2328,1c9f73586191bb7317aaa0dcf05368256be956493f0886cefe17978afcff2328,,4.831170271150768,4.948055847082287
122,3,2026-09-27T07:04:07.654289+00:00,2026-09-27T16:04:07.654289+09:00,1,2,1c9f73586191bb7317aaa0dcf05368256be956493f0886cefe17978afcff2328,1c9f73586191bb7317aaa0dcf05368256be956493f0886cefe17978afcff2328,,4.928358649136499,5.097497596172616
123,3,2026-09-27T07:04:16.166075+00:00,2026-09-27T16:04:16.166075+09:00,2,2,1c9f73586191bb7317aaa0dcf05368256be956493f0886cefe17978afcff2328,1c9f73586191bb7317aaa0dcf05368256be956493f0886cefe17978afcff2328,,3.0851641830522567,5.271579210879281
124,3,2026-09-27T07:04:25.954079+00:00,2026-09-27T16:04:25.954079+09:00,2,2,1c9f73586191bb7317aaa0dcf05368256be956493f0886cefe17978afcff2328,1c9f73586191bb7317aaa0dcf05368256be956493f0886cefe17978afcff2328,,4.638328677974641,4.9965994691010565
125,3,2026-09-27T07:04:35.446779+00:00,2026-09-27T16:04:35.446779+09:00,1,2,1c9f73586191bb7317aaa0dcf05368256be956493f0886cefe17978afcff2328,7edf2d6fbca48233b922b1d1870b6ce3de9af27e5d6d53684a762f7b32bd9225,,3.029110607225448,6.307846388081089
126,3,2026-09-27T07:04:44.947582+00:00,2026-09-27T16:04:44.947582+09:00,1,2,7edf2d6fbca48233b922b1d1870b6ce3de9af27e5d6d53684a762f7b32bd9225,a8659d3b164fa48022f58a3cdc87dd66fb88d06dfb219317bda5dc5f0e5851e5,,4.595591658027843,4.749919350957498
127,3,2026-09-27T07:04:54.334227+00:00,2026-09-27T16:04:54.334227+09:00,2,2,a8659d3b164fa48022f58a3cdc87dd66fb88d06dfb219317bda5dc5f0e5851e5,991b6d3776c99705ac4d55773fe691d49d2ba4a1ecbdc4c87b66dbb49d44eb54,,4.894283905159682,4.287174592958763
128,3,2026-09-27T07:05:02.503363+00:00,2026-09-27T16:05:02.503363+09:00,2,2,991b6d3776c99705ac4d55773fe691d49d2ba4a1ecbdc4c87b66dbb49d44eb54,57ee9196435f1b850fd7dc145c86baf4a27870c9ca76e3768b4bc6f1748b70ae,,3.201636889949441,4.818512812955305
129,3,2026-09-27T07:05:10.342674+00:00,2026-09-27T16:05:10.342674+09:00,2,2,57ee9196435f1b850fd7dc145c86baf4a27870c9ca76e3768b4bc6f1748b70ae,8cd27e5d1225c88caac64fcb4cbb0a9beb76f1a7fe681c25dcaf0e8ca78e01dc,,4.300596426008269,3.3891011809464544
130,3,2026-09-27T07:05:18.140060+00:00,2026-09-27T16:05:18.140060+09:00,2,2,8cd27e5d1225c88caac64fcb4cbb0a9beb76f1a7fe681c25dcaf0e8ca78e01dc,2f117da1514141b097f9ebadddb2c61c21c3b07d5c0680642362559d22845dd2,,2.3460093981120735,5.169488921994343
131,3,2026-09-27T07:05:27.092818+00:00,2026-09-27T16:05:27.092818+09:00,1,2,2f117da1514141b097f9ebadddb2c61c21c3b07d5c0680642362559d22845dd2,30300bffdce587bd7a0ae280e2c648e3fd056cebbe0e4618fd87944e6f869977,,3.8383144019171596,4.964896909194067
132,3,2026-09-27T07:05:37.029607+00:00,2026-09-27T16:05:37.029607+09:00,2,2,30300bffdce587bd7a0ae280e2c648e3fd056cebbe0e4618fd87944e6f869977,b4b5fd8905017152457595385dff031547fd2afaa4899b4b504b4d081f7515e5,,3.602200028952211,6.185707813128829
133,3,2026-09-27T07:05:46.013088+00:00,2026-09-27T16:05:46.013088+09:00,2,2,b4b5fd8905017152457595385dff031547fd2afaa4899b4b504b4d081f7515e5,66ca614034a044a086177775c3755c03421f4e911dd66703dccfea7a1dd81735,,3.0424228322226554,5.787858733907342
134,3,2026-09-27T07:05:55.269202+00:00,2026-09-27T16:05:55.269202+09:00,1,2,66ca614034a044a086177775c3755c03421f4e911dd66703dccfea7a1dd81735,66ca614034a044a086177775c3755c03421f4e911dd66703dccfea7a1dd81735,,2.775515924906358,6.332041461020708
135,3,2026-09-27T07:06:04.655293+00:00,2026-09-27T16:06:04.655293+09:00,2,2,66ca614034a044a086177775c3755c03421f4e911dd66703dccfea7a1dd81735,66ca614034a044a086177775c3755c03421f4e911dd66703dccfea7a1dd81735,,3.3856309878174216,5.845714593073353
136,3,2026-09-27T07:06:14.053486+00:00,2026-09-27T16:06:14.053486+09:00,2,2,66ca614034a044a086177775c3755c03421f4e911dd66703dccfea7a1dd81735,fb45b9f2ccc5553a307e1e72e8316a2aed844cb1aeafb060f12891c02186f761,,3.2599341277964413,5.985925716115162
137,3,2026-09-27T07:06:22.956492+00:00,2026-09-27T16:06:22.956492+09:00,2,2,fb45b9f2ccc5553a307e1e72e8316a2aed844cb1aeafb060f12891c02186f761,53c0e59344df402670799b4191b4c633fc5956f754d2ef5e5896bb906187b362,,2.962525694165379,5.78900437685661
138,3,2026-09-27T07:06:31.676405+00:00,2026-09-27T16:06:31.676405+09:00,1,2,53c0e59344df402670799b4191b4c633fc5956f754d2ef5e5896bb906187b362,c6f3946848f517bbb0f1267a8db31f18258548207665278757900535206bd63a,,2.4503523900639266,6.109868243103847
139,3,2026-09-27T07:06:40.575427+00:00,2026-09-27T16:06:40.575427+09:00,2,2,c6f3946848f517bbb0f1267a8db31f18258548207665278757900535206bd63a,94aefec974a3f9f4dafc782bbca116f6d06eecea4b9657178281726706c478e2,,2.638262304943055,6.104076338931918
140,3,2026-09-27T07:06:50.053019+00:00,2026-09-27T16:06:50.053019+09:00,1,2,94aefec974a3f9f4dafc782bbca116f6d06eecea4b9657178281726706c478e2,94aefec974a3f9f4dafc782bbca116f6d06eecea4b9657178281726706c478e2,,2.940403539221734,6.3920009969733655
141,3,2026-09-27T07:07:00.046368+00:00,2026-09-27T16:07:00.046368+09:00,2,2,94aefec974a3f9f4dafc782bbca116f6d06eecea4b9657178281726706c478e2,94aefec974a3f9f4dafc782bbca116f6d06eecea4b9657178281726706c478e2,,3.81083660479635,6.032457838067785
142,3,2026-09-27T07:07:10.271042+00:00,2026-09-27T16:07:10.271042+09:00,1,2,94aefec974a3f9f4dafc782bbca116f6d06eecea4b9657178281726706c478e2,1ec67ac2e0efa0f27c18611207707fdbb16fed092df47f59e44465c57df2622a,,3.704616778064519,6.365591777954251
143,3,2026-09-27T07:07:20.043764+00:00,2026-09-27T16:07:20.043764+09:00,1,2,1ec67ac2e0efa0f27c18611207707fdbb16fed092df47f59e44465c57df2622a,989fa7c39d75506cac39a6928c9669c75e4de5fc99b33e36d568eb52c36c9deb,,2.927497251192108,6.689753700979054
144,3,2026-09-27T07:07:29.002068+00:00,2026-09-27T16:07:29.002068+09:00,1,2,989fa7c39d75506cac39a6928c9669c75e4de5fc99b33e36d568eb52c36c9deb,989fa7c39d75506cac39a6928c9669c75e4de5fc99b33e36d568eb52c36c9deb,,2.861803639214486,5.944756447803229
145,3,2026-09-27T07:07:39.212319+00:00,2026-09-27T16:07:39.212319+09:00,2,2,989fa7c39d75506cac39a6928c9669c75e4de5fc99b33e36d568eb52c36c9deb,9442f90a5b295d5d449fdb40b01cdab010a44fed8817dc4763ccd19aefac69ca,,3.528211705153808,6.5304677409585565
146,3,2026-09-27T07:07:49.416402+00:00,2026-09-27T16:07:49.416402+09:00,2,2,9442f90a5b295d5d449fdb40b01cdab010a44fed8817dc4763ccd19aefac69ca,454c36ea96572b56cc5ef36a656ce6dc9b29a1f8455da9a5b3cb02ce86ece71e,,3.02572915982455,7.026344540063292
147,3,2026-09-27T07:07:57.247937+00:00,2026-09-27T16:07:57.247937+09:00,2,2,454c36ea96572b56cc5ef36a656ce6dc9b29a1f8455da9a5b3cb02ce86ece71e,5d38b20d372c995eef93e014fe3dda44927c5bb93a04ba05801a43a50850bfb4,,3.0827777551021427,4.590460391016677
148,3,2026-09-27T07:08:06.847378+00:00,2026-09-27T16:08:06.847378+09:00,2,2,5d38b20d372c995eef93e014fe3dda44927c5bb93a04ba05801a43a50850bfb4,6c8b7ce2e57ff5fc4ecbfcf27b9a0a397ea331003906bed2b1b3200d80fae0df,,3.784377537900582,5.6615779511630535
149,3,2026-09-27T07:08:17.329360+00:00,2026-09-27T16:08:17.329360+09:00,1,2,6c8b7ce2e57ff5fc4ecbfcf27b9a0a397ea331003906bed2b1b3200d80fae0df,8ed99cd2c0312094cb66478ad2b7e6bccdeaa7b0a931e0bd7e7583c2854b7352,,5.175902580143884,5.055844760034233
150,3,2026-09-27T07:08:26.906026+00:00,2026-09-27T16:08:26.906026+09:00,2,2,8ed99cd2c0312094cb66478ad2b7e6bccdeaa7b0a931e0bd7e7583c2854b7352,c0966a79fa8bfb1d63377a3161de17b66beb5fb994595c4cfb86dc3c97ac21c9,,4.054345434065908,5.256442652782425
151,3,2026-09-27T07:08:35.212839+00:00,2026-09-27T16:08:35.212839+09:00,1,2,c0966a79fa8bfb1d63377a3161de17b66beb5fb994595c4cfb86dc3c97ac21c9,aee4b1acc24c0b0917ae64232daea6e78e47f40e02097265382688ebf4862d2f,,3.1026952809188515,5.0407698198687285
152,3,2026-09-27T07:08:45.007624+00:00,2026-09-27T16:08:45.007624+09:00,1,2,aee4b1acc24c0b0917ae64232daea6e78e47f40e02097265382688ebf4862d2f,0adae871bdcde3d44a8837077512403cf925acfaa0b4f6b010084b8b5fb816f9,,4.614069110015407,5.024221278028563
153,3,2026-09-27T07:08:55.119496+00:00,2026-09-27T16:08:55.119496+09:00,2,2,0adae871bdcde3d44a8837077512403cf925acfaa0b4f6b010084b8b5fb816f9,cadb2311ad0a1a8299e5b9f5d9abe9b1f800c0829bceb4f13b8c011de4f5f7c6,,4.583978201728314,5.370554907945916
154,3,2026-09-27T07:09:04.817009+00:00,2026-09-27T16:09:04.817009+09:00,2,2,cadb2311ad0a1a8299e5b9f5d9abe9b1f800c0829bceb4f13b8c011de4f5f7c6,b0d14891ec39afa77b7973629fab4a9aeb937c9101a4bd804e7d41376480cc2a,,4.844190453179181,4.701346469111741
155,3,2026-09-27T07:09:14.022003+00:00,2026-09-27T16:09:14.022003+09:00,0,2,b0d14891ec39afa77b7973629fab4a9aeb937c9101a4bd804e7d41376480cc2a,710bd84b86f253a049c97ef7948620a535ff7be7672fb37c67c49f3bcecb2904,,3.823352493112907,5.225586181040853
156,3,2026-09-27T07:09:23.789688+00:00,2026-09-27T16:09:23.789688+09:00,1,2,710bd84b86f253a049c97ef7948620a535ff7be7672fb37c67c49f3bcecb2904,cd5ad1b839f281a801c078f6620dac007131dba3dd271d27123876d75722297d,,4.531174483243376,5.084213291993365
157,3,2026-09-27T07:09:31.445920+00:00,2026-09-27T16:09:31.445920+09:00,2,2,cd5ad1b839f281a801c078f6620dac007131dba3dd271d27123876d75722297d,ac697cc31d297ad6e41981cf4acb35aed8b2e17fbf702d76cd5d319e8c7d69e2,,3.691572636831552,3.815383387962356
158,3,2026-09-27T07:09:39.292434+00:00,2026-09-27T16:09:39.292434+09:00,1,2,ac697cc31d297ad6e41981cf4acb35aed8b2e17fbf702d76cd5d319e8c7d69e2,1cac605c0933f604fc0b2bb4d2a31d8aa5a9d51db72f48cb396f94fe3e488a7e,,3.2020889047998935,4.487604065099731
159,3,2026-09-27T07:09:47.749002+00:00,2026-09-27T16:09:47.749002+09:00,1,2,1cac605c0933f604fc0b2bb4d2a31d8aa5a9d51db72f48cb396f94fe3e488a7e,be71a2ee6eafe88bdd21822a699a1ff6fa134ebc4cf77cd5dbc5b8b687fd1d05,,3.711351358797401,4.595003767870367
160,3,2026-09-27T07:09:58.557297+00:00,2026-09-27T16:09:58.557297+09:00,1,2,be71a2ee6eafe88bdd21822a699a1ff6fa134ebc4cf77cd5dbc5b8b687fd1d05,be71a2ee6eafe88bdd21822a699a1ff6fa134ebc4cf77cd5dbc5b8b687fd1d05,,4.77330172015354,5.8242370849475265
161,3,2026-09-27T07:10:08.906940+00:00,2026-09-27T16:10:08.906940+09:00,1,2,be71a2ee6eafe88bdd21822a699a1ff6fa134ebc4cf77cd5dbc5b8b687fd1d05,be71a2ee6eafe88bdd21822a699a1ff6fa134ebc4cf77cd5dbc5b8b687fd1d05,Incomplete/trailing content in question,4.80082293623127,5.34476916003041
162,3,2026-09-27T07:10:19.124198+00:00,2026-09-27T16:10:19.124198+09:00,2,2,be71a2ee6eafe88bdd21822a699a1ff6fa134ebc4cf77cd5dbc5b8b687fd1d05,be71a2ee6eafe88bdd21822a699a1ff6fa134ebc4cf77cd5dbc5b8b687fd1d05,Missing or repeated New Prompt Questions marker,4.839591894764453,5.178382507991046
163,3,2026-09-27T07:10:27.975272+00:00,2026-09-27T16:10:27.975272+09:00,1,2,be71a2ee6eafe88bdd21822a699a1ff6fa134ebc4cf77cd5dbc5b8b687fd1d05,628952745a01cda67ff39ac4667019cd048a5bbdbcb82e9675ca86f255eae16d,,4.160349254030734,4.52498650806956
164,3,2026-09-27T07:10:38.256839+00:00,2026-09-27T16:10:38.256839+09:00,1,2,628952745a01cda67ff39ac4667019cd048a5bbdbcb82e9675ca86f255eae16d,1ba261d79c637bd43c5f943915e02b9b9ac1f6d5042f5775fe4bea068296227b,,3.923218281241134,6.147288942942396
165,3,2026-09-27T07:10:47.121599+00:00,2026-09-27T16:10:47.121599+09:00,2,2,1ba261d79c637bd43c5f943915e02b9b9ac1f6d5042f5775fe4bea068296227b,3b05e992b6d009695327c457580f63844d298184fc99a6a5e32b6414f67ca805,,4.31537206703797,4.396185445832089
166,3,2026-09-27T07:10:54.800912+00:00,2026-09-27T16:10:54.800912+09:00,2,2,3b05e992b6d009695327c457580f63844d298184fc99a6a5e32b6414f67ca805,b91c3b1a9d74631e78c6c0ab85b001c4b78fb99ad5568e8e1a649cc3846aa825,,3.0076022141147405,4.519502612994984
167,3,2026-09-27T07:11:02.731992+00:00,2026-09-27T16:11:02.731992+09:00,0,2,b91c3b1a9d74631e78c6c0ab85b001c4b78fb99ad5568e8e1a649cc3846aa825,0aea5d806f2f645e035c94e4c1aa09841e29c20adc8409c513b2da22ae2de520,,3.270907619036734,4.505696644075215
168,3,2026-09-27T07:11:12.026573+00:00,2026-09-27T16:11:12.026573+09:00,1,2,0aea5d806f2f645e035c94e4c1aa09841e29c20adc8409c513b2da22ae2de520,0aea5d806f2f645e035c94e4c1aa09841e29c20adc8409c513b2da22ae2de520,Incomplete/trailing content in question,3.4030534490011632,5.731685776961967
169,3,2026-09-27T07:11:21.284472+00:00,2026-09-27T16:11:21.284472+09:00,1,2,0aea5d806f2f645e035c94e4c1aa09841e29c20adc8409c513b2da22ae2de520,73bcbc349d38caca513fe52c8f71c228f7d4c0a053ca613237d3971c4ea6b72e,,3.9086794059257954,5.195234121987596
170,3,2026-09-27T07:11:30.290330+00:00,2026-09-27T16:11:30.290330+09:00,1,2,73bcbc349d38caca513fe52c8f71c228f7d4c0a053ca613237d3971c4ea6b72e,ba04d069e4dccc4aeaddb2bb3e9d2e6766f63fcd37c4ba285626d19474128e02,,3.8208945128135383,4.92289701779373
171,3,2026-09-27T07:11:39.613869+00:00,2026-09-27T16:11:39.613869+09:00,1,2,ba04d069e4dccc4aeaddb2bb3e9d2e6766f63fcd37c4ba285626d19474128e02,ba04d069e4dccc4aeaddb2bb3e9d2e6766f63fcd37c4ba285626d19474128e02,,4.321425480069593,4.845596404047683
172,3,2026-09-27T07:11:48.843012+00:00,2026-09-27T16:11:48.843012+09:00,2,2,ba04d069e4dccc4aeaddb2bb3e9d2e6766f63fcd37c4ba285626d19474128e02,d5b63c167ad510796f104d0ea31a9d85cfb66d6e48af90eff4ea4550334978d7,,4.37899696175009,4.695926656015217
173,3,2026-09-27T07:11:57.909477+00:00,2026-09-27T16:11:57.909477+09:00,2,2,d5b63c167ad510796f104d0ea31a9d85cfb66d6e48af90eff4ea4550334978d7,7593d17834988bc4045aa456ab2b37af5a8d2cf4611d7224a96aa397d2c5ed36,,3.711274587083608,5.192466281121597
174,3,2026-09-27T07:12:06.978147+00:00,2026-09-27T16:12:06.978147+09:00,1,2,7593d17834988bc4045aa456ab2b37af5a8d2cf4611d7224a96aa397d2c5ed36,7593d17834988bc4045aa456ab2b37af5a8d2cf4611d7224a96aa397d2c5ed36,,4.0810565878637135,4.774038129020482
175,3,2026-09-27T07:12:16.065890+00:00,2026-09-27T16:12:16.065890+09:00,2,2,7593d17834988bc4045aa456ab2b37af5a8d2cf4611d7224a96aa397d2c5ed36,7593d17834988bc4045aa456ab2b37af5a8d2cf4611d7224a96aa397d2c5ed36,,4.107999930856749,4.767789139179513
176,3,2026-09-27T07:12:25.491369+00:00,2026-09-27T16:12:25.491369+09:00,2,2,7593d17834988bc4045aa456ab2b37af5a8d2cf4611d7224a96aa397d2c5ed36,7593d17834988bc4045aa456ab2b37af5a8d2cf4611d7224a96aa397d2c5ed36,,4.48146687168628,4.78036127705127
177,3,2026-09-27T07:12:35.455438+00:00,2026-09-27T16:12:35.455438+09:00,2,2,7593d17834988bc4045aa456ab2b37af5a8d2cf4611d7224a96aa397d2c5ed36,7593d17834988bc4045aa456ab2b37af5a8d2cf4611d7224a96aa397d2c5ed36,,5.036661024903879,4.773182815872133
178,3,2026-09-27T07:12:44.767679+00:00,2026-09-27T16:12:44.767679+09:00,2,2,7593d17834988bc4045aa456ab2b37af5a8d2cf4611d7224a96aa397d2c5ed36,9e9bc6a81e623f1a70a08a765097b00284d33285189ef6083534ff00d770a2d3,,4.525847884826362,4.583407659083605
179,3,2026-09-27T07:12:54.093573+00:00,2026-09-27T16:12:54.093573+09:00,1,2,9e9bc6a81e623f1a70a08a765097b00284d33285189ef6083534ff00d770a2d3,1f61cd39f5e6e101bfc94dc5714ed4ddca238285d61c68a76051f065929542ab,,4.263581900158897,4.906394507968798
180,3,2026-09-27T07:13:03.408679+00:00,2026-09-27T16:13:03.408679+09:00,1,2,1f61cd39f5e6e101bfc94dc5714ed4ddca238285d61c68a76051f065929542ab,814e1c173dfaa4e7b12adf274231341b9dacd0d035da71ad7595015902d50ff0,,3.267297307960689,5.83835716615431
181,4,2026-09-27T07:13:10.749137+00:00,2026-09-27T16:13:10.749137+09:00,2,2,814e1c173dfaa4e7b12adf274231341b9dacd0d035da71ad7595015902d50ff0,329bdab29d1d93d3e5b1cb8f3231c730b8c7196ec31b39d25b9222473730c539,,2.84027019306086,4.341690190834925
182,4,2026-09-27T07:13:18.249291+00:00,2026-09-27T16:13:18.249291+09:00,1,2,329bdab29d1d93d3e5b1cb8f3231c730b8c7196ec31b39d25b9222473730c539,329bdab29d1d93d3e5b1cb8f3231c730b8c7196ec31b39d25b9222473730c539,,2.993052867008373,4.353135809069499
183,4,2026-09-27T07:13:25.854253+00:00,2026-09-27T16:13:25.854253+09:00,0,2,329bdab29d1d93d3e5b1cb8f3231c730b8c7196ec31b39d25b9222473730c539,868bbf871829216e0a166c2e9655117b8193bf454eddc9655bcd2878fd7fea44,,3.028618053998798,4.421834318898618
184,4,2026-09-27T07:13:34.163877+00:00,2026-09-27T16:13:34.163877+09:00,2,2,868bbf871829216e0a166c2e9655117b8193bf454eddc9655bcd2878fd7fea44,5f2203127a0c019c6aa0a5f7d5980bb8aecb2bd9b8a50c5115b124e7b2fa3adf,,2.8706411451566964,5.282996879890561
185,4,2026-09-27T07:13:42.239609+00:00,2026-09-27T16:13:42.239609+09:00,2,2,5f2203127a0c019c6aa0a5f7d5980bb8aecb2bd9b8a50c5115b124e7b2fa3adf,ded4adb449da9b6a1925d4d581ba0663e2506ded88fe61c34360fb4badbd5736,,3.1799293751828372,4.733195209177211
186,4,2026-09-27T07:17:23.326328+00:00,2026-09-27T16:17:23.326328+09:00,0,2,ded4adb449da9b6a1925d4d581ba0663e2506ded88fe61c34360fb4badbd5736,60b8e68ffdda7192a9bcc42bd0c11af59b0a94f6c67bbc2b6957beecdc21fdeb,,5.302325521130115,5.672689239960164
187,4,2026-09-27T07:17:31.531719+00:00,2026-09-27T16:17:31.531719+09:00,1,2,60b8e68ffdda7192a9bcc42bd0c11af59b0a94f6c67bbc2b6957beecdc21fdeb,752591445ac8bd5df05043726697071398543ee72cf63e459a66a050b796d892,,3.265062070218846,4.738436481915414
188,4,2026-09-27T07:17:40.529160+00:00,2026-09-27T16:17:40.529160+09:00,1,2,752591445ac8bd5df05043726697071398543ee72cf63e459a66a050b796d892,b5508fda235ae865e01f968f1f87151cd57d76d269bb1c4fc33dd6ae2db86602,,2.7708239529747516,6.075107054086402
189,4,2026-09-27T07:17:49.507601+00:00,2026-09-27T16:17:49.507601+09:00,2,2,b5508fda235ae865e01f968f1f87151cd57d76d269bb1c4fc33dd6ae2db86602,cfaadd1d11a6e451aa1e311af37fb05ada61b952a756ca46f41b26874784956f,,4.523881502216682,4.3035469660535455
190,4,2026-09-27T07:17:58.688242+00:00,2026-09-27T16:17:58.688242+09:00,1,2,cfaadd1d11a6e451aa1e311af37fb05ada61b952a756ca46f41b26874784956f,564e0e9490e941c45175cde4a7eafc8cb50725108f58bc140091b4ffb6f5a489,,4.314259382896125,4.7068349160254
191,4,2026-09-27T07:18:08.299875+00:00,2026-09-27T16:18:08.299875+09:00,2,2,564e0e9490e941c45175cde4a7eafc8cb50725108f58bc140091b4ffb6f5a489,f00f327e42b00f43d479ef5fbad960bba12727a54d5c95e65a4a6ac160d25732,,4.622017699060962,4.840113841928542
192,4,2026-09-27T07:18:17.275326+00:00,2026-09-27T16:18:17.275326+09:00,2,2,f00f327e42b00f43d479ef5fbad960bba12727a54d5c95e65a4a6ac160d25732,f00f327e42b00f43d479ef5fbad960bba12727a54d5c95e65a4a6ac160d25732,Optimizer did not return 1..5 numbered questions,2.9152671878691763,5.904002845054492
193,4,2026-09-27T07:18:27.284962+00:00,2026-09-27T16:18:27.284962+09:00,2,2,f00f327e42b00f43d479ef5fbad960bba12727a54d5c95e65a4a6ac160d25732,f00f327e42b00f43d479ef5fbad960bba12727a54d5c95e65a4a6ac160d25732,Optimizer did not return 1..5 numbered questions,3.5860158891882747,6.261173585895449
194,4,2026-09-27T07:18:37.410928+00:00,2026-09-27T16:18:37.410928+09:00,2,2,f00f327e42b00f43d479ef5fbad960bba12727a54d5c95e65a4a6ac160d25732,de79cf4d218f05be11b6f82b0d408896f9e0cfd96554cab7a81640dd7dc2ba99,,4.399390690727159,5.522975550964475
195,4,2026-09-27T07:18:46.063185+00:00,2026-09-27T16:18:46.063185+09:00,2,2,de79cf4d218f05be11b6f82b0d408896f9e0cfd96554cab7a81640dd7dc2ba99,4714fdb5519755a45adc446242b5b9689537d649e060738a2449047449017b59,,3.7793830500449985,4.7251785199623555
196,4,2026-09-27T07:18:55.325445+00:00,2026-09-27T16:18:55.325445+09:00,2,2,4714fdb5519755a45adc446242b5b9689537d649e060738a2449047449017b59,4714fdb5519755a45adc446242b5b9689537d649e060738a2449047449017b59,,3.6970797709655017,5.421615225030109
197,4,2026-09-27T07:19:04.999251+00:00,2026-09-27T16:19:04.999251+09:00,0,2,4714fdb5519755a45adc446242b5b9689537d649e060738a2449047449017b59,4714fdb5519755a45adc446242b5b9689537d649e060738a2449047449017b59,,4.441146079218015,5.0834114430472255
198,4,2026-09-27T07:19:16.452415+00:00,2026-09-27T16:19:16.452415+09:00,1,2,4714fdb5519755a45adc446242b5b9689537d649e060738a2449047449017b59,b2571d98fe9ef13ccdc25d0f96938e201e8626b32a1218ac0a5f8ebf09c4eef7,,4.287730344105512,7.016441137995571
199,4,2026-09-27T07:19:26.525165+00:00,2026-09-27T16:19:26.525165+09:00,2,2,b2571d98fe9ef13ccdc25d0f96938e201e8626b32a1218ac0a5f8ebf09c4eef7,9fef1db0293fcccff7a13ab24861777bcc516e434d1daee4a7a39ad9153b3d7e,,3.85969772702083,6.006610316922888
200,4,2026-09-27T07:19:36.270744+00:00,2026-09-27T16:19:36.270744+09:00,1,2,9fef1db0293fcccff7a13ab24861777bcc516e434d1daee4a7a39ad9153b3d7e,d99548e5f0441da9094e321943402546275231ee12f0e468addf926615dfbd99,,3.579080852912739,6.01844655489549
201,4,2026-09-27T07:20:26.101808+00:00,2026-09-27T16:20:26.101808+09:00,2,2,d99548e5f0441da9094e321943402546275231ee12f0e468addf926615dfbd99,c4056a7501cfc70d4f0c28f8a870fc2cb4144c6cc2173c0dd80a6c13a1d3417a,,4.554640938993543,5.5612968620844185
202,4,2026-09-27T07:20:37.833664+00:00,2026-09-27T16:20:37.833664+09:00,2,2,c4056a7501cfc70d4f0c28f8a870fc2cb4144c6cc2173c0dd80a6c13a1d3417a,79bd6199622a65e401a4f3d5ad503e1c5f7af3e19f8547a159a14bc8d02b8768,,5.8866209329571575,5.6307497911620885
203,4,2026-09-27T07:20:48.220066+00:00,2026-09-27T16:20:48.220066+09:00,2,2,79bd6199622a65e401a4f3d5ad503e1c5f7af3e19f8547a159a14bc8d02b8768,32b54631d968c452fa4fe24bb2dbd57df2365fdf9a810d2b5db55d18fabe9ebd,,3.935723730130121,6.297893388895318
204,4,2026-09-27T07:20:57.057179+00:00,2026-09-27T16:20:57.057179+09:00,2,2,32b54631d968c452fa4fe24bb2dbd57df2365fdf9a810d2b5db55d18fabe9ebd,e32752cbdf8a5b458c95204c640a1b7c71663608cfcfbf17c51f6835b9dbbddd,,3.1054643359966576,5.578129858942702
205,4,2026-09-27T07:21:07.236370+00:00,2026-09-27T16:21:07.236370+09:00,2,2,e32752cbdf8a5b458c95204c640a1b7c71663608cfcfbf17c51f6835b9dbbddd,8d78d6f5442ef69e678115c7267b6eaab1901fb55cb002037d0db419908e7606,,4.018157211132348,6.016411455115303
206,4,2026-09-27T07:21:18.439579+00:00,2026-09-27T16:21:18.439579+09:00,0,2,8d78d6f5442ef69e678115c7267b6eaab1901fb55cb002037d0db419908e7606,6de6aa9e60606dc57d52f2538e575041db5e7d38f301932a7d1aaf976334da9d,,4.965674623847008,6.090638909023255
207,4,2026-09-27T07:21:29.017102+00:00,2026-09-27T16:21:29.017102+09:00,2,2,6de6aa9e60606dc57d52f2538e575041db5e7d38f301932a7d1aaf976334da9d,6de6aa9e60606dc57d52f2538e575041db5e7d38f301932a7d1aaf976334da9d,Missing or repeated New Prompt Questions marker,3.871104760793969,6.555504025891423
208,4,2026-09-27T07:21:38.492651+00:00,2026-09-27T16:21:38.492651+09:00,1,2,6de6aa9e60606dc57d52f2538e575041db5e7d38f301932a7d1aaf976334da9d,fa43748445d34c52f44496cca22290815de3fba2cdf7246b83a83f0d2cc7276a,,4.340143081033602,4.990957849891856
209,4,2026-09-27T07:21:49.000197+00:00,2026-09-27T16:21:49.000197+09:00,1,2,fa43748445d34c52f44496cca22290815de3fba2cdf7246b83a83f0d2cc7276a,00fcd778c4c746f27c34aeb5d96bb2a20b48e6a58a11b1580db92bd2ba13d39e,,4.86194699187763,5.496740845032036
210,4,2026-09-27T07:21:59.550120+00:00,2026-09-27T16:21:59.550120+09:00,1,2,00fcd778c4c746f27c34aeb5d96bb2a20b48e6a58a11b1580db92bd2ba13d39e,8032d57bedfd35fcd3cbf10b53c6c467a32b087cd062a22e98d01c8f57060559,,3.917509396094829,6.478646422969177
211,4,2026-09-27T07:22:09.284915+00:00,2026-09-27T16:22:09.284915+09:00,2,2,8032d57bedfd35fcd3cbf10b53c6c467a32b087cd062a22e98d01c8f57060559,94335f8b62b0e86985687fcc48597d38d770f565c736308573c97c95a96da256,,4.492361641954631,5.089103832142428
212,4,2026-09-27T07:22:20.382625+00:00,2026-09-27T16:22:20.382625+09:00,0,2,94335f8b62b0e86985687fcc48597d38d770f565c736308573c97c95a96da256,087263fdaeb9d40d3cf8e2c5c4272b8633a66d4342a0e90a8fe5974fb98eae33,,4.483318048994988,6.468213578918949
213,4,2026-09-27T07:22:29.038635+00:00,2026-09-27T16:22:29.038635+09:00,2,2,087263fdaeb9d40d3cf8e2c5c4272b8633a66d4342a0e90a8fe5974fb98eae33,2448bdef1c8bf51f7ce06833eb34683e2d973c034fd7b80d9608f578a321af9b,,3.694593399995938,4.819769304944202
214,4,2026-09-27T07:22:37.465268+00:00,2026-09-27T16:22:37.465268+09:00,1,2,2448bdef1c8bf51f7ce06833eb34683e2d973c034fd7b80d9608f578a321af9b,4d49ae8f674a3428a744a570b177e19412b11f4ec6ed2b9a3933beed4be3f33e,,3.4520293478854,4.754358761012554
215,4,2026-09-27T07:22:46.290816+00:00,2026-09-27T16:22:46.290816+09:00,2,2,4d49ae8f674a3428a744a570b177e19412b11f4ec6ed2b9a3933beed4be3f33e,31d8f38f90743420abdf066e6af23e23ec6b4242bec86e6ff436f6bb987c3c2c,,4.062806467758492,4.619178897002712
216,4,2026-09-27T07:22:54.758448+00:00,2026-09-27T16:22:54.758448+09:00,2,2,31d8f38f90743420abdf066e6af23e23ec6b4242bec86e6ff436f6bb987c3c2c,31d8f38f90743420abdf066e6af23e23ec6b4242bec86e6ff436f6bb987c3c2c,,3.4807485537603498,4.685960147995502
217,4,2026-09-27T07:23:02.841666+00:00,2026-09-27T16:23:02.841666+09:00,1,2,31d8f38f90743420abdf066e6af23e23ec6b4242bec86e6ff436f6bb987c3c2c,a7a6ff8d67ebf7347c5eb3c027e547fae0065af3083795b28e5018ae1dc8ec2e,,2.4532273488584906,5.481931553920731
218,4,2026-09-27T07:27:29.108158+00:00,2026-09-27T16:27:29.108158+09:00,1,2,a7a6ff8d67ebf7347c5eb3c027e547fae0065af3083795b28e5018ae1dc8ec2e,a7a6ff8d67ebf7347c5eb3c027e547fae0065af3083795b28e5018ae1dc8ec2e,,4.610295285005122,4.015781030990183
219,4,2026-09-27T07:27:38.021420+00:00,2026-09-27T16:27:38.021420+09:00,2,2,a7a6ff8d67ebf7347c5eb3c027e547fae0065af3083795b28e5018ae1dc8ec2e,eb2f7f0af6ac0076458328973081081b7e35a2ec8e100328e853b627dafc829e,,4.335564615903422,4.4157918258570135
220,4,2026-09-27T07:27:46.679506+00:00,2026-09-27T16:27:46.679506+09:00,1,2,eb2f7f0af6ac0076458328973081081b7e35a2ec8e100328e853b627dafc829e,eb2f7f0af6ac0076458328973081081b7e35a2ec8e100328e853b627dafc829e,,3.6942126371432096,4.80717563489452
221,4,2026-09-27T07:27:54.707341+00:00,2026-09-27T16:27:54.707341+09:00,2,2,eb2f7f0af6ac0076458328973081081b7e35a2ec8e100328e853b627dafc829e,857f7635b9d55695f22ba1f23a72397d5f9e6a60cdab85572477e703a476b457,,3.262758960016072,4.616880476009101
222,4,2026-09-27T07:28:04.042420+00:00,2026-09-27T16:28:04.042420+09:00,0,2,857f7635b9d55695f22ba1f23a72397d5f9e6a60cdab85572477e703a476b457,b33bc9f53bcbd3c8ab06f966667ea84b938d89101e5028be618be5e239b9bc59,,3.416475393110886,5.754171069944277
223,4,2026-09-27T07:28:12.200019+00:00,2026-09-27T16:28:12.200019+09:00,2,2,b33bc9f53bcbd3c8ab06f966667ea84b938d89101e5028be618be5e239b9bc59,b33bc9f53bcbd3c8ab06f966667ea84b938d89101e5028be618be5e239b9bc59,,3.219774729805067,4.775141058024019
224,4,2026-09-27T07:28:20.544834+00:00,2026-09-27T16:28:20.544834+09:00,2,2,b33bc9f53bcbd3c8ab06f966667ea84b938d89101e5028be618be5e239b9bc59,b33bc9f53bcbd3c8ab06f966667ea84b938d89101e5028be618be5e239b9bc59,,3.2462492811027914,4.944171915994957
225,4,2026-09-27T07:28:28.387647+00:00,2026-09-27T16:28:28.387647+09:00,2,2,b33bc9f53bcbd3c8ab06f966667ea84b938d89101e5028be618be5e239b9bc59,f1d396a5b6d933857a0abe996c407966bbf1bb08fd5e199985b12ed2ec3d9480,,3.1790287729818374,4.504733594832942
226,4,2026-09-27T07:28:38.908152+00:00,2026-09-27T16:28:38.908152+09:00,0,2,f1d396a5b6d933857a0abe996c407966bbf1bb08fd5e199985b12ed2ec3d9480,f1d396a5b6d933857a0abe996c407966bbf1bb08fd5e199985b12ed2ec3d9480,Optimizer did not return 1..5 numbered questions,4.331031449139118,6.034327527042478
227,4,2026-09-27T07:28:47.832772+00:00,2026-09-27T16:28:47.832772+09:00,1,2,f1d396a5b6d933857a0abe996c407966bbf1bb08fd5e199985b12ed2ec3d9480,f1d396a5b6d933857a0abe996c407966bbf1bb08fd5e199985b12ed2ec3d9480,,3.97638902021572,4.799942689016461
228,4,2026-09-27T07:28:56.740098+00:00,2026-09-27T16:28:56.740098+09:00,1,2,f1d396a5b6d933857a0abe996c407966bbf1bb08fd5e199985b12ed2ec3d9480,f1d396a5b6d933857a0abe996c407966bbf1bb08fd5e199985b12ed2ec3d9480,,3.5925343451090157,5.144680078839883
229,4,2026-09-27T07:29:04.991031+00:00,2026-09-27T16:29:04.991031+09:00,0,2,f1d396a5b6d933857a0abe996c407966bbf1bb08fd5e199985b12ed2ec3d9480,f1d396a5b6d933857a0abe996c407966bbf1bb08fd5e199985b12ed2ec3d9480,,3.1529847129713744,4.932583261979744
230,4,2026-09-27T07:29:13.396907+00:00,2026-09-27T16:29:13.396907+09:00,2,2,f1d396a5b6d933857a0abe996c407966bbf1bb08fd5e199985b12ed2ec3d9480,9ecd0745e043889e3277ccd74b70d1771a68cf2acf59178977f0ae49b383cc39,,3.1797008900903165,5.06029873015359
231,4,2026-09-27T07:29:22.185741+00:00,2026-09-27T16:29:22.185741+09:00,2,2,9ecd0745e043889e3277ccd74b70d1771a68cf2acf59178977f0ae49b383cc39,c47a1b45c6fd420435e70cecaccb9b24f9210e3ff9f979cf7872fe7a0be69038,,3.704889118904248,4.918245904147625
232,4,2026-09-27T07:29:31.296731+00:00,2026-09-27T16:29:31.296731+09:00,1,2,c47a1b45c6fd420435e70cecaccb9b24f9210e3ff9f979cf7872fe7a0be69038,a3ad75b0b3bb519327098cd23bcecddb1d39ebdc74da4bac2553d9ba13c276a2,,2.9414779827930033,6.002500709146261
233,4,2026-09-27T07:29:40.264246+00:00,2026-09-27T16:29:40.264246+09:00,2,2,a3ad75b0b3bb519327098cd23bcecddb1d39ebdc74da4bac2553d9ba13c276a2,dd1101b6eb056dbcbb3b4378c5aedc85ee672d038e40351e3c5a91b684cda53c,,3.671124670887366,5.144499056972563
234,4,2026-09-27T07:29:49.181594+00:00,2026-09-27T16:29:49.181594+09:00,1,2,dd1101b6eb056dbcbb3b4378c5aedc85ee672d038e40351e3c5a91b684cda53c,dd1101b6eb056dbcbb3b4378c5aedc85ee672d038e40351e3c5a91b684cda53c,,3.827517091995105,4.927796679083258
235,4,2026-09-27T07:29:57.507838+00:00,2026-09-27T16:29:57.507838+09:00,2,2,dd1101b6eb056dbcbb3b4378c5aedc85ee672d038e40351e3c5a91b684cda53c,6183d61d15e530d595d4e1423358e48aac6c6b7a315e5f532053b27007785fec,,3.086000052979216,5.02810787782073
236,4,2026-09-27T07:30:07.562182+00:00,2026-09-27T16:30:07.562182+09:00,2,2,6183d61d15e530d595d4e1423358e48aac6c6b7a315e5f532053b27007785fec,b95ba17569d4fb742792a9f656cfd8623601dbf8b453b703a8e53943901ecc82,,3.6468584300018847,6.248307175934315
237,4,2026-09-27T07:30:16.858500+00:00,2026-09-27T16:30:16.858500+09:00,0,2,b95ba17569d4fb742792a9f656cfd8623601dbf8b453b703a8e53943901ecc82,fb7b32141c3605c86107a3a3fb67d795823ec7b381b32304036dc19b7f08d6e4,,3.6969308571424335,5.4404328658711165
238,4,2026-09-27T07:30:26.079244+00:00,2026-09-27T16:30:26.079244+09:00,2,2,fb7b32141c3605c86107a3a3fb67d795823ec7b381b32304036dc19b7f08d6e4,e07a0bcd0fdd6ef60ba7f9b775a4c3486fd62e52b6579618625f476ead0aed9d,,3.582698917016387,5.469095855019987
239,4,2026-09-27T07:30:35.193594+00:00,2026-09-27T16:30:35.193594+09:00,1,2,e07a0bcd0fdd6ef60ba7f9b775a4c3486fd62e52b6579618625f476ead0aed9d,b95ba17569d4fb742792a9f656cfd8623601dbf8b453b703a8e53943901ecc82,,3.271375037962571,5.684240719070658
240,4,2026-09-27T07:30:45.108786+00:00,2026-09-27T16:30:45.108786+09:00,1,2,b95ba17569d4fb742792a9f656cfd8623601dbf8b453b703a8e53943901ecc82,0b54a758607705633a9baa69bcfd96ad60bf84db8b517e8903c0ba1435f8b25c,,4.008219157811254,5.7546748970635235
241,5,2026-09-27T07:30:54.863366+00:00,2026-09-27T16:30:54.863366+09:00,2,2,0b54a758607705633a9baa69bcfd96ad60bf84db8b517e8903c0ba1435f8b25c,cb3491e1efa793a9cd1134d966cdca5c188f744fa010e3037bbffa94d8564b37,,4.292389704845846,5.255653192056343
242,5,2026-09-27T07:31:03.614792+00:00,2026-09-27T16:31:03.614792+09:00,0,2,cb3491e1efa793a9cd1134d966cdca5c188f744fa010e3037bbffa94d8564b37,9401fbbe16d827a42835efe8a5fbf8eeb2fc04566330d54d26bd89991bc0b785,,3.12704360880889,5.472198288189247
243,5,2026-09-27T07:31:13.621911+00:00,2026-09-27T16:31:13.621911+09:00,1,2,9401fbbe16d827a42835efe8a5fbf8eeb2fc04566330d54d26bd89991bc0b785,9a14aee235909c3c6ca6f29c839ed02d2a9dd72ceed15f2943b983c067c8a705,,3.1203891781624407,6.7460955458227545
244,5,2026-09-27T07:31:23.353285+00:00,2026-09-27T16:31:23.353285+09:00,2,2,9a14aee235909c3c6ca6f29c839ed02d2a9dd72ceed15f2943b983c067c8a705,5e9d0247073185191d3da72850db602caac1704380765e8df7484797893a6435,,3.8136204301845282,5.7760813280474395
245,5,2026-09-27T07:31:31.104521+00:00,2026-09-27T16:31:31.104521+09:00,2,2,5e9d0247073185191d3da72850db602caac1704380765e8df7484797893a6435,75024fb544f1e099958dbe603f5f4846145cd3ed4dafde57cdae48c9d21a8c1e,,2.498022463871166,5.066437181085348
246,5,2026-09-27T07:31:40.529901+00:00,2026-09-27T16:31:40.529901+09:00,2,2,75024fb544f1e099958dbe603f5f4846145cd3ed4dafde57cdae48c9d21a8c1e,a657b249359eafaad22075a5d97fe76c504fc1ece29dc49864390f24a5cdf65f,,3.7668512740638107,5.514942955924198
247,5,2026-09-27T07:31:50.205285+00:00,2026-09-27T16:31:50.205285+09:00,1,2,a657b249359eafaad22075a5d97fe76c504fc1ece29dc49864390f24a5cdf65f,a657b249359eafaad22075a5d97fe76c504fc1ece29dc49864390f24a5cdf65f,,3.897907668026164,5.486149232136086
248,5,2026-09-27T07:31:59.663359+00:00,2026-09-27T16:31:59.663359+09:00,2,2,a657b249359eafaad22075a5d97fe76c504fc1ece29dc49864390f24a5cdf65f,30cb23b23aa8448fdf05d5033100b1bc1884205017082a4a72532300b878f091,,3.4753485531546175,5.837213684106246
249,5,2026-09-27T07:32:08.277579+00:00,2026-09-27T16:32:08.277579+09:00,1,2,30cb23b23aa8448fdf05d5033100b1bc1884205017082a4a72532300b878f091,30cb23b23aa8448fdf05d5033100b1bc1884205017082a4a72532300b878f091,,2.894079147139564,5.572548649972305
250,5,2026-09-27T07:32:17.726655+00:00,2026-09-27T16:32:17.726655+09:00,1,2,30cb23b23aa8448fdf05d5033100b1bc1884205017082a4a72532300b878f091,30cb23b23aa8448fdf05d5033100b1bc1884205017082a4a72532300b878f091,Incomplete/trailing content in question,3.254493128042668,6.042284549912438
251,5,2026-09-27T07:32:26.535752+00:00,2026-09-27T16:32:26.535752+09:00,2,2,30cb23b23aa8448fdf05d5033100b1bc1884205017082a4a72532300b878f091,30cb23b23aa8448fdf05d5033100b1bc1884205017082a4a72532300b878f091,,3.336185740074143,5.325530866160989
252,5,2026-09-27T07:32:34.935714+00:00,2026-09-27T16:32:34.935714+09:00,2,2,30cb23b23aa8448fdf05d5033100b1bc1884205017082a4a72532300b878f091,30cb23b23aa8448fdf05d5033100b1bc1884205017082a4a72532300b878f091,,3.067249058978632,5.1907622970175
253,5,2026-09-27T07:32:44.692323+00:00,2026-09-27T16:32:44.692323+09:00,1,2,30cb23b23aa8448fdf05d5033100b1bc1884205017082a4a72532300b878f091,30cb23b23aa8448fdf05d5033100b1bc1884205017082a4a72532300b878f091,Incomplete/trailing content in question,3.5595741840079427,6.044977250043303
254,5,2026-09-27T07:32:53.314254+00:00,2026-09-27T16:32:53.314254+09:00,1,2,30cb23b23aa8448fdf05d5033100b1bc1884205017082a4a72532300b878f091,6517a199dd5a6bfa6ef446aaf6f043e3e8e59a0ebc81ecc251178342166770df,,3.29304091562517,5.178785786032677
255,5,2026-09-27T07:33:03.493189+00:00,2026-09-27T16:33:03.493189+09:00,1,2,6517a199dd5a6bfa6ef446aaf6f043e3e8e59a0ebc81ecc251178342166770df,bdbc5c4d5bd344e71a054c83e3cf14069ac2bcd26aac9d0e67e8692018b01695,,3.754023210844025,6.27958311396651
256,5,2026-09-27T07:33:12.372414+00:00,2026-09-27T16:33:12.372414+09:00,1,2,bdbc5c4d5bd344e71a054c83e3cf14069ac2bcd26aac9d0e67e8692018b01695,0b39348ea39358e30f5c03e12d181d0304d4df1ad7daf3f81bf1a62c7c0db42d,,2.897115085972473,5.840632842853665
257,5,2026-09-27T07:33:20.996220+00:00,2026-09-27T16:33:20.996220+09:00,1,2,0b39348ea39358e30f5c03e12d181d0304d4df1ad7daf3f81bf1a62c7c0db42d,31a32cf2e0e08b37003c01a665d6bcf055b8b553353311c0e92c7e5f41eac823,,3.408119955100119,5.073183277854696
258,5,2026-09-27T07:33:29.136906+00:00,2026-09-27T16:33:29.136906+09:00,1,2,31a32cf2e0e08b37003c01a665d6bcf055b8b553353311c0e92c7e5f41eac823,fba78bdc69bf8b873d7fab7215a4e73c416cbe4b81657a12a094deb36ecb0eb6,,3.3080316949635744,4.62100563198328
259,5,2026-09-27T07:33:38.721960+00:00,2026-09-27T16:33:38.721960+09:00,2,2,fba78bdc69bf8b873d7fab7215a4e73c416cbe4b81657a12a094deb36ecb0eb6,8790bf6bcc46c303f801b0126a13a656af8759a7907971c43a5b1ae58e780cef,,4.596513075986877,4.7365942758042365
260,5,2026-09-27T07:33:47.554942+00:00,2026-09-27T16:33:47.554942+09:00,2,2,8790bf6bcc46c303f801b0126a13a656af8759a7907971c43a5b1ae58e780cef,8790bf6bcc46c303f801b0126a13a656af8759a7907971c43a5b1ae58e780cef,,3.843370725866407,4.84067983715795
261,5,2026-09-27T07:33:54.887026+00:00,2026-09-27T16:33:54.887026+09:00,1,2,8790bf6bcc46c303f801b0126a13a656af8759a7907971c43a5b1ae58e780cef,8790bf6bcc46c303f801b0126a13a656af8759a7907971c43a5b1ae58e780cef,,2.6771897149737924,4.51366409403272
262,5,2026-09-27T07:34:03.367970+00:00,2026-09-27T16:34:03.367970+09:00,2,2,8790bf6bcc46c303f801b0126a13a656af8759a7907971c43a5b1ae58e780cef,8790bf6bcc46c303f801b0126a13a656af8759a7907971c43a5b1ae58e780cef,,3.3711995319463313,4.967058819020167
263,5,2026-09-27T07:34:10.773013+00:00,2026-09-27T16:34:10.773013+09:00,2,2,8790bf6bcc46c303f801b0126a13a656af8759a7907971c43a5b1ae58e780cef,b305788119973d4ac11cf96a38e43a8c94316d8bdef5d95d68d8fabe10a5a8af,,2.688789685256779,4.580583134898916
264,5,2026-09-27T07:34:19.351119+00:00,2026-09-27T16:34:19.351119+09:00,1,2,b305788119973d4ac11cf96a38e43a8c94316d8bdef5d95d68d8fabe10a5a8af,2b2ede27b89862e9a0e3d4cad7ec626f63003fbc2ecd0252cafa4fc5b3c1752d,,3.2872826929669827,5.150586161063984
265,5,2026-09-27T07:34:28.893592+00:00,2026-09-27T16:34:28.893592+09:00,1,2,2b2ede27b89862e9a0e3d4cad7ec626f63003fbc2ecd0252cafa4fc5b3c1752d,07ab53177fdc069ab11d2f2146df7a243170139b1d3c0271dc284930ef4a2bcc,,3.5565875289030373,5.839648467022926
266,5,2026-09-27T07:34:39.517242+00:00,2026-09-27T16:34:39.517242+09:00,2,2,07ab53177fdc069ab11d2f2146df7a243170139b1d3c0271dc284930ef4a2bcc,07ab53177fdc069ab11d2f2146df7a243170139b1d3c0271dc284930ef4a2bcc,Optimizer did not return 1..5 numbered questions,3.629504155833274,6.850820554886013
267,5,2026-09-27T07:34:49.624280+00:00,2026-09-27T16:34:49.624280+09:00,2,2,07ab53177fdc069ab11d2f2146df7a243170139b1d3c0271dc284930ef4a2bcc,07ab53177fdc069ab11d2f2146df7a243170139b1d3c0271dc284930ef4a2bcc,Optimizer did not return 1..5 numbered questions,3.562418915098533,6.345006070798263
268,5,2026-09-27T07:34:58.483673+00:00,2026-09-27T16:34:58.483673+09:00,2,2,07ab53177fdc069ab11d2f2146df7a243170139b1d3c0271dc284930ef4a2bcc,b43263a40de69b7317bb7a90abb7d6c6d57c34c0b3a5725707328ec5f1e31e1f,,3.5557832228951156,5.161303141154349
269,5,2026-09-27T07:35:06.523969+00:00,2026-09-27T16:35:06.523969+09:00,0,2,b43263a40de69b7317bb7a90abb7d6c6d57c34c0b3a5725707328ec5f1e31e1f,0f4cfeb22b6ff155f08a26df3b0b67e9ab6d182a460c1313706bada21a91e3a1,,2.689965156139806,5.211038610897958
270,5,2026-09-27T07:35:15.103232+00:00,2026-09-27T16:35:15.103232+09:00,1,2,0f4cfeb22b6ff155f08a26df3b0b67e9ab6d182a460c1313706bada21a91e3a1,9862e39462e7d96fb8ed0bc76e4d432a15dd7b9c0371679b36ce732d164f0cd3,,3.42648586188443,5.010650958865881
271,5,2026-09-27T07:35:23.787204+00:00,2026-09-27T16:35:23.787204+09:00,1,2,9862e39462e7d96fb8ed0bc76e4d432a15dd7b9c0371679b36ce732d164f0cd3,006b2156f3b482b07ae1ac0d9430d472bd4416a1c8f02930b2c9010a41aaa44e,,2.7417827078606933,5.745218188967556
272,5,2026-09-27T07:35:32.972640+00:00,2026-09-27T16:35:32.972640+09:00,1,2,006b2156f3b482b07ae1ac0d9430d472bd4416a1c8f02930b2c9010a41aaa44e,006b2156f3b482b07ae1ac0d9430d472bd4416a1c8f02930b2c9010a41aaa44e,,3.954586406238377,5.085285642184317
273,5,2026-09-27T07:35:41.734663+00:00,2026-09-27T16:35:41.734663+09:00,2,2,006b2156f3b482b07ae1ac0d9430d472bd4416a1c8f02930b2c9010a41aaa44e,006b2156f3b482b07ae1ac0d9430d472bd4416a1c8f02930b2c9010a41aaa44e,,3.1647207390051335,5.458341235062107
274,5,2026-09-27T07:35:51.870133+00:00,2026-09-27T16:35:51.870133+09:00,1,2,006b2156f3b482b07ae1ac0d9430d472bd4416a1c8f02930b2c9010a41aaa44e,708db34a4b90b68c7a8678f83bdc88ec39c2c6ed4a8e0971a1c451a6e526a0b7,,3.629584433976561,6.362315589096397
275,5,2026-09-27T07:36:00.129893+00:00,2026-09-27T16:36:00.129893+09:00,2,2,708db34a4b90b68c7a8678f83bdc88ec39c2c6ed4a8e0971a1c451a6e526a0b7,567580ae1d74197086b00ad2b2074072b76954140bb2a2c809ea3197aca9f01f,,3.336531767155975,4.78271502093412
276,5,2026-09-27T07:36:08.626722+00:00,2026-09-27T16:36:08.626722+09:00,2,2,567580ae1d74197086b00ad2b2074072b76954140bb2a2c809ea3197aca9f01f,09cf0cb237f7e085e707fb5dff877aed920e7fc444edba01af0480e28f936b57,,2.9954713720362633,5.365738490130752
277,5,2026-09-27T07:36:20.423271+00:00,2026-09-27T16:36:20.423271+09:00,1,2,09cf0cb237f7e085e707fb5dff877aed920e7fc444edba01af0480e28f936b57,b03f07f6660d4b92b8a17d6688ad38b0f0d4358a89cd261f859a332b6df40f39,,3.2687212489545345,8.382443229202181
278,5,2026-09-27T07:36:29.764028+00:00,2026-09-27T16:36:29.764028+09:00,1,2,b03f07f6660d4b92b8a17d6688ad38b0f0d4358a89cd261f859a332b6df40f39,053db2fb6e82f487d7c36bb6a8118abcd73ddaf1e58ab3e89f1069e4c95cb341,,3.7190999740269035,5.480290804058313
279,5,2026-09-27T07:36:38.656200+00:00,2026-09-27T16:36:38.656200+09:00,1,2,053db2fb6e82f487d7c36bb6a8118abcd73ddaf1e58ab3e89f1069e4c95cb341,8c1b43911a5676bd2acc4e6b0a39c2ca75f79e9307973db827e6893c5e956c0c,,3.576339429244399,5.1667021659668535
280,5,2026-09-27T07:36:47.373758+00:00,2026-09-27T16:36:47.373758+09:00,1,2,8c1b43911a5676bd2acc4e6b0a39c2ca75f79e9307973db827e6893c5e956c0c,bfd1d02dd0630d01f11e593e53b5f985b7df29af813e24ffa2e8f835891ff881,,3.549628006760031,4.968007748015225
281,5,2026-09-27T07:36:56.785543+00:00,2026-09-27T16:36:56.785543+09:00,1,2,bfd1d02dd0630d01f11e593e53b5f985b7df29af813e24ffa2e8f835891ff881,ca6ac788cda28e499055bca4acfa8d8d1606a6e03bfe25016dd420b12c7a06a3,,4.178244839189574,5.0421599831897765
282,5,2026-09-27T07:37:05.993779+00:00,2026-09-27T16:37:05.993779+09:00,2,2,ca6ac788cda28e499055bca4acfa8d8d1606a6e03bfe25016dd420b12c7a06a3,90a3250c99337b7e035677af161eddfbd40c65507ae0d6e2fc4cf6715bf46e26,,3.6254158879164606,5.4009068629238755
283,5,2026-09-27T07:37:14.443787+00:00,2026-09-27T16:37:14.443787+09:00,2,2,90a3250c99337b7e035677af161eddfbd40c65507ae0d6e2fc4cf6715bf46e26,90a3250c99337b7e035677af161eddfbd40c65507ae0d6e2fc4cf6715bf46e26,,3.223676306195557,5.080956361023709
284,5,2026-09-27T07:37:23.400103+00:00,2026-09-27T16:37:23.400103+09:00,1,2,90a3250c99337b7e035677af161eddfbd40c65507ae0d6e2fc4cf6715bf46e26,f9f46be874f4deaf392afc6c57c32bc074be9e3e4fdbda5ba78f1176dea81dcd,,3.5167813661973923,5.286774358944967
285,5,2026-09-27T07:37:32.808939+00:00,2026-09-27T16:37:32.808939+09:00,2,2,f9f46be874f4deaf392afc6c57c32bc074be9e3e4fdbda5ba78f1176dea81dcd,f9f46be874f4deaf392afc6c57c32bc074be9e3e4fdbda5ba78f1176dea81dcd,,4.11312327417545,5.056116394000128
286,5,2026-09-27T07:37:42.237432+00:00,2026-09-27T16:37:42.237432+09:00,1,2,f9f46be874f4deaf392afc6c57c32bc074be9e3e4fdbda5ba78f1176dea81dcd,9a1212cb5c8a2cc40570882c2b64f8c36b55be3b099e118e76dc15ec2f997859,,3.7862490359693766,5.496018284931779
287,5,2026-09-27T07:37:51.628544+00:00,2026-09-27T16:37:51.628544+09:00,1,2,9a1212cb5c8a2cc40570882c2b64f8c36b55be3b099e118e76dc15ec2f997859,495775832fa2fc2b6bcc648fd429efbdf5c12f9ed946aac0d23f763543cea248,,4.197396289790049,4.994009756017476
288,5,2026-09-27T07:38:00.234959+00:00,2026-09-27T16:38:00.234959+09:00,0,2,495775832fa2fc2b6bcc648fd429efbdf5c12f9ed946aac0d23f763543cea248,54920499432ffb63ca3d003b89c97e50c1dab60c97abef59edffa2bf46c694dc,,3.712921130936593,4.755078921094537
289,5,2026-09-27T07:38:09.785605+00:00,2026-09-27T16:38:09.785605+09:00,1,2,54920499432ffb63ca3d003b89c97e50c1dab60c97abef59edffa2bf46c694dc,54920499432ffb63ca3d003b89c97e50c1dab60c97abef59edffa2bf46c694dc,,3.606087826890871,5.7020220179110765
290,5,2026-09-27T07:38:21.710847+00:00,2026-09-27T16:38:21.710847+09:00,2,2,54920499432ffb63ca3d003b89c97e50c1dab60c97abef59edffa2bf46c694dc,63b6aec95ad6a89726e047299fabfc0a0b1705bcf51ad9fb64edec14b255a08a,,5.596260151127353,6.185173498932272
291,5,2026-09-27T07:38:30.807425+00:00,2026-09-27T16:38:30.807425+09:00,2,2,63b6aec95ad6a89726e047299fabfc0a0b1705bcf51ad9fb64edec14b255a08a,cbb0d066c6014f9bfd6bef81b2cfd758e536d82504b4e9060a1afb41b2767d98,,3.563916693907231,5.33095160801895
292,5,2026-09-27T07:38:41.871056+00:00,2026-09-27T16:38:41.871056+09:00,2,2,cbb0d066c6014f9bfd6bef81b2cfd758e536d82504b4e9060a1afb41b2767d98,cbb0d066c6014f9bfd6bef81b2cfd758e536d82504b4e9060a1afb41b2767d98,,4.826292023994029,6.0973224609624594
293,5,2026-09-27T07:38:52.420090+00:00,2026-09-27T16:38:52.420090+09:00,2,2,cbb0d066c6014f9bfd6bef81b2cfd758e536d82504b4e9060a1afb41b2767d98,b17edc41f6cad2cd5bc6053919efa1ad2bae721a9b335aa23f0fab3454a4494a,,5.628694127080962,4.771906859939918
294,5,2026-09-27T07:39:02.786439+00:00,2026-09-27T16:39:02.786439+09:00,2,2,b17edc41f6cad2cd5bc6053919efa1ad2bae721a9b335aa23f0fab3454a4494a,8ada01888f1e892d75c474db5e308be0f4db253612c9517e30199eb03fa970a6,,4.924285491928458,5.249298140173778
295,5,2026-09-27T07:39:12.788951+00:00,2026-09-27T16:39:12.788951+09:00,1,2,8ada01888f1e892d75c474db5e308be0f4db253612c9517e30199eb03fa970a6,e2249de8fdea60648985ba61d93928b5f2a23595a017fb512318684fb0a4b566,,4.571859493851662,5.286479046102613
296,5,2026-09-27T07:39:24.909872+00:00,2026-09-27T16:39:24.909872+09:00,1,2,e2249de8fdea60648985ba61d93928b5f2a23595a017fb512318684fb0a4b566,e2249de8fdea60648985ba61d93928b5f2a23595a017fb512318684fb0a4b566,,4.337668965104967,7.639729356160387
297,5,2026-09-27T07:39:35.341716+00:00,2026-09-27T16:39:35.341716+09:00,1,2,e2249de8fdea60648985ba61d93928b5f2a23595a017fb512318684fb0a4b566,e2249de8fdea60648985ba61d93928b5f2a23595a017fb512318684fb0a4b566,,4.738777660764754,5.493761057034135
298,5,2026-09-27T07:39:46.861262+00:00,2026-09-27T16:39:46.861262+09:00,1,2,e2249de8fdea60648985ba61d93928b5f2a23595a017fb512318684fb0a4b566,6ab27f656cf399fad3c5f98977720dd482971f62ca9b42cc6396e439bdd51bc3,,4.3009640709497035,7.02252765186131
299,5,2026-09-27T07:39:57.238831+00:00,2026-09-27T16:39:57.238831+09:00,2,2,6ab27f656cf399fad3c5f98977720dd482971f62ca9b42cc6396e439bdd51bc3,6ab27f656cf399fad3c5f98977720dd482971f62ca9b42cc6396e439bdd51bc3,,4.916001788107678,5.275257657980546
300,5,2026-09-27T07:40:07.418836+00:00,2026-09-27T16:40:07.418836+09:00,2,2,6ab27f656cf399fad3c5f98977720dd482971f62ca9b42cc6396e439bdd51bc3,55f4e9c413cd8de101c8b909652f12ca0aab4bc27eb209a975f42374babf3794,,4.550753777148202,5.424740409012884
301,6,2026-09-27T07:40:55.256542+00:00,2026-09-27T16:40:55.256542+09:00,1,2,55f4e9c413cd8de101c8b909652f12ca0aab4bc27eb209a975f42374babf3794,55f4e9c413cd8de101c8b909652f12ca0aab4bc27eb209a975f42374babf3794,,4.137277612229809,5.038015983067453
302,6,2026-09-27T07:41:05.163558+00:00,2026-09-27T16:41:05.163558+09:00,1,2,55f4e9c413cd8de101c8b909652f12ca0aab4bc27eb209a975f42374babf3794,4f84c530734bed7678189d5230648a282241320b9a9207d332e47e0974435909,,3.961596665903926,5.8018538588657975
303,6,2026-09-27T07:41:14.999674+00:00,2026-09-27T16:41:14.999674+09:00,1,2,4f84c530734bed7678189d5230648a282241320b9a9207d332e47e0974435909,4f84c530734bed7678189d5230648a282241320b9a9207d332e47e0974435909,,4.384690133854747,5.30626844917424
304,6,2026-09-27T07:41:24.672636+00:00,2026-09-27T16:41:24.672636+09:00,2,2,4f84c530734bed7678189d5230648a282241320b9a9207d332e47e0974435909,4f84c530734bed7678189d5230648a282241320b9a9207d332e47e0974435909,,4.572347659850493,4.956958687864244
305,6,2026-09-27T07:41:34.388660+00:00,2026-09-27T16:41:34.388660+09:00,2,2,4f84c530734bed7678189d5230648a282241320b9a9207d332e47e0974435909,270b1143486fa3066791b74604e5eb3838f8735d7f9d4dab1ecf7c300044a0df,,4.429394423030317,5.076068147085607
306,6,2026-09-27T07:41:44.513465+00:00,2026-09-27T16:41:44.513465+09:00,2,2,270b1143486fa3066791b74604e5eb3838f8735d7f9d4dab1ecf7c300044a0df,f77534b9502988c157987f3c99722f863a95cb1fd8e6cebe4960549fd0464cea,,5.001991582103074,4.9709782840218395
307,6,2026-09-27T07:41:54.668511+00:00,2026-09-27T16:41:54.668511+09:00,2,2,f77534b9502988c157987f3c99722f863a95cb1fd8e6cebe4960549fd0464cea,45aca87f4bd7c075e31be630fd4ec1ac39843f49a1d285fbde4ccfe6aba81ee5,,4.916927165817469,5.083870603935793
308,6,2026-09-27T07:42:03.474065+00:00,2026-09-27T16:42:03.474065+09:00,2,2,45aca87f4bd7c075e31be630fd4ec1ac39843f49a1d285fbde4ccfe6aba81ee5,3fc221b90aa8dc442aabd516b74f5989c4ea3af1bb323fc0905356d9ef08ed51,,3.7777060389053077,4.82059100898914
309,6,2026-09-27T07:42:13.448671+00:00,2026-09-27T16:42:13.448671+09:00,2,2,3fc221b90aa8dc442aabd516b74f5989c4ea3af1bb323fc0905356d9ef08ed51,0929fa4ec84b01842fe99a1af315a934f6b02a881cd5c8732e2b91a618ec2588,,4.652533111162484,5.115490038879216
310,6,2026-09-27T07:42:22.054071+00:00,2026-09-27T16:42:22.054071+09:00,0,2,0929fa4ec84b01842fe99a1af315a934f6b02a881cd5c8732e2b91a618ec2588,0667eecafd1e3a4324a70c449cb39b92310b98b01702a1f2ef057a072ac21345,,2.532081853132695,5.9206456078682095
311,6,2026-09-27T07:42:32.410656+00:00,2026-09-27T16:42:32.410656+09:00,1,2,0667eecafd1e3a4324a70c449cb39b92310b98b01702a1f2ef057a072ac21345,4715b7cc9b42c7a275bd732a36b96a4527d990b21905d369fcfcb224f2f20715,,3.9753940301015973,6.225911149056628
312,6,2026-09-27T07:42:43.491021+00:00,2026-09-27T16:42:43.491021+09:00,0,2,4715b7cc9b42c7a275bd732a36b96a4527d990b21905d369fcfcb224f2f20715,47fbdc6e06406ae6c2c10eb4943074afdaee95bd63b863b35f4c18e641825722,,4.40396187081933,6.52457080502063
313,6,2026-09-27T07:42:52.400685+00:00,2026-09-27T16:42:52.400685+09:00,0,2,47fbdc6e06406ae6c2c10eb4943074afdaee95bd63b863b35f4c18e641825722,8a9da082d7c1ba20a6139559bc99a5b75f25507188b0fdd3c979e5ddce7a5b11,,3.2919365300331265,5.45907116192393
314,6,2026-09-27T07:43:00.810298+00:00,2026-09-27T16:43:00.810298+09:00,0,2,8a9da082d7c1ba20a6139559bc99a5b75f25507188b0fdd3c979e5ddce7a5b11,53db6c6b20bfb18122b9a7eaa62340145279c193335fc9a108ed64cf904c5b5a,,3.9505854619201273,4.245614113053307
315,6,2026-09-27T07:43:09.082682+00:00,2026-09-27T16:43:09.082682+09:00,1,2,53db6c6b20bfb18122b9a7eaa62340145279c193335fc9a108ed64cf904c5b5a,aa0a59280d7182247ef08acee5085a4daadccc964f4996a11219d5d8f48537b4,,3.451460341922939,4.665121274068952
316,6,2026-09-27T07:43:17.522581+00:00,2026-09-27T16:43:17.522581+09:00,2,2,aa0a59280d7182247ef08acee5085a4daadccc964f4996a11219d5d8f48537b4,d5895bf1498c4cc76c3fa28d88a26a272c97ef6fa9047b377a079236e40b6167,,3.7231000158935785,4.568942771991715
317,6,2026-09-27T07:43:26.177953+00:00,2026-09-27T16:43:26.177953+09:00,2,2,d5895bf1498c4cc76c3fa28d88a26a272c97ef6fa9047b377a079236e40b6167,c1a63616dcdc3cbcf5dd1af956f0237b309803af16edf3e7a234eda1fd4604b3,,3.125671872869134,5.369344331789762
318,6,2026-09-27T07:43:35.270032+00:00,2026-09-27T16:43:35.270032+09:00,1,2,c1a63616dcdc3cbcf5dd1af956f0237b309803af16edf3e7a234eda1fd4604b3,b4cb4d99f0734c05eb8af1b23939b319228d45e6a592111daaf1d14a2a965a84,,4.067329122917727,4.8748044681269675
319,6,2026-09-27T07:43:44.189528+00:00,2026-09-27T16:43:44.189528+09:00,2,2,b4cb4d99f0734c05eb8af1b23939b319228d45e6a592111daaf1d14a2a965a84,d425634012dc011d9a018927fd4ea4e0d2d04eb60d56509a32838302e90ceedb,,3.863521212944761,4.910116960061714
320,6,2026-09-27T07:43:54.109593+00:00,2026-09-27T16:43:54.109593+09:00,2,2,d425634012dc011d9a018927fd4ea4e0d2d04eb60d56509a32838302e90ceedb,d425634012dc011d9a018927fd4ea4e0d2d04eb60d56509a32838302e90ceedb,Incomplete/trailing content in question,3.8924714808817953,5.873365166131407
321,6,2026-09-27T07:44:02.308761+00:00,2026-09-27T16:44:02.308761+09:00,1,2,d425634012dc011d9a018927fd4ea4e0d2d04eb60d56509a32838302e90ceedb,d425634012dc011d9a018927fd4ea4e0d2d04eb60d56509a32838302e90ceedb,,3.547167264856398,4.451316436985508
322,6,2026-09-27T07:44:12.010565+00:00,2026-09-27T16:44:12.010565+09:00,2,2,d425634012dc011d9a018927fd4ea4e0d2d04eb60d56509a32838302e90ceedb,47739b659c334a00f5015dd9a7d235cd1ff19a06988e6e04a08c119acd46e32b,,3.760014483006671,5.728093849029392
323,6,2026-09-27T07:44:19.902367+00:00,2026-09-27T16:44:19.902367+09:00,1,2,47739b659c334a00f5015dd9a7d235cd1ff19a06988e6e04a08c119acd46e32b,47739b659c334a00f5015dd9a7d235cd1ff19a06988e6e04a08c119acd46e32b,Missing or repeated New Prompt Questions marker,2.70915693603456,5.032970003783703
324,6,2026-09-27T07:44:27.225116+00:00,2026-09-27T16:44:27.225116+09:00,0,2,47739b659c334a00f5015dd9a7d235cd1ff19a06988e6e04a08c119acd46e32b,d473f83fccc5755b084540bea3a9084c2c3cba4fa58d81f2e77c16be82657836,,2.3714567872229964,4.794363304972649
325,6,2026-09-27T07:44:38.040713+00:00,2026-09-27T16:44:38.040713+09:00,2,2,d473f83fccc5755b084540bea3a9084c2c3cba4fa58d81f2e77c16be82657836,644757a5f120c5d1d36d45c779a7470e160a56934f355a1fabe9dbfb12a0366b,,4.7928587179630995,5.870932629797608
326,6,2026-09-27T07:44:46.704911+00:00,2026-09-27T16:44:46.704911+09:00,2,2,644757a5f120c5d1d36d45c779a7470e160a56934f355a1fabe9dbfb12a0366b,ff1f6d17fc1da1ddf1c3c5cabecde59ef645b083100300bb8965e8e444fc20bc,,3.440901979105547,5.062999119050801
327,6,2026-09-27T07:44:56.553856+00:00,2026-09-27T16:44:56.553856+09:00,1,2,ff1f6d17fc1da1ddf1c3c5cabecde59ef645b083100300bb8965e8e444fc20bc,239adcd43a5971329e449ba1a14b5e60adda02625ba7d1b509226d3df35c6080,,3.9231956137809902,5.773886100156233
328,6,2026-09-27T07:45:09.294676+00:00,2026-09-27T16:45:09.294676+09:00,1,2,239adcd43a5971329e449ba1a14b5e60adda02625ba7d1b509226d3df35c6080,239adcd43a5971329e449ba1a14b5e60adda02625ba7d1b509226d3df35c6080,Optimizer did not return 1..5 numbered questions,5.789597816998139,6.725664736004546
329,6,2026-09-27T07:45:20.264279+00:00,2026-09-27T16:45:20.264279+09:00,1,2,239adcd43a5971329e449ba1a14b5e60adda02625ba7d1b509226d3df35c6080,239adcd43a5971329e449ba1a14b5e60adda02625ba7d1b509226d3df35c6080,Missing or repeated New Prompt Questions marker,4.728257712908089,6.08585214195773
330,6,2026-09-27T07:45:29.598364+00:00,2026-09-27T16:45:29.598364+09:00,2,2,239adcd43a5971329e449ba1a14b5e60adda02625ba7d1b509226d3df35c6080,ea39dd7c4f72a7dfeca2e9a5075e1080c2b6db0dd6a925d8d75ec268914c47f8,,3.687780630076304,5.494823680957779
331,6,2026-09-27T07:45:39.460289+00:00,2026-09-27T16:45:39.460289+09:00,1,2,ea39dd7c4f72a7dfeca2e9a5075e1080c2b6db0dd6a925d8d75ec268914c47f8,f73e41ec6a8f704c10d1125b6706f77e137846b9f236a0f284147def2b2799f1,,3.887827369850129,5.81521254288964
332,6,2026-09-27T07:45:51.218131+00:00,2026-09-27T16:45:51.218131+09:00,1,2,f73e41ec6a8f704c10d1125b6706f77e137846b9f236a0f284147def2b2799f1,f73e41ec6a8f704c10d1125b6706f77e137846b9f236a0f284147def2b2799f1,Missing or repeated New Prompt Questions marker,4.609848137944937,6.993018631124869
333,6,2026-09-27T07:46:01.437451+00:00,2026-09-27T16:46:01.437451+09:00,2,2,f73e41ec6a8f704c10d1125b6706f77e137846b9f236a0f284147def2b2799f1,34becc1709009d366e8ef7610ea6969b77adf43fa521efb4d550f66ea8a5ec7c,,4.0627351079601794,5.89869359578006
334,6,2026-09-27T07:46:11.069921+00:00,2026-09-27T16:46:11.069921+09:00,0,2,34becc1709009d366e8ef7610ea6969b77adf43fa521efb4d550f66ea8a5ec7c,b4ded0aeed0b57c3b9990e1ca25e13fff472d46a6c032fe3e03f6bb934df3ebb,,3.398185876896605,6.088418462779373
335,6,2026-09-27T07:46:22.376230+00:00,2026-09-27T16:46:22.376230+09:00,2,2,b4ded0aeed0b57c3b9990e1ca25e13fff472d46a6c032fe3e03f6bb934df3ebb,9765221aeda5ff018bcd129971257380483d62fec76f08d4c7466cf4f1892eef,,5.144425776787102,5.961946523049846
336,6,2026-09-27T07:46:31.893374+00:00,2026-09-27T16:46:31.893374+09:00,2,2,9765221aeda5ff018bcd129971257380483d62fec76f08d4c7466cf4f1892eef,6cfc0139332d6cc756c4e4dacfa9869fe677d7036fd3fdf365e543ddd9989bee,,3.7568263728171587,5.603990948060527
337,6,2026-09-27T07:46:42.202086+00:00,2026-09-27T16:46:42.202086+09:00,2,2,6cfc0139332d6cc756c4e4dacfa9869fe677d7036fd3fdf365e543ddd9989bee,10b9666c7f845ddc42f751e9b956609ebbabbe02e49882fa88c405c015276ae4,,3.525619735242799,6.633846282027662
338,6,2026-09-27T07:46:53.052011+00:00,2026-09-27T16:46:53.052011+09:00,2,2,10b9666c7f845ddc42f751e9b956609ebbabbe02e49882fa88c405c015276ae4,05ad1545ce55180397ee734e11379b83e5b18373d55ea042e1627014d3c19830,,4.079867830034345,6.618679130915552
339,6,2026-09-27T07:47:03.265900+00:00,2026-09-27T16:47:03.265900+09:00,2,2,05ad1545ce55180397ee734e11379b83e5b18373d55ea042e1627014d3c19830,fde6134163b271339cd285a43b2f103b3d2e12567e33e979dd4f208ac40f3ea1,,4.335082233184949,5.728559234878048
340,6,2026-09-27T07:47:13.035256+00:00,2026-09-27T16:47:13.035256+09:00,1,2,fde6134163b271339cd285a43b2f103b3d2e12567e33e979dd4f208ac40f3ea1,032c23490e13bf0af3fdeacc765e7909e5528d95eabf4cf3d2558556d130928a,,3.2761035261210054,6.335430356906727
341,6,2026-09-27T07:47:23.600281+00:00,2026-09-27T16:47:23.600281+09:00,2,2,032c23490e13bf0af3fdeacc765e7909e5528d95eabf4cf3d2558556d130928a,e99747948f8ead7cc3d53b26bdc282457369d4df91531f1520fcafa1eb7a2ba8,,3.9926687120459974,6.4163621629122645
342,6,2026-09-27T07:47:32.732741+00:00,2026-09-27T16:47:32.732741+09:00,2,2,e99747948f8ead7cc3d53b26bdc282457369d4df91531f1520fcafa1eb7a2ba8,d675599737980ffdf128957ff0e8dc947fd87025ea2b7fccc6bfbd432a730fb5,,2.5596034210175276,6.428760674083605
343,6,2026-09-27T07:47:42.747704+00:00,2026-09-27T16:47:42.747704+09:00,1,2,d675599737980ffdf128957ff0e8dc947fd87025ea2b7fccc6bfbd432a730fb5,0f759edfbbe7844033413e6945564a4fc749556d085f3fd735528f91da54cc76,,3.9328361060470343,5.929376736050472
344,6,2026-09-27T07:47:53.065641+00:00,2026-09-27T16:47:53.065641+09:00,1,2,0f759edfbbe7844033413e6945564a4fc749556d085f3fd735528f91da54cc76,111a48d5fc81a80226607e68ebbfdc69c34ec05d388b27557628397d0e540b02,,4.801089222775772,5.361903672106564
345,6,2026-09-27T07:48:04.139046+00:00,2026-09-27T16:48:04.139046+09:00,2,2,111a48d5fc81a80226607e68ebbfdc69c34ec05d388b27557628397d0e540b02,141fee11454632a2a631715c3dfad7f2dad172d07a328a6f9d01b3b80701cc3d,,6.197833031881601,4.721576067851856
346,6,2026-09-27T07:48:12.281201+00:00,2026-09-27T16:48:12.281201+09:00,2,2,141fee11454632a2a631715c3dfad7f2dad172d07a328a6f9d01b3b80701cc3d,020fca6d31d8272e066097c3280ee6d6186f78bd5b1a9544478514a796773193,,3.312887290958315,4.677722383989021
347,6,2026-09-27T07:48:21.343210+00:00,2026-09-27T16:48:21.343210+09:00,1,2,020fca6d31d8272e066097c3280ee6d6186f78bd5b1a9544478514a796773193,73b73f176a80e5b1967cd2a6ed8267e566771bf6b1df3a5349fe427f0c72a48e,,3.1334368009120226,5.778765715891495
348,6,2026-09-27T07:48:30.737499+00:00,2026-09-27T16:48:30.737499+09:00,2,2,73b73f176a80e5b1967cd2a6ed8267e566771bf6b1df3a5349fe427f0c72a48e,fa82de75e3b5c61c9af4d57d6592ee93f43564f2c2eaa813882cb757c79c885b,,3.6049640332348645,5.631523275049403
349,6,2026-09-27T07:48:41.564511+00:00,2026-09-27T16:48:41.564511+09:00,0,2,fa82de75e3b5c61c9af4d57d6592ee93f43564f2c2eaa813882cb757c79c885b,fa82de75e3b5c61c9af4d57d6592ee93f43564f2c2eaa813882cb757c79c885b,,4.775991231901571,5.897033745888621
350,6,2026-09-27T07:48:51.936776+00:00,2026-09-27T16:48:51.936776+09:00,2,2,fa82de75e3b5c61c9af4d57d6592ee93f43564f2c2eaa813882cb757c79c885b,18ae44b0ccc6f827642d8305a42636e4bfc4d1394131bb0a097cbf161bccde60,,4.097354497062042,6.115828728070483
351,6,2026-09-27T07:49:01.866008+00:00,2026-09-27T16:49:01.866008+09:00,2,2,18ae44b0ccc6f827642d8305a42636e4bfc4d1394131bb0a097cbf161bccde60,18ae44b0ccc6f827642d8305a42636e4bfc4d1394131bb0a097cbf161bccde60,Missing or repeated New Prompt Questions marker,3.3072552299126983,6.464280575048178
352,6,2026-09-27T07:49:12.633240+00:00,2026-09-27T16:49:12.633240+09:00,1,2,18ae44b0ccc6f827642d8305a42636e4bfc4d1394131bb0a097cbf161bccde60,f5bc4cf548d91b3458c0b4a0c3b5650b389a92c2e2ddd6d8a09968f02af29b65,,4.830762094119564,5.784040790051222
353,6,2026-09-27T07:49:23.299970+00:00,2026-09-27T16:49:23.299970+09:00,0,2,f5bc4cf548d91b3458c0b4a0c3b5650b389a92c2e2ddd6d8a09968f02af29b65,f5bc4cf548d91b3458c0b4a0c3b5650b389a92c2e2ddd6d8a09968f02af29b65,,3.9815801710356027,6.526386453071609
354,6,2026-09-27T07:49:32.549568+00:00,2026-09-27T16:49:32.549568+09:00,2,2,f5bc4cf548d91b3458c0b4a0c3b5650b389a92c2e2ddd6d8a09968f02af29b65,115ec082cbaf3c6a57d5987c2e623b038cd41784a00c5f89533e333b3c4d6a3f,,3.715670593082905,5.386068115010858
355,6,2026-09-27T07:49:43.109466+00:00,2026-09-27T16:49:43.109466+09:00,1,2,115ec082cbaf3c6a57d5987c2e623b038cd41784a00c5f89533e333b3c4d6a3f,115ec082cbaf3c6a57d5987c2e623b038cd41784a00c5f89533e333b3c4d6a3f,Incomplete/trailing content in question,4.006074337987229,6.399054978042841
356,6,2026-09-27T07:49:52.513564+00:00,2026-09-27T16:49:52.513564+09:00,1,2,115ec082cbaf3c6a57d5987c2e623b038cd41784a00c5f89533e333b3c4d6a3f,741c4205336900585314ed4ead7fba829ac9debb53b6ab1196519fed6e09766f,,3.761982130119577,5.48710141889751
357,6,2026-09-27T07:50:04.041943+00:00,2026-09-27T16:50:04.041943+09:00,1,2,741c4205336900585314ed4ead7fba829ac9debb53b6ab1196519fed6e09766f,741c4205336900585314ed4ead7fba829ac9debb53b6ab1196519fed6e09766f,Optimizer did not return 1..5 numbered questions,4.827086585108191,6.545593464048579
358,6,2026-09-27T07:50:15.230591+00:00,2026-09-27T16:50:15.230591+09:00,1,2,741c4205336900585314ed4ead7fba829ac9debb53b6ab1196519fed6e09766f,741c4205336900585314ed4ead7fba829ac9debb53b6ab1196519fed6e09766f,Incomplete/trailing content in question,4.917078842641786,6.060395025881007
359,6,2026-09-27T07:50:25.697784+00:00,2026-09-27T16:50:25.697784+09:00,2,2,741c4205336900585314ed4ead7fba829ac9debb53b6ab1196519fed6e09766f,741c4205336900585314ed4ead7fba829ac9debb53b6ab1196519fed6e09766f,Missing or repeated New Prompt Questions marker,3.949955250835046,6.364827078068629
360,6,2026-09-27T07:50:34.803490+00:00,2026-09-27T16:50:34.803490+09:00,2,2,741c4205336900585314ed4ead7fba829ac9debb53b6ab1196519fed6e09766f,741c4205336900585314ed4ead7fba829ac9debb53b6ab1196519fed6e09766f,Missing or repeated New Prompt Questions marker,2.7694181292317808,6.183983041904867
361,7,2026-09-27T07:50:45.445377+00:00,2026-09-27T16:50:45.445377+09:00,2,2,741c4205336900585314ed4ead7fba829ac9debb53b6ab1196519fed6e09766f,741c4205336900585314ed4ead7fba829ac9debb53b6ab1196519fed6e09766f,Missing or repeated New Prompt Questions marker,4.13703355495818,6.350337357027456
362,7,2026-09-27T07:50:55.174366+00:00,2026-09-27T16:50:55.174366+09:00,2,2,741c4205336900585314ed4ead7fba829ac9debb53b6ab1196519fed6e09766f,5464910698423f5b7bf3687c20545f606b831f930d5687ed712940690490740f,,3.59650948503986,5.980773663846776
363,7,2026-09-27T07:51:02.541972+00:00,2026-09-27T16:51:02.541972+09:00,2,2,5464910698423f5b7bf3687c20545f606b831f930d5687ed712940690490740f,e7d9afeb9bc620b40674a824c6b8fb04453e810e4445268092d677b7f3c8cc32,,3.2991975592449307,3.9163537637796253
364,7,2026-09-27T07:51:10.011459+00:00,2026-09-27T16:51:10.011459+09:00,1,2,e7d9afeb9bc620b40674a824c6b8fb04453e810e4445268092d677b7f3c8cc32,90356336bf8484a59353efda605a7b83183395dec1da92d93ad5cb7312a07fa3,,2.368877312866971,4.942749954992905
365,7,2026-09-27T07:51:18.355232+00:00,2026-09-27T16:51:18.355232+09:00,1,2,90356336bf8484a59353efda605a7b83183395dec1da92d93ad5cb7312a07fa3,3ebe9c3be6d7165b760592fa4c2000bc20a4fb8062d62e289dc1675bbb5db9b7,,2.9959356850013137,5.181218761950731
366,7,2026-09-27T07:51:28.322544+00:00,2026-09-27T16:51:28.322544+09:00,2,2,3ebe9c3be6d7165b760592fa4c2000bc20a4fb8062d62e289dc1675bbb5db9b7,5e72140d6461f4952f571fadbb96543c8e7b9a97f82b0b8e8e30b45abeb3b954,,4.1221592833753675,5.631349780829623
367,7,2026-09-27T07:51:38.545187+00:00,2026-09-27T16:51:38.545187+09:00,1,2,5e72140d6461f4952f571fadbb96543c8e7b9a97f82b0b8e8e30b45abeb3b954,5e72140d6461f4952f571fadbb96543c8e7b9a97f82b0b8e8e30b45abeb3b954,,5.24687327677384,4.781693720025942
368,7,2026-09-27T07:51:48.587332+00:00,2026-09-27T16:51:48.587332+09:00,0,2,5e72140d6461f4952f571fadbb96543c8e7b9a97f82b0b8e8e30b45abeb3b954,079871d21b812e620d7fb511fcb53bbd11b5209b9859a900c71e50b859eef5e7,,4.307520948117599,5.579313199035823
369,7,2026-09-27T07:51:56.540649+00:00,2026-09-27T16:51:56.540649+09:00,2,2,079871d21b812e620d7fb511fcb53bbd11b5209b9859a900c71e50b859eef5e7,3c0ecfeb133c89d267b42eb08a11452941e519f52cfde6eeadc71ce18e0a8711,,3.2712706222664565,4.531527379062027
370,7,2026-09-27T07:52:06.561285+00:00,2026-09-27T16:52:06.561285+09:00,1,2,3c0ecfeb133c89d267b42eb08a11452941e519f52cfde6eeadc71ce18e0a8711,c45503a1b4ed4a6f56a407421681a302e7203072496b584b3d7bf5d38919e269,,4.078375017736107,5.784650271991268
371,7,2026-09-27T07:52:16.312461+00:00,2026-09-27T16:52:16.312461+09:00,2,2,c45503a1b4ed4a6f56a407421681a302e7203072496b584b3d7bf5d38919e269,abd2da49a4a52c554895e4c5d97671b30162ae1218c3a3458f06fc83eef1071f,,4.237033108947799,5.359565711114556
372,7,2026-09-27T07:52:25.630980+00:00,2026-09-27T16:52:25.630980+09:00,2,2,abd2da49a4a52c554895e4c5d97671b30162ae1218c3a3458f06fc83eef1071f,2113499a5b5826bc626c8e065afc7d26358d5f75fed6d798e2d908cddc6efdc4,,3.8250689459964633,5.341193480882794
373,7,2026-09-27T07:52:34.812261+00:00,2026-09-27T16:52:34.812261+09:00,1,2,2113499a5b5826bc626c8e065afc7d26358d5f75fed6d798e2d908cddc6efdc4,2113499a5b5826bc626c8e065afc7d26358d5f75fed6d798e2d908cddc6efdc4,,2.8954482378903776,6.130285711027682
374,7,2026-09-27T07:52:43.488734+00:00,2026-09-27T16:52:43.488734+09:00,1,2,2113499a5b5826bc626c8e065afc7d26358d5f75fed6d798e2d908cddc6efdc4,2113499a5b5826bc626c8e065afc7d26358d5f75fed6d798e2d908cddc6efdc4,,3.326268032891676,5.140235967002809
375,7,2026-09-27T07:52:52.343741+00:00,2026-09-27T16:52:52.343741+09:00,0,2,2113499a5b5826bc626c8e065afc7d26358d5f75fed6d798e2d908cddc6efdc4,2113499a5b5826bc626c8e065afc7d26358d5f75fed6d798e2d908cddc6efdc4,,3.3926230480428785,5.2985243641305715
376,7,2026-09-27T07:53:01.072160+00:00,2026-09-27T16:53:01.072160+09:00,0,2,2113499a5b5826bc626c8e065afc7d26358d5f75fed6d798e2d908cddc6efdc4,2113499a5b5826bc626c8e065afc7d26358d5f75fed6d798e2d908cddc6efdc4,,3.4852956312242895,5.096557718934491
377,7,2026-09-27T07:53:12.040843+00:00,2026-09-27T16:53:12.040843+09:00,1,2,2113499a5b5826bc626c8e065afc7d26358d5f75fed6d798e2d908cddc6efdc4,ba8d799447ac52406053bb68b7bf972908350e3b4a3953b78eb50ccb1c456e2a,,4.028137452201918,6.7831756949890405
378,7,2026-09-27T07:53:21.518910+00:00,2026-09-27T16:53:21.518910+09:00,1,2,ba8d799447ac52406053bb68b7bf972908350e3b4a3953b78eb50ccb1c456e2a,3a61ce2f5de1e9b41dc58e5b1be6ef54c4f54c54fdfb8ed15a6d2d3ffd641513,,3.1690583578310907,6.15410909592174
379,7,2026-09-27T07:53:34.247816+00:00,2026-09-27T16:53:34.247816+09:00,1,2,3a61ce2f5de1e9b41dc58e5b1be6ef54c4f54c54fdfb8ed15a6d2d3ffd641513,7cc419130843183db89e9e0f8a0b5012088ca2155ab900e41205da3d050d9efa,,5.771121400874108,6.748806458897889
380,7,2026-09-27T07:53:46.355808+00:00,2026-09-27T16:53:46.355808+09:00,0,2,7cc419130843183db89e9e0f8a0b5012088ca2155ab900e41205da3d050d9efa,062d2a7ff15dc0427807c5159077a41276fdf55937d2f29f34d6a573c03bcb33,,5.619292601943016,6.327015083050355
381,7,2026-09-27T07:53:57.472959+00:00,2026-09-27T16:53:57.472959+09:00,2,2,062d2a7ff15dc0427807c5159077a41276fdf55937d2f29f34d6a573c03bcb33,062d2a7ff15dc0427807c5159077a41276fdf55937d2f29f34d6a573c03bcb33,,4.713286190992221,6.248709141975269
382,7,2026-09-27T07:54:07.697533+00:00,2026-09-27T16:54:07.697533+09:00,1,2,062d2a7ff15dc0427807c5159077a41276fdf55937d2f29f34d6a573c03bcb33,51c987e8254d91f053476b728886902c7babc73a571ebaa8b8a1ab04210f61fc,,4.135095978155732,5.930169684113935
383,7,2026-09-27T07:54:18.262769+00:00,2026-09-27T16:54:18.262769+09:00,2,2,51c987e8254d91f053476b728886902c7babc73a571ebaa8b8a1ab04210f61fc,ae5bb580146f49f73f46bf03d911279b6ac0940f4b168b8ecadc6418334ebcde,,3.9774780608713627,6.413915172917768
384,7,2026-09-27T07:54:29.185478+00:00,2026-09-27T16:54:29.185478+09:00,1,2,ae5bb580146f49f73f46bf03d911279b6ac0940f4b168b8ecadc6418334ebcde,453c2dd48a03afdb3ca33b6d2fd9af33d380ea88348d02b5ac4957e7b97a5e30,,3.581226665060967,7.183258573990315
385,7,2026-09-27T07:54:39.924910+00:00,2026-09-27T16:54:39.924910+09:00,2,2,453c2dd48a03afdb3ca33b6d2fd9af33d380ea88348d02b5ac4957e7b97a5e30,4285bdb9926ae2189ad4f8377d159b8e131af750c78700e09e445b1d9da665a3,,4.3973907879553735,6.139006756013259
386,7,2026-09-27T07:54:50.718793+00:00,2026-09-27T16:54:50.718793+09:00,2,2,4285bdb9926ae2189ad4f8377d159b8e131af750c78700e09e445b1d9da665a3,4285bdb9926ae2189ad4f8377d159b8e131af750c78700e09e445b1d9da665a3,,4.354237167863175,6.282175049884245
387,7,2026-09-27T07:55:00.554579+00:00,2026-09-27T16:55:00.554579+09:00,2,2,4285bdb9926ae2189ad4f8377d159b8e131af750c78700e09e445b1d9da665a3,acf777f9ee7a2ba17e72e8fe0187701179699210eb92420788f7d1d8b72b08cd,,3.2913029191549867,6.3350617019459605
388,7,2026-09-27T07:55:12.819804+00:00,2026-09-27T16:55:12.819804+09:00,0,2,acf777f9ee7a2ba17e72e8fe0187701179699210eb92420788f7d1d8b72b08cd,acf777f9ee7a2ba17e72e8fe0187701179699210eb92420788f7d1d8b72b08cd,Incomplete/trailing content in question,5.096115933032706,7.0054882620461285
389,7,2026-09-27T07:55:23.604593+00:00,2026-09-27T16:55:23.604593+09:00,1,2,acf777f9ee7a2ba17e72e8fe0187701179699210eb92420788f7d1d8b72b08cd,acf777f9ee7a2ba17e72e8fe0187701179699210eb92420788f7d1d8b72b08cd,Incomplete/trailing content in question,3.8830640260130167,6.738803101005033
390,7,2026-09-27T07:55:35.193065+00:00,2026-09-27T16:55:35.193065+09:00,2,2,acf777f9ee7a2ba17e72e8fe0187701179699210eb92420788f7d1d8b72b08cd,acf777f9ee7a2ba17e72e8fe0187701179699210eb92420788f7d1d8b72b08cd,Missing or repeated New Prompt Questions marker,4.144073632080108,7.212981849908829
391,7,2026-09-27T07:55:45.500963+00:00,2026-09-27T16:55:45.500963+09:00,1,2,acf777f9ee7a2ba17e72e8fe0187701179699210eb92420788f7d1d8b72b08cd,acf777f9ee7a2ba17e72e8fe0187701179699210eb92420788f7d1d8b72b08cd,,3.7742369291372597,6.377173455199227
392,7,2026-09-27T07:55:56.213820+00:00,2026-09-27T16:55:56.213820+09:00,1,2,acf777f9ee7a2ba17e72e8fe0187701179699210eb92420788f7d1d8b72b08cd,acf777f9ee7a2ba17e72e8fe0187701179699210eb92420788f7d1d8b72b08cd,,4.238580990117043,6.269342122832313
393,7,2026-09-27T07:56:06.753004+00:00,2026-09-27T16:56:06.753004+09:00,2,2,acf777f9ee7a2ba17e72e8fe0187701179699210eb92420788f7d1d8b72b08cd,acf777f9ee7a2ba17e72e8fe0187701179699210eb92420788f7d1d8b72b08cd,Incomplete/trailing content in question,3.613988026045263,6.771666282089427
394,7,2026-09-27T07:56:17.611678+00:00,2026-09-27T16:56:17.611678+09:00,1,2,acf777f9ee7a2ba17e72e8fe0187701179699210eb92420788f7d1d8b72b08cd,acf777f9ee7a2ba17e72e8fe0187701179699210eb92420788f7d1d8b72b08cd,Incomplete/trailing content in question,3.925727443769574,6.726359092863277
395,7,2026-09-27T07:56:26.974646+00:00,2026-09-27T16:56:26.974646+09:00,1,2,acf777f9ee7a2ba17e72e8fe0187701179699210eb92420788f7d1d8b72b08cd,acf777f9ee7a2ba17e72e8fe0187701179699210eb92420788f7d1d8b72b08cd,,2.9696481318678707,6.240630703046918
396,7,2026-09-27T07:56:36.851862+00:00,2026-09-27T16:56:36.851862+09:00,1,2,acf777f9ee7a2ba17e72e8fe0187701179699210eb92420788f7d1d8b72b08cd,1817e446bfb139bc1435d834b68f6ddbc013ed266c5712bb3e8e55a36d510f38,,4.415352005045861,5.30442353291437
397,7,2026-09-27T07:56:46.867092+00:00,2026-09-27T16:56:46.867092+09:00,2,2,1817e446bfb139bc1435d834b68f6ddbc013ed266c5712bb3e8e55a36d510f38,cadc0a89163e1d3b35d3facef216c89c4042ce61e1c7ede86a24c6c892302cf6,,4.74009343306534,5.068462083116174
398,7,2026-09-27T07:56:56.853871+00:00,2026-09-27T16:56:56.853871+09:00,1,2,cadc0a89163e1d3b35d3facef216c89c4042ce61e1c7ede86a24c6c892302cf6,12c171e91bce7f36bb08d1edb7104726d9de4cd10ca16b90c5a4675af837deee,,4.211777271237224,5.562001180136576
399,7,2026-09-27T07:57:05.333803+00:00,2026-09-27T16:57:05.333803+09:00,2,2,12c171e91bce7f36bb08d1edb7104726d9de4cd10ca16b90c5a4675af837deee,014c5979db9927bf97503384fa82b5e4b3cc365755935647f10547def39db123,,3.5775484249461442,4.754075787961483
400,7,2026-09-27T07:57:16.688631+00:00,2026-09-27T16:57:16.688631+09:00,1,2,014c5979db9927bf97503384fa82b5e4b3cc365755935647f10547def39db123,1d7f27703b6bcf674e4e37a50d35bd6dbf99af3737e7a0be43ba0d6f12a37da6,,5.029055346967652,6.1618286850862205
401,7,2026-09-27T07:58:12.414047+00:00,2026-09-27T16:58:12.414047+09:00,2,2,1d7f27703b6bcf674e4e37a50d35bd6dbf99af3737e7a0be43ba0d6f12a37da6,c0ccdf6f3e77fda50458a86c12ab31a28ea2bc2cceccf5c939d56df1710a29c8,,5.032811888027936,6.08758377796039
402,7,2026-09-27T07:58:22.282199+00:00,2026-09-27T16:58:22.282199+09:00,0,2,c0ccdf6f3e77fda50458a86c12ab31a28ea2bc2cceccf5c939d56df1710a29c8,b78fb51afee4a9ceb10823b8ee54b485aab3d77cf538f78391c3992adbc9a90f,,5.027070228941739,4.685638654045761
403,7,2026-09-27T07:58:33.658191+00:00,2026-09-27T16:58:33.658191+09:00,1,2,b78fb51afee4a9ceb10823b8ee54b485aab3d77cf538f78391c3992adbc9a90f,e6e445427e7b6d3d4a0feeab7eb9fd78088a8e40a46a25dfc427cf42dfafedb8,,4.1772544959094375,7.041899614967406
404,7,2026-09-27T07:58:42.026661+00:00,2026-09-27T16:58:42.026661+09:00,2,2,e6e445427e7b6d3d4a0feeab7eb9fd78088a8e40a46a25dfc427cf42dfafedb8,a0d7ac709064ad85f910299a32669ec74a8e7e5e902cdffa3277bb8b0d6d44bf,,3.8666798081249,4.353050241945311
405,7,2026-09-27T07:58:51.057216+00:00,2026-09-27T16:58:51.057216+09:00,2,2,a0d7ac709064ad85f910299a32669ec74a8e7e5e902cdffa3277bb8b0d6d44bf,d5c84dd3ee8e2081d0a63fa9161b055c5e8d7cfc7b17b6bde1f86d3d1d75164f,,4.201038766885176,4.630673228064552
406,7,2026-09-27T07:59:00.388271+00:00,2026-09-27T16:59:00.388271+09:00,2,2,d5c84dd3ee8e2081d0a63fa9161b055c5e8d7cfc7b17b6bde1f86d3d1d75164f,99800fa29245f7913c2abd014696c909221bcaab167284d22db9ea2c3d73fce7,,3.7789698988199234,5.402879357105121
407,7,2026-09-27T07:59:12.169310+00:00,2026-09-27T16:59:12.169310+09:00,1,2,99800fa29245f7913c2abd014696c909221bcaab167284d22db9ea2c3d73fce7,e83e187f5ef4b66d8e4b44bce8328f1c4ff5ef1584fa169e19ea91cf25b314e7,,5.097833578940481,6.436909602023661
408,7,2026-09-27T07:59:21.116174+00:00,2026-09-27T16:59:21.116174+09:00,1,2,e83e187f5ef4b66d8e4b44bce8328f1c4ff5ef1584fa169e19ea91cf25b314e7,5b3428295bef61f938eb157f4931396ff5bdd2c82e306b4ff023be39b47ba6da,,3.269997929222882,5.52608860982582
409,7,2026-09-27T07:59:32.467502+00:00,2026-09-27T16:59:32.467502+09:00,1,2,5b3428295bef61f938eb157f4931396ff5bdd2c82e306b4ff023be39b47ba6da,7742914447256680a42e6ad0cf98cb0940545866b74f67049a38506894ef1b31,,4.393668507924303,6.809054329991341
410,7,2026-09-27T07:59:41.122746+00:00,2026-09-27T16:59:41.122746+09:00,2,2,7742914447256680a42e6ad0cf98cb0940545866b74f67049a38506894ef1b31,9cc8fb3f55d11217a66f8a2399c61743aef27bc6e9ff79b2afa8ad6ea7dbc51e,,3.502638605888933,5.006333809811622
411,7,2026-09-27T07:59:52.480717+00:00,2026-09-27T16:59:52.480717+09:00,0,2,9cc8fb3f55d11217a66f8a2399c61743aef27bc6e9ff79b2afa8ad6ea7dbc51e,566793d63e856c0ed6587da3e203c1c7ffdb7a1922d9c3c037f05171dc14bcd0,,5.14317671302706,6.06095973495394
412,7,2026-09-27T08:00:03.538984+00:00,2026-09-27T17:00:03.538984+09:00,1,2,566793d63e856c0ed6587da3e203c1c7ffdb7a1922d9c3c037f05171dc14bcd0,a79ecd6cda107cb0d99d44b5349570aa1c141e3d1f98886be6d2158cfe7b2103,,4.061007154174149,6.796937373001128
413,7,2026-09-27T08:00:13.819208+00:00,2026-09-27T17:00:13.819208+09:00,2,2,a79ecd6cda107cb0d99d44b5349570aa1c141e3d1f98886be6d2158cfe7b2103,a854fca0ee802136cef323d631e64d75cea55880bb4dc8effa7238ee6469c48b,,4.379422753117979,5.746514054946601
414,7,2026-09-27T08:00:25.193811+00:00,2026-09-27T17:00:25.193811+09:00,2,2,a854fca0ee802136cef323d631e64d75cea55880bb4dc8effa7238ee6469c48b,a854fca0ee802136cef323d631e64d75cea55880bb4dc8effa7238ee6469c48b,,5.0186801080126315,6.204660634044558
415,7,2026-09-27T08:00:36.397984+00:00,2026-09-27T17:00:36.397984+09:00,1,2,a854fca0ee802136cef323d631e64d75cea55880bb4dc8effa7238ee6469c48b,a854fca0ee802136cef323d631e64d75cea55880bb4dc8effa7238ee6469c48b,,5.028722137678415,6.021775840083137
416,7,2026-09-27T08:00:46.345170+00:00,2026-09-27T17:00:46.345170+09:00,1,2,a854fca0ee802136cef323d631e64d75cea55880bb4dc8effa7238ee6469c48b,a854fca0ee802136cef323d631e64d75cea55880bb4dc8effa7238ee6469c48b,,3.8290366400033236,5.967204907909036
417,7,2026-09-27T08:00:56.671636+00:00,2026-09-27T17:00:56.671636+09:00,2,2,a854fca0ee802136cef323d631e64d75cea55880bb4dc8effa7238ee6469c48b,a854fca0ee802136cef323d631e64d75cea55880bb4dc8effa7238ee6469c48b,,3.9088111431337893,6.20122475293465
418,7,2026-09-27T08:01:07.097357+00:00,2026-09-27T17:01:07.097357+09:00,2,2,a854fca0ee802136cef323d631e64d75cea55880bb4dc8effa7238ee6469c48b,a854fca0ee802136cef323d631e64d75cea55880bb4dc8effa7238ee6469c48b,,3.9624164598062634,6.311461078003049
419,7,2026-09-27T08:01:18.788158+00:00,2026-09-27T17:01:18.788158+09:00,1,2,a854fca0ee802136cef323d631e64d75cea55880bb4dc8effa7238ee6469c48b,a854fca0ee802136cef323d631e64d75cea55880bb4dc8effa7238ee6469c48b,,5.167218883056194,6.331757412990555
420,7,2026-09-27T08:01:29.034170+00:00,2026-09-27T17:01:29.034170+09:00,1,2,a854fca0ee802136cef323d631e64d75cea55880bb4dc8effa7238ee6469c48b,a854fca0ee802136cef323d631e64d75cea55880bb4dc8effa7238ee6469c48b,,3.9332289989106357,6.166200198000297
421,8,2026-09-27T08:01:40.039185+00:00,2026-09-27T17:01:40.039185+09:00,1,2,a854fca0ee802136cef323d631e64d75cea55880bb4dc8effa7238ee6469c48b,a854fca0ee802136cef323d631e64d75cea55880bb4dc8effa7238ee6469c48b,,3.86196667002514,6.914676168002188
422,8,2026-09-27T08:01:50.318402+00:00,2026-09-27T17:01:50.318402+09:00,2,2,a854fca0ee802136cef323d631e64d75cea55880bb4dc8effa7238ee6469c48b,a854fca0ee802136cef323d631e64d75cea55880bb4dc8effa7238ee6469c48b,,3.892698098672554,6.229672325076535
423,8,2026-09-27T08:02:03.133825+00:00,2026-09-27T17:02:03.133825+09:00,0,2,a854fca0ee802136cef323d631e64d75cea55880bb4dc8effa7238ee6469c48b,a854fca0ee802136cef323d631e64d75cea55880bb4dc8effa7238ee6469c48b,,5.238959699170664,7.424101175973192
424,8,2026-09-27T08:02:13.363450+00:00,2026-09-27T17:02:13.363450+09:00,1,2,a854fca0ee802136cef323d631e64d75cea55880bb4dc8effa7238ee6469c48b,a854fca0ee802136cef323d631e64d75cea55880bb4dc8effa7238ee6469c48b,,4.067096718819812,6.0134784549009055
425,8,2026-09-27T08:02:24.704103+00:00,2026-09-27T17:02:24.704103+09:00,2,2,a854fca0ee802136cef323d631e64d75cea55880bb4dc8effa7238ee6469c48b,a854fca0ee802136cef323d631e64d75cea55880bb4dc8effa7238ee6469c48b,,4.970196534181014,6.217837081057951
426,8,2026-09-27T08:02:34.551521+00:00,2026-09-27T17:02:34.551521+09:00,1,2,a854fca0ee802136cef323d631e64d75cea55880bb4dc8effa7238ee6469c48b,77b0303bd7d72bc6422120672b09c936472b7dceb2573bc6d4c56c9262c08834,,3.8589554720092565,5.838460869854316
427,8,2026-09-27T08:02:43.163537+00:00,2026-09-27T17:02:43.163537+09:00,1,2,77b0303bd7d72bc6422120672b09c936472b7dceb2573bc6d4c56c9262c08834,77b0303bd7d72bc6422120672b09c936472b7dceb2573bc6d4c56c9262c08834,,3.1066114322748035,5.352546989917755
428,8,2026-09-27T08:02:53.649809+00:00,2026-09-27T17:02:53.649809+09:00,2,2,77b0303bd7d72bc6422120672b09c936472b7dceb2573bc6d4c56c9262c08834,7317f7b5cee4eb8e7e8d51710a98b95f35dea28a37c4e2f1c888694c92a38275,,3.7749654008075595,6.551700806012377
429,8,2026-09-27T08:03:04.975413+00:00,2026-09-27T17:03:04.975413+09:00,1,2,7317f7b5cee4eb8e7e8d51710a98b95f35dea28a37c4e2f1c888694c92a38275,7317f7b5cee4eb8e7e8d51710a98b95f35dea28a37c4e2f1c888694c92a38275,,4.733529595891014,6.442480365978554
430,8,2026-09-27T08:03:15.829844+00:00,2026-09-27T17:03:15.829844+09:00,1,2,7317f7b5cee4eb8e7e8d51710a98b95f35dea28a37c4e2f1c888694c92a38275,7317f7b5cee4eb8e7e8d51710a98b95f35dea28a37c4e2f1c888694c92a38275,,3.929945785086602,6.761089008068666
431,8,2026-09-27T08:03:27.141254+00:00,2026-09-27T17:03:27.141254+09:00,2,2,7317f7b5cee4eb8e7e8d51710a98b95f35dea28a37c4e2f1c888694c92a38275,c2f6a565d619dc79d287bbd75f84ec173811190fe980cbcfa5d4ed82c4acf7cf,,4.466118157841265,6.630047030979767
432,8,2026-09-27T08:03:37.640617+00:00,2026-09-27T17:03:37.640617+09:00,2,2,c2f6a565d619dc79d287bbd75f84ec173811190fe980cbcfa5d4ed82c4acf7cf,c2f6a565d619dc79d287bbd75f84ec173811190fe980cbcfa5d4ed82c4acf7cf,,3.3833866778295487,6.965082283131778
433,8,2026-09-27T08:03:51.277256+00:00,2026-09-27T17:03:51.277256+09:00,1,2,c2f6a565d619dc79d287bbd75f84ec173811190fe980cbcfa5d4ed82c4acf7cf,c2f6a565d619dc79d287bbd75f84ec173811190fe980cbcfa5d4ed82c4acf7cf,,6.449874100042507,6.982252330053598
434,8,2026-09-27T08:04:03.530576+00:00,2026-09-27T17:04:03.530576+09:00,0,2,c2f6a565d619dc79d287bbd75f84ec173811190fe980cbcfa5d4ed82c4acf7cf,c2f6a565d619dc79d287bbd75f84ec173811190fe980cbcfa5d4ed82c4acf7cf,,5.793418967863545,6.30607594596222
435,8,2026-09-27T08:04:13.671710+00:00,2026-09-27T17:04:13.671710+09:00,2,2,c2f6a565d619dc79d287bbd75f84ec173811190fe980cbcfa5d4ed82c4acf7cf,8ded459bdac143f2ee45514b8a0a4afa54ff93b0fbc8e192a7bcb139b787ff33,,4.685028892941773,5.307065109023824
436,8,2026-09-27T08:04:24.492496+00:00,2026-09-27T17:04:24.492496+09:00,2,2,8ded459bdac143f2ee45514b8a0a4afa54ff93b0fbc8e192a7bcb139b787ff33,8ded459bdac143f2ee45514b8a0a4afa54ff93b0fbc8e192a7bcb139b787ff33,,4.714121818076819,5.958412403007969
437,8,2026-09-27T08:04:35.656707+00:00,2026-09-27T17:04:35.656707+09:00,2,2,8ded459bdac143f2ee45514b8a0a4afa54ff93b0fbc8e192a7bcb139b787ff33,edd73569d44878790e83b93a8d16d742a6e9ba639ee3f5ab35916feddf2221c6,,4.98786944616586,6.018722455017269
438,8,2026-09-27T08:04:44.174350+00:00,2026-09-27T17:04:44.174350+09:00,2,2,edd73569d44878790e83b93a8d16d742a6e9ba639ee3f5ab35916feddf2221c6,6c7a515fa1d4c7f8e090ed35eac36e5e7b4f01d26bf32130eff15aaf88cc7fac,,3.63147974293679,4.732948783086613
439,8,2026-09-27T08:04:53.920191+00:00,2026-09-27T17:04:53.920191+09:00,2,2,6c7a515fa1d4c7f8e090ed35eac36e5e7b4f01d26bf32130eff15aaf88cc7fac,e9f6eead4c81a1c0dd52a9489ed56f9afde05517aecc70c24dd83308b35c2b84,,4.801944004837424,4.783605272881687
440,8,2026-09-27T08:05:02.755049+00:00,2026-09-27T17:05:02.755049+09:00,2,2,e9f6eead4c81a1c0dd52a9489ed56f9afde05517aecc70c24dd83308b35c2b84,7760f0c5a64a5053bdc9727c753b4b6952ec7c742ecc6621d54be59cb2897cd2,,4.292465826962143,4.386403020005673
441,8,2026-09-27T08:05:11.527940+00:00,2026-09-27T17:05:11.527940+09:00,0,2,7760f0c5a64a5053bdc9727c753b4b6952ec7c742ecc6621d54be59cb2897cd2,608eac37c2690dcfe6e6c163c348460aa58dcb9cb83eec1a5d32c43a3d95c9e8,,4.331543328007683,4.232220165897161
442,8,2026-09-27T08:05:19.979315+00:00,2026-09-27T17:05:19.979315+09:00,2,2,608eac37c2690dcfe6e6c163c348460aa58dcb9cb83eec1a5d32c43a3d95c9e8,aaca76d1256056880eb50c3925f64b91f901845a65101b90bab0533e4bdb3531,,3.8884771710727364,4.406395835103467
443,8,2026-09-27T08:05:30.217716+00:00,2026-09-27T17:05:30.217716+09:00,2,2,aaca76d1256056880eb50c3925f64b91f901845a65101b90bab0533e4bdb3531,aaca76d1256056880eb50c3925f64b91f901845a65101b90bab0533e4bdb3531,Incomplete/trailing content in question,3.704424320952967,6.3839192180894315
444,8,2026-09-27T08:05:39.039737+00:00,2026-09-27T17:05:39.039737+09:00,2,2,aaca76d1256056880eb50c3925f64b91f901845a65101b90bab0533e4bdb3531,2dbd2fd58a05656ce7ca5c2c7e0fc5110216afaa12b488260702fce7ffc6128e,,3.5835748829413205,5.088370413053781
445,8,2026-09-27T08:05:50.496917+00:00,2026-09-27T17:05:50.496917+09:00,1,2,2dbd2fd58a05656ce7ca5c2c7e0fc5110216afaa12b488260702fce7ffc6128e,2dbd2fd58a05656ce7ca5c2c7e0fc5110216afaa12b488260702fce7ffc6128e,Missing or repeated New Prompt Questions marker,4.940176428994164,6.303253165911883
446,8,2026-09-27T08:06:01.346629+00:00,2026-09-27T17:06:01.346629+09:00,2,2,2dbd2fd58a05656ce7ca5c2c7e0fc5110216afaa12b488260702fce7ffc6128e,2dbd2fd58a05656ce7ca5c2c7e0fc5110216afaa12b488260702fce7ffc6128e,Missing or repeated New Prompt Questions marker,4.295502928784117,6.394315945915878
447,8,2026-09-27T08:06:10.337500+00:00,2026-09-27T17:06:10.337500+09:00,1,2,2dbd2fd58a05656ce7ca5c2c7e0fc5110216afaa12b488260702fce7ffc6128e,9388f5a6c560dde4e2db4e4b752d923234bf57f255ca317993bfa5446cc0618e,,4.146492938976735,4.679325770121068
448,8,2026-09-27T08:06:18.474367+00:00,2026-09-27T17:06:18.474367+09:00,2,2,9388f5a6c560dde4e2db4e4b752d923234bf57f255ca317993bfa5446cc0618e,ef3b09fecca382d3b0f34331a7778d8f5693e326fb7d7fab22717b3f17ca78cb,,3.730970509117469,4.250929892063141
449,8,2026-09-27T08:06:28.761809+00:00,2026-09-27T17:06:28.761809+09:00,1,2,ef3b09fecca382d3b0f34331a7778d8f5693e326fb7d7fab22717b3f17ca78cb,5370b66cbee45253a580f97dfc68b418fc4a01d5707cf3612fba00179093ab4f,,4.378413069760427,5.687822159845382
450,8,2026-09-27T08:06:37.413398+00:00,2026-09-27T17:06:37.413398+09:00,1,2,5370b66cbee45253a580f97dfc68b418fc4a01d5707cf3612fba00179093ab4f,5370b66cbee45253a580f97dfc68b418fc4a01d5707cf3612fba00179093ab4f,,3.743544121971354,4.756193764973432
451,8,2026-09-27T08:06:46.639475+00:00,2026-09-27T17:06:46.639475+09:00,0,2,5370b66cbee45253a580f97dfc68b418fc4a01d5707cf3612fba00179093ab4f,afa7cc528089ea06fb45b01c7cc81a3595a0e025c4bf42e99c856fb2cad8d379,,3.8156906268559396,5.255659274989739
452,8,2026-09-27T08:06:54.648401+00:00,2026-09-27T17:06:54.648401+09:00,2,2,afa7cc528089ea06fb45b01c7cc81a3595a0e025c4bf42e99c856fb2cad8d379,afa7cc528089ea06fb45b01c7cc81a3595a0e025c4bf42e99c856fb2cad8d379,,2.9481075869407505,4.911343965912238
453,8,2026-09-27T08:07:04.971176+00:00,2026-09-27T17:07:04.971176+09:00,1,2,afa7cc528089ea06fb45b01c7cc81a3595a0e025c4bf42e99c856fb2cad8d379,dcf0d80714fe661efab8c4facfea9c38bff548c7cf01b64220222c95657c021a,,4.980544341728091,5.190719893900678
454,8,2026-09-27T08:07:14.694573+00:00,2026-09-27T17:07:14.694573+09:00,1,2,dcf0d80714fe661efab8c4facfea9c38bff548c7cf01b64220222c95657c021a,fb054ec24204d9585c8b8d79264b2fe834a5296ebae4140a09dd430bc7ef33c9,,3.5431872049812227,6.022769356844947
455,8,2026-09-27T08:07:23.923650+00:00,2026-09-27T17:07:23.923650+09:00,1,2,fb054ec24204d9585c8b8d79264b2fe834a5296ebae4140a09dd430bc7ef33c9,fb054ec24204d9585c8b8d79264b2fe834a5296ebae4140a09dd430bc7ef33c9,,3.869460988789797,5.205116363009438
456,8,2026-09-27T08:07:32.940536+00:00,2026-09-27T17:07:32.940536+09:00,2,2,fb054ec24204d9585c8b8d79264b2fe834a5296ebae4140a09dd430bc7ef33c9,fb054ec24204d9585c8b8d79264b2fe834a5296ebae4140a09dd430bc7ef33c9,,3.990741039160639,4.871939930133522
457,8,2026-09-27T08:07:43.717981+00:00,2026-09-27T17:07:43.717981+09:00,1,2,fb054ec24204d9585c8b8d79264b2fe834a5296ebae4140a09dd430bc7ef33c9,bfb4a450e2638d1a73add57581ccccbf542a5e2c8b635d90a884c0b44d05aa93,,4.312492369208485,6.311445570085198
458,8,2026-09-27T08:07:53.328797+00:00,2026-09-27T17:07:53.328797+09:00,1,2,bfb4a450e2638d1a73add57581ccccbf542a5e2c8b635d90a884c0b44d05aa93,976a2b23a28cdfb4aaf7a3a8a5ee830e9c6b793f7f9accb7a67caecb004aacd5,,3.9363749108742923,5.519360617036
459,8,2026-09-27T08:08:01.798237+00:00,2026-09-27T17:08:01.798237+09:00,2,2,976a2b23a28cdfb4aaf7a3a8a5ee830e9c6b793f7f9accb7a67caecb004aacd5,1d17e028ae19b3ceb62edd46890c61cc4308b64e4cd74bc266f65a0bd3d2b379,,3.6778541731182486,4.637871026061475
460,8,2026-09-27T08:08:09.993487+00:00,2026-09-27T17:08:09.993487+09:00,2,2,1d17e028ae19b3ceb62edd46890c61cc4308b64e4cd74bc266f65a0bd3d2b379,d9788ab3f5ad8e402a06eb8c9d92a6e3a7898126aee823e02a2e3eebc86d5563,,3.0293290258850902,5.0021243810188025
461,8,2026-09-27T08:08:19.168441+00:00,2026-09-27T17:08:19.168441+09:00,1,2,d9788ab3f5ad8e402a06eb8c9d92a6e3a7898126aee823e02a2e3eebc86d5563,51abbfb4d5f4404b924cd71649ed4dae588a59679226aefd43d73100fe656284,,3.9283645693212748,5.092823392013088
462,8,2026-09-27T08:08:28.192427+00:00,2026-09-27T17:08:28.192427+09:00,1,2,51abbfb4d5f4404b924cd71649ed4dae588a59679226aefd43d73100fe656284,063408f87daace4688d420014acebca980a78f0abeb2e6d9cae55b3c8589a736,,3.8892356797587126,4.97913360199891
463,8,2026-09-27T08:08:35.713511+00:00,2026-09-27T17:08:35.713511+09:00,1,2,063408f87daace4688d420014acebca980a78f0abeb2e6d9cae55b3c8589a736,1dfadb307b3ef02d84c4689f407b2000d615a31cd0dc79fff09d77a7b3813432,,3.004168603103608,4.316306345863268
464,8,2026-09-27T08:08:44.487495+00:00,2026-09-27T17:08:44.487495+09:00,0,2,1dfadb307b3ef02d84c4689f407b2000d615a31cd0dc79fff09d77a7b3813432,1dfadb307b3ef02d84c4689f407b2000d615a31cd0dc79fff09d77a7b3813432,,2.4788252147845924,6.140837532002479
465,8,2026-09-27T08:08:53.005551+00:00,2026-09-27T17:08:53.005551+09:00,2,2,1dfadb307b3ef02d84c4689f407b2000d615a31cd0dc79fff09d77a7b3813432,1dfadb307b3ef02d84c4689f407b2000d615a31cd0dc79fff09d77a7b3813432,,3.650714946910739,4.714523760834709
466,8,2026-09-27T08:09:01.871969+00:00,2026-09-27T17:09:01.871969+09:00,2,2,1dfadb307b3ef02d84c4689f407b2000d615a31cd0dc79fff09d77a7b3813432,f9a8085d4905ee4c272f4fbe6221884c5e8734bc94267ba7be34460c4c6ce60e,,3.2055318320635706,5.453599969157949
467,8,2026-09-27T08:09:10.815010+00:00,2026-09-27T17:09:10.815010+09:00,1,2,f9a8085d4905ee4c272f4fbe6221884c5e8734bc94267ba7be34460c4c6ce60e,cec9f9f663a9ebbacfd17cd0ecc4127bd93f7b4cb7adb707904ecacbeb4acf29,,3.4972138560842723,5.295337351970375
468,8,2026-09-27T08:09:19.091060+00:00,2026-09-27T17:09:19.091060+09:00,2,2,cec9f9f663a9ebbacfd17cd0ecc4127bd93f7b4cb7adb707904ecacbeb4acf29,cec9f9f663a9ebbacfd17cd0ecc4127bd93f7b4cb7adb707904ecacbeb4acf29,,3.4883856002707034,4.576861042995006
469,8,2026-09-27T08:09:27.260090+00:00,2026-09-27T17:09:27.260090+09:00,2,2,cec9f9f663a9ebbacfd17cd0ecc4127bd93f7b4cb7adb707904ecacbeb4acf29,cec9f9f663a9ebbacfd17cd0ecc4127bd93f7b4cb7adb707904ecacbeb4acf29,,3.4233823330141604,4.595051702810451
470,8,2026-09-27T08:09:35.130046+00:00,2026-09-27T17:09:35.130046+09:00,1,2,cec9f9f663a9ebbacfd17cd0ecc4127bd93f7b4cb7adb707904ecacbeb4acf29,cec9f9f663a9ebbacfd17cd0ecc4127bd93f7b4cb7adb707904ecacbeb4acf29,,2.979241671273485,4.7366431260015815
471,8,2026-09-27T08:09:43.917848+00:00,2026-09-27T17:09:43.917848+09:00,1,2,cec9f9f663a9ebbacfd17cd0ecc4127bd93f7b4cb7adb707904ecacbeb4acf29,be90c6f4d67ce9eb43148c3159ae7a14348007e5c0bc7a3cc0fbc28ca32321f4,,3.4865743489935994,5.140618592966348
472,8,2026-09-27T08:09:51.752601+00:00,2026-09-27T17:09:51.752601+09:00,1,2,be90c6f4d67ce9eb43148c3159ae7a14348007e5c0bc7a3cc0fbc28ca32321f4,56fd01d3aac07b77921bff729002b641a813f51aec2bd9c3cf62e0302d19f98a,,2.7780780689790845,4.907412267057225
473,8,2026-09-27T08:09:59.189910+00:00,2026-09-27T17:09:59.189910+09:00,2,2,56fd01d3aac07b77921bff729002b641a813f51aec2bd9c3cf62e0302d19f98a,56fd01d3aac07b77921bff729002b641a813f51aec2bd9c3cf62e0302d19f98a,,2.7414712770842016,4.489836674183607
474,8,2026-09-27T08:10:06.661628+00:00,2026-09-27T17:10:06.661628+09:00,2,2,56fd01d3aac07b77921bff729002b641a813f51aec2bd9c3cf62e0302d19f98a,56fd01d3aac07b77921bff729002b641a813f51aec2bd9c3cf62e0302d19f98a,,2.3501391380559653,4.975309072993696
475,8,2026-09-27T08:10:14.658317+00:00,2026-09-27T17:10:14.658317+09:00,1,2,56fd01d3aac07b77921bff729002b641a813f51aec2bd9c3cf62e0302d19f98a,56fd01d3aac07b77921bff729002b641a813f51aec2bd9c3cf62e0302d19f98a,,2.9138409001752734,4.92576521798037
476,8,2026-09-27T08:10:22.287901+00:00,2026-09-27T17:10:22.287901+09:00,2,2,56fd01d3aac07b77921bff729002b641a813f51aec2bd9c3cf62e0302d19f98a,56fd01d3aac07b77921bff729002b641a813f51aec2bd9c3cf62e0302d19f98a,,2.504657883895561,4.970279844943434
477,8,2026-09-27T08:10:32.135115+00:00,2026-09-27T17:10:32.135115+09:00,2,2,56fd01d3aac07b77921bff729002b641a813f51aec2bd9c3cf62e0302d19f98a,26cd55b4fa8bf5baefd5e56e19401776123b3fa1a1bdd391e7115da2871053d9,,3.989172263769433,5.6998259839601815
478,8,2026-09-27T08:10:39.752772+00:00,2026-09-27T17:10:39.752772+09:00,1,2,26cd55b4fa8bf5baefd5e56e19401776123b3fa1a1bdd391e7115da2871053d9,857a9f8707852c04bb71fd89607fa2d185ead5c8e394bc8bddc84db96d8412a4,,2.837818251689896,4.6281264261342585
479,8,2026-09-27T08:10:48.084211+00:00,2026-09-27T17:10:48.084211+09:00,1,2,857a9f8707852c04bb71fd89607fa2d185ead5c8e394bc8bddc84db96d8412a4,d4aaaef68f025addc824ed5d841a04fa1d8748f26470d478fe88450627aae589,,3.5016536340117455,4.680773310130462
480,8,2026-09-27T08:10:56.775799+00:00,2026-09-27T17:10:56.775799+09:00,1,2,d4aaaef68f025addc824ed5d841a04fa1d8748f26470d478fe88450627aae589,24c6bd22efa9fe43b803cf461ddb18c5893a6930468a04a70a9c6567399a785a,,3.412930308142677,5.124974599806592
481,9,2026-09-27T08:11:04.404517+00:00,2026-09-27T17:11:04.404517+09:00,2,2,24c6bd22efa9fe43b803cf461ddb18c5893a6930468a04a70a9c6567399a785a,6b3c3c2f75da6c27b6dbc7e6ec49661487ab0f03f19f7929b7341cbefd816003,,3.3608425073325634,4.106836867053062
482,9,2026-09-27T08:11:13.227905+00:00,2026-09-27T17:11:13.227905+09:00,0,2,6b3c3c2f75da6c27b6dbc7e6ec49661487ab0f03f19f7929b7341cbefd816003,788d4c837690efb90088c5f57d93e13a74625fede8604e9beaf80e22834b094d,,3.0578520561102778,5.6055459799245
483,9,2026-09-27T08:11:21.895756+00:00,2026-09-27T17:11:21.895756+09:00,1,2,788d4c837690efb90088c5f57d93e13a74625fede8604e9beaf80e22834b094d,ad94800906475ab7b51cc5e061079e73524573bd291bb6f2372aca868df2ea7e,,3.8822705489583313,4.633665117900819
484,9,2026-09-27T08:11:30.319620+00:00,2026-09-27T17:11:30.319620+09:00,0,2,ad94800906475ab7b51cc5e061079e73524573bd291bb6f2372aca868df2ea7e,4e8c1da937925360d9174cc84d9cac5112ba0d64472f9d3fb466d510b7ddf7e5,,4.015025150030851,4.2488664200063795
485,9,2026-09-27T08:11:38.657295+00:00,2026-09-27T17:11:38.657295+09:00,2,2,4e8c1da937925360d9174cc84d9cac5112ba0d64472f9d3fb466d510b7ddf7e5,8aea5ddeabded56cbc617f3caaccc97737182fc7607899dbb276d23b21e5cdc3,,3.756086206063628,4.415936586912721
486,9,2026-09-27T08:11:45.859197+00:00,2026-09-27T17:11:45.859197+09:00,2,2,8aea5ddeabded56cbc617f3caaccc97737182fc7607899dbb276d23b21e5cdc3,c4e730f7c0ef48026f63639fdd943b93decad5ea9380dd47d5a879d6b8d826c8,,2.7685174809303135,4.275346874026582
487,9,2026-09-27T08:11:53.517546+00:00,2026-09-27T17:11:53.517546+09:00,2,2,c4e730f7c0ef48026f63639fdd943b93decad5ea9380dd47d5a879d6b8d826c8,4454a635dcac1645acd733d44899928321c0f1b1bec7d8ad8c7760fd4135d7e4,,3.840585687197745,3.6658047039527446
488,9,2026-09-27T08:12:01.281723+00:00,2026-09-27T17:12:01.281723+09:00,1,2,4454a635dcac1645acd733d44899928321c0f1b1bec7d8ad8c7760fd4135d7e4,7230545be29427698c1a7667f92850bc4eaef13490bed1779631c940d6ea0590,,3.5356913590803742,4.068763071903959
489,9,2026-09-27T08:12:09.593173+00:00,2026-09-27T17:12:09.593173+09:00,2,2,7230545be29427698c1a7667f92850bc4eaef13490bed1779631c940d6ea0590,c29bb6e05f036113c95730cc226d0dfa98c865bf5332442c90c74e43c671ffc8,,3.8066625169012696,4.354792267084122
490,9,2026-09-27T08:12:17.426164+00:00,2026-09-27T17:12:17.426164+09:00,0,2,c29bb6e05f036113c95730cc226d0dfa98c865bf5332442c90c74e43c671ffc8,a54371ee26b2f6d463219676b306ffc2549028efe23f5f54becf6ff20626ee65,,3.1974076880142093,4.429162285057828
491,9,2026-09-27T08:12:25.312548+00:00,2026-09-27T17:12:25.312548+09:00,2,2,a54371ee26b2f6d463219676b306ffc2549028efe23f5f54becf6ff20626ee65,e23d8c57bfc2de8d98cd0ddf7dbcf5cff009ea3d0961905d684c1e3f51226202,,3.2563990189228207,4.465866331011057
492,9,2026-09-27T08:12:34.270330+00:00,2026-09-27T17:12:34.270330+09:00,2,2,e23d8c57bfc2de8d98cd0ddf7dbcf5cff009ea3d0961905d684c1e3f51226202,739d1037c1e2871c0ac275cad5d866004b850d359d975168b2c5af848cef7317,,3.598048236919567,5.193751089042053
493,9,2026-09-27T08:12:43.253691+00:00,2026-09-27T17:12:43.253691+09:00,2,2,739d1037c1e2871c0ac275cad5d866004b850d359d975168b2c5af848cef7317,0bd327a6f58f446b765e2136b4e8d59adb619a839760fc2134a2a7e986db90bc,,3.873968014959246,4.903240005951375
494,9,2026-09-27T08:12:54.075785+00:00,2026-09-27T17:12:54.075785+09:00,1,2,0bd327a6f58f446b765e2136b4e8d59adb619a839760fc2134a2a7e986db90bc,cf7bcebaf652d06c7456a24b0ce1b5553f83526414e125db99258c9ccdf68f69,,4.5276643789839,6.142609352944419
495,9,2026-09-27T08:13:03.362493+00:00,2026-09-27T17:13:03.362493+09:00,1,2,cf7bcebaf652d06c7456a24b0ce1b5553f83526414e125db99258c9ccdf68f69,d1781c2df01dabc6aa9234d14bfd69c585fb577a45f995ffd07b058ebcd0985f,,4.156772547168657,4.869839455932379
496,9,2026-09-27T08:13:11.982485+00:00,2026-09-27T17:13:11.982485+09:00,1,2,d1781c2df01dabc6aa9234d14bfd69c585fb577a45f995ffd07b058ebcd0985f,d1781c2df01dabc6aa9234d14bfd69c585fb577a45f995ffd07b058ebcd0985f,,4.058410411002114,4.40915184491314
497,9,2026-09-27T08:13:21.068820+00:00,2026-09-27T17:13:21.068820+09:00,2,2,d1781c2df01dabc6aa9234d14bfd69c585fb577a45f995ffd07b058ebcd0985f,d1781c2df01dabc6aa9234d14bfd69c585fb577a45f995ffd07b058ebcd0985f,,4.016027071978897,4.918077640002593
498,9,2026-09-27T08:13:28.919356+00:00,2026-09-27T17:13:28.919356+09:00,1,2,d1781c2df01dabc6aa9234d14bfd69c585fb577a45f995ffd07b058ebcd0985f,f5e6116be7726e34cdddc57ec458a76e63c5e4d8601c6ab38dce3b15ae4480ab,,2.836732072988525,4.862326666014269
499,9,2026-09-27T08:13:37.032938+00:00,2026-09-27T17:13:37.032938+09:00,2,2,f5e6116be7726e34cdddc57ec458a76e63c5e4d8601c6ab38dce3b15ae4480ab,c086d5fe39ab6094316c34ca2c27098cb7863e25f7597091c33e2e4922d1a07c,,3.1308416549582034,4.835843543056399
500,9,2026-09-27T08:13:46.362153+00:00,2026-09-27T17:13:46.362153+09:00,1,2,c086d5fe39ab6094316c34ca2c27098cb7863e25f7597091c33e2e4922d1a07c,c086d5fe39ab6094316c34ca2c27098cb7863e25f7597091c33e2e4922d1a07c,Optimizer did not return 1..5 numbered questions,3.3005053070373833,5.881134459981695
501,9,2026-09-27T08:14:27.887900+00:00,2026-09-27T17:14:27.887900+09:00,2,2,c086d5fe39ab6094316c34ca2c27098cb7863e25f7597091c33e2e4922d1a07c,2fa77fabbb7364767a35524a07d0ae01c279ba8be4d9570da38ede0fb68a4d0f,,3.584060615161434,4.92333019617945
502,9,2026-09-27T08:14:37.252279+00:00,2026-09-27T17:14:37.252279+09:00,2,2,2fa77fabbb7364767a35524a07d0ae01c279ba8be4d9570da38ede0fb68a4d0f,274ab154bda494fb79b8d59c0d4c7fdaf004a52102ddf275667570c68223e2c5,,3.6483393569942564,5.513445041142404
503,9,2026-09-27T08:14:47.854979+00:00,2026-09-27T17:14:47.854979+09:00,2,2,274ab154bda494fb79b8d59c0d4c7fdaf004a52102ddf275667570c68223e2c5,3daf5f93c8a6249f8cabcef9d86c0d51b985490e597ae2ced014c96fcadfd6ae,,4.23138265311718,6.211637489963323
504,9,2026-09-27T08:14:55.561441+00:00,2026-09-27T17:14:55.561441+09:00,2,2,3daf5f93c8a6249f8cabcef9d86c0d51b985490e597ae2ced014c96fcadfd6ae,ea186fa0ea7f62b73c5f8681f4d4b575f13b9bb028c70142b665d37f7e292f02,,3.03451343299821,4.515318272868171
505,9,2026-09-27T08:15:03.544573+00:00,2026-09-27T17:15:03.544573+09:00,0,2,ea186fa0ea7f62b73c5f8681f4d4b575f13b9bb028c70142b665d37f7e292f02,59547926025fb015742312a684e1fb93ce732e7ffc7d26db7840a3483ddb3f4f,,3.2634525280445814,4.562869779998437
506,9,2026-09-27T08:15:11.299102+00:00,2026-09-27T17:15:11.299102+09:00,1,2,59547926025fb015742312a684e1fb93ce732e7ffc7d26db7840a3483ddb3f4f,59547926025fb015742312a684e1fb93ce732e7ffc7d26db7840a3483ddb3f4f,,2.549162614159286,5.0514838779345155
507,9,2026-09-27T08:15:22.003351+00:00,2026-09-27T17:15:22.003351+09:00,0,2,59547926025fb015742312a684e1fb93ce732e7ffc7d26db7840a3483ddb3f4f,59547926025fb015742312a684e1fb93ce732e7ffc7d26db7840a3483ddb3f4f,,4.837906688917428,5.7040743639227
508,9,2026-09-27T08:15:31.314094+00:00,2026-09-27T17:15:31.314094+09:00,1,2,59547926025fb015742312a684e1fb93ce732e7ffc7d26db7840a3483ddb3f4f,59547926025fb015742312a684e1fb93ce732e7ffc7d26db7840a3483ddb3f4f,,3.8092840008903295,5.337665579048917
509,9,2026-09-27T08:15:40.952494+00:00,2026-09-27T17:15:40.952494+09:00,1,2,59547926025fb015742312a684e1fb93ce732e7ffc7d26db7840a3483ddb3f4f,acc0aa5ff24087186faaf31bc64fcf4713abf89a136f3a0bf73adfeebf5ba834,,4.551158569986001,4.927913167048246
510,9,2026-09-27T08:15:50.855976+00:00,2026-09-27T17:15:50.855976+09:00,1,2,acc0aa5ff24087186faaf31bc64fcf4713abf89a136f3a0bf73adfeebf5ba834,f1c4d01d1b54e2e430d8cc29f61e761e559a8222fa34366f44d533a342e0c230,,4.115225027082488,5.581077347043902
511,9,2026-09-27T08:15:59.887107+00:00,2026-09-27T17:15:59.887107+09:00,0,2,f1c4d01d1b54e2e430d8cc29f61e761e559a8222fa34366f44d533a342e0c230,f1c4d01d1b54e2e430d8cc29f61e761e559a8222fa34366f44d533a342e0c230,Missing or repeated New Prompt Questions marker,3.968888055998832,4.904541695956141
512,9,2026-09-27T08:16:09.788054+00:00,2026-09-27T17:16:09.788054+09:00,2,2,f1c4d01d1b54e2e430d8cc29f61e761e559a8222fa34366f44d533a342e0c230,8d986087a0c37eca4039a23864b6402d578b4926875da8683e49ee2a584d9522,,4.224774549016729,5.523232870036736
513,9,2026-09-27T08:16:19.174180+00:00,2026-09-27T17:16:19.174180+09:00,2,2,8d986087a0c37eca4039a23864b6402d578b4926875da8683e49ee2a584d9522,4aaa70ea1e367dcba9d9e5f29cb83476ca4f5609f523742ddfcb8e65fcdf5227,,3.6851365889888257,5.551334587158635
514,9,2026-09-27T08:16:27.979611+00:00,2026-09-27T17:16:27.979611+09:00,1,2,4aaa70ea1e367dcba9d9e5f29cb83476ca4f5609f523742ddfcb8e65fcdf5227,87f457e886780983a93b4753a185e9713a14e12d2a4f537cad098c26d296b55f,,3.7899906372185796,4.857270625885576
515,9,2026-09-27T08:16:38.597663+00:00,2026-09-27T17:16:38.597663+09:00,0,2,87f457e886780983a93b4753a185e9713a14e12d2a4f537cad098c26d296b55f,b8d2da1b66121b7b6e64d325fa035a80eafc8febd783df45b6ae354844beba43,,4.821022621821612,5.595039010047913
516,9,2026-09-27T08:16:47.500324+00:00,2026-09-27T17:16:47.500324+09:00,2,2,b8d2da1b66121b7b6e64d325fa035a80eafc8febd783df45b6ae354844beba43,b8d2da1b66121b7b6e64d325fa035a80eafc8febd783df45b6ae354844beba43,,3.318400332937017,5.4338057530112565
517,9,2026-09-27T08:16:56.884635+00:00,2026-09-27T17:16:56.884635+09:00,2,2,b8d2da1b66121b7b6e64d325fa035a80eafc8febd783df45b6ae354844beba43,b8d2da1b66121b7b6e64d325fa035a80eafc8febd783df45b6ae354844beba43,,3.6339910561218858,5.599975443910807
518,9,2026-09-27T08:17:07.252729+00:00,2026-09-27T17:17:07.252729+09:00,2,2,b8d2da1b66121b7b6e64d325fa035a80eafc8febd783df45b6ae354844beba43,b8d2da1b66121b7b6e64d325fa035a80eafc8febd783df45b6ae354844beba43,,4.62846824596636,5.580712971044704
519,9,2026-09-27T08:17:14.949227+00:00,2026-09-27T17:17:14.949227+09:00,1,2,b8d2da1b66121b7b6e64d325fa035a80eafc8febd783df45b6ae354844beba43,468e79f33d85e058183e0b4e084dbde1fddbbbf2e991d8f0fe2c232bb700fc10,,3.0837071519345045,4.46098023513332
520,9,2026-09-27T08:17:25.720123+00:00,2026-09-27T17:17:25.720123+09:00,2,2,468e79f33d85e058183e0b4e084dbde1fddbbbf2e991d8f0fe2c232bb700fc10,8a701e8aa6d0c6820237b3d0d8396fab7d0824dc914406b5a0fa26a1c69c135d,,5.28957609180361,5.328532570973039
521,9,2026-09-27T08:17:34.682654+00:00,2026-09-27T17:17:34.682654+09:00,1,2,8a701e8aa6d0c6820237b3d0d8396fab7d0824dc914406b5a0fa26a1c69c135d,77cea7021b81fde6b4e561e252c01a22e9d2c31e3557780d2fb756fa44144956,,3.222638309933245,5.581301235826686
522,9,2026-09-27T08:17:44.141063+00:00,2026-09-27T17:17:44.141063+09:00,2,2,77cea7021b81fde6b4e561e252c01a22e9d2c31e3557780d2fb756fa44144956,5bf256d0d1c02a254facc42d4894c82e4ad5e341c29c33e68751a3c15b28b111,,4.372307284967974,4.935763403074816
523,9,2026-09-27T08:17:53.637876+00:00,2026-09-27T17:17:53.637876+09:00,2,2,5bf256d0d1c02a254facc42d4894c82e4ad5e341c29c33e68751a3c15b28b111,5bf256d0d1c02a254facc42d4894c82e4ad5e341c29c33e68751a3c15b28b111,,4.300337287131697,4.987722106976435
524,9,2026-09-27T08:18:02.757736+00:00,2026-09-27T17:18:02.757736+09:00,1,2,5bf256d0d1c02a254facc42d4894c82e4ad5e341c29c33e68751a3c15b28b111,f77d100a79da32333eba198a154ab46af9f24ac6fb828872833438412c97e10a,,3.1314067519269884,5.8149027589242905
525,9,2026-09-27T08:18:11.723660+00:00,2026-09-27T17:18:11.723660+09:00,2,2,f77d100a79da32333eba198a154ab46af9f24ac6fb828872833438412c97e10a,5ecf432b36220ff5c8a52f3900e8c5caea3c59878c32f73cac7cf592351fab64,,3.5792539052199572,5.23062346316874
526,9,2026-09-27T08:18:21.163681+00:00,2026-09-27T17:18:21.163681+09:00,1,2,5ecf432b36220ff5c8a52f3900e8c5caea3c59878c32f73cac7cf592351fab64,530fd7eb0ec77e853a6264fdfe0a8a192b493349bc0d4baac16034bc5807ab21,,4.556759620085359,4.729955340037122
527,9,2026-09-27T08:18:32.667067+00:00,2026-09-27T17:18:32.667067+09:00,1,2,530fd7eb0ec77e853a6264fdfe0a8a192b493349bc0d4baac16034bc5807ab21,1001723a8543b4857da46df39c322755e40c1ed0990c22f992dbeac4730330be,,3.8168483248446137,7.519628711976111
528,9,2026-09-27T08:18:40.596820+00:00,2026-09-27T17:18:40.596820+09:00,2,2,1001723a8543b4857da46df39c322755e40c1ed0990c22f992dbeac4730330be,57ec28b014360d30245e0c491a52b794e06eaee8bcb1cdacc9e45a0ea32c0c54,,3.403088162885979,4.374749191803858
529,9,2026-09-27T08:18:50.974119+00:00,2026-09-27T17:18:50.974119+09:00,2,2,57ec28b014360d30245e0c491a52b794e06eaee8bcb1cdacc9e45a0ea32c0c54,43525ff3a3ee9ace91ac293cd365ff7645a8699f6d75a849d8102e3406836a56,,5.007568028056994,5.214837630046532
530,9,2026-09-27T08:18:59.474437+00:00,2026-09-27T17:18:59.474437+09:00,1,2,43525ff3a3ee9ace91ac293cd365ff7645a8699f6d75a849d8102e3406836a56,27c29e5835a4b51aaf42c8ad49f99042ca9556a9cbb6e2f6b9691371b8883cce,,3.370338231092319,4.980087600881234
531,9,2026-09-27T08:19:08.207823+00:00,2026-09-27T17:19:08.207823+09:00,2,2,27c29e5835a4b51aaf42c8ad49f99042ca9556a9cbb6e2f6b9691371b8883cce,27c29e5835a4b51aaf42c8ad49f99042ca9556a9cbb6e2f6b9691371b8883cce,,3.924523909110576,4.6523022898472846
532,9,2026-09-27T08:19:17.876192+00:00,2026-09-27T17:19:17.876192+09:00,1,2,27c29e5835a4b51aaf42c8ad49f99042ca9556a9cbb6e2f6b9691371b8883cce,94525d370a1c6a40ccb57ae217a633f177c96bc2246ec9e233a2610fba35551d,,3.6083998968824744,5.897543783998117
533,9,2026-09-27T08:19:26.857087+00:00,2026-09-27T17:19:26.857087+09:00,1,2,94525d370a1c6a40ccb57ae217a633f177c96bc2246ec9e233a2610fba35551d,fa415d920b5043b27861fa174330ba9e202af273a2d488b99128bb61ab767cc2,,4.089473893865943,4.73588083893992
534,9,2026-09-27T08:19:34.806124+00:00,2026-09-27T17:19:34.806124+09:00,1,2,fa415d920b5043b27861fa174330ba9e202af273a2d488b99128bb61ab767cc2,794d00030f099c458a8e9c701d7663a88f3c63be2158a5cab713ca86ffae783e,,3.1989335862454027,4.596265819855034
535,9,2026-09-27T08:19:44.687588+00:00,2026-09-27T17:19:44.687588+09:00,1,2,794d00030f099c458a8e9c701d7663a88f3c63be2158a5cab713ca86ffae783e,d455aeb3f0c7001b76430ab4ae28667b4ab39f22e173af210bd293d308f5175f,,3.4854935470502824,6.238520643906668
536,9,2026-09-27T08:19:52.897895+00:00,2026-09-27T17:19:52.897895+09:00,1,2,d455aeb3f0c7001b76430ab4ae28667b4ab39f22e173af210bd293d308f5175f,d455aeb3f0c7001b76430ab4ae28667b4ab39f22e173af210bd293d308f5175f,,3.3929186209570616,4.664530290057883
537,9,2026-09-27T08:20:03.344831+00:00,2026-09-27T17:20:03.344831+09:00,0,2,d455aeb3f0c7001b76430ab4ae28667b4ab39f22e173af210bd293d308f5175f,d455aeb3f0c7001b76430ab4ae28667b4ab39f22e173af210bd293d308f5175f,,4.213963964954019,6.003303305013105
538,9,2026-09-27T08:20:11.746215+00:00,2026-09-27T17:20:11.746215+09:00,1,2,d455aeb3f0c7001b76430ab4ae28667b4ab39f22e173af210bd293d308f5175f,44e09d6b82158a0a014e2e9e2f6c5ad9000d61d33a244b6830163377d895d512,,3.248793378006667,4.939921180019155
539,9,2026-09-27T08:20:20.444907+00:00,2026-09-27T17:20:20.444907+09:00,2,2,44e09d6b82158a0a014e2e9e2f6c5ad9000d61d33a244b6830163377d895d512,4644821b4b41887e83e58bead53387122c60dea28655bc4fa93e6e4d3cd19030,,3.641121895983815,4.900982968043536
540,9,2026-09-27T08:20:30.420816+00:00,2026-09-27T17:20:30.420816+09:00,1,2,4644821b4b41887e83e58bead53387122c60dea28655bc4fa93e6e4d3cd19030,4644821b4b41887e83e58bead53387122c60dea28655bc4fa93e6e4d3cd19030,Optimizer did not return 1..5 numbered questions,3.7182217589579523,6.106698798015714
541,10,2026-09-27T08:20:39.115120+00:00,2026-09-27T17:20:39.115120+09:00,1,2,4644821b4b41887e83e58bead53387122c60dea28655bc4fa93e6e4d3cd19030,9323684d0663433b8934a0ca637cf1df27095e017b76314006e8599c4c05c7b9,,3.4731581828091294,5.009397251997143
542,10,2026-09-27T08:20:49.065054+00:00,2026-09-27T17:20:49.065054+09:00,1,2,9323684d0663433b8934a0ca637cf1df27095e017b76314006e8599c4c05c7b9,ba4dae86ca19c88d75e386353f41ff55262e5cb34f5e06325e468583970a42ba,,4.534710702020675,5.2142751950304955
543,10,2026-09-27T08:20:57.352218+00:00,2026-09-27T17:20:57.352218+09:00,1,2,ba4dae86ca19c88d75e386353f41ff55262e5cb34f5e06325e468583970a42ba,db1c4344706945441538a1a08113d7708115030878cbf4efc6f549084dd730ad,,2.8107154017779976,5.329964934149757
544,10,2026-09-27T08:21:07.532252+00:00,2026-09-27T17:21:07.532252+09:00,1,2,db1c4344706945441538a1a08113d7708115030878cbf4efc6f549084dd730ad,dd3a4e8baf2872350039099ac36ff3399b69f47b586246183a1d8b4e0322e115,,4.975177962100133,5.005029072985053
545,10,2026-09-27T08:21:17.296381+00:00,2026-09-27T17:21:17.296381+09:00,1,2,dd3a4e8baf2872350039099ac36ff3399b69f47b586246183a1d8b4e0322e115,dd3a4e8baf2872350039099ac36ff3399b69f47b586246183a1d8b4e0322e115,Optimizer did not return 1..5 numbered questions,2.8593997419811785,6.759498115861788
546,10,2026-09-27T08:21:25.617903+00:00,2026-09-27T17:21:25.617903+09:00,0,2,dd3a4e8baf2872350039099ac36ff3399b69f47b586246183a1d8b4e0322e115,4cd244e7e8646b51c3d2b1c0a39ff2be898c49c88130ec116e2eca1bdef48ff2,,2.514180192956701,5.601479935925454
547,10,2026-09-27T08:21:34.829818+00:00,2026-09-27T17:21:34.829818+09:00,1,2,4cd244e7e8646b51c3d2b1c0a39ff2be898c49c88130ec116e2eca1bdef48ff2,4cd244e7e8646b51c3d2b1c0a39ff2be898c49c88130ec116e2eca1bdef48ff2,,3.7047103228978813,5.366586055140942
548,10,2026-09-27T08:21:43.544539+00:00,2026-09-27T17:21:43.544539+09:00,1,2,4cd244e7e8646b51c3d2b1c0a39ff2be898c49c88130ec116e2eca1bdef48ff2,c3412fba5faaa99be8480540be908eccc76e63aca83b11f3ce465f90d308896a,,3.6726378658786416,4.895981147885323
549,10,2026-09-27T08:21:53.490103+00:00,2026-09-27T17:21:53.490103+09:00,2,2,c3412fba5faaa99be8480540be908eccc76e63aca83b11f3ce465f90d308896a,ae8adf490abc979601d58a8c4a582f169ad6542b117d8bf9b10560ab9fa40b72,,4.709887344157323,5.0896547951269895
550,10,2026-09-27T08:22:02.706339+00:00,2026-09-27T17:22:02.706339+09:00,2,2,ae8adf490abc979601d58a8c4a582f169ad6542b117d8bf9b10560ab9fa40b72,ae8adf490abc979601d58a8c4a582f169ad6542b117d8bf9b10560ab9fa40b72,Optimizer did not return 1..5 numbered questions,3.9918168778531253,5.077639057999477
551,10,2026-09-27T08:22:13.395490+00:00,2026-09-27T17:22:13.395490+09:00,1,2,ae8adf490abc979601d58a8c4a582f169ad6542b117d8bf9b10560ab9fa40b72,ae8adf490abc979601d58a8c4a582f169ad6542b117d8bf9b10560ab9fa40b72,Optimizer did not return 1..5 numbered questions,4.185999932233244,6.349784072954208
552,10,2026-09-27T08:22:22.660094+00:00,2026-09-27T17:22:22.660094+09:00,2,2,ae8adf490abc979601d58a8c4a582f169ad6542b117d8bf9b10560ab9fa40b72,ab2737aaa71a76c2ab3d5ecf8f3b3a661d0cd32415999c460f6328eddde09bc5,,3.8286488072481006,5.291926704114303
553,10,2026-09-27T08:22:31.366208+00:00,2026-09-27T17:22:31.366208+09:00,1,2,ab2737aaa71a76c2ab3d5ecf8f3b3a661d0cd32415999c460f6328eddde09bc5,37de79f6c4738f2f00bb5e4be8b35572e27a421a81db216211b9d047864fd6f6,,3.4929341769311577,5.067832107888535
554,10,2026-09-27T08:22:39.848042+00:00,2026-09-27T17:22:39.848042+09:00,2,2,37de79f6c4738f2f00bb5e4be8b35572e27a421a81db216211b9d047864fd6f6,62ebca66add2699e73eca8ac87f4a0bd84e415bb05ee9616100f76d81bd574f3,,3.574365299893543,4.766655546845868
555,10,2026-09-27T08:22:49.535846+00:00,2026-09-27T17:22:49.535846+09:00,0,2,62ebca66add2699e73eca8ac87f4a0bd84e415bb05ee9616100f76d81bd574f3,8e6ecc18a20e17c831a738514f91abba725b91bc6e487d3b73f135069733f136,,4.4688070400152355,5.066333829890937
556,10,2026-09-27T08:22:58.405324+00:00,2026-09-27T17:22:58.405324+09:00,2,2,8e6ecc18a20e17c831a738514f91abba725b91bc6e487d3b73f135069733f136,c0982f96a35fbf6fc0f9ab16ac0412f95769f29bbd1f38bd804faf8bdc5a3b3b,,3.4596067869570106,5.214979931944981
557,10,2026-09-27T08:23:08.957511+00:00,2026-09-27T17:23:08.957511+09:00,2,2,c0982f96a35fbf6fc0f9ab16ac0412f95769f29bbd1f38bd804faf8bdc5a3b3b,c0982f96a35fbf6fc0f9ab16ac0412f95769f29bbd1f38bd804faf8bdc5a3b3b,,4.531452665105462,5.870767146116123
558,10,2026-09-27T08:23:19.908466+00:00,2026-09-27T17:23:19.908466+09:00,2,2,c0982f96a35fbf6fc0f9ab16ac0412f95769f29bbd1f38bd804faf8bdc5a3b3b,c0982f96a35fbf6fc0f9ab16ac0412f95769f29bbd1f38bd804faf8bdc5a3b3b,,4.816150668775663,5.991120002930984
559,10,2026-09-27T08:23:30.042495+00:00,2026-09-27T17:23:30.042495+09:00,1,2,c0982f96a35fbf6fc0f9ab16ac0412f95769f29bbd1f38bd804faf8bdc5a3b3b,a2be1bc27728cb1a15be83e2ba9bf9fa61aac499984bc8928ad8094f6a61c5ba,,4.856927011162043,5.126294235000387
560,10,2026-09-27T08:23:38.795694+00:00,2026-09-27T17:23:38.795694+09:00,0,2,a2be1bc27728cb1a15be83e2ba9bf9fa61aac499984bc8928ad8094f6a61c5ba,668a427b1eff6b14b8abbba32db00007029bb2d45909b74ee7e03ca34798e378,,3.822484157048166,4.777301063993946
561,10,2026-09-27T08:23:50.126992+00:00,2026-09-27T17:23:50.126992+09:00,1,2,668a427b1eff6b14b8abbba32db00007029bb2d45909b74ee7e03ca34798e378,e29590033c9db73e028abdae727e78bcd32bd11825a00cf163750b06c70b7fb9,,4.657588294008747,6.465929662110284
562,10,2026-09-27T08:23:59.936806+00:00,2026-09-27T17:23:59.936806+09:00,2,2,e29590033c9db73e028abdae727e78bcd32bd11825a00cf163750b06c70b7fb9,a22abb0c9ebf6259212cd84e1691bef6dc7d7e6c26cb49e687f13e59e77f98f7,,3.9814811379183084,5.681821502977982
563,10,2026-09-27T08:24:10.848239+00:00,2026-09-27T17:24:10.848239+09:00,0,2,a22abb0c9ebf6259212cd84e1691bef6dc7d7e6c26cb49e687f13e59e77f98f7,71f743cff7a04eed7b6622f13cd7c7f6802e0c4b2f4bffef3d5df16cd4c765c9,,3.763147430960089,7.002696220064536
564,10,2026-09-27T08:24:21.761854+00:00,2026-09-27T17:24:21.761854+09:00,1,2,71f743cff7a04eed7b6622f13cd7c7f6802e0c4b2f4bffef3d5df16cd4c765c9,a4d0d8dd8a234078fb1cbe78e382e2b799d2b4a58a8a869be9caf937eb459cde,,3.77153727109544,6.994783723959699
565,10,2026-09-27T08:24:33.909922+00:00,2026-09-27T17:24:33.909922+09:00,2,2,a4d0d8dd8a234078fb1cbe78e382e2b799d2b4a58a8a869be9caf937eb459cde,a4d0d8dd8a234078fb1cbe78e382e2b799d2b4a58a8a869be9caf937eb459cde,Optimizer did not return 1..5 numbered questions,4.90026443800889,7.096158097032458
566,10,2026-09-27T08:24:43.208195+00:00,2026-09-27T17:24:43.208195+09:00,1,2,a4d0d8dd8a234078fb1cbe78e382e2b799d2b4a58a8a869be9caf937eb459cde,20983ba625bd995d7cec2c19c6eb3cca70d8c6921b39e73f9c84bbb76c7e528d,,3.755431887926534,5.393016858957708
567,10,2026-09-27T08:24:53.877365+00:00,2026-09-27T17:24:53.877365+09:00,2,2,20983ba625bd995d7cec2c19c6eb3cca70d8c6921b39e73f9c84bbb76c7e528d,20983ba625bd995d7cec2c19c6eb3cca70d8c6921b39e73f9c84bbb76c7e528d,,4.69276466476731,5.773871867917478
568,10,2026-09-27T08:25:03.277119+00:00,2026-09-27T17:25:03.277119+09:00,1,2,20983ba625bd995d7cec2c19c6eb3cca70d8c6921b39e73f9c84bbb76c7e528d,070f3565c20f1f2e36e5c760c2158535872d0419d179cdb545488ed8f4f37fc1,,3.8358530597761273,5.415166556835175
569,10,2026-09-27T08:25:13.120613+00:00,2026-09-27T17:25:13.120613+09:00,2,2,070f3565c20f1f2e36e5c760c2158535872d0419d179cdb545488ed8f4f37fc1,d9b3bcbfbd225091f90bfe63318c135da5560767ad0e87e56695535b3cd9977c,,4.72599996603094,4.927655105944723
570,10,2026-09-27T08:25:22.796431+00:00,2026-09-27T17:25:22.796431+09:00,2,2,d9b3bcbfbd225091f90bfe63318c135da5560767ad0e87e56695535b3cd9977c,d9b3bcbfbd225091f90bfe63318c135da5560767ad0e87e56695535b3cd9977c,,4.203890170902014,5.319412685930729
571,10,2026-09-27T08:25:32.105436+00:00,2026-09-27T17:25:32.105436+09:00,2,2,d9b3bcbfbd225091f90bfe63318c135da5560767ad0e87e56695535b3cd9977c,d9b3bcbfbd225091f90bfe63318c135da5560767ad0e87e56695535b3cd9977c,,3.9934644212480634,5.17035941616632
572,10,2026-09-27T08:25:40.758728+00:00,2026-09-27T17:25:40.758728+09:00,2,2,d9b3bcbfbd225091f90bfe63318c135da5560767ad0e87e56695535b3cd9977c,98a90006b9715906118073a99fd04465d9e3985cec2fa550c215da4b0ab01d45,,2.8812592120375484,5.620492347981781
573,10,2026-09-27T08:25:50.218820+00:00,2026-09-27T17:25:50.218820+09:00,1,2,98a90006b9715906118073a99fd04465d9e3985cec2fa550c215da4b0ab01d45,68977e747db378f2b2b56876cb429df2f091c4e4762956f5407330076148cb06,,4.053540916880593,5.260275817941874
574,10,2026-09-27T08:25:59.532150+00:00,2026-09-27T17:25:59.532150+09:00,2,2,68977e747db378f2b2b56876cb429df2f091c4e4762956f5407330076148cb06,68977e747db378f2b2b56876cb429df2f091c4e4762956f5407330076148cb06,,3.6741217500530183,5.491148825036362
575,10,2026-09-27T08:26:08.937228+00:00,2026-09-27T17:26:08.937228+09:00,1,2,68977e747db378f2b2b56876cb429df2f091c4e4762956f5407330076148cb06,68977e747db378f2b2b56876cb429df2f091c4e4762956f5407330076148cb06,,4.22446221485734,5.027822594158351
576,10,2026-09-27T08:26:17.700460+00:00,2026-09-27T17:26:17.700460+09:00,2,2,68977e747db378f2b2b56876cb429df2f091c4e4762956f5407330076148cb06,c9ffe7a2e2366bae2bcf764fa92d6087607daa1237f5dbfa757a9c85718651d7,,3.173354821978137,5.441262468928471
577,10,2026-09-27T08:26:27.842452+00:00,2026-09-27T17:26:27.842452+09:00,2,2,c9ffe7a2e2366bae2bcf764fa92d6087607daa1237f5dbfa757a9c85718651d7,acac7c78bf820776367ba82add9094b557fa63d096458a0d13fce9d242d96897,,4.713289448991418,5.213832309935242
578,10,2026-09-27T08:26:37.960514+00:00,2026-09-27T17:26:37.960514+09:00,1,2,acac7c78bf820776367ba82add9094b557fa63d096458a0d13fce9d242d96897,63438e9ddc5c7afd7b01c385112b4d14242abdef543c14cb3200ea8f4acb1cf9,,4.164839860750362,5.809142240090296
579,10,2026-09-27T08:26:48.499617+00:00,2026-09-27T17:26:48.499617+09:00,1,2,63438e9ddc5c7afd7b01c385112b4d14242abdef543c14cb3200ea8f4acb1cf9,5835a77c7208b9a88b3375bc7515b09934926f276edff618ff0d3a94a36d2852,,4.920055719092488,5.366317568114027
580,10,2026-09-27T08:26:57.324871+00:00,2026-09-27T17:26:57.324871+09:00,2,2,5835a77c7208b9a88b3375bc7515b09934926f276edff618ff0d3a94a36d2852,f083ed93280cc4a64ae120f1d91cace84468d4445c98d8d02ad4bd88f0101b29,,3.5575054180808365,5.067630663048476
581,10,2026-09-27T08:27:05.948776+00:00,2026-09-27T17:27:05.948776+09:00,2,2,f083ed93280cc4a64ae120f1d91cace84468d4445c98d8d02ad4bd88f0101b29,d7b49e5a78dbe66c6a871353c0bd1532a20c6d549d4c51db7cc4036c396d3845,,3.0189322808291763,5.455682853003964
582,10,2026-09-27T08:27:14.259998+00:00,2026-09-27T17:27:14.259998+09:00,1,2,d7b49e5a78dbe66c6a871353c0bd1532a20c6d549d4c51db7cc4036c396d3845,70eaaabb57dae1f13c785f6f89a495e31f78bb00b4d0d96a8d96a3367d44c04c,,2.661593496100977,5.497420619009063
583,10,2026-09-27T08:27:25.766579+00:00,2026-09-27T17:27:25.766579+09:00,1,2,70eaaabb57dae1f13c785f6f89a495e31f78bb00b4d0d96a8d96a3367d44c04c,70eaaabb57dae1f13c785f6f89a495e31f78bb00b4d0d96a8d96a3367d44c04c,Incomplete/trailing content in question,4.030498667154461,7.270316154928878
584,10,2026-09-27T08:27:38.311858+00:00,2026-09-27T17:27:38.311858+09:00,2,2,70eaaabb57dae1f13c785f6f89a495e31f78bb00b4d0d96a8d96a3367d44c04c,70eaaabb57dae1f13c785f6f89a495e31f78bb00b4d0d96a8d96a3367d44c04c,Optimizer did not return 1..5 numbered questions,4.710130359046161,7.685323829995468
585,10,2026-09-27T08:27:49.654251+00:00,2026-09-27T17:27:49.654251+09:00,1,2,70eaaabb57dae1f13c785f6f89a495e31f78bb00b4d0d96a8d96a3367d44c04c,70eaaabb57dae1f13c785f6f89a495e31f78bb00b4d0d96a8d96a3367d44c04c,,5.143729725154117,5.991902900161222
586,10,2026-09-27T08:27:58.724207+00:00,2026-09-27T17:27:58.724207+09:00,1,2,70eaaabb57dae1f13c785f6f89a495e31f78bb00b4d0d96a8d96a3367d44c04c,70eaaabb57dae1f13c785f6f89a495e31f78bb00b4d0d96a8d96a3367d44c04c,,2.781158545985818,6.086912266910076
587,10,2026-09-27T08:28:09.664324+00:00,2026-09-27T17:28:09.664324+09:00,0,2,70eaaabb57dae1f13c785f6f89a495e31f78bb00b4d0d96a8d96a3367d44c04c,70eaaabb57dae1f13c785f6f89a495e31f78bb00b4d0d96a8d96a3367d44c04c,Incomplete/trailing content in question,3.6896932919044048,7.029409076087177
588,10,2026-09-27T08:28:19.462230+00:00,2026-09-27T17:28:19.462230+09:00,1,2,70eaaabb57dae1f13c785f6f89a495e31f78bb00b4d0d96a8d96a3367d44c04c,70eaaabb57dae1f13c785f6f89a495e31f78bb00b4d0d96a8d96a3367d44c04c,,3.6279363529756665,6.0089746008161455
589,10,2026-09-27T08:28:29.311755+00:00,2026-09-27T17:28:29.311755+09:00,1,2,70eaaabb57dae1f13c785f6f89a495e31f78bb00b4d0d96a8d96a3367d44c04c,70eaaabb57dae1f13c785f6f89a495e31f78bb00b4d0d96a8d96a3367d44c04c,,3.559302484849468,6.12526601087302
590,10,2026-09-27T08:28:40.620888+00:00,2026-09-27T17:28:40.620888+09:00,1,2,70eaaabb57dae1f13c785f6f89a495e31f78bb00b4d0d96a8d96a3367d44c04c,70eaaabb57dae1f13c785f6f89a495e31f78bb00b4d0d96a8d96a3367d44c04c,,5.183630609186366,5.961378316860646
591,10,2026-09-27T08:28:51.313560+00:00,2026-09-27T17:28:51.313560+09:00,2,2,70eaaabb57dae1f13c785f6f89a495e31f78bb00b4d0d96a8d96a3367d44c04c,70eaaabb57dae1f13c785f6f89a495e31f78bb00b4d0d96a8d96a3367d44c04c,Missing or repeated New Prompt Questions marker,3.356712422100827,7.173116947989911
592,10,2026-09-27T08:29:02.165903+00:00,2026-09-27T17:29:02.165903+09:00,2,2,70eaaabb57dae1f13c785f6f89a495e31f78bb00b4d0d96a8d96a3367d44c04c,70eaaabb57dae1f13c785f6f89a495e31f78bb00b4d0d96a8d96a3367d44c04c,,4.559253132902086,6.136562286876142
593,10,2026-09-27T08:29:11.563836+00:00,2026-09-27T17:29:11.563836+09:00,1,2,70eaaabb57dae1f13c785f6f89a495e31f78bb00b4d0d96a8d96a3367d44c04c,70eaaabb57dae1f13c785f6f89a495e31f78bb00b4d0d96a8d96a3367d44c04c,,3.09000461618416,6.161829177988693
594,10,2026-09-27T08:29:22.147038+00:00,2026-09-27T17:29:22.147038+09:00,1,2,70eaaabb57dae1f13c785f6f89a495e31f78bb00b4d0d96a8d96a3367d44c04c,70eaaabb57dae1f13c785f6f89a495e31f78bb00b4d0d96a8d96a3367d44c04c,Missing or repeated New Prompt Questions marker,3.4308499412145466,6.999547962099314
595,10,2026-09-27T08:29:33.723090+00:00,2026-09-27T17:29:33.723090+09:00,1,2,70eaaabb57dae1f13c785f6f89a495e31f78bb00b4d0d96a8d96a3367d44c04c,70eaaabb57dae1f13c785f6f89a495e31f78bb00b4d0d96a8d96a3367d44c04c,Incomplete/trailing content in question,4.155366430059075,7.27940336195752
596,10,2026-09-27T08:29:44.630583+00:00,2026-09-27T17:29:44.630583+09:00,2,2,70eaaabb57dae1f13c785f6f89a495e31f78bb00b4d0d96a8d96a3367d44c04c,76541a8e814740be32068588fe9a959187e8626640ca4f88124aef226a79b569,,5.490596123039722,5.273449308006093
597,10,2026-09-27T08:29:53.231709+00:00,2026-09-27T17:29:53.231709+09:00,2,2,76541a8e814740be32068588fe9a959187e8626640ca4f88124aef226a79b569,e3569dea7f66a24679a2559dcb84c73d80d1c53a19a6f175b648dd2ebb49932b,,3.87694054399617,4.578653157921508
598,10,2026-09-27T08:30:01.999431+00:00,2026-09-27T17:30:01.999431+09:00,2,2,e3569dea7f66a24679a2559dcb84c73d80d1c53a19a6f175b648dd2ebb49932b,68678543ee79ef025f7797690b6f97a29b2bab223c43dadde4ec2d72af553763,,3.5042085112072527,5.1159643300343305
599,10,2026-09-27T08:30:11.541370+00:00,2026-09-27T17:30:11.541370+09:00,2,2,68678543ee79ef025f7797690b6f97a29b2bab223c43dadde4ec2d72af553763,68678543ee79ef025f7797690b6f97a29b2bab223c43dadde4ec2d72af553763,,4.123750176979229,5.2690211669541895
600,10,2026-09-27T08:30:20.220846+00:00,2026-09-27T17:30:20.220846+09:00,1,2,68678543ee79ef025f7797690b6f97a29b2bab223c43dadde4ec2d72af553763,68678543ee79ef025f7797690b6f97a29b2bab223c43dadde4ec2d72af553763,,3.028822452062741,5.511497775092721
