scene,original_split,video,frame,label,initial,retrieved,smoothed,final
R01,training,03,0,0,0.0,0.0,0.0,0.0
R01,training,03,1,0,0.0,0.0,0.0,0.0
R01,training,03,2,0,0.0,0.0,0.0,0.0
R01,training,03,3,0,0.0,0.0,0.0,0.0
R01,training,03,4,0,0.0,0.0,0.0,0.0
R01,training,03,5,0,0.0,0.0,0.0,0.0
R01,training,03,6,0,0.0,0.0,0.0,0.0
R01,training,03,7,0,0.0,0.0,0.0,0.0
R01,training,03,8,0,0.0,0.0,0.0,0.0
R01,training,03,9,0,0.0,0.0,0.0,0.0
R01,training,03,10,0,0.0,0.0,0.0,0.0
R01,training,03,11,0,0.0,0.0,0.0,0.0
R01,training,03,12,0,0.0,0.0,0.0,0.0
R01,training,03,13,0,0.0,0.0,0.0,0.0
R01,training,03,14,0,0.0,0.0,0.0,0.0
R01,training,03,15,0,0.0,0.0,0.0,0.0
R01,training,03,16,0,0.0,0.0,0.0,0.0
R01,training,03,17,0,0.0,0.0,0.0,0.0
R01,training,03,18,0,0.0,0.0,0.0,0.0
R01,training,03,19,0,0.0,0.0,0.0,0.0
R01,training,03,20,0,0.0,0.0,0.0,0.0
R01,training,03,21,0,0.0,0.0,0.0,0.0
R01,training,03,22,0,0.0,0.0,0.0,0.0
R01,training,03,23,0,0.0,0.0,0.0,0.0
R01,training,03,24,0,0.0,0.0,0.0,0.0
R01,training,03,25,0,0.0,0.0,0.0,0.0
R01,training,03,26,0,0.0,0.0,0.0,0.0
R01,training,03,27,0,0.0,0.0,0.0,0.0
R01,training,03,28,0,0.0,0.0,0.0,0.0
R01,training,03,29,0,0.0,0.0,0.0,0.0
R01,training,03,30,0,0.0,0.0,0.0,0.0
R01,training,03,31,0,0.0,0.0,0.0,0.0
R01,training,03,32,0,0.0,0.0,0.0,0.0
R01,training,03,33,0,0.0,0.0,0.0,0.0
R01,training,03,34,0,0.0,0.0,0.0,0.0
R01,training,03,35,0,0.0,0.0,0.0,0.0
R01,training,03,36,0,0.0,0.0,0.0,0.0
R01,training,03,37,0,0.0,0.0,0.0,0.0
R01,training,03,38,0,0.0,0.0,0.0,0.0
R01,training,03,39,0,0.0,0.0,0.0,0.0
R01,training,03,40,0,0.0,0.0,0.0,0.0
R01,training,03,41,0,0.0,0.0,0.0,0.0
R01,training,03,42,0,0.0,0.0,0.0,0.0
R01,training,03,43,0,0.0,0.0,0.0,0.0
R01,training,03,44,0,0.0,0.0,0.0,0.0
R01,training,03,45,0,0.0,0.0,0.0,0.0
R01,training,03,46,0,0.0,0.0,0.0,0.0
R01,training,03,47,0,0.0,0.0,0.0,0.0
R01,training,03,48,0,0.0,0.0,0.0,0.0
R01,training,03,49,0,0.0,0.0,0.0,0.0
R01,training,03,50,0,0.0,0.0,0.0,0.0
R01,training,03,51,0,0.0,0.0,0.0,0.0
R01,training,03,52,0,0.0,0.0,0.0,0.0
R01,training,03,53,0,0.0,0.0,0.0,0.0
R01,training,03,54,0,0.0,0.0,0.0,0.0
R01,training,03,55,0,0.0,0.0,0.0,0.0
R01,training,03,56,0,0.0,0.0,0.0,0.0
R01,training,03,57,0,0.0,0.0,0.0,0.0
R01,training,03,58,0,0.0,0.0,0.0,0.0
R01,training,03,59,0,0.0,0.0,0.0,0.0
R01,training,03,60,0,0.0,0.0,0.0,0.0
R01,training,03,61,0,0.0,0.0,0.0,0.0
R01,training,03,62,0,0.0,0.0,0.0,0.0
R01,training,03,63,0,0.0,0.0,0.0,0.0
R01,training,03,64,0,0.0,0.0,0.0,0.0
R01,training,03,65,0,0.0,0.0,0.0,0.0
R01,training,03,66,0,0.0,0.0,0.0,0.0
R01,training,03,67,0,0.0,0.0,0.0,0.0
R01,training,03,68,0,0.0,0.0,0.0,0.0
R01,training,03,69,0,0.0,0.0,0.0,0.0
R01,training,03,70,0,0.0,0.0,0.0,0.0
R01,training,03,71,0,0.0,0.0,0.0,0.0
R01,training,03,72,0,0.0,0.0,0.0,0.0
R01,training,03,73,0,0.0,0.0,0.0,0.0
R01,training,03,74,0,0.0,0.0,0.0,0.0
R01,training,03,75,0,0.0,0.0,0.0,0.0
R01,training,03,76,0,0.0,0.0,0.0,0.0
R01,training,03,77,0,0.0,0.0,0.0,0.0
R01,training,03,78,0,0.0,0.0,0.0,0.0
R01,training,03,79,0,0.0,0.0,0.0,0.0
R01,training,03,80,0,0.0,0.0,0.0,0.0
R01,training,03,81,0,0.0,0.0,0.0,0.0
R01,training,03,82,0,0.0,0.0,0.0,0.0
R01,training,03,83,0,0.0,0.0,0.0,0.0
R01,training,03,84,0,0.0,0.0,0.0,0.0
R01,training,03,85,0,0.0,0.0,0.0,0.0
R01,training,03,86,0,0.0,0.0,0.0,0.0
R01,training,03,87,0,0.0,0.0,0.0,0.0
R01,training,03,88,0,0.0,0.0,0.0,0.0
R01,training,03,89,0,0.0,0.0,0.0,0.0
R01,training,03,90,0,0.0,0.0,0.0,0.0
R01,training,03,91,0,0.0,0.0,0.0,0.0
R01,training,03,92,0,0.0,0.0,0.0,0.0
R01,training,03,93,0,0.0,0.0,0.0,0.0
R01,training,03,94,0,0.0,0.0,0.0,0.0
R01,training,03,95,0,0.0,0.0,0.0,0.0
R01,training,03,96,0,0.0,0.0,0.0,0.0
R01,training,03,97,0,0.0,0.0,0.0,0.0
R01,training,03,98,0,0.0,0.0,0.0,0.0
R01,training,03,99,0,0.0,0.0,0.0,0.0
R01,training,03,100,0,0.0,0.0,0.0,0.0
R01,training,03,101,0,0.0,0.0,0.0,0.0
R01,training,03,102,0,0.0,0.0,0.0,0.0
R01,training,03,103,0,0.0,0.0,0.0,0.0
R01,training,03,104,0,0.0,0.0,0.0,0.0
R01,training,03,105,0,0.0,0.0,0.0,0.0
R01,training,03,106,0,0.0,0.0,0.0,0.0
R01,training,03,107,0,0.0,0.0,0.0,0.0
R01,training,03,108,0,0.0,0.0,0.0,0.0
R01,training,03,109,0,0.0,0.0,0.0,0.0
R01,training,03,110,0,0.0,0.0,0.0,0.0
R01,training,03,111,0,0.0,0.0,0.0,0.0
R01,training,03,112,0,0.0,0.0,0.0,0.0
R01,training,03,113,0,0.0,0.0,0.0,0.0
R01,training,03,114,0,0.0,0.0,0.0,0.0
R01,training,03,115,0,0.0,0.0,0.0,0.0
R01,training,03,116,0,0.0,0.0,0.0,0.0
R01,training,03,117,0,0.0,0.0,0.0,0.0
R01,training,03,118,0,0.0,0.0,0.0,0.0
R01,training,03,119,0,0.0,0.0,0.0,0.0
R01,training,03,120,0,0.0,0.0,0.0,0.0
R01,training,03,121,0,0.0,0.0,0.0,0.0
R01,training,03,122,0,0.0,0.0,0.0,0.0
R01,training,03,123,0,0.0,0.0,0.0,0.0
R01,training,03,124,0,0.0,0.0,0.0,0.0
R01,training,03,125,0,0.0,0.0,0.0,0.0
R01,training,03,126,0,0.0,0.0,0.0,0.0
R01,training,03,127,0,0.0,0.0,0.0,0.0
R01,training,03,128,0,0.0,0.0,0.0,0.0
R01,training,03,129,0,0.0,0.0,0.0,0.0
R01,training,03,130,0,0.0,0.0,0.0,0.0
R01,training,03,131,0,0.0,0.0,0.0,0.0
R01,training,03,132,0,0.0,0.0,0.0,0.0
R01,training,03,133,0,0.0,0.0,0.0,0.0
R01,training,03,134,0,0.0,0.0,0.0,0.0
R01,training,03,135,0,0.0,0.0,0.0,0.0
R01,training,03,136,0,0.0,0.0,0.0,0.0
R01,training,03,137,0,0.0,0.0,0.0,0.0
R01,training,03,138,0,0.0,0.0,0.0,0.0
R01,training,03,139,0,0.0,0.0,0.0,0.0
R01,training,03,140,0,0.0,0.0,0.0,0.0
R01,training,03,141,0,0.0,0.0,0.0,0.0
R01,training,03,142,0,0.0,0.0,0.0,0.0
R01,training,03,143,0,0.0,0.0,0.0,0.0
R01,training,03,144,0,0.0,0.0,0.0,0.0
R01,training,03,145,0,0.0,0.0,0.0,0.0
R01,training,03,146,0,0.0,0.0,0.0,0.0
R01,training,03,147,0,0.0,0.0,0.0,0.0
R01,training,03,148,0,0.0,0.0,0.0,0.0
R01,training,03,149,0,0.0,0.0,0.0,0.0
R01,training,03,150,0,0.0,0.0,0.0,0.0
R01,training,03,151,0,0.0,0.0,0.0,0.0
R01,training,03,152,0,0.0,0.0,0.0,0.0
R01,training,03,153,0,0.0,0.0,0.0,0.0
R01,training,03,154,0,0.0,0.0,0.0,0.0
R01,training,03,155,0,0.0,0.0,0.0,0.0
R01,training,03,156,0,0.0,0.0,0.0,0.0
R01,training,03,157,0,0.0,0.0,0.0,0.0
R01,training,03,158,0,0.0,0.0,0.0,0.0
R01,training,03,159,0,0.0,0.0,0.0,0.0
R01,training,03,160,0,0.0,0.0,0.0,0.0
R01,training,03,161,0,0.0,0.0,0.0,0.0
R01,training,03,162,0,0.0,0.0,0.0,0.0
R01,training,03,163,0,0.0,0.0,0.0,0.0
R01,training,03,164,0,0.0,0.0,0.0,0.0
R01,training,03,165,0,0.0,0.0,0.0,0.0
R01,training,03,166,0,0.0,0.0,0.0,0.0
R01,training,03,167,0,0.0,0.0,0.0,0.0
R01,training,03,168,0,0.0,0.0,0.0,0.0
R01,training,03,169,0,0.0,0.0,0.0,0.0
R01,training,03,170,0,0.0,0.0,0.0,0.0
R01,training,03,171,0,0.0,0.0,0.0,0.0
R01,training,03,172,0,0.0,0.0,0.0,0.0
R01,training,03,173,0,0.0,0.0,0.0,0.0
R01,training,03,174,0,0.0,0.0,0.0,0.0
R01,training,03,175,0,0.0,0.0,0.0,0.0
R01,training,03,176,0,0.0,0.0,0.0,0.0
R01,training,03,177,0,0.0,0.0,0.0,0.0
R01,training,03,178,0,0.0,0.0,0.0,0.0
R01,training,03,179,0,0.0,0.0,0.0,0.0
R01,training,03,180,0,0.0,0.0,0.0,0.0
R01,training,03,181,0,0.0,0.0,0.0,0.0
R01,training,03,182,0,0.0,0.0,0.0,0.0
R01,training,03,183,0,0.0,0.0,0.0,0.0
R01,training,03,184,0,0.0,0.0,0.0,0.0
R01,training,03,185,0,0.0,0.0,0.0,0.0
R01,training,03,186,0,0.0,0.0,0.0,0.0
R01,training,03,187,0,0.0,0.0,0.0,0.0
R01,training,03,188,0,0.0,0.0,0.0,0.0
R01,training,03,189,0,0.0,0.0,0.0,0.0
R01,training,03,190,0,0.0,0.0,0.0,0.0
R01,training,03,191,0,0.0,0.0,0.0,0.0
R01,training,03,192,0,0.0,0.0,0.0,0.0
R01,training,03,193,0,0.0,0.0,0.0,0.0
R01,training,03,194,0,0.0,0.0,0.0,0.0
R01,training,03,195,0,0.0,0.0,0.0,0.0
R01,training,03,196,0,0.0,0.0,0.0,0.0
R01,training,03,197,0,0.0,0.0,0.0,0.0
R01,training,03,198,0,0.0,0.0,0.0,0.0
R01,training,03,199,0,0.0,0.0,0.0,0.0
R01,training,03,200,0,0.0,0.0,0.0,0.0
R01,training,03,201,0,0.0,0.0,0.0,0.0
R01,training,03,202,0,0.0,0.0,0.0,0.0
R01,training,04,0,0,0.0,0.0,0.0,0.0
R01,training,04,1,0,0.0,0.0,0.0,0.0
R01,training,04,2,0,0.0,0.0,0.0,0.0
R01,training,04,3,0,0.0,0.0,0.0,0.0
R01,training,04,4,0,0.0,0.0,0.0,0.0
R01,training,04,5,0,0.0,0.0,0.0,0.0
R01,training,04,6,0,0.0,0.0,0.0,0.0
R01,training,04,7,0,0.0,0.0,0.0,0.0
R01,training,04,8,0,0.0,0.0,0.0,0.0
R01,training,04,9,0,0.0,0.0,0.0,0.0
R01,training,04,10,0,0.0,0.0,0.0,0.0
R01,training,04,11,0,0.0,0.0,0.0,0.0
R01,training,04,12,0,0.0,0.0,0.0,0.0
R01,training,04,13,0,0.0,0.0,0.0,0.0
R01,training,04,14,0,0.0,0.0,0.0,0.0
R01,training,04,15,0,0.0,0.0,0.0,0.0
R01,training,04,16,0,0.0,0.0,0.0,0.0
R01,training,04,17,0,0.0,0.0,0.0,0.0
R01,training,04,18,0,0.0,0.0,0.0,0.0
R01,training,04,19,0,0.0,0.0,0.0,0.0
R01,training,04,20,0,0.0,0.0,0.0,0.0
R01,training,04,21,0,0.0,0.0,0.0,0.0
R01,training,04,22,0,0.0,0.0,0.0,0.0
R01,training,04,23,0,0.0,0.0,0.0,0.0
R01,training,04,24,0,0.0,0.0,0.0,0.0
R01,training,04,25,0,0.0,0.0,0.0,0.0
R01,training,04,26,0,0.0,0.0,0.0,0.0
R01,training,04,27,0,0.0,0.0,0.0,0.0
R01,training,04,28,0,0.0,0.0,0.0,0.0
R01,training,04,29,0,0.0,0.0,0.0,0.0
R01,training,04,30,0,0.0,0.0,0.0,0.0
R01,training,04,31,0,0.0,0.0,0.0,0.0
R01,training,04,32,0,0.0,0.0,0.0,0.0
R01,training,04,33,0,0.0,0.0,0.0,0.0
R01,training,04,34,0,0.0,0.0,0.0,0.0
R01,training,04,35,0,0.0,0.0,0.0,0.0
R01,training,04,36,0,0.0,0.0,0.0,0.0
R01,training,04,37,0,0.0,0.0,0.0,0.0
R01,training,04,38,0,0.0,0.0,0.0,0.0
R01,training,04,39,0,0.0,0.0,0.0,0.0
R01,training,04,40,0,0.0,0.0,0.0,0.0
R01,training,04,41,0,0.0,0.0,0.0,0.0
R01,training,04,42,0,0.0,0.0,0.0,0.0
R01,training,04,43,0,0.0,0.0,0.0,0.0
R01,training,04,44,0,0.0,0.0,0.0,0.0
R01,training,04,45,0,0.0,0.0,0.0,0.0
R01,training,04,46,0,0.0,0.0,0.0,0.0
R01,training,04,47,0,0.0,0.0,0.0,0.0
R01,training,04,48,0,0.0,0.0,0.0,0.0
R01,training,04,49,0,0.0,0.0,0.0,0.0
R01,training,04,50,0,0.0,0.0,0.0,0.0
R01,training,04,51,0,0.0,0.0,0.0,0.0
R01,training,04,52,0,0.0,0.0,0.0,0.0
R01,training,04,53,0,0.0,0.0,0.0,0.0
R01,training,04,54,0,0.0,0.0,0.0,0.0
R01,training,04,55,0,0.0,0.0,0.0,0.0
R01,training,04,56,0,0.0,0.0,0.0,0.0
R01,training,04,57,0,0.0,0.0,0.0,0.0
R01,training,04,58,0,0.0,0.0,0.0,0.0
R01,training,04,59,0,0.0,0.0,0.0,0.0
R01,training,04,60,0,0.0,0.0,0.0,0.0
R01,training,04,61,0,0.0,0.0,0.0,0.0
R01,training,04,62,0,0.0,0.0,0.0,0.0
R01,training,04,63,0,0.0,0.0,0.0,0.0
R01,training,04,64,0,0.0,0.0,0.0,0.0
R01,training,04,65,0,0.0,0.0,0.0,0.0
R01,training,04,66,0,0.0,0.0,0.0,0.0
R01,training,04,67,0,0.0,0.0,0.0,0.0
R01,training,04,68,0,0.0,0.0,0.0,0.0
R01,training,04,69,0,0.0,0.0,0.0,0.0
R01,training,04,70,0,0.0,0.0,0.0,0.0
R01,training,04,71,0,0.0,0.0,0.0,0.0
R01,training,04,72,0,0.0,0.0,0.0,0.0
R01,training,04,73,0,0.0,0.0,0.0,0.0
R01,training,04,74,0,0.0,0.0,0.0,0.0
R01,training,04,75,0,0.0,0.0,0.0,0.0
R01,training,04,76,0,0.0,0.0,0.0,0.0
R01,training,04,77,0,0.0,0.0,0.0,0.0
R01,training,04,78,0,0.0,0.0,0.0,0.0
R01,training,04,79,0,0.0,0.0,0.0,0.0
R01,training,04,80,0,0.0,0.0,0.0,0.0
R01,training,04,81,0,0.0,0.0,0.0,0.0
R01,training,04,82,0,0.0,0.0,0.0,0.0
R01,training,04,83,0,0.0,0.0,0.0,0.0
R01,training,04,84,0,0.0,0.0,0.0,0.0
R01,training,04,85,0,0.0,0.0,0.0,0.0
R01,training,04,86,0,0.0,0.0,0.0,0.0
R01,training,04,87,0,0.0,0.0,0.0,0.0
R01,training,04,88,0,0.0,0.0,0.0,0.0
R01,training,04,89,0,0.0,0.0,0.0,0.0
R01,training,04,90,0,0.0,0.0,0.0,0.0
R01,training,04,91,0,0.0,0.0,0.0,0.0
R01,training,04,92,0,0.0,0.0,0.0,0.0
R01,training,04,93,0,0.0,0.0,0.0,0.0
R01,training,04,94,0,0.0,0.0,0.0,0.0
R01,training,04,95,0,0.0,0.0,0.0,0.0
R01,training,04,96,0,0.0,0.0,0.0,0.0
R01,training,04,97,0,0.0,0.0,0.0,0.0
R01,training,04,98,0,0.0,0.0,0.0,0.0
R01,training,04,99,0,0.0,0.0,0.0,0.0
R01,training,04,100,0,0.0,0.0,0.0,0.0
R01,training,04,101,0,0.0,0.0,0.0,0.0
R01,training,04,102,0,0.0,0.0,0.0,0.0
R01,training,04,103,0,0.0,0.0,0.0,0.0
R01,training,04,104,0,0.0,0.0,0.0,0.0
R01,training,04,105,0,0.0,0.0,0.0,0.0
R01,training,04,106,0,0.0,0.0,0.0,0.0
R01,training,04,107,0,0.0,0.0,0.0,0.0
R01,training,04,108,0,0.0,0.0,0.0,0.0
R01,training,04,109,0,0.0,0.0,0.0,0.0
R01,training,04,110,0,0.0,0.0,0.0,0.0
R01,training,04,111,0,0.0,0.0,0.0,0.0
R01,training,04,112,0,0.0,0.0,0.0,0.0
R01,training,04,113,0,0.0,0.0,0.0,0.0
R01,training,04,114,0,0.0,0.0,0.0,0.0
R01,training,04,115,0,0.0,0.0,0.0,0.0
R01,training,04,116,0,0.0,0.0,0.0,0.0
R01,training,04,117,0,0.0,0.0,0.0,0.0
R01,training,04,118,0,0.0,0.0,0.0,0.0
R01,training,04,119,0,0.0,0.0,0.0,0.0
R01,training,04,120,0,0.0,0.0,0.0,0.0
R01,training,04,121,0,0.0,0.0,0.0,0.0
R01,training,04,122,0,0.0,0.0,0.0,0.0
R01,training,04,123,0,0.0,0.0,0.0,0.0
R01,training,04,124,0,0.0,0.0,0.0,0.0
R01,training,04,125,0,0.0,0.0,0.0,0.0
R01,training,04,126,0,0.0,0.0,0.0,0.0
R01,training,04,127,0,0.0,0.0,0.0,0.0
R01,training,04,128,0,0.0,0.0,0.0,0.0
R01,training,04,129,0,0.0,0.0,0.0,0.0
R01,training,04,130,0,0.0,0.0,0.0,0.0
R01,training,04,131,0,0.0,0.0,0.0,0.0
R01,training,04,132,0,0.0,0.0,0.0,0.0
R01,training,04,133,0,0.0,0.0,0.0,0.0
R01,training,04,134,0,0.0,0.0,0.0,0.0
R01,training,04,135,0,0.0,0.0,0.0,0.0
R01,training,04,136,0,0.0,0.0,0.0,0.0
R01,training,04,137,0,0.0,0.0,0.0,0.0
R01,training,04,138,0,0.0,0.0,0.0,0.0
R01,training,04,139,0,0.0,0.0,0.0,0.0
R01,training,04,140,0,0.0,0.0,0.0,0.0
R01,training,04,141,0,0.0,0.0,0.0,0.0
R01,training,04,142,0,0.0,0.0,0.0,0.0
R01,training,04,143,0,0.0,0.0,0.0,0.0
R01,training,04,144,0,0.0,0.0,0.0,0.0
R01,training,04,145,0,0.0,0.0,0.0,0.0
R01,training,04,146,0,0.0,0.0,0.0,0.0
R01,training,04,147,0,0.0,0.0,0.0,0.0
R01,training,04,148,0,0.0,0.0,0.0,0.0
R01,training,04,149,0,0.0,0.0,0.0,0.0
R01,training,04,150,0,0.0,0.0,0.0,0.0
R01,training,04,151,0,0.0,0.0,0.0,0.0
R01,training,04,152,0,0.0,0.0,0.0,0.0
R01,training,04,153,0,0.0,0.0,0.0,0.0
R01,training,04,154,0,0.0,0.0,0.0,0.0
R01,training,04,155,0,0.0,0.0,0.0,0.0
R01,training,04,156,0,0.0,0.0,0.0,0.0
R01,training,04,157,0,0.0,0.0,0.0,0.0
R01,training,04,158,0,0.0,0.0,0.0,0.0
R01,training,04,159,0,0.0,0.0,0.0,0.0
R01,training,04,160,0,0.0,0.0,0.0,0.0
R01,training,04,161,0,0.0,0.0,0.0,0.0
R01,training,04,162,0,0.0,0.0,0.0,0.0
R01,training,04,163,0,0.0,0.0,0.0,0.0
R01,training,04,164,0,0.0,0.0,0.0,0.0
R01,training,04,165,0,0.0,0.0,0.0,0.0
R01,training,04,166,0,0.0,0.0,0.0,0.0
R01,training,04,167,0,0.0,0.0,0.0,0.0
R01,training,04,168,0,0.0,0.0,0.0,0.0
R01,training,04,169,0,0.0,0.0,0.0,0.0
R01,training,04,170,0,0.0,0.0,0.0,0.0
R01,training,04,171,0,0.0,0.0,0.0,0.0
R01,training,04,172,0,0.0,0.0,0.0,0.0
R01,training,04,173,0,0.0,0.0,0.0,0.0
R01,training,04,174,0,0.0,0.0,0.0,0.0
R01,training,04,175,0,0.0,0.0,0.0,0.0
R01,training,04,176,0,0.0,0.0,0.0,0.0
R01,training,04,177,0,0.0,0.0,0.0,0.0
R01,training,04,178,0,0.0,0.0,0.0,0.0
R01,training,04,179,0,0.0,0.0,0.0,0.0
R01,training,04,180,0,0.0,0.0,0.0,0.0
R01,training,04,181,0,0.0,0.0,0.0,0.0
R01,training,04,182,0,0.0,0.0,0.0,0.0
R01,training,04,183,0,0.0,0.0,0.0,0.0
R01,training,04,184,0,0.0,0.0,0.0,0.0
R01,training,04,185,0,0.0,0.0,0.0,0.0
R01,training,04,186,0,0.0,0.0,0.0,0.0
R01,training,04,187,0,0.0,0.0,0.0,0.0
R01,training,04,188,0,0.0,0.0,0.0,0.0
R01,training,04,189,0,0.0,0.0,0.0,0.0
R01,training,04,190,0,0.0,0.0,0.0,0.0
R01,training,04,191,0,0.0,0.0,0.0,0.0
R01,training,04,192,0,0.0,0.0,0.0,0.0
R01,training,04,193,0,0.0,0.0,0.0,0.0
R01,training,04,194,0,0.0,0.0,0.0,0.0
R01,training,04,195,0,0.0,0.0,0.0,0.0
R01,training,04,196,0,0.0,0.0,0.0,0.0
R01,training,04,197,0,0.0,0.0,0.0,0.0
R01,training,04,198,0,0.0,0.0,0.0,0.0
R01,training,04,199,0,0.0,0.0,0.0,0.0
R01,training,04,200,0,0.0,0.0,0.0,0.0
R01,training,04,201,0,0.0,0.0,0.0,0.0
R01,training,04,202,0,0.0,0.0,0.0,0.0
R01,training,04,203,0,0.0,0.0,0.0,0.0
R01,training,04,204,0,0.0,0.0,0.0,0.0
R01,training,04,205,0,0.0,0.0,0.0,0.0
R01,training,04,206,0,0.0,0.0,0.0,0.0
R01,training,04,207,0,0.0,0.0,0.0,0.0
R01,training,04,208,0,0.0,0.0,0.0,0.0
R01,training,04,209,0,0.0,0.0,0.0,0.0
R01,training,04,210,0,0.0,0.0,0.0,0.0
R01,training,04,211,0,0.0,0.0,0.0,0.0
R01,training,04,212,0,0.0,0.0,0.0,0.0
R01,training,04,213,0,0.0,0.0,0.0,0.0
R01,training,04,214,0,0.0,0.0,0.0,0.0
R01,training,04,215,0,0.0,0.0,0.0,0.0
R01,training,04,216,0,0.0,0.0,0.0,0.0
R01,training,04,217,0,0.0,0.0,0.0,0.0
R01,training,04,218,0,0.0,0.0,0.0,0.0
R01,training,04,219,0,0.0,0.0,0.0,0.0
R01,training,04,220,0,0.0,0.0,0.0,0.0
R01,training,04,221,0,0.0,0.0,0.0,0.0
R01,training,04,222,0,0.0,0.0,0.0,0.0
R01,training,04,223,0,0.0,0.0,0.0,0.0
R01,training,04,224,0,0.0,0.0,0.0,0.0
R01,training,04,225,0,0.0,0.0,0.0,0.0
R01,training,04,226,0,0.0,0.0,0.0,0.0
R01,training,04,227,0,0.0,0.0,0.0,0.0
R01,training,04,228,0,0.0,0.0,0.0,0.0
R01,training,04,229,0,0.0,0.0,0.0,0.0
R01,training,04,230,0,0.0,0.0,0.0,0.0
R01,training,04,231,0,0.0,0.0,0.0,0.0
R01,training,05,0,0,0.0,0.0,0.0,0.0
R01,training,05,1,0,0.0,0.0,0.0,0.0
R01,training,05,2,0,0.0,0.0,0.0,0.0
R01,training,05,3,0,0.0,0.0,0.0,0.0
R01,training,05,4,0,0.0,0.0,0.0,0.0
R01,training,05,5,0,0.0,0.0,0.0,0.0
R01,training,05,6,0,0.0,0.0,0.0,0.0
R01,training,05,7,0,0.0,0.0,0.0,0.0
R01,training,05,8,0,0.0,0.0,0.0,0.0
R01,training,05,9,0,0.0,0.0,0.0,0.0
R01,training,05,10,0,0.0,0.0,0.0,0.0
R01,training,05,11,0,0.0,0.0,0.0,0.0
R01,training,05,12,0,0.0,0.0,0.0,0.0
R01,training,05,13,0,0.0,0.0,0.0,0.0
R01,training,05,14,0,0.0,0.0,0.0,0.0
R01,training,05,15,0,0.0,0.0,0.0,0.0
R01,training,05,16,0,0.0,0.0,0.0,0.0
R01,training,05,17,0,0.0,0.0,0.0,0.0
R01,training,05,18,0,0.0,0.0,0.0,0.0
R01,training,05,19,0,0.0,0.0,0.0,0.0
R01,training,05,20,0,0.0,0.0,0.0,0.0
R01,training,05,21,0,0.0,0.0,0.0,0.0
R01,training,05,22,0,0.0,0.0,0.0,0.0
R01,training,05,23,0,0.0,0.0,0.0,0.0
R01,training,05,24,0,0.0,0.0,0.0,0.0
R01,training,05,25,0,0.0,0.0,0.0,0.0
R01,training,05,26,0,0.0,0.0,0.0,0.0
R01,training,05,27,0,0.0,0.0,0.0,0.0
R01,training,05,28,0,0.0,0.0,0.0,0.0
R01,training,05,29,0,0.0,0.0,0.0,0.0
R01,training,05,30,0,0.0,0.0,0.0,0.0
R01,training,05,31,0,0.0,0.0,0.0,0.0
R01,training,05,32,0,0.0,0.0,0.0,0.0
R01,training,05,33,0,0.0,0.0,0.0,0.0
R01,training,05,34,0,0.0,0.0,0.0,0.0
R01,training,05,35,0,0.0,0.0,0.0,0.0
R01,training,05,36,0,0.0,0.0,0.0,0.0
R01,training,05,37,0,0.0,0.0,0.0,0.0
R01,training,05,38,0,0.0,0.0,0.0,0.0
R01,training,05,39,0,0.0,0.0,0.0,0.0
R01,training,05,40,0,0.0,0.0,0.0,0.0
R01,training,05,41,0,0.0,0.0,0.0,0.0
R01,training,05,42,0,0.0,0.0,0.0,0.0
R01,training,05,43,0,0.0,0.0,0.0,0.0
R01,training,05,44,0,0.0,0.0,0.0,0.0
R01,training,05,45,0,0.0,0.0,0.0,0.0
R01,training,05,46,0,0.0,0.0,0.0,0.0
R01,training,05,47,0,0.0,0.0,0.0,0.0
R01,training,05,48,0,0.0,0.0,0.0,0.0
R01,training,05,49,0,0.0,0.0,0.0,0.0
R01,training,05,50,0,0.0,0.0,0.0,0.0
R01,training,05,51,0,0.0,0.0,0.0,0.0
R01,training,05,52,0,0.0,0.0,0.0,0.0
R01,training,05,53,0,0.0,0.0,0.0,0.0
R01,training,05,54,0,0.0,0.0,0.0,0.0
R01,training,05,55,0,0.0,0.0,0.0,0.0
R01,training,05,56,0,0.0,0.0,0.0,0.0
R01,training,05,57,0,0.0,0.0,0.0,0.0
R01,training,05,58,0,0.0,0.0,0.0,0.0
R01,training,05,59,0,0.0,0.0,0.0,0.0
R01,training,05,60,0,0.0,0.0,0.0,0.0
R01,training,05,61,0,0.0,0.0,0.0,0.0
R01,training,05,62,0,0.0,0.0,0.0,0.0
R01,training,05,63,0,0.0,0.0,0.0,0.0
R01,training,05,64,0,0.0,0.0,0.0,0.0
R01,training,05,65,0,0.0,0.0,0.0,0.0
R01,training,05,66,0,0.0,0.0,0.0,0.0
R01,training,05,67,0,0.0,0.0,0.0,0.0
R01,training,05,68,0,0.0,0.0,0.0,0.0
R01,training,05,69,0,0.0,0.0,0.0,0.0
R01,training,05,70,0,0.0,0.0,0.0,0.0
R01,training,05,71,0,0.0,0.0,0.0,0.0
R01,training,05,72,0,0.0,0.0,0.0,0.0
R01,training,05,73,0,0.0,0.0,0.0,0.0
R01,training,05,74,0,0.0,0.0,0.0,0.0
R01,training,05,75,0,0.0,0.0,0.0,0.0
R01,training,05,76,0,0.0,0.0,0.0,0.0
R01,training,05,77,0,0.0,0.0,0.0,0.0
R01,training,05,78,0,0.0,0.0,0.0,0.0
R01,training,05,79,0,0.0,0.0,0.0,0.0
R01,training,05,80,0,0.0,0.0,0.0,0.0
R01,training,05,81,0,0.0,0.0,0.0,0.0
R01,training,05,82,0,0.0,0.0,0.0,0.0
R01,training,05,83,0,0.0,0.0,0.0,0.0
R01,training,05,84,0,0.0,0.0,0.0,0.0
R01,training,05,85,0,0.0,0.0,0.0,0.0
R01,training,05,86,0,0.0,0.0,0.0,0.0
R01,training,05,87,0,0.0,0.0,0.0,0.0
R01,training,05,88,0,0.0,0.0,0.0,0.0
R01,training,05,89,0,0.0,0.0,0.0,0.0
R01,training,05,90,0,0.0,0.0,0.0,0.0
R01,training,05,91,0,0.0,0.0,0.0,0.0
R01,training,05,92,0,0.0,0.0,0.0,0.0
R01,training,05,93,0,0.0,0.0,0.0,0.0
R01,training,05,94,0,0.0,0.0,0.0,0.0
R01,training,05,95,0,0.0,0.0,0.0,0.0
R01,training,05,96,0,0.0,0.0,0.0,0.0
R01,training,05,97,0,0.0,0.0,0.0,0.0
R01,training,05,98,0,0.0,0.0,0.0,0.0
R01,training,05,99,0,0.0,0.0,0.0,0.0
R01,training,05,100,0,0.0,0.0,0.0,0.0
R01,training,05,101,0,0.0,0.0,0.0,0.0
R01,training,05,102,0,0.0,0.0,0.0,0.0
R01,training,05,103,0,0.0,0.0,0.0,0.0
R01,training,05,104,0,0.0,0.0,0.0,0.0
R01,training,05,105,0,0.0,0.0,0.0,0.0
R01,training,05,106,0,0.0,0.0,0.0,0.0
R01,training,05,107,0,0.0,0.0,0.0,0.0
R01,training,05,108,0,0.0,0.0,0.0,0.0
R01,training,05,109,0,0.0,0.0,0.0,0.0
R01,training,05,110,0,0.0,0.0,0.0,0.0
R01,training,05,111,0,0.0,0.0,0.0,0.0
R01,training,05,112,0,0.0,0.0,0.0,0.0
R01,training,05,113,0,0.0,0.0,0.0,0.0
R01,training,05,114,0,0.0,0.0,0.0,0.0
R01,training,05,115,0,0.0,0.0,0.0,0.0
R01,training,05,116,0,0.0,0.0,0.0,0.0
R01,training,05,117,0,0.0,0.0,0.0,0.0
R01,training,05,118,0,0.0,0.0,0.0,0.0
R01,training,05,119,0,0.0,0.0,0.0,0.0
R01,training,05,120,0,0.0,0.0,0.0,0.0
R01,training,05,121,0,0.0,0.0,0.0,0.0
R01,training,05,122,0,0.0,0.0,0.0,0.0
R01,training,05,123,0,0.0,0.0,0.0,0.0
R01,training,05,124,0,0.0,0.0,0.0,0.0
R01,training,05,125,0,0.0,0.0,0.0,0.0
R01,training,05,126,0,0.0,0.0,0.0,0.0
R01,training,05,127,0,0.0,0.0,0.0,0.0
R01,training,05,128,0,0.0,0.0,0.0,0.0
R01,training,05,129,0,0.0,0.0,0.0,0.0
R01,training,05,130,0,0.0,0.0,0.0,0.0
R01,training,05,131,0,0.0,0.0,0.0,0.0
R01,training,05,132,0,0.0,0.0,0.0,0.0
R01,training,05,133,0,0.0,0.0,0.0,0.0
R01,training,05,134,0,0.0,0.0,0.0,0.0
R01,training,05,135,0,0.0,0.0,0.0,0.0
R01,training,05,136,0,0.0,0.0,0.0,0.0
R01,training,05,137,0,0.0,0.0,0.0,0.0
R01,training,05,138,0,0.0,0.0,0.0,0.0
R01,training,05,139,0,0.0,0.0,0.0,0.0
R01,training,05,140,0,0.0,0.0,0.0,0.0
R01,training,05,141,0,0.0,0.0,0.0,0.0
R01,training,05,142,0,0.0,0.0,0.0,0.0
R01,training,05,143,0,0.0,0.0,0.0,0.0
R01,training,05,144,0,0.0,0.0,0.0,0.0
R01,training,05,145,0,0.0,0.0,0.0,0.0
R01,training,05,146,0,0.0,0.0,0.0,0.0
R01,training,05,147,0,0.0,0.0,0.0,0.0
R01,training,05,148,0,0.0,0.0,0.0,0.0
R01,training,05,149,0,0.0,0.0,0.0,0.0
R01,training,05,150,0,0.0,0.0,0.0,0.0
R01,training,05,151,0,0.0,0.0,0.0,0.0
R01,training,05,152,0,0.0,0.0,0.0,0.0
R01,training,05,153,0,0.0,0.0,0.0,0.0
R01,training,05,154,0,0.0,0.0,0.0,0.0
R01,training,05,155,0,0.0,0.0,0.0,0.0
R01,training,05,156,0,0.0,0.0,0.0,0.0
R01,training,05,157,0,0.0,0.0,0.0,0.0
R01,training,05,158,0,0.0,0.0,0.0,0.0
R01,training,05,159,0,0.0,0.0,0.0,0.0
R01,training,05,160,0,0.0,0.0,0.0,0.0
R01,training,05,161,0,0.0,0.0,0.0,0.0
R01,training,05,162,0,0.0,0.0,0.0,0.0
R01,training,05,163,0,0.0,0.0,0.0,0.0
R01,training,05,164,0,0.0,0.0,0.0,0.0
R01,training,05,165,0,0.0,0.0,0.0,0.0
R01,training,05,166,0,0.0,0.0,0.0,0.0
R01,training,05,167,0,0.0,0.0,0.0,0.0
R01,training,05,168,0,0.0,0.0,0.0,0.0
R01,training,05,169,0,0.0,0.0,0.0,0.0
R01,training,05,170,0,0.0,0.0,0.0,0.0
R01,training,05,171,0,0.0,0.0,0.0,0.0
R01,training,05,172,0,0.0,0.0,0.0,0.0
R01,training,05,173,0,0.0,0.0,0.0,0.0
R01,training,05,174,0,0.0,0.0,0.0,0.0
R01,training,05,175,0,0.0,0.0,0.0,0.0
R01,training,05,176,0,0.0,0.0,0.0,0.0
R01,training,05,177,0,0.0,0.0,0.0,0.0
R01,training,05,178,0,0.0,0.0,0.0,0.0
R01,training,05,179,0,0.0,0.0,0.0,0.0
R01,training,05,180,0,0.0,0.0,0.0,0.0
R01,training,05,181,0,0.0,0.0,0.0,0.0
R01,training,05,182,0,0.0,0.0,0.0,0.0
R01,training,05,183,0,0.0,0.0,0.0,0.0
R01,training,05,184,0,0.0,0.0,0.0,0.0
R01,training,05,185,0,0.0,0.0,0.0,0.0
R01,training,05,186,0,0.0,0.0,0.0,0.0
R01,training,05,187,0,0.0,0.0,0.0,0.0
R01,training,05,188,0,0.0,0.0,0.0,0.0
R01,training,05,189,0,0.0,0.0,0.0,0.0
R01,training,05,190,0,0.0,0.0,0.0,0.0
R01,training,05,191,0,0.0,0.0,0.0,0.0
R01,training,05,192,0,0.0,0.0,0.0,0.0
R01,training,05,193,0,0.0,0.0,0.0,0.0
R01,training,05,194,0,0.0,0.0,0.0,0.0
R01,training,05,195,0,0.0,0.0,0.0,0.0
R01,training,05,196,0,0.0,0.0,0.0,0.0
R01,training,05,197,0,0.0,0.0,0.0,0.0
R01,training,05,198,0,0.0,0.0,0.0,0.0
R01,training,05,199,0,0.0,0.0,0.0,0.0
R01,training,05,200,0,0.0,0.0,0.0,0.0
R01,training,05,201,0,0.0,0.0,0.0,0.0
R01,training,05,202,0,0.0,0.0,0.0,0.0
R01,training,05,203,0,0.0,0.0,0.0,0.0
R01,training,05,204,0,0.0,0.0,0.0,0.0
R01,training,05,205,0,0.0,0.0,0.0,0.0
R01,training,05,206,0,0.0,0.0,0.0,0.0
R01,training,05,207,0,0.0,0.0,0.0,0.0
R01,training,05,208,0,0.0,0.0,0.0,0.0
R01,training,05,209,0,0.0,0.0,0.0,0.0
R01,training,05,210,0,0.0,0.0,0.0,0.0
R01,training,05,211,0,0.0,0.0,0.0,0.0
R01,training,05,212,0,0.0,0.0,0.0,0.0
R01,training,05,213,0,0.0,0.0,0.0,0.0
R01,training,05,214,0,0.0,0.0,0.0,0.0
R01,training,05,215,0,0.0,0.0,0.0,0.0
R01,training,05,216,0,0.0,0.0,0.0,0.0
R01,training,05,217,0,0.0,0.0,0.0,0.0
R01,training,05,218,0,0.0,0.0,0.0,0.0
R01,training,05,219,0,0.0,0.0,0.0,0.0
R01,training,05,220,0,0.0,0.0,0.0,0.0
R01,training,05,221,0,0.0,0.0,0.0,0.0
R01,training,05,222,0,0.0,0.0,0.0,0.0
R01,training,05,223,0,0.0,0.0,0.0,0.0
R01,training,05,224,0,0.0,0.0,0.0,0.0
R01,training,05,225,0,0.0,0.0,0.0,0.0
R01,training,05,226,0,0.0,0.0,0.0,0.0
R01,training,05,227,0,0.0,0.0,0.0,0.0
R01,training,05,228,0,0.0,0.0,0.0,0.0
R01,training,05,229,0,0.0,0.0,0.0,0.0
R01,training,05,230,0,0.0,0.0,0.0,0.0
R01,training,05,231,0,0.0,0.0,0.0,0.0
R01,training,05,232,0,0.0,0.0,0.0,0.0
R01,training,22,0,0,0.0,0.0,0.0,0.0
R01,training,22,1,0,0.0,0.0,0.0,0.0
R01,training,22,2,0,0.0,0.0,0.0,0.0
R01,training,22,3,0,0.0,0.0,0.0,0.0
R01,training,22,4,0,0.0,0.0,0.0,0.0
R01,training,22,5,0,0.0,0.0,0.0,0.0
R01,training,22,6,0,0.0,0.0,0.0,0.0
R01,training,22,7,0,0.0,0.0,0.0,0.0
R01,training,22,8,0,0.0,0.0,0.0,0.0
R01,training,22,9,0,0.0,0.0,0.0,0.0
R01,training,22,10,0,0.0,0.0,0.0,0.0
R01,training,22,11,0,0.0,0.0,0.0,0.0
R01,training,22,12,0,0.0,0.0,0.0,0.0
R01,training,22,13,0,0.0,0.0,0.0,0.0
R01,training,22,14,0,0.0,0.0,0.0,0.0
R01,training,22,15,0,0.0,0.0,0.0,0.0
R01,training,22,16,0,0.0,0.0,0.0,0.0
R01,training,22,17,0,0.0,0.0,0.0,0.0
R01,training,22,18,0,0.0,0.0,0.0,0.0
R01,training,22,19,0,0.0,0.0,0.0,0.0
R01,training,22,20,0,0.0,0.0,0.0,0.0
R01,training,22,21,0,0.0,0.0,0.0,0.0
R01,training,22,22,0,0.0,0.0,0.0,0.0
R01,training,22,23,0,0.0,0.0,0.0,0.0
R01,training,22,24,0,0.0,0.0,0.0,0.0
R01,training,22,25,0,0.0,0.0,0.0,0.0
R01,training,22,26,0,0.0,0.0,0.0,0.0
R01,training,22,27,0,0.0,0.0,0.0,0.0
R01,training,22,28,0,0.0,0.0,0.0,0.0
R01,training,22,29,0,0.0,0.0,0.0,0.0
R01,training,22,30,0,0.0,0.0,0.0,0.0
R01,training,22,31,0,0.0,0.0,0.0,0.0
R01,training,22,32,0,0.0,0.0,0.0,0.0
R01,training,22,33,0,0.0,0.0,0.0,0.0
R01,training,22,34,0,0.0,0.0,0.0,0.0
R01,training,22,35,0,0.0,0.0,0.0,0.0
R01,training,22,36,0,0.0,0.0,0.0,0.0
R01,training,22,37,0,0.0,0.0,0.0,0.0
R01,training,22,38,0,0.0,0.0,0.0,0.0
R01,training,22,39,0,0.0,0.0,0.0,0.0
R01,training,22,40,0,0.0,0.0,0.0,0.0
R01,training,22,41,0,0.0,0.0,0.0,0.0
R01,training,22,42,0,0.0,0.0,0.0,0.0
R01,training,22,43,0,0.0,0.0,0.0,0.0
R01,training,22,44,0,0.0,0.0,0.0,0.0
R01,training,22,45,0,0.0,0.0,0.0,0.0
R01,training,22,46,0,0.0,0.0,0.0,0.0
R01,training,22,47,0,0.0,0.0,0.0,0.0
R01,training,22,48,0,0.0,0.0,0.0,0.0
R01,training,22,49,0,0.0,0.0,0.0,0.0
R01,training,22,50,0,0.0,0.0,0.0,0.0
R01,training,22,51,0,0.0,0.0,0.0,0.0
R01,training,22,52,0,0.0,0.0,0.0,0.0
R01,training,22,53,0,0.0,0.0,0.0,0.0
R01,training,22,54,0,0.0,0.0,0.0,0.0
R01,training,22,55,0,0.0,0.0,0.0,0.0
R01,training,22,56,0,0.0,0.0,0.0,0.0
R01,training,22,57,0,0.0,0.0,0.0,0.0
R01,training,22,58,0,0.0,0.0,0.0,0.0
R01,training,22,59,0,0.0,0.0,0.0,0.0
R01,training,22,60,0,0.0,0.0,0.0,0.0
R01,training,22,61,0,0.0,0.0,0.0,0.0
R01,training,22,62,0,0.0,0.0,0.0,0.0
R01,training,22,63,0,0.0,0.0,0.0,0.0
R01,training,22,64,0,0.0,0.0,0.0,0.0
R01,training,22,65,0,0.0,0.0,0.0,0.0
R01,training,22,66,0,0.0,0.0,0.0,0.0
R01,training,22,67,0,0.0,0.0,0.0,0.0
R01,training,22,68,0,0.0,0.0,0.0,0.0
R01,training,22,69,0,0.0,0.0,0.0,0.0
R01,training,22,70,0,0.0,0.0,0.0,0.0
R01,training,22,71,0,0.0,0.0,0.0,0.0
R01,training,22,72,0,0.0,0.0,0.0,0.0
R01,training,22,73,0,0.0,0.0,0.0,0.0
R01,training,22,74,0,0.0,0.0,0.0,0.0
R01,training,22,75,0,0.0,0.0,0.0,0.0
R01,training,22,76,0,0.0,0.0,0.0,0.0
R01,training,22,77,0,0.0,0.0,0.0,0.0
R01,training,22,78,0,0.0,0.0,0.0,0.0
R01,training,22,79,0,0.0,0.0,0.0,0.0
R01,training,22,80,0,0.0,0.0,0.0,0.0
R01,training,22,81,0,0.0,0.0,0.0,0.0
R01,training,22,82,0,0.0,0.0,0.0,0.0
R01,training,22,83,0,0.0,0.0,0.0,0.0
R01,training,22,84,0,0.0,0.0,0.0,0.0
R01,training,22,85,0,0.0,0.0,0.0,0.0
R01,training,22,86,0,0.0,0.0,0.0,0.0
R01,training,22,87,0,0.0,0.0,0.0,0.0
R01,training,22,88,0,0.0,0.0,0.0,0.0
R01,training,22,89,0,0.0,0.0,0.0,0.0
R01,training,22,90,0,0.0,0.0,0.0,0.0
R01,training,22,91,0,0.0,0.0,0.0,0.0
R01,training,22,92,0,0.0,0.0,0.0,0.0
R01,training,22,93,0,0.0,0.0,0.0,0.0
R01,training,22,94,0,0.0,0.0,0.0,0.0
R01,training,22,95,0,0.0,0.0,0.0,0.0
R01,training,22,96,0,0.0,0.0,0.0,0.0
R01,training,22,97,0,0.0,0.0,0.0,0.0
R01,training,22,98,0,0.0,0.0,0.0,0.0
R01,training,22,99,0,0.0,0.0,0.0,0.0
R01,training,22,100,0,0.0,0.0,0.0,0.0
R01,training,22,101,0,0.0,0.0,0.0,0.0
R01,training,22,102,0,0.0,0.0,0.0,0.0
R01,training,22,103,0,0.0,0.0,0.0,0.0
R01,training,22,104,0,0.0,0.0,0.0,0.0
R01,training,22,105,0,0.0,0.0,0.0,0.0
R01,training,22,106,0,0.0,0.0,0.0,0.0
R01,training,22,107,0,0.0,0.0,0.0,0.0
R01,training,22,108,0,0.0,0.0,0.0,0.0
R01,training,22,109,0,0.0,0.0,0.0,0.0
R01,training,22,110,0,0.0,0.0,0.0,0.0
R01,training,22,111,0,0.0,0.0,0.0,0.0
R01,training,22,112,0,0.0,0.0,0.0,0.0
R01,training,22,113,0,0.0,0.0,0.0,0.0
R01,training,22,114,0,0.0,0.0,0.0,0.0
R01,training,22,115,0,0.0,0.0,0.0,0.0
R01,training,22,116,0,0.0,0.0,0.0,0.0
R01,training,22,117,0,0.0,0.0,0.0,0.0
R01,training,22,118,0,0.0,0.0,0.0,0.0
R01,training,22,119,0,0.0,0.0,0.0,0.0
R01,training,22,120,0,0.0,0.0,0.0,0.0
R01,training,22,121,0,0.0,0.0,0.0,0.0
R01,training,22,122,0,0.0,0.0,0.0,0.0
R01,training,22,123,0,0.0,0.0,0.0,0.0
R01,training,22,124,0,0.0,0.0,0.0,0.0
R01,training,22,125,0,0.0,0.0,0.0,0.0
R01,training,22,126,0,0.0,0.0,0.0,0.0
R01,training,22,127,0,0.0,0.0,0.0,0.0
R01,training,22,128,0,0.0,0.0,0.0,0.0
R01,training,22,129,0,0.0,0.0,0.0,0.0
R01,training,22,130,0,0.0,0.0,0.0,0.0
R01,training,22,131,0,0.0,0.0,0.0,0.0
R01,training,22,132,0,0.0,0.0,0.0,0.0
R01,training,22,133,0,0.0,0.0,0.0,0.0
R01,training,22,134,0,0.0,0.0,0.0,0.0
R01,training,22,135,0,0.0,0.0,0.0,0.0
R01,training,22,136,0,0.0,0.0,0.0,0.0
R01,training,22,137,0,0.0,0.0,0.0,0.0
R01,training,22,138,0,0.0,0.0,0.0,0.0
R01,training,22,139,0,0.0,0.0,0.0,0.0
R01,training,22,140,0,0.0,0.0,0.0,0.0
R01,training,22,141,0,0.0,0.0,0.0,0.0
R01,training,22,142,0,0.0,0.0,0.0,0.0
R01,training,22,143,0,0.0,0.0,0.0,0.0
R01,training,22,144,0,0.0,0.0,0.0,0.0
R01,training,22,145,0,0.0,0.0,0.0,0.0
R01,training,22,146,0,0.0,0.0,0.0,0.0
R01,training,22,147,0,0.0,0.0,0.0,0.0
R01,training,22,148,0,0.0,0.0,0.0,0.0
R01,training,22,149,0,0.0,0.0,0.0,0.0
R01,training,22,150,0,0.0,0.0,0.0,0.0
R01,training,22,151,0,0.0,0.0,0.0,0.0
R01,training,22,152,0,0.0,0.0,0.0,0.0
R01,training,22,153,0,0.0,0.0,0.0,0.0
R01,training,22,154,0,0.0,0.0,0.0,0.0
R01,training,22,155,0,0.0,0.0,0.0,0.0
R01,training,22,156,0,0.0,0.0,0.0,0.0
R01,training,22,157,0,0.0,0.0,0.0,0.0
R01,training,22,158,0,0.0,0.0,0.0,0.0
R01,training,22,159,0,0.0,0.0,0.0,0.0
R01,training,22,160,0,0.0,0.0,0.0,0.0
R01,training,22,161,0,0.0,0.0,0.0,0.0
R01,training,22,162,0,0.0,0.0,0.0,0.0
R01,training,22,163,0,0.0,0.0,0.0,0.0
R01,training,22,164,0,0.0,0.0,0.0,0.0
R01,training,22,165,0,0.0,0.0,0.0,0.0
R01,training,22,166,0,0.0,0.0,0.0,0.0
R01,training,22,167,0,0.0,0.0,0.0,0.0
R01,training,22,168,0,0.0,0.0,0.0,0.0
R01,training,22,169,0,0.0,0.0,0.0,0.0
R01,training,22,170,0,0.0,0.0,0.0,0.0
R01,training,22,171,0,0.0,0.0,0.0,0.0
R01,training,22,172,0,0.0,0.0,0.0,0.0
R01,training,22,173,0,0.0,0.0,0.0,0.0
R01,training,22,174,0,0.0,0.0,0.0,0.0
R01,training,22,175,0,0.0,0.0,0.0,0.0
R01,training,22,176,0,0.0,0.0,0.0,0.0
R01,training,22,177,0,0.0,0.0,0.0,0.0
R01,training,22,178,0,0.0,0.0,0.0,0.0
R01,training,22,179,0,0.0,0.0,0.0,0.0
R01,training,22,180,0,0.0,0.0,0.0,0.0
R01,training,22,181,0,0.0,0.0,0.0,0.0
R01,training,22,182,0,0.0,0.0,0.0,0.0
R01,training,22,183,0,0.0,0.0,0.0,0.0
R01,training,22,184,0,0.0,0.0,0.0,0.0
R01,training,22,185,0,0.0,0.0,0.0,0.0
R01,training,22,186,0,0.0,0.0,0.0,0.0
R01,training,22,187,0,0.0,0.0,0.0,0.0
R01,training,22,188,0,0.0,0.0,0.0,0.0
R01,training,22,189,0,0.0,0.0,0.0,0.0
R01,training,22,190,0,0.0,0.0,0.0,0.0
R01,training,22,191,0,0.0,0.0,0.0,0.0
R01,training,22,192,0,0.0,0.0,0.0,0.0
R01,training,22,193,0,0.0,0.0,0.0,0.0
R01,training,22,194,0,0.0,0.0,0.0,0.0
R01,training,22,195,0,0.0,0.0,0.0,0.0
R01,training,22,196,0,0.0,0.0,0.0,0.0
R01,training,22,197,0,0.0,0.0,0.0,0.0
R01,training,22,198,0,0.0,0.0,0.0,0.0
R01,training,22,199,0,0.0,0.0,0.0,0.0
R01,training,22,200,0,0.0,0.0,0.0,0.0
R01,training,22,201,0,0.0,0.0,0.0,0.0
R01,training,22,202,0,0.0,0.0,0.0,0.0
R01,training,22,203,0,0.0,0.0,0.0,0.0
R01,training,22,204,0,0.0,0.0,0.0,0.0
R01,training,22,205,0,0.0,0.0,0.0,0.0
R01,training,22,206,0,0.0,0.0,0.0,0.0
R01,training,22,207,0,0.0,0.0,0.0,0.0
R01,training,22,208,0,0.0,0.0,0.0,0.0
R01,training,22,209,0,0.0,0.0,0.0,0.0
R01,training,22,210,0,0.0,0.0,0.0,0.0
R01,training,22,211,0,0.0,0.0,0.0,0.0
R01,training,22,212,0,0.0,0.0,0.0,0.0
R01,training,22,213,0,0.0,0.0,0.0,0.0
R01,training,22,214,0,0.0,0.0,0.0,0.0
R01,training,22,215,0,0.0,0.0,0.0,0.0
R01,training,22,216,0,0.0,0.0,0.0,0.0
R01,training,22,217,0,0.0,0.0,0.0,0.0
R01,training,22,218,0,0.0,0.0,0.0,0.0
R01,training,22,219,0,0.0,0.0,0.0,0.0
R01,training,22,220,0,0.0,0.0,0.0,0.0
R01,training,22,221,0,0.0,0.0,0.0,0.0
R01,training,22,222,0,0.0,0.0,0.0,0.0
R01,training,22,223,0,0.0,0.0,0.0,0.0
R01,training,22,224,0,0.0,0.0,0.0,0.0
R01,training,22,225,0,0.0,0.0,0.0,0.0
R01,training,22,226,0,0.0,0.0,0.0,0.0
R01,training,22,227,0,0.0,0.0,0.0,0.0
R01,training,22,228,0,0.0,0.0,0.0,0.0
R01,training,22,229,0,0.0,0.0,0.0,0.0
R01,training,22,230,0,0.0,0.0,0.0,0.0
R01,training,22,231,0,0.0,0.0,0.0,0.0
R01,training,22,232,0,0.0,0.0,0.0,0.0
R01,training,22,233,0,0.0,0.0,0.0,0.0
R01,training,25,0,0,0.0,0.0,0.0,0.0
R01,training,25,1,0,0.0,0.0,0.0,0.0
R01,training,25,2,0,0.0,0.0,0.0,0.0
R01,training,25,3,0,0.0,0.0,0.0,0.0
R01,training,25,4,0,0.0,0.0,0.0,0.0
R01,training,25,5,0,0.0,0.0,0.0,0.0
R01,training,25,6,0,0.0,0.0,0.0,0.0
R01,training,25,7,0,0.0,0.0,0.0,0.0
R01,training,25,8,0,0.0,0.0,0.0,0.0
R01,training,25,9,0,0.0,0.0,0.0,0.0
R01,training,25,10,0,0.0,0.0,0.0,0.0
R01,training,25,11,0,0.0,0.0,0.0,0.0
R01,training,25,12,0,0.0,0.0,0.0,0.0
R01,training,25,13,0,0.0,0.0,0.0,0.0
R01,training,25,14,0,0.0,0.0,0.0,0.0
R01,training,25,15,0,0.0,0.0,0.0,0.0
R01,training,25,16,0,0.0,0.0,0.0,0.0
R01,training,25,17,0,0.0,0.0,0.0,0.0
R01,training,25,18,0,0.0,0.0,0.0,0.0
R01,training,25,19,0,0.0,0.0,0.0,0.0
R01,training,25,20,0,0.0,0.0,0.0,0.0
R01,training,25,21,0,0.0,0.0,0.0,0.0
R01,training,25,22,0,0.0,0.0,0.0,0.0
R01,training,25,23,0,0.0,0.0,0.0,0.0
R01,training,25,24,0,0.0,0.0,0.0,0.0
R01,training,25,25,0,0.0,0.0,0.0,0.0
R01,training,25,26,0,0.0,0.0,0.0,0.0
R01,training,25,27,0,0.0,0.0,0.0,0.0
R01,training,25,28,0,0.0,0.0,0.0,0.0
R01,training,25,29,0,0.0,0.0,0.0,0.0
R01,training,25,30,0,0.0,0.0,0.0,0.0
R01,training,25,31,0,0.0,0.0,0.0,0.0
R01,training,25,32,0,0.0,0.0,0.0,0.0
R01,training,25,33,0,0.0,0.0,0.0,0.0
R01,training,25,34,0,0.0,0.0,0.0,0.0
R01,training,25,35,0,0.0,0.0,0.0,0.0
R01,training,25,36,0,0.0,0.0,0.0,0.0
R01,training,25,37,0,0.0,0.0,0.0,0.0
R01,training,25,38,0,0.0,0.0,0.0,0.0
R01,training,25,39,0,0.0,0.0,0.0,0.0
R01,training,25,40,0,0.0,0.0,0.0,0.0
R01,training,25,41,0,0.0,0.0,0.0,0.0
R01,training,25,42,0,0.0,0.0,0.0,0.0
R01,training,25,43,0,0.0,0.0,0.0,0.0
R01,training,25,44,0,0.0,0.0,0.0,0.0
R01,training,25,45,0,0.0,0.0,0.0,0.0
R01,training,25,46,0,0.0,0.0,0.0,0.0
R01,training,25,47,0,0.0,0.0,0.0,0.0
R01,training,25,48,0,0.0,0.0,0.0,0.0
R01,training,25,49,0,0.0,0.0,0.0,0.0
R01,training,25,50,0,0.0,0.0,0.0,0.0
R01,training,25,51,0,0.0,0.0,0.0,0.0
R01,training,25,52,0,0.0,0.0,0.0,0.0
R01,training,25,53,0,0.0,0.0,0.0,0.0
R01,training,25,54,0,0.0,0.0,0.0,0.0
R01,training,25,55,0,0.0,0.0,0.0,0.0
R01,training,25,56,0,0.0,0.0,0.0,0.0
R01,training,25,57,0,0.0,0.0,0.0,0.0
R01,training,25,58,0,0.0,0.0,0.0,0.0
R01,training,25,59,0,0.0,0.0,0.0,0.0
R01,training,25,60,0,0.0,0.0,0.0,0.0
R01,training,25,61,0,0.0,0.0,0.0,0.0
R01,training,25,62,0,0.0,0.0,0.0,0.0
R01,training,25,63,0,0.0,0.0,0.0,0.0
R01,training,25,64,0,0.0,0.0,0.0,0.0
R01,training,25,65,0,0.0,0.0,0.0,0.0
R01,training,25,66,0,0.0,0.0,0.0,0.0
R01,training,25,67,0,0.0,0.0,0.0,0.0
R01,training,25,68,0,0.0,0.0,0.0,0.0
R01,training,25,69,0,0.0,0.0,0.0,0.0
R01,training,25,70,0,0.0,0.0,0.0,0.0
R01,training,25,71,0,0.0,0.0,0.0,0.0
R01,training,25,72,0,0.0,0.0,0.0,0.0
R01,training,25,73,0,0.0,0.0,0.0,0.0
R01,training,25,74,0,0.0,0.0,0.0,0.0
R01,training,25,75,0,0.0,0.0,0.0,0.0
R01,training,25,76,0,0.0,0.0,0.0,0.0
R01,training,25,77,0,0.0,0.0,0.0,0.0
R01,training,25,78,0,0.0,0.0,0.0,0.0
R01,training,25,79,0,0.0,0.0,0.0,0.0
R01,training,25,80,0,0.0,0.0,0.0,0.0
R01,training,25,81,0,0.0,0.0,0.0,0.0
R01,training,25,82,0,0.0,0.0,0.0,0.0
R01,training,25,83,0,0.0,0.0,0.0,0.0
R01,training,25,84,0,0.0,0.0,0.0,0.0
R01,training,25,85,0,0.0,0.0,0.0,0.0
R01,training,25,86,0,0.0,0.0,0.0,0.0
R01,training,25,87,0,0.0,0.0,0.0,0.0
R01,training,25,88,0,0.0,0.0,0.0,0.0
R01,training,25,89,0,0.0,0.0,0.0,0.0
R01,training,25,90,0,0.0,0.0,0.0,0.0
R01,training,25,91,0,0.0,0.0,0.0,0.0
R01,training,25,92,0,0.0,0.0,0.0,0.0
R01,training,25,93,0,0.0,0.0,0.0,0.0
R01,training,25,94,0,0.0,0.0,0.0,0.0
R01,training,25,95,0,0.0,0.0,0.0,0.0
R01,training,25,96,0,0.0,0.0,0.0,0.0
R01,training,25,97,0,0.0,0.0,0.0,0.0
R01,training,25,98,0,0.0,0.0,0.0,0.0
R01,training,25,99,0,0.0,0.0,0.0,0.0
R01,training,25,100,0,0.0,0.0,0.0,0.0
R01,training,25,101,0,0.0,0.0,0.0,0.0
R01,training,25,102,0,0.0,0.0,0.0,0.0
R01,training,25,103,0,0.0,0.0,0.0,0.0
R01,training,25,104,0,0.0,0.0,0.0,0.0
R01,training,25,105,0,0.0,0.0,0.0,0.0
R01,training,25,106,0,0.0,0.0,0.0,0.0
R01,training,25,107,0,0.0,0.0,0.0,0.0
R01,training,25,108,0,0.0,0.0,0.0,0.0
R01,training,25,109,0,0.0,0.0,0.0,0.0
R01,training,25,110,0,0.0,0.0,0.0,0.0
R01,training,25,111,0,0.0,0.0,0.0,0.0
R01,training,25,112,0,0.0,0.0,0.0,0.0
R01,training,25,113,0,0.0,0.0,0.0,0.0
R01,training,25,114,0,0.0,0.0,0.0,0.0
R01,training,25,115,0,0.0,0.0,0.0,0.0
R01,training,25,116,0,0.0,0.0,0.0,0.0
R01,training,25,117,0,0.0,0.0,0.0,0.0
R01,training,25,118,0,0.0,0.0,0.0,0.0
R01,training,25,119,0,0.0,0.0,0.0,0.0
R01,training,25,120,0,0.0,0.0,0.0,0.0
R01,training,25,121,0,0.0,0.0,0.0,0.0
R01,training,25,122,0,0.0,0.0,0.0,0.0
R01,training,25,123,0,0.0,0.0,0.0,0.0
R01,training,25,124,0,0.0,0.0,0.0,0.0
R01,training,25,125,0,0.0,0.0,0.0,0.0
R01,training,25,126,0,0.0,0.0,0.0,0.0
R01,training,25,127,0,0.0,0.0,0.0,0.0
R01,training,25,128,0,0.0,0.0,0.0,0.0
R01,training,25,129,0,0.0,0.0,0.0,0.0
R01,training,25,130,0,0.0,0.0,0.0,0.0
R01,training,25,131,0,0.0,0.0,0.0,0.0
R01,training,25,132,0,0.0,0.0,0.0,0.0
R01,training,25,133,0,0.0,0.0,0.0,0.0
R01,training,25,134,0,0.0,0.0,0.0,0.0
R01,training,25,135,0,0.0,0.0,0.0,0.0
R01,training,25,136,0,0.0,0.0,0.0,0.0
R01,training,25,137,0,0.0,0.0,0.0,0.0
R01,training,25,138,0,0.0,0.0,0.0,0.0
R01,training,25,139,0,0.0,0.0,0.0,0.0
R01,training,25,140,0,0.0,0.0,0.0,0.0
R01,training,25,141,0,0.0,0.0,0.0,0.0
R01,training,25,142,0,0.0,0.0,0.0,0.0
R01,training,25,143,0,0.0,0.0,0.0,0.0
R01,training,25,144,0,0.0,0.0,0.0,0.0
R01,training,25,145,0,0.0,0.0,0.0,0.0
R01,training,25,146,0,0.0,0.0,0.0,0.0
R01,training,25,147,0,0.0,0.0,0.0,0.0
R01,training,25,148,0,0.0,0.0,0.0,0.0
R01,training,25,149,0,0.0,0.0,0.0,0.0
R01,training,25,150,0,0.0,0.0,0.0,0.0
R01,training,25,151,0,0.0,0.0,0.0,0.0
R01,training,25,152,0,0.0,0.0,0.0,0.0
R01,training,25,153,0,0.0,0.0,0.0,0.0
R01,training,25,154,0,0.0,0.0,0.0,0.0
R01,training,25,155,0,0.0,0.0,0.0,0.0
R01,training,25,156,0,0.0,0.0,0.0,0.0
R01,training,25,157,0,0.0,0.0,0.0,0.0
R01,training,25,158,0,0.0,0.0,0.0,0.0
R01,training,25,159,0,0.0,0.0,0.0,0.0
R01,training,25,160,0,0.0,0.0,0.0,0.0
R01,training,25,161,0,0.0,0.0,0.0,0.0
R01,training,25,162,0,0.0,0.0,0.0,0.0
R01,training,25,163,0,0.0,0.0,0.0,0.0
R01,training,25,164,0,0.0,0.0,0.0,0.0
R01,training,25,165,0,0.0,0.0,0.0,0.0
R01,training,25,166,0,0.0,0.0,0.0,0.0
R01,training,25,167,0,0.0,0.0,0.0,0.0
R01,training,25,168,0,0.0,0.0,0.0,0.0
R01,training,25,169,0,0.0,0.0,0.0,0.0
R01,training,25,170,0,0.0,0.0,0.0,0.0
R01,training,25,171,0,0.0,0.0,0.0,0.0
R01,training,25,172,0,0.0,0.0,0.0,0.0
R01,training,25,173,0,0.0,0.0,0.0,0.0
R01,training,25,174,0,0.0,0.0,0.0,0.0
R01,training,25,175,0,0.0,0.0,0.0,0.0
R01,training,25,176,0,0.0,0.0,0.0,0.0
R01,training,25,177,0,0.0,0.0,0.0,0.0
R01,training,25,178,0,0.0,0.0,0.0,0.0
R01,training,25,179,0,0.0,0.0,0.0,0.0
R01,training,25,180,0,0.0,0.0,0.0,0.0
R01,training,25,181,0,0.0,0.0,0.0,0.0
R01,training,25,182,0,0.0,0.0,0.0,0.0
R01,training,25,183,0,0.0,0.0,0.0,0.0
R01,training,25,184,0,0.0,0.0,0.0,0.0
R01,training,25,185,0,0.0,0.0,0.0,0.0
R01,training,25,186,0,0.0,0.0,0.0,0.0
R01,training,25,187,0,0.0,0.0,0.0,0.0
R01,training,25,188,0,0.0,0.0,0.0,0.0
R01,training,25,189,0,0.0,0.0,0.0,0.0
R01,training,25,190,0,0.0,0.0,0.0,0.0
R01,training,25,191,0,0.0,0.0,0.0,0.0
R01,training,25,192,0,0.0,0.0,0.0,0.0
R01,training,25,193,0,0.0,0.0,0.0,0.0
R01,training,25,194,0,0.0,0.0,0.0,0.0
R01,training,25,195,0,0.0,0.0,0.0,0.0
R01,training,25,196,0,0.0,0.0,0.0,0.0
R01,training,25,197,0,0.0,0.0,0.0,0.0
R01,training,25,198,0,0.0,0.0,0.0,0.0
R01,training,25,199,0,0.0,0.0,0.0,0.0
R01,training,25,200,0,0.0,0.0,0.0,0.0
R01,training,25,201,0,0.0,0.0,0.0,0.0
R01,training,25,202,0,0.0,0.0,0.0,0.0
R01,training,25,203,0,0.0,0.0,0.0,0.0
R01,training,25,204,0,0.0,0.0,0.0,0.0
R01,training,25,205,0,0.0,0.0,0.0,0.0
R01,training,25,206,0,0.0,0.0,0.0,0.0
R01,training,25,207,0,0.0,0.0,0.0,0.0
R01,training,25,208,0,0.0,0.0,0.0,0.0
R01,training,25,209,0,0.0,0.0,0.0,0.0
R01,training,25,210,0,0.0,0.0,0.0,0.0
R01,training,25,211,0,0.0,0.0,0.0,0.0
R01,training,25,212,0,0.0,0.0,0.0,0.0
R01,training,25,213,0,0.0,0.0,0.0,0.0
R01,training,25,214,0,0.0,0.0,0.0,0.0
R01,training,25,215,0,0.0,0.0,0.0,0.0
R01,training,25,216,0,0.0,0.0,0.0,0.0
R01,training,25,217,0,0.0,0.0,0.0,0.0
R01,training,25,218,0,0.0,0.0,0.0,0.0
R01,training,25,219,0,0.0,0.0,0.0,0.0
R01,training,25,220,0,0.0,0.0,0.0,0.0
R01,training,25,221,0,0.0,0.0,0.0,0.0
R01,training,25,222,0,0.0,0.0,0.0,0.0
R01,training,25,223,0,0.0,0.0,0.0,0.0
R01,training,25,224,0,0.0,0.0,0.0,0.0
R01,training,27,0,0,0.0,0.0,0.0,0.0
R01,training,27,1,0,0.0,0.0,0.0,0.0
R01,training,27,2,0,0.0,0.0,0.0,0.0
R01,training,27,3,0,0.0,0.0,0.0,0.0
R01,training,27,4,0,0.0,0.0,0.0,0.0
R01,training,27,5,0,0.0,0.0,0.0,0.0
R01,training,27,6,0,0.0,0.0,0.0,0.0
R01,training,27,7,0,0.0,0.0,0.0,0.0
R01,training,27,8,0,0.0,0.0,0.0,0.0
R01,training,27,9,0,0.0,0.0,0.0,0.0
R01,training,27,10,0,0.0,0.0,0.0,0.0
R01,training,27,11,0,0.0,0.0,0.0,0.0
R01,training,27,12,0,0.0,0.0,0.0,0.0
R01,training,27,13,0,0.0,0.0,0.0,0.0
R01,training,27,14,0,0.0,0.0,0.0,0.0
R01,training,27,15,0,0.0,0.0,0.0,0.0
R01,training,27,16,0,0.0,0.0,0.0,0.0
R01,training,27,17,0,0.0,0.0,0.0,0.0
R01,training,27,18,0,0.0,0.0,0.0,0.0
R01,training,27,19,0,0.0,0.0,0.0,0.0
R01,training,27,20,0,0.0,0.0,0.0,0.0
R01,training,27,21,0,0.0,0.0,0.0,0.0
R01,training,27,22,0,0.0,0.0,0.0,0.0
R01,training,27,23,0,0.0,0.0,0.0,0.0
R01,training,27,24,0,0.0,0.0,0.0,0.0
R01,training,27,25,0,0.0,0.0,0.0,0.0
R01,training,27,26,0,0.0,0.0,0.0,0.0
R01,training,27,27,0,0.0,0.0,0.0,0.0
R01,training,27,28,0,0.0,0.0,0.0,0.0
R01,training,27,29,0,0.0,0.0,0.0,0.0
R01,training,27,30,0,0.0,0.0,0.0,0.0
R01,training,27,31,0,0.0,0.0,0.0,0.0
R01,training,27,32,0,0.0,0.0,0.0,0.0
R01,training,27,33,0,0.0,0.0,0.0,0.0
R01,training,27,34,0,0.0,0.0,0.0,0.0
R01,training,27,35,0,0.0,0.0,0.0,0.0
R01,training,27,36,0,0.0,0.0,0.0,0.0
R01,training,27,37,0,0.0,0.0,0.0,0.0
R01,training,27,38,0,0.0,0.0,0.0,0.0
R01,training,27,39,0,0.0,0.0,0.0,0.0
R01,training,27,40,0,0.0,0.0,0.0,0.0
R01,training,27,41,0,0.0,0.0,0.0,0.0
R01,training,27,42,0,0.0,0.0,0.0,0.0
R01,training,27,43,0,0.0,0.0,0.0,0.0
R01,training,27,44,0,0.0,0.0,0.0,0.0
R01,training,27,45,0,0.0,0.0,0.0,0.0
R01,training,27,46,0,0.0,0.0,0.0,0.0
R01,training,27,47,0,0.0,0.0,0.0,0.0
R01,training,27,48,0,0.0,0.0,0.0,0.0
R01,training,27,49,0,0.0,0.0,0.0,0.0
R01,training,27,50,0,0.0,0.0,0.0,0.0
R01,training,27,51,0,0.0,0.0,0.0,0.0
R01,training,27,52,0,0.0,0.0,0.0,0.0
R01,training,27,53,0,0.0,0.0,0.0,0.0
R01,training,27,54,0,0.0,0.0,0.0,0.0
R01,training,27,55,0,0.0,0.0,0.0,0.0
R01,training,27,56,0,0.0,0.0,0.0,0.0
R01,training,27,57,0,0.0,0.0,0.0,0.0
R01,training,27,58,0,0.0,0.0,0.0,0.0
R01,training,27,59,0,0.0,0.0,0.0,0.0
R01,training,27,60,0,0.0,0.0,0.0,0.0
R01,training,27,61,0,0.0,0.0,0.0,0.0
R01,training,27,62,0,0.0,0.0,0.0,0.0
R01,training,27,63,0,0.0,0.0,0.0,0.0
R01,training,27,64,0,0.0,0.0,0.0,0.0
R01,training,27,65,0,0.0,0.0,0.0,0.0
R01,training,27,66,0,0.0,0.0,0.0,0.0
R01,training,27,67,0,0.0,0.0,0.0,0.0
R01,training,27,68,0,0.0,0.0,0.0,0.0
R01,training,27,69,0,0.0,0.0,0.0,0.0
R01,training,27,70,0,0.0,0.0,0.0,0.0
R01,training,27,71,0,0.0,0.0,0.0,0.0
R01,training,27,72,0,0.0,0.0,0.0,0.0
R01,training,27,73,0,0.0,0.0,0.0,0.0
R01,training,27,74,0,0.0,0.0,0.0,0.0
R01,training,27,75,0,0.0,0.0,0.0,0.0
R01,training,27,76,0,0.0,0.0,0.0,0.0
R01,training,27,77,0,0.0,0.0,0.0,0.0
R01,training,27,78,0,0.0,0.0,0.0,0.0
R01,training,27,79,0,0.0,0.0,0.0,0.0
R01,training,27,80,0,0.0,0.0,0.0,0.0
R01,training,27,81,0,0.0,0.0,0.0,0.0
R01,training,27,82,0,0.0,0.0,0.0,0.0
R01,training,27,83,0,0.0,0.0,0.0,0.0
R01,training,27,84,0,0.0,0.0,0.0,0.0
R01,training,27,85,0,0.0,0.0,0.0,0.0
R01,training,27,86,0,0.0,0.0,0.0,0.0
R01,training,27,87,0,0.0,0.0,0.0,0.0
R01,training,27,88,0,0.0,0.0,0.0,0.0
R01,training,27,89,0,0.0,0.0,0.0,0.0
R01,training,27,90,0,0.0,0.0,0.0,0.0
R01,training,27,91,0,0.0,0.0,0.0,0.0
R01,training,27,92,0,0.0,0.0,0.0,0.0
R01,training,27,93,0,0.0,0.0,0.0,0.0
R01,training,27,94,0,0.0,0.0,0.0,0.0
R01,training,27,95,0,0.0,0.0,0.0,0.0
R01,training,27,96,0,0.0,0.0,0.0,0.0
R01,training,27,97,0,0.0,0.0,0.0,0.0
R01,training,27,98,0,0.0,0.0,0.0,0.0
R01,training,27,99,0,0.0,0.0,0.0,0.0
R01,training,27,100,0,0.0,0.0,0.0,0.0
R01,training,27,101,0,0.0,0.0,0.0,0.0
R01,training,27,102,0,0.0,0.0,0.0,0.0
R01,training,27,103,0,0.0,0.0,0.0,0.0
R01,training,27,104,0,0.0,0.0,0.0,0.0
R01,training,27,105,0,0.0,0.0,0.0,0.0
R01,training,27,106,0,0.0,0.0,0.0,0.0
R01,training,27,107,0,0.0,0.0,0.0,0.0
R01,training,27,108,0,0.0,0.0,0.0,0.0
R01,training,27,109,0,0.0,0.0,0.0,0.0
R01,training,27,110,0,0.0,0.0,0.0,0.0
R01,training,27,111,0,0.0,0.0,0.0,0.0
R01,training,27,112,0,0.0,0.0,0.0,0.0
R01,training,27,113,0,0.0,0.0,0.0,0.0
R01,training,27,114,0,0.0,0.0,0.0,0.0
R01,training,27,115,0,0.0,0.0,0.0,0.0
R01,training,27,116,0,0.0,0.0,0.0,0.0
R01,training,27,117,0,0.0,0.0,0.0,0.0
R01,training,27,118,0,0.0,0.0,0.0,0.0
R01,training,27,119,0,0.0,0.0,0.0,0.0
R01,training,27,120,0,0.0,0.0,0.0,0.0
R01,training,27,121,0,0.0,0.0,0.0,0.0
R01,training,27,122,0,0.0,0.0,0.0,0.0
R01,training,27,123,0,0.0,0.0,0.0,0.0
R01,training,27,124,0,0.0,0.0,0.0,0.0
R01,training,27,125,0,0.0,0.0,0.0,0.0
R01,training,27,126,0,0.0,0.0,0.0,0.0
R01,training,27,127,0,0.0,0.0,0.0,0.0
R01,training,27,128,0,0.0,0.0,0.0,0.0
R01,training,27,129,0,0.0,0.0,0.0,0.0
R01,training,27,130,0,0.0,0.0,0.0,0.0
R01,training,27,131,0,0.0,0.0,0.0,0.0
R01,training,27,132,0,0.0,0.0,0.0,0.0
R01,training,27,133,0,0.0,0.0,0.0,0.0
R01,training,27,134,0,0.0,0.0,0.0,0.0
R01,training,27,135,0,0.0,0.0,0.0,0.0
R01,training,27,136,0,0.0,0.0,0.0,0.0
R01,training,27,137,0,0.0,0.0,0.0,0.0
R01,training,27,138,0,0.0,0.0,0.0,0.0
R01,training,27,139,0,0.0,0.0,0.0,0.0
R01,training,27,140,0,0.0,0.0,0.0,0.0
R01,training,27,141,0,0.0,0.0,0.0,0.0
R01,training,27,142,0,0.0,0.0,0.0,0.0
R01,training,27,143,0,0.0,0.0,0.0,0.0
R01,training,27,144,0,0.0,0.0,0.0,0.0
R01,training,27,145,0,0.0,0.0,0.0,0.0
R01,training,27,146,0,0.0,0.0,0.0,0.0
R01,training,27,147,0,0.0,0.0,0.0,0.0
R01,training,27,148,0,0.0,0.0,0.0,0.0
R01,training,27,149,0,0.0,0.0,0.0,0.0
R01,training,27,150,0,0.0,0.0,0.0,0.0
R01,training,27,151,0,0.0,0.0,0.0,0.0
R01,training,27,152,0,0.0,0.0,0.0,0.0
R01,training,27,153,0,0.0,0.0,0.0,0.0
R01,training,27,154,0,0.0,0.0,0.0,0.0
R01,training,27,155,0,0.0,0.0,0.0,0.0
R01,training,27,156,0,0.0,0.0,0.0,0.0
R01,training,27,157,0,0.0,0.0,0.0,0.0
R01,training,27,158,0,0.0,0.0,0.0,0.0
R01,training,27,159,0,0.0,0.0,0.0,0.0
R01,training,27,160,0,0.0,0.0,0.0,0.0
R01,training,27,161,0,0.0,0.0,0.0,0.0
R01,training,27,162,0,0.0,0.0,0.0,0.0
R01,training,27,163,0,0.0,0.0,0.0,0.0
R01,training,27,164,0,0.0,0.0,0.0,0.0
R01,training,27,165,0,0.0,0.0,0.0,0.0
R01,training,27,166,0,0.0,0.0,0.0,0.0
R01,training,27,167,0,0.0,0.0,0.0,0.0
R01,training,27,168,0,0.0,0.0,0.0,0.0
R01,training,27,169,0,0.0,0.0,0.0,0.0
R01,training,27,170,0,0.0,0.0,0.0,0.0
R01,training,27,171,0,0.0,0.0,0.0,0.0
R01,training,27,172,0,0.0,0.0,0.0,0.0
R01,training,27,173,0,0.0,0.0,0.0,0.0
R01,training,27,174,0,0.0,0.0,0.0,0.0
R01,training,27,175,0,0.0,0.0,0.0,0.0
R01,training,27,176,0,0.0,0.0,0.0,0.0
R01,training,27,177,0,0.0,0.0,0.0,0.0
R01,training,27,178,0,0.0,0.0,0.0,0.0
R01,training,27,179,0,0.0,0.0,0.0,0.0
R01,training,27,180,0,0.0,0.0,0.0,0.0
R01,training,27,181,0,0.0,0.0,0.0,0.0
R01,training,27,182,0,0.0,0.0,0.0,0.0
R01,training,27,183,0,0.0,0.0,0.0,0.0
R01,training,27,184,0,0.0,0.0,0.0,0.0
R01,training,27,185,0,0.0,0.0,0.0,0.0
R01,training,27,186,0,0.0,0.0,0.0,0.0
R01,training,27,187,0,0.0,0.0,0.0,0.0
R01,training,27,188,0,0.0,0.0,0.0,0.0
R01,training,27,189,0,0.0,0.0,0.0,0.0
R01,training,27,190,0,0.0,0.0,0.0,0.0
R01,training,27,191,0,0.0,0.0,0.0,0.0
R01,training,27,192,0,0.0,0.0,0.0,0.0
R01,training,27,193,0,0.0,0.0,0.0,0.0
R01,training,27,194,0,0.0,0.0,0.0,0.0
R01,training,27,195,0,0.0,0.0,0.0,0.0
R01,training,27,196,0,0.0,0.0,0.0,0.0
R01,training,27,197,0,0.0,0.0,0.0,0.0
R01,training,27,198,0,0.0,0.0,0.0,0.0
R01,training,27,199,0,0.0,0.0,0.0,0.0
R01,training,27,200,0,0.0,0.0,0.0,0.0
R01,training,27,201,0,0.0,0.0,0.0,0.0
R01,training,27,202,0,0.0,0.0,0.0,0.0
R01,training,27,203,0,0.0,0.0,0.0,0.0
R01,training,27,204,0,0.0,0.0,0.0,0.0
R01,training,27,205,0,0.0,0.0,0.0,0.0
R01,training,27,206,0,0.0,0.0,0.0,0.0
R01,training,27,207,0,0.0,0.0,0.0,0.0
R01,training,27,208,0,0.0,0.0,0.0,0.0
R01,training,27,209,0,0.0,0.0,0.0,0.0
R01,training,27,210,0,0.0,0.0,0.0,0.0
R01,training,27,211,0,0.0,0.0,0.0,0.0
R01,training,27,212,0,0.0,0.0,0.0,0.0
R01,training,27,213,0,0.0,0.0,0.0,0.0
R01,training,27,214,0,0.0,0.0,0.0,0.0
R01,training,27,215,0,0.0,0.0,0.0,0.0
R01,training,27,216,0,0.0,0.0,0.0,0.0
R01,training,27,217,0,0.0,0.0,0.0,0.0
R01,training,27,218,0,0.0,0.0,0.0,0.0
R01,training,27,219,0,0.0,0.0,0.0,0.0
R01,training,27,220,0,0.0,0.0,0.0,0.0
R01,training,27,221,0,0.0,0.0,0.0,0.0
R01,training,27,222,0,0.0,0.0,0.0,0.0
R01,training,27,223,0,0.0,0.0,0.0,0.0
R01,training,27,224,0,0.0,0.0,0.0,0.0
R01,training,27,225,0,0.0,0.0,0.0,0.0
R01,training,27,226,0,0.0,0.0,0.0,0.0
R01,training,27,227,0,0.0,0.0,0.0,0.0
R01,training,27,228,0,0.0,0.0,0.0,0.0
R01,training,27,229,0,0.0,0.0,0.0,0.0
R01,training,27,230,0,0.0,0.0,0.0,0.0
R01,training,28,0,0,0.0,0.0,0.0,0.0
R01,training,28,1,0,0.0,0.0,0.0,0.0
R01,training,28,2,0,0.0,0.0,0.0,0.0
R01,training,28,3,0,0.0,0.0,0.0,0.0
R01,training,28,4,0,0.0,0.0,0.0,0.0
R01,training,28,5,0,0.0,0.0,0.0,0.0
R01,training,28,6,0,0.0,0.0,0.0,0.0
R01,training,28,7,0,0.0,0.0,0.0,0.0
R01,training,28,8,0,0.0,0.0,0.0,0.0
R01,training,28,9,0,0.0,0.0,0.0,0.0
R01,training,28,10,0,0.0,0.0,0.0,0.0
R01,training,28,11,0,0.0,0.0,0.0,0.0
R01,training,28,12,0,0.0,0.0,0.0,0.0
R01,training,28,13,0,0.0,0.0,0.0,0.0
R01,training,28,14,0,0.0,0.0,0.0,0.0
R01,training,28,15,0,0.0,0.0,0.0,0.0
R01,training,28,16,0,0.0,0.0,0.0,0.0
R01,training,28,17,0,0.0,0.0,0.0,0.0
R01,training,28,18,0,0.0,0.0,0.0,0.0
R01,training,28,19,0,0.0,0.0,0.0,0.0
R01,training,28,20,0,0.0,0.0,0.0,0.0
R01,training,28,21,0,0.0,0.0,0.0,0.0
R01,training,28,22,0,0.0,0.0,0.0,0.0
R01,training,28,23,0,0.0,0.0,0.0,0.0
R01,training,28,24,0,0.0,0.0,0.0,0.0
R01,training,28,25,0,0.0,0.0,0.0,0.0
R01,training,28,26,0,0.0,0.0,0.0,0.0
R01,training,28,27,0,0.0,0.0,0.0,0.0
R01,training,28,28,0,0.0,0.0,0.0,0.0
R01,training,28,29,0,0.0,0.0,0.0,0.0
R01,training,28,30,0,0.0,0.0,0.0,0.0
R01,training,28,31,0,0.0,0.0,0.0,0.0
R01,training,28,32,0,0.0,0.0,0.0,0.0
R01,training,28,33,0,0.0,0.0,0.0,0.0
R01,training,28,34,0,0.0,0.0,0.0,0.0
R01,training,28,35,0,0.0,0.0,0.0,0.0
R01,training,28,36,0,0.0,0.0,0.0,0.0
R01,training,28,37,0,0.0,0.0,0.0,0.0
R01,training,28,38,0,0.0,0.0,0.0,0.0
R01,training,28,39,0,0.0,0.0,0.0,0.0
R01,training,28,40,0,0.0,0.0,0.0,0.0
R01,training,28,41,0,0.0,0.0,0.0,0.0
R01,training,28,42,0,0.0,0.0,0.0,0.0
R01,training,28,43,0,0.0,0.0,0.0,0.0
R01,training,28,44,0,0.0,0.0,0.0,0.0
R01,training,28,45,0,0.0,0.0,0.0,0.0
R01,training,28,46,0,0.0,0.0,0.0,0.0
R01,training,28,47,0,0.0,0.0,0.0,0.0
R01,training,28,48,0,0.0,0.0,0.0,0.0
R01,training,28,49,0,0.0,0.0,0.0,0.0
R01,training,28,50,0,0.0,0.0,0.0,0.0
R01,training,28,51,0,0.0,0.0,0.0,0.0
R01,training,28,52,0,0.0,0.0,0.0,0.0
R01,training,28,53,0,0.0,0.0,0.0,0.0
R01,training,28,54,0,0.0,0.0,0.0,0.0
R01,training,28,55,0,0.0,0.0,0.0,0.0
R01,training,28,56,0,0.0,0.0,0.0,0.0
R01,training,28,57,0,0.0,0.0,0.0,0.0
R01,training,28,58,0,0.0,0.0,0.0,0.0
R01,training,28,59,0,0.0,0.0,0.0,0.0
R01,training,28,60,0,0.0,0.0,0.0,0.0
R01,training,28,61,0,0.0,0.0,0.0,0.0
R01,training,28,62,0,0.0,0.0,0.0,0.0
R01,training,28,63,0,0.0,0.0,0.0,0.0
R01,training,28,64,0,0.0,0.0,0.0,0.0
R01,training,28,65,0,0.0,0.0,0.0,0.0
R01,training,28,66,0,0.0,0.0,0.0,0.0
R01,training,28,67,0,0.0,0.0,0.0,0.0
R01,training,28,68,0,0.0,0.0,0.0,0.0
R01,training,28,69,0,0.0,0.0,0.0,0.0
R01,training,28,70,0,0.0,0.0,0.0,0.0
R01,training,28,71,0,0.0,0.0,0.0,0.0
R01,training,28,72,0,0.0,0.0,0.0,0.0
R01,training,28,73,0,0.0,0.0,0.0,0.0
R01,training,28,74,0,0.0,0.0,0.0,0.0
R01,training,28,75,0,0.0,0.0,0.0,0.0
R01,training,28,76,0,0.0,0.0,0.0,0.0
R01,training,28,77,0,0.0,0.0,0.0,0.0
R01,training,28,78,0,0.0,0.0,0.0,0.0
R01,training,28,79,0,0.0,0.0,0.0,0.0
R01,training,28,80,0,0.0,0.0,0.0,0.0
R01,training,28,81,0,0.0,0.0,0.0,0.0
R01,training,28,82,0,0.0,0.0,0.0,0.0
R01,training,28,83,0,0.0,0.0,0.0,0.0
R01,training,28,84,0,0.0,0.0,0.0,0.0
R01,training,28,85,0,0.0,0.0,0.0,0.0
R01,training,28,86,0,0.0,0.0,0.0,0.0
R01,training,28,87,0,0.0,0.0,0.0,0.0
R01,training,28,88,0,0.0,0.0,0.0,0.0
R01,training,28,89,0,0.0,0.0,0.0,0.0
R01,training,28,90,0,0.0,0.0,0.0,0.0
R01,training,28,91,0,0.0,0.0,0.0,0.0
R01,training,28,92,0,0.0,0.0,0.0,0.0
R01,training,28,93,0,0.0,0.0,0.0,0.0
R01,training,28,94,0,0.0,0.0,0.0,0.0
R01,training,28,95,0,0.0,0.0,0.0,0.0
R01,training,28,96,0,0.0,0.0,0.0,0.0
R01,training,28,97,0,0.0,0.0,0.0,0.0
R01,training,28,98,0,0.0,0.0,0.0,0.0
R01,training,28,99,0,0.0,0.0,0.0,0.0
R01,training,28,100,0,0.0,0.0,0.0,0.0
R01,training,28,101,0,0.0,0.0,0.0,0.0
R01,training,28,102,0,0.0,0.0,0.0,0.0
R01,training,28,103,0,0.0,0.0,0.0,0.0
R01,training,28,104,0,0.0,0.0,0.0,0.0
R01,training,28,105,0,0.0,0.0,0.0,0.0
R01,training,28,106,0,0.0,0.0,0.0,0.0
R01,training,28,107,0,0.0,0.0,0.0,0.0
R01,training,28,108,0,0.0,0.0,0.0,0.0
R01,training,28,109,0,0.0,0.0,0.0,0.0
R01,training,28,110,0,0.0,0.0,0.0,0.0
R01,training,28,111,0,0.0,0.0,0.0,0.0
R01,training,28,112,0,0.0,0.0,0.0,0.0
R01,training,28,113,0,0.0,0.0,0.0,0.0
R01,training,28,114,0,0.0,0.0,0.0,0.0
R01,training,28,115,0,0.0,0.0,0.0,0.0
R01,training,28,116,0,0.0,0.0,0.0,0.0
R01,training,28,117,0,0.0,0.0,0.0,0.0
R01,training,28,118,0,0.0,0.0,0.0,0.0
R01,training,28,119,0,0.0,0.0,0.0,0.0
R01,training,28,120,0,0.0,0.0,0.0,0.0
R01,training,28,121,0,0.0,0.0,0.0,0.0
R01,training,28,122,0,0.0,0.0,0.0,0.0
R01,training,28,123,0,0.0,0.0,0.0,0.0
R01,training,28,124,0,0.0,0.0,0.0,0.0
R01,training,28,125,0,0.0,0.0,0.0,0.0
R01,training,28,126,0,0.0,0.0,0.0,0.0
R01,training,28,127,0,0.0,0.0,0.0,0.0
R01,training,28,128,0,0.0,0.0,0.0,0.0
R01,training,28,129,0,0.0,0.0,0.0,0.0
R01,training,28,130,0,0.0,0.0,0.0,0.0
R01,training,28,131,0,0.0,0.0,0.0,0.0
R01,training,28,132,0,0.0,0.0,0.0,0.0
R01,training,28,133,0,0.0,0.0,0.0,0.0
R01,training,28,134,0,0.0,0.0,0.0,0.0
R01,training,28,135,0,0.0,0.0,0.0,0.0
R01,training,28,136,0,0.0,0.0,0.0,0.0
R01,training,28,137,0,0.0,0.0,0.0,0.0
R01,training,28,138,0,0.0,0.0,0.0,0.0
R01,training,28,139,0,0.0,0.0,0.0,0.0
R01,training,28,140,0,0.0,0.0,0.0,0.0
R01,training,28,141,0,0.0,0.0,0.0,0.0
R01,training,28,142,0,0.0,0.0,0.0,0.0
R01,training,28,143,0,0.0,0.0,0.0,0.0
R01,training,28,144,0,0.0,0.0,0.0,0.0
R01,training,28,145,0,0.0,0.0,0.0,0.0
R01,training,28,146,0,0.0,0.0,0.0,0.0
R01,training,28,147,0,0.0,0.0,0.0,0.0
R01,training,28,148,0,0.0,0.0,0.0,0.0
R01,training,28,149,0,0.0,0.0,0.0,0.0
R01,training,28,150,0,0.0,0.0,0.0,0.0
R01,training,28,151,0,0.0,0.0,0.0,0.0
R01,training,28,152,0,0.0,0.0,0.0,0.0
R01,training,28,153,0,0.0,0.0,0.0,0.0
R01,training,28,154,0,0.0,0.0,0.0,0.0
R01,training,28,155,0,0.0,0.0,0.0,0.0
R01,training,28,156,0,0.0,0.0,0.0,0.0
R01,training,28,157,0,0.0,0.0,0.0,0.0
R01,training,28,158,0,0.0,0.0,0.0,0.0
R01,training,28,159,0,0.0,0.0,0.0,0.0
R01,training,28,160,0,0.0,0.0,0.0,0.0
R01,training,28,161,0,0.0,0.0,0.0,0.0
R01,training,28,162,0,0.0,0.0,0.0,0.0
R01,training,28,163,0,0.0,0.0,0.0,0.0
R01,training,28,164,0,0.0,0.0,0.0,0.0
R01,training,28,165,0,0.0,0.0,0.0,0.0
R01,training,28,166,0,0.0,0.0,0.0,0.0
R01,training,28,167,0,0.0,0.0,0.0,0.0
R01,training,28,168,0,0.0,0.0,0.0,0.0
R01,training,28,169,0,0.0,0.0,0.0,0.0
R01,training,28,170,0,0.0,0.0,0.0,0.0
R01,training,28,171,0,0.0,0.0,0.0,0.0
R01,training,28,172,0,0.0,0.0,0.0,0.0
R01,training,28,173,0,0.0,0.0,0.0,0.0
R01,training,28,174,0,0.0,0.0,0.0,0.0
R01,training,28,175,0,0.0,0.0,0.0,0.0
R01,training,28,176,0,0.0,0.0,0.0,0.0
R01,training,28,177,0,0.0,0.0,0.0,0.0
R01,training,28,178,0,0.0,0.0,0.0,0.0
R01,training,28,179,0,0.0,0.0,0.0,0.0
R01,training,28,180,0,0.0,0.0,0.0,0.0
R01,training,28,181,0,0.0,0.0,0.0,0.0
R01,training,28,182,0,0.0,0.0,0.0,0.0
R01,training,28,183,0,0.0,0.0,0.0,0.0
R01,training,28,184,0,0.0,0.0,0.0,0.0
R01,training,28,185,0,0.0,0.0,0.0,0.0
R01,training,28,186,0,0.0,0.0,0.0,0.0
R01,training,28,187,0,0.0,0.0,0.0,0.0
R01,training,28,188,0,0.0,0.0,0.0,0.0
R01,training,28,189,0,0.0,0.0,0.0,0.0
R01,training,28,190,0,0.0,0.0,0.0,0.0
R01,training,28,191,0,0.0,0.0,0.0,0.0
R01,training,28,192,0,0.0,0.0,0.0,0.0
R01,training,28,193,0,0.0,0.0,0.0,0.0
R01,training,28,194,0,0.0,0.0,0.0,0.0
R01,training,28,195,0,0.0,0.0,0.0,0.0
R01,training,28,196,0,0.0,0.0,0.0,0.0
R01,training,28,197,0,0.0,0.0,0.0,0.0
R01,training,28,198,0,0.0,0.0,0.0,0.0
R01,training,28,199,0,0.0,0.0,0.0,0.0
R01,training,28,200,0,0.0,0.0,0.0,0.0
R01,training,28,201,0,0.0,0.0,0.0,0.0
R01,training,28,202,0,0.0,0.0,0.0,0.0
R01,training,28,203,0,0.0,0.0,0.0,0.0
R01,training,28,204,0,0.0,0.0,0.0,0.0
R01,training,28,205,0,0.0,0.0,0.0,0.0
R01,training,28,206,0,0.0,0.0,0.0,0.0
R01,training,28,207,0,0.0,0.0,0.0,0.0
R01,training,28,208,0,0.0,0.0,0.0,0.0
R01,training,28,209,0,0.0,0.0,0.0,0.0
R01,training,28,210,0,0.0,0.0,0.0,0.0
R01,training,28,211,0,0.0,0.0,0.0,0.0
R01,training,28,212,0,0.0,0.0,0.0,0.0
R01,training,28,213,0,0.0,0.0,0.0,0.0
R01,training,28,214,0,0.0,0.0,0.0,0.0
R01,training,28,215,0,0.0,0.0,0.0,0.0
R01,training,28,216,0,0.0,0.0,0.0,0.0
R01,training,28,217,0,0.0,0.0,0.0,0.0
R01,training,28,218,0,0.0,0.0,0.0,0.0
R01,training,28,219,0,0.0,0.0,0.0,0.0
R01,training,28,220,0,0.0,0.0,0.0,0.0
R01,training,28,221,0,0.0,0.0,0.0,0.0
R01,training,28,222,0,0.0,0.0,0.0,0.0
R01,training,28,223,0,0.0,0.0,0.0,0.0
R01,training,28,224,0,0.0,0.0,0.0,0.0
R01,training,28,225,0,0.0,0.0,0.0,0.0
R01,training,28,226,0,0.0,0.0,0.0,0.0
R01,training,28,227,0,0.0,0.0,0.0,0.0
R02,training,05,0,0,0.0,0.0,0.0,0.0
R02,training,05,1,0,0.0,0.0,0.0,0.0
R02,training,05,2,0,0.0,0.0,0.0,0.0
R02,training,05,3,0,0.0,0.0,0.0,0.0
R02,training,05,4,0,0.0,0.0,0.0,0.0
R02,training,05,5,0,0.0,0.0,0.0,0.0
R02,training,05,6,0,0.0,0.0,0.0,0.0
R02,training,05,7,0,0.0,0.0,0.0,0.0
R02,training,05,8,0,0.0,0.0,0.0,0.0
R02,training,05,9,0,0.0,0.0,0.0,0.0
R02,training,05,10,0,0.0,0.0,0.0,0.0
R02,training,05,11,0,0.0,0.0,0.0,0.0
R02,training,05,12,0,0.0,0.0,0.0,0.0
R02,training,05,13,0,0.0,0.0,0.0,0.0
R02,training,05,14,0,0.0,0.0,0.0,0.0
R02,training,05,15,0,0.0,0.0,0.0,0.0
R02,training,05,16,0,0.0,0.0,0.0,0.0
R02,training,05,17,0,0.0,0.0,0.0,0.0
R02,training,05,18,0,0.0,0.0,0.0,0.0
R02,training,05,19,0,0.0,0.0,0.0,0.0
R02,training,05,20,0,0.0,0.0,0.0,0.0
R02,training,05,21,0,0.0,0.0,0.0,0.0
R02,training,05,22,0,0.0,0.0,0.0,0.0
R02,training,05,23,0,0.0,0.0,0.0,0.0
R02,training,05,24,0,0.0,0.0,0.0,0.0
R02,training,05,25,0,0.0,0.0,0.0,0.0
R02,training,05,26,0,0.0,0.0,0.0,0.0
R02,training,05,27,0,0.0,0.0,0.0,0.0
R02,training,05,28,0,0.0,0.0,0.0,0.0
R02,training,05,29,0,0.0,0.0,0.0,0.0
R02,training,05,30,0,0.0,0.0,0.0,0.0
R02,training,05,31,0,0.0,0.0,0.0,0.0
R02,training,05,32,0,0.0,0.0,0.0,0.0
R02,training,05,33,0,0.0,0.0,0.0,0.0
R02,training,05,34,0,0.0,0.0,0.0,0.0
R02,training,05,35,0,0.0,0.0,0.0,0.0
R02,training,05,36,0,0.0,0.0,0.0,0.0
R02,training,05,37,0,0.0,0.0,0.0,0.0
R02,training,05,38,0,0.0,0.0,0.0,0.0
R02,training,05,39,0,0.0,0.0,0.0,0.0
R02,training,05,40,0,0.0,0.0,0.0,0.0
R02,training,05,41,0,0.0,0.0,0.0,0.0
R02,training,05,42,0,0.0,0.0,0.0,0.0
R02,training,05,43,0,0.0,0.0,0.0,0.0
R02,training,05,44,0,0.0,0.0,0.0,0.0
R02,training,05,45,0,0.0,0.0,0.0,0.0
R02,training,05,46,0,0.0,0.0,0.0,0.0
R02,training,05,47,0,0.0,0.0,0.0,0.0
R02,training,05,48,0,0.0,0.0,0.0,0.0
R02,training,05,49,0,0.0,0.0,0.0,0.0
R02,training,05,50,0,0.0,0.0,0.0,0.0
R02,training,05,51,0,0.0,0.0,0.0,0.0
R02,training,05,52,0,0.0,0.0,0.0,0.0
R02,training,05,53,0,0.0,0.0,0.0,0.0
R02,training,05,54,0,0.0,0.0,0.0,0.0
R02,training,05,55,0,0.0,0.0,0.0,0.0
R02,training,05,56,0,0.0,0.0,0.0,0.0
R02,training,05,57,0,0.0,0.0,0.0,0.0
R02,training,05,58,0,0.0,0.0,0.0,0.0
R02,training,05,59,0,0.0,0.0,0.0,0.0
R02,training,05,60,0,0.0,0.0,0.0,0.0
R02,training,05,61,0,0.0,0.0,0.0,0.0
R02,training,05,62,0,0.0,0.0,0.0,0.0
R02,training,05,63,0,0.0,0.0,0.0,0.0
R02,training,05,64,0,0.0,0.0,0.0,0.0
R02,training,05,65,0,0.0,0.0,0.0,0.0
R02,training,05,66,0,0.0,0.0,0.0,0.0
R02,training,05,67,0,0.0,0.0,0.0,0.0
R02,training,05,68,0,0.0,0.0,0.0,0.0
R02,training,05,69,0,0.0,0.0,0.0,0.0
R02,training,05,70,0,0.0,0.0,0.0,0.0
R02,training,05,71,0,0.0,0.0,0.0,0.0
R02,training,05,72,0,0.0,0.0,0.0,0.0
R02,training,05,73,0,0.0,0.0,0.0,0.0
R02,training,05,74,0,0.0,0.0,0.0,0.0
R02,training,05,75,0,0.0,0.0,0.0,0.0
R02,training,05,76,0,0.0,0.0,0.0,0.0
R02,training,05,77,0,0.0,0.0,0.0,0.0
R02,training,05,78,0,0.0,0.0,0.0,0.0
R02,training,05,79,0,0.0,0.0,0.0,0.0
R02,training,05,80,0,0.0,0.0,0.0,0.0
R02,training,05,81,0,0.0,0.0,0.0,0.0
R02,training,05,82,0,0.0,0.0,0.0,0.0
R02,training,05,83,0,0.0,0.0,0.0,0.0
R02,training,05,84,0,0.0,0.0,0.0,0.0
R02,training,05,85,0,0.0,0.0,0.0,0.0
R02,training,05,86,0,0.0,0.0,0.0,0.0
R02,training,05,87,0,0.0,0.0,0.0,0.0
R02,training,05,88,0,0.0,0.0,0.0,0.0
R02,training,05,89,0,0.0,0.0,0.0,0.0
R02,training,05,90,0,0.0,0.0,0.0,0.0
R02,training,05,91,0,0.0,0.0,0.0,0.0
R02,training,05,92,0,0.0,0.0,0.0,0.0
R02,training,05,93,0,0.0,0.0,0.0,0.0
R02,training,05,94,0,0.0,0.0,0.0,0.0
R02,training,05,95,0,0.0,0.0,0.0,0.0
R02,training,05,96,0,0.0,0.0,0.0,0.0
R02,training,05,97,0,0.0,0.0,0.0,0.0
R02,training,05,98,0,0.0,0.0,0.0,0.0
R02,training,05,99,0,0.0,0.0,0.0,0.0
R02,training,05,100,0,0.0,0.0,0.0,0.0
R02,training,05,101,0,0.0,0.0,0.0,0.0
R02,training,05,102,0,0.0,0.0,0.0,0.0
R02,training,05,103,0,0.0,0.0,0.0,0.0
R02,training,05,104,0,0.0,0.0,0.0,0.0
R02,training,05,105,0,0.0,0.0,0.0,0.0
R02,training,05,106,0,0.0,0.0,0.0,0.0
R02,training,05,107,0,0.0,0.0,0.0,0.0
R02,training,05,108,0,0.0,0.0,0.0,0.0
R02,training,05,109,0,0.0,0.0,0.0,0.0
R02,training,05,110,0,0.0,0.0,0.0,0.0
R02,training,05,111,0,0.0,0.0,0.0,0.0
R02,training,05,112,0,0.0,0.0,0.0,0.0
R02,training,05,113,0,0.0,0.0,0.0,0.0
R02,training,05,114,0,0.0,0.0,0.0,0.0
R02,training,05,115,0,0.0,0.0,0.0,0.0
R02,training,05,116,0,0.0,0.0,0.0,0.0
R02,training,05,117,0,0.0,0.0,0.0,0.0
R02,training,05,118,0,0.0,0.0,0.0,0.0
R02,training,05,119,0,0.0,0.0,0.0,0.0
R02,training,05,120,0,0.0,0.0,0.0,0.0
R02,training,05,121,0,0.0,0.0,0.0,0.0
R02,training,05,122,0,0.0,0.0,0.0,0.0
R02,training,05,123,0,0.0,0.0,0.0,0.0
R02,training,05,124,0,0.0,0.0,0.0,0.0
R02,training,05,125,0,0.0,0.0,0.0,0.0
R02,training,05,126,0,0.0,0.0,0.0,0.0
R02,training,05,127,0,0.0,0.0,0.0,0.0
R02,training,05,128,0,0.0,0.0,0.0,0.0
R02,training,05,129,0,0.0,0.0,0.0,0.0
R02,training,05,130,0,0.0,0.0,0.0,0.0
R02,training,05,131,0,0.0,0.0,0.0,0.0
R02,training,05,132,0,0.0,0.0,0.0,0.0
R02,training,05,133,0,0.0,0.0,0.0,0.0
R02,training,05,134,0,0.0,0.0,0.0,0.0
R02,training,05,135,0,0.0,0.0,0.0,0.0
R02,training,05,136,0,0.0,0.0,0.0,0.0
R02,training,05,137,0,0.0,0.0,0.0,0.0
R02,training,05,138,0,0.0,0.0,0.0,0.0
R02,training,05,139,0,0.0,0.0,0.0,0.0
R02,training,05,140,0,0.0,0.0,0.0,0.0
R02,training,05,141,0,0.0,0.0,0.0,0.0
R02,training,05,142,0,0.0,0.0,0.0,0.0
R02,training,05,143,0,0.0,0.0,0.0,0.0
R02,training,05,144,0,0.0,0.0,0.0,0.0
R02,training,05,145,0,0.0,0.0,0.0,0.0
R02,training,05,146,0,0.0,0.0,0.0,0.0
R02,training,05,147,0,0.0,0.0,0.0,0.0
R02,training,05,148,0,0.0,0.0,0.0,0.0
R02,training,05,149,0,0.0,0.0,0.0,0.0
R02,training,05,150,0,0.0,0.0,0.0,0.0
R02,training,05,151,0,0.0,0.0,0.0,0.0
R02,training,05,152,0,0.0,0.0,0.0,0.0
R02,training,05,153,0,0.0,0.0,0.0,0.0
R02,training,05,154,0,0.0,0.0,0.0,0.0
R02,training,05,155,0,0.0,0.0,0.0,0.0
R02,training,05,156,0,0.0,0.0,0.0,0.0
R02,training,05,157,0,0.0,0.0,0.0,0.0
R02,training,05,158,0,0.0,0.0,0.0,0.0
R02,training,05,159,0,0.0,0.0,0.0,0.0
R02,training,05,160,0,0.0,0.0,0.0,0.0
R02,training,05,161,0,0.0,0.0,0.0,0.0
R02,training,05,162,0,0.0,0.0,0.0,0.0
R02,training,05,163,0,0.0,0.0,0.0,0.0
R02,training,05,164,0,0.0,0.0,0.0,0.0
R02,training,05,165,0,0.0,0.0,0.0,0.0
R02,training,05,166,0,0.0,0.0,0.0,0.0
R02,training,05,167,0,0.0,0.0,0.0,0.0
R02,training,05,168,0,0.0,0.0,0.0,0.0
R02,training,05,169,0,0.0,0.0,0.0,0.0
R02,training,05,170,0,0.0,0.0,0.0,0.0
R02,training,05,171,0,0.0,0.0,0.0,0.0
R02,training,05,172,0,0.0,0.0,0.0,0.0
R02,training,05,173,0,0.0,0.0,0.0,0.0
R02,training,05,174,0,0.0,0.0,0.0,0.0
R02,training,05,175,0,0.0,0.0,0.0,0.0
R02,training,05,176,0,0.0,0.0,0.0,0.0
R02,training,05,177,0,0.0,0.0,0.0,0.0
R02,training,05,178,0,0.0,0.0,0.0,0.0
R02,training,05,179,0,0.0,0.0,0.0,0.0
R02,training,05,180,0,0.0,0.0,0.0,0.0
R02,training,05,181,0,0.0,0.0,0.0,0.0
R02,training,05,182,0,0.0,0.0,0.0,0.0
R02,training,05,183,0,0.0,0.0,0.0,0.0
R02,training,05,184,0,0.0,0.0,0.0,0.0
R02,training,05,185,0,0.0,0.0,0.0,0.0
R02,training,05,186,0,0.0,0.0,0.0,0.0
R02,training,05,187,0,0.0,0.0,0.0,0.0
R02,training,05,188,0,0.0,0.0,0.0,0.0
R02,training,05,189,0,0.0,0.0,0.0,0.0
R02,training,05,190,0,0.0,0.0,0.0,0.0
R02,training,05,191,0,0.0,0.0,0.0,0.0
R02,training,05,192,0,0.0,0.0,0.0,0.0
R02,training,05,193,0,0.0,0.0,0.0,0.0
R02,training,05,194,0,0.0,0.0,0.0,0.0
R02,training,05,195,0,0.0,0.0,0.0,0.0
R02,training,05,196,0,0.0,0.0,0.0,0.0
R02,training,05,197,0,0.0,0.0,0.0,0.0
R02,training,05,198,0,0.0,0.0,0.0,0.0
R02,training,05,199,0,0.0,0.0,0.0,0.0
R02,training,05,200,0,0.0,0.0,0.0,0.0
R02,training,05,201,0,0.0,0.0,0.0,0.0
R02,training,05,202,0,0.0,0.0,0.0,0.0
R02,training,05,203,0,0.0,0.0,0.0,0.0
R02,training,05,204,0,0.0,0.0,0.0,0.0
R02,training,05,205,0,0.0,0.0,0.0,0.0
R02,training,05,206,0,0.0,0.0,0.0,0.0
R02,training,05,207,0,0.0,0.0,0.0,0.0
R02,training,05,208,0,0.0,0.0,0.0,0.0
R02,training,05,209,0,0.0,0.0,0.0,0.0
R02,training,05,210,0,0.0,0.0,0.0,0.0
R02,training,05,211,0,0.0,0.0,0.0,0.0
R02,training,05,212,0,0.0,0.0,0.0,0.0
R02,training,05,213,0,0.0,0.0,0.0,0.0
R02,training,05,214,0,0.0,0.0,0.0,0.0
R02,training,05,215,0,0.0,0.0,0.0,0.0
R02,training,05,216,0,0.0,0.0,0.0,0.0
R02,training,05,217,0,0.0,0.0,0.0,0.0
R02,training,05,218,0,0.0,0.0,0.0,0.0
R02,training,05,219,0,0.0,0.0,0.0,0.0
R02,training,05,220,0,0.0,0.0,0.0,0.0
R02,training,05,221,0,0.0,0.0,0.0,0.0
R02,training,05,222,0,0.0,0.0,0.0,0.0
R02,training,05,223,0,0.0,0.0,0.0,0.0
R02,training,05,224,0,0.0,0.0,0.0,0.0
R02,training,05,225,0,0.0,0.0,0.0,0.0
R02,training,05,226,0,0.0,0.0,0.0,0.0
R02,training,05,227,0,0.0,0.0,0.0,0.0
R02,training,05,228,0,0.0,0.0,0.0,0.0
R02,training,05,229,0,0.0,0.0,0.0,0.0
R02,training,05,230,0,0.0,0.0,0.0,0.0
R02,training,05,231,0,0.0,0.0,0.0,0.0
R02,training,05,232,0,0.0,0.0,0.0,0.0
R02,training,05,233,0,0.0,0.0,0.0,0.0
R02,training,05,234,0,0.0,0.0,0.0,0.0
R02,training,05,235,0,0.0,0.0,0.0,0.0
R02,training,05,236,0,0.0,0.0,0.0,0.0
R02,training,05,237,0,0.0,0.0,0.0,0.0
R02,training,05,238,0,0.0,0.0,0.0,0.0
R02,training,05,239,0,0.0,0.0,0.0,0.0
R02,training,05,240,0,0.0,0.0,0.0,0.0
R02,training,05,241,0,0.0,0.0,0.0,0.0
R02,training,05,242,0,0.0,0.0,0.0,0.0
R02,training,05,243,0,0.0,0.0,0.0,0.0
R02,training,05,244,0,0.0,0.0,0.0,0.0
R02,training,05,245,0,0.0,0.0,0.0,0.0
R02,training,05,246,0,0.0,0.0,0.0,0.0
R02,training,05,247,0,0.0,0.0,0.0,0.0
R02,training,05,248,0,0.0,0.0,0.0,0.0
R02,training,05,249,0,0.0,0.0,0.0,0.0
R02,training,05,250,0,0.0,0.0,0.0,0.0
R02,training,05,251,0,0.0,0.0,0.0,0.0
R02,training,05,252,0,0.0,0.0,0.0,0.0
R02,training,05,253,0,0.0,0.0,0.0,0.0
R02,training,05,254,0,0.0,0.0,0.0,0.0
R02,training,05,255,0,0.0,0.0,0.0,0.0
R02,training,05,256,0,0.0,0.0,0.0,0.0
R02,training,05,257,0,0.0,0.0,0.0,0.0
R02,training,05,258,0,0.0,0.0,0.0,0.0
R02,training,05,259,0,0.0,0.0,0.0,0.0
R02,training,05,260,0,0.0,0.0,0.0,0.0
R02,training,05,261,0,0.0,0.0,0.0,0.0
R02,training,05,262,0,0.0,0.0,0.0,0.0
R02,training,05,263,0,0.0,0.0,0.0,0.0
R02,training,05,264,0,0.0,0.0,0.0,0.0
R02,training,05,265,0,0.0,0.0,0.0,0.0
R02,training,05,266,0,0.0,0.0,0.0,0.0
R02,training,05,267,0,0.0,0.0,0.0,0.0
R02,training,05,268,0,0.0,0.0,0.0,0.0
R02,training,05,269,0,0.0,0.0,0.0,0.0
R02,training,05,270,0,0.0,0.0,0.0,0.0
R02,training,05,271,0,0.0,0.0,0.0,0.0
R02,training,05,272,0,0.0,0.0,0.0,0.0
R02,training,05,273,0,0.0,0.0,0.0,0.0
R02,training,05,274,0,0.0,0.0,0.0,0.0
R02,training,05,275,0,0.0,0.0,0.0,0.0
R02,training,05,276,0,0.0,0.0,0.0,0.0
R02,training,05,277,0,0.0,0.0,0.0,0.0
R02,training,05,278,0,0.0,0.0,0.0,0.0
R02,training,05,279,0,0.0,0.0,0.0,0.0
R02,training,05,280,0,0.0,0.0,0.0,0.0
R02,training,05,281,0,0.0,0.0,0.0,0.0
R02,training,05,282,0,0.0,0.0,0.0,0.0
R02,training,05,283,0,0.0,0.0,0.0,0.0
R02,training,05,284,0,0.0,0.0,0.0,0.0
R02,training,05,285,0,0.0,0.0,0.0,0.0
R02,training,05,286,0,0.0,0.0,0.0,0.0
R02,training,05,287,0,0.0,0.0,0.0,0.0
R02,training,05,288,0,0.0,0.0,0.0,0.0
R02,training,05,289,0,0.0,0.0,0.0,0.0
R02,training,05,290,0,0.0,0.0,0.0,0.0
R02,training,05,291,0,0.0,0.0,0.0,0.0
R02,training,05,292,0,0.0,0.0,0.0,0.0
R02,training,05,293,0,0.0,0.0,0.0,0.0
R02,training,05,294,0,0.0,0.0,0.0,0.0
R02,training,05,295,0,0.0,0.0,0.0,0.0
R02,training,05,296,0,0.0,0.0,0.0,0.0
R02,training,05,297,0,0.0,0.0,0.0,0.0
R02,training,05,298,0,0.0,0.0,0.0,0.0
R02,training,05,299,0,0.0,0.0,0.0,0.0
R02,training,05,300,0,0.0,0.0,0.0,0.0
R02,training,05,301,0,0.0,0.0,0.0,0.0
R02,training,05,302,0,0.0,0.0,0.0,0.0
R02,training,05,303,0,0.0,0.0,0.0,0.0
R02,training,05,304,0,0.0,0.0,0.0,0.0
R02,training,05,305,0,0.0,0.0,0.0,0.0
R02,training,05,306,0,0.0,0.0,0.0,0.0
R02,training,05,307,0,0.0,0.0,0.0,0.0
R02,training,05,308,0,0.0,0.0,0.0,0.0
R02,training,05,309,0,0.0,0.0,0.0,0.0
R02,training,05,310,0,0.0,0.0,0.0,0.0
R02,training,05,311,0,0.0,0.0,0.0,0.0
R02,training,05,312,0,0.0,0.0,0.0,0.0
R02,training,05,313,0,0.0,0.0,0.0,0.0
R02,training,05,314,0,0.0,0.0,0.0,0.0
R02,training,05,315,0,0.0,0.0,0.0,0.0
R02,training,05,316,0,0.0,0.0,0.0,0.0
R02,training,05,317,0,0.0,0.0,0.0,0.0
R02,training,05,318,0,0.0,0.0,0.0,0.0
R02,training,05,319,0,0.0,0.0,0.0,0.0
R02,training,05,320,0,0.0,0.0,0.0,0.0
R02,training,05,321,0,0.0,0.0,0.0,0.0
R02,training,05,322,0,0.0,0.0,0.0,0.0
R02,training,05,323,0,0.0,0.0,0.0,0.0
R02,training,05,324,0,0.0,0.0,0.0,0.0
R02,training,05,325,0,0.0,0.0,0.0,0.0
R02,training,05,326,0,0.0,0.0,0.0,0.0
R02,training,05,327,0,0.0,0.0,0.0,0.0
R02,training,05,328,0,0.0,0.0,0.0,0.0
R02,training,05,329,0,0.0,0.0,0.0,0.0
R02,training,05,330,0,0.0,0.0,0.0,0.0
R02,training,05,331,0,0.0,0.0,0.0,0.0
R02,training,05,332,0,0.0,0.0,0.0,0.0
R02,training,05,333,0,0.0,0.0,0.0,0.0
R02,training,05,334,0,0.0,0.0,0.0,0.0
R02,training,05,335,0,0.0,0.0,0.0,0.0
R02,training,05,336,0,0.0,0.0,0.0,0.0
R02,training,05,337,0,0.0,0.0,0.0,0.0
R02,training,05,338,0,0.0,0.0,0.0,0.0
R02,training,05,339,0,0.0,0.0,0.0,0.0
R02,training,05,340,0,0.0,0.0,0.0,0.0
R02,training,05,341,0,0.0,0.0,0.0,0.0
R02,training,05,342,0,0.0,0.0,0.0,0.0
R02,training,05,343,0,0.0,0.0,0.0,0.0
R02,training,05,344,0,0.0,0.0,0.0,0.0
R02,training,05,345,0,0.0,0.0,0.0,0.0
R02,training,05,346,0,0.0,0.0,0.0,0.0
R02,training,05,347,0,0.0,0.0,0.0,0.0
R02,training,05,348,0,0.0,0.0,0.0,0.0
R02,training,05,349,0,0.0,0.0,0.0,0.0
R02,training,05,350,0,0.0,0.0,0.0,0.0
R02,training,05,351,0,0.0,0.0,0.0,0.0
R02,training,05,352,0,0.0,0.0,0.0,0.0
R02,training,05,353,0,0.0,0.0,0.0,0.0
R02,training,05,354,0,0.0,0.0,0.0,0.0
R02,training,05,355,0,0.0,0.0,0.0,0.0
R02,training,05,356,0,0.0,0.0,0.0,0.0
R02,training,05,357,0,0.0,0.0,0.0,0.0
R02,training,05,358,0,0.0,0.0,0.0,0.0
R02,training,05,359,0,0.0,0.0,0.0,0.0
R02,training,05,360,0,0.0,0.0,0.0,0.0
R02,training,05,361,0,0.0,0.0,0.0,0.0
R02,training,05,362,0,0.0,0.0,0.0,0.0
R02,training,05,363,0,0.0,0.0,0.0,0.0
R02,training,05,364,0,0.0,0.0,0.0,0.0
R02,training,05,365,0,0.0,0.0,0.0,0.0
R02,training,05,366,0,0.0,0.0,0.0,0.0
R02,training,05,367,0,0.0,0.0,0.0,0.0
R02,training,05,368,0,0.0,0.0,0.0,0.0
R02,training,05,369,0,0.0,0.0,0.0,0.0
R02,training,05,370,0,0.0,0.0,0.0,0.0
R02,training,05,371,0,0.0,0.0,0.0,0.0
R02,training,05,372,0,0.0,0.0,0.0,0.0
R02,training,05,373,0,0.0,0.0,0.0,0.0
R02,training,05,374,0,0.0,0.0,0.0,0.0
R02,training,05,375,0,0.0,0.0,0.0,0.0
R02,training,05,376,0,0.0,0.0,0.0,0.0
R02,training,05,377,0,0.0,0.0,0.0,0.0
R02,training,05,378,0,0.0,0.0,0.0,0.0
R02,training,05,379,0,0.0,0.0,0.0,0.0
R02,training,05,380,0,0.0,0.0,0.0,0.0
R02,training,05,381,0,0.0,0.0,0.0,0.0
R02,training,05,382,0,0.0,0.0,0.0,0.0
R02,training,05,383,0,0.0,0.0,0.0,0.0
R02,training,05,384,0,0.0,0.0,0.0,0.0
R02,training,05,385,0,0.0,0.0,0.0,0.0
R02,training,05,386,0,0.0,0.0,0.0,0.0
R02,training,05,387,0,0.0,0.0,0.0,0.0
R02,training,05,388,0,0.0,0.0,0.0,0.0
R02,training,05,389,0,0.0,0.0,0.0,0.0
R02,training,05,390,0,0.0,0.0,0.0,0.0
R02,training,05,391,0,0.0,0.0,0.0,0.0
R02,training,05,392,0,0.0,0.0,0.0,0.0
R02,training,05,393,0,0.0,0.0,0.0,0.0
R02,training,05,394,0,0.0,0.0,0.0,0.0
R02,training,05,395,0,0.0,0.0,0.0,0.0
R02,training,05,396,0,0.0,0.0,0.0,0.0
R02,training,05,397,0,0.0,0.0,0.0,0.0
R02,training,05,398,0,0.0,0.0,0.0,0.0
R02,training,05,399,0,0.0,0.0,0.0,0.0
R02,training,05,400,0,0.0,0.0,0.0,0.0
R02,training,05,401,0,0.0,0.0,0.0,0.0
R02,training,05,402,0,0.0,0.0,0.0,0.0
R02,training,05,403,0,0.0,0.0,0.0,0.0
R02,training,05,404,0,0.0,0.0,0.0,0.0
R02,training,05,405,0,0.0,0.0,0.0,0.0
R02,training,05,406,0,0.0,0.0,0.0,0.0
R02,training,05,407,0,0.0,0.0,0.0,0.0
R02,training,05,408,0,0.0,0.0,0.0,0.0
R02,training,05,409,0,0.0,0.0,0.0,0.0
R02,training,05,410,0,0.0,0.0,0.0,0.0
R02,training,05,411,0,0.0,0.0,0.0,0.0
R02,training,05,412,0,0.0,0.0,0.0,0.0
R02,training,05,413,0,0.0,0.0,0.0,0.0
R02,training,05,414,0,0.0,0.0,0.0,0.0
R02,training,05,415,0,0.0,0.0,0.0,0.0
R02,training,05,416,0,0.0,0.0,0.0,0.0
R02,training,05,417,0,0.0,0.0,0.0,0.0
R02,training,05,418,0,0.0,0.0,0.0,0.0
R02,training,05,419,0,0.0,0.0,0.0,0.0
R02,training,05,420,0,0.0,0.0,0.0,0.0
R02,training,05,421,0,0.0,0.0,0.0,0.0
R02,training,05,422,0,0.0,0.0,0.0,0.0
R02,training,05,423,0,0.0,0.0,0.0,0.0
R02,training,05,424,0,0.0,0.0,0.0,0.0
R02,training,05,425,0,0.0,0.0,0.0,0.0
R02,training,05,426,0,0.0,0.0,0.0,0.0
R02,training,05,427,0,0.0,0.0,0.0,0.0
R02,training,05,428,0,0.0,0.0,0.0,0.0
R02,training,05,429,0,0.0,0.0,0.0,0.0
R02,training,05,430,0,0.0,0.0,0.0,0.0
R02,training,05,431,0,0.0,0.0,0.0,0.0
R02,training,05,432,0,0.0,0.0,0.0,0.0
R02,training,05,433,0,0.0,0.0,0.0,0.0
R02,training,05,434,0,0.0,0.0,0.0,0.0
R02,training,05,435,0,0.0,0.0,0.0,0.0
R02,training,05,436,0,0.0,0.0,0.0,0.0
R02,training,05,437,0,0.0,0.0,0.0,0.0
R02,training,05,438,0,0.0,0.0,0.0,0.0
R02,training,05,439,0,0.0,0.0,0.0,0.0
R02,training,05,440,0,0.0,0.0,0.0,0.0
R02,training,05,441,0,0.0,0.0,0.0,0.0
R02,training,05,442,0,0.0,0.0,0.0,0.0
R02,training,05,443,0,0.0,0.0,0.0,0.0
R02,training,05,444,0,0.0,0.0,0.0,0.0
R02,training,05,445,0,0.0,0.0,0.0,0.0
R02,training,05,446,0,0.0,0.0,0.0,0.0
R02,training,05,447,0,0.0,0.0,0.0,0.0
R02,training,05,448,0,0.0,0.0,0.0,0.0
R02,training,05,449,0,0.0,0.0,0.0,0.0
R02,training,05,450,0,0.0,0.0,0.0,0.0
R02,training,05,451,0,0.0,0.0,0.0,0.0
R02,training,05,452,0,0.0,0.0,0.0,0.0
R02,training,05,453,0,0.0,0.0,0.0,0.0
R02,training,05,454,0,0.0,0.0,0.0,0.0
R02,training,05,455,0,0.0,0.0,0.0,0.0
R02,training,05,456,0,0.0,0.0,0.0,0.0
R02,training,05,457,0,0.0,0.0,0.0,0.0
R02,training,05,458,0,0.0,0.0,0.0,0.0
R02,training,05,459,0,0.0,0.0,0.0,0.0
R02,training,05,460,0,0.0,0.0,0.0,0.0
R02,training,05,461,0,0.0,0.0,0.0,0.0
R02,training,05,462,0,0.0,0.0,0.0,0.0
R02,training,05,463,0,0.0,0.0,0.0,0.0
R02,training,05,464,0,0.0,0.0,0.0,0.0
R02,training,05,465,0,0.0,0.0,0.0,0.0
R02,training,05,466,0,0.0,0.0,0.0,0.0
R02,training,05,467,0,0.0,0.0,0.0,0.0
R02,training,05,468,0,0.0,0.0,0.0,0.0
R02,training,05,469,0,0.0,0.0,0.0,0.0
R02,training,05,470,0,0.0,0.0,0.0,0.0
R02,training,05,471,0,0.0,0.0,0.0,0.0
R02,training,05,472,0,0.0,0.0,0.0,0.0
R02,training,05,473,0,0.0,0.0,0.0,0.0
R02,training,05,474,0,0.0,0.0,0.0,0.0
R02,training,05,475,0,0.0,0.0,0.0,0.0
R02,training,05,476,0,0.0,0.0,0.0,0.0
R02,training,05,477,0,0.0,0.0,0.0,0.0
R02,training,05,478,0,0.0,0.0,0.0,0.0
R02,training,05,479,0,0.0,0.0,0.0,0.0
R02,training,05,480,0,0.0,0.0,0.0,0.0
R02,training,05,481,0,0.0,0.0,0.0,0.0
R02,training,05,482,0,0.0,0.0,0.0,0.0
R02,training,05,483,0,0.0,0.0,0.0,0.0
R02,training,05,484,0,0.0,0.0,0.0,0.0
R02,training,05,485,0,0.0,0.0,0.0,0.0
R02,training,05,486,0,0.0,0.0,0.0,0.0
R02,training,05,487,0,0.0,0.0,0.0,0.0
R02,training,05,488,0,0.0,0.0,0.0,0.0
R02,training,05,489,0,0.0,0.0,0.0,0.0
R02,training,05,490,0,0.0,0.0,0.0,0.0
R02,training,05,491,0,0.0,0.0,0.0,0.0
R02,training,05,492,0,0.0,0.0,0.0,0.0
R02,training,05,493,0,0.0,0.0,0.0,0.0
R02,training,05,494,0,0.0,0.0,0.0,0.0
R02,training,05,495,0,0.0,0.0,0.0,0.0
R02,training,05,496,0,0.0,0.0,0.0,0.0
R02,training,05,497,0,0.0,0.0,0.0,0.0
R02,training,05,498,0,0.0,0.0,0.0,0.0
R02,training,05,499,0,0.0,0.0,0.0,0.0
R02,training,05,500,0,0.0,0.0,0.0,0.0
R02,training,05,501,0,0.0,0.0,0.0,0.0
R02,training,05,502,0,0.0,0.0,0.0,0.0
R02,training,05,503,0,0.0,0.0,0.0,0.0
R02,training,05,504,0,0.0,0.0,0.0,0.0
R02,training,05,505,0,0.0,0.0,0.0,0.0
R02,training,05,506,0,0.0,0.0,0.0,0.0
R02,training,05,507,0,0.0,0.0,0.0,0.0
R02,training,05,508,0,0.0,0.0,0.0,0.0
R02,training,05,509,0,0.0,0.0,0.0,0.0
R02,training,05,510,0,0.0,0.0,0.0,0.0
R02,training,05,511,0,0.0,0.0,0.0,0.0
R02,training,05,512,0,0.0,0.0,0.0,0.0
R02,training,05,513,0,0.0,0.0,0.0,0.0
R02,training,05,514,0,0.0,0.0,0.0,0.0
R02,training,05,515,0,0.0,0.0,0.0,0.0
R02,training,05,516,0,0.0,0.0,0.0,0.0
R02,training,05,517,0,0.0,0.0,0.0,0.0
R02,training,05,518,0,0.0,0.0,0.0,0.0
R02,training,05,519,0,0.0,0.0,0.0,0.0
R02,training,05,520,0,0.0,0.0,0.0,0.0
R02,training,05,521,0,0.0,0.0,0.0,0.0
R02,training,05,522,0,0.0,0.0,0.0,0.0
R02,training,05,523,0,0.0,0.0,0.0,0.0
R02,training,05,524,0,0.0,0.0,0.0,0.0
R02,training,05,525,0,0.0,0.0,0.0,0.0
R02,training,05,526,0,0.0,0.0,0.0,0.0
R02,training,05,527,0,0.0,0.0,0.0,0.0
R02,training,05,528,0,0.0,0.0,0.0,0.0
R02,training,05,529,0,0.0,0.0,0.0,0.0
R02,training,05,530,0,0.0,0.0,0.0,0.0
R02,training,05,531,0,0.0,0.0,0.0,0.0
R02,training,05,532,0,0.0,0.0,0.0,0.0
R02,training,05,533,0,0.0,0.0,0.0,0.0
R02,training,05,534,0,0.0,0.0,0.0,0.0
R02,training,05,535,0,0.0,0.0,0.0,0.0
R02,training,05,536,0,0.0,0.0,0.0,0.0
R02,training,05,537,0,0.0,0.0,0.0,0.0
R02,training,05,538,0,0.0,0.0,0.0,0.0
R02,training,05,539,0,0.0,0.0,0.0,0.0
R02,training,05,540,0,0.0,0.0,0.0,0.0
R02,training,05,541,0,0.0,0.0,0.0,0.0
R02,training,05,542,0,0.0,0.0,0.0,0.0
R02,training,05,543,0,0.0,0.0,0.0,0.0
R02,training,05,544,0,0.0,0.0,0.0,0.0
R02,training,05,545,0,0.0,0.0,0.0,0.0
R02,training,05,546,0,0.0,0.0,0.0,0.0
R02,training,05,547,0,0.0,0.0,0.0,0.0
R02,training,05,548,0,0.0,0.0,0.0,0.0
R02,training,05,549,0,0.0,0.0,0.0,0.0
R02,training,05,550,0,0.0,0.0,0.0,0.0
R02,training,05,551,0,0.0,0.0,0.0,0.0
R02,training,05,552,0,0.0,0.0,0.0,0.0
R02,training,05,553,0,0.0,0.0,0.0,0.0
R02,training,05,554,0,0.0,0.0,0.0,0.0
R02,training,05,555,0,0.0,0.0,0.0,0.0
R02,training,05,556,0,0.0,0.0,0.0,0.0
R02,training,05,557,0,0.0,0.0,0.0,0.0
R02,training,05,558,0,0.0,0.0,0.0,0.0
R02,training,05,559,0,0.0,0.0,0.0,0.0
R02,training,05,560,0,0.0,0.0,0.0,0.0
R02,training,05,561,0,0.0,0.0,0.0,0.0
R02,training,05,562,0,0.0,0.0,0.0,0.0
R02,training,05,563,0,0.0,0.0,0.0,0.0
R02,training,05,564,0,0.0,0.0,0.0,0.0
R02,training,05,565,0,0.0,0.0,0.0,0.0
R02,training,05,566,0,0.0,0.0,0.0,0.0
R02,training,05,567,0,0.0,0.0,0.0,0.0
R02,training,05,568,0,0.0,0.0,0.0,0.0
R02,training,05,569,0,0.0,0.0,0.0,0.0
R02,training,05,570,0,0.0,0.0,0.0,0.0
R02,training,05,571,0,0.0,0.0,0.0,0.0
R02,training,05,572,0,0.0,0.0,0.0,0.0
R02,training,05,573,0,0.0,0.0,0.0,0.0
R02,training,05,574,0,0.0,0.0,0.0,0.0
R02,training,05,575,0,0.0,0.0,0.0,0.0
R02,training,05,576,0,0.0,0.0,0.0,0.0
R02,training,05,577,0,0.0,0.0,0.0,0.0
R02,training,05,578,0,0.0,0.0,0.0,0.0
R02,training,05,579,0,0.0,0.0,0.0,0.0
R02,training,05,580,0,0.0,0.0,0.0,0.0
R02,training,05,581,0,0.0,0.0,0.0,0.0
R02,training,05,582,0,0.0,0.0,0.0,0.0
R02,training,05,583,0,0.0,0.0,0.0,0.0
R02,training,05,584,0,0.0,0.0,0.0,0.0
R02,training,05,585,0,0.0,0.0,0.0,0.0
R02,training,05,586,0,0.0,0.0,0.0,0.0
R02,training,05,587,0,0.0,0.0,0.0,0.0
R02,training,05,588,0,0.0,0.0,0.0,0.0
R02,training,05,589,0,0.0,0.0,0.0,0.0
R02,training,05,590,0,0.0,0.0,0.0,0.0
R02,training,05,591,0,0.0,0.0,0.0,0.0
R02,training,05,592,0,0.0,0.0,0.0,0.0
R02,training,05,593,0,0.0,0.0,0.0,0.0
R02,training,05,594,0,0.0,0.0,0.0,0.0
R02,training,05,595,0,0.0,0.0,0.0,0.0
R02,training,05,596,0,0.0,0.0,0.0,0.0
R02,training,05,597,0,0.0,0.0,0.0,0.0
R02,training,05,598,0,0.0,0.0,0.0,0.0
R02,training,05,599,0,0.0,0.0,0.0,0.0
R02,training,05,600,0,0.0,0.0,0.0,0.0
R02,training,05,601,0,0.0,0.0,0.0,0.0
R02,training,09,0,0,0.0,0.0,0.0,0.0
R02,training,09,1,0,0.0,0.0,0.0,0.0
R02,training,09,2,0,0.0,0.0,0.0,0.0
R02,training,09,3,0,0.0,0.0,0.0,0.0
R02,training,09,4,0,0.0,0.0,0.0,0.0
R02,training,09,5,0,0.0,0.0,0.0,0.0
R02,training,09,6,0,0.0,0.0,0.0,0.0
R02,training,09,7,0,0.0,0.0,0.0,0.0
R02,training,09,8,0,0.0,0.0,0.0,0.0
R02,training,09,9,0,0.0,0.0,0.0,0.0
R02,training,09,10,0,0.0,0.0,0.0,0.0
R02,training,09,11,0,0.0,0.0,0.0,0.0
R02,training,09,12,0,0.0,0.0,0.0,0.0
R02,training,09,13,0,0.0,0.0,0.0,0.0
R02,training,09,14,0,0.0,0.0,0.0,0.0
R02,training,09,15,0,0.0,0.0,0.0,0.0
R02,training,09,16,0,0.0,0.0,0.0,0.0
R02,training,09,17,0,0.0,0.0,0.0,0.0
R02,training,09,18,0,0.0,0.0,0.0,0.0
R02,training,09,19,0,0.0,0.0,0.0,0.0
R02,training,09,20,0,0.0,0.0,0.0,0.0
R02,training,09,21,0,0.0,0.0,0.0,0.0
R02,training,09,22,0,0.0,0.0,0.0,0.0
R02,training,09,23,0,0.0,0.0,0.0,0.0
R02,training,09,24,0,0.0,0.0,0.0,0.0
R02,training,09,25,0,0.0,0.0,0.0,0.0
R02,training,09,26,0,0.0,0.0,0.0,0.0
R02,training,09,27,0,0.0,0.0,0.0,0.0
R02,training,09,28,0,0.0,0.0,0.0,0.0
R02,training,09,29,0,0.0,0.0,0.0,0.0
R02,training,09,30,0,0.0,0.0,0.0,0.0
R02,training,09,31,0,0.0,0.0,0.0,0.0
R02,training,09,32,0,0.0,0.0,0.0,0.0
R02,training,09,33,0,0.0,0.0,0.0,0.0
R02,training,09,34,0,0.0,0.0,0.0,0.0
R02,training,09,35,0,0.0,0.0,0.0,0.0
R02,training,09,36,0,0.0,0.0,0.0,0.0
R02,training,09,37,0,0.0,0.0,0.0,0.0
R02,training,09,38,0,0.0,0.0,0.0,0.0
R02,training,09,39,0,0.0,0.0,0.0,0.0
R02,training,09,40,0,0.0,0.0,0.0,0.0
R02,training,09,41,0,0.0,0.0,0.0,0.0
R02,training,09,42,0,0.0,0.0,0.0,0.0
R02,training,09,43,0,0.0,0.0,0.0,0.0
R02,training,09,44,0,0.0,0.0,0.0,0.0
R02,training,09,45,0,0.0,0.0,0.0,0.0
R02,training,09,46,0,0.0,0.0,0.0,0.0
R02,training,09,47,0,0.0,0.0,0.0,0.0
R02,training,09,48,0,0.0,0.0,0.0,0.0
R02,training,09,49,0,0.0,0.0,0.0,0.0
R02,training,09,50,0,0.0,0.0,0.0,0.0
R02,training,09,51,0,0.0,0.0,0.0,0.0
R02,training,09,52,0,0.0,0.0,0.0,0.0
R02,training,09,53,0,0.0,0.0,0.0,0.0
R02,training,09,54,0,0.0,0.0,0.0,0.0
R02,training,09,55,0,0.0,0.0,0.0,0.0
R02,training,09,56,0,0.0,0.0,0.0,0.0
R02,training,09,57,0,0.0,0.0,0.0,0.0
R02,training,09,58,0,0.0,0.0,0.0,0.0
R02,training,09,59,0,0.0,0.0,0.0,0.0
R02,training,09,60,0,0.0,0.0,0.0,0.0
R02,training,09,61,0,0.0,0.0,0.0,0.0
R02,training,09,62,0,0.0,0.0,0.0,0.0
R02,training,09,63,0,0.0,0.0,0.0,0.0
R02,training,09,64,0,0.0,0.0,0.0,0.0
R02,training,09,65,0,0.0,0.0,0.0,0.0
R02,training,09,66,0,0.0,0.0,0.0,0.0
R02,training,09,67,0,0.0,0.0,0.0,0.0
R02,training,09,68,0,0.0,0.0,0.0,0.0
R02,training,09,69,0,0.0,0.0,0.0,0.0
R02,training,09,70,0,0.0,0.0,0.0,0.0
R02,training,09,71,0,0.0,0.0,0.0,0.0
R02,training,09,72,0,0.0,0.0,0.0,0.0
R02,training,09,73,0,0.0,0.0,0.0,0.0
R02,training,09,74,0,0.0,0.0,0.0,0.0
R02,training,09,75,0,0.0,0.0,0.0,0.0
R02,training,09,76,0,0.0,0.0,0.0,0.0
R02,training,09,77,0,0.0,0.0,0.0,0.0
R02,training,09,78,0,0.0,0.0,0.0,0.0
R02,training,09,79,0,0.0,0.0,0.0,0.0
R02,training,09,80,0,0.0,0.0,0.0,0.0
R02,training,09,81,0,0.0,0.0,0.0,0.0
R02,training,09,82,0,0.0,0.0,0.0,0.0
R02,training,09,83,0,0.0,0.0,0.0,0.0
R02,training,09,84,0,0.0,0.0,0.0,0.0
R02,training,09,85,0,0.0,0.0,0.0,0.0
R02,training,09,86,0,0.0,0.0,0.0,0.0
R02,training,09,87,0,0.0,0.0,0.0,0.0
R02,training,09,88,0,0.0,0.0,0.0,0.0
R02,training,09,89,0,0.0,0.0,0.0,0.0
R02,training,09,90,0,0.0,0.0,0.0,0.0
R02,training,09,91,0,0.0,0.0,0.0,0.0
R02,training,09,92,0,0.0,0.0,0.0,0.0
R02,training,09,93,0,0.0,0.0,0.0,0.0
R02,training,09,94,0,0.0,0.0,0.0,0.0
R02,training,09,95,0,0.0,0.0,0.0,0.0
R02,training,09,96,0,0.0,0.0,0.0,0.0
R02,training,09,97,0,0.0,0.0,0.0,0.0
R02,training,09,98,0,0.0,0.0,0.0,0.0
R02,training,09,99,0,0.0,0.0,0.0,0.0
R02,training,09,100,0,0.0,0.0,0.0,0.0
R02,training,09,101,0,0.0,0.0,0.0,0.0
R02,training,09,102,0,0.0,0.0,0.0,0.0
R02,training,09,103,0,0.0,0.0,0.0,0.0
R02,training,09,104,0,0.0,0.0,0.0,0.0
R02,training,09,105,0,0.0,0.0,0.0,0.0
R02,training,09,106,0,0.0,0.0,0.0,0.0
R02,training,09,107,0,0.0,0.0,0.0,0.0
R02,training,09,108,0,0.0,0.0,0.0,0.0
R02,training,09,109,0,0.0,0.0,0.0,0.0
R02,training,09,110,0,0.0,0.0,0.0,0.0
R02,training,09,111,0,0.0,0.0,0.0,0.0
R02,training,09,112,0,0.0,0.0,0.0,0.0
R02,training,09,113,0,0.0,0.0,0.0,0.0
R02,training,09,114,0,0.0,0.0,0.0,0.0
R02,training,09,115,0,0.0,0.0,0.0,0.0
R02,training,09,116,0,0.0,0.0,0.0,0.0
R02,training,09,117,0,0.0,0.0,0.0,0.0
R02,training,09,118,0,0.0,0.0,0.0,0.0
R02,training,09,119,0,0.0,0.0,0.0,0.0
R02,training,09,120,0,0.0,0.0,0.0,0.0
R02,training,09,121,0,0.0,0.0,0.0,0.0
R02,training,09,122,0,0.0,0.0,0.0,0.0
R02,training,09,123,0,0.0,0.0,0.0,0.0
R02,training,09,124,0,0.0,0.0,0.0,0.0
R02,training,09,125,0,0.0,0.0,0.0,0.0
R02,training,09,126,0,0.0,0.0,0.0,0.0
R02,training,09,127,0,0.0,0.0,0.0,0.0
R02,training,09,128,0,0.0,0.0,0.0,0.0
R02,training,09,129,0,0.0,0.0,0.0,0.0
R02,training,09,130,0,0.0,0.0,0.0,0.0
R02,training,09,131,0,0.0,0.0,0.0,0.0
R02,training,09,132,0,0.0,0.0,0.0,0.0
R02,training,09,133,0,0.0,0.0,0.0,0.0
R02,training,09,134,0,0.0,0.0,0.0,0.0
R02,training,09,135,0,0.0,0.0,0.0,0.0
R02,training,09,136,0,0.0,0.0,0.0,0.0
R02,training,09,137,0,0.0,0.0,0.0,0.0
R02,training,09,138,0,0.0,0.0,0.0,0.0
R02,training,09,139,0,0.0,0.0,0.0,0.0
R02,training,09,140,0,0.0,0.0,0.0,0.0
R02,training,09,141,0,0.0,0.0,0.0,0.0
R02,training,09,142,0,0.0,0.0,0.0,0.0
R02,training,09,143,0,0.0,0.0,0.0,0.0
R02,training,09,144,0,0.0,0.0,0.0,0.0
R02,training,09,145,0,0.0,0.0,0.0,0.0
R02,training,09,146,0,0.0,0.0,0.0,0.0
R02,training,09,147,0,0.0,0.0,0.0,0.0
R02,training,09,148,0,0.0,0.0,0.0,0.0
R02,training,09,149,0,0.0,0.0,0.0,0.0
R02,training,09,150,0,0.0,0.0,0.0,0.0
R02,training,09,151,0,0.0,0.0,0.0,0.0
R02,training,09,152,0,0.0,0.0,0.0,0.0
R02,training,09,153,0,0.0,0.0,0.0,0.0
R02,training,09,154,0,0.0,0.0,0.0,0.0
R02,training,09,155,0,0.0,0.0,0.0,0.0
R02,training,09,156,0,0.0,0.0,0.0,0.0
R02,training,09,157,0,0.0,0.0,0.0,0.0
R02,training,09,158,0,0.0,0.0,0.0,0.0
R02,training,09,159,0,0.0,0.0,0.0,0.0
R02,training,09,160,0,0.0,0.0,0.0,0.0
R02,training,09,161,0,0.0,0.0,0.0,0.0
R02,training,09,162,0,0.0,0.0,0.0,0.0
R02,training,09,163,0,0.0,0.0,0.0,0.0
R02,training,09,164,0,0.0,0.0,0.0,0.0
R02,training,09,165,0,0.0,0.0,0.0,0.0
R02,training,09,166,0,0.0,0.0,0.0,0.0
R02,training,09,167,0,0.0,0.0,0.0,0.0
R02,training,09,168,0,0.0,0.0,0.0,0.0
R02,training,09,169,0,0.0,0.0,0.0,0.0
R02,training,09,170,0,0.0,0.0,0.0,0.0
R02,training,09,171,0,0.0,0.0,0.0,0.0
R02,training,09,172,0,0.0,0.0,0.0,0.0
R02,training,09,173,0,0.0,0.0,0.0,0.0
R02,training,09,174,0,0.0,0.0,0.0,0.0
R02,training,09,175,0,0.0,0.0,0.0,0.0
R02,training,09,176,0,0.0,0.0,0.0,0.0
R02,training,09,177,0,0.0,0.0,0.0,0.0
R02,training,09,178,0,0.0,0.0,0.0,0.0
R02,training,09,179,0,0.0,0.0,0.0,0.0
R02,training,09,180,0,0.0,0.0,0.0,0.0
R02,training,09,181,0,0.0,0.0,0.0,0.0
R02,training,09,182,0,0.0,0.0,0.0,0.0
R02,training,09,183,0,0.0,0.0,0.0,0.0
R02,training,09,184,0,0.0,0.0,0.0,0.0
R02,training,09,185,0,0.0,0.0,0.0,0.0
R02,training,09,186,0,0.0,0.0,0.0,0.0
R02,training,09,187,0,0.0,0.0,0.0,0.0
R02,training,09,188,0,0.0,0.0,0.0,0.0
R02,training,09,189,0,0.0,0.0,0.0,0.0
R02,training,09,190,0,0.0,0.0,0.0,0.0
R02,training,09,191,0,0.0,0.0,0.0,0.0
R02,training,09,192,0,0.0,0.0,0.0,0.0
R02,training,09,193,0,0.0,0.0,0.0,0.0
R02,training,09,194,0,0.0,0.0,0.0,0.0
R02,training,09,195,0,0.0,0.0,0.0,0.0
R02,training,09,196,0,0.0,0.0,0.0,0.0
R02,training,09,197,0,0.0,0.0,0.0,0.0
R02,training,09,198,0,0.0,0.0,0.0,0.0
R02,training,09,199,0,0.0,0.0,0.0,0.0
R02,training,09,200,0,0.0,0.0,0.0,0.0
R02,training,09,201,0,0.0,0.0,0.0,0.0
R02,training,09,202,0,0.0,0.0,0.0,0.0
R02,training,09,203,0,0.0,0.0,0.0,0.0
R02,training,09,204,0,0.0,0.0,0.0,0.0
R02,training,09,205,0,0.0,0.0,0.0,0.0
R02,training,09,206,0,0.0,0.0,0.0,0.0
R02,training,09,207,0,0.0,0.0,0.0,0.0
R02,training,09,208,0,0.0,0.0,0.0,0.0
R02,training,09,209,0,0.0,0.0,0.0,0.0
R02,training,09,210,0,0.0,0.0,0.0,0.0
R02,training,09,211,0,0.0,0.0,0.0,0.0
R02,training,09,212,0,0.0,0.0,0.0,0.0
R02,training,09,213,0,0.0,0.0,0.0,0.0
R02,training,09,214,0,0.0,0.0,0.0,0.0
R02,training,09,215,0,0.0,0.0,0.0,0.0
R02,training,09,216,0,0.0,0.0,0.0,0.0
R02,training,09,217,0,0.0,0.0,0.0,0.0
R02,training,09,218,0,0.0,0.0,0.0,0.0
R02,training,09,219,0,0.0,0.0,0.0,0.0
R02,training,09,220,0,0.0,0.0,0.0,0.0
R02,training,09,221,0,0.0,0.0,0.0,0.0
R02,training,09,222,0,0.0,0.0,0.0,0.0
R02,training,09,223,0,0.0,0.0,0.0,0.0
R02,training,09,224,0,0.0,0.0,0.0,0.0
R02,training,09,225,0,0.0,0.0,0.0,0.0
R02,training,09,226,0,0.0,0.0,0.0,0.0
R02,training,09,227,0,0.0,0.0,0.0,0.0
R02,training,09,228,0,0.0,0.0,0.0,0.0
R02,training,09,229,0,0.0,0.0,0.0,0.0
R02,training,09,230,0,0.0,0.0,0.0,0.0
R02,training,09,231,0,0.0,0.0,0.0,0.0
R02,training,09,232,0,0.0,0.0,0.0,0.0
R02,training,09,233,0,0.0,0.0,0.0,0.0
R02,training,09,234,0,0.0,0.0,0.0,0.0
R02,training,09,235,0,0.0,0.0,0.0,0.0
R02,training,09,236,0,0.0,0.0,0.0,0.0
R02,training,09,237,0,0.0,0.0,0.0,0.0
R02,training,09,238,0,0.0,0.0,0.0,0.0
R02,training,09,239,0,0.0,0.0,0.0,0.0
R02,training,09,240,0,0.0,0.0,0.0,0.0
R02,training,09,241,0,0.0,0.0,0.0,0.0
R02,training,09,242,0,0.0,0.0,0.0,0.0
R02,training,09,243,0,0.0,0.0,0.0,0.0
R02,training,09,244,0,0.0,0.0,0.0,0.0
R02,training,09,245,0,0.0,0.0,0.0,0.0
R02,training,09,246,0,0.0,0.0,0.0,0.0
R02,training,09,247,0,0.0,0.0,0.0,0.0
R02,training,09,248,0,0.0,0.0,0.0,0.0
R02,training,09,249,0,0.0,0.0,0.0,0.0
R02,training,09,250,0,0.0,0.0,0.0,0.0
R02,training,09,251,0,0.0,0.0,0.0,0.0
R02,training,09,252,0,0.0,0.0,0.0,0.0
R02,training,09,253,0,0.0,0.0,0.0,0.0
R02,training,09,254,0,0.0,0.0,0.0,0.0
R02,training,09,255,0,0.0,0.0,0.0,0.0
R02,training,09,256,0,0.0,0.0,0.0,0.0
R02,training,09,257,0,0.0,0.0,0.0,0.0
R02,training,09,258,0,0.0,0.0,0.0,0.0
R02,training,09,259,0,0.0,0.0,0.0,0.0
R02,training,09,260,0,0.0,0.0,0.0,0.0
R02,training,09,261,0,0.0,0.0,0.0,0.0
R02,training,09,262,0,0.0,0.0,0.0,0.0
R02,training,09,263,0,0.0,0.0,0.0,0.0
R02,training,09,264,0,0.0,0.0,0.0,0.0
R02,training,09,265,0,0.0,0.0,0.0,0.0
R02,training,09,266,0,0.0,0.0,0.0,0.0
R02,training,09,267,0,0.0,0.0,0.0,0.0
R02,training,09,268,0,0.0,0.0,0.0,0.0
R02,training,09,269,0,0.0,0.0,0.0,0.0
R02,training,09,270,0,0.0,0.0,0.0,0.0
R02,training,09,271,0,0.0,0.0,0.0,0.0
R02,training,09,272,0,0.0,0.0,0.0,0.0
R02,training,09,273,0,0.0,0.0,0.0,0.0
R02,training,09,274,0,0.0,0.0,0.0,0.0
R02,training,09,275,0,0.0,0.0,0.0,0.0
R02,training,09,276,0,0.0,0.0,0.0,0.0
R02,training,09,277,0,0.0,0.0,0.0,0.0
R02,training,09,278,0,0.0,0.0,0.0,0.0
R02,training,09,279,0,0.0,0.0,0.0,0.0
R02,training,09,280,0,0.0,0.0,0.0,0.0
R02,training,09,281,0,0.0,0.0,0.0,0.0
R02,training,09,282,0,0.0,0.0,0.0,0.0
R02,training,09,283,0,0.0,0.0,0.0,0.0
R02,training,09,284,0,0.0,0.0,0.0,0.0
R02,training,09,285,0,0.0,0.0,0.0,0.0
R02,training,09,286,0,0.0,0.0,0.0,0.0
R02,training,09,287,0,0.0,0.0,0.0,0.0
R02,training,09,288,0,0.0,0.0,0.0,0.0
R02,training,09,289,0,0.0,0.0,0.0,0.0
R02,training,09,290,0,0.0,0.0,0.0,0.0
R02,training,09,291,0,0.0,0.0,0.0,0.0
R02,training,09,292,0,0.0,0.0,0.0,0.0
R02,training,09,293,0,0.0,0.0,0.0,0.0
R02,training,09,294,0,0.0,0.0,0.0,0.0
R02,training,09,295,0,0.0,0.0,0.0,0.0
R02,training,09,296,0,0.0,0.0,0.0,0.0
R02,training,09,297,0,0.0,0.0,0.0,0.0
R02,training,09,298,0,0.0,0.0,0.0,0.0
R02,training,09,299,0,0.0,0.0,0.0,0.0
R02,training,09,300,0,0.0,0.0,0.0,0.0
R02,training,09,301,0,0.0,0.0,0.0,0.0
R02,training,09,302,0,0.0,0.0,0.0,0.0
R02,training,09,303,0,0.0,0.0,0.0,0.0
R02,training,09,304,0,0.0,0.0,0.0,0.0
R02,training,09,305,0,0.0,0.0,0.0,0.0
R02,training,09,306,0,0.0,0.0,0.0,0.0
R02,training,09,307,0,0.0,0.0,0.0,0.0
R02,training,09,308,0,0.0,0.0,0.0,0.0
R02,training,09,309,0,0.0,0.0,0.0,0.0
R02,training,09,310,0,0.0,0.0,0.0,0.0
R02,training,09,311,0,0.0,0.0,0.0,0.0
R02,training,09,312,0,0.0,0.0,0.0,0.0
R02,training,09,313,0,0.0,0.0,0.0,0.0
R02,training,09,314,0,0.0,0.0,0.0,0.0
R02,training,09,315,0,0.0,0.0,0.0,0.0
R02,training,09,316,0,0.0,0.0,0.0,0.0
R02,training,09,317,0,0.0,0.0,0.0,0.0
R02,training,09,318,0,0.0,0.0,0.0,0.0
R02,training,09,319,0,0.0,0.0,0.0,0.0
R02,training,09,320,0,0.0,0.0,0.0,0.0
R02,training,09,321,0,0.0,0.0,0.0,0.0
R02,training,09,322,0,0.0,0.0,0.0,0.0
R02,training,09,323,0,0.0,0.0,0.0,0.0
R02,training,09,324,0,0.0,0.0,0.0,0.0
R02,training,09,325,0,0.0,0.0,0.0,0.0
R02,training,09,326,0,0.0,0.0,0.0,0.0
R02,training,09,327,0,0.0,0.0,0.0,0.0
R02,training,09,328,0,0.0,0.0,0.0,0.0
R02,training,09,329,0,0.0,0.0,0.0,0.0
R02,training,09,330,0,0.0,0.0,0.0,0.0
R02,training,09,331,0,0.0,0.0,0.0,0.0
R02,training,09,332,0,0.0,0.0,0.0,0.0
R02,training,09,333,0,0.0,0.0,0.0,0.0
R02,training,09,334,0,0.0,0.0,0.0,0.0
R02,training,09,335,0,0.0,0.0,0.0,0.0
R02,training,09,336,0,0.0,0.0,0.0,0.0
R02,training,09,337,0,0.0,0.0,0.0,0.0
R02,training,09,338,0,0.0,0.0,0.0,0.0
R02,training,09,339,0,0.0,0.0,0.0,0.0
R02,training,09,340,0,0.0,0.0,0.0,0.0
R02,training,09,341,0,0.0,0.0,0.0,0.0
R02,training,09,342,0,0.0,0.0,0.0,0.0
R02,training,09,343,0,0.0,0.0,0.0,0.0
R02,training,09,344,0,0.0,0.0,0.0,0.0
R02,training,09,345,0,0.0,0.0,0.0,0.0
R02,training,09,346,0,0.0,0.0,0.0,0.0
R02,training,09,347,0,0.0,0.0,0.0,0.0
R02,training,09,348,0,0.0,0.0,0.0,0.0
R02,training,09,349,0,0.0,0.0,0.0,0.0
R02,training,09,350,0,0.0,0.0,0.0,0.0
R02,training,09,351,0,0.0,0.0,0.0,0.0
R02,training,09,352,0,0.0,0.0,0.0,0.0
R02,training,09,353,0,0.0,0.0,0.0,0.0
R02,training,09,354,0,0.0,0.0,0.0,0.0
R02,training,09,355,0,0.0,0.0,0.0,0.0
R02,training,09,356,0,0.0,0.0,0.0,0.0
R02,training,09,357,0,0.0,0.0,0.0,0.0
R02,training,09,358,0,0.0,0.0,0.0,0.0
R02,training,09,359,0,0.0,0.0,0.0,0.0
R02,training,09,360,0,0.0,0.0,0.0,0.0
R02,training,09,361,0,0.0,0.0,0.0,0.0
R02,training,09,362,0,0.0,0.0,0.0,0.0
R02,training,09,363,0,0.0,0.0,0.0,0.0
R02,training,09,364,0,0.0,0.0,0.0,0.0
R02,training,09,365,0,0.0,0.0,0.0,0.0
R02,training,09,366,0,0.0,0.0,0.0,0.0
R02,training,09,367,0,0.0,0.0,0.0,0.0
R02,training,09,368,0,0.0,0.0,0.0,0.0
R02,training,09,369,0,0.0,0.0,0.0,0.0
R02,training,09,370,0,0.0,0.0,0.0,0.0
R02,training,09,371,0,0.0,0.0,0.0,0.0
R02,training,09,372,0,0.0,0.0,0.0,0.0
R02,training,09,373,0,0.0,0.0,0.0,0.0
R02,training,09,374,0,0.0,0.0,0.0,0.0
R02,training,09,375,0,0.0,0.0,0.0,0.0
R02,training,09,376,0,0.0,0.0,0.0,0.0
R02,training,09,377,0,0.0,0.0,0.0,0.0
R02,training,09,378,0,0.0,0.0,0.0,0.0
R02,training,09,379,0,0.0,0.0,0.0,0.0
R02,training,09,380,0,0.0,0.0,0.0,0.0
R02,training,09,381,0,0.0,0.0,0.0,0.0
R02,training,09,382,0,0.0,0.0,0.0,0.0
R02,training,09,383,0,0.0,0.0,0.0,0.0
R02,training,09,384,0,0.0,0.0,0.0,0.0
R02,training,09,385,0,0.0,0.0,0.0,0.0
R02,training,09,386,0,0.0,0.0,0.0,0.0
R02,training,09,387,0,0.0,0.0,0.0,0.0
R02,training,09,388,0,0.0,0.0,0.0,0.0
R02,training,09,389,0,0.0,0.0,0.0,0.0
R02,training,09,390,0,0.0,0.0,0.0,0.0
R02,training,09,391,0,0.0,0.0,0.0,0.0
R02,training,09,392,0,0.0,0.0,0.0,0.0
R02,training,09,393,0,0.0,0.0,0.0,0.0
R02,training,09,394,0,0.0,0.0,0.0,0.0
R02,training,09,395,0,0.0,0.0,0.0,0.0
R02,training,09,396,0,0.0,0.0,0.0,0.0
R02,training,09,397,0,0.0,0.0,0.0,0.0
R02,training,09,398,0,0.0,0.0,0.0,0.0
R02,training,09,399,0,0.0,0.0,0.0,0.0
R02,training,09,400,0,0.0,0.0,0.0,0.0
R02,training,09,401,0,0.0,0.0,0.0,0.0
R02,training,09,402,0,0.0,0.0,0.0,0.0
R02,training,09,403,0,0.0,0.0,0.0,0.0
R02,training,09,404,0,0.0,0.0,0.0,0.0
R02,training,09,405,0,0.0,0.0,0.0,0.0
R02,training,09,406,0,0.0,0.0,0.0,0.0
R02,training,09,407,0,0.0,0.0,0.0,0.0
R02,training,09,408,0,0.0,0.0,0.0,0.0
R02,training,09,409,0,0.0,0.0,0.0,0.0
R02,training,09,410,0,0.0,0.0,0.0,0.0
R02,training,09,411,0,0.0,0.0,0.0,0.0
R02,training,09,412,0,0.0,0.0,0.0,0.0
R02,training,09,413,0,0.0,0.0,0.0,0.0
R02,training,09,414,0,0.0,0.0,0.0,0.0
R02,training,09,415,0,0.0,0.0,0.0,0.0
R02,training,09,416,0,0.0,0.0,0.0,0.0
R02,training,09,417,0,0.0,0.0,0.0,0.0
R02,training,09,418,0,0.0,0.0,0.0,0.0
R02,training,09,419,0,0.0,0.0,0.0,0.0
R02,training,09,420,0,0.0,0.0,0.0,0.0
R02,training,09,421,0,0.0,0.0,0.0,0.0
R02,training,09,422,0,0.0,0.0,0.0,0.0
R02,training,09,423,0,0.0,0.0,0.0,0.0
R02,training,09,424,0,0.0,0.0,0.0,0.0
R02,training,09,425,0,0.0,0.0,0.0,0.0
R02,training,09,426,0,0.0,0.0,0.0,0.0
R02,training,09,427,0,0.0,0.0,0.0,0.0
R02,training,09,428,0,0.0,0.0,0.0,0.0
R02,training,09,429,0,0.0,0.0,0.0,0.0
R02,training,09,430,0,0.0,0.0,0.0,0.0
R02,training,09,431,0,0.0,0.0,0.0,0.0
R02,training,09,432,0,0.0,0.0,0.0,0.0
R02,training,09,433,0,0.0,0.0,0.0,0.0
R02,training,09,434,0,0.0,0.0,0.0,0.0
R02,training,09,435,0,0.0,0.0,0.0,0.0
R02,training,09,436,0,0.0,0.0,0.0,0.0
R02,training,09,437,0,0.0,0.0,0.0,0.0
R02,training,09,438,0,0.0,0.0,0.0,0.0
R02,training,09,439,0,0.0,0.0,0.0,0.0
R02,training,09,440,0,0.0,0.0,0.0,0.0
R02,training,09,441,0,0.0,0.0,0.0,0.0
R02,training,09,442,0,0.0,0.0,0.0,0.0
R02,training,09,443,0,0.0,0.0,0.0,0.0
R02,training,09,444,0,0.0,0.0,0.0,0.0
R02,training,09,445,0,0.0,0.0,0.0,0.0
R02,training,09,446,0,0.0,0.0,0.0,0.0
R02,training,09,447,0,0.0,0.0,0.0,0.0
R02,training,09,448,0,0.0,0.0,0.0,0.0
R02,training,09,449,0,0.0,0.0,0.0,0.0
R02,training,09,450,0,0.0,0.0,0.0,0.0
R02,training,09,451,0,0.0,0.0,0.0,0.0
R02,training,09,452,0,0.0,0.0,0.0,0.0
R02,training,09,453,0,0.0,0.0,0.0,0.0
R02,training,09,454,0,0.0,0.0,0.0,0.0
R02,training,09,455,0,0.0,0.0,0.0,0.0
R02,training,09,456,0,0.0,0.0,0.0,0.0
R02,training,09,457,0,0.0,0.0,0.0,0.0
R02,training,09,458,0,0.0,0.0,0.0,0.0
R02,training,09,459,0,0.0,0.0,0.0,0.0
R02,training,09,460,0,0.0,0.0,0.0,0.0
R02,training,09,461,0,0.0,0.0,0.0,0.0
R02,training,09,462,0,0.0,0.0,0.0,0.0
R02,training,09,463,0,0.0,0.0,0.0,0.0
R02,training,09,464,0,0.0,0.0,0.0,0.0
R02,training,09,465,0,0.0,0.0,0.0,0.0
R02,training,09,466,0,0.0,0.0,0.0,0.0
R02,training,09,467,0,0.0,0.0,0.0,0.0
R02,training,09,468,0,0.0,0.0,0.0,0.0
R02,training,09,469,0,0.0,0.0,0.0,0.0
R02,training,09,470,0,0.0,0.0,0.0,0.0
R02,training,09,471,0,0.0,0.0,0.0,0.0
R02,training,09,472,0,0.0,0.0,0.0,0.0
R02,training,09,473,0,0.0,0.0,0.0,0.0
R02,training,09,474,0,0.0,0.0,0.0,0.0
R02,training,09,475,0,0.0,0.0,0.0,0.0
R02,training,09,476,0,0.0,0.0,0.0,0.0
R02,training,09,477,0,0.0,0.0,0.0,0.0
R02,training,09,478,0,0.0,0.0,0.0,0.0
R02,training,09,479,0,0.0,0.0,0.0,0.0
R02,training,09,480,0,0.0,0.0,0.0,0.0
R02,training,09,481,0,0.0,0.0,0.0,0.0
R02,training,09,482,0,0.0,0.0,0.0,0.0
R02,training,09,483,0,0.0,0.0,0.0,0.0
R02,training,09,484,0,0.0,0.0,0.0,0.0
R02,training,09,485,0,0.0,0.0,0.0,0.0
R02,training,09,486,0,0.0,0.0,0.0,0.0
R02,training,09,487,0,0.0,0.0,0.0,0.0
R02,training,09,488,0,0.0,0.0,0.0,0.0
R02,training,09,489,0,0.0,0.0,0.0,0.0
R02,training,09,490,0,0.0,0.0,0.0,0.0
R02,training,09,491,0,0.0,0.0,0.0,0.0
R02,training,09,492,0,0.0,0.0,0.0,0.0
R02,training,09,493,0,0.0,0.0,0.0,0.0
R02,training,09,494,0,0.0,0.0,0.0,0.0
R02,training,09,495,0,0.0,0.0,0.0,0.0
R02,training,09,496,0,0.0,0.0,0.0,0.0
R02,training,09,497,0,0.0,0.0,0.0,0.0
R02,training,09,498,0,0.0,0.0,0.0,0.0
R02,training,09,499,0,0.0,0.0,0.0,0.0
R02,training,09,500,0,0.0,0.0,0.0,0.0
R02,training,09,501,0,0.0,0.0,0.0,0.0
R02,training,09,502,0,0.0,0.0,0.0,0.0
R02,training,09,503,0,0.0,0.0,0.0,0.0
R02,training,09,504,0,0.0,0.0,0.0,0.0
R02,training,09,505,0,0.0,0.0,0.0,0.0
R02,training,09,506,0,0.0,0.0,0.0,0.0
R02,training,09,507,0,0.0,0.0,0.0,0.0
R02,training,09,508,0,0.0,0.0,0.0,0.0
R02,training,09,509,0,0.0,0.0,0.0,0.0
R02,training,09,510,0,0.0,0.0,0.0,0.0
R02,training,09,511,0,0.0,0.0,0.0,0.0
R02,training,09,512,0,0.0,0.0,0.0,0.0
R02,training,09,513,0,0.0,0.0,0.0,0.0
R02,training,09,514,0,0.0,0.0,0.0,0.0
R02,training,09,515,0,0.0,0.0,0.0,0.0
R02,training,09,516,0,0.0,0.0,0.0,0.0
R02,training,09,517,0,0.0,0.0,0.0,0.0
R02,training,09,518,0,0.0,0.0,0.0,0.0
R02,training,09,519,0,0.0,0.0,0.0,0.0
R02,training,09,520,0,0.0,0.0,0.0,0.0
R02,training,09,521,0,0.0,0.0,0.0,0.0
R02,training,09,522,0,0.0,0.0,0.0,0.0
R02,training,09,523,0,0.0,0.0,0.0,0.0
R02,training,09,524,0,0.0,0.0,0.0,0.0
R02,training,09,525,0,0.0,0.0,0.0,0.0
R02,training,09,526,0,0.0,0.0,0.0,0.0
R02,training,09,527,0,0.0,0.0,0.0,0.0
R02,training,09,528,0,0.0,0.0,0.0,0.0
R02,training,09,529,0,0.0,0.0,0.0,0.0
R02,training,09,530,0,0.0,0.0,0.0,0.0
R02,training,09,531,0,0.0,0.0,0.0,0.0
R02,training,09,532,0,0.0,0.0,0.0,0.0
R02,training,09,533,0,0.0,0.0,0.0,0.0
R02,training,09,534,0,0.0,0.0,0.0,0.0
R02,training,09,535,0,0.0,0.0,0.0,0.0
R02,training,09,536,0,0.0,0.0,0.0,0.0
R02,training,09,537,0,0.0,0.0,0.0,0.0
R02,training,09,538,0,0.0,0.0,0.0,0.0
R02,training,09,539,0,0.0,0.0,0.0,0.0
R02,training,09,540,0,0.0,0.0,0.0,0.0
R02,training,09,541,0,0.0,0.0,0.0,0.0
R02,training,09,542,0,0.0,0.0,0.0,0.0
R02,training,09,543,0,0.0,0.0,0.0,0.0
R02,training,09,544,0,0.0,0.0,0.0,0.0
R02,training,09,545,0,0.0,0.0,0.0,0.0
R02,training,09,546,0,0.0,0.0,0.0,0.0
R02,training,09,547,0,0.0,0.0,0.0,0.0
R02,training,09,548,0,0.0,0.0,0.0,0.0
R02,training,09,549,0,0.0,0.0,0.0,0.0
R02,training,09,550,0,0.0,0.0,0.0,0.0
R02,training,09,551,0,0.0,0.0,0.0,0.0
R02,training,09,552,0,0.0,0.0,0.0,0.0
R02,training,09,553,0,0.0,0.0,0.0,0.0
R02,training,09,554,0,0.0,0.0,0.0,0.0
R02,training,09,555,0,0.0,0.0,0.0,0.0
R02,training,09,556,0,0.0,0.0,0.0,0.0
R02,training,09,557,0,0.0,0.0,0.0,0.0
R02,training,09,558,0,0.0,0.0,0.0,0.0
R02,training,09,559,0,0.0,0.0,0.0,0.0
R02,training,09,560,0,0.0,0.0,0.0,0.0
R02,training,09,561,0,0.0,0.0,0.0,0.0
R02,training,09,562,0,0.0,0.0,0.0,0.0
R02,training,09,563,0,0.0,0.0,0.0,0.0
R02,training,09,564,0,0.0,0.0,0.0,0.0
R02,training,09,565,0,0.0,0.0,0.0,0.0
R02,training,09,566,0,0.0,0.0,0.0,0.0
R02,training,09,567,0,0.0,0.0,0.0,0.0
R02,training,09,568,0,0.0,0.0,0.0,0.0
R02,training,09,569,0,0.0,0.0,0.0,0.0
R02,training,09,570,0,0.0,0.0,0.0,0.0
R02,training,09,571,0,0.0,0.0,0.0,0.0
R02,training,09,572,0,0.0,0.0,0.0,0.0
R02,training,09,573,0,0.0,0.0,0.0,0.0
R02,training,09,574,0,0.0,0.0,0.0,0.0
R02,training,09,575,0,0.0,0.0,0.0,0.0
R02,training,09,576,0,0.0,0.0,0.0,0.0
R02,training,09,577,0,0.0,0.0,0.0,0.0
R02,training,09,578,0,0.0,0.0,0.0,0.0
R02,training,09,579,0,0.0,0.0,0.0,0.0
R02,training,09,580,0,0.0,0.0,0.0,0.0
R02,training,09,581,0,0.0,0.0,0.0,0.0
R02,training,09,582,0,0.0,0.0,0.0,0.0
R02,training,09,583,0,0.0,0.0,0.0,0.0
R02,training,09,584,0,0.0,0.0,0.0,0.0
R02,training,09,585,0,0.0,0.0,0.0,0.0
R02,training,09,586,0,0.0,0.0,0.0,0.0
R02,training,09,587,0,0.0,0.0,0.0,0.0
R02,training,09,588,0,0.0,0.0,0.0,0.0
R02,training,09,589,0,0.0,0.0,0.0,0.0
R02,training,09,590,0,0.0,0.0,0.0,0.0
R02,training,09,591,0,0.0,0.0,0.0,0.0
R02,training,09,592,0,0.0,0.0,0.0,0.0
R02,training,09,593,0,0.0,0.0,0.0,0.0
R02,training,09,594,0,0.0,0.0,0.0,0.0
R02,training,10,0,0,0.0,0.0,0.0,0.0
R02,training,10,1,0,0.0,0.0,0.0,0.0
R02,training,10,2,0,0.0,0.0,0.0,0.0
R02,training,10,3,0,0.0,0.0,0.0,0.0
R02,training,10,4,0,0.0,0.0,0.0,0.0
R02,training,10,5,0,0.0,0.0,0.0,0.0
R02,training,10,6,0,0.0,0.0,0.0,0.0
R02,training,10,7,0,0.0,0.0,0.0,0.0
R02,training,10,8,0,0.0,0.0,0.0,0.0
R02,training,10,9,0,0.0,0.0,0.0,0.0
R02,training,10,10,0,0.0,0.0,0.0,0.0
R02,training,10,11,0,0.0,0.0,0.0,0.0
R02,training,10,12,0,0.0,0.0,0.0,0.0
R02,training,10,13,0,0.0,0.0,0.0,0.0
R02,training,10,14,0,0.0,0.0,0.0,0.0
R02,training,10,15,0,0.0,0.0,0.0,0.0
R02,training,10,16,0,0.0,0.0,0.0,0.0
R02,training,10,17,0,0.0,0.0,0.0,0.0
R02,training,10,18,0,0.0,0.0,0.0,0.0
R02,training,10,19,0,0.0,0.0,0.0,0.0
R02,training,10,20,0,0.0,0.0,0.0,0.0
R02,training,10,21,0,0.0,0.0,0.0,0.0
R02,training,10,22,0,0.0,0.0,0.0,0.0
R02,training,10,23,0,0.0,0.0,0.0,0.0
R02,training,10,24,0,0.0,0.0,0.0,0.0
R02,training,10,25,0,0.0,0.0,0.0,0.0
R02,training,10,26,0,0.0,0.0,0.0,0.0
R02,training,10,27,0,0.0,0.0,0.0,0.0
R02,training,10,28,0,0.0,0.0,0.0,0.0
R02,training,10,29,0,0.0,0.0,0.0,0.0
R02,training,10,30,0,0.0,0.0,0.0,0.0
R02,training,10,31,0,0.0,0.0,0.0,0.0
R02,training,10,32,0,0.0,0.0,0.0,0.0
R02,training,10,33,0,0.0,0.0,0.0,0.0
R02,training,10,34,0,0.0,0.0,0.0,0.0
R02,training,10,35,0,0.0,0.0,0.0,0.0
R02,training,10,36,0,0.0,0.0,0.0,0.0
R02,training,10,37,0,0.0,0.0,0.0,0.0
R02,training,10,38,0,0.0,0.0,0.0,0.0
R02,training,10,39,0,0.0,0.0,0.0,0.0
R02,training,10,40,0,0.0,0.0,0.0,0.0
R02,training,10,41,0,0.0,0.0,0.0,0.0
R02,training,10,42,0,0.0,0.0,0.0,0.0
R02,training,10,43,0,0.0,0.0,0.0,0.0
R02,training,10,44,0,0.0,0.0,0.0,0.0
R02,training,10,45,0,0.0,0.0,0.0,0.0
R02,training,10,46,0,0.0,0.0,0.0,0.0
R02,training,10,47,0,0.0,0.0,0.0,0.0
R02,training,10,48,0,0.0,0.0,0.0,0.0
R02,training,10,49,0,0.0,0.0,0.0,0.0
R02,training,10,50,0,0.0,0.0,0.0,0.0
R02,training,10,51,0,0.0,0.0,0.0,0.0
R02,training,10,52,0,0.0,0.0,0.0,0.0
R02,training,10,53,0,0.0,0.0,0.0,0.0
R02,training,10,54,0,0.0,0.0,0.0,0.0
R02,training,10,55,0,0.0,0.0,0.0,0.0
R02,training,10,56,0,0.0,0.0,0.0,0.0
R02,training,10,57,0,0.0,0.0,0.0,0.0
R02,training,10,58,0,0.0,0.0,0.0,0.0
R02,training,10,59,0,0.0,0.0,0.0,0.0
R02,training,10,60,0,0.0,0.0,0.0,0.0
R02,training,10,61,0,0.0,0.0,0.0,0.0
R02,training,10,62,0,0.0,0.0,0.0,0.0
R02,training,10,63,0,0.0,0.0,0.0,0.0
R02,training,10,64,0,0.0,0.0,0.0,0.0
R02,training,10,65,0,0.0,0.0,0.0,0.0
R02,training,10,66,0,0.0,0.0,0.0,0.0
R02,training,10,67,0,0.0,0.0,0.0,0.0
R02,training,10,68,0,0.0,0.0,0.0,0.0
R02,training,10,69,0,0.0,0.0,0.0,0.0
R02,training,10,70,0,0.0,0.0,0.0,0.0
R02,training,10,71,0,0.0,0.0,0.0,0.0
R02,training,10,72,0,0.0,0.0,0.0,0.0
R02,training,10,73,0,0.0,0.0,0.0,0.0
R02,training,10,74,0,0.0,0.0,0.0,0.0
R02,training,10,75,0,0.0,0.0,0.0,0.0
R02,training,10,76,0,0.0,0.0,0.0,0.0
R02,training,10,77,0,0.0,0.0,0.0,0.0
R02,training,10,78,0,0.0,0.0,0.0,0.0
R02,training,10,79,0,0.0,0.0,0.0,0.0
R02,training,10,80,0,0.0,0.0,0.0,0.0
R02,training,10,81,0,0.0,0.0,0.0,0.0
R02,training,10,82,0,0.0,0.0,0.0,0.0
R02,training,10,83,0,0.0,0.0,0.0,0.0
R02,training,10,84,0,0.0,0.0,0.0,0.0
R02,training,10,85,0,0.0,0.0,0.0,0.0
R02,training,10,86,0,0.0,0.0,0.0,0.0
R02,training,10,87,0,0.0,0.0,0.0,0.0
R02,training,10,88,0,0.0,0.0,0.0,0.0
R02,training,10,89,0,0.0,0.0,0.0,0.0
R02,training,10,90,0,0.0,0.0,0.0,0.0
R02,training,10,91,0,0.0,0.0,0.0,0.0
R02,training,10,92,0,0.0,0.0,0.0,0.0
R02,training,10,93,0,0.0,0.0,0.0,0.0
R02,training,10,94,0,0.0,0.0,0.0,0.0
R02,training,10,95,0,0.0,0.0,0.0,0.0
R02,training,10,96,0,0.0,0.0,0.0,0.0
R02,training,10,97,0,0.0,0.0,0.0,0.0
R02,training,10,98,0,0.0,0.0,0.0,0.0
R02,training,10,99,0,0.0,0.0,0.0,0.0
R02,training,10,100,0,0.0,0.0,0.0,0.0
R02,training,10,101,0,0.0,0.0,0.0,0.0
R02,training,10,102,0,0.0,0.0,0.0,0.0
R02,training,10,103,0,0.0,0.0,0.0,0.0
R02,training,10,104,0,0.0,0.0,0.0,0.0
R02,training,10,105,0,0.0,0.0,0.0,0.0
R02,training,10,106,0,0.0,0.0,0.0,0.0
R02,training,10,107,0,0.0,0.0,0.0,0.0
R02,training,10,108,0,0.0,0.0,0.0,0.0
R02,training,10,109,0,0.0,0.0,0.0,0.0
R02,training,10,110,0,0.0,0.0,0.0,0.0
R02,training,10,111,0,0.0,0.0,0.0,0.0
R02,training,10,112,0,0.0,0.0,0.0,0.0
R02,training,10,113,0,0.0,0.0,0.0,0.0
R02,training,10,114,0,0.0,0.0,0.0,0.0
R02,training,10,115,0,0.0,0.0,0.0,0.0
R02,training,10,116,0,0.0,0.0,0.0,0.0
R02,training,10,117,0,0.0,0.0,0.0,0.0
R02,training,10,118,0,0.0,0.0,0.0,0.0
R02,training,10,119,0,0.0,0.0,0.0,0.0
R02,training,10,120,0,0.0,0.0,0.0,0.0
R02,training,10,121,0,0.0,0.0,0.0,0.0
R02,training,10,122,0,0.0,0.0,0.0,0.0
R02,training,10,123,0,0.0,0.0,0.0,0.0
R02,training,10,124,0,0.0,0.0,0.0,0.0
R02,training,10,125,0,0.0,0.0,0.0,0.0
R02,training,10,126,0,0.0,0.0,0.0,0.0
R02,training,10,127,0,0.0,0.0,0.0,0.0
R02,training,10,128,0,0.0,0.0,0.0,0.0
R02,training,10,129,0,0.0,0.0,0.0,0.0
R02,training,10,130,0,0.0,0.0,0.0,0.0
R02,training,10,131,0,0.0,0.0,0.0,0.0
R02,training,10,132,0,0.0,0.0,0.0,0.0
R02,training,10,133,0,0.0,0.0,0.0,0.0
R02,training,10,134,0,0.0,0.0,0.0,0.0
R02,training,10,135,0,0.0,0.0,0.0,0.0
R02,training,10,136,0,0.0,0.0,0.0,0.0
R02,training,10,137,0,0.0,0.0,0.0,0.0
R02,training,10,138,0,0.0,0.0,0.0,0.0
R02,training,10,139,0,0.0,0.0,0.0,0.0
R02,training,10,140,0,0.0,0.0,0.0,0.0
R02,training,10,141,0,0.0,0.0,0.0,0.0
R02,training,10,142,0,0.0,0.0,0.0,0.0
R02,training,10,143,0,0.0,0.0,0.0,0.0
R02,training,10,144,0,0.0,0.0,0.0,0.0
R02,training,10,145,0,0.0,0.0,0.0,0.0
R02,training,10,146,0,0.0,0.0,0.0,0.0
R02,training,10,147,0,0.0,0.0,0.0,0.0
R02,training,10,148,0,0.0,0.0,0.0,0.0
R02,training,10,149,0,0.0,0.0,0.0,0.0
R02,training,10,150,0,0.0,0.0,0.0,0.0
R02,training,10,151,0,0.0,0.0,0.0,0.0
R02,training,10,152,0,0.0,0.0,0.0,0.0
R02,training,10,153,0,0.0,0.0,0.0,0.0
R02,training,10,154,0,0.0,0.0,0.0,0.0
R02,training,10,155,0,0.0,0.0,0.0,0.0
R02,training,10,156,0,0.0,0.0,0.0,0.0
R02,training,10,157,0,0.0,0.0,0.0,0.0
R02,training,10,158,0,0.0,0.0,0.0,0.0
R02,training,10,159,0,0.0,0.0,0.0,0.0
R02,training,10,160,0,0.0,0.0,0.0,0.0
R02,training,10,161,0,0.0,0.0,0.0,0.0
R02,training,10,162,0,0.0,0.0,0.0,0.0
R02,training,10,163,0,0.0,0.0,0.0,0.0
R02,training,10,164,0,0.0,0.0,0.0,0.0
R02,training,10,165,0,0.0,0.0,0.0,0.0
R02,training,10,166,0,0.0,0.0,0.0,0.0
R02,training,10,167,0,0.0,0.0,0.0,0.0
R02,training,10,168,0,0.0,0.0,0.0,0.0
R02,training,10,169,0,0.0,0.0,0.0,0.0
R02,training,10,170,0,0.0,0.0,0.0,0.0
R02,training,10,171,0,0.0,0.0,0.0,0.0
R02,training,10,172,0,0.0,0.0,0.0,0.0
R02,training,10,173,0,0.0,0.0,0.0,0.0
R02,training,10,174,0,0.0,0.0,0.0,0.0
R02,training,10,175,0,0.0,0.0,0.0,0.0
R02,training,10,176,0,0.0,0.0,0.0,0.0
R02,training,10,177,0,0.0,0.0,0.0,0.0
R02,training,10,178,0,0.0,0.0,0.0,0.0
R02,training,10,179,0,0.0,0.0,0.0,0.0
R02,training,10,180,0,0.0,0.0,0.0,0.0
R02,training,10,181,0,0.0,0.0,0.0,0.0
R02,training,10,182,0,0.0,0.0,0.0,0.0
R02,training,10,183,0,0.0,0.0,0.0,0.0
R02,training,10,184,0,0.0,0.0,0.0,0.0
R02,training,10,185,0,0.0,0.0,0.0,0.0
R02,training,10,186,0,0.0,0.0,0.0,0.0
R02,training,10,187,0,0.0,0.0,0.0,0.0
R02,training,10,188,0,0.0,0.0,0.0,0.0
R02,training,10,189,0,0.0,0.0,0.0,0.0
R02,training,10,190,0,0.0,0.0,0.0,0.0
R02,training,10,191,0,0.0,0.0,0.0,0.0
R02,training,10,192,0,0.0,0.0,0.0,0.0
R02,training,10,193,0,0.0,0.0,0.0,0.0
R02,training,10,194,0,0.0,0.0,0.0,0.0
R02,training,10,195,0,0.0,0.0,0.0,0.0
R02,training,10,196,0,0.0,0.0,0.0,0.0
R02,training,10,197,0,0.0,0.0,0.0,0.0
R02,training,10,198,0,0.0,0.0,0.0,0.0
R02,training,10,199,0,0.0,0.0,0.0,0.0
R02,training,10,200,0,0.0,0.0,0.0,0.0
R02,training,10,201,0,0.0,0.0,0.0,0.0
R02,training,10,202,0,0.0,0.0,0.0,0.0
R02,training,10,203,0,0.0,0.0,0.0,0.0
R02,training,10,204,0,0.0,0.0,0.0,0.0
R02,training,10,205,0,0.0,0.0,0.0,0.0
R02,training,10,206,0,0.0,0.0,0.0,0.0
R02,training,10,207,0,0.0,0.0,0.0,0.0
R02,training,10,208,0,0.0,0.0,0.0,0.0
R02,training,10,209,0,0.0,0.0,0.0,0.0
R02,training,10,210,0,0.0,0.0,0.0,0.0
R02,training,10,211,0,0.0,0.0,0.0,0.0
R02,training,10,212,0,0.0,0.0,0.0,0.0
R02,training,10,213,0,0.0,0.0,0.0,0.0
R02,training,10,214,0,0.0,0.0,0.0,0.0
R02,training,10,215,0,0.0,0.0,0.0,0.0
R02,training,10,216,0,0.0,0.0,0.0,0.0
R02,training,10,217,0,0.0,0.0,0.0,0.0
R02,training,10,218,0,0.0,0.0,0.0,0.0
R02,training,10,219,0,0.0,0.0,0.0,0.0
R02,training,10,220,0,0.0,0.0,0.0,0.0
R02,training,10,221,0,0.0,0.0,0.0,0.0
R02,training,10,222,0,0.0,0.0,0.0,0.0
R02,training,10,223,0,0.0,0.0,0.0,0.0
R02,training,10,224,0,0.0,0.0,0.0,0.0
R02,training,10,225,0,0.0,0.0,0.0,0.0
R02,training,10,226,0,0.0,0.0,0.0,0.0
R02,training,10,227,0,0.0,0.0,0.0,0.0
R02,training,10,228,0,0.0,0.0,0.0,0.0
R02,training,10,229,0,0.0,0.0,0.0,0.0
R02,training,10,230,0,0.0,0.0,0.0,0.0
R02,training,10,231,0,0.0,0.0,0.0,0.0
R02,training,10,232,0,0.0,0.0,0.0,0.0
R02,training,10,233,0,0.0,0.0,0.0,0.0
R02,training,10,234,0,0.0,0.0,0.0,0.0
R02,training,10,235,0,0.0,0.0,0.0,0.0
R02,training,10,236,0,0.0,0.0,0.0,0.0
R02,training,10,237,0,0.0,0.0,0.0,0.0
R02,training,10,238,0,0.0,0.0,0.0,0.0
R02,training,10,239,0,0.0,0.0,0.0,0.0
R02,training,10,240,0,0.0,0.0,0.0,0.0
R02,training,10,241,0,0.0,0.0,0.0,0.0
R02,training,10,242,0,0.0,0.0,0.0,0.0
R02,training,10,243,0,0.0,0.0,0.0,0.0
R02,training,10,244,0,0.0,0.0,0.0,0.0
R02,training,10,245,0,0.0,0.0,0.0,0.0
R02,training,10,246,0,0.0,0.0,0.0,0.0
R02,training,10,247,0,0.0,0.0,0.0,0.0
R02,training,10,248,0,0.0,0.0,0.0,0.0
R02,training,10,249,0,0.0,0.0,0.0,0.0
R02,training,10,250,0,0.0,0.0,0.0,0.0
R02,training,10,251,0,0.0,0.0,0.0,0.0
R02,training,10,252,0,0.0,0.0,0.0,0.0
R02,training,10,253,0,0.0,0.0,0.0,0.0
R02,training,10,254,0,0.0,0.0,0.0,0.0
R02,training,10,255,0,0.0,0.0,0.0,0.0
R02,training,10,256,0,0.0,0.0,0.0,0.0
R02,training,10,257,0,0.0,0.0,0.0,0.0
R02,training,10,258,0,0.0,0.0,0.0,0.0
R02,training,10,259,0,0.0,0.0,0.0,0.0
R02,training,10,260,0,0.0,0.0,0.0,0.0
R02,training,10,261,0,0.0,0.0,0.0,0.0
R02,training,10,262,0,0.0,0.0,0.0,0.0
R02,training,10,263,0,0.0,0.0,0.0,0.0
R02,training,10,264,0,0.0,0.0,0.0,0.0
R02,training,10,265,0,0.0,0.0,0.0,0.0
R02,training,10,266,0,0.0,0.0,0.0,0.0
R02,training,10,267,0,0.0,0.0,0.0,0.0
R02,training,10,268,0,0.0,0.0,0.0,0.0
R02,training,10,269,0,0.0,0.0,0.0,0.0
R02,training,10,270,0,0.0,0.0,0.0,0.0
R02,training,10,271,0,0.0,0.0,0.0,0.0
R02,training,10,272,0,0.0,0.0,0.0,0.0
R02,training,10,273,0,0.0,0.0,0.0,0.0
R02,training,10,274,0,0.0,0.0,0.0,0.0
R02,training,10,275,0,0.0,0.0,0.0,0.0
R02,training,10,276,0,0.0,0.0,0.0,0.0
R02,training,10,277,0,0.0,0.0,0.0,0.0
R02,training,10,278,0,0.0,0.0,0.0,0.0
R02,training,10,279,0,0.0,0.0,0.0,0.0
R02,training,10,280,0,0.0,0.0,0.0,0.0
R02,training,10,281,0,0.0,0.0,0.0,0.0
R02,training,10,282,0,0.0,0.0,0.0,0.0
R02,training,10,283,0,0.0,0.0,0.0,0.0
R02,training,10,284,0,0.0,0.0,0.0,0.0
R02,training,10,285,0,0.0,0.0,0.0,0.0
R02,training,10,286,0,0.0,0.0,0.0,0.0
R02,training,10,287,0,0.0,0.0,0.0,0.0
R02,training,10,288,0,0.0,0.0,0.0,0.0
R02,training,10,289,0,0.0,0.0,0.0,0.0
R02,training,10,290,0,0.0,0.0,0.0,0.0
R02,training,10,291,0,0.0,0.0,0.0,0.0
R02,training,10,292,0,0.0,0.0,0.0,0.0
R02,training,10,293,0,0.0,0.0,0.0,0.0
R02,training,10,294,0,0.0,0.0,0.0,0.0
R02,training,10,295,0,0.0,0.0,0.0,0.0
R02,training,10,296,0,0.0,0.0,0.0,0.0
R02,training,10,297,0,0.0,0.0,0.0,0.0
R02,training,10,298,0,0.0,0.0,0.0,0.0
R02,training,10,299,0,0.0,0.0,0.0,0.0
R02,training,10,300,0,0.0,0.0,0.0,0.0
R02,training,10,301,0,0.0,0.0,0.0,0.0
R02,training,10,302,0,0.0,0.0,0.0,0.0
R02,training,10,303,0,0.0,0.0,0.0,0.0
R02,training,10,304,0,0.0,0.0,0.0,0.0
R02,training,10,305,0,0.0,0.0,0.0,0.0
R02,training,10,306,0,0.0,0.0,0.0,0.0
R02,training,10,307,0,0.0,0.0,0.0,0.0
R02,training,10,308,0,0.0,0.0,0.0,0.0
R02,training,10,309,0,0.0,0.0,0.0,0.0
R02,training,10,310,0,0.0,0.0,0.0,0.0
R02,training,10,311,0,0.0,0.0,0.0,0.0
R02,training,10,312,0,0.0,0.0,0.0,0.0
R02,training,10,313,0,0.0,0.0,0.0,0.0
R02,training,10,314,0,0.0,0.0,0.0,0.0
R02,training,10,315,0,0.0,0.0,0.0,0.0
R02,training,10,316,0,0.0,0.0,0.0,0.0
R02,training,10,317,0,0.0,0.0,0.0,0.0
R02,training,10,318,0,0.0,0.0,0.0,0.0
R02,training,10,319,0,0.0,0.0,0.0,0.0
R02,training,10,320,0,0.0,0.0,0.0,0.0
R02,training,10,321,0,0.0,0.0,0.0,0.0
R02,training,10,322,0,0.0,0.0,0.0,0.0
R02,training,10,323,0,0.0,0.0,0.0,0.0
R02,training,10,324,0,0.0,0.0,0.0,0.0
R02,training,10,325,0,0.0,0.0,0.0,0.0
R02,training,10,326,0,0.0,0.0,0.0,0.0
R02,training,10,327,0,0.0,0.0,0.0,0.0
R02,training,10,328,0,0.0,0.0,0.0,0.0
R02,training,10,329,0,0.0,0.0,0.0,0.0
R02,training,10,330,0,0.0,0.0,0.0,0.0
R02,training,10,331,0,0.0,0.0,0.0,0.0
R02,training,10,332,0,0.0,0.0,0.0,0.0
R02,training,10,333,0,0.0,0.0,0.0,0.0
R02,training,10,334,0,0.0,0.0,0.0,0.0
R02,training,10,335,0,0.0,0.0,0.0,0.0
R02,training,10,336,0,0.0,0.0,0.0,0.0
R02,training,10,337,0,0.0,0.0,0.0,0.0
R02,training,10,338,0,0.0,0.0,0.0,0.0
R02,training,10,339,0,0.0,0.0,0.0,0.0
R02,training,10,340,0,0.0,0.0,0.0,0.0
R02,training,10,341,0,0.0,0.0,0.0,0.0
R02,training,10,342,0,0.0,0.0,0.0,0.0
R02,training,10,343,0,0.0,0.0,0.0,0.0
R02,training,10,344,0,0.0,0.0,0.0,0.0
R02,training,10,345,0,0.0,0.0,0.0,0.0
R02,training,10,346,0,0.0,0.0,0.0,0.0
R02,training,10,347,0,0.0,0.0,0.0,0.0
R02,training,10,348,0,0.0,0.0,0.0,0.0
R02,training,10,349,0,0.0,0.0,0.0,0.0
R02,training,10,350,0,0.0,0.0,0.0,0.0
R02,training,10,351,0,0.0,0.0,0.0,0.0
R02,training,10,352,0,0.0,0.0,0.0,0.0
R02,training,10,353,0,0.0,0.0,0.0,0.0
R02,training,10,354,0,0.0,0.0,0.0,0.0
R02,training,10,355,0,0.0,0.0,0.0,0.0
R02,training,10,356,0,0.0,0.0,0.0,0.0
R02,training,10,357,0,0.0,0.0,0.0,0.0
R02,training,10,358,0,0.0,0.0,0.0,0.0
R02,training,10,359,0,0.0,0.0,0.0,0.0
R02,training,10,360,0,0.0,0.0,0.0,0.0
R02,training,10,361,0,0.0,0.0,0.0,0.0
R02,training,10,362,0,0.0,0.0,0.0,0.0
R02,training,10,363,0,0.0,0.0,0.0,0.0
R02,training,10,364,0,0.0,0.0,0.0,0.0
R02,training,10,365,0,0.0,0.0,0.0,0.0
R02,training,10,366,0,0.0,0.0,0.0,0.0
R02,training,10,367,0,0.0,0.0,0.0,0.0
R02,training,10,368,0,0.0,0.0,0.0,0.0
R02,training,10,369,0,0.0,0.0,0.0,0.0
R02,training,10,370,0,0.0,0.0,0.0,0.0
R02,training,10,371,0,0.0,0.0,0.0,0.0
R02,training,10,372,0,0.0,0.0,0.0,0.0
R02,training,10,373,0,0.0,0.0,0.0,0.0
R02,training,10,374,0,0.0,0.0,0.0,0.0
R02,training,10,375,0,0.0,0.0,0.0,0.0
R02,training,10,376,0,0.0,0.0,0.0,0.0
R02,training,10,377,0,0.0,0.0,0.0,0.0
R02,training,10,378,0,0.0,0.0,0.0,0.0
R02,training,10,379,0,0.0,0.0,0.0,0.0
R02,training,10,380,0,0.0,0.0,0.0,0.0
R02,training,10,381,0,0.0,0.0,0.0,0.0
R02,training,10,382,0,0.0,0.0,0.0,0.0
R02,training,10,383,0,0.0,0.0,0.0,0.0
R02,training,10,384,0,0.0,0.0,0.0,0.0
R02,training,10,385,0,0.0,0.0,0.0,0.0
R02,training,10,386,0,0.0,0.0,0.0,0.0
R02,training,10,387,0,0.0,0.0,0.0,0.0
R02,training,10,388,0,0.0,0.0,0.0,0.0
R02,training,10,389,0,0.0,0.0,0.0,0.0
R02,training,10,390,0,0.0,0.0,0.0,0.0
R02,training,10,391,0,0.0,0.0,0.0,0.0
R02,training,10,392,0,0.0,0.0,0.0,0.0
R02,training,10,393,0,0.0,0.0,0.0,0.0
R02,training,10,394,0,0.0,0.0,0.0,0.0
R02,training,10,395,0,0.0,0.0,0.0,0.0
R02,training,10,396,0,0.0,0.0,0.0,0.0
R02,training,10,397,0,0.0,0.0,0.0,0.0
R02,training,10,398,0,0.0,0.0,0.0,0.0
R02,training,10,399,0,0.0,0.0,0.0,0.0
R02,training,10,400,0,0.0,0.0,0.0,0.0
R02,training,10,401,0,0.0,0.0,0.0,0.0
R02,training,10,402,0,0.0,0.0,0.0,0.0
R02,training,10,403,0,0.0,0.0,0.0,0.0
R02,training,10,404,0,0.0,0.0,0.0,0.0
R02,training,10,405,0,0.0,0.0,0.0,0.0
R02,training,10,406,0,0.0,0.0,0.0,0.0
R02,training,10,407,0,0.0,0.0,0.0,0.0
R02,training,10,408,0,0.0,0.0,0.0,0.0
R02,training,10,409,0,0.0,0.0,0.0,0.0
R02,training,10,410,0,0.0,0.0,0.0,0.0
R02,training,10,411,0,0.0,0.0,0.0,0.0
R02,training,10,412,0,0.0,0.0,0.0,0.0
R02,training,10,413,0,0.0,0.0,0.0,0.0
R02,training,10,414,0,0.0,0.0,0.0,0.0
R02,training,10,415,0,0.0,0.0,0.0,0.0
R02,training,10,416,0,0.0,0.0,0.0,0.0
R02,training,10,417,0,0.0,0.0,0.0,0.0
R02,training,10,418,0,0.0,0.0,0.0,0.0
R02,training,10,419,0,0.0,0.0,0.0,0.0
R02,training,10,420,0,0.0,0.0,0.0,0.0
R02,training,10,421,0,0.0,0.0,0.0,0.0
R02,training,10,422,0,0.0,0.0,0.0,0.0
R02,training,10,423,0,0.0,0.0,0.0,0.0
R02,training,10,424,0,0.0,0.0,0.0,0.0
R02,training,10,425,0,0.0,0.0,0.0,0.0
R02,training,10,426,0,0.0,0.0,0.0,0.0
R02,training,10,427,0,0.0,0.0,0.0,0.0
R02,training,10,428,0,0.0,0.0,0.0,0.0
R02,training,10,429,0,0.0,0.0,0.0,0.0
R02,training,10,430,0,0.0,0.0,0.0,0.0
R02,training,10,431,0,0.0,0.0,0.0,0.0
R02,training,10,432,0,0.0,0.0,0.0,0.0
R02,training,10,433,0,0.0,0.0,0.0,0.0
R02,training,10,434,0,0.0,0.0,0.0,0.0
R02,training,10,435,0,0.0,0.0,0.0,0.0
R02,training,10,436,0,0.0,0.0,0.0,0.0
R02,training,10,437,0,0.0,0.0,0.0,0.0
R02,training,10,438,0,0.0,0.0,0.0,0.0
R02,training,10,439,0,0.0,0.0,0.0,0.0
R02,training,10,440,0,0.0,0.0,0.0,0.0
R02,training,10,441,0,0.0,0.0,0.0,0.0
R02,training,10,442,0,0.0,0.0,0.0,0.0
R02,training,10,443,0,0.0,0.0,0.0,0.0
R02,training,10,444,0,0.0,0.0,0.0,0.0
R02,training,10,445,0,0.0,0.0,0.0,0.0
R02,training,10,446,0,0.0,0.0,0.0,0.0
R02,training,10,447,0,0.0,0.0,0.0,0.0
R02,training,10,448,0,0.0,0.0,0.0,0.0
R02,training,10,449,0,0.0,0.0,0.0,0.0
R02,training,10,450,0,0.0,0.0,0.0,0.0
R02,training,10,451,0,0.0,0.0,0.0,0.0
R02,training,10,452,0,0.0,0.0,0.0,0.0
R02,training,10,453,0,0.0,0.0,0.0,0.0
R02,training,10,454,0,0.0,0.0,0.0,0.0
R02,training,10,455,0,0.0,0.0,0.0,0.0
R02,training,10,456,0,0.0,0.0,0.0,0.0
R02,training,10,457,0,0.0,0.0,0.0,0.0
R02,training,10,458,0,0.0,0.0,0.0,0.0
R02,training,10,459,0,0.0,0.0,0.0,0.0
R02,training,10,460,0,0.0,0.0,0.0,0.0
R02,training,10,461,0,0.0,0.0,0.0,0.0
R02,training,10,462,0,0.0,0.0,0.0,0.0
R02,training,10,463,0,0.0,0.0,0.0,0.0
R02,training,10,464,0,0.0,0.0,0.0,0.0
R02,training,10,465,0,0.0,0.0,0.0,0.0
R02,training,10,466,0,0.0,0.0,0.0,0.0
R02,training,10,467,0,0.0,0.0,0.0,0.0
R02,training,10,468,0,0.0,0.0,0.0,0.0
R02,training,10,469,0,0.0,0.0,0.0,0.0
R02,training,10,470,0,0.0,0.0,0.0,0.0
R02,training,10,471,0,0.0,0.0,0.0,0.0
R02,training,10,472,0,0.0,0.0,0.0,0.0
R02,training,10,473,0,0.0,0.0,0.0,0.0
R02,training,10,474,0,0.0,0.0,0.0,0.0
R02,training,10,475,0,0.0,0.0,0.0,0.0
R02,training,10,476,0,0.0,0.0,0.0,0.0
R02,training,10,477,0,0.0,0.0,0.0,0.0
R02,training,10,478,0,0.0,0.0,0.0,0.0
R02,training,10,479,0,0.0,0.0,0.0,0.0
R02,training,10,480,0,0.0,0.0,0.0,0.0
R02,training,10,481,0,0.0,0.0,0.0,0.0
R02,training,10,482,0,0.0,0.0,0.0,0.0
R02,training,10,483,0,0.0,0.0,0.0,0.0
R02,training,10,484,0,0.0,0.0,0.0,0.0
R02,training,10,485,0,0.0,0.0,0.0,0.0
R02,training,10,486,0,0.0,0.0,0.0,0.0
R02,training,10,487,0,0.0,0.0,0.0,0.0
R02,training,10,488,0,0.0,0.0,0.0,0.0
R02,training,10,489,0,0.0,0.0,0.0,0.0
R02,training,10,490,0,0.0,0.0,0.0,0.0
R02,training,10,491,0,0.0,0.0,0.0,0.0
R02,training,10,492,0,0.0,0.0,0.0,0.0
R02,training,10,493,0,0.0,0.0,0.0,0.0
R02,training,10,494,0,0.0,0.0,0.0,0.0
R02,training,10,495,0,0.0,0.0,0.0,0.0
R02,training,10,496,0,0.0,0.0,0.0,0.0
R02,training,10,497,0,0.0,0.0,0.0,0.0
R02,training,10,498,0,0.0,0.0,0.0,0.0
R02,training,10,499,0,0.0,0.0,0.0,0.0
R02,training,10,500,0,0.0,0.0,0.0,0.0
R02,training,10,501,0,0.0,0.0,0.0,0.0
R02,training,10,502,0,0.0,0.0,0.0,0.0
R02,training,10,503,0,0.0,0.0,0.0,0.0
R02,training,10,504,0,0.0,0.0,0.0,0.0
R02,training,10,505,0,0.0,0.0,0.0,0.0
R02,training,10,506,0,0.0,0.0,0.0,0.0
R02,training,10,507,0,0.0,0.0,0.0,0.0
R02,training,10,508,0,0.0,0.0,0.0,0.0
R02,training,10,509,0,0.0,0.0,0.0,0.0
R02,training,10,510,0,0.0,0.0,0.0,0.0
R02,training,10,511,0,0.0,0.0,0.0,0.0
R02,training,10,512,0,0.0,0.0,0.0,0.0
R02,training,10,513,0,0.0,0.0,0.0,0.0
R02,training,10,514,0,0.0,0.0,0.0,0.0
R02,training,10,515,0,0.0,0.0,0.0,0.0
R02,training,10,516,0,0.0,0.0,0.0,0.0
R02,training,10,517,0,0.0,0.0,0.0,0.0
R02,training,10,518,0,0.0,0.0,0.0,0.0
R02,training,10,519,0,0.0,0.0,0.0,0.0
R02,training,10,520,0,0.0,0.0,0.0,0.0
R02,training,10,521,0,0.0,0.0,0.0,0.0
R02,training,10,522,0,0.0,0.0,0.0,0.0
R02,training,10,523,0,0.0,0.0,0.0,0.0
R02,training,10,524,0,0.0,0.0,0.0,0.0
R02,training,10,525,0,0.0,0.0,0.0,0.0
R02,training,10,526,0,0.0,0.0,0.0,0.0
R02,training,10,527,0,0.0,0.0,0.0,0.0
R02,training,10,528,0,0.0,0.0,0.0,0.0
R02,training,10,529,0,0.0,0.0,0.0,0.0
R02,training,10,530,0,0.0,0.0,0.0,0.0
R02,training,10,531,0,0.0,0.0,0.0,0.0
R02,training,10,532,0,0.0,0.0,0.0,0.0
R02,training,10,533,0,0.0,0.0,0.0,0.0
R02,training,10,534,0,0.0,0.0,0.0,0.0
R02,training,10,535,0,0.0,0.0,0.0,0.0
R02,training,10,536,0,0.0,0.0,0.0,0.0
R02,training,10,537,0,0.0,0.0,0.0,0.0
R02,training,10,538,0,0.0,0.0,0.0,0.0
R02,training,10,539,0,0.0,0.0,0.0,0.0
R02,training,10,540,0,0.0,0.0,0.0,0.0
R02,training,10,541,0,0.0,0.0,0.0,0.0
R02,training,10,542,0,0.0,0.0,0.0,0.0
R02,training,10,543,0,0.0,0.0,0.0,0.0
R02,training,10,544,0,0.0,0.0,0.0,0.0
R02,training,10,545,0,0.0,0.0,0.0,0.0
R02,training,10,546,0,0.0,0.0,0.0,0.0
R02,training,10,547,0,0.0,0.0,0.0,0.0
R02,training,10,548,0,0.0,0.0,0.0,0.0
R02,training,10,549,0,0.0,0.0,0.0,0.0
R02,training,10,550,0,0.0,0.0,0.0,0.0
R02,training,10,551,0,0.0,0.0,0.0,0.0
R02,training,10,552,0,0.0,0.0,0.0,0.0
R02,training,10,553,0,0.0,0.0,0.0,0.0
R02,training,10,554,0,0.0,0.0,0.0,0.0
R02,training,10,555,0,0.0,0.0,0.0,0.0
R02,training,10,556,0,0.0,0.0,0.0,0.0
R02,training,10,557,0,0.0,0.0,0.0,0.0
R02,training,10,558,0,0.0,0.0,0.0,0.0
R02,training,10,559,0,0.0,0.0,0.0,0.0
R02,training,10,560,0,0.0,0.0,0.0,0.0
R02,training,10,561,0,0.0,0.0,0.0,0.0
R02,training,10,562,0,0.0,0.0,0.0,0.0
R02,training,10,563,0,0.0,0.0,0.0,0.0
R02,training,10,564,0,0.0,0.0,0.0,0.0
R02,training,10,565,0,0.0,0.0,0.0,0.0
R02,training,10,566,0,0.0,0.0,0.0,0.0
R02,training,10,567,0,0.0,0.0,0.0,0.0
R02,training,10,568,0,0.0,0.0,0.0,0.0
R02,training,10,569,0,0.0,0.0,0.0,0.0
R02,training,10,570,0,0.0,0.0,0.0,0.0
R02,training,10,571,0,0.0,0.0,0.0,0.0
R02,training,10,572,0,0.0,0.0,0.0,0.0
R02,training,10,573,0,0.0,0.0,0.0,0.0
R02,training,10,574,0,0.0,0.0,0.0,0.0
R02,training,10,575,0,0.0,0.0,0.0,0.0
R02,training,10,576,0,0.0,0.0,0.0,0.0
R02,training,10,577,0,0.0,0.0,0.0,0.0
R02,training,10,578,0,0.0,0.0,0.0,0.0
R02,training,10,579,0,0.0,0.0,0.0,0.0
R02,training,10,580,0,0.0,0.0,0.0,0.0
R02,training,10,581,0,0.0,0.0,0.0,0.0
R02,training,10,582,0,0.0,0.0,0.0,0.0
R02,training,10,583,0,0.0,0.0,0.0,0.0
R02,training,10,584,0,0.0,0.0,0.0,0.0
R02,training,10,585,0,0.0,0.0,0.0,0.0
R02,training,10,586,0,0.0,0.0,0.0,0.0
R02,training,10,587,0,0.0,0.0,0.0,0.0
R02,training,10,588,0,0.0,0.0,0.0,0.0
R02,training,10,589,0,0.0,0.0,0.0,0.0
R02,training,10,590,0,0.0,0.0,0.0,0.0
R02,training,10,591,0,0.0,0.0,0.0,0.0
R02,training,10,592,0,0.0,0.0,0.0,0.0
R02,training,10,593,0,0.0,0.0,0.0,0.0
R02,training,10,594,0,0.0,0.0,0.0,0.0
R02,training,23,0,0,0.0,0.0,0.0,0.0
R02,training,23,1,0,0.0,0.0,0.0,0.0
R02,training,23,2,0,0.0,0.0,0.0,0.0
R02,training,23,3,0,0.0,0.0,0.0,0.0
R02,training,23,4,0,0.0,0.0,0.0,0.0
R02,training,23,5,0,0.0,0.0,0.0,0.0
R02,training,23,6,0,0.0,0.0,0.0,0.0
R02,training,23,7,0,0.0,0.0,0.0,0.0
R02,training,23,8,0,0.0,0.0,0.0,0.0
R02,training,23,9,0,0.0,0.0,0.0,0.0
R02,training,23,10,0,0.0,0.0,0.0,0.0
R02,training,23,11,0,0.0,0.0,0.0,0.0
R02,training,23,12,0,0.0,0.0,0.0,0.0
R02,training,23,13,0,0.0,0.0,0.0,0.0
R02,training,23,14,0,0.0,0.0,0.0,0.0
R02,training,23,15,0,0.0,0.0,0.0,0.0
R02,training,23,16,0,0.0,0.0,0.0,0.0
R02,training,23,17,0,0.0,0.0,0.0,0.0
R02,training,23,18,0,0.0,0.0,0.0,0.0
R02,training,23,19,0,0.0,0.0,0.0,0.0
R02,training,23,20,0,0.0,0.0,0.0,0.0
R02,training,23,21,0,0.0,0.0,0.0,0.0
R02,training,23,22,0,0.0,0.0,0.0,0.0
R02,training,23,23,0,0.0,0.0,0.0,0.0
R02,training,23,24,0,0.0,0.0,0.0,0.0
R02,training,23,25,0,0.0,0.0,0.0,0.0
R02,training,23,26,0,0.0,0.0,0.0,0.0
R02,training,23,27,0,0.0,0.0,0.0,0.0
R02,training,23,28,0,0.0,0.0,0.0,0.0
R02,training,23,29,0,0.0,0.0,0.0,0.0
R02,training,23,30,0,0.0,0.0,0.0,0.0
R02,training,23,31,0,0.0,0.0,0.0,0.0
R02,training,23,32,0,0.0,0.0,0.0,0.0
R02,training,23,33,0,0.0,0.0,0.0,0.0
R02,training,23,34,0,0.0,0.0,0.0,0.0
R02,training,23,35,0,0.0,0.0,0.0,0.0
R02,training,23,36,0,0.0,0.0,0.0,0.0
R02,training,23,37,0,0.0,0.0,0.0,0.0
R02,training,23,38,0,0.0,0.0,0.0,0.0
R02,training,23,39,0,0.0,0.0,0.0,0.0
R02,training,23,40,0,0.0,0.0,0.0,0.0
R02,training,23,41,0,0.0,0.0,0.0,0.0
R02,training,23,42,0,0.0,0.0,0.0,0.0
R02,training,23,43,0,0.0,0.0,0.0,0.0
R02,training,23,44,0,0.0,0.0,0.0,0.0
R02,training,23,45,0,0.0,0.0,0.0,0.0
R02,training,23,46,0,0.0,0.0,0.0,0.0
R02,training,23,47,0,0.0,0.0,0.0,0.0
R02,training,23,48,0,0.0,0.0,0.0,0.0
R02,training,23,49,0,0.0,0.0,0.0,0.0
R02,training,23,50,0,0.0,0.0,0.0,0.0
R02,training,23,51,0,0.0,0.0,0.0,0.0
R02,training,23,52,0,0.0,0.0,0.0,0.0
R02,training,23,53,0,0.0,0.0,0.0,0.0
R02,training,23,54,0,0.0,0.0,0.0,0.0
R02,training,23,55,0,0.0,0.0,0.0,0.0
R02,training,23,56,0,0.0,0.0,0.0,0.0
R02,training,23,57,0,0.0,0.0,0.0,0.0
R02,training,23,58,0,0.0,0.0,0.0,0.0
R02,training,23,59,0,0.0,0.0,0.0,0.0
R02,training,23,60,0,0.0,0.0,0.0,0.0
R02,training,23,61,0,0.0,0.0,0.0,0.0
R02,training,23,62,0,0.0,0.0,0.0,0.0
R02,training,23,63,0,0.0,0.0,0.0,0.0
R02,training,23,64,0,0.0,0.0,0.0,0.0
R02,training,23,65,0,0.0,0.0,0.0,0.0
R02,training,23,66,0,0.0,0.0,0.0,0.0
R02,training,23,67,0,0.0,0.0,0.0,0.0
R02,training,23,68,0,0.0,0.0,0.0,0.0
R02,training,23,69,0,0.0,0.0,0.0,0.0
R02,training,23,70,0,0.0,0.0,0.0,0.0
R02,training,23,71,0,0.0,0.0,0.0,0.0
R02,training,23,72,0,0.0,0.0,0.0,0.0
R02,training,23,73,0,0.0,0.0,0.0,0.0
R02,training,23,74,0,0.0,0.0,0.0,0.0
R02,training,23,75,0,0.0,0.0,0.0,0.0
R02,training,23,76,0,0.0,0.0,0.0,0.0
R02,training,23,77,0,0.0,0.0,0.0,0.0
R02,training,23,78,0,0.0,0.0,0.0,0.0
R02,training,23,79,0,0.0,0.0,0.0,0.0
R02,training,23,80,0,0.0,0.0,0.0,0.0
R02,training,23,81,0,0.0,0.0,0.0,0.0
R02,training,23,82,0,0.0,0.0,0.0,0.0
R02,training,23,83,0,0.0,0.0,0.0,0.0
R02,training,23,84,0,0.0,0.0,0.0,0.0
R02,training,23,85,0,0.0,0.0,0.0,0.0
R02,training,23,86,0,0.0,0.0,0.0,0.0
R02,training,23,87,0,0.0,0.0,0.0,0.0
R02,training,23,88,0,0.0,0.0,0.0,0.0
R02,training,23,89,0,0.0,0.0,0.0,0.0
R02,training,23,90,0,0.0,0.0,0.0,0.0
R02,training,23,91,0,0.0,0.0,0.0,0.0
R02,training,23,92,0,0.0,0.0,0.0,0.0
R02,training,23,93,0,0.0,0.0,0.0,0.0
R02,training,23,94,0,0.0,0.0,0.0,0.0
R02,training,23,95,0,0.0,0.0,0.0,0.0
R02,training,23,96,0,0.0,0.0,0.0,0.0
R02,training,23,97,0,0.0,0.0,0.0,0.0
R02,training,23,98,0,0.0,0.0,0.0,0.0
R02,training,23,99,0,0.0,0.0,0.0,0.0
R02,training,23,100,0,0.0,0.0,0.0,0.0
R02,training,23,101,0,0.0,0.0,0.0,0.0
R02,training,23,102,0,0.0,0.0,0.0,0.0
R02,training,23,103,0,0.0,0.0,0.0,0.0
R02,training,23,104,0,0.0,0.0,0.0,0.0
R02,training,23,105,0,0.0,0.0,0.0,0.0
R02,training,23,106,0,0.0,0.0,0.0,0.0
R02,training,23,107,0,0.0,0.0,0.0,0.0
R02,training,23,108,0,0.0,0.0,0.0,0.0
R02,training,23,109,0,0.0,0.0,0.0,0.0
R02,training,23,110,0,0.0,0.0,0.0,0.0
R02,training,23,111,0,0.0,0.0,0.0,0.0
R02,training,23,112,0,0.0,0.0,0.0,0.0
R02,training,23,113,0,0.0,0.0,0.0,0.0
R02,training,23,114,0,0.0,0.0,0.0,0.0
R02,training,23,115,0,0.0,0.0,0.0,0.0
R02,training,23,116,0,0.0,0.0,0.0,0.0
R02,training,23,117,0,0.0,0.0,0.0,0.0
R02,training,23,118,0,0.0,0.0,0.0,0.0
R02,training,23,119,0,0.0,0.0,0.0,0.0
R02,training,23,120,0,0.0,0.0,0.0,0.0
R02,training,23,121,0,0.0,0.0,0.0,0.0
R02,training,23,122,0,0.0,0.0,0.0,0.0
R02,training,23,123,0,0.0,0.0,0.0,0.0
R02,training,23,124,0,0.0,0.0,0.0,0.0
R02,training,23,125,0,0.0,0.0,0.0,0.0
R02,training,23,126,0,0.0,0.0,0.0,0.0
R02,training,23,127,0,0.0,0.0,0.0,0.0
R02,training,23,128,0,0.0,0.0,0.0,0.0
R02,training,23,129,0,0.0,0.0,0.0,0.0
R02,training,23,130,0,0.0,0.0,0.0,0.0
R02,training,23,131,0,0.0,0.0,0.0,0.0
R02,training,23,132,0,0.0,0.0,0.0,0.0
R02,training,23,133,0,0.0,0.0,0.0,0.0
R02,training,23,134,0,0.0,0.0,0.0,0.0
R02,training,23,135,0,0.0,0.0,0.0,0.0
R02,training,23,136,0,0.0,0.0,0.0,0.0
R02,training,23,137,0,0.0,0.0,0.0,0.0
R02,training,23,138,0,0.0,0.0,0.0,0.0
R02,training,23,139,0,0.0,0.0,0.0,0.0
R02,training,23,140,0,0.0,0.0,0.0,0.0
R02,training,23,141,0,0.0,0.0,0.0,0.0
R02,training,23,142,0,0.0,0.0,0.0,0.0
R02,training,23,143,0,0.0,0.0,0.0,0.0
R02,training,23,144,0,0.0,0.0,0.0,0.0
R02,training,23,145,0,0.0,0.0,0.0,0.0
R02,training,23,146,0,0.0,0.0,0.0,0.0
R02,training,23,147,0,0.0,0.0,0.0,0.0
R02,training,23,148,0,0.0,0.0,0.0,0.0
R02,training,23,149,0,0.0,0.0,0.0,0.0
R02,training,23,150,0,0.0,0.0,0.0,0.0
R02,training,23,151,0,0.0,0.0,0.0,0.0
R02,training,23,152,0,0.0,0.0,0.0,0.0
R02,training,23,153,0,0.0,0.0,0.0,0.0
R02,training,23,154,0,0.0,0.0,0.0,0.0
R02,training,23,155,0,0.0,0.0,0.0,0.0
R02,training,23,156,0,0.0,0.0,0.0,0.0
R02,training,23,157,0,0.0,0.0,0.0,0.0
R02,training,23,158,0,0.0,0.0,0.0,0.0
R02,training,23,159,0,0.0,0.0,0.0,0.0
R02,training,23,160,0,0.0,0.0,0.0,0.0
R02,training,23,161,0,0.0,0.0,0.0,0.0
R02,training,23,162,0,0.0,0.0,0.0,0.0
R02,training,23,163,0,0.0,0.0,0.0,0.0
R02,training,23,164,0,0.0,0.0,0.0,0.0
R02,training,23,165,0,0.0,0.0,0.0,0.0
R02,training,23,166,0,0.0,0.0,0.0,0.0
R02,training,23,167,0,0.0,0.0,0.0,0.0
R02,training,23,168,0,0.0,0.0,0.0,0.0
R02,training,23,169,0,0.0,0.0,0.0,0.0
R02,training,23,170,0,0.0,0.0,0.0,0.0
R02,training,23,171,0,0.0,0.0,0.0,0.0
R02,training,23,172,0,0.0,0.0,0.0,0.0
R02,training,23,173,0,0.0,0.0,0.0,0.0
R02,training,23,174,0,0.0,0.0,0.0,0.0
R02,training,23,175,0,0.0,0.0,0.0,0.0
R02,training,23,176,0,0.0,0.0,0.0,0.0
R02,training,23,177,0,0.0,0.0,0.0,0.0
R02,training,23,178,0,0.0,0.0,0.0,0.0
R02,training,23,179,0,0.0,0.0,0.0,0.0
R02,training,23,180,0,0.0,0.0,0.0,0.0
R02,training,23,181,0,0.0,0.0,0.0,0.0
R02,training,23,182,0,0.0,0.0,0.0,0.0
R02,training,23,183,0,0.0,0.0,0.0,0.0
R02,training,23,184,0,0.0,0.0,0.0,0.0
R02,training,23,185,0,0.0,0.0,0.0,0.0
R02,training,23,186,0,0.0,0.0,0.0,0.0
R02,training,23,187,0,0.0,0.0,0.0,0.0
R02,training,23,188,0,0.0,0.0,0.0,0.0
R02,training,23,189,0,0.0,0.0,0.0,0.0
R02,training,23,190,0,0.0,0.0,0.0,0.0
R02,training,23,191,0,0.0,0.0,0.0,0.0
R02,training,23,192,0,0.0,0.0,0.0,0.0
R02,training,23,193,0,0.0,0.0,0.0,0.0
R02,training,23,194,0,0.0,0.0,0.0,0.0
R02,training,23,195,0,0.0,0.0,0.0,0.0
R02,training,23,196,0,0.0,0.0,0.0,0.0
R02,training,23,197,0,0.0,0.0,0.0,0.0
R02,training,23,198,0,0.0,0.0,0.0,0.0
R02,training,23,199,0,0.0,0.0,0.0,0.0
R02,training,23,200,0,0.0,0.0,0.0,0.0
R02,training,23,201,0,0.0,0.0,0.0,0.0
R02,training,23,202,0,0.0,0.0,0.0,0.0
R02,training,23,203,0,0.0,0.0,0.0,0.0
R02,training,23,204,0,0.0,0.0,0.0,0.0
R02,training,23,205,0,0.0,0.0,0.0,0.0
R02,training,23,206,0,0.0,0.0,0.0,0.0
R02,training,23,207,0,0.0,0.0,0.0,0.0
R02,training,23,208,0,0.0,0.0,0.0,0.0
R02,training,23,209,0,0.0,0.0,0.0,0.0
R02,training,23,210,0,0.0,0.0,0.0,0.0
R02,training,23,211,0,0.0,0.0,0.0,0.0
R02,training,23,212,0,0.0,0.0,0.0,0.0
R02,training,23,213,0,0.0,0.0,0.0,0.0
R02,training,23,214,0,0.0,0.0,0.0,0.0
R02,training,23,215,0,0.0,0.0,0.0,0.0
R02,training,23,216,0,0.0,0.0,0.0,0.0
R02,training,23,217,0,0.0,0.0,0.0,0.0
R02,training,23,218,0,0.0,0.0,0.0,0.0
R02,training,23,219,0,0.0,0.0,0.0,0.0
R02,training,23,220,0,0.0,0.0,0.0,0.0
R02,training,23,221,0,0.0,0.0,0.0,0.0
R02,training,23,222,0,0.0,0.0,0.0,0.0
R02,training,23,223,0,0.0,0.0,0.0,0.0
R02,training,23,224,0,0.0,0.0,0.0,0.0
R02,training,23,225,0,0.0,0.0,0.0,0.0
R02,training,23,226,0,0.0,0.0,0.0,0.0
R02,training,23,227,0,0.0,0.0,0.0,0.0
R02,training,23,228,0,0.0,0.0,0.0,0.0
R02,training,23,229,0,0.0,0.0,0.0,0.0
R02,training,23,230,0,0.0,0.0,0.0,0.0
R02,training,23,231,0,0.0,0.0,0.0,0.0
R02,training,23,232,0,0.0,0.0,0.0,0.0
R02,training,23,233,0,0.0,0.0,0.0,0.0
R02,training,23,234,0,0.0,0.0,0.0,0.0
R02,training,23,235,0,0.0,0.0,0.0,0.0
R02,training,23,236,0,0.0,0.0,0.0,0.0
R02,training,23,237,0,0.0,0.0,0.0,0.0
R02,training,23,238,0,0.0,0.0,0.0,0.0
R02,training,23,239,0,0.0,0.0,0.0,0.0
R02,training,23,240,0,0.0,0.0,0.0,0.0
R02,training,23,241,0,0.0,0.0,0.0,0.0
R02,training,23,242,0,0.0,0.0,0.0,0.0
R02,training,23,243,0,0.0,0.0,0.0,0.0
R02,training,23,244,0,0.0,0.0,0.0,0.0
R02,training,23,245,0,0.0,0.0,0.0,0.0
R02,training,23,246,0,0.0,0.0,0.0,0.0
R02,training,23,247,0,0.0,0.0,0.0,0.0
R02,training,23,248,0,0.0,0.0,0.0,0.0
R02,training,23,249,0,0.0,0.0,0.0,0.0
R02,training,23,250,0,0.0,0.0,0.0,0.0
R02,training,23,251,0,0.0,0.0,0.0,0.0
R02,training,23,252,0,0.0,0.0,0.0,0.0
R02,training,23,253,0,0.0,0.0,0.0,0.0
R02,training,23,254,0,0.0,0.0,0.0,0.0
R02,training,23,255,0,0.0,0.0,0.0,0.0
R02,training,23,256,0,0.0,0.0,0.0,0.0
R02,training,23,257,0,0.0,0.0,0.0,0.0
R02,training,23,258,0,0.0,0.0,0.0,0.0
R02,training,23,259,0,0.0,0.0,0.0,0.0
R02,training,23,260,0,0.0,0.0,0.0,0.0
R02,training,23,261,0,0.0,0.0,0.0,0.0
R02,training,23,262,0,0.0,0.0,0.0,0.0
R02,training,23,263,0,0.0,0.0,0.0,0.0
R02,training,23,264,0,0.0,0.0,0.0,0.0
R02,training,23,265,0,0.0,0.0,0.0,0.0
R02,training,23,266,0,0.0,0.0,0.0,0.0
R02,training,23,267,0,0.0,0.0,0.0,0.0
R02,training,23,268,0,0.0,0.0,0.0,0.0
R02,training,23,269,0,0.0,0.0,0.0,0.0
R02,training,23,270,0,0.0,0.0,0.0,0.0
R02,training,23,271,0,0.0,0.0,0.0,0.0
R02,training,23,272,0,0.0,0.0,0.0,0.0
R02,training,23,273,0,0.0,0.0,0.0,0.0
R02,training,23,274,0,0.0,0.0,0.0,0.0
R02,training,23,275,0,0.0,0.0,0.0,0.0
R02,training,23,276,0,0.0,0.0,0.0,0.0
R02,training,23,277,0,0.0,0.0,0.0,0.0
R02,training,23,278,0,0.0,0.0,0.0,0.0
R02,training,23,279,0,0.0,0.0,0.0,0.0
R02,training,23,280,0,0.0,0.0,0.0,0.0
R02,training,23,281,0,0.0,0.0,0.0,0.0
R02,training,23,282,0,0.0,0.0,0.0,0.0
R02,training,23,283,0,0.0,0.0,0.0,0.0
R02,training,23,284,0,0.0,0.0,0.0,0.0
R02,training,23,285,0,0.0,0.0,0.0,0.0
R02,training,23,286,0,0.0,0.0,0.0,0.0
R02,training,23,287,0,0.0,0.0,0.0,0.0
R02,training,23,288,0,0.0,0.0,0.0,0.0
R02,training,23,289,0,0.0,0.0,0.0,0.0
R02,training,23,290,0,0.0,0.0,0.0,0.0
R02,training,23,291,0,0.0,0.0,0.0,0.0
R02,training,23,292,0,0.0,0.0,0.0,0.0
R02,training,23,293,0,0.0,0.0,0.0,0.0
R02,training,23,294,0,0.0,0.0,0.0,0.0
R02,training,23,295,0,0.0,0.0,0.0,0.0
R02,training,23,296,0,0.0,0.0,0.0,0.0
R02,training,23,297,0,0.0,0.0,0.0,0.0
R02,training,23,298,0,0.0,0.0,0.0,0.0
R02,training,23,299,0,0.0,0.0,0.0,0.0
R02,training,23,300,0,0.0,0.0,0.0,0.0
R02,training,23,301,0,0.0,0.0,0.0,0.0
R02,training,23,302,0,0.0,0.0,0.0,0.0
R02,training,23,303,0,0.0,0.0,0.0,0.0
R02,training,23,304,0,0.0,0.0,0.0,0.0
R02,training,23,305,0,0.0,0.0,0.0,0.0
R02,training,23,306,0,0.0,0.0,0.0,0.0
R02,training,23,307,0,0.0,0.0,0.0,0.0
R02,training,23,308,0,0.0,0.0,0.0,0.0
R02,training,23,309,0,0.0,0.0,0.0,0.0
R02,training,23,310,0,0.0,0.0,0.0,0.0
R02,training,23,311,0,0.0,0.0,0.0,0.0
R02,training,23,312,0,0.0,0.0,0.0,0.0
R02,training,23,313,0,0.0,0.0,0.0,0.0
R02,training,23,314,0,0.0,0.0,0.0,0.0
R02,training,23,315,0,0.0,0.0,0.0,0.0
R02,training,23,316,0,0.0,0.0,0.0,0.0
R02,training,23,317,0,0.0,0.0,0.0,0.0
R02,training,23,318,0,0.0,0.0,0.0,0.0
R02,training,23,319,0,0.0,0.0,0.0,0.0
R02,training,23,320,0,0.0,0.0,0.0,0.0
R02,training,23,321,0,0.0,0.0,0.0,0.0
R02,training,23,322,0,0.0,0.0,0.0,0.0
R02,training,23,323,0,0.0,0.0,0.0,0.0
R02,training,23,324,0,0.0,0.0,0.0,0.0
R02,training,23,325,0,0.0,0.0,0.0,0.0
R02,training,23,326,0,0.0,0.0,0.0,0.0
R02,training,23,327,0,0.0,0.0,0.0,0.0
R02,training,23,328,0,0.0,0.0,0.0,0.0
R02,training,23,329,0,0.0,0.0,0.0,0.0
R02,training,23,330,0,0.0,0.0,0.0,0.0
R02,training,23,331,0,0.0,0.0,0.0,0.0
R02,training,23,332,0,0.0,0.0,0.0,0.0
R02,training,23,333,0,0.0,0.0,0.0,0.0
R02,training,23,334,0,0.0,0.0,0.0,0.0
R02,training,23,335,0,0.0,0.0,0.0,0.0
R02,training,23,336,0,0.0,0.0,0.0,0.0
R02,training,23,337,0,0.0,0.0,0.0,0.0
R02,training,23,338,0,0.0,0.0,0.0,0.0
R02,training,23,339,0,0.0,0.0,0.0,0.0
R02,training,23,340,0,0.0,0.0,0.0,0.0
R02,training,23,341,0,0.0,0.0,0.0,0.0
R02,training,23,342,0,0.0,0.0,0.0,0.0
R02,training,23,343,0,0.0,0.0,0.0,0.0
R02,training,23,344,0,0.0,0.0,0.0,0.0
R02,training,23,345,0,0.0,0.0,0.0,0.0
R02,training,23,346,0,0.0,0.0,0.0,0.0
R02,training,23,347,0,0.0,0.0,0.0,0.0
R02,training,23,348,0,0.0,0.0,0.0,0.0
R02,training,23,349,0,0.0,0.0,0.0,0.0
R02,training,23,350,0,0.0,0.0,0.0,0.0
R02,training,23,351,0,0.0,0.0,0.0,0.0
R02,training,23,352,0,0.0,0.0,0.0,0.0
R02,training,23,353,0,0.0,0.0,0.0,0.0
R02,training,23,354,0,0.0,0.0,0.0,0.0
R02,training,23,355,0,0.0,0.0,0.0,0.0
R02,training,23,356,0,0.0,0.0,0.0,0.0
R02,training,23,357,0,0.0,0.0,0.0,0.0
R02,training,23,358,0,0.0,0.0,0.0,0.0
R02,training,23,359,0,0.0,0.0,0.0,0.0
R02,training,23,360,0,0.0,0.0,0.0,0.0
R02,training,23,361,0,0.0,0.0,0.0,0.0
R02,training,23,362,0,0.0,0.0,0.0,0.0
R02,training,23,363,0,0.0,0.0,0.0,0.0
R02,training,23,364,0,0.0,0.0,0.0,0.0
R02,training,23,365,0,0.0,0.0,0.0,0.0
R02,training,23,366,0,0.0,0.0,0.0,0.0
R02,training,23,367,0,0.0,0.0,0.0,0.0
R02,training,23,368,0,0.0,0.0,0.0,0.0
R02,training,23,369,0,0.0,0.0,0.0,0.0
R02,training,23,370,0,0.0,0.0,0.0,0.0
R02,training,23,371,0,0.0,0.0,0.0,0.0
R02,training,23,372,0,0.0,0.0,0.0,0.0
R02,training,23,373,0,0.0,0.0,0.0,0.0
R02,training,23,374,0,0.0,0.0,0.0,0.0
R02,training,23,375,0,0.0,0.0,0.0,0.0
R02,training,23,376,0,0.0,0.0,0.0,0.0
R02,training,23,377,0,0.0,0.0,0.0,0.0
R02,training,23,378,0,0.0,0.0,0.0,0.0
R02,training,23,379,0,0.0,0.0,0.0,0.0
R02,training,23,380,0,0.0,0.0,0.0,0.0
R02,training,23,381,0,0.0,0.0,0.0,0.0
R02,training,23,382,0,0.0,0.0,0.0,0.0
R02,training,23,383,0,0.0,0.0,0.0,0.0
R02,training,23,384,0,0.0,0.0,0.0,0.0
R02,training,23,385,0,0.0,0.0,0.0,0.0
R02,training,23,386,0,0.0,0.0,0.0,0.0
R02,training,23,387,0,0.0,0.0,0.0,0.0
R02,training,23,388,0,0.0,0.0,0.0,0.0
R02,training,23,389,0,0.0,0.0,0.0,0.0
R02,training,23,390,0,0.0,0.0,0.0,0.0
R02,training,23,391,0,0.0,0.0,0.0,0.0
R02,training,23,392,0,0.0,0.0,0.0,0.0
R02,training,23,393,0,0.0,0.0,0.0,0.0
R02,training,23,394,0,0.0,0.0,0.0,0.0
R02,training,23,395,0,0.0,0.0,0.0,0.0
R02,training,23,396,0,0.0,0.0,0.0,0.0
R02,training,23,397,0,0.0,0.0,0.0,0.0
R02,training,23,398,0,0.0,0.0,0.0,0.0
R02,training,23,399,0,0.0,0.0,0.0,0.0
R02,training,23,400,0,0.0,0.0,0.0,0.0
R02,training,23,401,0,0.0,0.0,0.0,0.0
R02,training,23,402,0,0.0,0.0,0.0,0.0
R02,training,23,403,0,0.0,0.0,0.0,0.0
R02,training,23,404,0,0.0,0.0,0.0,0.0
R02,training,23,405,0,0.0,0.0,0.0,0.0
R02,training,23,406,0,0.0,0.0,0.0,0.0
R02,training,23,407,0,0.0,0.0,0.0,0.0
R02,training,23,408,0,0.0,0.0,0.0,0.0
R02,training,23,409,0,0.0,0.0,0.0,0.0
R02,training,23,410,0,0.0,0.0,0.0,0.0
R02,training,23,411,0,0.0,0.0,0.0,0.0
R02,training,23,412,0,0.0,0.0,0.0,0.0
R02,training,23,413,0,0.0,0.0,0.0,0.0
R02,training,23,414,0,0.0,0.0,0.0,0.0
R02,training,23,415,0,0.0,0.0,0.0,0.0
R02,training,23,416,0,0.0,0.0,0.0,0.0
R02,training,23,417,0,0.0,0.0,0.0,0.0
R02,training,23,418,0,0.0,0.0,0.0,0.0
R02,training,23,419,0,0.0,0.0,0.0,0.0
R02,training,23,420,0,0.0,0.0,0.0,0.0
R02,training,23,421,0,0.0,0.0,0.0,0.0
R02,training,23,422,0,0.0,0.0,0.0,0.0
R02,training,23,423,0,0.0,0.0,0.0,0.0
R02,training,23,424,0,0.0,0.0,0.0,0.0
R02,training,23,425,0,0.0,0.0,0.0,0.0
R02,training,23,426,0,0.0,0.0,0.0,0.0
R02,training,23,427,0,0.0,0.0,0.0,0.0
R02,training,23,428,0,0.0,0.0,0.0,0.0
R02,training,23,429,0,0.0,0.0,0.0,0.0
R02,training,23,430,0,0.0,0.0,0.0,0.0
R02,training,23,431,0,0.0,0.0,0.0,0.0
R02,training,23,432,0,0.0,0.0,0.0,0.0
R02,training,23,433,0,0.0,0.0,0.0,0.0
R02,training,23,434,0,0.0,0.0,0.0,0.0
R02,training,23,435,0,0.0,0.0,0.0,0.0
R02,training,23,436,0,0.0,0.0,0.0,0.0
R02,training,23,437,0,0.0,0.0,0.0,0.0
R02,training,23,438,0,0.0,0.0,0.0,0.0
R02,training,23,439,0,0.0,0.0,0.0,0.0
R02,training,23,440,0,0.0,0.0,0.0,0.0
R02,training,23,441,0,0.0,0.0,0.0,0.0
R02,training,23,442,0,0.0,0.0,0.0,0.0
R02,training,23,443,0,0.0,0.0,0.0,0.0
R02,training,23,444,0,0.0,0.0,0.0,0.0
R02,training,23,445,0,0.0,0.0,0.0,0.0
R02,training,23,446,0,0.0,0.0,0.0,0.0
R02,training,23,447,0,0.0,0.0,0.0,0.0
R02,training,23,448,0,0.0,0.0,0.0,0.0
R02,training,23,449,0,0.0,0.0,0.0,0.0
R02,training,23,450,0,0.0,0.0,0.0,0.0
R02,training,23,451,0,0.0,0.0,0.0,0.0
R02,training,23,452,0,0.0,0.0,0.0,0.0
R02,training,23,453,0,0.0,0.0,0.0,0.0
R02,training,23,454,0,0.0,0.0,0.0,0.0
R02,training,23,455,0,0.0,0.0,0.0,0.0
R02,training,23,456,0,0.0,0.0,0.0,0.0
R02,training,23,457,0,0.0,0.0,0.0,0.0
R02,training,23,458,0,0.0,0.0,0.0,0.0
R02,training,23,459,0,0.0,0.0,0.0,0.0
R02,training,23,460,0,0.0,0.0,0.0,0.0
R02,training,23,461,0,0.0,0.0,0.0,0.0
R02,training,23,462,0,0.0,0.0,0.0,0.0
R02,training,23,463,0,0.0,0.0,0.0,0.0
R02,training,23,464,0,0.0,0.0,0.0,0.0
R02,training,23,465,0,0.0,0.0,0.0,0.0
R02,training,23,466,0,0.0,0.0,0.0,0.0
R02,training,23,467,0,0.0,0.0,0.0,0.0
R02,training,23,468,0,0.0,0.0,0.0,0.0
R02,training,23,469,0,0.0,0.0,0.0,0.0
R02,training,23,470,0,0.0,0.0,0.0,0.0
R02,training,23,471,0,0.0,0.0,0.0,0.0
R02,training,23,472,0,0.0,0.0,0.0,0.0
R02,training,23,473,0,0.0,0.0,0.0,0.0
R02,training,23,474,0,0.0,0.0,0.0,0.0
R02,training,23,475,0,0.0,0.0,0.0,0.0
R02,training,23,476,0,0.0,0.0,0.0,0.0
R02,training,23,477,0,0.0,0.0,0.0,0.0
R02,training,23,478,0,0.0,0.0,0.0,0.0
R02,training,23,479,0,0.0,0.0,0.0,0.0
R02,training,23,480,0,0.0,0.0,0.0,0.0
R02,training,23,481,0,0.0,0.0,0.0,0.0
R02,training,23,482,0,0.0,0.0,0.0,0.0
R02,training,23,483,0,0.0,0.0,0.0,0.0
R02,training,23,484,0,0.0,0.0,0.0,0.0
R02,training,23,485,0,0.0,0.0,0.0,0.0
R02,training,23,486,0,0.0,0.0,0.0,0.0
R02,training,23,487,0,0.0,0.0,0.0,0.0
R02,training,23,488,0,0.0,0.0,0.0,0.0
R02,training,23,489,0,0.0,0.0,0.0,0.0
R02,training,23,490,0,0.0,0.0,0.0,0.0
R02,training,23,491,0,0.0,0.0,0.0,0.0
R02,training,23,492,0,0.0,0.0,0.0,0.0
R02,training,23,493,0,0.0,0.0,0.0,0.0
R02,training,23,494,0,0.0,0.0,0.0,0.0
R02,training,23,495,0,0.0,0.0,0.0,0.0
R02,training,23,496,0,0.0,0.0,0.0,0.0
R02,training,23,497,0,0.0,0.0,0.0,0.0
R02,training,23,498,0,0.0,0.0,0.0,0.0
R02,training,23,499,0,0.0,0.0,0.0,0.0
R02,training,23,500,0,0.0,0.0,0.0,0.0
R02,training,23,501,0,0.0,0.0,0.0,0.0
R02,training,23,502,0,0.0,0.0,0.0,0.0
R02,training,23,503,0,0.0,0.0,0.0,0.0
R02,training,23,504,0,0.0,0.0,0.0,0.0
R02,training,23,505,0,0.0,0.0,0.0,0.0
R02,training,23,506,0,0.0,0.0,0.0,0.0
R02,training,23,507,0,0.0,0.0,0.0,0.0
R02,training,23,508,0,0.0,0.0,0.0,0.0
R02,training,23,509,0,0.0,0.0,0.0,0.0
R02,training,23,510,0,0.0,0.0,0.0,0.0
R02,training,23,511,0,0.0,0.0,0.0,0.0
R02,training,23,512,0,0.0,0.0,0.0,0.0
R02,training,23,513,0,0.0,0.0,0.0,0.0
R02,training,23,514,0,0.0,0.0,0.0,0.0
R02,training,23,515,0,0.0,0.0,0.0,0.0
R02,training,23,516,0,0.0,0.0,0.0,0.0
R02,training,23,517,0,0.0,0.0,0.0,0.0
R02,training,23,518,0,0.0,0.0,0.0,0.0
R02,training,23,519,0,0.0,0.0,0.0,0.0
R02,training,23,520,0,0.0,0.0,0.0,0.0
R02,training,23,521,0,0.0,0.0,0.0,0.0
R02,training,23,522,0,0.0,0.0,0.0,0.0
R02,training,23,523,0,0.0,0.0,0.0,0.0
R02,training,23,524,0,0.0,0.0,0.0,0.0
R02,training,23,525,0,0.0,0.0,0.0,0.0
R02,training,23,526,0,0.0,0.0,0.0,0.0
R02,training,23,527,0,0.0,0.0,0.0,0.0
R02,training,23,528,0,0.0,0.0,0.0,0.0
R02,training,23,529,0,0.0,0.0,0.0,0.0
R02,training,23,530,0,0.0,0.0,0.0,0.0
R02,training,23,531,0,0.0,0.0,0.0,0.0
R02,training,23,532,0,0.0,0.0,0.0,0.0
R02,training,23,533,0,0.0,0.0,0.0,0.0
R02,training,23,534,0,0.0,0.0,0.0,0.0
R02,training,23,535,0,0.0,0.0,0.0,0.0
R02,training,23,536,0,0.0,0.0,0.0,0.0
R02,training,23,537,0,0.0,0.0,0.0,0.0
R02,training,23,538,0,0.0,0.0,0.0,0.0
R02,training,23,539,0,0.0,0.0,0.0,0.0
R02,training,23,540,0,0.0,0.0,0.0,0.0
R02,training,23,541,0,0.0,0.0,0.0,0.0
R02,training,23,542,0,0.0,0.0,0.0,0.0
R02,training,23,543,0,0.0,0.0,0.0,0.0
R02,training,23,544,0,0.0,0.0,0.0,0.0
R02,training,23,545,0,0.0,0.0,0.0,0.0
R02,training,23,546,0,0.0,0.0,0.0,0.0
R02,training,23,547,0,0.0,0.0,0.0,0.0
R02,training,23,548,0,0.0,0.0,0.0,0.0
R02,training,23,549,0,0.0,0.0,0.0,0.0
R02,training,23,550,0,0.0,0.0,0.0,0.0
R02,training,23,551,0,0.0,0.0,0.0,0.0
R02,training,23,552,0,0.0,0.0,0.0,0.0
R02,training,23,553,0,0.0,0.0,0.0,0.0
R02,training,23,554,0,0.0,0.0,0.0,0.0
R02,training,23,555,0,0.0,0.0,0.0,0.0
R02,training,23,556,0,0.0,0.0,0.0,0.0
R02,training,23,557,0,0.0,0.0,0.0,0.0
R02,training,23,558,0,0.0,0.0,0.0,0.0
R02,training,23,559,0,0.0,0.0,0.0,0.0
R02,training,23,560,0,0.0,0.0,0.0,0.0
R02,training,23,561,0,0.0,0.0,0.0,0.0
R02,training,23,562,0,0.0,0.0,0.0,0.0
R02,training,23,563,0,0.0,0.0,0.0,0.0
R02,training,23,564,0,0.0,0.0,0.0,0.0
R02,training,23,565,0,0.0,0.0,0.0,0.0
R02,training,23,566,0,0.0,0.0,0.0,0.0
R02,training,23,567,0,0.0,0.0,0.0,0.0
R02,training,23,568,0,0.0,0.0,0.0,0.0
R02,training,23,569,0,0.0,0.0,0.0,0.0
R02,training,23,570,0,0.0,0.0,0.0,0.0
R02,training,23,571,0,0.0,0.0,0.0,0.0
R02,training,23,572,0,0.0,0.0,0.0,0.0
R02,training,23,573,0,0.0,0.0,0.0,0.0
R02,training,23,574,0,0.0,0.0,0.0,0.0
R02,training,23,575,0,0.0,0.0,0.0,0.0
R02,training,23,576,0,0.0,0.0,0.0,0.0
R02,training,23,577,0,0.0,0.0,0.0,0.0
R02,training,23,578,0,0.0,0.0,0.0,0.0
R02,training,23,579,0,0.0,0.0,0.0,0.0
R02,training,23,580,0,0.0,0.0,0.0,0.0
R02,training,23,581,0,0.0,0.0,0.0,0.0
R02,training,23,582,0,0.0,0.0,0.0,0.0
R02,training,23,583,0,0.0,0.0,0.0,0.0
R02,training,23,584,0,0.0,0.0,0.0,0.0
R02,training,23,585,0,0.0,0.0,0.0,0.0
R02,training,23,586,0,0.0,0.0,0.0,0.0
R02,training,23,587,0,0.0,0.0,0.0,0.0
R02,training,23,588,0,0.0,0.0,0.0,0.0
R02,training,23,589,0,0.0,0.0,0.0,0.0
R02,training,23,590,0,0.0,0.0,0.0,0.0
R02,training,23,591,0,0.0,0.0,0.0,0.0
R02,training,23,592,0,0.0,0.0,0.0,0.0
R02,training,23,593,0,0.0,0.0,0.0,0.0
R02,training,23,594,0,0.0,0.0,0.0,0.0
R02,training,23,595,0,0.0,0.0,0.0,0.0
R02,training,23,596,0,0.0,0.0,0.0,0.0
R02,training,23,597,0,0.0,0.0,0.0,0.0
R02,training,23,598,0,0.0,0.0,0.0,0.0
R02,training,23,599,0,0.0,0.0,0.0,0.0
R02,training,23,600,0,0.0,0.0,0.0,0.0
R02,training,23,601,0,0.0,0.0,0.0,0.0
R02,training,23,602,0,0.0,0.0,0.0,0.0
R02,training,23,603,0,0.0,0.0,0.0,0.0
R02,training,23,604,0,0.0,0.0,0.0,0.0
R02,training,23,605,0,0.0,0.0,0.0,0.0
R02,training,23,606,0,0.0,0.0,0.0,0.0
R02,training,23,607,0,0.0,0.0,0.0,0.0
R02,training,23,608,0,0.0,0.0,0.0,0.0
R02,training,23,609,0,0.0,0.0,0.0,0.0
R02,training,23,610,0,0.0,0.0,0.0,0.0
R02,training,23,611,0,0.0,0.0,0.0,0.0
R02,training,26,0,0,0.0,0.0,0.0,0.0
R02,training,26,1,0,0.0,0.0,0.0,0.0
R02,training,26,2,0,0.0,0.0,0.0,0.0
R02,training,26,3,0,0.0,0.0,0.0,0.0
R02,training,26,4,0,0.0,0.0,0.0,0.0
R02,training,26,5,0,0.0,0.0,0.0,0.0
R02,training,26,6,0,0.0,0.0,0.0,0.0
R02,training,26,7,0,0.0,0.0,0.0,0.0
R02,training,26,8,0,0.0,0.0,0.0,0.0
R02,training,26,9,0,0.0,0.0,0.0,0.0
R02,training,26,10,0,0.0,0.0,0.0,0.0
R02,training,26,11,0,0.0,0.0,0.0,0.0
R02,training,26,12,0,0.0,0.0,0.0,0.0
R02,training,26,13,0,0.0,0.0,0.0,0.0
R02,training,26,14,0,0.0,0.0,0.0,0.0
R02,training,26,15,0,0.0,0.0,0.0,0.0
R02,training,26,16,0,0.0,0.0,0.0,0.0
R02,training,26,17,0,0.0,0.0,0.0,0.0
R02,training,26,18,0,0.0,0.0,0.0,0.0
R02,training,26,19,0,0.0,0.0,0.0,0.0
R02,training,26,20,0,0.0,0.0,0.0,0.0
R02,training,26,21,0,0.0,0.0,0.0,0.0
R02,training,26,22,0,0.0,0.0,0.0,0.0
R02,training,26,23,0,0.0,0.0,0.0,0.0
R02,training,26,24,0,0.0,0.0,0.0,0.0
R02,training,26,25,0,0.0,0.0,0.0,0.0
R02,training,26,26,0,0.0,0.0,0.0,0.0
R02,training,26,27,0,0.0,0.0,0.0,0.0
R02,training,26,28,0,0.0,0.0,0.0,0.0
R02,training,26,29,0,0.0,0.0,0.0,0.0
R02,training,26,30,0,0.0,0.0,0.0,0.0
R02,training,26,31,0,0.0,0.0,0.0,0.0
R02,training,26,32,0,0.0,0.0,0.0,0.0
R02,training,26,33,0,0.0,0.0,0.0,0.0
R02,training,26,34,0,0.0,0.0,0.0,0.0
R02,training,26,35,0,0.0,0.0,0.0,0.0
R02,training,26,36,0,0.0,0.0,0.0,0.0
R02,training,26,37,0,0.0,0.0,0.0,0.0
R02,training,26,38,0,0.0,0.0,0.0,0.0
R02,training,26,39,0,0.0,0.0,0.0,0.0
R02,training,26,40,0,0.0,0.0,0.0,0.0
R02,training,26,41,0,0.0,0.0,0.0,0.0
R02,training,26,42,0,0.0,0.0,0.0,0.0
R02,training,26,43,0,0.0,0.0,0.0,0.0
R02,training,26,44,0,0.0,0.0,0.0,0.0
R02,training,26,45,0,0.0,0.0,0.0,0.0
R02,training,26,46,0,0.0,0.0,0.0,0.0
R02,training,26,47,0,0.0,0.0,0.0,0.0
R02,training,26,48,0,0.0,0.0,0.0,0.0
R02,training,26,49,0,0.0,0.0,0.0,0.0
R02,training,26,50,0,0.0,0.0,0.0,0.0
R02,training,26,51,0,0.0,0.0,0.0,0.0
R02,training,26,52,0,0.0,0.0,0.0,0.0
R02,training,26,53,0,0.0,0.0,0.0,0.0
R02,training,26,54,0,0.0,0.0,0.0,0.0
R02,training,26,55,0,0.0,0.0,0.0,0.0
R02,training,26,56,0,0.0,0.0,0.0,0.0
R02,training,26,57,0,0.0,0.0,0.0,0.0
R02,training,26,58,0,0.0,0.0,0.0,0.0
R02,training,26,59,0,0.0,0.0,0.0,0.0
R02,training,26,60,0,0.0,0.0,0.0,0.0
R02,training,26,61,0,0.0,0.0,0.0,0.0
R02,training,26,62,0,0.0,0.0,0.0,0.0
R02,training,26,63,0,0.0,0.0,0.0,0.0
R02,training,26,64,0,0.0,0.0,0.0,0.0
R02,training,26,65,0,0.0,0.0,0.0,0.0
R02,training,26,66,0,0.0,0.0,0.0,0.0
R02,training,26,67,0,0.0,0.0,0.0,0.0
R02,training,26,68,0,0.0,0.0,0.0,0.0
R02,training,26,69,0,0.0,0.0,0.0,0.0
R02,training,26,70,0,0.0,0.0,0.0,0.0
R02,training,26,71,0,0.0,0.0,0.0,0.0
R02,training,26,72,0,0.0,0.0,0.0,0.0
R02,training,26,73,0,0.0,0.0,0.0,0.0
R02,training,26,74,0,0.0,0.0,0.0,0.0
R02,training,26,75,0,0.0,0.0,0.0,0.0
R02,training,26,76,0,0.0,0.0,0.0,0.0
R02,training,26,77,0,0.0,0.0,0.0,0.0
R02,training,26,78,0,0.0,0.0,0.0,0.0
R02,training,26,79,0,0.0,0.0,0.0,0.0
R02,training,26,80,0,0.0,0.0,0.0,0.0
R02,training,26,81,0,0.0,0.0,0.0,0.0
R02,training,26,82,0,0.0,0.0,0.0,0.0
R02,training,26,83,0,0.0,0.0,0.0,0.0
R02,training,26,84,0,0.0,0.0,0.0,0.0
R02,training,26,85,0,0.0,0.0,0.0,0.0
R02,training,26,86,0,0.0,0.0,0.0,0.0
R02,training,26,87,0,0.0,0.0,0.0,0.0
R02,training,26,88,0,0.0,0.0,0.0,0.0
R02,training,26,89,0,0.0,0.0,0.0,0.0
R02,training,26,90,0,0.0,0.0,0.0,0.0
R02,training,26,91,0,0.0,0.0,0.0,0.0
R02,training,26,92,0,0.0,0.0,0.0,0.0
R02,training,26,93,0,0.0,0.0,0.0,0.0
R02,training,26,94,0,0.0,0.0,0.0,0.0
R02,training,26,95,0,0.0,0.0,0.0,0.0
R02,training,26,96,0,0.0,0.0,0.0,0.0
R02,training,26,97,0,0.0,0.0,0.0,0.0
R02,training,26,98,0,0.0,0.0,0.0,0.0
R02,training,26,99,0,0.0,0.0,0.0,0.0
R02,training,26,100,0,0.0,0.0,0.0,0.0
R02,training,26,101,0,0.0,0.0,0.0,0.0
R02,training,26,102,0,0.0,0.0,0.0,0.0
R02,training,26,103,0,0.0,0.0,0.0,0.0
R02,training,26,104,0,0.0,0.0,0.0,0.0
R02,training,26,105,0,0.0,0.0,0.0,0.0
R02,training,26,106,0,0.0,0.0,0.0,0.0
R02,training,26,107,0,0.0,0.0,0.0,0.0
R02,training,26,108,0,0.0,0.0,0.0,0.0
R02,training,26,109,0,0.0,0.0,0.0,0.0
R02,training,26,110,0,0.0,0.0,0.0,0.0
R02,training,26,111,0,0.0,0.0,0.0,0.0
R02,training,26,112,0,0.0,0.0,0.0,0.0
R02,training,26,113,0,0.0,0.0,0.0,0.0
R02,training,26,114,0,0.0,0.0,0.0,0.0
R02,training,26,115,0,0.0,0.0,0.0,0.0
R02,training,26,116,0,0.0,0.0,0.0,0.0
R02,training,26,117,0,0.0,0.0,0.0,0.0
R02,training,26,118,0,0.0,0.0,0.0,0.0
R02,training,26,119,0,0.0,0.0,0.0,0.0
R02,training,26,120,0,0.0,0.0,0.0,0.0
R02,training,26,121,0,0.0,0.0,0.0,0.0
R02,training,26,122,0,0.0,0.0,0.0,0.0
R02,training,26,123,0,0.0,0.0,0.0,0.0
R02,training,26,124,0,0.0,0.0,0.0,0.0
R02,training,26,125,0,0.0,0.0,0.0,0.0
R02,training,26,126,0,0.0,0.0,0.0,0.0
R02,training,26,127,0,0.0,0.0,0.0,0.0
R02,training,26,128,0,0.0,0.0,0.0,0.0
R02,training,26,129,0,0.0,0.0,0.0,0.0
R02,training,26,130,0,0.0,0.0,0.0,0.0
R02,training,26,131,0,0.0,0.0,0.0,0.0
R02,training,26,132,0,0.0,0.0,0.0,0.0
R02,training,26,133,0,0.0,0.0,0.0,0.0
R02,training,26,134,0,0.0,0.0,0.0,0.0
R02,training,26,135,0,0.0,0.0,0.0,0.0
R02,training,26,136,0,0.0,0.0,0.0,0.0
R02,training,26,137,0,0.0,0.0,0.0,0.0
R02,training,26,138,0,0.0,0.0,0.0,0.0
R02,training,26,139,0,0.0,0.0,0.0,0.0
R02,training,26,140,0,0.0,0.0,0.0,0.0
R02,training,26,141,0,0.0,0.0,0.0,0.0
R02,training,26,142,0,0.0,0.0,0.0,0.0
R02,training,26,143,0,0.0,0.0,0.0,0.0
R02,training,26,144,0,0.0,0.0,0.0,0.0
R02,training,26,145,0,0.0,0.0,0.0,0.0
R02,training,26,146,0,0.0,0.0,0.0,0.0
R02,training,26,147,0,0.0,0.0,0.0,0.0
R02,training,26,148,0,0.0,0.0,0.0,0.0
R02,training,26,149,0,0.0,0.0,0.0,0.0
R02,training,26,150,0,0.0,0.0,0.0,0.0
R02,training,26,151,0,0.0,0.0,0.0,0.0
R02,training,26,152,0,0.0,0.0,0.0,0.0
R02,training,26,153,0,0.0,0.0,0.0,0.0
R02,training,26,154,0,0.0,0.0,0.0,0.0
R02,training,26,155,0,0.0,0.0,0.0,0.0
R02,training,26,156,0,0.0,0.0,0.0,0.0
R02,training,26,157,0,0.0,0.0,0.0,0.0
R02,training,26,158,0,0.0,0.0,0.0,0.0
R02,training,26,159,0,0.0,0.0,0.0,0.0
R02,training,26,160,0,0.0,0.0,0.0,0.0
R02,training,26,161,0,0.0,0.0,0.0,0.0
R02,training,26,162,0,0.0,0.0,0.0,0.0
R02,training,26,163,0,0.0,0.0,0.0,0.0
R02,training,26,164,0,0.0,0.0,0.0,0.0
R02,training,26,165,0,0.0,0.0,0.0,0.0
R02,training,26,166,0,0.0,0.0,0.0,0.0
R02,training,26,167,0,0.0,0.0,0.0,0.0
R02,training,26,168,0,0.0,0.0,0.0,0.0
R02,training,26,169,0,0.0,0.0,0.0,0.0
R02,training,26,170,0,0.0,0.0,0.0,0.0
R02,training,26,171,0,0.0,0.0,0.0,0.0
R02,training,26,172,0,0.0,0.0,0.0,0.0
R02,training,26,173,0,0.0,0.0,0.0,0.0
R02,training,26,174,0,0.0,0.0,0.0,0.0
R02,training,26,175,0,0.0,0.0,0.0,0.0
R02,training,26,176,0,0.0,0.0,0.0,0.0
R02,training,26,177,0,0.0,0.0,0.0,0.0
R02,training,26,178,0,0.0,0.0,0.0,0.0
R02,training,26,179,0,0.0,0.0,0.0,0.0
R02,training,26,180,0,0.0,0.0,0.0,0.0
R02,training,26,181,0,0.0,0.0,0.0,0.0
R02,training,26,182,0,0.0,0.0,0.0,0.0
R02,training,26,183,0,0.0,0.0,0.0,0.0
R02,training,26,184,0,0.0,0.0,0.0,0.0
R02,training,26,185,0,0.0,0.0,0.0,0.0
R02,training,26,186,0,0.0,0.0,0.0,0.0
R02,training,26,187,0,0.0,0.0,0.0,0.0
R02,training,26,188,0,0.0,0.0,0.0,0.0
R02,training,26,189,0,0.0,0.0,0.0,0.0
R02,training,26,190,0,0.0,0.0,0.0,0.0
R02,training,26,191,0,0.0,0.0,0.0,0.0
R02,training,26,192,0,0.0,0.0,0.0,0.0
R02,training,26,193,0,0.0,0.0,0.0,0.0
R02,training,26,194,0,0.0,0.0,0.0,0.0
R02,training,26,195,0,0.0,0.0,0.0,0.0
R02,training,26,196,0,0.0,0.0,0.0,0.0
R02,training,26,197,0,0.0,0.0,0.0,0.0
R02,training,26,198,0,0.0,0.0,0.0,0.0
R02,training,26,199,0,0.0,0.0,0.0,0.0
R02,training,26,200,0,0.0,0.0,0.0,0.0
R02,training,26,201,0,0.0,0.0,0.0,0.0
R02,training,26,202,0,0.0,0.0,0.0,0.0
R02,training,26,203,0,0.0,0.0,0.0,0.0
R02,training,26,204,0,0.0,0.0,0.0,0.0
R02,training,26,205,0,0.0,0.0,0.0,0.0
R02,training,26,206,0,0.0,0.0,0.0,0.0
R02,training,26,207,0,0.0,0.0,0.0,0.0
R02,training,26,208,0,0.0,0.0,0.0,0.0
R02,training,26,209,0,0.0,0.0,0.0,0.0
R02,training,26,210,0,0.0,0.0,0.0,0.0
R02,training,26,211,0,0.0,0.0,0.0,0.0
R02,training,26,212,0,0.0,0.0,0.0,0.0
R02,training,26,213,0,0.0,0.0,0.0,0.0
R02,training,26,214,0,0.0,0.0,0.0,0.0
R02,training,26,215,0,0.0,0.0,0.0,0.0
R02,training,26,216,0,0.0,0.0,0.0,0.0
R02,training,26,217,0,0.0,0.0,0.0,0.0
R02,training,26,218,0,0.0,0.0,0.0,0.0
R02,training,26,219,0,0.0,0.0,0.0,0.0
R02,training,26,220,0,0.0,0.0,0.0,0.0
R02,training,26,221,0,0.0,0.0,0.0,0.0
R02,training,26,222,0,0.0,0.0,0.0,0.0
R02,training,26,223,0,0.0,0.0,0.0,0.0
R02,training,26,224,0,0.0,0.0,0.0,0.0
R02,training,26,225,0,0.0,0.0,0.0,0.0
R02,training,26,226,0,0.0,0.0,0.0,0.0
R02,training,26,227,0,0.0,0.0,0.0,0.0
R02,training,26,228,0,0.0,0.0,0.0,0.0
R02,training,26,229,0,0.0,0.0,0.0,0.0
R02,training,26,230,0,0.0,0.0,0.0,0.0
R02,training,26,231,0,0.0,0.0,0.0,0.0
R02,training,26,232,0,0.0,0.0,0.0,0.0
R02,training,26,233,0,0.0,0.0,0.0,0.0
R02,training,26,234,0,0.0,0.0,0.0,0.0
R02,training,26,235,0,0.0,0.0,0.0,0.0
R02,training,26,236,0,0.0,0.0,0.0,0.0
R02,training,26,237,0,0.0,0.0,0.0,0.0
R02,training,26,238,0,0.0,0.0,0.0,0.0
R02,training,26,239,0,0.0,0.0,0.0,0.0
R02,training,26,240,0,0.0,0.0,0.0,0.0
R02,training,26,241,0,0.0,0.0,0.0,0.0
R02,training,26,242,0,0.0,0.0,0.0,0.0
R02,training,26,243,0,0.0,0.0,0.0,0.0
R02,training,26,244,0,0.0,0.0,0.0,0.0
R02,training,26,245,0,0.0,0.0,0.0,0.0
R02,training,26,246,0,0.0,0.0,0.0,0.0
R02,training,26,247,0,0.0,0.0,0.0,0.0
R02,training,26,248,0,0.0,0.0,0.0,0.0
R02,training,26,249,0,0.0,0.0,0.0,0.0
R02,training,26,250,0,0.0,0.0,0.0,0.0
R02,training,26,251,0,0.0,0.0,0.0,0.0
R02,training,26,252,0,0.0,0.0,0.0,0.0
R02,training,26,253,0,0.0,0.0,0.0,0.0
R02,training,26,254,0,0.0,0.0,0.0,0.0
R02,training,26,255,0,0.0,0.0,0.0,0.0
R02,training,26,256,0,0.0,0.0,0.0,0.0
R02,training,26,257,0,0.0,0.0,0.0,0.0
R02,training,26,258,0,0.0,0.0,0.0,0.0
R02,training,26,259,0,0.0,0.0,0.0,0.0
R02,training,26,260,0,0.0,0.0,0.0,0.0
R02,training,26,261,0,0.0,0.0,0.0,0.0
R02,training,26,262,0,0.0,0.0,0.0,0.0
R02,training,26,263,0,0.0,0.0,0.0,0.0
R02,training,26,264,0,0.0,0.0,0.0,0.0
R02,training,26,265,0,0.0,0.0,0.0,0.0
R02,training,26,266,0,0.0,0.0,0.0,0.0
R02,training,26,267,0,0.0,0.0,0.0,0.0
R02,training,26,268,0,0.0,0.0,0.0,0.0
R02,training,26,269,0,0.0,0.0,0.0,0.0
R02,training,26,270,0,0.0,0.0,0.0,0.0
R02,training,26,271,0,0.0,0.0,0.0,0.0
R02,training,26,272,0,0.0,0.0,0.0,0.0
R02,training,26,273,0,0.0,0.0,0.0,0.0
R02,training,26,274,0,0.0,0.0,0.0,0.0
R02,training,26,275,0,0.0,0.0,0.0,0.0
R02,training,26,276,0,0.0,0.0,0.0,0.0
R02,training,26,277,0,0.0,0.0,0.0,0.0
R02,training,26,278,0,0.0,0.0,0.0,0.0
R02,training,26,279,0,0.0,0.0,0.0,0.0
R02,training,26,280,0,0.0,0.0,0.0,0.0
R02,training,26,281,0,0.0,0.0,0.0,0.0
R02,training,26,282,0,0.0,0.0,0.0,0.0
R02,training,26,283,0,0.0,0.0,0.0,0.0
R02,training,26,284,0,0.0,0.0,0.0,0.0
R02,training,26,285,0,0.0,0.0,0.0,0.0
R02,training,26,286,0,0.0,0.0,0.0,0.0
R02,training,26,287,0,0.0,0.0,0.0,0.0
R02,training,26,288,0,0.0,0.0,0.0,0.0
R02,training,26,289,0,0.0,0.0,0.0,0.0
R02,training,26,290,0,0.0,0.0,0.0,0.0
R02,training,26,291,0,0.0,0.0,0.0,0.0
R02,training,26,292,0,0.0,0.0,0.0,0.0
R02,training,26,293,0,0.0,0.0,0.0,0.0
R02,training,26,294,0,0.0,0.0,0.0,0.0
R02,training,26,295,0,0.0,0.0,0.0,0.0
R02,training,26,296,0,0.0,0.0,0.0,0.0
R02,training,26,297,0,0.0,0.0,0.0,0.0
R02,training,26,298,0,0.0,0.0,0.0,0.0
R02,training,26,299,0,0.0,0.0,0.0,0.0
R02,training,26,300,0,0.0,0.0,0.0,0.0
R02,training,26,301,0,0.0,0.0,0.0,0.0
R02,training,26,302,0,0.0,0.0,0.0,0.0
R02,training,26,303,0,0.0,0.0,0.0,0.0
R02,training,26,304,0,0.0,0.0,0.0,0.0
R02,training,26,305,0,0.0,0.0,0.0,0.0
R02,training,26,306,0,0.0,0.0,0.0,0.0
R02,training,26,307,0,0.0,0.0,0.0,0.0
R02,training,26,308,0,0.0,0.0,0.0,0.0
R02,training,26,309,0,0.0,0.0,0.0,0.0
R02,training,26,310,0,0.0,0.0,0.0,0.0
R02,training,26,311,0,0.0,0.0,0.0,0.0
R02,training,26,312,0,0.0,0.0,0.0,0.0
R02,training,26,313,0,0.0,0.0,0.0,0.0
R02,training,26,314,0,0.0,0.0,0.0,0.0
R02,training,26,315,0,0.0,0.0,0.0,0.0
R02,training,26,316,0,0.0,0.0,0.0,0.0
R02,training,26,317,0,0.0,0.0,0.0,0.0
R02,training,26,318,0,0.0,0.0,0.0,0.0
R02,training,26,319,0,0.0,0.0,0.0,0.0
R02,training,26,320,0,0.0,0.0,0.0,0.0
R02,training,26,321,0,0.0,0.0,0.0,0.0
R02,training,26,322,0,0.0,0.0,0.0,0.0
R02,training,26,323,0,0.0,0.0,0.0,0.0
R02,training,26,324,0,0.0,0.0,0.0,0.0
R02,training,26,325,0,0.0,0.0,0.0,0.0
R02,training,26,326,0,0.0,0.0,0.0,0.0
R02,training,26,327,0,0.0,0.0,0.0,0.0
R02,training,26,328,0,0.0,0.0,0.0,0.0
R02,training,26,329,0,0.0,0.0,0.0,0.0
R02,training,26,330,0,0.0,0.0,0.0,0.0
R02,training,26,331,0,0.0,0.0,0.0,0.0
R02,training,26,332,0,0.0,0.0,0.0,0.0
R02,training,26,333,0,0.0,0.0,0.0,0.0
R02,training,26,334,0,0.0,0.0,0.0,0.0
R02,training,26,335,0,0.0,0.0,0.0,0.0
R02,training,26,336,0,0.0,0.0,0.0,0.0
R02,training,26,337,0,0.0,0.0,0.0,0.0
R02,training,26,338,0,0.0,0.0,0.0,0.0
R02,training,26,339,0,0.0,0.0,0.0,0.0
R02,training,26,340,0,0.0,0.0,0.0,0.0
R02,training,26,341,0,0.0,0.0,0.0,0.0
R02,training,26,342,0,0.0,0.0,0.0,0.0
R02,training,26,343,0,0.0,0.0,0.0,0.0
R02,training,26,344,0,0.0,0.0,0.0,0.0
R02,training,26,345,0,0.0,0.0,0.0,0.0
R02,training,26,346,0,0.0,0.0,0.0,0.0
R02,training,26,347,0,0.0,0.0,0.0,0.0
R02,training,26,348,0,0.0,0.0,0.0,0.0
R02,training,26,349,0,0.0,0.0,0.0,0.0
R02,training,26,350,0,0.0,0.0,0.0,0.0
R02,training,26,351,0,0.0,0.0,0.0,0.0
R02,training,26,352,0,0.0,0.0,0.0,0.0
R02,training,26,353,0,0.0,0.0,0.0,0.0
R02,training,26,354,0,0.0,0.0,0.0,0.0
R02,training,26,355,0,0.0,0.0,0.0,0.0
R02,training,26,356,0,0.0,0.0,0.0,0.0
R02,training,26,357,0,0.0,0.0,0.0,0.0
R02,training,26,358,0,0.0,0.0,0.0,0.0
R02,training,26,359,0,0.0,0.0,0.0,0.0
R02,training,26,360,0,0.0,0.0,0.0,0.0
R02,training,26,361,0,0.0,0.0,0.0,0.0
R02,training,26,362,0,0.0,0.0,0.0,0.0
R02,training,26,363,0,0.0,0.0,0.0,0.0
R02,training,26,364,0,0.0,0.0,0.0,0.0
R02,training,26,365,0,0.0,0.0,0.0,0.0
R02,training,26,366,0,0.0,0.0,0.0,0.0
R02,training,26,367,0,0.0,0.0,0.0,0.0
R02,training,26,368,0,0.0,0.0,0.0,0.0
R02,training,26,369,0,0.0,0.0,0.0,0.0
R02,training,26,370,0,0.0,0.0,0.0,0.0
R02,training,26,371,0,0.0,0.0,0.0,0.0
R02,training,26,372,0,0.0,0.0,0.0,0.0
R02,training,26,373,0,0.0,0.0,0.0,0.0
R02,training,26,374,0,0.0,0.0,0.0,0.0
R02,training,26,375,0,0.0,0.0,0.0,0.0
R02,training,26,376,0,0.0,0.0,0.0,0.0
R02,training,26,377,0,0.0,0.0,0.0,0.0
R02,training,26,378,0,0.0,0.0,0.0,0.0
R02,training,26,379,0,0.0,0.0,0.0,0.0
R02,training,26,380,0,0.0,0.0,0.0,0.0
R02,training,26,381,0,0.0,0.0,0.0,0.0
R02,training,26,382,0,0.0,0.0,0.0,0.0
R02,training,26,383,0,0.0,0.0,0.0,0.0
R02,training,26,384,0,0.0,0.0,0.0,0.0
R02,training,26,385,0,0.0,0.0,0.0,0.0
R02,training,26,386,0,0.0,0.0,0.0,0.0
R02,training,26,387,0,0.0,0.0,0.0,0.0
R02,training,26,388,0,0.0,0.0,0.0,0.0
R02,training,26,389,0,0.0,0.0,0.0,0.0
R02,training,26,390,0,0.0,0.0,0.0,0.0
R02,training,26,391,0,0.0,0.0,0.0,0.0
R02,training,26,392,0,0.0,0.0,0.0,0.0
R02,training,26,393,0,0.0,0.0,0.0,0.0
R02,training,26,394,0,0.0,0.0,0.0,0.0
R02,training,26,395,0,0.0,0.0,0.0,0.0
R02,training,26,396,0,0.0,0.0,0.0,0.0
R02,training,26,397,0,0.0,0.0,0.0,0.0
R02,training,26,398,0,0.0,0.0,0.0,0.0
R02,training,26,399,0,0.0,0.0,0.0,0.0
R02,training,26,400,0,0.0,0.0,0.0,0.0
R02,training,26,401,0,0.0,0.0,0.0,0.0
R02,training,26,402,0,0.0,0.0,0.0,0.0
R02,training,26,403,0,0.0,0.0,0.0,0.0
R02,training,26,404,0,0.0,0.0,0.0,0.0
R02,training,26,405,0,0.0,0.0,0.0,0.0
R02,training,26,406,0,0.0,0.0,0.0,0.0
R02,training,26,407,0,0.0,0.0,0.0,0.0
R02,training,26,408,0,0.0,0.0,0.0,0.0
R02,training,26,409,0,0.0,0.0,0.0,0.0
R02,training,26,410,0,0.0,0.0,0.0,0.0
R02,training,26,411,0,0.0,0.0,0.0,0.0
R02,training,26,412,0,0.0,0.0,0.0,0.0
R02,training,26,413,0,0.0,0.0,0.0,0.0
R02,training,26,414,0,0.0,0.0,0.0,0.0
R02,training,26,415,0,0.0,0.0,0.0,0.0
R02,training,26,416,0,0.0,0.0,0.0,0.0
R02,training,26,417,0,0.0,0.0,0.0,0.0
R02,training,26,418,0,0.0,0.0,0.0,0.0
R02,training,26,419,0,0.0,0.0,0.0,0.0
R02,training,26,420,0,0.0,0.0,0.0,0.0
R02,training,26,421,0,0.0,0.0,0.0,0.0
R02,training,26,422,0,0.0,0.0,0.0,0.0
R02,training,26,423,0,0.0,0.0,0.0,0.0
R02,training,26,424,0,0.0,0.0,0.0,0.0
R02,training,26,425,0,0.0,0.0,0.0,0.0
R02,training,26,426,0,0.0,0.0,0.0,0.0
R02,training,26,427,0,0.0,0.0,0.0,0.0
R02,training,26,428,0,0.0,0.0,0.0,0.0
R02,training,26,429,0,0.0,0.0,0.0,0.0
R02,training,26,430,0,0.0,0.0,0.0,0.0
R02,training,26,431,0,0.0,0.0,0.0,0.0
R02,training,26,432,0,0.0,0.0,0.0,0.0
R02,training,26,433,0,0.0,0.0,0.0,0.0
R02,training,26,434,0,0.0,0.0,0.0,0.0
R02,training,26,435,0,0.0,0.0,0.0,0.0
R02,training,26,436,0,0.0,0.0,0.0,0.0
R02,training,26,437,0,0.0,0.0,0.0,0.0
R02,training,26,438,0,0.0,0.0,0.0,0.0
R02,training,26,439,0,0.0,0.0,0.0,0.0
R02,training,26,440,0,0.0,0.0,0.0,0.0
R02,training,26,441,0,0.0,0.0,0.0,0.0
R02,training,26,442,0,0.0,0.0,0.0,0.0
R02,training,26,443,0,0.0,0.0,0.0,0.0
R02,training,26,444,0,0.0,0.0,0.0,0.0
R02,training,26,445,0,0.0,0.0,0.0,0.0
R02,training,26,446,0,0.0,0.0,0.0,0.0
R02,training,26,447,0,0.0,0.0,0.0,0.0
R02,training,26,448,0,0.0,0.0,0.0,0.0
R02,training,26,449,0,0.0,0.0,0.0,0.0
R02,training,26,450,0,0.0,0.0,0.0,0.0
R02,training,26,451,0,0.0,0.0,0.0,0.0
R02,training,26,452,0,0.0,0.0,0.0,0.0
R02,training,26,453,0,0.0,0.0,0.0,0.0
R02,training,26,454,0,0.0,0.0,0.0,0.0
R02,training,26,455,0,0.0,0.0,0.0,0.0
R02,training,26,456,0,0.0,0.0,0.0,0.0
R02,training,26,457,0,0.0,0.0,0.0,0.0
R02,training,26,458,0,0.0,0.0,0.0,0.0
R02,training,26,459,0,0.0,0.0,0.0,0.0
R02,training,26,460,0,0.0,0.0,0.0,0.0
R02,training,26,461,0,0.0,0.0,0.0,0.0
R02,training,26,462,0,0.0,0.0,0.0,0.0
R02,training,26,463,0,0.0,0.0,0.0,0.0
R02,training,26,464,0,0.0,0.0,0.0,0.0
R02,training,26,465,0,0.0,0.0,0.0,0.0
R02,training,26,466,0,0.0,0.0,0.0,0.0
R02,training,26,467,0,0.0,0.0,0.0,0.0
R02,training,26,468,0,0.0,0.0,0.0,0.0
R02,training,26,469,0,0.0,0.0,0.0,0.0
R02,training,26,470,0,0.0,0.0,0.0,0.0
R02,training,26,471,0,0.0,0.0,0.0,0.0
R02,training,26,472,0,0.0,0.0,0.0,0.0
R02,training,26,473,0,0.0,0.0,0.0,0.0
R02,training,26,474,0,0.0,0.0,0.0,0.0
R02,training,26,475,0,0.0,0.0,0.0,0.0
R02,training,26,476,0,0.0,0.0,0.0,0.0
R02,training,26,477,0,0.0,0.0,0.0,0.0
R02,training,26,478,0,0.0,0.0,0.0,0.0
R02,training,26,479,0,0.0,0.0,0.0,0.0
R02,training,26,480,0,0.0,0.0,0.0,0.0
R02,training,26,481,0,0.0,0.0,0.0,0.0
R02,training,26,482,0,0.0,0.0,0.0,0.0
R02,training,26,483,0,0.0,0.0,0.0,0.0
R02,training,26,484,0,0.0,0.0,0.0,0.0
R02,training,26,485,0,0.0,0.0,0.0,0.0
R02,training,26,486,0,0.0,0.0,0.0,0.0
R02,training,26,487,0,0.0,0.0,0.0,0.0
R02,training,26,488,0,0.0,0.0,0.0,0.0
R02,training,26,489,0,0.0,0.0,0.0,0.0
R02,training,26,490,0,0.0,0.0,0.0,0.0
R02,training,26,491,0,0.0,0.0,0.0,0.0
R02,training,26,492,0,0.0,0.0,0.0,0.0
R02,training,26,493,0,0.0,0.0,0.0,0.0
R02,training,26,494,0,0.0,0.0,0.0,0.0
R02,training,26,495,0,0.0,0.0,0.0,0.0
R02,training,26,496,0,0.0,0.0,0.0,0.0
R02,training,26,497,0,0.0,0.0,0.0,0.0
R02,training,26,498,0,0.0,0.0,0.0,0.0
R02,training,26,499,0,0.0,0.0,0.0,0.0
R02,training,26,500,0,0.0,0.0,0.0,0.0
R02,training,26,501,0,0.0,0.0,0.0,0.0
R02,training,26,502,0,0.0,0.0,0.0,0.0
R02,training,26,503,0,0.0,0.0,0.0,0.0
R02,training,26,504,0,0.0,0.0,0.0,0.0
R02,training,26,505,0,0.0,0.0,0.0,0.0
R02,training,26,506,0,0.0,0.0,0.0,0.0
R02,training,26,507,0,0.0,0.0,0.0,0.0
R02,training,26,508,0,0.0,0.0,0.0,0.0
R02,training,26,509,0,0.0,0.0,0.0,0.0
R02,training,26,510,0,0.0,0.0,0.0,0.0
R02,training,26,511,0,0.0,0.0,0.0,0.0
R02,training,26,512,0,0.0,0.0,0.0,0.0
R02,training,26,513,0,0.0,0.0,0.0,0.0
R02,training,26,514,0,0.0,0.0,0.0,0.0
R02,training,26,515,0,0.0,0.0,0.0,0.0
R02,training,26,516,0,0.0,0.0,0.0,0.0
R02,training,26,517,0,0.0,0.0,0.0,0.0
R02,training,26,518,0,0.0,0.0,0.0,0.0
R02,training,26,519,0,0.0,0.0,0.0,0.0
R02,training,26,520,0,0.0,0.0,0.0,0.0
R02,training,26,521,0,0.0,0.0,0.0,0.0
R02,training,26,522,0,0.0,0.0,0.0,0.0
R02,training,26,523,0,0.0,0.0,0.0,0.0
R02,training,26,524,0,0.0,0.0,0.0,0.0
R02,training,26,525,0,0.0,0.0,0.0,0.0
R02,training,26,526,0,0.0,0.0,0.0,0.0
R02,training,26,527,0,0.0,0.0,0.0,0.0
R02,training,26,528,0,0.0,0.0,0.0,0.0
R02,training,26,529,0,0.0,0.0,0.0,0.0
R02,training,26,530,0,0.0,0.0,0.0,0.0
R02,training,26,531,0,0.0,0.0,0.0,0.0
R02,training,26,532,0,0.0,0.0,0.0,0.0
R02,training,26,533,0,0.0,0.0,0.0,0.0
R02,training,26,534,0,0.0,0.0,0.0,0.0
R02,training,26,535,0,0.0,0.0,0.0,0.0
R02,training,26,536,0,0.0,0.0,0.0,0.0
R02,training,26,537,0,0.0,0.0,0.0,0.0
R02,training,26,538,0,0.0,0.0,0.0,0.0
R02,training,26,539,0,0.0,0.0,0.0,0.0
R02,training,26,540,0,0.0,0.0,0.0,0.0
R02,training,26,541,0,0.0,0.0,0.0,0.0
R02,training,26,542,0,0.0,0.0,0.0,0.0
R02,training,26,543,0,0.0,0.0,0.0,0.0
R02,training,26,544,0,0.0,0.0,0.0,0.0
R02,training,26,545,0,0.0,0.0,0.0,0.0
R02,training,26,546,0,0.0,0.0,0.0,0.0
R02,training,26,547,0,0.0,0.0,0.0,0.0
R02,training,26,548,0,0.0,0.0,0.0,0.0
R02,training,26,549,0,0.0,0.0,0.0,0.0
R02,training,26,550,0,0.0,0.0,0.0,0.0
R02,training,26,551,0,0.0,0.0,0.0,0.0
R02,training,26,552,0,0.0,0.0,0.0,0.0
R02,training,26,553,0,0.0,0.0,0.0,0.0
R02,training,26,554,0,0.0,0.0,0.0,0.0
R02,training,26,555,0,0.0,0.0,0.0,0.0
R02,training,26,556,0,0.0,0.0,0.0,0.0
R02,training,26,557,0,0.0,0.0,0.0,0.0
R02,training,26,558,0,0.0,0.0,0.0,0.0
R02,training,26,559,0,0.0,0.0,0.0,0.0
R02,training,26,560,0,0.0,0.0,0.0,0.0
R02,training,26,561,0,0.0,0.0,0.0,0.0
R02,training,26,562,0,0.0,0.0,0.0,0.0
R02,training,26,563,0,0.0,0.0,0.0,0.0
R02,training,26,564,0,0.0,0.0,0.0,0.0
R02,training,26,565,0,0.0,0.0,0.0,0.0
R02,training,26,566,0,0.0,0.0,0.0,0.0
R02,training,26,567,0,0.0,0.0,0.0,0.0
R02,training,26,568,0,0.0,0.0,0.0,0.0
R02,training,26,569,0,0.0,0.0,0.0,0.0
R02,training,26,570,0,0.0,0.0,0.0,0.0
R02,training,26,571,0,0.0,0.0,0.0,0.0
R02,training,26,572,0,0.0,0.0,0.0,0.0
R02,training,26,573,0,0.0,0.0,0.0,0.0
R02,training,28,0,0,0.0,0.0,0.0,0.0
R02,training,28,1,0,0.0,0.0,0.0,0.0
R02,training,28,2,0,0.0,0.0,0.0,0.0
R02,training,28,3,0,0.0,0.0,0.0,0.0
R02,training,28,4,0,0.0,0.0,0.0,0.0
R02,training,28,5,0,0.0,0.0,0.0,0.0
R02,training,28,6,0,0.0,0.0,0.0,0.0
R02,training,28,7,0,0.0,0.0,0.0,0.0
R02,training,28,8,0,0.0,0.0,0.0,0.0
R02,training,28,9,0,0.0,0.0,0.0,0.0
R02,training,28,10,0,0.0,0.0,0.0,0.0
R02,training,28,11,0,0.0,0.0,0.0,0.0
R02,training,28,12,0,0.0,0.0,0.0,0.0
R02,training,28,13,0,0.0,0.0,0.0,0.0
R02,training,28,14,0,0.0,0.0,0.0,0.0
R02,training,28,15,0,0.0,0.0,0.0,0.0
R02,training,28,16,0,0.0,0.0,0.0,0.0
R02,training,28,17,0,0.0,0.0,0.0,0.0
R02,training,28,18,0,0.0,0.0,0.0,0.0
R02,training,28,19,0,0.0,0.0,0.0,0.0
R02,training,28,20,0,0.0,0.0,0.0,0.0
R02,training,28,21,0,0.0,0.0,0.0,0.0
R02,training,28,22,0,0.0,0.0,0.0,0.0
R02,training,28,23,0,0.0,0.0,0.0,0.0
R02,training,28,24,0,0.0,0.0,0.0,0.0
R02,training,28,25,0,0.0,0.0,0.0,0.0
R02,training,28,26,0,0.0,0.0,0.0,0.0
R02,training,28,27,0,0.0,0.0,0.0,0.0
R02,training,28,28,0,0.0,0.0,0.0,0.0
R02,training,28,29,0,0.0,0.0,0.0,0.0
R02,training,28,30,0,0.0,0.0,0.0,0.0
R02,training,28,31,0,0.0,0.0,0.0,0.0
R02,training,28,32,0,0.0,0.0,0.0,0.0
R02,training,28,33,0,0.0,0.0,0.0,0.0
R02,training,28,34,0,0.0,0.0,0.0,0.0
R02,training,28,35,0,0.0,0.0,0.0,0.0
R02,training,28,36,0,0.0,0.0,0.0,0.0
R02,training,28,37,0,0.0,0.0,0.0,0.0
R02,training,28,38,0,0.0,0.0,0.0,0.0
R02,training,28,39,0,0.0,0.0,0.0,0.0
R02,training,28,40,0,0.0,0.0,0.0,0.0
R02,training,28,41,0,0.0,0.0,0.0,0.0
R02,training,28,42,0,0.0,0.0,0.0,0.0
R02,training,28,43,0,0.0,0.0,0.0,0.0
R02,training,28,44,0,0.0,0.0,0.0,0.0
R02,training,28,45,0,0.0,0.0,0.0,0.0
R02,training,28,46,0,0.0,0.0,0.0,0.0
R02,training,28,47,0,0.0,0.0,0.0,0.0
R02,training,28,48,0,0.0,0.0,0.0,0.0
R02,training,28,49,0,0.0,0.0,0.0,0.0
R02,training,28,50,0,0.0,0.0,0.0,0.0
R02,training,28,51,0,0.0,0.0,0.0,0.0
R02,training,28,52,0,0.0,0.0,0.0,0.0
R02,training,28,53,0,0.0,0.0,0.0,0.0
R02,training,28,54,0,0.0,0.0,0.0,0.0
R02,training,28,55,0,0.0,0.0,0.0,0.0
R02,training,28,56,0,0.0,0.0,0.0,0.0
R02,training,28,57,0,0.0,0.0,0.0,0.0
R02,training,28,58,0,0.0,0.0,0.0,0.0
R02,training,28,59,0,0.0,0.0,0.0,0.0
R02,training,28,60,0,0.0,0.0,0.0,0.0
R02,training,28,61,0,0.0,0.0,0.0,0.0
R02,training,28,62,0,0.0,0.0,0.0,0.0
R02,training,28,63,0,0.0,0.0,0.0,0.0
R02,training,28,64,0,0.0,0.0,0.0,0.0
R02,training,28,65,0,0.0,0.0,0.0,0.0
R02,training,28,66,0,0.0,0.0,0.0,0.0
R02,training,28,67,0,0.0,0.0,0.0,0.0
R02,training,28,68,0,0.0,0.0,0.0,0.0
R02,training,28,69,0,0.0,0.0,0.0,0.0
R02,training,28,70,0,0.0,0.0,0.0,0.0
R02,training,28,71,0,0.0,0.0,0.0,0.0
R02,training,28,72,0,0.0,0.0,0.0,0.0
R02,training,28,73,0,0.0,0.0,0.0,0.0
R02,training,28,74,0,0.0,0.0,0.0,0.0
R02,training,28,75,0,0.0,0.0,0.0,0.0
R02,training,28,76,0,0.0,0.0,0.0,0.0
R02,training,28,77,0,0.0,0.0,0.0,0.0
R02,training,28,78,0,0.0,0.0,0.0,0.0
R02,training,28,79,0,0.0,0.0,0.0,0.0
R02,training,28,80,0,0.0,0.0,0.0,0.0
R02,training,28,81,0,0.0,0.0,0.0,0.0
R02,training,28,82,0,0.0,0.0,0.0,0.0
R02,training,28,83,0,0.0,0.0,0.0,0.0
R02,training,28,84,0,0.0,0.0,0.0,0.0
R02,training,28,85,0,0.0,0.0,0.0,0.0
R02,training,28,86,0,0.0,0.0,0.0,0.0
R02,training,28,87,0,0.0,0.0,0.0,0.0
R02,training,28,88,0,0.0,0.0,0.0,0.0
R02,training,28,89,0,0.0,0.0,0.0,0.0
R02,training,28,90,0,0.0,0.0,0.0,0.0
R02,training,28,91,0,0.0,0.0,0.0,0.0
R02,training,28,92,0,0.0,0.0,0.0,0.0
R02,training,28,93,0,0.0,0.0,0.0,0.0
R02,training,28,94,0,0.0,0.0,0.0,0.0
R02,training,28,95,0,0.0,0.0,0.0,0.0
R02,training,28,96,0,0.0,0.0,0.0,0.0
R02,training,28,97,0,0.0,0.0,0.0,0.0
R02,training,28,98,0,0.0,0.0,0.0,0.0
R02,training,28,99,0,0.0,0.0,0.0,0.0
R02,training,28,100,0,0.0,0.0,0.0,0.0
R02,training,28,101,0,0.0,0.0,0.0,0.0
R02,training,28,102,0,0.0,0.0,0.0,0.0
R02,training,28,103,0,0.0,0.0,0.0,0.0
R02,training,28,104,0,0.0,0.0,0.0,0.0
R02,training,28,105,0,0.0,0.0,0.0,0.0
R02,training,28,106,0,0.0,0.0,0.0,0.0
R02,training,28,107,0,0.0,0.0,0.0,0.0
R02,training,28,108,0,0.0,0.0,0.0,0.0
R02,training,28,109,0,0.0,0.0,0.0,0.0
R02,training,28,110,0,0.0,0.0,0.0,0.0
R02,training,28,111,0,0.0,0.0,0.0,0.0
R02,training,28,112,0,0.0,0.0,0.0,0.0
R02,training,28,113,0,0.0,0.0,0.0,0.0
R02,training,28,114,0,0.0,0.0,0.0,0.0
R02,training,28,115,0,0.0,0.0,0.0,0.0
R02,training,28,116,0,0.0,0.0,0.0,0.0
R02,training,28,117,0,0.0,0.0,0.0,0.0
R02,training,28,118,0,0.0,0.0,0.0,0.0
R02,training,28,119,0,0.0,0.0,0.0,0.0
R02,training,28,120,0,0.0,0.0,0.0,0.0
R02,training,28,121,0,0.0,0.0,0.0,0.0
R02,training,28,122,0,0.0,0.0,0.0,0.0
R02,training,28,123,0,0.0,0.0,0.0,0.0
R02,training,28,124,0,0.0,0.0,0.0,0.0
R02,training,28,125,0,0.0,0.0,0.0,0.0
R02,training,28,126,0,0.0,0.0,0.0,0.0
R02,training,28,127,0,0.0,0.0,0.0,0.0
R02,training,28,128,0,0.0,0.0,0.0,0.0
R02,training,28,129,0,0.0,0.0,0.0,0.0
R02,training,28,130,0,0.0,0.0,0.0,0.0
R02,training,28,131,0,0.0,0.0,0.0,0.0
R02,training,28,132,0,0.0,0.0,0.0,0.0
R02,training,28,133,0,0.0,0.0,0.0,0.0
R02,training,28,134,0,0.0,0.0,0.0,0.0
R02,training,28,135,0,0.0,0.0,0.0,0.0
R02,training,28,136,0,0.0,0.0,0.0,0.0
R02,training,28,137,0,0.0,0.0,0.0,0.0
R02,training,28,138,0,0.0,0.0,0.0,0.0
R02,training,28,139,0,0.0,0.0,0.0,0.0
R02,training,28,140,0,0.0,0.0,0.0,0.0
R02,training,28,141,0,0.0,0.0,0.0,0.0
R02,training,28,142,0,0.0,0.0,0.0,0.0
R02,training,28,143,0,0.0,0.0,0.0,0.0
R02,training,28,144,0,0.0,0.0,0.0,0.0
R02,training,28,145,0,0.0,0.0,0.0,0.0
R02,training,28,146,0,0.0,0.0,0.0,0.0
R02,training,28,147,0,0.0,0.0,0.0,0.0
R02,training,28,148,0,0.0,0.0,0.0,0.0
R02,training,28,149,0,0.0,0.0,0.0,0.0
R02,training,28,150,0,0.0,0.0,0.0,0.0
R02,training,28,151,0,0.0,0.0,0.0,0.0
R02,training,28,152,0,0.0,0.0,0.0,0.0
R02,training,28,153,0,0.0,0.0,0.0,0.0
R02,training,28,154,0,0.0,0.0,0.0,0.0
R02,training,28,155,0,0.0,0.0,0.0,0.0
R02,training,28,156,0,0.0,0.0,0.0,0.0
R02,training,28,157,0,0.0,0.0,0.0,0.0
R02,training,28,158,0,0.0,0.0,0.0,0.0
R02,training,28,159,0,0.0,0.0,0.0,0.0
R02,training,28,160,0,0.0,0.0,0.0,0.0
R02,training,28,161,0,0.0,0.0,0.0,0.0
R02,training,28,162,0,0.0,0.0,0.0,0.0
R02,training,28,163,0,0.0,0.0,0.0,0.0
R02,training,28,164,0,0.0,0.0,0.0,0.0
R02,training,28,165,0,0.0,0.0,0.0,0.0
R02,training,28,166,0,0.0,0.0,0.0,0.0
R02,training,28,167,0,0.0,0.0,0.0,0.0
R02,training,28,168,0,0.0,0.0,0.0,0.0
R02,training,28,169,0,0.0,0.0,0.0,0.0
R02,training,28,170,0,0.0,0.0,0.0,0.0
R02,training,28,171,0,0.0,0.0,0.0,0.0
R02,training,28,172,0,0.0,0.0,0.0,0.0
R02,training,28,173,0,0.0,0.0,0.0,0.0
R02,training,28,174,0,0.0,0.0,0.0,0.0
R02,training,28,175,0,0.0,0.0,0.0,0.0
R02,training,28,176,0,0.0,0.0,0.0,0.0
R02,training,28,177,0,0.0,0.0,0.0,0.0
R02,training,28,178,0,0.0,0.0,0.0,0.0
R02,training,28,179,0,0.0,0.0,0.0,0.0
R02,training,28,180,0,0.0,0.0,0.0,0.0
R02,training,28,181,0,0.0,0.0,0.0,0.0
R02,training,28,182,0,0.0,0.0,0.0,0.0
R02,training,28,183,0,0.0,0.0,0.0,0.0
R02,training,28,184,0,0.0,0.0,0.0,0.0
R02,training,28,185,0,0.0,0.0,0.0,0.0
R02,training,28,186,0,0.0,0.0,0.0,0.0
R02,training,28,187,0,0.0,0.0,0.0,0.0
R02,training,28,188,0,0.0,0.0,0.0,0.0
R02,training,28,189,0,0.0,0.0,0.0,0.0
R02,training,28,190,0,0.0,0.0,0.0,0.0
R02,training,28,191,0,0.0,0.0,0.0,0.0
R02,training,28,192,0,0.0,0.0,0.0,0.0
R02,training,28,193,0,0.0,0.0,0.0,0.0
R02,training,28,194,0,0.0,0.0,0.0,0.0
R02,training,28,195,0,0.0,0.0,0.0,0.0
R02,training,28,196,0,0.0,0.0,0.0,0.0
R02,training,28,197,0,0.0,0.0,0.0,0.0
R02,training,28,198,0,0.0,0.0,0.0,0.0
R02,training,28,199,0,0.0,0.0,0.0,0.0
R02,training,28,200,0,0.0,0.0,0.0,0.0
R02,training,28,201,0,0.0,0.0,0.0,0.0
R02,training,28,202,0,0.0,0.0,0.0,0.0
R02,training,28,203,0,0.0,0.0,0.0,0.0
R02,training,28,204,0,0.0,0.0,0.0,0.0
R02,training,28,205,0,0.0,0.0,0.0,0.0
R02,training,28,206,0,0.0,0.0,0.0,0.0
R02,training,28,207,0,0.0,0.0,0.0,0.0
R02,training,28,208,0,0.0,0.0,0.0,0.0
R02,training,28,209,0,0.0,0.0,0.0,0.0
R02,training,28,210,0,0.0,0.0,0.0,0.0
R02,training,28,211,0,0.0,0.0,0.0,0.0
R02,training,28,212,0,0.0,0.0,0.0,0.0
R02,training,28,213,0,0.0,0.0,0.0,0.0
R02,training,28,214,0,0.0,0.0,0.0,0.0
R02,training,28,215,0,0.0,0.0,0.0,0.0
R02,training,28,216,0,0.0,0.0,0.0,0.0
R02,training,28,217,0,0.0,0.0,0.0,0.0
R02,training,28,218,0,0.0,0.0,0.0,0.0
R02,training,28,219,0,0.0,0.0,0.0,0.0
R02,training,28,220,0,0.0,0.0,0.0,0.0
R02,training,28,221,0,0.0,0.0,0.0,0.0
R02,training,28,222,0,0.0,0.0,0.0,0.0
R02,training,28,223,0,0.0,0.0,0.0,0.0
R02,training,28,224,0,0.0,0.0,0.0,0.0
R02,training,28,225,0,0.0,0.0,0.0,0.0
R02,training,28,226,0,0.0,0.0,0.0,0.0
R02,training,28,227,0,0.0,0.0,0.0,0.0
R02,training,28,228,0,0.0,0.0,0.0,0.0
R02,training,28,229,0,0.0,0.0,0.0,0.0
R02,training,28,230,0,0.0,0.0,0.0,0.0
R02,training,28,231,0,0.0,0.0,0.0,0.0
R02,training,28,232,0,0.0,0.0,0.0,0.0
R02,training,28,233,0,0.0,0.0,0.0,0.0
R02,training,28,234,0,0.0,0.0,0.0,0.0
R02,training,28,235,0,0.0,0.0,0.0,0.0
R02,training,28,236,0,0.0,0.0,0.0,0.0
R02,training,28,237,0,0.0,0.0,0.0,0.0
R02,training,28,238,0,0.0,0.0,0.0,0.0
R02,training,28,239,0,0.0,0.0,0.0,0.0
R02,training,28,240,0,0.0,0.0,0.0,0.0
R02,training,28,241,0,0.0,0.0,0.0,0.0
R02,training,28,242,0,0.0,0.0,0.0,0.0
R02,training,28,243,0,0.0,0.0,0.0,0.0
R02,training,28,244,0,0.0,0.0,0.0,0.0
R02,training,28,245,0,0.0,0.0,0.0,0.0
R02,training,28,246,0,0.0,0.0,0.0,0.0
R02,training,28,247,0,0.0,0.0,0.0,0.0
R02,training,28,248,0,0.0,0.0,0.0,0.0
R02,training,28,249,0,0.0,0.0,0.0,0.0
R02,training,28,250,0,0.0,0.0,0.0,0.0
R02,training,28,251,0,0.0,0.0,0.0,0.0
R02,training,28,252,0,0.0,0.0,0.0,0.0
R02,training,28,253,0,0.0,0.0,0.0,0.0
R02,training,28,254,0,0.0,0.0,0.0,0.0
R02,training,28,255,0,0.0,0.0,0.0,0.0
R02,training,28,256,0,0.0,0.0,0.0,0.0
R02,training,28,257,0,0.0,0.0,0.0,0.0
R02,training,28,258,0,0.0,0.0,0.0,0.0
R02,training,28,259,0,0.0,0.0,0.0,0.0
R02,training,28,260,0,0.0,0.0,0.0,0.0
R02,training,28,261,0,0.0,0.0,0.0,0.0
R02,training,28,262,0,0.0,0.0,0.0,0.0
R02,training,28,263,0,0.0,0.0,0.0,0.0
R02,training,28,264,0,0.0,0.0,0.0,0.0
R02,training,28,265,0,0.0,0.0,0.0,0.0
R02,training,28,266,0,0.0,0.0,0.0,0.0
R02,training,28,267,0,0.0,0.0,0.0,0.0
R02,training,28,268,0,0.0,0.0,0.0,0.0
R02,training,28,269,0,0.0,0.0,0.0,0.0
R02,training,28,270,0,0.0,0.0,0.0,0.0
R02,training,28,271,0,0.0,0.0,0.0,0.0
R02,training,28,272,0,0.0,0.0,0.0,0.0
R02,training,28,273,0,0.0,0.0,0.0,0.0
R02,training,28,274,0,0.0,0.0,0.0,0.0
R02,training,28,275,0,0.0,0.0,0.0,0.0
R02,training,28,276,0,0.0,0.0,0.0,0.0
R02,training,28,277,0,0.0,0.0,0.0,0.0
R02,training,28,278,0,0.0,0.0,0.0,0.0
R02,training,28,279,0,0.0,0.0,0.0,0.0
R02,training,28,280,0,0.0,0.0,0.0,0.0
R02,training,28,281,0,0.0,0.0,0.0,0.0
R02,training,28,282,0,0.0,0.0,0.0,0.0
R02,training,28,283,0,0.0,0.0,0.0,0.0
R02,training,28,284,0,0.0,0.0,0.0,0.0
R02,training,28,285,0,0.0,0.0,0.0,0.0
R02,training,28,286,0,0.0,0.0,0.0,0.0
R02,training,28,287,0,0.0,0.0,0.0,0.0
R02,training,28,288,0,0.0,0.0,0.0,0.0
R02,training,28,289,0,0.0,0.0,0.0,0.0
R02,training,28,290,0,0.0,0.0,0.0,0.0
R02,training,28,291,0,0.0,0.0,0.0,0.0
R02,training,28,292,0,0.0,0.0,0.0,0.0
R02,training,28,293,0,0.0,0.0,0.0,0.0
R02,training,28,294,0,0.0,0.0,0.0,0.0
R02,training,28,295,0,0.0,0.0,0.0,0.0
R02,training,28,296,0,0.0,0.0,0.0,0.0
R02,training,28,297,0,0.0,0.0,0.0,0.0
R02,training,28,298,0,0.0,0.0,0.0,0.0
R02,training,28,299,0,0.0,0.0,0.0,0.0
R02,training,28,300,0,0.0,0.0,0.0,0.0
R02,training,28,301,0,0.0,0.0,0.0,0.0
R02,training,28,302,0,0.0,0.0,0.0,0.0
R02,training,28,303,0,0.0,0.0,0.0,0.0
R02,training,28,304,0,0.0,0.0,0.0,0.0
R02,training,28,305,0,0.0,0.0,0.0,0.0
R02,training,28,306,0,0.0,0.0,0.0,0.0
R02,training,28,307,0,0.0,0.0,0.0,0.0
R02,training,28,308,0,0.0,0.0,0.0,0.0
R02,training,28,309,0,0.0,0.0,0.0,0.0
R02,training,28,310,0,0.0,0.0,0.0,0.0
R02,training,28,311,0,0.0,0.0,0.0,0.0
R02,training,28,312,0,0.0,0.0,0.0,0.0
R02,training,28,313,0,0.0,0.0,0.0,0.0
R02,training,28,314,0,0.0,0.0,0.0,0.0
R02,training,28,315,0,0.0,0.0,0.0,0.0
R02,training,28,316,0,0.0,0.0,0.0,0.0
R02,training,28,317,0,0.0,0.0,0.0,0.0
R02,training,28,318,0,0.0,0.0,0.0,0.0
R02,training,28,319,0,0.0,0.0,0.0,0.0
R02,training,28,320,0,0.0,0.0,0.0,0.0
R02,training,28,321,0,0.0,0.0,0.0,0.0
R02,training,28,322,0,0.0,0.0,0.0,0.0
R02,training,28,323,0,0.0,0.0,0.0,0.0
R02,training,28,324,0,0.0,0.0,0.0,0.0
R02,training,28,325,0,0.0,0.0,0.0,0.0
R02,training,28,326,0,0.0,0.0,0.0,0.0
R02,training,28,327,0,0.0,0.0,0.0,0.0
R02,training,28,328,0,0.0,0.0,0.0,0.0
R02,training,28,329,0,0.0,0.0,0.0,0.0
R02,training,28,330,0,0.0,0.0,0.0,0.0
R02,training,28,331,0,0.0,0.0,0.0,0.0
R02,training,28,332,0,0.0,0.0,0.0,0.0
R02,training,28,333,0,0.0,0.0,0.0,0.0
R02,training,28,334,0,0.0,0.0,0.0,0.0
R02,training,28,335,0,0.0,0.0,0.0,0.0
R02,training,28,336,0,0.0,0.0,0.0,0.0
R02,training,28,337,0,0.0,0.0,0.0,0.0
R02,training,28,338,0,0.0,0.0,0.0,0.0
R02,training,28,339,0,0.0,0.0,0.0,0.0
R02,training,28,340,0,0.0,0.0,0.0,0.0
R02,training,28,341,0,0.0,0.0,0.0,0.0
R02,training,28,342,0,0.0,0.0,0.0,0.0
R02,training,28,343,0,0.0,0.0,0.0,0.0
R02,training,28,344,0,0.0,0.0,0.0,0.0
R02,training,28,345,0,0.0,0.0,0.0,0.0
R02,training,28,346,0,0.0,0.0,0.0,0.0
R02,training,28,347,0,0.0,0.0,0.0,0.0
R02,training,28,348,0,0.0,0.0,0.0,0.0
R02,training,28,349,0,0.0,0.0,0.0,0.0
R02,training,28,350,0,0.0,0.0,0.0,0.0
R02,training,28,351,0,0.0,0.0,0.0,0.0
R02,training,28,352,0,0.0,0.0,0.0,0.0
R02,training,28,353,0,0.0,0.0,0.0,0.0
R02,training,28,354,0,0.0,0.0,0.0,0.0
R02,training,28,355,0,0.0,0.0,0.0,0.0
R02,training,28,356,0,0.0,0.0,0.0,0.0
R02,training,28,357,0,0.0,0.0,0.0,0.0
R02,training,28,358,0,0.0,0.0,0.0,0.0
R02,training,28,359,0,0.0,0.0,0.0,0.0
R02,training,28,360,0,0.0,0.0,0.0,0.0
R02,training,28,361,0,0.0,0.0,0.0,0.0
R02,training,28,362,0,0.0,0.0,0.0,0.0
R02,training,28,363,0,0.0,0.0,0.0,0.0
R02,training,28,364,0,0.0,0.0,0.0,0.0
R02,training,28,365,0,0.0,0.0,0.0,0.0
R02,training,28,366,0,0.0,0.0,0.0,0.0
R02,training,28,367,0,0.0,0.0,0.0,0.0
R02,training,28,368,0,0.0,0.0,0.0,0.0
R02,training,28,369,0,0.0,0.0,0.0,0.0
R02,training,28,370,0,0.0,0.0,0.0,0.0
R02,training,28,371,0,0.0,0.0,0.0,0.0
R02,training,28,372,0,0.0,0.0,0.0,0.0
R02,training,28,373,0,0.0,0.0,0.0,0.0
R02,training,28,374,0,0.0,0.0,0.0,0.0
R02,training,28,375,0,0.0,0.0,0.0,0.0
R02,training,28,376,0,0.0,0.0,0.0,0.0
R02,training,28,377,0,0.0,0.0,0.0,0.0
R02,training,28,378,0,0.0,0.0,0.0,0.0
R02,training,28,379,0,0.0,0.0,0.0,0.0
R02,training,28,380,0,0.0,0.0,0.0,0.0
R02,training,28,381,0,0.0,0.0,0.0,0.0
R02,training,28,382,0,0.0,0.0,0.0,0.0
R02,training,28,383,0,0.0,0.0,0.0,0.0
R02,training,28,384,0,0.0,0.0,0.0,0.0
R02,training,28,385,0,0.0,0.0,0.0,0.0
R02,training,28,386,0,0.0,0.0,0.0,0.0
R02,training,28,387,0,0.0,0.0,0.0,0.0
R02,training,28,388,0,0.0,0.0,0.0,0.0
R02,training,28,389,0,0.0,0.0,0.0,0.0
R02,training,28,390,0,0.0,0.0,0.0,0.0
R02,training,28,391,0,0.0,0.0,0.0,0.0
R02,training,28,392,0,0.0,0.0,0.0,0.0
R02,training,28,393,0,0.0,0.0,0.0,0.0
R02,training,28,394,0,0.0,0.0,0.0,0.0
R02,training,28,395,0,0.0,0.0,0.0,0.0
R02,training,28,396,0,0.0,0.0,0.0,0.0
R02,training,28,397,0,0.0,0.0,0.0,0.0
R02,training,28,398,0,0.0,0.0,0.0,0.0
R02,training,28,399,0,0.0,0.0,0.0,0.0
R02,training,28,400,0,0.0,0.0,0.0,0.0
R02,training,28,401,0,0.0,0.0,0.0,0.0
R02,training,28,402,0,0.0,0.0,0.0,0.0
R02,training,28,403,0,0.0,0.0,0.0,0.0
R02,training,28,404,0,0.0,0.0,0.0,0.0
R02,training,28,405,0,0.0,0.0,0.0,0.0
R02,training,28,406,0,0.0,0.0,0.0,0.0
R02,training,28,407,0,0.0,0.0,0.0,0.0
R02,training,28,408,0,0.0,0.0,0.0,0.0
R02,training,28,409,0,0.0,0.0,0.0,0.0
R02,training,28,410,0,0.0,0.0,0.0,0.0
R02,training,28,411,0,0.0,0.0,0.0,0.0
R02,training,28,412,0,0.0,0.0,0.0,0.0
R02,training,28,413,0,0.0,0.0,0.0,0.0
R02,training,28,414,0,0.0,0.0,0.0,0.0
R02,training,28,415,0,0.0,0.0,0.0,0.0
R02,training,28,416,0,0.0,0.0,0.0,0.0
R02,training,28,417,0,0.0,0.0,0.0,0.0
R02,training,28,418,0,0.0,0.0,0.0,0.0
R02,training,28,419,0,0.0,0.0,0.0,0.0
R02,training,28,420,0,0.0,0.0,0.0,0.0
R02,training,28,421,0,0.0,0.0,0.0,0.0
R02,training,28,422,0,0.0,0.0,0.0,0.0
R02,training,28,423,0,0.0,0.0,0.0,0.0
R02,training,28,424,0,0.0,0.0,0.0,0.0
R02,training,28,425,0,0.0,0.0,0.0,0.0
R02,training,28,426,0,0.0,0.0,0.0,0.0
R02,training,28,427,0,0.0,0.0,0.0,0.0
R02,training,28,428,0,0.0,0.0,0.0,0.0
R02,training,28,429,0,0.0,0.0,0.0,0.0
R02,training,28,430,0,0.0,0.0,0.0,0.0
R02,training,28,431,0,0.0,0.0,0.0,0.0
R02,training,28,432,0,0.0,0.0,0.0,0.0
R02,training,28,433,0,0.0,0.0,0.0,0.0
R02,training,28,434,0,0.0,0.0,0.0,0.0
R02,training,28,435,0,0.0,0.0,0.0,0.0
R02,training,28,436,0,0.0,0.0,0.0,0.0
R02,training,28,437,0,0.0,0.0,0.0,0.0
R02,training,28,438,0,0.0,0.0,0.0,0.0
R02,training,28,439,0,0.0,0.0,0.0,0.0
R02,training,28,440,0,0.0,0.0,0.0,0.0
R02,training,28,441,0,0.0,0.0,0.0,0.0
R02,training,28,442,0,0.0,0.0,0.0,0.0
R02,training,28,443,0,0.0,0.0,0.0,0.0
R02,training,28,444,0,0.0,0.0,0.0,0.0
R02,training,28,445,0,0.0,0.0,0.0,0.0
R02,training,28,446,0,0.0,0.0,0.0,0.0
R02,training,28,447,0,0.0,0.0,0.0,0.0
R02,training,28,448,0,0.0,0.0,0.0,0.0
R02,training,28,449,0,0.0,0.0,0.0,0.0
R02,training,28,450,0,0.0,0.0,0.0,0.0
R02,training,28,451,0,0.0,0.0,0.0,0.0
R02,training,28,452,0,0.0,0.0,0.0,0.0
R02,training,28,453,0,0.0,0.0,0.0,0.0
R02,training,28,454,0,0.0,0.0,0.0,0.0
R02,training,28,455,0,0.0,0.0,0.0,0.0
R02,training,28,456,0,0.0,0.0,0.0,0.0
R02,training,28,457,0,0.0,0.0,0.0,0.0
R02,training,28,458,0,0.0,0.0,0.0,0.0
R02,training,28,459,0,0.0,0.0,0.0,0.0
R02,training,28,460,0,0.0,0.0,0.0,0.0
R02,training,28,461,0,0.0,0.0,0.0,0.0
R02,training,28,462,0,0.0,0.0,0.0,0.0
R02,training,28,463,0,0.0,0.0,0.0,0.0
R02,training,28,464,0,0.0,0.0,0.0,0.0
R02,training,28,465,0,0.0,0.0,0.0,0.0
R02,training,28,466,0,0.0,0.0,0.0,0.0
R02,training,28,467,0,0.0,0.0,0.0,0.0
R02,training,28,468,0,0.0,0.0,0.0,0.0
R02,training,28,469,0,0.0,0.0,0.0,0.0
R02,training,28,470,0,0.0,0.0,0.0,0.0
R02,training,28,471,0,0.0,0.0,0.0,0.0
R02,training,28,472,0,0.0,0.0,0.0,0.0
R02,training,28,473,0,0.0,0.0,0.0,0.0
R02,training,28,474,0,0.0,0.0,0.0,0.0
R02,training,28,475,0,0.0,0.0,0.0,0.0
R02,training,28,476,0,0.0,0.0,0.0,0.0
R02,training,28,477,0,0.0,0.0,0.0,0.0
R02,training,28,478,0,0.0,0.0,0.0,0.0
R02,training,28,479,0,0.0,0.0,0.0,0.0
R02,training,28,480,0,0.0,0.0,0.0,0.0
R02,training,28,481,0,0.0,0.0,0.0,0.0
R02,training,28,482,0,0.0,0.0,0.0,0.0
R02,training,28,483,0,0.0,0.0,0.0,0.0
R02,training,28,484,0,0.0,0.0,0.0,0.0
R02,training,28,485,0,0.0,0.0,0.0,0.0
R02,training,28,486,0,0.0,0.0,0.0,0.0
R02,training,28,487,0,0.0,0.0,0.0,0.0
R02,training,28,488,0,0.0,0.0,0.0,0.0
R02,training,28,489,0,0.0,0.0,0.0,0.0
R02,training,28,490,0,0.0,0.0,0.0,0.0
R02,training,28,491,0,0.0,0.0,0.0,0.0
R02,training,28,492,0,0.0,0.0,0.0,0.0
R02,training,28,493,0,0.0,0.0,0.0,0.0
R02,training,28,494,0,0.0,0.0,0.0,0.0
R02,training,28,495,0,0.0,0.0,0.0,0.0
R02,training,28,496,0,0.0,0.0,0.0,0.0
R02,training,28,497,0,0.0,0.0,0.0,0.0
R02,training,28,498,0,0.0,0.0,0.0,0.0
R02,training,28,499,0,0.0,0.0,0.0,0.0
R02,training,28,500,0,0.0,0.0,0.0,0.0
R02,training,28,501,0,0.0,0.0,0.0,0.0
R02,training,28,502,0,0.0,0.0,0.0,0.0
R02,training,28,503,0,0.0,0.0,0.0,0.0
R02,training,28,504,0,0.0,0.0,0.0,0.0
R02,training,28,505,0,0.0,0.0,0.0,0.0
R02,training,28,506,0,0.0,0.0,0.0,0.0
R02,training,28,507,0,0.0,0.0,0.0,0.0
R02,training,28,508,0,0.0,0.0,0.0,0.0
R02,training,28,509,0,0.0,0.0,0.0,0.0
R02,training,28,510,0,0.0,0.0,0.0,0.0
R02,training,28,511,0,0.0,0.0,0.0,0.0
R02,training,28,512,0,0.0,0.0,0.0,0.0
R02,training,28,513,0,0.0,0.0,0.0,0.0
R02,training,28,514,0,0.0,0.0,0.0,0.0
R02,training,28,515,0,0.0,0.0,0.0,0.0
R02,training,28,516,0,0.0,0.0,0.0,0.0
R02,training,28,517,0,0.0,0.0,0.0,0.0
R02,training,28,518,0,0.0,0.0,0.0,0.0
R02,training,28,519,0,0.0,0.0,0.0,0.0
R02,training,28,520,0,0.0,0.0,0.0,0.0
R02,training,28,521,0,0.0,0.0,0.0,0.0
R02,training,28,522,0,0.0,0.0,0.0,0.0
R02,training,28,523,0,0.0,0.0,0.0,0.0
R02,training,28,524,0,0.0,0.0,0.0,0.0
R02,training,28,525,0,0.0,0.0,0.0,0.0
R02,training,28,526,0,0.0,0.0,0.0,0.0
R02,training,28,527,0,0.0,0.0,0.0,0.0
R02,training,28,528,0,0.0,0.0,0.0,0.0
R02,training,28,529,0,0.0,0.0,0.0,0.0
R02,training,28,530,0,0.0,0.0,0.0,0.0
R02,training,28,531,0,0.0,0.0,0.0,0.0
R02,training,28,532,0,0.0,0.0,0.0,0.0
R02,training,28,533,0,0.0,0.0,0.0,0.0
R02,training,28,534,0,0.0,0.0,0.0,0.0
R02,training,28,535,0,0.0,0.0,0.0,0.0
R02,training,28,536,0,0.0,0.0,0.0,0.0
R02,training,28,537,0,0.0,0.0,0.0,0.0
R02,training,28,538,0,0.0,0.0,0.0,0.0
R02,training,28,539,0,0.0,0.0,0.0,0.0
R02,training,28,540,0,0.0,0.0,0.0,0.0
R02,training,28,541,0,0.0,0.0,0.0,0.0
R02,training,28,542,0,0.0,0.0,0.0,0.0
R02,training,28,543,0,0.0,0.0,0.0,0.0
R02,training,28,544,0,0.0,0.0,0.0,0.0
R02,training,28,545,0,0.0,0.0,0.0,0.0
R02,training,28,546,0,0.0,0.0,0.0,0.0
R02,training,28,547,0,0.0,0.0,0.0,0.0
R02,training,28,548,0,0.0,0.0,0.0,0.0
R02,training,28,549,0,0.0,0.0,0.0,0.0
R02,training,28,550,0,0.0,0.0,0.0,0.0
R02,training,28,551,0,0.0,0.0,0.0,0.0
R02,training,28,552,0,0.0,0.0,0.0,0.0
R02,training,28,553,0,0.0,0.0,0.0,0.0
R02,training,28,554,0,0.0,0.0,0.0,0.0
R02,training,28,555,0,0.0,0.0,0.0,0.0
R02,training,28,556,0,0.0,0.0,0.0,0.0
R02,training,28,557,0,0.0,0.0,0.0,0.0
R02,training,28,558,0,0.0,0.0,0.0,0.0
R02,training,28,559,0,0.0,0.0,0.0,0.0
R02,training,28,560,0,0.0,0.0,0.0,0.0
R02,training,28,561,0,0.0,0.0,0.0,0.0
R02,training,28,562,0,0.0,0.0,0.0,0.0
R02,training,28,563,0,0.0,0.0,0.0,0.0
R02,training,28,564,0,0.0,0.0,0.0,0.0
R02,training,28,565,0,0.0,0.0,0.0,0.0
R02,training,28,566,0,0.0,0.0,0.0,0.0
R02,training,28,567,0,0.0,0.0,0.0,0.0
R02,training,28,568,0,0.0,0.0,0.0,0.0
R02,training,28,569,0,0.0,0.0,0.0,0.0
R02,training,28,570,0,0.0,0.0,0.0,0.0
R02,training,28,571,0,0.0,0.0,0.0,0.0
R02,training,28,572,0,0.0,0.0,0.0,0.0
R02,training,28,573,0,0.0,0.0,0.0,0.0
R02,training,28,574,0,0.0,0.0,0.0,0.0
R02,training,28,575,0,0.0,0.0,0.0,0.0
R02,training,28,576,0,0.0,0.0,0.0,0.0
R02,training,28,577,0,0.0,0.0,0.0,0.0
R02,training,28,578,0,0.0,0.0,0.0,0.0
R02,training,28,579,0,0.0,0.0,0.0,0.0
R02,training,28,580,0,0.0,0.0,0.0,0.0
R02,training,28,581,0,0.0,0.0,0.0,0.0
R02,training,28,582,0,0.0,0.0,0.0,0.0
R02,training,28,583,0,0.0,0.0,0.0,0.0
R02,training,28,584,0,0.0,0.0,0.0,0.0
R02,training,28,585,0,0.0,0.0,0.0,0.0
R02,training,28,586,0,0.0,0.0,0.0,0.0
R02,training,28,587,0,0.0,0.0,0.0,0.0
R02,training,28,588,0,0.0,0.0,0.0,0.0
R02,training,28,589,0,0.0,0.0,0.0,0.0
R02,training,28,590,0,0.0,0.0,0.0,0.0
R02,training,28,591,0,0.0,0.0,0.0,0.0
R03,training,02,0,0,0.0,0.0,0.0,0.0
R03,training,02,1,0,0.0,0.0,0.0,0.0
R03,training,02,2,0,0.0,0.0,0.0,0.0
R03,training,02,3,0,0.0,0.0,0.0,0.0
R03,training,02,4,0,0.0,0.0,0.0,0.0
R03,training,02,5,0,0.0,0.0,0.0,0.0
R03,training,02,6,0,0.0,0.0,0.0,0.0
R03,training,02,7,0,0.0,0.0,0.0,0.0
R03,training,02,8,0,0.0,0.0,0.0,0.0
R03,training,02,9,0,0.0,0.0,0.0,0.0
R03,training,02,10,0,0.0,0.0,0.0,0.0
R03,training,02,11,0,0.0,0.0,0.0,0.0
R03,training,02,12,0,0.0,0.0,0.0,0.0
R03,training,02,13,0,0.0,0.0,0.0,0.0
R03,training,02,14,0,0.0,0.0,0.0,0.0
R03,training,02,15,0,0.0,0.0,0.0,0.0
R03,training,02,16,0,0.0,0.0,0.0,0.0
R03,training,02,17,0,0.0,0.0,0.0,0.0
R03,training,02,18,0,0.0,0.0,0.0,0.0
R03,training,02,19,0,0.0,0.0,0.0,0.0
R03,training,02,20,0,0.0,0.0,0.0,0.0
R03,training,02,21,0,0.0,0.0,0.0,0.0
R03,training,02,22,0,0.0,0.0,0.0,0.0
R03,training,02,23,0,0.0,0.0,0.0,0.0
R03,training,02,24,0,0.0,0.0,0.0,0.0
R03,training,02,25,0,0.0,0.0,0.0,0.0
R03,training,02,26,0,0.0,0.0,0.0,0.0
R03,training,02,27,0,0.0,0.0,0.0,0.0
R03,training,02,28,0,0.0,0.0,0.0,0.0
R03,training,02,29,0,0.0,0.0,0.0,0.0
R03,training,02,30,0,0.0,0.0,0.0,0.0
R03,training,02,31,0,0.0,0.0,0.0,0.0
R03,training,02,32,0,0.0,0.0,0.0,0.0
R03,training,02,33,0,0.0,0.0,0.0,0.0
R03,training,02,34,0,0.0,0.0,0.0,0.0
R03,training,02,35,0,0.0,0.0,0.0,0.0
R03,training,02,36,0,0.0,0.0,0.0,0.0
R03,training,02,37,0,0.0,0.0,0.0,0.0
R03,training,02,38,0,0.0,0.0,0.0,0.0
R03,training,02,39,0,0.0,0.0,0.0,0.0
R03,training,02,40,0,0.0,0.0,0.0,0.0
R03,training,02,41,0,0.0,0.0,0.0,0.0
R03,training,02,42,0,0.0,0.0,0.0,0.0
R03,training,02,43,0,0.0,0.0,0.0,0.0
R03,training,02,44,0,0.0,0.0,0.0,0.0
R03,training,02,45,0,0.0,0.0,0.0,0.0
R03,training,02,46,0,0.0,0.0,0.0,0.0
R03,training,02,47,0,0.0,0.0,0.0,0.0
R03,training,02,48,0,0.0,0.0,0.0,0.0
R03,training,02,49,0,0.0,0.0,0.0,0.0
R03,training,02,50,0,0.0,0.0,0.0,0.0
R03,training,02,51,0,0.0,0.0,0.0,0.0
R03,training,02,52,0,0.0,0.0,0.0,0.0
R03,training,02,53,0,0.0,0.0,0.0,0.0
R03,training,02,54,0,0.0,0.0,0.0,0.0
R03,training,02,55,0,0.0,0.0,0.0,0.0
R03,training,02,56,0,0.0,0.0,0.0,0.0
R03,training,02,57,0,0.0,0.0,0.0,0.0
R03,training,02,58,0,0.0,0.0,0.0,0.0
R03,training,02,59,0,0.0,0.0,0.0,0.0
R03,training,02,60,0,0.0,0.0,0.0,0.0
R03,training,02,61,0,0.0,0.0,0.0,0.0
R03,training,02,62,0,0.0,0.0,0.0,0.0
R03,training,02,63,0,0.0,0.0,0.0,0.0
R03,training,02,64,0,0.0,0.0,0.0,0.0
R03,training,02,65,0,0.0,0.0,0.0,0.0
R03,training,02,66,0,0.0,0.0,0.0,0.0
R03,training,02,67,0,0.0,0.0,0.0,0.0
R03,training,02,68,0,0.0,0.0,0.0,0.0
R03,training,02,69,0,0.0,0.0,0.0,0.0
R03,training,02,70,0,0.0,0.0,0.0,0.0
R03,training,02,71,0,0.0,0.0,0.0,0.0
R03,training,02,72,0,0.0,0.0,0.0,0.0
R03,training,02,73,0,0.0,0.0,0.0,0.0
R03,training,02,74,0,0.0,0.0,0.0,0.0
R03,training,02,75,0,0.0,0.0,0.0,0.0
R03,training,02,76,0,0.0,0.0,0.0,0.0
R03,training,02,77,0,0.0,0.0,0.0,0.0
R03,training,02,78,0,0.0,0.0,0.0,0.0
R03,training,02,79,0,0.0,0.0,0.0,0.0
R03,training,02,80,0,0.0,0.0,0.0,0.0
R03,training,02,81,0,0.0,0.0,0.0,0.0
R03,training,02,82,0,0.0,0.0,0.0,0.0
R03,training,02,83,0,0.0,0.0,0.0,0.0
R03,training,02,84,0,0.0,0.0,0.0,0.0
R03,training,02,85,0,0.0,0.0,0.0,0.0
R03,training,02,86,0,0.0,0.0,0.0,0.0
R03,training,02,87,0,0.0,0.0,0.0,0.0
R03,training,02,88,0,0.0,0.0,0.0,0.0
R03,training,02,89,0,0.0,0.0,0.0,0.0
R03,training,02,90,0,0.0,0.0,0.0,0.0
R03,training,02,91,0,0.0,0.0,0.0,0.0
R03,training,02,92,0,0.0,0.0,0.0,0.0
R03,training,02,93,0,0.0,0.0,0.0,0.0
R03,training,02,94,0,0.0,0.0,0.0,0.0
R03,training,02,95,0,0.0,0.0,0.0,0.0
R03,training,02,96,0,0.0,0.0,0.0,0.0
R03,training,02,97,0,0.0,0.0,0.0,0.0
R03,training,02,98,0,0.0,0.0,0.0,0.0
R03,training,02,99,0,0.0,0.0,0.0,0.0
R03,training,02,100,0,0.0,0.0,0.0,0.0
R03,training,02,101,0,0.0,0.0,0.0,0.0
R03,training,02,102,0,0.0,0.0,0.0,0.0
R03,training,02,103,0,0.0,0.0,0.0,0.0
R03,training,02,104,0,0.0,0.0,0.0,0.0
R03,training,02,105,0,0.0,0.0,0.0,0.0
R03,training,02,106,0,0.0,0.0,0.0,0.0
R03,training,02,107,0,0.0,0.0,0.0,0.0
R03,training,02,108,0,0.0,0.0,0.0,0.0
R03,training,02,109,0,0.0,0.0,0.0,0.0
R03,training,02,110,0,0.0,0.0,0.0,0.0
R03,training,02,111,0,0.0,0.0,0.0,0.0
R03,training,02,112,0,0.0,0.0,0.0,0.0
R03,training,02,113,0,0.0,0.0,0.0,0.0
R03,training,02,114,0,0.0,0.0,0.0,0.0
R03,training,02,115,0,0.0,0.0,0.0,0.0
R03,training,02,116,0,0.0,0.0,0.0,0.0
R03,training,02,117,0,0.0,0.0,0.0,0.0
R03,training,02,118,0,0.0,0.0,0.0,0.0
R03,training,02,119,0,0.0,0.0,0.0,0.0
R03,training,02,120,0,0.0,0.0,0.0,0.0
R03,training,02,121,0,0.0,0.0,0.0,0.0
R03,training,02,122,0,0.0,0.0,0.0,0.0
R03,training,02,123,0,0.0,0.0,0.0,0.0
R03,training,02,124,0,0.0,0.0,0.0,0.0
R03,training,02,125,0,0.0,0.0,0.0,0.0
R03,training,02,126,0,0.0,0.0,0.0,0.0
R03,training,02,127,0,0.0,0.0,0.0,0.0
R03,training,02,128,0,0.0,0.0,0.0,0.0
R03,training,02,129,0,0.0,0.0,0.0,0.0
R03,training,02,130,0,0.0,0.0,0.0,0.0
R03,training,02,131,0,0.0,0.0,0.0,0.0
R03,training,02,132,0,0.0,0.0,0.0,0.0
R03,training,02,133,0,0.0,0.0,0.0,0.0
R03,training,02,134,0,0.0,0.0,0.0,0.0
R03,training,02,135,0,0.0,0.0,0.0,0.0
R03,training,02,136,0,0.0,0.0,0.0,0.0
R03,training,02,137,0,0.0,0.0,0.0,0.0
R03,training,02,138,0,0.0,0.0,0.0,0.0
R03,training,02,139,0,0.0,0.0,0.0,0.0
R03,training,02,140,0,0.0,0.0,0.0,0.0
R03,training,02,141,0,0.0,0.0,0.0,0.0
R03,training,02,142,0,0.0,0.0,0.0,0.0
R03,training,02,143,0,0.0,0.0,0.0,0.0
R03,training,02,144,0,0.0,0.0,0.0,0.0
R03,training,02,145,0,0.0,0.0,0.0,0.0
R03,training,02,146,0,0.0,0.0,0.0,0.0
R03,training,02,147,0,0.0,0.0,0.0,0.0
R03,training,02,148,0,0.0,0.0,0.0,0.0
R03,training,02,149,0,0.0,0.0,0.0,0.0
R03,training,02,150,0,0.0,0.0,0.0,0.0
R03,training,02,151,0,0.0,0.0,0.0,0.0
R03,training,02,152,0,0.0,0.0,0.0,0.0
R03,training,02,153,0,0.0,0.0,0.0,0.0
R03,training,02,154,0,0.0,0.0,0.0,0.0
R03,training,02,155,0,0.0,0.0,0.0,0.0
R03,training,02,156,0,0.0,0.0,0.0,0.0
R03,training,02,157,0,0.0,0.0,0.0,0.0
R03,training,02,158,0,0.0,0.0,0.0,0.0
R03,training,02,159,0,0.0,0.0,0.0,0.0
R03,training,02,160,0,0.0,0.0,0.0,0.0
R03,training,02,161,0,0.0,0.0,0.0,0.0
R03,training,02,162,0,0.0,0.0,0.0,0.0
R03,training,02,163,0,0.0,0.0,0.0,0.0
R03,training,02,164,0,0.0,0.0,0.0,0.0
R03,training,02,165,0,0.0,0.0,0.0,0.0
R03,training,02,166,0,0.0,0.0,0.0,0.0
R03,training,02,167,0,0.0,0.0,0.0,0.0
R03,training,02,168,0,0.0,0.0,0.0,0.0
R03,training,02,169,0,0.0,0.0,0.0,0.0
R03,training,02,170,0,0.0,0.0,0.0,0.0
R03,training,02,171,0,0.0,0.0,0.0,0.0
R03,training,02,172,0,0.0,0.0,0.0,0.0
R03,training,02,173,0,0.0,0.0,0.0,0.0
R03,training,02,174,0,0.0,0.0,0.0,0.0
R03,training,02,175,0,0.0,0.0,0.0,0.0
R03,training,02,176,0,0.0,0.0,0.0,0.0
R03,training,02,177,0,0.0,0.0,0.0,0.0
R03,training,02,178,0,0.0,0.0,0.0,0.0
R03,training,02,179,0,0.0,0.0,0.0,0.0
R03,training,02,180,0,0.0,0.0,0.0,0.0
R03,training,02,181,0,0.0,0.0,0.0,0.0
R03,training,02,182,0,0.0,0.0,0.0,0.0
R03,training,02,183,0,0.0,0.0,0.0,0.0
R03,training,02,184,0,0.0,0.0,0.0,0.0
R03,training,02,185,0,0.0,0.0,0.0,0.0
R03,training,02,186,0,0.0,0.0,0.0,0.0
R03,training,02,187,0,0.0,0.0,0.0,0.0
R03,training,02,188,0,0.0,0.0,0.0,0.0
R03,training,02,189,0,0.0,0.0,0.0,0.0
R03,training,02,190,0,0.0,0.0,0.0,0.0
R03,training,02,191,0,0.0,0.0,0.0,0.0
R03,training,02,192,0,0.0,0.0,0.0,0.0
R03,training,02,193,0,0.0,0.0,0.0,0.0
R03,training,02,194,0,0.0,0.0,0.0,0.0
R03,training,02,195,0,0.0,0.0,0.0,0.0
R03,training,02,196,0,0.0,0.0,0.0,0.0
R03,training,02,197,0,0.0,0.0,0.0,0.0
R03,training,02,198,0,0.0,0.0,0.0,0.0
R03,training,02,199,0,0.0,0.0,0.0,0.0
R03,training,02,200,0,0.0,0.0,0.0,0.0
R03,training,02,201,0,0.0,0.0,0.0,0.0
R03,training,02,202,0,0.0,0.0,0.0,0.0
R03,training,02,203,0,0.0,0.0,0.0,0.0
R03,training,02,204,0,0.0,0.0,0.0,0.0
R03,training,02,205,0,0.0,0.0,0.0,0.0
R03,training,02,206,0,0.0,0.0,0.0,0.0
R03,training,02,207,0,0.0,0.0,0.0,0.0
R03,training,02,208,0,0.0,0.0,0.0,0.0
R03,training,02,209,0,0.0,0.0,0.0,0.0
R03,training,02,210,0,0.0,0.0,0.0,0.0
R03,training,02,211,0,0.0,0.0,0.0,0.0
R03,training,02,212,0,0.0,0.0,0.0,0.0
R03,training,02,213,0,0.0,0.0,0.0,0.0
R03,training,02,214,0,0.0,0.0,0.0,0.0
R03,training,02,215,0,0.0,0.0,0.0,0.0
R03,training,02,216,0,0.0,0.0,0.0,0.0
R03,training,02,217,0,0.0,0.0,0.0,0.0
R03,training,02,218,0,0.0,0.0,0.0,0.0
R03,training,02,219,0,0.0,0.0,0.0,0.0
R03,training,02,220,0,0.0,0.0,0.0,0.0
R03,training,02,221,0,0.0,0.0,0.0,0.0
R03,training,02,222,0,0.0,0.0,0.0,0.0
R03,training,02,223,0,0.0,0.0,0.0,0.0
R03,training,02,224,0,0.0,0.0,0.0,0.0
R03,training,02,225,0,0.0,0.0,0.0,0.0
R03,training,02,226,0,0.0,0.0,0.0,0.0
R03,training,02,227,0,0.0,0.0,0.0,0.0
R03,training,02,228,0,0.0,0.0,0.0,0.0
R03,training,02,229,0,0.0,0.0,0.0,0.0
R03,training,02,230,0,0.0,0.0,0.0,0.0
R03,training,02,231,0,0.0,0.0,0.0,0.0
R03,training,02,232,0,0.0,0.0,0.0,0.0
R03,training,02,233,0,0.0,0.0,0.0,0.0
R03,training,02,234,0,0.0,0.0,0.0,0.0
R03,training,02,235,0,0.0,0.0,0.0,0.0
R03,training,02,236,0,0.0,0.0,0.0,0.0
R03,training,02,237,0,0.0,0.0,0.0,0.0
R03,training,02,238,0,0.0,0.0,0.0,0.0
R03,training,02,239,0,0.0,0.0,0.0,0.0
R03,training,02,240,0,0.0,0.0,0.0,0.0
R03,training,02,241,0,0.0,0.0,0.0,0.0
R03,training,02,242,0,0.0,0.0,0.0,0.0
R03,training,02,243,0,0.0,0.0,0.0,0.0
R03,training,02,244,0,0.0,0.0,0.0,0.0
R03,training,02,245,0,0.0,0.0,0.0,0.0
R03,training,02,246,0,0.0,0.0,0.0,0.0
R03,training,02,247,0,0.0,0.0,0.0,0.0
R03,training,02,248,0,0.0,0.0,0.0,0.0
R03,training,02,249,0,0.0,0.0,0.0,0.0
R03,training,02,250,0,0.0,0.0,0.0,0.0
R03,training,02,251,0,0.0,0.0,0.0,0.0
R03,training,02,252,0,0.0,0.0,0.0,0.0
R03,training,02,253,0,0.0,0.0,0.0,0.0
R03,training,02,254,0,0.0,0.0,0.0,0.0
R03,training,02,255,0,0.0,0.0,0.0,0.0
R03,training,02,256,0,0.0,0.0,0.0,0.0
R03,training,02,257,0,0.0,0.0,0.0,0.0
R03,training,02,258,0,0.0,0.0,0.0,0.0
R03,training,02,259,0,0.0,0.0,0.0,0.0
R03,training,02,260,0,0.0,0.0,0.0,0.0
R03,training,02,261,0,0.0,0.0,0.0,0.0
R03,training,02,262,0,0.0,0.0,0.0,0.0
R03,training,02,263,0,0.0,0.0,0.0,0.0
R03,training,02,264,0,0.0,0.0,0.0,0.0
R03,training,02,265,0,0.0,0.0,0.0,0.0
R03,training,02,266,0,0.0,0.0,0.0,0.0
R03,training,02,267,0,0.0,0.0,0.0,0.0
R03,training,02,268,0,0.0,0.0,0.0,0.0
R03,training,02,269,0,0.0,0.0,0.0,0.0
R03,training,02,270,0,0.0,0.0,0.0,0.0
R03,training,02,271,0,0.0,0.0,0.0,0.0
R03,training,02,272,0,0.0,0.0,0.0,0.0
R03,training,02,273,0,0.0,0.0,0.0,0.0
R03,training,02,274,0,0.0,0.0,0.0,0.0
R03,training,02,275,0,0.0,0.0,0.0,0.0
R03,training,02,276,0,0.0,0.0,0.0,0.0
R03,training,02,277,0,0.0,0.0,0.0,0.0
R03,training,02,278,0,0.0,0.0,0.0,0.0
R03,training,02,279,0,0.0,0.0,0.0,0.0
R03,training,02,280,0,0.0,0.0,0.0,0.0
R03,training,02,281,0,0.0,0.0,0.0,0.0
R03,training,02,282,0,0.0,0.0,0.0,0.0
R03,training,02,283,0,0.0,0.0,0.0,0.0
R03,training,02,284,0,0.0,0.0,0.0,0.0
R03,training,02,285,0,0.0,0.0,0.0,0.0
R03,training,02,286,0,0.0,0.0,0.0,0.0
R03,training,02,287,0,0.0,0.0,0.0,0.0
R03,training,02,288,0,0.0,0.0,0.0,0.0
R03,training,02,289,0,0.0,0.0,0.0,0.0
R03,training,02,290,0,0.0,0.0,0.0,0.0
R03,training,02,291,0,0.0,0.0,0.0,0.0
R03,training,02,292,0,0.0,0.0,0.0,0.0
R03,training,02,293,0,0.0,0.0,0.0,0.0
R03,training,02,294,0,0.0,0.0,0.0,0.0
R03,training,02,295,0,0.0,0.0,0.0,0.0
R03,training,02,296,0,0.0,0.0,0.0,0.0
R03,training,02,297,0,0.0,0.0,0.0,0.0
R03,training,02,298,0,0.0,0.0,0.0,0.0
R03,training,02,299,0,0.0,0.0,0.0,0.0
R03,training,02,300,0,0.0,0.0,0.0,0.0
R03,training,02,301,0,0.0,0.0,0.0,0.0
R03,training,02,302,0,0.0,0.0,0.0,0.0
R03,training,02,303,0,0.0,0.0,0.0,0.0
R03,training,02,304,0,0.0,0.0,0.0,0.0
R03,training,02,305,0,0.0,0.0,0.0,0.0
R03,training,02,306,0,0.0,0.0,0.0,0.0
R03,training,02,307,0,0.0,0.0,0.0,0.0
R03,training,02,308,0,0.0,0.0,0.0,0.0
R03,training,02,309,0,0.0,0.0,0.0,0.0
R03,training,02,310,0,0.0,0.0,0.0,0.0
R03,training,02,311,0,0.0,0.0,0.0,0.0
R03,training,02,312,0,0.0,0.0,0.0,0.0
R03,training,02,313,0,0.0,0.0,0.0,0.0
R03,training,02,314,0,0.0,0.0,0.0,0.0
R03,training,02,315,0,0.0,0.0,0.0,0.0
R03,training,02,316,0,0.0,0.0,0.0,0.0
R03,training,02,317,0,0.0,0.0,0.0,0.0
R03,training,02,318,0,0.0,0.0,0.0,0.0
R03,training,02,319,0,0.0,0.0,0.0,0.0
R03,training,02,320,0,0.0,0.0,0.014264395642632268,0.014227209211990697
R03,training,02,321,0,0.0,0.0,0.014264395642632268,0.014230121122640757
R03,training,02,322,0,0.0,0.0,0.014264395642632268,0.01423291473978725
R03,training,02,323,0,0.0,0.0,0.014264395642632268,0.014235589993532005
R03,training,02,324,0,0.0,0.0,0.014264395642632268,0.014238146816929795
R03,training,02,325,0,0.0,0.0,0.014264395642632268,0.014240585145991129
R03,training,02,326,0,0.0,0.0,0.014264395642632268,0.014242904919684923
R03,training,02,327,0,0.0,0.0,0.014264395642632268,0.014245106079941046
R03,training,02,328,0,0.0,0.0,0.014264395642632268,0.014247188571652745
R03,training,02,329,0,0.0,0.0,0.014264395642632268,0.014249152342678931
R03,training,02,330,0,0.0,0.0,0.014264395642632268,0.014250997343846378
R03,training,02,331,0,0.0,0.0,0.014264395642632268,0.014252723528951754
R03,training,02,332,0,0.0,0.0,0.014264395642632268,0.01425433085476356
R03,training,02,333,0,0.0,0.0,0.014264395642632268,0.014255819281023933
R03,training,02,334,0,0.0,0.0,0.014264395642632268,0.014257188770450324
R03,training,02,335,0,0.0,0.0,0.014264395642632268,0.014258439288737058
R03,training,02,336,0,0.0,0.0,0.029491510476974705,0.029481535167384432
R03,training,02,337,0,0.0,0.0,0.029491510476974705,0.02948362847108117
R03,training,02,338,0,0.0,0.0,0.029491510476974705,0.02948547562718642
R03,training,02,339,0,0.0,0.0,0.029491510476974705,0.029487076589419178
R03,training,02,340,0,0.0,0.0,0.029491510476974705,0.029488431317665327
R03,training,02,341,0,0.0,0.0,0.029491510476974705,0.029489539777979315
R03,training,02,342,0,0.0,0.0,0.029491510476974705,0.02949040194258558
R03,training,02,343,0,0.0,0.0,0.029491510476974705,0.0294910177898797
R03,training,02,344,0,0.0,0.0,0.029491510476974705,0.029491387304429302
R03,training,02,345,0,0.0,0.0,0.029491510476974705,0.029491510476974705
R03,training,02,346,0,0.0,0.0,0.029491510476974705,0.029491387304429302
R03,training,02,347,0,0.0,0.0,0.029491510476974705,0.0294910177898797
R03,training,02,348,0,0.0,0.0,0.029491510476974705,0.02949040194258558
R03,training,02,349,0,0.0,0.0,0.029491510476974705,0.029489539777979315
R03,training,02,350,0,0.0,0.0,0.029491510476974705,0.029488431317665327
R03,training,02,351,0,0.0,0.0,0.029491510476974705,0.029487076589419178
R03,training,02,352,0,0.0,0.0,0.04558318715594456,0.04557385946526652
R03,training,02,353,0,0.0,0.0,0.04558318715594456,0.045571004431357094
R03,training,02,354,0,0.0,0.0,0.04558318715594456,0.04556776894247778
R03,training,02,355,0,0.0,0.0,0.04558318715594456,0.045564153079691035
R03,training,02,356,0,0.0,0.0,0.04558318715594456,0.04556015693358472
R03,training,02,357,0,0.0,0.0,0.04558318715594456,0.04555578060426834
R03,training,02,358,0,0.0,0.0,0.04558318715594456,0.045551024201368834
R03,training,02,359,0,0.0,0.0,0.04558318715594456,0.045545887844025995
R03,training,02,360,0,0.0,0.0,0.04558318715594456,0.04554037166088754
R03,training,02,361,0,0.0,0.0,0.04558318715594456,0.045534475790103696
R03,training,02,362,0,0.0,0.0,0.04558318715594456,0.04552820037932144
R03,training,02,363,0,0.0,0.0,0.04558318715594456,0.04552154558567836
R03,training,02,364,0,0.0,0.0,0.04558318715594456,0.04551451157579607
R03,training,02,365,0,0.0,0.0,0.04558318715594456,0.04550709852577328
R03,training,02,366,0,0.0,0.0,0.04558318715594456,0.04549930662117843
R03,training,02,367,0,0.0,0.0,0.04558318715594456,0.04549113605704196
R03,training,02,368,0,0.0,0.0,0.06242725000034749,0.06228947576571613
R03,training,02,369,0,0.0,0.0,0.06242725000034749,0.0622772496721347
R03,training,02,370,0,0.0,0.0,0.06242725000034749,0.06226450587431219
R03,training,02,371,0,0.0,0.0,0.06242725000034749,0.062251244691064286
R03,training,02,372,0,0.0,0.0,0.06242725000034749,0.06223746645410399
R03,training,02,373,0,0.0,0.0,0.06242725000034749,0.06222317150802783
R03,training,02,374,0,0.0,0.0,0.06242725000034749,0.06220836021030145
R03,training,02,375,0,0.0,0.0,0.06242725000034749,0.062193032931244736
R03,training,02,376,0,0.0,0.0,0.06242725000034749,0.06217719005401641
R03,training,02,377,0,0.0,0.0,0.06242725000034749,0.06216083197459801
R03,training,02,378,0,0.0,0.0,0.06242725000034749,0.06214395910177747
R03,training,02,379,0,0.0,0.0,0.06242725000034749,0.062126571857131975
R03,training,02,380,0,0.0,0.0,0.06242725000034749,0.06210867067501056
R03,training,02,381,0,0.0,0.0,0.06242725000034749,0.06209025600251589
R03,training,02,382,0,0.0,0.0,0.06242725000034749,0.06207132829948573
R03,training,02,383,0,0.0,0.0,0.06242725000034749,0.06205188803847377
R03,training,02,384,0,0.0,0.0,0.079856186886963,0.07935050559762633
R03,training,02,385,0,0.0,0.0,0.079856186886963,0.07932432841209339
R03,training,02,386,0,0.0,0.0,0.079856186886963,0.07929749747935534
R03,training,02,387,0,0.0,0.0,0.079856186886963,0.07927001346870327
R03,training,02,388,0,0.0,0.0,0.079856186886963,0.07924187706556186
R03,training,02,389,0,0.0,0.0,0.079856186886963,0.07921308897146094
R03,training,02,390,0,0.0,0.0,0.079856186886963,0.0791836499040063
R03,training,02,391,0,0.0,0.0,0.079856186886963,0.07915356059684993
R03,training,02,392,0,0.0,0.0,0.079856186886963,0.07912282179965946
R03,training,02,393,0,0.0,0.0,0.079856186886963,0.07909143427808715
R03,training,02,394,0,0.0,0.0,0.079856186886963,0.07905939881373801
R03,training,02,395,0,0.0,0.0,0.079856186886963,0.07902671620413738
R03,training,02,396,0,0.0,0.0,0.079856186886963,0.07899338726269788
R03,training,02,397,0,0.0,0.0,0.079856186886963,0.07895941281868561
R03,training,02,398,0,0.0,0.0,0.079856186886963,0.07892479371718585
R03,training,02,399,0,0.0,0.0,0.079856186886963,0.0788895308190679
R03,training,02,400,0,0.0,0.0,0.08345753522761504,0.08240975988068708
R03,training,02,401,0,0.0,0.0,0.08345753522761504,0.08237156380288359
R03,training,02,402,0,0.0,0.0,0.08345753522761504,0.08233269769224781
R03,training,02,403,0,0.0,0.0,0.08345753522761504,0.0822931625140766
R03,training,02,404,0,0.0,0.0,0.08345753522761504,0.08225295924996967
R03,training,02,405,0,0.0,0.0,0.08345753522761504,0.08221208889778886
R03,training,02,406,0,0.0,0.0,0.08345753522761504,0.08217055247161698
R03,training,02,407,0,0.0,0.0,0.08345753522761504,0.08212835100171573
R03,training,02,408,0,0.0,0.0,0.08345753522761504,0.08208548553448326
R03,training,02,409,0,0.0,0.0,0.08345753522761504,0.08204195713241089
R03,training,02,410,0,0.0,0.0,0.08345753522761504,0.08199776687403909
R03,training,02,411,0,0.0,0.0,0.08345753522761504,0.08195291585391316
R03,training,02,412,0,0.0,0.0,0.08345753522761504,0.08190740518253785
R03,training,02,413,0,0.0,0.0,0.08345753522761504,0.08186123598633166
R03,training,02,414,0,0.0,0.0,0.08345753522761504,0.08181440940758032
R03,training,02,415,0,0.0,0.0,0.08345753522761504,0.08176692660438972
R03,training,02,416,0,0.0,0.0,0.08637054314826283,0.08457110733693626
R03,training,02,417,0,0.0,0.0,0.08637054314826283,0.08452061259264317
R03,training,02,418,0,0.0,0.0,0.08637054314826283,0.08446944241232719
R03,training,02,419,0,0.0,0.0,0.08637054314826283,0.08441759805950567
R03,training,02,420,0,0.0,0.0,0.08637054314826283,0.08436508081381477
R03,training,02,421,0,0.0,0.0,0.08637054314826283,0.08431189197095686
R03,training,02,422,0,0.0,0.0,0.08637054314826283,0.08425803284264724
R03,training,02,423,0,0.0,0.0,0.08637054314826283,0.08420350475656023
R03,training,02,424,0,0.0,0.0,0.08637054314826283,0.08414830905627463
R03,training,02,425,0,0.0,0.0,0.08637054314826283,0.08409244710121852
R03,training,02,426,0,0.0,0.0,0.08637054314826283,0.08403592026661352
R03,training,02,427,0,0.0,0.0,0.08637054314826283,0.08397872994341836
R03,training,02,428,0,0.0,0.0,0.08637054314826283,0.08392087753827178
R03,training,02,429,0,0.0,0.0,0.08637054314826283,0.08386236447343494
R03,training,02,430,0,0.0,0.0,0.08637054314826283,0.08380319218673317
R03,training,02,431,0,0.0,0.0,0.08637054314826283,0.08374336213149701
R03,training,02,432,0,0.0,0.2498504261695374,0.08851338186798126,0.08575903391856125
R03,training,02,433,0,0.0,0.2498504261695374,0.08851338186798126,0.08569637584576183
R03,training,02,434,0,0.0,0.2498504261695374,0.08851338186798126,0.0856330482481901
R03,training,02,435,0,0.0,0.2498504261695374,0.08851338186798126,0.08556905267817753
R03,training,02,436,0,0.0,0.2498504261695374,0.08851338186798126,0.08550439070363462
R03,training,02,437,0,0.0,0.2498504261695374,0.08851338186798126,0.08543906390798688
R03,training,02,438,0,0.0,0.2498504261695374,0.08851338186798126,0.08537307389011015
R03,training,02,439,0,0.0,0.2498504261695374,0.08851338186798126,0.08530642226426553
R03,training,02,440,0,0.0,0.2498504261695374,0.08851338186798126,0.08523911066003347
R03,training,02,441,0,0.0,0.2498504261695374,0.08851338186798126,0.08517114072224742
R03,training,02,442,0,0.0,0.2498504261695374,0.08851338186798126,0.08510251411092687
R03,training,02,443,0,0.0,0.2498504261695374,0.08851338186798126,0.0850332325012098
R03,training,02,444,0,0.0,0.2498504261695374,0.08851338186798126,0.0849632975832845
R03,training,02,445,0,0.0,0.2498504261695374,0.08851338186798126,0.08489271106232094
R03,training,02,446,0,0.0,0.2498504261695374,0.08851338186798126,0.08482147465840145
R03,training,02,447,0,0.0,0.2498504261695374,0.08851338186798126,0.08474959010645093
R03,training,02,448,0,0.0,0.24993338557656652,0.08982463476206443,0.08593148008707804
R03,training,02,449,0,0.0,0.24993338557656652,0.08982463476206443,0.08585722046681066
R03,training,02,450,0,0.0,0.24993338557656652,0.08982463476206443,0.08578230846826898
R03,training,02,451,0,0.0,0.24993338557656652,0.08982463476206443,0.08570674591160901
R03,training,02,452,0,0.0,0.24993338557656652,0.08982463476206443,0.08563053463168634
R03,training,02,453,0,0.0,0.24993338557656652,0.08982463476206443,0.0855536764779819
R03,training,02,454,0,0.0,0.24993338557656652,0.08982463476206443,0.08547617331452723
R03,training,02,455,0,0.0,0.24993338557656652,0.08982463476206443,0.08539802701982917
R03,training,02,456,0,0.0,0.24993338557656652,0.08982463476206443,0.08531923948679399
R03,training,02,457,0,0.0,0.24993338557656652,0.08982463476206443,0.085239812622651
R03,training,02,458,0,0.0,0.24993338557656652,0.08982463476206443,0.08515974834887566
R03,training,02,459,0,0.0,0.24993338557656652,0.08982463476206443,0.08507904860111212
R03,training,02,460,0,0.0,0.24993338557656652,0.08982463476206443,0.08499771532909534
R03,training,02,461,0,0.0,0.24993338557656652,0.08982463476206443,0.0849157504965725
R03,training,02,462,0,0.0,0.24993338557656652,0.08982463476206443,0.08483315608122415
R03,training,02,463,0,0.0,0.24993338557656652,0.08982463476206443,0.08474993407458464
R03,training,02,464,0,0.0,0.24999576097798115,0.09026622082512367,0.08508231265313713
R03,training,02,465,0,0.0,0.24999576097798115,0.09026622082512367,0.08499742622564035
R03,training,02,466,0,0.0,0.24999576097798115,0.09026622082512367,0.08491191520825675
R03,training,02,467,0,0.0,0.24999576097798115,0.09026622082512367,0.08482578165719025
R03,training,02,468,0,0.0,0.24999576097798115,0.09026622082512367,0.08473902764215986
R03,training,02,469,0,0.0,0.24999576097798115,0.09026622082512367,0.08465165524631693
R03,training,02,470,0,0.0,0.24999576097798115,0.09026622082512367,0.0845636665661617
R03,training,02,471,0,0.0,0.24999576097798115,0.09026622082512367,0.08447506371145962
R03,training,02,472,0,0.0,0.24999576097798115,0.09026622082512367,0.08438584880515715
R03,training,02,473,0,0.0,0.24999576097798115,0.09026622082512367,0.0842960239832969
R03,training,02,474,0,0.0,0.24999576097798115,0.09026622082512367,0.08420559139493265
R03,training,02,475,0,0.0,0.24999576097798115,0.09026622082512367,0.08411455320204358
R03,training,02,476,0,0.0,0.24999576097798115,0.09026622082512367,0.0840229115794483
R03,training,02,477,0,0.0,0.24999576097798115,0.09026622082512367,0.08393066871471833
R03,training,02,478,0,0.0,0.24999576097798115,0.09026622082512367,0.08383782680809107
R03,training,02,479,0,0.0,0.24999576097798115,0.09026622082512367,0.08374438807238259
R03,training,02,480,0,1.0,0.2501988085537309,0.08982523158972687,0.08324168684321584
R03,training,02,481,0,1.0,0.2501988085537309,0.08982523158972687,0.08314752342485728
R03,training,02,482,0,1.0,0.2501988085537309,0.08982523158972687,0.08305277277342689
R03,training,02,483,0,1.0,0.2501988085537309,0.08982523158972687,0.08295743714012063
R03,training,02,484,0,1.0,0.2501988085537309,0.08982523158972687,0.08286151878821046
R03,training,02,485,0,1.0,0.2501988085537309,0.08982523158972687,0.08276501999295502
R03,training,02,486,0,1.0,0.2501988085537309,0.08982523158972687,0.08266794304150964
R03,training,02,487,0,1.0,0.2501988085537309,0.08982523158972687,0.08257029023283628
R03,training,02,488,0,1.0,0.2501988085537309,0.08982523158972687,0.08247206387761276
R03,training,02,489,0,1.0,0.2501988085537309,0.08982523158972687,0.08237326629814187
R03,training,02,490,0,1.0,0.2501988085537309,0.08982523158972687,0.08227389982825996
R03,training,02,491,0,1.0,0.2501988085537309,0.08982523158972687,0.08217396681324515
R03,training,02,492,0,1.0,0.2501988085537309,0.08982523158972687,0.08207346960972528
R03,training,02,493,0,1.0,0.2501988085537309,0.08982523158972687,0.0819724105855854
R03,training,02,494,0,1.0,0.2501988085537309,0.08982523158972687,0.0818707921198749
R03,training,02,495,0,1.0,0.2501988085537309,0.08982523158972687,0.08176861660271441
R03,training,02,496,0,0.0,0.2499254367454003,0.08851455787397737,0.08047426879136588
R03,training,02,497,0,0.0,0.2499254367454003,0.08851455787397737,0.08037249341788782
R03,training,02,498,0,0.0,0.2499254367454003,0.08851455787397737,0.08027017625137774
R03,training,02,499,0,0.0,0.2499254367454003,0.08851455787397737,0.08016731968979461
R03,training,02,500,0,0.0,0.2499254367454003,0.08851455787397737,0.08006392614154297
R03,training,02,501,0,0.0,0.2499254367454003,0.08851455787397737,0.07995999802537893
R03,training,02,502,0,0.0,0.2499254367454003,0.08851455787397737,0.07985553777031622
R03,training,02,503,0,0.0,0.2499254367454003,0.08851455787397737,0.07975054781553174
R03,training,02,504,0,0.0,0.2499254367454003,0.08851455787397737,0.07964503061027077
R03,training,02,505,0,0.0,0.2499254367454003,0.08851455787397737,0.07953898861375197
R03,training,02,506,0,0.0,0.2499254367454003,0.08851455787397737,0.07943242429507213
R03,training,02,507,0,0.0,0.2499254367454003,0.08851455787397737,0.07932534013311053
R03,training,02,508,0,0.0,0.2499254367454003,0.08851455787397737,0.07921773861643308
R03,training,02,509,0,0.0,0.2499254367454003,0.08851455787397737,0.07910962224319613
R03,training,02,510,0,0.0,0.2499254367454003,0.08851455787397737,0.07900099352105011
R03,training,02,511,0,0.0,0.2499254367454003,0.08851455787397737,0.0788918549670428
R03,training,02,512,0,0.0,0.0,0.08637226390094249,0.07687546454699809
R03,training,02,513,0,0.0,0.0,0.08637226390094249,0.07676797986349519
R03,training,02,514,0,0.0,0.0,0.08637226390094249,0.0766600051099114
R03,training,02,515,0,0.0,0.0,0.08637226390094249,0.07655154277810627
R03,training,02,516,0,0.0,0.0,0.08637226390094249,0.07644259536863388
R03,training,02,517,0,0.0,0.0,0.08637226390094249,0.07633316539064697
R03,training,02,518,0,0.0,0.0,0.08637226390094249,0.07622325536180102
R03,training,02,519,0,0.0,0.0,0.08637226390094249,0.07611286780815789
R03,training,02,520,0,0.0,0.0,0.08637226390094249,0.07600200526408948
R03,training,02,521,0,0.0,0.0,0.08637226390094249,0.07589067027218108
R03,training,02,522,0,0.0,0.0,0.08637226390094249,0.0757788653831344
R03,training,02,523,0,0.0,0.0,0.08637226390094249,0.07566659315567066
R03,training,02,524,0,0.0,0.0,0.08637226390094249,0.07555385615643324
R03,training,02,525,0,0.0,0.0,0.08637226390094249,0.07544065695989034
R03,training,02,526,0,0.0,0.0,0.08637226390094249,0.07532699814823729
R03,training,02,527,0,0.0,0.0,0.08637226390094249,0.07521288231129876
R03,training,02,528,0,0.0,0.0,0.08345975118759019,0.0725659622073972
R03,training,02,529,0,0.0,0.0,0.08345975118759019,0.07245481871743126
R03,training,02,530,0,0.0,0.0,0.08345975118759019,0.07234324116405308
R03,training,02,531,0,0.0,0.0,0.08345975118759019,0.07223123207829756
R03,training,02,532,0,0.0,0.0,0.08345975118759019,0.0721187939980968
R03,training,02,533,0,0.0,0.0,0.08345975118759019,0.07200592946818479
R03,training,02,534,0,0.0,0.0,0.08345975118759019,0.07189264104000181
R03,training,02,535,0,0.0,0.0,0.08345975118759019,0.07177893127159876
R03,training,02,536,0,0.0,0.0,0.08345975118759019,0.07166480272754135
R03,training,02,537,0,0.0,0.0,0.08345975118759019,0.07155025797881417
R03,training,02,538,0,0.0,0.0,0.08345975118759019,0.07143529960272475
R03,training,02,539,0,0.0,0.0,0.08345975118759019,0.0713199301828072
R03,training,02,540,0,0.0,0.0,0.08345975118759019,0.07120415230872618
R03,training,02,541,0,0.0,0.0,0.08345975118759019,0.07108796857618035
R03,training,02,542,0,0.0,0.0,0.08345975118759019,0.07097138158680612
R03,training,02,543,0,0.0,0.0,0.08345975118759019,0.0708543939480809
R03,training,02,544,0,0.0,0.0,0.07985883577562547,0.06768502237987284
R03,training,02,545,0,0.0,0.0,0.07985883577562547,0.06757232301570336
R03,training,02,546,0,0.0,0.0,0.07985883577562547,0.06745924780595128
R03,training,02,547,0,0.0,0.0,0.07985883577562547,0.06734579926702398
R03,training,02,548,0,0.0,0.0,0.07985883577562547,0.06723197992045495
R03,training,02,549,0,0.0,0.0,0.07985883577562547,0.06711779229281081
R03,training,02,550,0,0.0,0.0,0.07985883577562547,0.0670032389155987
R03,training,02,551,0,0.0,0.0,0.07985883577562547,0.06688832232517314
R03,training,02,552,0,0.0,0.0,0.07985883577562547,0.06677304506264327
R03,training,02,553,0,0.0,0.0,0.07985883577562547,0.06665740967377976
R03,training,02,554,0,0.0,0.0,0.07985883577562547,0.06654141870892183
R03,training,02,555,0,0.0,0.0,0.07985883577562547,0.0664250747228842
R03,training,02,556,0,0.0,0.0,0.07985883577562547,0.06630838027486398
R03,training,02,557,0,0.0,0.0,0.07985883577562547,0.06619133792834761
R03,training,02,558,0,0.0,0.0,0.07985883577562547,0.06607395025101773
R03,training,02,559,0,0.0,0.0,0.07985883577562547,0.0659562198146601
R03,training,02,560,0,0.0,0.0,0.06243423275128082,0.051472755529616665
R03,training,02,561,0,0.0,0.0,0.06243423275128082,0.051380183098658085
R03,training,02,562,0,0.0,0.0,0.06243423275128082,0.051287348746580634
R03,training,02,563,0,0.0,0.0,0.06243423275128082,0.051194254496128744
R03,training,02,564,0,0.0,0.0,0.06243423275128082,0.051100902372890666
R03,training,02,565,0,0.0,0.0,0.06243423275128082,0.05100729440522564
R03,training,02,566,0,0.0,0.0,0.06243423275128082,0.05091343262419119
R03,training,02,567,0,0.0,0.0,0.06243423275128082,0.050819319063470335
R03,training,02,568,0,0.0,0.0,0.06243423275128082,0.05072495575929889
R03,training,02,569,0,0.0,0.0,0.06243423275128082,0.05063034475039277
R03,training,02,570,0,0.0,0.0,0.06243423275128082,0.050535488077875335
R03,training,02,571,0,0.0,0.0,0.06243423275128082,0.05044038778520476
R03,training,02,572,0,0.0,0.0,0.06243423275128082,0.050345045918101454
R03,training,02,573,0,0.0,0.0,0.06243423275128082,0.05024946452447552
R03,training,02,574,0,0.0,0.0,0.06243423275128082,0.050153645654354234
R03,training,02,575,0,0.0,0.0,0.06243423275128082,0.050057591359809604
R03,training,02,576,0,0.0,0.0,0.04560418679477596,0.03649351526891902
R03,training,02,577,0,0.0,0.0,0.04560418679477596,0.0364230143694937
R03,training,02,578,0,0.0,0.0,0.04560418679477596,0.03635234601283854
R03,training,02,579,0,0.0,0.0,0.04560418679477596,0.036281511703305805
R03,training,02,580,0,0.0,0.0,0.04560418679477596,0.03621051294647733
R03,training,02,581,0,0.0,0.0,0.04560418679477596,0.03613935124911187
R03,training,02,582,0,0.0,0.0,0.04560418679477596,0.03606802811909252
R03,training,02,583,0,0.0,0.0,0.04560418679477596,0.03599654506537414
R03,training,02,584,0,0.0,0.0,0.04560418679477596,0.03592490359793089
R03,training,02,585,0,0.0,0.0,0.04560418679477596,0.03585310522770382
R03,training,02,586,0,0.0,0.0,0.04560418679477596,0.03578115146654848
R03,training,02,587,0,0.0,0.0,0.04560418679477596,0.03570904382718266
R03,training,02,588,0,0.0,0.0,0.04560418679477596,0.03563678382313416
R03,training,02,589,0,0.0,0.0,0.04560418679477596,0.03556437296868862
R03,training,02,590,0,0.0,0.0,0.04560418679477596,0.035491812778837464
R03,training,02,591,0,0.0,0.0,0.04560418679477596,0.035419104769225884
R03,training,02,592,0,0.0,0.0,0.029511234028439325,0.02287315140453979
R03,training,02,593,0,0.0,0.0,0.029511234028439325,0.022825912462883482
R03,training,02,594,0,0.0,0.0,0.029511234028439325,0.02277858080918229
R03,training,02,595,0,0.0,0.0,0.029511234028439325,0.022731157425592435
R03,training,02,596,0,0.0,0.0,0.029511234028439325,0.022683643294525737
R03,training,02,597,0,0.0,0.0,0.029511234028439325,0.02263603939861631
R03,training,02,598,0,0.0,0.0,0.029511234028439325,0.022588346720687283
R03,training,02,599,0,0.0,0.0,0.029511234028439325,0.02254056624371761
R03,training,02,600,0,0.0,0.0,0.029511234028439325,0.02249269895080892
R03,training,02,601,0,0.0,0.0,0.029511234028439325,0.02244474582515246
R03,training,02,602,0,0.0,0.0,0.029511234028439325,0.022396707849996075
R03,training,02,603,0,0.0,0.0,0.029511234028439325,0.022348586008611296
R03,training,02,604,0,0.0,0.0,0.029511234028439325,0.022300381284260425
R03,training,02,605,0,0.0,0.0,0.029511234028439325,0.022252094660163778
R03,training,02,606,0,0.0,0.0,0.029511234028439325,0.022203727119466953
R03,training,02,607,0,0.0,0.0,0.029511234028439325,0.02215527964520816
R03,training,02,608,0,0.0,0.0,0.014268678126948561,0.010688612540843353
R03,training,02,609,0,0.0,0.0,0.014268678126948561,0.010665112322702269
R03,training,02,610,0,0.0,0.0,0.014268678126948561,0.010641574882121278
R03,training,02,611,0,0.0,0.0,0.014268678126948561,0.01061800069403444
R03,training,02,612,0,0.0,0.0,0.014268678126948561,0.010594390233245524
R03,training,02,613,0,0.0,0.0,0.014268678126948561,0.010570743974412445
R03,training,02,614,0,0.0,0.0,0.014268678126948561,0.010547062392031759
R03,training,02,615,0,0.0,0.0,0.014268678126948561,0.010523345960423168
R03,training,02,616,0,0.0,0.0,0.014268678126948561,0.010499595153714104
R03,training,02,617,0,0.0,0.0,0.014268678126948561,0.01047581044582433
R03,training,02,618,0,0.0,0.0,0.014268678126948561,0.010451992310450589
R03,training,02,619,0,0.0,0.0,0.014268678126948561,0.010428141221051302
R03,training,02,620,0,0.0,0.0,0.014268678126948561,0.010404257650831314
R03,training,02,621,0,0.0,0.0,0.014268678126948561,0.010380342072726671
R03,training,02,622,0,0.0,0.0,0.014268678126948561,0.010356394959389456
R03,training,02,623,0,0.0,0.0,0.014268678126948561,0.010332416783172677
R03,training,02,624,0,0.0,0.0,0.0,0.0
R03,training,02,625,0,0.0,0.0,0.0,0.0
R03,training,02,626,0,0.0,0.0,0.0,0.0
R03,training,02,627,0,0.0,0.0,0.0,0.0
R03,training,02,628,0,0.0,0.0,0.0,0.0
R03,training,02,629,0,0.0,0.0,0.0,0.0
R03,training,02,630,0,0.0,0.0,0.0,0.0
R03,training,02,631,0,0.0,0.0,0.0,0.0
R03,training,02,632,0,0.0,0.0,0.0,0.0
R03,training,02,633,0,0.0,0.0,0.0,0.0
R03,training,02,634,0,0.0,0.0,0.0,0.0
R03,training,02,635,0,0.0,0.0,0.0,0.0
R03,training,02,636,0,0.0,0.0,0.0,0.0
R03,training,02,637,0,0.0,0.0,0.0,0.0
R03,training,02,638,0,0.0,0.0,0.0,0.0
R03,training,02,639,0,0.0,0.0,0.0,0.0
R03,training,02,640,0,0.0,0.0,0.0,0.0
R03,training,02,641,0,0.0,0.0,0.0,0.0
R03,training,02,642,0,0.0,0.0,0.0,0.0
R03,training,02,643,0,0.0,0.0,0.0,0.0
R03,training,02,644,0,0.0,0.0,0.0,0.0
R03,training,02,645,0,0.0,0.0,0.0,0.0
R03,training,02,646,0,0.0,0.0,0.0,0.0
R03,training,02,647,0,0.0,0.0,0.0,0.0
R03,training,02,648,0,0.0,0.0,0.0,0.0
R03,training,02,649,0,0.0,0.0,0.0,0.0
R03,training,02,650,0,0.0,0.0,0.0,0.0
R03,training,02,651,0,0.0,0.0,0.0,0.0
R03,training,02,652,0,0.0,0.0,0.0,0.0
R03,training,02,653,0,0.0,0.0,0.0,0.0
R03,training,02,654,0,0.0,0.0,0.0,0.0
R03,training,02,655,0,0.0,0.0,0.0,0.0
R03,training,02,656,0,0.0,0.0,0.0,0.0
R03,training,02,657,0,0.0,0.0,0.0,0.0
R03,training,02,658,0,0.0,0.0,0.0,0.0
R03,training,02,659,0,0.0,0.0,0.0,0.0
R03,training,02,660,0,0.0,0.0,0.0,0.0
R03,training,02,661,0,0.0,0.0,0.0,0.0
R03,training,02,662,0,0.0,0.0,0.0,0.0
R03,training,02,663,0,0.0,0.0,0.0,0.0
R03,training,02,664,0,0.0,0.0,0.0,0.0
R03,training,02,665,0,0.0,0.0,0.0,0.0
R03,training,02,666,0,0.0,0.0,0.0,0.0
R03,training,02,667,0,0.0,0.0,0.0,0.0
R03,training,02,668,0,0.0,0.0,0.0,0.0
R03,training,02,669,0,0.0,0.0,0.0,0.0
R03,training,02,670,0,0.0,0.0,0.0,0.0
R03,training,02,671,0,0.0,0.0,0.0,0.0
R03,training,02,672,0,0.0,0.0,0.0,0.0
R03,training,02,673,0,0.0,0.0,0.0,0.0
R03,training,02,674,0,0.0,0.0,0.0,0.0
R03,training,02,675,0,0.0,0.0,0.0,0.0
R03,training,02,676,0,0.0,0.0,0.0,0.0
R03,training,02,677,0,0.0,0.0,0.0,0.0
R03,training,02,678,0,0.0,0.0,0.0,0.0
R03,training,02,679,0,0.0,0.0,0.0,0.0
R03,training,02,680,0,0.0,0.0,0.0,0.0
R03,training,02,681,0,0.0,0.0,0.0,0.0
R03,training,02,682,0,0.0,0.0,0.0,0.0
R03,training,02,683,0,0.0,0.0,0.0,0.0
R03,training,02,684,0,0.0,0.0,0.0,0.0
R03,training,02,685,0,0.0,0.0,0.0,0.0
R03,training,02,686,0,0.0,0.0,0.0,0.0
R03,training,02,687,0,0.0,0.0,0.0,0.0
R03,training,02,688,0,0.0,0.0,0.0,0.0
R03,training,02,689,0,0.0,0.0,0.0,0.0
R03,training,02,690,0,0.0,0.0,0.0,0.0
R03,training,02,691,0,0.0,0.0,0.0,0.0
R03,training,16,0,0,0.0,0.0,0.0,0.0
R03,training,16,1,0,0.0,0.0,0.0,0.0
R03,training,16,2,0,0.0,0.0,0.0,0.0
R03,training,16,3,0,0.0,0.0,0.0,0.0
R03,training,16,4,0,0.0,0.0,0.0,0.0
R03,training,16,5,0,0.0,0.0,0.0,0.0
R03,training,16,6,0,0.0,0.0,0.0,0.0
R03,training,16,7,0,0.0,0.0,0.0,0.0
R03,training,16,8,0,0.0,0.0,0.0,0.0
R03,training,16,9,0,0.0,0.0,0.0,0.0
R03,training,16,10,0,0.0,0.0,0.0,0.0
R03,training,16,11,0,0.0,0.0,0.0,0.0
R03,training,16,12,0,0.0,0.0,0.0,0.0
R03,training,16,13,0,0.0,0.0,0.0,0.0
R03,training,16,14,0,0.0,0.0,0.0,0.0
R03,training,16,15,0,0.0,0.0,0.0,0.0
R03,training,16,16,0,0.0,0.0,0.0,0.0
R03,training,16,17,0,0.0,0.0,0.0,0.0
R03,training,16,18,0,0.0,0.0,0.0,0.0
R03,training,16,19,0,0.0,0.0,0.0,0.0
R03,training,16,20,0,0.0,0.0,0.0,0.0
R03,training,16,21,0,0.0,0.0,0.0,0.0
R03,training,16,22,0,0.0,0.0,0.0,0.0
R03,training,16,23,0,0.0,0.0,0.0,0.0
R03,training,16,24,0,0.0,0.0,0.0,0.0
R03,training,16,25,0,0.0,0.0,0.0,0.0
R03,training,16,26,0,0.0,0.0,0.0,0.0
R03,training,16,27,0,0.0,0.0,0.0,0.0
R03,training,16,28,0,0.0,0.0,0.0,0.0
R03,training,16,29,0,0.0,0.0,0.0,0.0
R03,training,16,30,0,0.0,0.0,0.0,0.0
R03,training,16,31,0,0.0,0.0,0.0,0.0
R03,training,16,32,0,0.0,0.0,0.0,0.0
R03,training,16,33,0,0.0,0.0,0.0,0.0
R03,training,16,34,0,0.0,0.0,0.0,0.0
R03,training,16,35,0,0.0,0.0,0.0,0.0
R03,training,16,36,0,0.0,0.0,0.0,0.0
R03,training,16,37,0,0.0,0.0,0.0,0.0
R03,training,16,38,0,0.0,0.0,0.0,0.0
R03,training,16,39,0,0.0,0.0,0.0,0.0
R03,training,16,40,0,0.0,0.0,0.0,0.0
R03,training,16,41,0,0.0,0.0,0.0,0.0
R03,training,16,42,0,0.0,0.0,0.0,0.0
R03,training,16,43,0,0.0,0.0,0.0,0.0
R03,training,16,44,0,0.0,0.0,0.0,0.0
R03,training,16,45,0,0.0,0.0,0.0,0.0
R03,training,16,46,0,0.0,0.0,0.0,0.0
R03,training,16,47,0,0.0,0.0,0.0,0.0
R03,training,16,48,0,0.0,0.0,0.0,0.0
R03,training,16,49,0,0.0,0.0,0.0,0.0
R03,training,16,50,0,0.0,0.0,0.0,0.0
R03,training,16,51,0,0.0,0.0,0.0,0.0
R03,training,16,52,0,0.0,0.0,0.0,0.0
R03,training,16,53,0,0.0,0.0,0.0,0.0
R03,training,16,54,0,0.0,0.0,0.0,0.0
R03,training,16,55,0,0.0,0.0,0.0,0.0
R03,training,16,56,0,0.0,0.0,0.0,0.0
R03,training,16,57,0,0.0,0.0,0.0,0.0
R03,training,16,58,0,0.0,0.0,0.0,0.0
R03,training,16,59,0,0.0,0.0,0.0,0.0
R03,training,16,60,0,0.0,0.0,0.0,0.0
R03,training,16,61,0,0.0,0.0,0.0,0.0
R03,training,16,62,0,0.0,0.0,0.0,0.0
R03,training,16,63,0,0.0,0.0,0.0,0.0
R03,training,16,64,0,0.0,0.0,0.0,0.0
R03,training,16,65,0,0.0,0.0,0.0,0.0
R03,training,16,66,0,0.0,0.0,0.0,0.0
R03,training,16,67,0,0.0,0.0,0.0,0.0
R03,training,16,68,0,0.0,0.0,0.0,0.0
R03,training,16,69,0,0.0,0.0,0.0,0.0
R03,training,16,70,0,0.0,0.0,0.0,0.0
R03,training,16,71,0,0.0,0.0,0.0,0.0
R03,training,16,72,0,0.0,0.0,0.0,0.0
R03,training,16,73,0,0.0,0.0,0.0,0.0
R03,training,16,74,0,0.0,0.0,0.0,0.0
R03,training,16,75,0,0.0,0.0,0.0,0.0
R03,training,16,76,0,0.0,0.0,0.0,0.0
R03,training,16,77,0,0.0,0.0,0.0,0.0
R03,training,16,78,0,0.0,0.0,0.0,0.0
R03,training,16,79,0,0.0,0.0,0.0,0.0
R03,training,16,80,0,0.0,0.0,0.0,0.0
R03,training,16,81,0,0.0,0.0,0.0,0.0
R03,training,16,82,0,0.0,0.0,0.0,0.0
R03,training,16,83,0,0.0,0.0,0.0,0.0
R03,training,16,84,0,0.0,0.0,0.0,0.0
R03,training,16,85,0,0.0,0.0,0.0,0.0
R03,training,16,86,0,0.0,0.0,0.0,0.0
R03,training,16,87,0,0.0,0.0,0.0,0.0
R03,training,16,88,0,0.0,0.0,0.0,0.0
R03,training,16,89,0,0.0,0.0,0.0,0.0
R03,training,16,90,0,0.0,0.0,0.0,0.0
R03,training,16,91,0,0.0,0.0,0.0,0.0
R03,training,16,92,0,0.0,0.0,0.0,0.0
R03,training,16,93,0,0.0,0.0,0.0,0.0
R03,training,16,94,0,0.0,0.0,0.0,0.0
R03,training,16,95,0,0.0,0.0,0.0,0.0
R03,training,16,96,0,0.0,0.0,0.0,0.0
R03,training,16,97,0,0.0,0.0,0.0,0.0
R03,training,16,98,0,0.0,0.0,0.0,0.0
R03,training,16,99,0,0.0,0.0,0.0,0.0
R03,training,16,100,0,0.0,0.0,0.0,0.0
R03,training,16,101,0,0.0,0.0,0.0,0.0
R03,training,16,102,0,0.0,0.0,0.0,0.0
R03,training,16,103,0,0.0,0.0,0.0,0.0
R03,training,16,104,0,0.0,0.0,0.0,0.0
R03,training,16,105,0,0.0,0.0,0.0,0.0
R03,training,16,106,0,0.0,0.0,0.0,0.0
R03,training,16,107,0,0.0,0.0,0.0,0.0
R03,training,16,108,0,0.0,0.0,0.0,0.0
R03,training,16,109,0,0.0,0.0,0.0,0.0
R03,training,16,110,0,0.0,0.0,0.0,0.0
R03,training,16,111,0,0.0,0.0,0.0,0.0
R03,training,16,112,0,0.0,0.0,0.0,0.0
R03,training,16,113,0,0.0,0.0,0.0,0.0
R03,training,16,114,0,0.0,0.0,0.0,0.0
R03,training,16,115,0,0.0,0.0,0.0,0.0
R03,training,16,116,0,0.0,0.0,0.0,0.0
R03,training,16,117,0,0.0,0.0,0.0,0.0
R03,training,16,118,0,0.0,0.0,0.0,0.0
R03,training,16,119,0,0.0,0.0,0.0,0.0
R03,training,16,120,0,0.0,0.0,0.0,0.0
R03,training,16,121,0,0.0,0.0,0.0,0.0
R03,training,16,122,0,0.0,0.0,0.0,0.0
R03,training,16,123,0,0.0,0.0,0.0,0.0
R03,training,16,124,0,0.0,0.0,0.0,0.0
R03,training,16,125,0,0.0,0.0,0.0,0.0
R03,training,16,126,0,0.0,0.0,0.0,0.0
R03,training,16,127,0,0.0,0.0,0.0,0.0
R03,training,16,128,0,0.0,0.0,0.0,0.0
R03,training,16,129,0,0.0,0.0,0.0,0.0
R03,training,16,130,0,0.0,0.0,0.0,0.0
R03,training,16,131,0,0.0,0.0,0.0,0.0
R03,training,16,132,0,0.0,0.0,0.0,0.0
R03,training,16,133,0,0.0,0.0,0.0,0.0
R03,training,16,134,0,0.0,0.0,0.0,0.0
R03,training,16,135,0,0.0,0.0,0.0,0.0
R03,training,16,136,0,0.0,0.0,0.0,0.0
R03,training,16,137,0,0.0,0.0,0.0,0.0
R03,training,16,138,0,0.0,0.0,0.0,0.0
R03,training,16,139,0,0.0,0.0,0.0,0.0
R03,training,16,140,0,0.0,0.0,0.0,0.0
R03,training,16,141,0,0.0,0.0,0.0,0.0
R03,training,16,142,0,0.0,0.0,0.0,0.0
R03,training,16,143,0,0.0,0.0,0.0,0.0
R03,training,16,144,0,0.0,0.0,0.0,0.0
R03,training,16,145,0,0.0,0.0,0.0,0.0
R03,training,16,146,0,0.0,0.0,0.0,0.0
R03,training,16,147,0,0.0,0.0,0.0,0.0
R03,training,16,148,0,0.0,0.0,0.0,0.0
R03,training,16,149,0,0.0,0.0,0.0,0.0
R03,training,16,150,0,0.0,0.0,0.0,0.0
R03,training,16,151,0,0.0,0.0,0.0,0.0
R03,training,16,152,0,0.0,0.0,0.0,0.0
R03,training,16,153,0,0.0,0.0,0.0,0.0
R03,training,16,154,0,0.0,0.0,0.0,0.0
R03,training,16,155,0,0.0,0.0,0.0,0.0
R03,training,16,156,0,0.0,0.0,0.0,0.0
R03,training,16,157,0,0.0,0.0,0.0,0.0
R03,training,16,158,0,0.0,0.0,0.0,0.0
R03,training,16,159,0,0.0,0.0,0.0,0.0
R03,training,16,160,0,0.0,0.0,0.0,0.0
R03,training,16,161,0,0.0,0.0,0.0,0.0
R03,training,16,162,0,0.0,0.0,0.0,0.0
R03,training,16,163,0,0.0,0.0,0.0,0.0
R03,training,16,164,0,0.0,0.0,0.0,0.0
R03,training,16,165,0,0.0,0.0,0.0,0.0
R03,training,16,166,0,0.0,0.0,0.0,0.0
R03,training,16,167,0,0.0,0.0,0.0,0.0
R03,training,16,168,0,0.0,0.0,0.0,0.0
R03,training,16,169,0,0.0,0.0,0.0,0.0
R03,training,16,170,0,0.0,0.0,0.0,0.0
R03,training,16,171,0,0.0,0.0,0.0,0.0
R03,training,16,172,0,0.0,0.0,0.0,0.0
R03,training,16,173,0,0.0,0.0,0.0,0.0
R03,training,16,174,0,0.0,0.0,0.0,0.0
R03,training,16,175,0,0.0,0.0,0.0,0.0
R03,training,16,176,0,0.0,0.0,0.0,0.0
R03,training,16,177,0,0.0,0.0,0.0,0.0
R03,training,16,178,0,0.0,0.0,0.0,0.0
R03,training,16,179,0,0.0,0.0,0.0,0.0
R03,training,16,180,0,0.0,0.0,0.0,0.0
R03,training,16,181,0,0.0,0.0,0.0,0.0
R03,training,16,182,0,0.0,0.0,0.0,0.0
R03,training,16,183,0,0.0,0.0,0.0,0.0
R03,training,16,184,0,0.0,0.0,0.0,0.0
R03,training,16,185,0,0.0,0.0,0.0,0.0
R03,training,16,186,0,0.0,0.0,0.0,0.0
R03,training,16,187,0,0.0,0.0,0.0,0.0
R03,training,16,188,0,0.0,0.0,0.0,0.0
R03,training,16,189,0,0.0,0.0,0.0,0.0
R03,training,16,190,0,0.0,0.0,0.0,0.0
R03,training,16,191,0,0.0,0.0,0.0,0.0
R03,training,16,192,0,0.0,0.0,0.0,0.0
R03,training,16,193,0,0.0,0.0,0.0,0.0
R03,training,16,194,0,0.0,0.0,0.0,0.0
R03,training,16,195,0,0.0,0.0,0.0,0.0
R03,training,16,196,0,0.0,0.0,0.0,0.0
R03,training,16,197,0,0.0,0.0,0.0,0.0
R03,training,16,198,0,0.0,0.0,0.0,0.0
R03,training,16,199,0,0.0,0.0,0.0,0.0
R03,training,16,200,0,0.0,0.0,0.0,0.0
R03,training,16,201,0,0.0,0.0,0.0,0.0
R03,training,16,202,0,0.0,0.0,0.0,0.0
R03,training,16,203,0,0.0,0.0,0.0,0.0
R03,training,16,204,0,0.0,0.0,0.0,0.0
R03,training,16,205,0,0.0,0.0,0.0,0.0
R03,training,16,206,0,0.0,0.0,0.0,0.0
R03,training,16,207,0,0.0,0.0,0.0,0.0
R03,training,16,208,0,0.0,0.0,0.0,0.0
R03,training,16,209,0,0.0,0.0,0.0,0.0
R03,training,16,210,0,0.0,0.0,0.0,0.0
R03,training,16,211,0,0.0,0.0,0.0,0.0
R03,training,16,212,0,0.0,0.0,0.0,0.0
R03,training,16,213,0,0.0,0.0,0.0,0.0
R03,training,16,214,0,0.0,0.0,0.0,0.0
R03,training,16,215,0,0.0,0.0,0.0,0.0
R03,training,16,216,0,0.0,0.0,0.0,0.0
R03,training,16,217,0,0.0,0.0,0.0,0.0
R03,training,16,218,0,0.0,0.0,0.0,0.0
R03,training,16,219,0,0.0,0.0,0.0,0.0
R03,training,16,220,0,0.0,0.0,0.0,0.0
R03,training,16,221,0,0.0,0.0,0.0,0.0
R03,training,16,222,0,0.0,0.0,0.0,0.0
R03,training,16,223,0,0.0,0.0,0.0,0.0
R03,training,16,224,0,0.0,0.0,0.0,0.0
R03,training,16,225,0,0.0,0.0,0.0,0.0
R03,training,16,226,0,0.0,0.0,0.0,0.0
R03,training,16,227,0,0.0,0.0,0.0,0.0
R03,training,16,228,0,0.0,0.0,0.0,0.0
R03,training,16,229,0,0.0,0.0,0.0,0.0
R03,training,16,230,0,0.0,0.0,0.0,0.0
R03,training,16,231,0,0.0,0.0,0.0,0.0
R03,training,16,232,0,0.0,0.0,0.0,0.0
R03,training,16,233,0,0.0,0.0,0.0,0.0
R03,training,16,234,0,0.0,0.0,0.0,0.0
R03,training,16,235,0,0.0,0.0,0.0,0.0
R03,training,16,236,0,0.0,0.0,0.0,0.0
R03,training,16,237,0,0.0,0.0,0.0,0.0
R03,training,16,238,0,0.0,0.0,0.0,0.0
R03,training,16,239,0,0.0,0.0,0.0,0.0
R03,training,16,240,0,0.0,0.0,0.0,0.0
R03,training,16,241,0,0.0,0.0,0.0,0.0
R03,training,16,242,0,0.0,0.0,0.0,0.0
R03,training,16,243,0,0.0,0.0,0.0,0.0
R03,training,16,244,0,0.0,0.0,0.0,0.0
R03,training,16,245,0,0.0,0.0,0.0,0.0
R03,training,16,246,0,0.0,0.0,0.0,0.0
R03,training,16,247,0,0.0,0.0,0.0,0.0
R03,training,16,248,0,0.0,0.0,0.0,0.0
R03,training,16,249,0,0.0,0.0,0.0,0.0
R03,training,16,250,0,0.0,0.0,0.0,0.0
R03,training,16,251,0,0.0,0.0,0.0,0.0
R03,training,16,252,0,0.0,0.0,0.0,0.0
R03,training,16,253,0,0.0,0.0,0.0,0.0
R03,training,16,254,0,0.0,0.0,0.0,0.0
R03,training,16,255,0,0.0,0.0,0.0,0.0
R03,training,16,256,0,0.0,0.0,0.0,0.0
R03,training,16,257,0,0.0,0.0,0.0,0.0
R03,training,16,258,0,0.0,0.0,0.0,0.0
R03,training,16,259,0,0.0,0.0,0.0,0.0
R03,training,16,260,0,0.0,0.0,0.0,0.0
R03,training,16,261,0,0.0,0.0,0.0,0.0
R03,training,16,262,0,0.0,0.0,0.0,0.0
R03,training,16,263,0,0.0,0.0,0.0,0.0
R03,training,16,264,0,0.0,0.0,0.0,0.0
R03,training,16,265,0,0.0,0.0,0.0,0.0
R03,training,16,266,0,0.0,0.0,0.0,0.0
R03,training,16,267,0,0.0,0.0,0.0,0.0
R03,training,16,268,0,0.0,0.0,0.0,0.0
R03,training,16,269,0,0.0,0.0,0.0,0.0
R03,training,16,270,0,0.0,0.0,0.0,0.0
R03,training,16,271,0,0.0,0.0,0.0,0.0
R03,training,16,272,0,0.0,0.0,0.0,0.0
R03,training,16,273,0,0.0,0.0,0.0,0.0
R03,training,16,274,0,0.0,0.0,0.0,0.0
R03,training,16,275,0,0.0,0.0,0.0,0.0
R03,training,16,276,0,0.0,0.0,0.0,0.0
R03,training,16,277,0,0.0,0.0,0.0,0.0
R03,training,16,278,0,0.0,0.0,0.0,0.0
R03,training,16,279,0,0.0,0.0,0.0,0.0
R03,training,16,280,0,0.0,0.0,0.0,0.0
R03,training,16,281,0,0.0,0.0,0.0,0.0
R03,training,16,282,0,0.0,0.0,0.0,0.0
R03,training,16,283,0,0.0,0.0,0.0,0.0
R03,training,16,284,0,0.0,0.0,0.0,0.0
R03,training,16,285,0,0.0,0.0,0.0,0.0
R03,training,16,286,0,0.0,0.0,0.0,0.0
R03,training,16,287,0,0.0,0.0,0.0,0.0
R03,training,16,288,0,0.0,0.0,0.0,0.0
R03,training,16,289,0,0.0,0.0,0.0,0.0
R03,training,16,290,0,0.0,0.0,0.0,0.0
R03,training,16,291,0,0.0,0.0,0.0,0.0
R03,training,16,292,0,0.0,0.0,0.0,0.0
R03,training,16,293,0,0.0,0.0,0.0,0.0
R03,training,16,294,0,0.0,0.0,0.0,0.0
R03,training,16,295,0,0.0,0.0,0.0,0.0
R03,training,16,296,0,0.0,0.0,0.0,0.0
R03,training,16,297,0,0.0,0.0,0.0,0.0
R03,training,16,298,0,0.0,0.0,0.0,0.0
R03,training,16,299,0,0.0,0.0,0.0,0.0
R03,training,16,300,0,0.0,0.0,0.0,0.0
R03,training,16,301,0,0.0,0.0,0.0,0.0
R03,training,16,302,0,0.0,0.0,0.0,0.0
R03,training,16,303,0,0.0,0.0,0.0,0.0
R03,training,16,304,0,0.0,0.0,0.0,0.0
R03,training,16,305,0,0.0,0.0,0.0,0.0
R03,training,16,306,0,0.0,0.0,0.0,0.0
R03,training,16,307,0,0.0,0.0,0.0,0.0
R03,training,16,308,0,0.0,0.0,0.0,0.0
R03,training,16,309,0,0.0,0.0,0.0,0.0
R03,training,16,310,0,0.0,0.0,0.0,0.0
R03,training,16,311,0,0.0,0.0,0.0,0.0
R03,training,16,312,0,0.0,0.0,0.0,0.0
R03,training,16,313,0,0.0,0.0,0.0,0.0
R03,training,16,314,0,0.0,0.0,0.0,0.0
R03,training,16,315,0,0.0,0.0,0.0,0.0
R03,training,16,316,0,0.0,0.0,0.0,0.0
R03,training,16,317,0,0.0,0.0,0.0,0.0
R03,training,16,318,0,0.0,0.0,0.0,0.0
R03,training,16,319,0,0.0,0.0,0.0,0.0
R03,training,16,320,0,0.0,0.0,0.0,0.0
R03,training,16,321,0,0.0,0.0,0.0,0.0
R03,training,16,322,0,0.0,0.0,0.0,0.0
R03,training,16,323,0,0.0,0.0,0.0,0.0
R03,training,16,324,0,0.0,0.0,0.0,0.0
R03,training,16,325,0,0.0,0.0,0.0,0.0
R03,training,16,326,0,0.0,0.0,0.0,0.0
R03,training,16,327,0,0.0,0.0,0.0,0.0
R03,training,16,328,0,0.0,0.0,0.0,0.0
R03,training,16,329,0,0.0,0.0,0.0,0.0
R03,training,16,330,0,0.0,0.0,0.0,0.0
R03,training,16,331,0,0.0,0.0,0.0,0.0
R03,training,16,332,0,0.0,0.0,0.0,0.0
R03,training,16,333,0,0.0,0.0,0.0,0.0
R03,training,16,334,0,0.0,0.0,0.0,0.0
R03,training,16,335,0,0.0,0.0,0.0,0.0
R03,training,16,336,0,0.0,0.0,0.0,0.0
R03,training,16,337,0,0.0,0.0,0.0,0.0
R03,training,16,338,0,0.0,0.0,0.0,0.0
R03,training,16,339,0,0.0,0.0,0.0,0.0
R03,training,16,340,0,0.0,0.0,0.0,0.0
R03,training,16,341,0,0.0,0.0,0.0,0.0
R03,training,16,342,0,0.0,0.0,0.0,0.0
R03,training,16,343,0,0.0,0.0,0.0,0.0
R03,training,16,344,0,0.0,0.0,0.0,0.0
R03,training,16,345,0,0.0,0.0,0.0,0.0
R03,training,16,346,0,0.0,0.0,0.0,0.0
R03,training,16,347,0,0.0,0.0,0.0,0.0
R03,training,16,348,0,0.0,0.0,0.0,0.0
R03,training,16,349,0,0.0,0.0,0.0,0.0
R03,training,16,350,0,0.0,0.0,0.0,0.0
R03,training,16,351,0,0.0,0.0,0.0,0.0
R03,training,16,352,0,0.0,0.0,0.0,0.0
R03,training,16,353,0,0.0,0.0,0.0,0.0
R03,training,16,354,0,0.0,0.0,0.0,0.0
R03,training,16,355,0,0.0,0.0,0.0,0.0
R03,training,16,356,0,0.0,0.0,0.0,0.0
R03,training,16,357,0,0.0,0.0,0.0,0.0
R03,training,16,358,0,0.0,0.0,0.0,0.0
R03,training,16,359,0,0.0,0.0,0.0,0.0
R03,training,16,360,0,0.0,0.0,0.0,0.0
R03,training,16,361,0,0.0,0.0,0.0,0.0
R03,training,16,362,0,0.0,0.0,0.0,0.0
R03,training,16,363,0,0.0,0.0,0.0,0.0
R03,training,16,364,0,0.0,0.0,0.0,0.0
R03,training,16,365,0,0.0,0.0,0.0,0.0
R03,training,16,366,0,0.0,0.0,0.0,0.0
R03,training,16,367,0,0.0,0.0,0.0,0.0
R03,training,16,368,0,0.0,0.0,0.0,0.0
R03,training,16,369,0,0.0,0.0,0.0,0.0
R03,training,16,370,0,0.0,0.0,0.0,0.0
R03,training,16,371,0,0.0,0.0,0.0,0.0
R03,training,16,372,0,0.0,0.0,0.0,0.0
R03,training,16,373,0,0.0,0.0,0.0,0.0
R03,training,16,374,0,0.0,0.0,0.0,0.0
R03,training,16,375,0,0.0,0.0,0.0,0.0
R03,training,16,376,0,0.0,0.0,0.0,0.0
R03,training,16,377,0,0.0,0.0,0.0,0.0
R03,training,16,378,0,0.0,0.0,0.0,0.0
R03,training,16,379,0,0.0,0.0,0.0,0.0
R03,training,16,380,0,0.0,0.0,0.0,0.0
R03,training,16,381,0,0.0,0.0,0.0,0.0
R03,training,16,382,0,0.0,0.0,0.0,0.0
R03,training,16,383,0,0.0,0.0,0.0,0.0
R03,training,16,384,0,0.0,0.0,0.0,0.0
R03,training,16,385,0,0.0,0.0,0.0,0.0
R03,training,16,386,0,0.0,0.0,0.0,0.0
R03,training,16,387,0,0.0,0.0,0.0,0.0
R03,training,16,388,0,0.0,0.0,0.0,0.0
R03,training,16,389,0,0.0,0.0,0.0,0.0
R03,training,16,390,0,0.0,0.0,0.0,0.0
R03,training,16,391,0,0.0,0.0,0.0,0.0
R03,training,16,392,0,0.0,0.0,0.0,0.0
R03,training,16,393,0,0.0,0.0,0.0,0.0
R03,training,16,394,0,0.0,0.0,0.0,0.0
R03,training,16,395,0,0.0,0.0,0.0,0.0
R03,training,16,396,0,0.0,0.0,0.0,0.0
R03,training,16,397,0,0.0,0.0,0.0,0.0
R03,training,16,398,0,0.0,0.0,0.0,0.0
R03,training,16,399,0,0.0,0.0,0.0,0.0
R03,training,16,400,0,0.0,0.0,0.0,0.0
R03,training,16,401,0,0.0,0.0,0.0,0.0
R03,training,16,402,0,0.0,0.0,0.0,0.0
R03,training,16,403,0,0.0,0.0,0.0,0.0
R03,training,16,404,0,0.0,0.0,0.0,0.0
R03,training,16,405,0,0.0,0.0,0.0,0.0
R03,training,16,406,0,0.0,0.0,0.0,0.0
R03,training,16,407,0,0.0,0.0,0.0,0.0
R03,training,16,408,0,0.0,0.0,0.0,0.0
R03,training,16,409,0,0.0,0.0,0.0,0.0
R03,training,16,410,0,0.0,0.0,0.0,0.0
R03,training,16,411,0,0.0,0.0,0.0,0.0
R03,training,16,412,0,0.0,0.0,0.0,0.0
R03,training,16,413,0,0.0,0.0,0.0,0.0
R03,training,16,414,0,0.0,0.0,0.0,0.0
R03,training,16,415,0,0.0,0.0,0.0,0.0
R03,training,16,416,0,0.0,0.0,0.0,0.0
R03,training,16,417,0,0.0,0.0,0.0,0.0
R03,training,16,418,0,0.0,0.0,0.0,0.0
R03,training,16,419,0,0.0,0.0,0.0,0.0
R03,training,16,420,0,0.0,0.0,0.0,0.0
R03,training,16,421,0,0.0,0.0,0.0,0.0
R03,training,16,422,0,0.0,0.0,0.0,0.0
R03,training,16,423,0,0.0,0.0,0.0,0.0
R03,training,16,424,0,0.0,0.0,0.0,0.0
R03,training,16,425,0,0.0,0.0,0.0,0.0
R03,training,16,426,0,0.0,0.0,0.0,0.0
R03,training,16,427,0,0.0,0.0,0.0,0.0
R03,training,16,428,0,0.0,0.0,0.0,0.0
R03,training,16,429,0,0.0,0.0,0.0,0.0
R03,training,16,430,0,0.0,0.0,0.0,0.0
R03,training,16,431,0,0.0,0.0,0.0,0.0
R03,training,16,432,0,0.0,0.0,0.0,0.0
R03,training,16,433,0,0.0,0.0,0.0,0.0
R03,training,16,434,0,0.0,0.0,0.0,0.0
R03,training,16,435,0,0.0,0.0,0.0,0.0
R03,training,16,436,0,0.0,0.0,0.0,0.0
R03,training,16,437,0,0.0,0.0,0.0,0.0
R03,training,16,438,0,0.0,0.0,0.0,0.0
R03,training,16,439,0,0.0,0.0,0.0,0.0
R03,training,16,440,0,0.0,0.0,0.0,0.0
R03,training,16,441,0,0.0,0.0,0.0,0.0
R03,training,16,442,0,0.0,0.0,0.0,0.0
R03,training,16,443,0,0.0,0.0,0.0,0.0
R03,training,16,444,0,0.0,0.0,0.0,0.0
R03,training,16,445,0,0.0,0.0,0.0,0.0
R03,training,16,446,0,0.0,0.0,0.0,0.0
R03,training,16,447,0,0.0,0.0,0.0,0.0
R03,training,16,448,0,0.0,0.0,0.0,0.0
R03,training,16,449,0,0.0,0.0,0.0,0.0
R03,training,16,450,0,0.0,0.0,0.0,0.0
R03,training,16,451,0,0.0,0.0,0.0,0.0
R03,training,16,452,0,0.0,0.0,0.0,0.0
R03,training,16,453,0,0.0,0.0,0.0,0.0
R03,training,16,454,0,0.0,0.0,0.0,0.0
R03,training,16,455,0,0.0,0.0,0.0,0.0
R03,training,16,456,0,0.0,0.0,0.0,0.0
R03,training,16,457,0,0.0,0.0,0.0,0.0
R03,training,16,458,0,0.0,0.0,0.0,0.0
R03,training,16,459,0,0.0,0.0,0.0,0.0
R03,training,16,460,0,0.0,0.0,0.0,0.0
R03,training,16,461,0,0.0,0.0,0.0,0.0
R03,training,16,462,0,0.0,0.0,0.0,0.0
R03,training,16,463,0,0.0,0.0,0.0,0.0
R03,training,16,464,0,0.0,0.0,0.0,0.0
R03,training,16,465,0,0.0,0.0,0.0,0.0
R03,training,16,466,0,0.0,0.0,0.0,0.0
R03,training,16,467,0,0.0,0.0,0.0,0.0
R03,training,16,468,0,0.0,0.0,0.0,0.0
R03,training,16,469,0,0.0,0.0,0.0,0.0
R03,training,16,470,0,0.0,0.0,0.0,0.0
R03,training,16,471,0,0.0,0.0,0.0,0.0
R03,training,16,472,0,0.0,0.0,0.0,0.0
R03,training,16,473,0,0.0,0.0,0.0,0.0
R03,training,16,474,0,0.0,0.0,0.0,0.0
R03,training,16,475,0,0.0,0.0,0.0,0.0
R03,training,16,476,0,0.0,0.0,0.0,0.0
R03,training,16,477,0,0.0,0.0,0.0,0.0
R03,training,16,478,0,0.0,0.0,0.0,0.0
R03,training,16,479,0,0.0,0.0,0.0,0.0
R03,training,16,480,0,0.0,0.0,0.0,0.0
R03,training,16,481,0,0.0,0.0,0.0,0.0
R03,training,16,482,0,0.0,0.0,0.0,0.0
R03,training,16,483,0,0.0,0.0,0.0,0.0
R03,training,16,484,0,0.0,0.0,0.0,0.0
R03,training,16,485,0,0.0,0.0,0.0,0.0
R03,training,16,486,0,0.0,0.0,0.0,0.0
R03,training,16,487,0,0.0,0.0,0.0,0.0
R03,training,16,488,0,0.0,0.0,0.0,0.0
R03,training,16,489,0,0.0,0.0,0.0,0.0
R03,training,16,490,0,0.0,0.0,0.0,0.0
R03,training,16,491,0,0.0,0.0,0.0,0.0
R03,training,16,492,0,0.0,0.0,0.0,0.0
R03,training,16,493,0,0.0,0.0,0.0,0.0
R03,training,16,494,0,0.0,0.0,0.0,0.0
R03,training,16,495,0,0.0,0.0,0.0,0.0
R03,training,16,496,0,0.0,0.0,0.0,0.0
R03,training,16,497,0,0.0,0.0,0.0,0.0
R03,training,16,498,0,0.0,0.0,0.0,0.0
R03,training,16,499,0,0.0,0.0,0.0,0.0
R03,training,16,500,0,0.0,0.0,0.0,0.0
R03,training,16,501,0,0.0,0.0,0.0,0.0
R03,training,16,502,0,0.0,0.0,0.0,0.0
R03,training,16,503,0,0.0,0.0,0.0,0.0
R03,training,16,504,0,0.0,0.0,0.0,0.0
R03,training,16,505,0,0.0,0.0,0.0,0.0
R03,training,16,506,0,0.0,0.0,0.0,0.0
R03,training,16,507,0,0.0,0.0,0.0,0.0
R03,training,16,508,0,0.0,0.0,0.0,0.0
R03,training,16,509,0,0.0,0.0,0.0,0.0
R03,training,16,510,0,0.0,0.0,0.0,0.0
R03,training,16,511,0,0.0,0.0,0.0,0.0
R03,training,16,512,0,0.0,0.0,0.0,0.0
R03,training,16,513,0,0.0,0.0,0.0,0.0
R03,training,16,514,0,0.0,0.0,0.0,0.0
R03,training,16,515,0,0.0,0.0,0.0,0.0
R03,training,16,516,0,0.0,0.0,0.0,0.0
R03,training,16,517,0,0.0,0.0,0.0,0.0
R03,training,16,518,0,0.0,0.0,0.0,0.0
R03,training,16,519,0,0.0,0.0,0.0,0.0
R03,training,16,520,0,0.0,0.0,0.0,0.0
R03,training,16,521,0,0.0,0.0,0.0,0.0
R03,training,16,522,0,0.0,0.0,0.0,0.0
R03,training,16,523,0,0.0,0.0,0.0,0.0
R03,training,16,524,0,0.0,0.0,0.0,0.0
R03,training,16,525,0,0.0,0.0,0.0,0.0
R03,training,16,526,0,0.0,0.0,0.0,0.0
R03,training,16,527,0,0.0,0.0,0.0,0.0
R03,training,16,528,0,0.0,0.0,0.0,0.0
R03,training,16,529,0,0.0,0.0,0.0,0.0
R03,training,16,530,0,0.0,0.0,0.0,0.0
R03,training,16,531,0,0.0,0.0,0.0,0.0
R03,training,16,532,0,0.0,0.0,0.0,0.0
R03,training,16,533,0,0.0,0.0,0.0,0.0
R03,training,16,534,0,0.0,0.0,0.0,0.0
R03,training,16,535,0,0.0,0.0,0.0,0.0
R03,training,16,536,0,0.0,0.0,0.0,0.0
R03,training,16,537,0,0.0,0.0,0.0,0.0
R03,training,16,538,0,0.0,0.0,0.0,0.0
R03,training,16,539,0,0.0,0.0,0.0,0.0
R03,training,16,540,0,0.0,0.0,0.0,0.0
R03,training,16,541,0,0.0,0.0,0.0,0.0
R03,training,16,542,0,0.0,0.0,0.0,0.0
R03,training,16,543,0,0.0,0.0,0.0,0.0
R03,training,16,544,0,0.0,0.0,0.0,0.0
R03,training,16,545,0,0.0,0.0,0.0,0.0
R03,training,16,546,0,0.0,0.0,0.0,0.0
R03,training,16,547,0,0.0,0.0,0.0,0.0
R03,training,16,548,0,0.0,0.0,0.0,0.0
R03,training,16,549,0,0.0,0.0,0.0,0.0
R03,training,16,550,0,0.0,0.0,0.0,0.0
R03,training,16,551,0,0.0,0.0,0.0,0.0
R03,training,16,552,0,0.0,0.0,0.0,0.0
R03,training,16,553,0,0.0,0.0,0.0,0.0
R03,training,16,554,0,0.0,0.0,0.0,0.0
R03,training,16,555,0,0.0,0.0,0.0,0.0
R03,training,16,556,0,0.0,0.0,0.0,0.0
R03,training,16,557,0,0.0,0.0,0.0,0.0
R03,training,16,558,0,0.0,0.0,0.0,0.0
R03,training,16,559,0,0.0,0.0,0.0,0.0
R03,training,16,560,0,0.0,0.0,0.0,0.0
R03,training,16,561,0,0.0,0.0,0.0,0.0
R03,training,16,562,0,0.0,0.0,0.0,0.0
R03,training,16,563,0,0.0,0.0,0.0,0.0
R03,training,16,564,0,0.0,0.0,0.0,0.0
R03,training,16,565,0,0.0,0.0,0.0,0.0
R03,training,16,566,0,0.0,0.0,0.0,0.0
R03,training,16,567,0,0.0,0.0,0.0,0.0
R03,training,16,568,0,0.0,0.0,0.0,0.0
R03,training,16,569,0,0.0,0.0,0.0,0.0
R03,training,16,570,0,0.0,0.0,0.0,0.0
R03,training,16,571,0,0.0,0.0,0.0,0.0
R03,training,16,572,0,0.0,0.0,0.0,0.0
R03,training,16,573,0,0.0,0.0,0.0,0.0
R03,training,16,574,0,0.0,0.0,0.0,0.0
R03,training,16,575,0,0.0,0.0,0.0,0.0
R03,training,16,576,0,0.0,0.0,0.0,0.0
R03,training,16,577,0,0.0,0.0,0.0,0.0
R03,training,16,578,0,0.0,0.0,0.0,0.0
R03,training,16,579,0,0.0,0.0,0.0,0.0
R03,training,16,580,0,0.0,0.0,0.0,0.0
R03,training,16,581,0,0.0,0.0,0.0,0.0
R03,training,16,582,0,0.0,0.0,0.0,0.0
R03,training,16,583,0,0.0,0.0,0.0,0.0
R03,training,16,584,0,0.0,0.0,0.0,0.0
R03,training,16,585,0,0.0,0.0,0.0,0.0
R03,training,16,586,0,0.0,0.0,0.0,0.0
R03,training,16,587,0,0.0,0.0,0.0,0.0
R03,training,16,588,0,0.0,0.0,0.0,0.0
R03,training,16,589,0,0.0,0.0,0.0,0.0
R03,training,16,590,0,0.0,0.0,0.0,0.0
R03,training,16,591,0,0.0,0.0,0.0,0.0
R03,training,16,592,0,0.0,0.0,0.0,0.0
R03,training,16,593,0,0.0,0.0,0.0,0.0
R03,training,16,594,0,0.0,0.0,0.0,0.0
R03,training,16,595,0,0.0,0.0,0.0,0.0
R03,training,16,596,0,0.0,0.0,0.0,0.0
R03,training,16,597,0,0.0,0.0,0.0,0.0
R03,training,16,598,0,0.0,0.0,0.0,0.0
R03,training,16,599,0,0.0,0.0,0.0,0.0
R03,training,16,600,0,0.0,0.0,0.0,0.0
R03,training,16,601,0,0.0,0.0,0.0,0.0
R03,training,16,602,0,0.0,0.0,0.0,0.0
R03,training,16,603,0,0.0,0.0,0.0,0.0
R03,training,16,604,0,0.0,0.0,0.0,0.0
R03,training,16,605,0,0.0,0.0,0.0,0.0
R03,training,16,606,0,0.0,0.0,0.0,0.0
R03,training,16,607,0,0.0,0.0,0.0,0.0
R03,training,16,608,0,0.0,0.0,0.0,0.0
R03,training,16,609,0,0.0,0.0,0.0,0.0
R03,training,16,610,0,0.0,0.0,0.0,0.0
R03,training,16,611,0,0.0,0.0,0.0,0.0
R03,training,16,612,0,0.0,0.0,0.0,0.0
R03,training,16,613,0,0.0,0.0,0.0,0.0
R03,training,16,614,0,0.0,0.0,0.0,0.0
R03,training,16,615,0,0.0,0.0,0.0,0.0
R03,training,16,616,0,0.0,0.0,0.0,0.0
R03,training,16,617,0,0.0,0.0,0.0,0.0
R03,training,16,618,0,0.0,0.0,0.0,0.0
R03,training,16,619,0,0.0,0.0,0.0,0.0
R03,training,16,620,0,0.0,0.0,0.0,0.0
R03,training,16,621,0,0.0,0.0,0.0,0.0
R03,training,16,622,0,0.0,0.0,0.0,0.0
R03,training,16,623,0,0.0,0.0,0.0,0.0
R03,training,16,624,0,0.0,0.0,0.0,0.0
R03,training,16,625,0,0.0,0.0,0.0,0.0
R03,training,16,626,0,0.0,0.0,0.0,0.0
R03,training,16,627,0,0.0,0.0,0.0,0.0
R03,training,16,628,0,0.0,0.0,0.0,0.0
R03,training,16,629,0,0.0,0.0,0.0,0.0
R03,training,16,630,0,0.0,0.0,0.0,0.0
R03,training,16,631,0,0.0,0.0,0.0,0.0
R03,training,16,632,0,0.0,0.0,0.0,0.0
R03,training,16,633,0,0.0,0.0,0.0,0.0
R03,training,16,634,0,0.0,0.0,0.0,0.0
R03,training,16,635,0,0.0,0.0,0.0,0.0
R03,training,16,636,0,0.0,0.0,0.0,0.0
R03,training,16,637,0,0.0,0.0,0.0,0.0
R03,training,16,638,0,0.0,0.0,0.0,0.0
R03,training,16,639,0,0.0,0.0,0.0,0.0
R03,training,16,640,0,0.0,0.0,0.0,0.0
R03,training,16,641,0,0.0,0.0,0.0,0.0
R03,training,16,642,0,0.0,0.0,0.0,0.0
R03,training,16,643,0,0.0,0.0,0.0,0.0
R03,training,16,644,0,0.0,0.0,0.0,0.0
R03,training,16,645,0,0.0,0.0,0.0,0.0
R03,training,16,646,0,0.0,0.0,0.0,0.0
R03,training,16,647,0,0.0,0.0,0.0,0.0
R03,training,16,648,0,0.0,0.0,0.0,0.0
R03,training,16,649,0,0.0,0.0,0.0,0.0
R03,training,16,650,0,0.0,0.0,0.0,0.0
R03,training,16,651,0,0.0,0.0,0.0,0.0
R03,training,16,652,0,0.0,0.0,0.0,0.0
R03,training,16,653,0,0.0,0.0,0.0,0.0
R03,training,16,654,0,0.0,0.0,0.0,0.0
R03,training,16,655,0,0.0,0.0,0.0,0.0
R03,training,20,0,0,0.0,0.0,0.0,0.0
R03,training,20,1,0,0.0,0.0,0.0,0.0
R03,training,20,2,0,0.0,0.0,0.0,0.0
R03,training,20,3,0,0.0,0.0,0.0,0.0
R03,training,20,4,0,0.0,0.0,0.0,0.0
R03,training,20,5,0,0.0,0.0,0.0,0.0
R03,training,20,6,0,0.0,0.0,0.0,0.0
R03,training,20,7,0,0.0,0.0,0.0,0.0
R03,training,20,8,0,0.0,0.0,0.0,0.0
R03,training,20,9,0,0.0,0.0,0.0,0.0
R03,training,20,10,0,0.0,0.0,0.0,0.0
R03,training,20,11,0,0.0,0.0,0.0,0.0
R03,training,20,12,0,0.0,0.0,0.0,0.0
R03,training,20,13,0,0.0,0.0,0.0,0.0
R03,training,20,14,0,0.0,0.0,0.0,0.0
R03,training,20,15,0,0.0,0.0,0.0,0.0
R03,training,20,16,0,0.0,0.0,0.0,0.0
R03,training,20,17,0,0.0,0.0,0.0,0.0
R03,training,20,18,0,0.0,0.0,0.0,0.0
R03,training,20,19,0,0.0,0.0,0.0,0.0
R03,training,20,20,0,0.0,0.0,0.0,0.0
R03,training,20,21,0,0.0,0.0,0.0,0.0
R03,training,20,22,0,0.0,0.0,0.0,0.0
R03,training,20,23,0,0.0,0.0,0.0,0.0
R03,training,20,24,0,0.0,0.0,0.0,0.0
R03,training,20,25,0,0.0,0.0,0.0,0.0
R03,training,20,26,0,0.0,0.0,0.0,0.0
R03,training,20,27,0,0.0,0.0,0.0,0.0
R03,training,20,28,0,0.0,0.0,0.0,0.0
R03,training,20,29,0,0.0,0.0,0.0,0.0
R03,training,20,30,0,0.0,0.0,0.0,0.0
R03,training,20,31,0,0.0,0.0,0.0,0.0
R03,training,20,32,0,0.0,0.0,0.0,0.0
R03,training,20,33,0,0.0,0.0,0.0,0.0
R03,training,20,34,0,0.0,0.0,0.0,0.0
R03,training,20,35,0,0.0,0.0,0.0,0.0
R03,training,20,36,0,0.0,0.0,0.0,0.0
R03,training,20,37,0,0.0,0.0,0.0,0.0
R03,training,20,38,0,0.0,0.0,0.0,0.0
R03,training,20,39,0,0.0,0.0,0.0,0.0
R03,training,20,40,0,0.0,0.0,0.0,0.0
R03,training,20,41,0,0.0,0.0,0.0,0.0
R03,training,20,42,0,0.0,0.0,0.0,0.0
R03,training,20,43,0,0.0,0.0,0.0,0.0
R03,training,20,44,0,0.0,0.0,0.0,0.0
R03,training,20,45,0,0.0,0.0,0.0,0.0
R03,training,20,46,0,0.0,0.0,0.0,0.0
R03,training,20,47,0,0.0,0.0,0.0,0.0
R03,training,20,48,0,0.0,0.0,0.0,0.0
R03,training,20,49,0,0.0,0.0,0.0,0.0
R03,training,20,50,0,0.0,0.0,0.0,0.0
R03,training,20,51,0,0.0,0.0,0.0,0.0
R03,training,20,52,0,0.0,0.0,0.0,0.0
R03,training,20,53,0,0.0,0.0,0.0,0.0
R03,training,20,54,0,0.0,0.0,0.0,0.0
R03,training,20,55,0,0.0,0.0,0.0,0.0
R03,training,20,56,0,0.0,0.0,0.0,0.0
R03,training,20,57,0,0.0,0.0,0.0,0.0
R03,training,20,58,0,0.0,0.0,0.0,0.0
R03,training,20,59,0,0.0,0.0,0.0,0.0
R03,training,20,60,0,0.0,0.0,0.0,0.0
R03,training,20,61,0,0.0,0.0,0.0,0.0
R03,training,20,62,0,0.0,0.0,0.0,0.0
R03,training,20,63,0,0.0,0.0,0.0,0.0
R03,training,20,64,0,0.0,0.0,0.0,0.0
R03,training,20,65,0,0.0,0.0,0.0,0.0
R03,training,20,66,0,0.0,0.0,0.0,0.0
R03,training,20,67,0,0.0,0.0,0.0,0.0
R03,training,20,68,0,0.0,0.0,0.0,0.0
R03,training,20,69,0,0.0,0.0,0.0,0.0
R03,training,20,70,0,0.0,0.0,0.0,0.0
R03,training,20,71,0,0.0,0.0,0.0,0.0
R03,training,20,72,0,0.0,0.0,0.0,0.0
R03,training,20,73,0,0.0,0.0,0.0,0.0
R03,training,20,74,0,0.0,0.0,0.0,0.0
R03,training,20,75,0,0.0,0.0,0.0,0.0
R03,training,20,76,0,0.0,0.0,0.0,0.0
R03,training,20,77,0,0.0,0.0,0.0,0.0
R03,training,20,78,0,0.0,0.0,0.0,0.0
R03,training,20,79,0,0.0,0.0,0.0,0.0
R03,training,20,80,0,0.0,0.0,0.0,0.0
R03,training,20,81,0,0.0,0.0,0.0,0.0
R03,training,20,82,0,0.0,0.0,0.0,0.0
R03,training,20,83,0,0.0,0.0,0.0,0.0
R03,training,20,84,0,0.0,0.0,0.0,0.0
R03,training,20,85,0,0.0,0.0,0.0,0.0
R03,training,20,86,0,0.0,0.0,0.0,0.0
R03,training,20,87,0,0.0,0.0,0.0,0.0
R03,training,20,88,0,0.0,0.0,0.0,0.0
R03,training,20,89,0,0.0,0.0,0.0,0.0
R03,training,20,90,0,0.0,0.0,0.0,0.0
R03,training,20,91,0,0.0,0.0,0.0,0.0
R03,training,20,92,0,0.0,0.0,0.0,0.0
R03,training,20,93,0,0.0,0.0,0.0,0.0
R03,training,20,94,0,0.0,0.0,0.0,0.0
R03,training,20,95,0,0.0,0.0,0.0,0.0
R03,training,20,96,0,0.0,0.0,0.0,0.0
R03,training,20,97,0,0.0,0.0,0.0,0.0
R03,training,20,98,0,0.0,0.0,0.0,0.0
R03,training,20,99,0,0.0,0.0,0.0,0.0
R03,training,20,100,0,0.0,0.0,0.0,0.0
R03,training,20,101,0,0.0,0.0,0.0,0.0
R03,training,20,102,0,0.0,0.0,0.0,0.0
R03,training,20,103,0,0.0,0.0,0.0,0.0
R03,training,20,104,0,0.0,0.0,0.0,0.0
R03,training,20,105,0,0.0,0.0,0.0,0.0
R03,training,20,106,0,0.0,0.0,0.0,0.0
R03,training,20,107,0,0.0,0.0,0.0,0.0
R03,training,20,108,0,0.0,0.0,0.0,0.0
R03,training,20,109,0,0.0,0.0,0.0,0.0
R03,training,20,110,0,0.0,0.0,0.0,0.0
R03,training,20,111,0,0.0,0.0,0.0,0.0
R03,training,20,112,0,0.0,0.0,0.0,0.0
R03,training,20,113,0,0.0,0.0,0.0,0.0
R03,training,20,114,0,0.0,0.0,0.0,0.0
R03,training,20,115,0,0.0,0.0,0.0,0.0
R03,training,20,116,0,0.0,0.0,0.0,0.0
R03,training,20,117,0,0.0,0.0,0.0,0.0
R03,training,20,118,0,0.0,0.0,0.0,0.0
R03,training,20,119,0,0.0,0.0,0.0,0.0
R03,training,20,120,0,0.0,0.0,0.0,0.0
R03,training,20,121,0,0.0,0.0,0.0,0.0
R03,training,20,122,0,0.0,0.0,0.0,0.0
R03,training,20,123,0,0.0,0.0,0.0,0.0
R03,training,20,124,0,0.0,0.0,0.0,0.0
R03,training,20,125,0,0.0,0.0,0.0,0.0
R03,training,20,126,0,0.0,0.0,0.0,0.0
R03,training,20,127,0,0.0,0.0,0.0,0.0
R03,training,20,128,0,0.0,0.0,0.0,0.0
R03,training,20,129,0,0.0,0.0,0.0,0.0
R03,training,20,130,0,0.0,0.0,0.0,0.0
R03,training,20,131,0,0.0,0.0,0.0,0.0
R03,training,20,132,0,0.0,0.0,0.0,0.0
R03,training,20,133,0,0.0,0.0,0.0,0.0
R03,training,20,134,0,0.0,0.0,0.0,0.0
R03,training,20,135,0,0.0,0.0,0.0,0.0
R03,training,20,136,0,0.0,0.0,0.0,0.0
R03,training,20,137,0,0.0,0.0,0.0,0.0
R03,training,20,138,0,0.0,0.0,0.0,0.0
R03,training,20,139,0,0.0,0.0,0.0,0.0
R03,training,20,140,0,0.0,0.0,0.0,0.0
R03,training,20,141,0,0.0,0.0,0.0,0.0
R03,training,20,142,0,0.0,0.0,0.0,0.0
R03,training,20,143,0,0.0,0.0,0.0,0.0
R03,training,20,144,0,0.0,0.0,0.0,0.0
R03,training,20,145,0,0.0,0.0,0.0,0.0
R03,training,20,146,0,0.0,0.0,0.0,0.0
R03,training,20,147,0,0.0,0.0,0.0,0.0
R03,training,20,148,0,0.0,0.0,0.0,0.0
R03,training,20,149,0,0.0,0.0,0.0,0.0
R03,training,20,150,0,0.0,0.0,0.0,0.0
R03,training,20,151,0,0.0,0.0,0.0,0.0
R03,training,20,152,0,0.0,0.0,0.0,0.0
R03,training,20,153,0,0.0,0.0,0.0,0.0
R03,training,20,154,0,0.0,0.0,0.0,0.0
R03,training,20,155,0,0.0,0.0,0.0,0.0
R03,training,20,156,0,0.0,0.0,0.0,0.0
R03,training,20,157,0,0.0,0.0,0.0,0.0
R03,training,20,158,0,0.0,0.0,0.0,0.0
R03,training,20,159,0,0.0,0.0,0.0,0.0
R03,training,20,160,0,0.0,0.0,0.0,0.0
R03,training,20,161,0,0.0,0.0,0.0,0.0
R03,training,20,162,0,0.0,0.0,0.0,0.0
R03,training,20,163,0,0.0,0.0,0.0,0.0
R03,training,20,164,0,0.0,0.0,0.0,0.0
R03,training,20,165,0,0.0,0.0,0.0,0.0
R03,training,20,166,0,0.0,0.0,0.0,0.0
R03,training,20,167,0,0.0,0.0,0.0,0.0
R03,training,20,168,0,0.0,0.0,0.0,0.0
R03,training,20,169,0,0.0,0.0,0.0,0.0
R03,training,20,170,0,0.0,0.0,0.0,0.0
R03,training,20,171,0,0.0,0.0,0.0,0.0
R03,training,20,172,0,0.0,0.0,0.0,0.0
R03,training,20,173,0,0.0,0.0,0.0,0.0
R03,training,20,174,0,0.0,0.0,0.0,0.0
R03,training,20,175,0,0.0,0.0,0.0,0.0
R03,training,20,176,0,0.0,0.0,0.0,0.0
R03,training,20,177,0,0.0,0.0,0.0,0.0
R03,training,20,178,0,0.0,0.0,0.0,0.0
R03,training,20,179,0,0.0,0.0,0.0,0.0
R03,training,20,180,0,0.0,0.0,0.0,0.0
R03,training,20,181,0,0.0,0.0,0.0,0.0
R03,training,20,182,0,0.0,0.0,0.0,0.0
R03,training,20,183,0,0.0,0.0,0.0,0.0
R03,training,20,184,0,0.0,0.0,0.0,0.0
R03,training,20,185,0,0.0,0.0,0.0,0.0
R03,training,20,186,0,0.0,0.0,0.0,0.0
R03,training,20,187,0,0.0,0.0,0.0,0.0
R03,training,20,188,0,0.0,0.0,0.0,0.0
R03,training,20,189,0,0.0,0.0,0.0,0.0
R03,training,20,190,0,0.0,0.0,0.0,0.0
R03,training,20,191,0,0.0,0.0,0.0,0.0
R03,training,20,192,0,0.0,0.0,0.0,0.0
R03,training,20,193,0,0.0,0.0,0.0,0.0
R03,training,20,194,0,0.0,0.0,0.0,0.0
R03,training,20,195,0,0.0,0.0,0.0,0.0
R03,training,20,196,0,0.0,0.0,0.0,0.0
R03,training,20,197,0,0.0,0.0,0.0,0.0
R03,training,20,198,0,0.0,0.0,0.0,0.0
R03,training,20,199,0,0.0,0.0,0.0,0.0
R03,training,20,200,0,0.0,0.0,0.0,0.0
R03,training,20,201,0,0.0,0.0,0.0,0.0
R03,training,20,202,0,0.0,0.0,0.0,0.0
R03,training,20,203,0,0.0,0.0,0.0,0.0
R03,training,20,204,0,0.0,0.0,0.0,0.0
R03,training,20,205,0,0.0,0.0,0.0,0.0
R03,training,20,206,0,0.0,0.0,0.0,0.0
R03,training,20,207,0,0.0,0.0,0.0,0.0
R03,training,20,208,0,0.0,0.0,0.0,0.0
R03,training,20,209,0,0.0,0.0,0.0,0.0
R03,training,20,210,0,0.0,0.0,0.0,0.0
R03,training,20,211,0,0.0,0.0,0.0,0.0
R03,training,20,212,0,0.0,0.0,0.0,0.0
R03,training,20,213,0,0.0,0.0,0.0,0.0
R03,training,20,214,0,0.0,0.0,0.0,0.0
R03,training,20,215,0,0.0,0.0,0.0,0.0
R03,training,20,216,0,0.0,0.0,0.0,0.0
R03,training,20,217,0,0.0,0.0,0.0,0.0
R03,training,20,218,0,0.0,0.0,0.0,0.0
R03,training,20,219,0,0.0,0.0,0.0,0.0
R03,training,20,220,0,0.0,0.0,0.0,0.0
R03,training,20,221,0,0.0,0.0,0.0,0.0
R03,training,20,222,0,0.0,0.0,0.0,0.0
R03,training,20,223,0,0.0,0.0,0.0,0.0
R03,training,20,224,0,0.0,0.0,0.0,0.0
R03,training,20,225,0,0.0,0.0,0.0,0.0
R03,training,20,226,0,0.0,0.0,0.0,0.0
R03,training,20,227,0,0.0,0.0,0.0,0.0
R03,training,20,228,0,0.0,0.0,0.0,0.0
R03,training,20,229,0,0.0,0.0,0.0,0.0
R03,training,20,230,0,0.0,0.0,0.0,0.0
R03,training,20,231,0,0.0,0.0,0.0,0.0
R03,training,20,232,0,0.0,0.0,0.0,0.0
R03,training,20,233,0,0.0,0.0,0.0,0.0
R03,training,20,234,0,0.0,0.0,0.0,0.0
R03,training,20,235,0,0.0,0.0,0.0,0.0
R03,training,20,236,0,0.0,0.0,0.0,0.0
R03,training,20,237,0,0.0,0.0,0.0,0.0
R03,training,20,238,0,0.0,0.0,0.0,0.0
R03,training,20,239,0,0.0,0.0,0.0,0.0
R03,training,20,240,0,0.0,0.0,0.0,0.0
R03,training,20,241,0,0.0,0.0,0.0,0.0
R03,training,20,242,0,0.0,0.0,0.0,0.0
R03,training,20,243,0,0.0,0.0,0.0,0.0
R03,training,20,244,0,0.0,0.0,0.0,0.0
R03,training,20,245,0,0.0,0.0,0.0,0.0
R03,training,20,246,0,0.0,0.0,0.0,0.0
R03,training,20,247,0,0.0,0.0,0.0,0.0
R03,training,20,248,0,0.0,0.0,0.0,0.0
R03,training,20,249,0,0.0,0.0,0.0,0.0
R03,training,20,250,0,0.0,0.0,0.0,0.0
R03,training,20,251,0,0.0,0.0,0.0,0.0
R03,training,20,252,0,0.0,0.0,0.0,0.0
R03,training,20,253,0,0.0,0.0,0.0,0.0
R03,training,20,254,0,0.0,0.0,0.0,0.0
R03,training,20,255,0,0.0,0.0,0.0,0.0
R03,training,20,256,0,0.0,0.0,0.0,0.0
R03,training,20,257,0,0.0,0.0,0.0,0.0
R03,training,20,258,0,0.0,0.0,0.0,0.0
R03,training,20,259,0,0.0,0.0,0.0,0.0
R03,training,20,260,0,0.0,0.0,0.0,0.0
R03,training,20,261,0,0.0,0.0,0.0,0.0
R03,training,20,262,0,0.0,0.0,0.0,0.0
R03,training,20,263,0,0.0,0.0,0.0,0.0
R03,training,20,264,0,0.0,0.0,0.0,0.0
R03,training,20,265,0,0.0,0.0,0.0,0.0
R03,training,20,266,0,0.0,0.0,0.0,0.0
R03,training,20,267,0,0.0,0.0,0.0,0.0
R03,training,20,268,0,0.0,0.0,0.0,0.0
R03,training,20,269,0,0.0,0.0,0.0,0.0
R03,training,20,270,0,0.0,0.0,0.0,0.0
R03,training,20,271,0,0.0,0.0,0.0,0.0
R03,training,20,272,0,0.0,0.0,0.0,0.0
R03,training,20,273,0,0.0,0.0,0.0,0.0
R03,training,20,274,0,0.0,0.0,0.0,0.0
R03,training,20,275,0,0.0,0.0,0.0,0.0
R03,training,20,276,0,0.0,0.0,0.0,0.0
R03,training,20,277,0,0.0,0.0,0.0,0.0
R03,training,20,278,0,0.0,0.0,0.0,0.0
R03,training,20,279,0,0.0,0.0,0.0,0.0
R03,training,20,280,0,0.0,0.0,0.0,0.0
R03,training,20,281,0,0.0,0.0,0.0,0.0
R03,training,20,282,0,0.0,0.0,0.0,0.0
R03,training,20,283,0,0.0,0.0,0.0,0.0
R03,training,20,284,0,0.0,0.0,0.0,0.0
R03,training,20,285,0,0.0,0.0,0.0,0.0
R03,training,20,286,0,0.0,0.0,0.0,0.0
R03,training,20,287,0,0.0,0.0,0.0,0.0
R03,training,20,288,0,0.0,0.0,0.0,0.0
R03,training,20,289,0,0.0,0.0,0.0,0.0
R03,training,20,290,0,0.0,0.0,0.0,0.0
R03,training,20,291,0,0.0,0.0,0.0,0.0
R03,training,20,292,0,0.0,0.0,0.0,0.0
R03,training,20,293,0,0.0,0.0,0.0,0.0
R03,training,20,294,0,0.0,0.0,0.0,0.0
R03,training,20,295,0,0.0,0.0,0.0,0.0
R03,training,20,296,0,0.0,0.0,0.0,0.0
R03,training,20,297,0,0.0,0.0,0.0,0.0
R03,training,20,298,0,0.0,0.0,0.0,0.0
R03,training,20,299,0,0.0,0.0,0.0,0.0
R03,training,20,300,0,0.0,0.0,0.0,0.0
R03,training,20,301,0,0.0,0.0,0.0,0.0
R03,training,20,302,0,0.0,0.0,0.0,0.0
R03,training,20,303,0,0.0,0.0,0.0,0.0
R03,training,20,304,0,0.0,0.0,0.0,0.0
R03,training,20,305,0,0.0,0.0,0.0,0.0
R03,training,20,306,0,0.0,0.0,0.0,0.0
R03,training,20,307,0,0.0,0.0,0.0,0.0
R03,training,20,308,0,0.0,0.0,0.0,0.0
R03,training,20,309,0,0.0,0.0,0.0,0.0
R03,training,20,310,0,0.0,0.0,0.0,0.0
R03,training,20,311,0,0.0,0.0,0.0,0.0
R03,training,20,312,0,0.0,0.0,0.0,0.0
R03,training,20,313,0,0.0,0.0,0.0,0.0
R03,training,20,314,0,0.0,0.0,0.0,0.0
R03,training,20,315,0,0.0,0.0,0.0,0.0
R03,training,20,316,0,0.0,0.0,0.0,0.0
R03,training,20,317,0,0.0,0.0,0.0,0.0
R03,training,20,318,0,0.0,0.0,0.0,0.0
R03,training,20,319,0,0.0,0.0,0.0,0.0
R03,training,20,320,0,0.0,0.0,0.0,0.0
R03,training,20,321,0,0.0,0.0,0.0,0.0
R03,training,20,322,0,0.0,0.0,0.0,0.0
R03,training,20,323,0,0.0,0.0,0.0,0.0
R03,training,20,324,0,0.0,0.0,0.0,0.0
R03,training,20,325,0,0.0,0.0,0.0,0.0
R03,training,20,326,0,0.0,0.0,0.0,0.0
R03,training,20,327,0,0.0,0.0,0.0,0.0
R03,training,20,328,0,0.0,0.0,0.0,0.0
R03,training,20,329,0,0.0,0.0,0.0,0.0
R03,training,20,330,0,0.0,0.0,0.0,0.0
R03,training,20,331,0,0.0,0.0,0.0,0.0
R03,training,20,332,0,0.0,0.0,0.0,0.0
R03,training,20,333,0,0.0,0.0,0.0,0.0
R03,training,20,334,0,0.0,0.0,0.0,0.0
R03,training,20,335,0,0.0,0.0,0.0,0.0
R03,training,20,336,0,0.0,0.0,0.0,0.0
R03,training,20,337,0,0.0,0.0,0.0,0.0
R03,training,20,338,0,0.0,0.0,0.0,0.0
R03,training,20,339,0,0.0,0.0,0.0,0.0
R03,training,20,340,0,0.0,0.0,0.0,0.0
R03,training,20,341,0,0.0,0.0,0.0,0.0
R03,training,20,342,0,0.0,0.0,0.0,0.0
R03,training,20,343,0,0.0,0.0,0.0,0.0
R03,training,20,344,0,0.0,0.0,0.0,0.0
R03,training,20,345,0,0.0,0.0,0.0,0.0
R03,training,20,346,0,0.0,0.0,0.0,0.0
R03,training,20,347,0,0.0,0.0,0.0,0.0
R03,training,20,348,0,0.0,0.0,0.0,0.0
R03,training,20,349,0,0.0,0.0,0.0,0.0
R03,training,20,350,0,0.0,0.0,0.0,0.0
R03,training,20,351,0,0.0,0.0,0.0,0.0
R03,training,20,352,0,0.0,0.0,0.0,0.0
R03,training,20,353,0,0.0,0.0,0.0,0.0
R03,training,20,354,0,0.0,0.0,0.0,0.0
R03,training,20,355,0,0.0,0.0,0.0,0.0
R03,training,20,356,0,0.0,0.0,0.0,0.0
R03,training,20,357,0,0.0,0.0,0.0,0.0
R03,training,20,358,0,0.0,0.0,0.0,0.0
R03,training,20,359,0,0.0,0.0,0.0,0.0
R03,training,20,360,0,0.0,0.0,0.0,0.0
R03,training,20,361,0,0.0,0.0,0.0,0.0
R03,training,20,362,0,0.0,0.0,0.0,0.0
R03,training,20,363,0,0.0,0.0,0.0,0.0
R03,training,20,364,0,0.0,0.0,0.0,0.0
R03,training,20,365,0,0.0,0.0,0.0,0.0
R03,training,20,366,0,0.0,0.0,0.0,0.0
R03,training,20,367,0,0.0,0.0,0.0,0.0
R03,training,20,368,0,0.0,0.0,0.0,0.0
R03,training,20,369,0,0.0,0.0,0.0,0.0
R03,training,20,370,0,0.0,0.0,0.0,0.0
R03,training,20,371,0,0.0,0.0,0.0,0.0
R03,training,20,372,0,0.0,0.0,0.0,0.0
R03,training,20,373,0,0.0,0.0,0.0,0.0
R03,training,20,374,0,0.0,0.0,0.0,0.0
R03,training,20,375,0,0.0,0.0,0.0,0.0
R03,training,20,376,0,0.0,0.0,0.0,0.0
R03,training,20,377,0,0.0,0.0,0.0,0.0
R03,training,20,378,0,0.0,0.0,0.0,0.0
R03,training,20,379,0,0.0,0.0,0.0,0.0
R03,training,20,380,0,0.0,0.0,0.0,0.0
R03,training,20,381,0,0.0,0.0,0.0,0.0
R03,training,20,382,0,0.0,0.0,0.0,0.0
R03,training,20,383,0,0.0,0.0,0.0,0.0
R03,training,20,384,0,0.0,0.0,0.0,0.0
R03,training,20,385,0,0.0,0.0,0.0,0.0
R03,training,20,386,0,0.0,0.0,0.0,0.0
R03,training,20,387,0,0.0,0.0,0.0,0.0
R03,training,20,388,0,0.0,0.0,0.0,0.0
R03,training,20,389,0,0.0,0.0,0.0,0.0
R03,training,20,390,0,0.0,0.0,0.0,0.0
R03,training,20,391,0,0.0,0.0,0.0,0.0
R03,training,20,392,0,0.0,0.0,0.0,0.0
R03,training,20,393,0,0.0,0.0,0.0,0.0
R03,training,20,394,0,0.0,0.0,0.0,0.0
R03,training,20,395,0,0.0,0.0,0.0,0.0
R03,training,20,396,0,0.0,0.0,0.0,0.0
R03,training,20,397,0,0.0,0.0,0.0,0.0
R03,training,20,398,0,0.0,0.0,0.0,0.0
R03,training,20,399,0,0.0,0.0,0.0,0.0
R03,training,20,400,0,0.0,0.0,0.0,0.0
R03,training,20,401,0,0.0,0.0,0.0,0.0
R03,training,20,402,0,0.0,0.0,0.0,0.0
R03,training,20,403,0,0.0,0.0,0.0,0.0
R03,training,20,404,0,0.0,0.0,0.0,0.0
R03,training,20,405,0,0.0,0.0,0.0,0.0
R03,training,20,406,0,0.0,0.0,0.0,0.0
R03,training,20,407,0,0.0,0.0,0.0,0.0
R03,training,20,408,0,0.0,0.0,0.0,0.0
R03,training,20,409,0,0.0,0.0,0.0,0.0
R03,training,20,410,0,0.0,0.0,0.0,0.0
R03,training,20,411,0,0.0,0.0,0.0,0.0
R03,training,20,412,0,0.0,0.0,0.0,0.0
R03,training,20,413,0,0.0,0.0,0.0,0.0
R03,training,20,414,0,0.0,0.0,0.0,0.0
R03,training,20,415,0,0.0,0.0,0.0,0.0
R03,training,20,416,0,0.0,0.0,0.0,0.0
R03,training,20,417,0,0.0,0.0,0.0,0.0
R03,training,20,418,0,0.0,0.0,0.0,0.0
R03,training,20,419,0,0.0,0.0,0.0,0.0
R03,training,20,420,0,0.0,0.0,0.0,0.0
R03,training,20,421,0,0.0,0.0,0.0,0.0
R03,training,20,422,0,0.0,0.0,0.0,0.0
R03,training,20,423,0,0.0,0.0,0.0,0.0
R03,training,20,424,0,0.0,0.0,0.0,0.0
R03,training,20,425,0,0.0,0.0,0.0,0.0
R03,training,20,426,0,0.0,0.0,0.0,0.0
R03,training,20,427,0,0.0,0.0,0.0,0.0
R03,training,20,428,0,0.0,0.0,0.0,0.0
R03,training,20,429,0,0.0,0.0,0.0,0.0
R03,training,20,430,0,0.0,0.0,0.0,0.0
R03,training,20,431,0,0.0,0.0,0.0,0.0
R03,training,20,432,0,0.0,0.0,0.0,0.0
R03,training,20,433,0,0.0,0.0,0.0,0.0
R03,training,20,434,0,0.0,0.0,0.0,0.0
R03,training,20,435,0,0.0,0.0,0.0,0.0
R03,training,20,436,0,0.0,0.0,0.0,0.0
R03,training,20,437,0,0.0,0.0,0.0,0.0
R03,training,20,438,0,0.0,0.0,0.0,0.0
R03,training,20,439,0,0.0,0.0,0.0,0.0
R03,training,20,440,0,0.0,0.0,0.0,0.0
R03,training,20,441,0,0.0,0.0,0.0,0.0
R03,training,20,442,0,0.0,0.0,0.0,0.0
R03,training,20,443,0,0.0,0.0,0.0,0.0
R03,training,20,444,0,0.0,0.0,0.0,0.0
R03,training,20,445,0,0.0,0.0,0.0,0.0
R03,training,20,446,0,0.0,0.0,0.0,0.0
R03,training,20,447,0,0.0,0.0,0.0,0.0
R03,training,20,448,0,0.0,0.0,0.0,0.0
R03,training,20,449,0,0.0,0.0,0.0,0.0
R03,training,20,450,0,0.0,0.0,0.0,0.0
R03,training,20,451,0,0.0,0.0,0.0,0.0
R03,training,20,452,0,0.0,0.0,0.0,0.0
R03,training,20,453,0,0.0,0.0,0.0,0.0
R03,training,20,454,0,0.0,0.0,0.0,0.0
R03,training,20,455,0,0.0,0.0,0.0,0.0
R03,training,20,456,0,0.0,0.0,0.0,0.0
R03,training,20,457,0,0.0,0.0,0.0,0.0
R03,training,20,458,0,0.0,0.0,0.0,0.0
R03,training,20,459,0,0.0,0.0,0.0,0.0
R03,training,20,460,0,0.0,0.0,0.0,0.0
R03,training,20,461,0,0.0,0.0,0.0,0.0
R03,training,20,462,0,0.0,0.0,0.0,0.0
R03,training,20,463,0,0.0,0.0,0.0,0.0
R03,training,20,464,0,0.0,0.0,0.0,0.0
R03,training,20,465,0,0.0,0.0,0.0,0.0
R03,training,20,466,0,0.0,0.0,0.0,0.0
R03,training,20,467,0,0.0,0.0,0.0,0.0
R03,training,20,468,0,0.0,0.0,0.0,0.0
R03,training,20,469,0,0.0,0.0,0.0,0.0
R03,training,20,470,0,0.0,0.0,0.0,0.0
R03,training,20,471,0,0.0,0.0,0.0,0.0
R03,training,20,472,0,0.0,0.0,0.0,0.0
R03,training,20,473,0,0.0,0.0,0.0,0.0
R03,training,20,474,0,0.0,0.0,0.0,0.0
R03,training,20,475,0,0.0,0.0,0.0,0.0
R03,training,20,476,0,0.0,0.0,0.0,0.0
R03,training,20,477,0,0.0,0.0,0.0,0.0
R03,training,20,478,0,0.0,0.0,0.0,0.0
R03,training,20,479,0,0.0,0.0,0.0,0.0
R03,training,20,480,0,0.0,0.0,0.0,0.0
R03,training,20,481,0,0.0,0.0,0.0,0.0
R03,training,20,482,0,0.0,0.0,0.0,0.0
R03,training,20,483,0,0.0,0.0,0.0,0.0
R03,training,20,484,0,0.0,0.0,0.0,0.0
R03,training,20,485,0,0.0,0.0,0.0,0.0
R03,training,20,486,0,0.0,0.0,0.0,0.0
R03,training,20,487,0,0.0,0.0,0.0,0.0
R03,training,20,488,0,0.0,0.0,0.0,0.0
R03,training,20,489,0,0.0,0.0,0.0,0.0
R03,training,20,490,0,0.0,0.0,0.0,0.0
R03,training,20,491,0,0.0,0.0,0.0,0.0
R03,training,20,492,0,0.0,0.0,0.0,0.0
R03,training,20,493,0,0.0,0.0,0.0,0.0
R03,training,20,494,0,0.0,0.0,0.0,0.0
R03,training,20,495,0,0.0,0.0,0.0,0.0
R03,training,20,496,0,0.0,0.0,0.0,0.0
R03,training,20,497,0,0.0,0.0,0.0,0.0
R03,training,20,498,0,0.0,0.0,0.0,0.0
R03,training,20,499,0,0.0,0.0,0.0,0.0
R03,training,20,500,0,0.0,0.0,0.0,0.0
R03,training,20,501,0,0.0,0.0,0.0,0.0
R03,training,20,502,0,0.0,0.0,0.0,0.0
R03,training,20,503,0,0.0,0.0,0.0,0.0
R03,training,20,504,0,0.0,0.0,0.0,0.0
R03,training,20,505,0,0.0,0.0,0.0,0.0
R03,training,20,506,0,0.0,0.0,0.0,0.0
R03,training,20,507,0,0.0,0.0,0.0,0.0
R03,training,20,508,0,0.0,0.0,0.0,0.0
R03,training,20,509,0,0.0,0.0,0.0,0.0
R03,training,20,510,0,0.0,0.0,0.0,0.0
R03,training,20,511,0,0.0,0.0,0.0,0.0
R03,training,20,512,0,0.0,0.0,0.0,0.0
R03,training,20,513,0,0.0,0.0,0.0,0.0
R03,training,20,514,0,0.0,0.0,0.0,0.0
R03,training,20,515,0,0.0,0.0,0.0,0.0
R03,training,20,516,0,0.0,0.0,0.0,0.0
R03,training,20,517,0,0.0,0.0,0.0,0.0
R03,training,20,518,0,0.0,0.0,0.0,0.0
R03,training,20,519,0,0.0,0.0,0.0,0.0
R03,training,20,520,0,0.0,0.0,0.0,0.0
R03,training,20,521,0,0.0,0.0,0.0,0.0
R03,training,20,522,0,0.0,0.0,0.0,0.0
R03,training,20,523,0,0.0,0.0,0.0,0.0
R03,training,20,524,0,0.0,0.0,0.0,0.0
R03,training,20,525,0,0.0,0.0,0.0,0.0
R03,training,20,526,0,0.0,0.0,0.0,0.0
R03,training,20,527,0,0.0,0.0,0.0,0.0
R03,training,20,528,0,0.0,0.0,0.0,0.0
R03,training,20,529,0,0.0,0.0,0.0,0.0
R03,training,20,530,0,0.0,0.0,0.0,0.0
R03,training,20,531,0,0.0,0.0,0.0,0.0
R03,training,20,532,0,0.0,0.0,0.0,0.0
R03,training,20,533,0,0.0,0.0,0.0,0.0
R03,training,20,534,0,0.0,0.0,0.0,0.0
R03,training,20,535,0,0.0,0.0,0.0,0.0
R03,training,20,536,0,0.0,0.0,0.0,0.0
R03,training,20,537,0,0.0,0.0,0.0,0.0
R03,training,20,538,0,0.0,0.0,0.0,0.0
R03,training,20,539,0,0.0,0.0,0.0,0.0
R03,training,20,540,0,0.0,0.0,0.0,0.0
R03,training,20,541,0,0.0,0.0,0.0,0.0
R03,training,20,542,0,0.0,0.0,0.0,0.0
R03,training,20,543,0,0.0,0.0,0.0,0.0
R03,training,20,544,0,0.0,0.0,0.0,0.0
R03,training,20,545,0,0.0,0.0,0.0,0.0
R03,training,20,546,0,0.0,0.0,0.0,0.0
R03,training,20,547,0,0.0,0.0,0.0,0.0
R03,training,20,548,0,0.0,0.0,0.0,0.0
R03,training,20,549,0,0.0,0.0,0.0,0.0
R03,training,20,550,0,0.0,0.0,0.0,0.0
R03,training,20,551,0,0.0,0.0,0.0,0.0
R03,training,20,552,0,0.0,0.0,0.0,0.0
R03,training,20,553,0,0.0,0.0,0.0,0.0
R03,training,20,554,0,0.0,0.0,0.0,0.0
R03,training,20,555,0,0.0,0.0,0.0,0.0
R03,training,20,556,0,0.0,0.0,0.0,0.0
R03,training,20,557,0,0.0,0.0,0.0,0.0
R03,training,20,558,0,0.0,0.0,0.0,0.0
R03,training,20,559,0,0.0,0.0,0.0,0.0
R03,training,20,560,0,0.0,0.0,0.0,0.0
R03,training,20,561,0,0.0,0.0,0.0,0.0
R03,training,20,562,0,0.0,0.0,0.0,0.0
R03,training,20,563,0,0.0,0.0,0.0,0.0
R03,training,20,564,0,0.0,0.0,0.0,0.0
R03,training,20,565,0,0.0,0.0,0.0,0.0
R03,training,20,566,0,0.0,0.0,0.0,0.0
R03,training,20,567,0,0.0,0.0,0.0,0.0
R03,training,20,568,0,0.0,0.0,0.0,0.0
R03,training,20,569,0,0.0,0.0,0.0,0.0
R03,training,20,570,0,0.0,0.0,0.0,0.0
R03,training,20,571,0,0.0,0.0,0.0,0.0
R03,training,20,572,0,0.0,0.0,0.0,0.0
R03,training,20,573,0,0.0,0.0,0.0,0.0
R03,training,20,574,0,0.0,0.0,0.0,0.0
R03,training,20,575,0,0.0,0.0,0.0,0.0
R03,training,20,576,0,0.0,0.0,0.0,0.0
R03,training,20,577,0,0.0,0.0,0.0,0.0
R03,training,20,578,0,0.0,0.0,0.0,0.0
R03,training,20,579,0,0.0,0.0,0.0,0.0
R03,training,20,580,0,0.0,0.0,0.0,0.0
R03,training,20,581,0,0.0,0.0,0.0,0.0
R03,training,20,582,0,0.0,0.0,0.0,0.0
R03,training,20,583,0,0.0,0.0,0.0,0.0
R03,training,20,584,0,0.0,0.0,0.0,0.0
R03,training,20,585,0,0.0,0.0,0.0,0.0
R03,training,20,586,0,0.0,0.0,0.0,0.0
R03,training,20,587,0,0.0,0.0,0.0,0.0
R03,training,20,588,0,0.0,0.0,0.0,0.0
R03,training,20,589,0,0.0,0.0,0.0,0.0
R03,training,20,590,0,0.0,0.0,0.0,0.0
R03,training,20,591,0,0.0,0.0,0.0,0.0
R03,training,20,592,0,0.0,0.0,0.0,0.0
R03,training,20,593,0,0.0,0.0,0.0,0.0
R03,training,20,594,0,0.0,0.0,0.0,0.0
R03,training,20,595,0,0.0,0.0,0.0,0.0
R03,training,20,596,0,0.0,0.0,0.0,0.0
R03,training,20,597,0,0.0,0.0,0.0,0.0
R03,training,20,598,0,0.0,0.0,0.0,0.0
R03,training,20,599,0,0.0,0.0,0.0,0.0
R03,training,20,600,0,0.0,0.0,0.0,0.0
R03,training,20,601,0,0.0,0.0,0.0,0.0
R03,training,20,602,0,0.0,0.0,0.0,0.0
R03,training,20,603,0,0.0,0.0,0.0,0.0
R03,training,20,604,0,0.0,0.0,0.0,0.0
R03,training,20,605,0,0.0,0.0,0.0,0.0
R03,training,20,606,0,0.0,0.0,0.0,0.0
R03,training,20,607,0,0.0,0.0,0.0,0.0
R03,training,20,608,0,0.0,0.0,0.0,0.0
R03,training,20,609,0,0.0,0.0,0.0,0.0
R03,training,20,610,0,0.0,0.0,0.0,0.0
R03,training,20,611,0,0.0,0.0,0.0,0.0
R03,training,20,612,0,0.0,0.0,0.0,0.0
R03,training,20,613,0,0.0,0.0,0.0,0.0
R03,training,20,614,0,0.0,0.0,0.0,0.0
R03,training,20,615,0,0.0,0.0,0.0,0.0
R03,training,20,616,0,0.0,0.0,0.0,0.0
R03,training,20,617,0,0.0,0.0,0.0,0.0
R03,training,20,618,0,0.0,0.0,0.0,0.0
R03,training,20,619,0,0.0,0.0,0.0,0.0
R03,training,20,620,0,0.0,0.0,0.0,0.0
R03,training,20,621,0,0.0,0.0,0.0,0.0
R03,training,20,622,0,0.0,0.0,0.0,0.0
R03,training,20,623,0,0.0,0.0,0.0,0.0
R03,training,20,624,0,0.0,0.0,0.0,0.0
R03,training,20,625,0,0.0,0.0,0.0,0.0
R03,training,20,626,0,0.0,0.0,0.0,0.0
R03,training,20,627,0,0.0,0.0,0.0,0.0
R03,training,20,628,0,0.0,0.0,0.0,0.0
R03,training,20,629,0,0.0,0.0,0.0,0.0
R03,training,20,630,0,0.0,0.0,0.0,0.0
R03,training,20,631,0,0.0,0.0,0.0,0.0
R03,training,20,632,0,0.0,0.0,0.0,0.0
R03,training,20,633,0,0.0,0.0,0.0,0.0
R03,training,20,634,0,0.0,0.0,0.0,0.0
R03,training,20,635,0,0.0,0.0,0.0,0.0
R03,training,20,636,0,0.0,0.0,0.0,0.0
R03,training,20,637,0,0.0,0.0,0.0,0.0
R03,training,20,638,0,0.0,0.0,0.0,0.0
R03,training,20,639,0,0.0,0.0,0.0,0.0
R03,training,20,640,0,0.0,0.0,0.0,0.0
R03,training,20,641,0,0.0,0.0,0.0,0.0
R03,training,20,642,0,0.0,0.0,0.0,0.0
R03,training,20,643,0,0.0,0.0,0.0,0.0
R03,training,20,644,0,0.0,0.0,0.0,0.0
R03,training,20,645,0,0.0,0.0,0.0,0.0
R03,training,20,646,0,0.0,0.0,0.0,0.0
R03,training,20,647,0,0.0,0.0,0.0,0.0
R03,training,20,648,0,0.0,0.0,0.0,0.0
R03,training,20,649,0,0.0,0.0,0.0,0.0
R03,training,20,650,0,0.0,0.0,0.0,0.0
R03,training,20,651,0,0.0,0.0,0.0,0.0
R03,training,20,652,0,0.0,0.0,0.0,0.0
R03,training,20,653,0,0.0,0.0,0.0,0.0
R03,training,20,654,0,0.0,0.0,0.0,0.0
R03,training,20,655,0,0.0,0.0,0.0,0.0
R03,training,20,656,0,0.0,0.0,0.0,0.0
R03,training,20,657,0,0.0,0.0,0.0,0.0
R03,training,20,658,0,0.0,0.0,0.0,0.0
R03,training,20,659,0,0.0,0.0,0.0,0.0
R03,training,20,660,0,0.0,0.0,0.0,0.0
R03,training,20,661,0,0.0,0.0,0.0,0.0
R03,training,20,662,0,0.0,0.0,0.0,0.0
R03,training,20,663,0,0.0,0.0,0.0,0.0
R03,training,20,664,0,0.0,0.0,0.0,0.0
R03,training,20,665,0,0.0,0.0,0.0,0.0
R03,training,20,666,0,0.0,0.0,0.0,0.0
R03,training,20,667,0,0.0,0.0,0.0,0.0
R03,training,20,668,0,0.0,0.0,0.0,0.0
R03,training,20,669,0,0.0,0.0,0.0,0.0
R03,training,20,670,0,0.0,0.0,0.0,0.0
R03,training,20,671,0,0.0,0.0,0.0,0.0
R03,training,20,672,0,0.0,0.0,0.0,0.0
R03,training,20,673,0,0.0,0.0,0.0,0.0
R03,training,20,674,0,0.0,0.0,0.0,0.0
R03,training,20,675,0,0.0,0.0,0.0,0.0
R03,training,20,676,0,0.0,0.0,0.0,0.0
R03,training,20,677,0,0.0,0.0,0.0,0.0
R03,training,20,678,0,0.0,0.0,0.0,0.0
R03,training,20,679,0,0.0,0.0,0.0,0.0
R03,training,20,680,0,0.0,0.0,0.0,0.0
R03,training,20,681,0,0.0,0.0,0.0,0.0
R03,training,20,682,0,0.0,0.0,0.0,0.0
R03,training,20,683,0,0.0,0.0,0.0,0.0
R03,training,20,684,0,0.0,0.0,0.0,0.0
R03,training,20,685,0,0.0,0.0,0.0,0.0
R03,training,20,686,0,0.0,0.0,0.0,0.0
R03,training,20,687,0,0.0,0.0,0.0,0.0
R03,training,20,688,0,0.0,0.0,0.0,0.0
R03,training,20,689,0,0.0,0.0,0.0,0.0
R03,training,21,0,0,0.0,0.0,0.0,0.0
R03,training,21,1,0,0.0,0.0,0.0,0.0
R03,training,21,2,0,0.0,0.0,0.0,0.0
R03,training,21,3,0,0.0,0.0,0.0,0.0
R03,training,21,4,0,0.0,0.0,0.0,0.0
R03,training,21,5,0,0.0,0.0,0.0,0.0
R03,training,21,6,0,0.0,0.0,0.0,0.0
R03,training,21,7,0,0.0,0.0,0.0,0.0
R03,training,21,8,0,0.0,0.0,0.0,0.0
R03,training,21,9,0,0.0,0.0,0.0,0.0
R03,training,21,10,0,0.0,0.0,0.0,0.0
R03,training,21,11,0,0.0,0.0,0.0,0.0
R03,training,21,12,0,0.0,0.0,0.0,0.0
R03,training,21,13,0,0.0,0.0,0.0,0.0
R03,training,21,14,0,0.0,0.0,0.0,0.0
R03,training,21,15,0,0.0,0.0,0.0,0.0
R03,training,21,16,0,0.0,0.0,0.0,0.0
R03,training,21,17,0,0.0,0.0,0.0,0.0
R03,training,21,18,0,0.0,0.0,0.0,0.0
R03,training,21,19,0,0.0,0.0,0.0,0.0
R03,training,21,20,0,0.0,0.0,0.0,0.0
R03,training,21,21,0,0.0,0.0,0.0,0.0
R03,training,21,22,0,0.0,0.0,0.0,0.0
R03,training,21,23,0,0.0,0.0,0.0,0.0
R03,training,21,24,0,0.0,0.0,0.0,0.0
R03,training,21,25,0,0.0,0.0,0.0,0.0
R03,training,21,26,0,0.0,0.0,0.0,0.0
R03,training,21,27,0,0.0,0.0,0.0,0.0
R03,training,21,28,0,0.0,0.0,0.0,0.0
R03,training,21,29,0,0.0,0.0,0.0,0.0
R03,training,21,30,0,0.0,0.0,0.0,0.0
R03,training,21,31,0,0.0,0.0,0.0,0.0
R03,training,21,32,0,0.0,0.0,0.0,0.0
R03,training,21,33,0,0.0,0.0,0.0,0.0
R03,training,21,34,0,0.0,0.0,0.0,0.0
R03,training,21,35,0,0.0,0.0,0.0,0.0
R03,training,21,36,0,0.0,0.0,0.0,0.0
R03,training,21,37,0,0.0,0.0,0.0,0.0
R03,training,21,38,0,0.0,0.0,0.0,0.0
R03,training,21,39,0,0.0,0.0,0.0,0.0
R03,training,21,40,0,0.0,0.0,0.0,0.0
R03,training,21,41,0,0.0,0.0,0.0,0.0
R03,training,21,42,0,0.0,0.0,0.0,0.0
R03,training,21,43,0,0.0,0.0,0.0,0.0
R03,training,21,44,0,0.0,0.0,0.0,0.0
R03,training,21,45,0,0.0,0.0,0.0,0.0
R03,training,21,46,0,0.0,0.0,0.0,0.0
R03,training,21,47,0,0.0,0.0,0.0,0.0
R03,training,21,48,0,0.0,0.0,0.0,0.0
R03,training,21,49,0,0.0,0.0,0.0,0.0
R03,training,21,50,0,0.0,0.0,0.0,0.0
R03,training,21,51,0,0.0,0.0,0.0,0.0
R03,training,21,52,0,0.0,0.0,0.0,0.0
R03,training,21,53,0,0.0,0.0,0.0,0.0
R03,training,21,54,0,0.0,0.0,0.0,0.0
R03,training,21,55,0,0.0,0.0,0.0,0.0
R03,training,21,56,0,0.0,0.0,0.0,0.0
R03,training,21,57,0,0.0,0.0,0.0,0.0
R03,training,21,58,0,0.0,0.0,0.0,0.0
R03,training,21,59,0,0.0,0.0,0.0,0.0
R03,training,21,60,0,0.0,0.0,0.0,0.0
R03,training,21,61,0,0.0,0.0,0.0,0.0
R03,training,21,62,0,0.0,0.0,0.0,0.0
R03,training,21,63,0,0.0,0.0,0.0,0.0
R03,training,21,64,0,0.0,0.0,0.0,0.0
R03,training,21,65,0,0.0,0.0,0.0,0.0
R03,training,21,66,0,0.0,0.0,0.0,0.0
R03,training,21,67,0,0.0,0.0,0.0,0.0
R03,training,21,68,0,0.0,0.0,0.0,0.0
R03,training,21,69,0,0.0,0.0,0.0,0.0
R03,training,21,70,0,0.0,0.0,0.0,0.0
R03,training,21,71,0,0.0,0.0,0.0,0.0
R03,training,21,72,0,0.0,0.0,0.0,0.0
R03,training,21,73,0,0.0,0.0,0.0,0.0
R03,training,21,74,0,0.0,0.0,0.0,0.0
R03,training,21,75,0,0.0,0.0,0.0,0.0
R03,training,21,76,0,0.0,0.0,0.0,0.0
R03,training,21,77,0,0.0,0.0,0.0,0.0
R03,training,21,78,0,0.0,0.0,0.0,0.0
R03,training,21,79,0,0.0,0.0,0.0,0.0
R03,training,21,80,0,0.0,0.0,0.0,0.0
R03,training,21,81,0,0.0,0.0,0.0,0.0
R03,training,21,82,0,0.0,0.0,0.0,0.0
R03,training,21,83,0,0.0,0.0,0.0,0.0
R03,training,21,84,0,0.0,0.0,0.0,0.0
R03,training,21,85,0,0.0,0.0,0.0,0.0
R03,training,21,86,0,0.0,0.0,0.0,0.0
R03,training,21,87,0,0.0,0.0,0.0,0.0
R03,training,21,88,0,0.0,0.0,0.0,0.0
R03,training,21,89,0,0.0,0.0,0.0,0.0
R03,training,21,90,0,0.0,0.0,0.0,0.0
R03,training,21,91,0,0.0,0.0,0.0,0.0
R03,training,21,92,0,0.0,0.0,0.0,0.0
R03,training,21,93,0,0.0,0.0,0.0,0.0
R03,training,21,94,0,0.0,0.0,0.0,0.0
R03,training,21,95,0,0.0,0.0,0.0,0.0
R03,training,21,96,0,0.0,0.0,0.0,0.0
R03,training,21,97,0,0.0,0.0,0.0,0.0
R03,training,21,98,0,0.0,0.0,0.0,0.0
R03,training,21,99,0,0.0,0.0,0.0,0.0
R03,training,21,100,0,0.0,0.0,0.0,0.0
R03,training,21,101,0,0.0,0.0,0.0,0.0
R03,training,21,102,0,0.0,0.0,0.0,0.0
R03,training,21,103,0,0.0,0.0,0.0,0.0
R03,training,21,104,0,0.0,0.0,0.0,0.0
R03,training,21,105,0,0.0,0.0,0.0,0.0
R03,training,21,106,0,0.0,0.0,0.0,0.0
R03,training,21,107,0,0.0,0.0,0.0,0.0
R03,training,21,108,0,0.0,0.0,0.0,0.0
R03,training,21,109,0,0.0,0.0,0.0,0.0
R03,training,21,110,0,0.0,0.0,0.0,0.0
R03,training,21,111,0,0.0,0.0,0.0,0.0
R03,training,21,112,0,0.0,0.0,0.0,0.0
R03,training,21,113,0,0.0,0.0,0.0,0.0
R03,training,21,114,0,0.0,0.0,0.0,0.0
R03,training,21,115,0,0.0,0.0,0.0,0.0
R03,training,21,116,0,0.0,0.0,0.0,0.0
R03,training,21,117,0,0.0,0.0,0.0,0.0
R03,training,21,118,0,0.0,0.0,0.0,0.0
R03,training,21,119,0,0.0,0.0,0.0,0.0
R03,training,21,120,0,0.0,0.0,0.0,0.0
R03,training,21,121,0,0.0,0.0,0.0,0.0
R03,training,21,122,0,0.0,0.0,0.0,0.0
R03,training,21,123,0,0.0,0.0,0.0,0.0
R03,training,21,124,0,0.0,0.0,0.0,0.0
R03,training,21,125,0,0.0,0.0,0.0,0.0
R03,training,21,126,0,0.0,0.0,0.0,0.0
R03,training,21,127,0,0.0,0.0,0.0,0.0
R03,training,21,128,0,0.0,0.0,0.0,0.0
R03,training,21,129,0,0.0,0.0,0.0,0.0
R03,training,21,130,0,0.0,0.0,0.0,0.0
R03,training,21,131,0,0.0,0.0,0.0,0.0
R03,training,21,132,0,0.0,0.0,0.0,0.0
R03,training,21,133,0,0.0,0.0,0.0,0.0
R03,training,21,134,0,0.0,0.0,0.0,0.0
R03,training,21,135,0,0.0,0.0,0.0,0.0
R03,training,21,136,0,0.0,0.0,0.0,0.0
R03,training,21,137,0,0.0,0.0,0.0,0.0
R03,training,21,138,0,0.0,0.0,0.0,0.0
R03,training,21,139,0,0.0,0.0,0.0,0.0
R03,training,21,140,0,0.0,0.0,0.0,0.0
R03,training,21,141,0,0.0,0.0,0.0,0.0
R03,training,21,142,0,0.0,0.0,0.0,0.0
R03,training,21,143,0,0.0,0.0,0.0,0.0
R03,training,21,144,0,0.0,0.0,0.0,0.0
R03,training,21,145,0,0.0,0.0,0.0,0.0
R03,training,21,146,0,0.0,0.0,0.0,0.0
R03,training,21,147,0,0.0,0.0,0.0,0.0
R03,training,21,148,0,0.0,0.0,0.0,0.0
R03,training,21,149,0,0.0,0.0,0.0,0.0
R03,training,21,150,0,0.0,0.0,0.0,0.0
R03,training,21,151,0,0.0,0.0,0.0,0.0
R03,training,21,152,0,0.0,0.0,0.0,0.0
R03,training,21,153,0,0.0,0.0,0.0,0.0
R03,training,21,154,0,0.0,0.0,0.0,0.0
R03,training,21,155,0,0.0,0.0,0.0,0.0
R03,training,21,156,0,0.0,0.0,0.0,0.0
R03,training,21,157,0,0.0,0.0,0.0,0.0
R03,training,21,158,0,0.0,0.0,0.0,0.0
R03,training,21,159,0,0.0,0.0,0.0,0.0
R03,training,21,160,0,0.0,0.0,0.0,0.0
R03,training,21,161,0,0.0,0.0,0.0,0.0
R03,training,21,162,0,0.0,0.0,0.0,0.0
R03,training,21,163,0,0.0,0.0,0.0,0.0
R03,training,21,164,0,0.0,0.0,0.0,0.0
R03,training,21,165,0,0.0,0.0,0.0,0.0
R03,training,21,166,0,0.0,0.0,0.0,0.0
R03,training,21,167,0,0.0,0.0,0.0,0.0
R03,training,21,168,0,0.0,0.0,0.0,0.0
R03,training,21,169,0,0.0,0.0,0.0,0.0
R03,training,21,170,0,0.0,0.0,0.0,0.0
R03,training,21,171,0,0.0,0.0,0.0,0.0
R03,training,21,172,0,0.0,0.0,0.0,0.0
R03,training,21,173,0,0.0,0.0,0.0,0.0
R03,training,21,174,0,0.0,0.0,0.0,0.0
R03,training,21,175,0,0.0,0.0,0.0,0.0
R03,training,21,176,0,0.0,0.0,0.0,0.0
R03,training,21,177,0,0.0,0.0,0.0,0.0
R03,training,21,178,0,0.0,0.0,0.0,0.0
R03,training,21,179,0,0.0,0.0,0.0,0.0
R03,training,21,180,0,0.0,0.0,0.0,0.0
R03,training,21,181,0,0.0,0.0,0.0,0.0
R03,training,21,182,0,0.0,0.0,0.0,0.0
R03,training,21,183,0,0.0,0.0,0.0,0.0
R03,training,21,184,0,0.0,0.0,0.0,0.0
R03,training,21,185,0,0.0,0.0,0.0,0.0
R03,training,21,186,0,0.0,0.0,0.0,0.0
R03,training,21,187,0,0.0,0.0,0.0,0.0
R03,training,21,188,0,0.0,0.0,0.0,0.0
R03,training,21,189,0,0.0,0.0,0.0,0.0
R03,training,21,190,0,0.0,0.0,0.0,0.0
R03,training,21,191,0,0.0,0.0,0.0,0.0
R03,training,21,192,0,0.0,0.0,0.0,0.0
R03,training,21,193,0,0.0,0.0,0.0,0.0
R03,training,21,194,0,0.0,0.0,0.0,0.0
R03,training,21,195,0,0.0,0.0,0.0,0.0
R03,training,21,196,0,0.0,0.0,0.0,0.0
R03,training,21,197,0,0.0,0.0,0.0,0.0
R03,training,21,198,0,0.0,0.0,0.0,0.0
R03,training,21,199,0,0.0,0.0,0.0,0.0
R03,training,21,200,0,0.0,0.0,0.0,0.0
R03,training,21,201,0,0.0,0.0,0.0,0.0
R03,training,21,202,0,0.0,0.0,0.0,0.0
R03,training,21,203,0,0.0,0.0,0.0,0.0
R03,training,21,204,0,0.0,0.0,0.0,0.0
R03,training,21,205,0,0.0,0.0,0.0,0.0
R03,training,21,206,0,0.0,0.0,0.0,0.0
R03,training,21,207,0,0.0,0.0,0.0,0.0
R03,training,21,208,0,0.0,0.0,0.0,0.0
R03,training,21,209,0,0.0,0.0,0.0,0.0
R03,training,21,210,0,0.0,0.0,0.0,0.0
R03,training,21,211,0,0.0,0.0,0.0,0.0
R03,training,21,212,0,0.0,0.0,0.0,0.0
R03,training,21,213,0,0.0,0.0,0.0,0.0
R03,training,21,214,0,0.0,0.0,0.0,0.0
R03,training,21,215,0,0.0,0.0,0.0,0.0
R03,training,21,216,0,0.0,0.0,0.0,0.0
R03,training,21,217,0,0.0,0.0,0.0,0.0
R03,training,21,218,0,0.0,0.0,0.0,0.0
R03,training,21,219,0,0.0,0.0,0.0,0.0
R03,training,21,220,0,0.0,0.0,0.0,0.0
R03,training,21,221,0,0.0,0.0,0.0,0.0
R03,training,21,222,0,0.0,0.0,0.0,0.0
R03,training,21,223,0,0.0,0.0,0.0,0.0
R03,training,21,224,0,0.0,0.0,0.0,0.0
R03,training,21,225,0,0.0,0.0,0.0,0.0
R03,training,21,226,0,0.0,0.0,0.0,0.0
R03,training,21,227,0,0.0,0.0,0.0,0.0
R03,training,21,228,0,0.0,0.0,0.0,0.0
R03,training,21,229,0,0.0,0.0,0.0,0.0
R03,training,21,230,0,0.0,0.0,0.0,0.0
R03,training,21,231,0,0.0,0.0,0.0,0.0
R03,training,21,232,0,0.0,0.0,0.0,0.0
R03,training,21,233,0,0.0,0.0,0.0,0.0
R03,training,21,234,0,0.0,0.0,0.0,0.0
R03,training,21,235,0,0.0,0.0,0.0,0.0
R03,training,21,236,0,0.0,0.0,0.0,0.0
R03,training,21,237,0,0.0,0.0,0.0,0.0
R03,training,21,238,0,0.0,0.0,0.0,0.0
R03,training,21,239,0,0.0,0.0,0.0,0.0
R03,training,21,240,0,0.0,0.0,0.0,0.0
R03,training,21,241,0,0.0,0.0,0.0,0.0
R03,training,21,242,0,0.0,0.0,0.0,0.0
R03,training,21,243,0,0.0,0.0,0.0,0.0
R03,training,21,244,0,0.0,0.0,0.0,0.0
R03,training,21,245,0,0.0,0.0,0.0,0.0
R03,training,21,246,0,0.0,0.0,0.0,0.0
R03,training,21,247,0,0.0,0.0,0.0,0.0
R03,training,21,248,0,0.0,0.0,0.0,0.0
R03,training,21,249,0,0.0,0.0,0.0,0.0
R03,training,21,250,0,0.0,0.0,0.0,0.0
R03,training,21,251,0,0.0,0.0,0.0,0.0
R03,training,21,252,0,0.0,0.0,0.0,0.0
R03,training,21,253,0,0.0,0.0,0.0,0.0
R03,training,21,254,0,0.0,0.0,0.0,0.0
R03,training,21,255,0,0.0,0.0,0.0,0.0
R03,training,21,256,0,0.0,0.0,0.0,0.0
R03,training,21,257,0,0.0,0.0,0.0,0.0
R03,training,21,258,0,0.0,0.0,0.0,0.0
R03,training,21,259,0,0.0,0.0,0.0,0.0
R03,training,21,260,0,0.0,0.0,0.0,0.0
R03,training,21,261,0,0.0,0.0,0.0,0.0
R03,training,21,262,0,0.0,0.0,0.0,0.0
R03,training,21,263,0,0.0,0.0,0.0,0.0
R03,training,21,264,0,0.0,0.0,0.0,0.0
R03,training,21,265,0,0.0,0.0,0.0,0.0
R03,training,21,266,0,0.0,0.0,0.0,0.0
R03,training,21,267,0,0.0,0.0,0.0,0.0
R03,training,21,268,0,0.0,0.0,0.0,0.0
R03,training,21,269,0,0.0,0.0,0.0,0.0
R03,training,21,270,0,0.0,0.0,0.0,0.0
R03,training,21,271,0,0.0,0.0,0.0,0.0
R03,training,21,272,0,0.0,0.0,0.0,0.0
R03,training,21,273,0,0.0,0.0,0.0,0.0
R03,training,21,274,0,0.0,0.0,0.0,0.0
R03,training,21,275,0,0.0,0.0,0.0,0.0
R03,training,21,276,0,0.0,0.0,0.0,0.0
R03,training,21,277,0,0.0,0.0,0.0,0.0
R03,training,21,278,0,0.0,0.0,0.0,0.0
R03,training,21,279,0,0.0,0.0,0.0,0.0
R03,training,21,280,0,0.0,0.0,0.0,0.0
R03,training,21,281,0,0.0,0.0,0.0,0.0
R03,training,21,282,0,0.0,0.0,0.0,0.0
R03,training,21,283,0,0.0,0.0,0.0,0.0
R03,training,21,284,0,0.0,0.0,0.0,0.0
R03,training,21,285,0,0.0,0.0,0.0,0.0
R03,training,21,286,0,0.0,0.0,0.0,0.0
R03,training,21,287,0,0.0,0.0,0.0,0.0
R03,training,21,288,0,0.0,0.0,0.0,0.0
R03,training,21,289,0,0.0,0.0,0.0,0.0
R03,training,21,290,0,0.0,0.0,0.0,0.0
R03,training,21,291,0,0.0,0.0,0.0,0.0
R03,training,21,292,0,0.0,0.0,0.0,0.0
R03,training,21,293,0,0.0,0.0,0.0,0.0
R03,training,21,294,0,0.0,0.0,0.0,0.0
R03,training,21,295,0,0.0,0.0,0.0,0.0
R03,training,21,296,0,0.0,0.0,0.0,0.0
R03,training,21,297,0,0.0,0.0,0.0,0.0
R03,training,21,298,0,0.0,0.0,0.0,0.0
R03,training,21,299,0,0.0,0.0,0.0,0.0
R03,training,21,300,0,0.0,0.0,0.0,0.0
R03,training,21,301,0,0.0,0.0,0.0,0.0
R03,training,21,302,0,0.0,0.0,0.0,0.0
R03,training,21,303,0,0.0,0.0,0.0,0.0
R03,training,21,304,0,0.0,0.0,0.0,0.0
R03,training,21,305,0,0.0,0.0,0.0,0.0
R03,training,21,306,0,0.0,0.0,0.0,0.0
R03,training,21,307,0,0.0,0.0,0.0,0.0
R03,training,21,308,0,0.0,0.0,0.0,0.0
R03,training,21,309,0,0.0,0.0,0.0,0.0
R03,training,21,310,0,0.0,0.0,0.0,0.0
R03,training,21,311,0,0.0,0.0,0.0,0.0
R03,training,21,312,0,0.0,0.0,0.0,0.0
R03,training,21,313,0,0.0,0.0,0.0,0.0
R03,training,21,314,0,0.0,0.0,0.0,0.0
R03,training,21,315,0,0.0,0.0,0.0,0.0
R03,training,21,316,0,0.0,0.0,0.0,0.0
R03,training,21,317,0,0.0,0.0,0.0,0.0
R03,training,21,318,0,0.0,0.0,0.0,0.0
R03,training,21,319,0,0.0,0.0,0.0,0.0
R03,training,21,320,0,0.0,0.0,0.0,0.0
R03,training,21,321,0,0.0,0.0,0.0,0.0
R03,training,21,322,0,0.0,0.0,0.0,0.0
R03,training,21,323,0,0.0,0.0,0.0,0.0
R03,training,21,324,0,0.0,0.0,0.0,0.0
R03,training,21,325,0,0.0,0.0,0.0,0.0
R03,training,21,326,0,0.0,0.0,0.0,0.0
R03,training,21,327,0,0.0,0.0,0.0,0.0
R03,training,21,328,0,0.0,0.0,0.0,0.0
R03,training,21,329,0,0.0,0.0,0.0,0.0
R03,training,21,330,0,0.0,0.0,0.0,0.0
R03,training,21,331,0,0.0,0.0,0.0,0.0
R03,training,21,332,0,0.0,0.0,0.0,0.0
R03,training,21,333,0,0.0,0.0,0.0,0.0
R03,training,21,334,0,0.0,0.0,0.0,0.0
R03,training,21,335,0,0.0,0.0,0.0,0.0
R03,training,21,336,0,0.0,0.0,0.0,0.0
R03,training,21,337,0,0.0,0.0,0.0,0.0
R03,training,21,338,0,0.0,0.0,0.0,0.0
R03,training,21,339,0,0.0,0.0,0.0,0.0
R03,training,21,340,0,0.0,0.0,0.0,0.0
R03,training,21,341,0,0.0,0.0,0.0,0.0
R03,training,21,342,0,0.0,0.0,0.0,0.0
R03,training,21,343,0,0.0,0.0,0.0,0.0
R03,training,21,344,0,0.0,0.0,0.0,0.0
R03,training,21,345,0,0.0,0.0,0.0,0.0
R03,training,21,346,0,0.0,0.0,0.0,0.0
R03,training,21,347,0,0.0,0.0,0.0,0.0
R03,training,21,348,0,0.0,0.0,0.0,0.0
R03,training,21,349,0,0.0,0.0,0.0,0.0
R03,training,21,350,0,0.0,0.0,0.0,0.0
R03,training,21,351,0,0.0,0.0,0.0,0.0
R03,training,21,352,0,0.0,0.0,0.0,0.0
R03,training,21,353,0,0.0,0.0,0.0,0.0
R03,training,21,354,0,0.0,0.0,0.0,0.0
R03,training,21,355,0,0.0,0.0,0.0,0.0
R03,training,21,356,0,0.0,0.0,0.0,0.0
R03,training,21,357,0,0.0,0.0,0.0,0.0
R03,training,21,358,0,0.0,0.0,0.0,0.0
R03,training,21,359,0,0.0,0.0,0.0,0.0
R03,training,21,360,0,0.0,0.0,0.0,0.0
R03,training,21,361,0,0.0,0.0,0.0,0.0
R03,training,21,362,0,0.0,0.0,0.0,0.0
R03,training,21,363,0,0.0,0.0,0.0,0.0
R03,training,21,364,0,0.0,0.0,0.0,0.0
R03,training,21,365,0,0.0,0.0,0.0,0.0
R03,training,21,366,0,0.0,0.0,0.0,0.0
R03,training,21,367,0,0.0,0.0,0.0,0.0
R03,training,21,368,0,0.0,0.0,0.0,0.0
R03,training,21,369,0,0.0,0.0,0.0,0.0
R03,training,21,370,0,0.0,0.0,0.0,0.0
R03,training,21,371,0,0.0,0.0,0.0,0.0
R03,training,21,372,0,0.0,0.0,0.0,0.0
R03,training,21,373,0,0.0,0.0,0.0,0.0
R03,training,21,374,0,0.0,0.0,0.0,0.0
R03,training,21,375,0,0.0,0.0,0.0,0.0
R03,training,21,376,0,0.0,0.0,0.0,0.0
R03,training,21,377,0,0.0,0.0,0.0,0.0
R03,training,21,378,0,0.0,0.0,0.0,0.0
R03,training,21,379,0,0.0,0.0,0.0,0.0
R03,training,21,380,0,0.0,0.0,0.0,0.0
R03,training,21,381,0,0.0,0.0,0.0,0.0
R03,training,21,382,0,0.0,0.0,0.0,0.0
R03,training,21,383,0,0.0,0.0,0.0,0.0
R03,training,21,384,0,0.0,0.0,0.0,0.0
R03,training,21,385,0,0.0,0.0,0.0,0.0
R03,training,21,386,0,0.0,0.0,0.0,0.0
R03,training,21,387,0,0.0,0.0,0.0,0.0
R03,training,21,388,0,0.0,0.0,0.0,0.0
R03,training,21,389,0,0.0,0.0,0.0,0.0
R03,training,21,390,0,0.0,0.0,0.0,0.0
R03,training,21,391,0,0.0,0.0,0.0,0.0
R03,training,21,392,0,0.0,0.0,0.0,0.0
R03,training,21,393,0,0.0,0.0,0.0,0.0
R03,training,21,394,0,0.0,0.0,0.0,0.0
R03,training,21,395,0,0.0,0.0,0.0,0.0
R03,training,21,396,0,0.0,0.0,0.0,0.0
R03,training,21,397,0,0.0,0.0,0.0,0.0
R03,training,21,398,0,0.0,0.0,0.0,0.0
R03,training,21,399,0,0.0,0.0,0.0,0.0
R03,training,21,400,0,0.0,0.0,0.0,0.0
R03,training,21,401,0,0.0,0.0,0.0,0.0
R03,training,21,402,0,0.0,0.0,0.0,0.0
R03,training,21,403,0,0.0,0.0,0.0,0.0
R03,training,21,404,0,0.0,0.0,0.0,0.0
R03,training,21,405,0,0.0,0.0,0.0,0.0
R03,training,21,406,0,0.0,0.0,0.0,0.0
R03,training,21,407,0,0.0,0.0,0.0,0.0
R03,training,21,408,0,0.0,0.0,0.0,0.0
R03,training,21,409,0,0.0,0.0,0.0,0.0
R03,training,21,410,0,0.0,0.0,0.0,0.0
R03,training,21,411,0,0.0,0.0,0.0,0.0
R03,training,21,412,0,0.0,0.0,0.0,0.0
R03,training,21,413,0,0.0,0.0,0.0,0.0
R03,training,21,414,0,0.0,0.0,0.0,0.0
R03,training,21,415,0,0.0,0.0,0.0,0.0
R03,training,21,416,0,0.0,0.0,0.0,0.0
R03,training,21,417,0,0.0,0.0,0.0,0.0
R03,training,21,418,0,0.0,0.0,0.0,0.0
R03,training,21,419,0,0.0,0.0,0.0,0.0
R03,training,21,420,0,0.0,0.0,0.0,0.0
R03,training,21,421,0,0.0,0.0,0.0,0.0
R03,training,21,422,0,0.0,0.0,0.0,0.0
R03,training,21,423,0,0.0,0.0,0.0,0.0
R03,training,21,424,0,0.0,0.0,0.0,0.0
R03,training,21,425,0,0.0,0.0,0.0,0.0
R03,training,21,426,0,0.0,0.0,0.0,0.0
R03,training,21,427,0,0.0,0.0,0.0,0.0
R03,training,21,428,0,0.0,0.0,0.0,0.0
R03,training,21,429,0,0.0,0.0,0.0,0.0
R03,training,21,430,0,0.0,0.0,0.0,0.0
R03,training,21,431,0,0.0,0.0,0.0,0.0
R03,training,21,432,0,0.0,0.0,0.0,0.0
R03,training,21,433,0,0.0,0.0,0.0,0.0
R03,training,21,434,0,0.0,0.0,0.0,0.0
R03,training,21,435,0,0.0,0.0,0.0,0.0
R03,training,21,436,0,0.0,0.0,0.0,0.0
R03,training,21,437,0,0.0,0.0,0.0,0.0
R03,training,21,438,0,0.0,0.0,0.0,0.0
R03,training,21,439,0,0.0,0.0,0.0,0.0
R03,training,21,440,0,0.0,0.0,0.0,0.0
R03,training,21,441,0,0.0,0.0,0.0,0.0
R03,training,21,442,0,0.0,0.0,0.0,0.0
R03,training,21,443,0,0.0,0.0,0.0,0.0
R03,training,21,444,0,0.0,0.0,0.0,0.0
R03,training,21,445,0,0.0,0.0,0.0,0.0
R03,training,21,446,0,0.0,0.0,0.0,0.0
R03,training,21,447,0,0.0,0.0,0.0,0.0
R03,training,21,448,0,0.0,0.0,0.0,0.0
R03,training,21,449,0,0.0,0.0,0.0,0.0
R03,training,21,450,0,0.0,0.0,0.0,0.0
R03,training,21,451,0,0.0,0.0,0.0,0.0
R03,training,21,452,0,0.0,0.0,0.0,0.0
R03,training,21,453,0,0.0,0.0,0.0,0.0
R03,training,21,454,0,0.0,0.0,0.0,0.0
R03,training,21,455,0,0.0,0.0,0.0,0.0
R03,training,21,456,0,0.0,0.0,0.0,0.0
R03,training,21,457,0,0.0,0.0,0.0,0.0
R03,training,21,458,0,0.0,0.0,0.0,0.0
R03,training,21,459,0,0.0,0.0,0.0,0.0
R03,training,21,460,0,0.0,0.0,0.0,0.0
R03,training,21,461,0,0.0,0.0,0.0,0.0
R03,training,21,462,0,0.0,0.0,0.0,0.0
R03,training,21,463,0,0.0,0.0,0.0,0.0
R03,training,21,464,0,0.0,0.0,0.0,0.0
R03,training,21,465,0,0.0,0.0,0.0,0.0
R03,training,21,466,0,0.0,0.0,0.0,0.0
R03,training,21,467,0,0.0,0.0,0.0,0.0
R03,training,21,468,0,0.0,0.0,0.0,0.0
R03,training,21,469,0,0.0,0.0,0.0,0.0
R03,training,21,470,0,0.0,0.0,0.0,0.0
R03,training,21,471,0,0.0,0.0,0.0,0.0
R03,training,21,472,0,0.0,0.0,0.0,0.0
R03,training,21,473,0,0.0,0.0,0.0,0.0
R03,training,21,474,0,0.0,0.0,0.0,0.0
R03,training,21,475,0,0.0,0.0,0.0,0.0
R03,training,21,476,0,0.0,0.0,0.0,0.0
R03,training,21,477,0,0.0,0.0,0.0,0.0
R03,training,21,478,0,0.0,0.0,0.0,0.0
R03,training,21,479,0,0.0,0.0,0.0,0.0
R03,training,21,480,0,0.0,0.0,0.0,0.0
R03,training,21,481,0,0.0,0.0,0.0,0.0
R03,training,21,482,0,0.0,0.0,0.0,0.0
R03,training,21,483,0,0.0,0.0,0.0,0.0
R03,training,21,484,0,0.0,0.0,0.0,0.0
R03,training,21,485,0,0.0,0.0,0.0,0.0
R03,training,21,486,0,0.0,0.0,0.0,0.0
R03,training,21,487,0,0.0,0.0,0.0,0.0
R03,training,21,488,0,0.0,0.0,0.0,0.0
R03,training,21,489,0,0.0,0.0,0.0,0.0
R03,training,21,490,0,0.0,0.0,0.0,0.0
R03,training,21,491,0,0.0,0.0,0.0,0.0
R03,training,21,492,0,0.0,0.0,0.0,0.0
R03,training,21,493,0,0.0,0.0,0.0,0.0
R03,training,21,494,0,0.0,0.0,0.0,0.0
R03,training,21,495,0,0.0,0.0,0.0,0.0
R03,training,21,496,0,0.0,0.0,0.0,0.0
R03,training,21,497,0,0.0,0.0,0.0,0.0
R03,training,21,498,0,0.0,0.0,0.0,0.0
R03,training,21,499,0,0.0,0.0,0.0,0.0
R03,training,21,500,0,0.0,0.0,0.0,0.0
R03,training,21,501,0,0.0,0.0,0.0,0.0
R03,training,21,502,0,0.0,0.0,0.0,0.0
R03,training,21,503,0,0.0,0.0,0.0,0.0
R03,training,21,504,0,0.0,0.0,0.0,0.0
R03,training,21,505,0,0.0,0.0,0.0,0.0
R03,training,21,506,0,0.0,0.0,0.0,0.0
R03,training,21,507,0,0.0,0.0,0.0,0.0
R03,training,21,508,0,0.0,0.0,0.0,0.0
R03,training,21,509,0,0.0,0.0,0.0,0.0
R03,training,21,510,0,0.0,0.0,0.0,0.0
R03,training,21,511,0,0.0,0.0,0.0,0.0
R03,training,21,512,0,0.0,0.0,0.0,0.0
R03,training,21,513,0,0.0,0.0,0.0,0.0
R03,training,21,514,0,0.0,0.0,0.0,0.0
R03,training,21,515,0,0.0,0.0,0.0,0.0
R03,training,21,516,0,0.0,0.0,0.0,0.0
R03,training,21,517,0,0.0,0.0,0.0,0.0
R03,training,21,518,0,0.0,0.0,0.0,0.0
R03,training,21,519,0,0.0,0.0,0.0,0.0
R03,training,21,520,0,0.0,0.0,0.0,0.0
R03,training,21,521,0,0.0,0.0,0.0,0.0
R03,training,21,522,0,0.0,0.0,0.0,0.0
R03,training,21,523,0,0.0,0.0,0.0,0.0
R03,training,21,524,0,0.0,0.0,0.0,0.0
R03,training,21,525,0,0.0,0.0,0.0,0.0
R03,training,21,526,0,0.0,0.0,0.0,0.0
R03,training,21,527,0,0.0,0.0,0.0,0.0
R03,training,21,528,0,0.0,0.0,0.0,0.0
R03,training,21,529,0,0.0,0.0,0.0,0.0
R03,training,21,530,0,0.0,0.0,0.0,0.0
R03,training,21,531,0,0.0,0.0,0.0,0.0
R03,training,21,532,0,0.0,0.0,0.0,0.0
R03,training,21,533,0,0.0,0.0,0.0,0.0
R03,training,21,534,0,0.0,0.0,0.0,0.0
R03,training,21,535,0,0.0,0.0,0.0,0.0
R03,training,21,536,0,0.0,0.0,0.0,0.0
R03,training,21,537,0,0.0,0.0,0.0,0.0
R03,training,21,538,0,0.0,0.0,0.0,0.0
R03,training,21,539,0,0.0,0.0,0.0,0.0
R03,training,21,540,0,0.0,0.0,0.0,0.0
R03,training,21,541,0,0.0,0.0,0.0,0.0
R03,training,21,542,0,0.0,0.0,0.0,0.0
R03,training,21,543,0,0.0,0.0,0.0,0.0
R03,training,21,544,0,0.0,0.0,0.0,0.0
R03,training,21,545,0,0.0,0.0,0.0,0.0
R03,training,21,546,0,0.0,0.0,0.0,0.0
R03,training,21,547,0,0.0,0.0,0.0,0.0
R03,training,21,548,0,0.0,0.0,0.0,0.0
R03,training,21,549,0,0.0,0.0,0.0,0.0
R03,training,21,550,0,0.0,0.0,0.0,0.0
R03,training,21,551,0,0.0,0.0,0.0,0.0
R03,training,21,552,0,0.0,0.0,0.0,0.0
R03,training,21,553,0,0.0,0.0,0.0,0.0
R03,training,21,554,0,0.0,0.0,0.0,0.0
R03,training,21,555,0,0.0,0.0,0.0,0.0
R03,training,21,556,0,0.0,0.0,0.0,0.0
R03,training,21,557,0,0.0,0.0,0.0,0.0
R03,training,21,558,0,0.0,0.0,0.0,0.0
R03,training,21,559,0,0.0,0.0,0.0,0.0
R03,training,21,560,0,0.0,0.0,0.0,0.0
R03,training,21,561,0,0.0,0.0,0.0,0.0
R03,training,21,562,0,0.0,0.0,0.0,0.0
R03,training,21,563,0,0.0,0.0,0.0,0.0
R03,training,21,564,0,0.0,0.0,0.0,0.0
R03,training,21,565,0,0.0,0.0,0.0,0.0
R03,training,21,566,0,0.0,0.0,0.0,0.0
R03,training,21,567,0,0.0,0.0,0.0,0.0
R03,training,21,568,0,0.0,0.0,0.0,0.0
R03,training,21,569,0,0.0,0.0,0.0,0.0
R03,training,21,570,0,0.0,0.0,0.0,0.0
R03,training,21,571,0,0.0,0.0,0.0,0.0
R03,training,21,572,0,0.0,0.0,0.0,0.0
R03,training,21,573,0,0.0,0.0,0.0,0.0
R03,training,21,574,0,0.0,0.0,0.0,0.0
R03,training,21,575,0,0.0,0.0,0.0,0.0
R03,training,21,576,0,0.0,0.0,0.0,0.0
R03,training,21,577,0,0.0,0.0,0.0,0.0
R03,training,21,578,0,0.0,0.0,0.0,0.0
R03,training,21,579,0,0.0,0.0,0.0,0.0
R03,training,21,580,0,0.0,0.0,0.0,0.0
R03,training,21,581,0,0.0,0.0,0.0,0.0
R03,training,21,582,0,0.0,0.0,0.0,0.0
R03,training,21,583,0,0.0,0.0,0.0,0.0
R03,training,21,584,0,0.0,0.0,0.0,0.0
R03,training,21,585,0,0.0,0.0,0.0,0.0
R03,training,21,586,0,0.0,0.0,0.0,0.0
R03,training,21,587,0,0.0,0.0,0.0,0.0
R03,training,21,588,0,0.0,0.0,0.0,0.0
R03,training,21,589,0,0.0,0.0,0.0,0.0
R03,training,21,590,0,0.0,0.0,0.0,0.0
R03,training,21,591,0,0.0,0.0,0.0,0.0
R03,training,21,592,0,0.0,0.0,0.0,0.0
R03,training,21,593,0,0.0,0.0,0.0,0.0
R03,training,21,594,0,0.0,0.0,0.0,0.0
R03,training,21,595,0,0.0,0.0,0.0,0.0
R03,training,21,596,0,0.0,0.0,0.0,0.0
R03,training,21,597,0,0.0,0.0,0.0,0.0
R03,training,21,598,0,0.0,0.0,0.0,0.0
R03,training,21,599,0,0.0,0.0,0.0,0.0
R03,training,21,600,0,0.0,0.0,0.0,0.0
R03,training,21,601,0,0.0,0.0,0.0,0.0
R03,training,21,602,0,0.0,0.0,0.0,0.0
R03,training,21,603,0,0.0,0.0,0.0,0.0
R03,training,21,604,0,0.0,0.0,0.0,0.0
R03,training,21,605,0,0.0,0.0,0.0,0.0
R03,training,21,606,0,0.0,0.0,0.0,0.0
R03,training,21,607,0,0.0,0.0,0.0,0.0
R03,training,21,608,0,0.0,0.0,0.0,0.0
R03,training,21,609,0,0.0,0.0,0.0,0.0
R03,training,21,610,0,0.0,0.0,0.0,0.0
R03,training,21,611,0,0.0,0.0,0.0,0.0
R03,training,21,612,0,0.0,0.0,0.0,0.0
R03,training,21,613,0,0.0,0.0,0.0,0.0
R03,training,21,614,0,0.0,0.0,0.0,0.0
R03,training,21,615,0,0.0,0.0,0.0,0.0
R03,training,21,616,0,0.0,0.0,0.0,0.0
R03,training,21,617,0,0.0,0.0,0.0,0.0
R03,training,21,618,0,0.0,0.0,0.0,0.0
R03,training,21,619,0,0.0,0.0,0.0,0.0
R03,training,21,620,0,0.0,0.0,0.0,0.0
R03,training,21,621,0,0.0,0.0,0.0,0.0
R03,training,21,622,0,0.0,0.0,0.0,0.0
R03,training,21,623,0,0.0,0.0,0.0,0.0
R03,training,21,624,0,0.0,0.0,0.0,0.0
R03,training,21,625,0,0.0,0.0,0.0,0.0
R03,training,21,626,0,0.0,0.0,0.0,0.0
R03,training,21,627,0,0.0,0.0,0.0,0.0
R03,training,21,628,0,0.0,0.0,0.0,0.0
R03,training,21,629,0,0.0,0.0,0.0,0.0
R03,training,21,630,0,0.0,0.0,0.0,0.0
R03,training,21,631,0,0.0,0.0,0.0,0.0
R03,training,21,632,0,0.0,0.0,0.0,0.0
R03,training,21,633,0,0.0,0.0,0.0,0.0
R03,training,21,634,0,0.0,0.0,0.0,0.0
R03,training,21,635,0,0.0,0.0,0.0,0.0
R03,training,21,636,0,0.0,0.0,0.0,0.0
R03,training,21,637,0,0.0,0.0,0.0,0.0
R03,training,21,638,0,0.0,0.0,0.0,0.0
R03,training,21,639,0,0.0,0.0,0.0,0.0
R03,training,21,640,0,0.0,0.0,0.0,0.0
R03,training,21,641,0,0.0,0.0,0.0,0.0
R03,training,21,642,0,0.0,0.0,0.0,0.0
R03,training,21,643,0,0.0,0.0,0.0,0.0
R03,training,21,644,0,0.0,0.0,0.0,0.0
R03,training,21,645,0,0.0,0.0,0.0,0.0
R03,training,21,646,0,0.0,0.0,0.0,0.0
R03,training,21,647,0,0.0,0.0,0.0,0.0
R03,training,21,648,0,0.0,0.0,0.0,0.0
R03,training,21,649,0,0.0,0.0,0.0,0.0
R03,training,21,650,0,0.0,0.0,0.0,0.0
R03,training,21,651,0,0.0,0.0,0.0,0.0
R03,training,21,652,0,0.0,0.0,0.0,0.0
R03,training,21,653,0,0.0,0.0,0.0,0.0
R03,training,21,654,0,0.0,0.0,0.0,0.0
R03,training,21,655,0,0.0,0.0,0.0,0.0
R03,training,21,656,0,0.0,0.0,0.0,0.0
R03,training,21,657,0,0.0,0.0,0.0,0.0
R03,training,21,658,0,0.0,0.0,0.0,0.0
R03,training,21,659,0,0.0,0.0,0.0,0.0
R03,training,21,660,0,0.0,0.0,0.0,0.0
R03,training,21,661,0,0.0,0.0,0.0,0.0
R03,training,21,662,0,0.0,0.0,0.0,0.0
R03,training,21,663,0,0.0,0.0,0.0,0.0
R03,training,21,664,0,0.0,0.0,0.0,0.0
R03,training,21,665,0,0.0,0.0,0.0,0.0
R03,training,21,666,0,0.0,0.0,0.0,0.0
R03,training,21,667,0,0.0,0.0,0.0,0.0
R03,training,21,668,0,0.0,0.0,0.0,0.0
R03,training,21,669,0,0.0,0.0,0.0,0.0
R03,training,21,670,0,0.0,0.0,0.0,0.0
R03,training,21,671,0,0.0,0.0,0.0,0.0
R03,training,21,672,0,0.0,0.0,0.0,0.0
R03,training,21,673,0,0.0,0.0,0.0,0.0
R03,training,21,674,0,0.0,0.0,0.0,0.0
R03,training,21,675,0,0.0,0.0,0.0,0.0
R03,training,21,676,0,0.0,0.0,0.0,0.0
R03,training,21,677,0,0.0,0.0,0.0,0.0
R03,training,21,678,0,0.0,0.0,0.0,0.0
R03,training,21,679,0,0.0,0.0,0.0,0.0
R03,training,21,680,0,0.0,0.0,0.0,0.0
R03,training,21,681,0,0.0,0.0,0.0,0.0
R03,training,21,682,0,0.0,0.0,0.0,0.0
R03,training,21,683,0,0.0,0.0,0.0,0.0
R03,training,21,684,0,0.0,0.0,0.0,0.0
R03,training,21,685,0,0.0,0.0,0.0,0.0
R03,training,21,686,0,0.0,0.0,0.0,0.0
R03,training,21,687,0,0.0,0.0,0.0,0.0
R03,training,21,688,0,0.0,0.0,0.0,0.0
R03,training,21,689,0,0.0,0.0,0.0,0.0
R03,training,21,690,0,0.0,0.0,0.0,0.0
R03,training,21,691,0,0.0,0.0,0.0,0.0
R03,training,21,692,0,0.0,0.0,0.0,0.0
R03,training,21,693,0,0.0,0.0,0.0,0.0
R03,training,21,694,0,0.0,0.0,0.0,0.0
R03,training,21,695,0,0.0,0.0,0.0,0.0
R03,training,21,696,0,0.0,0.0,0.0,0.0
R03,training,21,697,0,0.0,0.0,0.0,0.0
R03,training,21,698,0,0.0,0.0,0.0,0.0
R03,training,21,699,0,0.0,0.0,0.0,0.0
R03,training,21,700,0,0.0,0.0,0.0,0.0
R03,training,21,701,0,0.0,0.0,0.0,0.0
R03,training,21,702,0,0.0,0.0,0.0,0.0
R03,training,21,703,0,0.0,0.0,0.0,0.0
R03,training,21,704,0,0.0,0.0,0.0,0.0
R03,training,21,705,0,0.0,0.0,0.0,0.0
R03,training,21,706,0,0.0,0.0,0.0,0.0
R03,training,21,707,0,0.0,0.0,0.0,0.0
R03,training,21,708,0,0.0,0.0,0.0,0.0
R03,training,21,709,0,0.0,0.0,0.0,0.0
R03,training,21,710,0,0.0,0.0,0.0,0.0
R03,training,21,711,0,0.0,0.0,0.0,0.0
R03,training,21,712,0,0.0,0.0,0.0,0.0
R03,training,22,0,0,0.0,0.0,0.0,0.0
R03,training,22,1,0,0.0,0.0,0.0,0.0
R03,training,22,2,0,0.0,0.0,0.0,0.0
R03,training,22,3,0,0.0,0.0,0.0,0.0
R03,training,22,4,0,0.0,0.0,0.0,0.0
R03,training,22,5,0,0.0,0.0,0.0,0.0
R03,training,22,6,0,0.0,0.0,0.0,0.0
R03,training,22,7,0,0.0,0.0,0.0,0.0
R03,training,22,8,0,0.0,0.0,0.0,0.0
R03,training,22,9,0,0.0,0.0,0.0,0.0
R03,training,22,10,0,0.0,0.0,0.0,0.0
R03,training,22,11,0,0.0,0.0,0.0,0.0
R03,training,22,12,0,0.0,0.0,0.0,0.0
R03,training,22,13,0,0.0,0.0,0.0,0.0
R03,training,22,14,0,0.0,0.0,0.0,0.0
R03,training,22,15,0,0.0,0.0,0.0,0.0
R03,training,22,16,0,0.0,0.0,0.0,0.0
R03,training,22,17,0,0.0,0.0,0.0,0.0
R03,training,22,18,0,0.0,0.0,0.0,0.0
R03,training,22,19,0,0.0,0.0,0.0,0.0
R03,training,22,20,0,0.0,0.0,0.0,0.0
R03,training,22,21,0,0.0,0.0,0.0,0.0
R03,training,22,22,0,0.0,0.0,0.0,0.0
R03,training,22,23,0,0.0,0.0,0.0,0.0
R03,training,22,24,0,0.0,0.0,0.0,0.0
R03,training,22,25,0,0.0,0.0,0.0,0.0
R03,training,22,26,0,0.0,0.0,0.0,0.0
R03,training,22,27,0,0.0,0.0,0.0,0.0
R03,training,22,28,0,0.0,0.0,0.0,0.0
R03,training,22,29,0,0.0,0.0,0.0,0.0
R03,training,22,30,0,0.0,0.0,0.0,0.0
R03,training,22,31,0,0.0,0.0,0.0,0.0
R03,training,22,32,0,0.0,0.0,0.0,0.0
R03,training,22,33,0,0.0,0.0,0.0,0.0
R03,training,22,34,0,0.0,0.0,0.0,0.0
R03,training,22,35,0,0.0,0.0,0.0,0.0
R03,training,22,36,0,0.0,0.0,0.0,0.0
R03,training,22,37,0,0.0,0.0,0.0,0.0
R03,training,22,38,0,0.0,0.0,0.0,0.0
R03,training,22,39,0,0.0,0.0,0.0,0.0
R03,training,22,40,0,0.0,0.0,0.0,0.0
R03,training,22,41,0,0.0,0.0,0.0,0.0
R03,training,22,42,0,0.0,0.0,0.0,0.0
R03,training,22,43,0,0.0,0.0,0.0,0.0
R03,training,22,44,0,0.0,0.0,0.0,0.0
R03,training,22,45,0,0.0,0.0,0.0,0.0
R03,training,22,46,0,0.0,0.0,0.0,0.0
R03,training,22,47,0,0.0,0.0,0.0,0.0
R03,training,22,48,0,0.0,0.0,0.0,0.0
R03,training,22,49,0,0.0,0.0,0.0,0.0
R03,training,22,50,0,0.0,0.0,0.0,0.0
R03,training,22,51,0,0.0,0.0,0.0,0.0
R03,training,22,52,0,0.0,0.0,0.0,0.0
R03,training,22,53,0,0.0,0.0,0.0,0.0
R03,training,22,54,0,0.0,0.0,0.0,0.0
R03,training,22,55,0,0.0,0.0,0.0,0.0
R03,training,22,56,0,0.0,0.0,0.0,0.0
R03,training,22,57,0,0.0,0.0,0.0,0.0
R03,training,22,58,0,0.0,0.0,0.0,0.0
R03,training,22,59,0,0.0,0.0,0.0,0.0
R03,training,22,60,0,0.0,0.0,0.0,0.0
R03,training,22,61,0,0.0,0.0,0.0,0.0
R03,training,22,62,0,0.0,0.0,0.0,0.0
R03,training,22,63,0,0.0,0.0,0.0,0.0
R03,training,22,64,0,0.0,0.0,0.0,0.0
R03,training,22,65,0,0.0,0.0,0.0,0.0
R03,training,22,66,0,0.0,0.0,0.0,0.0
R03,training,22,67,0,0.0,0.0,0.0,0.0
R03,training,22,68,0,0.0,0.0,0.0,0.0
R03,training,22,69,0,0.0,0.0,0.0,0.0
R03,training,22,70,0,0.0,0.0,0.0,0.0
R03,training,22,71,0,0.0,0.0,0.0,0.0
R03,training,22,72,0,0.0,0.0,0.0,0.0
R03,training,22,73,0,0.0,0.0,0.0,0.0
R03,training,22,74,0,0.0,0.0,0.0,0.0
R03,training,22,75,0,0.0,0.0,0.0,0.0
R03,training,22,76,0,0.0,0.0,0.0,0.0
R03,training,22,77,0,0.0,0.0,0.0,0.0
R03,training,22,78,0,0.0,0.0,0.0,0.0
R03,training,22,79,0,0.0,0.0,0.0,0.0
R03,training,22,80,0,0.0,0.0,0.0,0.0
R03,training,22,81,0,0.0,0.0,0.0,0.0
R03,training,22,82,0,0.0,0.0,0.0,0.0
R03,training,22,83,0,0.0,0.0,0.0,0.0
R03,training,22,84,0,0.0,0.0,0.0,0.0
R03,training,22,85,0,0.0,0.0,0.0,0.0
R03,training,22,86,0,0.0,0.0,0.0,0.0
R03,training,22,87,0,0.0,0.0,0.0,0.0
R03,training,22,88,0,0.0,0.0,0.0,0.0
R03,training,22,89,0,0.0,0.0,0.0,0.0
R03,training,22,90,0,0.0,0.0,0.0,0.0
R03,training,22,91,0,0.0,0.0,0.0,0.0
R03,training,22,92,0,0.0,0.0,0.0,0.0
R03,training,22,93,0,0.0,0.0,0.0,0.0
R03,training,22,94,0,0.0,0.0,0.0,0.0
R03,training,22,95,0,0.0,0.0,0.0,0.0
R03,training,22,96,0,0.0,0.0,0.0,0.0
R03,training,22,97,0,0.0,0.0,0.0,0.0
R03,training,22,98,0,0.0,0.0,0.0,0.0
R03,training,22,99,0,0.0,0.0,0.0,0.0
R03,training,22,100,0,0.0,0.0,0.0,0.0
R03,training,22,101,0,0.0,0.0,0.0,0.0
R03,training,22,102,0,0.0,0.0,0.0,0.0
R03,training,22,103,0,0.0,0.0,0.0,0.0
R03,training,22,104,0,0.0,0.0,0.0,0.0
R03,training,22,105,0,0.0,0.0,0.0,0.0
R03,training,22,106,0,0.0,0.0,0.0,0.0
R03,training,22,107,0,0.0,0.0,0.0,0.0
R03,training,22,108,0,0.0,0.0,0.0,0.0
R03,training,22,109,0,0.0,0.0,0.0,0.0
R03,training,22,110,0,0.0,0.0,0.0,0.0
R03,training,22,111,0,0.0,0.0,0.0,0.0
R03,training,22,112,0,0.0,0.0,0.0,0.0
R03,training,22,113,0,0.0,0.0,0.0,0.0
R03,training,22,114,0,0.0,0.0,0.0,0.0
R03,training,22,115,0,0.0,0.0,0.0,0.0
R03,training,22,116,0,0.0,0.0,0.0,0.0
R03,training,22,117,0,0.0,0.0,0.0,0.0
R03,training,22,118,0,0.0,0.0,0.0,0.0
R03,training,22,119,0,0.0,0.0,0.0,0.0
R03,training,22,120,0,0.0,0.0,0.0,0.0
R03,training,22,121,0,0.0,0.0,0.0,0.0
R03,training,22,122,0,0.0,0.0,0.0,0.0
R03,training,22,123,0,0.0,0.0,0.0,0.0
R03,training,22,124,0,0.0,0.0,0.0,0.0
R03,training,22,125,0,0.0,0.0,0.0,0.0
R03,training,22,126,0,0.0,0.0,0.0,0.0
R03,training,22,127,0,0.0,0.0,0.0,0.0
R03,training,22,128,0,0.0,0.0,0.0,0.0
R03,training,22,129,0,0.0,0.0,0.0,0.0
R03,training,22,130,0,0.0,0.0,0.0,0.0
R03,training,22,131,0,0.0,0.0,0.0,0.0
R03,training,22,132,0,0.0,0.0,0.0,0.0
R03,training,22,133,0,0.0,0.0,0.0,0.0
R03,training,22,134,0,0.0,0.0,0.0,0.0
R03,training,22,135,0,0.0,0.0,0.0,0.0
R03,training,22,136,0,0.0,0.0,0.0,0.0
R03,training,22,137,0,0.0,0.0,0.0,0.0
R03,training,22,138,0,0.0,0.0,0.0,0.0
R03,training,22,139,0,0.0,0.0,0.0,0.0
R03,training,22,140,0,0.0,0.0,0.0,0.0
R03,training,22,141,0,0.0,0.0,0.0,0.0
R03,training,22,142,0,0.0,0.0,0.0,0.0
R03,training,22,143,0,0.0,0.0,0.0,0.0
R03,training,22,144,0,0.0,0.0,0.0,0.0
R03,training,22,145,0,0.0,0.0,0.0,0.0
R03,training,22,146,0,0.0,0.0,0.0,0.0
R03,training,22,147,0,0.0,0.0,0.0,0.0
R03,training,22,148,0,0.0,0.0,0.0,0.0
R03,training,22,149,0,0.0,0.0,0.0,0.0
R03,training,22,150,0,0.0,0.0,0.0,0.0
R03,training,22,151,0,0.0,0.0,0.0,0.0
R03,training,22,152,0,0.0,0.0,0.0,0.0
R03,training,22,153,0,0.0,0.0,0.0,0.0
R03,training,22,154,0,0.0,0.0,0.0,0.0
R03,training,22,155,0,0.0,0.0,0.0,0.0
R03,training,22,156,0,0.0,0.0,0.0,0.0
R03,training,22,157,0,0.0,0.0,0.0,0.0
R03,training,22,158,0,0.0,0.0,0.0,0.0
R03,training,22,159,0,0.0,0.0,0.0,0.0
R03,training,22,160,0,0.0,0.0,0.0,0.0
R03,training,22,161,0,0.0,0.0,0.0,0.0
R03,training,22,162,0,0.0,0.0,0.0,0.0
R03,training,22,163,0,0.0,0.0,0.0,0.0
R03,training,22,164,0,0.0,0.0,0.0,0.0
R03,training,22,165,0,0.0,0.0,0.0,0.0
R03,training,22,166,0,0.0,0.0,0.0,0.0
R03,training,22,167,0,0.0,0.0,0.0,0.0
R03,training,22,168,0,0.0,0.0,0.0,0.0
R03,training,22,169,0,0.0,0.0,0.0,0.0
R03,training,22,170,0,0.0,0.0,0.0,0.0
R03,training,22,171,0,0.0,0.0,0.0,0.0
R03,training,22,172,0,0.0,0.0,0.0,0.0
R03,training,22,173,0,0.0,0.0,0.0,0.0
R03,training,22,174,0,0.0,0.0,0.0,0.0
R03,training,22,175,0,0.0,0.0,0.0,0.0
R03,training,22,176,0,0.0,0.0,0.0,0.0
R03,training,22,177,0,0.0,0.0,0.0,0.0
R03,training,22,178,0,0.0,0.0,0.0,0.0
R03,training,22,179,0,0.0,0.0,0.0,0.0
R03,training,22,180,0,0.0,0.0,0.0,0.0
R03,training,22,181,0,0.0,0.0,0.0,0.0
R03,training,22,182,0,0.0,0.0,0.0,0.0
R03,training,22,183,0,0.0,0.0,0.0,0.0
R03,training,22,184,0,0.0,0.0,0.0,0.0
R03,training,22,185,0,0.0,0.0,0.0,0.0
R03,training,22,186,0,0.0,0.0,0.0,0.0
R03,training,22,187,0,0.0,0.0,0.0,0.0
R03,training,22,188,0,0.0,0.0,0.0,0.0
R03,training,22,189,0,0.0,0.0,0.0,0.0
R03,training,22,190,0,0.0,0.0,0.0,0.0
R03,training,22,191,0,0.0,0.0,0.0,0.0
R03,training,22,192,0,0.0,0.0,0.0,0.0
R03,training,22,193,0,0.0,0.0,0.0,0.0
R03,training,22,194,0,0.0,0.0,0.0,0.0
R03,training,22,195,0,0.0,0.0,0.0,0.0
R03,training,22,196,0,0.0,0.0,0.0,0.0
R03,training,22,197,0,0.0,0.0,0.0,0.0
R03,training,22,198,0,0.0,0.0,0.0,0.0
R03,training,22,199,0,0.0,0.0,0.0,0.0
R03,training,22,200,0,0.0,0.0,0.0,0.0
R03,training,22,201,0,0.0,0.0,0.0,0.0
R03,training,22,202,0,0.0,0.0,0.0,0.0
R03,training,22,203,0,0.0,0.0,0.0,0.0
R03,training,22,204,0,0.0,0.0,0.0,0.0
R03,training,22,205,0,0.0,0.0,0.0,0.0
R03,training,22,206,0,0.0,0.0,0.0,0.0
R03,training,22,207,0,0.0,0.0,0.0,0.0
R03,training,22,208,0,0.0,0.0,0.0,0.0
R03,training,22,209,0,0.0,0.0,0.0,0.0
R03,training,22,210,0,0.0,0.0,0.0,0.0
R03,training,22,211,0,0.0,0.0,0.0,0.0
R03,training,22,212,0,0.0,0.0,0.0,0.0
R03,training,22,213,0,0.0,0.0,0.0,0.0
R03,training,22,214,0,0.0,0.0,0.0,0.0
R03,training,22,215,0,0.0,0.0,0.0,0.0
R03,training,22,216,0,0.0,0.0,0.0,0.0
R03,training,22,217,0,0.0,0.0,0.0,0.0
R03,training,22,218,0,0.0,0.0,0.0,0.0
R03,training,22,219,0,0.0,0.0,0.0,0.0
R03,training,22,220,0,0.0,0.0,0.0,0.0
R03,training,22,221,0,0.0,0.0,0.0,0.0
R03,training,22,222,0,0.0,0.0,0.0,0.0
R03,training,22,223,0,0.0,0.0,0.0,0.0
R03,training,22,224,0,0.0,0.0,0.0,0.0
R03,training,22,225,0,0.0,0.0,0.0,0.0
R03,training,22,226,0,0.0,0.0,0.0,0.0
R03,training,22,227,0,0.0,0.0,0.0,0.0
R03,training,22,228,0,0.0,0.0,0.0,0.0
R03,training,22,229,0,0.0,0.0,0.0,0.0
R03,training,22,230,0,0.0,0.0,0.0,0.0
R03,training,22,231,0,0.0,0.0,0.0,0.0
R03,training,22,232,0,0.0,0.0,0.0,0.0
R03,training,22,233,0,0.0,0.0,0.0,0.0
R03,training,22,234,0,0.0,0.0,0.0,0.0
R03,training,22,235,0,0.0,0.0,0.0,0.0
R03,training,22,236,0,0.0,0.0,0.0,0.0
R03,training,22,237,0,0.0,0.0,0.0,0.0
R03,training,22,238,0,0.0,0.0,0.0,0.0
R03,training,22,239,0,0.0,0.0,0.0,0.0
R03,training,22,240,0,0.0,0.0,0.0,0.0
R03,training,22,241,0,0.0,0.0,0.0,0.0
R03,training,22,242,0,0.0,0.0,0.0,0.0
R03,training,22,243,0,0.0,0.0,0.0,0.0
R03,training,22,244,0,0.0,0.0,0.0,0.0
R03,training,22,245,0,0.0,0.0,0.0,0.0
R03,training,22,246,0,0.0,0.0,0.0,0.0
R03,training,22,247,0,0.0,0.0,0.0,0.0
R03,training,22,248,0,0.0,0.0,0.0,0.0
R03,training,22,249,0,0.0,0.0,0.0,0.0
R03,training,22,250,0,0.0,0.0,0.0,0.0
R03,training,22,251,0,0.0,0.0,0.0,0.0
R03,training,22,252,0,0.0,0.0,0.0,0.0
R03,training,22,253,0,0.0,0.0,0.0,0.0
R03,training,22,254,0,0.0,0.0,0.0,0.0
R03,training,22,255,0,0.0,0.0,0.0,0.0
R03,training,22,256,0,0.0,0.0,0.0,0.0
R03,training,22,257,0,0.0,0.0,0.0,0.0
R03,training,22,258,0,0.0,0.0,0.0,0.0
R03,training,22,259,0,0.0,0.0,0.0,0.0
R03,training,22,260,0,0.0,0.0,0.0,0.0
R03,training,22,261,0,0.0,0.0,0.0,0.0
R03,training,22,262,0,0.0,0.0,0.0,0.0
R03,training,22,263,0,0.0,0.0,0.0,0.0
R03,training,22,264,0,0.0,0.0,0.0,0.0
R03,training,22,265,0,0.0,0.0,0.0,0.0
R03,training,22,266,0,0.0,0.0,0.0,0.0
R03,training,22,267,0,0.0,0.0,0.0,0.0
R03,training,22,268,0,0.0,0.0,0.0,0.0
R03,training,22,269,0,0.0,0.0,0.0,0.0
R03,training,22,270,0,0.0,0.0,0.0,0.0
R03,training,22,271,0,0.0,0.0,0.0,0.0
R03,training,22,272,0,0.0,0.0,0.0,0.0
R03,training,22,273,0,0.0,0.0,0.0,0.0
R03,training,22,274,0,0.0,0.0,0.0,0.0
R03,training,22,275,0,0.0,0.0,0.0,0.0
R03,training,22,276,0,0.0,0.0,0.0,0.0
R03,training,22,277,0,0.0,0.0,0.0,0.0
R03,training,22,278,0,0.0,0.0,0.0,0.0
R03,training,22,279,0,0.0,0.0,0.0,0.0
R03,training,22,280,0,0.0,0.0,0.0,0.0
R03,training,22,281,0,0.0,0.0,0.0,0.0
R03,training,22,282,0,0.0,0.0,0.0,0.0
R03,training,22,283,0,0.0,0.0,0.0,0.0
R03,training,22,284,0,0.0,0.0,0.0,0.0
R03,training,22,285,0,0.0,0.0,0.0,0.0
R03,training,22,286,0,0.0,0.0,0.0,0.0
R03,training,22,287,0,0.0,0.0,0.0,0.0
R03,training,22,288,0,0.0,0.0,0.0,0.0
R03,training,22,289,0,0.0,0.0,0.0,0.0
R03,training,22,290,0,0.0,0.0,0.0,0.0
R03,training,22,291,0,0.0,0.0,0.0,0.0
R03,training,22,292,0,0.0,0.0,0.0,0.0
R03,training,22,293,0,0.0,0.0,0.0,0.0
R03,training,22,294,0,0.0,0.0,0.0,0.0
R03,training,22,295,0,0.0,0.0,0.0,0.0
R03,training,22,296,0,0.0,0.0,0.0,0.0
R03,training,22,297,0,0.0,0.0,0.0,0.0
R03,training,22,298,0,0.0,0.0,0.0,0.0
R03,training,22,299,0,0.0,0.0,0.0,0.0
R03,training,22,300,0,0.0,0.0,0.0,0.0
R03,training,22,301,0,0.0,0.0,0.0,0.0
R03,training,22,302,0,0.0,0.0,0.0,0.0
R03,training,22,303,0,0.0,0.0,0.0,0.0
R03,training,22,304,0,0.0,0.0,0.0,0.0
R03,training,22,305,0,0.0,0.0,0.0,0.0
R03,training,22,306,0,0.0,0.0,0.0,0.0
R03,training,22,307,0,0.0,0.0,0.0,0.0
R03,training,22,308,0,0.0,0.0,0.0,0.0
R03,training,22,309,0,0.0,0.0,0.0,0.0
R03,training,22,310,0,0.0,0.0,0.0,0.0
R03,training,22,311,0,0.0,0.0,0.0,0.0
R03,training,22,312,0,0.0,0.0,0.0,0.0
R03,training,22,313,0,0.0,0.0,0.0,0.0
R03,training,22,314,0,0.0,0.0,0.0,0.0
R03,training,22,315,0,0.0,0.0,0.0,0.0
R03,training,22,316,0,0.0,0.0,0.0,0.0
R03,training,22,317,0,0.0,0.0,0.0,0.0
R03,training,22,318,0,0.0,0.0,0.0,0.0
R03,training,22,319,0,0.0,0.0,0.0,0.0
R03,training,22,320,0,0.0,0.0,0.0,0.0
R03,training,22,321,0,0.0,0.0,0.0,0.0
R03,training,22,322,0,0.0,0.0,0.0,0.0
R03,training,22,323,0,0.0,0.0,0.0,0.0
R03,training,22,324,0,0.0,0.0,0.0,0.0
R03,training,22,325,0,0.0,0.0,0.0,0.0
R03,training,22,326,0,0.0,0.0,0.0,0.0
R03,training,22,327,0,0.0,0.0,0.0,0.0
R03,training,22,328,0,0.0,0.0,0.0,0.0
R03,training,22,329,0,0.0,0.0,0.0,0.0
R03,training,22,330,0,0.0,0.0,0.0,0.0
R03,training,22,331,0,0.0,0.0,0.0,0.0
R03,training,22,332,0,0.0,0.0,0.0,0.0
R03,training,22,333,0,0.0,0.0,0.0,0.0
R03,training,22,334,0,0.0,0.0,0.0,0.0
R03,training,22,335,0,0.0,0.0,0.0,0.0
R03,training,22,336,0,0.0,0.0,0.0,0.0
R03,training,22,337,0,0.0,0.0,0.0,0.0
R03,training,22,338,0,0.0,0.0,0.0,0.0
R03,training,22,339,0,0.0,0.0,0.0,0.0
R03,training,22,340,0,0.0,0.0,0.0,0.0
R03,training,22,341,0,0.0,0.0,0.0,0.0
R03,training,22,342,0,0.0,0.0,0.0,0.0
R03,training,22,343,0,0.0,0.0,0.0,0.0
R03,training,22,344,0,0.0,0.0,0.0,0.0
R03,training,22,345,0,0.0,0.0,0.0,0.0
R03,training,22,346,0,0.0,0.0,0.0,0.0
R03,training,22,347,0,0.0,0.0,0.0,0.0
R03,training,22,348,0,0.0,0.0,0.0,0.0
R03,training,22,349,0,0.0,0.0,0.0,0.0
R03,training,22,350,0,0.0,0.0,0.0,0.0
R03,training,22,351,0,0.0,0.0,0.0,0.0
R03,training,22,352,0,0.0,0.0,0.0,0.0
R03,training,22,353,0,0.0,0.0,0.0,0.0
R03,training,22,354,0,0.0,0.0,0.0,0.0
R03,training,22,355,0,0.0,0.0,0.0,0.0
R03,training,22,356,0,0.0,0.0,0.0,0.0
R03,training,22,357,0,0.0,0.0,0.0,0.0
R03,training,22,358,0,0.0,0.0,0.0,0.0
R03,training,22,359,0,0.0,0.0,0.0,0.0
R03,training,22,360,0,0.0,0.0,0.0,0.0
R03,training,22,361,0,0.0,0.0,0.0,0.0
R03,training,22,362,0,0.0,0.0,0.0,0.0
R03,training,22,363,0,0.0,0.0,0.0,0.0
R03,training,22,364,0,0.0,0.0,0.0,0.0
R03,training,22,365,0,0.0,0.0,0.0,0.0
R03,training,22,366,0,0.0,0.0,0.0,0.0
R03,training,22,367,0,0.0,0.0,0.0,0.0
R03,training,22,368,0,0.0,0.0,0.0,0.0
R03,training,22,369,0,0.0,0.0,0.0,0.0
R03,training,22,370,0,0.0,0.0,0.0,0.0
R03,training,22,371,0,0.0,0.0,0.0,0.0
R03,training,22,372,0,0.0,0.0,0.0,0.0
R03,training,22,373,0,0.0,0.0,0.0,0.0
R03,training,22,374,0,0.0,0.0,0.0,0.0
R03,training,22,375,0,0.0,0.0,0.0,0.0
R03,training,22,376,0,0.0,0.0,0.0,0.0
R03,training,22,377,0,0.0,0.0,0.0,0.0
R03,training,22,378,0,0.0,0.0,0.0,0.0
R03,training,22,379,0,0.0,0.0,0.0,0.0
R03,training,22,380,0,0.0,0.0,0.0,0.0
R03,training,22,381,0,0.0,0.0,0.0,0.0
R03,training,22,382,0,0.0,0.0,0.0,0.0
R03,training,22,383,0,0.0,0.0,0.0,0.0
R03,training,22,384,0,0.0,0.0,0.0,0.0
R03,training,22,385,0,0.0,0.0,0.0,0.0
R03,training,22,386,0,0.0,0.0,0.0,0.0
R03,training,22,387,0,0.0,0.0,0.0,0.0
R03,training,22,388,0,0.0,0.0,0.0,0.0
R03,training,22,389,0,0.0,0.0,0.0,0.0
R03,training,22,390,0,0.0,0.0,0.0,0.0
R03,training,22,391,0,0.0,0.0,0.0,0.0
R03,training,22,392,0,0.0,0.0,0.0,0.0
R03,training,22,393,0,0.0,0.0,0.0,0.0
R03,training,22,394,0,0.0,0.0,0.0,0.0
R03,training,22,395,0,0.0,0.0,0.0,0.0
R03,training,22,396,0,0.0,0.0,0.0,0.0
R03,training,22,397,0,0.0,0.0,0.0,0.0
R03,training,22,398,0,0.0,0.0,0.0,0.0
R03,training,22,399,0,0.0,0.0,0.0,0.0
R03,training,22,400,0,0.0,0.0,0.0,0.0
R03,training,22,401,0,0.0,0.0,0.0,0.0
R03,training,22,402,0,0.0,0.0,0.0,0.0
R03,training,22,403,0,0.0,0.0,0.0,0.0
R03,training,22,404,0,0.0,0.0,0.0,0.0
R03,training,22,405,0,0.0,0.0,0.0,0.0
R03,training,22,406,0,0.0,0.0,0.0,0.0
R03,training,22,407,0,0.0,0.0,0.0,0.0
R03,training,22,408,0,0.0,0.0,0.0,0.0
R03,training,22,409,0,0.0,0.0,0.0,0.0
R03,training,22,410,0,0.0,0.0,0.0,0.0
R03,training,22,411,0,0.0,0.0,0.0,0.0
R03,training,22,412,0,0.0,0.0,0.0,0.0
R03,training,22,413,0,0.0,0.0,0.0,0.0
R03,training,22,414,0,0.0,0.0,0.0,0.0
R03,training,22,415,0,0.0,0.0,0.0,0.0
R03,training,22,416,0,0.0,0.0,0.0,0.0
R03,training,22,417,0,0.0,0.0,0.0,0.0
R03,training,22,418,0,0.0,0.0,0.0,0.0
R03,training,22,419,0,0.0,0.0,0.0,0.0
R03,training,22,420,0,0.0,0.0,0.0,0.0
R03,training,22,421,0,0.0,0.0,0.0,0.0
R03,training,22,422,0,0.0,0.0,0.0,0.0
R03,training,22,423,0,0.0,0.0,0.0,0.0
R03,training,22,424,0,0.0,0.0,0.0,0.0
R03,training,22,425,0,0.0,0.0,0.0,0.0
R03,training,22,426,0,0.0,0.0,0.0,0.0
R03,training,22,427,0,0.0,0.0,0.0,0.0
R03,training,22,428,0,0.0,0.0,0.0,0.0
R03,training,22,429,0,0.0,0.0,0.0,0.0
R03,training,22,430,0,0.0,0.0,0.0,0.0
R03,training,22,431,0,0.0,0.0,0.0,0.0
R03,training,22,432,0,0.0,0.0,0.0,0.0
R03,training,22,433,0,0.0,0.0,0.0,0.0
R03,training,22,434,0,0.0,0.0,0.0,0.0
R03,training,22,435,0,0.0,0.0,0.0,0.0
R03,training,22,436,0,0.0,0.0,0.0,0.0
R03,training,22,437,0,0.0,0.0,0.0,0.0
R03,training,22,438,0,0.0,0.0,0.0,0.0
R03,training,22,439,0,0.0,0.0,0.0,0.0
R03,training,22,440,0,0.0,0.0,0.0,0.0
R03,training,22,441,0,0.0,0.0,0.0,0.0
R03,training,22,442,0,0.0,0.0,0.0,0.0
R03,training,22,443,0,0.0,0.0,0.0,0.0
R03,training,22,444,0,0.0,0.0,0.0,0.0
R03,training,22,445,0,0.0,0.0,0.0,0.0
R03,training,22,446,0,0.0,0.0,0.0,0.0
R03,training,22,447,0,0.0,0.0,0.0,0.0
R03,training,22,448,0,0.0,0.0,0.0,0.0
R03,training,22,449,0,0.0,0.0,0.0,0.0
R03,training,22,450,0,0.0,0.0,0.0,0.0
R03,training,22,451,0,0.0,0.0,0.0,0.0
R03,training,22,452,0,0.0,0.0,0.0,0.0
R03,training,22,453,0,0.0,0.0,0.0,0.0
R03,training,22,454,0,0.0,0.0,0.0,0.0
R03,training,22,455,0,0.0,0.0,0.0,0.0
R03,training,22,456,0,0.0,0.0,0.0,0.0
R03,training,22,457,0,0.0,0.0,0.0,0.0
R03,training,22,458,0,0.0,0.0,0.0,0.0
R03,training,22,459,0,0.0,0.0,0.0,0.0
R03,training,22,460,0,0.0,0.0,0.0,0.0
R03,training,22,461,0,0.0,0.0,0.0,0.0
R03,training,22,462,0,0.0,0.0,0.0,0.0
R03,training,22,463,0,0.0,0.0,0.0,0.0
R03,training,22,464,0,0.0,0.0,0.0,0.0
R03,training,22,465,0,0.0,0.0,0.0,0.0
R03,training,22,466,0,0.0,0.0,0.0,0.0
R03,training,22,467,0,0.0,0.0,0.0,0.0
R03,training,22,468,0,0.0,0.0,0.0,0.0
R03,training,22,469,0,0.0,0.0,0.0,0.0
R03,training,22,470,0,0.0,0.0,0.0,0.0
R03,training,22,471,0,0.0,0.0,0.0,0.0
R03,training,22,472,0,0.0,0.0,0.0,0.0
R03,training,22,473,0,0.0,0.0,0.0,0.0
R03,training,22,474,0,0.0,0.0,0.0,0.0
R03,training,22,475,0,0.0,0.0,0.0,0.0
R03,training,22,476,0,0.0,0.0,0.0,0.0
R03,training,22,477,0,0.0,0.0,0.0,0.0
R03,training,22,478,0,0.0,0.0,0.0,0.0
R03,training,22,479,0,0.0,0.0,0.0,0.0
R03,training,22,480,0,0.0,0.0,0.0,0.0
R03,training,22,481,0,0.0,0.0,0.0,0.0
R03,training,22,482,0,0.0,0.0,0.0,0.0
R03,training,22,483,0,0.0,0.0,0.0,0.0
R03,training,22,484,0,0.0,0.0,0.0,0.0
R03,training,22,485,0,0.0,0.0,0.0,0.0
R03,training,22,486,0,0.0,0.0,0.0,0.0
R03,training,22,487,0,0.0,0.0,0.0,0.0
R03,training,22,488,0,0.0,0.0,0.0,0.0
R03,training,22,489,0,0.0,0.0,0.0,0.0
R03,training,22,490,0,0.0,0.0,0.0,0.0
R03,training,22,491,0,0.0,0.0,0.0,0.0
R03,training,22,492,0,0.0,0.0,0.0,0.0
R03,training,22,493,0,0.0,0.0,0.0,0.0
R03,training,22,494,0,0.0,0.0,0.0,0.0
R03,training,22,495,0,0.0,0.0,0.0,0.0
R03,training,22,496,0,0.0,0.0,0.0,0.0
R03,training,22,497,0,0.0,0.0,0.0,0.0
R03,training,22,498,0,0.0,0.0,0.0,0.0
R03,training,22,499,0,0.0,0.0,0.0,0.0
R03,training,22,500,0,0.0,0.0,0.0,0.0
R03,training,22,501,0,0.0,0.0,0.0,0.0
R03,training,22,502,0,0.0,0.0,0.0,0.0
R03,training,22,503,0,0.0,0.0,0.0,0.0
R03,training,22,504,0,0.0,0.0,0.0,0.0
R03,training,22,505,0,0.0,0.0,0.0,0.0
R03,training,22,506,0,0.0,0.0,0.0,0.0
R03,training,22,507,0,0.0,0.0,0.0,0.0
R03,training,22,508,0,0.0,0.0,0.0,0.0
R03,training,22,509,0,0.0,0.0,0.0,0.0
R03,training,22,510,0,0.0,0.0,0.0,0.0
R03,training,22,511,0,0.0,0.0,0.0,0.0
R03,training,22,512,0,0.0,0.0,0.0,0.0
R03,training,22,513,0,0.0,0.0,0.0,0.0
R03,training,22,514,0,0.0,0.0,0.0,0.0
R03,training,22,515,0,0.0,0.0,0.0,0.0
R03,training,22,516,0,0.0,0.0,0.0,0.0
R03,training,22,517,0,0.0,0.0,0.0,0.0
R03,training,22,518,0,0.0,0.0,0.0,0.0
R03,training,22,519,0,0.0,0.0,0.0,0.0
R03,training,22,520,0,0.0,0.0,0.0,0.0
R03,training,22,521,0,0.0,0.0,0.0,0.0
R03,training,22,522,0,0.0,0.0,0.0,0.0
R03,training,22,523,0,0.0,0.0,0.0,0.0
R03,training,22,524,0,0.0,0.0,0.0,0.0
R03,training,22,525,0,0.0,0.0,0.0,0.0
R03,training,22,526,0,0.0,0.0,0.0,0.0
R03,training,22,527,0,0.0,0.0,0.0,0.0
R03,training,22,528,0,0.0,0.0,0.0,0.0
R03,training,22,529,0,0.0,0.0,0.0,0.0
R03,training,22,530,0,0.0,0.0,0.0,0.0
R03,training,22,531,0,0.0,0.0,0.0,0.0
R03,training,22,532,0,0.0,0.0,0.0,0.0
R03,training,22,533,0,0.0,0.0,0.0,0.0
R03,training,22,534,0,0.0,0.0,0.0,0.0
R03,training,22,535,0,0.0,0.0,0.0,0.0
R03,training,22,536,0,0.0,0.0,0.0,0.0
R03,training,22,537,0,0.0,0.0,0.0,0.0
R03,training,22,538,0,0.0,0.0,0.0,0.0
R03,training,22,539,0,0.0,0.0,0.0,0.0
R03,training,22,540,0,0.0,0.0,0.0,0.0
R03,training,22,541,0,0.0,0.0,0.0,0.0
R03,training,22,542,0,0.0,0.0,0.0,0.0
R03,training,22,543,0,0.0,0.0,0.0,0.0
R03,training,22,544,0,0.0,0.0,0.0,0.0
R03,training,22,545,0,0.0,0.0,0.0,0.0
R03,training,22,546,0,0.0,0.0,0.0,0.0
R03,training,22,547,0,0.0,0.0,0.0,0.0
R03,training,22,548,0,0.0,0.0,0.0,0.0
R03,training,22,549,0,0.0,0.0,0.0,0.0
R03,training,22,550,0,0.0,0.0,0.0,0.0
R03,training,22,551,0,0.0,0.0,0.0,0.0
R03,training,22,552,0,0.0,0.0,0.0,0.0
R03,training,22,553,0,0.0,0.0,0.0,0.0
R03,training,22,554,0,0.0,0.0,0.0,0.0
R03,training,22,555,0,0.0,0.0,0.0,0.0
R03,training,22,556,0,0.0,0.0,0.0,0.0
R03,training,22,557,0,0.0,0.0,0.0,0.0
R03,training,22,558,0,0.0,0.0,0.0,0.0
R03,training,22,559,0,0.0,0.0,0.0,0.0
R03,training,22,560,0,0.0,0.0,0.0,0.0
R03,training,22,561,0,0.0,0.0,0.0,0.0
R03,training,22,562,0,0.0,0.0,0.0,0.0
R03,training,22,563,0,0.0,0.0,0.0,0.0
R03,training,22,564,0,0.0,0.0,0.0,0.0
R03,training,22,565,0,0.0,0.0,0.0,0.0
R03,training,22,566,0,0.0,0.0,0.0,0.0
R03,training,22,567,0,0.0,0.0,0.0,0.0
R03,training,22,568,0,0.0,0.0,0.0,0.0
R03,training,22,569,0,0.0,0.0,0.0,0.0
R03,training,22,570,0,0.0,0.0,0.0,0.0
R03,training,22,571,0,0.0,0.0,0.0,0.0
R03,training,22,572,0,0.0,0.0,0.0,0.0
R03,training,22,573,0,0.0,0.0,0.0,0.0
R03,training,22,574,0,0.0,0.0,0.0,0.0
R03,training,22,575,0,0.0,0.0,0.0,0.0
R03,training,22,576,0,0.0,0.0,0.0,0.0
R03,training,22,577,0,0.0,0.0,0.0,0.0
R03,training,22,578,0,0.0,0.0,0.0,0.0
R03,training,22,579,0,0.0,0.0,0.0,0.0
R03,training,22,580,0,0.0,0.0,0.0,0.0
R03,training,22,581,0,0.0,0.0,0.0,0.0
R03,training,22,582,0,0.0,0.0,0.0,0.0
R03,training,22,583,0,0.0,0.0,0.0,0.0
R03,training,22,584,0,0.0,0.0,0.0,0.0
R03,training,22,585,0,0.0,0.0,0.0,0.0
R03,training,22,586,0,0.0,0.0,0.0,0.0
R03,training,22,587,0,0.0,0.0,0.0,0.0
R03,training,22,588,0,0.0,0.0,0.0,0.0
R03,training,22,589,0,0.0,0.0,0.0,0.0
R03,training,22,590,0,0.0,0.0,0.0,0.0
R03,training,22,591,0,0.0,0.0,0.0,0.0
R03,training,22,592,0,0.0,0.0,0.0,0.0
R03,training,22,593,0,0.0,0.0,0.0,0.0
R03,training,22,594,0,0.0,0.0,0.0,0.0
R03,training,22,595,0,0.0,0.0,0.0,0.0
R03,training,22,596,0,0.0,0.0,0.0,0.0
R03,training,22,597,0,0.0,0.0,0.0,0.0
R03,training,22,598,0,0.0,0.0,0.0,0.0
R03,training,22,599,0,0.0,0.0,0.0,0.0
R03,training,22,600,0,0.0,0.0,0.0,0.0
R03,training,22,601,0,0.0,0.0,0.0,0.0
R03,training,22,602,0,0.0,0.0,0.0,0.0
R03,training,22,603,0,0.0,0.0,0.0,0.0
R03,training,22,604,0,0.0,0.0,0.0,0.0
R03,training,22,605,0,0.0,0.0,0.0,0.0
R03,training,22,606,0,0.0,0.0,0.0,0.0
R03,training,22,607,0,0.0,0.0,0.0,0.0
R03,training,22,608,0,0.0,0.0,0.0,0.0
R03,training,22,609,0,0.0,0.0,0.0,0.0
R03,training,22,610,0,0.0,0.0,0.0,0.0
R03,training,22,611,0,0.0,0.0,0.0,0.0
R03,training,22,612,0,0.0,0.0,0.0,0.0
R03,training,22,613,0,0.0,0.0,0.0,0.0
R03,training,22,614,0,0.0,0.0,0.0,0.0
R03,training,22,615,0,0.0,0.0,0.0,0.0
R03,training,22,616,0,0.0,0.0,0.0,0.0
R03,training,22,617,0,0.0,0.0,0.0,0.0
R03,training,22,618,0,0.0,0.0,0.0,0.0
R03,training,22,619,0,0.0,0.0,0.0,0.0
R03,training,22,620,0,0.0,0.0,0.0,0.0
R03,training,22,621,0,0.0,0.0,0.0,0.0
R03,training,22,622,0,0.0,0.0,0.0,0.0
R03,training,22,623,0,0.0,0.0,0.0,0.0
R03,training,22,624,0,0.0,0.0,0.0,0.0
R03,training,22,625,0,0.0,0.0,0.0,0.0
R03,training,22,626,0,0.0,0.0,0.0,0.0
R03,training,22,627,0,0.0,0.0,0.0,0.0
R03,training,22,628,0,0.0,0.0,0.0,0.0
R03,training,22,629,0,0.0,0.0,0.0,0.0
R03,training,22,630,0,0.0,0.0,0.0,0.0
R03,training,22,631,0,0.0,0.0,0.0,0.0
R03,training,22,632,0,0.0,0.0,0.0,0.0
R03,training,22,633,0,0.0,0.0,0.0,0.0
R03,training,22,634,0,0.0,0.0,0.0,0.0
R03,training,22,635,0,0.0,0.0,0.0,0.0
R03,training,22,636,0,0.0,0.0,0.0,0.0
R03,training,22,637,0,0.0,0.0,0.0,0.0
R03,training,22,638,0,0.0,0.0,0.0,0.0
R03,training,22,639,0,0.0,0.0,0.0,0.0
R03,training,22,640,0,0.0,0.0,0.0,0.0
R03,training,22,641,0,0.0,0.0,0.0,0.0
R03,training,22,642,0,0.0,0.0,0.0,0.0
R03,training,22,643,0,0.0,0.0,0.0,0.0
R03,training,22,644,0,0.0,0.0,0.0,0.0
R03,training,22,645,0,0.0,0.0,0.0,0.0
R03,training,22,646,0,0.0,0.0,0.0,0.0
R03,training,22,647,0,0.0,0.0,0.0,0.0
R03,training,22,648,0,0.0,0.0,0.0,0.0
R03,training,22,649,0,0.0,0.0,0.0,0.0
R03,training,22,650,0,0.0,0.0,0.0,0.0
R03,training,22,651,0,0.0,0.0,0.0,0.0
R03,training,22,652,0,0.0,0.0,0.0,0.0
R03,training,22,653,0,0.0,0.0,0.0,0.0
R03,training,22,654,0,0.0,0.0,0.0,0.0
R03,training,22,655,0,0.0,0.0,0.0,0.0
R03,training,22,656,0,0.0,0.0,0.0,0.0
R03,training,22,657,0,0.0,0.0,0.0,0.0
R03,training,22,658,0,0.0,0.0,0.0,0.0
R03,training,22,659,0,0.0,0.0,0.0,0.0
R03,training,22,660,0,0.0,0.0,0.0,0.0
R03,training,22,661,0,0.0,0.0,0.0,0.0
R03,training,22,662,0,0.0,0.0,0.0,0.0
R03,training,22,663,0,0.0,0.0,0.0,0.0
R03,training,22,664,0,0.0,0.0,0.0,0.0
R03,training,22,665,0,0.0,0.0,0.0,0.0
R03,training,22,666,0,0.0,0.0,0.0,0.0
R03,training,22,667,0,0.0,0.0,0.0,0.0
R03,training,22,668,0,0.0,0.0,0.0,0.0
R03,training,22,669,0,0.0,0.0,0.0,0.0
R03,training,22,670,0,0.0,0.0,0.0,0.0
R03,training,22,671,0,0.0,0.0,0.0,0.0
R03,training,22,672,0,0.0,0.0,0.0,0.0
R03,training,22,673,0,0.0,0.0,0.0,0.0
R03,training,22,674,0,0.0,0.0,0.0,0.0
R03,training,22,675,0,0.0,0.0,0.0,0.0
R03,training,22,676,0,0.0,0.0,0.0,0.0
R03,training,22,677,0,0.0,0.0,0.0,0.0
R03,training,22,678,0,0.0,0.0,0.0,0.0
R03,training,22,679,0,0.0,0.0,0.0,0.0
R03,training,22,680,0,0.0,0.0,0.0,0.0
R03,training,22,681,0,0.0,0.0,0.0,0.0
R03,training,22,682,0,0.0,0.0,0.0,0.0
R03,training,22,683,0,0.0,0.0,0.0,0.0
R03,training,22,684,0,0.0,0.0,0.0,0.0
R03,training,22,685,0,0.0,0.0,0.0,0.0
R03,training,22,686,0,0.0,0.0,0.0,0.0
R03,training,22,687,0,0.0,0.0,0.0,0.0
R03,training,22,688,0,0.0,0.0,0.0,0.0
R03,training,22,689,0,0.0,0.0,0.0,0.0
R03,training,22,690,0,0.0,0.0,0.0,0.0
R03,training,22,691,0,0.0,0.0,0.0,0.0
R03,training,22,692,0,0.0,0.0,0.0,0.0
R03,training,22,693,0,0.0,0.0,0.0,0.0
R03,training,22,694,0,0.0,0.0,0.0,0.0
R03,training,22,695,0,0.0,0.0,0.0,0.0
R03,training,22,696,0,0.0,0.0,0.0,0.0
R03,training,22,697,0,0.0,0.0,0.0,0.0
R03,training,22,698,0,0.0,0.0,0.0,0.0
R03,training,22,699,0,0.0,0.0,0.0,0.0
R03,training,22,700,0,0.0,0.0,0.0,0.0
R03,training,22,701,0,0.0,0.0,0.0,0.0
R03,training,22,702,0,0.0,0.0,0.0,0.0
R04,training,02,0,0,0.0,0.0,0.0,0.0
R04,training,02,1,0,0.0,0.0,0.0,0.0
R04,training,02,2,0,0.0,0.0,0.0,0.0
R04,training,02,3,0,0.0,0.0,0.0,0.0
R04,training,02,4,0,0.0,0.0,0.0,0.0
R04,training,02,5,0,0.0,0.0,0.0,0.0
R04,training,02,6,0,0.0,0.0,0.0,0.0
R04,training,02,7,0,0.0,0.0,0.0,0.0
R04,training,02,8,0,0.0,0.0,0.0,0.0
R04,training,02,9,0,0.0,0.0,0.0,0.0
R04,training,02,10,0,0.0,0.0,0.0,0.0
R04,training,02,11,0,0.0,0.0,0.0,0.0
R04,training,02,12,0,0.0,0.0,0.0,0.0
R04,training,02,13,0,0.0,0.0,0.0,0.0
R04,training,02,14,0,0.0,0.0,0.0,0.0
R04,training,02,15,0,0.0,0.0,0.0,0.0
R04,training,02,16,0,0.0,0.0,0.0,0.0
R04,training,02,17,0,0.0,0.0,0.0,0.0
R04,training,02,18,0,0.0,0.0,0.0,0.0
R04,training,02,19,0,0.0,0.0,0.0,0.0
R04,training,02,20,0,0.0,0.0,0.0,0.0
R04,training,02,21,0,0.0,0.0,0.0,0.0
R04,training,02,22,0,0.0,0.0,0.0,0.0
R04,training,02,23,0,0.0,0.0,0.0,0.0
R04,training,02,24,0,0.0,0.0,0.0,0.0
R04,training,02,25,0,0.0,0.0,0.0,0.0
R04,training,02,26,0,0.0,0.0,0.0,0.0
R04,training,02,27,0,0.0,0.0,0.0,0.0
R04,training,02,28,0,0.0,0.0,0.0,0.0
R04,training,02,29,0,0.0,0.0,0.0,0.0
R04,training,02,30,0,0.0,0.0,0.0,0.0
R04,training,02,31,0,0.0,0.0,0.0,0.0
R04,training,02,32,0,0.0,0.0,0.0,0.0
R04,training,02,33,0,0.0,0.0,0.0,0.0
R04,training,02,34,0,0.0,0.0,0.0,0.0
R04,training,02,35,0,0.0,0.0,0.0,0.0
R04,training,02,36,0,0.0,0.0,0.0,0.0
R04,training,02,37,0,0.0,0.0,0.0,0.0
R04,training,02,38,0,0.0,0.0,0.0,0.0
R04,training,02,39,0,0.0,0.0,0.0,0.0
R04,training,02,40,0,0.0,0.0,0.0,0.0
R04,training,02,41,0,0.0,0.0,0.0,0.0
R04,training,02,42,0,0.0,0.0,0.0,0.0
R04,training,02,43,0,0.0,0.0,0.0,0.0
R04,training,02,44,0,0.0,0.0,0.0,0.0
R04,training,02,45,0,0.0,0.0,0.0,0.0
R04,training,02,46,0,0.0,0.0,0.0,0.0
R04,training,02,47,0,0.0,0.0,0.0,0.0
R04,training,02,48,0,0.0,0.0,0.0,0.0
R04,training,02,49,0,0.0,0.0,0.0,0.0
R04,training,02,50,0,0.0,0.0,0.0,0.0
R04,training,02,51,0,0.0,0.0,0.0,0.0
R04,training,02,52,0,0.0,0.0,0.0,0.0
R04,training,02,53,0,0.0,0.0,0.0,0.0
R04,training,02,54,0,0.0,0.0,0.0,0.0
R04,training,02,55,0,0.0,0.0,0.0,0.0
R04,training,02,56,0,0.0,0.0,0.0,0.0
R04,training,02,57,0,0.0,0.0,0.0,0.0
R04,training,02,58,0,0.0,0.0,0.0,0.0
R04,training,02,59,0,0.0,0.0,0.0,0.0
R04,training,02,60,0,0.0,0.0,0.0,0.0
R04,training,02,61,0,0.0,0.0,0.0,0.0
R04,training,02,62,0,0.0,0.0,0.0,0.0
R04,training,02,63,0,0.0,0.0,0.0,0.0
R04,training,02,64,0,0.0,0.0,0.0,0.0
R04,training,02,65,0,0.0,0.0,0.0,0.0
R04,training,02,66,0,0.0,0.0,0.0,0.0
R04,training,02,67,0,0.0,0.0,0.0,0.0
R04,training,02,68,0,0.0,0.0,0.0,0.0
R04,training,02,69,0,0.0,0.0,0.0,0.0
R04,training,02,70,0,0.0,0.0,0.0,0.0
R04,training,02,71,0,0.0,0.0,0.0,0.0
R04,training,02,72,0,0.0,0.0,0.0,0.0
R04,training,02,73,0,0.0,0.0,0.0,0.0
R04,training,02,74,0,0.0,0.0,0.0,0.0
R04,training,02,75,0,0.0,0.0,0.0,0.0
R04,training,02,76,0,0.0,0.0,0.0,0.0
R04,training,02,77,0,0.0,0.0,0.0,0.0
R04,training,02,78,0,0.0,0.0,0.0,0.0
R04,training,02,79,0,0.0,0.0,0.0,0.0
R04,training,02,80,0,0.0,0.0,0.0,0.0
R04,training,02,81,0,0.0,0.0,0.0,0.0
R04,training,02,82,0,0.0,0.0,0.0,0.0
R04,training,02,83,0,0.0,0.0,0.0,0.0
R04,training,02,84,0,0.0,0.0,0.0,0.0
R04,training,02,85,0,0.0,0.0,0.0,0.0
R04,training,02,86,0,0.0,0.0,0.0,0.0
R04,training,02,87,0,0.0,0.0,0.0,0.0
R04,training,02,88,0,0.0,0.0,0.0,0.0
R04,training,02,89,0,0.0,0.0,0.0,0.0
R04,training,02,90,0,0.0,0.0,0.0,0.0
R04,training,02,91,0,0.0,0.0,0.0,0.0
R04,training,02,92,0,0.0,0.0,0.0,0.0
R04,training,02,93,0,0.0,0.0,0.0,0.0
R04,training,02,94,0,0.0,0.0,0.0,0.0
R04,training,02,95,0,0.0,0.0,0.0,0.0
R04,training,02,96,0,0.0,0.0,0.0,0.0
R04,training,02,97,0,0.0,0.0,0.0,0.0
R04,training,02,98,0,0.0,0.0,0.0,0.0
R04,training,02,99,0,0.0,0.0,0.0,0.0
R04,training,02,100,0,0.0,0.0,0.0,0.0
R04,training,02,101,0,0.0,0.0,0.0,0.0
R04,training,02,102,0,0.0,0.0,0.0,0.0
R04,training,02,103,0,0.0,0.0,0.0,0.0
R04,training,02,104,0,0.0,0.0,0.0,0.0
R04,training,02,105,0,0.0,0.0,0.0,0.0
R04,training,02,106,0,0.0,0.0,0.0,0.0
R04,training,02,107,0,0.0,0.0,0.0,0.0
R04,training,02,108,0,0.0,0.0,0.0,0.0
R04,training,02,109,0,0.0,0.0,0.0,0.0
R04,training,02,110,0,0.0,0.0,0.0,0.0
R04,training,02,111,0,0.0,0.0,0.0,0.0
R04,training,02,112,0,0.0,0.0,0.0,0.0
R04,training,02,113,0,0.0,0.0,0.0,0.0
R04,training,02,114,0,0.0,0.0,0.0,0.0
R04,training,02,115,0,0.0,0.0,0.0,0.0
R04,training,02,116,0,0.0,0.0,0.0,0.0
R04,training,02,117,0,0.0,0.0,0.0,0.0
R04,training,02,118,0,0.0,0.0,0.0,0.0
R04,training,02,119,0,0.0,0.0,0.0,0.0
R04,training,02,120,0,0.0,0.0,0.0,0.0
R04,training,02,121,0,0.0,0.0,0.0,0.0
R04,training,02,122,0,0.0,0.0,0.0,0.0
R04,training,02,123,0,0.0,0.0,0.0,0.0
R04,training,02,124,0,0.0,0.0,0.0,0.0
R04,training,02,125,0,0.0,0.0,0.0,0.0
R04,training,02,126,0,0.0,0.0,0.0,0.0
R04,training,02,127,0,0.0,0.0,0.0,0.0
R04,training,02,128,0,0.0,0.0,0.0,0.0
R04,training,02,129,0,0.0,0.0,0.0,0.0
R04,training,02,130,0,0.0,0.0,0.0,0.0
R04,training,02,131,0,0.0,0.0,0.0,0.0
R04,training,02,132,0,0.0,0.0,0.0,0.0
R04,training,02,133,0,0.0,0.0,0.0,0.0
R04,training,02,134,0,0.0,0.0,0.0,0.0
R04,training,02,135,0,0.0,0.0,0.0,0.0
R04,training,02,136,0,0.0,0.0,0.0,0.0
R04,training,02,137,0,0.0,0.0,0.0,0.0
R04,training,02,138,0,0.0,0.0,0.0,0.0
R04,training,02,139,0,0.0,0.0,0.0,0.0
R04,training,02,140,0,0.0,0.0,0.0,0.0
R04,training,02,141,0,0.0,0.0,0.0,0.0
R04,training,02,142,0,0.0,0.0,0.0,0.0
R04,training,02,143,0,0.0,0.0,0.0,0.0
R04,training,02,144,0,0.0,0.0,0.0,0.0
R04,training,02,145,0,0.0,0.0,0.0,0.0
R04,training,02,146,0,0.0,0.0,0.0,0.0
R04,training,02,147,0,0.0,0.0,0.0,0.0
R04,training,02,148,0,0.0,0.0,0.0,0.0
R04,training,02,149,0,0.0,0.0,0.0,0.0
R04,training,02,150,0,0.0,0.0,0.0,0.0
R04,training,02,151,0,0.0,0.0,0.0,0.0
R04,training,02,152,0,0.0,0.0,0.0,0.0
R04,training,02,153,0,0.0,0.0,0.0,0.0
R04,training,02,154,0,0.0,0.0,0.0,0.0
R04,training,02,155,0,0.0,0.0,0.0,0.0
R04,training,02,156,0,0.0,0.0,0.0,0.0
R04,training,02,157,0,0.0,0.0,0.0,0.0
R04,training,02,158,0,0.0,0.0,0.0,0.0
R04,training,02,159,0,0.0,0.0,0.0,0.0
R04,training,02,160,0,0.0,0.0,0.0,0.0
R04,training,02,161,0,0.0,0.0,0.0,0.0
R04,training,02,162,0,0.0,0.0,0.0,0.0
R04,training,02,163,0,0.0,0.0,0.0,0.0
R04,training,02,164,0,0.0,0.0,0.0,0.0
R04,training,02,165,0,0.0,0.0,0.0,0.0
R04,training,02,166,0,0.0,0.0,0.0,0.0
R04,training,02,167,0,0.0,0.0,0.0,0.0
R04,training,02,168,0,0.0,0.0,0.0,0.0
R04,training,02,169,0,0.0,0.0,0.0,0.0
R04,training,02,170,0,0.0,0.0,0.0,0.0
R04,training,02,171,0,0.0,0.0,0.0,0.0
R04,training,02,172,0,0.0,0.0,0.0,0.0
R04,training,02,173,0,0.0,0.0,0.0,0.0
R04,training,02,174,0,0.0,0.0,0.0,0.0
R04,training,02,175,0,0.0,0.0,0.0,0.0
R04,training,02,176,0,0.0,0.0,0.0,0.0
R04,training,02,177,0,0.0,0.0,0.0,0.0
R04,training,02,178,0,0.0,0.0,0.0,0.0
R04,training,02,179,0,0.0,0.0,0.0,0.0
R04,training,02,180,0,0.0,0.0,0.0,0.0
R04,training,02,181,0,0.0,0.0,0.0,0.0
R04,training,02,182,0,0.0,0.0,0.0,0.0
R04,training,02,183,0,0.0,0.0,0.0,0.0
R04,training,02,184,0,0.0,0.0,0.0,0.0
R04,training,02,185,0,0.0,0.0,0.0,0.0
R04,training,02,186,0,0.0,0.0,0.0,0.0
R04,training,02,187,0,0.0,0.0,0.0,0.0
R04,training,02,188,0,0.0,0.0,0.0,0.0
R04,training,02,189,0,0.0,0.0,0.0,0.0
R04,training,02,190,0,0.0,0.0,0.0,0.0
R04,training,02,191,0,0.0,0.0,0.0,0.0
R04,training,02,192,0,0.0,0.0,0.0,0.0
R04,training,02,193,0,0.0,0.0,0.0,0.0
R04,training,02,194,0,0.0,0.0,0.0,0.0
R04,training,02,195,0,0.0,0.0,0.0,0.0
R04,training,02,196,0,0.0,0.0,0.0,0.0
R04,training,02,197,0,0.0,0.0,0.0,0.0
R04,training,02,198,0,0.0,0.0,0.0,0.0
R04,training,02,199,0,0.0,0.0,0.0,0.0
R04,training,02,200,0,0.0,0.0,0.0,0.0
R04,training,02,201,0,0.0,0.0,0.0,0.0
R04,training,02,202,0,0.0,0.0,0.0,0.0
R04,training,02,203,0,0.0,0.0,0.0,0.0
R04,training,02,204,0,0.0,0.0,0.0,0.0
R04,training,02,205,0,0.0,0.0,0.0,0.0
R04,training,02,206,0,0.0,0.0,0.0,0.0
R04,training,02,207,0,0.0,0.0,0.0,0.0
R04,training,02,208,0,0.0,0.0,0.0,0.0
R04,training,02,209,0,0.0,0.0,0.0,0.0
R04,training,02,210,0,0.0,0.0,0.0,0.0
R04,training,02,211,0,0.0,0.0,0.0,0.0
R04,training,02,212,0,0.0,0.0,0.0,0.0
R04,training,02,213,0,0.0,0.0,0.0,0.0
R04,training,02,214,0,0.0,0.0,0.0,0.0
R04,training,02,215,0,0.0,0.0,0.0,0.0
R04,training,02,216,0,0.0,0.0,0.0,0.0
R04,training,02,217,0,0.0,0.0,0.0,0.0
R04,training,02,218,0,0.0,0.0,0.0,0.0
R04,training,02,219,0,0.0,0.0,0.0,0.0
R04,training,02,220,0,0.0,0.0,0.0,0.0
R04,training,02,221,0,0.0,0.0,0.0,0.0
R04,training,02,222,0,0.0,0.0,0.0,0.0
R04,training,02,223,0,0.0,0.0,0.0,0.0
R04,training,02,224,0,0.0,0.0,0.0,0.0
R04,training,02,225,0,0.0,0.0,0.0,0.0
R04,training,02,226,0,0.0,0.0,0.0,0.0
R04,training,02,227,0,0.0,0.0,0.0,0.0
R04,training,02,228,0,0.0,0.0,0.0,0.0
R04,training,02,229,0,0.0,0.0,0.0,0.0
R04,training,02,230,0,0.0,0.0,0.0,0.0
R04,training,02,231,0,0.0,0.0,0.0,0.0
R04,training,02,232,0,0.0,0.0,0.0,0.0
R04,training,02,233,0,0.0,0.0,0.0,0.0
R04,training,02,234,0,0.0,0.0,0.0,0.0
R04,training,02,235,0,0.0,0.0,0.0,0.0
R04,training,02,236,0,0.0,0.0,0.0,0.0
R04,training,02,237,0,0.0,0.0,0.0,0.0
R04,training,02,238,0,0.0,0.0,0.0,0.0
R04,training,02,239,0,0.0,0.0,0.0,0.0
R04,training,02,240,0,0.0,0.0,0.0,0.0
R04,training,02,241,0,0.0,0.0,0.0,0.0
R04,training,02,242,0,0.0,0.0,0.0,0.0
R04,training,02,243,0,0.0,0.0,0.0,0.0
R04,training,02,244,0,0.0,0.0,0.0,0.0
R04,training,02,245,0,0.0,0.0,0.0,0.0
R04,training,02,246,0,0.0,0.0,0.0,0.0
R04,training,02,247,0,0.0,0.0,0.0,0.0
R04,training,02,248,0,0.0,0.0,0.0,0.0
R04,training,02,249,0,0.0,0.0,0.0,0.0
R04,training,02,250,0,0.0,0.0,0.0,0.0
R04,training,02,251,0,0.0,0.0,0.0,0.0
R04,training,02,252,0,0.0,0.0,0.0,0.0
R04,training,02,253,0,0.0,0.0,0.0,0.0
R04,training,02,254,0,0.0,0.0,0.0,0.0
R04,training,02,255,0,0.0,0.0,0.0,0.0
R04,training,02,256,0,0.0,0.0,0.0,0.0
R04,training,02,257,0,0.0,0.0,0.0,0.0
R04,training,02,258,0,0.0,0.0,0.0,0.0
R04,training,02,259,0,0.0,0.0,0.0,0.0
R04,training,02,260,0,0.0,0.0,0.0,0.0
R04,training,02,261,0,0.0,0.0,0.0,0.0
R04,training,02,262,0,0.0,0.0,0.0,0.0
R04,training,02,263,0,0.0,0.0,0.0,0.0
R04,training,02,264,0,0.0,0.0,0.0,0.0
R04,training,02,265,0,0.0,0.0,0.0,0.0
R04,training,02,266,0,0.0,0.0,0.0,0.0
R04,training,02,267,0,0.0,0.0,0.0,0.0
R04,training,02,268,0,0.0,0.0,0.0,0.0
R04,training,02,269,0,0.0,0.0,0.0,0.0
R04,training,02,270,0,0.0,0.0,0.0,0.0
R04,training,02,271,0,0.0,0.0,0.0,0.0
R04,training,02,272,0,0.0,0.0,0.0,0.0
R04,training,02,273,0,0.0,0.0,0.0,0.0
R04,training,02,274,0,0.0,0.0,0.0,0.0
R04,training,02,275,0,0.0,0.0,0.0,0.0
R04,training,02,276,0,0.0,0.0,0.0,0.0
R04,training,02,277,0,0.0,0.0,0.0,0.0
R04,training,02,278,0,0.0,0.0,0.0,0.0
R04,training,02,279,0,0.0,0.0,0.0,0.0
R04,training,02,280,0,0.0,0.0,0.0,0.0
R04,training,02,281,0,0.0,0.0,0.0,0.0
R04,training,02,282,0,0.0,0.0,0.0,0.0
R04,training,02,283,0,0.0,0.0,0.0,0.0
R04,training,02,284,0,0.0,0.0,0.0,0.0
R04,training,02,285,0,0.0,0.0,0.0,0.0
R04,training,02,286,0,0.0,0.0,0.0,0.0
R04,training,02,287,0,0.0,0.0,0.0,0.0
R04,training,02,288,0,0.0,0.0,0.0,0.0
R04,training,02,289,0,0.0,0.0,0.0,0.0
R04,training,02,290,0,0.0,0.0,0.0,0.0
R04,training,02,291,0,0.0,0.0,0.0,0.0
R04,training,02,292,0,0.0,0.0,0.0,0.0
R04,training,02,293,0,0.0,0.0,0.0,0.0
R04,training,02,294,0,0.0,0.0,0.0,0.0
R04,training,02,295,0,0.0,0.0,0.0,0.0
R04,training,02,296,0,0.0,0.0,0.0,0.0
R04,training,02,297,0,0.0,0.0,0.0,0.0
R04,training,02,298,0,0.0,0.0,0.0,0.0
R04,training,02,299,0,0.0,0.0,0.0,0.0
R04,training,02,300,0,0.0,0.0,0.0,0.0
R04,training,02,301,0,0.0,0.0,0.0,0.0
R04,training,02,302,0,0.0,0.0,0.0,0.0
R04,training,02,303,0,0.0,0.0,0.0,0.0
R04,training,02,304,0,0.0,0.0,0.0,0.0
R04,training,02,305,0,0.0,0.0,0.0,0.0
R04,training,02,306,0,0.0,0.0,0.0,0.0
R04,training,02,307,0,0.0,0.0,0.0,0.0
R04,training,02,308,0,0.0,0.0,0.0,0.0
R04,training,02,309,0,0.0,0.0,0.0,0.0
R04,training,02,310,0,0.0,0.0,0.0,0.0
R04,training,02,311,0,0.0,0.0,0.0,0.0
R04,training,02,312,0,0.0,0.0,0.0,0.0
R04,training,02,313,0,0.0,0.0,0.0,0.0
R04,training,02,314,0,0.0,0.0,0.0,0.0
R04,training,02,315,0,0.0,0.0,0.0,0.0
R04,training,02,316,0,0.0,0.0,0.0,0.0
R04,training,02,317,0,0.0,0.0,0.0,0.0
R04,training,02,318,0,0.0,0.0,0.0,0.0
R04,training,02,319,0,0.0,0.0,0.0,0.0
R04,training,02,320,0,0.0,0.0,0.0,0.0
R04,training,02,321,0,0.0,0.0,0.0,0.0
R04,training,02,322,0,0.0,0.0,0.0,0.0
R04,training,02,323,0,0.0,0.0,0.0,0.0
R04,training,02,324,0,0.0,0.0,0.0,0.0
R04,training,02,325,0,0.0,0.0,0.0,0.0
R04,training,02,326,0,0.0,0.0,0.0,0.0
R04,training,02,327,0,0.0,0.0,0.0,0.0
R04,training,02,328,0,0.0,0.0,0.0,0.0
R04,training,02,329,0,0.0,0.0,0.0,0.0
R04,training,02,330,0,0.0,0.0,0.0,0.0
R04,training,02,331,0,0.0,0.0,0.0,0.0
R04,training,02,332,0,0.0,0.0,0.0,0.0
R04,training,02,333,0,0.0,0.0,0.0,0.0
R04,training,02,334,0,0.0,0.0,0.0,0.0
R04,training,02,335,0,0.0,0.0,0.0,0.0
R04,training,02,336,0,0.0,0.0,0.0,0.0
R04,training,02,337,0,0.0,0.0,0.0,0.0
R04,training,02,338,0,0.0,0.0,0.0,0.0
R04,training,02,339,0,0.0,0.0,0.0,0.0
R04,training,02,340,0,0.0,0.0,0.0,0.0
R04,training,02,341,0,0.0,0.0,0.0,0.0
R04,training,02,342,0,0.0,0.0,0.0,0.0
R04,training,02,343,0,0.0,0.0,0.0,0.0
R04,training,02,344,0,0.0,0.0,0.0,0.0
R04,training,02,345,0,0.0,0.0,0.0,0.0
R04,training,02,346,0,0.0,0.0,0.0,0.0
R04,training,02,347,0,0.0,0.0,0.0,0.0
R04,training,02,348,0,0.0,0.0,0.0,0.0
R04,training,02,349,0,0.0,0.0,0.0,0.0
R04,training,02,350,0,0.0,0.0,0.0,0.0
R04,training,02,351,0,0.0,0.0,0.0,0.0
R04,training,02,352,0,0.0,0.0,0.0,0.0
R04,training,02,353,0,0.0,0.0,0.0,0.0
R04,training,02,354,0,0.0,0.0,0.0,0.0
R04,training,02,355,0,0.0,0.0,0.0,0.0
R04,training,02,356,0,0.0,0.0,0.0,0.0
R04,training,02,357,0,0.0,0.0,0.0,0.0
R04,training,02,358,0,0.0,0.0,0.0,0.0
R04,training,02,359,0,0.0,0.0,0.0,0.0
R04,training,02,360,0,0.0,0.0,0.0,0.0
R04,training,02,361,0,0.0,0.0,0.0,0.0
R04,training,02,362,0,0.0,0.0,0.0,0.0
R04,training,02,363,0,0.0,0.0,0.0,0.0
R04,training,02,364,0,0.0,0.0,0.0,0.0
R04,training,02,365,0,0.0,0.0,0.0,0.0
R04,training,02,366,0,0.0,0.0,0.0,0.0
R04,training,02,367,0,0.0,0.0,0.0,0.0
R04,training,02,368,0,0.0,0.0,0.0,0.0
R04,training,02,369,0,0.0,0.0,0.0,0.0
R04,training,02,370,0,0.0,0.0,0.0,0.0
R04,training,02,371,0,0.0,0.0,0.0,0.0
R04,training,02,372,0,0.0,0.0,0.0,0.0
R04,training,02,373,0,0.0,0.0,0.0,0.0
R04,training,02,374,0,0.0,0.0,0.0,0.0
R04,training,02,375,0,0.0,0.0,0.0,0.0
R04,training,02,376,0,0.0,0.0,0.0,0.0
R04,training,02,377,0,0.0,0.0,0.0,0.0
R04,training,02,378,0,0.0,0.0,0.0,0.0
R04,training,02,379,0,0.0,0.0,0.0,0.0
R04,training,02,380,0,0.0,0.0,0.0,0.0
R04,training,02,381,0,0.0,0.0,0.0,0.0
R04,training,02,382,0,0.0,0.0,0.0,0.0
R04,training,02,383,0,0.0,0.0,0.0,0.0
R04,training,02,384,0,0.0,0.0,0.0,0.0
R04,training,02,385,0,0.0,0.0,0.0,0.0
R04,training,02,386,0,0.0,0.0,0.0,0.0
R04,training,02,387,0,0.0,0.0,0.0,0.0
R04,training,02,388,0,0.0,0.0,0.0,0.0
R04,training,02,389,0,0.0,0.0,0.0,0.0
R04,training,02,390,0,0.0,0.0,0.0,0.0
R04,training,02,391,0,0.0,0.0,0.0,0.0
R04,training,02,392,0,0.0,0.0,0.0,0.0
R04,training,02,393,0,0.0,0.0,0.0,0.0
R04,training,02,394,0,0.0,0.0,0.0,0.0
R04,training,02,395,0,0.0,0.0,0.0,0.0
R04,training,02,396,0,0.0,0.0,0.0,0.0
R04,training,02,397,0,0.0,0.0,0.0,0.0
R04,training,02,398,0,0.0,0.0,0.0,0.0
R04,training,02,399,0,0.0,0.0,0.0,0.0
R04,training,02,400,0,0.0,0.0,0.0,0.0
R04,training,02,401,0,0.0,0.0,0.0,0.0
R04,training,02,402,0,0.0,0.0,0.0,0.0
R04,training,02,403,0,0.0,0.0,0.0,0.0
R04,training,02,404,0,0.0,0.0,0.0,0.0
R04,training,02,405,0,0.0,0.0,0.0,0.0
R04,training,02,406,0,0.0,0.0,0.0,0.0
R04,training,02,407,0,0.0,0.0,0.0,0.0
R04,training,02,408,0,0.0,0.0,0.0,0.0
R04,training,17,0,0,0.0,0.0,0.0,0.0
R04,training,17,1,0,0.0,0.0,0.0,0.0
R04,training,17,2,0,0.0,0.0,0.0,0.0
R04,training,17,3,0,0.0,0.0,0.0,0.0
R04,training,17,4,0,0.0,0.0,0.0,0.0
R04,training,17,5,0,0.0,0.0,0.0,0.0
R04,training,17,6,0,0.0,0.0,0.0,0.0
R04,training,17,7,0,0.0,0.0,0.0,0.0
R04,training,17,8,0,0.0,0.0,0.0,0.0
R04,training,17,9,0,0.0,0.0,0.0,0.0
R04,training,17,10,0,0.0,0.0,0.0,0.0
R04,training,17,11,0,0.0,0.0,0.0,0.0
R04,training,17,12,0,0.0,0.0,0.0,0.0
R04,training,17,13,0,0.0,0.0,0.0,0.0
R04,training,17,14,0,0.0,0.0,0.0,0.0
R04,training,17,15,0,0.0,0.0,0.0,0.0
R04,training,17,16,0,0.0,0.0,0.0,0.0
R04,training,17,17,0,0.0,0.0,0.0,0.0
R04,training,17,18,0,0.0,0.0,0.0,0.0
R04,training,17,19,0,0.0,0.0,0.0,0.0
R04,training,17,20,0,0.0,0.0,0.0,0.0
R04,training,17,21,0,0.0,0.0,0.0,0.0
R04,training,17,22,0,0.0,0.0,0.0,0.0
R04,training,17,23,0,0.0,0.0,0.0,0.0
R04,training,17,24,0,0.0,0.0,0.0,0.0
R04,training,17,25,0,0.0,0.0,0.0,0.0
R04,training,17,26,0,0.0,0.0,0.0,0.0
R04,training,17,27,0,0.0,0.0,0.0,0.0
R04,training,17,28,0,0.0,0.0,0.0,0.0
R04,training,17,29,0,0.0,0.0,0.0,0.0
R04,training,17,30,0,0.0,0.0,0.0,0.0
R04,training,17,31,0,0.0,0.0,0.0,0.0
R04,training,17,32,0,0.0,0.0,0.0,0.0
R04,training,17,33,0,0.0,0.0,0.0,0.0
R04,training,17,34,0,0.0,0.0,0.0,0.0
R04,training,17,35,0,0.0,0.0,0.0,0.0
R04,training,17,36,0,0.0,0.0,0.0,0.0
R04,training,17,37,0,0.0,0.0,0.0,0.0
R04,training,17,38,0,0.0,0.0,0.0,0.0
R04,training,17,39,0,0.0,0.0,0.0,0.0
R04,training,17,40,0,0.0,0.0,0.0,0.0
R04,training,17,41,0,0.0,0.0,0.0,0.0
R04,training,17,42,0,0.0,0.0,0.0,0.0
R04,training,17,43,0,0.0,0.0,0.0,0.0
R04,training,17,44,0,0.0,0.0,0.0,0.0
R04,training,17,45,0,0.0,0.0,0.0,0.0
R04,training,17,46,0,0.0,0.0,0.0,0.0
R04,training,17,47,0,0.0,0.0,0.0,0.0
R04,training,17,48,0,0.0,0.0,0.0,0.0
R04,training,17,49,0,0.0,0.0,0.0,0.0
R04,training,17,50,0,0.0,0.0,0.0,0.0
R04,training,17,51,0,0.0,0.0,0.0,0.0
R04,training,17,52,0,0.0,0.0,0.0,0.0
R04,training,17,53,0,0.0,0.0,0.0,0.0
R04,training,17,54,0,0.0,0.0,0.0,0.0
R04,training,17,55,0,0.0,0.0,0.0,0.0
R04,training,17,56,0,0.0,0.0,0.0,0.0
R04,training,17,57,0,0.0,0.0,0.0,0.0
R04,training,17,58,0,0.0,0.0,0.0,0.0
R04,training,17,59,0,0.0,0.0,0.0,0.0
R04,training,17,60,0,0.0,0.0,0.0,0.0
R04,training,17,61,0,0.0,0.0,0.0,0.0
R04,training,17,62,0,0.0,0.0,0.0,0.0
R04,training,17,63,0,0.0,0.0,0.0,0.0
R04,training,17,64,0,0.0,0.0,0.0,0.0
R04,training,17,65,0,0.0,0.0,0.0,0.0
R04,training,17,66,0,0.0,0.0,0.0,0.0
R04,training,17,67,0,0.0,0.0,0.0,0.0
R04,training,17,68,0,0.0,0.0,0.0,0.0
R04,training,17,69,0,0.0,0.0,0.0,0.0
R04,training,17,70,0,0.0,0.0,0.0,0.0
R04,training,17,71,0,0.0,0.0,0.0,0.0
R04,training,17,72,0,0.0,0.0,0.0,0.0
R04,training,17,73,0,0.0,0.0,0.0,0.0
R04,training,17,74,0,0.0,0.0,0.0,0.0
R04,training,17,75,0,0.0,0.0,0.0,0.0
R04,training,17,76,0,0.0,0.0,0.0,0.0
R04,training,17,77,0,0.0,0.0,0.0,0.0
R04,training,17,78,0,0.0,0.0,0.0,0.0
R04,training,17,79,0,0.0,0.0,0.0,0.0
R04,training,17,80,0,0.0,0.0,0.0,0.0
R04,training,17,81,0,0.0,0.0,0.0,0.0
R04,training,17,82,0,0.0,0.0,0.0,0.0
R04,training,17,83,0,0.0,0.0,0.0,0.0
R04,training,17,84,0,0.0,0.0,0.0,0.0
R04,training,17,85,0,0.0,0.0,0.0,0.0
R04,training,17,86,0,0.0,0.0,0.0,0.0
R04,training,17,87,0,0.0,0.0,0.0,0.0
R04,training,17,88,0,0.0,0.0,0.0,0.0
R04,training,17,89,0,0.0,0.0,0.0,0.0
R04,training,17,90,0,0.0,0.0,0.0,0.0
R04,training,17,91,0,0.0,0.0,0.0,0.0
R04,training,17,92,0,0.0,0.0,0.0,0.0
R04,training,17,93,0,0.0,0.0,0.0,0.0
R04,training,17,94,0,0.0,0.0,0.0,0.0
R04,training,17,95,0,0.0,0.0,0.0,0.0
R04,training,17,96,0,0.0,0.0,0.0,0.0
R04,training,17,97,0,0.0,0.0,0.0,0.0
R04,training,17,98,0,0.0,0.0,0.0,0.0
R04,training,17,99,0,0.0,0.0,0.0,0.0
R04,training,17,100,0,0.0,0.0,0.0,0.0
R04,training,17,101,0,0.0,0.0,0.0,0.0
R04,training,17,102,0,0.0,0.0,0.0,0.0
R04,training,17,103,0,0.0,0.0,0.0,0.0
R04,training,17,104,0,0.0,0.0,0.0,0.0
R04,training,17,105,0,0.0,0.0,0.0,0.0
R04,training,17,106,0,0.0,0.0,0.0,0.0
R04,training,17,107,0,0.0,0.0,0.0,0.0
R04,training,17,108,0,0.0,0.0,0.0,0.0
R04,training,17,109,0,0.0,0.0,0.0,0.0
R04,training,17,110,0,0.0,0.0,0.0,0.0
R04,training,17,111,0,0.0,0.0,0.0,0.0
R04,training,17,112,0,0.0,0.0,0.0,0.0
R04,training,17,113,0,0.0,0.0,0.0,0.0
R04,training,17,114,0,0.0,0.0,0.0,0.0
R04,training,17,115,0,0.0,0.0,0.0,0.0
R04,training,17,116,0,0.0,0.0,0.0,0.0
R04,training,17,117,0,0.0,0.0,0.0,0.0
R04,training,17,118,0,0.0,0.0,0.0,0.0
R04,training,17,119,0,0.0,0.0,0.0,0.0
R04,training,17,120,0,0.0,0.0,0.0,0.0
R04,training,17,121,0,0.0,0.0,0.0,0.0
R04,training,17,122,0,0.0,0.0,0.0,0.0
R04,training,17,123,0,0.0,0.0,0.0,0.0
R04,training,17,124,0,0.0,0.0,0.0,0.0
R04,training,17,125,0,0.0,0.0,0.0,0.0
R04,training,17,126,0,0.0,0.0,0.0,0.0
R04,training,17,127,0,0.0,0.0,0.0,0.0
R04,training,17,128,0,0.0,0.0,0.0,0.0
R04,training,17,129,0,0.0,0.0,0.0,0.0
R04,training,17,130,0,0.0,0.0,0.0,0.0
R04,training,17,131,0,0.0,0.0,0.0,0.0
R04,training,17,132,0,0.0,0.0,0.0,0.0
R04,training,17,133,0,0.0,0.0,0.0,0.0
R04,training,17,134,0,0.0,0.0,0.0,0.0
R04,training,17,135,0,0.0,0.0,0.0,0.0
R04,training,17,136,0,0.0,0.0,0.0,0.0
R04,training,17,137,0,0.0,0.0,0.0,0.0
R04,training,17,138,0,0.0,0.0,0.0,0.0
R04,training,17,139,0,0.0,0.0,0.0,0.0
R04,training,17,140,0,0.0,0.0,0.0,0.0
R04,training,17,141,0,0.0,0.0,0.0,0.0
R04,training,17,142,0,0.0,0.0,0.0,0.0
R04,training,17,143,0,0.0,0.0,0.0,0.0
R04,training,17,144,0,0.0,0.0,0.0,0.0
R04,training,17,145,0,0.0,0.0,0.0,0.0
R04,training,17,146,0,0.0,0.0,0.0,0.0
R04,training,17,147,0,0.0,0.0,0.0,0.0
R04,training,17,148,0,0.0,0.0,0.0,0.0
R04,training,17,149,0,0.0,0.0,0.0,0.0
R04,training,17,150,0,0.0,0.0,0.0,0.0
R04,training,17,151,0,0.0,0.0,0.0,0.0
R04,training,17,152,0,0.0,0.0,0.0,0.0
R04,training,17,153,0,0.0,0.0,0.0,0.0
R04,training,17,154,0,0.0,0.0,0.0,0.0
R04,training,17,155,0,0.0,0.0,0.0,0.0
R04,training,17,156,0,0.0,0.0,0.0,0.0
R04,training,17,157,0,0.0,0.0,0.0,0.0
R04,training,17,158,0,0.0,0.0,0.0,0.0
R04,training,17,159,0,0.0,0.0,0.0,0.0
R04,training,17,160,0,0.0,0.0,0.0,0.0
R04,training,17,161,0,0.0,0.0,0.0,0.0
R04,training,17,162,0,0.0,0.0,0.0,0.0
R04,training,17,163,0,0.0,0.0,0.0,0.0
R04,training,17,164,0,0.0,0.0,0.0,0.0
R04,training,17,165,0,0.0,0.0,0.0,0.0
R04,training,17,166,0,0.0,0.0,0.0,0.0
R04,training,17,167,0,0.0,0.0,0.0,0.0
R04,training,17,168,0,0.0,0.0,0.0,0.0
R04,training,17,169,0,0.0,0.0,0.0,0.0
R04,training,17,170,0,0.0,0.0,0.0,0.0
R04,training,17,171,0,0.0,0.0,0.0,0.0
R04,training,17,172,0,0.0,0.0,0.0,0.0
R04,training,17,173,0,0.0,0.0,0.0,0.0
R04,training,17,174,0,0.0,0.0,0.0,0.0
R04,training,17,175,0,0.0,0.0,0.0,0.0
R04,training,17,176,0,0.0,0.0,0.0,0.0
R04,training,17,177,0,0.0,0.0,0.0,0.0
R04,training,17,178,0,0.0,0.0,0.0,0.0
R04,training,17,179,0,0.0,0.0,0.0,0.0
R04,training,17,180,0,0.0,0.0,0.0,0.0
R04,training,17,181,0,0.0,0.0,0.0,0.0
R04,training,17,182,0,0.0,0.0,0.0,0.0
R04,training,17,183,0,0.0,0.0,0.0,0.0
R04,training,17,184,0,0.0,0.0,0.0,0.0
R04,training,17,185,0,0.0,0.0,0.0,0.0
R04,training,17,186,0,0.0,0.0,0.0,0.0
R04,training,17,187,0,0.0,0.0,0.0,0.0
R04,training,17,188,0,0.0,0.0,0.0,0.0
R04,training,17,189,0,0.0,0.0,0.0,0.0
R04,training,17,190,0,0.0,0.0,0.0,0.0
R04,training,17,191,0,0.0,0.0,0.0,0.0
R04,training,17,192,0,0.0,0.0,0.0,0.0
R04,training,17,193,0,0.0,0.0,0.0,0.0
R04,training,17,194,0,0.0,0.0,0.0,0.0
R04,training,17,195,0,0.0,0.0,0.0,0.0
R04,training,17,196,0,0.0,0.0,0.0,0.0
R04,training,17,197,0,0.0,0.0,0.0,0.0
R04,training,17,198,0,0.0,0.0,0.0,0.0
R04,training,17,199,0,0.0,0.0,0.0,0.0
R04,training,17,200,0,0.0,0.0,0.0,0.0
R04,training,17,201,0,0.0,0.0,0.0,0.0
R04,training,17,202,0,0.0,0.0,0.0,0.0
R04,training,17,203,0,0.0,0.0,0.0,0.0
R04,training,17,204,0,0.0,0.0,0.0,0.0
R04,training,17,205,0,0.0,0.0,0.0,0.0
R04,training,17,206,0,0.0,0.0,0.0,0.0
R04,training,17,207,0,0.0,0.0,0.0,0.0
R04,training,17,208,0,0.0,0.0,0.0,0.0
R04,training,17,209,0,0.0,0.0,0.0,0.0
R04,training,17,210,0,0.0,0.0,0.0,0.0
R04,training,17,211,0,0.0,0.0,0.0,0.0
R04,training,17,212,0,0.0,0.0,0.0,0.0
R04,training,17,213,0,0.0,0.0,0.0,0.0
R04,training,17,214,0,0.0,0.0,0.0,0.0
R04,training,17,215,0,0.0,0.0,0.0,0.0
R04,training,17,216,0,0.0,0.0,0.0,0.0
R04,training,17,217,0,0.0,0.0,0.0,0.0
R04,training,17,218,0,0.0,0.0,0.0,0.0
R04,training,17,219,0,0.0,0.0,0.0,0.0
R04,training,17,220,0,0.0,0.0,0.0,0.0
R04,training,17,221,0,0.0,0.0,0.0,0.0
R04,training,17,222,0,0.0,0.0,0.0,0.0
R04,training,17,223,0,0.0,0.0,0.0,0.0
R04,training,17,224,0,0.0,0.0,0.0,0.0
R04,training,17,225,0,0.0,0.0,0.0,0.0
R04,training,17,226,0,0.0,0.0,0.0,0.0
R04,training,17,227,0,0.0,0.0,0.0,0.0
R04,training,17,228,0,0.0,0.0,0.0,0.0
R04,training,17,229,0,0.0,0.0,0.0,0.0
R04,training,17,230,0,0.0,0.0,0.0,0.0
R04,training,17,231,0,0.0,0.0,0.0,0.0
R04,training,17,232,0,0.0,0.0,0.0,0.0
R04,training,17,233,0,0.0,0.0,0.0,0.0
R04,training,17,234,0,0.0,0.0,0.0,0.0
R04,training,17,235,0,0.0,0.0,0.0,0.0
R04,training,17,236,0,0.0,0.0,0.0,0.0
R04,training,17,237,0,0.0,0.0,0.0,0.0
R04,training,17,238,0,0.0,0.0,0.0,0.0
R04,training,17,239,0,0.0,0.0,0.0,0.0
R04,training,17,240,0,0.0,0.0,0.0,0.0
R04,training,17,241,0,0.0,0.0,0.0,0.0
R04,training,17,242,0,0.0,0.0,0.0,0.0
R04,training,17,243,0,0.0,0.0,0.0,0.0
R04,training,17,244,0,0.0,0.0,0.0,0.0
R04,training,17,245,0,0.0,0.0,0.0,0.0
R04,training,17,246,0,0.0,0.0,0.0,0.0
R04,training,17,247,0,0.0,0.0,0.0,0.0
R04,training,17,248,0,0.0,0.0,0.0,0.0
R04,training,17,249,0,0.0,0.0,0.0,0.0
R04,training,17,250,0,0.0,0.0,0.0,0.0
R04,training,17,251,0,0.0,0.0,0.0,0.0
R04,training,17,252,0,0.0,0.0,0.0,0.0
R04,training,17,253,0,0.0,0.0,0.0,0.0
R04,training,17,254,0,0.0,0.0,0.0,0.0
R04,training,17,255,0,0.0,0.0,0.0,0.0
R04,training,17,256,0,0.0,0.0,0.0,0.0
R04,training,17,257,0,0.0,0.0,0.0,0.0
R04,training,17,258,0,0.0,0.0,0.0,0.0
R04,training,17,259,0,0.0,0.0,0.0,0.0
R04,training,17,260,0,0.0,0.0,0.0,0.0
R04,training,17,261,0,0.0,0.0,0.0,0.0
R04,training,17,262,0,0.0,0.0,0.0,0.0
R04,training,17,263,0,0.0,0.0,0.0,0.0
R04,training,17,264,0,0.0,0.0,0.0,0.0
R04,training,17,265,0,0.0,0.0,0.0,0.0
R04,training,17,266,0,0.0,0.0,0.0,0.0
R04,training,17,267,0,0.0,0.0,0.0,0.0
R04,training,17,268,0,0.0,0.0,0.0,0.0
R04,training,17,269,0,0.0,0.0,0.0,0.0
R04,training,17,270,0,0.0,0.0,0.0,0.0
R04,training,17,271,0,0.0,0.0,0.0,0.0
R04,training,17,272,0,0.0,0.0,0.0,0.0
R04,training,17,273,0,0.0,0.0,0.0,0.0
R04,training,17,274,0,0.0,0.0,0.0,0.0
R04,training,17,275,0,0.0,0.0,0.0,0.0
R04,training,17,276,0,0.0,0.0,0.0,0.0
R04,training,17,277,0,0.0,0.0,0.0,0.0
R04,training,17,278,0,0.0,0.0,0.0,0.0
R04,training,17,279,0,0.0,0.0,0.0,0.0
R04,training,17,280,0,0.0,0.0,0.0,0.0
R04,training,17,281,0,0.0,0.0,0.0,0.0
R04,training,17,282,0,0.0,0.0,0.0,0.0
R04,training,17,283,0,0.0,0.0,0.0,0.0
R04,training,17,284,0,0.0,0.0,0.0,0.0
R04,training,17,285,0,0.0,0.0,0.0,0.0
R04,training,17,286,0,0.0,0.0,0.0,0.0
R04,training,17,287,0,0.0,0.0,0.0,0.0
R04,training,17,288,0,0.0,0.0,0.0,0.0
R04,training,17,289,0,0.0,0.0,0.0,0.0
R04,training,17,290,0,0.0,0.0,0.0,0.0
R04,training,17,291,0,0.0,0.0,0.0,0.0
R04,training,17,292,0,0.0,0.0,0.0,0.0
R04,training,17,293,0,0.0,0.0,0.0,0.0
R04,training,17,294,0,0.0,0.0,0.0,0.0
R04,training,17,295,0,0.0,0.0,0.0,0.0
R04,training,17,296,0,0.0,0.0,0.0,0.0
R04,training,17,297,0,0.0,0.0,0.0,0.0
R04,training,17,298,0,0.0,0.0,0.0,0.0
R04,training,17,299,0,0.0,0.0,0.0,0.0
R04,training,17,300,0,0.0,0.0,0.0,0.0
R04,training,17,301,0,0.0,0.0,0.0,0.0
R04,training,17,302,0,0.0,0.0,0.0,0.0
R04,training,17,303,0,0.0,0.0,0.0,0.0
R04,training,17,304,0,0.0,0.0,0.0,0.0
R04,training,17,305,0,0.0,0.0,0.0,0.0
R04,training,17,306,0,0.0,0.0,0.0,0.0
R04,training,17,307,0,0.0,0.0,0.0,0.0
R04,training,17,308,0,0.0,0.0,0.0,0.0
R04,training,17,309,0,0.0,0.0,0.0,0.0
R04,training,17,310,0,0.0,0.0,0.0,0.0
R04,training,17,311,0,0.0,0.0,0.0,0.0
R04,training,17,312,0,0.0,0.0,0.0,0.0
R04,training,17,313,0,0.0,0.0,0.0,0.0
R04,training,17,314,0,0.0,0.0,0.0,0.0
R04,training,17,315,0,0.0,0.0,0.0,0.0
R04,training,17,316,0,0.0,0.0,0.0,0.0
R04,training,17,317,0,0.0,0.0,0.0,0.0
R04,training,17,318,0,0.0,0.0,0.0,0.0
R04,training,17,319,0,0.0,0.0,0.0,0.0
R04,training,17,320,0,0.0,0.0,0.0,0.0
R04,training,17,321,0,0.0,0.0,0.0,0.0
R04,training,17,322,0,0.0,0.0,0.0,0.0
R04,training,17,323,0,0.0,0.0,0.0,0.0
R04,training,17,324,0,0.0,0.0,0.0,0.0
R04,training,17,325,0,0.0,0.0,0.0,0.0
R04,training,17,326,0,0.0,0.0,0.0,0.0
R04,training,17,327,0,0.0,0.0,0.0,0.0
R04,training,17,328,0,0.0,0.0,0.0,0.0
R04,training,17,329,0,0.0,0.0,0.0,0.0
R04,training,17,330,0,0.0,0.0,0.0,0.0
R04,training,17,331,0,0.0,0.0,0.0,0.0
R04,training,17,332,0,0.0,0.0,0.0,0.0
R04,training,17,333,0,0.0,0.0,0.0,0.0
R04,training,17,334,0,0.0,0.0,0.0,0.0
R04,training,17,335,0,0.0,0.0,0.0,0.0
R04,training,17,336,0,0.0,0.0,0.0,0.0
R04,training,17,337,0,0.0,0.0,0.0,0.0
R04,training,17,338,0,0.0,0.0,0.0,0.0
R04,training,17,339,0,0.0,0.0,0.0,0.0
R04,training,17,340,0,0.0,0.0,0.0,0.0
R04,training,17,341,0,0.0,0.0,0.0,0.0
R04,training,17,342,0,0.0,0.0,0.0,0.0
R04,training,17,343,0,0.0,0.0,0.0,0.0
R04,training,17,344,0,0.0,0.0,0.0,0.0
R04,training,17,345,0,0.0,0.0,0.0,0.0
R04,training,17,346,0,0.0,0.0,0.0,0.0
R04,training,17,347,0,0.0,0.0,0.0,0.0
R04,training,17,348,0,0.0,0.0,0.0,0.0
R04,training,17,349,0,0.0,0.0,0.0,0.0
R04,training,17,350,0,0.0,0.0,0.0,0.0
R04,training,17,351,0,0.0,0.0,0.0,0.0
R04,training,17,352,0,0.0,0.0,0.0,0.0
R04,training,17,353,0,0.0,0.0,0.0,0.0
R04,training,17,354,0,0.0,0.0,0.0,0.0
R04,training,17,355,0,0.0,0.0,0.0,0.0
R04,training,17,356,0,0.0,0.0,0.0,0.0
R04,training,17,357,0,0.0,0.0,0.0,0.0
R04,training,17,358,0,0.0,0.0,0.0,0.0
R04,training,17,359,0,0.0,0.0,0.0,0.0
R04,training,17,360,0,0.0,0.0,0.0,0.0
R04,training,17,361,0,0.0,0.0,0.0,0.0
R04,training,17,362,0,0.0,0.0,0.0,0.0
R04,training,17,363,0,0.0,0.0,0.0,0.0
R04,training,17,364,0,0.0,0.0,0.0,0.0
R04,training,17,365,0,0.0,0.0,0.0,0.0
R04,training,17,366,0,0.0,0.0,0.0,0.0
R04,training,17,367,0,0.0,0.0,0.0,0.0
R04,training,17,368,0,0.0,0.0,0.0,0.0
R04,training,17,369,0,0.0,0.0,0.0,0.0
R04,training,17,370,0,0.0,0.0,0.0,0.0
R04,training,17,371,0,0.0,0.0,0.0,0.0
R04,training,18,0,0,0.0,0.0,0.0,0.0
R04,training,18,1,0,0.0,0.0,0.0,0.0
R04,training,18,2,0,0.0,0.0,0.0,0.0
R04,training,18,3,0,0.0,0.0,0.0,0.0
R04,training,18,4,0,0.0,0.0,0.0,0.0
R04,training,18,5,0,0.0,0.0,0.0,0.0
R04,training,18,6,0,0.0,0.0,0.0,0.0
R04,training,18,7,0,0.0,0.0,0.0,0.0
R04,training,18,8,0,0.0,0.0,0.0,0.0
R04,training,18,9,0,0.0,0.0,0.0,0.0
R04,training,18,10,0,0.0,0.0,0.0,0.0
R04,training,18,11,0,0.0,0.0,0.0,0.0
R04,training,18,12,0,0.0,0.0,0.0,0.0
R04,training,18,13,0,0.0,0.0,0.0,0.0
R04,training,18,14,0,0.0,0.0,0.0,0.0
R04,training,18,15,0,0.0,0.0,0.0,0.0
R04,training,18,16,0,0.0,0.0,0.0,0.0
R04,training,18,17,0,0.0,0.0,0.0,0.0
R04,training,18,18,0,0.0,0.0,0.0,0.0
R04,training,18,19,0,0.0,0.0,0.0,0.0
R04,training,18,20,0,0.0,0.0,0.0,0.0
R04,training,18,21,0,0.0,0.0,0.0,0.0
R04,training,18,22,0,0.0,0.0,0.0,0.0
R04,training,18,23,0,0.0,0.0,0.0,0.0
R04,training,18,24,0,0.0,0.0,0.0,0.0
R04,training,18,25,0,0.0,0.0,0.0,0.0
R04,training,18,26,0,0.0,0.0,0.0,0.0
R04,training,18,27,0,0.0,0.0,0.0,0.0
R04,training,18,28,0,0.0,0.0,0.0,0.0
R04,training,18,29,0,0.0,0.0,0.0,0.0
R04,training,18,30,0,0.0,0.0,0.0,0.0
R04,training,18,31,0,0.0,0.0,0.0,0.0
R04,training,18,32,0,0.0,0.0,0.0,0.0
R04,training,18,33,0,0.0,0.0,0.0,0.0
R04,training,18,34,0,0.0,0.0,0.0,0.0
R04,training,18,35,0,0.0,0.0,0.0,0.0
R04,training,18,36,0,0.0,0.0,0.0,0.0
R04,training,18,37,0,0.0,0.0,0.0,0.0
R04,training,18,38,0,0.0,0.0,0.0,0.0
R04,training,18,39,0,0.0,0.0,0.0,0.0
R04,training,18,40,0,0.0,0.0,0.0,0.0
R04,training,18,41,0,0.0,0.0,0.0,0.0
R04,training,18,42,0,0.0,0.0,0.0,0.0
R04,training,18,43,0,0.0,0.0,0.0,0.0
R04,training,18,44,0,0.0,0.0,0.0,0.0
R04,training,18,45,0,0.0,0.0,0.0,0.0
R04,training,18,46,0,0.0,0.0,0.0,0.0
R04,training,18,47,0,0.0,0.0,0.0,0.0
R04,training,18,48,0,0.0,0.0,0.0,0.0
R04,training,18,49,0,0.0,0.0,0.0,0.0
R04,training,18,50,0,0.0,0.0,0.0,0.0
R04,training,18,51,0,0.0,0.0,0.0,0.0
R04,training,18,52,0,0.0,0.0,0.0,0.0
R04,training,18,53,0,0.0,0.0,0.0,0.0
R04,training,18,54,0,0.0,0.0,0.0,0.0
R04,training,18,55,0,0.0,0.0,0.0,0.0
R04,training,18,56,0,0.0,0.0,0.0,0.0
R04,training,18,57,0,0.0,0.0,0.0,0.0
R04,training,18,58,0,0.0,0.0,0.0,0.0
R04,training,18,59,0,0.0,0.0,0.0,0.0
R04,training,18,60,0,0.0,0.0,0.0,0.0
R04,training,18,61,0,0.0,0.0,0.0,0.0
R04,training,18,62,0,0.0,0.0,0.0,0.0
R04,training,18,63,0,0.0,0.0,0.0,0.0
R04,training,18,64,0,0.0,0.0,0.0,0.0
R04,training,18,65,0,0.0,0.0,0.0,0.0
R04,training,18,66,0,0.0,0.0,0.0,0.0
R04,training,18,67,0,0.0,0.0,0.0,0.0
R04,training,18,68,0,0.0,0.0,0.0,0.0
R04,training,18,69,0,0.0,0.0,0.0,0.0
R04,training,18,70,0,0.0,0.0,0.0,0.0
R04,training,18,71,0,0.0,0.0,0.0,0.0
R04,training,18,72,0,0.0,0.0,0.0,0.0
R04,training,18,73,0,0.0,0.0,0.0,0.0
R04,training,18,74,0,0.0,0.0,0.0,0.0
R04,training,18,75,0,0.0,0.0,0.0,0.0
R04,training,18,76,0,0.0,0.0,0.0,0.0
R04,training,18,77,0,0.0,0.0,0.0,0.0
R04,training,18,78,0,0.0,0.0,0.0,0.0
R04,training,18,79,0,0.0,0.0,0.0,0.0
R04,training,18,80,0,0.0,0.0,0.0,0.0
R04,training,18,81,0,0.0,0.0,0.0,0.0
R04,training,18,82,0,0.0,0.0,0.0,0.0
R04,training,18,83,0,0.0,0.0,0.0,0.0
R04,training,18,84,0,0.0,0.0,0.0,0.0
R04,training,18,85,0,0.0,0.0,0.0,0.0
R04,training,18,86,0,0.0,0.0,0.0,0.0
R04,training,18,87,0,0.0,0.0,0.0,0.0
R04,training,18,88,0,0.0,0.0,0.0,0.0
R04,training,18,89,0,0.0,0.0,0.0,0.0
R04,training,18,90,0,0.0,0.0,0.0,0.0
R04,training,18,91,0,0.0,0.0,0.0,0.0
R04,training,18,92,0,0.0,0.0,0.0,0.0
R04,training,18,93,0,0.0,0.0,0.0,0.0
R04,training,18,94,0,0.0,0.0,0.0,0.0
R04,training,18,95,0,0.0,0.0,0.0,0.0
R04,training,18,96,0,0.0,0.0,0.0,0.0
R04,training,18,97,0,0.0,0.0,0.0,0.0
R04,training,18,98,0,0.0,0.0,0.0,0.0
R04,training,18,99,0,0.0,0.0,0.0,0.0
R04,training,18,100,0,0.0,0.0,0.0,0.0
R04,training,18,101,0,0.0,0.0,0.0,0.0
R04,training,18,102,0,0.0,0.0,0.0,0.0
R04,training,18,103,0,0.0,0.0,0.0,0.0
R04,training,18,104,0,0.0,0.0,0.0,0.0
R04,training,18,105,0,0.0,0.0,0.0,0.0
R04,training,18,106,0,0.0,0.0,0.0,0.0
R04,training,18,107,0,0.0,0.0,0.0,0.0
R04,training,18,108,0,0.0,0.0,0.0,0.0
R04,training,18,109,0,0.0,0.0,0.0,0.0
R04,training,18,110,0,0.0,0.0,0.0,0.0
R04,training,18,111,0,0.0,0.0,0.0,0.0
R04,training,18,112,0,0.0,0.0,0.0,0.0
R04,training,18,113,0,0.0,0.0,0.0,0.0
R04,training,18,114,0,0.0,0.0,0.0,0.0
R04,training,18,115,0,0.0,0.0,0.0,0.0
R04,training,18,116,0,0.0,0.0,0.0,0.0
R04,training,18,117,0,0.0,0.0,0.0,0.0
R04,training,18,118,0,0.0,0.0,0.0,0.0
R04,training,18,119,0,0.0,0.0,0.0,0.0
R04,training,18,120,0,0.0,0.0,0.0,0.0
R04,training,18,121,0,0.0,0.0,0.0,0.0
R04,training,18,122,0,0.0,0.0,0.0,0.0
R04,training,18,123,0,0.0,0.0,0.0,0.0
R04,training,18,124,0,0.0,0.0,0.0,0.0
R04,training,18,125,0,0.0,0.0,0.0,0.0
R04,training,18,126,0,0.0,0.0,0.0,0.0
R04,training,18,127,0,0.0,0.0,0.0,0.0
R04,training,18,128,0,0.0,0.0,0.0,0.0
R04,training,18,129,0,0.0,0.0,0.0,0.0
R04,training,18,130,0,0.0,0.0,0.0,0.0
R04,training,18,131,0,0.0,0.0,0.0,0.0
R04,training,18,132,0,0.0,0.0,0.0,0.0
R04,training,18,133,0,0.0,0.0,0.0,0.0
R04,training,18,134,0,0.0,0.0,0.0,0.0
R04,training,18,135,0,0.0,0.0,0.0,0.0
R04,training,18,136,0,0.0,0.0,0.0,0.0
R04,training,18,137,0,0.0,0.0,0.0,0.0
R04,training,18,138,0,0.0,0.0,0.0,0.0
R04,training,18,139,0,0.0,0.0,0.0,0.0
R04,training,18,140,0,0.0,0.0,0.0,0.0
R04,training,18,141,0,0.0,0.0,0.0,0.0
R04,training,18,142,0,0.0,0.0,0.0,0.0
R04,training,18,143,0,0.0,0.0,0.0,0.0
R04,training,18,144,0,0.0,0.0,0.0,0.0
R04,training,18,145,0,0.0,0.0,0.0,0.0
R04,training,18,146,0,0.0,0.0,0.0,0.0
R04,training,18,147,0,0.0,0.0,0.0,0.0
R04,training,18,148,0,0.0,0.0,0.0,0.0
R04,training,18,149,0,0.0,0.0,0.0,0.0
R04,training,18,150,0,0.0,0.0,0.0,0.0
R04,training,18,151,0,0.0,0.0,0.0,0.0
R04,training,18,152,0,0.0,0.0,0.0,0.0
R04,training,18,153,0,0.0,0.0,0.0,0.0
R04,training,18,154,0,0.0,0.0,0.0,0.0
R04,training,18,155,0,0.0,0.0,0.0,0.0
R04,training,18,156,0,0.0,0.0,0.0,0.0
R04,training,18,157,0,0.0,0.0,0.0,0.0
R04,training,18,158,0,0.0,0.0,0.0,0.0
R04,training,18,159,0,0.0,0.0,0.0,0.0
R04,training,18,160,0,0.0,0.0,0.0,0.0
R04,training,18,161,0,0.0,0.0,0.0,0.0
R04,training,18,162,0,0.0,0.0,0.0,0.0
R04,training,18,163,0,0.0,0.0,0.0,0.0
R04,training,18,164,0,0.0,0.0,0.0,0.0
R04,training,18,165,0,0.0,0.0,0.0,0.0
R04,training,18,166,0,0.0,0.0,0.0,0.0
R04,training,18,167,0,0.0,0.0,0.0,0.0
R04,training,18,168,0,0.0,0.0,0.0,0.0
R04,training,18,169,0,0.0,0.0,0.0,0.0
R04,training,18,170,0,0.0,0.0,0.0,0.0
R04,training,18,171,0,0.0,0.0,0.0,0.0
R04,training,18,172,0,0.0,0.0,0.0,0.0
R04,training,18,173,0,0.0,0.0,0.0,0.0
R04,training,18,174,0,0.0,0.0,0.0,0.0
R04,training,18,175,0,0.0,0.0,0.0,0.0
R04,training,18,176,0,0.0,0.0,0.0,0.0
R04,training,18,177,0,0.0,0.0,0.0,0.0
R04,training,18,178,0,0.0,0.0,0.0,0.0
R04,training,18,179,0,0.0,0.0,0.0,0.0
R04,training,18,180,0,0.0,0.0,0.0,0.0
R04,training,18,181,0,0.0,0.0,0.0,0.0
R04,training,18,182,0,0.0,0.0,0.0,0.0
R04,training,18,183,0,0.0,0.0,0.0,0.0
R04,training,18,184,0,0.0,0.0,0.0,0.0
R04,training,18,185,0,0.0,0.0,0.0,0.0
R04,training,18,186,0,0.0,0.0,0.0,0.0
R04,training,18,187,0,0.0,0.0,0.0,0.0
R04,training,18,188,0,0.0,0.0,0.0,0.0
R04,training,18,189,0,0.0,0.0,0.0,0.0
R04,training,18,190,0,0.0,0.0,0.0,0.0
R04,training,18,191,0,0.0,0.0,0.0,0.0
R04,training,18,192,0,0.0,0.0,0.0,0.0
R04,training,18,193,0,0.0,0.0,0.0,0.0
R04,training,18,194,0,0.0,0.0,0.0,0.0
R04,training,18,195,0,0.0,0.0,0.0,0.0
R04,training,18,196,0,0.0,0.0,0.0,0.0
R04,training,18,197,0,0.0,0.0,0.0,0.0
R04,training,18,198,0,0.0,0.0,0.0,0.0
R04,training,18,199,0,0.0,0.0,0.0,0.0
R04,training,18,200,0,0.0,0.0,0.0,0.0
R04,training,18,201,0,0.0,0.0,0.0,0.0
R04,training,18,202,0,0.0,0.0,0.0,0.0
R04,training,18,203,0,0.0,0.0,0.0,0.0
R04,training,18,204,0,0.0,0.0,0.0,0.0
R04,training,18,205,0,0.0,0.0,0.0,0.0
R04,training,18,206,0,0.0,0.0,0.0,0.0
R04,training,18,207,0,0.0,0.0,0.0,0.0
R04,training,18,208,0,0.0,0.0,0.0,0.0
R04,training,18,209,0,0.0,0.0,0.0,0.0
R04,training,18,210,0,0.0,0.0,0.0,0.0
R04,training,18,211,0,0.0,0.0,0.0,0.0
R04,training,18,212,0,0.0,0.0,0.0,0.0
R04,training,18,213,0,0.0,0.0,0.0,0.0
R04,training,18,214,0,0.0,0.0,0.0,0.0
R04,training,18,215,0,0.0,0.0,0.0,0.0
R04,training,18,216,0,0.0,0.0,0.0,0.0
R04,training,18,217,0,0.0,0.0,0.0,0.0
R04,training,18,218,0,0.0,0.0,0.0,0.0
R04,training,18,219,0,0.0,0.0,0.0,0.0
R04,training,18,220,0,0.0,0.0,0.0,0.0
R04,training,18,221,0,0.0,0.0,0.0,0.0
R04,training,18,222,0,0.0,0.0,0.0,0.0
R04,training,18,223,0,0.0,0.0,0.0,0.0
R04,training,18,224,0,0.0,0.0,0.0,0.0
R04,training,18,225,0,0.0,0.0,0.0,0.0
R04,training,18,226,0,0.0,0.0,0.0,0.0
R04,training,18,227,0,0.0,0.0,0.0,0.0
R04,training,18,228,0,0.0,0.0,0.0,0.0
R04,training,18,229,0,0.0,0.0,0.0,0.0
R04,training,18,230,0,0.0,0.0,0.0,0.0
R04,training,18,231,0,0.0,0.0,0.0,0.0
R04,training,18,232,0,0.0,0.0,0.0,0.0
R04,training,18,233,0,0.0,0.0,0.0,0.0
R04,training,18,234,0,0.0,0.0,0.0,0.0
R04,training,18,235,0,0.0,0.0,0.0,0.0
R04,training,18,236,0,0.0,0.0,0.0,0.0
R04,training,18,237,0,0.0,0.0,0.0,0.0
R04,training,18,238,0,0.0,0.0,0.0,0.0
R04,training,18,239,0,0.0,0.0,0.0,0.0
R04,training,18,240,0,0.0,0.0,0.0,0.0
R04,training,18,241,0,0.0,0.0,0.0,0.0
R04,training,18,242,0,0.0,0.0,0.0,0.0
R04,training,18,243,0,0.0,0.0,0.0,0.0
R04,training,18,244,0,0.0,0.0,0.0,0.0
R04,training,18,245,0,0.0,0.0,0.0,0.0
R04,training,18,246,0,0.0,0.0,0.0,0.0
R04,training,18,247,0,0.0,0.0,0.0,0.0
R04,training,18,248,0,0.0,0.0,0.0,0.0
R04,training,18,249,0,0.0,0.0,0.0,0.0
R04,training,18,250,0,0.0,0.0,0.0,0.0
R04,training,18,251,0,0.0,0.0,0.0,0.0
R04,training,18,252,0,0.0,0.0,0.0,0.0
R04,training,18,253,0,0.0,0.0,0.0,0.0
R04,training,18,254,0,0.0,0.0,0.0,0.0
R04,training,18,255,0,0.0,0.0,0.0,0.0
R04,training,18,256,0,0.0,0.0,0.0,0.0
R04,training,18,257,0,0.0,0.0,0.0,0.0
R04,training,18,258,0,0.0,0.0,0.0,0.0
R04,training,18,259,0,0.0,0.0,0.0,0.0
R04,training,18,260,0,0.0,0.0,0.0,0.0
R04,training,18,261,0,0.0,0.0,0.0,0.0
R04,training,18,262,0,0.0,0.0,0.0,0.0
R04,training,18,263,0,0.0,0.0,0.0,0.0
R04,training,18,264,0,0.0,0.0,0.0,0.0
R04,training,18,265,0,0.0,0.0,0.0,0.0
R04,training,18,266,0,0.0,0.0,0.0,0.0
R04,training,18,267,0,0.0,0.0,0.0,0.0
R04,training,18,268,0,0.0,0.0,0.0,0.0
R04,training,18,269,0,0.0,0.0,0.0,0.0
R04,training,18,270,0,0.0,0.0,0.0,0.0
R04,training,18,271,0,0.0,0.0,0.0,0.0
R04,training,18,272,0,0.0,0.0,0.0,0.0
R04,training,18,273,0,0.0,0.0,0.0,0.0
R04,training,18,274,0,0.0,0.0,0.0,0.0
R04,training,18,275,0,0.0,0.0,0.0,0.0
R04,training,18,276,0,0.0,0.0,0.0,0.0
R04,training,18,277,0,0.0,0.0,0.0,0.0
R04,training,18,278,0,0.0,0.0,0.0,0.0
R04,training,18,279,0,0.0,0.0,0.0,0.0
R04,training,18,280,0,0.0,0.0,0.0,0.0
R04,training,18,281,0,0.0,0.0,0.0,0.0
R04,training,18,282,0,0.0,0.0,0.0,0.0
R04,training,18,283,0,0.0,0.0,0.0,0.0
R04,training,18,284,0,0.0,0.0,0.0,0.0
R04,training,18,285,0,0.0,0.0,0.0,0.0
R04,training,18,286,0,0.0,0.0,0.0,0.0
R04,training,18,287,0,0.0,0.0,0.0,0.0
R04,training,18,288,0,0.0,0.0,0.0,0.0
R04,training,18,289,0,0.0,0.0,0.0,0.0
R04,training,18,290,0,0.0,0.0,0.0,0.0
R04,training,18,291,0,0.0,0.0,0.0,0.0
R04,training,18,292,0,0.0,0.0,0.0,0.0
R04,training,18,293,0,0.0,0.0,0.0,0.0
R04,training,18,294,0,0.0,0.0,0.0,0.0
R04,training,18,295,0,0.0,0.0,0.0,0.0
R04,training,18,296,0,0.0,0.0,0.0,0.0
R04,training,18,297,0,0.0,0.0,0.0,0.0
R04,training,18,298,0,0.0,0.0,0.0,0.0
R04,training,18,299,0,0.0,0.0,0.0,0.0
R04,training,18,300,0,0.0,0.0,0.0,0.0
R04,training,18,301,0,0.0,0.0,0.0,0.0
R04,training,18,302,0,0.0,0.0,0.0,0.0
R04,training,18,303,0,0.0,0.0,0.0,0.0
R04,training,18,304,0,0.0,0.0,0.0,0.0
R04,training,18,305,0,0.0,0.0,0.0,0.0
R04,training,18,306,0,0.0,0.0,0.0,0.0
R04,training,18,307,0,0.0,0.0,0.0,0.0
R04,training,18,308,0,0.0,0.0,0.0,0.0
R04,training,18,309,0,0.0,0.0,0.0,0.0
R04,training,18,310,0,0.0,0.0,0.0,0.0
R04,training,18,311,0,0.0,0.0,0.0,0.0
R04,training,18,312,0,0.0,0.0,0.0,0.0
R04,training,18,313,0,0.0,0.0,0.0,0.0
R04,training,18,314,0,0.0,0.0,0.0,0.0
R04,training,18,315,0,0.0,0.0,0.0,0.0
R04,training,18,316,0,0.0,0.0,0.0,0.0
R04,training,18,317,0,0.0,0.0,0.0,0.0
R04,training,18,318,0,0.0,0.0,0.0,0.0
R04,training,18,319,0,0.0,0.0,0.0,0.0
R04,training,18,320,0,0.0,0.0,0.0,0.0
R04,training,18,321,0,0.0,0.0,0.0,0.0
R04,training,18,322,0,0.0,0.0,0.0,0.0
R04,training,18,323,0,0.0,0.0,0.0,0.0
R04,training,18,324,0,0.0,0.0,0.0,0.0
R04,training,18,325,0,0.0,0.0,0.0,0.0
R04,training,18,326,0,0.0,0.0,0.0,0.0
R04,training,18,327,0,0.0,0.0,0.0,0.0
R04,training,18,328,0,0.0,0.0,0.0,0.0
R04,training,18,329,0,0.0,0.0,0.0,0.0
R04,training,18,330,0,0.0,0.0,0.0,0.0
R04,training,18,331,0,0.0,0.0,0.0,0.0
R04,training,18,332,0,0.0,0.0,0.0,0.0
R04,training,18,333,0,0.0,0.0,0.0,0.0
R04,training,18,334,0,0.0,0.0,0.0,0.0
R04,training,18,335,0,0.0,0.0,0.0,0.0
R04,training,18,336,0,0.0,0.0,0.0,0.0
R04,training,18,337,0,0.0,0.0,0.0,0.0
R04,training,18,338,0,0.0,0.0,0.0,0.0
R04,training,18,339,0,0.0,0.0,0.0,0.0
R04,training,18,340,0,0.0,0.0,0.0,0.0
R04,training,18,341,0,0.0,0.0,0.0,0.0
R04,training,18,342,0,0.0,0.0,0.0,0.0
R04,training,18,343,0,0.0,0.0,0.0,0.0
R04,training,18,344,0,0.0,0.0,0.0,0.0
R04,training,18,345,0,0.0,0.0,0.0,0.0
R04,training,18,346,0,0.0,0.0,0.0,0.0
R04,training,18,347,0,0.0,0.0,0.0,0.0
R04,training,18,348,0,0.0,0.0,0.0,0.0
R04,training,18,349,0,0.0,0.0,0.0,0.0
R04,training,18,350,0,0.0,0.0,0.0,0.0
R04,training,18,351,0,0.0,0.0,0.0,0.0
R04,training,18,352,0,0.0,0.0,0.0,0.0
R04,training,18,353,0,0.0,0.0,0.0,0.0
R04,training,18,354,0,0.0,0.0,0.0,0.0
R04,training,18,355,0,0.0,0.0,0.0,0.0
R04,training,18,356,0,0.0,0.0,0.0,0.0
R04,training,18,357,0,0.0,0.0,0.0,0.0
R04,training,18,358,0,0.0,0.0,0.0,0.0
R04,training,18,359,0,0.0,0.0,0.0,0.0
R04,training,18,360,0,0.0,0.0,0.0,0.0
R04,training,18,361,0,0.0,0.0,0.0,0.0
R04,training,18,362,0,0.0,0.0,0.0,0.0
R04,training,18,363,0,0.0,0.0,0.0,0.0
R04,training,18,364,0,0.0,0.0,0.0,0.0
R04,training,18,365,0,0.0,0.0,0.0,0.0
R04,training,18,366,0,0.0,0.0,0.0,0.0
R04,training,18,367,0,0.0,0.0,0.0,0.0
R04,training,18,368,0,0.0,0.0,0.0,0.0
R04,training,18,369,0,0.0,0.0,0.0,0.0
R04,training,18,370,0,0.0,0.0,0.0,0.0
R04,training,18,371,0,0.0,0.0,0.0,0.0
R04,training,18,372,0,0.0,0.0,0.0,0.0
R04,training,18,373,0,0.0,0.0,0.0,0.0
R04,training,18,374,0,0.0,0.0,0.0,0.0
R04,training,18,375,0,0.0,0.0,0.0,0.0
R04,training,18,376,0,0.0,0.0,0.0,0.0
R04,training,18,377,0,0.0,0.0,0.0,0.0
R04,training,18,378,0,0.0,0.0,0.0,0.0
R04,training,18,379,0,0.0,0.0,0.0,0.0
R04,training,18,380,0,0.0,0.0,0.0,0.0
R04,training,18,381,0,0.0,0.0,0.0,0.0
R04,training,18,382,0,0.0,0.0,0.0,0.0
R04,training,18,383,0,0.0,0.0,0.0,0.0
R04,training,18,384,0,0.0,0.0,0.0,0.0
R04,training,18,385,0,0.0,0.0,0.0,0.0
R04,training,18,386,0,0.0,0.0,0.0,0.0
R04,training,18,387,0,0.0,0.0,0.0,0.0
R04,training,18,388,0,0.0,0.0,0.0,0.0
R04,training,18,389,0,0.0,0.0,0.0,0.0
R04,training,18,390,0,0.0,0.0,0.0,0.0
R04,training,18,391,0,0.0,0.0,0.0,0.0
R04,training,18,392,0,0.0,0.0,0.0,0.0
R04,training,18,393,0,0.0,0.0,0.0,0.0
R04,training,18,394,0,0.0,0.0,0.0,0.0
R04,training,18,395,0,0.0,0.0,0.0,0.0
R04,training,18,396,0,0.0,0.0,0.0,0.0
R04,training,18,397,0,0.0,0.0,0.0,0.0
R04,training,18,398,0,0.0,0.0,0.0,0.0
R04,training,18,399,0,0.0,0.0,0.0,0.0
R04,training,18,400,0,0.0,0.0,0.0,0.0
R04,training,18,401,0,0.0,0.0,0.0,0.0
R04,training,18,402,0,0.0,0.0,0.0,0.0
R04,training,18,403,0,0.0,0.0,0.0,0.0
R04,training,18,404,0,0.0,0.0,0.0,0.0
R04,training,18,405,0,0.0,0.0,0.0,0.0
R04,training,18,406,0,0.0,0.0,0.0,0.0
R04,training,18,407,0,0.0,0.0,0.0,0.0
R04,training,18,408,0,0.0,0.0,0.0,0.0
R04,training,18,409,0,0.0,0.0,0.0,0.0
R04,training,18,410,0,0.0,0.0,0.0,0.0
R04,training,18,411,0,0.0,0.0,0.0,0.0
R04,training,20,0,0,0.0,0.0,0.0,0.0
R04,training,20,1,0,0.0,0.0,0.0,0.0
R04,training,20,2,0,0.0,0.0,0.0,0.0
R04,training,20,3,0,0.0,0.0,0.0,0.0
R04,training,20,4,0,0.0,0.0,0.0,0.0
R04,training,20,5,0,0.0,0.0,0.0,0.0
R04,training,20,6,0,0.0,0.0,0.0,0.0
R04,training,20,7,0,0.0,0.0,0.0,0.0
R04,training,20,8,0,0.0,0.0,0.0,0.0
R04,training,20,9,0,0.0,0.0,0.0,0.0
R04,training,20,10,0,0.0,0.0,0.0,0.0
R04,training,20,11,0,0.0,0.0,0.0,0.0
R04,training,20,12,0,0.0,0.0,0.0,0.0
R04,training,20,13,0,0.0,0.0,0.0,0.0
R04,training,20,14,0,0.0,0.0,0.0,0.0
R04,training,20,15,0,0.0,0.0,0.0,0.0
R04,training,20,16,0,0.0,0.0,0.0,0.0
R04,training,20,17,0,0.0,0.0,0.0,0.0
R04,training,20,18,0,0.0,0.0,0.0,0.0
R04,training,20,19,0,0.0,0.0,0.0,0.0
R04,training,20,20,0,0.0,0.0,0.0,0.0
R04,training,20,21,0,0.0,0.0,0.0,0.0
R04,training,20,22,0,0.0,0.0,0.0,0.0
R04,training,20,23,0,0.0,0.0,0.0,0.0
R04,training,20,24,0,0.0,0.0,0.0,0.0
R04,training,20,25,0,0.0,0.0,0.0,0.0
R04,training,20,26,0,0.0,0.0,0.0,0.0
R04,training,20,27,0,0.0,0.0,0.0,0.0
R04,training,20,28,0,0.0,0.0,0.0,0.0
R04,training,20,29,0,0.0,0.0,0.0,0.0
R04,training,20,30,0,0.0,0.0,0.0,0.0
R04,training,20,31,0,0.0,0.0,0.0,0.0
R04,training,20,32,0,0.0,0.0,0.0,0.0
R04,training,20,33,0,0.0,0.0,0.0,0.0
R04,training,20,34,0,0.0,0.0,0.0,0.0
R04,training,20,35,0,0.0,0.0,0.0,0.0
R04,training,20,36,0,0.0,0.0,0.0,0.0
R04,training,20,37,0,0.0,0.0,0.0,0.0
R04,training,20,38,0,0.0,0.0,0.0,0.0
R04,training,20,39,0,0.0,0.0,0.0,0.0
R04,training,20,40,0,0.0,0.0,0.0,0.0
R04,training,20,41,0,0.0,0.0,0.0,0.0
R04,training,20,42,0,0.0,0.0,0.0,0.0
R04,training,20,43,0,0.0,0.0,0.0,0.0
R04,training,20,44,0,0.0,0.0,0.0,0.0
R04,training,20,45,0,0.0,0.0,0.0,0.0
R04,training,20,46,0,0.0,0.0,0.0,0.0
R04,training,20,47,0,0.0,0.0,0.0,0.0
R04,training,20,48,0,0.0,0.0,0.0,0.0
R04,training,20,49,0,0.0,0.0,0.0,0.0
R04,training,20,50,0,0.0,0.0,0.0,0.0
R04,training,20,51,0,0.0,0.0,0.0,0.0
R04,training,20,52,0,0.0,0.0,0.0,0.0
R04,training,20,53,0,0.0,0.0,0.0,0.0
R04,training,20,54,0,0.0,0.0,0.0,0.0
R04,training,20,55,0,0.0,0.0,0.0,0.0
R04,training,20,56,0,0.0,0.0,0.0,0.0
R04,training,20,57,0,0.0,0.0,0.0,0.0
R04,training,20,58,0,0.0,0.0,0.0,0.0
R04,training,20,59,0,0.0,0.0,0.0,0.0
R04,training,20,60,0,0.0,0.0,0.0,0.0
R04,training,20,61,0,0.0,0.0,0.0,0.0
R04,training,20,62,0,0.0,0.0,0.0,0.0
R04,training,20,63,0,0.0,0.0,0.0,0.0
R04,training,20,64,0,0.0,0.0,0.0,0.0
R04,training,20,65,0,0.0,0.0,0.0,0.0
R04,training,20,66,0,0.0,0.0,0.0,0.0
R04,training,20,67,0,0.0,0.0,0.0,0.0
R04,training,20,68,0,0.0,0.0,0.0,0.0
R04,training,20,69,0,0.0,0.0,0.0,0.0
R04,training,20,70,0,0.0,0.0,0.0,0.0
R04,training,20,71,0,0.0,0.0,0.0,0.0
R04,training,20,72,0,0.0,0.0,0.0,0.0
R04,training,20,73,0,0.0,0.0,0.0,0.0
R04,training,20,74,0,0.0,0.0,0.0,0.0
R04,training,20,75,0,0.0,0.0,0.0,0.0
R04,training,20,76,0,0.0,0.0,0.0,0.0
R04,training,20,77,0,0.0,0.0,0.0,0.0
R04,training,20,78,0,0.0,0.0,0.0,0.0
R04,training,20,79,0,0.0,0.0,0.0,0.0
R04,training,20,80,0,0.0,0.0,0.0,0.0
R04,training,20,81,0,0.0,0.0,0.0,0.0
R04,training,20,82,0,0.0,0.0,0.0,0.0
R04,training,20,83,0,0.0,0.0,0.0,0.0
R04,training,20,84,0,0.0,0.0,0.0,0.0
R04,training,20,85,0,0.0,0.0,0.0,0.0
R04,training,20,86,0,0.0,0.0,0.0,0.0
R04,training,20,87,0,0.0,0.0,0.0,0.0
R04,training,20,88,0,0.0,0.0,0.0,0.0
R04,training,20,89,0,0.0,0.0,0.0,0.0
R04,training,20,90,0,0.0,0.0,0.0,0.0
R04,training,20,91,0,0.0,0.0,0.0,0.0
R04,training,20,92,0,0.0,0.0,0.0,0.0
R04,training,20,93,0,0.0,0.0,0.0,0.0
R04,training,20,94,0,0.0,0.0,0.0,0.0
R04,training,20,95,0,0.0,0.0,0.0,0.0
R04,training,20,96,0,0.0,0.0,0.0,0.0
R04,training,20,97,0,0.0,0.0,0.0,0.0
R04,training,20,98,0,0.0,0.0,0.0,0.0
R04,training,20,99,0,0.0,0.0,0.0,0.0
R04,training,20,100,0,0.0,0.0,0.0,0.0
R04,training,20,101,0,0.0,0.0,0.0,0.0
R04,training,20,102,0,0.0,0.0,0.0,0.0
R04,training,20,103,0,0.0,0.0,0.0,0.0
R04,training,20,104,0,0.0,0.0,0.0,0.0
R04,training,20,105,0,0.0,0.0,0.0,0.0
R04,training,20,106,0,0.0,0.0,0.0,0.0
R04,training,20,107,0,0.0,0.0,0.0,0.0
R04,training,20,108,0,0.0,0.0,0.0,0.0
R04,training,20,109,0,0.0,0.0,0.0,0.0
R04,training,20,110,0,0.0,0.0,0.0,0.0
R04,training,20,111,0,0.0,0.0,0.0,0.0
R04,training,20,112,0,0.0,0.0,0.0,0.0
R04,training,20,113,0,0.0,0.0,0.0,0.0
R04,training,20,114,0,0.0,0.0,0.0,0.0
R04,training,20,115,0,0.0,0.0,0.0,0.0
R04,training,20,116,0,0.0,0.0,0.0,0.0
R04,training,20,117,0,0.0,0.0,0.0,0.0
R04,training,20,118,0,0.0,0.0,0.0,0.0
R04,training,20,119,0,0.0,0.0,0.0,0.0
R04,training,20,120,0,0.0,0.0,0.0,0.0
R04,training,20,121,0,0.0,0.0,0.0,0.0
R04,training,20,122,0,0.0,0.0,0.0,0.0
R04,training,20,123,0,0.0,0.0,0.0,0.0
R04,training,20,124,0,0.0,0.0,0.0,0.0
R04,training,20,125,0,0.0,0.0,0.0,0.0
R04,training,20,126,0,0.0,0.0,0.0,0.0
R04,training,20,127,0,0.0,0.0,0.0,0.0
R04,training,20,128,0,0.0,0.0,0.0,0.0
R04,training,20,129,0,0.0,0.0,0.0,0.0
R04,training,20,130,0,0.0,0.0,0.0,0.0
R04,training,20,131,0,0.0,0.0,0.0,0.0
R04,training,20,132,0,0.0,0.0,0.0,0.0
R04,training,20,133,0,0.0,0.0,0.0,0.0
R04,training,20,134,0,0.0,0.0,0.0,0.0
R04,training,20,135,0,0.0,0.0,0.0,0.0
R04,training,20,136,0,0.0,0.0,0.0,0.0
R04,training,20,137,0,0.0,0.0,0.0,0.0
R04,training,20,138,0,0.0,0.0,0.0,0.0
R04,training,20,139,0,0.0,0.0,0.0,0.0
R04,training,20,140,0,0.0,0.0,0.0,0.0
R04,training,20,141,0,0.0,0.0,0.0,0.0
R04,training,20,142,0,0.0,0.0,0.0,0.0
R04,training,20,143,0,0.0,0.0,0.0,0.0
R04,training,20,144,0,0.0,0.0,0.0,0.0
R04,training,20,145,0,0.0,0.0,0.0,0.0
R04,training,20,146,0,0.0,0.0,0.0,0.0
R04,training,20,147,0,0.0,0.0,0.0,0.0
R04,training,20,148,0,0.0,0.0,0.0,0.0
R04,training,20,149,0,0.0,0.0,0.0,0.0
R04,training,20,150,0,0.0,0.0,0.0,0.0
R04,training,20,151,0,0.0,0.0,0.0,0.0
R04,training,20,152,0,0.0,0.0,0.0,0.0
R04,training,20,153,0,0.0,0.0,0.0,0.0
R04,training,20,154,0,0.0,0.0,0.0,0.0
R04,training,20,155,0,0.0,0.0,0.0,0.0
R04,training,20,156,0,0.0,0.0,0.0,0.0
R04,training,20,157,0,0.0,0.0,0.0,0.0
R04,training,20,158,0,0.0,0.0,0.0,0.0
R04,training,20,159,0,0.0,0.0,0.0,0.0
R04,training,20,160,0,0.0,0.0,0.0,0.0
R04,training,20,161,0,0.0,0.0,0.0,0.0
R04,training,20,162,0,0.0,0.0,0.0,0.0
R04,training,20,163,0,0.0,0.0,0.0,0.0
R04,training,20,164,0,0.0,0.0,0.0,0.0
R04,training,20,165,0,0.0,0.0,0.0,0.0
R04,training,20,166,0,0.0,0.0,0.0,0.0
R04,training,20,167,0,0.0,0.0,0.0,0.0
R04,training,20,168,0,0.0,0.0,0.0,0.0
R04,training,20,169,0,0.0,0.0,0.0,0.0
R04,training,20,170,0,0.0,0.0,0.0,0.0
R04,training,20,171,0,0.0,0.0,0.0,0.0
R04,training,20,172,0,0.0,0.0,0.0,0.0
R04,training,20,173,0,0.0,0.0,0.0,0.0
R04,training,20,174,0,0.0,0.0,0.0,0.0
R04,training,20,175,0,0.0,0.0,0.0,0.0
R04,training,20,176,0,0.0,0.0,0.0,0.0
R04,training,20,177,0,0.0,0.0,0.0,0.0
R04,training,20,178,0,0.0,0.0,0.0,0.0
R04,training,20,179,0,0.0,0.0,0.0,0.0
R04,training,20,180,0,0.0,0.0,0.0,0.0
R04,training,20,181,0,0.0,0.0,0.0,0.0
R04,training,20,182,0,0.0,0.0,0.0,0.0
R04,training,20,183,0,0.0,0.0,0.0,0.0
R04,training,20,184,0,0.0,0.0,0.0,0.0
R04,training,20,185,0,0.0,0.0,0.0,0.0
R04,training,20,186,0,0.0,0.0,0.0,0.0
R04,training,20,187,0,0.0,0.0,0.0,0.0
R04,training,20,188,0,0.0,0.0,0.0,0.0
R04,training,20,189,0,0.0,0.0,0.0,0.0
R04,training,20,190,0,0.0,0.0,0.0,0.0
R04,training,20,191,0,0.0,0.0,0.0,0.0
R04,training,20,192,0,0.0,0.0,0.0,0.0
R04,training,20,193,0,0.0,0.0,0.0,0.0
R04,training,20,194,0,0.0,0.0,0.0,0.0
R04,training,20,195,0,0.0,0.0,0.0,0.0
R04,training,20,196,0,0.0,0.0,0.0,0.0
R04,training,20,197,0,0.0,0.0,0.0,0.0
R04,training,20,198,0,0.0,0.0,0.0,0.0
R04,training,20,199,0,0.0,0.0,0.0,0.0
R04,training,20,200,0,0.0,0.0,0.0,0.0
R04,training,20,201,0,0.0,0.0,0.0,0.0
R04,training,20,202,0,0.0,0.0,0.0,0.0
R04,training,20,203,0,0.0,0.0,0.0,0.0
R04,training,20,204,0,0.0,0.0,0.0,0.0
R04,training,20,205,0,0.0,0.0,0.0,0.0
R04,training,20,206,0,0.0,0.0,0.0,0.0
R04,training,20,207,0,0.0,0.0,0.0,0.0
R04,training,20,208,0,0.0,0.0,0.0,0.0
R04,training,20,209,0,0.0,0.0,0.0,0.0
R04,training,20,210,0,0.0,0.0,0.0,0.0
R04,training,20,211,0,0.0,0.0,0.0,0.0
R04,training,20,212,0,0.0,0.0,0.0,0.0
R04,training,20,213,0,0.0,0.0,0.0,0.0
R04,training,20,214,0,0.0,0.0,0.0,0.0
R04,training,20,215,0,0.0,0.0,0.0,0.0
R04,training,20,216,0,0.0,0.0,0.0,0.0
R04,training,20,217,0,0.0,0.0,0.0,0.0
R04,training,20,218,0,0.0,0.0,0.0,0.0
R04,training,20,219,0,0.0,0.0,0.0,0.0
R04,training,20,220,0,0.0,0.0,0.0,0.0
R04,training,20,221,0,0.0,0.0,0.0,0.0
R04,training,20,222,0,0.0,0.0,0.0,0.0
R04,training,20,223,0,0.0,0.0,0.0,0.0
R04,training,20,224,0,0.0,0.0,0.0,0.0
R04,training,20,225,0,0.0,0.0,0.0,0.0
R04,training,20,226,0,0.0,0.0,0.0,0.0
R04,training,20,227,0,0.0,0.0,0.0,0.0
R04,training,20,228,0,0.0,0.0,0.0,0.0
R04,training,20,229,0,0.0,0.0,0.0,0.0
R04,training,20,230,0,0.0,0.0,0.0,0.0
R04,training,20,231,0,0.0,0.0,0.0,0.0
R04,training,20,232,0,0.0,0.0,0.0,0.0
R04,training,20,233,0,0.0,0.0,0.0,0.0
R04,training,20,234,0,0.0,0.0,0.0,0.0
R04,training,20,235,0,0.0,0.0,0.0,0.0
R04,training,20,236,0,0.0,0.0,0.0,0.0
R04,training,20,237,0,0.0,0.0,0.0,0.0
R04,training,20,238,0,0.0,0.0,0.0,0.0
R04,training,20,239,0,0.0,0.0,0.0,0.0
R04,training,20,240,0,0.0,0.0,0.0,0.0
R04,training,20,241,0,0.0,0.0,0.0,0.0
R04,training,20,242,0,0.0,0.0,0.0,0.0
R04,training,20,243,0,0.0,0.0,0.0,0.0
R04,training,20,244,0,0.0,0.0,0.0,0.0
R04,training,20,245,0,0.0,0.0,0.0,0.0
R04,training,20,246,0,0.0,0.0,0.0,0.0
R04,training,20,247,0,0.0,0.0,0.0,0.0
R04,training,20,248,0,0.0,0.0,0.0,0.0
R04,training,20,249,0,0.0,0.0,0.0,0.0
R04,training,20,250,0,0.0,0.0,0.0,0.0
R04,training,20,251,0,0.0,0.0,0.0,0.0
R04,training,20,252,0,0.0,0.0,0.0,0.0
R04,training,20,253,0,0.0,0.0,0.0,0.0
R04,training,20,254,0,0.0,0.0,0.0,0.0
R04,training,20,255,0,0.0,0.0,0.0,0.0
R04,training,20,256,0,0.0,0.0,0.0,0.0
R04,training,20,257,0,0.0,0.0,0.0,0.0
R04,training,20,258,0,0.0,0.0,0.0,0.0
R04,training,20,259,0,0.0,0.0,0.0,0.0
R04,training,20,260,0,0.0,0.0,0.0,0.0
R04,training,20,261,0,0.0,0.0,0.0,0.0
R04,training,20,262,0,0.0,0.0,0.0,0.0
R04,training,20,263,0,0.0,0.0,0.0,0.0
R04,training,20,264,0,0.0,0.0,0.0,0.0
R04,training,20,265,0,0.0,0.0,0.0,0.0
R04,training,20,266,0,0.0,0.0,0.0,0.0
R04,training,20,267,0,0.0,0.0,0.0,0.0
R04,training,20,268,0,0.0,0.0,0.0,0.0
R04,training,20,269,0,0.0,0.0,0.0,0.0
R04,training,20,270,0,0.0,0.0,0.0,0.0
R04,training,20,271,0,0.0,0.0,0.0,0.0
R04,training,20,272,0,0.0,0.0,0.0,0.0
R04,training,20,273,0,0.0,0.0,0.0,0.0
R04,training,20,274,0,0.0,0.0,0.0,0.0
R04,training,20,275,0,0.0,0.0,0.0,0.0
R04,training,20,276,0,0.0,0.0,0.0,0.0
R04,training,20,277,0,0.0,0.0,0.0,0.0
R04,training,20,278,0,0.0,0.0,0.0,0.0
R04,training,20,279,0,0.0,0.0,0.0,0.0
R04,training,20,280,0,0.0,0.0,0.0,0.0
R04,training,20,281,0,0.0,0.0,0.0,0.0
R04,training,20,282,0,0.0,0.0,0.0,0.0
R04,training,20,283,0,0.0,0.0,0.0,0.0
R04,training,20,284,0,0.0,0.0,0.0,0.0
R04,training,20,285,0,0.0,0.0,0.0,0.0
R04,training,20,286,0,0.0,0.0,0.0,0.0
R04,training,20,287,0,0.0,0.0,0.0,0.0
R04,training,20,288,0,0.0,0.0,0.0,0.0
R04,training,20,289,0,0.0,0.0,0.0,0.0
R04,training,20,290,0,0.0,0.0,0.0,0.0
R04,training,20,291,0,0.0,0.0,0.0,0.0
R04,training,20,292,0,0.0,0.0,0.0,0.0
R04,training,20,293,0,0.0,0.0,0.0,0.0
R04,training,20,294,0,0.0,0.0,0.0,0.0
R04,training,20,295,0,0.0,0.0,0.0,0.0
R04,training,20,296,0,0.0,0.0,0.0,0.0
R04,training,20,297,0,0.0,0.0,0.0,0.0
R04,training,20,298,0,0.0,0.0,0.0,0.0
R04,training,20,299,0,0.0,0.0,0.0,0.0
R04,training,20,300,0,0.0,0.0,0.0,0.0
R04,training,20,301,0,0.0,0.0,0.0,0.0
R04,training,20,302,0,0.0,0.0,0.0,0.0
R04,training,20,303,0,0.0,0.0,0.0,0.0
R04,training,20,304,0,0.0,0.0,0.0,0.0
R04,training,20,305,0,0.0,0.0,0.0,0.0
R04,training,20,306,0,0.0,0.0,0.0,0.0
R04,training,20,307,0,0.0,0.0,0.0,0.0
R04,training,20,308,0,0.0,0.0,0.0,0.0
R04,training,20,309,0,0.0,0.0,0.0,0.0
R04,training,20,310,0,0.0,0.0,0.0,0.0
R04,training,20,311,0,0.0,0.0,0.0,0.0
R04,training,20,312,0,0.0,0.0,0.0,0.0
R04,training,20,313,0,0.0,0.0,0.0,0.0
R04,training,20,314,0,0.0,0.0,0.0,0.0
R04,training,20,315,0,0.0,0.0,0.0,0.0
R04,training,20,316,0,0.0,0.0,0.0,0.0
R04,training,20,317,0,0.0,0.0,0.0,0.0
R04,training,20,318,0,0.0,0.0,0.0,0.0
R04,training,20,319,0,0.0,0.0,0.0,0.0
R04,training,20,320,0,0.0,0.0,0.0,0.0
R04,training,20,321,0,0.0,0.0,0.0,0.0
R04,training,20,322,0,0.0,0.0,0.0,0.0
R04,training,20,323,0,0.0,0.0,0.0,0.0
R04,training,20,324,0,0.0,0.0,0.0,0.0
R04,training,20,325,0,0.0,0.0,0.0,0.0
R04,training,20,326,0,0.0,0.0,0.0,0.0
R04,training,20,327,0,0.0,0.0,0.0,0.0
R04,training,20,328,0,0.0,0.0,0.0,0.0
R04,training,20,329,0,0.0,0.0,0.0,0.0
R04,training,20,330,0,0.0,0.0,0.0,0.0
R04,training,20,331,0,0.0,0.0,0.0,0.0
R04,training,20,332,0,0.0,0.0,0.0,0.0
R04,training,20,333,0,0.0,0.0,0.0,0.0
R04,training,20,334,0,0.0,0.0,0.0,0.0
R04,training,20,335,0,0.0,0.0,0.0,0.0
R04,training,20,336,0,0.0,0.0,0.0,0.0
R04,training,20,337,0,0.0,0.0,0.0,0.0
R04,training,20,338,0,0.0,0.0,0.0,0.0
R04,training,20,339,0,0.0,0.0,0.0,0.0
R04,training,20,340,0,0.0,0.0,0.0,0.0
R04,training,20,341,0,0.0,0.0,0.0,0.0
R04,training,20,342,0,0.0,0.0,0.0,0.0
R04,training,20,343,0,0.0,0.0,0.0,0.0
R04,training,20,344,0,0.0,0.0,0.0,0.0
R04,training,20,345,0,0.0,0.0,0.0,0.0
R04,training,20,346,0,0.0,0.0,0.0,0.0
R04,training,20,347,0,0.0,0.0,0.0,0.0
R04,training,20,348,0,0.0,0.0,0.0,0.0
R04,training,20,349,0,0.0,0.0,0.0,0.0
R04,training,20,350,0,0.0,0.0,0.0,0.0
R04,training,20,351,0,0.0,0.0,0.0,0.0
R04,training,20,352,0,0.0,0.0,0.0,0.0
R04,training,20,353,0,0.0,0.0,0.0,0.0
R04,training,20,354,0,0.0,0.0,0.0,0.0
R04,training,20,355,0,0.0,0.0,0.0,0.0
R04,training,20,356,0,0.0,0.0,0.0,0.0
R04,training,20,357,0,0.0,0.0,0.0,0.0
R04,training,20,358,0,0.0,0.0,0.0,0.0
R04,training,20,359,0,0.0,0.0,0.0,0.0
R04,training,20,360,0,0.0,0.0,0.0,0.0
R04,training,20,361,0,0.0,0.0,0.0,0.0
R04,training,20,362,0,0.0,0.0,0.0,0.0
R04,training,20,363,0,0.0,0.0,0.0,0.0
R04,training,20,364,0,0.0,0.0,0.0,0.0
R04,training,20,365,0,0.0,0.0,0.0,0.0
R04,training,20,366,0,0.0,0.0,0.0,0.0
R04,training,20,367,0,0.0,0.0,0.0,0.0
R04,training,20,368,0,0.0,0.0,0.0,0.0
R04,training,20,369,0,0.0,0.0,0.0,0.0
R04,training,20,370,0,0.0,0.0,0.0,0.0
R04,training,20,371,0,0.0,0.0,0.0,0.0
R04,training,20,372,0,0.0,0.0,0.0,0.0
R04,training,20,373,0,0.0,0.0,0.0,0.0
R04,training,20,374,0,0.0,0.0,0.0,0.0
R04,training,20,375,0,0.0,0.0,0.0,0.0
R04,training,20,376,0,0.0,0.0,0.0,0.0
R04,training,20,377,0,0.0,0.0,0.0,0.0
R04,training,20,378,0,0.0,0.0,0.0,0.0
R04,training,20,379,0,0.0,0.0,0.0,0.0
R04,training,20,380,0,0.0,0.0,0.0,0.0
R04,training,20,381,0,0.0,0.0,0.0,0.0
R04,training,20,382,0,0.0,0.0,0.0,0.0
R04,training,20,383,0,0.0,0.0,0.0,0.0
R04,training,20,384,0,0.0,0.0,0.0,0.0
R04,training,20,385,0,0.0,0.0,0.0,0.0
R04,training,20,386,0,0.0,0.0,0.0,0.0
R04,training,20,387,0,0.0,0.0,0.0,0.0
R04,training,20,388,0,0.0,0.0,0.0,0.0
R04,training,20,389,0,0.0,0.0,0.0,0.0
R04,training,20,390,0,0.0,0.0,0.0,0.0
R04,training,20,391,0,0.0,0.0,0.0,0.0
R04,training,20,392,0,0.0,0.0,0.0,0.0
R04,training,20,393,0,0.0,0.0,0.0,0.0
R04,training,20,394,0,0.0,0.0,0.0,0.0
R04,training,20,395,0,0.0,0.0,0.0,0.0
R04,training,20,396,0,0.0,0.0,0.0,0.0
R04,training,20,397,0,0.0,0.0,0.0,0.0
R04,training,20,398,0,0.0,0.0,0.0,0.0
R04,training,20,399,0,0.0,0.0,0.0,0.0
R04,training,20,400,0,0.0,0.0,0.0,0.0
R04,training,20,401,0,0.0,0.0,0.0,0.0
R04,training,20,402,0,0.0,0.0,0.0,0.0
R04,training,20,403,0,0.0,0.0,0.0,0.0
R04,training,25,0,0,0.0,0.0,0.0,0.0
R04,training,25,1,0,0.0,0.0,0.0,0.0
R04,training,25,2,0,0.0,0.0,0.0,0.0
R04,training,25,3,0,0.0,0.0,0.0,0.0
R04,training,25,4,0,0.0,0.0,0.0,0.0
R04,training,25,5,0,0.0,0.0,0.0,0.0
R04,training,25,6,0,0.0,0.0,0.0,0.0
R04,training,25,7,0,0.0,0.0,0.0,0.0
R04,training,25,8,0,0.0,0.0,0.0,0.0
R04,training,25,9,0,0.0,0.0,0.0,0.0
R04,training,25,10,0,0.0,0.0,0.0,0.0
R04,training,25,11,0,0.0,0.0,0.0,0.0
R04,training,25,12,0,0.0,0.0,0.0,0.0
R04,training,25,13,0,0.0,0.0,0.0,0.0
R04,training,25,14,0,0.0,0.0,0.0,0.0
R04,training,25,15,0,0.0,0.0,0.0,0.0
R04,training,25,16,0,0.0,0.0,0.0,0.0
R04,training,25,17,0,0.0,0.0,0.0,0.0
R04,training,25,18,0,0.0,0.0,0.0,0.0
R04,training,25,19,0,0.0,0.0,0.0,0.0
R04,training,25,20,0,0.0,0.0,0.0,0.0
R04,training,25,21,0,0.0,0.0,0.0,0.0
R04,training,25,22,0,0.0,0.0,0.0,0.0
R04,training,25,23,0,0.0,0.0,0.0,0.0
R04,training,25,24,0,0.0,0.0,0.0,0.0
R04,training,25,25,0,0.0,0.0,0.0,0.0
R04,training,25,26,0,0.0,0.0,0.0,0.0
R04,training,25,27,0,0.0,0.0,0.0,0.0
R04,training,25,28,0,0.0,0.0,0.0,0.0
R04,training,25,29,0,0.0,0.0,0.0,0.0
R04,training,25,30,0,0.0,0.0,0.0,0.0
R04,training,25,31,0,0.0,0.0,0.0,0.0
R04,training,25,32,0,0.0,0.0,0.0,0.0
R04,training,25,33,0,0.0,0.0,0.0,0.0
R04,training,25,34,0,0.0,0.0,0.0,0.0
R04,training,25,35,0,0.0,0.0,0.0,0.0
R04,training,25,36,0,0.0,0.0,0.0,0.0
R04,training,25,37,0,0.0,0.0,0.0,0.0
R04,training,25,38,0,0.0,0.0,0.0,0.0
R04,training,25,39,0,0.0,0.0,0.0,0.0
R04,training,25,40,0,0.0,0.0,0.0,0.0
R04,training,25,41,0,0.0,0.0,0.0,0.0
R04,training,25,42,0,0.0,0.0,0.0,0.0
R04,training,25,43,0,0.0,0.0,0.0,0.0
R04,training,25,44,0,0.0,0.0,0.0,0.0
R04,training,25,45,0,0.0,0.0,0.0,0.0
R04,training,25,46,0,0.0,0.0,0.0,0.0
R04,training,25,47,0,0.0,0.0,0.0,0.0
R04,training,25,48,0,0.0,0.0,0.0,0.0
R04,training,25,49,0,0.0,0.0,0.0,0.0
R04,training,25,50,0,0.0,0.0,0.0,0.0
R04,training,25,51,0,0.0,0.0,0.0,0.0
R04,training,25,52,0,0.0,0.0,0.0,0.0
R04,training,25,53,0,0.0,0.0,0.0,0.0
R04,training,25,54,0,0.0,0.0,0.0,0.0
R04,training,25,55,0,0.0,0.0,0.0,0.0
R04,training,25,56,0,0.0,0.0,0.0,0.0
R04,training,25,57,0,0.0,0.0,0.0,0.0
R04,training,25,58,0,0.0,0.0,0.0,0.0
R04,training,25,59,0,0.0,0.0,0.0,0.0
R04,training,25,60,0,0.0,0.0,0.0,0.0
R04,training,25,61,0,0.0,0.0,0.0,0.0
R04,training,25,62,0,0.0,0.0,0.0,0.0
R04,training,25,63,0,0.0,0.0,0.0,0.0
R04,training,25,64,0,0.0,0.0,0.0,0.0
R04,training,25,65,0,0.0,0.0,0.0,0.0
R04,training,25,66,0,0.0,0.0,0.0,0.0
R04,training,25,67,0,0.0,0.0,0.0,0.0
R04,training,25,68,0,0.0,0.0,0.0,0.0
R04,training,25,69,0,0.0,0.0,0.0,0.0
R04,training,25,70,0,0.0,0.0,0.0,0.0
R04,training,25,71,0,0.0,0.0,0.0,0.0
R04,training,25,72,0,0.0,0.0,0.0,0.0
R04,training,25,73,0,0.0,0.0,0.0,0.0
R04,training,25,74,0,0.0,0.0,0.0,0.0
R04,training,25,75,0,0.0,0.0,0.0,0.0
R04,training,25,76,0,0.0,0.0,0.0,0.0
R04,training,25,77,0,0.0,0.0,0.0,0.0
R04,training,25,78,0,0.0,0.0,0.0,0.0
R04,training,25,79,0,0.0,0.0,0.0,0.0
R04,training,25,80,0,0.0,0.0,0.0,0.0
R04,training,25,81,0,0.0,0.0,0.0,0.0
R04,training,25,82,0,0.0,0.0,0.0,0.0
R04,training,25,83,0,0.0,0.0,0.0,0.0
R04,training,25,84,0,0.0,0.0,0.0,0.0
R04,training,25,85,0,0.0,0.0,0.0,0.0
R04,training,25,86,0,0.0,0.0,0.0,0.0
R04,training,25,87,0,0.0,0.0,0.0,0.0
R04,training,25,88,0,0.0,0.0,0.0,0.0
R04,training,25,89,0,0.0,0.0,0.0,0.0
R04,training,25,90,0,0.0,0.0,0.0,0.0
R04,training,25,91,0,0.0,0.0,0.0,0.0
R04,training,25,92,0,0.0,0.0,0.0,0.0
R04,training,25,93,0,0.0,0.0,0.0,0.0
R04,training,25,94,0,0.0,0.0,0.0,0.0
R04,training,25,95,0,0.0,0.0,0.0,0.0
R04,training,25,96,0,0.0,0.0,0.0,0.0
R04,training,25,97,0,0.0,0.0,0.0,0.0
R04,training,25,98,0,0.0,0.0,0.0,0.0
R04,training,25,99,0,0.0,0.0,0.0,0.0
R04,training,25,100,0,0.0,0.0,0.0,0.0
R04,training,25,101,0,0.0,0.0,0.0,0.0
R04,training,25,102,0,0.0,0.0,0.0,0.0
R04,training,25,103,0,0.0,0.0,0.0,0.0
R04,training,25,104,0,0.0,0.0,0.0,0.0
R04,training,25,105,0,0.0,0.0,0.0,0.0
R04,training,25,106,0,0.0,0.0,0.0,0.0
R04,training,25,107,0,0.0,0.0,0.0,0.0
R04,training,25,108,0,0.0,0.0,0.0,0.0
R04,training,25,109,0,0.0,0.0,0.0,0.0
R04,training,25,110,0,0.0,0.0,0.0,0.0
R04,training,25,111,0,0.0,0.0,0.0,0.0
R04,training,25,112,0,0.0,0.0,0.0,0.0
R04,training,25,113,0,0.0,0.0,0.0,0.0
R04,training,25,114,0,0.0,0.0,0.0,0.0
R04,training,25,115,0,0.0,0.0,0.0,0.0
R04,training,25,116,0,0.0,0.0,0.0,0.0
R04,training,25,117,0,0.0,0.0,0.0,0.0
R04,training,25,118,0,0.0,0.0,0.0,0.0
R04,training,25,119,0,0.0,0.0,0.0,0.0
R04,training,25,120,0,0.0,0.0,0.0,0.0
R04,training,25,121,0,0.0,0.0,0.0,0.0
R04,training,25,122,0,0.0,0.0,0.0,0.0
R04,training,25,123,0,0.0,0.0,0.0,0.0
R04,training,25,124,0,0.0,0.0,0.0,0.0
R04,training,25,125,0,0.0,0.0,0.0,0.0
R04,training,25,126,0,0.0,0.0,0.0,0.0
R04,training,25,127,0,0.0,0.0,0.0,0.0
R04,training,25,128,0,0.0,0.0,0.0,0.0
R04,training,25,129,0,0.0,0.0,0.0,0.0
R04,training,25,130,0,0.0,0.0,0.0,0.0
R04,training,25,131,0,0.0,0.0,0.0,0.0
R04,training,25,132,0,0.0,0.0,0.0,0.0
R04,training,25,133,0,0.0,0.0,0.0,0.0
R04,training,25,134,0,0.0,0.0,0.0,0.0
R04,training,25,135,0,0.0,0.0,0.0,0.0
R04,training,25,136,0,0.0,0.0,0.0,0.0
R04,training,25,137,0,0.0,0.0,0.0,0.0
R04,training,25,138,0,0.0,0.0,0.0,0.0
R04,training,25,139,0,0.0,0.0,0.0,0.0
R04,training,25,140,0,0.0,0.0,0.0,0.0
R04,training,25,141,0,0.0,0.0,0.0,0.0
R04,training,25,142,0,0.0,0.0,0.0,0.0
R04,training,25,143,0,0.0,0.0,0.0,0.0
R04,training,25,144,0,0.0,0.0,0.0,0.0
R04,training,25,145,0,0.0,0.0,0.0,0.0
R04,training,25,146,0,0.0,0.0,0.0,0.0
R04,training,25,147,0,0.0,0.0,0.0,0.0
R04,training,25,148,0,0.0,0.0,0.0,0.0
R04,training,25,149,0,0.0,0.0,0.0,0.0
R04,training,25,150,0,0.0,0.0,0.0,0.0
R04,training,25,151,0,0.0,0.0,0.0,0.0
R04,training,25,152,0,0.0,0.0,0.0,0.0
R04,training,25,153,0,0.0,0.0,0.0,0.0
R04,training,25,154,0,0.0,0.0,0.0,0.0
R04,training,25,155,0,0.0,0.0,0.0,0.0
R04,training,25,156,0,0.0,0.0,0.0,0.0
R04,training,25,157,0,0.0,0.0,0.0,0.0
R04,training,25,158,0,0.0,0.0,0.0,0.0
R04,training,25,159,0,0.0,0.0,0.0,0.0
R04,training,25,160,0,0.0,0.0,0.0,0.0
R04,training,25,161,0,0.0,0.0,0.0,0.0
R04,training,25,162,0,0.0,0.0,0.0,0.0
R04,training,25,163,0,0.0,0.0,0.0,0.0
R04,training,25,164,0,0.0,0.0,0.0,0.0
R04,training,25,165,0,0.0,0.0,0.0,0.0
R04,training,25,166,0,0.0,0.0,0.0,0.0
R04,training,25,167,0,0.0,0.0,0.0,0.0
R04,training,25,168,0,0.0,0.0,0.0,0.0
R04,training,25,169,0,0.0,0.0,0.0,0.0
R04,training,25,170,0,0.0,0.0,0.0,0.0
R04,training,25,171,0,0.0,0.0,0.0,0.0
R04,training,25,172,0,0.0,0.0,0.0,0.0
R04,training,25,173,0,0.0,0.0,0.0,0.0
R04,training,25,174,0,0.0,0.0,0.0,0.0
R04,training,25,175,0,0.0,0.0,0.0,0.0
R04,training,25,176,0,0.0,0.0,0.0,0.0
R04,training,25,177,0,0.0,0.0,0.0,0.0
R04,training,25,178,0,0.0,0.0,0.0,0.0
R04,training,25,179,0,0.0,0.0,0.0,0.0
R04,training,25,180,0,0.0,0.0,0.0,0.0
R04,training,25,181,0,0.0,0.0,0.0,0.0
R04,training,25,182,0,0.0,0.0,0.0,0.0
R04,training,25,183,0,0.0,0.0,0.0,0.0
R04,training,25,184,0,0.0,0.0,0.0,0.0
R04,training,25,185,0,0.0,0.0,0.0,0.0
R04,training,25,186,0,0.0,0.0,0.0,0.0
R04,training,25,187,0,0.0,0.0,0.0,0.0
R04,training,25,188,0,0.0,0.0,0.0,0.0
R04,training,25,189,0,0.0,0.0,0.0,0.0
R04,training,25,190,0,0.0,0.0,0.0,0.0
R04,training,25,191,0,0.0,0.0,0.0,0.0
R04,training,25,192,0,0.0,0.0,0.0,0.0
R04,training,25,193,0,0.0,0.0,0.0,0.0
R04,training,25,194,0,0.0,0.0,0.0,0.0
R04,training,25,195,0,0.0,0.0,0.0,0.0
R04,training,25,196,0,0.0,0.0,0.0,0.0
R04,training,25,197,0,0.0,0.0,0.0,0.0
R04,training,25,198,0,0.0,0.0,0.0,0.0
R04,training,25,199,0,0.0,0.0,0.0,0.0
R04,training,25,200,0,0.0,0.0,0.0,0.0
R04,training,25,201,0,0.0,0.0,0.0,0.0
R04,training,25,202,0,0.0,0.0,0.0,0.0
R04,training,25,203,0,0.0,0.0,0.0,0.0
R04,training,25,204,0,0.0,0.0,0.0,0.0
R04,training,25,205,0,0.0,0.0,0.0,0.0
R04,training,25,206,0,0.0,0.0,0.0,0.0
R04,training,25,207,0,0.0,0.0,0.0,0.0
R04,training,25,208,0,0.0,0.0,0.0,0.0
R04,training,25,209,0,0.0,0.0,0.0,0.0
R04,training,25,210,0,0.0,0.0,0.0,0.0
R04,training,25,211,0,0.0,0.0,0.0,0.0
R04,training,25,212,0,0.0,0.0,0.0,0.0
R04,training,25,213,0,0.0,0.0,0.0,0.0
R04,training,25,214,0,0.0,0.0,0.0,0.0
R04,training,25,215,0,0.0,0.0,0.0,0.0
R04,training,25,216,0,0.0,0.0,0.0,0.0
R04,training,25,217,0,0.0,0.0,0.0,0.0
R04,training,25,218,0,0.0,0.0,0.0,0.0
R04,training,25,219,0,0.0,0.0,0.0,0.0
R04,training,25,220,0,0.0,0.0,0.0,0.0
R04,training,25,221,0,0.0,0.0,0.0,0.0
R04,training,25,222,0,0.0,0.0,0.0,0.0
R04,training,25,223,0,0.0,0.0,0.0,0.0
R04,training,25,224,0,0.0,0.0,0.0,0.0
R04,training,25,225,0,0.0,0.0,0.0,0.0
R04,training,25,226,0,0.0,0.0,0.0,0.0
R04,training,25,227,0,0.0,0.0,0.0,0.0
R04,training,25,228,0,0.0,0.0,0.0,0.0
R04,training,25,229,0,0.0,0.0,0.0,0.0
R04,training,25,230,0,0.0,0.0,0.0,0.0
R04,training,25,231,0,0.0,0.0,0.0,0.0
R04,training,25,232,0,0.0,0.0,0.0,0.0
R04,training,25,233,0,0.0,0.0,0.0,0.0
R04,training,25,234,0,0.0,0.0,0.0,0.0
R04,training,25,235,0,0.0,0.0,0.0,0.0
R04,training,25,236,0,0.0,0.0,0.0,0.0
R04,training,25,237,0,0.0,0.0,0.0,0.0
R04,training,25,238,0,0.0,0.0,0.0,0.0
R04,training,25,239,0,0.0,0.0,0.0,0.0
R04,training,25,240,0,0.0,0.0,0.0,0.0
R04,training,25,241,0,0.0,0.0,0.0,0.0
R04,training,25,242,0,0.0,0.0,0.0,0.0
R04,training,25,243,0,0.0,0.0,0.0,0.0
R04,training,25,244,0,0.0,0.0,0.0,0.0
R04,training,25,245,0,0.0,0.0,0.0,0.0
R04,training,25,246,0,0.0,0.0,0.0,0.0
R04,training,25,247,0,0.0,0.0,0.0,0.0
R04,training,25,248,0,0.0,0.0,0.0,0.0
R04,training,25,249,0,0.0,0.0,0.0,0.0
R04,training,25,250,0,0.0,0.0,0.0,0.0
R04,training,25,251,0,0.0,0.0,0.0,0.0
R04,training,25,252,0,0.0,0.0,0.0,0.0
R04,training,25,253,0,0.0,0.0,0.0,0.0
R04,training,25,254,0,0.0,0.0,0.0,0.0
R04,training,25,255,0,0.0,0.0,0.0,0.0
R04,training,25,256,0,0.0,0.0,0.0,0.0
R04,training,25,257,0,0.0,0.0,0.0,0.0
R04,training,25,258,0,0.0,0.0,0.0,0.0
R04,training,25,259,0,0.0,0.0,0.0,0.0
R04,training,25,260,0,0.0,0.0,0.0,0.0
R04,training,25,261,0,0.0,0.0,0.0,0.0
R04,training,25,262,0,0.0,0.0,0.0,0.0
R04,training,25,263,0,0.0,0.0,0.0,0.0
R04,training,25,264,0,0.0,0.0,0.0,0.0
R04,training,25,265,0,0.0,0.0,0.0,0.0
R04,training,25,266,0,0.0,0.0,0.0,0.0
R04,training,25,267,0,0.0,0.0,0.0,0.0
R04,training,25,268,0,0.0,0.0,0.0,0.0
R04,training,25,269,0,0.0,0.0,0.0,0.0
R04,training,25,270,0,0.0,0.0,0.0,0.0
R04,training,25,271,0,0.0,0.0,0.0,0.0
R04,training,25,272,0,0.0,0.0,0.0,0.0
R04,training,25,273,0,0.0,0.0,0.0,0.0
R04,training,25,274,0,0.0,0.0,0.0,0.0
R04,training,25,275,0,0.0,0.0,0.0,0.0
R04,training,25,276,0,0.0,0.0,0.0,0.0
R04,training,25,277,0,0.0,0.0,0.0,0.0
R04,training,25,278,0,0.0,0.0,0.0,0.0
R04,training,25,279,0,0.0,0.0,0.0,0.0
R04,training,25,280,0,0.0,0.0,0.0,0.0
R04,training,25,281,0,0.0,0.0,0.0,0.0
R04,training,25,282,0,0.0,0.0,0.0,0.0
R04,training,25,283,0,0.0,0.0,0.0,0.0
R04,training,25,284,0,0.0,0.0,0.0,0.0
R04,training,25,285,0,0.0,0.0,0.0,0.0
R04,training,25,286,0,0.0,0.0,0.0,0.0
R04,training,25,287,0,0.0,0.0,0.0,0.0
R04,training,25,288,0,0.0,0.0,0.0,0.0
R04,training,25,289,0,0.0,0.0,0.0,0.0
R04,training,25,290,0,0.0,0.0,0.0,0.0
R04,training,25,291,0,0.0,0.0,0.0,0.0
R04,training,25,292,0,0.0,0.0,0.0,0.0
R04,training,25,293,0,0.0,0.0,0.0,0.0
R04,training,25,294,0,0.0,0.0,0.0,0.0
R04,training,25,295,0,0.0,0.0,0.0,0.0
R04,training,25,296,0,0.0,0.0,0.0,0.0
R04,training,25,297,0,0.0,0.0,0.0,0.0
R04,training,25,298,0,0.0,0.0,0.0,0.0
R04,training,25,299,0,0.0,0.0,0.0,0.0
R04,training,25,300,0,0.0,0.0,0.0,0.0
R04,training,25,301,0,0.0,0.0,0.0,0.0
R04,training,25,302,0,0.0,0.0,0.0,0.0
R04,training,25,303,0,0.0,0.0,0.0,0.0
R04,training,25,304,0,0.0,0.0,0.0,0.0
R04,training,25,305,0,0.0,0.0,0.0,0.0
R04,training,25,306,0,0.0,0.0,0.0,0.0
R04,training,25,307,0,0.0,0.0,0.0,0.0
R04,training,25,308,0,0.0,0.0,0.0,0.0
R04,training,25,309,0,0.0,0.0,0.0,0.0
R04,training,25,310,0,0.0,0.0,0.0,0.0
R04,training,25,311,0,0.0,0.0,0.0,0.0
R04,training,25,312,0,0.0,0.0,0.0,0.0
R04,training,25,313,0,0.0,0.0,0.0,0.0
R04,training,25,314,0,0.0,0.0,0.0,0.0
R04,training,25,315,0,0.0,0.0,0.0,0.0
R04,training,25,316,0,0.0,0.0,0.0,0.0
R04,training,25,317,0,0.0,0.0,0.0,0.0
R04,training,25,318,0,0.0,0.0,0.0,0.0
R04,training,25,319,0,0.0,0.0,0.0,0.0
R04,training,25,320,0,0.0,0.0,0.0,0.0
R04,training,25,321,0,0.0,0.0,0.0,0.0
R04,training,25,322,0,0.0,0.0,0.0,0.0
R04,training,25,323,0,0.0,0.0,0.0,0.0
R04,training,25,324,0,0.0,0.0,0.0,0.0
R04,training,25,325,0,0.0,0.0,0.0,0.0
R04,training,25,326,0,0.0,0.0,0.0,0.0
R04,training,25,327,0,0.0,0.0,0.0,0.0
R04,training,25,328,0,0.0,0.0,0.0,0.0
R04,training,25,329,0,0.0,0.0,0.0,0.0
R04,training,25,330,0,0.0,0.0,0.0,0.0
R04,training,25,331,0,0.0,0.0,0.0,0.0
R04,training,25,332,0,0.0,0.0,0.0,0.0
R04,training,25,333,0,0.0,0.0,0.0,0.0
R04,training,25,334,0,0.0,0.0,0.0,0.0
R04,training,25,335,0,0.0,0.0,0.0,0.0
R04,training,25,336,0,0.0,0.0,0.0,0.0
R04,training,25,337,0,0.0,0.0,0.0,0.0
R04,training,25,338,0,0.0,0.0,0.0,0.0
R04,training,25,339,0,0.0,0.0,0.0,0.0
R04,training,25,340,0,0.0,0.0,0.0,0.0
R04,training,25,341,0,0.0,0.0,0.0,0.0
R04,training,25,342,0,0.0,0.0,0.0,0.0
R04,training,25,343,0,0.0,0.0,0.0,0.0
R04,training,25,344,0,0.0,0.0,0.0,0.0
R04,training,25,345,0,0.0,0.0,0.0,0.0
R04,training,25,346,0,0.0,0.0,0.0,0.0
R04,training,25,347,0,0.0,0.0,0.0,0.0
R04,training,25,348,0,0.0,0.0,0.0,0.0
R04,training,25,349,0,0.0,0.0,0.0,0.0
R04,training,25,350,0,0.0,0.0,0.0,0.0
R04,training,25,351,0,0.0,0.0,0.0,0.0
R04,training,25,352,0,0.0,0.0,0.0,0.0
R04,training,25,353,0,0.0,0.0,0.0,0.0
R04,training,25,354,0,0.0,0.0,0.0,0.0
R04,training,25,355,0,0.0,0.0,0.0,0.0
R04,training,25,356,0,0.0,0.0,0.0,0.0
R04,training,25,357,0,0.0,0.0,0.0,0.0
R04,training,25,358,0,0.0,0.0,0.0,0.0
R04,training,25,359,0,0.0,0.0,0.0,0.0
R04,training,25,360,0,0.0,0.0,0.0,0.0
R04,training,25,361,0,0.0,0.0,0.0,0.0
R04,training,25,362,0,0.0,0.0,0.0,0.0
R04,training,25,363,0,0.0,0.0,0.0,0.0
R04,training,25,364,0,0.0,0.0,0.0,0.0
R04,training,25,365,0,0.0,0.0,0.0,0.0
R04,training,25,366,0,0.0,0.0,0.0,0.0
R04,training,25,367,0,0.0,0.0,0.0,0.0
R04,training,25,368,0,0.0,0.0,0.0,0.0
R04,training,25,369,0,0.0,0.0,0.0,0.0
R04,training,25,370,0,0.0,0.0,0.0,0.0
R04,training,25,371,0,0.0,0.0,0.0,0.0
R04,training,25,372,0,0.0,0.0,0.0,0.0
R04,training,25,373,0,0.0,0.0,0.0,0.0
R04,training,25,374,0,0.0,0.0,0.0,0.0
R04,training,25,375,0,0.0,0.0,0.0,0.0
R04,training,25,376,0,0.0,0.0,0.0,0.0
R04,training,25,377,0,0.0,0.0,0.0,0.0
R04,training,25,378,0,0.0,0.0,0.0,0.0
R04,training,25,379,0,0.0,0.0,0.0,0.0
R04,training,25,380,0,0.0,0.0,0.0,0.0
R04,training,25,381,0,0.0,0.0,0.0,0.0
R04,training,25,382,0,0.0,0.0,0.0,0.0
R04,training,25,383,0,0.0,0.0,0.0,0.0
R04,training,25,384,0,0.0,0.0,0.0,0.0
R04,training,25,385,0,0.0,0.0,0.0,0.0
R04,training,25,386,0,0.0,0.0,0.0,0.0
R04,training,25,387,0,0.0,0.0,0.0,0.0
R04,training,25,388,0,0.0,0.0,0.0,0.0
R04,training,25,389,0,0.0,0.0,0.0,0.0
R04,training,25,390,0,0.0,0.0,0.0,0.0
R04,training,25,391,0,0.0,0.0,0.0,0.0
R04,training,25,392,0,0.0,0.0,0.0,0.0
R04,training,25,393,0,0.0,0.0,0.0,0.0
R04,training,25,394,0,0.0,0.0,0.0,0.0
R04,training,25,395,0,0.0,0.0,0.0,0.0
R04,training,25,396,0,0.0,0.0,0.0,0.0
R04,training,25,397,0,0.0,0.0,0.0,0.0
R04,training,25,398,0,0.0,0.0,0.0,0.0
R04,training,25,399,0,0.0,0.0,0.0,0.0
R04,training,25,400,0,0.0,0.0,0.0,0.0
R04,training,25,401,0,0.0,0.0,0.0,0.0
R04,training,25,402,0,0.0,0.0,0.0,0.0
R01,testing,06,0,0,0.0,0.0,0.0,0.0
R01,testing,06,1,0,0.0,0.0,0.0,0.0
R01,testing,06,2,0,0.0,0.0,0.0,0.0
R01,testing,06,3,0,0.0,0.0,0.0,0.0
R01,testing,06,4,0,0.0,0.0,0.0,0.0
R01,testing,06,5,0,0.0,0.0,0.0,0.0
R01,testing,06,6,0,0.0,0.0,0.0,0.0
R01,testing,06,7,0,0.0,0.0,0.0,0.0
R01,testing,06,8,0,0.0,0.0,0.0,0.0
R01,testing,06,9,0,0.0,0.0,0.0,0.0
R01,testing,06,10,1,0.0,0.0,0.0,0.0
R01,testing,06,11,1,0.0,0.0,0.0,0.0
R01,testing,06,12,1,0.0,0.0,0.0,0.0
R01,testing,06,13,1,0.0,0.0,0.0,0.0
R01,testing,06,14,1,0.0,0.0,0.0,0.0
R01,testing,06,15,1,0.0,0.0,0.0,0.0
R01,testing,06,16,1,0.0,0.0,0.0,0.0
R01,testing,06,17,1,0.0,0.0,0.0,0.0
R01,testing,06,18,1,0.0,0.0,0.0,0.0
R01,testing,06,19,1,0.0,0.0,0.0,0.0
R01,testing,06,20,1,0.0,0.0,0.0,0.0
R01,testing,06,21,1,0.0,0.0,0.0,0.0
R01,testing,06,22,1,0.0,0.0,0.0,0.0
R01,testing,06,23,1,0.0,0.0,0.0,0.0
R01,testing,06,24,1,0.0,0.0,0.0,0.0
R01,testing,06,25,1,0.0,0.0,0.0,0.0
R01,testing,06,26,1,0.0,0.0,0.0,0.0
R01,testing,06,27,1,0.0,0.0,0.0,0.0
R01,testing,06,28,1,0.0,0.0,0.0,0.0
R01,testing,06,29,1,0.0,0.0,0.0,0.0
R01,testing,06,30,1,0.0,0.0,0.0,0.0
R01,testing,06,31,1,0.0,0.0,0.0,0.0
R01,testing,06,32,1,0.0,0.0,0.0,0.0
R01,testing,06,33,1,0.0,0.0,0.0,0.0
R01,testing,06,34,1,0.0,0.0,0.0,0.0
R01,testing,06,35,1,0.0,0.0,0.0,0.0
R01,testing,06,36,1,0.0,0.0,0.0,0.0
R01,testing,06,37,1,0.0,0.0,0.0,0.0
R01,testing,06,38,1,0.0,0.0,0.0,0.0
R01,testing,06,39,1,0.0,0.0,0.0,0.0
R01,testing,06,40,1,0.0,0.0,0.0,0.0
R01,testing,06,41,1,0.0,0.0,0.0,0.0
R01,testing,06,42,1,0.0,0.0,0.0,0.0
R01,testing,06,43,1,0.0,0.0,0.0,0.0
R01,testing,06,44,1,0.0,0.0,0.0,0.0
R01,testing,06,45,1,0.0,0.0,0.0,0.0
R01,testing,06,46,1,0.0,0.0,0.0,0.0
R01,testing,06,47,1,0.0,0.0,0.0,0.0
R01,testing,06,48,1,0.0,0.0,0.0,0.0
R01,testing,06,49,1,0.0,0.0,0.0,0.0
R01,testing,06,50,1,0.0,0.0,0.0,0.0
R01,testing,06,51,1,0.0,0.0,0.0,0.0
R01,testing,06,52,1,0.0,0.0,0.0,0.0
R01,testing,06,53,1,0.0,0.0,0.0,0.0
R01,testing,06,54,1,0.0,0.0,0.0,0.0
R01,testing,06,55,1,0.0,0.0,0.0,0.0
R01,testing,06,56,1,0.0,0.0,0.0,0.0
R01,testing,06,57,1,0.0,0.0,0.0,0.0
R01,testing,06,58,1,0.0,0.0,0.0,0.0
R01,testing,06,59,1,0.0,0.0,0.0,0.0
R01,testing,06,60,1,0.0,0.0,0.0,0.0
R01,testing,06,61,1,0.0,0.0,0.0,0.0
R01,testing,06,62,1,0.0,0.0,0.0,0.0
R01,testing,06,63,1,0.0,0.0,0.0,0.0
R01,testing,06,64,1,0.0,0.0,0.0,0.0
R01,testing,06,65,1,0.0,0.0,0.0,0.0
R01,testing,06,66,1,0.0,0.0,0.0,0.0
R01,testing,06,67,1,0.0,0.0,0.0,0.0
R01,testing,06,68,1,0.0,0.0,0.0,0.0
R01,testing,06,69,1,0.0,0.0,0.0,0.0
R01,testing,06,70,1,0.0,0.0,0.0,0.0
R01,testing,06,71,1,0.0,0.0,0.0,0.0
R01,testing,06,72,1,0.0,0.0,0.0,0.0
R01,testing,06,73,1,0.0,0.0,0.0,0.0
R01,testing,06,74,1,0.0,0.0,0.0,0.0
R01,testing,06,75,1,0.0,0.0,0.0,0.0
R01,testing,06,76,1,0.0,0.0,0.0,0.0
R01,testing,06,77,1,0.0,0.0,0.0,0.0
R01,testing,06,78,1,0.0,0.0,0.0,0.0
R01,testing,06,79,1,0.0,0.0,0.0,0.0
R01,testing,06,80,1,0.0,0.0,0.0,0.0
R01,testing,06,81,1,0.0,0.0,0.0,0.0
R01,testing,06,82,1,0.0,0.0,0.0,0.0
R01,testing,06,83,1,0.0,0.0,0.0,0.0
R01,testing,06,84,1,0.0,0.0,0.0,0.0
R01,testing,06,85,1,0.0,0.0,0.0,0.0
R01,testing,06,86,1,0.0,0.0,0.0,0.0
R01,testing,06,87,1,0.0,0.0,0.0,0.0
R01,testing,06,88,1,0.0,0.0,0.0,0.0
R01,testing,06,89,1,0.0,0.0,0.0,0.0
R01,testing,06,90,1,0.0,0.0,0.0,0.0
R01,testing,06,91,1,0.0,0.0,0.0,0.0
R01,testing,06,92,1,0.0,0.0,0.0,0.0
R01,testing,06,93,1,0.0,0.0,0.0,0.0
R01,testing,06,94,1,0.0,0.0,0.0,0.0
R01,testing,06,95,1,0.0,0.0,0.0,0.0
R01,testing,06,96,1,0.0,0.0,0.0,0.0
R01,testing,06,97,1,0.0,0.0,0.0,0.0
R01,testing,06,98,1,0.0,0.0,0.0,0.0
R01,testing,06,99,1,0.0,0.0,0.0,0.0
R01,testing,06,100,1,0.0,0.0,0.0,0.0
R01,testing,06,101,1,0.0,0.0,0.0,0.0
R01,testing,06,102,1,0.0,0.0,0.0,0.0
R01,testing,06,103,1,0.0,0.0,0.0,0.0
R01,testing,06,104,1,0.0,0.0,0.0,0.0
R01,testing,06,105,1,0.0,0.0,0.0,0.0
R01,testing,06,106,1,0.0,0.0,0.0,0.0
R01,testing,06,107,1,0.0,0.0,0.0,0.0
R01,testing,06,108,1,0.0,0.0,0.0,0.0
R01,testing,06,109,1,0.0,0.0,0.0,0.0
R01,testing,06,110,1,0.0,0.0,0.0,0.0
R01,testing,06,111,1,0.0,0.0,0.0,0.0
R01,testing,06,112,1,0.0,0.0,0.0,0.0
R01,testing,06,113,1,0.0,0.0,0.0,0.0
R01,testing,06,114,1,0.0,0.0,0.0,0.0
R01,testing,06,115,1,0.0,0.0,0.0,0.0
R01,testing,06,116,1,0.0,0.0,0.0,0.0
R01,testing,06,117,1,0.0,0.0,0.0,0.0
R01,testing,06,118,1,0.0,0.0,0.0,0.0
R01,testing,06,119,1,0.0,0.0,0.0,0.0
R01,testing,06,120,1,0.0,0.0,0.0,0.0
R01,testing,06,121,1,0.0,0.0,0.0,0.0
R01,testing,06,122,1,0.0,0.0,0.0,0.0
R01,testing,06,123,1,0.0,0.0,0.0,0.0
R01,testing,06,124,1,0.0,0.0,0.0,0.0
R01,testing,06,125,1,0.0,0.0,0.0,0.0
R01,testing,06,126,1,0.0,0.0,0.0,0.0
R01,testing,06,127,1,0.0,0.0,0.0,0.0
R01,testing,06,128,1,0.0,0.0,0.0,0.0
R01,testing,06,129,1,0.0,0.0,0.0,0.0
R01,testing,06,130,1,0.0,0.0,0.0,0.0
R01,testing,06,131,1,0.0,0.0,0.0,0.0
R01,testing,06,132,1,0.0,0.0,0.0,0.0
R01,testing,06,133,1,0.0,0.0,0.0,0.0
R01,testing,06,134,1,0.0,0.0,0.0,0.0
R01,testing,06,135,1,0.0,0.0,0.0,0.0
R01,testing,06,136,1,0.0,0.0,0.0,0.0
R01,testing,06,137,1,0.0,0.0,0.0,0.0
R01,testing,06,138,1,0.0,0.0,0.0,0.0
R01,testing,06,139,1,0.0,0.0,0.0,0.0
R01,testing,06,140,1,0.0,0.0,0.0,0.0
R01,testing,06,141,1,0.0,0.0,0.0,0.0
R01,testing,06,142,1,0.0,0.0,0.0,0.0
R01,testing,06,143,1,0.0,0.0,0.0,0.0
R01,testing,06,144,1,0.0,0.0,0.0,0.0
R01,testing,06,145,1,0.0,0.0,0.0,0.0
R01,testing,06,146,1,0.0,0.0,0.0,0.0
R01,testing,06,147,1,0.0,0.0,0.0,0.0
R01,testing,06,148,1,0.0,0.0,0.0,0.0
R01,testing,06,149,1,0.0,0.0,0.0,0.0
R01,testing,06,150,1,0.0,0.0,0.0,0.0
R01,testing,06,151,1,0.0,0.0,0.0,0.0
R01,testing,06,152,1,0.0,0.0,0.0,0.0
R01,testing,06,153,1,0.0,0.0,0.0,0.0
R01,testing,06,154,1,0.0,0.0,0.0,0.0
R01,testing,06,155,1,0.0,0.0,0.0,0.0
R01,testing,06,156,1,0.0,0.0,0.0,0.0
R01,testing,06,157,1,0.0,0.0,0.0,0.0
R01,testing,06,158,1,0.0,0.0,0.0,0.0
R01,testing,06,159,1,0.0,0.0,0.0,0.0
R01,testing,06,160,1,0.0,0.0,0.0,0.0
R01,testing,06,161,1,0.0,0.0,0.0,0.0
R01,testing,06,162,1,0.0,0.0,0.0,0.0
R01,testing,06,163,1,0.0,0.0,0.0,0.0
R01,testing,06,164,1,0.0,0.0,0.0,0.0
R01,testing,06,165,1,0.0,0.0,0.0,0.0
R01,testing,06,166,1,0.0,0.0,0.0,0.0
R01,testing,06,167,1,0.0,0.0,0.0,0.0
R01,testing,06,168,1,0.0,0.0,0.0,0.0
R01,testing,06,169,1,0.0,0.0,0.0,0.0
R01,testing,06,170,1,0.0,0.0,0.0,0.0
R01,testing,06,171,1,0.0,0.0,0.0,0.0
R01,testing,06,172,1,0.0,0.0,0.0,0.0
R01,testing,06,173,1,0.0,0.0,0.0,0.0
R01,testing,06,174,1,0.0,0.0,0.0,0.0
R01,testing,06,175,1,0.0,0.0,0.0,0.0
R01,testing,06,176,1,0.0,0.0,0.0,0.0
R01,testing,06,177,1,0.0,0.0,0.0,0.0
R01,testing,06,178,1,0.0,0.0,0.0,0.0
R01,testing,06,179,1,0.0,0.0,0.0,0.0
R01,testing,06,180,1,0.0,0.0,0.0,0.0
R01,testing,06,181,1,0.0,0.0,0.0,0.0
R01,testing,06,182,1,0.0,0.0,0.0,0.0
R01,testing,06,183,1,0.0,0.0,0.0,0.0
R01,testing,06,184,1,0.0,0.0,0.0,0.0
R01,testing,06,185,1,0.0,0.0,0.0,0.0
R01,testing,06,186,1,0.0,0.0,0.0,0.0
R01,testing,06,187,1,0.0,0.0,0.0,0.0
R01,testing,06,188,1,0.0,0.0,0.0,0.0
R01,testing,06,189,1,0.0,0.0,0.0,0.0
R01,testing,06,190,1,0.0,0.0,0.0,0.0
R01,testing,06,191,1,0.0,0.0,0.0,0.0
R01,testing,06,192,1,0.0,0.0,0.0,0.0
R01,testing,06,193,1,0.0,0.0,0.0,0.0
R01,testing,06,194,1,0.0,0.0,0.0,0.0
R01,testing,06,195,1,0.0,0.0,0.0,0.0
R01,testing,06,196,1,0.0,0.0,0.0,0.0
R01,testing,06,197,1,0.0,0.0,0.0,0.0
R01,testing,06,198,1,0.0,0.0,0.0,0.0
R01,testing,06,199,1,0.0,0.0,0.0,0.0
R01,testing,06,200,1,0.0,0.0,0.0,0.0
R01,testing,06,201,1,0.0,0.0,0.0,0.0
R01,testing,06,202,1,0.0,0.0,0.0,0.0
R01,testing,06,203,1,0.0,0.0,0.0,0.0
R01,testing,06,204,1,0.0,0.0,0.0,0.0
R01,testing,06,205,1,0.0,0.0,0.0,0.0
R01,testing,06,206,1,0.0,0.0,0.0,0.0
R01,testing,06,207,1,0.0,0.0,0.0,0.0
R01,testing,06,208,1,0.0,0.0,0.0,0.0
R01,testing,06,209,1,0.0,0.0,0.0,0.0
R01,testing,06,210,1,0.0,0.0,0.0,0.0
R01,testing,06,211,1,0.0,0.0,0.0,0.0
R01,testing,06,212,1,0.0,0.0,0.0,0.0
R01,testing,06,213,1,0.0,0.0,0.0,0.0
R01,testing,06,214,1,0.0,0.0,0.0,0.0
R01,testing,06,215,1,0.0,0.0,0.0,0.0
R01,testing,06,216,1,0.0,0.0,0.0,0.0
R01,testing,06,217,1,0.0,0.0,0.0,0.0
R01,testing,06,218,1,0.0,0.0,0.0,0.0
R01,testing,06,219,1,0.0,0.0,0.0,0.0
R01,testing,06,220,1,0.0,0.0,0.0,0.0
R01,testing,06,221,1,0.0,0.0,0.0,0.0
R01,testing,06,222,1,0.0,0.0,0.0,0.0
R01,testing,06,223,1,0.0,0.0,0.0,0.0
R01,testing,06,224,1,0.0,0.0,0.0,0.0
R01,testing,06,225,1,0.0,0.0,0.0,0.0
R01,testing,06,226,1,0.0,0.0,0.0,0.0
R01,testing,06,227,1,0.0,0.0,0.0,0.0
R01,testing,06,228,1,0.0,0.0,0.0,0.0
R01,testing,06,229,1,0.0,0.0,0.0,0.0
R01,testing,06,230,0,0.0,0.0,0.0,0.0
R01,testing,06,231,0,0.0,0.0,0.0,0.0
R01,testing,06,232,0,0.0,0.0,0.0,0.0
R01,testing,08,0,0,0.0,0.0,0.0,0.0
R01,testing,08,1,0,0.0,0.0,0.0,0.0
R01,testing,08,2,0,0.0,0.0,0.0,0.0
R01,testing,08,3,0,0.0,0.0,0.0,0.0
R01,testing,08,4,0,0.0,0.0,0.0,0.0
R01,testing,08,5,0,0.0,0.0,0.0,0.0
R01,testing,08,6,0,0.0,0.0,0.0,0.0
R01,testing,08,7,0,0.0,0.0,0.0,0.0
R01,testing,08,8,0,0.0,0.0,0.0,0.0
R01,testing,08,9,0,0.0,0.0,0.0,0.0
R01,testing,08,10,0,0.0,0.0,0.0,0.0
R01,testing,08,11,0,0.0,0.0,0.0,0.0
R01,testing,08,12,0,0.0,0.0,0.0,0.0
R01,testing,08,13,0,0.0,0.0,0.0,0.0
R01,testing,08,14,0,0.0,0.0,0.0,0.0
R01,testing,08,15,0,0.0,0.0,0.0,0.0
R01,testing,08,16,0,0.0,0.0,0.0,0.0
R01,testing,08,17,0,0.0,0.0,0.0,0.0
R01,testing,08,18,0,0.0,0.0,0.0,0.0
R01,testing,08,19,0,0.0,0.0,0.0,0.0
R01,testing,08,20,0,0.0,0.0,0.0,0.0
R01,testing,08,21,0,0.0,0.0,0.0,0.0
R01,testing,08,22,0,0.0,0.0,0.0,0.0
R01,testing,08,23,0,0.0,0.0,0.0,0.0
R01,testing,08,24,0,0.0,0.0,0.0,0.0
R01,testing,08,25,0,0.0,0.0,0.0,0.0
R01,testing,08,26,0,0.0,0.0,0.0,0.0
R01,testing,08,27,0,0.0,0.0,0.0,0.0
R01,testing,08,28,0,0.0,0.0,0.0,0.0
R01,testing,08,29,0,0.0,0.0,0.0,0.0
R01,testing,08,30,1,0.0,0.0,0.0,0.0
R01,testing,08,31,1,0.0,0.0,0.0,0.0
R01,testing,08,32,1,0.0,0.0,0.0,0.0
R01,testing,08,33,1,0.0,0.0,0.0,0.0
R01,testing,08,34,1,0.0,0.0,0.0,0.0
R01,testing,08,35,1,0.0,0.0,0.0,0.0
R01,testing,08,36,1,0.0,0.0,0.0,0.0
R01,testing,08,37,1,0.0,0.0,0.0,0.0
R01,testing,08,38,1,0.0,0.0,0.0,0.0
R01,testing,08,39,1,0.0,0.0,0.0,0.0
R01,testing,08,40,1,0.0,0.0,0.0,0.0
R01,testing,08,41,1,0.0,0.0,0.0,0.0
R01,testing,08,42,1,0.0,0.0,0.0,0.0
R01,testing,08,43,1,0.0,0.0,0.0,0.0
R01,testing,08,44,1,0.0,0.0,0.0,0.0
R01,testing,08,45,1,0.0,0.0,0.0,0.0
R01,testing,08,46,1,0.0,0.0,0.0,0.0
R01,testing,08,47,1,0.0,0.0,0.0,0.0
R01,testing,08,48,1,0.0,0.0,0.0,0.0
R01,testing,08,49,1,0.0,0.0,0.0,0.0
R01,testing,08,50,1,0.0,0.0,0.0,0.0
R01,testing,08,51,1,0.0,0.0,0.0,0.0
R01,testing,08,52,1,0.0,0.0,0.0,0.0
R01,testing,08,53,1,0.0,0.0,0.0,0.0
R01,testing,08,54,1,0.0,0.0,0.0,0.0
R01,testing,08,55,1,0.0,0.0,0.0,0.0
R01,testing,08,56,1,0.0,0.0,0.0,0.0
R01,testing,08,57,1,0.0,0.0,0.0,0.0
R01,testing,08,58,1,0.0,0.0,0.0,0.0
R01,testing,08,59,1,0.0,0.0,0.0,0.0
R01,testing,08,60,1,0.0,0.0,0.0,0.0
R01,testing,08,61,1,0.0,0.0,0.0,0.0
R01,testing,08,62,1,0.0,0.0,0.0,0.0
R01,testing,08,63,1,0.0,0.0,0.0,0.0
R01,testing,08,64,1,0.0,0.0,0.0,0.0
R01,testing,08,65,1,0.0,0.0,0.0,0.0
R01,testing,08,66,1,0.0,0.0,0.0,0.0
R01,testing,08,67,1,0.0,0.0,0.0,0.0
R01,testing,08,68,1,0.0,0.0,0.0,0.0
R01,testing,08,69,1,0.0,0.0,0.0,0.0
R01,testing,08,70,1,0.0,0.0,0.0,0.0
R01,testing,08,71,1,0.0,0.0,0.0,0.0
R01,testing,08,72,1,0.0,0.0,0.0,0.0
R01,testing,08,73,1,0.0,0.0,0.0,0.0
R01,testing,08,74,1,0.0,0.0,0.0,0.0
R01,testing,08,75,1,0.0,0.0,0.0,0.0
R01,testing,08,76,1,0.0,0.0,0.0,0.0
R01,testing,08,77,1,0.0,0.0,0.0,0.0
R01,testing,08,78,1,0.0,0.0,0.0,0.0
R01,testing,08,79,1,0.0,0.0,0.0,0.0
R01,testing,08,80,1,0.0,0.0,0.0,0.0
R01,testing,08,81,1,0.0,0.0,0.0,0.0
R01,testing,08,82,1,0.0,0.0,0.0,0.0
R01,testing,08,83,1,0.0,0.0,0.0,0.0
R01,testing,08,84,1,0.0,0.0,0.0,0.0
R01,testing,08,85,1,0.0,0.0,0.0,0.0
R01,testing,08,86,1,0.0,0.0,0.0,0.0
R01,testing,08,87,1,0.0,0.0,0.0,0.0
R01,testing,08,88,1,0.0,0.0,0.0,0.0
R01,testing,08,89,1,0.0,0.0,0.0,0.0
R01,testing,08,90,1,0.0,0.0,0.0,0.0
R01,testing,08,91,1,0.0,0.0,0.0,0.0
R01,testing,08,92,1,0.0,0.0,0.0,0.0
R01,testing,08,93,1,0.0,0.0,0.0,0.0
R01,testing,08,94,1,0.0,0.0,0.0,0.0
R01,testing,08,95,1,0.0,0.0,0.0,0.0
R01,testing,08,96,1,0.0,0.0,0.0,0.0
R01,testing,08,97,1,0.0,0.0,0.0,0.0
R01,testing,08,98,1,0.0,0.0,0.0,0.0
R01,testing,08,99,1,0.0,0.0,0.0,0.0
R01,testing,08,100,1,0.0,0.0,0.0,0.0
R01,testing,08,101,1,0.0,0.0,0.0,0.0
R01,testing,08,102,1,0.0,0.0,0.0,0.0
R01,testing,08,103,1,0.0,0.0,0.0,0.0
R01,testing,08,104,1,0.0,0.0,0.0,0.0
R01,testing,08,105,1,0.0,0.0,0.0,0.0
R01,testing,08,106,1,0.0,0.0,0.0,0.0
R01,testing,08,107,1,0.0,0.0,0.0,0.0
R01,testing,08,108,1,0.0,0.0,0.0,0.0
R01,testing,08,109,1,0.0,0.0,0.0,0.0
R01,testing,08,110,1,0.0,0.0,0.0,0.0
R01,testing,08,111,1,0.0,0.0,0.0,0.0
R01,testing,08,112,1,0.0,0.0,0.0,0.0
R01,testing,08,113,1,0.0,0.0,0.0,0.0
R01,testing,08,114,1,0.0,0.0,0.0,0.0
R01,testing,08,115,1,0.0,0.0,0.0,0.0
R01,testing,08,116,1,0.0,0.0,0.0,0.0
R01,testing,08,117,1,0.0,0.0,0.0,0.0
R01,testing,08,118,1,0.0,0.0,0.0,0.0
R01,testing,08,119,1,0.0,0.0,0.0,0.0
R01,testing,08,120,1,0.0,0.0,0.0,0.0
R01,testing,08,121,1,0.0,0.0,0.0,0.0
R01,testing,08,122,1,0.0,0.0,0.0,0.0
R01,testing,08,123,1,0.0,0.0,0.0,0.0
R01,testing,08,124,1,0.0,0.0,0.0,0.0
R01,testing,08,125,1,0.0,0.0,0.0,0.0
R01,testing,08,126,1,0.0,0.0,0.0,0.0
R01,testing,08,127,1,0.0,0.0,0.0,0.0
R01,testing,08,128,1,0.0,0.0,0.0,0.0
R01,testing,08,129,1,0.0,0.0,0.0,0.0
R01,testing,08,130,1,0.0,0.0,0.0,0.0
R01,testing,08,131,1,0.0,0.0,0.0,0.0
R01,testing,08,132,1,0.0,0.0,0.0,0.0
R01,testing,08,133,1,0.0,0.0,0.0,0.0
R01,testing,08,134,1,0.0,0.0,0.0,0.0
R01,testing,08,135,1,0.0,0.0,0.0,0.0
R01,testing,08,136,1,0.0,0.0,0.0,0.0
R01,testing,08,137,1,0.0,0.0,0.0,0.0
R01,testing,08,138,1,0.0,0.0,0.0,0.0
R01,testing,08,139,1,0.0,0.0,0.0,0.0
R01,testing,08,140,1,0.0,0.0,0.0,0.0
R01,testing,08,141,1,0.0,0.0,0.0,0.0
R01,testing,08,142,1,0.0,0.0,0.0,0.0
R01,testing,08,143,1,0.0,0.0,0.0,0.0
R01,testing,08,144,1,0.0,0.0,0.0,0.0
R01,testing,08,145,1,0.0,0.0,0.0,0.0
R01,testing,08,146,1,0.0,0.0,0.0,0.0
R01,testing,08,147,1,0.0,0.0,0.0,0.0
R01,testing,08,148,1,0.0,0.0,0.0,0.0
R01,testing,08,149,1,0.0,0.0,0.0,0.0
R01,testing,08,150,1,0.0,0.0,0.0,0.0
R01,testing,08,151,1,0.0,0.0,0.0,0.0
R01,testing,08,152,1,0.0,0.0,0.0,0.0
R01,testing,08,153,1,0.0,0.0,0.0,0.0
R01,testing,08,154,1,0.0,0.0,0.0,0.0
R01,testing,08,155,1,0.0,0.0,0.0,0.0
R01,testing,08,156,1,0.0,0.0,0.0,0.0
R01,testing,08,157,1,0.0,0.0,0.0,0.0
R01,testing,08,158,1,0.0,0.0,0.0,0.0
R01,testing,08,159,1,0.0,0.0,0.0,0.0
R01,testing,08,160,1,0.0,0.0,0.0,0.0
R01,testing,08,161,1,0.0,0.0,0.0,0.0
R01,testing,08,162,1,0.0,0.0,0.0,0.0
R01,testing,08,163,1,0.0,0.0,0.0,0.0
R01,testing,08,164,1,0.0,0.0,0.0,0.0
R01,testing,08,165,1,0.0,0.0,0.0,0.0
R01,testing,08,166,1,0.0,0.0,0.0,0.0
R01,testing,08,167,1,0.0,0.0,0.0,0.0
R01,testing,08,168,1,0.0,0.0,0.0,0.0
R01,testing,08,169,1,0.0,0.0,0.0,0.0
R01,testing,08,170,1,0.0,0.0,0.0,0.0
R01,testing,08,171,1,0.0,0.0,0.0,0.0
R01,testing,08,172,1,0.0,0.0,0.0,0.0
R01,testing,08,173,1,0.0,0.0,0.0,0.0
R01,testing,08,174,1,0.0,0.0,0.0,0.0
R01,testing,08,175,1,0.0,0.0,0.0,0.0
R01,testing,08,176,1,0.0,0.0,0.0,0.0
R01,testing,08,177,1,0.0,0.0,0.0,0.0
R01,testing,08,178,1,0.0,0.0,0.0,0.0
R01,testing,08,179,1,0.0,0.0,0.0,0.0
R01,testing,08,180,1,0.0,0.0,0.0,0.0
R01,testing,08,181,1,0.0,0.0,0.0,0.0
R01,testing,08,182,1,0.0,0.0,0.0,0.0
R01,testing,08,183,1,0.0,0.0,0.0,0.0
R01,testing,08,184,1,0.0,0.0,0.0,0.0
R01,testing,08,185,1,0.0,0.0,0.0,0.0
R01,testing,08,186,1,0.0,0.0,0.0,0.0
R01,testing,08,187,1,0.0,0.0,0.0,0.0
R01,testing,08,188,1,0.0,0.0,0.0,0.0
R01,testing,08,189,1,0.0,0.0,0.0,0.0
R01,testing,08,190,1,0.0,0.0,0.0,0.0
R01,testing,08,191,1,0.0,0.0,0.0,0.0
R01,testing,08,192,1,0.0,0.0,0.0,0.0
R01,testing,08,193,1,0.0,0.0,0.0,0.0
R01,testing,08,194,1,0.0,0.0,0.0,0.0
R01,testing,08,195,1,0.0,0.0,0.0,0.0
R01,testing,08,196,1,0.0,0.0,0.0,0.0
R01,testing,08,197,1,0.0,0.0,0.0,0.0
R01,testing,08,198,1,0.0,0.0,0.0,0.0
R01,testing,08,199,1,0.0,0.0,0.0,0.0
R01,testing,08,200,1,0.0,0.0,0.0,0.0
R01,testing,08,201,1,0.0,0.0,0.0,0.0
R01,testing,08,202,1,0.0,0.0,0.0,0.0
R01,testing,08,203,1,0.0,0.0,0.0,0.0
R01,testing,08,204,1,0.0,0.0,0.0,0.0
R01,testing,08,205,1,0.0,0.0,0.0,0.0
R01,testing,08,206,1,0.0,0.0,0.0,0.0
R01,testing,08,207,1,0.0,0.0,0.0,0.0
R01,testing,08,208,1,0.0,0.0,0.0,0.0
R01,testing,08,209,1,0.0,0.0,0.0,0.0
R01,testing,08,210,1,0.0,0.0,0.0,0.0
R01,testing,08,211,1,0.0,0.0,0.0,0.0
R01,testing,08,212,1,0.0,0.0,0.0,0.0
R01,testing,08,213,1,0.0,0.0,0.0,0.0
R01,testing,08,214,1,0.0,0.0,0.0,0.0
R01,testing,08,215,1,0.0,0.0,0.0,0.0
R01,testing,08,216,1,0.0,0.0,0.0,0.0
R01,testing,08,217,1,0.0,0.0,0.0,0.0
R01,testing,08,218,1,0.0,0.0,0.0,0.0
R01,testing,08,219,1,0.0,0.0,0.0,0.0
R01,testing,08,220,1,0.0,0.0,0.0,0.0
R01,testing,08,221,1,0.0,0.0,0.0,0.0
R01,testing,08,222,1,0.0,0.0,0.0,0.0
R01,testing,08,223,1,0.0,0.0,0.0,0.0
R01,testing,08,224,0,0.0,0.0,0.0,0.0
R01,testing,08,225,0,0.0,0.0,0.0,0.0
R01,testing,08,226,0,0.0,0.0,0.0,0.0
R01,testing,08,227,0,0.0,0.0,0.0,0.0
R01,testing,08,228,0,0.0,0.0,0.0,0.0
R01,testing,08,229,0,0.0,0.0,0.0,0.0
R01,testing,08,230,0,0.0,0.0,0.0,0.0
R01,testing,08,231,0,0.0,0.0,0.0,0.0
R01,testing,08,232,0,0.0,0.0,0.0,0.0
R01,testing,08,233,0,0.0,0.0,0.0,0.0
R01,testing,08,234,0,0.0,0.0,0.0,0.0
R01,testing,09,0,0,0.0,0.0,0.0,0.0
R01,testing,09,1,0,0.0,0.0,0.0,0.0
R01,testing,09,2,0,0.0,0.0,0.0,0.0
R01,testing,09,3,0,0.0,0.0,0.0,0.0
R01,testing,09,4,0,0.0,0.0,0.0,0.0
R01,testing,09,5,0,0.0,0.0,0.0,0.0
R01,testing,09,6,0,0.0,0.0,0.0,0.0
R01,testing,09,7,0,0.0,0.0,0.0,0.0
R01,testing,09,8,0,0.0,0.0,0.0,0.0
R01,testing,09,9,0,0.0,0.0,0.0,0.0
R01,testing,09,10,0,0.0,0.0,0.0,0.0
R01,testing,09,11,0,0.0,0.0,0.0,0.0
R01,testing,09,12,0,0.0,0.0,0.0,0.0
R01,testing,09,13,0,0.0,0.0,0.0,0.0
R01,testing,09,14,0,0.0,0.0,0.0,0.0
R01,testing,09,15,0,0.0,0.0,0.0,0.0
R01,testing,09,16,0,0.0,0.0,0.0,0.0
R01,testing,09,17,0,0.0,0.0,0.0,0.0
R01,testing,09,18,0,0.0,0.0,0.0,0.0
R01,testing,09,19,0,0.0,0.0,0.0,0.0
R01,testing,09,20,0,0.0,0.0,0.0,0.0
R01,testing,09,21,0,0.0,0.0,0.0,0.0
R01,testing,09,22,0,0.0,0.0,0.0,0.0
R01,testing,09,23,0,0.0,0.0,0.0,0.0
R01,testing,09,24,0,0.0,0.0,0.0,0.0
R01,testing,09,25,0,0.0,0.0,0.0,0.0
R01,testing,09,26,0,0.0,0.0,0.0,0.0
R01,testing,09,27,0,0.0,0.0,0.0,0.0
R01,testing,09,28,0,0.0,0.0,0.0,0.0
R01,testing,09,29,0,0.0,0.0,0.0,0.0
R01,testing,09,30,0,0.0,0.0,0.0,0.0
R01,testing,09,31,0,0.0,0.0,0.0,0.0
R01,testing,09,32,0,0.0,0.0,0.0,0.0
R01,testing,09,33,0,0.0,0.0,0.0,0.0
R01,testing,09,34,0,0.0,0.0,0.0,0.0
R01,testing,09,35,0,0.0,0.0,0.0,0.0
R01,testing,09,36,0,0.0,0.0,0.0,0.0
R01,testing,09,37,0,0.0,0.0,0.0,0.0
R01,testing,09,38,0,0.0,0.0,0.0,0.0
R01,testing,09,39,0,0.0,0.0,0.0,0.0
R01,testing,09,40,0,0.0,0.0,0.0,0.0
R01,testing,09,41,0,0.0,0.0,0.0,0.0
R01,testing,09,42,0,0.0,0.0,0.0,0.0
R01,testing,09,43,0,0.0,0.0,0.0,0.0
R01,testing,09,44,0,0.0,0.0,0.0,0.0
R01,testing,09,45,0,0.0,0.0,0.0,0.0
R01,testing,09,46,0,0.0,0.0,0.0,0.0
R01,testing,09,47,0,0.0,0.0,0.0,0.0
R01,testing,09,48,0,0.0,0.0,0.0,0.0
R01,testing,09,49,0,0.0,0.0,0.0,0.0
R01,testing,09,50,0,0.0,0.0,0.0,0.0
R01,testing,09,51,0,0.0,0.0,0.0,0.0
R01,testing,09,52,0,0.0,0.0,0.0,0.0
R01,testing,09,53,0,0.0,0.0,0.0,0.0
R01,testing,09,54,0,0.0,0.0,0.0,0.0
R01,testing,09,55,0,0.0,0.0,0.0,0.0
R01,testing,09,56,0,0.0,0.0,0.0,0.0
R01,testing,09,57,0,0.0,0.0,0.0,0.0
R01,testing,09,58,0,0.0,0.0,0.0,0.0
R01,testing,09,59,0,0.0,0.0,0.0,0.0
R01,testing,09,60,0,0.0,0.0,0.0,0.0
R01,testing,09,61,0,0.0,0.0,0.0,0.0
R01,testing,09,62,0,0.0,0.0,0.0,0.0
R01,testing,09,63,0,0.0,0.0,0.0,0.0
R01,testing,09,64,0,0.0,0.0,0.0,0.0
R01,testing,09,65,0,0.0,0.0,0.0,0.0
R01,testing,09,66,0,0.0,0.0,0.0,0.0
R01,testing,09,67,0,0.0,0.0,0.0,0.0
R01,testing,09,68,0,0.0,0.0,0.0,0.0
R01,testing,09,69,0,0.0,0.0,0.0,0.0
R01,testing,09,70,0,0.0,0.0,0.0,0.0
R01,testing,09,71,0,0.0,0.0,0.0,0.0
R01,testing,09,72,0,0.0,0.0,0.0,0.0
R01,testing,09,73,0,0.0,0.0,0.0,0.0
R01,testing,09,74,0,0.0,0.0,0.0,0.0
R01,testing,09,75,0,0.0,0.0,0.0,0.0
R01,testing,09,76,0,0.0,0.0,0.0,0.0
R01,testing,09,77,0,0.0,0.0,0.0,0.0
R01,testing,09,78,0,0.0,0.0,0.0,0.0
R01,testing,09,79,0,0.0,0.0,0.0,0.0
R01,testing,09,80,0,0.0,0.0,0.0,0.0
R01,testing,09,81,0,0.0,0.0,0.0,0.0
R01,testing,09,82,0,0.0,0.0,0.0,0.0
R01,testing,09,83,0,0.0,0.0,0.0,0.0
R01,testing,09,84,0,0.0,0.0,0.0,0.0
R01,testing,09,85,0,0.0,0.0,0.0,0.0
R01,testing,09,86,0,0.0,0.0,0.0,0.0
R01,testing,09,87,0,0.0,0.0,0.0,0.0
R01,testing,09,88,0,0.0,0.0,0.0,0.0
R01,testing,09,89,0,0.0,0.0,0.0,0.0
R01,testing,09,90,0,0.0,0.0,0.0,0.0
R01,testing,09,91,0,0.0,0.0,0.0,0.0
R01,testing,09,92,0,0.0,0.0,0.0,0.0
R01,testing,09,93,0,0.0,0.0,0.0,0.0
R01,testing,09,94,0,0.0,0.0,0.0,0.0
R01,testing,09,95,0,0.0,0.0,0.0,0.0
R01,testing,09,96,0,0.0,0.0,0.0,0.0
R01,testing,09,97,0,0.0,0.0,0.0,0.0
R01,testing,09,98,0,0.0,0.0,0.0,0.0
R01,testing,09,99,0,0.0,0.0,0.0,0.0
R01,testing,09,100,0,0.0,0.0,0.0,0.0
R01,testing,09,101,0,0.0,0.0,0.0,0.0
R01,testing,09,102,0,0.0,0.0,0.0,0.0
R01,testing,09,103,0,0.0,0.0,0.0,0.0
R01,testing,09,104,0,0.0,0.0,0.0,0.0
R01,testing,09,105,0,0.0,0.0,0.0,0.0
R01,testing,09,106,0,0.0,0.0,0.0,0.0
R01,testing,09,107,0,0.0,0.0,0.0,0.0
R01,testing,09,108,0,0.0,0.0,0.0,0.0
R01,testing,09,109,0,0.0,0.0,0.0,0.0
R01,testing,09,110,0,0.0,0.0,0.0,0.0
R01,testing,09,111,0,0.0,0.0,0.0,0.0
R01,testing,09,112,0,0.0,0.0,0.0,0.0
R01,testing,09,113,0,0.0,0.0,0.0,0.0
R01,testing,09,114,0,0.0,0.0,0.0,0.0
R01,testing,09,115,0,0.0,0.0,0.0,0.0
R01,testing,09,116,0,0.0,0.0,0.0,0.0
R01,testing,09,117,0,0.0,0.0,0.0,0.0
R01,testing,09,118,0,0.0,0.0,0.0,0.0
R01,testing,09,119,0,0.0,0.0,0.0,0.0
R01,testing,09,120,0,0.0,0.0,0.0,0.0
R01,testing,09,121,0,0.0,0.0,0.0,0.0
R01,testing,09,122,0,0.0,0.0,0.0,0.0
R01,testing,09,123,0,0.0,0.0,0.0,0.0
R01,testing,09,124,0,0.0,0.0,0.0,0.0
R01,testing,09,125,0,0.0,0.0,0.0,0.0
R01,testing,09,126,0,0.0,0.0,0.0,0.0
R01,testing,09,127,0,0.0,0.0,0.0,0.0
R01,testing,09,128,0,0.0,0.0,0.0,0.0
R01,testing,09,129,0,0.0,0.0,0.0,0.0
R01,testing,09,130,0,0.0,0.0,0.0,0.0
R01,testing,09,131,0,0.0,0.0,0.0,0.0
R01,testing,09,132,0,0.0,0.0,0.0,0.0
R01,testing,09,133,0,0.0,0.0,0.0,0.0
R01,testing,09,134,0,0.0,0.0,0.0,0.0
R01,testing,09,135,0,0.0,0.0,0.0,0.0
R01,testing,09,136,0,0.0,0.0,0.0,0.0
R01,testing,09,137,0,0.0,0.0,0.0,0.0
R01,testing,09,138,0,0.0,0.0,0.0,0.0
R01,testing,09,139,0,0.0,0.0,0.0,0.0
R01,testing,09,140,0,0.0,0.0,0.0,0.0
R01,testing,09,141,0,0.0,0.0,0.0,0.0
R01,testing,09,142,0,0.0,0.0,0.0,0.0
R01,testing,09,143,0,0.0,0.0,0.0,0.0
R01,testing,09,144,0,0.0,0.0,0.0,0.0
R01,testing,09,145,0,0.0,0.0,0.0,0.0
R01,testing,09,146,0,0.0,0.0,0.0,0.0
R01,testing,09,147,0,0.0,0.0,0.0,0.0
R01,testing,09,148,0,0.0,0.0,0.0,0.0
R01,testing,09,149,0,0.0,0.0,0.0,0.0
R01,testing,09,150,0,0.0,0.0,0.0,0.0
R01,testing,09,151,0,0.0,0.0,0.0,0.0
R01,testing,09,152,0,0.0,0.0,0.0,0.0
R01,testing,09,153,0,0.0,0.0,0.0,0.0
R01,testing,09,154,0,0.0,0.0,0.0,0.0
R01,testing,09,155,0,0.0,0.0,0.0,0.0
R01,testing,09,156,0,0.0,0.0,0.0,0.0
R01,testing,09,157,0,0.0,0.0,0.0,0.0
R01,testing,09,158,0,0.0,0.0,0.0,0.0
R01,testing,09,159,0,0.0,0.0,0.0,0.0
R01,testing,09,160,0,0.0,0.0,0.0,0.0
R01,testing,09,161,0,0.0,0.0,0.0,0.0
R01,testing,09,162,0,0.0,0.0,0.0,0.0
R01,testing,09,163,0,0.0,0.0,0.0,0.0
R01,testing,09,164,0,0.0,0.0,0.0,0.0
R01,testing,09,165,0,0.0,0.0,0.0,0.0
R01,testing,09,166,0,0.0,0.0,0.0,0.0
R01,testing,09,167,0,0.0,0.0,0.0,0.0
R01,testing,09,168,0,0.0,0.0,0.0,0.0
R01,testing,09,169,0,0.0,0.0,0.0,0.0
R01,testing,09,170,0,0.0,0.0,0.0,0.0
R01,testing,09,171,0,0.0,0.0,0.0,0.0
R01,testing,09,172,0,0.0,0.0,0.0,0.0
R01,testing,09,173,0,0.0,0.0,0.0,0.0
R01,testing,09,174,0,0.0,0.0,0.0,0.0
R01,testing,09,175,0,0.0,0.0,0.0,0.0
R01,testing,09,176,0,0.0,0.0,0.0,0.0
R01,testing,09,177,0,0.0,0.0,0.0,0.0
R01,testing,09,178,0,0.0,0.0,0.0,0.0
R01,testing,09,179,0,0.0,0.0,0.0,0.0
R01,testing,09,180,0,0.0,0.0,0.0,0.0
R01,testing,09,181,0,0.0,0.0,0.0,0.0
R01,testing,09,182,0,0.0,0.0,0.0,0.0
R01,testing,09,183,0,0.0,0.0,0.0,0.0
R01,testing,09,184,0,0.0,0.0,0.0,0.0
R01,testing,09,185,0,0.0,0.0,0.0,0.0
R01,testing,09,186,0,0.0,0.0,0.0,0.0
R01,testing,09,187,0,0.0,0.0,0.0,0.0
R01,testing,09,188,0,0.0,0.0,0.0,0.0
R01,testing,09,189,0,0.0,0.0,0.0,0.0
R01,testing,09,190,0,0.0,0.0,0.0,0.0
R01,testing,09,191,0,0.0,0.0,0.0,0.0
R01,testing,09,192,0,0.0,0.0,0.0,0.0
R01,testing,09,193,0,0.0,0.0,0.0,0.0
R01,testing,09,194,0,0.0,0.0,0.0,0.0
R01,testing,09,195,0,0.0,0.0,0.0,0.0
R01,testing,09,196,0,0.0,0.0,0.0,0.0
R01,testing,09,197,0,0.0,0.0,0.0,0.0
R01,testing,09,198,0,0.0,0.0,0.0,0.0
R01,testing,09,199,0,0.0,0.0,0.0,0.0
R01,testing,09,200,0,0.0,0.0,0.0,0.0
R01,testing,09,201,0,0.0,0.0,0.0,0.0
R01,testing,09,202,0,0.0,0.0,0.0,0.0
R01,testing,09,203,0,0.0,0.0,0.0,0.0
R01,testing,09,204,0,0.0,0.0,0.0,0.0
R01,testing,09,205,0,0.0,0.0,0.0,0.0
R01,testing,09,206,0,0.0,0.0,0.0,0.0
R01,testing,09,207,0,0.0,0.0,0.0,0.0
R01,testing,09,208,0,0.0,0.0,0.0,0.0
R01,testing,09,209,0,0.0,0.0,0.0,0.0
R01,testing,09,210,0,0.0,0.0,0.0,0.0
R01,testing,09,211,0,0.0,0.0,0.0,0.0
R01,testing,09,212,0,0.0,0.0,0.0,0.0
R01,testing,09,213,0,0.0,0.0,0.0,0.0
R01,testing,09,214,0,0.0,0.0,0.0,0.0
R01,testing,09,215,0,0.0,0.0,0.0,0.0
R01,testing,09,216,0,0.0,0.0,0.0,0.0
R01,testing,09,217,0,0.0,0.0,0.0,0.0
R01,testing,09,218,0,0.0,0.0,0.0,0.0
R01,testing,09,219,0,0.0,0.0,0.0,0.0
R01,testing,09,220,0,0.0,0.0,0.0,0.0
R01,testing,09,221,0,0.0,0.0,0.0,0.0
R01,testing,09,222,0,0.0,0.0,0.0,0.0
R01,testing,09,223,0,0.0,0.0,0.0,0.0
R01,testing,09,224,0,0.0,0.0,0.0,0.0
R01,testing,09,225,0,0.0,0.0,0.0,0.0
R01,testing,09,226,0,0.0,0.0,0.0,0.0
R01,testing,09,227,0,0.0,0.0,0.0,0.0
R01,testing,09,228,0,0.0,0.0,0.0,0.0
R01,testing,10,0,0,0.0,0.0,0.0,0.0
R01,testing,10,1,0,0.0,0.0,0.0,0.0
R01,testing,10,2,0,0.0,0.0,0.0,0.0
R01,testing,10,3,0,0.0,0.0,0.0,0.0
R01,testing,10,4,0,0.0,0.0,0.0,0.0
R01,testing,10,5,0,0.0,0.0,0.0,0.0
R01,testing,10,6,0,0.0,0.0,0.0,0.0
R01,testing,10,7,0,0.0,0.0,0.0,0.0
R01,testing,10,8,0,0.0,0.0,0.0,0.0
R01,testing,10,9,0,0.0,0.0,0.0,0.0
R01,testing,10,10,0,0.0,0.0,0.0,0.0
R01,testing,10,11,0,0.0,0.0,0.0,0.0
R01,testing,10,12,0,0.0,0.0,0.0,0.0
R01,testing,10,13,0,0.0,0.0,0.0,0.0
R01,testing,10,14,0,0.0,0.0,0.0,0.0
R01,testing,10,15,0,0.0,0.0,0.0,0.0
R01,testing,10,16,0,0.0,0.0,0.0,0.0
R01,testing,10,17,0,0.0,0.0,0.0,0.0
R01,testing,10,18,0,0.0,0.0,0.0,0.0
R01,testing,10,19,0,0.0,0.0,0.0,0.0
R01,testing,10,20,0,0.0,0.0,0.0,0.0
R01,testing,10,21,0,0.0,0.0,0.0,0.0
R01,testing,10,22,0,0.0,0.0,0.0,0.0
R01,testing,10,23,0,0.0,0.0,0.0,0.0
R01,testing,10,24,0,0.0,0.0,0.0,0.0
R01,testing,10,25,0,0.0,0.0,0.0,0.0
R01,testing,10,26,0,0.0,0.0,0.0,0.0
R01,testing,10,27,0,0.0,0.0,0.0,0.0
R01,testing,10,28,0,0.0,0.0,0.0,0.0
R01,testing,10,29,0,0.0,0.0,0.0,0.0
R01,testing,10,30,0,0.0,0.0,0.0,0.0
R01,testing,10,31,0,0.0,0.0,0.0,0.0
R01,testing,10,32,0,0.0,0.0,0.0,0.0
R01,testing,10,33,0,0.0,0.0,0.0,0.0
R01,testing,10,34,0,0.0,0.0,0.0,0.0
R01,testing,10,35,0,0.0,0.0,0.0,0.0
R01,testing,10,36,0,0.0,0.0,0.0,0.0
R01,testing,10,37,0,0.0,0.0,0.0,0.0
R01,testing,10,38,0,0.0,0.0,0.0,0.0
R01,testing,10,39,0,0.0,0.0,0.0,0.0
R01,testing,10,40,0,0.0,0.0,0.0,0.0
R01,testing,10,41,0,0.0,0.0,0.0,0.0
R01,testing,10,42,0,0.0,0.0,0.0,0.0
R01,testing,10,43,0,0.0,0.0,0.0,0.0
R01,testing,10,44,0,0.0,0.0,0.0,0.0
R01,testing,10,45,0,0.0,0.0,0.0,0.0
R01,testing,10,46,0,0.0,0.0,0.0,0.0
R01,testing,10,47,0,0.0,0.0,0.0,0.0
R01,testing,10,48,0,0.0,0.0,0.0,0.0
R01,testing,10,49,0,0.0,0.0,0.0,0.0
R01,testing,10,50,0,0.0,0.0,0.0,0.0
R01,testing,10,51,0,0.0,0.0,0.0,0.0
R01,testing,10,52,0,0.0,0.0,0.0,0.0
R01,testing,10,53,0,0.0,0.0,0.0,0.0
R01,testing,10,54,0,0.0,0.0,0.0,0.0
R01,testing,10,55,0,0.0,0.0,0.0,0.0
R01,testing,10,56,0,0.0,0.0,0.0,0.0
R01,testing,10,57,0,0.0,0.0,0.0,0.0
R01,testing,10,58,0,0.0,0.0,0.0,0.0
R01,testing,10,59,0,0.0,0.0,0.0,0.0
R01,testing,10,60,0,0.0,0.0,0.0,0.0
R01,testing,10,61,0,0.0,0.0,0.0,0.0
R01,testing,10,62,0,0.0,0.0,0.0,0.0
R01,testing,10,63,0,0.0,0.0,0.0,0.0
R01,testing,10,64,0,0.0,0.0,0.0,0.0
R01,testing,10,65,0,0.0,0.0,0.0,0.0
R01,testing,10,66,0,0.0,0.0,0.0,0.0
R01,testing,10,67,0,0.0,0.0,0.0,0.0
R01,testing,10,68,0,0.0,0.0,0.0,0.0
R01,testing,10,69,0,0.0,0.0,0.0,0.0
R01,testing,10,70,0,0.0,0.0,0.0,0.0
R01,testing,10,71,0,0.0,0.0,0.0,0.0
R01,testing,10,72,0,0.0,0.0,0.0,0.0
R01,testing,10,73,0,0.0,0.0,0.0,0.0
R01,testing,10,74,0,0.0,0.0,0.0,0.0
R01,testing,10,75,0,0.0,0.0,0.0,0.0
R01,testing,10,76,0,0.0,0.0,0.0,0.0
R01,testing,10,77,0,0.0,0.0,0.0,0.0
R01,testing,10,78,0,0.0,0.0,0.0,0.0
R01,testing,10,79,0,0.0,0.0,0.0,0.0
R01,testing,10,80,0,0.0,0.0,0.0,0.0
R01,testing,10,81,0,0.0,0.0,0.0,0.0
R01,testing,10,82,0,0.0,0.0,0.0,0.0
R01,testing,10,83,0,0.0,0.0,0.0,0.0
R01,testing,10,84,0,0.0,0.0,0.0,0.0
R01,testing,10,85,0,0.0,0.0,0.0,0.0
R01,testing,10,86,0,0.0,0.0,0.0,0.0
R01,testing,10,87,0,0.0,0.0,0.0,0.0
R01,testing,10,88,0,0.0,0.0,0.0,0.0
R01,testing,10,89,0,0.0,0.0,0.0,0.0
R01,testing,10,90,0,0.0,0.0,0.0,0.0
R01,testing,10,91,0,0.0,0.0,0.0,0.0
R01,testing,10,92,0,0.0,0.0,0.0,0.0
R01,testing,10,93,0,0.0,0.0,0.0,0.0
R01,testing,10,94,0,0.0,0.0,0.0,0.0
R01,testing,10,95,0,0.0,0.0,0.0,0.0
R01,testing,10,96,0,0.0,0.0,0.0,0.0
R01,testing,10,97,0,0.0,0.0,0.0,0.0
R01,testing,10,98,0,0.0,0.0,0.0,0.0
R01,testing,10,99,0,0.0,0.0,0.0,0.0
R01,testing,10,100,0,0.0,0.0,0.0,0.0
R01,testing,10,101,0,0.0,0.0,0.0,0.0
R01,testing,10,102,0,0.0,0.0,0.0,0.0
R01,testing,10,103,0,0.0,0.0,0.0,0.0
R01,testing,10,104,0,0.0,0.0,0.0,0.0
R01,testing,10,105,0,0.0,0.0,0.0,0.0
R01,testing,10,106,0,0.0,0.0,0.0,0.0
R01,testing,10,107,0,0.0,0.0,0.0,0.0
R01,testing,10,108,0,0.0,0.0,0.0,0.0
R01,testing,10,109,0,0.0,0.0,0.0,0.0
R01,testing,10,110,0,0.0,0.0,0.0,0.0
R01,testing,10,111,0,0.0,0.0,0.0,0.0
R01,testing,10,112,0,0.0,0.0,0.0,0.0
R01,testing,10,113,0,0.0,0.0,0.0,0.0
R01,testing,10,114,0,0.0,0.0,0.0,0.0
R01,testing,10,115,0,0.0,0.0,0.0,0.0
R01,testing,10,116,0,0.0,0.0,0.0,0.0
R01,testing,10,117,0,0.0,0.0,0.0,0.0
R01,testing,10,118,0,0.0,0.0,0.0,0.0
R01,testing,10,119,0,0.0,0.0,0.0,0.0
R01,testing,10,120,0,0.0,0.0,0.0,0.0
R01,testing,10,121,0,0.0,0.0,0.0,0.0
R01,testing,10,122,0,0.0,0.0,0.0,0.0
R01,testing,10,123,0,0.0,0.0,0.0,0.0
R01,testing,10,124,0,0.0,0.0,0.0,0.0
R01,testing,10,125,0,0.0,0.0,0.0,0.0
R01,testing,10,126,0,0.0,0.0,0.0,0.0
R01,testing,10,127,0,0.0,0.0,0.0,0.0
R01,testing,10,128,0,0.0,0.0,0.0,0.0
R01,testing,10,129,0,0.0,0.0,0.0,0.0
R01,testing,10,130,0,0.0,0.0,0.0,0.0
R01,testing,10,131,0,0.0,0.0,0.0,0.0
R01,testing,10,132,0,0.0,0.0,0.0,0.0
R01,testing,10,133,0,0.0,0.0,0.0,0.0
R01,testing,10,134,0,0.0,0.0,0.0,0.0
R01,testing,10,135,0,0.0,0.0,0.0,0.0
R01,testing,10,136,0,0.0,0.0,0.0,0.0
R01,testing,10,137,0,0.0,0.0,0.0,0.0
R01,testing,10,138,0,0.0,0.0,0.0,0.0
R01,testing,10,139,0,0.0,0.0,0.0,0.0
R01,testing,10,140,0,0.0,0.0,0.0,0.0
R01,testing,10,141,0,0.0,0.0,0.0,0.0
R01,testing,10,142,0,0.0,0.0,0.0,0.0
R01,testing,10,143,0,0.0,0.0,0.0,0.0
R01,testing,10,144,0,0.0,0.0,0.0,0.0
R01,testing,10,145,0,0.0,0.0,0.0,0.0
R01,testing,10,146,0,0.0,0.0,0.0,0.0
R01,testing,10,147,0,0.0,0.0,0.0,0.0
R01,testing,10,148,0,0.0,0.0,0.0,0.0
R01,testing,10,149,0,0.0,0.0,0.0,0.0
R01,testing,10,150,0,0.0,0.0,0.0,0.0
R01,testing,10,151,0,0.0,0.0,0.0,0.0
R01,testing,10,152,0,0.0,0.0,0.0,0.0
R01,testing,10,153,0,0.0,0.0,0.0,0.0
R01,testing,10,154,0,0.0,0.0,0.0,0.0
R01,testing,10,155,0,0.0,0.0,0.0,0.0
R01,testing,10,156,0,0.0,0.0,0.0,0.0
R01,testing,10,157,0,0.0,0.0,0.0,0.0
R01,testing,10,158,0,0.0,0.0,0.0,0.0
R01,testing,10,159,0,0.0,0.0,0.0,0.0
R01,testing,10,160,0,0.0,0.0,0.0,0.0
R01,testing,10,161,0,0.0,0.0,0.0,0.0
R01,testing,10,162,0,0.0,0.0,0.0,0.0
R01,testing,10,163,0,0.0,0.0,0.0,0.0
R01,testing,10,164,0,0.0,0.0,0.0,0.0
R01,testing,10,165,0,0.0,0.0,0.0,0.0
R01,testing,10,166,0,0.0,0.0,0.0,0.0
R01,testing,10,167,0,0.0,0.0,0.0,0.0
R01,testing,10,168,0,0.0,0.0,0.0,0.0
R01,testing,10,169,0,0.0,0.0,0.0,0.0
R01,testing,10,170,0,0.0,0.0,0.0,0.0
R01,testing,10,171,0,0.0,0.0,0.0,0.0
R01,testing,10,172,0,0.0,0.0,0.0,0.0
R01,testing,10,173,0,0.0,0.0,0.0,0.0
R01,testing,10,174,0,0.0,0.0,0.0,0.0
R01,testing,10,175,0,0.0,0.0,0.0,0.0
R01,testing,10,176,0,0.0,0.0,0.0,0.0
R01,testing,10,177,0,0.0,0.0,0.0,0.0
R01,testing,10,178,0,0.0,0.0,0.0,0.0
R01,testing,10,179,0,0.0,0.0,0.0,0.0
R01,testing,10,180,0,0.0,0.0,0.0,0.0
R01,testing,10,181,0,0.0,0.0,0.0,0.0
R01,testing,10,182,0,0.0,0.0,0.0,0.0
R01,testing,10,183,0,0.0,0.0,0.0,0.0
R01,testing,10,184,0,0.0,0.0,0.0,0.0
R01,testing,10,185,0,0.0,0.0,0.0,0.0
R01,testing,10,186,0,0.0,0.0,0.0,0.0
R01,testing,10,187,0,0.0,0.0,0.0,0.0
R01,testing,10,188,0,0.0,0.0,0.0,0.0
R01,testing,10,189,0,0.0,0.0,0.0,0.0
R01,testing,10,190,0,0.0,0.0,0.0,0.0
R01,testing,10,191,0,0.0,0.0,0.0,0.0
R01,testing,10,192,0,0.0,0.0,0.0,0.0
R01,testing,10,193,0,0.0,0.0,0.0,0.0
R01,testing,10,194,0,0.0,0.0,0.0,0.0
R01,testing,10,195,0,0.0,0.0,0.0,0.0
R01,testing,10,196,0,0.0,0.0,0.0,0.0
R01,testing,10,197,0,0.0,0.0,0.0,0.0
R01,testing,10,198,0,0.0,0.0,0.0,0.0
R01,testing,10,199,0,0.0,0.0,0.0,0.0
R01,testing,10,200,0,0.0,0.0,0.0,0.0
R01,testing,10,201,0,0.0,0.0,0.0,0.0
R01,testing,10,202,0,0.0,0.0,0.0,0.0
R01,testing,10,203,0,0.0,0.0,0.0,0.0
R01,testing,10,204,0,0.0,0.0,0.0,0.0
R01,testing,10,205,0,0.0,0.0,0.0,0.0
R01,testing,10,206,0,0.0,0.0,0.0,0.0
R01,testing,10,207,0,0.0,0.0,0.0,0.0
R01,testing,10,208,0,0.0,0.0,0.0,0.0
R01,testing,10,209,0,0.0,0.0,0.0,0.0
R01,testing,10,210,0,0.0,0.0,0.0,0.0
R01,testing,10,211,0,0.0,0.0,0.0,0.0
R01,testing,10,212,0,0.0,0.0,0.0,0.0
R01,testing,10,213,0,0.0,0.0,0.0,0.0
R01,testing,10,214,0,0.0,0.0,0.0,0.0
R01,testing,10,215,0,0.0,0.0,0.0,0.0
R01,testing,10,216,0,0.0,0.0,0.0,0.0
R01,testing,10,217,0,0.0,0.0,0.0,0.0
R01,testing,10,218,0,0.0,0.0,0.0,0.0
R01,testing,10,219,0,0.0,0.0,0.0,0.0
R01,testing,10,220,0,0.0,0.0,0.0,0.0
R01,testing,10,221,0,0.0,0.0,0.0,0.0
R01,testing,10,222,0,0.0,0.0,0.0,0.0
R01,testing,10,223,0,0.0,0.0,0.0,0.0
R01,testing,10,224,0,0.0,0.0,0.0,0.0
R01,testing,10,225,0,0.0,0.0,0.0,0.0
R01,testing,10,226,0,0.0,0.0,0.0,0.0
R01,testing,10,227,0,0.0,0.0,0.0,0.0
R01,testing,10,228,0,0.0,0.0,0.0,0.0
R01,testing,10,229,0,0.0,0.0,0.0,0.0
R01,testing,10,230,0,0.0,0.0,0.0,0.0
R02,testing,02,0,0,0.0,0.0,0.0,0.0
R02,testing,02,1,0,0.0,0.0,0.0,0.0
R02,testing,02,2,0,0.0,0.0,0.0,0.0
R02,testing,02,3,0,0.0,0.0,0.0,0.0
R02,testing,02,4,0,0.0,0.0,0.0,0.0
R02,testing,02,5,0,0.0,0.0,0.0,0.0
R02,testing,02,6,0,0.0,0.0,0.0,0.0
R02,testing,02,7,0,0.0,0.0,0.0,0.0
R02,testing,02,8,0,0.0,0.0,0.0,0.0
R02,testing,02,9,0,0.0,0.0,0.0,0.0
R02,testing,02,10,0,0.0,0.0,0.0,0.0
R02,testing,02,11,0,0.0,0.0,0.0,0.0
R02,testing,02,12,0,0.0,0.0,0.0,0.0
R02,testing,02,13,0,0.0,0.0,0.0,0.0
R02,testing,02,14,0,0.0,0.0,0.0,0.0
R02,testing,02,15,0,0.0,0.0,0.0,0.0
R02,testing,02,16,0,0.0,0.0,0.0,0.0
R02,testing,02,17,0,0.0,0.0,0.0,0.0
R02,testing,02,18,0,0.0,0.0,0.0,0.0
R02,testing,02,19,0,0.0,0.0,0.0,0.0
R02,testing,02,20,0,0.0,0.0,0.0,0.0
R02,testing,02,21,0,0.0,0.0,0.0,0.0
R02,testing,02,22,0,0.0,0.0,0.0,0.0
R02,testing,02,23,0,0.0,0.0,0.0,0.0
R02,testing,02,24,0,0.0,0.0,0.0,0.0
R02,testing,02,25,0,0.0,0.0,0.0,0.0
R02,testing,02,26,0,0.0,0.0,0.0,0.0
R02,testing,02,27,0,0.0,0.0,0.0,0.0
R02,testing,02,28,0,0.0,0.0,0.0,0.0
R02,testing,02,29,0,0.0,0.0,0.0,0.0
R02,testing,02,30,0,0.0,0.0,0.0,0.0
R02,testing,02,31,0,0.0,0.0,0.0,0.0
R02,testing,02,32,0,0.0,0.0,0.0,0.0
R02,testing,02,33,0,0.0,0.0,0.0,0.0
R02,testing,02,34,0,0.0,0.0,0.0,0.0
R02,testing,02,35,0,0.0,0.0,0.0,0.0
R02,testing,02,36,0,0.0,0.0,0.0,0.0
R02,testing,02,37,0,0.0,0.0,0.0,0.0
R02,testing,02,38,0,0.0,0.0,0.0,0.0
R02,testing,02,39,0,0.0,0.0,0.0,0.0
R02,testing,02,40,0,0.0,0.0,0.0,0.0
R02,testing,02,41,0,0.0,0.0,0.0,0.0
R02,testing,02,42,0,0.0,0.0,0.0,0.0
R02,testing,02,43,0,0.0,0.0,0.0,0.0
R02,testing,02,44,0,0.0,0.0,0.0,0.0
R02,testing,02,45,0,0.0,0.0,0.0,0.0
R02,testing,02,46,0,0.0,0.0,0.0,0.0
R02,testing,02,47,0,0.0,0.0,0.0,0.0
R02,testing,02,48,0,0.0,0.0,0.0,0.0
R02,testing,02,49,0,0.0,0.0,0.0,0.0
R02,testing,02,50,0,0.0,0.0,0.0,0.0
R02,testing,02,51,0,0.0,0.0,0.0,0.0
R02,testing,02,52,0,0.0,0.0,0.0,0.0
R02,testing,02,53,0,0.0,0.0,0.0,0.0
R02,testing,02,54,0,0.0,0.0,0.0,0.0
R02,testing,02,55,0,0.0,0.0,0.0,0.0
R02,testing,02,56,0,0.0,0.0,0.0,0.0
R02,testing,02,57,0,0.0,0.0,0.0,0.0
R02,testing,02,58,0,0.0,0.0,0.0,0.0
R02,testing,02,59,0,0.0,0.0,0.0,0.0
R02,testing,02,60,0,0.0,0.0,0.0,0.0
R02,testing,02,61,0,0.0,0.0,0.0,0.0
R02,testing,02,62,0,0.0,0.0,0.0,0.0
R02,testing,02,63,0,0.0,0.0,0.0,0.0
R02,testing,02,64,0,0.0,0.0,0.0,0.0
R02,testing,02,65,0,0.0,0.0,0.0,0.0
R02,testing,02,66,0,0.0,0.0,0.0,0.0
R02,testing,02,67,0,0.0,0.0,0.0,0.0
R02,testing,02,68,0,0.0,0.0,0.0,0.0
R02,testing,02,69,0,0.0,0.0,0.0,0.0
R02,testing,02,70,0,0.0,0.0,0.0,0.0
R02,testing,02,71,0,0.0,0.0,0.0,0.0
R02,testing,02,72,0,0.0,0.0,0.0,0.0
R02,testing,02,73,0,0.0,0.0,0.0,0.0
R02,testing,02,74,0,0.0,0.0,0.0,0.0
R02,testing,02,75,0,0.0,0.0,0.0,0.0
R02,testing,02,76,0,0.0,0.0,0.0,0.0
R02,testing,02,77,0,0.0,0.0,0.0,0.0
R02,testing,02,78,0,0.0,0.0,0.0,0.0
R02,testing,02,79,0,0.0,0.0,0.0,0.0
R02,testing,02,80,0,0.0,0.0,0.0,0.0
R02,testing,02,81,0,0.0,0.0,0.0,0.0
R02,testing,02,82,0,0.0,0.0,0.0,0.0
R02,testing,02,83,0,0.0,0.0,0.0,0.0
R02,testing,02,84,0,0.0,0.0,0.0,0.0
R02,testing,02,85,0,0.0,0.0,0.0,0.0
R02,testing,02,86,0,0.0,0.0,0.0,0.0
R02,testing,02,87,0,0.0,0.0,0.0,0.0
R02,testing,02,88,0,0.0,0.0,0.0,0.0
R02,testing,02,89,0,0.0,0.0,0.0,0.0
R02,testing,02,90,0,0.0,0.0,0.0,0.0
R02,testing,02,91,0,0.0,0.0,0.0,0.0
R02,testing,02,92,0,0.0,0.0,0.0,0.0
R02,testing,02,93,0,0.0,0.0,0.0,0.0
R02,testing,02,94,0,0.0,0.0,0.0,0.0
R02,testing,02,95,0,0.0,0.0,0.0,0.0
R02,testing,02,96,0,0.0,0.0,0.0,0.0
R02,testing,02,97,0,0.0,0.0,0.0,0.0
R02,testing,02,98,0,0.0,0.0,0.0,0.0
R02,testing,02,99,0,0.0,0.0,0.0,0.0
R02,testing,02,100,0,0.0,0.0,0.0,0.0
R02,testing,02,101,0,0.0,0.0,0.0,0.0
R02,testing,02,102,0,0.0,0.0,0.0,0.0
R02,testing,02,103,0,0.0,0.0,0.0,0.0
R02,testing,02,104,0,0.0,0.0,0.0,0.0
R02,testing,02,105,0,0.0,0.0,0.0,0.0
R02,testing,02,106,0,0.0,0.0,0.0,0.0
R02,testing,02,107,0,0.0,0.0,0.0,0.0
R02,testing,02,108,0,0.0,0.0,0.0,0.0
R02,testing,02,109,0,0.0,0.0,0.0,0.0
R02,testing,02,110,0,0.0,0.0,0.0,0.0
R02,testing,02,111,0,0.0,0.0,0.0,0.0
R02,testing,02,112,0,0.0,0.0,0.0,0.0
R02,testing,02,113,0,0.0,0.0,0.0,0.0
R02,testing,02,114,0,0.0,0.0,0.0,0.0
R02,testing,02,115,0,0.0,0.0,0.0,0.0
R02,testing,02,116,0,0.0,0.0,0.0,0.0
R02,testing,02,117,0,0.0,0.0,0.0,0.0
R02,testing,02,118,0,0.0,0.0,0.0,0.0
R02,testing,02,119,0,0.0,0.0,0.0,0.0
R02,testing,02,120,0,0.0,0.0,0.0,0.0
R02,testing,02,121,0,0.0,0.0,0.0,0.0
R02,testing,02,122,0,0.0,0.0,0.0,0.0
R02,testing,02,123,0,0.0,0.0,0.0,0.0
R02,testing,02,124,0,0.0,0.0,0.0,0.0
R02,testing,02,125,0,0.0,0.0,0.0,0.0
R02,testing,02,126,0,0.0,0.0,0.0,0.0
R02,testing,02,127,0,0.0,0.0,0.0,0.0
R02,testing,02,128,0,0.0,0.0,0.0,0.0
R02,testing,02,129,0,0.0,0.0,0.0,0.0
R02,testing,02,130,0,0.0,0.0,0.0,0.0
R02,testing,02,131,0,0.0,0.0,0.0,0.0
R02,testing,02,132,0,0.0,0.0,0.0,0.0
R02,testing,02,133,0,0.0,0.0,0.0,0.0
R02,testing,02,134,0,0.0,0.0,0.0,0.0
R02,testing,02,135,0,0.0,0.0,0.0,0.0
R02,testing,02,136,0,0.0,0.0,0.0,0.0
R02,testing,02,137,0,0.0,0.0,0.0,0.0
R02,testing,02,138,0,0.0,0.0,0.0,0.0
R02,testing,02,139,0,0.0,0.0,0.0,0.0
R02,testing,02,140,0,0.0,0.0,0.0,0.0
R02,testing,02,141,0,0.0,0.0,0.0,0.0
R02,testing,02,142,0,0.0,0.0,0.0,0.0
R02,testing,02,143,0,0.0,0.0,0.0,0.0
R02,testing,02,144,0,0.0,0.0,0.0,0.0
R02,testing,02,145,0,0.0,0.0,0.0,0.0
R02,testing,02,146,0,0.0,0.0,0.0,0.0
R02,testing,02,147,0,0.0,0.0,0.0,0.0
R02,testing,02,148,0,0.0,0.0,0.0,0.0
R02,testing,02,149,0,0.0,0.0,0.0,0.0
R02,testing,02,150,0,0.0,0.0,0.0,0.0
R02,testing,02,151,0,0.0,0.0,0.0,0.0
R02,testing,02,152,0,0.0,0.0,0.0,0.0
R02,testing,02,153,0,0.0,0.0,0.0,0.0
R02,testing,02,154,0,0.0,0.0,0.0,0.0
R02,testing,02,155,0,0.0,0.0,0.0,0.0
R02,testing,02,156,0,0.0,0.0,0.0,0.0
R02,testing,02,157,0,0.0,0.0,0.0,0.0
R02,testing,02,158,0,0.0,0.0,0.0,0.0
R02,testing,02,159,0,0.0,0.0,0.0,0.0
R02,testing,02,160,0,0.0,0.0,0.0,0.0
R02,testing,02,161,0,0.0,0.0,0.0,0.0
R02,testing,02,162,0,0.0,0.0,0.0,0.0
R02,testing,02,163,0,0.0,0.0,0.0,0.0
R02,testing,02,164,0,0.0,0.0,0.0,0.0
R02,testing,02,165,0,0.0,0.0,0.0,0.0
R02,testing,02,166,0,0.0,0.0,0.0,0.0
R02,testing,02,167,0,0.0,0.0,0.0,0.0
R02,testing,02,168,0,0.0,0.0,0.0,0.0
R02,testing,02,169,0,0.0,0.0,0.0,0.0
R02,testing,02,170,0,0.0,0.0,0.0,0.0
R02,testing,02,171,0,0.0,0.0,0.0,0.0
R02,testing,02,172,0,0.0,0.0,0.0,0.0
R02,testing,02,173,0,0.0,0.0,0.0,0.0
R02,testing,02,174,0,0.0,0.0,0.0,0.0
R02,testing,02,175,0,0.0,0.0,0.0,0.0
R02,testing,02,176,0,0.0,0.0,0.0,0.0
R02,testing,02,177,0,0.0,0.0,0.0,0.0
R02,testing,02,178,0,0.0,0.0,0.0,0.0
R02,testing,02,179,0,0.0,0.0,0.0,0.0
R02,testing,02,180,0,0.0,0.0,0.0,0.0
R02,testing,02,181,0,0.0,0.0,0.0,0.0
R02,testing,02,182,0,0.0,0.0,0.0,0.0
R02,testing,02,183,0,0.0,0.0,0.0,0.0
R02,testing,02,184,0,0.0,0.0,0.0,0.0
R02,testing,02,185,0,0.0,0.0,0.0,0.0
R02,testing,02,186,0,0.0,0.0,0.0,0.0
R02,testing,02,187,0,0.0,0.0,0.0,0.0
R02,testing,02,188,0,0.0,0.0,0.0,0.0
R02,testing,02,189,0,0.0,0.0,0.0,0.0
R02,testing,02,190,0,0.0,0.0,0.0,0.0
R02,testing,02,191,0,0.0,0.0,0.0,0.0
R02,testing,02,192,0,0.0,0.0,0.0,0.0
R02,testing,02,193,0,0.0,0.0,0.0,0.0
R02,testing,02,194,0,0.0,0.0,0.0,0.0
R02,testing,02,195,0,0.0,0.0,0.0,0.0
R02,testing,02,196,0,0.0,0.0,0.0,0.0
R02,testing,02,197,0,0.0,0.0,0.0,0.0
R02,testing,02,198,0,0.0,0.0,0.0,0.0
R02,testing,02,199,0,0.0,0.0,0.0,0.0
R02,testing,02,200,0,0.0,0.0,0.0,0.0
R02,testing,02,201,0,0.0,0.0,0.0,0.0
R02,testing,02,202,0,0.0,0.0,0.0,0.0
R02,testing,02,203,0,0.0,0.0,0.0,0.0
R02,testing,02,204,0,0.0,0.0,0.0,0.0
R02,testing,02,205,0,0.0,0.0,0.0,0.0
R02,testing,02,206,0,0.0,0.0,0.0,0.0
R02,testing,02,207,0,0.0,0.0,0.0,0.0
R02,testing,02,208,0,0.0,0.0,0.0,0.0
R02,testing,02,209,0,0.0,0.0,0.0,0.0
R02,testing,02,210,0,0.0,0.0,0.0,0.0
R02,testing,02,211,0,0.0,0.0,0.0,0.0
R02,testing,02,212,0,0.0,0.0,0.0,0.0
R02,testing,02,213,0,0.0,0.0,0.0,0.0
R02,testing,02,214,0,0.0,0.0,0.0,0.0
R02,testing,02,215,0,0.0,0.0,0.0,0.0
R02,testing,02,216,0,0.0,0.0,0.0,0.0
R02,testing,02,217,0,0.0,0.0,0.0,0.0
R02,testing,02,218,0,0.0,0.0,0.0,0.0
R02,testing,02,219,0,0.0,0.0,0.0,0.0
R02,testing,02,220,0,0.0,0.0,0.0,0.0
R02,testing,02,221,0,0.0,0.0,0.0,0.0
R02,testing,02,222,0,0.0,0.0,0.0,0.0
R02,testing,02,223,0,0.0,0.0,0.0,0.0
R02,testing,02,224,0,0.0,0.0,0.0,0.0
R02,testing,02,225,0,0.0,0.0,0.0,0.0
R02,testing,02,226,0,0.0,0.0,0.0,0.0
R02,testing,02,227,0,0.0,0.0,0.0,0.0
R02,testing,02,228,0,0.0,0.0,0.0,0.0
R02,testing,02,229,0,0.0,0.0,0.0,0.0
R02,testing,02,230,0,0.0,0.0,0.0,0.0
R02,testing,02,231,0,0.0,0.0,0.0,0.0
R02,testing,02,232,0,0.0,0.0,0.0,0.0
R02,testing,02,233,0,0.0,0.0,0.0,0.0
R02,testing,02,234,0,0.0,0.0,0.0,0.0
R02,testing,02,235,0,0.0,0.0,0.0,0.0
R02,testing,02,236,0,0.0,0.0,0.0,0.0
R02,testing,02,237,0,0.0,0.0,0.0,0.0
R02,testing,02,238,0,0.0,0.0,0.0,0.0
R02,testing,02,239,0,0.0,0.0,0.0,0.0
R02,testing,02,240,0,0.0,0.0,0.0,0.0
R02,testing,02,241,0,0.0,0.0,0.0,0.0
R02,testing,02,242,0,0.0,0.0,0.0,0.0
R02,testing,02,243,0,0.0,0.0,0.0,0.0
R02,testing,02,244,0,0.0,0.0,0.0,0.0
R02,testing,02,245,0,0.0,0.0,0.0,0.0
R02,testing,02,246,0,0.0,0.0,0.0,0.0
R02,testing,02,247,0,0.0,0.0,0.0,0.0
R02,testing,02,248,0,0.0,0.0,0.0,0.0
R02,testing,02,249,0,0.0,0.0,0.0,0.0
R02,testing,02,250,0,0.0,0.0,0.0,0.0
R02,testing,02,251,0,0.0,0.0,0.0,0.0
R02,testing,02,252,0,0.0,0.0,0.0,0.0
R02,testing,02,253,0,0.0,0.0,0.0,0.0
R02,testing,02,254,0,0.0,0.0,0.0,0.0
R02,testing,02,255,0,0.0,0.0,0.0,0.0
R02,testing,02,256,0,0.0,0.0,0.0,0.0
R02,testing,02,257,0,0.0,0.0,0.0,0.0
R02,testing,02,258,0,0.0,0.0,0.0,0.0
R02,testing,02,259,0,0.0,0.0,0.0,0.0
R02,testing,02,260,0,0.0,0.0,0.0,0.0
R02,testing,02,261,0,0.0,0.0,0.0,0.0
R02,testing,02,262,0,0.0,0.0,0.0,0.0
R02,testing,02,263,0,0.0,0.0,0.0,0.0
R02,testing,02,264,0,0.0,0.0,0.0,0.0
R02,testing,02,265,0,0.0,0.0,0.0,0.0
R02,testing,02,266,0,0.0,0.0,0.0,0.0
R02,testing,02,267,0,0.0,0.0,0.0,0.0
R02,testing,02,268,0,0.0,0.0,0.0,0.0
R02,testing,02,269,0,0.0,0.0,0.0,0.0
R02,testing,02,270,0,0.0,0.0,0.0,0.0
R02,testing,02,271,0,0.0,0.0,0.0,0.0
R02,testing,02,272,0,0.0,0.0,0.0,0.0
R02,testing,02,273,0,0.0,0.0,0.0,0.0
R02,testing,02,274,0,0.0,0.0,0.0,0.0
R02,testing,02,275,0,0.0,0.0,0.0,0.0
R02,testing,02,276,0,0.0,0.0,0.0,0.0
R02,testing,02,277,0,0.0,0.0,0.0,0.0
R02,testing,02,278,0,0.0,0.0,0.0,0.0
R02,testing,02,279,0,0.0,0.0,0.0,0.0
R02,testing,02,280,0,0.0,0.0,0.0,0.0
R02,testing,02,281,0,0.0,0.0,0.0,0.0
R02,testing,02,282,0,0.0,0.0,0.0,0.0
R02,testing,02,283,0,0.0,0.0,0.0,0.0
R02,testing,02,284,0,0.0,0.0,0.0,0.0
R02,testing,02,285,0,0.0,0.0,0.0,0.0
R02,testing,02,286,0,0.0,0.0,0.0,0.0
R02,testing,02,287,0,0.0,0.0,0.0,0.0
R02,testing,02,288,0,0.0,0.0,0.0,0.0
R02,testing,02,289,0,0.0,0.0,0.0,0.0
R02,testing,02,290,0,0.0,0.0,0.0,0.0
R02,testing,02,291,0,0.0,0.0,0.0,0.0
R02,testing,02,292,0,0.0,0.0,0.0,0.0
R02,testing,02,293,0,0.0,0.0,0.0,0.0
R02,testing,02,294,0,0.0,0.0,0.0,0.0
R02,testing,02,295,0,0.0,0.0,0.0,0.0
R02,testing,02,296,0,0.0,0.0,0.0,0.0
R02,testing,02,297,0,0.0,0.0,0.0,0.0
R02,testing,02,298,0,0.0,0.0,0.0,0.0
R02,testing,02,299,0,0.0,0.0,0.0,0.0
R02,testing,02,300,0,0.0,0.0,0.0,0.0
R02,testing,02,301,0,0.0,0.0,0.0,0.0
R02,testing,02,302,0,0.0,0.0,0.0,0.0
R02,testing,02,303,0,0.0,0.0,0.0,0.0
R02,testing,02,304,0,0.0,0.0,0.0,0.0
R02,testing,02,305,0,0.0,0.0,0.0,0.0
R02,testing,02,306,0,0.0,0.0,0.0,0.0
R02,testing,02,307,0,0.0,0.0,0.0,0.0
R02,testing,02,308,0,0.0,0.0,0.0,0.0
R02,testing,02,309,0,0.0,0.0,0.0,0.0
R02,testing,02,310,0,0.0,0.0,0.0,0.0
R02,testing,02,311,0,0.0,0.0,0.0,0.0
R02,testing,02,312,0,0.0,0.0,0.0,0.0
R02,testing,02,313,0,0.0,0.0,0.0,0.0
R02,testing,02,314,0,0.0,0.0,0.0,0.0
R02,testing,02,315,0,0.0,0.0,0.0,0.0
R02,testing,02,316,0,0.0,0.0,0.0,0.0
R02,testing,02,317,0,0.0,0.0,0.0,0.0
R02,testing,02,318,0,0.0,0.0,0.0,0.0
R02,testing,02,319,0,0.0,0.0,0.0,0.0
R02,testing,02,320,0,0.0,0.0,0.0,0.0
R02,testing,02,321,0,0.0,0.0,0.0,0.0
R02,testing,02,322,0,0.0,0.0,0.0,0.0
R02,testing,02,323,0,0.0,0.0,0.0,0.0
R02,testing,02,324,0,0.0,0.0,0.0,0.0
R02,testing,02,325,0,0.0,0.0,0.0,0.0
R02,testing,02,326,0,0.0,0.0,0.0,0.0
R02,testing,02,327,0,0.0,0.0,0.0,0.0
R02,testing,02,328,0,0.0,0.0,0.0,0.0
R02,testing,02,329,0,0.0,0.0,0.0,0.0
R02,testing,02,330,0,0.0,0.0,0.0,0.0
R02,testing,02,331,0,0.0,0.0,0.0,0.0
R02,testing,02,332,0,0.0,0.0,0.0,0.0
R02,testing,02,333,0,0.0,0.0,0.0,0.0
R02,testing,02,334,0,0.0,0.0,0.0,0.0
R02,testing,02,335,0,0.0,0.0,0.0,0.0
R02,testing,02,336,0,0.0,0.0,0.0,0.0
R02,testing,02,337,0,0.0,0.0,0.0,0.0
R02,testing,02,338,0,0.0,0.0,0.0,0.0
R02,testing,02,339,0,0.0,0.0,0.0,0.0
R02,testing,02,340,0,0.0,0.0,0.0,0.0
R02,testing,02,341,0,0.0,0.0,0.0,0.0
R02,testing,02,342,0,0.0,0.0,0.0,0.0
R02,testing,02,343,0,0.0,0.0,0.0,0.0
R02,testing,02,344,0,0.0,0.0,0.0,0.0
R02,testing,02,345,0,0.0,0.0,0.0,0.0
R02,testing,02,346,0,0.0,0.0,0.0,0.0
R02,testing,02,347,0,0.0,0.0,0.0,0.0
R02,testing,02,348,0,0.0,0.0,0.0,0.0
R02,testing,02,349,0,0.0,0.0,0.0,0.0
R02,testing,02,350,0,0.0,0.0,0.0,0.0
R02,testing,02,351,0,0.0,0.0,0.0,0.0
R02,testing,02,352,0,0.0,0.0,0.0,0.0
R02,testing,02,353,0,0.0,0.0,0.0,0.0
R02,testing,02,354,0,0.0,0.0,0.0,0.0
R02,testing,02,355,0,0.0,0.0,0.0,0.0
R02,testing,02,356,0,0.0,0.0,0.0,0.0
R02,testing,02,357,0,0.0,0.0,0.0,0.0
R02,testing,02,358,0,0.0,0.0,0.0,0.0
R02,testing,02,359,0,0.0,0.0,0.0,0.0
R02,testing,02,360,0,0.0,0.0,0.0,0.0
R02,testing,02,361,0,0.0,0.0,0.0,0.0
R02,testing,02,362,0,0.0,0.0,0.0,0.0
R02,testing,02,363,0,0.0,0.0,0.0,0.0
R02,testing,02,364,0,0.0,0.0,0.0,0.0
R02,testing,02,365,0,0.0,0.0,0.0,0.0
R02,testing,02,366,0,0.0,0.0,0.0,0.0
R02,testing,02,367,0,0.0,0.0,0.0,0.0
R02,testing,02,368,0,0.0,0.0,0.0,0.0
R02,testing,02,369,0,0.0,0.0,0.0,0.0
R02,testing,02,370,0,0.0,0.0,0.0,0.0
R02,testing,02,371,0,0.0,0.0,0.0,0.0
R02,testing,02,372,0,0.0,0.0,0.0,0.0
R02,testing,02,373,0,0.0,0.0,0.0,0.0
R02,testing,02,374,0,0.0,0.0,0.0,0.0
R02,testing,02,375,0,0.0,0.0,0.0,0.0
R02,testing,02,376,0,0.0,0.0,0.0,0.0
R02,testing,02,377,0,0.0,0.0,0.0,0.0
R02,testing,02,378,0,0.0,0.0,0.0,0.0
R02,testing,02,379,0,0.0,0.0,0.0,0.0
R02,testing,02,380,0,0.0,0.0,0.0,0.0
R02,testing,02,381,0,0.0,0.0,0.0,0.0
R02,testing,02,382,0,0.0,0.0,0.0,0.0
R02,testing,02,383,0,0.0,0.0,0.0,0.0
R02,testing,02,384,0,0.0,0.0,0.0,0.0
R02,testing,02,385,0,0.0,0.0,0.0,0.0
R02,testing,02,386,0,0.0,0.0,0.0,0.0
R02,testing,02,387,0,0.0,0.0,0.0,0.0
R02,testing,02,388,0,0.0,0.0,0.0,0.0
R02,testing,02,389,0,0.0,0.0,0.0,0.0
R02,testing,02,390,0,0.0,0.0,0.0,0.0
R02,testing,02,391,0,0.0,0.0,0.0,0.0
R02,testing,02,392,0,0.0,0.0,0.0,0.0
R02,testing,02,393,0,0.0,0.0,0.0,0.0
R02,testing,02,394,0,0.0,0.0,0.0,0.0
R02,testing,02,395,0,0.0,0.0,0.0,0.0
R02,testing,02,396,0,0.0,0.0,0.0,0.0
R02,testing,02,397,0,0.0,0.0,0.0,0.0
R02,testing,02,398,0,0.0,0.0,0.0,0.0
R02,testing,02,399,0,0.0,0.0,0.0,0.0
R02,testing,02,400,0,0.0,0.0,0.0,0.0
R02,testing,02,401,0,0.0,0.0,0.0,0.0
R02,testing,02,402,0,0.0,0.0,0.0,0.0
R02,testing,02,403,0,0.0,0.0,0.0,0.0
R02,testing,02,404,0,0.0,0.0,0.0,0.0
R02,testing,02,405,0,0.0,0.0,0.0,0.0
R02,testing,02,406,0,0.0,0.0,0.0,0.0
R02,testing,02,407,0,0.0,0.0,0.0,0.0
R02,testing,02,408,0,0.0,0.0,0.0,0.0
R02,testing,02,409,0,0.0,0.0,0.0,0.0
R02,testing,02,410,0,0.0,0.0,0.0,0.0
R02,testing,02,411,0,0.0,0.0,0.0,0.0
R02,testing,02,412,0,0.0,0.0,0.0,0.0
R02,testing,02,413,0,0.0,0.0,0.0,0.0
R02,testing,02,414,0,0.0,0.0,0.0,0.0
R02,testing,02,415,0,0.0,0.0,0.0,0.0
R02,testing,02,416,0,0.0,0.0,0.0,0.0
R02,testing,02,417,0,0.0,0.0,0.0,0.0
R02,testing,02,418,0,0.0,0.0,0.0,0.0
R02,testing,02,419,0,0.0,0.0,0.0,0.0
R02,testing,02,420,0,0.0,0.0,0.0,0.0
R02,testing,02,421,0,0.0,0.0,0.0,0.0
R02,testing,02,422,0,0.0,0.0,0.0,0.0
R02,testing,02,423,0,0.0,0.0,0.0,0.0
R02,testing,02,424,0,0.0,0.0,0.0,0.0
R02,testing,02,425,0,0.0,0.0,0.0,0.0
R02,testing,02,426,0,0.0,0.0,0.0,0.0
R02,testing,02,427,0,0.0,0.0,0.0,0.0
R02,testing,02,428,0,0.0,0.0,0.0,0.0
R02,testing,02,429,0,0.0,0.0,0.0,0.0
R02,testing,02,430,0,0.0,0.0,0.0,0.0
R02,testing,02,431,0,0.0,0.0,0.0,0.0
R02,testing,02,432,0,0.0,0.0,0.0,0.0
R02,testing,02,433,0,0.0,0.0,0.0,0.0
R02,testing,02,434,0,0.0,0.0,0.0,0.0
R02,testing,02,435,0,0.0,0.0,0.0,0.0
R02,testing,02,436,0,0.0,0.0,0.0,0.0
R02,testing,02,437,0,0.0,0.0,0.0,0.0
R02,testing,02,438,0,0.0,0.0,0.0,0.0
R02,testing,02,439,0,0.0,0.0,0.0,0.0
R02,testing,02,440,0,0.0,0.0,0.0,0.0
R02,testing,02,441,0,0.0,0.0,0.0,0.0
R02,testing,02,442,0,0.0,0.0,0.0,0.0
R02,testing,02,443,0,0.0,0.0,0.0,0.0
R02,testing,02,444,0,0.0,0.0,0.0,0.0
R02,testing,02,445,0,0.0,0.0,0.0,0.0
R02,testing,02,446,0,0.0,0.0,0.0,0.0
R02,testing,02,447,0,0.0,0.0,0.0,0.0
R02,testing,02,448,0,0.0,0.0,0.0,0.0
R02,testing,02,449,0,0.0,0.0,0.0,0.0
R02,testing,02,450,0,0.0,0.0,0.0,0.0
R02,testing,02,451,0,0.0,0.0,0.0,0.0
R02,testing,02,452,0,0.0,0.0,0.0,0.0
R02,testing,02,453,0,0.0,0.0,0.0,0.0
R02,testing,02,454,0,0.0,0.0,0.0,0.0
R02,testing,02,455,0,0.0,0.0,0.0,0.0
R02,testing,02,456,0,0.0,0.0,0.0,0.0
R02,testing,02,457,0,0.0,0.0,0.0,0.0
R02,testing,02,458,0,0.0,0.0,0.0,0.0
R02,testing,02,459,0,0.0,0.0,0.0,0.0
R02,testing,02,460,0,0.0,0.0,0.0,0.0
R02,testing,02,461,0,0.0,0.0,0.0,0.0
R02,testing,02,462,0,0.0,0.0,0.0,0.0
R02,testing,02,463,0,0.0,0.0,0.0,0.0
R02,testing,02,464,0,0.0,0.0,0.0,0.0
R02,testing,02,465,0,0.0,0.0,0.0,0.0
R02,testing,02,466,0,0.0,0.0,0.0,0.0
R02,testing,02,467,0,0.0,0.0,0.0,0.0
R02,testing,02,468,0,0.0,0.0,0.0,0.0
R02,testing,02,469,0,0.0,0.0,0.0,0.0
R02,testing,02,470,0,0.0,0.0,0.0,0.0
R02,testing,02,471,0,0.0,0.0,0.0,0.0
R02,testing,02,472,0,0.0,0.0,0.0,0.0
R02,testing,02,473,0,0.0,0.0,0.0,0.0
R02,testing,02,474,0,0.0,0.0,0.0,0.0
R02,testing,02,475,0,0.0,0.0,0.0,0.0
R02,testing,02,476,0,0.0,0.0,0.0,0.0
R02,testing,02,477,0,0.0,0.0,0.0,0.0
R02,testing,02,478,0,0.0,0.0,0.0,0.0
R02,testing,02,479,0,0.0,0.0,0.0,0.0
R02,testing,02,480,0,0.0,0.0,0.0,0.0
R02,testing,02,481,0,0.0,0.0,0.0,0.0
R02,testing,02,482,0,0.0,0.0,0.0,0.0
R02,testing,02,483,0,0.0,0.0,0.0,0.0
R02,testing,02,484,0,0.0,0.0,0.0,0.0
R02,testing,02,485,0,0.0,0.0,0.0,0.0
R02,testing,02,486,0,0.0,0.0,0.0,0.0
R02,testing,02,487,0,0.0,0.0,0.0,0.0
R02,testing,02,488,0,0.0,0.0,0.0,0.0
R02,testing,02,489,0,0.0,0.0,0.0,0.0
R02,testing,02,490,0,0.0,0.0,0.0,0.0
R02,testing,02,491,0,0.0,0.0,0.0,0.0
R02,testing,02,492,0,0.0,0.0,0.0,0.0
R02,testing,02,493,0,0.0,0.0,0.0,0.0
R02,testing,02,494,0,0.0,0.0,0.0,0.0
R02,testing,02,495,0,0.0,0.0,0.0,0.0
R02,testing,02,496,0,0.0,0.0,0.0,0.0
R02,testing,02,497,0,0.0,0.0,0.0,0.0
R02,testing,02,498,0,0.0,0.0,0.0,0.0
R02,testing,02,499,0,0.0,0.0,0.0,0.0
R02,testing,02,500,0,0.0,0.0,0.0,0.0
R02,testing,02,501,0,0.0,0.0,0.0,0.0
R02,testing,02,502,0,0.0,0.0,0.0,0.0
R02,testing,02,503,0,0.0,0.0,0.0,0.0
R02,testing,02,504,0,0.0,0.0,0.0,0.0
R02,testing,02,505,0,0.0,0.0,0.0,0.0
R02,testing,02,506,0,0.0,0.0,0.0,0.0
R02,testing,02,507,0,0.0,0.0,0.0,0.0
R02,testing,02,508,0,0.0,0.0,0.0,0.0
R02,testing,02,509,0,0.0,0.0,0.0,0.0
R02,testing,02,510,0,0.0,0.0,0.0,0.0
R02,testing,02,511,0,0.0,0.0,0.0,0.0
R02,testing,02,512,0,0.0,0.0,0.0,0.0
R02,testing,02,513,0,0.0,0.0,0.0,0.0
R02,testing,02,514,0,0.0,0.0,0.0,0.0
R02,testing,02,515,0,0.0,0.0,0.0,0.0
R02,testing,02,516,0,0.0,0.0,0.0,0.0
R02,testing,02,517,0,0.0,0.0,0.0,0.0
R02,testing,02,518,0,0.0,0.0,0.0,0.0
R02,testing,02,519,0,0.0,0.0,0.0,0.0
R02,testing,02,520,0,0.0,0.0,0.0,0.0
R02,testing,02,521,0,0.0,0.0,0.0,0.0
R02,testing,02,522,0,0.0,0.0,0.0,0.0
R02,testing,02,523,0,0.0,0.0,0.0,0.0
R02,testing,02,524,0,0.0,0.0,0.0,0.0
R02,testing,02,525,0,0.0,0.0,0.0,0.0
R02,testing,02,526,0,0.0,0.0,0.0,0.0
R02,testing,02,527,0,0.0,0.0,0.0,0.0
R02,testing,02,528,0,0.0,0.0,0.0,0.0
R02,testing,02,529,0,0.0,0.0,0.0,0.0
R02,testing,02,530,0,0.0,0.0,0.0,0.0
R02,testing,02,531,0,0.0,0.0,0.0,0.0
R02,testing,02,532,0,0.0,0.0,0.0,0.0
R02,testing,02,533,0,0.0,0.0,0.0,0.0
R02,testing,02,534,0,0.0,0.0,0.0,0.0
R02,testing,02,535,0,0.0,0.0,0.0,0.0
R02,testing,02,536,0,0.0,0.0,0.0,0.0
R02,testing,02,537,0,0.0,0.0,0.0,0.0
R02,testing,02,538,0,0.0,0.0,0.0,0.0
R02,testing,02,539,0,0.0,0.0,0.0,0.0
R02,testing,02,540,0,0.0,0.0,0.0,0.0
R02,testing,02,541,0,0.0,0.0,0.0,0.0
R02,testing,02,542,0,0.0,0.0,0.0,0.0
R02,testing,02,543,0,0.0,0.0,0.0,0.0
R02,testing,02,544,0,0.0,0.0,0.0,0.0
R02,testing,02,545,0,0.0,0.0,0.0,0.0
R02,testing,02,546,0,0.0,0.0,0.0,0.0
R02,testing,02,547,0,0.0,0.0,0.0,0.0
R02,testing,02,548,0,0.0,0.0,0.0,0.0
R02,testing,02,549,0,0.0,0.0,0.0,0.0
R02,testing,02,550,0,0.0,0.0,0.0,0.0
R02,testing,02,551,0,0.0,0.0,0.0,0.0
R02,testing,02,552,0,0.0,0.0,0.0,0.0
R02,testing,02,553,0,0.0,0.0,0.0,0.0
R02,testing,02,554,0,0.0,0.0,0.0,0.0
R02,testing,02,555,0,0.0,0.0,0.0,0.0
R02,testing,02,556,0,0.0,0.0,0.0,0.0
R02,testing,02,557,0,0.0,0.0,0.0,0.0
R02,testing,02,558,0,0.0,0.0,0.0,0.0
R02,testing,02,559,0,0.0,0.0,0.0,0.0
R02,testing,02,560,0,0.0,0.0,0.0,0.0
R02,testing,02,561,0,0.0,0.0,0.0,0.0
R02,testing,02,562,0,0.0,0.0,0.0,0.0
R02,testing,02,563,0,0.0,0.0,0.0,0.0
R02,testing,02,564,0,0.0,0.0,0.0,0.0
R02,testing,02,565,0,0.0,0.0,0.0,0.0
R02,testing,02,566,0,0.0,0.0,0.0,0.0
R02,testing,02,567,0,0.0,0.0,0.0,0.0
R02,testing,02,568,0,0.0,0.0,0.0,0.0
R02,testing,02,569,0,0.0,0.0,0.0,0.0
R02,testing,02,570,0,0.0,0.0,0.0,0.0
R02,testing,02,571,0,0.0,0.0,0.0,0.0
R02,testing,02,572,0,0.0,0.0,0.0,0.0
R02,testing,02,573,0,0.0,0.0,0.0,0.0
R02,testing,02,574,0,0.0,0.0,0.0,0.0
R02,testing,02,575,0,0.0,0.0,0.0,0.0
R02,testing,02,576,0,0.0,0.0,0.0,0.0
R02,testing,02,577,0,0.0,0.0,0.0,0.0
R02,testing,02,578,0,0.0,0.0,0.0,0.0
R02,testing,02,579,0,0.0,0.0,0.0,0.0
R02,testing,02,580,0,0.0,0.0,0.0,0.0
R02,testing,02,581,0,0.0,0.0,0.0,0.0
R02,testing,02,582,0,0.0,0.0,0.0,0.0
R02,testing,02,583,0,0.0,0.0,0.0,0.0
R02,testing,02,584,0,0.0,0.0,0.0,0.0
R02,testing,02,585,0,0.0,0.0,0.0,0.0
R02,testing,02,586,0,0.0,0.0,0.0,0.0
R02,testing,02,587,0,0.0,0.0,0.0,0.0
R02,testing,02,588,0,0.0,0.0,0.0,0.0
R02,testing,02,589,0,0.0,0.0,0.0,0.0
R02,testing,02,590,0,0.0,0.0,0.0,0.0
R02,testing,02,591,0,0.0,0.0,0.0,0.0
R02,testing,02,592,0,0.0,0.0,0.0,0.0
R02,testing,02,593,0,0.0,0.0,0.0,0.0
R02,testing,02,594,0,0.0,0.0,0.0,0.0
R02,testing,05,0,0,0.0,0.0,0.0,0.0
R02,testing,05,1,0,0.0,0.0,0.0,0.0
R02,testing,05,2,0,0.0,0.0,0.0,0.0
R02,testing,05,3,0,0.0,0.0,0.0,0.0
R02,testing,05,4,0,0.0,0.0,0.0,0.0
R02,testing,05,5,0,0.0,0.0,0.0,0.0
R02,testing,05,6,0,0.0,0.0,0.0,0.0
R02,testing,05,7,0,0.0,0.0,0.0,0.0
R02,testing,05,8,0,0.0,0.0,0.0,0.0
R02,testing,05,9,0,0.0,0.0,0.0,0.0
R02,testing,05,10,0,0.0,0.0,0.0,0.0
R02,testing,05,11,1,0.0,0.0,0.0,0.0
R02,testing,05,12,1,0.0,0.0,0.0,0.0
R02,testing,05,13,1,0.0,0.0,0.0,0.0
R02,testing,05,14,1,0.0,0.0,0.0,0.0
R02,testing,05,15,1,0.0,0.0,0.0,0.0
R02,testing,05,16,1,0.0,0.0,0.0,0.0
R02,testing,05,17,1,0.0,0.0,0.0,0.0
R02,testing,05,18,1,0.0,0.0,0.0,0.0
R02,testing,05,19,1,0.0,0.0,0.0,0.0
R02,testing,05,20,1,0.0,0.0,0.0,0.0
R02,testing,05,21,1,0.0,0.0,0.0,0.0
R02,testing,05,22,1,0.0,0.0,0.0,0.0
R02,testing,05,23,1,0.0,0.0,0.0,0.0
R02,testing,05,24,1,0.0,0.0,0.0,0.0
R02,testing,05,25,1,0.0,0.0,0.0,0.0
R02,testing,05,26,1,0.0,0.0,0.0,0.0
R02,testing,05,27,1,0.0,0.0,0.0,0.0
R02,testing,05,28,1,0.0,0.0,0.0,0.0
R02,testing,05,29,1,0.0,0.0,0.0,0.0
R02,testing,05,30,1,0.0,0.0,0.0,0.0
R02,testing,05,31,1,0.0,0.0,0.0,0.0
R02,testing,05,32,1,0.0,0.0,0.0,0.0
R02,testing,05,33,1,0.0,0.0,0.0,0.0
R02,testing,05,34,1,0.0,0.0,0.0,0.0
R02,testing,05,35,1,0.0,0.0,0.0,0.0
R02,testing,05,36,1,0.0,0.0,0.0,0.0
R02,testing,05,37,1,0.0,0.0,0.0,0.0
R02,testing,05,38,1,0.0,0.0,0.0,0.0
R02,testing,05,39,1,0.0,0.0,0.0,0.0
R02,testing,05,40,1,0.0,0.0,0.0,0.0
R02,testing,05,41,1,0.0,0.0,0.0,0.0
R02,testing,05,42,1,0.0,0.0,0.0,0.0
R02,testing,05,43,1,0.0,0.0,0.0,0.0
R02,testing,05,44,1,0.0,0.0,0.0,0.0
R02,testing,05,45,1,0.0,0.0,0.0,0.0
R02,testing,05,46,1,0.0,0.0,0.0,0.0
R02,testing,05,47,1,0.0,0.0,0.0,0.0
R02,testing,05,48,1,0.0,0.0,0.0,0.0
R02,testing,05,49,1,0.0,0.0,0.0,0.0
R02,testing,05,50,1,0.0,0.0,0.0,0.0
R02,testing,05,51,1,0.0,0.0,0.0,0.0
R02,testing,05,52,1,0.0,0.0,0.0,0.0
R02,testing,05,53,1,0.0,0.0,0.0,0.0
R02,testing,05,54,1,0.0,0.0,0.0,0.0
R02,testing,05,55,1,0.0,0.0,0.0,0.0
R02,testing,05,56,1,0.0,0.0,0.0,0.0
R02,testing,05,57,1,0.0,0.0,0.0,0.0
R02,testing,05,58,1,0.0,0.0,0.0,0.0
R02,testing,05,59,1,0.0,0.0,0.0,0.0
R02,testing,05,60,1,0.0,0.0,0.0,0.0
R02,testing,05,61,1,0.0,0.0,0.0,0.0
R02,testing,05,62,1,0.0,0.0,0.0,0.0
R02,testing,05,63,1,0.0,0.0,0.0,0.0
R02,testing,05,64,1,0.0,0.0,0.0,0.0
R02,testing,05,65,1,0.0,0.0,0.0,0.0
R02,testing,05,66,1,0.0,0.0,0.0,0.0
R02,testing,05,67,1,0.0,0.0,0.0,0.0
R02,testing,05,68,1,0.0,0.0,0.0,0.0
R02,testing,05,69,1,0.0,0.0,0.0,0.0
R02,testing,05,70,1,0.0,0.0,0.0,0.0
R02,testing,05,71,1,0.0,0.0,0.0,0.0
R02,testing,05,72,1,0.0,0.0,0.0,0.0
R02,testing,05,73,1,0.0,0.0,0.0,0.0
R02,testing,05,74,1,0.0,0.0,0.0,0.0
R02,testing,05,75,1,0.0,0.0,0.0,0.0
R02,testing,05,76,1,0.0,0.0,0.0,0.0
R02,testing,05,77,1,0.0,0.0,0.0,0.0
R02,testing,05,78,1,0.0,0.0,0.0,0.0
R02,testing,05,79,1,0.0,0.0,0.0,0.0
R02,testing,05,80,1,0.0,0.0,0.0,0.0
R02,testing,05,81,1,0.0,0.0,0.0,0.0
R02,testing,05,82,1,0.0,0.0,0.0,0.0
R02,testing,05,83,1,0.0,0.0,0.0,0.0
R02,testing,05,84,1,0.0,0.0,0.0,0.0
R02,testing,05,85,1,0.0,0.0,0.0,0.0
R02,testing,05,86,1,0.0,0.0,0.0,0.0
R02,testing,05,87,1,0.0,0.0,0.0,0.0
R02,testing,05,88,1,0.0,0.0,0.0,0.0
R02,testing,05,89,1,0.0,0.0,0.0,0.0
R02,testing,05,90,1,0.0,0.0,0.0,0.0
R02,testing,05,91,1,0.0,0.0,0.0,0.0
R02,testing,05,92,1,0.0,0.0,0.0,0.0
R02,testing,05,93,1,0.0,0.0,0.0,0.0
R02,testing,05,94,1,0.0,0.0,0.0,0.0
R02,testing,05,95,1,0.0,0.0,0.0,0.0
R02,testing,05,96,1,0.0,0.0,0.0,0.0
R02,testing,05,97,1,0.0,0.0,0.0,0.0
R02,testing,05,98,1,0.0,0.0,0.0,0.0
R02,testing,05,99,1,0.0,0.0,0.0,0.0
R02,testing,05,100,1,0.0,0.0,0.0,0.0
R02,testing,05,101,1,0.0,0.0,0.0,0.0
R02,testing,05,102,1,0.0,0.0,0.0,0.0
R02,testing,05,103,1,0.0,0.0,0.0,0.0
R02,testing,05,104,1,0.0,0.0,0.0,0.0
R02,testing,05,105,1,0.0,0.0,0.0,0.0
R02,testing,05,106,1,0.0,0.0,0.0,0.0
R02,testing,05,107,1,0.0,0.0,0.0,0.0
R02,testing,05,108,1,0.0,0.0,0.0,0.0
R02,testing,05,109,1,0.0,0.0,0.0,0.0
R02,testing,05,110,1,0.0,0.0,0.0,0.0
R02,testing,05,111,1,0.0,0.0,0.0,0.0
R02,testing,05,112,1,0.0,0.0,0.0,0.0
R02,testing,05,113,1,0.0,0.0,0.0,0.0
R02,testing,05,114,1,0.0,0.0,0.0,0.0
R02,testing,05,115,1,0.0,0.0,0.0,0.0
R02,testing,05,116,1,0.0,0.0,0.0,0.0
R02,testing,05,117,1,0.0,0.0,0.0,0.0
R02,testing,05,118,1,0.0,0.0,0.0,0.0
R02,testing,05,119,1,0.0,0.0,0.0,0.0
R02,testing,05,120,1,0.0,0.0,0.0,0.0
R02,testing,05,121,1,0.0,0.0,0.0,0.0
R02,testing,05,122,1,0.0,0.0,0.0,0.0
R02,testing,05,123,1,0.0,0.0,0.0,0.0
R02,testing,05,124,1,0.0,0.0,0.0,0.0
R02,testing,05,125,1,0.0,0.0,0.0,0.0
R02,testing,05,126,1,0.0,0.0,0.0,0.0
R02,testing,05,127,1,0.0,0.0,0.0,0.0
R02,testing,05,128,1,0.0,0.0,0.0,0.0
R02,testing,05,129,1,0.0,0.0,0.0,0.0
R02,testing,05,130,1,0.0,0.0,0.0,0.0
R02,testing,05,131,1,0.0,0.0,0.0,0.0
R02,testing,05,132,1,0.0,0.0,0.0,0.0
R02,testing,05,133,1,0.0,0.0,0.0,0.0
R02,testing,05,134,1,0.0,0.0,0.0,0.0
R02,testing,05,135,1,0.0,0.0,0.0,0.0
R02,testing,05,136,1,0.0,0.0,0.0,0.0
R02,testing,05,137,1,0.0,0.0,0.0,0.0
R02,testing,05,138,1,0.0,0.0,0.0,0.0
R02,testing,05,139,1,0.0,0.0,0.0,0.0
R02,testing,05,140,1,0.0,0.0,0.0,0.0
R02,testing,05,141,1,0.0,0.0,0.0,0.0
R02,testing,05,142,1,0.0,0.0,0.0,0.0
R02,testing,05,143,1,0.0,0.0,0.0,0.0
R02,testing,05,144,1,0.0,0.0,0.0,0.0
R02,testing,05,145,1,0.0,0.0,0.0,0.0
R02,testing,05,146,1,0.0,0.0,0.0,0.0
R02,testing,05,147,1,0.0,0.0,0.0,0.0
R02,testing,05,148,1,0.0,0.0,0.0,0.0
R02,testing,05,149,1,0.0,0.0,0.0,0.0
R02,testing,05,150,1,0.0,0.0,0.0,0.0
R02,testing,05,151,1,0.0,0.0,0.0,0.0
R02,testing,05,152,1,0.0,0.0,0.0,0.0
R02,testing,05,153,1,0.0,0.0,0.0,0.0
R02,testing,05,154,1,0.0,0.0,0.0,0.0
R02,testing,05,155,1,0.0,0.0,0.0,0.0
R02,testing,05,156,1,0.0,0.0,0.0,0.0
R02,testing,05,157,1,0.0,0.0,0.0,0.0
R02,testing,05,158,1,0.0,0.0,0.0,0.0
R02,testing,05,159,1,0.0,0.0,0.0,0.0
R02,testing,05,160,1,0.0,0.0,0.0,0.0
R02,testing,05,161,1,0.0,0.0,0.0,0.0
R02,testing,05,162,1,0.0,0.0,0.0,0.0
R02,testing,05,163,1,0.0,0.0,0.0,0.0
R02,testing,05,164,1,0.0,0.0,0.0,0.0
R02,testing,05,165,1,0.0,0.0,0.0,0.0
R02,testing,05,166,1,0.0,0.0,0.0,0.0
R02,testing,05,167,1,0.0,0.0,0.0,0.0
R02,testing,05,168,1,0.0,0.0,0.0,0.0
R02,testing,05,169,1,0.0,0.0,0.0,0.0
R02,testing,05,170,1,0.0,0.0,0.0,0.0
R02,testing,05,171,1,0.0,0.0,0.0,0.0
R02,testing,05,172,1,0.0,0.0,0.0,0.0
R02,testing,05,173,1,0.0,0.0,0.0,0.0
R02,testing,05,174,1,0.0,0.0,0.0,0.0
R02,testing,05,175,1,0.0,0.0,0.0,0.0
R02,testing,05,176,1,0.0,0.0,0.0,0.0
R02,testing,05,177,1,0.0,0.0,0.0,0.0
R02,testing,05,178,1,0.0,0.0,0.0,0.0
R02,testing,05,179,1,0.0,0.0,0.0,0.0
R02,testing,05,180,1,0.0,0.0,0.0,0.0
R02,testing,05,181,1,0.0,0.0,0.0,0.0
R02,testing,05,182,1,0.0,0.0,0.0,0.0
R02,testing,05,183,1,0.0,0.0,0.0,0.0
R02,testing,05,184,1,0.0,0.0,0.0,0.0
R02,testing,05,185,1,0.0,0.0,0.0,0.0
R02,testing,05,186,1,0.0,0.0,0.0,0.0
R02,testing,05,187,1,0.0,0.0,0.0,0.0
R02,testing,05,188,1,0.0,0.0,0.0,0.0
R02,testing,05,189,1,0.0,0.0,0.0,0.0
R02,testing,05,190,1,0.0,0.0,0.0,0.0
R02,testing,05,191,1,0.0,0.0,0.0,0.0
R02,testing,05,192,1,0.0,0.0,0.0,0.0
R02,testing,05,193,1,0.0,0.0,0.0,0.0
R02,testing,05,194,1,0.0,0.0,0.0,0.0
R02,testing,05,195,1,0.0,0.0,0.0,0.0
R02,testing,05,196,1,0.0,0.0,0.0,0.0
R02,testing,05,197,1,0.0,0.0,0.0,0.0
R02,testing,05,198,1,0.0,0.0,0.0,0.0
R02,testing,05,199,1,0.0,0.0,0.0,0.0
R02,testing,05,200,1,0.0,0.0,0.0,0.0
R02,testing,05,201,1,0.0,0.0,0.0,0.0
R02,testing,05,202,1,0.0,0.0,0.0,0.0
R02,testing,05,203,1,0.0,0.0,0.0,0.0
R02,testing,05,204,1,0.0,0.0,0.0,0.0
R02,testing,05,205,1,0.0,0.0,0.0,0.0
R02,testing,05,206,1,0.0,0.0,0.0,0.0
R02,testing,05,207,1,0.0,0.0,0.0,0.0
R02,testing,05,208,1,0.0,0.0,0.0,0.0
R02,testing,05,209,1,0.0,0.0,0.0,0.0
R02,testing,05,210,1,0.0,0.0,0.0,0.0
R02,testing,05,211,1,0.0,0.0,0.0,0.0
R02,testing,05,212,1,0.0,0.0,0.0,0.0
R02,testing,05,213,1,0.0,0.0,0.0,0.0
R02,testing,05,214,1,0.0,0.0,0.0,0.0
R02,testing,05,215,1,0.0,0.0,0.0,0.0
R02,testing,05,216,1,0.0,0.0,0.0,0.0
R02,testing,05,217,1,0.0,0.0,0.0,0.0
R02,testing,05,218,1,0.0,0.0,0.0,0.0
R02,testing,05,219,1,0.0,0.0,0.0,0.0
R02,testing,05,220,1,0.0,0.0,0.0,0.0
R02,testing,05,221,1,0.0,0.0,0.0,0.0
R02,testing,05,222,1,0.0,0.0,0.0,0.0
R02,testing,05,223,1,0.0,0.0,0.0,0.0
R02,testing,05,224,1,0.0,0.0,0.0,0.0
R02,testing,05,225,1,0.0,0.0,0.0,0.0
R02,testing,05,226,1,0.0,0.0,0.0,0.0
R02,testing,05,227,1,0.0,0.0,0.0,0.0
R02,testing,05,228,1,0.0,0.0,0.0,0.0
R02,testing,05,229,1,0.0,0.0,0.0,0.0
R02,testing,05,230,1,0.0,0.0,0.0,0.0
R02,testing,05,231,1,0.0,0.0,0.0,0.0
R02,testing,05,232,1,0.0,0.0,0.0,0.0
R02,testing,05,233,1,0.0,0.0,0.0,0.0
R02,testing,05,234,1,0.0,0.0,0.0,0.0
R02,testing,05,235,1,0.0,0.0,0.0,0.0
R02,testing,05,236,1,0.0,0.0,0.0,0.0
R02,testing,05,237,1,0.0,0.0,0.0,0.0
R02,testing,05,238,1,0.0,0.0,0.0,0.0
R02,testing,05,239,1,0.0,0.0,0.0,0.0
R02,testing,05,240,1,0.0,0.0,0.0,0.0
R02,testing,05,241,1,0.0,0.0,0.0,0.0
R02,testing,05,242,1,0.0,0.0,0.0,0.0
R02,testing,05,243,1,0.0,0.0,0.0,0.0
R02,testing,05,244,1,0.0,0.0,0.0,0.0
R02,testing,05,245,1,0.0,0.0,0.0,0.0
R02,testing,05,246,1,0.0,0.0,0.0,0.0
R02,testing,05,247,1,0.0,0.0,0.0,0.0
R02,testing,05,248,1,0.0,0.0,0.0,0.0
R02,testing,05,249,1,0.0,0.0,0.0,0.0
R02,testing,05,250,1,0.0,0.0,0.0,0.0
R02,testing,05,251,1,0.0,0.0,0.0,0.0
R02,testing,05,252,1,0.0,0.0,0.0,0.0
R02,testing,05,253,1,0.0,0.0,0.0,0.0
R02,testing,05,254,1,0.0,0.0,0.0,0.0
R02,testing,05,255,1,0.0,0.0,0.0,0.0
R02,testing,05,256,1,0.0,0.0,0.0,0.0
R02,testing,05,257,1,0.0,0.0,0.0,0.0
R02,testing,05,258,1,0.0,0.0,0.0,0.0
R02,testing,05,259,1,0.0,0.0,0.0,0.0
R02,testing,05,260,1,0.0,0.0,0.0,0.0
R02,testing,05,261,1,0.0,0.0,0.0,0.0
R02,testing,05,262,1,0.0,0.0,0.0,0.0
R02,testing,05,263,1,0.0,0.0,0.0,0.0
R02,testing,05,264,1,0.0,0.0,0.0,0.0
R02,testing,05,265,1,0.0,0.0,0.0,0.0
R02,testing,05,266,1,0.0,0.0,0.0,0.0
R02,testing,05,267,1,0.0,0.0,0.0,0.0
R02,testing,05,268,1,0.0,0.0,0.0,0.0
R02,testing,05,269,1,0.0,0.0,0.0,0.0
R02,testing,05,270,1,0.0,0.0,0.0,0.0
R02,testing,05,271,1,0.0,0.0,0.0,0.0
R02,testing,05,272,1,0.0,0.0,0.0,0.0
R02,testing,05,273,1,0.0,0.0,0.0,0.0
R02,testing,05,274,1,0.0,0.0,0.0,0.0
R02,testing,05,275,1,0.0,0.0,0.0,0.0
R02,testing,05,276,1,0.0,0.0,0.0,0.0
R02,testing,05,277,1,0.0,0.0,0.0,0.0
R02,testing,05,278,1,0.0,0.0,0.0,0.0
R02,testing,05,279,1,0.0,0.0,0.0,0.0
R02,testing,05,280,1,0.0,0.0,0.0,0.0
R02,testing,05,281,1,0.0,0.0,0.0,0.0
R02,testing,05,282,1,0.0,0.0,0.0,0.0
R02,testing,05,283,1,0.0,0.0,0.0,0.0
R02,testing,05,284,1,0.0,0.0,0.0,0.0
R02,testing,05,285,1,0.0,0.0,0.0,0.0
R02,testing,05,286,1,0.0,0.0,0.0,0.0
R02,testing,05,287,1,0.0,0.0,0.0,0.0
R02,testing,05,288,1,0.0,0.0,0.0,0.0
R02,testing,05,289,1,0.0,0.0,0.0,0.0
R02,testing,05,290,1,0.0,0.0,0.0,0.0
R02,testing,05,291,1,0.0,0.0,0.0,0.0
R02,testing,05,292,1,0.0,0.0,0.0,0.0
R02,testing,05,293,1,0.0,0.0,0.0,0.0
R02,testing,05,294,1,0.0,0.0,0.0,0.0
R02,testing,05,295,1,0.0,0.0,0.0,0.0
R02,testing,05,296,1,0.0,0.0,0.0,0.0
R02,testing,05,297,1,0.0,0.0,0.0,0.0
R02,testing,05,298,1,0.0,0.0,0.0,0.0
R02,testing,05,299,1,0.0,0.0,0.0,0.0
R02,testing,05,300,1,0.0,0.0,0.0,0.0
R02,testing,05,301,1,0.0,0.0,0.0,0.0
R02,testing,05,302,1,0.0,0.0,0.0,0.0
R02,testing,05,303,1,0.0,0.0,0.0,0.0
R02,testing,05,304,1,0.0,0.0,0.0,0.0
R02,testing,05,305,1,0.0,0.0,0.0,0.0
R02,testing,05,306,1,0.0,0.0,0.0,0.0
R02,testing,05,307,1,0.0,0.0,0.0,0.0
R02,testing,05,308,1,0.0,0.0,0.0,0.0
R02,testing,05,309,1,0.0,0.0,0.0,0.0
R02,testing,05,310,1,0.0,0.0,0.0,0.0
R02,testing,05,311,1,0.0,0.0,0.0,0.0
R02,testing,05,312,1,0.0,0.0,0.0,0.0
R02,testing,05,313,1,0.0,0.0,0.0,0.0
R02,testing,05,314,1,0.0,0.0,0.0,0.0
R02,testing,05,315,0,0.0,0.0,0.0,0.0
R02,testing,05,316,0,0.0,0.0,0.0,0.0
R02,testing,05,317,0,0.0,0.0,0.0,0.0
R02,testing,05,318,0,0.0,0.0,0.0,0.0
R02,testing,05,319,0,0.0,0.0,0.0,0.0
R02,testing,05,320,0,0.0,0.0,0.0,0.0
R02,testing,05,321,0,0.0,0.0,0.0,0.0
R02,testing,05,322,0,0.0,0.0,0.0,0.0
R02,testing,05,323,0,0.0,0.0,0.0,0.0
R02,testing,05,324,0,0.0,0.0,0.0,0.0
R02,testing,05,325,0,0.0,0.0,0.0,0.0
R02,testing,05,326,0,0.0,0.0,0.0,0.0
R02,testing,05,327,0,0.0,0.0,0.0,0.0
R02,testing,05,328,0,0.0,0.0,0.0,0.0
R02,testing,05,329,0,0.0,0.0,0.0,0.0
R02,testing,05,330,0,0.0,0.0,0.0,0.0
R02,testing,05,331,0,0.0,0.0,0.0,0.0
R02,testing,05,332,0,0.0,0.0,0.0,0.0
R02,testing,05,333,0,0.0,0.0,0.0,0.0
R02,testing,05,334,0,0.0,0.0,0.0,0.0
R02,testing,05,335,0,0.0,0.0,0.0,0.0
R02,testing,05,336,0,0.0,0.0,0.0,0.0
R02,testing,05,337,0,0.0,0.0,0.0,0.0
R02,testing,05,338,0,0.0,0.0,0.0,0.0
R02,testing,05,339,0,0.0,0.0,0.0,0.0
R02,testing,05,340,0,0.0,0.0,0.0,0.0
R02,testing,05,341,0,0.0,0.0,0.0,0.0
R02,testing,05,342,0,0.0,0.0,0.0,0.0
R02,testing,05,343,0,0.0,0.0,0.0,0.0
R02,testing,05,344,0,0.0,0.0,0.0,0.0
R02,testing,05,345,0,0.0,0.0,0.0,0.0
R02,testing,05,346,0,0.0,0.0,0.0,0.0
R02,testing,05,347,0,0.0,0.0,0.0,0.0
R02,testing,05,348,0,0.0,0.0,0.0,0.0
R02,testing,05,349,0,0.0,0.0,0.0,0.0
R02,testing,05,350,0,0.0,0.0,0.0,0.0
R02,testing,05,351,0,0.0,0.0,0.0,0.0
R02,testing,05,352,0,0.0,0.0,0.0,0.0
R02,testing,05,353,0,0.0,0.0,0.0,0.0
R02,testing,05,354,0,0.0,0.0,0.0,0.0
R02,testing,05,355,0,0.0,0.0,0.0,0.0
R02,testing,05,356,0,0.0,0.0,0.0,0.0
R02,testing,05,357,0,0.0,0.0,0.0,0.0
R02,testing,05,358,0,0.0,0.0,0.0,0.0
R02,testing,05,359,0,0.0,0.0,0.0,0.0
R02,testing,05,360,0,0.0,0.0,0.0,0.0
R02,testing,05,361,0,0.0,0.0,0.0,0.0
R02,testing,05,362,0,0.0,0.0,0.0,0.0
R02,testing,05,363,0,0.0,0.0,0.0,0.0
R02,testing,05,364,0,0.0,0.0,0.0,0.0
R02,testing,05,365,0,0.0,0.0,0.0,0.0
R02,testing,05,366,0,0.0,0.0,0.0,0.0
R02,testing,05,367,0,0.0,0.0,0.0,0.0
R02,testing,05,368,0,0.0,0.0,0.0,0.0
R02,testing,05,369,0,0.0,0.0,0.0,0.0
R02,testing,05,370,0,0.0,0.0,0.0,0.0
R02,testing,05,371,0,0.0,0.0,0.0,0.0
R02,testing,05,372,0,0.0,0.0,0.0,0.0
R02,testing,05,373,0,0.0,0.0,0.0,0.0
R02,testing,05,374,0,0.0,0.0,0.0,0.0
R02,testing,05,375,0,0.0,0.0,0.0,0.0
R02,testing,05,376,0,0.0,0.0,0.0,0.0
R02,testing,05,377,0,0.0,0.0,0.0,0.0
R02,testing,05,378,0,0.0,0.0,0.0,0.0
R02,testing,05,379,0,0.0,0.0,0.0,0.0
R02,testing,05,380,0,0.0,0.0,0.0,0.0
R02,testing,05,381,0,0.0,0.0,0.0,0.0
R02,testing,05,382,0,0.0,0.0,0.0,0.0
R02,testing,05,383,0,0.0,0.0,0.0,0.0
R02,testing,05,384,0,0.0,0.0,0.0,0.0
R02,testing,05,385,0,0.0,0.0,0.0,0.0
R02,testing,05,386,0,0.0,0.0,0.0,0.0
R02,testing,05,387,0,0.0,0.0,0.0,0.0
R02,testing,05,388,0,0.0,0.0,0.0,0.0
R02,testing,05,389,0,0.0,0.0,0.0,0.0
R02,testing,05,390,0,0.0,0.0,0.0,0.0
R02,testing,05,391,0,0.0,0.0,0.0,0.0
R02,testing,05,392,0,0.0,0.0,0.0,0.0
R02,testing,05,393,0,0.0,0.0,0.0,0.0
R02,testing,05,394,0,0.0,0.0,0.0,0.0
R02,testing,05,395,0,0.0,0.0,0.0,0.0
R02,testing,05,396,0,0.0,0.0,0.0,0.0
R02,testing,05,397,0,0.0,0.0,0.0,0.0
R02,testing,05,398,0,0.0,0.0,0.0,0.0
R02,testing,05,399,0,0.0,0.0,0.0,0.0
R02,testing,05,400,0,0.0,0.0,0.0,0.0
R02,testing,05,401,0,0.0,0.0,0.0,0.0
R02,testing,05,402,0,0.0,0.0,0.0,0.0
R02,testing,05,403,0,0.0,0.0,0.0,0.0
R02,testing,05,404,0,0.0,0.0,0.0,0.0
R02,testing,05,405,0,0.0,0.0,0.0,0.0
R02,testing,05,406,0,0.0,0.0,0.0,0.0
R02,testing,05,407,0,0.0,0.0,0.0,0.0
R02,testing,05,408,0,0.0,0.0,0.0,0.0
R02,testing,05,409,0,0.0,0.0,0.0,0.0
R02,testing,05,410,0,0.0,0.0,0.0,0.0
R02,testing,05,411,0,0.0,0.0,0.0,0.0
R02,testing,05,412,0,0.0,0.0,0.0,0.0
R02,testing,05,413,0,0.0,0.0,0.0,0.0
R02,testing,05,414,0,0.0,0.0,0.0,0.0
R02,testing,05,415,0,0.0,0.0,0.0,0.0
R02,testing,05,416,0,0.0,0.0,0.0,0.0
R02,testing,05,417,0,0.0,0.0,0.0,0.0
R02,testing,05,418,0,0.0,0.0,0.0,0.0
R02,testing,05,419,0,0.0,0.0,0.0,0.0
R02,testing,05,420,0,0.0,0.0,0.0,0.0
R02,testing,05,421,0,0.0,0.0,0.0,0.0
R02,testing,05,422,0,0.0,0.0,0.0,0.0
R02,testing,05,423,0,0.0,0.0,0.0,0.0
R02,testing,05,424,0,0.0,0.0,0.0,0.0
R02,testing,05,425,0,0.0,0.0,0.0,0.0
R02,testing,05,426,0,0.0,0.0,0.0,0.0
R02,testing,05,427,0,0.0,0.0,0.0,0.0
R02,testing,05,428,0,0.0,0.0,0.0,0.0
R02,testing,05,429,0,0.0,0.0,0.0,0.0
R02,testing,05,430,0,0.0,0.0,0.0,0.0
R02,testing,05,431,0,0.0,0.0,0.0,0.0
R02,testing,05,432,0,0.0,0.0,0.0,0.0
R02,testing,05,433,0,0.0,0.0,0.0,0.0
R02,testing,05,434,0,0.0,0.0,0.0,0.0
R02,testing,05,435,0,0.0,0.0,0.0,0.0
R02,testing,05,436,0,0.0,0.0,0.0,0.0
R02,testing,05,437,0,0.0,0.0,0.0,0.0
R02,testing,05,438,0,0.0,0.0,0.0,0.0
R02,testing,05,439,0,0.0,0.0,0.0,0.0
R02,testing,05,440,0,0.0,0.0,0.0,0.0
R02,testing,05,441,0,0.0,0.0,0.0,0.0
R02,testing,05,442,0,0.0,0.0,0.0,0.0
R02,testing,05,443,0,0.0,0.0,0.0,0.0
R02,testing,05,444,0,0.0,0.0,0.0,0.0
R02,testing,05,445,0,0.0,0.0,0.0,0.0
R02,testing,05,446,0,0.0,0.0,0.0,0.0
R02,testing,05,447,0,0.0,0.0,0.0,0.0
R02,testing,05,448,0,0.0,0.0,0.0,0.0
R02,testing,05,449,0,0.0,0.0,0.0,0.0
R02,testing,05,450,0,0.0,0.0,0.0,0.0
R02,testing,05,451,0,0.0,0.0,0.0,0.0
R02,testing,05,452,0,0.0,0.0,0.0,0.0
R02,testing,05,453,0,0.0,0.0,0.0,0.0
R02,testing,05,454,0,0.0,0.0,0.0,0.0
R02,testing,05,455,0,0.0,0.0,0.0,0.0
R02,testing,05,456,0,0.0,0.0,0.0,0.0
R02,testing,05,457,0,0.0,0.0,0.0,0.0
R02,testing,05,458,0,0.0,0.0,0.0,0.0
R02,testing,05,459,0,0.0,0.0,0.0,0.0
R02,testing,05,460,0,0.0,0.0,0.0,0.0
R02,testing,05,461,0,0.0,0.0,0.0,0.0
R02,testing,05,462,0,0.0,0.0,0.0,0.0
R02,testing,05,463,0,0.0,0.0,0.0,0.0
R02,testing,05,464,0,0.0,0.0,0.0,0.0
R02,testing,05,465,0,0.0,0.0,0.0,0.0
R02,testing,05,466,0,0.0,0.0,0.0,0.0
R02,testing,05,467,0,0.0,0.0,0.0,0.0
R02,testing,05,468,0,0.0,0.0,0.0,0.0
R02,testing,05,469,0,0.0,0.0,0.0,0.0
R02,testing,05,470,0,0.0,0.0,0.0,0.0
R02,testing,05,471,0,0.0,0.0,0.0,0.0
R02,testing,05,472,0,0.0,0.0,0.0,0.0
R02,testing,05,473,0,0.0,0.0,0.0,0.0
R02,testing,05,474,0,0.0,0.0,0.0,0.0
R02,testing,05,475,0,0.0,0.0,0.0,0.0
R02,testing,05,476,0,0.0,0.0,0.0,0.0
R02,testing,05,477,0,0.0,0.0,0.0,0.0
R02,testing,05,478,0,0.0,0.0,0.0,0.0
R02,testing,05,479,0,0.0,0.0,0.0,0.0
R02,testing,05,480,0,0.0,0.0,0.0,0.0
R02,testing,05,481,0,0.0,0.0,0.0,0.0
R02,testing,05,482,0,0.0,0.0,0.0,0.0
R02,testing,05,483,0,0.0,0.0,0.0,0.0
R02,testing,05,484,0,0.0,0.0,0.0,0.0
R02,testing,05,485,0,0.0,0.0,0.0,0.0
R02,testing,05,486,0,0.0,0.0,0.0,0.0
R02,testing,05,487,0,0.0,0.0,0.0,0.0
R02,testing,05,488,0,0.0,0.0,0.0,0.0
R02,testing,05,489,0,0.0,0.0,0.0,0.0
R02,testing,05,490,0,0.0,0.0,0.0,0.0
R02,testing,05,491,0,0.0,0.0,0.0,0.0
R02,testing,05,492,0,0.0,0.0,0.0,0.0
R02,testing,05,493,0,0.0,0.0,0.0,0.0
R02,testing,05,494,0,0.0,0.0,0.0,0.0
R02,testing,05,495,0,0.0,0.0,0.0,0.0
R02,testing,05,496,0,0.0,0.0,0.0,0.0
R02,testing,05,497,0,0.0,0.0,0.0,0.0
R02,testing,05,498,0,0.0,0.0,0.0,0.0
R02,testing,05,499,0,0.0,0.0,0.0,0.0
R02,testing,05,500,0,0.0,0.0,0.0,0.0
R02,testing,05,501,0,0.0,0.0,0.0,0.0
R02,testing,05,502,0,0.0,0.0,0.0,0.0
R02,testing,05,503,0,0.0,0.0,0.0,0.0
R02,testing,05,504,0,0.0,0.0,0.0,0.0
R02,testing,05,505,0,0.0,0.0,0.0,0.0
R02,testing,05,506,0,0.0,0.0,0.0,0.0
R02,testing,05,507,0,0.0,0.0,0.0,0.0
R02,testing,05,508,0,0.0,0.0,0.0,0.0
R02,testing,05,509,0,0.0,0.0,0.0,0.0
R02,testing,05,510,0,0.0,0.0,0.0,0.0
R02,testing,05,511,0,0.0,0.0,0.0,0.0
R02,testing,05,512,0,0.0,0.0,0.0,0.0
R02,testing,05,513,0,0.0,0.0,0.0,0.0
R02,testing,05,514,0,0.0,0.0,0.0,0.0
R02,testing,05,515,0,0.0,0.0,0.0,0.0
R02,testing,05,516,0,0.0,0.0,0.0,0.0
R02,testing,05,517,0,0.0,0.0,0.0,0.0
R02,testing,05,518,0,0.0,0.0,0.0,0.0
R02,testing,05,519,0,0.0,0.0,0.0,0.0
R02,testing,05,520,0,0.0,0.0,0.0,0.0
R02,testing,05,521,0,0.0,0.0,0.0,0.0
R02,testing,05,522,0,0.0,0.0,0.0,0.0
R02,testing,05,523,0,0.0,0.0,0.0,0.0
R02,testing,05,524,0,0.0,0.0,0.0,0.0
R02,testing,05,525,0,0.0,0.0,0.0,0.0
R02,testing,05,526,0,0.0,0.0,0.0,0.0
R02,testing,05,527,0,0.0,0.0,0.0,0.0
R02,testing,05,528,0,0.0,0.0,0.0,0.0
R02,testing,05,529,0,0.0,0.0,0.0,0.0
R02,testing,05,530,0,0.0,0.0,0.0,0.0
R02,testing,05,531,0,0.0,0.0,0.0,0.0
R02,testing,05,532,0,0.0,0.0,0.0,0.0
R02,testing,05,533,0,0.0,0.0,0.0,0.0
R02,testing,05,534,0,0.0,0.0,0.0,0.0
R02,testing,05,535,0,0.0,0.0,0.0,0.0
R02,testing,05,536,0,0.0,0.0,0.0,0.0
R02,testing,05,537,0,0.0,0.0,0.0,0.0
R02,testing,05,538,0,0.0,0.0,0.0,0.0
R02,testing,05,539,0,0.0,0.0,0.0,0.0
R02,testing,05,540,0,0.0,0.0,0.0,0.0
R02,testing,05,541,0,0.0,0.0,0.0,0.0
R02,testing,05,542,0,0.0,0.0,0.0,0.0
R02,testing,05,543,0,0.0,0.0,0.0,0.0
R02,testing,05,544,0,0.0,0.0,0.0,0.0
R02,testing,05,545,0,0.0,0.0,0.0,0.0
R02,testing,05,546,0,0.0,0.0,0.0,0.0
R02,testing,05,547,0,0.0,0.0,0.0,0.0
R02,testing,05,548,0,0.0,0.0,0.0,0.0
R02,testing,05,549,0,0.0,0.0,0.0,0.0
R02,testing,05,550,0,0.0,0.0,0.0,0.0
R02,testing,05,551,0,0.0,0.0,0.0,0.0
R02,testing,05,552,0,0.0,0.0,0.0,0.0
R02,testing,05,553,0,0.0,0.0,0.0,0.0
R02,testing,05,554,0,0.0,0.0,0.0,0.0
R02,testing,05,555,0,0.0,0.0,0.0,0.0
R02,testing,05,556,0,0.0,0.0,0.0,0.0
R02,testing,05,557,0,0.0,0.0,0.0,0.0
R02,testing,05,558,0,0.0,0.0,0.0,0.0
R02,testing,05,559,0,0.0,0.0,0.0,0.0
R02,testing,05,560,0,0.0,0.0,0.0,0.0
R02,testing,05,561,0,0.0,0.0,0.0,0.0
R02,testing,05,562,0,0.0,0.0,0.0,0.0
R02,testing,05,563,0,0.0,0.0,0.0,0.0
R02,testing,05,564,0,0.0,0.0,0.0,0.0
R02,testing,05,565,0,0.0,0.0,0.0,0.0
R02,testing,05,566,0,0.0,0.0,0.0,0.0
R02,testing,05,567,0,0.0,0.0,0.0,0.0
R02,testing,05,568,0,0.0,0.0,0.0,0.0
R02,testing,05,569,0,0.0,0.0,0.0,0.0
R02,testing,05,570,0,0.0,0.0,0.0,0.0
R02,testing,05,571,0,0.0,0.0,0.0,0.0
R02,testing,05,572,0,0.0,0.0,0.0,0.0
R02,testing,05,573,0,0.0,0.0,0.0,0.0
R02,testing,05,574,0,0.0,0.0,0.0,0.0
R02,testing,05,575,0,0.0,0.0,0.0,0.0
R02,testing,05,576,0,0.0,0.0,0.0,0.0
R02,testing,05,577,0,0.0,0.0,0.0,0.0
R02,testing,05,578,0,0.0,0.0,0.0,0.0
R02,testing,05,579,0,0.0,0.0,0.0,0.0
R02,testing,05,580,0,0.0,0.0,0.0,0.0
R02,testing,05,581,0,0.0,0.0,0.0,0.0
R02,testing,05,582,0,0.0,0.0,0.0,0.0
R02,testing,07,0,0,0.0,0.0,0.0,0.0
R02,testing,07,1,0,0.0,0.0,0.0,0.0
R02,testing,07,2,0,0.0,0.0,0.0,0.0
R02,testing,07,3,0,0.0,0.0,0.0,0.0
R02,testing,07,4,0,0.0,0.0,0.0,0.0
R02,testing,07,5,0,0.0,0.0,0.0,0.0
R02,testing,07,6,0,0.0,0.0,0.0,0.0
R02,testing,07,7,0,0.0,0.0,0.0,0.0
R02,testing,07,8,0,0.0,0.0,0.0,0.0
R02,testing,07,9,0,0.0,0.0,0.0,0.0
R02,testing,07,10,0,0.0,0.0,0.0,0.0
R02,testing,07,11,0,0.0,0.0,0.0,0.0
R02,testing,07,12,0,0.0,0.0,0.0,0.0
R02,testing,07,13,0,0.0,0.0,0.0,0.0
R02,testing,07,14,0,0.0,0.0,0.0,0.0
R02,testing,07,15,0,0.0,0.0,0.0,0.0
R02,testing,07,16,0,0.0,0.0,0.0,0.0
R02,testing,07,17,0,0.0,0.0,0.0,0.0
R02,testing,07,18,0,0.0,0.0,0.0,0.0
R02,testing,07,19,0,0.0,0.0,0.0,0.0
R02,testing,07,20,0,0.0,0.0,0.0,0.0
R02,testing,07,21,0,0.0,0.0,0.0,0.0
R02,testing,07,22,0,0.0,0.0,0.0,0.0
R02,testing,07,23,0,0.0,0.0,0.0,0.0
R02,testing,07,24,0,0.0,0.0,0.0,0.0
R02,testing,07,25,0,0.0,0.0,0.0,0.0
R02,testing,07,26,0,0.0,0.0,0.0,0.0
R02,testing,07,27,0,0.0,0.0,0.0,0.0
R02,testing,07,28,0,0.0,0.0,0.0,0.0
R02,testing,07,29,0,0.0,0.0,0.0,0.0
R02,testing,07,30,0,0.0,0.0,0.0,0.0
R02,testing,07,31,0,0.0,0.0,0.0,0.0
R02,testing,07,32,0,0.0,0.0,0.0,0.0
R02,testing,07,33,0,0.0,0.0,0.0,0.0
R02,testing,07,34,0,0.0,0.0,0.0,0.0
R02,testing,07,35,0,0.0,0.0,0.0,0.0
R02,testing,07,36,0,0.0,0.0,0.0,0.0
R02,testing,07,37,0,0.0,0.0,0.0,0.0
R02,testing,07,38,0,0.0,0.0,0.0,0.0
R02,testing,07,39,0,0.0,0.0,0.0,0.0
R02,testing,07,40,0,0.0,0.0,0.0,0.0
R02,testing,07,41,0,0.0,0.0,0.0,0.0
R02,testing,07,42,0,0.0,0.0,0.0,0.0
R02,testing,07,43,0,0.0,0.0,0.0,0.0
R02,testing,07,44,0,0.0,0.0,0.0,0.0
R02,testing,07,45,0,0.0,0.0,0.0,0.0
R02,testing,07,46,0,0.0,0.0,0.0,0.0
R02,testing,07,47,0,0.0,0.0,0.0,0.0
R02,testing,07,48,0,0.0,0.0,0.0,0.0
R02,testing,07,49,0,0.0,0.0,0.0,0.0
R02,testing,07,50,0,0.0,0.0,0.0,0.0
R02,testing,07,51,0,0.0,0.0,0.0,0.0
R02,testing,07,52,0,0.0,0.0,0.0,0.0
R02,testing,07,53,0,0.0,0.0,0.0,0.0
R02,testing,07,54,0,0.0,0.0,0.0,0.0
R02,testing,07,55,0,0.0,0.0,0.0,0.0
R02,testing,07,56,0,0.0,0.0,0.0,0.0
R02,testing,07,57,0,0.0,0.0,0.0,0.0
R02,testing,07,58,0,0.0,0.0,0.0,0.0
R02,testing,07,59,0,0.0,0.0,0.0,0.0
R02,testing,07,60,0,0.0,0.0,0.0,0.0
R02,testing,07,61,0,0.0,0.0,0.0,0.0
R02,testing,07,62,0,0.0,0.0,0.0,0.0
R02,testing,07,63,0,0.0,0.0,0.0,0.0
R02,testing,07,64,0,0.0,0.0,0.0,0.0
R02,testing,07,65,0,0.0,0.0,0.0,0.0
R02,testing,07,66,0,0.0,0.0,0.0,0.0
R02,testing,07,67,0,0.0,0.0,0.0,0.0
R02,testing,07,68,0,0.0,0.0,0.0,0.0
R02,testing,07,69,0,0.0,0.0,0.0,0.0
R02,testing,07,70,0,0.0,0.0,0.0,0.0
R02,testing,07,71,0,0.0,0.0,0.0,0.0
R02,testing,07,72,0,0.0,0.0,0.0,0.0
R02,testing,07,73,0,0.0,0.0,0.0,0.0
R02,testing,07,74,0,0.0,0.0,0.0,0.0
R02,testing,07,75,0,0.0,0.0,0.0,0.0
R02,testing,07,76,0,0.0,0.0,0.0,0.0
R02,testing,07,77,0,0.0,0.0,0.0,0.0
R02,testing,07,78,0,0.0,0.0,0.0,0.0
R02,testing,07,79,0,0.0,0.0,0.0,0.0
R02,testing,07,80,0,0.0,0.0,0.0,0.0
R02,testing,07,81,0,0.0,0.0,0.0,0.0
R02,testing,07,82,0,0.0,0.0,0.0,0.0
R02,testing,07,83,0,0.0,0.0,0.0,0.0
R02,testing,07,84,0,0.0,0.0,0.0,0.0
R02,testing,07,85,0,0.0,0.0,0.0,0.0
R02,testing,07,86,0,0.0,0.0,0.0,0.0
R02,testing,07,87,0,0.0,0.0,0.0,0.0
R02,testing,07,88,0,0.0,0.0,0.0,0.0
R02,testing,07,89,0,0.0,0.0,0.0,0.0
R02,testing,07,90,0,0.0,0.0,0.0,0.0
R02,testing,07,91,0,0.0,0.0,0.0,0.0
R02,testing,07,92,0,0.0,0.0,0.0,0.0
R02,testing,07,93,0,0.0,0.0,0.0,0.0
R02,testing,07,94,0,0.0,0.0,0.0,0.0
R02,testing,07,95,0,0.0,0.0,0.0,0.0
R02,testing,07,96,0,0.0,0.0,0.0,0.0
R02,testing,07,97,0,0.0,0.0,0.0,0.0
R02,testing,07,98,0,0.0,0.0,0.0,0.0
R02,testing,07,99,0,0.0,0.0,0.0,0.0
R02,testing,07,100,0,0.0,0.0,0.0,0.0
R02,testing,07,101,0,0.0,0.0,0.0,0.0
R02,testing,07,102,0,0.0,0.0,0.0,0.0
R02,testing,07,103,0,0.0,0.0,0.0,0.0
R02,testing,07,104,0,0.0,0.0,0.0,0.0
R02,testing,07,105,0,0.0,0.0,0.0,0.0
R02,testing,07,106,0,0.0,0.0,0.0,0.0
R02,testing,07,107,0,0.0,0.0,0.0,0.0
R02,testing,07,108,0,0.0,0.0,0.0,0.0
R02,testing,07,109,0,0.0,0.0,0.0,0.0
R02,testing,07,110,0,0.0,0.0,0.0,0.0
R02,testing,07,111,0,0.0,0.0,0.0,0.0
R02,testing,07,112,0,0.0,0.0,0.0,0.0
R02,testing,07,113,0,0.0,0.0,0.0,0.0
R02,testing,07,114,0,0.0,0.0,0.0,0.0
R02,testing,07,115,0,0.0,0.0,0.0,0.0
R02,testing,07,116,0,0.0,0.0,0.0,0.0
R02,testing,07,117,0,0.0,0.0,0.0,0.0
R02,testing,07,118,0,0.0,0.0,0.0,0.0
R02,testing,07,119,0,0.0,0.0,0.0,0.0
R02,testing,07,120,0,0.0,0.0,0.0,0.0
R02,testing,07,121,0,0.0,0.0,0.0,0.0
R02,testing,07,122,0,0.0,0.0,0.0,0.0
R02,testing,07,123,0,0.0,0.0,0.0,0.0
R02,testing,07,124,0,0.0,0.0,0.0,0.0
R02,testing,07,125,0,0.0,0.0,0.0,0.0
R02,testing,07,126,0,0.0,0.0,0.0,0.0
R02,testing,07,127,0,0.0,0.0,0.0,0.0
R02,testing,07,128,0,0.0,0.0,0.0,0.0
R02,testing,07,129,0,0.0,0.0,0.0,0.0
R02,testing,07,130,0,0.0,0.0,0.0,0.0
R02,testing,07,131,0,0.0,0.0,0.0,0.0
R02,testing,07,132,0,0.0,0.0,0.0,0.0
R02,testing,07,133,0,0.0,0.0,0.0,0.0
R02,testing,07,134,0,0.0,0.0,0.0,0.0
R02,testing,07,135,0,0.0,0.0,0.0,0.0
R02,testing,07,136,0,0.0,0.0,0.0,0.0
R02,testing,07,137,0,0.0,0.0,0.0,0.0
R02,testing,07,138,0,0.0,0.0,0.0,0.0
R02,testing,07,139,0,0.0,0.0,0.0,0.0
R02,testing,07,140,0,0.0,0.0,0.0,0.0
R02,testing,07,141,0,0.0,0.0,0.0,0.0
R02,testing,07,142,0,0.0,0.0,0.0,0.0
R02,testing,07,143,0,0.0,0.0,0.0,0.0
R02,testing,07,144,0,0.0,0.0,0.0,0.0
R02,testing,07,145,0,0.0,0.0,0.0,0.0
R02,testing,07,146,0,0.0,0.0,0.0,0.0
R02,testing,07,147,0,0.0,0.0,0.0,0.0
R02,testing,07,148,0,0.0,0.0,0.0,0.0
R02,testing,07,149,0,0.0,0.0,0.0,0.0
R02,testing,07,150,0,0.0,0.0,0.0,0.0
R02,testing,07,151,0,0.0,0.0,0.0,0.0
R02,testing,07,152,0,0.0,0.0,0.0,0.0
R02,testing,07,153,0,0.0,0.0,0.0,0.0
R02,testing,07,154,0,0.0,0.0,0.0,0.0
R02,testing,07,155,0,0.0,0.0,0.0,0.0
R02,testing,07,156,0,0.0,0.0,0.0,0.0
R02,testing,07,157,0,0.0,0.0,0.0,0.0
R02,testing,07,158,0,0.0,0.0,0.0,0.0
R02,testing,07,159,0,0.0,0.0,0.0,0.0
R02,testing,07,160,0,0.0,0.0,0.0,0.0
R02,testing,07,161,0,0.0,0.0,0.0,0.0
R02,testing,07,162,0,0.0,0.0,0.0,0.0
R02,testing,07,163,0,0.0,0.0,0.0,0.0
R02,testing,07,164,0,0.0,0.0,0.0,0.0
R02,testing,07,165,0,0.0,0.0,0.0,0.0
R02,testing,07,166,0,0.0,0.0,0.0,0.0
R02,testing,07,167,0,0.0,0.0,0.0,0.0
R02,testing,07,168,0,0.0,0.0,0.0,0.0
R02,testing,07,169,0,0.0,0.0,0.0,0.0
R02,testing,07,170,0,0.0,0.0,0.0,0.0
R02,testing,07,171,0,0.0,0.0,0.0,0.0
R02,testing,07,172,0,0.0,0.0,0.0,0.0
R02,testing,07,173,0,0.0,0.0,0.0,0.0
R02,testing,07,174,0,0.0,0.0,0.0,0.0
R02,testing,07,175,0,0.0,0.0,0.0,0.0
R02,testing,07,176,0,0.0,0.0,0.0,0.0
R02,testing,07,177,0,0.0,0.0,0.0,0.0
R02,testing,07,178,0,0.0,0.0,0.0,0.0
R02,testing,07,179,0,0.0,0.0,0.0,0.0
R02,testing,07,180,0,0.0,0.0,0.0,0.0
R02,testing,07,181,0,0.0,0.0,0.0,0.0
R02,testing,07,182,0,0.0,0.0,0.0,0.0
R02,testing,07,183,0,0.0,0.0,0.0,0.0
R02,testing,07,184,0,0.0,0.0,0.0,0.0
R02,testing,07,185,0,0.0,0.0,0.0,0.0
R02,testing,07,186,0,0.0,0.0,0.0,0.0
R02,testing,07,187,0,0.0,0.0,0.0,0.0
R02,testing,07,188,0,0.0,0.0,0.0,0.0
R02,testing,07,189,0,0.0,0.0,0.0,0.0
R02,testing,07,190,0,0.0,0.0,0.0,0.0
R02,testing,07,191,0,0.0,0.0,0.0,0.0
R02,testing,07,192,0,0.0,0.0,0.0,0.0
R02,testing,07,193,0,0.0,0.0,0.0,0.0
R02,testing,07,194,0,0.0,0.0,0.0,0.0
R02,testing,07,195,0,0.0,0.0,0.0,0.0
R02,testing,07,196,0,0.0,0.0,0.0,0.0
R02,testing,07,197,0,0.0,0.0,0.0,0.0
R02,testing,07,198,0,0.0,0.0,0.0,0.0
R02,testing,07,199,0,0.0,0.0,0.0,0.0
R02,testing,07,200,0,0.0,0.0,0.0,0.0
R02,testing,07,201,0,0.0,0.0,0.0,0.0
R02,testing,07,202,0,0.0,0.0,0.0,0.0
R02,testing,07,203,0,0.0,0.0,0.0,0.0
R02,testing,07,204,0,0.0,0.0,0.0,0.0
R02,testing,07,205,0,0.0,0.0,0.0,0.0
R02,testing,07,206,0,0.0,0.0,0.0,0.0
R02,testing,07,207,0,0.0,0.0,0.0,0.0
R02,testing,07,208,0,0.0,0.0,0.0,0.0
R02,testing,07,209,0,0.0,0.0,0.0,0.0
R02,testing,07,210,0,0.0,0.0,0.0,0.0
R02,testing,07,211,0,0.0,0.0,0.0,0.0
R02,testing,07,212,0,0.0,0.0,0.0,0.0
R02,testing,07,213,0,0.0,0.0,0.0,0.0
R02,testing,07,214,0,0.0,0.0,0.0,0.0
R02,testing,07,215,0,0.0,0.0,0.0,0.0
R02,testing,07,216,0,0.0,0.0,0.0,0.0
R02,testing,07,217,0,0.0,0.0,0.0,0.0
R02,testing,07,218,0,0.0,0.0,0.0,0.0
R02,testing,07,219,0,0.0,0.0,0.0,0.0
R02,testing,07,220,1,0.0,0.0,0.0,0.0
R02,testing,07,221,1,0.0,0.0,0.0,0.0
R02,testing,07,222,1,0.0,0.0,0.0,0.0
R02,testing,07,223,1,0.0,0.0,0.0,0.0
R02,testing,07,224,1,0.0,0.0,0.0,0.0
R02,testing,07,225,1,0.0,0.0,0.0,0.0
R02,testing,07,226,1,0.0,0.0,0.0,0.0
R02,testing,07,227,1,0.0,0.0,0.0,0.0
R02,testing,07,228,1,0.0,0.0,0.0,0.0
R02,testing,07,229,1,0.0,0.0,0.0,0.0
R02,testing,07,230,1,0.0,0.0,0.0,0.0
R02,testing,07,231,1,0.0,0.0,0.0,0.0
R02,testing,07,232,1,0.0,0.0,0.0,0.0
R02,testing,07,233,1,0.0,0.0,0.0,0.0
R02,testing,07,234,1,0.0,0.0,0.0,0.0
R02,testing,07,235,1,0.0,0.0,0.0,0.0
R02,testing,07,236,1,0.0,0.0,0.0,0.0
R02,testing,07,237,1,0.0,0.0,0.0,0.0
R02,testing,07,238,1,0.0,0.0,0.0,0.0
R02,testing,07,239,1,0.0,0.0,0.0,0.0
R02,testing,07,240,1,0.0,0.0,0.0,0.0
R02,testing,07,241,1,0.0,0.0,0.0,0.0
R02,testing,07,242,1,0.0,0.0,0.0,0.0
R02,testing,07,243,1,0.0,0.0,0.0,0.0
R02,testing,07,244,1,0.0,0.0,0.0,0.0
R02,testing,07,245,1,0.0,0.0,0.0,0.0
R02,testing,07,246,1,0.0,0.0,0.0,0.0
R02,testing,07,247,1,0.0,0.0,0.0,0.0
R02,testing,07,248,1,0.0,0.0,0.0,0.0
R02,testing,07,249,1,0.0,0.0,0.0,0.0
R02,testing,07,250,1,0.0,0.0,0.0,0.0
R02,testing,07,251,1,0.0,0.0,0.0,0.0
R02,testing,07,252,1,0.0,0.0,0.0,0.0
R02,testing,07,253,1,0.0,0.0,0.0,0.0
R02,testing,07,254,1,0.0,0.0,0.0,0.0
R02,testing,07,255,1,0.0,0.0,0.0,0.0
R02,testing,07,256,1,0.0,0.0,0.0,0.0
R02,testing,07,257,1,0.0,0.0,0.0,0.0
R02,testing,07,258,1,0.0,0.0,0.0,0.0
R02,testing,07,259,1,0.0,0.0,0.0,0.0
R02,testing,07,260,1,0.0,0.0,0.0,0.0
R02,testing,07,261,1,0.0,0.0,0.0,0.0
R02,testing,07,262,1,0.0,0.0,0.0,0.0
R02,testing,07,263,1,0.0,0.0,0.0,0.0
R02,testing,07,264,1,0.0,0.0,0.0,0.0
R02,testing,07,265,1,0.0,0.0,0.0,0.0
R02,testing,07,266,1,0.0,0.0,0.0,0.0
R02,testing,07,267,1,0.0,0.0,0.0,0.0
R02,testing,07,268,1,0.0,0.0,0.0,0.0
R02,testing,07,269,1,0.0,0.0,0.0,0.0
R02,testing,07,270,1,0.0,0.0,0.0,0.0
R02,testing,07,271,1,0.0,0.0,0.0,0.0
R02,testing,07,272,1,0.0,0.0,0.0,0.0
R02,testing,07,273,1,0.0,0.0,0.0,0.0
R02,testing,07,274,1,0.0,0.0,0.0,0.0
R02,testing,07,275,1,0.0,0.0,0.0,0.0
R02,testing,07,276,1,0.0,0.0,0.0,0.0
R02,testing,07,277,1,0.0,0.0,0.0,0.0
R02,testing,07,278,1,0.0,0.0,0.0,0.0
R02,testing,07,279,1,0.0,0.0,0.0,0.0
R02,testing,07,280,1,0.0,0.0,0.0,0.0
R02,testing,07,281,1,0.0,0.0,0.0,0.0
R02,testing,07,282,1,0.0,0.0,0.0,0.0
R02,testing,07,283,1,0.0,0.0,0.0,0.0
R02,testing,07,284,1,0.0,0.0,0.0,0.0
R02,testing,07,285,1,0.0,0.0,0.0,0.0
R02,testing,07,286,1,0.0,0.0,0.0,0.0
R02,testing,07,287,1,0.0,0.0,0.0,0.0
R02,testing,07,288,1,0.0,0.0,0.0,0.0
R02,testing,07,289,1,0.0,0.0,0.0,0.0
R02,testing,07,290,1,0.0,0.0,0.0,0.0
R02,testing,07,291,1,0.0,0.0,0.0,0.0
R02,testing,07,292,1,0.0,0.0,0.0,0.0
R02,testing,07,293,1,0.0,0.0,0.0,0.0
R02,testing,07,294,1,0.0,0.0,0.0,0.0
R02,testing,07,295,1,0.0,0.0,0.0,0.0
R02,testing,07,296,1,0.0,0.0,0.0,0.0
R02,testing,07,297,1,0.0,0.0,0.0,0.0
R02,testing,07,298,1,0.0,0.0,0.0,0.0
R02,testing,07,299,1,0.0,0.0,0.0,0.0
R02,testing,07,300,1,0.0,0.0,0.0,0.0
R02,testing,07,301,1,0.0,0.0,0.0,0.0
R02,testing,07,302,1,0.0,0.0,0.0,0.0
R02,testing,07,303,1,0.0,0.0,0.0,0.0
R02,testing,07,304,1,0.0,0.0,0.0,0.0
R02,testing,07,305,1,0.0,0.0,0.0,0.0
R02,testing,07,306,1,0.0,0.0,0.0,0.0
R02,testing,07,307,1,0.0,0.0,0.0,0.0
R02,testing,07,308,1,0.0,0.0,0.0,0.0
R02,testing,07,309,1,0.0,0.0,0.0,0.0
R02,testing,07,310,1,0.0,0.0,0.0,0.0
R02,testing,07,311,1,0.0,0.0,0.0,0.0
R02,testing,07,312,1,0.0,0.0,0.0,0.0
R02,testing,07,313,1,0.0,0.0,0.0,0.0
R02,testing,07,314,1,0.0,0.0,0.0,0.0
R02,testing,07,315,1,0.0,0.0,0.0,0.0
R02,testing,07,316,1,0.0,0.0,0.0,0.0
R02,testing,07,317,1,0.0,0.0,0.0,0.0
R02,testing,07,318,1,0.0,0.0,0.0,0.0
R02,testing,07,319,1,0.0,0.0,0.0,0.0
R02,testing,07,320,1,0.0,0.0,0.0,0.0
R02,testing,07,321,1,0.0,0.0,0.0,0.0
R02,testing,07,322,1,0.0,0.0,0.0,0.0
R02,testing,07,323,1,0.0,0.0,0.0,0.0
R02,testing,07,324,1,0.0,0.0,0.0,0.0
R02,testing,07,325,1,0.0,0.0,0.0,0.0
R02,testing,07,326,1,0.0,0.0,0.0,0.0
R02,testing,07,327,1,0.0,0.0,0.0,0.0
R02,testing,07,328,1,0.0,0.0,0.0,0.0
R02,testing,07,329,1,0.0,0.0,0.0,0.0
R02,testing,07,330,1,0.0,0.0,0.0,0.0
R02,testing,07,331,1,0.0,0.0,0.0,0.0
R02,testing,07,332,1,0.0,0.0,0.0,0.0
R02,testing,07,333,1,0.0,0.0,0.0,0.0
R02,testing,07,334,0,0.0,0.0,0.0,0.0
R02,testing,07,335,0,0.0,0.0,0.0,0.0
R02,testing,07,336,0,0.0,0.0,0.0,0.0
R02,testing,07,337,0,0.0,0.0,0.0,0.0
R02,testing,07,338,0,0.0,0.0,0.0,0.0
R02,testing,07,339,0,0.0,0.0,0.0,0.0
R02,testing,07,340,0,0.0,0.0,0.0,0.0
R02,testing,07,341,0,0.0,0.0,0.0,0.0
R02,testing,07,342,0,0.0,0.0,0.0,0.0
R02,testing,07,343,0,0.0,0.0,0.0,0.0
R02,testing,07,344,0,0.0,0.0,0.0,0.0
R02,testing,07,345,0,0.0,0.0,0.0,0.0
R02,testing,07,346,0,0.0,0.0,0.0,0.0
R02,testing,07,347,0,0.0,0.0,0.0,0.0
R02,testing,07,348,0,0.0,0.0,0.0,0.0
R02,testing,07,349,0,0.0,0.0,0.0,0.0
R02,testing,07,350,0,0.0,0.0,0.0,0.0
R02,testing,07,351,0,0.0,0.0,0.0,0.0
R02,testing,07,352,0,0.0,0.0,0.0,0.0
R02,testing,07,353,0,0.0,0.0,0.0,0.0
R02,testing,07,354,0,0.0,0.0,0.0,0.0
R02,testing,07,355,0,0.0,0.0,0.0,0.0
R02,testing,07,356,0,0.0,0.0,0.0,0.0
R02,testing,07,357,0,0.0,0.0,0.0,0.0
R02,testing,07,358,0,0.0,0.0,0.0,0.0
R02,testing,07,359,0,0.0,0.0,0.0,0.0
R02,testing,07,360,0,0.0,0.0,0.0,0.0
R02,testing,07,361,0,0.0,0.0,0.0,0.0
R02,testing,07,362,0,0.0,0.0,0.0,0.0
R02,testing,07,363,0,0.0,0.0,0.0,0.0
R02,testing,07,364,0,0.0,0.0,0.0,0.0
R02,testing,07,365,0,0.0,0.0,0.0,0.0
R02,testing,07,366,0,0.0,0.0,0.0,0.0
R02,testing,07,367,0,0.0,0.0,0.0,0.0
R02,testing,07,368,0,0.0,0.0,0.0,0.0
R02,testing,07,369,0,0.0,0.0,0.0,0.0
R02,testing,07,370,0,0.0,0.0,0.0,0.0
R02,testing,07,371,0,0.0,0.0,0.0,0.0
R02,testing,07,372,0,0.0,0.0,0.0,0.0
R02,testing,07,373,0,0.0,0.0,0.0,0.0
R02,testing,07,374,0,0.0,0.0,0.0,0.0
R02,testing,07,375,0,0.0,0.0,0.0,0.0
R02,testing,07,376,0,0.0,0.0,0.0,0.0
R02,testing,07,377,0,0.0,0.0,0.0,0.0
R02,testing,07,378,0,0.0,0.0,0.0,0.0
R02,testing,07,379,0,0.0,0.0,0.0,0.0
R02,testing,07,380,0,0.0,0.0,0.0,0.0
R02,testing,07,381,0,0.0,0.0,0.0,0.0
R02,testing,07,382,0,0.0,0.0,0.0,0.0
R02,testing,07,383,0,0.0,0.0,0.0,0.0
R02,testing,07,384,0,0.0,0.0,0.0,0.0
R02,testing,07,385,0,0.0,0.0,0.0,0.0
R02,testing,07,386,0,0.0,0.0,0.0,0.0
R02,testing,07,387,0,0.0,0.0,0.0,0.0
R02,testing,07,388,0,0.0,0.0,0.0,0.0
R02,testing,07,389,0,0.0,0.0,0.0,0.0
R02,testing,07,390,0,0.0,0.0,0.0,0.0
R02,testing,07,391,0,0.0,0.0,0.0,0.0
R02,testing,07,392,0,0.0,0.0,0.0,0.0
R02,testing,07,393,0,0.0,0.0,0.0,0.0
R02,testing,07,394,0,0.0,0.0,0.0,0.0
R02,testing,07,395,0,0.0,0.0,0.0,0.0
R02,testing,07,396,0,0.0,0.0,0.0,0.0
R02,testing,07,397,0,0.0,0.0,0.0,0.0
R02,testing,07,398,0,0.0,0.0,0.0,0.0
R02,testing,07,399,0,0.0,0.0,0.0,0.0
R02,testing,07,400,0,0.0,0.0,0.0,0.0
R02,testing,07,401,0,0.0,0.0,0.0,0.0
R02,testing,07,402,0,0.0,0.0,0.0,0.0
R02,testing,07,403,0,0.0,0.0,0.0,0.0
R02,testing,07,404,0,0.0,0.0,0.0,0.0
R02,testing,07,405,0,0.0,0.0,0.0,0.0
R02,testing,07,406,0,0.0,0.0,0.0,0.0
R02,testing,07,407,0,0.0,0.0,0.0,0.0
R02,testing,07,408,0,0.0,0.0,0.0,0.0
R02,testing,07,409,0,0.0,0.0,0.0,0.0
R02,testing,07,410,0,0.0,0.0,0.0,0.0
R02,testing,07,411,0,0.0,0.0,0.0,0.0
R02,testing,07,412,0,0.0,0.0,0.0,0.0
R02,testing,07,413,0,0.0,0.0,0.0,0.0
R02,testing,07,414,0,0.0,0.0,0.0,0.0
R02,testing,07,415,0,0.0,0.0,0.0,0.0
R02,testing,07,416,0,0.0,0.0,0.0,0.0
R02,testing,07,417,0,0.0,0.0,0.0,0.0
R02,testing,07,418,0,0.0,0.0,0.0,0.0
R02,testing,07,419,0,0.0,0.0,0.0,0.0
R02,testing,07,420,0,0.0,0.0,0.0,0.0
R02,testing,07,421,0,0.0,0.0,0.0,0.0
R02,testing,07,422,0,0.0,0.0,0.0,0.0
R02,testing,07,423,0,0.0,0.0,0.0,0.0
R02,testing,07,424,0,0.0,0.0,0.0,0.0
R02,testing,07,425,0,0.0,0.0,0.0,0.0
R02,testing,07,426,0,0.0,0.0,0.0,0.0
R02,testing,07,427,0,0.0,0.0,0.0,0.0
R02,testing,07,428,0,0.0,0.0,0.0,0.0
R02,testing,07,429,0,0.0,0.0,0.0,0.0
R02,testing,07,430,0,0.0,0.0,0.0,0.0
R02,testing,07,431,0,0.0,0.0,0.0,0.0
R02,testing,07,432,0,0.0,0.0,0.0,0.0
R02,testing,07,433,0,0.0,0.0,0.0,0.0
R02,testing,07,434,0,0.0,0.0,0.0,0.0
R02,testing,07,435,0,0.0,0.0,0.0,0.0
R02,testing,07,436,0,0.0,0.0,0.0,0.0
R02,testing,07,437,0,0.0,0.0,0.0,0.0
R02,testing,07,438,0,0.0,0.0,0.0,0.0
R02,testing,07,439,0,0.0,0.0,0.0,0.0
R02,testing,07,440,0,0.0,0.0,0.0,0.0
R02,testing,07,441,0,0.0,0.0,0.0,0.0
R02,testing,07,442,0,0.0,0.0,0.0,0.0
R02,testing,07,443,0,0.0,0.0,0.0,0.0
R02,testing,07,444,0,0.0,0.0,0.0,0.0
R02,testing,07,445,0,0.0,0.0,0.0,0.0
R02,testing,07,446,0,0.0,0.0,0.0,0.0
R02,testing,07,447,0,0.0,0.0,0.0,0.0
R02,testing,07,448,0,0.0,0.0,0.0,0.0
R02,testing,07,449,0,0.0,0.0,0.0,0.0
R02,testing,07,450,0,0.0,0.0,0.0,0.0
R02,testing,07,451,0,0.0,0.0,0.0,0.0
R02,testing,07,452,0,0.0,0.0,0.0,0.0
R02,testing,07,453,0,0.0,0.0,0.0,0.0
R02,testing,07,454,0,0.0,0.0,0.0,0.0
R02,testing,07,455,0,0.0,0.0,0.0,0.0
R02,testing,07,456,0,0.0,0.0,0.0,0.0
R02,testing,07,457,0,0.0,0.0,0.0,0.0
R02,testing,07,458,0,0.0,0.0,0.0,0.0
R02,testing,07,459,0,0.0,0.0,0.0,0.0
R02,testing,07,460,0,0.0,0.0,0.0,0.0
R02,testing,07,461,0,0.0,0.0,0.0,0.0
R02,testing,07,462,0,0.0,0.0,0.0,0.0
R02,testing,07,463,0,0.0,0.0,0.0,0.0
R02,testing,07,464,0,0.0,0.0,0.0,0.0
R02,testing,07,465,0,0.0,0.0,0.0,0.0
R02,testing,07,466,0,0.0,0.0,0.0,0.0
R02,testing,07,467,0,0.0,0.0,0.0,0.0
R02,testing,07,468,0,0.0,0.0,0.0,0.0
R02,testing,07,469,0,0.0,0.0,0.0,0.0
R02,testing,07,470,0,0.0,0.0,0.0,0.0
R02,testing,07,471,0,0.0,0.0,0.0,0.0
R02,testing,07,472,0,0.0,0.0,0.0,0.0
R02,testing,07,473,0,0.0,0.0,0.0,0.0
R02,testing,07,474,0,0.0,0.0,0.0,0.0
R02,testing,07,475,0,0.0,0.0,0.0,0.0
R02,testing,07,476,0,0.0,0.0,0.0,0.0
R02,testing,07,477,0,0.0,0.0,0.0,0.0
R02,testing,07,478,0,0.0,0.0,0.0,0.0
R02,testing,07,479,0,0.0,0.0,0.0,0.0
R02,testing,07,480,0,0.0,0.0,0.0,0.0
R02,testing,07,481,0,0.0,0.0,0.0,0.0
R02,testing,07,482,0,0.0,0.0,0.0,0.0
R02,testing,07,483,0,0.0,0.0,0.0,0.0
R02,testing,07,484,0,0.0,0.0,0.0,0.0
R02,testing,07,485,0,0.0,0.0,0.0,0.0
R02,testing,07,486,0,0.0,0.0,0.0,0.0
R02,testing,07,487,0,0.0,0.0,0.0,0.0
R02,testing,07,488,0,0.0,0.0,0.0,0.0
R02,testing,07,489,0,0.0,0.0,0.0,0.0
R02,testing,07,490,0,0.0,0.0,0.0,0.0
R02,testing,07,491,0,0.0,0.0,0.0,0.0
R02,testing,07,492,0,0.0,0.0,0.0,0.0
R02,testing,07,493,0,0.0,0.0,0.0,0.0
R02,testing,07,494,0,0.0,0.0,0.0,0.0
R02,testing,07,495,0,0.0,0.0,0.0,0.0
R02,testing,07,496,0,0.0,0.0,0.0,0.0
R02,testing,07,497,0,0.0,0.0,0.0,0.0
R02,testing,07,498,0,0.0,0.0,0.0,0.0
R02,testing,07,499,0,0.0,0.0,0.0,0.0
R02,testing,07,500,0,0.0,0.0,0.0,0.0
R02,testing,07,501,0,0.0,0.0,0.0,0.0
R02,testing,07,502,0,0.0,0.0,0.0,0.0
R02,testing,07,503,0,0.0,0.0,0.0,0.0
R02,testing,07,504,0,0.0,0.0,0.0,0.0
R02,testing,07,505,0,0.0,0.0,0.0,0.0
R02,testing,07,506,0,0.0,0.0,0.0,0.0
R02,testing,07,507,0,0.0,0.0,0.0,0.0
R02,testing,07,508,0,0.0,0.0,0.0,0.0
R02,testing,07,509,0,0.0,0.0,0.0,0.0
R02,testing,07,510,0,0.0,0.0,0.0,0.0
R02,testing,07,511,0,0.0,0.0,0.0,0.0
R02,testing,07,512,0,0.0,0.0,0.0,0.0
R02,testing,07,513,0,0.0,0.0,0.0,0.0
R02,testing,07,514,0,0.0,0.0,0.0,0.0
R02,testing,07,515,0,0.0,0.0,0.0,0.0
R02,testing,07,516,0,0.0,0.0,0.0,0.0
R02,testing,07,517,0,0.0,0.0,0.0,0.0
R02,testing,07,518,0,0.0,0.0,0.0,0.0
R02,testing,07,519,0,0.0,0.0,0.0,0.0
R02,testing,07,520,0,0.0,0.0,0.0,0.0
R02,testing,07,521,0,0.0,0.0,0.0,0.0
R02,testing,07,522,0,0.0,0.0,0.0,0.0
R02,testing,07,523,0,0.0,0.0,0.0,0.0
R02,testing,07,524,0,0.0,0.0,0.0,0.0
R02,testing,07,525,0,0.0,0.0,0.0,0.0
R02,testing,07,526,0,0.0,0.0,0.0,0.0
R02,testing,07,527,0,0.0,0.0,0.0,0.0
R02,testing,07,528,0,0.0,0.0,0.0,0.0
R02,testing,07,529,0,0.0,0.0,0.0,0.0
R02,testing,07,530,0,0.0,0.0,0.0,0.0
R02,testing,07,531,0,0.0,0.0,0.0,0.0
R02,testing,07,532,0,0.0,0.0,0.0,0.0
R02,testing,07,533,0,0.0,0.0,0.0,0.0
R02,testing,07,534,0,0.0,0.0,0.0,0.0
R02,testing,07,535,0,0.0,0.0,0.0,0.0
R03,testing,01,0,1,0.0,0.0,0.0,0.0
R03,testing,01,1,1,0.0,0.0,0.0,0.0
R03,testing,01,2,1,0.0,0.0,0.0,0.0
R03,testing,01,3,1,0.0,0.0,0.0,0.0
R03,testing,01,4,1,0.0,0.0,0.0,0.0
R03,testing,01,5,1,0.0,0.0,0.0,0.0
R03,testing,01,6,1,0.0,0.0,0.0,0.0
R03,testing,01,7,1,0.0,0.0,0.0,0.0
R03,testing,01,8,1,0.0,0.0,0.0,0.0
R03,testing,01,9,1,0.0,0.0,0.0,0.0
R03,testing,01,10,1,0.0,0.0,0.0,0.0
R03,testing,01,11,1,0.0,0.0,0.0,0.0
R03,testing,01,12,1,0.0,0.0,0.0,0.0
R03,testing,01,13,1,0.0,0.0,0.0,0.0
R03,testing,01,14,1,0.0,0.0,0.0,0.0
R03,testing,01,15,1,0.0,0.0,0.0,0.0
R03,testing,01,16,1,0.0,0.0,0.0,0.0
R03,testing,01,17,1,0.0,0.0,0.0,0.0
R03,testing,01,18,1,0.0,0.0,0.0,0.0
R03,testing,01,19,1,0.0,0.0,0.0,0.0
R03,testing,01,20,1,0.0,0.0,0.0,0.0
R03,testing,01,21,1,0.0,0.0,0.0,0.0
R03,testing,01,22,1,0.0,0.0,0.0,0.0
R03,testing,01,23,1,0.0,0.0,0.0,0.0
R03,testing,01,24,1,0.0,0.0,0.0,0.0
R03,testing,01,25,1,0.0,0.0,0.0,0.0
R03,testing,01,26,1,0.0,0.0,0.0,0.0
R03,testing,01,27,1,0.0,0.0,0.0,0.0
R03,testing,01,28,1,0.0,0.0,0.0,0.0
R03,testing,01,29,1,0.0,0.0,0.0,0.0
R03,testing,01,30,1,0.0,0.0,0.0,0.0
R03,testing,01,31,1,0.0,0.0,0.0,0.0
R03,testing,01,32,1,0.0,0.0,0.0,0.0
R03,testing,01,33,1,0.0,0.0,0.0,0.0
R03,testing,01,34,1,0.0,0.0,0.0,0.0
R03,testing,01,35,1,0.0,0.0,0.0,0.0
R03,testing,01,36,1,0.0,0.0,0.0,0.0
R03,testing,01,37,1,0.0,0.0,0.0,0.0
R03,testing,01,38,1,0.0,0.0,0.0,0.0
R03,testing,01,39,1,0.0,0.0,0.0,0.0
R03,testing,01,40,1,0.0,0.0,0.0,0.0
R03,testing,01,41,1,0.0,0.0,0.0,0.0
R03,testing,01,42,1,0.0,0.0,0.0,0.0
R03,testing,01,43,1,0.0,0.0,0.0,0.0
R03,testing,01,44,1,0.0,0.0,0.0,0.0
R03,testing,01,45,1,0.0,0.0,0.0,0.0
R03,testing,01,46,1,0.0,0.0,0.0,0.0
R03,testing,01,47,1,0.0,0.0,0.0,0.0
R03,testing,01,48,1,0.0,0.0,0.0,0.0
R03,testing,01,49,1,0.0,0.0,0.0,0.0
R03,testing,01,50,1,0.0,0.0,0.0,0.0
R03,testing,01,51,1,0.0,0.0,0.0,0.0
R03,testing,01,52,1,0.0,0.0,0.0,0.0
R03,testing,01,53,1,0.0,0.0,0.0,0.0
R03,testing,01,54,1,0.0,0.0,0.0,0.0
R03,testing,01,55,1,0.0,0.0,0.0,0.0
R03,testing,01,56,1,0.0,0.0,0.0,0.0
R03,testing,01,57,1,0.0,0.0,0.0,0.0
R03,testing,01,58,1,0.0,0.0,0.0,0.0
R03,testing,01,59,1,0.0,0.0,0.0,0.0
R03,testing,01,60,1,0.0,0.0,0.0,0.0
R03,testing,01,61,1,0.0,0.0,0.0,0.0
R03,testing,01,62,1,0.0,0.0,0.0,0.0
R03,testing,01,63,1,0.0,0.0,0.0,0.0
R03,testing,01,64,1,0.0,0.0,0.0,0.0
R03,testing,01,65,1,0.0,0.0,0.0,0.0
R03,testing,01,66,1,0.0,0.0,0.0,0.0
R03,testing,01,67,1,0.0,0.0,0.0,0.0
R03,testing,01,68,1,0.0,0.0,0.0,0.0
R03,testing,01,69,1,0.0,0.0,0.0,0.0
R03,testing,01,70,1,0.0,0.0,0.0,0.0
R03,testing,01,71,1,0.0,0.0,0.0,0.0
R03,testing,01,72,1,0.0,0.0,0.0,0.0
R03,testing,01,73,1,0.0,0.0,0.0,0.0
R03,testing,01,74,1,0.0,0.0,0.0,0.0
R03,testing,01,75,1,0.0,0.0,0.0,0.0
R03,testing,01,76,1,0.0,0.0,0.0,0.0
R03,testing,01,77,1,0.0,0.0,0.0,0.0
R03,testing,01,78,1,0.0,0.0,0.0,0.0
R03,testing,01,79,1,0.0,0.0,0.0,0.0
R03,testing,01,80,1,0.0,0.0,0.0,0.0
R03,testing,01,81,1,0.0,0.0,0.0,0.0
R03,testing,01,82,1,0.0,0.0,0.0,0.0
R03,testing,01,83,1,0.0,0.0,0.0,0.0
R03,testing,01,84,1,0.0,0.0,0.0,0.0
R03,testing,01,85,1,0.0,0.0,0.0,0.0
R03,testing,01,86,1,0.0,0.0,0.0,0.0
R03,testing,01,87,1,0.0,0.0,0.0,0.0
R03,testing,01,88,1,0.0,0.0,0.0,0.0
R03,testing,01,89,1,0.0,0.0,0.0,0.0
R03,testing,01,90,1,0.0,0.0,0.0,0.0
R03,testing,01,91,1,0.0,0.0,0.0,0.0
R03,testing,01,92,1,0.0,0.0,0.0,0.0
R03,testing,01,93,1,0.0,0.0,0.0,0.0
R03,testing,01,94,1,0.0,0.0,0.0,0.0
R03,testing,01,95,1,0.0,0.0,0.0,0.0
R03,testing,01,96,1,0.0,0.0,0.0,0.0
R03,testing,01,97,1,0.0,0.0,0.0,0.0
R03,testing,01,98,1,0.0,0.0,0.0,0.0
R03,testing,01,99,1,0.0,0.0,0.0,0.0
R03,testing,01,100,1,0.0,0.0,0.0,0.0
R03,testing,01,101,1,0.0,0.0,0.0,0.0
R03,testing,01,102,1,0.0,0.0,0.0,0.0
R03,testing,01,103,1,0.0,0.0,0.0,0.0
R03,testing,01,104,1,0.0,0.0,0.0,0.0
R03,testing,01,105,1,0.0,0.0,0.0,0.0
R03,testing,01,106,1,0.0,0.0,0.0,0.0
R03,testing,01,107,1,0.0,0.0,0.0,0.0
R03,testing,01,108,1,0.0,0.0,0.0,0.0
R03,testing,01,109,1,0.0,0.0,0.0,0.0
R03,testing,01,110,1,0.0,0.0,0.0,0.0
R03,testing,01,111,1,0.0,0.0,0.0,0.0
R03,testing,01,112,1,0.0,0.0,0.0,0.0
R03,testing,01,113,1,0.0,0.0,0.0,0.0
R03,testing,01,114,1,0.0,0.0,0.0,0.0
R03,testing,01,115,1,0.0,0.0,0.0,0.0
R03,testing,01,116,1,0.0,0.0,0.0,0.0
R03,testing,01,117,1,0.0,0.0,0.0,0.0
R03,testing,01,118,1,0.0,0.0,0.0,0.0
R03,testing,01,119,1,0.0,0.0,0.0,0.0
R03,testing,01,120,1,0.0,0.0,0.0,0.0
R03,testing,01,121,1,0.0,0.0,0.0,0.0
R03,testing,01,122,1,0.0,0.0,0.0,0.0
R03,testing,01,123,1,0.0,0.0,0.0,0.0
R03,testing,01,124,1,0.0,0.0,0.0,0.0
R03,testing,01,125,1,0.0,0.0,0.0,0.0
R03,testing,01,126,1,0.0,0.0,0.0,0.0
R03,testing,01,127,1,0.0,0.0,0.0,0.0
R03,testing,01,128,1,0.0,0.0,0.0,0.0
R03,testing,01,129,1,0.0,0.0,0.0,0.0
R03,testing,01,130,1,0.0,0.0,0.0,0.0
R03,testing,01,131,1,0.0,0.0,0.0,0.0
R03,testing,01,132,1,0.0,0.0,0.0,0.0
R03,testing,01,133,1,0.0,0.0,0.0,0.0
R03,testing,01,134,1,0.0,0.0,0.0,0.0
R03,testing,01,135,1,0.0,0.0,0.0,0.0
R03,testing,01,136,1,0.0,0.0,0.0,0.0
R03,testing,01,137,1,0.0,0.0,0.0,0.0
R03,testing,01,138,1,0.0,0.0,0.0,0.0
R03,testing,01,139,1,0.0,0.0,0.0,0.0
R03,testing,01,140,1,0.0,0.0,0.0,0.0
R03,testing,01,141,1,0.0,0.0,0.0,0.0
R03,testing,01,142,1,0.0,0.0,0.0,0.0
R03,testing,01,143,1,0.0,0.0,0.0,0.0
R03,testing,01,144,1,0.0,0.0,0.0,0.0
R03,testing,01,145,1,0.0,0.0,0.0,0.0
R03,testing,01,146,1,0.0,0.0,0.0,0.0
R03,testing,01,147,1,0.0,0.0,0.0,0.0
R03,testing,01,148,1,0.0,0.0,0.0,0.0
R03,testing,01,149,1,0.0,0.0,0.0,0.0
R03,testing,01,150,1,0.0,0.0,0.0,0.0
R03,testing,01,151,1,0.0,0.0,0.0,0.0
R03,testing,01,152,1,0.0,0.0,0.0,0.0
R03,testing,01,153,1,0.0,0.0,0.0,0.0
R03,testing,01,154,1,0.0,0.0,0.0,0.0
R03,testing,01,155,1,0.0,0.0,0.0,0.0
R03,testing,01,156,1,0.0,0.0,0.0,0.0
R03,testing,01,157,1,0.0,0.0,0.0,0.0
R03,testing,01,158,1,0.0,0.0,0.0,0.0
R03,testing,01,159,1,0.0,0.0,0.0,0.0
R03,testing,01,160,1,0.0,0.0,0.0,0.0
R03,testing,01,161,1,0.0,0.0,0.0,0.0
R03,testing,01,162,1,0.0,0.0,0.0,0.0
R03,testing,01,163,1,0.0,0.0,0.0,0.0
R03,testing,01,164,1,0.0,0.0,0.0,0.0
R03,testing,01,165,1,0.0,0.0,0.0,0.0
R03,testing,01,166,1,0.0,0.0,0.0,0.0
R03,testing,01,167,1,0.0,0.0,0.0,0.0
R03,testing,01,168,1,0.0,0.0,0.0,0.0
R03,testing,01,169,1,0.0,0.0,0.0,0.0
R03,testing,01,170,1,0.0,0.0,0.0,0.0
R03,testing,01,171,1,0.0,0.0,0.0,0.0
R03,testing,01,172,1,0.0,0.0,0.0,0.0
R03,testing,01,173,1,0.0,0.0,0.0,0.0
R03,testing,01,174,1,0.0,0.0,0.0,0.0
R03,testing,01,175,1,0.0,0.0,0.0,0.0
R03,testing,01,176,1,0.0,0.0,0.0,0.0
R03,testing,01,177,1,0.0,0.0,0.0,0.0
R03,testing,01,178,1,0.0,0.0,0.0,0.0
R03,testing,01,179,1,0.0,0.0,0.0,0.0
R03,testing,01,180,1,0.0,0.0,0.0,0.0
R03,testing,01,181,1,0.0,0.0,0.0,0.0
R03,testing,01,182,1,0.0,0.0,0.0,0.0
R03,testing,01,183,1,0.0,0.0,0.0,0.0
R03,testing,01,184,1,0.0,0.0,0.0,0.0
R03,testing,01,185,1,0.0,0.0,0.0,0.0
R03,testing,01,186,1,0.0,0.0,0.0,0.0
R03,testing,01,187,1,0.0,0.0,0.0,0.0
R03,testing,01,188,1,0.0,0.0,0.0,0.0
R03,testing,01,189,1,0.0,0.0,0.0,0.0
R03,testing,01,190,1,0.0,0.0,0.0,0.0
R03,testing,01,191,1,0.0,0.0,0.0,0.0
R03,testing,01,192,1,0.0,0.0,0.0,0.0
R03,testing,01,193,1,0.0,0.0,0.0,0.0
R03,testing,01,194,1,0.0,0.0,0.0,0.0
R03,testing,01,195,1,0.0,0.0,0.0,0.0
R03,testing,01,196,1,0.0,0.0,0.0,0.0
R03,testing,01,197,1,0.0,0.0,0.0,0.0
R03,testing,01,198,1,0.0,0.0,0.0,0.0
R03,testing,01,199,1,0.0,0.0,0.0,0.0
R03,testing,01,200,1,0.0,0.0,0.0,0.0
R03,testing,01,201,1,0.0,0.0,0.0,0.0
R03,testing,01,202,1,0.0,0.0,0.0,0.0
R03,testing,01,203,1,0.0,0.0,0.0,0.0
R03,testing,01,204,1,0.0,0.0,0.0,0.0
R03,testing,01,205,1,0.0,0.0,0.0,0.0
R03,testing,01,206,1,0.0,0.0,0.0,0.0
R03,testing,01,207,1,0.0,0.0,0.0,0.0
R03,testing,01,208,1,0.0,0.0,0.0,0.0
R03,testing,01,209,1,0.0,0.0,0.0,0.0
R03,testing,01,210,1,0.0,0.0,0.0,0.0
R03,testing,01,211,1,0.0,0.0,0.0,0.0
R03,testing,01,212,1,0.0,0.0,0.0,0.0
R03,testing,01,213,1,0.0,0.0,0.0,0.0
R03,testing,01,214,1,0.0,0.0,0.0,0.0
R03,testing,01,215,1,0.0,0.0,0.0,0.0
R03,testing,01,216,1,0.0,0.0,0.0,0.0
R03,testing,01,217,1,0.0,0.0,0.0,0.0
R03,testing,01,218,1,0.0,0.0,0.0,0.0
R03,testing,01,219,1,0.0,0.0,0.0,0.0
R03,testing,01,220,1,0.0,0.0,0.0,0.0
R03,testing,01,221,1,0.0,0.0,0.0,0.0
R03,testing,01,222,1,0.0,0.0,0.0,0.0
R03,testing,01,223,1,0.0,0.0,0.0,0.0
R03,testing,01,224,1,0.0,0.0,0.0,0.0
R03,testing,01,225,1,0.0,0.0,0.0,0.0
R03,testing,01,226,1,0.0,0.0,0.0,0.0
R03,testing,01,227,1,0.0,0.0,0.0,0.0
R03,testing,01,228,1,0.0,0.0,0.0,0.0
R03,testing,01,229,1,0.0,0.0,0.0,0.0
R03,testing,01,230,1,0.0,0.0,0.0,0.0
R03,testing,01,231,1,0.0,0.0,0.0,0.0
R03,testing,01,232,1,0.0,0.0,0.0,0.0
R03,testing,01,233,1,0.0,0.0,0.0,0.0
R03,testing,01,234,1,0.0,0.0,0.0,0.0
R03,testing,01,235,1,0.0,0.0,0.0,0.0
R03,testing,01,236,1,0.0,0.0,0.0,0.0
R03,testing,01,237,1,0.0,0.0,0.0,0.0
R03,testing,01,238,1,0.0,0.0,0.0,0.0
R03,testing,01,239,1,0.0,0.0,0.0,0.0
R03,testing,01,240,1,0.0,0.0,0.0,0.0
R03,testing,01,241,1,0.0,0.0,0.0,0.0
R03,testing,01,242,1,0.0,0.0,0.0,0.0
R03,testing,01,243,1,0.0,0.0,0.0,0.0
R03,testing,01,244,1,0.0,0.0,0.0,0.0
R03,testing,01,245,1,0.0,0.0,0.0,0.0
R03,testing,01,246,1,0.0,0.0,0.0,0.0
R03,testing,01,247,1,0.0,0.0,0.0,0.0
R03,testing,01,248,1,0.0,0.0,0.0,0.0
R03,testing,01,249,1,0.0,0.0,0.0,0.0
R03,testing,01,250,1,0.0,0.0,0.0,0.0
R03,testing,01,251,1,0.0,0.0,0.0,0.0
R03,testing,01,252,1,0.0,0.0,0.0,0.0
R03,testing,01,253,1,0.0,0.0,0.0,0.0
R03,testing,01,254,1,0.0,0.0,0.0,0.0
R03,testing,01,255,1,0.0,0.0,0.0,0.0
R03,testing,01,256,1,0.0,0.0,0.0,0.0
R03,testing,01,257,1,0.0,0.0,0.0,0.0
R03,testing,01,258,1,0.0,0.0,0.0,0.0
R03,testing,01,259,1,0.0,0.0,0.0,0.0
R03,testing,01,260,1,0.0,0.0,0.0,0.0
R03,testing,01,261,1,0.0,0.0,0.0,0.0
R03,testing,01,262,1,0.0,0.0,0.0,0.0
R03,testing,01,263,1,0.0,0.0,0.0,0.0
R03,testing,01,264,1,0.0,0.0,0.0,0.0
R03,testing,01,265,1,0.0,0.0,0.0,0.0
R03,testing,01,266,1,0.0,0.0,0.0,0.0
R03,testing,01,267,1,0.0,0.0,0.0,0.0
R03,testing,01,268,1,0.0,0.0,0.0,0.0
R03,testing,01,269,1,0.0,0.0,0.0,0.0
R03,testing,01,270,1,0.0,0.0,0.0,0.0
R03,testing,01,271,1,0.0,0.0,0.0,0.0
R03,testing,01,272,1,0.0,0.0,0.0,0.0
R03,testing,01,273,1,0.0,0.0,0.0,0.0
R03,testing,01,274,1,0.0,0.0,0.0,0.0
R03,testing,01,275,1,0.0,0.0,0.0,0.0
R03,testing,01,276,1,0.0,0.0,0.0,0.0
R03,testing,01,277,1,0.0,0.0,0.0,0.0
R03,testing,01,278,1,0.0,0.0,0.0,0.0
R03,testing,01,279,1,0.0,0.0,0.0,0.0
R03,testing,01,280,1,0.0,0.0,0.0,0.0
R03,testing,01,281,1,0.0,0.0,0.0,0.0
R03,testing,01,282,1,0.0,0.0,0.0,0.0
R03,testing,01,283,1,0.0,0.0,0.0,0.0
R03,testing,01,284,1,0.0,0.0,0.0,0.0
R03,testing,01,285,1,0.0,0.0,0.0,0.0
R03,testing,01,286,1,0.0,0.0,0.0,0.0
R03,testing,01,287,1,0.0,0.0,0.0,0.0
R03,testing,01,288,1,0.0,0.0,0.0,0.0
R03,testing,01,289,1,0.0,0.0,0.0,0.0
R03,testing,01,290,1,0.0,0.0,0.0,0.0
R03,testing,01,291,1,0.0,0.0,0.0,0.0
R03,testing,01,292,1,0.0,0.0,0.0,0.0
R03,testing,01,293,1,0.0,0.0,0.0,0.0
R03,testing,01,294,1,0.0,0.0,0.0,0.0
R03,testing,01,295,1,0.0,0.0,0.0,0.0
R03,testing,01,296,1,0.0,0.0,0.0,0.0
R03,testing,01,297,1,0.0,0.0,0.0,0.0
R03,testing,01,298,1,0.0,0.0,0.0,0.0
R03,testing,01,299,1,0.0,0.0,0.0,0.0
R03,testing,01,300,1,0.0,0.0,0.0,0.0
R03,testing,01,301,1,0.0,0.0,0.0,0.0
R03,testing,01,302,1,0.0,0.0,0.0,0.0
R03,testing,01,303,1,0.0,0.0,0.0,0.0
R03,testing,01,304,1,0.0,0.0,0.0,0.0
R03,testing,01,305,1,0.0,0.0,0.0,0.0
R03,testing,01,306,1,0.0,0.0,0.0,0.0
R03,testing,01,307,1,0.0,0.0,0.0,0.0
R03,testing,01,308,1,0.0,0.0,0.0,0.0
R03,testing,01,309,1,0.0,0.0,0.0,0.0
R03,testing,01,310,1,0.0,0.0,0.0,0.0
R03,testing,01,311,1,0.0,0.0,0.0,0.0
R03,testing,01,312,1,0.0,0.0,0.0,0.0
R03,testing,01,313,1,0.0,0.0,0.0,0.0
R03,testing,01,314,1,0.0,0.0,0.0,0.0
R03,testing,01,315,1,0.0,0.0,0.0,0.0
R03,testing,01,316,1,0.0,0.0,0.0,0.0
R03,testing,01,317,1,0.0,0.0,0.0,0.0
R03,testing,01,318,1,0.0,0.0,0.0,0.0
R03,testing,01,319,1,0.0,0.0,0.0,0.0
R03,testing,01,320,1,0.0,0.0,0.0,0.0
R03,testing,01,321,1,0.0,0.0,0.0,0.0
R03,testing,01,322,1,0.0,0.0,0.0,0.0
R03,testing,01,323,1,0.0,0.0,0.0,0.0
R03,testing,01,324,1,0.0,0.0,0.0,0.0
R03,testing,01,325,1,0.0,0.0,0.0,0.0
R03,testing,01,326,1,0.0,0.0,0.0,0.0
R03,testing,01,327,1,0.0,0.0,0.0,0.0
R03,testing,01,328,1,0.0,0.0,0.0,0.0
R03,testing,01,329,1,0.0,0.0,0.0,0.0
R03,testing,01,330,1,0.0,0.0,0.0,0.0
R03,testing,01,331,1,0.0,0.0,0.0,0.0
R03,testing,01,332,1,0.0,0.0,0.0,0.0
R03,testing,01,333,1,0.0,0.0,0.0,0.0
R03,testing,01,334,1,0.0,0.0,0.0,0.0
R03,testing,01,335,1,0.0,0.0,0.0,0.0
R03,testing,01,336,1,0.0,0.0,0.0,0.0
R03,testing,01,337,1,0.0,0.0,0.0,0.0
R03,testing,01,338,1,0.0,0.0,0.0,0.0
R03,testing,01,339,1,0.0,0.0,0.0,0.0
R03,testing,01,340,1,0.0,0.0,0.0,0.0
R03,testing,01,341,1,0.0,0.0,0.0,0.0
R03,testing,01,342,1,0.0,0.0,0.0,0.0
R03,testing,01,343,1,0.0,0.0,0.0,0.0
R03,testing,01,344,1,0.0,0.0,0.0,0.0
R03,testing,01,345,1,0.0,0.0,0.0,0.0
R03,testing,01,346,1,0.0,0.0,0.0,0.0
R03,testing,01,347,1,0.0,0.0,0.0,0.0
R03,testing,01,348,1,0.0,0.0,0.0,0.0
R03,testing,01,349,1,0.0,0.0,0.0,0.0
R03,testing,01,350,1,0.0,0.0,0.0,0.0
R03,testing,01,351,1,0.0,0.0,0.0,0.0
R03,testing,01,352,1,0.0,0.0,0.0,0.0
R03,testing,01,353,1,0.0,0.0,0.0,0.0
R03,testing,01,354,1,0.0,0.0,0.0,0.0
R03,testing,01,355,1,0.0,0.0,0.0,0.0
R03,testing,01,356,1,0.0,0.0,0.0,0.0
R03,testing,01,357,1,0.0,0.0,0.0,0.0
R03,testing,01,358,1,0.0,0.0,0.0,0.0
R03,testing,01,359,1,0.0,0.0,0.0,0.0
R03,testing,01,360,1,0.0,0.0,0.0,0.0
R03,testing,01,361,1,0.0,0.0,0.0,0.0
R03,testing,01,362,1,0.0,0.0,0.0,0.0
R03,testing,01,363,1,0.0,0.0,0.0,0.0
R03,testing,01,364,1,0.0,0.0,0.0,0.0
R03,testing,01,365,1,0.0,0.0,0.0,0.0
R03,testing,01,366,1,0.0,0.0,0.0,0.0
R03,testing,01,367,1,0.0,0.0,0.0,0.0
R03,testing,01,368,1,0.0,0.0,0.0,0.0
R03,testing,01,369,1,0.0,0.0,0.0,0.0
R03,testing,01,370,1,0.0,0.0,0.0,0.0
R03,testing,01,371,1,0.0,0.0,0.0,0.0
R03,testing,01,372,1,0.0,0.0,0.0,0.0
R03,testing,01,373,1,0.0,0.0,0.0,0.0
R03,testing,01,374,1,0.0,0.0,0.0,0.0
R03,testing,01,375,1,0.0,0.0,0.0,0.0
R03,testing,01,376,1,0.0,0.0,0.0,0.0
R03,testing,01,377,1,0.0,0.0,0.0,0.0
R03,testing,01,378,1,0.0,0.0,0.0,0.0
R03,testing,01,379,1,0.0,0.0,0.0,0.0
R03,testing,01,380,1,0.0,0.0,0.0,0.0
R03,testing,01,381,1,0.0,0.0,0.0,0.0
R03,testing,01,382,1,0.0,0.0,0.0,0.0
R03,testing,01,383,1,0.0,0.0,0.0,0.0
R03,testing,01,384,1,0.0,0.0,0.0,0.0
R03,testing,01,385,1,0.0,0.0,0.0,0.0
R03,testing,01,386,1,0.0,0.0,0.0,0.0
R03,testing,01,387,1,0.0,0.0,0.0,0.0
R03,testing,01,388,1,0.0,0.0,0.0,0.0
R03,testing,01,389,1,0.0,0.0,0.0,0.0
R03,testing,01,390,1,0.0,0.0,0.0,0.0
R03,testing,01,391,1,0.0,0.0,0.0,0.0
R03,testing,01,392,1,0.0,0.0,0.0,0.0
R03,testing,01,393,1,0.0,0.0,0.0,0.0
R03,testing,01,394,1,0.0,0.0,0.0,0.0
R03,testing,01,395,1,0.0,0.0,0.0,0.0
R03,testing,01,396,1,0.0,0.0,0.0,0.0
R03,testing,01,397,1,0.0,0.0,0.0,0.0
R03,testing,01,398,1,0.0,0.0,0.0,0.0
R03,testing,01,399,1,0.0,0.0,0.0,0.0
R03,testing,01,400,1,0.0,0.0,0.0,0.0
R03,testing,01,401,1,0.0,0.0,0.0,0.0
R03,testing,01,402,1,0.0,0.0,0.0,0.0
R03,testing,01,403,1,0.0,0.0,0.0,0.0
R03,testing,01,404,1,0.0,0.0,0.0,0.0
R03,testing,01,405,1,0.0,0.0,0.0,0.0
R03,testing,01,406,1,0.0,0.0,0.0,0.0
R03,testing,01,407,1,0.0,0.0,0.0,0.0
R03,testing,01,408,1,0.0,0.0,0.0,0.0
R03,testing,01,409,1,0.0,0.0,0.0,0.0
R03,testing,01,410,1,0.0,0.0,0.0,0.0
R03,testing,01,411,1,0.0,0.0,0.0,0.0
R03,testing,01,412,1,0.0,0.0,0.0,0.0
R03,testing,01,413,1,0.0,0.0,0.0,0.0
R03,testing,01,414,1,0.0,0.0,0.0,0.0
R03,testing,01,415,1,0.0,0.0,0.0,0.0
R03,testing,01,416,1,0.0,0.0,0.0,0.0
R03,testing,01,417,1,0.0,0.0,0.0,0.0
R03,testing,01,418,1,0.0,0.0,0.0,0.0
R03,testing,01,419,1,0.0,0.0,0.0,0.0
R03,testing,01,420,1,0.0,0.0,0.0,0.0
R03,testing,01,421,1,0.0,0.0,0.0,0.0
R03,testing,01,422,1,0.0,0.0,0.0,0.0
R03,testing,01,423,1,0.0,0.0,0.0,0.0
R03,testing,01,424,1,0.0,0.0,0.0,0.0
R03,testing,01,425,1,0.0,0.0,0.0,0.0
R03,testing,01,426,1,0.0,0.0,0.0,0.0
R03,testing,01,427,1,0.0,0.0,0.0,0.0
R03,testing,01,428,1,0.0,0.0,0.0,0.0
R03,testing,01,429,1,0.0,0.0,0.0,0.0
R03,testing,01,430,1,0.0,0.0,0.0,0.0
R03,testing,01,431,1,0.0,0.0,0.0,0.0
R03,testing,01,432,1,0.0,0.0,0.0,0.0
R03,testing,01,433,1,0.0,0.0,0.0,0.0
R03,testing,01,434,1,0.0,0.0,0.0,0.0
R03,testing,01,435,1,0.0,0.0,0.0,0.0
R03,testing,01,436,1,0.0,0.0,0.0,0.0
R03,testing,01,437,1,0.0,0.0,0.0,0.0
R03,testing,01,438,1,0.0,0.0,0.0,0.0
R03,testing,01,439,1,0.0,0.0,0.0,0.0
R03,testing,01,440,1,0.0,0.0,0.0,0.0
R03,testing,01,441,1,0.0,0.0,0.0,0.0
R03,testing,01,442,1,0.0,0.0,0.0,0.0
R03,testing,01,443,1,0.0,0.0,0.0,0.0
R03,testing,01,444,1,0.0,0.0,0.0,0.0
R03,testing,01,445,1,0.0,0.0,0.0,0.0
R03,testing,01,446,1,0.0,0.0,0.0,0.0
R03,testing,01,447,1,0.0,0.0,0.0,0.0
R03,testing,01,448,1,0.0,0.0,0.0,0.0
R03,testing,01,449,1,0.0,0.0,0.0,0.0
R03,testing,01,450,1,0.0,0.0,0.0,0.0
R03,testing,01,451,1,0.0,0.0,0.0,0.0
R03,testing,01,452,1,0.0,0.0,0.0,0.0
R03,testing,01,453,1,0.0,0.0,0.0,0.0
R03,testing,01,454,1,0.0,0.0,0.0,0.0
R03,testing,01,455,1,0.0,0.0,0.0,0.0
R03,testing,01,456,1,0.0,0.0,0.0,0.0
R03,testing,01,457,1,0.0,0.0,0.0,0.0
R03,testing,01,458,1,0.0,0.0,0.0,0.0
R03,testing,01,459,1,0.0,0.0,0.0,0.0
R03,testing,01,460,1,0.0,0.0,0.0,0.0
R03,testing,01,461,1,0.0,0.0,0.0,0.0
R03,testing,01,462,1,0.0,0.0,0.0,0.0
R03,testing,01,463,1,0.0,0.0,0.0,0.0
R03,testing,01,464,1,0.0,0.0,0.0,0.0
R03,testing,01,465,1,0.0,0.0,0.0,0.0
R03,testing,01,466,1,0.0,0.0,0.0,0.0
R03,testing,01,467,1,0.0,0.0,0.0,0.0
R03,testing,01,468,1,0.0,0.0,0.0,0.0
R03,testing,01,469,1,0.0,0.0,0.0,0.0
R03,testing,01,470,1,0.0,0.0,0.0,0.0
R03,testing,01,471,1,0.0,0.0,0.0,0.0
R03,testing,01,472,1,0.0,0.0,0.0,0.0
R03,testing,01,473,1,0.0,0.0,0.0,0.0
R03,testing,01,474,1,0.0,0.0,0.0,0.0
R03,testing,01,475,1,0.0,0.0,0.0,0.0
R03,testing,01,476,1,0.0,0.0,0.0,0.0
R03,testing,01,477,1,0.0,0.0,0.0,0.0
R03,testing,01,478,1,0.0,0.0,0.0,0.0
R03,testing,01,479,1,0.0,0.0,0.0,0.0
R03,testing,01,480,1,0.0,0.0,0.0,0.0
R03,testing,01,481,1,0.0,0.0,0.0,0.0
R03,testing,01,482,1,0.0,0.0,0.0,0.0
R03,testing,01,483,1,0.0,0.0,0.0,0.0
R03,testing,01,484,1,0.0,0.0,0.0,0.0
R03,testing,01,485,1,0.0,0.0,0.0,0.0
R03,testing,01,486,1,0.0,0.0,0.0,0.0
R03,testing,01,487,1,0.0,0.0,0.0,0.0
R03,testing,01,488,1,0.0,0.0,0.0,0.0
R03,testing,01,489,1,0.0,0.0,0.0,0.0
R03,testing,01,490,1,0.0,0.0,0.0,0.0
R03,testing,01,491,1,0.0,0.0,0.0,0.0
R03,testing,01,492,1,0.0,0.0,0.0,0.0
R03,testing,01,493,1,0.0,0.0,0.0,0.0
R03,testing,01,494,1,0.0,0.0,0.0,0.0
R03,testing,01,495,1,0.0,0.0,0.0,0.0
R03,testing,01,496,1,0.0,0.0,0.0,0.0
R03,testing,01,497,1,0.0,0.0,0.0,0.0
R03,testing,01,498,1,0.0,0.0,0.0,0.0
R03,testing,01,499,1,0.0,0.0,0.0,0.0
R03,testing,01,500,1,0.0,0.0,0.0,0.0
R03,testing,01,501,1,0.0,0.0,0.0,0.0
R03,testing,01,502,1,0.0,0.0,0.0,0.0
R03,testing,01,503,1,0.0,0.0,0.0,0.0
R03,testing,01,504,1,0.0,0.0,0.0,0.0
R03,testing,01,505,1,0.0,0.0,0.0,0.0
R03,testing,01,506,1,0.0,0.0,0.0,0.0
R03,testing,01,507,1,0.0,0.0,0.0,0.0
R03,testing,01,508,1,0.0,0.0,0.0,0.0
R03,testing,01,509,1,0.0,0.0,0.0,0.0
R03,testing,01,510,1,0.0,0.0,0.0,0.0
R03,testing,01,511,1,0.0,0.0,0.0,0.0
R03,testing,01,512,1,0.0,0.0,0.0,0.0
R03,testing,01,513,1,0.0,0.0,0.0,0.0
R03,testing,01,514,1,0.0,0.0,0.0,0.0
R03,testing,01,515,1,0.0,0.0,0.0,0.0
R03,testing,01,516,1,0.0,0.0,0.0,0.0
R03,testing,01,517,1,0.0,0.0,0.0,0.0
R03,testing,01,518,1,0.0,0.0,0.0,0.0
R03,testing,01,519,1,0.0,0.0,0.0,0.0
R03,testing,01,520,1,0.0,0.0,0.0,0.0
R03,testing,01,521,1,0.0,0.0,0.0,0.0
R03,testing,01,522,1,0.0,0.0,0.0,0.0
R03,testing,01,523,1,0.0,0.0,0.0,0.0
R03,testing,01,524,1,0.0,0.0,0.0,0.0
R03,testing,01,525,1,0.0,0.0,0.0,0.0
R03,testing,01,526,1,0.0,0.0,0.0,0.0
R03,testing,01,527,1,0.0,0.0,0.0,0.0
R03,testing,01,528,1,0.0,0.0,0.0,0.0
R03,testing,01,529,1,0.0,0.0,0.0,0.0
R03,testing,01,530,1,0.0,0.0,0.0,0.0
R03,testing,01,531,1,0.0,0.0,0.0,0.0
R03,testing,01,532,1,0.0,0.0,0.0,0.0
R03,testing,01,533,1,0.0,0.0,0.0,0.0
R03,testing,01,534,1,0.0,0.0,0.0,0.0
R03,testing,01,535,1,0.0,0.0,0.0,0.0
R03,testing,01,536,1,0.0,0.0,0.0,0.0
R03,testing,01,537,1,0.0,0.0,0.0,0.0
R03,testing,01,538,1,0.0,0.0,0.0,0.0
R03,testing,01,539,1,0.0,0.0,0.0,0.0
R03,testing,01,540,1,0.0,0.0,0.0,0.0
R03,testing,01,541,1,0.0,0.0,0.0,0.0
R03,testing,01,542,1,0.0,0.0,0.0,0.0
R03,testing,01,543,1,0.0,0.0,0.0,0.0
R03,testing,01,544,1,0.0,0.0,0.0,0.0
R03,testing,01,545,1,0.0,0.0,0.0,0.0
R03,testing,01,546,1,0.0,0.0,0.0,0.0
R03,testing,01,547,1,0.0,0.0,0.0,0.0
R03,testing,01,548,1,0.0,0.0,0.0,0.0
R03,testing,01,549,1,0.0,0.0,0.0,0.0
R03,testing,01,550,1,0.0,0.0,0.0,0.0
R03,testing,01,551,1,0.0,0.0,0.0,0.0
R03,testing,01,552,1,0.0,0.0,0.0,0.0
R03,testing,01,553,1,0.0,0.0,0.0,0.0
R03,testing,01,554,1,0.0,0.0,0.0,0.0
R03,testing,01,555,1,0.0,0.0,0.0,0.0
R03,testing,01,556,1,0.0,0.0,0.0,0.0
R03,testing,01,557,1,0.0,0.0,0.0,0.0
R03,testing,01,558,1,0.0,0.0,0.0,0.0
R03,testing,01,559,1,0.0,0.0,0.0,0.0
R03,testing,01,560,1,0.0,0.0,0.0,0.0
R03,testing,01,561,1,0.0,0.0,0.0,0.0
R03,testing,01,562,1,0.0,0.0,0.0,0.0
R03,testing,01,563,1,0.0,0.0,0.0,0.0
R03,testing,01,564,1,0.0,0.0,0.0,0.0
R03,testing,01,565,1,0.0,0.0,0.0,0.0
R03,testing,01,566,1,0.0,0.0,0.0,0.0
R03,testing,01,567,1,0.0,0.0,0.0,0.0
R03,testing,01,568,1,0.0,0.0,0.0,0.0
R03,testing,01,569,1,0.0,0.0,0.0,0.0
R03,testing,01,570,1,0.0,0.0,0.0,0.0
R03,testing,01,571,1,0.0,0.0,0.0,0.0
R03,testing,01,572,1,0.0,0.0,0.0,0.0
R03,testing,01,573,1,0.0,0.0,0.0,0.0
R03,testing,01,574,1,0.0,0.0,0.0,0.0
R03,testing,01,575,1,0.0,0.0,0.0,0.0
R03,testing,01,576,1,0.0,0.0,0.0,0.0
R03,testing,01,577,1,0.0,0.0,0.0,0.0
R03,testing,01,578,1,0.0,0.0,0.0,0.0
R03,testing,01,579,1,0.0,0.0,0.0,0.0
R03,testing,01,580,1,0.0,0.0,0.0,0.0
R03,testing,01,581,1,0.0,0.0,0.0,0.0
R03,testing,01,582,1,0.0,0.0,0.0,0.0
R03,testing,01,583,1,0.0,0.0,0.0,0.0
R03,testing,01,584,1,0.0,0.0,0.0,0.0
R03,testing,01,585,1,0.0,0.0,0.0,0.0
R03,testing,01,586,1,0.0,0.0,0.0,0.0
R03,testing,01,587,1,0.0,0.0,0.0,0.0
R03,testing,01,588,1,0.0,0.0,0.0,0.0
R03,testing,01,589,1,0.0,0.0,0.0,0.0
R03,testing,01,590,1,0.0,0.0,0.0,0.0
R03,testing,01,591,1,0.0,0.0,0.0,0.0
R03,testing,01,592,1,0.0,0.0,0.0,0.0
R03,testing,01,593,1,0.0,0.0,0.0,0.0
R03,testing,01,594,1,0.0,0.0,0.0,0.0
R03,testing,01,595,1,0.0,0.0,0.0,0.0
R03,testing,01,596,1,0.0,0.0,0.0,0.0
R03,testing,01,597,1,0.0,0.0,0.0,0.0
R03,testing,01,598,1,0.0,0.0,0.0,0.0
R03,testing,01,599,1,0.0,0.0,0.0,0.0
R03,testing,01,600,1,0.0,0.0,0.0,0.0
R03,testing,01,601,1,0.0,0.0,0.0,0.0
R03,testing,01,602,1,0.0,0.0,0.0,0.0
R03,testing,01,603,1,0.0,0.0,0.0,0.0
R03,testing,01,604,1,0.0,0.0,0.0,0.0
R03,testing,01,605,1,0.0,0.0,0.0,0.0
R03,testing,01,606,1,0.0,0.0,0.0,0.0
R03,testing,01,607,1,0.0,0.0,0.0,0.0
R03,testing,01,608,1,0.0,0.0,0.0,0.0
R03,testing,01,609,1,0.0,0.0,0.0,0.0
R03,testing,01,610,1,0.0,0.0,0.0,0.0
R03,testing,01,611,1,0.0,0.0,0.0,0.0
R03,testing,01,612,1,0.0,0.0,0.0,0.0
R03,testing,01,613,1,0.0,0.0,0.0,0.0
R03,testing,01,614,1,0.0,0.0,0.0,0.0
R03,testing,01,615,1,0.0,0.0,0.0,0.0
R03,testing,01,616,1,0.0,0.0,0.0,0.0
R03,testing,01,617,1,0.0,0.0,0.0,0.0
R03,testing,01,618,1,0.0,0.0,0.0,0.0
R03,testing,01,619,1,0.0,0.0,0.0,0.0
R03,testing,01,620,1,0.0,0.0,0.0,0.0
R03,testing,01,621,1,0.0,0.0,0.0,0.0
R03,testing,01,622,1,0.0,0.0,0.0,0.0
R03,testing,01,623,1,0.0,0.0,0.0,0.0
R03,testing,01,624,1,0.0,0.0,0.0,0.0
R03,testing,01,625,1,0.0,0.0,0.0,0.0
R03,testing,01,626,1,0.0,0.0,0.0,0.0
R03,testing,01,627,1,0.0,0.0,0.0,0.0
R03,testing,01,628,1,0.0,0.0,0.0,0.0
R03,testing,01,629,1,0.0,0.0,0.0,0.0
R03,testing,01,630,1,0.0,0.0,0.0,0.0
R03,testing,01,631,1,0.0,0.0,0.0,0.0
R03,testing,01,632,1,0.0,0.0,0.0,0.0
R03,testing,01,633,1,0.0,0.0,0.0,0.0
R03,testing,01,634,1,0.0,0.0,0.0,0.0
R03,testing,01,635,1,0.0,0.0,0.0,0.0
R03,testing,01,636,1,0.0,0.0,0.0,0.0
R03,testing,01,637,1,0.0,0.0,0.0,0.0
R03,testing,01,638,1,0.0,0.0,0.0,0.0
R03,testing,01,639,1,0.0,0.0,0.0,0.0
R03,testing,01,640,1,0.0,0.0,0.0,0.0
R03,testing,01,641,1,0.0,0.0,0.0,0.0
R03,testing,01,642,1,0.0,0.0,0.0,0.0
R03,testing,01,643,1,0.0,0.0,0.0,0.0
R03,testing,01,644,1,0.0,0.0,0.0,0.0
R03,testing,01,645,1,0.0,0.0,0.0,0.0
R03,testing,01,646,1,0.0,0.0,0.0,0.0
R03,testing,01,647,1,0.0,0.0,0.0,0.0
R03,testing,01,648,1,0.0,0.0,0.0,0.0
R03,testing,01,649,1,0.0,0.0,0.0,0.0
R03,testing,01,650,1,0.0,0.0,0.0,0.0
R03,testing,01,651,1,0.0,0.0,0.0,0.0
R03,testing,01,652,1,0.0,0.0,0.0,0.0
R03,testing,01,653,1,0.0,0.0,0.0,0.0
R03,testing,01,654,1,0.0,0.0,0.0,0.0
R03,testing,01,655,1,0.0,0.0,0.0,0.0
R03,testing,01,656,1,0.0,0.0,0.0,0.0
R03,testing,01,657,1,0.0,0.0,0.0,0.0
R03,testing,01,658,1,0.0,0.0,0.0,0.0
R03,testing,01,659,1,0.0,0.0,0.0,0.0
R03,testing,01,660,1,0.0,0.0,0.0,0.0
R03,testing,01,661,1,0.0,0.0,0.0,0.0
R03,testing,01,662,1,0.0,0.0,0.0,0.0
R03,testing,01,663,1,0.0,0.0,0.0,0.0
R03,testing,01,664,1,0.0,0.0,0.0,0.0
R03,testing,01,665,1,0.0,0.0,0.0,0.0
R03,testing,01,666,1,0.0,0.0,0.0,0.0
R03,testing,01,667,1,0.0,0.0,0.0,0.0
R03,testing,01,668,1,0.0,0.0,0.0,0.0
R03,testing,01,669,1,0.0,0.0,0.0,0.0
R03,testing,01,670,1,0.0,0.0,0.0,0.0
R03,testing,01,671,1,0.0,0.0,0.0,0.0
R03,testing,01,672,1,0.0,0.0,0.0,0.0
R03,testing,01,673,1,0.0,0.0,0.0,0.0
R03,testing,01,674,1,0.0,0.0,0.0,0.0
R03,testing,01,675,1,0.0,0.0,0.0,0.0
R03,testing,01,676,1,0.0,0.0,0.0,0.0
R03,testing,01,677,1,0.0,0.0,0.0,0.0
R03,testing,01,678,1,0.0,0.0,0.0,0.0
R03,testing,01,679,1,0.0,0.0,0.0,0.0
R03,testing,01,680,1,0.0,0.0,0.0,0.0
R03,testing,01,681,1,0.0,0.0,0.0,0.0
R03,testing,01,682,1,0.0,0.0,0.0,0.0
R03,testing,01,683,1,0.0,0.0,0.0,0.0
R03,testing,01,684,1,0.0,0.0,0.0,0.0
R03,testing,01,685,1,0.0,0.0,0.0,0.0
R03,testing,01,686,1,0.0,0.0,0.0,0.0
R03,testing,01,687,1,0.0,0.0,0.0,0.0
R03,testing,01,688,1,0.0,0.0,0.0,0.0
R03,testing,01,689,1,0.0,0.0,0.0,0.0
R03,testing,01,690,1,0.0,0.0,0.0,0.0
R03,testing,01,691,1,0.0,0.0,0.0,0.0
R03,testing,01,692,1,0.0,0.0,0.0,0.0
R03,testing,01,693,1,0.0,0.0,0.0,0.0
R03,testing,01,694,1,0.0,0.0,0.0,0.0
R03,testing,01,695,1,0.0,0.0,0.0,0.0
R03,testing,01,696,1,0.0,0.0,0.0,0.0
R03,testing,01,697,1,0.0,0.0,0.0,0.0
R03,testing,01,698,1,0.0,0.0,0.0,0.0
R03,testing,01,699,1,0.0,0.0,0.0,0.0
R03,testing,01,700,1,0.0,0.0,0.0,0.0
R03,testing,01,701,1,0.0,0.0,0.0,0.0
R03,testing,01,702,1,0.0,0.0,0.0,0.0
R03,testing,01,703,1,0.0,0.0,0.0,0.0
R03,testing,01,704,1,0.0,0.0,0.0,0.0
R03,testing,01,705,1,0.0,0.0,0.0,0.0
R03,testing,01,706,1,0.0,0.0,0.0,0.0
R03,testing,01,707,1,0.0,0.0,0.0,0.0
R03,testing,01,708,1,0.0,0.0,0.0,0.0
R03,testing,01,709,1,0.0,0.0,0.0,0.0
R03,testing,01,710,1,0.0,0.0,0.0,0.0
R03,testing,01,711,1,0.0,0.0,0.0,0.0
R03,testing,01,712,1,0.0,0.0,0.0,0.0
R03,testing,01,713,1,0.0,0.0,0.0,0.0
R03,testing,01,714,1,0.0,0.0,0.0,0.0
R03,testing,01,715,1,0.0,0.0,0.0,0.0
R03,testing,01,716,1,0.0,0.0,0.0,0.0
R03,testing,01,717,1,0.0,0.0,0.0,0.0
R03,testing,01,718,1,0.0,0.0,0.0,0.0
R03,testing,01,719,1,0.0,0.0,0.0,0.0
R03,testing,08,0,0,0.0,0.0,0.0,0.0
R03,testing,08,1,0,0.0,0.0,0.0,0.0
R03,testing,08,2,0,0.0,0.0,0.0,0.0
R03,testing,08,3,0,0.0,0.0,0.0,0.0
R03,testing,08,4,0,0.0,0.0,0.0,0.0
R03,testing,08,5,0,0.0,0.0,0.0,0.0
R03,testing,08,6,0,0.0,0.0,0.0,0.0
R03,testing,08,7,0,0.0,0.0,0.0,0.0
R03,testing,08,8,0,0.0,0.0,0.0,0.0
R03,testing,08,9,0,0.0,0.0,0.0,0.0
R03,testing,08,10,0,0.0,0.0,0.0,0.0
R03,testing,08,11,0,0.0,0.0,0.0,0.0
R03,testing,08,12,0,0.0,0.0,0.0,0.0
R03,testing,08,13,0,0.0,0.0,0.0,0.0
R03,testing,08,14,0,0.0,0.0,0.0,0.0
R03,testing,08,15,0,0.0,0.0,0.0,0.0
R03,testing,08,16,0,0.0,0.0,0.0,0.0
R03,testing,08,17,0,0.0,0.0,0.0,0.0
R03,testing,08,18,0,0.0,0.0,0.0,0.0
R03,testing,08,19,0,0.0,0.0,0.0,0.0
R03,testing,08,20,0,0.0,0.0,0.0,0.0
R03,testing,08,21,0,0.0,0.0,0.0,0.0
R03,testing,08,22,0,0.0,0.0,0.0,0.0
R03,testing,08,23,0,0.0,0.0,0.0,0.0
R03,testing,08,24,0,0.0,0.0,0.0,0.0
R03,testing,08,25,0,0.0,0.0,0.0,0.0
R03,testing,08,26,0,0.0,0.0,0.0,0.0
R03,testing,08,27,0,0.0,0.0,0.0,0.0
R03,testing,08,28,0,0.0,0.0,0.0,0.0
R03,testing,08,29,0,0.0,0.0,0.0,0.0
R03,testing,08,30,0,0.0,0.0,0.0,0.0
R03,testing,08,31,0,0.0,0.0,0.0,0.0
R03,testing,08,32,0,0.0,0.0,0.0,0.0
R03,testing,08,33,0,0.0,0.0,0.0,0.0
R03,testing,08,34,0,0.0,0.0,0.0,0.0
R03,testing,08,35,0,0.0,0.0,0.0,0.0
R03,testing,08,36,0,0.0,0.0,0.0,0.0
R03,testing,08,37,0,0.0,0.0,0.0,0.0
R03,testing,08,38,0,0.0,0.0,0.0,0.0
R03,testing,08,39,0,0.0,0.0,0.0,0.0
R03,testing,08,40,0,0.0,0.0,0.0,0.0
R03,testing,08,41,0,0.0,0.0,0.0,0.0
R03,testing,08,42,0,0.0,0.0,0.0,0.0
R03,testing,08,43,0,0.0,0.0,0.0,0.0
R03,testing,08,44,0,0.0,0.0,0.0,0.0
R03,testing,08,45,0,0.0,0.0,0.0,0.0
R03,testing,08,46,0,0.0,0.0,0.0,0.0
R03,testing,08,47,0,0.0,0.0,0.0,0.0
R03,testing,08,48,0,0.0,0.0,0.0,0.0
R03,testing,08,49,0,0.0,0.0,0.0,0.0
R03,testing,08,50,0,0.0,0.0,0.0,0.0
R03,testing,08,51,0,0.0,0.0,0.0,0.0
R03,testing,08,52,0,0.0,0.0,0.0,0.0
R03,testing,08,53,0,0.0,0.0,0.0,0.0
R03,testing,08,54,0,0.0,0.0,0.0,0.0
R03,testing,08,55,0,0.0,0.0,0.0,0.0
R03,testing,08,56,0,0.0,0.0,0.0,0.0
R03,testing,08,57,0,0.0,0.0,0.0,0.0
R03,testing,08,58,0,0.0,0.0,0.0,0.0
R03,testing,08,59,0,0.0,0.0,0.0,0.0
R03,testing,08,60,0,0.0,0.0,0.0,0.0
R03,testing,08,61,0,0.0,0.0,0.0,0.0
R03,testing,08,62,0,0.0,0.0,0.0,0.0
R03,testing,08,63,0,0.0,0.0,0.0,0.0
R03,testing,08,64,0,0.0,0.0,0.0,0.0
R03,testing,08,65,0,0.0,0.0,0.0,0.0
R03,testing,08,66,0,0.0,0.0,0.0,0.0
R03,testing,08,67,0,0.0,0.0,0.0,0.0
R03,testing,08,68,0,0.0,0.0,0.0,0.0
R03,testing,08,69,0,0.0,0.0,0.0,0.0
R03,testing,08,70,0,0.0,0.0,0.0,0.0
R03,testing,08,71,0,0.0,0.0,0.0,0.0
R03,testing,08,72,0,0.0,0.0,0.0,0.0
R03,testing,08,73,0,0.0,0.0,0.0,0.0
R03,testing,08,74,0,0.0,0.0,0.0,0.0
R03,testing,08,75,0,0.0,0.0,0.0,0.0
R03,testing,08,76,0,0.0,0.0,0.0,0.0
R03,testing,08,77,0,0.0,0.0,0.0,0.0
R03,testing,08,78,0,0.0,0.0,0.0,0.0
R03,testing,08,79,0,0.0,0.0,0.0,0.0
R03,testing,08,80,0,0.0,0.0,0.0,0.0
R03,testing,08,81,0,0.0,0.0,0.0,0.0
R03,testing,08,82,0,0.0,0.0,0.0,0.0
R03,testing,08,83,0,0.0,0.0,0.0,0.0
R03,testing,08,84,0,0.0,0.0,0.0,0.0
R03,testing,08,85,0,0.0,0.0,0.0,0.0
R03,testing,08,86,0,0.0,0.0,0.0,0.0
R03,testing,08,87,0,0.0,0.0,0.0,0.0
R03,testing,08,88,0,0.0,0.0,0.0,0.0
R03,testing,08,89,0,0.0,0.0,0.0,0.0
R03,testing,08,90,0,0.0,0.0,0.0,0.0
R03,testing,08,91,0,0.0,0.0,0.0,0.0
R03,testing,08,92,0,0.0,0.0,0.0,0.0
R03,testing,08,93,0,0.0,0.0,0.0,0.0
R03,testing,08,94,0,0.0,0.0,0.0,0.0
R03,testing,08,95,0,0.0,0.0,0.0,0.0
R03,testing,08,96,0,0.0,0.0,0.0,0.0
R03,testing,08,97,0,0.0,0.0,0.0,0.0
R03,testing,08,98,0,0.0,0.0,0.0,0.0
R03,testing,08,99,0,0.0,0.0,0.0,0.0
R03,testing,08,100,0,0.0,0.0,0.0,0.0
R03,testing,08,101,0,0.0,0.0,0.0,0.0
R03,testing,08,102,0,0.0,0.0,0.0,0.0
R03,testing,08,103,0,0.0,0.0,0.0,0.0
R03,testing,08,104,0,0.0,0.0,0.0,0.0
R03,testing,08,105,0,0.0,0.0,0.0,0.0
R03,testing,08,106,0,0.0,0.0,0.0,0.0
R03,testing,08,107,0,0.0,0.0,0.0,0.0
R03,testing,08,108,0,0.0,0.0,0.0,0.0
R03,testing,08,109,0,0.0,0.0,0.0,0.0
R03,testing,08,110,0,0.0,0.0,0.0,0.0
R03,testing,08,111,0,0.0,0.0,0.0,0.0
R03,testing,08,112,0,0.0,0.0,0.0,0.0
R03,testing,08,113,0,0.0,0.0,0.0,0.0
R03,testing,08,114,0,0.0,0.0,0.0,0.0
R03,testing,08,115,0,0.0,0.0,0.0,0.0
R03,testing,08,116,0,0.0,0.0,0.0,0.0
R03,testing,08,117,0,0.0,0.0,0.0,0.0
R03,testing,08,118,0,0.0,0.0,0.0,0.0
R03,testing,08,119,0,0.0,0.0,0.0,0.0
R03,testing,08,120,0,0.0,0.0,0.0,0.0
R03,testing,08,121,0,0.0,0.0,0.0,0.0
R03,testing,08,122,0,0.0,0.0,0.0,0.0
R03,testing,08,123,0,0.0,0.0,0.0,0.0
R03,testing,08,124,0,0.0,0.0,0.0,0.0
R03,testing,08,125,0,0.0,0.0,0.0,0.0
R03,testing,08,126,0,0.0,0.0,0.0,0.0
R03,testing,08,127,0,0.0,0.0,0.0,0.0
R03,testing,08,128,0,0.0,0.0,0.0,0.0
R03,testing,08,129,0,0.0,0.0,0.0,0.0
R03,testing,08,130,0,0.0,0.0,0.0,0.0
R03,testing,08,131,0,0.0,0.0,0.0,0.0
R03,testing,08,132,0,0.0,0.0,0.0,0.0
R03,testing,08,133,0,0.0,0.0,0.0,0.0
R03,testing,08,134,0,0.0,0.0,0.0,0.0
R03,testing,08,135,0,0.0,0.0,0.0,0.0
R03,testing,08,136,0,0.0,0.0,0.0,0.0
R03,testing,08,137,0,0.0,0.0,0.0,0.0
R03,testing,08,138,0,0.0,0.0,0.0,0.0
R03,testing,08,139,0,0.0,0.0,0.0,0.0
R03,testing,08,140,0,0.0,0.0,0.0,0.0
R03,testing,08,141,0,0.0,0.0,0.0,0.0
R03,testing,08,142,0,0.0,0.0,0.0,0.0
R03,testing,08,143,0,0.0,0.0,0.0,0.0
R03,testing,08,144,0,0.0,0.0,0.0,0.0
R03,testing,08,145,0,0.0,0.0,0.0,0.0
R03,testing,08,146,0,0.0,0.0,0.0,0.0
R03,testing,08,147,0,0.0,0.0,0.0,0.0
R03,testing,08,148,0,0.0,0.0,0.0,0.0
R03,testing,08,149,0,0.0,0.0,0.0,0.0
R03,testing,08,150,0,0.0,0.0,0.0,0.0
R03,testing,08,151,0,0.0,0.0,0.0,0.0
R03,testing,08,152,0,0.0,0.0,0.0,0.0
R03,testing,08,153,0,0.0,0.0,0.0,0.0
R03,testing,08,154,0,0.0,0.0,0.0,0.0
R03,testing,08,155,0,0.0,0.0,0.0,0.0
R03,testing,08,156,0,0.0,0.0,0.0,0.0
R03,testing,08,157,0,0.0,0.0,0.0,0.0
R03,testing,08,158,0,0.0,0.0,0.0,0.0
R03,testing,08,159,0,0.0,0.0,0.0,0.0
R03,testing,08,160,0,0.0,0.0,0.0,0.0
R03,testing,08,161,0,0.0,0.0,0.0,0.0
R03,testing,08,162,0,0.0,0.0,0.0,0.0
R03,testing,08,163,0,0.0,0.0,0.0,0.0
R03,testing,08,164,0,0.0,0.0,0.0,0.0
R03,testing,08,165,0,0.0,0.0,0.0,0.0
R03,testing,08,166,0,0.0,0.0,0.0,0.0
R03,testing,08,167,0,0.0,0.0,0.0,0.0
R03,testing,08,168,0,0.0,0.0,0.0,0.0
R03,testing,08,169,0,0.0,0.0,0.0,0.0
R03,testing,08,170,0,0.0,0.0,0.0,0.0
R03,testing,08,171,0,0.0,0.0,0.0,0.0
R03,testing,08,172,0,0.0,0.0,0.0,0.0
R03,testing,08,173,0,0.0,0.0,0.0,0.0
R03,testing,08,174,0,0.0,0.0,0.0,0.0
R03,testing,08,175,0,0.0,0.0,0.0,0.0
R03,testing,08,176,0,0.0,0.0,0.0,0.0
R03,testing,08,177,0,0.0,0.0,0.0,0.0
R03,testing,08,178,0,0.0,0.0,0.0,0.0
R03,testing,08,179,0,0.0,0.0,0.0,0.0
R03,testing,08,180,0,0.0,0.0,0.0,0.0
R03,testing,08,181,0,0.0,0.0,0.0,0.0
R03,testing,08,182,0,0.0,0.0,0.0,0.0
R03,testing,08,183,0,0.0,0.0,0.0,0.0
R03,testing,08,184,0,0.0,0.0,0.0,0.0
R03,testing,08,185,0,0.0,0.0,0.0,0.0
R03,testing,08,186,0,0.0,0.0,0.0,0.0
R03,testing,08,187,0,0.0,0.0,0.0,0.0
R03,testing,08,188,0,0.0,0.0,0.0,0.0
R03,testing,08,189,0,0.0,0.0,0.0,0.0
R03,testing,08,190,0,0.0,0.0,0.0,0.0
R03,testing,08,191,0,0.0,0.0,0.0,0.0
R03,testing,08,192,0,0.0,0.0,0.0,0.0
R03,testing,08,193,0,0.0,0.0,0.0,0.0
R03,testing,08,194,0,0.0,0.0,0.0,0.0
R03,testing,08,195,0,0.0,0.0,0.0,0.0
R03,testing,08,196,0,0.0,0.0,0.0,0.0
R03,testing,08,197,0,0.0,0.0,0.0,0.0
R03,testing,08,198,0,0.0,0.0,0.0,0.0
R03,testing,08,199,0,0.0,0.0,0.0,0.0
R03,testing,08,200,0,0.0,0.0,0.0,0.0
R03,testing,08,201,0,0.0,0.0,0.0,0.0
R03,testing,08,202,0,0.0,0.0,0.0,0.0
R03,testing,08,203,0,0.0,0.0,0.0,0.0
R03,testing,08,204,0,0.0,0.0,0.0,0.0
R03,testing,08,205,0,0.0,0.0,0.0,0.0
R03,testing,08,206,0,0.0,0.0,0.0,0.0
R03,testing,08,207,0,0.0,0.0,0.0,0.0
R03,testing,08,208,0,0.0,0.0,0.0,0.0
R03,testing,08,209,0,0.0,0.0,0.0,0.0
R03,testing,08,210,0,0.0,0.0,0.0,0.0
R03,testing,08,211,0,0.0,0.0,0.0,0.0
R03,testing,08,212,0,0.0,0.0,0.0,0.0
R03,testing,08,213,0,0.0,0.0,0.0,0.0
R03,testing,08,214,0,0.0,0.0,0.0,0.0
R03,testing,08,215,0,0.0,0.0,0.0,0.0
R03,testing,08,216,0,0.0,0.0,0.0,0.0
R03,testing,08,217,0,0.0,0.0,0.0,0.0
R03,testing,08,218,0,0.0,0.0,0.0,0.0
R03,testing,08,219,0,0.0,0.0,0.0,0.0
R03,testing,08,220,0,0.0,0.0,0.0,0.0
R03,testing,08,221,0,0.0,0.0,0.0,0.0
R03,testing,08,222,0,0.0,0.0,0.0,0.0
R03,testing,08,223,0,0.0,0.0,0.0,0.0
R03,testing,08,224,0,0.0,0.0,0.0,0.0
R03,testing,08,225,0,0.0,0.0,0.0,0.0
R03,testing,08,226,0,0.0,0.0,0.0,0.0
R03,testing,08,227,0,0.0,0.0,0.0,0.0
R03,testing,08,228,0,0.0,0.0,0.0,0.0
R03,testing,08,229,0,0.0,0.0,0.0,0.0
R03,testing,08,230,0,0.0,0.0,0.0,0.0
R03,testing,08,231,0,0.0,0.0,0.0,0.0
R03,testing,08,232,0,0.0,0.0,0.0,0.0
R03,testing,08,233,0,0.0,0.0,0.0,0.0
R03,testing,08,234,0,0.0,0.0,0.0,0.0
R03,testing,08,235,0,0.0,0.0,0.0,0.0
R03,testing,08,236,0,0.0,0.0,0.0,0.0
R03,testing,08,237,0,0.0,0.0,0.0,0.0
R03,testing,08,238,0,0.0,0.0,0.0,0.0
R03,testing,08,239,0,0.0,0.0,0.0,0.0
R03,testing,08,240,0,0.0,0.0,0.0,0.0
R03,testing,08,241,0,0.0,0.0,0.0,0.0
R03,testing,08,242,1,0.0,0.0,0.0,0.0
R03,testing,08,243,1,0.0,0.0,0.0,0.0
R03,testing,08,244,1,0.0,0.0,0.0,0.0
R03,testing,08,245,1,0.0,0.0,0.0,0.0
R03,testing,08,246,1,0.0,0.0,0.0,0.0
R03,testing,08,247,1,0.0,0.0,0.0,0.0
R03,testing,08,248,1,0.0,0.0,0.0,0.0
R03,testing,08,249,1,0.0,0.0,0.0,0.0
R03,testing,08,250,1,0.0,0.0,0.0,0.0
R03,testing,08,251,1,0.0,0.0,0.0,0.0
R03,testing,08,252,1,0.0,0.0,0.0,0.0
R03,testing,08,253,1,0.0,0.0,0.0,0.0
R03,testing,08,254,1,0.0,0.0,0.0,0.0
R03,testing,08,255,1,0.0,0.0,0.0,0.0
R03,testing,08,256,1,0.0,0.0,0.0,0.0
R03,testing,08,257,1,0.0,0.0,0.0,0.0
R03,testing,08,258,1,0.0,0.0,0.0,0.0
R03,testing,08,259,1,0.0,0.0,0.0,0.0
R03,testing,08,260,1,0.0,0.0,0.0,0.0
R03,testing,08,261,1,0.0,0.0,0.0,0.0
R03,testing,08,262,1,0.0,0.0,0.0,0.0
R03,testing,08,263,1,0.0,0.0,0.0,0.0
R03,testing,08,264,1,0.0,0.0,0.0,0.0
R03,testing,08,265,1,0.0,0.0,0.0,0.0
R03,testing,08,266,1,0.0,0.0,0.0,0.0
R03,testing,08,267,1,0.0,0.0,0.0,0.0
R03,testing,08,268,1,0.0,0.0,0.0,0.0
R03,testing,08,269,1,0.0,0.0,0.0,0.0
R03,testing,08,270,1,0.0,0.0,0.0,0.0
R03,testing,08,271,1,0.0,0.0,0.0,0.0
R03,testing,08,272,1,0.0,0.0,0.0,0.0
R03,testing,08,273,1,0.0,0.0,0.0,0.0
R03,testing,08,274,1,0.0,0.0,0.0,0.0
R03,testing,08,275,1,0.0,0.0,0.0,0.0
R03,testing,08,276,1,0.0,0.0,0.0,0.0
R03,testing,08,277,1,0.0,0.0,0.0,0.0
R03,testing,08,278,1,0.0,0.0,0.0,0.0
R03,testing,08,279,1,0.0,0.0,0.0,0.0
R03,testing,08,280,1,0.0,0.0,0.0,0.0
R03,testing,08,281,1,0.0,0.0,0.0,0.0
R03,testing,08,282,1,0.0,0.0,0.0,0.0
R03,testing,08,283,1,0.0,0.0,0.0,0.0
R03,testing,08,284,1,0.0,0.0,0.0,0.0
R03,testing,08,285,1,0.0,0.0,0.0,0.0
R03,testing,08,286,1,0.0,0.0,0.0,0.0
R03,testing,08,287,1,0.0,0.0,0.0,0.0
R03,testing,08,288,1,0.0,0.0,0.0,0.0
R03,testing,08,289,1,0.0,0.0,0.0,0.0
R03,testing,08,290,1,0.0,0.0,0.0,0.0
R03,testing,08,291,1,0.0,0.0,0.0,0.0
R03,testing,08,292,1,0.0,0.0,0.0,0.0
R03,testing,08,293,1,0.0,0.0,0.0,0.0
R03,testing,08,294,1,0.0,0.0,0.0,0.0
R03,testing,08,295,1,0.0,0.0,0.0,0.0
R03,testing,08,296,1,0.0,0.0,0.0,0.0
R03,testing,08,297,1,0.0,0.0,0.0,0.0
R03,testing,08,298,1,0.0,0.0,0.0,0.0
R03,testing,08,299,1,0.0,0.0,0.0,0.0
R03,testing,08,300,1,0.0,0.0,0.0,0.0
R03,testing,08,301,1,0.0,0.0,0.0,0.0
R03,testing,08,302,1,0.0,0.0,0.0,0.0
R03,testing,08,303,1,0.0,0.0,0.0,0.0
R03,testing,08,304,1,0.0,0.0,0.0,0.0
R03,testing,08,305,1,0.0,0.0,0.0,0.0
R03,testing,08,306,1,0.0,0.0,0.0,0.0
R03,testing,08,307,1,0.0,0.0,0.0,0.0
R03,testing,08,308,1,0.0,0.0,0.0,0.0
R03,testing,08,309,1,0.0,0.0,0.0,0.0
R03,testing,08,310,1,0.0,0.0,0.0,0.0
R03,testing,08,311,1,0.0,0.0,0.0,0.0
R03,testing,08,312,1,0.0,0.0,0.0,0.0
R03,testing,08,313,1,0.0,0.0,0.0,0.0
R03,testing,08,314,1,0.0,0.0,0.0,0.0
R03,testing,08,315,1,0.0,0.0,0.0,0.0
R03,testing,08,316,1,0.0,0.0,0.0,0.0
R03,testing,08,317,1,0.0,0.0,0.0,0.0
R03,testing,08,318,1,0.0,0.0,0.0,0.0
R03,testing,08,319,1,0.0,0.0,0.0,0.0
R03,testing,08,320,1,0.0,0.0,0.0,0.0
R03,testing,08,321,1,0.0,0.0,0.0,0.0
R03,testing,08,322,1,0.0,0.0,0.0,0.0
R03,testing,08,323,1,0.0,0.0,0.0,0.0
R03,testing,08,324,1,0.0,0.0,0.0,0.0
R03,testing,08,325,1,0.0,0.0,0.0,0.0
R03,testing,08,326,1,0.0,0.0,0.0,0.0
R03,testing,08,327,1,0.0,0.0,0.0,0.0
R03,testing,08,328,1,0.0,0.0,0.0,0.0
R03,testing,08,329,1,0.0,0.0,0.0,0.0
R03,testing,08,330,1,0.0,0.0,0.0,0.0
R03,testing,08,331,1,0.0,0.0,0.0,0.0
R03,testing,08,332,1,0.0,0.0,0.0,0.0
R03,testing,08,333,1,0.0,0.0,0.0,0.0
R03,testing,08,334,1,0.0,0.0,0.0,0.0
R03,testing,08,335,1,0.0,0.0,0.0,0.0
R03,testing,08,336,1,0.0,0.0,0.0,0.0
R03,testing,08,337,1,0.0,0.0,0.0,0.0
R03,testing,08,338,1,0.0,0.0,0.0,0.0
R03,testing,08,339,1,0.0,0.0,0.0,0.0
R03,testing,08,340,1,0.0,0.0,0.0,0.0
R03,testing,08,341,1,0.0,0.0,0.0,0.0
R03,testing,08,342,1,0.0,0.0,0.0,0.0
R03,testing,08,343,1,0.0,0.0,0.0,0.0
R03,testing,08,344,1,0.0,0.0,0.0,0.0
R03,testing,08,345,1,0.0,0.0,0.0,0.0
R03,testing,08,346,1,0.0,0.0,0.0,0.0
R03,testing,08,347,1,0.0,0.0,0.0,0.0
R03,testing,08,348,1,0.0,0.0,0.0,0.0
R03,testing,08,349,1,0.0,0.0,0.0,0.0
R03,testing,08,350,1,0.0,0.0,0.0,0.0
R03,testing,08,351,1,0.0,0.0,0.0,0.0
R03,testing,08,352,1,0.0,0.0,0.0,0.0
R03,testing,08,353,1,0.0,0.0,0.0,0.0
R03,testing,08,354,1,0.0,0.0,0.0,0.0
R03,testing,08,355,1,0.0,0.0,0.0,0.0
R03,testing,08,356,1,0.0,0.0,0.0,0.0
R03,testing,08,357,1,0.0,0.0,0.0,0.0
R03,testing,08,358,1,0.0,0.0,0.0,0.0
R03,testing,08,359,1,0.0,0.0,0.0,0.0
R03,testing,08,360,1,0.0,0.0,0.0,0.0
R03,testing,08,361,1,0.0,0.0,0.0,0.0
R03,testing,08,362,1,0.0,0.0,0.0,0.0
R03,testing,08,363,1,0.0,0.0,0.0,0.0
R03,testing,08,364,1,0.0,0.0,0.0,0.0
R03,testing,08,365,1,0.0,0.0,0.0,0.0
R03,testing,08,366,1,0.0,0.0,0.0,0.0
R03,testing,08,367,1,0.0,0.0,0.0,0.0
R03,testing,08,368,1,0.0,0.0,0.0,0.0
R03,testing,08,369,1,0.0,0.0,0.0,0.0
R03,testing,08,370,1,0.0,0.0,0.0,0.0
R03,testing,08,371,1,0.0,0.0,0.0,0.0
R03,testing,08,372,1,0.0,0.0,0.0,0.0
R03,testing,08,373,1,0.0,0.0,0.0,0.0
R03,testing,08,374,1,0.0,0.0,0.0,0.0
R03,testing,08,375,1,0.0,0.0,0.0,0.0
R03,testing,08,376,1,0.0,0.0,0.0,0.0
R03,testing,08,377,1,0.0,0.0,0.0,0.0
R03,testing,08,378,1,0.0,0.0,0.0,0.0
R03,testing,08,379,1,0.0,0.0,0.0,0.0
R03,testing,08,380,1,0.0,0.0,0.0,0.0
R03,testing,08,381,1,0.0,0.0,0.0,0.0
R03,testing,08,382,1,0.0,0.0,0.0,0.0
R03,testing,08,383,1,0.0,0.0,0.0,0.0
R03,testing,08,384,1,0.0,0.0,0.0,0.0
R03,testing,08,385,1,0.0,0.0,0.0,0.0
R03,testing,08,386,1,0.0,0.0,0.0,0.0
R03,testing,08,387,1,0.0,0.0,0.0,0.0
R03,testing,08,388,1,0.0,0.0,0.0,0.0
R03,testing,08,389,1,0.0,0.0,0.0,0.0
R03,testing,08,390,1,0.0,0.0,0.0,0.0
R03,testing,08,391,1,0.0,0.0,0.0,0.0
R03,testing,08,392,1,0.0,0.0,0.0,0.0
R03,testing,08,393,1,0.0,0.0,0.0,0.0
R03,testing,08,394,1,0.0,0.0,0.0,0.0
R03,testing,08,395,1,0.0,0.0,0.0,0.0
R03,testing,08,396,1,0.0,0.0,0.0,0.0
R03,testing,08,397,1,0.0,0.0,0.0,0.0
R03,testing,08,398,1,0.0,0.0,0.0,0.0
R03,testing,08,399,1,0.0,0.0,0.0,0.0
R03,testing,08,400,1,0.0,0.0,0.0,0.0
R03,testing,08,401,1,0.0,0.0,0.0,0.0
R03,testing,08,402,1,0.0,0.0,0.0,0.0
R03,testing,08,403,1,0.0,0.0,0.0,0.0
R03,testing,08,404,1,0.0,0.0,0.0,0.0
R03,testing,08,405,1,0.0,0.0,0.0,0.0
R03,testing,08,406,1,0.0,0.0,0.0,0.0
R03,testing,08,407,1,0.0,0.0,0.0,0.0
R03,testing,08,408,1,0.0,0.0,0.0,0.0
R03,testing,08,409,1,0.0,0.0,0.0,0.0
R03,testing,08,410,1,0.0,0.0,0.0,0.0
R03,testing,08,411,1,0.0,0.0,0.0,0.0
R03,testing,08,412,1,0.0,0.0,0.0,0.0
R03,testing,08,413,1,0.0,0.0,0.0,0.0
R03,testing,08,414,1,0.0,0.0,0.0,0.0
R03,testing,08,415,1,0.0,0.0,0.0,0.0
R03,testing,08,416,1,0.0,0.0,0.0,0.0
R03,testing,08,417,1,0.0,0.0,0.0,0.0
R03,testing,08,418,1,0.0,0.0,0.0,0.0
R03,testing,08,419,1,0.0,0.0,0.0,0.0
R03,testing,08,420,1,0.0,0.0,0.0,0.0
R03,testing,08,421,1,0.0,0.0,0.0,0.0
R03,testing,08,422,1,0.0,0.0,0.0,0.0
R03,testing,08,423,1,0.0,0.0,0.0,0.0
R03,testing,08,424,1,0.0,0.0,0.0,0.0
R03,testing,08,425,1,0.0,0.0,0.0,0.0
R03,testing,08,426,1,0.0,0.0,0.0,0.0
R03,testing,08,427,1,0.0,0.0,0.0,0.0
R03,testing,08,428,1,0.0,0.0,0.0,0.0
R03,testing,08,429,1,0.0,0.0,0.0,0.0
R03,testing,08,430,1,0.0,0.0,0.0,0.0
R03,testing,08,431,1,0.0,0.0,0.0,0.0
R03,testing,08,432,1,0.0,0.0,0.0,0.0
R03,testing,08,433,1,0.0,0.0,0.0,0.0
R03,testing,08,434,1,0.0,0.0,0.0,0.0
R03,testing,08,435,1,0.0,0.0,0.0,0.0
R03,testing,08,436,1,0.0,0.0,0.0,0.0
R03,testing,08,437,1,0.0,0.0,0.0,0.0
R03,testing,08,438,1,0.0,0.0,0.0,0.0
R03,testing,08,439,1,0.0,0.0,0.0,0.0
R03,testing,08,440,1,0.0,0.0,0.0,0.0
R03,testing,08,441,1,0.0,0.0,0.0,0.0
R03,testing,08,442,1,0.0,0.0,0.0,0.0
R03,testing,08,443,1,0.0,0.0,0.0,0.0
R03,testing,08,444,1,0.0,0.0,0.0,0.0
R03,testing,08,445,1,0.0,0.0,0.0,0.0
R03,testing,08,446,1,0.0,0.0,0.0,0.0
R03,testing,08,447,1,0.0,0.0,0.0,0.0
R03,testing,08,448,1,0.0,0.0,0.0,0.0
R03,testing,08,449,1,0.0,0.0,0.0,0.0
R03,testing,08,450,1,0.0,0.0,0.0,0.0
R03,testing,08,451,1,0.0,0.0,0.0,0.0
R03,testing,08,452,1,0.0,0.0,0.0,0.0
R03,testing,08,453,1,0.0,0.0,0.0,0.0
R03,testing,08,454,1,0.0,0.0,0.0,0.0
R03,testing,08,455,1,0.0,0.0,0.0,0.0
R03,testing,08,456,1,0.0,0.0,0.0,0.0
R03,testing,08,457,1,0.0,0.0,0.0,0.0
R03,testing,08,458,1,0.0,0.0,0.0,0.0
R03,testing,08,459,1,0.0,0.0,0.0,0.0
R03,testing,08,460,1,0.0,0.0,0.0,0.0
R03,testing,08,461,1,0.0,0.0,0.0,0.0
R03,testing,08,462,1,0.0,0.0,0.0,0.0
R03,testing,08,463,1,0.0,0.0,0.0,0.0
R03,testing,08,464,1,0.0,0.0,0.0,0.0
R03,testing,08,465,1,0.0,0.0,0.0,0.0
R03,testing,08,466,1,0.0,0.0,0.0,0.0
R03,testing,08,467,1,0.0,0.0,0.0,0.0
R03,testing,08,468,1,0.0,0.0,0.0,0.0
R03,testing,08,469,1,0.0,0.0,0.0,0.0
R03,testing,08,470,1,0.0,0.0,0.0,0.0
R03,testing,08,471,1,0.0,0.0,0.0,0.0
R03,testing,08,472,1,0.0,0.0,0.0,0.0
R03,testing,08,473,1,0.0,0.0,0.0,0.0
R03,testing,08,474,1,0.0,0.0,0.0,0.0
R03,testing,08,475,1,0.0,0.0,0.0,0.0
R03,testing,08,476,1,0.0,0.0,0.0,0.0
R03,testing,08,477,1,0.0,0.0,0.0,0.0
R03,testing,08,478,1,0.0,0.0,0.0,0.0
R03,testing,08,479,1,0.0,0.0,0.0,0.0
R03,testing,08,480,1,0.0,0.0,0.0,0.0
R03,testing,08,481,1,0.0,0.0,0.0,0.0
R03,testing,08,482,1,0.0,0.0,0.0,0.0
R03,testing,08,483,1,0.0,0.0,0.0,0.0
R03,testing,08,484,1,0.0,0.0,0.0,0.0
R03,testing,08,485,1,0.0,0.0,0.0,0.0
R03,testing,08,486,1,0.0,0.0,0.0,0.0
R03,testing,08,487,1,0.0,0.0,0.0,0.0
R03,testing,08,488,1,0.0,0.0,0.0,0.0
R03,testing,08,489,1,0.0,0.0,0.0,0.0
R03,testing,08,490,1,0.0,0.0,0.0,0.0
R03,testing,08,491,1,0.0,0.0,0.0,0.0
R03,testing,08,492,1,0.0,0.0,0.0,0.0
R03,testing,08,493,1,0.0,0.0,0.0,0.0
R03,testing,08,494,1,0.0,0.0,0.0,0.0
R03,testing,08,495,1,0.0,0.0,0.0,0.0
R03,testing,08,496,1,0.0,0.0,0.0,0.0
R03,testing,08,497,1,0.0,0.0,0.0,0.0
R03,testing,08,498,1,0.0,0.0,0.0,0.0
R03,testing,08,499,1,0.0,0.0,0.0,0.0
R03,testing,08,500,1,0.0,0.0,0.0,0.0
R03,testing,08,501,1,0.0,0.0,0.0,0.0
R03,testing,08,502,1,0.0,0.0,0.0,0.0
R03,testing,08,503,1,0.0,0.0,0.0,0.0
R03,testing,08,504,1,0.0,0.0,0.0,0.0
R03,testing,08,505,1,0.0,0.0,0.0,0.0
R03,testing,08,506,1,0.0,0.0,0.0,0.0
R03,testing,08,507,1,0.0,0.0,0.0,0.0
R03,testing,08,508,1,0.0,0.0,0.0,0.0
R03,testing,08,509,1,0.0,0.0,0.0,0.0
R03,testing,08,510,1,0.0,0.0,0.0,0.0
R03,testing,08,511,1,0.0,0.0,0.0,0.0
R03,testing,08,512,1,0.0,0.0,0.0,0.0
R03,testing,08,513,1,0.0,0.0,0.0,0.0
R03,testing,08,514,1,0.0,0.0,0.0,0.0
R03,testing,08,515,1,0.0,0.0,0.0,0.0
R03,testing,08,516,1,0.0,0.0,0.0,0.0
R03,testing,08,517,1,0.0,0.0,0.0,0.0
R03,testing,08,518,1,0.0,0.0,0.0,0.0
R03,testing,08,519,1,0.0,0.0,0.0,0.0
R03,testing,08,520,1,0.0,0.0,0.0,0.0
R03,testing,08,521,1,0.0,0.0,0.0,0.0
R03,testing,08,522,1,0.0,0.0,0.0,0.0
R03,testing,08,523,1,0.0,0.0,0.0,0.0
R03,testing,08,524,1,0.0,0.0,0.0,0.0
R03,testing,08,525,1,0.0,0.0,0.0,0.0
R03,testing,08,526,1,0.0,0.0,0.0,0.0
R03,testing,08,527,1,0.0,0.0,0.0,0.0
R03,testing,08,528,1,0.0,0.0,0.0,0.0
R03,testing,08,529,1,0.0,0.0,0.0,0.0
R03,testing,08,530,1,0.0,0.0,0.0,0.0
R03,testing,08,531,1,0.0,0.0,0.0,0.0
R03,testing,08,532,1,0.0,0.0,0.0,0.0
R03,testing,08,533,1,0.0,0.0,0.0,0.0
R03,testing,08,534,1,0.0,0.0,0.0,0.0
R03,testing,08,535,1,0.0,0.0,0.0,0.0
R03,testing,08,536,1,0.0,0.0,0.0,0.0
R03,testing,08,537,1,0.0,0.0,0.0,0.0
R03,testing,08,538,1,0.0,0.0,0.0,0.0
R03,testing,08,539,1,0.0,0.0,0.0,0.0
R03,testing,08,540,1,0.0,0.0,0.0,0.0
R03,testing,08,541,1,0.0,0.0,0.0,0.0
R03,testing,08,542,1,0.0,0.0,0.0,0.0
R03,testing,08,543,1,0.0,0.0,0.0,0.0
R03,testing,08,544,1,0.0,0.0,0.0,0.0
R03,testing,08,545,1,0.0,0.0,0.0,0.0
R03,testing,08,546,1,0.0,0.0,0.0,0.0
R03,testing,08,547,1,0.0,0.0,0.0,0.0
R03,testing,08,548,1,0.0,0.0,0.0,0.0
R03,testing,08,549,1,0.0,0.0,0.0,0.0
R03,testing,08,550,1,0.0,0.0,0.0,0.0
R03,testing,08,551,1,0.0,0.0,0.0,0.0
R03,testing,08,552,1,0.0,0.0,0.0,0.0
R03,testing,08,553,1,0.0,0.0,0.0,0.0
R03,testing,08,554,1,0.0,0.0,0.0,0.0
R03,testing,08,555,1,0.0,0.0,0.0,0.0
R03,testing,08,556,1,0.0,0.0,0.0,0.0
R03,testing,08,557,1,0.0,0.0,0.0,0.0
R03,testing,08,558,1,0.0,0.0,0.0,0.0
R03,testing,08,559,1,0.0,0.0,0.0,0.0
R03,testing,08,560,1,0.0,0.0,0.0,0.0
R03,testing,08,561,1,0.0,0.0,0.0,0.0
R03,testing,08,562,1,0.0,0.0,0.0,0.0
R03,testing,08,563,1,0.0,0.0,0.0,0.0
R03,testing,08,564,1,0.0,0.0,0.0,0.0
R03,testing,08,565,1,0.0,0.0,0.0,0.0
R03,testing,08,566,1,0.0,0.0,0.0,0.0
R03,testing,08,567,1,0.0,0.0,0.0,0.0
R03,testing,08,568,1,0.0,0.0,0.0,0.0
R03,testing,08,569,1,0.0,0.0,0.0,0.0
R03,testing,08,570,1,0.0,0.0,0.0,0.0
R03,testing,08,571,1,0.0,0.0,0.0,0.0
R03,testing,08,572,1,0.0,0.0,0.0,0.0
R03,testing,08,573,1,0.0,0.0,0.0,0.0
R03,testing,08,574,1,0.0,0.0,0.0,0.0
R03,testing,08,575,1,0.0,0.0,0.0,0.0
R03,testing,08,576,1,0.0,0.0,0.0,0.0
R03,testing,08,577,1,0.0,0.0,0.0,0.0
R03,testing,08,578,1,0.0,0.0,0.0,0.0
R03,testing,08,579,1,0.0,0.0,0.0,0.0
R03,testing,08,580,1,0.0,0.0,0.0,0.0
R03,testing,08,581,1,0.0,0.0,0.0,0.0
R03,testing,08,582,1,0.0,0.0,0.0,0.0
R03,testing,08,583,1,0.0,0.0,0.0,0.0
R03,testing,08,584,1,0.0,0.0,0.0,0.0
R03,testing,08,585,1,0.0,0.0,0.0,0.0
R03,testing,08,586,1,0.0,0.0,0.0,0.0
R03,testing,08,587,1,0.0,0.0,0.0,0.0
R03,testing,08,588,1,0.0,0.0,0.0,0.0
R03,testing,08,589,1,0.0,0.0,0.0,0.0
R03,testing,08,590,1,0.0,0.0,0.0,0.0
R03,testing,08,591,1,0.0,0.0,0.0,0.0
R03,testing,08,592,1,0.0,0.0,0.0,0.0
R03,testing,08,593,1,0.0,0.0,0.0,0.0
R03,testing,08,594,1,0.0,0.0,0.0,0.0
R03,testing,08,595,1,0.0,0.0,0.0,0.0
R03,testing,08,596,1,0.0,0.0,0.0,0.0
R03,testing,08,597,1,0.0,0.0,0.0,0.0
R03,testing,08,598,1,0.0,0.0,0.0,0.0
R03,testing,08,599,1,0.0,0.0,0.0,0.0
R03,testing,08,600,1,0.0,0.0,0.0,0.0
R03,testing,08,601,1,0.0,0.0,0.0,0.0
R03,testing,08,602,1,0.0,0.0,0.0,0.0
R03,testing,08,603,1,0.0,0.0,0.0,0.0
R03,testing,08,604,1,0.0,0.0,0.0,0.0
R03,testing,08,605,1,0.0,0.0,0.0,0.0
R03,testing,08,606,1,0.0,0.0,0.0,0.0
R03,testing,08,607,1,0.0,0.0,0.0,0.0
R03,testing,08,608,1,0.0,0.0,0.0,0.0
R03,testing,08,609,1,0.0,0.0,0.0,0.0
R03,testing,08,610,1,0.0,0.0,0.0,0.0
R03,testing,08,611,1,0.0,0.0,0.0,0.0
R03,testing,08,612,1,0.0,0.0,0.0,0.0
R03,testing,08,613,1,0.0,0.0,0.0,0.0
R03,testing,08,614,1,0.0,0.0,0.0,0.0
R03,testing,08,615,1,0.0,0.0,0.0,0.0
R03,testing,08,616,1,0.0,0.0,0.0,0.0
R03,testing,08,617,1,0.0,0.0,0.0,0.0
R03,testing,08,618,1,0.0,0.0,0.0,0.0
R03,testing,08,619,1,0.0,0.0,0.0,0.0
R03,testing,08,620,1,0.0,0.0,0.0,0.0
R03,testing,08,621,1,0.0,0.0,0.0,0.0
R03,testing,08,622,1,0.0,0.0,0.0,0.0
R03,testing,08,623,1,0.0,0.0,0.0,0.0
R03,testing,08,624,1,0.0,0.0,0.0,0.0
R03,testing,08,625,1,0.0,0.0,0.0,0.0
R03,testing,08,626,1,0.0,0.0,0.0,0.0
R03,testing,08,627,1,0.0,0.0,0.0,0.0
R03,testing,08,628,1,0.0,0.0,0.0,0.0
R03,testing,08,629,1,0.0,0.0,0.0,0.0
R03,testing,08,630,1,0.0,0.0,0.0,0.0
R03,testing,08,631,1,0.0,0.0,0.0,0.0
R03,testing,08,632,1,0.0,0.0,0.0,0.0
R03,testing,08,633,1,0.0,0.0,0.0,0.0
R03,testing,08,634,1,0.0,0.0,0.0,0.0
R03,testing,08,635,1,0.0,0.0,0.0,0.0
R03,testing,08,636,1,0.0,0.0,0.0,0.0
R03,testing,08,637,1,0.0,0.0,0.0,0.0
R03,testing,08,638,1,0.0,0.0,0.0,0.0
R03,testing,08,639,1,0.0,0.0,0.0,0.0
R03,testing,08,640,1,0.0,0.0,0.0,0.0
R03,testing,08,641,1,0.0,0.0,0.0,0.0
R03,testing,08,642,1,0.0,0.0,0.0,0.0
R03,testing,08,643,1,0.0,0.0,0.0,0.0
R03,testing,08,644,1,0.0,0.0,0.0,0.0
R03,testing,08,645,1,0.0,0.0,0.0,0.0
R03,testing,08,646,1,0.0,0.0,0.0,0.0
R03,testing,08,647,0,0.0,0.0,0.0,0.0
R03,testing,08,648,0,0.0,0.0,0.0,0.0
R03,testing,08,649,0,0.0,0.0,0.0,0.0
R03,testing,08,650,0,0.0,0.0,0.0,0.0
R03,testing,08,651,0,0.0,0.0,0.0,0.0
R03,testing,08,652,0,0.0,0.0,0.0,0.0
R03,testing,08,653,0,0.0,0.0,0.0,0.0
R03,testing,08,654,0,0.0,0.0,0.0,0.0
R03,testing,08,655,0,0.0,0.0,0.0,0.0
R03,testing,08,656,0,0.0,0.0,0.0,0.0
R03,testing,08,657,0,0.0,0.0,0.0,0.0
R03,testing,08,658,0,0.0,0.0,0.0,0.0
R03,testing,08,659,0,0.0,0.0,0.0,0.0
R03,testing,08,660,0,0.0,0.0,0.0,0.0
R03,testing,08,661,0,0.0,0.0,0.0,0.0
R03,testing,08,662,0,0.0,0.0,0.0,0.0
R03,testing,08,663,0,0.0,0.0,0.0,0.0
R03,testing,08,664,0,0.0,0.0,0.0,0.0
R03,testing,08,665,0,0.0,0.0,0.0,0.0
R03,testing,08,666,0,0.0,0.0,0.0,0.0
R03,testing,08,667,0,0.0,0.0,0.0,0.0
R03,testing,08,668,0,0.0,0.0,0.0,0.0
R03,testing,08,669,0,0.0,0.0,0.0,0.0
R03,testing,08,670,0,0.0,0.0,0.0,0.0
R03,testing,08,671,0,0.0,0.0,0.0,0.0
R03,testing,08,672,0,0.0,0.0,0.0,0.0
R03,testing,08,673,0,0.0,0.0,0.0,0.0
R03,testing,08,674,0,0.0,0.0,0.0,0.0
R03,testing,08,675,0,0.0,0.0,0.0,0.0
R03,testing,08,676,0,0.0,0.0,0.0,0.0
R03,testing,08,677,0,0.0,0.0,0.0,0.0
R03,testing,08,678,0,0.0,0.0,0.0,0.0
R03,testing,08,679,0,0.0,0.0,0.0,0.0
R03,testing,08,680,0,0.0,0.0,0.0,0.0
R03,testing,08,681,0,0.0,0.0,0.0,0.0
R03,testing,08,682,0,0.0,0.0,0.0,0.0
R03,testing,08,683,0,0.0,0.0,0.0,0.0
R03,testing,08,684,0,0.0,0.0,0.0,0.0
R03,testing,08,685,0,0.0,0.0,0.0,0.0
R03,testing,08,686,0,0.0,0.0,0.0,0.0
R03,testing,08,687,0,0.0,0.0,0.0,0.0
R03,testing,08,688,0,0.0,0.0,0.0,0.0
R03,testing,08,689,0,0.0,0.0,0.0,0.0
R03,testing,08,690,0,0.0,0.0,0.0,0.0
R03,testing,08,691,0,0.0,0.0,0.0,0.0
R03,testing,08,692,0,0.0,0.0,0.0,0.0
R03,testing,08,693,0,0.0,0.0,0.0,0.0
R03,testing,08,694,0,0.0,0.0,0.0,0.0
R03,testing,11,0,0,0.0,0.0,0.0,0.0
R03,testing,11,1,0,0.0,0.0,0.0,0.0
R03,testing,11,2,0,0.0,0.0,0.0,0.0
R03,testing,11,3,0,0.0,0.0,0.0,0.0
R03,testing,11,4,0,0.0,0.0,0.0,0.0
R03,testing,11,5,0,0.0,0.0,0.0,0.0
R03,testing,11,6,0,0.0,0.0,0.0,0.0
R03,testing,11,7,0,0.0,0.0,0.0,0.0
R03,testing,11,8,0,0.0,0.0,0.0,0.0
R03,testing,11,9,0,0.0,0.0,0.0,0.0
R03,testing,11,10,0,0.0,0.0,0.0,0.0
R03,testing,11,11,0,0.0,0.0,0.0,0.0
R03,testing,11,12,0,0.0,0.0,0.0,0.0
R03,testing,11,13,0,0.0,0.0,0.0,0.0
R03,testing,11,14,0,0.0,0.0,0.0,0.0
R03,testing,11,15,0,0.0,0.0,0.0,0.0
R03,testing,11,16,0,0.0,0.0,0.0,0.0
R03,testing,11,17,0,0.0,0.0,0.0,0.0
R03,testing,11,18,0,0.0,0.0,0.0,0.0
R03,testing,11,19,0,0.0,0.0,0.0,0.0
R03,testing,11,20,0,0.0,0.0,0.0,0.0
R03,testing,11,21,0,0.0,0.0,0.0,0.0
R03,testing,11,22,0,0.0,0.0,0.0,0.0
R03,testing,11,23,0,0.0,0.0,0.0,0.0
R03,testing,11,24,0,0.0,0.0,0.0,0.0
R03,testing,11,25,0,0.0,0.0,0.0,0.0
R03,testing,11,26,0,0.0,0.0,0.0,0.0
R03,testing,11,27,0,0.0,0.0,0.0,0.0
R03,testing,11,28,0,0.0,0.0,0.0,0.0
R03,testing,11,29,0,0.0,0.0,0.0,0.0
R03,testing,11,30,0,0.0,0.0,0.0,0.0
R03,testing,11,31,0,0.0,0.0,0.0,0.0
R03,testing,11,32,0,0.0,0.0,0.0,0.0
R03,testing,11,33,0,0.0,0.0,0.0,0.0
R03,testing,11,34,0,0.0,0.0,0.0,0.0
R03,testing,11,35,0,0.0,0.0,0.0,0.0
R03,testing,11,36,0,0.0,0.0,0.0,0.0
R03,testing,11,37,0,0.0,0.0,0.0,0.0
R03,testing,11,38,0,0.0,0.0,0.0,0.0
R03,testing,11,39,0,0.0,0.0,0.0,0.0
R03,testing,11,40,0,0.0,0.0,0.0,0.0
R03,testing,11,41,0,0.0,0.0,0.0,0.0
R03,testing,11,42,0,0.0,0.0,0.0,0.0
R03,testing,11,43,0,0.0,0.0,0.0,0.0
R03,testing,11,44,0,0.0,0.0,0.0,0.0
R03,testing,11,45,0,0.0,0.0,0.0,0.0
R03,testing,11,46,0,0.0,0.0,0.0,0.0
R03,testing,11,47,0,0.0,0.0,0.0,0.0
R03,testing,11,48,0,0.0,0.0,0.0,0.0
R03,testing,11,49,0,0.0,0.0,0.0,0.0
R03,testing,11,50,0,0.0,0.0,0.0,0.0
R03,testing,11,51,0,0.0,0.0,0.0,0.0
R03,testing,11,52,0,0.0,0.0,0.0,0.0
R03,testing,11,53,0,0.0,0.0,0.0,0.0
R03,testing,11,54,0,0.0,0.0,0.0,0.0
R03,testing,11,55,0,0.0,0.0,0.0,0.0
R03,testing,11,56,0,0.0,0.0,0.0,0.0
R03,testing,11,57,0,0.0,0.0,0.0,0.0
R03,testing,11,58,0,0.0,0.0,0.0,0.0
R03,testing,11,59,0,0.0,0.0,0.0,0.0
R03,testing,11,60,0,0.0,0.0,0.0,0.0
R03,testing,11,61,0,0.0,0.0,0.0,0.0
R03,testing,11,62,0,0.0,0.0,0.0,0.0
R03,testing,11,63,0,0.0,0.0,0.0,0.0
R03,testing,11,64,0,0.0,0.0,0.0,0.0
R03,testing,11,65,0,0.0,0.0,0.0,0.0
R03,testing,11,66,0,0.0,0.0,0.0,0.0
R03,testing,11,67,0,0.0,0.0,0.0,0.0
R03,testing,11,68,0,0.0,0.0,0.0,0.0
R03,testing,11,69,0,0.0,0.0,0.0,0.0
R03,testing,11,70,0,0.0,0.0,0.0,0.0
R03,testing,11,71,0,0.0,0.0,0.0,0.0
R03,testing,11,72,0,0.0,0.0,0.0,0.0
R03,testing,11,73,0,0.0,0.0,0.0,0.0
R03,testing,11,74,0,0.0,0.0,0.0,0.0
R03,testing,11,75,0,0.0,0.0,0.0,0.0
R03,testing,11,76,0,0.0,0.0,0.0,0.0
R03,testing,11,77,0,0.0,0.0,0.0,0.0
R03,testing,11,78,0,0.0,0.0,0.0,0.0
R03,testing,11,79,0,0.0,0.0,0.0,0.0
R03,testing,11,80,0,0.0,0.0,0.0,0.0
R03,testing,11,81,0,0.0,0.0,0.0,0.0
R03,testing,11,82,0,0.0,0.0,0.0,0.0
R03,testing,11,83,0,0.0,0.0,0.0,0.0
R03,testing,11,84,0,0.0,0.0,0.0,0.0
R03,testing,11,85,0,0.0,0.0,0.0,0.0
R03,testing,11,86,0,0.0,0.0,0.0,0.0
R03,testing,11,87,0,0.0,0.0,0.0,0.0
R03,testing,11,88,0,0.0,0.0,0.0,0.0
R03,testing,11,89,0,0.0,0.0,0.0,0.0
R03,testing,11,90,0,0.0,0.0,0.0,0.0
R03,testing,11,91,0,0.0,0.0,0.0,0.0
R03,testing,11,92,0,0.0,0.0,0.0,0.0
R03,testing,11,93,0,0.0,0.0,0.0,0.0
R03,testing,11,94,0,0.0,0.0,0.0,0.0
R03,testing,11,95,0,0.0,0.0,0.0,0.0
R03,testing,11,96,0,0.0,0.0,0.0,0.0
R03,testing,11,97,0,0.0,0.0,0.0,0.0
R03,testing,11,98,0,0.0,0.0,0.0,0.0
R03,testing,11,99,0,0.0,0.0,0.0,0.0
R03,testing,11,100,0,0.0,0.0,0.0,0.0
R03,testing,11,101,0,0.0,0.0,0.0,0.0
R03,testing,11,102,0,0.0,0.0,0.0,0.0
R03,testing,11,103,0,0.0,0.0,0.0,0.0
R03,testing,11,104,0,0.0,0.0,0.0,0.0
R03,testing,11,105,0,0.0,0.0,0.0,0.0
R03,testing,11,106,0,0.0,0.0,0.0,0.0
R03,testing,11,107,0,0.0,0.0,0.0,0.0
R03,testing,11,108,0,0.0,0.0,0.0,0.0
R03,testing,11,109,0,0.0,0.0,0.0,0.0
R03,testing,11,110,0,0.0,0.0,0.0,0.0
R03,testing,11,111,0,0.0,0.0,0.0,0.0
R03,testing,11,112,0,0.0,0.0,0.0,0.0
R03,testing,11,113,0,0.0,0.0,0.0,0.0
R03,testing,11,114,0,0.0,0.0,0.0,0.0
R03,testing,11,115,0,0.0,0.0,0.0,0.0
R03,testing,11,116,0,0.0,0.0,0.0,0.0
R03,testing,11,117,0,0.0,0.0,0.0,0.0
R03,testing,11,118,0,0.0,0.0,0.0,0.0
R03,testing,11,119,0,0.0,0.0,0.0,0.0
R03,testing,11,120,0,0.0,0.0,0.0,0.0
R03,testing,11,121,0,0.0,0.0,0.0,0.0
R03,testing,11,122,0,0.0,0.0,0.0,0.0
R03,testing,11,123,0,0.0,0.0,0.0,0.0
R03,testing,11,124,0,0.0,0.0,0.0,0.0
R03,testing,11,125,0,0.0,0.0,0.0,0.0
R03,testing,11,126,0,0.0,0.0,0.0,0.0
R03,testing,11,127,0,0.0,0.0,0.0,0.0
R03,testing,11,128,0,0.0,0.0,0.0,0.0
R03,testing,11,129,0,0.0,0.0,0.0,0.0
R03,testing,11,130,0,0.0,0.0,0.0,0.0
R03,testing,11,131,0,0.0,0.0,0.0,0.0
R03,testing,11,132,0,0.0,0.0,0.0,0.0
R03,testing,11,133,0,0.0,0.0,0.0,0.0
R03,testing,11,134,0,0.0,0.0,0.0,0.0
R03,testing,11,135,0,0.0,0.0,0.0,0.0
R03,testing,11,136,0,0.0,0.0,0.0,0.0
R03,testing,11,137,0,0.0,0.0,0.0,0.0
R03,testing,11,138,0,0.0,0.0,0.0,0.0
R03,testing,11,139,0,0.0,0.0,0.0,0.0
R03,testing,11,140,0,0.0,0.0,0.0,0.0
R03,testing,11,141,0,0.0,0.0,0.0,0.0
R03,testing,11,142,0,0.0,0.0,0.0,0.0
R03,testing,11,143,0,0.0,0.0,0.0,0.0
R03,testing,11,144,0,0.0,0.0,0.0,0.0
R03,testing,11,145,0,0.0,0.0,0.0,0.0
R03,testing,11,146,0,0.0,0.0,0.0,0.0
R03,testing,11,147,0,0.0,0.0,0.0,0.0
R03,testing,11,148,0,0.0,0.0,0.0,0.0
R03,testing,11,149,0,0.0,0.0,0.0,0.0
R03,testing,11,150,0,0.0,0.0,0.0,0.0
R03,testing,11,151,0,0.0,0.0,0.0,0.0
R03,testing,11,152,0,0.0,0.0,0.0,0.0
R03,testing,11,153,0,0.0,0.0,0.0,0.0
R03,testing,11,154,0,0.0,0.0,0.0,0.0
R03,testing,11,155,0,0.0,0.0,0.0,0.0
R03,testing,11,156,0,0.0,0.0,0.0,0.0
R03,testing,11,157,0,0.0,0.0,0.0,0.0
R03,testing,11,158,0,0.0,0.0,0.0,0.0
R03,testing,11,159,0,0.0,0.0,0.0,0.0
R03,testing,11,160,0,0.0,0.0,0.0,0.0
R03,testing,11,161,0,0.0,0.0,0.0,0.0
R03,testing,11,162,0,0.0,0.0,0.0,0.0
R03,testing,11,163,0,0.0,0.0,0.0,0.0
R03,testing,11,164,0,0.0,0.0,0.0,0.0
R03,testing,11,165,0,0.0,0.0,0.0,0.0
R03,testing,11,166,0,0.0,0.0,0.0,0.0
R03,testing,11,167,0,0.0,0.0,0.0,0.0
R03,testing,11,168,0,0.0,0.0,0.0,0.0
R03,testing,11,169,0,0.0,0.0,0.0,0.0
R03,testing,11,170,0,0.0,0.0,0.0,0.0
R03,testing,11,171,0,0.0,0.0,0.0,0.0
R03,testing,11,172,0,0.0,0.0,0.0,0.0
R03,testing,11,173,0,0.0,0.0,0.0,0.0
R03,testing,11,174,0,0.0,0.0,0.0,0.0
R03,testing,11,175,0,0.0,0.0,0.0,0.0
R03,testing,11,176,0,0.0,0.0,0.0,0.0
R03,testing,11,177,0,0.0,0.0,0.0,0.0
R03,testing,11,178,0,0.0,0.0,0.0,0.0
R03,testing,11,179,0,0.0,0.0,0.0,0.0
R03,testing,11,180,0,0.0,0.0,0.0,0.0
R03,testing,11,181,0,0.0,0.0,0.0,0.0
R03,testing,11,182,0,0.0,0.0,0.0,0.0
R03,testing,11,183,0,0.0,0.0,0.0,0.0
R03,testing,11,184,0,0.0,0.0,0.0,0.0
R03,testing,11,185,0,0.0,0.0,0.0,0.0
R03,testing,11,186,0,0.0,0.0,0.0,0.0
R03,testing,11,187,0,0.0,0.0,0.0,0.0
R03,testing,11,188,0,0.0,0.0,0.0,0.0
R03,testing,11,189,0,0.0,0.0,0.0,0.0
R03,testing,11,190,0,0.0,0.0,0.0,0.0
R03,testing,11,191,0,0.0,0.0,0.0,0.0
R03,testing,11,192,0,0.0,0.0,0.0,0.0
R03,testing,11,193,0,0.0,0.0,0.0,0.0
R03,testing,11,194,0,0.0,0.0,0.0,0.0
R03,testing,11,195,0,0.0,0.0,0.0,0.0
R03,testing,11,196,0,0.0,0.0,0.0,0.0
R03,testing,11,197,0,0.0,0.0,0.0,0.0
R03,testing,11,198,0,0.0,0.0,0.0,0.0
R03,testing,11,199,0,0.0,0.0,0.0,0.0
R03,testing,11,200,0,0.0,0.0,0.0,0.0
R03,testing,11,201,0,0.0,0.0,0.0,0.0
R03,testing,11,202,0,0.0,0.0,0.0,0.0
R03,testing,11,203,0,0.0,0.0,0.0,0.0
R03,testing,11,204,0,0.0,0.0,0.0,0.0
R03,testing,11,205,0,0.0,0.0,0.0,0.0
R03,testing,11,206,0,0.0,0.0,0.0,0.0
R03,testing,11,207,0,0.0,0.0,0.0,0.0
R03,testing,11,208,0,0.0,0.0,0.0,0.0
R03,testing,11,209,0,0.0,0.0,0.0,0.0
R03,testing,11,210,0,0.0,0.0,0.0,0.0
R03,testing,11,211,0,0.0,0.0,0.0,0.0
R03,testing,11,212,0,0.0,0.0,0.0,0.0
R03,testing,11,213,0,0.0,0.0,0.0,0.0
R03,testing,11,214,0,0.0,0.0,0.0,0.0
R03,testing,11,215,0,0.0,0.0,0.0,0.0
R03,testing,11,216,0,0.0,0.0,0.0,0.0
R03,testing,11,217,0,0.0,0.0,0.0,0.0
R03,testing,11,218,0,0.0,0.0,0.0,0.0
R03,testing,11,219,0,0.0,0.0,0.0,0.0
R03,testing,11,220,0,0.0,0.0,0.0,0.0
R03,testing,11,221,0,0.0,0.0,0.0,0.0
R03,testing,11,222,0,0.0,0.0,0.0,0.0
R03,testing,11,223,0,0.0,0.0,0.0,0.0
R03,testing,11,224,0,0.0,0.0,0.0,0.0
R03,testing,11,225,0,0.0,0.0,0.0,0.0
R03,testing,11,226,0,0.0,0.0,0.0,0.0
R03,testing,11,227,0,0.0,0.0,0.0,0.0
R03,testing,11,228,0,0.0,0.0,0.0,0.0
R03,testing,11,229,0,0.0,0.0,0.0,0.0
R03,testing,11,230,0,0.0,0.0,0.0,0.0
R03,testing,11,231,0,0.0,0.0,0.0,0.0
R03,testing,11,232,0,0.0,0.0,0.0,0.0
R03,testing,11,233,0,0.0,0.0,0.0,0.0
R03,testing,11,234,0,0.0,0.0,0.0,0.0
R03,testing,11,235,0,0.0,0.0,0.0,0.0
R03,testing,11,236,0,0.0,0.0,0.0,0.0
R03,testing,11,237,0,0.0,0.0,0.0,0.0
R03,testing,11,238,0,0.0,0.0,0.0,0.0
R03,testing,11,239,0,0.0,0.0,0.0,0.0
R03,testing,11,240,0,0.0,0.0,0.0,0.0
R03,testing,11,241,0,0.0,0.0,0.0,0.0
R03,testing,11,242,0,0.0,0.0,0.0,0.0
R03,testing,11,243,0,0.0,0.0,0.0,0.0
R03,testing,11,244,0,0.0,0.0,0.0,0.0
R03,testing,11,245,0,0.0,0.0,0.0,0.0
R03,testing,11,246,0,0.0,0.0,0.0,0.0
R03,testing,11,247,0,0.0,0.0,0.0,0.0
R03,testing,11,248,0,0.0,0.0,0.0,0.0
R03,testing,11,249,0,0.0,0.0,0.0,0.0
R03,testing,11,250,0,0.0,0.0,0.0,0.0
R03,testing,11,251,0,0.0,0.0,0.0,0.0
R03,testing,11,252,0,0.0,0.0,0.0,0.0
R03,testing,11,253,0,0.0,0.0,0.0,0.0
R03,testing,11,254,0,0.0,0.0,0.0,0.0
R03,testing,11,255,0,0.0,0.0,0.0,0.0
R03,testing,11,256,0,0.0,0.0,0.0,0.0
R03,testing,11,257,0,0.0,0.0,0.0,0.0
R03,testing,11,258,0,0.0,0.0,0.0,0.0
R03,testing,11,259,0,0.0,0.0,0.0,0.0
R03,testing,11,260,0,0.0,0.0,0.0,0.0
R03,testing,11,261,0,0.0,0.0,0.0,0.0
R03,testing,11,262,0,0.0,0.0,0.0,0.0
R03,testing,11,263,0,0.0,0.0,0.0,0.0
R03,testing,11,264,0,0.0,0.0,0.0,0.0
R03,testing,11,265,0,0.0,0.0,0.0,0.0
R03,testing,11,266,0,0.0,0.0,0.0,0.0
R03,testing,11,267,0,0.0,0.0,0.0,0.0
R03,testing,11,268,0,0.0,0.0,0.0,0.0
R03,testing,11,269,0,0.0,0.0,0.0,0.0
R03,testing,11,270,0,0.0,0.0,0.0,0.0
R03,testing,11,271,0,0.0,0.0,0.0,0.0
R03,testing,11,272,0,0.0,0.0,0.0,0.0
R03,testing,11,273,0,0.0,0.0,0.0,0.0
R03,testing,11,274,0,0.0,0.0,0.0,0.0
R03,testing,11,275,0,0.0,0.0,0.0,0.0
R03,testing,11,276,0,0.0,0.0,0.0,0.0
R03,testing,11,277,0,0.0,0.0,0.0,0.0
R03,testing,11,278,0,0.0,0.0,0.0,0.0
R03,testing,11,279,0,0.0,0.0,0.0,0.0
R03,testing,11,280,0,0.0,0.0,0.0,0.0
R03,testing,11,281,0,0.0,0.0,0.0,0.0
R03,testing,11,282,0,0.0,0.0,0.0,0.0
R03,testing,11,283,0,0.0,0.0,0.0,0.0
R03,testing,11,284,0,0.0,0.0,0.0,0.0
R03,testing,11,285,0,0.0,0.0,0.0,0.0
R03,testing,11,286,0,0.0,0.0,0.0,0.0
R03,testing,11,287,0,0.0,0.0,0.0,0.0
R03,testing,11,288,0,0.0,0.0,0.0,0.0
R03,testing,11,289,0,0.0,0.0,0.0,0.0
R03,testing,11,290,0,0.0,0.0,0.0,0.0
R03,testing,11,291,0,0.0,0.0,0.0,0.0
R03,testing,11,292,0,0.0,0.0,0.0,0.0
R03,testing,11,293,0,0.0,0.0,0.0,0.0
R03,testing,11,294,0,0.0,0.0,0.0,0.0
R03,testing,11,295,0,0.0,0.0,0.0,0.0
R03,testing,11,296,0,0.0,0.0,0.0,0.0
R03,testing,11,297,0,0.0,0.0,0.0,0.0
R03,testing,11,298,0,0.0,0.0,0.0,0.0
R03,testing,11,299,0,0.0,0.0,0.0,0.0
R03,testing,11,300,0,0.0,0.0,0.0,0.0
R03,testing,11,301,0,0.0,0.0,0.0,0.0
R03,testing,11,302,0,0.0,0.0,0.0,0.0
R03,testing,11,303,0,0.0,0.0,0.0,0.0
R03,testing,11,304,0,0.0,0.0,0.0,0.0
R03,testing,11,305,0,0.0,0.0,0.0,0.0
R03,testing,11,306,0,0.0,0.0,0.0,0.0
R03,testing,11,307,0,0.0,0.0,0.0,0.0
R03,testing,11,308,0,0.0,0.0,0.0,0.0
R03,testing,11,309,0,0.0,0.0,0.0,0.0
R03,testing,11,310,0,0.0,0.0,0.0,0.0
R03,testing,11,311,0,0.0,0.0,0.0,0.0
R03,testing,11,312,0,0.0,0.0,0.0,0.0
R03,testing,11,313,0,0.0,0.0,0.0,0.0
R03,testing,11,314,0,0.0,0.0,0.0,0.0
R03,testing,11,315,0,0.0,0.0,0.0,0.0
R03,testing,11,316,0,0.0,0.0,0.0,0.0
R03,testing,11,317,0,0.0,0.0,0.0,0.0
R03,testing,11,318,0,0.0,0.0,0.0,0.0
R03,testing,11,319,0,0.0,0.0,0.0,0.0
R03,testing,11,320,0,0.0,0.0,0.0,0.0
R03,testing,11,321,0,0.0,0.0,0.0,0.0
R03,testing,11,322,0,0.0,0.0,0.0,0.0
R03,testing,11,323,0,0.0,0.0,0.0,0.0
R03,testing,11,324,0,0.0,0.0,0.0,0.0
R03,testing,11,325,0,0.0,0.0,0.0,0.0
R03,testing,11,326,0,0.0,0.0,0.0,0.0
R03,testing,11,327,0,0.0,0.0,0.0,0.0
R03,testing,11,328,0,0.0,0.0,0.0,0.0
R03,testing,11,329,0,0.0,0.0,0.0,0.0
R03,testing,11,330,0,0.0,0.0,0.0,0.0
R03,testing,11,331,0,0.0,0.0,0.0,0.0
R03,testing,11,332,0,0.0,0.0,0.0,0.0
R03,testing,11,333,0,0.0,0.0,0.0,0.0
R03,testing,11,334,0,0.0,0.0,0.0,0.0
R03,testing,11,335,0,0.0,0.0,0.0,0.0
R03,testing,11,336,0,0.0,0.0,0.0,0.0
R03,testing,11,337,0,0.0,0.0,0.0,0.0
R03,testing,11,338,0,0.0,0.0,0.0,0.0
R03,testing,11,339,0,0.0,0.0,0.0,0.0
R03,testing,11,340,0,0.0,0.0,0.0,0.0
R03,testing,11,341,0,0.0,0.0,0.0,0.0
R03,testing,11,342,0,0.0,0.0,0.0,0.0
R03,testing,11,343,0,0.0,0.0,0.0,0.0
R03,testing,11,344,0,0.0,0.0,0.0,0.0
R03,testing,11,345,0,0.0,0.0,0.0,0.0
R03,testing,11,346,0,0.0,0.0,0.0,0.0
R03,testing,11,347,0,0.0,0.0,0.0,0.0
R03,testing,11,348,0,0.0,0.0,0.0,0.0
R03,testing,11,349,0,0.0,0.0,0.0,0.0
R03,testing,11,350,0,0.0,0.0,0.0,0.0
R03,testing,11,351,0,0.0,0.0,0.0,0.0
R03,testing,11,352,0,0.0,0.0,0.0,0.0
R03,testing,11,353,0,0.0,0.0,0.0,0.0
R03,testing,11,354,0,0.0,0.0,0.0,0.0
R03,testing,11,355,0,0.0,0.0,0.0,0.0
R03,testing,11,356,0,0.0,0.0,0.0,0.0
R03,testing,11,357,0,0.0,0.0,0.0,0.0
R03,testing,11,358,0,0.0,0.0,0.0,0.0
R03,testing,11,359,0,0.0,0.0,0.0,0.0
R03,testing,11,360,0,0.0,0.0,0.0,0.0
R03,testing,11,361,0,0.0,0.0,0.0,0.0
R03,testing,11,362,0,0.0,0.0,0.0,0.0
R03,testing,11,363,0,0.0,0.0,0.0,0.0
R03,testing,11,364,0,0.0,0.0,0.0,0.0
R03,testing,11,365,0,0.0,0.0,0.0,0.0
R03,testing,11,366,0,0.0,0.0,0.0,0.0
R03,testing,11,367,0,0.0,0.0,0.0,0.0
R03,testing,11,368,0,0.0,0.0,0.0,0.0
R03,testing,11,369,0,0.0,0.0,0.0,0.0
R03,testing,11,370,0,0.0,0.0,0.0,0.0
R03,testing,11,371,0,0.0,0.0,0.0,0.0
R03,testing,11,372,0,0.0,0.0,0.0,0.0
R03,testing,11,373,0,0.0,0.0,0.0,0.0
R03,testing,11,374,0,0.0,0.0,0.0,0.0
R03,testing,11,375,0,0.0,0.0,0.0,0.0
R03,testing,11,376,0,0.0,0.0,0.0,0.0
R03,testing,11,377,0,0.0,0.0,0.0,0.0
R03,testing,11,378,0,0.0,0.0,0.0,0.0
R03,testing,11,379,0,0.0,0.0,0.0,0.0
R03,testing,11,380,0,0.0,0.0,0.0,0.0
R03,testing,11,381,0,0.0,0.0,0.0,0.0
R03,testing,11,382,0,0.0,0.0,0.0,0.0
R03,testing,11,383,0,0.0,0.0,0.0,0.0
R03,testing,11,384,0,0.0,0.0,0.0,0.0
R03,testing,11,385,0,0.0,0.0,0.0,0.0
R03,testing,11,386,0,0.0,0.0,0.0,0.0
R03,testing,11,387,0,0.0,0.0,0.0,0.0
R03,testing,11,388,0,0.0,0.0,0.0,0.0
R03,testing,11,389,0,0.0,0.0,0.0,0.0
R03,testing,11,390,0,0.0,0.0,0.0,0.0
R03,testing,11,391,0,0.0,0.0,0.0,0.0
R03,testing,11,392,0,0.0,0.0,0.0,0.0
R03,testing,11,393,0,0.0,0.0,0.0,0.0
R03,testing,11,394,0,0.0,0.0,0.0,0.0
R03,testing,11,395,0,0.0,0.0,0.0,0.0
R03,testing,11,396,0,0.0,0.0,0.0,0.0
R03,testing,11,397,0,0.0,0.0,0.0,0.0
R03,testing,11,398,0,0.0,0.0,0.0,0.0
R03,testing,11,399,0,0.0,0.0,0.0,0.0
R03,testing,11,400,0,0.0,0.0,0.0,0.0
R03,testing,11,401,0,0.0,0.0,0.0,0.0
R03,testing,11,402,0,0.0,0.0,0.0,0.0
R03,testing,11,403,0,0.0,0.0,0.0,0.0
R03,testing,11,404,0,0.0,0.0,0.0,0.0
R03,testing,11,405,0,0.0,0.0,0.0,0.0
R03,testing,11,406,0,0.0,0.0,0.0,0.0
R03,testing,11,407,0,0.0,0.0,0.0,0.0
R03,testing,11,408,0,0.0,0.0,0.0,0.0
R03,testing,11,409,0,0.0,0.0,0.0,0.0
R03,testing,11,410,0,0.0,0.0,0.0,0.0
R03,testing,11,411,0,0.0,0.0,0.0,0.0
R03,testing,11,412,0,0.0,0.0,0.0,0.0
R03,testing,11,413,0,0.0,0.0,0.0,0.0
R03,testing,11,414,0,0.0,0.0,0.0,0.0
R03,testing,11,415,0,0.0,0.0,0.0,0.0
R03,testing,11,416,0,0.0,0.0,0.0,0.0
R03,testing,11,417,0,0.0,0.0,0.0,0.0
R03,testing,11,418,0,0.0,0.0,0.0,0.0
R03,testing,11,419,0,0.0,0.0,0.0,0.0
R03,testing,11,420,0,0.0,0.0,0.0,0.0
R03,testing,11,421,0,0.0,0.0,0.0,0.0
R03,testing,11,422,0,0.0,0.0,0.0,0.0
R03,testing,11,423,0,0.0,0.0,0.0,0.0
R03,testing,11,424,0,0.0,0.0,0.0,0.0
R03,testing,11,425,0,0.0,0.0,0.0,0.0
R03,testing,11,426,0,0.0,0.0,0.0,0.0
R03,testing,11,427,0,0.0,0.0,0.0,0.0
R03,testing,11,428,0,0.0,0.0,0.0,0.0
R03,testing,11,429,0,0.0,0.0,0.0,0.0
R03,testing,11,430,0,0.0,0.0,0.0,0.0
R03,testing,11,431,0,0.0,0.0,0.0,0.0
R03,testing,11,432,0,0.0,0.0,0.0,0.0
R03,testing,11,433,0,0.0,0.0,0.0,0.0
R03,testing,11,434,0,0.0,0.0,0.0,0.0
R03,testing,11,435,0,0.0,0.0,0.0,0.0
R03,testing,11,436,0,0.0,0.0,0.0,0.0
R03,testing,11,437,0,0.0,0.0,0.0,0.0
R03,testing,11,438,0,0.0,0.0,0.0,0.0
R03,testing,11,439,0,0.0,0.0,0.0,0.0
R03,testing,11,440,0,0.0,0.0,0.0,0.0
R03,testing,11,441,0,0.0,0.0,0.0,0.0
R03,testing,11,442,0,0.0,0.0,0.0,0.0
R03,testing,11,443,0,0.0,0.0,0.0,0.0
R03,testing,11,444,0,0.0,0.0,0.0,0.0
R03,testing,11,445,0,0.0,0.0,0.0,0.0
R03,testing,11,446,0,0.0,0.0,0.0,0.0
R03,testing,11,447,0,0.0,0.0,0.0,0.0
R03,testing,11,448,0,0.0,0.0,0.0,0.0
R03,testing,11,449,0,0.0,0.0,0.0,0.0
R03,testing,11,450,0,0.0,0.0,0.0,0.0
R03,testing,11,451,0,0.0,0.0,0.0,0.0
R03,testing,11,452,0,0.0,0.0,0.0,0.0
R03,testing,11,453,0,0.0,0.0,0.0,0.0
R03,testing,11,454,0,0.0,0.0,0.0,0.0
R03,testing,11,455,0,0.0,0.0,0.0,0.0
R03,testing,11,456,0,0.0,0.0,0.0,0.0
R03,testing,11,457,0,0.0,0.0,0.0,0.0
R03,testing,11,458,0,0.0,0.0,0.0,0.0
R03,testing,11,459,0,0.0,0.0,0.0,0.0
R03,testing,11,460,0,0.0,0.0,0.0,0.0
R03,testing,11,461,0,0.0,0.0,0.0,0.0
R03,testing,11,462,0,0.0,0.0,0.0,0.0
R03,testing,11,463,0,0.0,0.0,0.0,0.0
R03,testing,11,464,0,0.0,0.0,0.0,0.0
R03,testing,11,465,0,0.0,0.0,0.0,0.0
R03,testing,11,466,0,0.0,0.0,0.0,0.0
R03,testing,11,467,0,0.0,0.0,0.0,0.0
R03,testing,11,468,0,0.0,0.0,0.0,0.0
R03,testing,11,469,0,0.0,0.0,0.0,0.0
R03,testing,11,470,0,0.0,0.0,0.0,0.0
R03,testing,11,471,0,0.0,0.0,0.0,0.0
R03,testing,11,472,0,0.0,0.0,0.0,0.0
R03,testing,11,473,0,0.0,0.0,0.0,0.0
R03,testing,11,474,0,0.0,0.0,0.0,0.0
R03,testing,11,475,0,0.0,0.0,0.0,0.0
R03,testing,11,476,0,0.0,0.0,0.0,0.0
R03,testing,11,477,0,0.0,0.0,0.0,0.0
R03,testing,11,478,0,0.0,0.0,0.0,0.0
R03,testing,11,479,0,0.0,0.0,0.0,0.0
R03,testing,11,480,0,0.0,0.0,0.0,0.0
R03,testing,11,481,0,0.0,0.0,0.0,0.0
R03,testing,11,482,0,0.0,0.0,0.0,0.0
R03,testing,11,483,0,0.0,0.0,0.0,0.0
R03,testing,11,484,0,0.0,0.0,0.0,0.0
R03,testing,11,485,0,0.0,0.0,0.0,0.0
R03,testing,11,486,0,0.0,0.0,0.0,0.0
R03,testing,11,487,0,0.0,0.0,0.0,0.0
R03,testing,11,488,0,0.0,0.0,0.0,0.0
R03,testing,11,489,0,0.0,0.0,0.0,0.0
R03,testing,11,490,1,0.0,0.0,0.0,0.0
R03,testing,11,491,1,0.0,0.0,0.0,0.0
R03,testing,11,492,1,0.0,0.0,0.0,0.0
R03,testing,11,493,1,0.0,0.0,0.0,0.0
R03,testing,11,494,1,0.0,0.0,0.0,0.0
R03,testing,11,495,1,0.0,0.0,0.0,0.0
R03,testing,11,496,1,0.0,0.0,0.0,0.0
R03,testing,11,497,1,0.0,0.0,0.0,0.0
R03,testing,11,498,1,0.0,0.0,0.0,0.0
R03,testing,11,499,1,0.0,0.0,0.0,0.0
R03,testing,11,500,1,0.0,0.0,0.0,0.0
R03,testing,11,501,1,0.0,0.0,0.0,0.0
R03,testing,11,502,1,0.0,0.0,0.0,0.0
R03,testing,11,503,1,0.0,0.0,0.0,0.0
R03,testing,11,504,1,0.0,0.0,0.0,0.0
R03,testing,11,505,1,0.0,0.0,0.0,0.0
R03,testing,11,506,1,0.0,0.0,0.0,0.0
R03,testing,11,507,1,0.0,0.0,0.0,0.0
R03,testing,11,508,1,0.0,0.0,0.0,0.0
R03,testing,11,509,1,0.0,0.0,0.0,0.0
R03,testing,11,510,1,0.0,0.0,0.0,0.0
R03,testing,11,511,1,0.0,0.0,0.0,0.0
R03,testing,11,512,1,0.0,0.0,0.0,0.0
R03,testing,11,513,1,0.0,0.0,0.0,0.0
R03,testing,11,514,1,0.0,0.0,0.0,0.0
R03,testing,11,515,1,0.0,0.0,0.0,0.0
R03,testing,11,516,1,0.0,0.0,0.0,0.0
R03,testing,11,517,1,0.0,0.0,0.0,0.0
R03,testing,11,518,1,0.0,0.0,0.0,0.0
R03,testing,11,519,1,0.0,0.0,0.0,0.0
R03,testing,11,520,1,0.0,0.0,0.0,0.0
R03,testing,11,521,1,0.0,0.0,0.0,0.0
R03,testing,11,522,1,0.0,0.0,0.0,0.0
R03,testing,11,523,1,0.0,0.0,0.0,0.0
R03,testing,11,524,1,0.0,0.0,0.0,0.0
R03,testing,11,525,1,0.0,0.0,0.0,0.0
R03,testing,11,526,1,0.0,0.0,0.0,0.0
R03,testing,11,527,1,0.0,0.0,0.0,0.0
R03,testing,11,528,1,0.0,0.0,0.0,0.0
R03,testing,11,529,1,0.0,0.0,0.0,0.0
R03,testing,11,530,1,0.0,0.0,0.0,0.0
R03,testing,11,531,1,0.0,0.0,0.0,0.0
R03,testing,11,532,1,0.0,0.0,0.0,0.0
R03,testing,11,533,1,0.0,0.0,0.0,0.0
R03,testing,11,534,1,0.0,0.0,0.0,0.0
R03,testing,11,535,1,0.0,0.0,0.0,0.0
R03,testing,11,536,1,0.0,0.0,0.0,0.0
R03,testing,11,537,1,0.0,0.0,0.0,0.0
R03,testing,11,538,1,0.0,0.0,0.0,0.0
R03,testing,11,539,1,0.0,0.0,0.0,0.0
R03,testing,11,540,1,0.0,0.0,0.0,0.0
R03,testing,11,541,1,0.0,0.0,0.0,0.0
R03,testing,11,542,1,0.0,0.0,0.0,0.0
R03,testing,11,543,1,0.0,0.0,0.0,0.0
R03,testing,11,544,1,0.0,0.0,0.0,0.0
R03,testing,11,545,1,0.0,0.0,0.0,0.0
R03,testing,11,546,1,0.0,0.0,0.0,0.0
R03,testing,11,547,1,0.0,0.0,0.0,0.0
R03,testing,11,548,1,0.0,0.0,0.0,0.0
R03,testing,11,549,1,0.0,0.0,0.0,0.0
R03,testing,11,550,1,0.0,0.0,0.0,0.0
R03,testing,11,551,1,0.0,0.0,0.0,0.0
R03,testing,11,552,1,0.0,0.0,0.0,0.0
R03,testing,11,553,1,0.0,0.0,0.0,0.0
R03,testing,11,554,1,0.0,0.0,0.0,0.0
R03,testing,11,555,1,0.0,0.0,0.0,0.0
R03,testing,11,556,1,0.0,0.0,0.0,0.0
R03,testing,11,557,1,0.0,0.0,0.0,0.0
R03,testing,11,558,1,0.0,0.0,0.0,0.0
R03,testing,11,559,1,0.0,0.0,0.0,0.0
R03,testing,11,560,1,0.0,0.0,0.0,0.0
R03,testing,11,561,1,0.0,0.0,0.0,0.0
R03,testing,11,562,1,0.0,0.0,0.0,0.0
R03,testing,11,563,1,0.0,0.0,0.0,0.0
R03,testing,11,564,1,0.0,0.0,0.0,0.0
R03,testing,11,565,1,0.0,0.0,0.0,0.0
R03,testing,11,566,1,0.0,0.0,0.0,0.0
R03,testing,11,567,1,0.0,0.0,0.0,0.0
R03,testing,11,568,1,0.0,0.0,0.0,0.0
R03,testing,11,569,1,0.0,0.0,0.0,0.0
R03,testing,11,570,1,0.0,0.0,0.0,0.0
R03,testing,11,571,1,0.0,0.0,0.0,0.0
R03,testing,11,572,1,0.0,0.0,0.0,0.0
R03,testing,11,573,1,0.0,0.0,0.0,0.0
R03,testing,11,574,1,0.0,0.0,0.0,0.0
R03,testing,11,575,1,0.0,0.0,0.0,0.0
R03,testing,11,576,1,0.0,0.0,0.0,0.0
R03,testing,11,577,1,0.0,0.0,0.0,0.0
R03,testing,11,578,1,0.0,0.0,0.0,0.0
R03,testing,11,579,1,0.0,0.0,0.0,0.0
R03,testing,11,580,1,0.0,0.0,0.0,0.0
R03,testing,11,581,1,0.0,0.0,0.0,0.0
R03,testing,11,582,1,0.0,0.0,0.0,0.0
R03,testing,11,583,1,0.0,0.0,0.0,0.0
R03,testing,11,584,1,0.0,0.0,0.0,0.0
R03,testing,11,585,1,0.0,0.0,0.0,0.0
R03,testing,11,586,1,0.0,0.0,0.0,0.0
R03,testing,11,587,1,0.0,0.0,0.0,0.0
R03,testing,11,588,1,0.0,0.0,0.0,0.0
R03,testing,11,589,1,0.0,0.0,0.0,0.0
R03,testing,11,590,1,0.0,0.0,0.0,0.0
R03,testing,11,591,1,0.0,0.0,0.0,0.0
R03,testing,11,592,1,0.0,0.0,0.0,0.0
R03,testing,11,593,1,0.0,0.0,0.0,0.0
R03,testing,11,594,1,0.0,0.0,0.0,0.0
R03,testing,11,595,1,0.0,0.0,0.0,0.0
R03,testing,11,596,1,0.0,0.0,0.0,0.0
R03,testing,11,597,1,0.0,0.0,0.0,0.0
R03,testing,11,598,1,0.0,0.0,0.0,0.0
R03,testing,11,599,1,0.0,0.0,0.0,0.0
R03,testing,11,600,1,0.0,0.0,0.0,0.0
R03,testing,11,601,1,0.0,0.0,0.0,0.0
R03,testing,11,602,1,0.0,0.0,0.0,0.0
R03,testing,11,603,1,0.0,0.0,0.0,0.0
R03,testing,11,604,1,0.0,0.0,0.0,0.0
R03,testing,11,605,1,0.0,0.0,0.0,0.0
R03,testing,11,606,1,0.0,0.0,0.0,0.0
R03,testing,11,607,1,0.0,0.0,0.0,0.0
R03,testing,11,608,1,0.0,0.0,0.0,0.0
R03,testing,11,609,1,0.0,0.0,0.0,0.0
R03,testing,11,610,1,0.0,0.0,0.0,0.0
R03,testing,11,611,1,0.0,0.0,0.0,0.0
R03,testing,11,612,1,0.0,0.0,0.0,0.0
R03,testing,11,613,1,0.0,0.0,0.0,0.0
R03,testing,11,614,1,0.0,0.0,0.0,0.0
R03,testing,11,615,1,0.0,0.0,0.0,0.0
R03,testing,11,616,1,0.0,0.0,0.0,0.0
R03,testing,11,617,1,0.0,0.0,0.0,0.0
R03,testing,11,618,1,0.0,0.0,0.0,0.0
R03,testing,11,619,1,0.0,0.0,0.0,0.0
R03,testing,11,620,1,0.0,0.0,0.0,0.0
R03,testing,11,621,1,0.0,0.0,0.0,0.0
R03,testing,11,622,1,0.0,0.0,0.0,0.0
R03,testing,11,623,1,0.0,0.0,0.0,0.0
R03,testing,11,624,1,0.0,0.0,0.0,0.0
R03,testing,11,625,1,0.0,0.0,0.0,0.0
R03,testing,11,626,1,0.0,0.0,0.0,0.0
R03,testing,11,627,1,0.0,0.0,0.0,0.0
R03,testing,11,628,1,0.0,0.0,0.0,0.0
R03,testing,11,629,1,0.0,0.0,0.0,0.0
R03,testing,11,630,1,0.0,0.0,0.0,0.0
R03,testing,11,631,1,0.0,0.0,0.0,0.0
R03,testing,11,632,1,0.0,0.0,0.0,0.0
R03,testing,11,633,1,0.0,0.0,0.0,0.0
R03,testing,11,634,1,0.0,0.0,0.0,0.0
R03,testing,11,635,1,0.0,0.0,0.0,0.0
R03,testing,11,636,1,0.0,0.0,0.0,0.0
R03,testing,11,637,1,0.0,0.0,0.0,0.0
R03,testing,11,638,1,0.0,0.0,0.0,0.0
R03,testing,11,639,1,0.0,0.0,0.0,0.0
R03,testing,11,640,1,0.0,0.0,0.0,0.0
R03,testing,11,641,1,0.0,0.0,0.0,0.0
R03,testing,11,642,1,0.0,0.0,0.0,0.0
R03,testing,11,643,1,0.0,0.0,0.0,0.0
R03,testing,11,644,1,0.0,0.0,0.0,0.0
R03,testing,11,645,1,0.0,0.0,0.0,0.0
R03,testing,11,646,1,0.0,0.0,0.0,0.0
R03,testing,11,647,1,0.0,0.0,0.0,0.0
R03,testing,11,648,1,0.0,0.0,0.0,0.0
R03,testing,11,649,1,0.0,0.0,0.0,0.0
R03,testing,11,650,1,0.0,0.0,0.0,0.0
R03,testing,11,651,1,0.0,0.0,0.0,0.0
R03,testing,11,652,1,0.0,0.0,0.0,0.0
R03,testing,11,653,1,0.0,0.0,0.0,0.0
R03,testing,11,654,1,0.0,0.0,0.0,0.0
R03,testing,11,655,1,0.0,0.0,0.0,0.0
R03,testing,11,656,1,0.0,0.0,0.0,0.0
R03,testing,11,657,1,0.0,0.0,0.0,0.0
R03,testing,11,658,1,0.0,0.0,0.0,0.0
R03,testing,11,659,1,0.0,0.0,0.0,0.0
R03,testing,11,660,1,0.0,0.0,0.0,0.0
R03,testing,11,661,1,0.0,0.0,0.0,0.0
R03,testing,11,662,1,0.0,0.0,0.0,0.0
R03,testing,11,663,1,0.0,0.0,0.0,0.0
R03,testing,11,664,1,0.0,0.0,0.0,0.0
R03,testing,11,665,1,0.0,0.0,0.0,0.0
R03,testing,11,666,1,0.0,0.0,0.0,0.0
R03,testing,11,667,1,0.0,0.0,0.0,0.0
R03,testing,11,668,1,0.0,0.0,0.0,0.0
R03,testing,11,669,1,0.0,0.0,0.0,0.0
R03,testing,11,670,1,0.0,0.0,0.0,0.0
R03,testing,11,671,1,0.0,0.0,0.0,0.0
R03,testing,11,672,1,0.0,0.0,0.0,0.0
R03,testing,11,673,1,0.0,0.0,0.0,0.0
R03,testing,11,674,1,0.0,0.0,0.0,0.0
R03,testing,11,675,1,0.0,0.0,0.0,0.0
R03,testing,11,676,1,0.0,0.0,0.0,0.0
R03,testing,11,677,1,0.0,0.0,0.0,0.0
R03,testing,11,678,1,0.0,0.0,0.0,0.0
R03,testing,11,679,1,0.0,0.0,0.0,0.0
R03,testing,11,680,1,0.0,0.0,0.0,0.0
R03,testing,11,681,1,0.0,0.0,0.0,0.0
R03,testing,11,682,1,0.0,0.0,0.0,0.0
R03,testing,11,683,1,0.0,0.0,0.0,0.0
R03,testing,11,684,1,0.0,0.0,0.0,0.0
R03,testing,11,685,1,0.0,0.0,0.0,0.0
R03,testing,11,686,1,0.0,0.0,0.0,0.0
R03,testing,11,687,1,0.0,0.0,0.0,0.0
R03,testing,11,688,1,0.0,0.0,0.0,0.0
R03,testing,11,689,1,0.0,0.0,0.0,0.0
R03,testing,11,690,1,0.0,0.0,0.0,0.0
R03,testing,11,691,1,0.0,0.0,0.0,0.0
R03,testing,11,692,1,0.0,0.0,0.0,0.0
R03,testing,11,693,1,0.0,0.0,0.0,0.0
R03,testing,11,694,1,0.0,0.0,0.0,0.0
R03,testing,11,695,1,0.0,0.0,0.0,0.0
R03,testing,11,696,1,0.0,0.0,0.0,0.0
R03,testing,11,697,1,0.0,0.0,0.0,0.0
R03,testing,11,698,1,0.0,0.0,0.0,0.0
R03,testing,11,699,1,0.0,0.0,0.0,0.0
R03,testing,11,700,1,0.0,0.0,0.0,0.0
R03,testing,11,701,1,0.0,0.0,0.0,0.0
R03,testing,11,702,1,0.0,0.0,0.0,0.0
R03,testing,11,703,1,0.0,0.0,0.0,0.0
R03,testing,11,704,1,0.0,0.0,0.0,0.0
R03,testing,11,705,1,0.0,0.0,0.0,0.0
R04,testing,02,0,0,0.0,0.0,0.0,0.0
R04,testing,02,1,0,0.0,0.0,0.0,0.0
R04,testing,02,2,0,0.0,0.0,0.0,0.0
R04,testing,02,3,0,0.0,0.0,0.0,0.0
R04,testing,02,4,0,0.0,0.0,0.0,0.0
R04,testing,02,5,0,0.0,0.0,0.0,0.0
R04,testing,02,6,0,0.0,0.0,0.0,0.0
R04,testing,02,7,0,0.0,0.0,0.0,0.0
R04,testing,02,8,0,0.0,0.0,0.0,0.0
R04,testing,02,9,0,0.0,0.0,0.0,0.0
R04,testing,02,10,0,0.0,0.0,0.0,0.0
R04,testing,02,11,0,0.0,0.0,0.0,0.0
R04,testing,02,12,0,0.0,0.0,0.0,0.0
R04,testing,02,13,0,0.0,0.0,0.0,0.0
R04,testing,02,14,0,0.0,0.0,0.0,0.0
R04,testing,02,15,0,0.0,0.0,0.0,0.0
R04,testing,02,16,0,0.0,0.0,0.0,0.0
R04,testing,02,17,0,0.0,0.0,0.0,0.0
R04,testing,02,18,0,0.0,0.0,0.0,0.0
R04,testing,02,19,0,0.0,0.0,0.0,0.0
R04,testing,02,20,0,0.0,0.0,0.0,0.0
R04,testing,02,21,0,0.0,0.0,0.0,0.0
R04,testing,02,22,0,0.0,0.0,0.0,0.0
R04,testing,02,23,0,0.0,0.0,0.0,0.0
R04,testing,02,24,0,0.0,0.0,0.0,0.0
R04,testing,02,25,0,0.0,0.0,0.0,0.0
R04,testing,02,26,0,0.0,0.0,0.0,0.0
R04,testing,02,27,0,0.0,0.0,0.0,0.0
R04,testing,02,28,0,0.0,0.0,0.0,0.0
R04,testing,02,29,0,0.0,0.0,0.0,0.0
R04,testing,02,30,0,0.0,0.0,0.0,0.0
R04,testing,02,31,0,0.0,0.0,0.0,0.0
R04,testing,02,32,0,0.0,0.0,0.0,0.0
R04,testing,02,33,0,0.0,0.0,0.0,0.0
R04,testing,02,34,0,0.0,0.0,0.0,0.0
R04,testing,02,35,0,0.0,0.0,0.0,0.0
R04,testing,02,36,0,0.0,0.0,0.0,0.0
R04,testing,02,37,0,0.0,0.0,0.0,0.0
R04,testing,02,38,0,0.0,0.0,0.0,0.0
R04,testing,02,39,0,0.0,0.0,0.0,0.0
R04,testing,02,40,0,0.0,0.0,0.0,0.0
R04,testing,02,41,0,0.0,0.0,0.0,0.0
R04,testing,02,42,0,0.0,0.0,0.0,0.0
R04,testing,02,43,0,0.0,0.0,0.0,0.0
R04,testing,02,44,0,0.0,0.0,0.0,0.0
R04,testing,02,45,0,0.0,0.0,0.0,0.0
R04,testing,02,46,0,0.0,0.0,0.0,0.0
R04,testing,02,47,0,0.0,0.0,0.0,0.0
R04,testing,02,48,0,0.0,0.0,0.0,0.0
R04,testing,02,49,0,0.0,0.0,0.0,0.0
R04,testing,02,50,0,0.0,0.0,0.0,0.0
R04,testing,02,51,0,0.0,0.0,0.0,0.0
R04,testing,02,52,0,0.0,0.0,0.0,0.0
R04,testing,02,53,0,0.0,0.0,0.0,0.0
R04,testing,02,54,0,0.0,0.0,0.0,0.0
R04,testing,02,55,0,0.0,0.0,0.0,0.0
R04,testing,02,56,0,0.0,0.0,0.0,0.0
R04,testing,02,57,0,0.0,0.0,0.0,0.0
R04,testing,02,58,0,0.0,0.0,0.0,0.0
R04,testing,02,59,0,0.0,0.0,0.0,0.0
R04,testing,02,60,0,0.0,0.0,0.0,0.0
R04,testing,02,61,0,0.0,0.0,0.0,0.0
R04,testing,02,62,0,0.0,0.0,0.0,0.0
R04,testing,02,63,0,0.0,0.0,0.0,0.0
R04,testing,02,64,0,0.0,0.0,0.0,0.0
R04,testing,02,65,0,0.0,0.0,0.0,0.0
R04,testing,02,66,0,0.0,0.0,0.0,0.0
R04,testing,02,67,1,0.0,0.0,0.0,0.0
R04,testing,02,68,1,0.0,0.0,0.0,0.0
R04,testing,02,69,1,0.0,0.0,0.0,0.0
R04,testing,02,70,1,0.0,0.0,0.0,0.0
R04,testing,02,71,1,0.0,0.0,0.0,0.0
R04,testing,02,72,1,0.0,0.0,0.0,0.0
R04,testing,02,73,1,0.0,0.0,0.0,0.0
R04,testing,02,74,1,0.0,0.0,0.0,0.0
R04,testing,02,75,1,0.0,0.0,0.0,0.0
R04,testing,02,76,1,0.0,0.0,0.0,0.0
R04,testing,02,77,1,0.0,0.0,0.0,0.0
R04,testing,02,78,1,0.0,0.0,0.0,0.0
R04,testing,02,79,1,0.0,0.0,0.0,0.0
R04,testing,02,80,1,0.0,0.0,0.0,0.0
R04,testing,02,81,1,0.0,0.0,0.0,0.0
R04,testing,02,82,1,0.0,0.0,0.0,0.0
R04,testing,02,83,1,0.0,0.0,0.0,0.0
R04,testing,02,84,1,0.0,0.0,0.0,0.0
R04,testing,02,85,1,0.0,0.0,0.0,0.0
R04,testing,02,86,1,0.0,0.0,0.0,0.0
R04,testing,02,87,1,0.0,0.0,0.0,0.0
R04,testing,02,88,1,0.0,0.0,0.0,0.0
R04,testing,02,89,1,0.0,0.0,0.0,0.0
R04,testing,02,90,1,0.0,0.0,0.0,0.0
R04,testing,02,91,1,0.0,0.0,0.0,0.0
R04,testing,02,92,1,0.0,0.0,0.0,0.0
R04,testing,02,93,1,0.0,0.0,0.0,0.0
R04,testing,02,94,1,0.0,0.0,0.0,0.0
R04,testing,02,95,1,0.0,0.0,0.0,0.0
R04,testing,02,96,1,0.0,0.0,0.0,0.0
R04,testing,02,97,1,0.0,0.0,0.0,0.0
R04,testing,02,98,1,0.0,0.0,0.0,0.0
R04,testing,02,99,1,0.0,0.0,0.0,0.0
R04,testing,02,100,1,0.0,0.0,0.0,0.0
R04,testing,02,101,1,0.0,0.0,0.0,0.0
R04,testing,02,102,1,0.0,0.0,0.0,0.0
R04,testing,02,103,1,0.0,0.0,0.0,0.0
R04,testing,02,104,1,0.0,0.0,0.0,0.0
R04,testing,02,105,1,0.0,0.0,0.0,0.0
R04,testing,02,106,1,0.0,0.0,0.0,0.0
R04,testing,02,107,1,0.0,0.0,0.0,0.0
R04,testing,02,108,1,0.0,0.0,0.0,0.0
R04,testing,02,109,1,0.0,0.0,0.0,0.0
R04,testing,02,110,1,0.0,0.0,0.0,0.0
R04,testing,02,111,1,0.0,0.0,0.0,0.0
R04,testing,02,112,1,0.0,0.0,0.0,0.0
R04,testing,02,113,1,0.0,0.0,0.0,0.0
R04,testing,02,114,1,0.0,0.0,0.0,0.0
R04,testing,02,115,1,0.0,0.0,0.0,0.0
R04,testing,02,116,1,0.0,0.0,0.0,0.0
R04,testing,02,117,1,0.0,0.0,0.0,0.0
R04,testing,02,118,1,0.0,0.0,0.0,0.0
R04,testing,02,119,1,0.0,0.0,0.0,0.0
R04,testing,02,120,1,0.0,0.0,0.0,0.0
R04,testing,02,121,1,0.0,0.0,0.0,0.0
R04,testing,02,122,1,0.0,0.0,0.0,0.0
R04,testing,02,123,1,0.0,0.0,0.0,0.0
R04,testing,02,124,1,0.0,0.0,0.0,0.0
R04,testing,02,125,1,0.0,0.0,0.0,0.0
R04,testing,02,126,1,0.0,0.0,0.0,0.0
R04,testing,02,127,1,0.0,0.0,0.0,0.0
R04,testing,02,128,1,0.0,0.0,0.0,0.0
R04,testing,02,129,1,0.0,0.0,0.0,0.0
R04,testing,02,130,1,0.0,0.0,0.0,0.0
R04,testing,02,131,1,0.0,0.0,0.0,0.0
R04,testing,02,132,1,0.0,0.0,0.0,0.0
R04,testing,02,133,1,0.0,0.0,0.0,0.0
R04,testing,02,134,1,0.0,0.0,0.0,0.0
R04,testing,02,135,1,0.0,0.0,0.0,0.0
R04,testing,02,136,1,0.0,0.0,0.0,0.0
R04,testing,02,137,1,0.0,0.0,0.0,0.0
R04,testing,02,138,1,0.0,0.0,0.0,0.0
R04,testing,02,139,1,0.0,0.0,0.0,0.0
R04,testing,02,140,1,0.0,0.0,0.0,0.0
R04,testing,02,141,1,0.0,0.0,0.0,0.0
R04,testing,02,142,1,0.0,0.0,0.0,0.0
R04,testing,02,143,1,0.0,0.0,0.0,0.0
R04,testing,02,144,1,0.0,0.0,0.0,0.0
R04,testing,02,145,1,0.0,0.0,0.0,0.0
R04,testing,02,146,1,0.0,0.0,0.0,0.0
R04,testing,02,147,1,0.0,0.0,0.0,0.0
R04,testing,02,148,1,0.0,0.0,0.0,0.0
R04,testing,02,149,1,0.0,0.0,0.0,0.0
R04,testing,02,150,1,0.0,0.0,0.0,0.0
R04,testing,02,151,1,0.0,0.0,0.0,0.0
R04,testing,02,152,1,0.0,0.0,0.0,0.0
R04,testing,02,153,1,0.0,0.0,0.0,0.0
R04,testing,02,154,1,0.0,0.0,0.0,0.0
R04,testing,02,155,1,0.0,0.0,0.0,0.0
R04,testing,02,156,1,0.0,0.0,0.0,0.0
R04,testing,02,157,1,0.0,0.0,0.0,0.0
R04,testing,02,158,1,0.0,0.0,0.0,0.0
R04,testing,02,159,1,0.0,0.0,0.0,0.0
R04,testing,02,160,1,0.0,0.0,0.0,0.0
R04,testing,02,161,1,0.0,0.0,0.0,0.0
R04,testing,02,162,1,0.0,0.0,0.0,0.0
R04,testing,02,163,1,0.0,0.0,0.0,0.0
R04,testing,02,164,1,0.0,0.0,0.0,0.0
R04,testing,02,165,1,0.0,0.0,0.0,0.0
R04,testing,02,166,1,0.0,0.0,0.0,0.0
R04,testing,02,167,1,0.0,0.0,0.0,0.0
R04,testing,02,168,1,0.0,0.0,0.0,0.0
R04,testing,02,169,1,0.0,0.0,0.0,0.0
R04,testing,02,170,1,0.0,0.0,0.0,0.0
R04,testing,02,171,1,0.0,0.0,0.0,0.0
R04,testing,02,172,1,0.0,0.0,0.0,0.0
R04,testing,02,173,1,0.0,0.0,0.0,0.0
R04,testing,02,174,1,0.0,0.0,0.0,0.0
R04,testing,02,175,1,0.0,0.0,0.0,0.0
R04,testing,02,176,1,0.0,0.0,0.0,0.0
R04,testing,02,177,1,0.0,0.0,0.0,0.0
R04,testing,02,178,1,0.0,0.0,0.0,0.0
R04,testing,02,179,1,0.0,0.0,0.0,0.0
R04,testing,02,180,1,0.0,0.0,0.0,0.0
R04,testing,02,181,1,0.0,0.0,0.0,0.0
R04,testing,02,182,1,0.0,0.0,0.0,0.0
R04,testing,02,183,1,0.0,0.0,0.0,0.0
R04,testing,02,184,1,0.0,0.0,0.0,0.0
R04,testing,02,185,1,0.0,0.0,0.0,0.0
R04,testing,02,186,1,0.0,0.0,0.0,0.0
R04,testing,02,187,1,0.0,0.0,0.0,0.0
R04,testing,02,188,1,0.0,0.0,0.0,0.0
R04,testing,02,189,1,0.0,0.0,0.0,0.0
R04,testing,02,190,1,0.0,0.0,0.0,0.0
R04,testing,02,191,1,0.0,0.0,0.0,0.0
R04,testing,02,192,1,0.0,0.0,0.0,0.0
R04,testing,02,193,1,0.0,0.0,0.0,0.0
R04,testing,02,194,1,0.0,0.0,0.0,0.0
R04,testing,02,195,1,0.0,0.0,0.0,0.0
R04,testing,02,196,1,0.0,0.0,0.0,0.0
R04,testing,02,197,1,0.0,0.0,0.0,0.0
R04,testing,02,198,1,0.0,0.0,0.0,0.0
R04,testing,02,199,1,0.0,0.0,0.0,0.0
R04,testing,02,200,1,0.0,0.0,0.0,0.0
R04,testing,02,201,1,0.0,0.0,0.0,0.0
R04,testing,02,202,1,0.0,0.0,0.0,0.0
R04,testing,02,203,1,0.0,0.0,0.0,0.0
R04,testing,02,204,1,0.0,0.0,0.0,0.0
R04,testing,02,205,1,0.0,0.0,0.0,0.0
R04,testing,02,206,1,0.0,0.0,0.0,0.0
R04,testing,02,207,1,0.0,0.0,0.0,0.0
R04,testing,02,208,1,0.0,0.0,0.0,0.0
R04,testing,02,209,1,0.0,0.0,0.0,0.0
R04,testing,02,210,1,0.0,0.0,0.0,0.0
R04,testing,02,211,1,0.0,0.0,0.0,0.0
R04,testing,02,212,1,0.0,0.0,0.0,0.0
R04,testing,02,213,1,0.0,0.0,0.0,0.0
R04,testing,02,214,1,0.0,0.0,0.0,0.0
R04,testing,02,215,1,0.0,0.0,0.0,0.0
R04,testing,02,216,1,0.0,0.0,0.0,0.0
R04,testing,02,217,1,0.0,0.0,0.0,0.0
R04,testing,02,218,1,0.0,0.0,0.0,0.0
R04,testing,02,219,1,0.0,0.0,0.0,0.0
R04,testing,02,220,1,0.0,0.0,0.0,0.0
R04,testing,02,221,1,0.0,0.0,0.0,0.0
R04,testing,02,222,1,0.0,0.0,0.0,0.0
R04,testing,02,223,1,0.0,0.0,0.0,0.0
R04,testing,02,224,1,0.0,0.0,0.0,0.0
R04,testing,02,225,1,0.0,0.0,0.0,0.0
R04,testing,02,226,1,0.0,0.0,0.0,0.0
R04,testing,02,227,1,0.0,0.0,0.0,0.0
R04,testing,02,228,1,0.0,0.0,0.0,0.0
R04,testing,02,229,1,0.0,0.0,0.0,0.0
R04,testing,02,230,1,0.0,0.0,0.0,0.0
R04,testing,02,231,1,0.0,0.0,0.0,0.0
R04,testing,02,232,1,0.0,0.0,0.0,0.0
R04,testing,02,233,1,0.0,0.0,0.0,0.0
R04,testing,02,234,1,0.0,0.0,0.0,0.0
R04,testing,02,235,1,0.0,0.0,0.0,0.0
R04,testing,02,236,1,0.0,0.0,0.0,0.0
R04,testing,02,237,1,0.0,0.0,0.0,0.0
R04,testing,02,238,1,0.0,0.0,0.0,0.0
R04,testing,02,239,1,0.0,0.0,0.0,0.0
R04,testing,02,240,1,0.0,0.0,0.0,0.0
R04,testing,02,241,1,0.0,0.0,0.0,0.0
R04,testing,02,242,1,0.0,0.0,0.0,0.0
R04,testing,02,243,1,0.0,0.0,0.0,0.0
R04,testing,02,244,1,0.0,0.0,0.0,0.0
R04,testing,02,245,1,0.0,0.0,0.0,0.0
R04,testing,02,246,1,0.0,0.0,0.0,0.0
R04,testing,02,247,1,0.0,0.0,0.0,0.0
R04,testing,02,248,1,0.0,0.0,0.0,0.0
R04,testing,02,249,1,0.0,0.0,0.0,0.0
R04,testing,02,250,1,0.0,0.0,0.0,0.0
R04,testing,02,251,1,0.0,0.0,0.0,0.0
R04,testing,02,252,1,0.0,0.0,0.0,0.0
R04,testing,02,253,1,0.0,0.0,0.0,0.0
R04,testing,02,254,1,0.0,0.0,0.0,0.0
R04,testing,02,255,1,0.0,0.0,0.0,0.0
R04,testing,02,256,1,0.0,0.0,0.0,0.0
R04,testing,02,257,1,0.0,0.0,0.0,0.0
R04,testing,02,258,1,0.0,0.0,0.0,0.0
R04,testing,02,259,1,0.0,0.0,0.0,0.0
R04,testing,02,260,1,0.0,0.0,0.0,0.0
R04,testing,02,261,1,0.0,0.0,0.0,0.0
R04,testing,02,262,1,0.0,0.0,0.0,0.0
R04,testing,02,263,1,0.0,0.0,0.0,0.0
R04,testing,02,264,1,0.0,0.0,0.0,0.0
R04,testing,02,265,1,0.0,0.0,0.0,0.0
R04,testing,02,266,1,0.0,0.0,0.0,0.0
R04,testing,02,267,1,0.0,0.0,0.0,0.0
R04,testing,02,268,1,0.0,0.0,0.0,0.0
R04,testing,02,269,1,0.0,0.0,0.0,0.0
R04,testing,02,270,1,0.0,0.0,0.0,0.0
R04,testing,02,271,1,0.0,0.0,0.0,0.0
R04,testing,02,272,1,0.0,0.0,0.0,0.0
R04,testing,02,273,1,0.0,0.0,0.0,0.0
R04,testing,02,274,1,0.0,0.0,0.0,0.0
R04,testing,02,275,1,0.0,0.0,0.0,0.0
R04,testing,02,276,1,0.0,0.0,0.0,0.0
R04,testing,02,277,1,0.0,0.0,0.0,0.0
R04,testing,02,278,1,0.0,0.0,0.0,0.0
R04,testing,02,279,1,0.0,0.0,0.0,0.0
R04,testing,02,280,1,0.0,0.0,0.0,0.0
R04,testing,02,281,1,0.0,0.0,0.0,0.0
R04,testing,02,282,1,0.0,0.0,0.0,0.0
R04,testing,02,283,1,0.0,0.0,0.0,0.0
R04,testing,02,284,1,0.0,0.0,0.0,0.0
R04,testing,02,285,1,0.0,0.0,0.0,0.0
R04,testing,02,286,1,0.0,0.0,0.0,0.0
R04,testing,02,287,1,0.0,0.0,0.0,0.0
R04,testing,02,288,1,0.0,0.0,0.0,0.0
R04,testing,02,289,1,0.0,0.0,0.0,0.0
R04,testing,02,290,1,0.0,0.0,0.0,0.0
R04,testing,02,291,1,0.0,0.0,0.0,0.0
R04,testing,02,292,1,0.0,0.0,0.0,0.0
R04,testing,02,293,1,0.0,0.0,0.0,0.0
R04,testing,02,294,1,0.0,0.0,0.0,0.0
R04,testing,02,295,1,0.0,0.0,0.0,0.0
R04,testing,02,296,1,0.0,0.0,0.0,0.0
R04,testing,02,297,1,0.0,0.0,0.0,0.0
R04,testing,02,298,1,0.0,0.0,0.0,0.0
R04,testing,02,299,1,0.0,0.0,0.0,0.0
R04,testing,02,300,1,0.0,0.0,0.0,0.0
R04,testing,02,301,1,0.0,0.0,0.0,0.0
R04,testing,02,302,1,0.0,0.0,0.0,0.0
R04,testing,02,303,1,0.0,0.0,0.0,0.0
R04,testing,02,304,1,0.0,0.0,0.0,0.0
R04,testing,02,305,1,0.0,0.0,0.0,0.0
R04,testing,02,306,1,0.0,0.0,0.0,0.0
R04,testing,02,307,1,0.0,0.0,0.0,0.0
R04,testing,02,308,1,0.0,0.0,0.0,0.0
R04,testing,02,309,1,0.0,0.0,0.0,0.0
R04,testing,02,310,1,0.0,0.0,0.0,0.0
R04,testing,02,311,1,0.0,0.0,0.0,0.0
R04,testing,02,312,1,0.0,0.0,0.0,0.0
R04,testing,02,313,1,0.0,0.0,0.0,0.0
R04,testing,02,314,1,0.0,0.0,0.0,0.0
R04,testing,02,315,1,0.0,0.0,0.0,0.0
R04,testing,02,316,1,0.0,0.0,0.0,0.0
R04,testing,02,317,1,0.0,0.0,0.0,0.0
R04,testing,02,318,1,0.0,0.0,0.0,0.0
R04,testing,02,319,1,0.0,0.0,0.0,0.0
R04,testing,02,320,1,0.0,0.0,0.0,0.0
R04,testing,02,321,1,0.0,0.0,0.0,0.0
R04,testing,02,322,1,0.0,0.0,0.0,0.0
R04,testing,02,323,1,0.0,0.0,0.0,0.0
R04,testing,02,324,1,0.0,0.0,0.0,0.0
R04,testing,02,325,1,0.0,0.0,0.0,0.0
R04,testing,02,326,1,0.0,0.0,0.0,0.0
R04,testing,02,327,1,0.0,0.0,0.0,0.0
R04,testing,02,328,1,0.0,0.0,0.0,0.0
R04,testing,02,329,1,0.0,0.0,0.0,0.0
R04,testing,02,330,1,0.0,0.0,0.0,0.0
R04,testing,02,331,1,0.0,0.0,0.0,0.0
R04,testing,02,332,1,0.0,0.0,0.0,0.0
R04,testing,02,333,1,0.0,0.0,0.0,0.0
R04,testing,02,334,1,0.0,0.0,0.0,0.0
R04,testing,02,335,1,0.0,0.0,0.0,0.0
R04,testing,02,336,1,0.0,0.0,0.0,0.0
R04,testing,02,337,1,0.0,0.0,0.0,0.0
R04,testing,02,338,1,0.0,0.0,0.0,0.0
R04,testing,02,339,1,0.0,0.0,0.0,0.0
R04,testing,02,340,1,0.0,0.0,0.0,0.0
R04,testing,02,341,1,0.0,0.0,0.0,0.0
R04,testing,02,342,1,0.0,0.0,0.0,0.0
R04,testing,02,343,1,0.0,0.0,0.0,0.0
R04,testing,02,344,1,0.0,0.0,0.0,0.0
R04,testing,02,345,1,0.0,0.0,0.0,0.0
R04,testing,02,346,1,0.0,0.0,0.0,0.0
R04,testing,02,347,1,0.0,0.0,0.0,0.0
R04,testing,02,348,1,0.0,0.0,0.0,0.0
R04,testing,02,349,1,0.0,0.0,0.0,0.0
R04,testing,02,350,1,0.0,0.0,0.0,0.0
R04,testing,02,351,1,0.0,0.0,0.0,0.0
R04,testing,02,352,1,0.0,0.0,0.0,0.0
R04,testing,02,353,0,0.0,0.0,0.0,0.0
R04,testing,02,354,0,0.0,0.0,0.0,0.0
R04,testing,02,355,0,0.0,0.0,0.0,0.0
R04,testing,02,356,0,0.0,0.0,0.0,0.0
R04,testing,02,357,0,0.0,0.0,0.0,0.0
R04,testing,02,358,0,0.0,0.0,0.0,0.0
R04,testing,02,359,0,0.0,0.0,0.0,0.0
R04,testing,02,360,0,0.0,0.0,0.0,0.0
R04,testing,02,361,0,0.0,0.0,0.0,0.0
R04,testing,02,362,0,0.0,0.0,0.0,0.0
R04,testing,02,363,0,0.0,0.0,0.0,0.0
R04,testing,02,364,0,0.0,0.0,0.0,0.0
R04,testing,02,365,0,0.0,0.0,0.0,0.0
R04,testing,02,366,0,0.0,0.0,0.0,0.0
R04,testing,02,367,0,0.0,0.0,0.0,0.0
R04,testing,02,368,0,0.0,0.0,0.0,0.0
R04,testing,02,369,0,0.0,0.0,0.0,0.0
R04,testing,02,370,0,0.0,0.0,0.0,0.0
R04,testing,02,371,0,0.0,0.0,0.0,0.0
R04,testing,02,372,0,0.0,0.0,0.0,0.0
R04,testing,02,373,0,0.0,0.0,0.0,0.0
R04,testing,02,374,0,0.0,0.0,0.0,0.0
R04,testing,02,375,0,0.0,0.0,0.0,0.0
R04,testing,02,376,0,0.0,0.0,0.0,0.0
R04,testing,02,377,0,0.0,0.0,0.0,0.0
R04,testing,02,378,0,0.0,0.0,0.0,0.0
R04,testing,02,379,0,0.0,0.0,0.0,0.0
R04,testing,02,380,0,0.0,0.0,0.0,0.0
R04,testing,02,381,0,0.0,0.0,0.0,0.0
R04,testing,02,382,0,0.0,0.0,0.0,0.0
R04,testing,02,383,0,0.0,0.0,0.0,0.0
R04,testing,02,384,0,0.0,0.0,0.0,0.0
R04,testing,02,385,0,0.0,0.0,0.0,0.0
R04,testing,02,386,0,0.0,0.0,0.0,0.0
R04,testing,02,387,0,0.0,0.0,0.0,0.0
R04,testing,02,388,0,0.0,0.0,0.0,0.0
R04,testing,02,389,0,0.0,0.0,0.0,0.0
R04,testing,02,390,0,0.0,0.0,0.0,0.0
R04,testing,02,391,0,0.0,0.0,0.0,0.0
R04,testing,02,392,0,0.0,0.0,0.0,0.0
R04,testing,02,393,0,0.0,0.0,0.0,0.0
R04,testing,02,394,0,0.0,0.0,0.0,0.0
R04,testing,02,395,0,0.0,0.0,0.0,0.0
R04,testing,02,396,0,0.0,0.0,0.0,0.0
R04,testing,02,397,0,0.0,0.0,0.0,0.0
R04,testing,03,0,0,0.0,0.0,0.0,0.0
R04,testing,03,1,0,0.0,0.0,0.0,0.0
R04,testing,03,2,0,0.0,0.0,0.0,0.0
R04,testing,03,3,0,0.0,0.0,0.0,0.0
R04,testing,03,4,0,0.0,0.0,0.0,0.0
R04,testing,03,5,0,0.0,0.0,0.0,0.0
R04,testing,03,6,0,0.0,0.0,0.0,0.0
R04,testing,03,7,0,0.0,0.0,0.0,0.0
R04,testing,03,8,0,0.0,0.0,0.0,0.0
R04,testing,03,9,0,0.0,0.0,0.0,0.0
R04,testing,03,10,0,0.0,0.0,0.0,0.0
R04,testing,03,11,0,0.0,0.0,0.0,0.0
R04,testing,03,12,0,0.0,0.0,0.0,0.0
R04,testing,03,13,0,0.0,0.0,0.0,0.0
R04,testing,03,14,0,0.0,0.0,0.0,0.0
R04,testing,03,15,0,0.0,0.0,0.0,0.0
R04,testing,03,16,0,0.0,0.0,0.0,0.0
R04,testing,03,17,0,0.0,0.0,0.0,0.0
R04,testing,03,18,0,0.0,0.0,0.0,0.0
R04,testing,03,19,0,0.0,0.0,0.0,0.0
R04,testing,03,20,0,0.0,0.0,0.0,0.0
R04,testing,03,21,0,0.0,0.0,0.0,0.0
R04,testing,03,22,0,0.0,0.0,0.0,0.0
R04,testing,03,23,0,0.0,0.0,0.0,0.0
R04,testing,03,24,0,0.0,0.0,0.0,0.0
R04,testing,03,25,0,0.0,0.0,0.0,0.0
R04,testing,03,26,0,0.0,0.0,0.0,0.0
R04,testing,03,27,0,0.0,0.0,0.0,0.0
R04,testing,03,28,0,0.0,0.0,0.0,0.0
R04,testing,03,29,0,0.0,0.0,0.0,0.0
R04,testing,03,30,0,0.0,0.0,0.0,0.0
R04,testing,03,31,0,0.0,0.0,0.0,0.0
R04,testing,03,32,0,0.0,0.0,0.0,0.0
R04,testing,03,33,0,0.0,0.0,0.0,0.0
R04,testing,03,34,0,0.0,0.0,0.0,0.0
R04,testing,03,35,0,0.0,0.0,0.0,0.0
R04,testing,03,36,0,0.0,0.0,0.0,0.0
R04,testing,03,37,0,0.0,0.0,0.0,0.0
R04,testing,03,38,0,0.0,0.0,0.0,0.0
R04,testing,03,39,0,0.0,0.0,0.0,0.0
R04,testing,03,40,0,0.0,0.0,0.0,0.0
R04,testing,03,41,0,0.0,0.0,0.0,0.0
R04,testing,03,42,0,0.0,0.0,0.0,0.0
R04,testing,03,43,0,0.0,0.0,0.0,0.0
R04,testing,03,44,0,0.0,0.0,0.0,0.0
R04,testing,03,45,0,0.0,0.0,0.0,0.0
R04,testing,03,46,0,0.0,0.0,0.0,0.0
R04,testing,03,47,0,0.0,0.0,0.0,0.0
R04,testing,03,48,0,0.0,0.0,0.0,0.0
R04,testing,03,49,0,0.0,0.0,0.0,0.0
R04,testing,03,50,0,0.0,0.0,0.0,0.0
R04,testing,03,51,0,0.0,0.0,0.0,0.0
R04,testing,03,52,0,0.0,0.0,0.0,0.0
R04,testing,03,53,0,0.0,0.0,0.0,0.0
R04,testing,03,54,0,0.0,0.0,0.0,0.0
R04,testing,03,55,0,0.0,0.0,0.0,0.0
R04,testing,03,56,0,0.0,0.0,0.0,0.0
R04,testing,03,57,0,0.0,0.0,0.0,0.0
R04,testing,03,58,0,0.0,0.0,0.0,0.0
R04,testing,03,59,0,0.0,0.0,0.0,0.0
R04,testing,03,60,0,0.0,0.0,0.0,0.0
R04,testing,03,61,0,0.0,0.0,0.0,0.0
R04,testing,03,62,0,0.0,0.0,0.0,0.0
R04,testing,03,63,0,0.0,0.0,0.0,0.0
R04,testing,03,64,0,0.0,0.0,0.0,0.0
R04,testing,03,65,1,0.0,0.0,0.0,0.0
R04,testing,03,66,1,0.0,0.0,0.0,0.0
R04,testing,03,67,1,0.0,0.0,0.0,0.0
R04,testing,03,68,1,0.0,0.0,0.0,0.0
R04,testing,03,69,1,0.0,0.0,0.0,0.0
R04,testing,03,70,1,0.0,0.0,0.0,0.0
R04,testing,03,71,1,0.0,0.0,0.0,0.0
R04,testing,03,72,1,0.0,0.0,0.0,0.0
R04,testing,03,73,1,0.0,0.0,0.0,0.0
R04,testing,03,74,1,0.0,0.0,0.0,0.0
R04,testing,03,75,1,0.0,0.0,0.0,0.0
R04,testing,03,76,1,0.0,0.0,0.0,0.0
R04,testing,03,77,1,0.0,0.0,0.0,0.0
R04,testing,03,78,1,0.0,0.0,0.0,0.0
R04,testing,03,79,1,0.0,0.0,0.0,0.0
R04,testing,03,80,1,0.0,0.0,0.0,0.0
R04,testing,03,81,1,0.0,0.0,0.0,0.0
R04,testing,03,82,1,0.0,0.0,0.0,0.0
R04,testing,03,83,1,0.0,0.0,0.0,0.0
R04,testing,03,84,1,0.0,0.0,0.0,0.0
R04,testing,03,85,1,0.0,0.0,0.0,0.0
R04,testing,03,86,1,0.0,0.0,0.0,0.0
R04,testing,03,87,1,0.0,0.0,0.0,0.0
R04,testing,03,88,1,0.0,0.0,0.0,0.0
R04,testing,03,89,1,0.0,0.0,0.0,0.0
R04,testing,03,90,1,0.0,0.0,0.0,0.0
R04,testing,03,91,1,0.0,0.0,0.0,0.0
R04,testing,03,92,1,0.0,0.0,0.0,0.0
R04,testing,03,93,1,0.0,0.0,0.0,0.0
R04,testing,03,94,1,0.0,0.0,0.0,0.0
R04,testing,03,95,1,0.0,0.0,0.0,0.0
R04,testing,03,96,1,0.0,0.0,0.0,0.0
R04,testing,03,97,1,0.0,0.0,0.0,0.0
R04,testing,03,98,1,0.0,0.0,0.0,0.0
R04,testing,03,99,1,0.0,0.0,0.0,0.0
R04,testing,03,100,1,0.0,0.0,0.0,0.0
R04,testing,03,101,1,0.0,0.0,0.0,0.0
R04,testing,03,102,1,0.0,0.0,0.0,0.0
R04,testing,03,103,1,0.0,0.0,0.0,0.0
R04,testing,03,104,1,0.0,0.0,0.0,0.0
R04,testing,03,105,1,0.0,0.0,0.0,0.0
R04,testing,03,106,1,0.0,0.0,0.0,0.0
R04,testing,03,107,1,0.0,0.0,0.0,0.0
R04,testing,03,108,1,0.0,0.0,0.0,0.0
R04,testing,03,109,1,0.0,0.0,0.0,0.0
R04,testing,03,110,1,0.0,0.0,0.0,0.0
R04,testing,03,111,1,0.0,0.0,0.0,0.0
R04,testing,03,112,1,0.0,0.0,0.0,0.0
R04,testing,03,113,1,0.0,0.0,0.0,0.0
R04,testing,03,114,1,0.0,0.0,0.0,0.0
R04,testing,03,115,1,0.0,0.0,0.0,0.0
R04,testing,03,116,1,0.0,0.0,0.0,0.0
R04,testing,03,117,1,0.0,0.0,0.0,0.0
R04,testing,03,118,1,0.0,0.0,0.0,0.0
R04,testing,03,119,1,0.0,0.0,0.0,0.0
R04,testing,03,120,1,0.0,0.0,0.0,0.0
R04,testing,03,121,1,0.0,0.0,0.0,0.0
R04,testing,03,122,1,0.0,0.0,0.0,0.0
R04,testing,03,123,1,0.0,0.0,0.0,0.0
R04,testing,03,124,1,0.0,0.0,0.0,0.0
R04,testing,03,125,1,0.0,0.0,0.0,0.0
R04,testing,03,126,1,0.0,0.0,0.0,0.0
R04,testing,03,127,1,0.0,0.0,0.0,0.0
R04,testing,03,128,1,0.0,0.0,0.0,0.0
R04,testing,03,129,1,0.0,0.0,0.0,0.0
R04,testing,03,130,1,0.0,0.0,0.0,0.0
R04,testing,03,131,1,0.0,0.0,0.0,0.0
R04,testing,03,132,1,0.0,0.0,0.0,0.0
R04,testing,03,133,1,0.0,0.0,0.0,0.0
R04,testing,03,134,1,0.0,0.0,0.0,0.0
R04,testing,03,135,1,0.0,0.0,0.0,0.0
R04,testing,03,136,1,0.0,0.0,0.0,0.0
R04,testing,03,137,1,0.0,0.0,0.0,0.0
R04,testing,03,138,1,0.0,0.0,0.0,0.0
R04,testing,03,139,1,0.0,0.0,0.0,0.0
R04,testing,03,140,1,0.0,0.0,0.0,0.0
R04,testing,03,141,1,0.0,0.0,0.0,0.0
R04,testing,03,142,1,0.0,0.0,0.0,0.0
R04,testing,03,143,1,0.0,0.0,0.0,0.0
R04,testing,03,144,1,0.0,0.0,0.0,0.0
R04,testing,03,145,1,0.0,0.0,0.0,0.0
R04,testing,03,146,1,0.0,0.0,0.0,0.0
R04,testing,03,147,1,0.0,0.0,0.0,0.0
R04,testing,03,148,1,0.0,0.0,0.0,0.0
R04,testing,03,149,1,0.0,0.0,0.0,0.0
R04,testing,03,150,1,0.0,0.0,0.0,0.0
R04,testing,03,151,1,0.0,0.0,0.0,0.0
R04,testing,03,152,1,0.0,0.0,0.0,0.0
R04,testing,03,153,1,0.0,0.0,0.0,0.0
R04,testing,03,154,1,0.0,0.0,0.0,0.0
R04,testing,03,155,1,0.0,0.0,0.0,0.0
R04,testing,03,156,1,0.0,0.0,0.0,0.0
R04,testing,03,157,1,0.0,0.0,0.0,0.0
R04,testing,03,158,1,0.0,0.0,0.0,0.0
R04,testing,03,159,1,0.0,0.0,0.0,0.0
R04,testing,03,160,1,0.0,0.0,0.0,0.0
R04,testing,03,161,1,0.0,0.0,0.0,0.0
R04,testing,03,162,1,0.0,0.0,0.0,0.0
R04,testing,03,163,1,0.0,0.0,0.0,0.0
R04,testing,03,164,1,0.0,0.0,0.0,0.0
R04,testing,03,165,1,0.0,0.0,0.0,0.0
R04,testing,03,166,1,0.0,0.0,0.0,0.0
R04,testing,03,167,1,0.0,0.0,0.0,0.0
R04,testing,03,168,1,0.0,0.0,0.0,0.0
R04,testing,03,169,1,0.0,0.0,0.0,0.0
R04,testing,03,170,1,0.0,0.0,0.0,0.0
R04,testing,03,171,1,0.0,0.0,0.0,0.0
R04,testing,03,172,1,0.0,0.0,0.0,0.0
R04,testing,03,173,1,0.0,0.0,0.0,0.0
R04,testing,03,174,1,0.0,0.0,0.0,0.0
R04,testing,03,175,1,0.0,0.0,0.0,0.0
R04,testing,03,176,1,0.0,0.0,0.0,0.0
R04,testing,03,177,1,0.0,0.0,0.0,0.0
R04,testing,03,178,1,0.0,0.0,0.0,0.0
R04,testing,03,179,1,0.0,0.0,0.0,0.0
R04,testing,03,180,1,0.0,0.0,0.0,0.0
R04,testing,03,181,1,0.0,0.0,0.0,0.0
R04,testing,03,182,1,0.0,0.0,0.0,0.0
R04,testing,03,183,1,0.0,0.0,0.0,0.0
R04,testing,03,184,1,0.0,0.0,0.0,0.0
R04,testing,03,185,1,0.0,0.0,0.0,0.0
R04,testing,03,186,1,0.0,0.0,0.0,0.0
R04,testing,03,187,1,0.0,0.0,0.0,0.0
R04,testing,03,188,1,0.0,0.0,0.0,0.0
R04,testing,03,189,1,0.0,0.0,0.0,0.0
R04,testing,03,190,1,0.0,0.0,0.0,0.0
R04,testing,03,191,1,0.0,0.0,0.0,0.0
R04,testing,03,192,1,0.0,0.0,0.0,0.0
R04,testing,03,193,1,0.0,0.0,0.0,0.0
R04,testing,03,194,1,0.0,0.0,0.0,0.0
R04,testing,03,195,1,0.0,0.0,0.0,0.0
R04,testing,03,196,1,0.0,0.0,0.0,0.0
R04,testing,03,197,1,0.0,0.0,0.0,0.0
R04,testing,03,198,1,0.0,0.0,0.0,0.0
R04,testing,03,199,1,0.0,0.0,0.0,0.0
R04,testing,03,200,1,0.0,0.0,0.0,0.0
R04,testing,03,201,1,0.0,0.0,0.0,0.0
R04,testing,03,202,1,0.0,0.0,0.0,0.0
R04,testing,03,203,1,0.0,0.0,0.0,0.0
R04,testing,03,204,1,0.0,0.0,0.0,0.0
R04,testing,03,205,1,0.0,0.0,0.0,0.0
R04,testing,03,206,1,0.0,0.0,0.0,0.0
R04,testing,03,207,1,0.0,0.0,0.0,0.0
R04,testing,03,208,1,0.0,0.0,0.0,0.0
R04,testing,03,209,1,0.0,0.0,0.0,0.0
R04,testing,03,210,1,0.0,0.0,0.0,0.0
R04,testing,03,211,1,0.0,0.0,0.0,0.0
R04,testing,03,212,1,0.0,0.0,0.0,0.0
R04,testing,03,213,1,0.0,0.0,0.0,0.0
R04,testing,03,214,1,0.0,0.0,0.0,0.0
R04,testing,03,215,1,0.0,0.0,0.0,0.0
R04,testing,03,216,1,0.0,0.0,0.0,0.0
R04,testing,03,217,1,0.0,0.0,0.0,0.0
R04,testing,03,218,1,0.0,0.0,0.0,0.0
R04,testing,03,219,1,0.0,0.0,0.0,0.0
R04,testing,03,220,1,0.0,0.0,0.0,0.0
R04,testing,03,221,1,0.0,0.0,0.0,0.0
R04,testing,03,222,1,0.0,0.0,0.0,0.0
R04,testing,03,223,1,0.0,0.0,0.0,0.0
R04,testing,03,224,1,0.0,0.0,0.0,0.0
R04,testing,03,225,1,0.0,0.0,0.0,0.0
R04,testing,03,226,1,0.0,0.0,0.0,0.0
R04,testing,03,227,1,0.0,0.0,0.0,0.0
R04,testing,03,228,1,0.0,0.0,0.0,0.0
R04,testing,03,229,1,0.0,0.0,0.0,0.0
R04,testing,03,230,1,0.0,0.0,0.0,0.0
R04,testing,03,231,1,0.0,0.0,0.0,0.0
R04,testing,03,232,1,0.0,0.0,0.0,0.0
R04,testing,03,233,1,0.0,0.0,0.0,0.0
R04,testing,03,234,1,0.0,0.0,0.0,0.0
R04,testing,03,235,1,0.0,0.0,0.0,0.0
R04,testing,03,236,1,0.0,0.0,0.0,0.0
R04,testing,03,237,1,0.0,0.0,0.0,0.0
R04,testing,03,238,1,0.0,0.0,0.0,0.0
R04,testing,03,239,1,0.0,0.0,0.0,0.0
R04,testing,03,240,1,0.0,0.0,0.0,0.0
R04,testing,03,241,1,0.0,0.0,0.0,0.0
R04,testing,03,242,1,0.0,0.0,0.0,0.0
R04,testing,03,243,1,0.0,0.0,0.0,0.0
R04,testing,03,244,1,0.0,0.0,0.0,0.0
R04,testing,03,245,1,0.0,0.0,0.0,0.0
R04,testing,03,246,1,0.0,0.0,0.0,0.0
R04,testing,03,247,1,0.0,0.0,0.0,0.0
R04,testing,03,248,1,0.0,0.0,0.0,0.0
R04,testing,03,249,1,0.0,0.0,0.0,0.0
R04,testing,03,250,1,0.0,0.0,0.0,0.0
R04,testing,03,251,1,0.0,0.0,0.0,0.0
R04,testing,03,252,1,0.0,0.0,0.0,0.0
R04,testing,03,253,1,0.0,0.0,0.0,0.0
R04,testing,03,254,1,0.0,0.0,0.0,0.0
R04,testing,03,255,1,0.0,0.0,0.0,0.0
R04,testing,03,256,1,0.0,0.0,0.0,0.0
R04,testing,03,257,1,0.0,0.0,0.0,0.0
R04,testing,03,258,1,0.0,0.0,0.0,0.0
R04,testing,03,259,1,0.0,0.0,0.0,0.0
R04,testing,03,260,1,0.0,0.0,0.0,0.0
R04,testing,03,261,1,0.0,0.0,0.0,0.0
R04,testing,03,262,1,0.0,0.0,0.0,0.0
R04,testing,03,263,1,0.0,0.0,0.0,0.0
R04,testing,03,264,1,0.0,0.0,0.0,0.0
R04,testing,03,265,1,0.0,0.0,0.0,0.0
R04,testing,03,266,1,0.0,0.0,0.0,0.0
R04,testing,03,267,1,0.0,0.0,0.0,0.0
R04,testing,03,268,1,0.0,0.0,0.0,0.0
R04,testing,03,269,1,0.0,0.0,0.0,0.0
R04,testing,03,270,1,0.0,0.0,0.0,0.0
R04,testing,03,271,1,0.0,0.0,0.0,0.0
R04,testing,03,272,1,0.0,0.0,0.0,0.0
R04,testing,03,273,1,0.0,0.0,0.0,0.0
R04,testing,03,274,1,0.0,0.0,0.0,0.0
R04,testing,03,275,1,0.0,0.0,0.0,0.0
R04,testing,03,276,1,0.0,0.0,0.0,0.0
R04,testing,03,277,1,0.0,0.0,0.0,0.0
R04,testing,03,278,1,0.0,0.0,0.0,0.0
R04,testing,03,279,1,0.0,0.0,0.0,0.0
R04,testing,03,280,1,0.0,0.0,0.0,0.0
R04,testing,03,281,1,0.0,0.0,0.0,0.0
R04,testing,03,282,1,0.0,0.0,0.0,0.0
R04,testing,03,283,1,0.0,0.0,0.0,0.0
R04,testing,03,284,1,0.0,0.0,0.0,0.0
R04,testing,03,285,1,0.0,0.0,0.0,0.0
R04,testing,03,286,1,0.0,0.0,0.0,0.0
R04,testing,03,287,1,0.0,0.0,0.0,0.0
R04,testing,03,288,1,0.0,0.0,0.0,0.0
R04,testing,03,289,1,0.0,0.0,0.0,0.0
R04,testing,03,290,1,0.0,0.0,0.0,0.0
R04,testing,03,291,1,0.0,0.0,0.0,0.0
R04,testing,03,292,1,0.0,0.0,0.0,0.0
R04,testing,03,293,1,0.0,0.0,0.0,0.0
R04,testing,03,294,1,0.0,0.0,0.0,0.0
R04,testing,03,295,1,0.0,0.0,0.0,0.0
R04,testing,03,296,1,0.0,0.0,0.0,0.0
R04,testing,03,297,1,0.0,0.0,0.0,0.0
R04,testing,03,298,1,0.0,0.0,0.0,0.0
R04,testing,03,299,1,0.0,0.0,0.0,0.0
R04,testing,03,300,1,0.0,0.0,0.0,0.0
R04,testing,03,301,1,0.0,0.0,0.0,0.0
R04,testing,03,302,1,0.0,0.0,0.0,0.0
R04,testing,03,303,1,0.0,0.0,0.0,0.0
R04,testing,03,304,1,0.0,0.0,0.0,0.0
R04,testing,03,305,1,0.0,0.0,0.0,0.0
R04,testing,03,306,1,0.0,0.0,0.0,0.0
R04,testing,03,307,1,0.0,0.0,0.0,0.0
R04,testing,03,308,1,0.0,0.0,0.0,0.0
R04,testing,03,309,1,0.0,0.0,0.0,0.0
R04,testing,03,310,1,0.0,0.0,0.0,0.0
R04,testing,03,311,1,0.0,0.0,0.0,0.0
R04,testing,03,312,1,0.0,0.0,0.0,0.0
R04,testing,03,313,1,0.0,0.0,0.0,0.0
R04,testing,03,314,1,0.0,0.0,0.0,0.0
R04,testing,03,315,1,0.0,0.0,0.0,0.0
R04,testing,03,316,1,0.0,0.0,0.0,0.0
R04,testing,03,317,1,0.0,0.0,0.0,0.0
R04,testing,03,318,1,0.0,0.0,0.0,0.0
R04,testing,03,319,1,0.0,0.0,0.0,0.0
R04,testing,03,320,1,0.0,0.0,0.0,0.0
R04,testing,03,321,1,0.0,0.0,0.0,0.0
R04,testing,03,322,1,0.0,0.0,0.0,0.0
R04,testing,03,323,1,0.0,0.0,0.0,0.0
R04,testing,03,324,1,0.0,0.0,0.0,0.0
R04,testing,03,325,1,0.0,0.0,0.0,0.0
R04,testing,03,326,1,0.0,0.0,0.0,0.0
R04,testing,03,327,1,0.0,0.0,0.0,0.0
R04,testing,03,328,1,0.0,0.0,0.0,0.0
R04,testing,03,329,1,0.0,0.0,0.0,0.0
R04,testing,03,330,1,0.0,0.0,0.0,0.0
R04,testing,03,331,1,0.0,0.0,0.0,0.0
R04,testing,03,332,1,0.0,0.0,0.0,0.0
R04,testing,03,333,1,0.0,0.0,0.0,0.0
R04,testing,03,334,1,0.0,0.0,0.0,0.0
R04,testing,03,335,1,0.0,0.0,0.0,0.0
R04,testing,03,336,1,0.0,0.0,0.0,0.0
R04,testing,03,337,1,0.0,0.0,0.0,0.0
R04,testing,03,338,1,0.0,0.0,0.0,0.0
R04,testing,03,339,1,0.0,0.0,0.0,0.0
R04,testing,03,340,1,0.0,0.0,0.0,0.0
R04,testing,03,341,1,0.0,0.0,0.0,0.0
R04,testing,03,342,1,0.0,0.0,0.0,0.0
R04,testing,03,343,1,0.0,0.0,0.0,0.0
R04,testing,03,344,1,0.0,0.0,0.0,0.0
R04,testing,03,345,1,0.0,0.0,0.0,0.0
R04,testing,03,346,1,0.0,0.0,0.0,0.0
R04,testing,03,347,1,0.0,0.0,0.0,0.0
R04,testing,03,348,1,0.0,0.0,0.0,0.0
R04,testing,03,349,1,0.0,0.0,0.0,0.0
R04,testing,03,350,1,0.0,0.0,0.0,0.0
R04,testing,03,351,1,0.0,0.0,0.0,0.0
R04,testing,03,352,1,0.0,0.0,0.0,0.0
R04,testing,03,353,1,0.0,0.0,0.0,0.0
R04,testing,03,354,1,0.0,0.0,0.0,0.0
R04,testing,03,355,1,0.0,0.0,0.0,0.0
R04,testing,03,356,1,0.0,0.0,0.0,0.0
R04,testing,03,357,1,0.0,0.0,0.0,0.0
R04,testing,03,358,1,0.0,0.0,0.0,0.0
R04,testing,03,359,1,0.0,0.0,0.0,0.0
R04,testing,03,360,1,0.0,0.0,0.0,0.0
R04,testing,03,361,1,0.0,0.0,0.0,0.0
R04,testing,03,362,1,0.0,0.0,0.0,0.0
R04,testing,03,363,1,0.0,0.0,0.0,0.0
R04,testing,03,364,1,0.0,0.0,0.0,0.0
R04,testing,03,365,1,0.0,0.0,0.0,0.0
R04,testing,03,366,1,0.0,0.0,0.0,0.0
R04,testing,03,367,1,0.0,0.0,0.0,0.0
R04,testing,03,368,1,0.0,0.0,0.0,0.0
R04,testing,03,369,1,0.0,0.0,0.0,0.0
R04,testing,03,370,1,0.0,0.0,0.0,0.0
R04,testing,03,371,1,0.0,0.0,0.0,0.0
R04,testing,03,372,1,0.0,0.0,0.0,0.0
R04,testing,03,373,1,0.0,0.0,0.0,0.0
R04,testing,03,374,1,0.0,0.0,0.0,0.0
R04,testing,03,375,1,0.0,0.0,0.0,0.0
R04,testing,03,376,1,0.0,0.0,0.0,0.0
R04,testing,03,377,1,0.0,0.0,0.0,0.0
R04,testing,03,378,1,0.0,0.0,0.0,0.0
R04,testing,03,379,1,0.0,0.0,0.0,0.0
R04,testing,03,380,1,0.0,0.0,0.0,0.0
R04,testing,09,0,0,0.0,0.0,0.0,0.0
R04,testing,09,1,0,0.0,0.0,0.0,0.0
R04,testing,09,2,0,0.0,0.0,0.0,0.0
R04,testing,09,3,0,0.0,0.0,0.0,0.0
R04,testing,09,4,0,0.0,0.0,0.0,0.0
R04,testing,09,5,0,0.0,0.0,0.0,0.0
R04,testing,09,6,0,0.0,0.0,0.0,0.0
R04,testing,09,7,0,0.0,0.0,0.0,0.0
R04,testing,09,8,0,0.0,0.0,0.0,0.0
R04,testing,09,9,0,0.0,0.0,0.0,0.0
R04,testing,09,10,0,0.0,0.0,0.0,0.0
R04,testing,09,11,0,0.0,0.0,0.0,0.0
R04,testing,09,12,0,0.0,0.0,0.0,0.0
R04,testing,09,13,0,0.0,0.0,0.0,0.0
R04,testing,09,14,0,0.0,0.0,0.0,0.0
R04,testing,09,15,0,0.0,0.0,0.0,0.0
R04,testing,09,16,0,0.0,0.0,0.0,0.0
R04,testing,09,17,0,0.0,0.0,0.0,0.0
R04,testing,09,18,0,0.0,0.0,0.0,0.0
R04,testing,09,19,0,0.0,0.0,0.0,0.0
R04,testing,09,20,0,0.0,0.0,0.0,0.0
R04,testing,09,21,0,0.0,0.0,0.0,0.0
R04,testing,09,22,0,0.0,0.0,0.0,0.0
R04,testing,09,23,0,0.0,0.0,0.0,0.0
R04,testing,09,24,0,0.0,0.0,0.0,0.0
R04,testing,09,25,0,0.0,0.0,0.0,0.0
R04,testing,09,26,0,0.0,0.0,0.0,0.0
R04,testing,09,27,0,0.0,0.0,0.0,0.0
R04,testing,09,28,0,0.0,0.0,0.0,0.0
R04,testing,09,29,0,0.0,0.0,0.0,0.0
R04,testing,09,30,0,0.0,0.0,0.0,0.0
R04,testing,09,31,0,0.0,0.0,0.0,0.0
R04,testing,09,32,0,0.0,0.0,0.0,0.0
R04,testing,09,33,0,0.0,0.0,0.0,0.0
R04,testing,09,34,0,0.0,0.0,0.0,0.0
R04,testing,09,35,0,0.0,0.0,0.0,0.0
R04,testing,09,36,0,0.0,0.0,0.0,0.0
R04,testing,09,37,0,0.0,0.0,0.0,0.0
R04,testing,09,38,0,0.0,0.0,0.0,0.0
R04,testing,09,39,0,0.0,0.0,0.0,0.0
R04,testing,09,40,0,0.0,0.0,0.0,0.0
R04,testing,09,41,0,0.0,0.0,0.0,0.0
R04,testing,09,42,0,0.0,0.0,0.0,0.0
R04,testing,09,43,0,0.0,0.0,0.0,0.0
R04,testing,09,44,0,0.0,0.0,0.0,0.0
R04,testing,09,45,0,0.0,0.0,0.0,0.0
R04,testing,09,46,0,0.0,0.0,0.0,0.0
R04,testing,09,47,0,0.0,0.0,0.0,0.0
R04,testing,09,48,0,0.0,0.0,0.0,0.0
R04,testing,09,49,0,0.0,0.0,0.0,0.0
R04,testing,09,50,0,0.0,0.0,0.0,0.0
R04,testing,09,51,0,0.0,0.0,0.0,0.0
R04,testing,09,52,0,0.0,0.0,0.0,0.0
R04,testing,09,53,0,0.0,0.0,0.0,0.0
R04,testing,09,54,0,0.0,0.0,0.0,0.0
R04,testing,09,55,0,0.0,0.0,0.0,0.0
R04,testing,09,56,0,0.0,0.0,0.0,0.0
R04,testing,09,57,0,0.0,0.0,0.0,0.0
R04,testing,09,58,0,0.0,0.0,0.0,0.0
R04,testing,09,59,0,0.0,0.0,0.0,0.0
R04,testing,09,60,0,0.0,0.0,0.0,0.0
R04,testing,09,61,0,0.0,0.0,0.0,0.0
R04,testing,09,62,0,0.0,0.0,0.0,0.0
R04,testing,09,63,0,0.0,0.0,0.0,0.0
R04,testing,09,64,0,0.0,0.0,0.0,0.0
R04,testing,09,65,0,0.0,0.0,0.0,0.0
R04,testing,09,66,0,0.0,0.0,0.0,0.0
R04,testing,09,67,0,0.0,0.0,0.0,0.0
R04,testing,09,68,0,0.0,0.0,0.0,0.0
R04,testing,09,69,0,0.0,0.0,0.0,0.0
R04,testing,09,70,0,0.0,0.0,0.0,0.0
R04,testing,09,71,0,0.0,0.0,0.0,0.0
R04,testing,09,72,0,0.0,0.0,0.0,0.0
R04,testing,09,73,0,0.0,0.0,0.0,0.0
R04,testing,09,74,0,0.0,0.0,0.0,0.0
R04,testing,09,75,0,0.0,0.0,0.0,0.0
R04,testing,09,76,0,0.0,0.0,0.0,0.0
R04,testing,09,77,0,0.0,0.0,0.0,0.0
R04,testing,09,78,0,0.0,0.0,0.0,0.0
R04,testing,09,79,0,0.0,0.0,0.0,0.0
R04,testing,09,80,0,0.0,0.0,0.0,0.0
R04,testing,09,81,0,0.0,0.0,0.0,0.0
R04,testing,09,82,0,0.0,0.0,0.0,0.0
R04,testing,09,83,0,0.0,0.0,0.0,0.0
R04,testing,09,84,0,0.0,0.0,0.0,0.0
R04,testing,09,85,0,0.0,0.0,0.0,0.0
R04,testing,09,86,0,0.0,0.0,0.0,0.0
R04,testing,09,87,0,0.0,0.0,0.0,0.0
R04,testing,09,88,0,0.0,0.0,0.0,0.0
R04,testing,09,89,0,0.0,0.0,0.0,0.0
R04,testing,09,90,0,0.0,0.0,0.0,0.0
R04,testing,09,91,0,0.0,0.0,0.0,0.0
R04,testing,09,92,0,0.0,0.0,0.0,0.0
R04,testing,09,93,0,0.0,0.0,0.0,0.0
R04,testing,09,94,0,0.0,0.0,0.0,0.0
R04,testing,09,95,0,0.0,0.0,0.0,0.0
R04,testing,09,96,0,0.0,0.0,0.0,0.0
R04,testing,09,97,0,0.0,0.0,0.0,0.0
R04,testing,09,98,0,0.0,0.0,0.0,0.0
R04,testing,09,99,0,0.0,0.0,0.0,0.0
R04,testing,09,100,0,0.0,0.0,0.0,0.0
R04,testing,09,101,0,0.0,0.0,0.0,0.0
R04,testing,09,102,0,0.0,0.0,0.0,0.0
R04,testing,09,103,0,0.0,0.0,0.0,0.0
R04,testing,09,104,0,0.0,0.0,0.0,0.0
R04,testing,09,105,0,0.0,0.0,0.0,0.0
R04,testing,09,106,0,0.0,0.0,0.0,0.0
R04,testing,09,107,0,0.0,0.0,0.0,0.0
R04,testing,09,108,0,0.0,0.0,0.0,0.0
R04,testing,09,109,0,0.0,0.0,0.0,0.0
R04,testing,09,110,0,0.0,0.0,0.0,0.0
R04,testing,09,111,0,0.0,0.0,0.0,0.0
R04,testing,09,112,0,0.0,0.0,0.0,0.0
R04,testing,09,113,0,0.0,0.0,0.0,0.0
R04,testing,09,114,0,0.0,0.0,0.0,0.0
R04,testing,09,115,0,0.0,0.0,0.0,0.0
R04,testing,09,116,0,0.0,0.0,0.0,0.0
R04,testing,09,117,0,0.0,0.0,0.0,0.0
R04,testing,09,118,0,0.0,0.0,0.0,0.0
R04,testing,09,119,0,0.0,0.0,0.0,0.0
R04,testing,09,120,0,0.0,0.0,0.0,0.0
R04,testing,09,121,0,0.0,0.0,0.0,0.0
R04,testing,09,122,0,0.0,0.0,0.0,0.0
R04,testing,09,123,0,0.0,0.0,0.0,0.0
R04,testing,09,124,0,0.0,0.0,0.0,0.0
R04,testing,09,125,0,0.0,0.0,0.0,0.0
R04,testing,09,126,0,0.0,0.0,0.0,0.0
R04,testing,09,127,0,0.0,0.0,0.0,0.0
R04,testing,09,128,1,0.0,0.0,0.0,0.0
R04,testing,09,129,1,0.0,0.0,0.0,0.0
R04,testing,09,130,1,0.0,0.0,0.0,0.0
R04,testing,09,131,1,0.0,0.0,0.0,0.0
R04,testing,09,132,1,0.0,0.0,0.0,0.0
R04,testing,09,133,1,0.0,0.0,0.0,0.0
R04,testing,09,134,1,0.0,0.0,0.0,0.0
R04,testing,09,135,1,0.0,0.0,0.0,0.0
R04,testing,09,136,1,0.0,0.0,0.0,0.0
R04,testing,09,137,1,0.0,0.0,0.0,0.0
R04,testing,09,138,1,0.0,0.0,0.0,0.0
R04,testing,09,139,1,0.0,0.0,0.0,0.0
R04,testing,09,140,1,0.0,0.0,0.0,0.0
R04,testing,09,141,1,0.0,0.0,0.0,0.0
R04,testing,09,142,1,0.0,0.0,0.0,0.0
R04,testing,09,143,1,0.0,0.0,0.0,0.0
R04,testing,09,144,1,0.0,0.0,0.0,0.0
R04,testing,09,145,1,0.0,0.0,0.0,0.0
R04,testing,09,146,1,0.0,0.0,0.0,0.0
R04,testing,09,147,1,0.0,0.0,0.0,0.0
R04,testing,09,148,1,0.0,0.0,0.0,0.0
R04,testing,09,149,1,0.0,0.0,0.0,0.0
R04,testing,09,150,1,0.0,0.0,0.0,0.0
R04,testing,09,151,1,0.0,0.0,0.0,0.0
R04,testing,09,152,1,0.0,0.0,0.0,0.0
R04,testing,09,153,1,0.0,0.0,0.0,0.0
R04,testing,09,154,1,0.0,0.0,0.0,0.0
R04,testing,09,155,1,0.0,0.0,0.0,0.0
R04,testing,09,156,1,0.0,0.0,0.0,0.0
R04,testing,09,157,1,0.0,0.0,0.0,0.0
R04,testing,09,158,1,0.0,0.0,0.0,0.0
R04,testing,09,159,1,0.0,0.0,0.0,0.0
R04,testing,09,160,1,0.0,0.0,0.0,0.0
R04,testing,09,161,1,0.0,0.0,0.0,0.0
R04,testing,09,162,1,0.0,0.0,0.0,0.0
R04,testing,09,163,1,0.0,0.0,0.0,0.0
R04,testing,09,164,1,0.0,0.0,0.0,0.0
R04,testing,09,165,1,0.0,0.0,0.0,0.0
R04,testing,09,166,1,0.0,0.0,0.0,0.0
R04,testing,09,167,1,0.0,0.0,0.0,0.0
R04,testing,09,168,1,0.0,0.0,0.0,0.0
R04,testing,09,169,1,0.0,0.0,0.0,0.0
R04,testing,09,170,1,0.0,0.0,0.0,0.0
R04,testing,09,171,1,0.0,0.0,0.0,0.0
R04,testing,09,172,1,0.0,0.0,0.0,0.0
R04,testing,09,173,1,0.0,0.0,0.0,0.0
R04,testing,09,174,1,0.0,0.0,0.0,0.0
R04,testing,09,175,1,0.0,0.0,0.0,0.0
R04,testing,09,176,1,0.0,0.0,0.0,0.0
R04,testing,09,177,1,0.0,0.0,0.0,0.0
R04,testing,09,178,1,0.0,0.0,0.0,0.0
R04,testing,09,179,1,0.0,0.0,0.0,0.0
R04,testing,09,180,1,0.0,0.0,0.0,0.0
R04,testing,09,181,1,0.0,0.0,0.0,0.0
R04,testing,09,182,1,0.0,0.0,0.0,0.0
R04,testing,09,183,1,0.0,0.0,0.0,0.0
R04,testing,09,184,1,0.0,0.0,0.0,0.0
R04,testing,09,185,1,0.0,0.0,0.0,0.0
R04,testing,09,186,1,0.0,0.0,0.0,0.0
R04,testing,09,187,1,0.0,0.0,0.0,0.0
R04,testing,09,188,1,0.0,0.0,0.0,0.0
R04,testing,09,189,1,0.0,0.0,0.0,0.0
R04,testing,09,190,1,0.0,0.0,0.0,0.0
R04,testing,09,191,1,0.0,0.0,0.0,0.0
R04,testing,09,192,1,0.0,0.0,0.0,0.0
R04,testing,09,193,1,0.0,0.0,0.0,0.0
R04,testing,09,194,1,0.0,0.0,0.0,0.0
R04,testing,09,195,1,0.0,0.0,0.0,0.0
R04,testing,09,196,1,0.0,0.0,0.0,0.0
R04,testing,09,197,1,0.0,0.0,0.0,0.0
R04,testing,09,198,1,0.0,0.0,0.0,0.0
R04,testing,09,199,1,0.0,0.0,0.0,0.0
R04,testing,09,200,1,0.0,0.0,0.0,0.0
R04,testing,09,201,1,0.0,0.0,0.0,0.0
R04,testing,09,202,1,0.0,0.0,0.0,0.0
R04,testing,09,203,1,0.0,0.0,0.0,0.0
R04,testing,09,204,1,0.0,0.0,0.0,0.0
R04,testing,09,205,1,0.0,0.0,0.0,0.0
R04,testing,09,206,1,0.0,0.0,0.0,0.0
R04,testing,09,207,1,0.0,0.0,0.0,0.0
R04,testing,09,208,1,0.0,0.0,0.0,0.0
R04,testing,09,209,1,0.0,0.0,0.0,0.0
R04,testing,09,210,1,0.0,0.0,0.0,0.0
R04,testing,09,211,1,0.0,0.0,0.0,0.0
R04,testing,09,212,1,0.0,0.0,0.0,0.0
R04,testing,09,213,1,0.0,0.0,0.0,0.0
R04,testing,09,214,1,0.0,0.0,0.0,0.0
R04,testing,09,215,1,0.0,0.0,0.0,0.0
R04,testing,09,216,1,0.0,0.0,0.0,0.0
R04,testing,09,217,1,0.0,0.0,0.0,0.0
R04,testing,09,218,1,0.0,0.0,0.0,0.0
R04,testing,09,219,1,0.0,0.0,0.0,0.0
R04,testing,09,220,1,0.0,0.0,0.0,0.0
R04,testing,09,221,1,0.0,0.0,0.0,0.0
R04,testing,09,222,1,0.0,0.0,0.0,0.0
R04,testing,09,223,1,0.0,0.0,0.0,0.0
R04,testing,09,224,1,0.0,0.0,0.0,0.0
R04,testing,09,225,1,0.0,0.0,0.0,0.0
R04,testing,09,226,1,0.0,0.0,0.0,0.0
R04,testing,09,227,1,0.0,0.0,0.0,0.0
R04,testing,09,228,1,0.0,0.0,0.0,0.0
R04,testing,09,229,1,0.0,0.0,0.0,0.0
R04,testing,09,230,1,0.0,0.0,0.0,0.0
R04,testing,09,231,1,0.0,0.0,0.0,0.0
R04,testing,09,232,1,0.0,0.0,0.0,0.0
R04,testing,09,233,1,0.0,0.0,0.0,0.0
R04,testing,09,234,1,0.0,0.0,0.0,0.0
R04,testing,09,235,1,0.0,0.0,0.0,0.0
R04,testing,09,236,1,0.0,0.0,0.0,0.0
R04,testing,09,237,1,0.0,0.0,0.0,0.0
R04,testing,09,238,1,0.0,0.0,0.0,0.0
R04,testing,09,239,1,0.0,0.0,0.0,0.0
R04,testing,09,240,1,0.0,0.0,0.0,0.0
R04,testing,09,241,1,0.0,0.0,0.0,0.0
R04,testing,09,242,1,0.0,0.0,0.0,0.0
R04,testing,09,243,1,0.0,0.0,0.0,0.0
R04,testing,09,244,1,0.0,0.0,0.0,0.0
R04,testing,09,245,1,0.0,0.0,0.0,0.0
R04,testing,09,246,1,0.0,0.0,0.0,0.0
R04,testing,09,247,1,0.0,0.0,0.0,0.0
R04,testing,09,248,1,0.0,0.0,0.0,0.0
R04,testing,09,249,1,0.0,0.0,0.0,0.0
R04,testing,09,250,1,0.0,0.0,0.0,0.0
R04,testing,09,251,1,0.0,0.0,0.0,0.0
R04,testing,09,252,1,0.0,0.0,0.0,0.0
R04,testing,09,253,1,0.0,0.0,0.0,0.0
R04,testing,09,254,1,0.0,0.0,0.0,0.0
R04,testing,09,255,1,0.0,0.0,0.0,0.0
R04,testing,09,256,1,0.0,0.0,0.0,0.0
R04,testing,09,257,1,0.0,0.0,0.0,0.0
R04,testing,09,258,1,0.0,0.0,0.0,0.0
R04,testing,09,259,1,0.0,0.0,0.0,0.0
R04,testing,09,260,1,0.0,0.0,0.0,0.0
R04,testing,09,261,1,0.0,0.0,0.0,0.0
R04,testing,09,262,1,0.0,0.0,0.0,0.0
R04,testing,09,263,1,0.0,0.0,0.0,0.0
R04,testing,09,264,1,0.0,0.0,0.0,0.0
R04,testing,09,265,1,0.0,0.0,0.0,0.0
R04,testing,09,266,1,0.0,0.0,0.0,0.0
R04,testing,09,267,1,0.0,0.0,0.0,0.0
R04,testing,09,268,1,0.0,0.0,0.0,0.0
R04,testing,09,269,1,0.0,0.0,0.0,0.0
R04,testing,09,270,1,0.0,0.0,0.0,0.0
R04,testing,09,271,1,0.0,0.0,0.0,0.0
R04,testing,09,272,1,0.0,0.0,0.0,0.0
R04,testing,09,273,1,0.0,0.0,0.0,0.0
R04,testing,09,274,1,0.0,0.0,0.0,0.0
R04,testing,09,275,1,0.0,0.0,0.0,0.0
R04,testing,09,276,1,0.0,0.0,0.0,0.0
R04,testing,09,277,1,0.0,0.0,0.0,0.0
R04,testing,09,278,1,0.0,0.0,0.0,0.0
R04,testing,09,279,1,0.0,0.0,0.0,0.0
R04,testing,09,280,1,0.0,0.0,0.0,0.0
R04,testing,09,281,1,0.0,0.0,0.0,0.0
R04,testing,09,282,1,0.0,0.0,0.0,0.0
R04,testing,09,283,1,0.0,0.0,0.0,0.0
R04,testing,09,284,1,0.0,0.0,0.0,0.0
R04,testing,09,285,1,0.0,0.0,0.0,0.0
R04,testing,09,286,1,0.0,0.0,0.0,0.0
R04,testing,09,287,1,0.0,0.0,0.0,0.0
R04,testing,09,288,1,0.0,0.0,0.0,0.0
R04,testing,09,289,1,0.0,0.0,0.0,0.0
R04,testing,09,290,1,0.0,0.0,0.0,0.0
R04,testing,09,291,1,0.0,0.0,0.0,0.0
R04,testing,09,292,1,0.0,0.0,0.0,0.0
R04,testing,09,293,1,0.0,0.0,0.0,0.0
R04,testing,09,294,1,0.0,0.0,0.0,0.0
R04,testing,09,295,1,0.0,0.0,0.0,0.0
R04,testing,09,296,1,0.0,0.0,0.0,0.0
R04,testing,09,297,1,0.0,0.0,0.0,0.0
R04,testing,09,298,1,0.0,0.0,0.0,0.0
R04,testing,09,299,1,0.0,0.0,0.0,0.0
R04,testing,09,300,1,0.0,0.0,0.0,0.0
R04,testing,09,301,1,0.0,0.0,0.0,0.0
R04,testing,09,302,1,0.0,0.0,0.0,0.0
R04,testing,09,303,1,0.0,0.0,0.0,0.0
R04,testing,09,304,1,0.0,0.0,0.0,0.0
R04,testing,09,305,1,0.0,0.0,0.0,0.0
R04,testing,09,306,1,0.0,0.0,0.0,0.0
R04,testing,09,307,1,0.0,0.0,0.0,0.0
R04,testing,09,308,1,0.0,0.0,0.0,0.0
R04,testing,09,309,1,0.0,0.0,0.0,0.0
R04,testing,09,310,1,0.0,0.0,0.0,0.0
R04,testing,09,311,1,0.0,0.0,0.0,0.0
R04,testing,09,312,1,0.0,0.0,0.0,0.0
R04,testing,09,313,1,0.0,0.0,0.0,0.0
R04,testing,09,314,1,0.0,0.0,0.0,0.0
R04,testing,09,315,1,0.0,0.0,0.0,0.0
R04,testing,09,316,1,0.0,0.0,0.0,0.0
R04,testing,09,317,1,0.0,0.0,0.0,0.0
R04,testing,09,318,1,0.0,0.0,0.0,0.0
R04,testing,09,319,1,0.0,0.0,0.0,0.0
R04,testing,09,320,1,0.0,0.0,0.0,0.0
R04,testing,09,321,1,0.0,0.0,0.0,0.0
R04,testing,09,322,1,0.0,0.0,0.0,0.0
R04,testing,09,323,1,0.0,0.0,0.0,0.0
R04,testing,09,324,1,0.0,0.0,0.0,0.0
R04,testing,09,325,1,0.0,0.0,0.0,0.0
R04,testing,09,326,1,0.0,0.0,0.0,0.0
R04,testing,09,327,1,0.0,0.0,0.0,0.0
R04,testing,09,328,1,0.0,0.0,0.0,0.0
R04,testing,09,329,1,0.0,0.0,0.0,0.0
R04,testing,09,330,1,0.0,0.0,0.0,0.0
R04,testing,09,331,1,0.0,0.0,0.0,0.0
R04,testing,09,332,1,0.0,0.0,0.0,0.0
R04,testing,09,333,1,0.0,0.0,0.0,0.0
R04,testing,15,0,0,0.0,0.0,0.0,0.0
R04,testing,15,1,0,0.0,0.0,0.0,0.0
R04,testing,15,2,0,0.0,0.0,0.0,0.0
R04,testing,15,3,0,0.0,0.0,0.0,0.0
R04,testing,15,4,0,0.0,0.0,0.0,0.0
R04,testing,15,5,0,0.0,0.0,0.0,0.0
R04,testing,15,6,0,0.0,0.0,0.0,0.0
R04,testing,15,7,0,0.0,0.0,0.0,0.0
R04,testing,15,8,0,0.0,0.0,0.0,0.0
R04,testing,15,9,0,0.0,0.0,0.0,0.0
R04,testing,15,10,0,0.0,0.0,0.0,0.0
R04,testing,15,11,0,0.0,0.0,0.0,0.0
R04,testing,15,12,0,0.0,0.0,0.0,0.0
R04,testing,15,13,0,0.0,0.0,0.0,0.0
R04,testing,15,14,0,0.0,0.0,0.0,0.0
R04,testing,15,15,0,0.0,0.0,0.0,0.0
R04,testing,15,16,0,0.0,0.0,0.0,0.0
R04,testing,15,17,0,0.0,0.0,0.0,0.0
R04,testing,15,18,0,0.0,0.0,0.0,0.0
R04,testing,15,19,0,0.0,0.0,0.0,0.0
R04,testing,15,20,0,0.0,0.0,0.0,0.0
R04,testing,15,21,0,0.0,0.0,0.0,0.0
R04,testing,15,22,0,0.0,0.0,0.0,0.0
R04,testing,15,23,0,0.0,0.0,0.0,0.0
R04,testing,15,24,0,0.0,0.0,0.0,0.0
R04,testing,15,25,0,0.0,0.0,0.0,0.0
R04,testing,15,26,0,0.0,0.0,0.0,0.0
R04,testing,15,27,0,0.0,0.0,0.0,0.0
R04,testing,15,28,0,0.0,0.0,0.0,0.0
R04,testing,15,29,0,0.0,0.0,0.0,0.0
R04,testing,15,30,0,0.0,0.0,0.0,0.0
R04,testing,15,31,0,0.0,0.0,0.0,0.0
R04,testing,15,32,0,0.0,0.0,0.0,0.0
R04,testing,15,33,0,0.0,0.0,0.0,0.0
R04,testing,15,34,0,0.0,0.0,0.0,0.0
R04,testing,15,35,0,0.0,0.0,0.0,0.0
R04,testing,15,36,0,0.0,0.0,0.0,0.0
R04,testing,15,37,0,0.0,0.0,0.0,0.0
R04,testing,15,38,0,0.0,0.0,0.0,0.0
R04,testing,15,39,0,0.0,0.0,0.0,0.0
R04,testing,15,40,0,0.0,0.0,0.0,0.0
R04,testing,15,41,0,0.0,0.0,0.0,0.0
R04,testing,15,42,0,0.0,0.0,0.0,0.0
R04,testing,15,43,0,0.0,0.0,0.0,0.0
R04,testing,15,44,0,0.0,0.0,0.0,0.0
R04,testing,15,45,0,0.0,0.0,0.0,0.0
R04,testing,15,46,0,0.0,0.0,0.0,0.0
R04,testing,15,47,0,0.0,0.0,0.0,0.0
R04,testing,15,48,0,0.0,0.0,0.0,0.0
R04,testing,15,49,0,0.0,0.0,0.0,0.0
R04,testing,15,50,0,0.0,0.0,0.0,0.0
R04,testing,15,51,0,0.0,0.0,0.0,0.0
R04,testing,15,52,0,0.0,0.0,0.0,0.0
R04,testing,15,53,0,0.0,0.0,0.0,0.0
R04,testing,15,54,1,0.0,0.0,0.0,0.0
R04,testing,15,55,1,0.0,0.0,0.0,0.0
R04,testing,15,56,1,0.0,0.0,0.0,0.0
R04,testing,15,57,1,0.0,0.0,0.0,0.0
R04,testing,15,58,1,0.0,0.0,0.0,0.0
R04,testing,15,59,1,0.0,0.0,0.0,0.0
R04,testing,15,60,1,0.0,0.0,0.0,0.0
R04,testing,15,61,1,0.0,0.0,0.0,0.0
R04,testing,15,62,1,0.0,0.0,0.0,0.0
R04,testing,15,63,1,0.0,0.0,0.0,0.0
R04,testing,15,64,1,0.0,0.0,0.0,0.0
R04,testing,15,65,1,0.0,0.0,0.0,0.0
R04,testing,15,66,1,0.0,0.0,0.0,0.0
R04,testing,15,67,1,0.0,0.0,0.0,0.0
R04,testing,15,68,1,0.0,0.0,0.0,0.0
R04,testing,15,69,1,0.0,0.0,0.0,0.0
R04,testing,15,70,1,0.0,0.0,0.0,0.0
R04,testing,15,71,1,0.0,0.0,0.0,0.0
R04,testing,15,72,1,0.0,0.0,0.0,0.0
R04,testing,15,73,1,0.0,0.0,0.0,0.0
R04,testing,15,74,1,0.0,0.0,0.0,0.0
R04,testing,15,75,1,0.0,0.0,0.0,0.0
R04,testing,15,76,1,0.0,0.0,0.0,0.0
R04,testing,15,77,1,0.0,0.0,0.0,0.0
R04,testing,15,78,1,0.0,0.0,0.0,0.0
R04,testing,15,79,1,0.0,0.0,0.0,0.0
R04,testing,15,80,1,0.0,0.0,0.0,0.0
R04,testing,15,81,1,0.0,0.0,0.0,0.0
R04,testing,15,82,1,0.0,0.0,0.0,0.0
R04,testing,15,83,1,0.0,0.0,0.0,0.0
R04,testing,15,84,1,0.0,0.0,0.0,0.0
R04,testing,15,85,1,0.0,0.0,0.0,0.0
R04,testing,15,86,1,0.0,0.0,0.0,0.0
R04,testing,15,87,1,0.0,0.0,0.0,0.0
R04,testing,15,88,1,0.0,0.0,0.0,0.0
R04,testing,15,89,1,0.0,0.0,0.0,0.0
R04,testing,15,90,1,0.0,0.0,0.0,0.0
R04,testing,15,91,1,0.0,0.0,0.0,0.0
R04,testing,15,92,1,0.0,0.0,0.0,0.0
R04,testing,15,93,1,0.0,0.0,0.0,0.0
R04,testing,15,94,1,0.0,0.0,0.0,0.0
R04,testing,15,95,1,0.0,0.0,0.0,0.0
R04,testing,15,96,1,0.0,0.0,0.0,0.0
R04,testing,15,97,1,0.0,0.0,0.0,0.0
R04,testing,15,98,1,0.0,0.0,0.0,0.0
R04,testing,15,99,1,0.0,0.0,0.0,0.0
R04,testing,15,100,1,0.0,0.0,0.0,0.0
R04,testing,15,101,1,0.0,0.0,0.0,0.0
R04,testing,15,102,1,0.0,0.0,0.0,0.0
R04,testing,15,103,1,0.0,0.0,0.0,0.0
R04,testing,15,104,1,0.0,0.0,0.0,0.0
R04,testing,15,105,1,0.0,0.0,0.0,0.0
R04,testing,15,106,1,0.0,0.0,0.0,0.0
R04,testing,15,107,1,0.0,0.0,0.0,0.0
R04,testing,15,108,1,0.0,0.0,0.0,0.0
R04,testing,15,109,1,0.0,0.0,0.0,0.0
R04,testing,15,110,1,0.0,0.0,0.0,0.0
R04,testing,15,111,1,0.0,0.0,0.0,0.0
R04,testing,15,112,1,0.0,0.0,0.0,0.0
R04,testing,15,113,1,0.0,0.0,0.0,0.0
R04,testing,15,114,1,0.0,0.0,0.0,0.0
R04,testing,15,115,1,0.0,0.0,0.0,0.0
R04,testing,15,116,1,0.0,0.0,0.0,0.0
R04,testing,15,117,1,0.0,0.0,0.0,0.0
R04,testing,15,118,1,0.0,0.0,0.0,0.0
R04,testing,15,119,1,0.0,0.0,0.0,0.0
R04,testing,15,120,1,0.0,0.0,0.0,0.0
R04,testing,15,121,1,0.0,0.0,0.0,0.0
R04,testing,15,122,1,0.0,0.0,0.0,0.0
R04,testing,15,123,1,0.0,0.0,0.0,0.0
R04,testing,15,124,1,0.0,0.0,0.0,0.0
R04,testing,15,125,1,0.0,0.0,0.0,0.0
R04,testing,15,126,1,0.0,0.0,0.0,0.0
R04,testing,15,127,1,0.0,0.0,0.0,0.0
R04,testing,15,128,1,0.0,0.0,0.0,0.0
R04,testing,15,129,1,0.0,0.0,0.0,0.0
R04,testing,15,130,1,0.0,0.0,0.0,0.0
R04,testing,15,131,1,0.0,0.0,0.0,0.0
R04,testing,15,132,1,0.0,0.0,0.0,0.0
R04,testing,15,133,1,0.0,0.0,0.0,0.0
R04,testing,15,134,1,0.0,0.0,0.0,0.0
R04,testing,15,135,1,0.0,0.0,0.0,0.0
R04,testing,15,136,1,0.0,0.0,0.0,0.0
R04,testing,15,137,1,0.0,0.0,0.0,0.0
R04,testing,15,138,1,0.0,0.0,0.0,0.0
R04,testing,15,139,1,0.0,0.0,0.0,0.0
R04,testing,15,140,1,0.0,0.0,0.0,0.0
R04,testing,15,141,1,0.0,0.0,0.0,0.0
R04,testing,15,142,1,0.0,0.0,0.0,0.0
R04,testing,15,143,1,0.0,0.0,0.0,0.0
R04,testing,15,144,1,0.0,0.0,0.0,0.0
R04,testing,15,145,1,0.0,0.0,0.0,0.0
R04,testing,15,146,1,0.0,0.0,0.0,0.0
R04,testing,15,147,1,0.0,0.0,0.0,0.0
R04,testing,15,148,1,0.0,0.0,0.0,0.0
R04,testing,15,149,1,0.0,0.0,0.0,0.0
R04,testing,15,150,1,0.0,0.0,0.0,0.0
R04,testing,15,151,1,0.0,0.0,0.0,0.0
R04,testing,15,152,1,0.0,0.0,0.0,0.0
R04,testing,15,153,1,0.0,0.0,0.0,0.0
R04,testing,15,154,1,0.0,0.0,0.0,0.0
R04,testing,15,155,1,0.0,0.0,0.0,0.0
R04,testing,15,156,1,0.0,0.0,0.0,0.0
R04,testing,15,157,1,0.0,0.0,0.0,0.0
R04,testing,15,158,1,0.0,0.0,0.0,0.0
R04,testing,15,159,1,0.0,0.0,0.0,0.0
R04,testing,15,160,1,0.0,0.0,0.0,0.0
R04,testing,15,161,1,0.0,0.0,0.0,0.0
R04,testing,15,162,1,0.0,0.0,0.0,0.0
R04,testing,15,163,1,0.0,0.0,0.0,0.0
R04,testing,15,164,1,0.0,0.0,0.0,0.0
R04,testing,15,165,1,0.0,0.0,0.0,0.0
R04,testing,15,166,1,0.0,0.0,0.0,0.0
R04,testing,15,167,1,0.0,0.0,0.0,0.0
R04,testing,15,168,1,0.0,0.0,0.0,0.0
R04,testing,15,169,1,0.0,0.0,0.0,0.0
R04,testing,15,170,1,0.0,0.0,0.0,0.0
R04,testing,15,171,1,0.0,0.0,0.0,0.0
R04,testing,15,172,1,0.0,0.0,0.0,0.0
R04,testing,15,173,1,0.0,0.0,0.0,0.0
R04,testing,15,174,1,0.0,0.0,0.0,0.0
R04,testing,15,175,1,0.0,0.0,0.0,0.0
R04,testing,15,176,1,0.0,0.0,0.0,0.0
R04,testing,15,177,1,0.0,0.0,0.0,0.0
R04,testing,15,178,1,0.0,0.0,0.0,0.0
R04,testing,15,179,1,0.0,0.0,0.0,0.0
R04,testing,15,180,1,0.0,0.0,0.0,0.0
R04,testing,15,181,1,0.0,0.0,0.0,0.0
R04,testing,15,182,1,0.0,0.0,0.0,0.0
R04,testing,15,183,1,0.0,0.0,0.0,0.0
R04,testing,15,184,1,0.0,0.0,0.0,0.0
R04,testing,15,185,1,0.0,0.0,0.0,0.0
R04,testing,15,186,1,0.0,0.0,0.0,0.0
R04,testing,15,187,1,0.0,0.0,0.0,0.0
R04,testing,15,188,1,0.0,0.0,0.0,0.0
R04,testing,15,189,1,0.0,0.0,0.0,0.0
R04,testing,15,190,1,0.0,0.0,0.0,0.0
R04,testing,15,191,1,0.0,0.0,0.0,0.0
R04,testing,15,192,1,0.0,0.0,0.0,0.0
R04,testing,15,193,1,0.0,0.0,0.0,0.0
R04,testing,15,194,1,0.0,0.0,0.0,0.0
R04,testing,15,195,1,0.0,0.0,0.0,0.0
R04,testing,15,196,1,0.0,0.0,0.0,0.0
R04,testing,15,197,1,0.0,0.0,0.0,0.0
R04,testing,15,198,1,0.0,0.0,0.0,0.0
R04,testing,15,199,1,0.0,0.0,0.0,0.0
R04,testing,15,200,1,0.0,0.0,0.0,0.0
R04,testing,15,201,1,0.0,0.0,0.0,0.0
R04,testing,15,202,1,0.0,0.0,0.0,0.0
R04,testing,15,203,1,0.0,0.0,0.0,0.0
R04,testing,15,204,1,0.0,0.0,0.0,0.0
R04,testing,15,205,1,0.0,0.0,0.0,0.0
R04,testing,15,206,1,0.0,0.0,0.0,0.0
R04,testing,15,207,1,0.0,0.0,0.0,0.0
R04,testing,15,208,1,0.0,0.0,0.0,0.0
R04,testing,15,209,1,0.0,0.0,0.0,0.0
R04,testing,15,210,1,0.0,0.0,0.0,0.0
R04,testing,15,211,1,0.0,0.0,0.0,0.0
R04,testing,15,212,1,0.0,0.0,0.0,0.0
R04,testing,15,213,1,0.0,0.0,0.0,0.0
R04,testing,15,214,1,0.0,0.0,0.0,0.0
R04,testing,15,215,1,0.0,0.0,0.0,0.0
R04,testing,15,216,1,0.0,0.0,0.0,0.0
R04,testing,15,217,1,0.0,0.0,0.0,0.0
R04,testing,15,218,1,0.0,0.0,0.0,0.0
R04,testing,15,219,1,0.0,0.0,0.0,0.0
R04,testing,15,220,1,0.0,0.0,0.0,0.0
R04,testing,15,221,1,0.0,0.0,0.0,0.0
R04,testing,15,222,1,0.0,0.0,0.0,0.0
R04,testing,15,223,1,0.0,0.0,0.0,0.0
R04,testing,15,224,1,0.0,0.0,0.0,0.0
R04,testing,15,225,1,0.0,0.0,0.0,0.0
R04,testing,15,226,1,0.0,0.0,0.0,0.0
R04,testing,15,227,1,0.0,0.0,0.0,0.0
R04,testing,15,228,1,0.0,0.0,0.0,0.0
R04,testing,15,229,1,0.0,0.0,0.0,0.0
R04,testing,15,230,1,0.0,0.0,0.0,0.0
R04,testing,15,231,1,0.0,0.0,0.0,0.0
R04,testing,15,232,1,0.0,0.0,0.0,0.0
R04,testing,15,233,1,0.0,0.0,0.0,0.0
R04,testing,15,234,1,0.0,0.0,0.0,0.0
R04,testing,15,235,1,0.0,0.0,0.0,0.0
R04,testing,15,236,1,0.0,0.0,0.0,0.0
R04,testing,15,237,1,0.0,0.0,0.0,0.0
R04,testing,15,238,1,0.0,0.0,0.0,0.0
R04,testing,15,239,1,0.0,0.0,0.0,0.0
R04,testing,15,240,1,0.0,0.0,0.0,0.0
R04,testing,15,241,1,0.0,0.0,0.0,0.0
R04,testing,15,242,1,0.0,0.0,0.0,0.0
R04,testing,15,243,1,0.0,0.0,0.0,0.0
R04,testing,15,244,1,0.0,0.0,0.0,0.0
R04,testing,15,245,1,0.0,0.0,0.0,0.0
R04,testing,15,246,1,0.0,0.0,0.0,0.0
R04,testing,15,247,1,0.0,0.0,0.0,0.0
R04,testing,15,248,1,0.0,0.0,0.0,0.0
R04,testing,15,249,1,0.0,0.0,0.0,0.0
R04,testing,15,250,1,0.0,0.0,0.0,0.0
R04,testing,15,251,1,0.0,0.0,0.0,0.0
R04,testing,15,252,1,0.0,0.0,0.0,0.0
R04,testing,15,253,1,0.0,0.0,0.0,0.0
R04,testing,15,254,1,0.0,0.0,0.0,0.0
R04,testing,15,255,1,0.0,0.0,0.0,0.0
R04,testing,15,256,1,0.0,0.0,0.0,0.0
R04,testing,15,257,1,0.0,0.0,0.0,0.0
R04,testing,15,258,1,0.0,0.0,0.0,0.0
R04,testing,15,259,1,0.0,0.0,0.0,0.0
R04,testing,15,260,1,0.0,0.0,0.0,0.0
R04,testing,15,261,1,0.0,0.0,0.0,0.0
R04,testing,15,262,1,0.0,0.0,0.0,0.0
R04,testing,15,263,1,0.0,0.0,0.0,0.0
R04,testing,15,264,1,0.0,0.0,0.0,0.0
R04,testing,15,265,1,0.0,0.0,0.0,0.0
R04,testing,15,266,1,0.0,0.0,0.0,0.0
R04,testing,15,267,1,0.0,0.0,0.0,0.0
R04,testing,15,268,1,0.0,0.0,0.0,0.0
R04,testing,15,269,1,0.0,0.0,0.0,0.0
R04,testing,15,270,1,0.0,0.0,0.0,0.0
R04,testing,15,271,1,0.0,0.0,0.0,0.0
R04,testing,15,272,1,0.0,0.0,0.0,0.0
R04,testing,15,273,1,0.0,0.0,0.0,0.0
R04,testing,15,274,1,0.0,0.0,0.0,0.0
R04,testing,15,275,1,0.0,0.0,0.0,0.0
R04,testing,15,276,1,0.0,0.0,0.0,0.0
R04,testing,15,277,1,0.0,0.0,0.0,0.0
R04,testing,15,278,1,0.0,0.0,0.0,0.0
R04,testing,15,279,1,0.0,0.0,0.0,0.0
R04,testing,15,280,1,0.0,0.0,0.0,0.0
R04,testing,15,281,1,0.0,0.0,0.0,0.0
R04,testing,15,282,1,0.0,0.0,0.0,0.0
R04,testing,15,283,1,0.0,0.0,0.0,0.0
R04,testing,15,284,1,0.0,0.0,0.0,0.0
R04,testing,15,285,1,0.0,0.0,0.0,0.0
R04,testing,15,286,1,0.0,0.0,0.0,0.0
R04,testing,15,287,1,0.0,0.0,0.0,0.0
R04,testing,15,288,1,0.0,0.0,0.0,0.0
R04,testing,15,289,1,0.0,0.0,0.0,0.0
R04,testing,15,290,1,0.0,0.0,0.0,0.0
R04,testing,15,291,1,0.0,0.0,0.0,0.0
R04,testing,15,292,1,0.0,0.0,0.0,0.0
R04,testing,15,293,1,0.0,0.0,0.0,0.0
R04,testing,15,294,1,0.0,0.0,0.0,0.0
R04,testing,15,295,1,0.0,0.0,0.0,0.0
R04,testing,15,296,1,0.0,0.0,0.0,0.0
R04,testing,15,297,1,0.0,0.0,0.0,0.0
R04,testing,15,298,1,0.0,0.0,0.0,0.0
R04,testing,15,299,1,0.0,0.0,0.0,0.0
R04,testing,15,300,1,0.0,0.0,0.0,0.0
R04,testing,15,301,1,0.0,0.0,0.0,0.0
R04,testing,15,302,1,0.0,0.0,0.0,0.0
R04,testing,15,303,1,0.0,0.0,0.0,0.0
R04,testing,15,304,1,0.0,0.0,0.0,0.0
R04,testing,15,305,1,0.0,0.0,0.0,0.0
R04,testing,15,306,1,0.0,0.0,0.0,0.0
R04,testing,15,307,1,0.0,0.0,0.0,0.0
R04,testing,15,308,1,0.0,0.0,0.0,0.0
R04,testing,15,309,1,0.0,0.0,0.0,0.0
R04,testing,15,310,1,0.0,0.0,0.0,0.0
R04,testing,15,311,1,0.0,0.0,0.0,0.0
R04,testing,15,312,1,0.0,0.0,0.0,0.0
R04,testing,15,313,1,0.0,0.0,0.0,0.0
R04,testing,15,314,1,0.0,0.0,0.0,0.0
R04,testing,15,315,1,0.0,0.0,0.0,0.0
R04,testing,15,316,1,0.0,0.0,0.0,0.0
R04,testing,15,317,1,0.0,0.0,0.0,0.0
R04,testing,15,318,1,0.0,0.0,0.0,0.0
R04,testing,15,319,1,0.0,0.0,0.0,0.0
R04,testing,15,320,1,0.0,0.0,0.0,0.0
R04,testing,15,321,1,0.0,0.0,0.0,0.0
R04,testing,15,322,1,0.0,0.0,0.0,0.0
R04,testing,15,323,1,0.0,0.0,0.0,0.0
R04,testing,15,324,1,0.0,0.0,0.0,0.0
R04,testing,15,325,1,0.0,0.0,0.0,0.0
R04,testing,15,326,1,0.0,0.0,0.0,0.0
R04,testing,15,327,1,0.0,0.0,0.0,0.0
R04,testing,15,328,1,0.0,0.0,0.0,0.0
R04,testing,15,329,1,0.0,0.0,0.0,0.0
R04,testing,15,330,1,0.0,0.0,0.0,0.0
R04,testing,15,331,1,0.0,0.0,0.0,0.0
R04,testing,15,332,1,0.0,0.0,0.0,0.0
R04,testing,15,333,1,0.0,0.0,0.0,0.0
R04,testing,15,334,1,0.0,0.0,0.0,0.0
R04,testing,15,335,1,0.0,0.0,0.0,0.0
R04,testing,15,336,1,0.0,0.0,0.0,0.0
R04,testing,15,337,1,0.0,0.0,0.0,0.0
R04,testing,15,338,1,0.0,0.0,0.0,0.0
R04,testing,15,339,1,0.0,0.0,0.0,0.0
R04,testing,15,340,1,0.0,0.0,0.0,0.0
R04,testing,15,341,1,0.0,0.0,0.0,0.0
R04,testing,15,342,1,0.0,0.0,0.0,0.0
R04,testing,15,343,1,0.0,0.0,0.0,0.0
R04,testing,15,344,1,0.0,0.0,0.0,0.0
R04,testing,15,345,1,0.0,0.0,0.0,0.0
R04,testing,15,346,1,0.0,0.0,0.0,0.0
R04,testing,15,347,1,0.0,0.0,0.0,0.0
R04,testing,15,348,1,0.0,0.0,0.0,0.0
R04,testing,15,349,1,0.0,0.0,0.0,0.0
R04,testing,15,350,1,0.0,0.0,0.0,0.0
R04,testing,15,351,1,0.0,0.0,0.0,0.0
R04,testing,15,352,1,0.0,0.0,0.0,0.0
R04,testing,15,353,1,0.0,0.0,0.0,0.0
R04,testing,15,354,1,0.0,0.0,0.0,0.0
R04,testing,15,355,1,0.0,0.0,0.0,0.0
R04,testing,15,356,1,0.0,0.0,0.0,0.0
R04,testing,15,357,1,0.0,0.0,0.0,0.0
R04,testing,15,358,1,0.0,0.0,0.0,0.0
R04,testing,15,359,1,0.0,0.0,0.0,0.0
R04,testing,15,360,1,0.0,0.0,0.0,0.0
R04,testing,15,361,1,0.0,0.0,0.0,0.0
R04,testing,15,362,1,0.0,0.0,0.0,0.0
R04,testing,15,363,1,0.0,0.0,0.0,0.0
R04,testing,15,364,1,0.0,0.0,0.0,0.0
R04,testing,15,365,1,0.0,0.0,0.0,0.0
R04,testing,15,366,1,0.0,0.0,0.0,0.0
R04,testing,15,367,1,0.0,0.0,0.0,0.0
R04,testing,15,368,1,0.0,0.0,0.0,0.0
R04,testing,15,369,1,0.0,0.0,0.0,0.0
R04,testing,15,370,1,0.0,0.0,0.0,0.0
R04,testing,15,371,1,0.0,0.0,0.0,0.0
R04,testing,15,372,1,0.0,0.0,0.0,0.0
R04,testing,15,373,1,0.0,0.0,0.0,0.0
R04,testing,15,374,1,0.0,0.0,0.0,0.0
R04,testing,15,375,1,0.0,0.0,0.0,0.0
