scene,video,frame,video_length,phase,conditional_nn,conditional_soft,unconditional_nn,unconditional_soft,label,phase_error,phase_error_normalized,conditional_nn_normalized,conditional_soft_normalized,unconditional_nn_normalized,unconditional_soft_normalized,conditional_nn_with_phase,conditional_soft_with_phase,unconditional_nn_with_phase,unconditional_soft_with_phase
R01,01,10,230,6,0.13550560176372528,0.15759119391441345,0.09677860140800476,0.15180131793022156,0,0.8367170626349889,0.010291479631797463,0.45648042544249745,0.47585788273548474,0.42512332959285326,0.4577629035960111,0.23338595253714745,0.2430746811836411,0.21770740461232535,0.23402719161390426
R01,01,11,230,6,0.13502168655395508,0.15728022158145905,0.09674394130706787,0.1516246646642685,0,0.691144708423326,0.0074533219919318775,0.45452959560543965,0.4746667635056284,0.4249457728034735,0.4570412377977682,0.23099145879868577,0.24106004274878015,0.2161995473977027,0.23224727989485003
R01,01,12,230,7,0.13812080025672913,0.16139236092567444,0.09781729429960251,0.15478678047657013,0,2.2,0.036870783819974905,0.46702319646307194,0.4904175159992971,0.4304443462661591,0.46995914689788865,0.25194699014152344,0.263644149909636,0.23365756504306698,0.25341496535893177
R01,01,13,230,7,0.13812382519245148,0.16174843907356262,0.09804107993841171,0.15494267642498016,0,4.2,0.07586386949527957,0.4670353910267955,0.4917814043081114,0.43159075549354725,0.4705960146820487,0.2714496302610375,0.2838226369016955,0.2537273124944134,0.27322994208866414
R01,01,14,230,18,0.13418667018413544,0.15733705461025238,0.09617795050144196,0.1515098214149475,0,4.4,0.07976317806281003,0.4511633553720537,0.47488445140359536,0.42204631470759624,0.4565720789359328,0.26546326671743187,0.27732381473320267,0.2509047463852031,0.2681676284993714
R01,01,15,230,18,0.13386912643909454,0.15588907897472382,0.09572463482618332,0.15127769112586975,0,2.545572354211663,0.04360825002737095,0.44988322653979196,0.4693382614661956,0.4197240688485611,0.45562377781361924,0.24674573828358146,0.25647325574678326,0.23166615943796603,0.2496160139204951
R01,01,16,230,18,0.13152723014354706,0.1536809504032135,0.09426909685134888,0.1485290229320526,0,1.0367170626349889,0.014190788199327928,0.4404422313480544,0.4608804530864815,0.4122676378905998,0.44439488931561155,0.22731650977369117,0.23753562064290473,0.21322921304496387,0.22929283875746975
R01,01,17,230,18,0.13010592758655548,0.15186811983585358,0.09419317543506622,0.14794768393039703,0,1.0367170626349889,0.014190788199327928,0.43471246840676886,0.4539367570710219,0.4118787076060384,0.4420199970518537,0.2244516283030484,0.23406377263517492,0.21303474790268317,0.22810539262559082
R01,01,18,230,18,0.1299377679824829,0.1506490409374237,0.09238691627979279,0.14601805806159973,0,1.0367170626349889,0.014190788199327928,0.43403455879287517,0.449267311706425,0.40262560193903313,0.43413706895877385,0.22411267349610156,0.23172904995287646,0.20840819506918054,0.2241639285790509
R01,01,19,230,18,0.12996970117092133,0.15182462334632874,0.09220100939273834,0.14688833057880402,0,1.0367170626349889,0.014190788199327928,0.4341632925370111,0.4537701522010257,0.40167323800769106,0.43769231548891124,0.22417704036816952,0.23398047020017682,0.2079320131035095,0.2259415518441196
R01,01,20,230,18,0.1302485466003418,0.1533629149198532,0.0931716039776802,0.14673839509487152,0,1.0367170626349889,0.014190788199327928,0.4352874150540508,0.45966227982840385,0.4066454006279163,0.43707979745753883,0.22473910162668936,0.2369265340138659,0.21041809441362214,0.2256352928284334
R01,01,21,230,18,0.13197119534015656,0.15443472564220428,0.09445998072624207,0.14820773899555206,0,1.0367170626349889,0.014190788199327928,0.44223200884352165,0.4637676429969842,0.4132454979387315,0.4430823767659772,0.2282113985214248,0.23897921559815608,0.21371814306902973,0.2286365824826526
R01,01,22,230,18,0.13223746418952942,0.1541382074356079,0.09521137923002243,0.14948298037052155,0,1.0367170626349889,0.014190788199327928,0.44330543080990764,0.46263188749576656,0.417094762720704,0.44829200637488703,0.2287481095046178,0.23841133784754726,0.21564277546001598,0.2312413972871075
R01,01,23,230,18,0.13070043921470642,0.1534259021282196,0.09426581859588623,0.14945976436138153,0,0.745572354211663,0.008514472919596758,0.43710915071651774,0.4599035401180489,0.4122508440412173,0.44819716408777927,0.22281181181805726,0.23420900651882284,0.21038265848040705,0.22835581850368802
R01,01,24,230,18,0.1323024034500122,0.15435242652893066,0.09444267302751541,0.14918532967567444,0,0.8,0.009575623847261638,0.44356722346363814,0.46345241219979716,0.41315683404756015,0.4470760405950556,0.22657142365544988,0.2365140180235294,0.2113662289474109,0.22832583222115863
R01,01,25,230,20,0.13165634870529175,0.15411846339702606,0.0949539989233017,0.1505638211965561,0,0.8,0.009575623847261638,0.44096275299664883,0.4625562617839663,0.41577625470498536,0.4527074687966288,0.22526918842195523,0.23606594281561397,0.2126759392761235,0.23114154632194522
R01,01,26,230,20,0.13145072758197784,0.15347260236740112,0.0950714647769928,0.1490003615617752,0,0.8544276457883371,0.01063677477492652,0.4401338230221589,0.46008241632995983,0.4163780088626296,0.446320406891674,0.22538529889854272,0.23535959555244318,0.21350739181877806,0.22847859083330027
R01,01,27,230,20,0.13183462619781494,0.15359623730182648,0.0947575643658638,0.14901752769947052,0,1.6,0.025172858117383505,0.44168145132368686,0.46055597597585174,0.414769959616422,0.4463905341797023,0.23342715472053518,0.24286441704661763,0.21997140886690275,0.2357816961485429
R01,01,28,230,24,0.13219720125198364,0.15378208458423615,0.09409927576780319,0.14900583028793335,0,1.6,0.025172858117383505,0.44314311696172504,0.4612678279589255,0.41139767832475016,0.44634274778985666,0.23415798753955427,0.2432203430381545,0.21828526822106684,0.2357578029536201
R01,01,29,230,24,0.1323452740907669,0.15473997592926025,0.09372073411941528,0.14893649518489838,0,1.145572354211663,0.01631309005465769,0.44374004986675486,0.4649368450394206,0.4094584849029926,0.4460594992905547,0.23002656996070628,0.24062496754703916,0.21288578747882514,0.2311862946726062
R01,01,30,230,24,0.13185355067253113,0.1535126268863678,0.09333200752735138,0.1483863741159439,0,1.0367170626349889,0.014190788199327928,0.44175774243663724,0.460235722489881,0.40746711604463093,0.443812138857022,0.2279742653179826,0.23721325534460447,0.21082895212197944,0.22900146352817496
R01,01,31,230,24,0.13448451459407806,0.15681879222393036,0.0953742042183876,0.14990612864494324,0,1.0367170626349889,0.014190788199327928,0.4523640693607562,0.47289934781384974,0.4179288826852579,0.45002065619966164,0.23327742878004207,0.24354506800658884,0.21605983544229293,0.2321057221994948
R01,01,32,230,24,0.1343761533498764,0.1567414551973343,0.0957334041595459,0.14997746050357819,0,1.0367170626349889,0.014190788199327928,0.45192722764943716,0.4726031233276283,0.4197689923956591,0.4503120618661474,0.23305900792438256,0.24339695576347814,0.21697989029749354,0.23225142503273769
R01,01,33,230,24,0.1332876831293106,0.15550892055034637,0.09464799612760544,0.14894156157970428,0,1.0367170626349889,0.014190788199327928,0.44753922714819855,0.46788213832698944,0.41420866336865364,0.4460801965804242,0.23086500767376325,0.2410364632631587,0.2141997257839908,0.23013549238987607
R01,01,34,230,24,0.13347341120243073,0.15650729835033417,0.09468787163496017,0.15117940306663513,0,1.545572354211663,0.024111707189718626,0.44828796134647686,0.47170623092368175,0.41441293764568726,0.4552222503901515,0.23619983426809774,0.24790896905670018,0.21926232241770294,0.23966697878993506
R01,01,35,230,24,0.13733221590518951,0.1597437709569931,0.09669545292854309,0.1524208039045334,0,2.4,0.04077009238750536,0.4638441397792556,0.48410291175399783,0.4246973765039715,0.46029363427760966,0.25230711608338047,0.2624365020707516,0.23273373444573842,0.2505318633325575
R01,01,36,230,30,0.13482633233070374,0.15637479722499847,0.0957520604133606,0.15067444741725922,0,2.508855291576674,0.04289239424283512,0.4537420550615189,0.4711987110524909,0.419864564665781,0.4531594002083669,0.248317224652177,0.257045552647663,0.23137847945430806,0.24802589722560103
R01,01,37,230,30,0.13244293630123138,0.15435177087783813,0.09469227492809296,0.15013045072555542,0,2.108855291576674,0.0350937771077742,0.4441337600669728,0.4634499008554053,0.414435494838835,0.45093705914582344,0.2396137685873735,0.24927183898158972,0.2247646359733046,0.24301541812679883
R01,01,38,230,34,0.132650688290596,0.1548113375902176,0.09602393954992294,0.15162119269371033,0,1.508855291576674,0.023395851405182796,0.44497128030063743,0.46521018204607073,0.42125734729717734,0.4570270540667694,0.2341835658529101,0.24430301672562676,0.22232659935118007,0.2402114527359761
R01,01,39,230,34,0.1305849850177765,0.15250170230865479,0.09495848417282104,0.1493529975414276,0,1.308855291576674,0.01949654283765233,0.43664371485577796,0.4563635718936899,0.41579923174436767,0.44776099914097117,0.22807012884671515,0.23793005736567113,0.21764788729101,0.23362877098931176
R01,01,40,230,37,0.1326541155576706,0.155162051320076,0.09580796211957932,0.15256156027317047,0,1.508855291576674,0.023395851405182796,0.44498509680140796,0.46655352299167896,0.420150937965591,0.4608686536896891,0.23419047410329538,0.24497468719843088,0.2217733946853869,0.24213225254743595
R01,01,41,230,37,0.13514429330825806,0.15756414830684662,0.09547507017850876,0.15217812359333038,0,1.908855291576674,0.03119446854024373,0.4550238659025701,0.4757542897793206,0.4184455988964838,0.45930223409286197,0.2431091672214069,0.25347437915978216,0.22482003371836376,0.24524835131655284
R01,01,42,230,42,0.1315160095691681,0.1516156792640686,0.09297148138284683,0.14732149243354797,0,2.508855291576674,0.04289239424283512,0.44039699732596643,0.4529698324041478,0.4056202124587977,0.439461872898369,0.2416446957844008,0.24793111332349146,0.22425630335081642,0.24117713357060208
R01,01,43,230,42,0.13263344764709473,0.15372100472450256,0.09513376653194427,0.15005537867546082,1,2.708855291576674,0.04679170281036559,0.44490177729458735,0.46103387339842045,0.41669716833657483,0.4506303740094635,0.24584674005247648,0.253912788104393,0.23174443557347021,0.24871103840991454
R01,01,44,230,48,0.1312093436717987,0.15227994322776794,0.09488213807344437,0.14906154572963715,1,2.4,0.04077009238750536,0.4391607208657155,0.455514166729153,0.4154081258929545,0.44657035710403886,0.23996540662661042,0.24814212955832918,0.22808910914022992,0.2436702247457721
R01,01,45,230,48,0.13490331172943115,0.15605464577674866,0.09505178034305573,0.15017443895339966,1,1.254427645788337,0.01843539190998745,0.4540523856831737,0.4699724330011486,0.41627716943065596,0.451116760321396,0.23624388879658056,0.24420391245556802,0.2173562806703217,0.23477607611569173
R01,01,46,230,48,0.13187472522258759,0.15225550532341003,0.09552914649248123,0.1491270661354065,1,0.8,0.009575623847261638,0.4418431043827022,0.4554205620745474,0.4187226210756149,0.4468380217615567,0.2257093641149819,0.2324980929609045,0.21414912246143827,0.22820682280440915
R01,01,47,230,50,0.12626488506793976,0.1456737518310547,0.09352129697799683,0.1462186723947525,1,2.108855291576674,0.0350937771077742,0.419227895491027,0.43021043139688464,0.40843680817510847,0.4349566207632229,0.2271608362994006,0.2326521042523294,0.22176529264144135,0.23502519893549856
R01,01,48,230,50,0.12482442706823349,0.1454765498638153,0.0930982381105423,0.14723624289035797,1,3.708855291576674,0.06628824564801793,0.4134209103247827,0.4294550874950246,0.40626956191230534,0.4391136105591242,0.2398545779864003,0.24787166657152127,0.23627890378016164,0.25270092810357103
R01,01,49,230,60,0.14785702526569366,0.16864146292209625,0.09347399324178696,0.1469269096851349,1,4.0,0.0719645609277491,0.50627329206725,0.5181837957358085,0.40819448056208785,0.43784991926382905,0.28911892649749954,0.2950741783317788,0.24007952074491848,0.2549072400957891
R01,01,50,230,60,0.14393240213394165,0.16509045660495758,0.09459632635116577,0.14801280200481415,1,2.345572354211663,0.03970894145984048,0.4904517767479345,0.5045823545095077,0.41394396940168277,0.44228601810105833,0.2650803591038875,0.2721456479846741,0.22682645543076163,0.24099747978044941
R01,01,51,230,60,0.14448730647563934,0.16527371108531952,0.09626560658216476,0.14988087117671967,1,1.545572354211663,0.024111707189718626,0.49268878836616997,0.5052842752670319,0.4224953593393788,0.44991747412222416,0.2584002477779443,0.2646979912283753,0.22330353326454871,0.23701459065597139
R01,01,52,230,60,0.14044010639190674,0.16125424206256866,0.09574282914400101,0.14759404957294464,1,2.4,0.04077009238750536,0.4763731228932089,0.48988847847274875,0.41981727471263364,0.4405753262189646,0.25857160764035714,0.26532928543012707,0.2302936835500695,0.24067270930323498
R01,01,53,230,66,0.1365383267402649,0.15761148929595947,0.09544850885868073,0.1486644446849823,1,2.4,0.04077009238750536,0.46064369755511614,0.4759356202596145,0.41830953054864656,0.4449481156989461,0.25070689497131077,0.2583528563235599,0.22953981146807595,0.24285910404322572
R01,01,54,230,66,0.12627269327640533,0.14779150485992432,0.09339495003223419,0.14724288880825043,1,1.545572354211663,0.024111707189718626,0.41925937308408684,0.4383220737825848,0.40778955795277366,0.4391407605334824,0.22168554013690273,0.2312168904861517,0.21595063257124614,0.2316262338616005
R01,01,55,230,66,0.12514974176883698,0.14631150662899017,0.09478725492954254,0.14983797073364258,1,1.0367170626349889,0.014190788199327928,0.41473236657074813,0.4326532275020464,0.41492205845685154,0.4497422167765353,0.21446157738503804,0.22342200785068717,0.21455642332808975,0.23196650248793163
R01,01,56,230,66,0.12355270236730576,0.14426949620246887,0.09265560656785965,0.1459227204322815,1,1.0367170626349889,0.014190788199327928,0.40829414753451754,0.4248317024696147,0.40400204873512113,0.43374759466293594,0.21124246786692275,0.21951124533447133,0.20909641846722454,0.22396919143113195
R01,01,57,230,66,0.12219057232141495,0.14319632947444916,0.09283211082220078,0.14604343473911285,1,1.0367170626349889,0.014190788199327928,0.40280292948262253,0.4207211453842239,0.4049062448530072,0.4342407380312671,0.20849685884097524,0.21745596679177592,0.20954851652616757,0.22421576311529753
R01,01,58,230,66,0.12126709520816803,0.14224471151828766,0.09263943135738373,0.14511404931545258,1,1.0367170626349889,0.014190788199327928,0.39908007335000045,0.4170761573034782,0.4039191863555546,0.43044400282785855,0.2066354307746642,0.21563347275140307,0.2090549872774413,0.22231739551359325
R01,01,59,230,66,0.12433446943759918,0.14487972855567932,0.0938565731048584,0.14749367535114288,1,1.0367170626349889,0.014190788199327928,0.411445721396149,0.4271690791863273,0.41015436095285746,0.4401652763820212,0.21281825479773847,0.22067993369282762,0.2121725745760927,0.22717803229067457
R01,01,60,230,66,0.123335100710392,0.14349539577960968,0.09371497482061386,0.1469087302684784,1,0.745572354211663,0.008514472919596758,0.4074169198790732,0.42186666088296443,0.4094289811630548,0.43777565251782685,0.207965696399335,0.2151905669012806,0.2089717270413258,0.22314506271871182
R01,01,61,230,66,0.12396499514579773,0.14396463334560394,0.09261920303106308,0.14634926617145538,1,1.2,0.01737424098232257,0.4099562425413423,0.4236639844034098,0.4038155606712971,0.4354901238467995,0.21366524176183244,0.22051911269286617,0.21059490082680982,0.22643218241456103
R01,01,62,230,68,0.12534786760807037,0.1463269144296646,0.09382078796625137,0.14907898008823395,1,0.9632829373650111,0.01275907663025628,0.4155310804587703,0.432712244095255,0.40997104081971236,0.44664158013094263,0.21414507854451328,0.22273566036275563,0.21136505872498432,0.22970032838059945
R01,01,63,230,70,0.13156792521476746,0.15242421627044678,0.09632804989814758,0.15164199471473694,1,0.9632829373650111,0.01275907663025628,0.4406062872767689,0.4560667766473795,0.4228152440022747,0.45711203470399814,0.2266826819535126,0.23441292663881788,0.2177871603162655,0.2349355556671272
R01,01,64,230,72,0.12707380950450897,0.14737296104431152,0.09257466346025467,0.14767594635486603,1,1.2,0.01737424098232257,0.42248895010332943,0.43671892284443714,0.40358739332673305,0.4409098918222664,0.21993159554282599,0.22704658191337984,0.21048081715452782,0.2291420664022945
R01,01,65,230,72,0.12891894578933716,0.14943012595176697,0.09454383701086044,0.1502000093460083,1,0.654427645788337,0.006737466207396051,0.4299273336159909,0.444598494177926,0.4136750769723663,0.4512212207608549,0.21833239991169348,0.22566798019266104,0.21020627158988117,0.2289793434841255
R01,01,66,230,72,0.12593695521354675,0.14538677036762238,0.094115249812603,0.14742256700992584,1,2.6,0.04466940095503583,0.41790589665425626,0.4291112045413668,0.41147951017265005,0.439874783831265,0.23128764880464606,0.23689030274820133,0.22807445556384295,0.24227209239315042
R01,01,67,230,75,0.12750926613807678,0.14724493026733398,0.09530141949653625,0.14963914453983307,1,2.963282937365011,0.051752162305560935,0.42424442663384027,0.43622852577591803,0.4175560210611283,0.4489299698979225,0.2379982944697006,0.2439903440407395,0.23465409168334464,0.2503410661017417
R01,01,68,230,82,0.13985675573349,0.16135472059249878,0.09929362684488297,0.15519669651985168,1,3.4,0.06026663522515769,0.474021434318578,0.4902733420008009,0.43800730366418034,0.4716337402714748,0.2671440347718679,0.2752699886129793,0.249136969444669,0.26595018774831625
R01,01,69,230,82,0.13122068345546722,0.15295551717281342,0.0930883064866066,0.14719553291797638,1,1.745572354211663,0.02801101575724909,0.43920643546174326,0.45810182174491776,0.40621868418224444,0.4389473017475848,0.23360872560949617,0.24305641875108341,0.21711484996974675,0.23347915875241693
R01,01,70,230,82,0.13111034035682678,0.1519613415002823,0.09554871171712875,0.15011677145957947,1,1.0367170626349889,0.014190788199327928,0.4387616042086743,0.4542938245827369,0.41882284982215645,0.4508811764631759,0.22647619620400114,0.23424230639103244,0.2165068190107422,0.23253598233125192
R01,01,71,230,82,0.12928785383701324,0.15081477165222168,0.09518278390169144,0.14921574294567108,1,1.0367170626349889,0.014190788199327928,0.4314145297445834,0.4499021110774759,0.41694827455268174,0.4472002852086544,0.22280265897195567,0.23204644963840193,0.21556953137600485,0.23069553670399118
R01,01,72,230,82,0.12771102786064148,0.14914962649345398,0.09510468691587448,0.14970692992210388,1,1.945572354211663,0.031910324324779554,0.4250577980270277,0.44352409538628224,0.41654819925898473,0.4492068874614996,0.22848406117590364,0.2377172098555309,0.22422926179188213,0.2405586058931396
R01,01,73,230,82,0.12986984848976135,0.15140220522880554,0.09559253603219986,0.15050426125526428,1,5.8,0.10705833803552328,0.43376075179064855,0.45215216150056253,0.419047353054128,0.4524641538918986,0.2704095449130859,0.2796052497680429,0.26305284554482566,0.27976124596371094
R01,01,74,230,90,0.13784010708332062,0.15709155797958374,0.09447747468948364,0.14765097200870514,1,7.363282937365011,0.13753695079123118,0.4658916250499647,0.4739441241568714,0.4133351160258905,0.44080786635808633,0.30171428792059796,0.3057405374740513,0.2754360334085608,0.28917240857465876
R01,01,75,230,103,0.15132015943527222,0.17386682331562042,0.09461192786693573,0.14982151985168457,1,6.8,0.12655488087317562,0.5202343855219411,0.5381985256268069,0.4140238928576073,0.4496750114588415,0.32339463319755835,0.33237670324999125,0.2702893868653915,0.2881149461660085
R01,01,76,230,103,0.1488359570503235,0.17078863084316254,0.0939289852976799,0.1465383917093277,1,2.945572354211663,0.05140686716243188,0.5102197051895138,0.5264081061630889,0.4105253141850117,0.43626274150275046,0.28081328617597284,0.2889074866627604,0.23096609067372179,0.24383480433259117
R01,01,77,230,103,0.14299622178077698,0.16591936349868774,0.09319818764925003,0.1469285935163498,1,1.0367170626349889,0.014190788199327928,0.48667770945484773,0.5077573216569137,0.40678158347927207,0.4378567980689916,0.2504342488270878,0.2609740549281208,0.2104861858393,0.22602379313415977
R01,01,78,230,103,0.1423734724521637,0.16412097215652466,0.09301216900348663,0.14708712697029114,1,1.0367170626349889,0.014190788199327928,0.4841671911930981,0.5008689322940838,0.4058286470303374,0.4385044406187601,0.24917898969621302,0.2575298602467059,0.21000971761483267,0.22634761440904402
R01,01,79,230,103,0.1407749503850937,0.16263116896152496,0.0931820198893547,0.14700450003147125,1,1.0367170626349889,0.014190788199327928,0.4777229950184907,0.49516252999968535,0.40669875926754506,0.4381668921707418,0.24595689160890932,0.25467665909950665,0.2104447737334365,0.22617884018503487
R01,01,80,230,103,0.13954098522663116,0.16228947043418884,0.09392162412405014,0.14919133484363556,1,1.0367170626349889,0.014190788199327928,0.4727484540236714,0.4938537200394652,0.41048760435958026,0.44710057297098915,0.24346962111149967,0.25402225411939655,0.2123391962794541,0.23064568058515855
R01,01,81,230,103,0.13603928685188293,0.15781694650650024,0.0933557003736496,0.14778243005275726,1,1.0367170626349889,0.014190788199327928,0.4586318948994405,0.4767225842704084,0.4075884897742585,0.4413449001558171,0.23641134154938423,0.2454566862348682,0.21088963898679322,0.22776784417757254
R01,01,82,230,103,0.1333281397819519,0.15552538633346558,0.09188903868198395,0.14622770249843597,1,1.0367170626349889,0.014190788199327928,0.4477023219290334,0.4679452073168304,0.4000750742319154,0.4349935106386961,0.2309465550641807,0.2410679977580792,0.20713293121562168,0.22459214941901204
R01,01,83,230,103,0.1345917284488678,0.15668080747127533,0.09339696168899536,0.14890383183956146,1,1.545572354211663,0.024111707189718626,0.45279628554790413,0.4723708239713815,0.4077998632694401,0.4459260626452786,0.23845399636881137,0.24824126558055007,0.21595578522957937,0.23501888491749862
R01,01,84,230,103,0.13406318426132202,0.15557841956615448,0.09445417672395706,0.1499413698911667,1,2.4,0.04077009238750536,0.4506655408421169,0.4681483408325264,0.4132157651917567,0.4501646241130184,0.24571781661481112,0.25445921661001586,0.226992928789631,0.24546735825026186
R01,01,85,230,109,0.13118885457515717,0.1532471477985382,0.09422089904546738,0.14955446124076843,1,2.2,0.036870783819974905,0.4390781222198047,0.45921885631521425,0.4120207301368385,0.4485840207851925,0.2379744530198898,0.24804482006759457,0.22444575697840669,0.2427274023025837
R01,01,86,230,109,0.12898290157318115,0.15065452456474304,0.0942843034863472,0.14940977096557617,1,1.2,0.01737424098232257,0.4301851615347177,0.44928831567770233,0.41234553845103056,0.44799293053627315,0.22377970125852015,0.23333127833001244,0.21485988971667658,0.23268358575929787
R01,01,87,230,110,0.14512109756469727,0.1678006798028946,0.09246506541967392,0.1461750715970993,1,0.691144708423326,0.0074533219919318775,0.4952438197890977,0.5149633390093046,0.40302594440760664,0.43477850232158155,0.25134857089051477,0.2612083305006182,0.20523963319976926,0.22111591215675672
R01,01,88,230,110,0.14079608023166656,0.16422227025032043,0.09128961712121964,0.14598841965198517,1,0.945572354211663,0.012413781487127224,0.4778081767493282,0.5012569350026258,0.3970043570401768,0.4340159898130374,0.2451109791182277,0.2568353582448765,0.204709069263652,0.22321488565008232
R01,01,89,230,110,0.13983573019504547,0.16288472712039948,0.09400292485952377,0.1484365612268448,1,1.6,0.025172858117383505,0.47393667308993787,0.4961337353672274,0.41090409182426463,0.4440171637754937,0.2495547656036607,0.2606532967423054,0.21803847497082407,0.23459501094643861
R01,01,90,230,114,0.13978008925914764,0.16234202682971954,0.09339465945959091,0.1477881669998169,1,1.6,0.025172858117383505,0.47371236520351523,0.49405502712287613,0.40778806940703294,0.4413683367928752,0.24944261166044937,0.2596139426201298,0.21648046376220823,0.23327059745512935
R01,01,91,230,114,0.1338966339826584,0.15743324160575867,0.0930308848619461,0.14732913672924042,1,0.945572354211663,0.012413781487127224,0.4499941189764112,0.47525287704108266,0.4059245246431753,0.43949310145631915,0.2312039502317692,0.24383332926410495,0.20916915306515127,0.2259534414717232
R01,01,92,230,114,0.13719181716442108,0.16067370772361755,0.0954742580652237,0.15092140436172485,1,0.691144708423326,0.0074533219919318775,0.46327814382160326,0.4876648542417855,0.4184414386019777,0.45416827134073967,0.23536573290676757,0.2475590881168587,0.21294738029695479,0.23081079666633578
R01,01,93,230,115,0.13261397182941437,0.1557871252298355,0.09316569566726685,0.14697055518627167,1,1.0,0.013474932414792104,0.4448232635271652,0.4689477474132618,0.4066151335311884,0.4380282203286163,0.22914909797097865,0.24121133991402693,0.21004503297299024,0.2257515763717042
R01,01,94,230,115,0.1321215033531189,0.1541484296321869,0.09446448087692261,0.1478465348482132,1,1.8,0.02907216668491397,0.4428379525099235,0.462671041637876,0.41326855131379286,0.44160678174704787,0.23595505959741875,0.24587160416139497,0.22117035899935342,0.23533947421598092
R01,01,95,230,120,0.14302237331867218,0.1655140221118927,0.09419779479503632,0.14789199829101562,1,2.0,0.032971475252444434,0.4867831353629012,0.5062047400626566,0.4119023716665318,0.4417925094864354,0.25987730530767283,0.26958810765755054,0.22243692345948812,0.2373819923694399
R01,01,96,230,120,0.14472363889217377,0.16718155145645142,0.09461326897144318,0.1493043601512909,1,1.3455723542116629,0.020212398622188155,0.49364152620191243,0.5125918879152752,0.41403076306871833,0.44756230515822426,0.25692696241205026,0.2664021432687317,0.21712158084545324,0.2338873518902062
R01,01,97,230,120,0.14083924889564514,0.16332000494003296,0.09209675341844559,0.14710089564323425,1,1.0367170626349889,0.014190788199327928,0.4779822045872945,0.49780098266337636,0.40113915542949014,0.4385606885476995,0.24608649639331123,0.25599588543135215,0.20766497181440904,0.2263757383735137
R01,01,98,230,120,0.1431521624326706,0.16494807600975037,0.09549140185117722,0.14962925016880035,1,0.8367170626349889,0.010291479631797463,0.4873063602399073,0.5040369932444122,0.4185292628006799,0.44888954930829505,0.24879891993585238,0.2571642364381048,0.21441037121623868,0.22959051447004625
R01,01,99,230,120,0.1395208090543747,0.16166847944259644,0.09332853555679321,0.14860188961029053,1,1.0,0.013474932414792104,0.47266711688435264,0.4914751344443226,0.40744932983142135,0.4446925650434401,0.24307102464957236,0.25247503342955735,0.21046213112310672,0.2290837487291161
R01,01,100,230,121,0.13739925622940063,0.15963830053806305,0.09232503920793533,0.14537416398525238,1,0.8544276457883371,0.01063677477492652,0.4641144025486758,0.4836989277629622,0.4023086180319397,0.43150662603950996,0.23737558866180117,0.24716785126894436,0.2064726964034331,0.22107170040721824
R01,01,101,230,124,0.1382756382226944,0.16129863262176514,0.09525211900472641,0.15073394775390625,1,1.4,0.021273549549853034,0.4676474019391879,0.49005850790327926,0.41730346446712024,0.4534024716155693,0.24446047574452048,0.25566602872656613,0.21928850700848665,0.23733801058271117
R01,01,102,230,124,0.13544102013111115,0.1575072705745697,0.09394442290067673,0.14677798748016357,1,0.945572354211663,0.012413781487127224,0.4562200745105865,0.47553643065332696,0.4106043979484672,0.43724154069043053,0.23431692799885687,0.2439751060702271,0.21150908971779722,0.22482766108877889
R01,01,103,230,124,0.13685469329357147,0.15894871950149536,0.09611805528402328,0.15021944046020508,1,0.945572354211663,0.012413781487127224,0.46191908071972193,0.48105762129882595,0.42173948344581125,0.4513006009549425,0.23716643110342459,0.2467357013929766,0.21707663246646924,0.23185719122103488
R01,01,104,230,124,0.13080695271492004,0.15245920419692993,0.09398958832025528,0.14661282300949097,1,1.2,0.01737424098232257,0.43753854353176913,0.4562007911162904,0.4108357713915497,0.4365668090406858,0.22745639225704584,0.23678751604930648,0.21410500618693612,0.22697052501150417
R01,01,105,230,127,0.13238002359867096,0.15371257066726685,0.09505951404571533,0.14819441735744476,1,1.2,0.01737424098232257,0.4438801371702196,0.4610015683773797,0.41631678764806274,0.4430279550684969,0.2306271890762711,0.23918790467985113,0.21684551431519267,0.23020109802540972
R01,01,106,230,127,0.1314704567193985,0.1523541659116745,0.09338486939668655,0.1445970982313156,1,0.945572354211663,0.012413781487127224,0.44021335800920325,0.45579846232951304,0.40773791686592264,0.4283321487685889,0.22631356974816524,0.23410612190832014,0.21007584917652494,0.22037296512785806
R01,01,107,230,127,0.12935848534107208,0.1508207619190216,0.09422338753938675,0.1475662887096405,1,1.0367170626349889,0.014190788199327928,0.43169926980394147,0.44992505563305607,0.41203347819523334,0.44046191724535627,0.2229450290016347,0.232057921916192,0.21311213319728065,0.2273263527223421
R01,01,108,230,127,0.1295921951532364,0.15140849351882935,0.09421996027231216,0.14656396210193634,1,1.0367170626349889,0.014190788199327928,0.43264143501300734,0.4521762475763208,0.41201592098906076,0.43636720194220935,0.22341611160616764,0.23318351788782438,0.21310335459419436,0.22527899507076865
R01,01,109,230,127,0.12652575969696045,0.148226797580719,0.09036733210086823,0.1426522135734558,1,1.0367170626349889,0.014190788199327928,0.4202795714866351,0.4399893781547426,0.3922796746913054,0.4203868853083727,0.21723517984298152,0.22709008317703527,0.2032352314453167,0.21728883675385033
R01,01,110,230,127,0.13053590059280396,0.15181948244571686,0.09534641355276108,0.14905385673046112,1,1.0367170626349889,0.014190788199327928,0.43644583853604685,0.4537504609779532,0.41778651664390226,0.44653894592294285,0.2253183133676874,0.23397062458864057,0.2159886524216151,0.2303648670611354
R01,01,111,230,127,0.12572631239891052,0.1475662738084793,0.0919305756688118,0.1440182626247406,1,1.145572354211663,0.01631309005465769,0.4170567225025503,0.4374593699079728,0.40028785993715876,0.4259674834010018,0.216684906278604,0.22688622998131525,0.20830047499590823,0.22114028672782976
R01,01,112,230,127,0.12591850757598877,0.1470443606376648,0.08926039189100266,0.14186638593673706,1,1.6,0.025172858117383505,0.41783152783706523,0.4354602826960452,0.38660904060812895,0.4171766139008538,0.22150219297722437,0.23031657040671435,0.20589094936275623,0.22117473600911866
R01,01,113,230,131,0.1480473428964615,0.1693403273820877,0.09024529159069061,0.14406627416610718,1,1.6,0.025172858117383505,0.5070405283622125,0.5208606605534931,0.3916544854802048,0.42616362065970603,0.26610669323979796,0.2730167593354383,0.20841367179879416,0.22566823938854477
R01,01,114,230,131,0.1430957019329071,0.16380824148654938,0.09055165946483612,0.14216090738773346,1,1.145572354211663,0.01631309005465769,0.4870787484076483,0.4996710780951767,0.3932239470406723,0.41837979606047176,0.251695919231153,0.2579920840749172,0.204768518547665,0.21734644305756473
R01,01,115,230,131,0.14084474742412567,0.16087347269058228,0.09012431651353836,0.14112618565559387,1,1.0367170626349889,0.014190788199327928,0.4780043710602699,0.48843001521717744,0.3910347542701535,0.4141527398509241,0.24609757962979892,0.2513104017082527,0.20261277123474072,0.21417176402512603
R01,01,116,230,131,0.14453493058681488,0.16535134613513947,0.09324511885643005,0.1450662761926651,1,1.0367170626349889,0.014190788199327928,0.492880777655138,0.5055816412734314,0.4070220027003174,0.4302488395592658,0.25353578292723294,0.2598862147363797,0.21060639544982268,0.22221981387929687
R01,01,117,230,131,0.1425393670797348,0.1638868898153305,0.09289778769016266,0.14469236135482788,1,1.0367170626349889,0.014190788199327928,0.48483596990213473,0.49997232527018176,0.4052426943582485,0.4287213186925169,0.24951337905073134,0.25708155673475486,0.20971674127878823,0.22145605344592242
R01,01,118,230,131,0.13961778581142426,0.16116535663604736,0.09119465947151184,0.14247509837150574,1,1.0367170626349889,0.014190788199327928,0.47305806378441645,0.48954802007962533,0.39651790792567876,0.4196633324042888,0.2436244259918722,0.2518694041394766,0.20535434806250336,0.2169270603018084
R01,01,119,230,131,0.13908521831035614,0.1602214127779007,0.09167462587356567,0.14313404262065887,1,1.0367170626349889,0.014190788199327928,0.4709110997081595,0.4859324261434661,0.3989766801466252,0.4223552584493414,0.24255094395374371,0.250061607171397,0.20658373417297657,0.21827302332433468
R01,01,120,230,131,0.14020922780036926,0.16175536811351776,0.09225312620401382,0.14333505928516388,1,1.0367170626349889,0.014190788199327928,0.47544237131521433,0.49180794465225264,0.40194022204503227,0.4231764538621036,0.24481657975727114,0.2529993664257903,0.2080655051221801,0.21868362103071579
R01,01,121,230,131,0.1400558352470398,0.16249044239521027,0.09311731904745102,0.14624713361263275,1,1.0367170626349889,0.014190788199327928,0.47482399279811893,0.49462350417157847,0.406367309749279,0.4350728908327838,0.24450739049872344,0.2544071461854532,0.21027904897430347,0.22463183951605586
R01,01,122,230,131,0.13732385635375977,0.15992721915245056,0.09141968935728073,0.14455640316009521,1,1.0367170626349889,0.014190788199327928,0.46381043953172396,0.4848055744996378,0.3976706911822644,0.42816590083143147,0.23900061386552596,0.24949818134948287,0.20593073969079617,0.2211783445153797
R01,01,123,230,131,0.1368054300546646,0.1580410897731781,0.09064698219299316,0.14246757328510284,1,1.0367170626349889,0.014190788199327928,0.4617204835390811,0.4775811215963703,0.3937122663793061,0.4196325908413944,0.2379556358692045,0.24588595489784912,0.20395152728931704,0.2169116895203612
R01,01,124,230,131,0.1349606215953827,0.15732987225055695,0.09031665325164795,0.14341898262500763,1,1.0367170626349889,0.014190788199327928,0.4542834216047541,0.4748569407673027,0.3920200570469888,0.4235192983813532,0.23423710490204103,0.24452386448331534,0.20310542262315837,0.21885504329034058
R01,01,125,230,131,0.13601352274417877,0.15818431973457336,0.09199345856904984,0.14488649368286133,1,1.0367170626349889,0.014190788199327928,0.4585280308566915,0.47812973619397336,0.40060999650258544,0.42951439014080944,0.23635940952800974,0.24616026219665066,0.2074003923509567,0.2218525891700687
R01,01,126,230,131,0.13773097097873688,0.159531369805336,0.09316083043813705,0.14707817137241364,1,1.0367170626349889,0.014190788199327928,0.4654516596080367,0.48328935032305376,0.4065902099319913,0.4384678551151967,0.23982122390368232,0.24874006926119085,0.21039049906565963,0.22632932165726233
R01,01,127,230,131,0.13967134058475494,0.16125471889972687,0.09323069453239441,0.14648351073265076,1,1.0367170626349889,0.014190788199327928,0.4732739616268918,0.4898903049050337,0.4069481097630347,0.4360385411539585,0.24373237491310987,0.25204054655218083,0.21056944898118132,0.22511466467664323
R01,01,128,230,131,0.1390514373779297,0.16118697822093964,0.09388518333435059,0.147821307182312,1,1.0367170626349889,0.014190788199327928,0.47077491706795593,0.48963083736854773,0.41030092545655866,0.4415037214183743,0.24248285263364194,0.25191081278393784,0.2122458568279433,0.22784725480885112
R01,01,129,230,131,0.1370951533317566,0.15976020693778992,0.09190675616264343,0.14710798859596252,1,1.0367170626349889,0.014190788199327928,0.46288845842813153,0.484165866591821,0.4001658373542596,0.43858966475351674,0.23853962331372974,0.24917832739557447,0.20717831277679377,0.22639022647642235
R01,01,130,230,131,0.13705885410308838,0.1592075526714325,0.0929078459739685,0.1474747657775879,1,1.0367170626349889,0.014190788199327928,0.4627421236634488,0.48204903157352064,0.40529422094158096,0.4400880267913025,0.23846645593138838,0.2481199098864243,0.20974250457045446,0.22713940749531522
R01,01,131,230,131,0.13558590412139893,0.15730325877666473,0.0923161432147026,0.14564798772335052,1,1.0367170626349889,0.014190788199327928,0.45680415206272545,0.4747550030153969,0.40226304563157006,0.43262525368257293,0.2354974701310267,0.24447289560736243,0.208226916915449,0.22340802094095044
R01,01,132,230,131,0.13321173191070557,0.1546773612499237,0.0914388969540596,0.14424867928028107,1,1.0367170626349889,0.014190788199327928,0.4472330414767749,0.4646970116499982,0.39776908787250964,0.42690878396938897,0.23071191483805142,0.23944389992466308,0.2059799380359188,0.22054978608435846
R01,01,133,230,131,0.13286170363426208,0.15516771376132965,0.09153444319963455,0.14490853250026703,1,1.0367170626349889,0.014190788199327928,0.44582195624590537,0.4665752118750632,0.3982585522463286,0.42960442335174165,0.23000637222261666,0.24038300003719557,0.20622467022282828,0.2218976057755348
R01,01,134,230,131,0.1314195990562439,0.15266041457653046,0.09030746668577194,0.14268463850021362,1,1.0367170626349889,0.014190788199327928,0.4400083331521169,0.4569714884645462,0.3919729961008785,0.42051934796353735,0.22709956067572243,0.23558113833193708,0.20308189215010322,0.21735506808143265
R01,01,135,230,131,0.1306540071964264,0.15272361040115356,0.09114854782819748,0.14428478479385376,1,1.0367170626349889,0.014190788199327928,0.43692196716694814,0.4572135478183159,0.39628168716697904,0.4270562825968999,0.22555637768313805,0.23570216800882193,0.2052362376831535,0.22062353539811394
R01,01,136,230,131,0.1314070224761963,0.15284717082977295,0.09128562361001968,0.14532312750816345,1,1.0367170626349889,0.014190788199327928,0.43995763260146326,0.4576868220841633,0.3969838990782018,0.43129813128126604,0.2270742104003956,0.23593880514174562,0.20558734363876488,0.222744459740297
R01,01,137,230,131,0.12953564524650574,0.15127594769001007,0.09120060503482819,0.144463911652565,1,1.0367170626349889,0.014190788199327928,0.4324134627502934,0.4516685564771032,0.3965483658616042,0.4277880535425497,0.22330212547481068,0.23292967233821557,0.20536957703046607,0.2209894208709388
R01,01,138,230,131,0.13276609778404236,0.15387773513793945,0.09225717931985855,0.14509429037570953,1,1.0367170626349889,0.014190788199327928,0.4454365359461498,0.4616341988600922,0.4019609853497233,0.4303632833973676,0.22981366207273887,0.23791249352971008,0.20807588677452563,0.2222770357983478
R01,01,139,230,131,0.12962400913238525,0.15145838260650635,0.09090122580528259,0.14439505338668823,1,1.0367170626349889,0.014190788199327928,0.43276968818320344,0.4523673380541376,0.3950147057345929,0.42750675302347074,0.2234802381912657,0.23327906312673277,0.20460274696696043,0.22084877061139935
R01,01,140,230,131,0.12599845230579376,0.14688237011432648,0.08936970680952072,0.14139841496944427,1,1.0367170626349889,0.014190788199327928,0.4181538127354737,0.43483980940322964,0.38716903914935413,0.41526485393511636,0.21617230046740082,0.2245152988012788,0.20067991367434104,0.21472782106722216
R01,01,141,230,131,0.12945500016212463,0.15119871497154236,0.0921705961227417,0.14581342041492462,1,1.0367170626349889,0.014190788199327928,0.43208835447998833,0.45137273152294416,0.4015174368868295,0.4333010810711931,0.22313957133965814,0.23278175986113606,0.20785411254307873,0.22374593463526052
R01,01,142,230,131,0.13155822455883026,0.15279802680015564,0.09265255928039551,0.1471763700246811,1,2.345572354211663,0.03970894145984048,0.440567180572414,0.4574985854067918,0.4039864380887634,0.4388690172923726,0.24013806101612725,0.24860376343331614,0.22184768977430194,0.23928897937610655
R01,01,143,230,131,0.13078315556049347,0.15219981968402863,0.09183905273675919,0.14589077234268188,1,4.0,0.0719645609277491,0.4374426089590276,0.4552072690292662,0.39981900619667277,0.43361707998799437,0.25470358494338835,0.26358591497850764,0.23589178356221094,0.2527908204578717
R01,01,144,230,141,0.14774760603904724,0.1696195900440216,0.09253018349409103,0.14611557126045227,1,4.0,0.0719645609277491,0.505832185262215,0.5219303220363978,0.403359531324885,0.4345354309143792,0.288898373094982,0.2969474414820734,0.23766204612631706,0.2532499959210641
R01,01,145,230,141,0.14637121558189392,0.16815632581710815,0.09252827614545822,0.14685381948947906,1,2.345572354211663,0.03970894145984048,0.500283478552766,0.5163255721138607,0.4033497603579716,0.43755133042027095,0.26999621000630325,0.2780172567868506,0.22152935090890605,0.23863013594005572
R01,01,146,230,141,0.14645668864250183,0.16856710612773895,0.09277427196502686,0.1459284871816635,1,1.0367170626349889,0.014190788199327928,0.5006280500676348,0.5178989864513683,0.40460994791492577,0.43377115304875796,0.25740941913348137,0.26604488732534814,0.20940036805712686,0.22398097062404296
R01,01,147,230,141,0.14755409955978394,0.17002291977405548,0.09241729974746704,0.14786776900291443,1,1.0367170626349889,0.014190788199327928,0.5050520936143618,0.5234751983694526,0.4027812503885367,0.4416935277413538,0.25962144090684486,0.26883299328439025,0.20848601929393232,0.22794215797034087
R01,01,148,230,141,0.1436726152896881,0.1664353907108307,0.09179843217134476,0.14658059179782867,1,1.0367170626349889,0.014190788199327928,0.48940448598952757,0.5097338638453235,0.39961091513568864,0.43643513775248677,0.25179763709442776,0.2619623260223257,0.2069008516675083,0.22531296297590736
R01,01,149,230,141,0.14110742509365082,0.16423098742961884,0.09141751378774643,0.14710091054439545,1,1.0367170626349889,0.014190788199327928,0.47906331573671807,0.5012903244678357,0.39765954617312876,0.43856074942208145,0.246627051968023,0.25774055633358184,0.20592516718622836,0.2263757688107047
R01,01,150,230,141,0.14101170003414154,0.16292710602283478,0.09217372536659241,0.1455276608467102,1,1.0367170626349889,0.014190788199327928,0.4786774148630226,0.49629605953655564,0.4015334673794218,0.43213369304817295,0.2464341015311753,0.2552434238679418,0.20786212778937488,0.22316224062375045
R01,01,151,230,141,0.13912460207939148,0.16215434670448303,0.09161824733018875,0.14614705741405487,1,1.0367170626349889,0.014190788199327928,0.47106986932353573,0.4933361547907069,0.39868786410508683,0.4346640584834797,0.24263032876143184,0.25376347149501743,0.2064393261522074,0.22442742334140384
R01,01,152,230,141,0.14161568880081177,0.16384781897068024,0.09311749041080475,0.14776554703712463,1,1.0367170626349889,0.014190788199327928,0.48111230280098916,0.4998226719748306,0.4063681876095876,0.4412759294810462,0.24765154550015855,0.25700673008707925,0.21027948790445777,0.22773335884018708
R01,01,153,230,141,0.13823449611663818,0.16021138429641724,0.09110242128372192,0.14597249031066895,1,1.0367170626349889,0.014190788199327928,0.46748154385819896,0.48589401398947246,0.3960453900726003,0.43395091509871253,0.24083616602876345,0.2500424010944002,0.20511808913596413,0.22407085164902024
R01,01,154,230,141,0.13840192556381226,0.16085582971572876,0.09100928157567978,0.1461687833070755,1,1.0367170626349889,0.014190788199327928,0.4681565099567111,0.4883624372226329,0.39556825391094164,0.4347528133323906,0.24117364907801953,0.2512766127109804,0.2048795210551348,0.22447180076585926
R01,01,155,230,141,0.14139778912067413,0.16339866816997528,0.09345824271440506,0.1489495486021042,1,1.0367170626349889,0.014190788199327928,0.4802338737106952,0.49810228691439035,0.4081137937493732,0.44611282524915963,0.24721233095501158,0.2561465375568591,0.21115229097435056,0.2301518067242438
R01,01,156,230,141,0.1416383683681488,0.16337622702121735,0.09469999372959137,0.15088215470314026,1,1.0367170626349889,0.014190788199327928,0.48120373199304467,0.4980163304449781,0.41447503672056274,0.4540079282186333,0.2476972600961863,0.256103559322153,0.21433291245994535,0.23409935820898062
R01,01,157,230,141,0.14061987400054932,0.16278764605522156,0.09345928579568863,0.14731872081756592,1,1.0367170626349889,0.014190788199327928,0.477097828394495,0.4957618851692058,0.4081191372469039,0.4394505502633228,0.24564430829691147,0.25497633668426684,0.21115496272311593,0.22682066923132538
R01,01,158,230,141,0.14041343331336975,0.1628727912902832,0.0948781967163086,0.15055710077285767,1,1.0367170626349889,0.014190788199327928,0.4762655944741686,0.4960880174840938,0.4153879351058561,0.45268001445036077,0.24522819133674828,0.2551394028417109,0.21478936165259202,0.23343540132484436
R01,01,159,230,141,0.1433369517326355,0.1653445065021515,0.0952838882803917,0.15114018321037292,1,1.0367170626349889,0.014190788199327928,0.48805130991840934,0.5055554433853436,0.4174662121347718,0.45506202901680903,0.2511210490588686,0.2598731157923358,0.21582850016704988,0.2346264086080685
R01,01,160,230,141,0.14120706915855408,0.1628996580839157,0.09355545043945312,0.1492563784122467,1,1.0367170626349889,0.014190788199327928,0.47946501547868586,0.4961909255281511,0.4086117695514018,0.44736628964828395,0.2468279018390069,0.2551908568637395,0.2114012788753649,0.23077853892380595
R01,01,161,230,141,0.13722921907901764,0.15938302874565125,0.09343567490577698,0.14855140447616577,1,1.0367170626349889,0.014190788199327928,0.4634289238952296,0.48272115865439597,0.4079981833635109,0.444486322637329,0.23880985604727878,0.24845597342686196,0.21109448578141943,0.22933855541832848
R01,01,162,230,141,0.1391022950410843,0.1602984517812729,0.09522874653339386,0.14937880635261536,1,1.0367170626349889,0.014190788199327928,0.4709799419250422,0.4862275091095094,0.41718373195459135,0.4478664335705415,0.2425853650621851,0.2502091486544187,0.21568726007695965,0.23102861088493473
R01,01,163,230,141,0.13992492854595184,0.16121411323547363,0.09506304562091827,0.15069852769374847,1,1.0367170626349889,0.014190788199327928,0.4742962625404268,0.48973477278076527,0.4163348792039883,0.4532577732096289,0.24424352536987737,0.2519627804900466,0.21526283370165814,0.23372428070447843
R01,01,164,230,141,0.14084354043006897,0.16325755417346954,0.09628981351852417,0.15356241166591644,1,1.0367170626349889,0.014190788199327928,0.47799950524912893,0.4975617771100519,0.42261936664993227,0.46495734242902115,0.24609514672422844,0.2558762826546899,0.2184050774246301,0.23957406531417455
R01,01,165,230,141,0.13602355122566223,0.15785664319992065,0.09268353134393692,0.148322194814682,1,1.0367170626349889,0.014190788199327928,0.458568459139381,0.47687463475813363,0.4041451017975879,0.4435499528938814,0.23637962366935447,0.2455327114787308,0.20916794499845792,0.22887037054660467
R01,01,166,230,141,0.13579051196575165,0.15733873844146729,0.09313388913869858,0.14815320074558258,1,1.0367170626349889,0.014190788199327928,0.45762899715872674,0.4748909009926017,0.4064521950243393,0.4428595765279706,0.23590989267902734,0.24454084459596484,0.21032149161183364,0.22852518236364927
R01,01,167,230,141,0.13512900471687317,0.15640531480312347,0.09182298183441162,0.14663513004779816,1,1.0367170626349889,0.014190788199327928,0.454962232294785,0.4713156027187301,0.39973667816685937,0.4366579379904934,0.23457651024705647,0.24275319545902901,0.20696373318309366,0.22542436309491068
R01,01,168,230,141,0.13486450910568237,0.15653668344020844,0.0932445079088211,0.14858360588550568,1,1.0367170626349889,0.014190788199327928,0.4538959588657542,0.4718187848132441,0.40701887293747796,0.44461787217676413,0.23404337353254107,0.243004786506286,0.21060483056840296,0.22940433018804604
R01,01,169,230,141,0.13313163816928864,0.15371546149253845,0.09099092334508896,0.14591622352600098,1,1.0367170626349889,0.014190788199327928,0.4469101558609416,0.46101264112310747,0.3954742083544,0.4337210534323975,0.2305504720301348,0.2376017146612177,0.20483249827686398,0.2239559208158627
R01,01,170,230,141,0.13326461613178253,0.15451893210411072,0.09265416115522385,0.14665818214416504,1,1.0367170626349889,0.014190788199327928,0.44744623609083856,0.46409017952331116,0.40399464417425707,0.4367521106593995,0.23081851214508325,0.23914048386131956,0.2090927161867925,0.22547144942936373
R01,01,171,230,141,0.13214997947216034,0.15314246714115143,0.09318844228982925,0.1472797393798828,1,1.0367170626349889,0.014190788199327928,0.442952749609804,0.4588178973526506,0.40673165994519883,0.4392913028800918,0.228571768904566,0.23650434277598928,0.2104612240722634,0.2267410455397099
R01,01,172,230,141,0.12975138425827026,0.15029411017894745,0.0902969017624855,0.14411474764347076,1,1.0367170626349889,0.014190788199327928,0.4332831814379277,0.4479078182502964,0.39191887410445964,0.4263616450242513,0.22373698481862783,0.23104930322481218,0.2030548311518938,0.22027621661178962
R01,01,173,230,141,0.13120996952056885,0.15151892602443695,0.09050869941711426,0.14503011107444763,1,1.0367170626349889,0.014190788199327928,0.4391632438788997,0.45259923787832207,0.3930038712780834,0.430101097434227,0.22667701603911383,0.233395013038825,0.20359732973870567,0.22214594281677746
R01,01,174,230,141,0.1346350610256195,0.15573269128799438,0.09236373007297516,0.14794893562793732,1,1.0367170626349889,0.014190788199327928,0.4529709741750378,0.46873924875272865,0.4025068236224919,0.4420251104999391,0.23358088118718287,0.2414650184760283,0.20834880591090993,0.22810794934963352
R01,01,175,230,141,0.13012799620628357,0.15123622119426727,0.09200476855039597,0.14663054049015045,1,1.0367170626349889,0.014190788199327928,0.43480143465738263,0.4515163918373602,0.40066793528295486,0.43663918868084695,0.2244961114283553,0.23285359001834408,0.2074293617411414,0.22541498844008745
R01,01,176,230,141,0.1314769834280014,0.15191508829593658,0.09041564911603928,0.1443701684474945,1,1.0367170626349889,0.014190788199327928,0.4402396694324097,0.45411666065109313,0.39252719313049883,0.4274050928055825,0.22721522881586884,0.23415372442521054,0.2033589906649134,0.22079794050245521
R01,01,177,230,141,0.1302546262741089,0.1513509601354599,0.09176322817802429,0.14674317836761475,1,1.0367170626349889,0.014190788199327928,0.43531192432498284,0.45195587710593527,0.399430572094025,0.43709933813415086,0.2247513562621554,0.2330733326526316,0.20681068014667647,0.2256450631667394
R01,01,178,230,141,0.13448993861675262,0.15558947622776031,0.0943991094827652,0.15071524679660797,1,2.145572354211663,0.035809632892310025,0.4523859354750191,0.4681906912311345,0.41293366668997133,0.45332607426619814,0.24409778418366457,0.25200016206172227,0.2243716497911407,0.2445678535792541
R01,01,179,230,141,0.13425467908382416,0.15478193759918213,0.09403174370527267,0.1485922783613205,1,5.0,0.09146110376540142,0.45143752280473526,0.4650975710804995,0.411051725027472,0.4446533010670701,0.2714493132850683,0.27827933742295047,0.2512564143964367,0.26805720241623576
R01,01,180,230,150,0.13597577810287476,0.15631014108657837,0.09343301504850388,0.1475319117307663,1,5.363282937365011,0.09854386511592653,0.45837586913298817,0.4709510582498484,0.40798455744480744,0.44032148004615373,0.27845986712445736,0.28474746168288745,0.25326421128036697,0.26943267258104014
R01,01,181,230,157,0.13419683277606964,0.15517091751098633,0.09280998259782791,0.14643454551696777,1,4.6,0.08366248663034048,0.4512043243004255,0.46658748321697796,0.40479288636967575,0.4358385079348083,0.26743340546538297,0.2751249849236592,0.24422768650000812,0.2597504972825744
R01,01,182,230,157,0.13511037826538086,0.15575656294822693,0.0929720401763916,0.1480368673801422,1,1.745572354211663,0.02801101575724909,0.4548871426166843,0.46883068451899584,0.4056230750467606,0.4423843302279383,0.24144907918696668,0.24842085013812246,0.21681704540200483,0.2351976729925937
R01,01,183,230,157,0.13409675657749176,0.15378151834011078,0.09248703718185425,0.14691025018692017,1,1.0367170626349889,0.014190788199327928,0.4508008824779257,0.4612656590705871,0.40313850136630847,0.43778186170478767,0.23249583533862683,0.23772822363495752,0.2086646447828182,0.2259863249520578
R01,01,184,230,157,0.13494515419006348,0.1556926816701889,0.09305045008659363,0.14878152310848236,0,1.0367170626349889,0.014190788199327928,0.45422106713605925,0.4685859996688165,0.40602475338971683,0.4454264057180768,0.2342059276676936,0.24138839393407222,0.2101077707945224,0.22980859695870237
R01,01,185,230,157,0.136757954955101,0.157245934009552,0.09504920989274979,0.15034258365631104,0,1.0367170626349889,0.014190788199327928,0.46152909496753786,0.4745354316091361,0.41626400152602655,0.4518036668475346,0.2378599415834329,0.24436310990423202,0.21522739486267725,0.23299722752343127
R01,01,186,230,157,0.13273991644382477,0.15298525989055634,0.09150882810354233,0.14781810343265533,0,1.0367170626349889,0.014190788199327928,0.44533098989461134,0.45821574545869387,0.3981273312141086,0.441490633426251,0.22976088904696965,0.2362032668290109,0.20615905970671827,0.22784071081278948
R01,01,187,230,157,0.1336756944656372,0.15360531210899353,0.0928165540099144,0.14828741550445557,0,1.0367170626349889,0.014190788199327928,0.44910343525065116,0.4605907352652754,0.40482655040411963,0.4434078720863657,0.23164711172498956,0.23739076173230167,0.2095086693017238,0.2287993301428468
R01,01,188,230,157,0.13694268465042114,0.15594065189361572,0.09407542645931244,0.15021713078022003,0,1.0367170626349889,0.014190788199327928,0.46227380435906995,0.46953580153301877,0.41127550307049293,0.45129116542573733,0.23823229627919895,0.24186329486617336,0.21273314563491044,0.23274097681253264
R01,01,189,230,157,0.1292515993118286,0.14946921169757843,0.08927058428525925,0.1440851390361786,0,1.0367170626349889,0.014190788199327928,0.43126837519512806,0.4447482045492861,0.3866612542125725,0.42624068762727885,0.222729581697228,0.22946949637430702,0.20042602120595024,0.2202157379133034
R01,01,190,230,157,0.12853175401687622,0.14894403517246246,0.08945880830287933,0.14471735060214996,0,1.0367170626349889,0.014190788199327928,0.42836642945937475,0.44273661769140815,0.3876254883420008,0.42882340503107896,0.22127860882935135,0.22846370294536805,0.20090813827066437,0.22150709661520346
R01,01,191,230,157,0.13048548996448517,0.15186183154582977,0.09185991436243057,0.14812617003917694,0,1.0367170626349889,0.014190788199327928,0.4362426158312349,0.4539126709952636,0.3999258761472883,0.44274915039907875,0.22521670201528143,0.23405172959729578,0.20705833217330813,0.22846996929920335
R01,01,192,230,157,0.12837082147598267,0.14927826821804047,0.08947040140628815,0.14498138427734375,0,1.0367170626349889,0.014190788199327928,0.42771765464058414,0.4440168325711665,0.3876848775002714,0.42990203820518824,0.22095422141995605,0.22910381038524721,0.20093783284979969,0.2220464132022581
R01,01,193,230,157,0.12955759465694427,0.15020596981048584,0.09227746725082397,0.14890289306640625,0,1.0367170626349889,0.014190788199327928,0.4325019484269674,0.4475702136576183,0.40206491637669683,0.44592222755921457,0.22334636831314766,0.23088050092847312,0.2081278522880124,0.23005650787927126
R01,01,194,230,157,0.1313219666481018,0.15145373344421387,0.0910884216427803,0.14786729216575623,0,1.0367170626349889,0.014190788199327928,0.43961474309538395,0.452349530339359,0.3959736727021694,0.44169157976113077,0.22690276564735595,0.23327015926934347,0.20508223045074866,0.22794118398022936
R01,01,195,230,157,0.1300903558731079,0.15003038942813873,0.09154007583856583,0.1478845626115799,0,1.0367170626349889,0.014190788199327928,0.4346496934358766,0.4468976870446806,0.39828740713299476,0.44176213316983287,0.22442024081760228,0.23054423762200427,0.20623909766616136,0.2279764606845804
R01,01,196,230,157,0.13136698305606842,0.15180490911006927,0.09147590398788452,0.14775796234607697,0,1.0367170626349889,0.014190788199327928,0.43979621982941786,0.45369464064124326,0.39795866753133363,0.44124494442062395,0.2269935040143729,0.2339427144202856,0.2060747278653308,0.22771786630997595
R01,01,197,230,157,0.12722311913967133,0.1469917595386505,0.08982658386230469,0.14410603046417236,0,1.0367170626349889,0.014190788199327928,0.4230908689629851,0.43525880438460757,0.3895095292356729,0.4263260335107994,0.21864082858115652,0.22472479629196776,0.20185015871750042,0.22025841085506367
R01,01,198,230,157,0.13197705149650574,0.15257416665554047,0.09120472520589828,0.1479845643043518,0,3.145572354211663,0.055306175729962354,0.4422556170383165,0.4566411325249991,0.3965694726768508,0.44217066114722703,0.24878089638413942,0.25597365412748074,0.22593782420340658,0.24873841843859468
R01,01,199,230,157,0.13575707376003265,0.15694662928581238,0.09436257928609848,0.15224000811576843,0,5.6,0.10315902946799281,0.4574941961686002,0.47338900289425306,0.4127465297728757,0.45955504540117936,0.2803266128182965,0.2882740161811229,0.2579527796204342,0.28135703743458607
R01,01,200,230,171,0.13673876225948334,0.1599428355693817,0.09096387773752213,0.14686830341815948,0,5.6,0.10315902946799281,0.4614517225632228,0.48486539015697117,0.3953356590969949,0.43761050031954485,0.2823053760156078,0.294012209812482,0.24924734428249387,0.27038476489376884
R01,01,201,230,171,0.13445128500461578,0.1567349135875702,0.09169923514127731,0.14687849581241608,0,3.145572354211663,0.055306175729962354,0.4522301093750244,0.47257806695971866,0.399102748520512,0.43765213839681166,0.25376814255249336,0.2639421213448405,0.22720446212523715,0.24647915706338702
R01,01,202,230,171,0.1336919367313385,0.15557169914245605,0.09120342880487442,0.1460116058588028,0,1.0367170626349889,0.014190788199327928,0.449168913449955,0.46812259955250984,0.39656283147277677,0.4341107103513812,0.2316798508246415,0.2411566938759189,0.20537680983605236,0.22415074927535458
R01,01,203,230,171,0.1306447833776474,0.15172849595546722,0.08756516128778458,0.14157554507255554,0,1.0367170626349889,0.014190788199327928,0.43688478275835263,0.453401954867574,0.3779247120854351,0.4159884677135823,0.2255377854788403,0.23379637153345098,0.19605775014238153,0.21508962795645512
R01,01,204,230,171,0.1358335018157959,0.1578821986913681,0.09189973026514053,0.14742258191108704,0,1.0367170626349889,0.014190788199327928,0.45780230413578327,0.4769725201134072,0.4001298450816059,0.439874844705647,0.2359965461675556,0.24558165415636757,0.2071603166404669,0.22703281645248746
R01,01,205,230,171,0.1329774111509323,0.15430162847042084,0.09013370424509048,0.14378470182418823,0,1.0367170626349889,0.014190788199327928,0.4462884133262673,0.4632578400854371,0.39108284574793045,0.4250133383380192,0.23023960076279762,0.23872431414238252,0.2026368169736292,0.21960206326867357
R01,01,206,230,171,0.13260458409786224,0.15411202609539032,0.09120474755764008,0.14514480531215668,0,1.0367170626349889,0.014190788199327928,0.44478541832940244,0.46253160494811896,0.3965695871803693,0.43056964755224264,0.2294881032643652,0.23836119657372346,0.20538018768984861,0.2223802178757853
R01,01,207,230,171,0.1313798725605011,0.15179592370986938,0.09059473872184753,0.14291340112686157,0,1.0367170626349889,0.014190788199327928,0.4398481818866636,0.453660223807873,0.3934446334886933,0.4214538914755259,0.22701948504299577,0.2339255060036005,0.20381771084401062,0.21782233983742694
R01,01,208,230,171,0.13218501210212708,0.15476307272911072,0.09185086190700531,0.14782677590847015,0,1.0367170626349889,0.014190788199327928,0.4430939782763759,0.4650253128532247,0.3998795022222891,0.44152606231655694,0.22864238323785194,0.23960805052627632,0.2070351452108085,0.22785842525794245
R01,01,209,230,171,0.12836650013923645,0.15015718340873718,0.09029880911111832,0.1448884904384613,0,1.0367170626349889,0.014190788199327928,0.4277002338352648,0.4473833468044605,0.39192864507137304,0.4295225473079933,0.22094551101729637,0.23078706750189423,0.2030597166353505,0.2218566677536606
R01,01,210,230,171,0.12889517843723297,0.15056836605072021,0.09094373881816864,0.14565236866474152,0,1.0367170626349889,0.014190788199327928,0.42983151918673435,0.4489583021942087,0.39523249142681144,0.4326431507508718,0.22201115369303115,0.23157454519676832,0.2047116398130697,0.22341696947509987
R01,01,211,230,171,0.12777487933635712,0.1488538384437561,0.0892513170838356,0.1430360972881317,0,1.0367170626349889,0.014190788199327928,0.4253152054435571,0.442391136609501,0.3865625521796112,0.42195513113665895,0.21975299682144253,0.2282909624044145,0.20037667018946959,0.21807295966799345
R01,01,212,230,171,0.12733297049999237,0.14897046983242035,0.0895557850599289,0.14334429800510406,0,1.0367170626349889,0.014190788199327928,0.42353371784855215,0.4428378705312071,0.3881222809410048,0.42321419597892446,0.21886225302394005,0.22851432936526753,0.20115653457016638,0.2187024920891262
R01,01,213,230,171,0.127744659781456,0.14887729287147522,0.08976617455482483,0.14404329657554626,0,1.0367170626349889,0.014190788199327928,0.42519337994980644,0.4424809742475188,0.389200064392962,0.4260697523627098,0.2196920840745672,0.22833588122342338,0.20169542629614498,0.22013027028101886
R01,01,214,230,171,0.12452835589647293,0.14502258598804474,0.08807997405529022,0.14127075672149658,0,1.0367170626349889,0.014190788199327928,0.41222734487343543,0.42771626688370773,0.3805619952917489,0.41474334310478767,0.2132090665363817,0.22095352754151784,0.19737639174553842,0.2144670656520578
R01,01,215,230,171,0.12494414299726486,0.14580291509628296,0.08977802842855453,0.14381590485572815,0,1.0367170626349889,0.014190788199327928,0.4139035267038719,0.4307051662420806,0.3892607894256153,0.42514080929386233,0.21404715745159994,0.22244797722070428,0.20172578881247163,0.21966579874659514
R01,01,216,230,171,0.12885765731334686,0.14900104701519012,0.09204627573490143,0.1452411562204361,0,1.0367170626349889,0.014190788199327928,0.42968025853916814,0.44295499050148196,0.40088056831684016,0.4309632613060544,0.22193552336924804,0.22857288935040496,0.20753567825808406,0.22257702475269117
R01,01,217,230,171,0.12511934340000153,0.14604073762893677,0.09123402088880539,0.14505451917648315,0,1.0367170626349889,0.014190788199327928,0.41460982021608767,0.4316160993442181,0.3967195486217865,0.4302008096718923,0.2144003042077078,0.222903443771773,0.20545516841055722,0.22219579893561012
R01,01,218,230,171,0.12914913892745972,0.15044082701206207,0.09406121075153351,0.14865471422672272,0,1.0367170626349889,0.014190788199327928,0.43085532189383136,0.44846978863398346,0.4112026788327164,0.4449083647275203,0.22252305504657965,0.2313302884166557,0.21269673351602217,0.22954957646342414
R01,01,219,230,171,0.1288335621356964,0.1497896909713745,0.09205397218465805,0.14648236334323883,0,1.0367170626349889,0.014190788199327928,0.429583122531577,0.44597573827282433,0.4009199956950494,0.4360338538265469,0.22188695536545247,0.23008326323607614,0.20755539194718867,0.22511232101293743
R01,01,220,230,171,0.1294841319322586,0.14981772005558014,0.09060447663068771,0.14421455562114716,0,1.0367170626349889,0.014190788199327928,0.432205794736538,0.44608309824557624,0.39349451885492703,0.42676938163467987,0.22319829146793296,0.2301369432224521,0.2038426535271275,0.2204800849170039
R01,02,10,256,7,0.1433800905942917,0.16427531838417053,0.09600772708654404,0.1545504629611969,0,1.0367170626349889,0.014190788199327928,0.4882252176128907,0.5014601255943307,0.42117429407841334,0.46899374007424177,0.25120800290610934,0.25782545689682934,0.21768254113887064,0.24159226413678486
R01,02,11,256,7,0.1462363302707672,0.1681668609380722,0.09756405651569366,0.15576061606407166,0,1.0367170626349889,0.014190788199327928,0.4997397091398315,0.516365924852157,0.4291470595692055,0.47393747038271083,0.2569652486695797,0.2652783565257425,0.22166892388426673,0.2440641292910194
R01,02,12,256,7,0.14783021807670593,0.17012251913547516,0.09810536354780197,0.1558811366558075,0,2.945572354211663,0.05140686716243188,0.5061652230025274,0.5238566944129793,0.431920067612801,0.4744298223840764,0.27878604508247967,0.2876317807877056,0.24166346738761643,0.26291834477325415
R01,02,13,256,7,0.1450750082731247,0.1668449342250824,0.09617762267589569,0.15458430349826813,0,5.2,0.0953604123329319,0.4950580178896052,0.511302540874092,0.422044635322658,0.4691319857956935,0.2952092151112685,0.30333147660351195,0.25870252382779496,0.2822461990643127
R01,02,14,256,20,0.14273293316364288,0.16522355377674103,0.0964590534567833,0.1537269502878189,0,5.2,0.0953604123329319,0.48561630183695786,0.5050921574210547,0.42348634912430044,0.4656295173547232,0.29048835708494486,0.3002262848769933,0.25942338072861615,0.2804949648438275
R01,02,15,256,20,0.14358608424663544,0.1670900583267212,0.09880423545837402,0.15652692317962646,0,2.945572354211663,0.05140686716243188,0.48905564938094265,0.5122414412205932,0.43550024912625945,0.4770679963498503,0.27023125827168726,0.2818241541915126,0.24345355814434566,0.2642374317561411
R01,02,16,256,20,0.14180609583854675,0.16415393352508545,0.10065514594316483,0.15824933350086212,0,1.0367170626349889,0.014190788199327928,0.4818798995264064,0.5009951844257836,0.4449820946554214,0.4841044052872688,0.24803534386286719,0.2575929863125558,0.22958644142737467,0.24914759674329837
R01,02,17,256,20,0.14170849323272705,0.1643531173467636,0.10030892491340637,0.1587906777858734,0,1.0367170626349889,0.014190788199327928,0.4814864296131584,0.5017581194368281,0.44320847332143876,0.4863159107098218,0.24783860890624318,0.25797445381807804,0.22869963076038335,0.25025334945457484
R01,02,18,256,20,0.13788068294525146,0.15986107289791107,0.09765379130840302,0.15425536036491394,0,1.0367170626349889,0.014190788199327928,0.46605520040473936,0.4845522140961047,0.42960675302821016,0.46778818381372705,0.24012299430203365,0.24937150114771633,0.22189877061376906,0.2409894860065275
R01,02,19,256,20,0.14000611007213593,0.16237647831439972,0.09835601598024368,0.15667396783828735,0,1.745572354211663,0.02801101575724909,0.47462353339346114,0.49418698685546647,0.4332041100694461,0.4776687047511207,0.25131727457535513,0.26109900130635777,0.23060756291334758,0.2528398602541849
R01,02,20,256,20,0.14208970963954926,0.16460013389587402,0.09948214888572693,0.15707282721996307,0,2.8,0.04856870952256629,0.4830232450010398,0.5027042684364605,0.4389730645071888,0.4792981293332858,0.26579597726180304,0.2756364889795134,0.24377088701487756,0.26393341942792603
R01,02,21,256,27,0.13915306329727173,0.1608935296535492,0.09950708597898483,0.1575329601764679,0,2.8,0.04856870952256629,0.4711846063516737,0.4885068395251647,0.43910081226601383,0.48117786937410756,0.25987665793712,0.2685377745238655,0.24383476089429007,0.26487328944833693
R01,02,22,256,27,0.14128774404525757,0.16330723464488983,0.09969169646501541,0.15715402364730835,0,1.745572354211663,0.02801101575724909,0.47979024389247593,0.497752068523744,0.44004653499328195,0.47962983384063507,0.2539006298248625,0.2628815421404965,0.2340287753752655,0.25382042479894207
R01,02,23,256,27,0.1404811292886734,0.1621340960264206,0.09868910163640976,0.1561519205570221,0,1.0367170626349889,0.014190788199327928,0.476538500400258,0.49325858849460386,0.43491044150238045,0.4755360316532176,0.245364644299793,0.2537246883469659,0.2245506148508542,0.24486340992627278
R01,02,24,256,27,0.1389978677034378,0.16188405454158783,0.09908175468444824,0.15715257823467255,0,1.0367170626349889,0.014190788199327928,0.47055895915373813,0.49230085306516363,0.4369219248121615,0.4796239290255841,0.24237487367653304,0.25324582063224577,0.22555635650574474,0.24690735861245602
R01,02,25,256,27,0.14075900614261627,0.16249233484268188,0.09776599705219269,0.15590128302574158,0,1.0367170626349889,0.014190788199327928,0.47765871825403644,0.49463075282470953,0.4301815606911635,0.4745121245484985,0.2459247532266822,0.2544107705120187,0.22218617444524572,0.24435145637391323
R01,02,26,256,27,0.14475208520889282,0.1662479043006897,0.09996199607849121,0.15773211419582367,0,1.0367170626349889,0.014190788199327928,0.4937562031583079,0.5090157335012699,0.44143122604270313,0.4819914554891237,0.25397349567881794,0.26160326085029895,0.22781100712101554,0.24809112184422583
R01,02,27,256,27,0.14663319289684296,0.16807013750076294,0.10079728066921234,0.16017942130565643,0,1.0367170626349889,0.014190788199327928,0.5013395998573176,0.5159954444783492,0.4457102225296684,0.4919892204861897,0.25776519402832276,0.2650931163388386,0.22995050536449818,0.2530900043427588
R01,02,28,256,27,0.14450031518936157,0.16585804522037506,0.09899295121431351,0.15667025744915009,0,1.0367170626349889,0.014190788199327928,0.4927412309973555,0.5075224538802661,0.43646700233309504,0.47765354703001045,0.2534660095983417,0.260856621039797,0.2253288952662115,0.2459221676146692
R01,02,29,256,27,0.14420916140079498,0.16565969586372375,0.09873903542757034,0.15620370209217072,0,1.0367170626349889,0.014190788199327928,0.4915674892210269,0.5067627151257202,0.43516624236274654,0.47574757013056,0.2528791387101774,0.2604767516625241,0.22467851528103724,0.24496917916494398
R01,02,30,256,27,0.15039986371994019,0.17185236513614655,0.102850541472435,0.16122683882713318,0,1.0367170626349889,0.014190788199327928,0.5165243547063387,0.5304825341348423,0.4562286684119611,0.49626814166917493,0.26535757145283334,0.2723366611670851,0.23520972830564452,0.2552294649342514
R01,02,31,256,27,0.1456996500492096,0.16692626476287842,0.10057100653648376,0.15759015083312988,0,1.0367170626349889,0.014190788199327928,0.49757616526264986,0.5116140617307001,0.4445510652438854,0.4814115052521047,0.2558834767309889,0.26290242496501404,0.22937092672160667,0.24780114672571632
R01,02,32,256,27,0.14187586307525635,0.16297797858715057,0.09727802872657776,0.1529175043106079,0,1.0367170626349889,0.014190788199327928,0.4821611554247006,0.49649091703096027,0.4276817962105881,0.4623227600517834,0.24817597181201428,0.2553408526151441,0.22093629220495803,0.23825677412555568
R01,02,33,256,27,0.14564169943332672,0.16697321832180023,0.09802315384149551,0.15703967213630676,0,1.0367170626349889,0.014190788199327928,0.49734254625614277,0.5117939082347625,0.4314989236716969,0.4791626838334047,0.25576666722773533,0.2629923482170452,0.22284485593551243,0.24667673601636633
R01,02,34,256,27,0.14220966398715973,0.16370515525341034,0.09583965688943863,0.15300194919109344,0,1.0367170626349889,0.014190788199327928,0.48350682252800875,0.49927622626556595,0.4203133039548475,0.4626677351744019,0.24884880536366835,0.2567335072324469,0.21725204607708773,0.23842926168686493
R01,02,35,256,27,0.14316707849502563,0.16424570977687836,0.09515879303216934,0.15105444192886353,0,1.545572354211663,0.024111707189718626,0.4873664920541304,0.5013467155646347,0.41682537410947396,0.4547117578229592,0.25573909962192454,0.2627292113771767,0.22046854064959628,0.2394117325063389
R01,02,36,256,27,0.14590047299861908,0.1666209101676941,0.09952203929424286,0.15442806482315063,0,2.4,0.04077009238750536,0.49838575213606107,0.5104444601562014,0.43917741511990144,0.4684937179007482,0.26957792226178323,0.2756072762718534,0.2399737537537034,0.25463190514412676
R01,02,37,256,33,0.14370955526828766,0.16530044376850128,0.09919536113739014,0.15510709583759308,0,2.4,0.04077009238750536,0.489553403839137,0.505386669627009,0.43750390802894185,0.471267702612695,0.26516174811332116,0.2730783810072572,0.2391370002082236,0.2560188975001002
R01,02,38,256,33,0.14837738871574402,0.16965296864509583,0.0987548902630806,0.15604113042354584,0,1.545572354211663,0.024111707189718626,0.5083710573864154,0.5220581722963469,0.4352474635252143,0.4750834306232779,0.26624138228806704,0.2730849397430328,0.22967958535746646,0.24959756890649826
R01,02,39,256,33,0.14800389111042023,0.16924189031124115,0.10181406140327454,0.1585080772638321,0,1.0367170626349889,0.014190788199327928,0.506865359161139,0.5204836164386611,0.45091898758698845,0.48516142805577905,0.26052807368023345,0.26733720231899455,0.2325548878931582,0.2496761081275535
R01,02,40,256,33,0.1482049822807312,0.16969247162342072,0.10139037668704987,0.1585964411497116,0,1.0367170626349889,0.014190788199327928,0.5076760273259148,0.5222094807959563,0.4487485352256668,0.4855224131408554,0.26093340776262136,0.26820013449764213,0.2314696617124974,0.2498566006700917
R01,02,41,256,33,0.14765609800815582,0.1684080958366394,0.10131949186325073,0.157813161611557,0,1.145572354211663,0.01631309005465769,0.5054632846916415,0.5172899283603339,0.4483854064006112,0.4823225512526533,0.26088818737314956,0.2668015092074958,0.23234924822763445,0.2493178206536555
R01,02,42,256,33,0.14760412275791168,0.16910427808761597,0.10039732605218887,0.15803657472133636,0,1.6,0.025172858117383505,0.5052537544538692,0.5199565194964155,0.4436613347371719,0.4832352408615149,0.26521330628562634,0.2725646888068995,0.2344170964272777,0.2542040494894492
R01,02,43,256,37,0.14936871826648712,0.1705280989408493,0.10255672037601471,0.15940377116203308,0,1.6,0.025172858117383505,0.512367450198423,0.5254101892233789,0.4547234814932209,0.48882052628155565,0.26877015415790323,0.2752915236703812,0.2399481698053022,0.2569966921994696
R01,02,44,256,37,0.14562132954597473,0.16634488105773926,0.09977251291275024,0.15654516220092773,0,1.254427645788337,0.01843539190998745,0.49726042818417177,0.5093871841672293,0.4404605415483984,0.4771425065933804,0.25784791004707963,0.26391128803860836,0.22944796672919293,0.24778894925168393
R01,02,45,256,37,0.14614057540893555,0.16665524244308472,0.09889765083789825,0.1560189574956894,0,1.6,0.025172858117383505,0.49935368812265113,0.5105759632807204,0.4359787974979798,0.47499284954290794,0.2622632731200173,0.26787441069905193,0.23057582780768165,0.2500828538301457
R01,02,46,256,41,0.1449953019618988,0.16527098417282104,0.10070120543241501,0.15646082162857056,1,1.6,0.025172858117383505,0.4947366941390764,0.5052738303574021,0.44521804823924455,0.4767979575914357,0.2599547761282299,0.2652233442373928,0.23519545317831403,0.2509854078544096
R01,02,47,256,41,0.1450646072626114,0.16590362787246704,0.10106141120195389,0.15773658454418182,1,1.145572354211663,0.01631309005465769,0.4950160878133537,0.5076970493915091,0.44706331060797905,0.4820097178037144,0.2556645889340057,0.26200506972308335,0.23168820033131837,0.24916140392918604
R01,02,48,256,41,0.14359831809997559,0.16421440243721008,0.09918689727783203,0.1556384414434433,1,1.0367170626349889,0.014190788199327928,0.4891049682815192,0.5012267988699236,0.43746054936326356,0.47343836132494677,0.25164787824042356,0.2577087935346258,0.22582566878129576,0.24381457476213736
R01,02,49,256,41,0.14355283975601196,0.16408924758434296,0.10025283694267273,0.15659795701503754,1,0.8367170626349889,0.010291479631797463,0.48892162932346844,0.5007474174711233,0.4429211458256411,0.47735818452869666,0.24960655447763294,0.25551944855146036,0.22660631272871928,0.24382483208024705
R01,02,50,256,41,0.14200977981090546,0.16239029169082642,0.09751230478286743,0.15282338857650757,1,1.6,0.025172858117383505,0.48270102017437383,0.49423989631572224,0.4288819457560001,0.461938277455267,0.25393693914587867,0.2597063772165529,0.2270274019366918,0.24355556778632526
R01,02,51,256,42,0.1467064768075943,0.1667688935995102,0.10044300556182861,0.15878982841968536,1,2.054427645788337,0.03403262618010931,0.5016350326868373,0.5110112820006454,0.44389534176118034,0.48631244087004954,0.2678338294334733,0.2725219540903773,0.23896398397064483,0.2601725335250794
R01,02,52,256,48,0.1440083235502243,0.16404850780963898,0.09900940954685211,0.15534691512584686,1,2.6,0.04466940095503583,0.4907578422758732,0.5005913716627747,0.4365513150905628,0.4722474149161046,0.26771362161545453,0.27263038630890524,0.24061035802279931,0.25845840793557023
R01,02,53,256,48,0.1390037089586258,0.15863989293575287,0.09595856070518494,0.15238142013549805,1,1.545572354211663,0.024111707189718626,0.4705825072767905,0.4798747210142521,0.4209224245055163,0.4601327432860655,0.24734710723325457,0.2519932141019854,0.22251706584761746,0.24212222523789206
R01,02,54,256,48,0.1416832059621811,0.1614978164434433,0.09649640321731567,0.1526464968919754,1,1.0367170626349889,0.014190788199327928,0.48138448786616883,0.49082144291432384,0.4236776845037417,0.4612156376669126,0.2477876380327484,0.2525061155568259,0.21893423635153483,0.23770321293312027
R01,02,55,256,48,0.14156463742256165,0.16193583607673645,0.09848658740520477,0.155429869890213,1,1.0367170626349889,0.014190788199327928,0.4809064970112506,0.49249919219611143,0.43387300145678054,0.4725863026005262,0.24754864260528928,0.25334499019771967,0.22403189482805425,0.24338854539992708
R01,02,56,256,48,0.14070256054401398,0.16065894067287445,0.09569593518972397,0.15192264318466187,1,1.0367170626349889,0.014190788199327928,0.47743116649351985,0.4876082919169598,0.4195770463307858,0.4582585428140029,0.2458109773464239,0.25089954005814386,0.21688391726505687,0.23622466550666543
R01,02,57,256,48,0.1395728439092636,0.15846467018127441,0.09465938061475754,0.14886201918125153,1,1.0367170626349889,0.014190788199327928,0.47287688740909495,0.4792035642255281,0.41426698382741806,0.4457552491294735,0.24353383780421145,0.24669717621242804,0.214228886013373,0.22997301866440073
R01,02,58,256,48,0.14139486849308014,0.16059157252311707,0.09610136598348618,0.15243448317050934,1,1.0367170626349889,0.014190788199327928,0.480222099649169,0.4873502512806965,0.42165398748531885,0.4603495169602572,0.24720644392424848,0.2507705197400122,0.2179223878423234,0.2372701525797926
R01,02,59,256,48,0.14229993522167206,0.16164089739322662,0.09591442346572876,0.1511307954788208,1,1.0367170626349889,0.014190788199327928,0.4838707371439563,0.4913694867518379,0.42069631822428555,0.45502367815616857,0.24903076267164212,0.2527801374755829,0.21744355321180675,0.23460723317774826
R01,02,60,256,48,0.1403501331806183,0.15971989929676056,0.09670650959014893,0.1519504338502884,1,1.0367170626349889,0.014190788199327928,0.476010409712111,0.48401147598773064,0.42475401757779774,0.45837207353637516,0.24510059895571948,0.2491011320935293,0.21947240288856285,0.23628143086785156
R01,02,61,256,48,0.14267592132091522,0.16206803917884827,0.0973258689045906,0.15280316770076752,1,1.0367170626349889,0.014190788199327928,0.485386467350227,0.4930055705471242,0.4279268719080531,0.46185567091893504,0.24978862777477748,0.25359817937322604,0.22105883005369054,0.2380232295591315
R01,02,62,256,48,0.14292573928833008,0.16204549372196198,0.09764361381530762,0.1521245688199997,1,1.0367170626349889,0.014190788199327928,0.48639357011291445,0.49291921454564963,0.4295546157594456,0.45908345156406527,0.2502921791561212,0.25355500137248876,0.22187270197938677,0.2366371198816966
R01,02,63,256,48,0.1450720727443695,0.16397464275360107,0.09902507066726685,0.1540827751159668,1,0.745572354211663,0.008514472919596758,0.4950461837563365,0.5003084458866284,0.43663154388920344,0.4670831367217617,0.25178032833796665,0.25441145940311255,0.2225730084044001,0.23779880482067925
R01,02,64,256,48,0.14659926295280457,0.16591575741767883,0.10102300345897675,0.1570204496383667,1,0.8,0.009575623847261638,0.5012028164996892,0.5077435092627585,0.44686655539532805,0.47908415588066466,0.25538922017347543,0.25865956655501005,0.22822108962129484,0.24432988986396315
R01,02,65,256,50,0.14469407498836517,0.16501642763614655,0.097621850669384,0.15143147110939026,1,0.8,0.009575623847261638,0.4935223438648309,0.5042988008972634,0.42944312750024993,0.4562520014355397,0.2515489838560463,0.2569372123722625,0.21950937567375578,0.23291381264140065
R01,02,66,256,50,0.14376534521579742,0.16489197313785553,0.09765420109033585,0.15334363281726837,1,0.745572354211663,0.008514472919596758,0.4897783124429844,0.5038221020708817,0.42960885225938295,0.46406358475295184,0.2491463926812906,0.25616828749523923,0.21906166258948986,0.2362890288362743
R01,02,67,256,50,0.1423899531364441,0.16334645450115204,0.09773009270429611,0.15319108963012695,1,1.0367170626349889,0.014190788199327928,0.4842336305402816,0.4979022925791842,0.42999762987258633,0.4634404137047348,0.2492122093698048,0.25604654038925606,0.22209420903595714,0.2388156009520314
R01,02,68,256,50,0.14151734113693237,0.16273090243339539,0.09799446165561676,0.15320158004760742,1,1.0367170626349889,0.014190788199327928,0.4807158293006171,0.49554453972729223,0.43135193932176114,0.46348326926964106,0.24745330874997254,0.25486766396331006,0.22277136376054454,0.2388370287344845
R01,02,69,256,50,0.14576248824596405,0.16693183779716492,0.10008037090301514,0.1549805998802185,1,1.0367170626349889,0.014190788199327928,0.4978294878006906,0.5116354081580309,0.44203763667676704,0.4707509399841599,0.25601013800000927,0.2629130981786794,0.2281142124380475,0.24247086409174393
R01,02,70,256,50,0.14112770557403564,0.16120119392871857,0.09837589412927628,0.15273354947566986,1,1.0367170626349889,0.014190788199327928,0.47914507337823414,0.4896852878810439,0.43330594186524685,0.4615712658063757,0.24666793078878105,0.2519380380401859,0.2237483650322874,0.23788102700285182
R01,02,71,256,50,0.14284081757068634,0.16223932802677155,0.09996430575847626,0.1556055098772049,1,1.0367170626349889,0.014190788199327928,0.48605122125251743,0.493661659269497,0.44144305807294987,0.4733038289407952,0.2501210047259227,0.2539262237344125,0.2278169231361389,0.24374730857006158
R01,02,72,256,50,0.13605447113513947,0.15594443678855896,0.0971267968416214,0.15236161649227142,1,1.0367170626349889,0.014190788199327928,0.45869310800502827,0.4695502988392809,0.42690706540430484,0.46005184123242865,0.2364419481021781,0.24187054351930443,0.2205489268018164,0.2371213147158783
R01,02,73,256,50,0.13740812242031097,0.1569325029850006,0.09941980987787247,0.15485796332359314,1,1.0367170626349889,0.014190788199327928,0.4641501452354518,0.4733348948378103,0.43865371419404603,0.47024994382055474,0.23917046671738987,0.24376284151856914,0.226422251196687,0.24222036600994135
R01,02,74,256,50,0.13986574113368988,0.16009926795959473,0.10015460848808289,0.15616744756698608,1,1.0367170626349889,0.014190788199327928,0.4740576575792938,0.48546457409846483,0.4424179410296002,0.4755994627592294,0.24412422288931088,0.2498276811488964,0.22830436461446407,0.24489512547927866
R01,02,75,256,50,0.1372467577457428,0.15703149139881134,0.09984845668077469,0.15543627738952637,1,2.345572354211663,0.03970894145984048,0.4634996283361293,0.4737140507649719,0.44084958633647836,0.4726124785847729,0.25160428489798486,0.2567114961124062,0.24027926389815943,0.25616071002230667
R01,02,76,256,50,0.13555234670639038,0.15606294572353363,0.09891891479492188,0.1555933952331543,1,4.0,0.0719645609277491,0.4566688704986591,0.4700042243381091,0.43608772851192856,0.47325433806825434,0.2643167157132041,0.2709843926329291,0.2540261447198388,0.2726094494980017
R01,02,77,256,60,0.15795904397964478,0.1794569492340088,0.09849946200847626,0.15583375096321106,1,4.0,0.0719645609277491,0.5469980288058423,0.5596104191398118,0.43393895548344613,0.4742362418494149,0.30948129486679565,0.3157874900337804,0.2529517582055976,0.273100401388582
R01,02,78,256,60,0.1589902639389038,0.17995086312294006,0.09954877942800522,0.157537579536438,1,2.345572354211663,0.03970894145984048,0.5511552336724703,0.5615022605310053,0.4393143994958868,0.481196740432518,0.2954320875661554,0.3006056009954229,0.23951167047786365,0.2604528409461792
R01,02,79,256,60,0.1558361053466797,0.1761474311351776,0.09807030111551285,0.15544353425502777,1,1.0367170626349889,0.014190788199327928,0.5384397277981148,0.5469339517138392,0.4317404497600879,0.47264212440879183,0.27631525799872136,0.28056236995658357,0.22296561897970793,0.2434164563040599
R01,02,80,256,60,0.15397901833057404,0.17457500100135803,0.09786710888147354,0.15375080704689026,1,1.0367170626349889,0.014190788199327928,0.5309531667479838,0.5409110629500578,0.43069953644109304,0.46572697724025564,0.27257197747365586,0.27755092557469285,0.2224451623202105,0.2399588827197918
R01,02,81,256,60,0.1536528468132019,0.17545771598815918,0.09896683692932129,0.15591731667518616,1,1.0367170626349889,0.014190788199327928,0.5296382563768257,0.5442921315656227,0.4363332240556282,0.4745776253834972,0.27191452228807683,0.27924145988247534,0.22526200612747807,0.24438420679141257
R01,02,82,256,60,0.1522202342748642,0.17309977114200592,0.09728065133094788,0.15353630483150482,1,1.0367170626349889,0.014190788199327928,0.5238628989829974,0.5352604809923691,0.42769523129009407,0.46485069051181144,0.2690268435911627,0.27472563459584853,0.220943009744711,0.2395207393555697
R01,02,83,256,60,0.15344350039958954,0.17447300255298615,0.09759234637022018,0.1539715826511383,1,1.0367170626349889,0.014190788199327928,0.5287943084667156,0.5405203776690971,0.429291982855808,0.46662889208350883,0.2714925483330218,0.27735558293421253,0.22174138552756797,0.2404098401414184
R01,02,84,256,60,0.15219874680042267,0.17318129539489746,0.09807174652814865,0.152568981051445,1,1.0367170626349889,0.014190788199327928,0.5237762755303403,0.5355727438370931,0.43174785432095203,0.4608989691319097,0.26898353186483415,0.2748817660182105,0.22296932126014,0.23754487866561882
R01,02,85,256,60,0.15130841732025146,0.17284201085567474,0.09749148041009903,0.15346315503120422,1,1.0367170626349889,0.014190788199327928,0.5201870489888665,0.5342731801903157,0.4287752666445821,0.4645518581707254,0.2671889185940972,0.2742319841948218,0.22148302742195503,0.23937132318502669
R01,02,86,256,60,0.14962558448314667,0.17078182101249695,0.09755299985408783,0.15235218405723572,1,1.0367170626349889,0.014190788199327928,0.5134029668953037,0.5263820224270188,0.4290904184953793,0.46001330774864224,0.26379687754731584,0.2702864053131734,0.22164060334735364,0.2371020479739851
R01,02,87,256,60,0.14374583959579468,0.16540127992630005,0.092945396900177,0.14672783017158508,1,1.0367170626349889,0.014190788199327928,0.4896996785320773,0.5057729029792749,0.40548658685268885,0.4370366375207228,0.2519452333657026,0.25998184558930143,0.2098386875260084,0.22561371286002538
R01,02,88,256,60,0.14741750061511993,0.168369859457016,0.09586092829704285,0.15042918920516968,1,1.0367170626349889,0.014190788199327928,0.504501415951042,0.5171434713214815,0.4204222731366358,0.45215746875553864,0.259346102075185,0.26566712976040474,0.2173065306679819,0.2331741284774333
R01,02,89,256,60,0.14784403145313263,0.16971571743488312,0.09583424776792526,0.15090541541576385,1,1.0367170626349889,0.014190788199327928,0.506220909507807,0.5222985193698495,0.4202855941033665,0.45410295312888693,0.26020584885356746,0.2682446537845887,0.21723819115134724,0.23414687066410744
R01,02,90,256,60,0.1471904069185257,0.16762220859527588,0.09525236487388611,0.1493719071149826,1,1.0367170626349889,0.014190788199327928,0.5035859225956375,0.5142797396506392,0.4173047240058239,0.44783824873168987,0.25888835539748273,0.2642352639249836,0.21574775610257593,0.2310145184655089
R01,02,91,256,60,0.14926853775978088,0.17111441493034363,0.09658641368150711,0.1517319530248642,1,1.0367170626349889,0.014190788199327928,0.5119635878737259,0.5276559589457975,0.42413879017280803,0.4574795333479452,0.2630771880365269,0.27092337357256274,0.219164789186068,0.2358351607736366
R01,02,92,256,60,0.14772802591323853,0.1694474220275879,0.09760747849941254,0.152333602309227,1,1.0367170626349889,0.014190788199327928,0.5057532509925954,0.5212708658294996,0.4293695017378438,0.4599373973943269,0.25997201959596167,0.26773082701441375,0.22178014496858586,0.2370640927968274
R01,02,93,256,60,0.14826445281505585,0.17012889683246613,0.09890156984329224,0.15424343943595886,1,1.0367170626349889,0.014190788199327928,0.507915773650155,0.5238811229447911,0.4359988737815597,0.4677394843081518,0.26105328092474145,0.2690359555720595,0.22509483099044383,0.2409651362537399
R01,02,94,256,60,0.14823761582374573,0.17018423974514008,0.09994649142026901,0.15504130721092224,1,1.0367170626349889,0.014190788199327928,0.5078075844419473,0.5240931032418674,0.4413517987686921,0.47099894221630173,0.2609991863206376,0.2691419457205977,0.22777129348401004,0.24259486520781484
R01,02,95,256,60,0.1464349627494812,0.16728127002716064,0.09934324026107788,0.15386533737182617,1,1.0367170626349889,0.014190788199327928,0.5005404654670981,0.5129738405668732,0.4382614633074477,0.46619485774006963,0.257365626833213,0.2635823143831006,0.22622612575338782,0.2401928229696988
R01,02,96,256,60,0.14548054337501526,0.16675911843776703,0.09851909428834915,0.1537933647632599,1,1.0367170626349889,0.014190788199327928,0.496692870361215,0.5109738401388031,0.4340395277405432,0.4659008344751592,0.2554418292802715,0.2625823141690655,0.22411515796993559,0.24004581133724356
R01,02,97,256,60,0.14491905272006989,0.16651059687137604,0.09933073818683624,0.15421348810195923,1,1.0367170626349889,0.014190788199327928,0.49442930703280313,0.5100219264622713,0.4381974176727574,0.4676171268003941,0.2543100476160655,0.2621063573307996,0.22619410293604267,0.24090395749986102
R01,02,98,256,60,0.1432846635580063,0.16406065225601196,0.09896893054246902,0.15398094058036804,1,1.0367170626349889,0.014190788199327928,0.4878405181740449,0.500637888610033,0.4363439492185292,0.4666671211953854,0.2510156531866864,0.2574143384046805,0.22526736870892858,0.24042895469735667
R01,02,99,256,60,0.1447513997554779,0.1664578765630722,0.09987106174230576,0.1547522097826004,1,1.0367170626349889,0.014190788199327928,0.4937534398581538,0.5098199915427624,0.44096538756153814,0.46981791833172054,0.25397211402874087,0.26200538987104516,0.22757808788043304,0.24200435326552425
R01,02,100,256,60,0.14278168976306915,0.16430459916591644,0.09925482422113419,0.15452425181865692,1,1.545572354211663,0.024111707189718626,0.4858128565783544,0.5015722799518307,0.4378085255560355,0.46888666203635826,0.2549622818840365,0.2628419935707747,0.23096011637287706,0.24649918461303844
R01,02,101,256,60,0.14193511009216309,0.1625080406665802,0.09848468005657196,0.1536429077386856,1,2.4,0.04077009238750536,0.48240000067280353,0.4946909109380963,0.43386323048986714,0.46528618584041787,0.26158504653015446,0.2677305016628008,0.23731666143868624,0.2530281391139616
R01,02,102,256,66,0.14007118344306946,0.16078226268291473,0.09843718260526657,0.15353259444236755,1,2.4,0.04077009238750536,0.47488586669287397,0.4880806529666647,0.43361991051301935,0.4648355327907011,0.25782797954018966,0.26442537267708505,0.23719500145026234,0.25280281258910325
R01,02,103,256,66,0.14191533625125885,0.16290323436260223,0.09923459589481354,0.15498203039169312,1,1.545572354211663,0.024111707189718626,0.48232028547053174,0.49620462377028846,0.437704899871778,0.4707567839248289,0.2532159963301252,0.26015816548000353,0.23090830353074832,0.24743424555727375
R01,02,104,256,66,0.14056354761123657,0.1625884473323822,0.10075104981660843,0.15757468342781067,1,1.0367170626349889,0.014190788199327928,0.47687075720791827,0.4949988930821523,0.4454733910855366,0.48134831764362085,0.2455307727036231,0.2545948406407401,0.22983208964243226,0.2477695529214744
R01,02,105,256,66,0.13796178996562958,0.1591709852218628,0.09812884032726288,0.1538867950439453,1,1.0367170626349889,0.014190788199327928,0.4663821708990613,0.48190896704766567,0.4320403344750829,0.466282516850105,0.24028647954919463,0.2480498776234968,0.22311556133720542,0.2402366525247165
R01,02,106,256,66,0.13752640783786774,0.15822532773017883,0.097685307264328,0.15367594361305237,1,1.0367170626349889,0.014190788199327928,0.4646269947272629,0.4782868093704823,0.42976820298931856,0.46542114434524323,0.23940889146329541,0.24623879878490512,0.22197949559432326,0.2398059662722856
R01,02,107,256,66,0.12980292737483978,0.14997585117816925,0.09599076211452484,0.15196986496448517,1,1.0367170626349889,0.014190788199327928,0.43349096959516814,0.4466887888520852,0.4210873859078592,0.4584514537304628,0.22384087889724805,0.23043978852570657,0.21763908705359358,0.23632112096489538
R01,02,108,256,66,0.13145767152309418,0.15108878910541534,0.09724406152963638,0.15204019844532013,1,1.0367170626349889,0.014190788199327928,0.44016181645415486,0.4509516818052457,0.4275077890302824,0.4587387808133566,0.2271763023267414,0.23257123500228682,0.22084928861480518,0.23646478450634228
R01,02,109,256,66,0.13123677670955658,0.15186581015586853,0.09974601864814758,0.15513743460178375,1,1.0367170626349889,0.014190788199327928,0.4392713129436223,0.45392791028964147,0.4403248167111168,0.47139164285438395,0.22673105057147513,0.2340593492444847,0.22725780245522237,0.24279121552685595
R01,02,110,256,66,0.130558580160141,0.15119338035583496,0.09624219685792923,0.15319885313510895,1,1.0367170626349889,0.014190788199327928,0.4365372677281023,0.4513522983117559,0.4223754359876524,0.46347212925774073,0.22536402796371513,0.23277154325554192,0.2182831120934902,0.23883145872853434
R01,02,111,256,66,0.12721620500087738,0.14715322852134705,0.09378782659769058,0.1491701602935791,1,1.0367170626349889,0.014190788199327928,0.4230629956744741,0.4358772800171114,0.4098021862977399,0.44701407047421116,0.21862689193690102,0.22503403410821968,0.21199648724853393,0.23060242933676955
R01,02,112,256,66,0.1297125667333603,0.14956817030906677,0.09590161591768265,0.15083977580070496,1,1.0367170626349889,0.014190788199327928,0.4331266945487657,0.4451272463244299,0.4206307077081755,0.45383480147631333,0.22365874137404682,0.22965901726187893,0.21741074795375173,0.23401279483782064
R01,02,113,256,66,0.13162441551685333,0.1516077220439911,0.09713244438171387,0.1518632471561432,1,1.0367170626349889,0.014190788199327928,0.44083401925251287,0.4529393538153921,0.42693599662665,0.45801589752747435,0.2275124037259204,0.23356507100736001,0.22056339241298897,0.23610334286340115
R01,02,114,256,66,0.12973999977111816,0.1500486433506012,0.09621387720108032,0.1514568030834198,1,1.0367170626349889,0.014190788199327928,0.4332372866266725,0.44696760515559025,0.4222303600296919,0.45635548788488706,0.22371403741300022,0.2305791966774591,0.21821057411450992,0.2352731380421075
R01,02,115,256,66,0.1278776228427887,0.14844964444637299,0.0949149951338768,0.1508423089981079,1,1.0367170626349889,0.014190788199327928,0.42572940010796095,0.44084294986792966,0.4155764460651739,0.4538451501212481,0.21996009415364445,0.2275168690336288,0.21488361713225093,0.23401796916028803
R01,02,116,256,66,0.1311590075492859,0.15107528865337372,0.09557396918535233,0.1523982286453247,1,1.0367170626349889,0.014190788199327928,0.438957798519616,0.45089997094117695,0.41895223879808025,0.4602014095889266,0.226574293359472,0.23254537957025245,0.2165715134987041,0.23719609889412727
R01,02,117,256,66,0.13326440751552582,0.15335333347320557,0.09649032354354858,0.15286953747272491,1,1.0367170626349889,0.014190788199327928,0.4474453950864438,0.45962557995467734,0.42364653954670517,0.4621268054162251,0.2308180916428859,0.23690818407700265,0.21891866387301656,0.23815879680777652
R01,02,118,256,66,0.13506154716014862,0.15497633814811707,0.0968882218003273,0.15335848927497864,1,1.0367170626349889,0.014190788199327928,0.4546902875165753,0.4658421846926853,0.42568489301549817,0.46412427651177496,0.23444053785795163,0.24001648644600662,0.21993784060741306,0.23915753235555146
R01,02,119,256,66,0.13493800163269043,0.1546461582183838,0.09860046207904816,0.15504787862300873,1,1.0367170626349889,0.014190788199327928,0.4541922326996686,0.46457749448734936,0.43445635871578314,0.47102578781875004,0.23419151044949826,0.23938414134333866,0.22432357345755555,0.242608288009039
R01,02,120,256,66,0.13302576541900635,0.15347613394260406,0.09663676470518112,0.1539834886789322,1,1.0367170626349889,0.014190788199327928,0.44648334613061685,0.4600959433440705,0.42439672843218645,0.4666775307147021,0.2303370671649724,0.23714336577169923,0.2192937583157572,0.24043415945701502
R01,02,121,256,66,0.13385742902755737,0.15427561104297638,0.09712972491979599,0.15427730977535248,1,1.0367170626349889,0.014190788199327928,0.44983607022194466,0.4631581853738875,0.4269220653652305,0.46787785177836744,0.2320134292106363,0.23867448678660771,0.2205564267822792,0.2410343199888477
R01,02,122,256,66,0.1349167823791504,0.15532010793685913,0.09874872863292694,0.15545138716697693,1,1.0367170626349889,0.014190788199327928,0.45410669053837616,0.46715892821814337,0.4352158987219432,0.4726742052080895,0.23414873936885205,0.24067485820873566,0.22470334346063559,0.24343249670370873
R01,02,123,256,66,0.13757292926311493,0.15699537098407745,0.09949777275323868,0.15678465366363525,1,1.0367170626349889,0.014190788199327928,0.46481453870728734,0.47357569851938414,0.43905310246663193,0.4781208796603867,0.23950266345330765,0.24388324335935604,0.22662194533297994,0.24615583392985732
R01,02,124,256,66,0.13733361661434174,0.15661019086837769,0.09937247633934021,0.1552283763885498,1,2.145572354211663,0.035809632892310025,0.46384978652304876,0.47210034076517665,0.4384112339096674,0.47176315920754097,0.2498297097076794,0.25395498682874335,0.23711043340098872,0.2537863960499255
R01,02,125,256,66,0.13633868098258972,0.155950665473938,0.09840908646583557,0.1551886945962906,1,3.6,0.06416594379268817,0.4598388563493609,0.46957415661100355,0.43347597959024403,0.4716010507283574,0.26200240007102454,0.26687005020184584,0.2488209616914661,0.2678834972605228
R01,02,126,256,75,0.14904144406318665,0.16893963515758514,0.09812426567077637,0.15356676280498505,1,3.6,0.06416594379268817,0.5110480945183213,0.5193258866740147,0.4320168994216265,0.4649751177485561,0.28760701915550474,0.2917459152333514,0.24809142160715736,0.26457053077062215
R01,02,127,256,75,0.149473637342453,0.16923247277736664,0.0990181714296341,0.1559973806142807,1,2.145572354211663,0.035809632892310025,0.5127904153372289,0.5204475444010326,0.4365962004698213,0.4749047034378168,0.27430002411476945,0.2781285886466713,0.23620291668106566,0.25535716816506343
R01,02,128,256,75,0.14697310328483582,0.16698670387268066,0.09849589318037033,0.15355736017227173,1,1.0367170626349889,0.014190788199327928,0.5027098963750428,0.5118455620228223,0.43392067308832294,0.46493670601353365,0.2584503422871854,0.2630181751110751,0.22405573064382545,0.2395637471064308
R01,02,129,256,75,0.1481185257434845,0.16793814301490784,0.09785940498113632,0.15296415984630585,1,0.945572354211663,0.012413781487127224,0.5073274910760422,0.5154898651914611,0.4306600708950443,0.4625133577417284,0.25987063628158474,0.2639518233392942,0.22153692619108578,0.23746356961442783
R01,02,130,256,75,0.14667214453220367,0.1672612428665161,0.09812707453966141,0.1538800448179245,1,1.6,0.025172858117383505,0.5014966273921619,0.5128971304109038,0.4320312886971201,0.46625494075507307,0.2633347427547727,0.2690349942641436,0.2286020734072518,0.2457138994362283
R01,02,131,256,78,0.14468497037887573,0.16532649099826813,0.0985625684261322,0.15531520545482635,1,0.9632829373650111,0.01275907663025628,0.49348564003017525,0.5054864384905764,0.434262237084058,0.4721178742312745,0.2531223583302158,0.25912275756041636,0.22351065685715713,0.24243847543076538
R01,02,132,256,80,0.15585894882678986,0.17780864238739014,0.09754542261362076,0.1530127078294754,1,1.4,0.021273549549853034,0.5385318177793376,0.5532968993386816,0.42905160180260216,0.46271168647818356,0.2799026836645953,0.28728522444426735,0.2251625756762276,0.2419926180140183
R01,02,133,256,80,0.15316370129585266,0.1738751232624054,0.09653912484645844,0.1511809229850769,1,0.745572354211663,0.008514472919596758,0.5276663413581573,0.5382303169637676,0.4238965388954664,0.4552284595771124,0.268090407138877,0.27337239494168214,0.2162055059075316,0.23187146624835459
R01,02,134,256,80,0.149303138256073,0.1709722876548767,0.09708566963672638,0.1507478505373001,1,1.0367170626349889,0.014190788199327928,0.5121030744597658,0.5271115679728535,0.42669637893023427,0.4534592674139464,0.26314693132954686,0.27065117808609074,0.2204435835647811,0.23382502780663716
R01,02,135,256,80,0.14888004958629608,0.1706092208623886,0.09391181915998459,0.14984846115112305,1,1.0367170626349889,0.014190788199327928,0.5103974574755139,0.5257209110158624,0.41043737548279097,0.4497850723414415,0.26229412283742093,0.26995584960759517,0.21231408184105946,0.23198793027038472
R01,02,136,256,80,0.14661887288093567,0.1681067943572998,0.09529867023229599,0.15030410885810852,1,1.0367170626349889,0.014190788199327928,0.5012818709127937,0.5161358514602575,0.4175419371283508,0.45164648919329053,0.25773632955606085,0.26516331982979274,0.21586636266383938,0.23291863869630924
R01,02,137,256,80,0.1472797840833664,0.16963176429271698,0.09734991937875748,0.15378136932849884,1,1.0367170626349889,0.014190788199327928,0.5039462329070362,0.5219769531356739,0.428050077693977,0.4658518305976741,0.2590685105531821,0.26808387066750095,0.22112043294665248,0.24002130939850103
R01,02,138,256,80,0.14577609300613403,0.1690538078546524,0.09938373416662216,0.1569046527147293,1,1.0367170626349889,0.014190788199327928,0.4978843333015754,0.5197632030542514,0.43846890551516027,0.47861110105838334,0.25603756075045164,0.26697699562678967,0.2263298468572441,0.24640094462885564
R01,02,139,256,80,0.1457957774400711,0.16852225363254547,0.1004587784409523,0.15864355862140656,1,1.0367170626349889,0.014190788199327928,0.4979636880733923,0.5177271876645617,0.44397614307741357,0.4857148979366415,0.25607723813636013,0.26595898793194483,0.22908346563837076,0.24995284306798474
R01,02,140,256,80,0.1394633799791336,0.16131839156150818,0.09832876920700073,0.15450508892536163,1,1.0367170626349889,0.014190788199327928,0.47243560038883237,0.49013419069108843,0.43306453028037434,0.4688083775811461,0.24331319429408016,0.2521624894452082,0.22362765923985115,0.241499582890237
R01,02,141,256,80,0.13690923154354095,0.15839944779872894,0.09949243813753128,0.15550601482391357,1,1.0367170626349889,0.014190788199327928,0.46213894329720095,0.4789537425345472,0.43902577429354595,0.47289737069238796,0.23816486574826445,0.24657226536693758,0.22660828124643695,0.24354407944585796
R01,02,142,256,80,0.13195271790027618,0.15291905403137207,0.09720296412706375,0.152992844581604,1,1.0367170626349889,0.014190788199327928,0.4421575198828457,0.4579621567511251,0.4272972552275699,0.46263054092701883,0.22817415404108682,0.23607647247522653,0.22074402171344892,0.2384106645631734
R01,02,143,256,80,0.13341090083122253,0.15452611446380615,0.09717030078172684,0.15265481173992157,1,1.0367170626349889,0.014190788199327928,0.44803596038677074,0.4641176901596038,0.4271299274191776,0.4612496055720513,0.23111337429304935,0.23915423917946588,0.22066035780925278,0.23772019688568963
R01,02,144,256,80,0.1305978149175644,0.1506744623184204,0.09589780122041702,0.15022017061710358,1,1.145572354211663,0.01631309005465769,0.43669543662605376,0.44936468337761837,0.4206111657743487,0.451303583799659,0.22650426334035573,0.23283888671613803,0.2184621279145032,0.23380833692715836
R01,02,145,256,80,0.12472905218601227,0.14549791812896729,0.09512751549482346,0.14817607402801514,1,1.6,0.025172858117383505,0.41303642113703554,0.4295369344917956,0.41666514551922973,0.44295301870429304,0.21910463962720952,0.22735489630458955,0.22091900181830662,0.23406293841083828
R01,02,146,256,84,0.1311769187450409,0.15191370248794556,0.09708860516548157,0.1524987369775772,1,1.6,0.025172858117383505,0.4390300047540777,0.4541113525822649,0.42671141705899945,0.46061200729530766,0.23210143143573062,0.23964210534982422,0.22594213758819148,0.24289243270634558
R01,02,147,256,84,0.13068154454231262,0.1513577252626419,0.09499778598546982,0.14941278100013733,1,1.145572354211663,0.01631309005465769,0.4370329797470523,0.45198178961397856,0.4160005670977594,0.44800522716143093,0.226673034900855,0.23414743983431813,0.21615682857620855,0.2321591586080443
R01,02,148,256,84,0.1305389404296875,0.1508423388004303,0.0940212532877922,0.1485203206539154,1,1.545572354211663,0.024111707189718626,0.43645809317151285,0.4500077016939517,0.4109979847094482,0.44435933867654165,0.23028490018061573,0.23705970444183516,0.2175548459495834,0.23423552293313013
R01,02,149,256,84,0.13189567625522614,0.15144725143909454,0.09557139873504639,0.1482088714838028,1,2.4,0.04077009238750536,0.4419275652526299,0.45232470227548494,0.41893907089345084,0.4430870032190069,0.2413488288200676,0.24654739733149514,0.2298545816404781,0.24192854780325612
R01,02,150,256,90,0.1253046840429306,0.143199622631073,0.09313523769378662,0.14676013588905334,1,2.4,0.04077009238750536,0.4153569925490615,0.42073375918219214,0.4064591034032898,0.43716861318083167,0.22806354246828342,0.23075192578484874,0.22361459789539756,0.2389693527841685
R01,02,151,256,90,0.12072096765041351,0.1400751918554306,0.09095573425292969,0.1452411562204361,1,1.545572354211663,0.024111707189718626,0.3968784439880861,0.40876623286283914,0.39529394164841536,0.4309632613060544,0.21049507558890235,0.21643897002627888,0.20970282441906699,0.2275374842478865
R01,02,152,256,90,0.12133393436670303,0.13969509303569794,0.0923154279589653,0.14602836966514587,1,1.0367170626349889,0.014190788199327928,0.3993495251508972,0.4073103380276686,0.40225938151897755,0.4341791940310964,0.2067701566751126,0.21075056311349827,0.20822508485915275,0.22418499111521217
R01,02,153,256,90,0.12311452627182007,0.14206014573574066,0.09436731040477753,0.14933191239833832,1,1.545572354211663,0.024111707189718626,0.40652770791100395,0.4163692138571703,0.4127707663509617,0.447674861890485,0.21531970755036128,0.22024046052344445,0.21844123677034016,0.2358932845401018
R01,02,154,256,90,0.1256302297115326,0.144344761967659,0.09350967407226562,0.14832153916358948,1,2.4,0.04077009238750536,0.4166693799070354,0.4251199933905982,0.40837726634547983,0.4435472744210747,0.22871973614727037,0.23294504288905177,0.22457367936649258,0.24215868340429003
R01,02,155,256,96,0.12038305401802063,0.1383664309978485,0.09097283333539963,0.1460801661014557,1,2.4,0.04077009238750536,0.3955161970838533,0.402221155693578,0.39538153684008054,0.4343907933828208,0.21814314473567933,0.22149562404054168,0.21807581461379294,0.23758044288516306
R01,02,156,256,96,0.12342659384012222,0.14105363190174103,0.09410927444696426,0.1476016491651535,1,1.6544276457883371,0.026234009045048384,0.40778576037790415,0.4125139577596154,0.41144889956536657,0.4406063721537688,0.21700988471147625,0.21937398340233188,0.21884145430520746,0.2334201905994086
R01,02,157,256,96,0.12422368675470352,0.14221885800361633,0.09352980554103851,0.1479518562555313,1,1.6,0.025172858117383505,0.4109991180266769,0.41697713042802653,0.4084803958478238,0.442037041878805,0.2180859880720302,0.22107499427270502,0.21682662698260366,0.23360494999809425
R01,02,158,256,100,0.13020850718021393,0.1508697271347046,0.09197106957435608,0.14760690927505493,1,1.508855291576674,0.023395851405182796,0.4351260022820054,0.4501126073983207,0.40049530214487133,0.4406278608106039,0.2292609268435941,0.23675422940175175,0.21194557677502707,0.23201185610789335
R01,02,159,256,100,0.127113938331604,0.14833179116249084,0.0914522185921669,0.14645886421203613,1,1.308855291576674,0.01949654283765233,0.4226507233058297,0.44039153571349327,0.3978373319695455,0.43593785492618176,0.22107363307174102,0.2299440392755728,0.20866693740359893,0.22771719888191705
R01,02,160,256,103,0.126382514834404,0.14650796353816986,0.09155291318893433,0.1453106552362442,1,1.2,0.01737424098232257,0.41970210182616896,0.43340571760346114,0.3983531703204628,0.43124717942355795,0.21853817140424575,0.22538997929289184,0.20786370565139267,0.22431071020294024
R01,02,161,256,103,0.12581758201122284,0.14646434783935547,0.09233900904655457,0.1457192748785019,1,0.945572354211663,0.012413781487127224,0.4174246619252441,0.4332386561253937,0.40238018273101256,0.43291647672591277,0.21491922170618566,0.22282621880626047,0.2073969821090699,0.22266512910652
R01,02,162,256,103,0.12539508938789368,0.14608530700206757,0.09114491194486618,0.14500665664672852,1,1.545572354211663,0.024111707189718626,0.41572144781069137,0.43178681368685545,0.39626306126130034,0.4300052811570077,0.219916577500205,0.22794926043828703,0.21018738422550948,0.22705849417336316
R01,02,163,256,103,0.12835903465747833,0.14819109439849854,0.09307640790939331,0.14754965901374817,1,2.4,0.04077009238750536,0.427670137892282,0.4398526240374042,0.40615773014255413,0.44039398143507885,0.23422011513989366,0.24031135821245478,0.22346391126502974,0.2405820369112921
R01,02,164,256,109,0.12901213765144348,0.1494503617286682,0.09302973747253418,0.1463855803012848,1,2.4,0.04077009238750536,0.4303030222934646,0.4446760033980202,0.40591864679589146,0.43563847471565803,0.23553655734048498,0.24272304789276278,0.2233443695916984,0.23820428355158169
R01,02,165,256,109,0.12530332803726196,0.14619897305965424,0.08988524228334427,0.1435948610305786,1,2.054427645788337,0.03403262618010931,0.41535152602049574,0.43222218948278934,0.3898100246360999,0.4242377987117337,0.22469207610030253,0.23312740783144933,0.21192132540810463,0.22913521244592153
R01,02,166,256,109,0.1311478316783905,0.1531459242105484,0.09493781626224518,0.15028397738933563,1,2.4,0.04077009238750536,0.43891274471275554,0.4588311389867168,0.41569335415757935,0.4515642479032504,0.23984141855013044,0.24980061568711107,0.22823172327254235,0.24616717014537787
R01,02,167,256,115,0.131097674369812,0.15295661985874176,0.09430452436208725,0.14886684715747833,1,2.908855291576674,0.050691011377896056,0.4387105432275658,0.4581060453695768,0.4124491259674486,0.4457749724292315,0.24470077730273093,0.25439852837373644,0.23157006867267232,0.24823299190356377
R01,02,168,256,115,0.13138625025749207,0.15287666022777557,0.09475839138031006,0.14894229173660278,1,2.908855291576674,0.050691011377896056,0.4398738925924453,0.457799775505788,0.4147741962466071,0.4460831794251407,0.24528245198517068,0.25424539344184205,0.23273260381225158,0.24838709540151838
R01,02,169,256,121,0.13843847811222076,0.16104640066623688,0.09087613224983215,0.14443162083625793,1,2.4,0.04077009238750536,0.46830386594101603,0.48909238230052987,0.3948861564511382,0.4276561387568228,0.2545369791642607,0.26493123734401763,0.21782812441932178,0.23421311557216407
R01,02,170,256,121,0.13729682564735413,0.16005805134773254,0.09315503388643265,0.1485600471496582,1,1.545572354211663,0.024111707189718626,0.4637014693908641,0.4853067018578312,0.406560515352856,0.44452162977887105,0.24390658829029135,0.25470920452377493,0.2153361112712873,0.23431666848429483
R01,02,171,256,121,0.13402025401592255,0.15747115015983582,0.09373798966407776,0.1473306566476822,1,1.0367170626349889,0.014190788199327928,0.4504924741520303,0.4753980784077392,0.4095468816192874,0.43949931064327996,0.23234163117567913,0.24479443330353357,0.21186883490930766,0.22684504942130396
R01,02,172,256,121,0.13552096486091614,0.15788935124874115,0.09275251626968384,0.14608138799667358,1,1.545572354211663,0.024111707189718626,0.45654235940899496,0.476999916597682,0.4044984978235696,0.4343957850821422,0.24032703329935678,0.2505558118937003,0.2143051025066441,0.22925374613593041
R01,02,173,256,121,0.1353156417608261,0.15834341943264008,0.09471545368432999,0.15012326836585999,0,2.4,0.04077009238750536,0.45571463086935465,0.4787391367410612,0.41455423498753674,0.4509077176937144,0.24824236162843,0.2597546145642833,0.22766216368752104,0.24583890504060987
R01,02,174,256,127,0.13464610278606415,0.15678568184375763,0.09492385387420654,0.149555042386055,0,2.4,0.04077009238750536,0.4530154873362159,0.4727725249220609,0.415621827626346,0.44858639488608926,0.2468927898618606,0.25677130865478315,0.22819596000692566,0.2446782436367973
R01,02,175,256,127,0.13255105912685394,0.15409135818481445,0.0936041846871376,0.14664481580257416,0,1.545572354211663,0.024111707189718626,0.4445696406304121,0.46245244052376655,0.4088614253896075,0.4366975063387733,0.23434067391006536,0.24328207385674258,0.21648656628966306,0.23040460676424596
R01,02,176,256,127,0.1311323642730713,0.152384951710701,0.09440317004919052,0.14761106669902802,0,1.0367170626349889,0.014190788199327928,0.4388503902440607,0.45591638136391255,0.4129544681625018,0.4406448447631732,0.22652058922169432,0.23505358478162025,0.21357262818091488,0.2274178164812506
R01,02,177,256,127,0.1289471983909607,0.14992694556713104,0.09396077692508698,0.14698003232479095,0,1.145572354211663,0.01631309005465769,0.4300412296397341,0.44650146539085617,0.4106881763561818,0.43806693643554867,0.2231771598471959,0.23140727772275693,0.21350063320541976,0.22719001324510318
R01,02,178,256,127,0.13285015523433685,0.15352560579776764,0.09607608616352081,0.15044033527374268,0,1.6,0.025172858117383505,0.4457754006454829,0.46028543569363795,0.4215244840058766,0.45220300279325143,0.2354741293814332,0.24272914690551073,0.22334867106163006,0.23868793045531747
R01,02,179,256,131,0.14866116642951965,0.1693684458732605,0.09645231813192368,0.15093940496444702,0,1.6,0.025172858117383505,0.5095150636502161,0.5209683629822985,0.42345184539738745,0.4542418075941583,0.2673439608837998,0.273070610549841,0.22431235175738548,0.2397073328557709
R01,02,180,256,131,0.1473671942949295,0.17026376724243164,0.09672097861766815,0.15143713355064392,0,0.8544276457883371,0.01063677477492652,0.5042986137484274,0.5243977179013979,0.42482813952211745,0.4562751337006879,0.257467694261677,0.2675172463381622,0.217732457148522,0.2334559542378072
R01,02,181,256,131,0.14233694970607758,0.16486410796642303,0.094944067299366,0.14933456480503082,0,0.8,0.009575623847261638,0.4840199553522781,0.5037153699342277,0.4157253769749245,0.4476856975304755,0.24679778959976986,0.2566454968907447,0.21265050041109307,0.22863066068886856
R01,02,182,256,133,0.14585278928279877,0.16771098971366882,0.09778857231140137,0.1523958146572113,0,0.8,0.009575623847261638,0.4981935225601231,0.5146197985117003,0.43029720924486525,0.4601915479390476,0.2538845732036924,0.26209771117948094,0.21993641654606344,0.2348835858931546
R01,02,183,256,133,0.14266404509544373,0.16486617922782898,0.0970580130815506,0.1522856056690216,0,1.6544276457883371,0.026234009045048384,0.48533859017146996,0.5037233034994657,0.42655469990998973,0.4597413210100046,0.25578629960825916,0.26497865627225703,0.22639435447751904,0.2429876650275265
R01,02,184,256,133,0.1417568176984787,0.16391521692276,0.09733423590660095,0.1524052619934082,0,3.2,0.05636732665762723,0.48168124227402304,0.5000808267631118,0.42796973439181785,0.4602301422972159,0.26902428446582516,0.27822407671036953,0.24216853052472254,0.2582987344774216
R01,02,185,256,141,0.16060468554496765,0.1828421652317047,0.09319380670785904,0.14659292995929718,0,3.2,0.05636732665762723,0.5576635263963046,0.5725768326910261,0.4067591407896428,0.43648554174075715,0.3070154265269659,0.31447207967432667,0.23156323372363502,0.2464264341991922
R01,02,186,256,141,0.162723109126091,0.1851467341184616,0.09524819999933243,0.15073207020759583,0,1.945572354211663,0.031910324324779554,0.5662036256660604,0.5814040370003789,0.4172833881835403,0.4533948014434412,0.29905697499542,0.30665718066257924,0.22459685625415993,0.24265256288411036
R01,02,187,256,141,0.15813881158828735,0.18126989901065826,0.09489812701940536,0.14938253164291382,0,1.0367170626349889,0.014190788199327928,0.5477227343071284,0.5665545717633426,0.41549003407653334,0.44788165216603376,0.28095676125322816,0.29037267998133526,0.21484041113793065,0.23103622018268086
R01,02,188,256,141,0.15487612783908844,0.17730672657489777,0.09460661560297012,0.14779414236545563,0,1.0367170626349889,0.014190788199327928,0.5345697259322865,0.5513744081307058,0.4139966791880399,0.44139274742004475,0.2743802570658072,0.2827825981650169,0.21409373369368392,0.22779176780968635
R01,02,189,256,141,0.15299107134342194,0.1752127707004547,0.09571444988250732,0.14910514652729034,0,1.0367170626349889,0.014190788199327928,0.5269704102215194,0.5433539161312283,0.41967189341195704,0.44674847554568026,0.27058059921042366,0.2787723521652781,0.2169313408056425,0.2304696318725041
R01,02,190,256,141,0.15072084963321686,0.1728849709033966,0.09479297697544098,0.14871926605701447,0,1.0367170626349889,0.014190788199327928,0.5178183601111135,0.5344377303239912,0.4149513713575918,0.4451720725502102,0.2660045741552207,0.2743142592616596,0.21457107977845988,0.22968143037476907
R01,02,191,256,141,0.14653773605823517,0.16871517896652222,0.09447767585515976,0.14754174649715424,0,1.0367170626349889,0.014190788199327928,0.5009547802749869,0.5184661507518659,0.4133361465575571,0.4403616571382533,0.2575727842371574,0.2663284694755969,0.21376346737844254,0.22727622266879063
R01,02,192,256,141,0.1485174596309662,0.1697460263967514,0.0961657389998436,0.14976800978183746,0,1.0367170626349889,0.014190788199327928,0.5089357317657331,0.5224146119719639,0.42198375761864665,0.44945641155319066,0.26156325998253055,0.26830270008564594,0.2180872729089873,0.2318235998762593
R01,02,193,256,141,0.1404891461133957,0.16291815042495728,0.09327555447816849,0.14635565876960754,0,1.0367170626349889,0.014190788199327928,0.4765708189977126,0.49626175685520324,0.4071779183246975,0.43551623895666425,0.24538080359852027,0.2552262725272656,0.21068435326201274,0.2248535135779961
R01,02,194,256,141,0.13829351961612701,0.1602899134159088,0.09268815815448761,0.1459100842475891,0,1.0367170626349889,0.014190788199327928,0.46771948803016467,0.48619480455640635,0.4041688040259208,0.43369597318702624,0.2409551381147463,0.2501927963778671,0.20917979611262438,0.2239433806931771
R01,02,195,256,141,0.13561737537384033,0.1580483764410019,0.09223966300487518,0.14597994089126587,0,1.0367170626349889,0.014190788199327928,0.45693102358284454,0.47760903176472524,0.4018712527590458,0.43398135228969703,0.23556090589108625,0.2458999099820266,0.20803102047918687,0.2240860702445125
R01,02,196,256,141,0.1347070336341858,0.15696313977241516,0.0913311243057251,0.14490489661693573,0,1.0367170626349889,0.014190788199327928,0.4532611206912191,0.47345224311212075,0.39721699007406214,0.4295895700025412,0.23372595444527353,0.24382151565572435,0.20570388913669505,0.2218901791009346
R01,02,197,256,141,0.1325821429491043,0.15377062559127808,0.09149544686079025,0.1431371420621872,0,1.0367170626349889,0.014190788199327928,0.44469495028522665,0.4612239365080769,0.39805878177435666,0.42236792032079096,0.2294428692422773,0.23770736235370243,0.2061247849868423,0.21827935426005945
R01,02,198,256,141,0.13566216826438904,0.15672306716442108,0.09328353404998779,0.14661158621311188,0,1.0367170626349889,0.014190788199327928,0.45711159924074124,0.47253269153263855,0.4072187960808079,0.43656175646698236,0.2356511937200346,0.24336173986598325,0.21070479214006793,0.22537627233315516
R01,02,199,256,141,0.13229575753211975,0.1530190259218216,0.0922246128320694,0.14417244493961334,0,1.0367170626349889,0.014190788199327928,0.4435404314664918,0.45834507969487454,0.4017941537232446,0.4265973506312354,0.22886560983290988,0.23626793394710124,0.20799247096128629,0.22039406941528167
R01,02,200,256,141,0.12906426191329956,0.14883743226528168,0.08954323828220367,0.14023122191429138,0,1.0367170626349889,0.014190788199327928,0.4305131532486618,0.44232829592369566,0.3880580062992775,0.410496624469864,0.22235197072399487,0.2282595420615118,0.20112439724930273,0.21234370633459598
R01,02,201,256,141,0.12822771072387695,0.1484694480895996,0.08969580382108688,0.14150415360927582,0,2.145572354211663,0.035809632892310025,0.42714072562580035,0.4409188038837656,0.3888395691488323,0.41569681854956864,0.2314751792590552,0.2383642183880378,0.21232460102057116,0.22575322572093934
R01,02,202,256,141,0.12833698093891144,0.14874807000160217,0.0903681293129921,0.14248386025428772,0,3.6,0.06416594379268817,0.42758123171341067,0.4419860110982872,0.39228375865013254,0.4196991265408866,0.2458735877530494,0.2530759774454877,0.22822485122141034,0.24193253516678737
R01,02,203,256,150,0.13858336210250854,0.1591719686985016,0.09043644368648529,0.1441701352596283,0,4.308855291576674,0.07798617135060933,0.468887943493155,0.48191273406425345,0.39263371957055876,0.4265879151020302,0.2734370574218822,0.2799494527074314,0.23530994546058404,0.2522870432263198
R01,02,204,256,150,0.1373223215341568,0.1584509164094925,0.0901588723063469,0.1436203569173813,0,3.908855291576674,0.07018755421554838,0.46380425214224846,0.47915088306930803,0.39121177670978013,0.4243419547792827,0.26699590317889843,0.2746692186424282,0.23069966546266427,0.24726475449741556
R01,02,205,256,157,0.13391812145709991,0.15502789616584778,0.09006013721227646,0.14288227260112762,0,2.8,0.04856870952256629,0.4500807424290682,0.4660396676834995,0.3907059765006528,0.4213267248915926,0.24932472597581726,0.2573041886030329,0.21963734301160956,0.23494771720707947
R01,02,206,256,157,0.13319554924964905,0.15383559465408325,0.08940652012825012,0.14265848696231842,0,1.745572354211663,0.02801101575724909,0.4471678035644409,0.46147278790690643,0.38735762644435096,0.4204125134231817,0.237589409660845,0.24474190183207775,0.2076843211008,0.22421176459021538
R01,02,207,256,157,0.1329682469367981,0.1538313776254654,0.08885656297206879,0.14290212094783783,0,1.0367170626349889,0.014190788199327928,0.4462514692046417,0.4614566353963861,0.3845403055390896,0.42140780956837537,0.23022112870198483,0.23782371179785702,0.19936554686920877,0.21779929888385166
R01,02,208,256,157,0.1314239799976349,0.15226563811302185,0.09060799330472946,0.14327265322208405,0,1.0367170626349889,0.014190788199327928,0.4400259942444062,0.45545937376060336,0.3935125340751736,0.42292151195041733,0.22710839122186707,0.23482508097996566,0.20385166113725078,0.21855615007487264
R01,02,209,256,157,0.13051696121692657,0.15137642621994019,0.09096705168485641,0.14595121145248413,0,1.0367170626349889,0.014190788199327928,0.436369487351354,0.4520534200051554,0.3953519185966243,0.43386398648126073,0.22528013777534098,0.23312210410224168,0.2047713533979761,0.22402738734029434
R01,02,210,256,157,0.12648335099220276,0.1463288515806198,0.08802041411399841,0.1402101218700409,0,1.0367170626349889,0.014190788199327928,0.42010860730753524,0.43271966397641276,0.3802568815827417,0.41041042634499586,0.2171496977534316,0.22345522608787036,0.19722383489103482,0.2123006072721619
R01,02,211,256,157,0.12701889872550964,0.14693351089954376,0.09019017964601517,0.14301550388336182,0,1.0367170626349889,0.014190788199327928,0.42226758573228834,0.4350356942657946,0.39137215797138236,0.4218710027407777,0.21822918696580815,0.22461324123256127,0.20278147308535516,0.21803089547005283
R01,02,212,256,157,0.12580780684947968,0.14582738280296326,0.091127410531044,0.1431812047958374,0,1.0367170626349889,0.014190788199327928,0.4173852548621768,0.430798885048704,0.3961734050063018,0.4225479258682734,0.21578802153075238,0.22249483662401598,0.2051820966028149,0.21836935703380067
R01,02,213,256,157,0.13031801581382751,0.1506340205669403,0.09131433814764023,0.14599154889583588,0,1.545572354211663,0.024111707189718626,0.43556746951749536,0.44920977908944787,0.3971309979316561,0.4340287734332509,0.229839588353607,0.23666074313958324,0.21062135256068737,0.22907024031148476
R01,02,214,256,157,0.12966912984848022,0.1499876081943512,0.09023343026638031,0.14601045846939087,0,4.0,0.0719645609277491,0.43295158541943474,0.4467338218231119,0.391593722279712,0.4341060230239696,0.2524580731735919,0.2593491913754305,0.23177914160373056,0.25303529197585933
R01,02,215,256,163,0.13560517132282257,0.15823501348495483,0.09000904113054276,0.1459255963563919,0,4.5632829373650114,0.08294663084580467,0.4568818248257529,0.4783239087762711,0.3904442214573239,0.43375934341865596,0.2699142278357788,0.2806352698110379,0.23669542615156428,0.2583529871322303
R01,02,216,256,171,0.1509225219488144,0.17348016798496246,0.0908062756061554,0.14726004004478455,0,4.4,0.07976317806281003,0.518631371073846,0.5367175173477178,0.3945282947879344,0.43921082694712876,0.299197274568328,0.3082403477052639,0.2371457364253722,0.25948700250496937
R01,02,217,256,171,0.1508834809064865,0.17334212362766266,0.09095706790685654,0.14676709473133087,0,1.945572354211663,0.031910324324779554,0.5184739831085469,0.536188765201214,0.39530077369168687,0.43719704151721117,0.2751921537166632,0.28404954476299676,0.2136055490082332,0.23455368292099538
R01,02,218,256,171,0.14895300567150116,0.17162838578224182,0.09079477936029434,0.14696846902370453,0,1.0367170626349889,0.014190788199327928,0.510691568726699,0.5296246246449783,0.39446940181157736,0.43801969791514067,0.26244117846301346,0.2719077064221531,0.20433009500545266,0.2261052430572343
R01,02,219,256,171,0.15017010271549225,0.17287184298038483,0.09429913014173508,0.15000051259994507,0,1.0367170626349889,0.014190788199327928,0.5155981085090302,0.5343874463601452,0.41242149245164655,0.4504062345350535,0.2648944483541791,0.2742891172797366,0.21330614032548725,0.23229851136719074
R01,02,220,256,171,0.14470820128917694,0.16747990250587463,0.09064437448978424,0.14701704680919647,0,1.0367170626349889,0.014190788199327928,0.4935792918767025,0.5137346637655883,0.39369890763547916,0.4382181484003597,0.2538850400380152,0.2639627259824581,0.20394484791740355,0.22620446829984384
R01,02,221,256,171,0.14415457844734192,0.16662906110286713,0.09058073163032532,0.14562828838825226,0,1.0367170626349889,0.014190788199327928,0.4913474464283204,0.5104756807330728,0.3933728779504229,0.43254477774960987,0.2527691173138242,0.2623332344662004,0.20378183307487543,0.2233677829744689
R01,02,222,256,171,0.1415288746356964,0.16432277858257294,0.09157320111989975,0.14676663279533386,0,1.0367170626349889,0.014190788199327928,0.48076232482929715,0.5016419126826959,0.3984571013474364,0.43719515441137013,0.24747655651431255,0.2579163504410119,0.20632394477338217,0.22569297130534904
R01,02,223,256,171,0.13965575397014618,0.16150495409965515,0.0935414656996727,0.14834260940551758,0,1.0367170626349889,0.014190788199327928,0.47321112658425707,0.49084878232258977,0.40854012851664995,0.44363335079717897,0.2437009573917925,0.25251978526095886,0.21136545835798895,0.22891206949825346
R01,02,224,256,171,0.13856162130832672,0.1602281779050827,0.09362628310918808,0.14742068946361542,0,1.0367170626349889,0.014190788199327928,0.4688002988208758,0.4859583386515094,0.40897463120158095,0.4398671136591369,0.24149554351010188,0.25007456342541867,0.21158270970045445,0.22702895092923242
R01,02,225,256,171,0.13284718990325928,0.1532641053199768,0.08906254172325134,0.142220139503479,0,1.0367170626349889,0.014190788199327928,0.4457634463687292,0.4592838088133491,0.3855954936300595,0.41862177172879866,0.2299771172840286,0.23673729850633854,0.19989314091469373,0.2164062799640633
R01,02,226,256,171,0.1366635113954544,0.15635864436626434,0.09095311164855957,0.14392589032649994,0,1.0367170626349889,0.014190788199327928,0.4611483602636957,0.47113684065883693,0.3952805065689094,0.42559012310717576,0.23766957423151183,0.24266381442908244,0.20473564738411867,0.21989045565325185
R01,02,227,256,171,0.1351664662361145,0.15519100427627563,0.09008541703224182,0.14294779300689697,0,1.0367170626349889,0.014190788199327928,0.4551132526553813,0.466664421676983,0.3908354799800951,0.42159438954911044,0.2346520204273546,0.2404276049381555,0.20251313408971153,0.2178925888742192
R01,02,228,256,171,0.1336573213338852,0.1550905406475067,0.09011895209550858,0.14407122135162354,0,1.0367170626349889,0.014190788199327928,0.44902936679217254,0.46627961522493977,0.3910072734257095,0.4261838309545197,0.23161007749575024,0.24023520171213386,0.20259903081251873,0.22018730957692384
R01,02,229,256,171,0.1330377608537674,0.15529364347457886,0.0903078019618988,0.14526823163032532,0,1.0367170626349889,0.014190788199327928,0.44653170388331376,0.4670575612263266,0.3919747136536562,0.4310738700580921,0.23036124604132086,0.24062417471282727,0.20308275092649208,0.22263232912871003
R01,02,230,256,171,0.1335602104663849,0.1549239456653595,0.0900871530175209,0.14311955869197845,0,1.0367170626349889,0.014190788199327928,0.4486378792464264,0.4656415054453723,0.3908443730866999,0.4222960885500675,0.23141433372287717,0.23991614682235013,0.20251758064301392,0.21824343837469773
R01,02,231,256,171,0.1327323466539383,0.15469194948673248,0.09031792730093002,0.14341729879379272,0,1.0367170626349889,0.014190788199327928,0.4453004734494312,0.46475288906271706,0.39202658374754423,0.42351241957619074,0.22974563082437957,0.2394718386310225,0.2031086859734361,0.21885160388775934
R01,02,232,256,171,0.13505151867866516,0.15628567337989807,0.0913539007306099,0.14474627375602722,0,1.0367170626349889,0.014190788199327928,0.45464985923388584,0.47085733944322494,0.3973336691594305,0.42894156220648083,0.2344203237166069,0.24252406382127645,0.20576222867937924,0.2215661752029044
R01,02,233,256,171,0.13346967101097107,0.15436118841171265,0.09067793190479279,0.14381316304206848,0,1.0367170626349889,0.014190788199327928,0.44827288333911425,0.4634859728930338,0.39387081558461207,0.42512960840758,0.2312318357692211,0.23883838054618087,0.20403080189197,0.21966019830345399
R01,02,234,256,171,0.13112856447696686,0.15245793759822845,0.09123549610376358,0.14433841407299042,0,1.0367170626349889,0.014190788199327928,0.4388350719497281,0.45619593965553346,0.3967271058540086,0.42727536949760647,0.22651293007452802,0.2351933639274307,0.20545894702666828,0.2207330788484672
R01,02,235,256,171,0.13213589787483215,0.15265841782093048,0.09183403104543686,0.14451481401920319,0,1.0367170626349889,0.014190788199327928,0.4428959818131598,0.45696384027935283,0.39979328107284606,0.4279960004313559,0.22854338500624388,0.2355773142393404,0.206992034636087,0.22109339431534192
R01,02,236,256,171,0.13087743520736694,0.1516329050064087,0.09180143475532532,0.1441563218832016,0,1.0367170626349889,0.014190788199327928,0.4378226828737024,0.453035812270443,0.3996262967750094,0.4265314845499449,0.22600673553651518,0.23361330023488547,0.20690854248716867,0.22036113637463642
R01,02,237,256,171,0.12756682932376862,0.14765454828739166,0.08976903557777405,0.1414075344800949,0,1.0367170626349889,0.014190788199327928,0.4244764837750429,0.4377974881847311,0.38921472084333214,0.4153021090568814,0.21933363598718542,0.22599413819202951,0.20170275452133005,0.21474644862810469
R01,02,238,256,171,0.12778741121292114,0.1481965333223343,0.08946110308170319,0.14176413416862488,0,1.0367170626349889,0.014190788199327928,0.42536572577898335,0.4398734567806548,0.3876372440365685,0.41675889389178233,0.21977825698915565,0.22703212248999138,0.20091401611794824,0.21547484104555514
R01,02,239,256,171,0.12940073013305664,0.1493661254644394,0.0909004956483841,0.1442742794752121,0,1.0367170626349889,0.014190788199327928,0.431869573193874,0.4443533527196754,0.39501096528632135,0.42701336615761176,0.22303018069660097,0.22927207045950168,0.20460087674282465,0.22060207717846986
R01,02,240,256,171,0.127938911318779,0.1473480761051178,0.0875103697180748,0.1403038203716278,0,1.0367170626349889,0.014190788199327928,0.4259764751847837,0.43662360590956434,0.3776440257937114,0.4107932044588172,0.22008363169205583,0.22540719705444615,0.1959174069965197,0.21249199632907256
R01,02,241,256,171,0.12677589058876038,0.14634551107883453,0.0890698954463005,0.14065906405448914,0,1.0367170626349889,0.014190788199327928,0.42128793575591456,0.43278347495436953,0.3856331652876515,0.4122444497249589,0.21773936197762125,0.22348713157684874,0.19991197674348973,0.21321761896214342
R01,02,242,256,171,0.12931345403194427,0.1499032974243164,0.09095402806997299,0.1448107808828354,0,1.145572354211663,0.01631309005465769,0.43151773299816504,0.44641088576472254,0.39528520121316857,0.4292050874060248,0.22391541152641137,0.23136198790969012,0.20579914563391313,0.22275908873034125
R01,02,243,256,171,0.13063789904117584,0.15209010243415833,0.09177134186029434,0.14629535377025604,0,1.6,0.025172858117383505,0.4368570296133266,0.4547870183756924,0.3994721368712465,0.43526988033283553,0.23101494386535507,0.23997993824653796,0.212322497494315,0.23022136922510952
R01,02,244,256,175,0.12753883004188538,0.14745204150676727,0.09022223949432373,0.14241838455200195,0,1.6,0.025172858117383505,0.4243636089709218,0.4370218252237005,0.3915363941847747,0.41943164450651466,0.22476823354415265,0.231097341670542,0.2083546261510791,0.22230225131194908
R01,02,245,256,175,0.13239476084709167,0.1529180407524109,0.09013742953538895,0.14401203393936157,0,1.145572354211663,0.01631309005465769,0.443939548123533,0.4579582755825195,0.3911019296676832,0.42594203790933877,0.23012631908909534,0.2371356828185886,0.20370750986117045,0.22112756398199823
R01,02,246,256,175,0.13182204961776733,0.15251626074314117,0.09060992300510406,0.14474113285541534,0,1.3455723542116629,0.020212398622188155,0.4416307507730332,0.456419335154391,0.3935224195456056,0.4289205605447015,0.23092157469761068,0.23831586688828957,0.20686740908389686,0.22456647958344483
R01,03,10,409,0,0.13183820247650146,0.15491883456707,0.09461815655231476,0.1506766378879547,0,1.0367170626349889,0.014190788199327928,0.4416958685418822,0.4656219283743176,0.414055801171434,0.4531683487425164,0.22794332837060508,0.23990635828682277,0.21412329468538097,0.23367956847092217
R01,03,11,409,0,0.13121581077575684,0.15380889177322388,0.09483219683170319,0.14907991886138916,0,1.0367170626349889,0.014190788199327928,0.4391867920019521,0.46137050769894716,0.4151522868647489,0.4466454152170067,0.22668879010064003,0.23778064794913756,0.21467153753203844,0.23041810170816732
R01,03,12,409,0,0.13052719831466675,0.15233181416988373,0.09546860307455063,0.15031948685646057,0,1.0367170626349889,0.014190788199327928,0.43641075663843815,0.4557128483161543,0.418412469211793,0.4517093115554826,0.22530077241888305,0.2349518182577411,0.21630162870556047,0.23295004987740528
R01,03,13,409,0,0.133967325091362,0.15687642991542816,0.09469354897737503,0.14989382028579712,0,1.545572354211663,0.024111707189718626,0.4502790993227392,0.4731201178162976,0.41444202153939047,0.4499703739601552,0.2371954032562289,0.2486159125030081,0.21927686436455454,0.2370410405749369
R01,03,14,409,0,0.1314413994550705,0.15482859313488007,0.09427100419998169,0.1503729224205017,0,2.4,0.04077009238750536,0.44009621811136607,0.4652762760643837,0.4122774088575132,0.4519276070892235,0.2404331552494357,0.25302318422594455,0.22652375062250926,0.24634884973836443
R01,03,15,409,6,0.12913548946380615,0.15223892033100128,0.0925932377576828,0.14797064661979675,0,2.4,0.04077009238750536,0.43080029617771914,0.45535703647663517,0.40368254575062035,0.44211380447446796,0.23578519428261224,0.24806356443207025,0.22222631906906284,0.24144194843098665
R01,03,16,409,6,0.1300531029701233,0.15254276990890503,0.09265303611755371,0.1473323404788971,0,1.545572354211663,0.024111707189718626,0.4344995140796751,0.45652087337423447,0.4039888808304917,0.4395061894484425,0.22930561063469684,0.24031629028197654,0.21405029401010517,0.23180894831908055
R01,03,17,409,6,0.13209867477416992,0.1549825668334961,0.09552545845508575,0.15138371288776398,0,1.0367170626349889,0.014190788199327928,0.44274592260044326,0.46586604246440794,0.4187037279950597,0.4560568990413289,0.2284683553998856,0.24002841533186794,0.21644725809719384,0.23512384362032843
R01,03,18,409,6,0.13080045580863953,0.15360957384109497,0.09478896856307983,0.15046632289886475,0,1.0367170626349889,0.014190788199327928,0.4375123522520476,0.4606070590038224,0.41493083705993783,0.45230916771540547,0.22585157022568778,0.2373989236015752,0.2145608126296329,0.2332499779573667
R01,03,19,409,6,0.13030628859996796,0.15343190729618073,0.0928618311882019,0.14736878871917725,0,1.0367170626349889,0.014190788199327928,0.43552019305616313,0.45992654174963793,0.4050584963647948,0.43965508818673876,0.22485549062774554,0.23705866497448294,0.20962464228206137,0.22692293819303336
R01,03,20,409,6,0.12933315336704254,0.15217018127441406,0.09261094778776169,0.14832550287246704,0,2.745572354211663,0.04750755859490141,0.4315971478417244,0.4550937448475525,0.403773270705125,0.4435634670066785,0.23955235321831292,0.25130065172122695,0.2256404146500132,0.24553551280078995
R01,03,21,409,6,0.13519172370433807,0.1579921692609787,0.09568620473146439,0.15116944909095764,0,4.8,0.08756179519787095,0.4552150742588859,0.4773937410591324,0.41952719913239156,0.4551815863029962,0.2713884347283784,0.28247776812850167,0.2535444971651313,0.2713716907504336
R01,03,22,409,18,0.13164687156677246,0.15314050018787384,0.09332665801048279,0.14777548611164093,0,4.8,0.08756179519787095,0.4409245473684312,0.45881036331947506,0.40743971153586594,0.44131653269381954,0.26424317128315106,0.273186079258673,0.24750075336686844,0.26443916394584527
R01,03,23,409,18,0.13254639506340027,0.15473537147045135,0.09545207768678665,0.15050391852855682,0,2.745572354211663,0.04750755859490141,0.4445508381750157,0.4649192085526687,0.4183278129437697,0.45246275378111334,0.24602919838495854,0.2562133835737851,0.23291768576933555,0.24998515618800737
R01,03,24,409,18,0.13330358266830444,0.15610435605049133,0.09568233042955399,0.15179385244846344,0,1.0367170626349889,0.014190788199327928,0.44760332369742534,0.47016283856685853,0.4195073518558487,0.4577324055306446,0.23089705594837664,0.24217681338309324,0.21684907002758833,0.23596159686498627
R01,03,25,409,18,0.1325390785932541,0.15518349409103394,0.09494996070861816,0.15092740952968597,0,0.745572354211663,0.008514472919596758,0.44452134294945767,0.4666356553684945,0.4157555677359734,0.4541928037166732,0.22651790793452722,0.23757506414404564,0.21213502032778508,0.231353638318135
R01,03,26,409,18,0.13432252407073975,0.15730567276477814,0.09632761776447296,0.15304386615753174,0,0.8,0.009575623847261638,0.4517110294482495,0.47476424932883965,0.4228130302675834,0.4628389748108808,0.23064332664775555,0.24216993658805064,0.2161943270574225,0.23620729932907122
R01,03,27,409,20,0.13968929648399353,0.1620579957962036,0.09532380849123001,0.15105581283569336,0,0.9088552915766741,0.0116979257025914,0.4733463480765809,0.4929671013171217,0.4176707154188425,0.4547173582661004,0.24252213688958613,0.2523325135098565,0.21468432056071696,0.2332076419843459
R01,03,28,409,20,0.14131587743759155,0.16408388316631317,0.09770852327346802,0.15417855978012085,0,1.308855291576674,0.01949654283765233,0.4799036593422793,0.5007268701079172,0.4298871339772178,0.4674744372490587,0.24970010108996582,0.26011170647278475,0.22469183840743506,0.2434854900433555
R01,03,29,409,24,0.1381322294473648,0.1604563146829605,0.09730180352926254,0.15277422964572906,0,1.6,0.025172858117383505,0.46706927148955457,0.486832172347858,0.4278035897864503,0.46173745286915113,0.24612106480346904,0.25600251523262074,0.2264882239519169,0.24345515549326732
R01,03,30,409,24,0.13891944289207458,0.16182807087898254,0.09871478378772736,0.15578465163707733,0,1.145572354211663,0.01631309005465769,0.4702428015730627,0.4920864184997043,0.435042006045156,0.47403566076082687,0.2432779458138602,0.254199754277181,0.22567754804990686,0.24517437540774228
R01,03,31,409,24,0.13775748014450073,0.160324826836586,0.09901917725801468,0.1543073058128357,0,1.0367170626349889,0.014190788199327928,0.4655585272379097,0.48632853364527273,0.43660135312815457,0.4680003919092711,0.23987465771861882,0.25025966092230034,0.22539607066374126,0.24109559005429954
R01,03,32,409,24,0.13627316057682037,0.15924867987632751,0.0976916179060936,0.155054971575737,0,1.0367170626349889,0.014190788199327928,0.45957472089767365,0.4822065613581008,0.4298005311493797,0.4710547640245673,0.2368827545485008,0.24819867477871438,0.22199565967435383,0.24262277611194763
R01,03,33,409,24,0.13425672054290771,0.15708017349243164,0.0953289046883583,0.1519710123538971,0,1.0367170626349889,0.014190788199327928,0.4514457526334551,0.4739005180860673,0.41769682222106425,0.4584561410578744,0.23281827041639153,0.24404565314269763,0.2159438052101961,0.23632346462860118
R01,03,34,409,24,0.13203100860118866,0.15483905375003815,0.09473863989114761,0.1509689837694168,0,1.0367170626349889,0.014190788199327928,0.4424731368178388,0.46531634342263567,0.41467301330407796,0.4543626432423668,0.22833196250858337,0.2397535658109818,0.21443190075170296,0.23427671572084738
R01,03,35,409,24,0.13531480729579926,0.1570362001657486,0.09646843373775482,0.15087293088436127,0,1.0367170626349889,0.014190788199327928,0.45571126685177576,0.47373208678378614,0.42353440243423796,0.4539702469761944,0.23495102752555186,0.24396143749155705,0.21886259531678295,0.2340805175877612
R01,03,36,409,24,0.1405024379491806,0.16284658014774323,0.10077441483736038,0.15738636255264282,0,1.0367170626349889,0.014190788199327928,0.4766244029920053,0.49598762078442843,0.4455930854302259,0.4805789872042962,0.24540759559566663,0.25508920449187816,0.22989193681477693,0.24738488770181208
R01,03,37,409,24,0.13432416319847107,0.1563883125782013,0.09746623784303665,0.15338681638240814,0,1.0367170626349889,0.014190788199327928,0.4517176373399223,0.4712504789925685,0.42864595400433736,0.4642399987118981,0.23295421276962514,0.24272063359594823,0.22141837110183266,0.23921539345561302
R01,03,38,409,24,0.135568767786026,0.15782997012138367,0.09920871257781982,0.15539413690567017,0,1.745572354211663,0.02801101575724909,0.4567350695588728,0.47677246870219214,0.4375723047973358,0.47244032583256446,0.24237304265806092,0.2523917422297206,0.23279166027729242,0.25022567079490676
R01,03,39,409,24,0.13238558173179626,0.15442222356796265,0.09622744470834732,0.15071627497673035,0,2.8,0.04856870952256629,0.44390254393016493,0.46371975622551215,0.4222998636654315,0.453330274598554,0.24623562672636562,0.2561442328740392,0.2354342865939989,0.25094949206056016
R01,03,40,409,31,0.13930124044418335,0.16186653077602386,0.09612848609685898,0.1514659970998764,0,2.8,0.04856870952256629,0.47178195975890086,0.49223373167869033,0.421792918421119,0.4563930473785619,0.26017533464073356,0.2704012206006283,0.23518081397184265,0.2524808784505641
R01,03,41,409,31,0.14183777570724487,0.1642562448978424,0.09782100468873978,0.15451501309871674,0,1.745572354211663,0.02801101575724909,0.4820076120509202,0.5013870683029312,0.4304633538502328,0.4688489199195375,0.25500931390408466,0.26469904203009015,0.22923718480374095,0.24842996783839327
R01,03,42,409,31,0.1387273073196411,0.16092997789382935,0.09508790820837021,0.1501684933900833,0,1.0367170626349889,0.014190788199327928,0.46946823652551767,0.48864644744294844,0.4164622452844183,0.4510924714429904,0.2418295123624228,0.25141861782113817,0.21532651674187311,0.23264162982115918
R01,03,43,409,31,0.13822031021118164,0.16067585349082947,0.0938512533903122,0.1485425978899002,0,1.0367170626349889,0.014190788199327928,0.4674243555593574,0.487673073187068,0.41012710911545047,0.4444503458775853,0.24080757187934268,0.25093193069319797,0.2121589486573892,0.22932056703845663
R01,03,44,409,31,0.13944362103939056,0.16128575801849365,0.0958658903837204,0.15145467221736908,0,1.0367170626349889,0.014190788199327928,0.4723559452583031,0.4900091942315846,0.42044769291774653,0.45634678284826546,0.24327336672881553,0.2520999912154563,0.21731924055853724,0.2352687855237967
R01,03,45,409,31,0.13485723733901978,0.15724048018455505,0.09469861537218094,0.14936186373233795,0,1.0367170626349889,0.014190788199327928,0.45386664385542363,0.4745145417898765,0.41446797567025423,0.44779721939824274,0.2340287160273758,0.24435266499460223,0.2143293819347911,0.23099400379878535
R01,03,46,409,31,0.1343982070684433,0.15664316713809967,0.09351945668458939,0.14801736176013947,0,1.0367170626349889,0.014190788199327928,0.45201613382830846,0.4722266499728853,0.4084273807187506,0.4423046456619409,0.2331034610138182,0.24320871908610664,0.2113090844590393,0.22824771693063442
R01,03,47,409,31,0.134511336684227,0.15699255466461182,0.09505308419466019,0.14933517575263977,0,1.545572354211663,0.024111707189718626,0.45247219849722126,0.4735649111537009,0.4162838488025694,0.4476881933801362,0.23829195284346993,0.24883830917170977,0.220197777996144,0.2358999502849274
R01,03,48,409,31,0.13096049427986145,0.1522923856973648,0.09317409992218018,0.1461193561553955,0,2.4,0.04077009238750536,0.43815752276628933,0.4555618251965894,0.40665818685415067,0.4345508930073993,0.23946380757689734,0.24816595879204736,0.223714139620828,0.23766049269745232
R01,03,49,409,37,0.13404209911823273,0.15614105761051178,0.0962999016046524,0.1503136157989502,0,2.4,0.04077009238750536,0.4505805393265069,0.47030341677679366,0.4226710459046228,0.4516853270489868,0.2456753158570061,0.25553675458214953,0.23172056914606406,0.24622770971824606
R01,03,50,409,37,0.13218025863170624,0.1529836803674698,0.09442970901727676,0.1476573944091797,0,1.6544276457883371,0.026234009045048384,0.4430748153905246,0.45820969540174983,0.41309042200682056,0.44083410321671496,0.2346544122177865,0.2422218522233991,0.21966221552593446,0.23353405613088168
R01,03,51,409,37,0.13319465517997742,0.15483877062797546,0.0965210571885109,0.14982330799102783,0,1.6,0.025172858117383505,0.4471641992598921,0.46531525897846643,0.4238039818846655,0.44968231638467776,0.2361685286886378,0.24524405854792497,0.2244884200010245,0.23742758725103064
R01,03,52,409,41,0.1409500539302826,0.16114844381809235,0.09676586836576462,0.14848622679710388,0,1.6,0.025172858117383505,0.4784288980643803,0.48948323880951716,0.4250581007551383,0.4442200580905965,0.2518008780908819,0.2573280484634503,0.2251154794362609,0.23469645810399
R01,03,53,409,41,0.14048923552036285,0.1599312126636505,0.09616650640964508,0.149241104722023,0,1.854427645788337,0.03013331761257885,0.47657117942816746,0.48482087087002457,0.4219876889061157,0.4473038934067657,0.25335224852037314,0.2574770942413017,0.2260605032593473,0.23871860550967228
R01,03,54,409,41,0.13760915398597717,0.1573011726140976,0.09555978327989578,0.1493595689535141,0,2.8,0.04856870952256629,0.4649605731132577,0.47474701237415007,0.4188795672316617,0.4477878447434195,0.256764641317912,0.2616578609483582,0.233724138377114,0.2481782771329929
R01,03,55,409,48,0.13537640869617462,0.15548616647720337,0.09549795836210251,0.14902953803539276,0,2.8,0.04856870952256629,0.4559596034351906,0.46779498326139024,0.4185628504994448,0.44643959893156937,0.25226415647887845,0.2581818463919783,0.23356578001100556,0.24750415422706784
R01,03,56,409,48,0.1348082721233368,0.154976487159729,0.09528043866157532,0.14915011823177338,0,1.745572354211663,0.02801101575724909,0.4536692481096324,0.46584275545277437,0.4174485404250808,0.4469321944304628,0.24084013193344073,0.24692688560501172,0.22272977809116493,0.23747160509385593
R01,03,57,409,48,0.13546042144298553,0.156547412276268,0.09661116451025009,0.1516602784395218,0,1.0367170626349889,0.014190788199327928,0.4562982879192963,0.4718598795396563,0.42426558373564544,0.4571867275706742,0.2352445380593121,0.24302533386949213,0.2192281859674867,0.23568875788500107
R01,03,58,409,48,0.13530249893665314,0.1552005559206009,0.09574294835329056,0.14980925619602203,0,1.0367170626349889,0.014190788199327928,0.45566164759248673,0.4667010073986917,0.4198178853980657,0.449624911842481,0.23492621789590734,0.24044589779900982,0.21700433679869682,0.23190785002090447
R01,03,59,409,48,0.13373950123786926,0.15287411212921143,0.09462129324674606,0.147306889295578,0,1.0367170626349889,0.014190788199327928,0.4493606624519531,0.4577900155082651,0.4140718698318658,0.4394022160040394,0.23177572532564053,0.23599040185379652,0.21413132901559687,0.22679650210168367
R01,03,60,409,48,0.13450537621974945,0.15507453680038452,0.09387324750423431,0.14852067828178406,0,1.0367170626349889,0.014190788199327928,0.452448169800229,0.4662183155913749,0.4102397805776708,0.4443607996617089,0.23331947899977848,0.24020455189535142,0.21221528438849938,0.22927579393051842
R01,03,61,409,48,0.1343599557876587,0.15454219281673431,0.09536627680063248,0.1481415033340454,0,1.0367170626349889,0.014190788199327928,0.45186192966536076,0.4641792751732132,0.417888272104024,0.4428117901381249,0.23302635893234436,0.2391850316862706,0.21603953015167598,0.22850128916872642
R01,03,62,409,48,0.1343281865119934,0.154347762465477,0.09412792325019836,0.1481880098581314,0,1.0367170626349889,0.014190788199327928,0.45173385671039207,0.4634345474090096,0.4115444336676489,0.44300177908425026,0.23296232245486,0.23881266780416877,0.21286761093348844,0.2285962836417891
R01,03,63,409,48,0.13859859108924866,0.1599816530942917,0.09707335382699966,0.15365365147590637,0,1.0367170626349889,0.014190788199327928,0.46894933681397016,0.4850140731601709,0.4266332874915316,0.46533007626981754,0.24157006250664906,0.24960243067974944,0.2204120378454298,0.23976043223457275
R01,03,64,409,48,0.13501158356666565,0.15520934760570526,0.09600680321455002,0.14979776740074158,0,1.0367170626349889,0.014190788199327928,0.4544888669640378,0.46673468224394615,0.42116956126631466,0.44957797769398283,0.23433982758168287,0.24046273522163705,0.2176801747328213,0.2318843829466554
R01,03,65,409,48,0.13422080874443054,0.15452919900417328,0.09590177237987518,0.14966849982738495,1,1.0367170626349889,0.014190788199327928,0.4513009797340768,0.4641295048934473,0.4206315092328051,0.4490498924304015,0.23274588396670237,0.23916014654638762,0.21741114871606654,0.23162034031486473
R01,03,66,409,48,0.1398780792951584,0.1599166840314865,0.09792935848236084,0.15379108488559723,1,1.0367170626349889,0.014190788199327928,0.4741073969820677,0.4847652217613414,0.4310184287401618,0.46589152069471795,0.24414909259069784,0.24947800498033468,0.22260460846974486,0.24004115444702295
R01,03,67,409,48,0.1331336796283722,0.1536390781402588,0.09472635388374329,0.149002805352211,1,1.0367170626349889,0.014190788199327928,0.44691838568966147,0.46072006950145605,0.4146100745367333,0.4463303902903169,0.2305545869444947,0.237455428850392,0.21440043136803064,0.23026058924482243
R01,03,68,409,48,0.13576053082942963,0.1561838984489441,0.09612322598695755,0.1515977829694748,1,1.0367170626349889,0.014190788199327928,0.45750813281285574,0.470467510302398,0.4217659719264281,0.456931420412696,0.23584946050609185,0.24232914925086296,0.21797838006287804,0.235561104306012
R01,03,69,409,48,0.1352996528148651,0.15534505248069763,0.09586964547634125,0.15096516907215118,1,1.0367170626349889,0.014190788199327928,0.45565017388967294,0.4672544734570518,0.4204669295088573,0.45434705940058273,0.23492048104450045,0.24072263082818987,0.21732885885409262,0.23426892379995534
R01,03,70,409,48,0.13606293499469757,0.15619777143001556,0.09714662283658981,0.1526525467634201,1,1.0367170626349889,0.014190788199327928,0.45872722875475724,0.4705206480666893,0.42700863002522904,0.46124035266599206,0.2364590084770426,0.24235571813300863,0.2205997091122785,0.23771557043266
R01,03,71,409,48,0.13584667444229126,0.15628008544445038,0.0986974835395813,0.15298178791999817,1,2.345572354211663,0.03970894145984048,0.45785540755613613,0.47083593593988526,0.4349533803218242,0.4625853721355978,0.2487821745079883,0.2552724386998629,0.23733116089083234,0.25114715679771915
R01,03,72,409,48,0.13593171536922455,0.156746968626976,0.0958700105547905,0.1510607898235321,1,4.0,0.0719645609277491,0.45819823699047296,0.4726242414509235,0.42046879973299306,0.45473769030967803,0.26508139895911104,0.2722944011893363,0.24621668033037108,0.26335112561871354
R01,03,73,409,58,0.13737788796424866,0.15790565311908722,0.09677879512310028,0.15189442038536072,1,4.0,0.0719645609277491,0.46402825966995864,0.47706235775142497,0.4251243219566804,0.4581432467345536,0.26799641029885385,0.27451345933958704,0.24854444144221474,0.26505390383115135
R01,03,74,409,58,0.13195163011550903,0.15223945677280426,0.09416139870882034,0.14890962839126587,1,2.345572354211663,0.03970894145984048,0.4421531346456446,0.4553590912129558,0.4117159217705473,0.44594974277986454,0.24093103805274255,0.24753401633639815,0.2257124316151939,0.24282934211985252
R01,03,75,409,58,0.1349542886018753,0.15512238442897797,0.0964060127735138,0.15189050137996674,1,1.0367170626349889,0.014190788199327928,0.45425789111419984,0.4664015866559716,0.42321463227486056,0.4581272367720957,0.2342243396567639,0.24029618742764977,0.21870271023709426,0.23615901248571183
R01,03,76,409,58,0.13560596108436584,0.1549467295408249,0.09888505190610886,0.15306228399276733,1,1.0367170626349889,0.014190788199327928,0.4568850086281044,0.46572877466298934,0.43591425568137593,0.4629142155469945,0.23553789841371617,0.23995978143115865,0.22505252194035194,0.23855250187316124
R01,03,77,409,58,0.13090284168720245,0.15124092996120453,0.09568533301353455,0.15082935988903046,1,1.0367170626349889,0.014190788199327928,0.43792510519463185,0.4515344278561744,0.41952273349516944,0.453792250283317,0.2260579466969799,0.2328626080277512,0.2168567608472487,0.23399151924132247
R01,03,78,409,58,0.1295192837715149,0.1497596651315689,0.09530474245548248,0.15163974463939667,1,1.0367170626349889,0.014190788199327928,0.4323475039770497,0.44586073011487903,0.4175730439175478,0.4571028426723208,0.22326914608818882,0.2300257591571035,0.21588191605843787,0.23564681543582439
R01,03,79,409,58,0.12698669731616974,0.147202268242836,0.09401112794876099,0.14925330877304077,1,1.0367170626349889,0.014190788199327928,0.42213777069678776,0.4360651171624206,0.4109461146155602,0.4473537495255983,0.21816427944805786,0.22512795268087427,0.21256845140744407,0.23077226886246313
R01,03,80,409,58,0.12832455337047577,0.14823216199874878,0.0947774350643158,0.1507774144411087,1,1.0367170626349889,0.014190788199327928,0.4275311318801819,0.4400099255179487,0.41487175324438325,0.4535800421877729,0.22086096003975492,0.22710035685863833,0.2145312707218556,0.23388541519355044
R01,03,81,409,58,0.1269400417804718,0.14734426140785217,0.09486104547977448,0.15113122761249542,1,1.0367170626349889,0.014190788199327928,0.42194968607108096,0.4366089944512844,0.41530007273931435,0.45502544351324564,0.21807023713520446,0.2253998913253062,0.21474543046932115,0.2346081158562868
R01,03,82,409,58,0.12428650259971619,0.14403431117534637,0.09268222749233246,0.14686991274356842,1,1.0367170626349889,0.014190788199327928,0.4112523504571039,0.4239308718210536,0.4041384224256744,0.4376170747527975,0.21272156932821593,0.21906083001019078,0.20916460531250117,0.22590393147606272
R01,03,83,409,58,0.1266762614250183,0.14618411660194397,0.09377030283212662,0.14956063032150269,1,1.0367170626349889,0.014190788199327928,0.4208862960856892,0.4321652847019102,0.4097124155392229,0.44860922277932763,0.2175385421425086,0.22317803645061907,0.21195160186927542,0.2314000054893278
R01,03,84,409,58,0.12756210565567017,0.14747627079486847,0.09513098746538162,0.1508001834154129,1,1.0367170626349889,0.014190788199327928,0.4244574410326765,0.4371146308141814,0.4166829317324393,0.45367305824342163,0.21932411461600224,0.22565270950675467,0.21543685996588363,0.2339319232213748
R01,03,85,409,58,0.12981346249580383,0.14955227077007294,0.09694235771894455,0.1524306684732437,1,1.0367170626349889,0.014190788199327928,0.4335334403171019,0.44506634622292734,0.42596222053734534,0.46033393311847315,0.22386211425821492,0.22962856721112765,0.22007650436833665,0.23726236065890055
R01,03,86,409,58,0.1299675852060318,0.1504627764225006,0.09748237580060959,0.15355342626571655,1,0.745572354211663,0.008514472919596758,0.43415476234957884,0.4485538615951018,0.42872862554470637,0.46492063517669385,0.2213346176345878,0.2285341672573493,0.21862154923215157,0.23671755404814532
R01,03,87,409,58,0.12560302019119263,0.14538711309432983,0.0946245938539505,0.14899487793445587,1,0.8,0.009575623847261638,0.4165596889052658,0.4291125172895716,0.41408877818476675,0.4462980051191094,0.2130676563762637,0.21934407056841662,0.2118322010160142,0.2279368144831855
R01,03,88,409,60,0.14732010662555695,0.16824141144752502,0.09442266821861267,0.14786218106746674,1,0.8,0.009575623847261638,0.5041087870421888,0.5166514761247131,0.4130543533984878,0.44167069984811536,0.2568422054447252,0.26311354998598735,0.2113149886228747,0.2256231618476885
R01,03,89,409,60,0.14782047271728516,0.16815608739852905,0.09414780884981155,0.1488206535577774,1,0.745572354211663,0.008514472919596758,0.5061259360829451,0.5163246588977182,0.4116463036312892,0.44558626184512745,0.2573202045012709,0.26241956590865745,0.21008038827544298,0.22705036738236212
R01,03,90,409,60,0.1463022381067276,0.16718144714832306,0.09527737647294998,0.1497422754764557,1,1.0367170626349889,0.014190788199327928,0.5000054064568232,0.5125914883832129,0.417432853443044,0.44935128149553016,0.2570980973280756,0.2633911382912704,0.21581182082118597,0.23177103484742906
R01,03,91,409,60,0.14532530307769775,0.1661653369665146,0.09390577673912048,0.14658106863498688,1,1.545572354211663,0.024111707189718626,0.496067042948052,0.5086994753359226,0.410406421364952,0.4364370857327098,0.2600893750688853,0.26640559126282065,0.2172590642773353,0.2302743964612142
R01,03,92,409,60,0.14470157027244568,0.16593442857265472,0.09518758952617645,0.14958356320858002,1,2.4,0.04077009238750536,0.49355255995129865,0.5078150255019175,0.41697289280916283,0.448702908453178,0.267161326169402,0.27429255894471144,0.2288714925983341,0.24473650042034167
R01,03,93,409,66,0.14129556715488434,0.1616739183664322,0.09461965411901474,0.1480705440044403,1,2.4,0.04077009238750536,0.4798217815572782,0.4914959671875732,0.4140634729071746,0.4425219063311884,0.2602959369723918,0.2661330297875393,0.22741678264733997,0.24164599935934686
R01,03,94,409,66,0.14241115748882294,0.16326414048671722,0.09583235532045364,0.14968998730182648,1,1.545572354211663,0.024111707189718626,0.48431911262983157,0.49758700470598827,0.4202758994721321,0.44913767328920084,0.2542154099097751,0.26084935594785347,0.22219380333092537,0.23662469023945973
R01,03,95,409,66,0.14196765422821045,0.16263149678707123,0.09733665734529495,0.15112818777561188,1,1.0367170626349889,0.014190788199327928,0.4825311973583812,0.4951637856718813,0.42798213893965714,0.45501302513932396,0.24836099277885457,0.2546772869356046,0.22108646356949255,0.23460190666932595
R01,03,96,409,66,0.14122998714447021,0.1618039608001709,0.09499338269233704,0.14938412606716156,1,1.0367170626349889,0.014190788199327928,0.47955740581862105,0.49199406951729463,0.4159780099046116,0.4478881657249045,0.2468740970089745,0.2530924288583113,0.21508439905196977,0.2310394769621162
R01,03,97,409,66,0.14429230988025665,0.16539907455444336,0.09777497500181198,0.15327847003936768,1,1.0367170626349889,0.014190788199327928,0.4919026895440687,0.5057644557299569,0.43022755293776765,0.46379738108060126,0.2530467388716983,0.2599776219646424,0.2222091705685478,0.2389940846399646
R01,03,98,409,66,0.14067211747169495,0.16137193143367767,0.09601908177137375,0.15046925842761993,1,1.0367170626349889,0.014190788199327928,0.477308439923632,0.4903392647910872,0.42123246186581975,0.45232115996865335,0.24574961406147997,0.25226502649520754,0.21771162503257385,0.23325597408399065
R01,03,99,409,66,0.14096441864967346,0.16170844435691833,0.0964047834277153,0.15143819153308868,1,1.0367170626349889,0.014190788199327928,0.4784868072241316,0.4916282123002081,0.42320833458134216,0.45627945578180773,0.24633879771172978,0.252909500249768,0.21869956139033506,0.23523512199056784
R01,03,100,409,66,0.14013968408107758,0.16199897229671478,0.09576646983623505,0.1524060219526291,1,1.0367170626349889,0.014190788199327928,0.47516201649305734,0.49274102324584557,0.4199383812673847,0.4602332468906964,0.24467640234619265,0.25346590572258676,0.21706458473335632,0.23721201754501217
R01,03,101,409,66,0.14019545912742615,0.1609012931585312,0.0970928743481636,0.15301765501499176,1,1.0367170626349889,0.014190788199327928,0.47538686502516225,0.48853657612580464,0.42673328723103615,0.46273189677299725,0.2447888266122451,0.25136368216256627,0.22046203771518205,0.2384613424861626
R01,03,102,409,66,0.1396552175283432,0.16088274121284485,0.0970427468419075,0.15126639604568481,1,1.0367170626349889,0.014190788199327928,0.47320896400152773,0.48846551649471687,0.4264764940068429,0.45557763503208676,0.24369987610042784,0.2513281523470224,0.22033364110308543,0.23488421161570736
R01,03,103,409,66,0.13652339577674866,0.15727077424526215,0.09598191827535629,0.150987908244133,1,0.745572354211663,0.008514472919596758,0.4605835056691506,0.4746305773159821,0.42104208068236615,0.4544399537074675,0.23454898929437368,0.24157252511778946,0.21477827680098147,0.23147721331353213
R01,03,104,409,66,0.1340375393629074,0.1551503837108612,0.09437677264213562,0.14958390593528748,1,0.8,0.009575623847261638,0.4505621573733078,0.46650883247670566,0.41281923950713373,0.44870430856396326,0.2300688906102847,0.23804222816198364,0.21119743167719768,0.22913996620561244
R01,03,105,409,68,0.1346716731786728,0.15553104877471924,0.09626030176877975,0.15232796967029572,1,0.8,0.009575623847261638,0.4531185704463126,0.46796689620021464,0.4224681838376509,0.45991438687794256,0.2313470971467871,0.23877126002373814,0.21602190384245626,0.2347450053626021
R01,03,106,409,68,0.13485710322856903,0.15539823472499847,0.09556833654642105,0.15065011382102966,1,0.745572354211663,0.008514472919596758,0.45386610320974136,0.46745817773283677,0.41892338391141404,0.4530599923426115,0.23119028806466907,0.23798632532621677,0.2137189284155054,0.23078723263110415
R01,03,107,409,68,0.13208305835723877,0.1527983397245407,0.09692652523517609,0.15243768692016602,1,1.0367170626349889,0.014190788199327928,0.44268296741432356,0.4574997840029788,0.4258811138783961,0.46036260495238057,0.22843687780682576,0.23584528610115338,0.22003595103886203,0.23727669657585426
R01,03,108,409,68,0.12779368460178375,0.1482863426208496,0.09415560960769653,0.1481814831495285,1,1.0367170626349889,0.014190788199327928,0.4253910159825677,0.44021745388633043,0.4116862653592515,0.4429751161049478,0.21979090209094782,0.2272041210428292,0.21293852677928973,0.22858295215213786
R01,03,109,409,68,0.12883254885673523,0.14895540475845337,0.0948384553194046,0.14896003901958466,1,1.0367170626349889,0.014190788199327928,0.42957903765308836,0.4427801666862033,0.4151843478499336,0.4461556808140658,0.22188491292620816,0.22848547744276562,0.21468756802463076,0.23017323450669688
R01,03,110,409,68,0.12750376760959625,0.14798356592655182,0.09354410320520401,0.14776530861854553,1,1.0367170626349889,0.014190788199327928,0.4242222601608649,0.43905772646137237,0.4085536399318349,0.4412749554909347,0.21920652418009642,0.22662425733035016,0.21137221406558143,0.22773287184513133
R01,03,111,409,68,0.13153494894504547,0.15179575979709625,0.09693120419979095,0.15160204470157623,1,1.436717062634989,0.021989405334388864,0.44047334851065933,0.4536595959717751,0.4259050832816056,0.4569488304859392,0.2312313769225241,0.23782450065308197,0.22394724430799723,0.23946911791016404
R01,03,112,409,68,0.13076740503311157,0.1510094553232193,0.09659499675035477,0.1518719345331192,1,1.836717062634989,0.029788022469449792,0.4373791131272256,0.4506478091338309,0.42418275952391843,0.4580513872921623,0.2335835677983377,0.24021791580164034,0.2269853909966841,0.24391970488080605
R01,03,113,409,66,0.12796124815940857,0.14771978557109833,0.09559597074985504,0.14917077124118805,1,1.836717062634989,0.029788022469449792,0.4260665227267621,0.4380473669517209,0.41906494842814007,0.4470165663238719,0.22792727259810594,0.23391769471058535,0.22442648544879493,0.23840229439666083
R01,03,114,409,66,0.12865163385868073,0.14910386502742767,0.09549838304519653,0.14947639405727386,1,1.436717062634989,0.021989405334388864,0.4288497066276312,0.4433488149629323,0.4185650260662966,0.44826509989805674,0.22541955598101004,0.2326691101486606,0.22027721570034273,0.2351272526162228
R01,03,115,409,66,0.1250820904970169,0.1447993367910385,0.09371647238731384,0.1465863287448883,1,1.0367170626349889,0.014190788199327928,0.4144596408598861,0.4268611541182802,0.4094366528987954,0.43645857438954483,0.21432521452960704,0.22052597115880407,0.21181372054906167,0.2253246812944364
R01,03,116,409,66,0.12856125831604004,0.1486915946006775,0.09481636434793472,0.15076453983783722,1,1.0367170626349889,0.014190788199327928,0.42848537150948635,0.44176969302453406,0.41507118020579964,0.4535274467217517,0.22133807985440715,0.227980240611931,0.2146309842025638,0.23385911746053983
R01,03,117,409,66,0.12400523573160172,0.14534252882003784,0.0929609015583992,0.14810310304164886,1,1.0367170626349889,0.014190788199327928,0.4101184662819112,0.4289417458709253,0.40556601412669985,0.44265491685579067,0.21215462724061956,0.22156626703512664,0.2098784011630139,0.2284228525275593
R01,03,118,409,66,0.12689004838466644,0.14778099954128265,0.09586438536643982,0.15145231783390045,1,0.745572354211663,0.008514472919596758,0.4217481453750585,0.43828183519630615,0.4204399830141664,0.45633716469591434,0.21513130914732764,0.22339815405795146,0.2144772279668816,0.23242581880775556
R01,03,119,409,66,0.1257532685995102,0.14652320742607117,0.09408020228147507,0.14942216873168945,1,0.8,0.009575623847261638,0.4171653922846978,0.4334641063605718,0.411299968655616,0.4480435780220714,0.2133705080659797,0.22151986510391672,0.21043779625143882,0.2288096009346665
R01,03,120,409,68,0.12504655122756958,0.14551883935928345,0.09337449073791504,0.14841637015342712,1,0.8,0.009575623847261638,0.4143163697540699,0.4296170692082994,0.40768474906549146,0.44393467898792566,0.21194599680066575,0.2195963465277805,0.20863018645637654,0.22675515141759364
R01,03,121,409,68,0.12581795454025269,0.1465027630329132,0.0944216400384903,0.14954356849193573,1,0.745572354211663,0.008514472919596758,0.4174261637188061,0.433385798076353,0.41304908623663605,0.44853952161197314,0.21297031831920143,0.2209501354979749,0.21078177957811642,0.22852699726578496
R01,03,122,409,68,0.12731489539146423,0.1479247510433197,0.09581133723258972,0.15169432759284973,1,1.0367170626349889,0.014190788199327928,0.4234608508249232,0.43883244745422095,0.42016822799688697,0.4573258255334734,0.21882581951212557,0.22651161782677445,0.21717950809810746,0.23575830686640067
R01,03,123,409,68,0.1285477727651596,0.14947625994682312,0.0974145233631134,0.15362584590911865,1,1.0367170626349889,0.014190788199327928,0.4284310065825414,0.4447752015014986,0.4283810310303295,0.4652164846730633,0.22131089739093468,0.22948299485041326,0.22128590961482872,0.23970363643619563
R01,03,124,409,68,0.12476620823144913,0.14422914385795593,0.09443088620901108,0.14836224913597107,1,1.745572354211663,0.02801101575724909,0.4131862100269109,0.4246771406374976,0.4130964525254624,0.4437135832326141,0.22059861289208,0.22634407819737334,0.22055373414135573,0.2358622994949316
R01,03,125,409,68,0.1273985505104065,0.1477205753326416,0.09764255583286285,0.15212881565093994,1,2.8,0.04856870952256629,0.4237980935872093,0.4380503919801929,0.4295491959262358,0.4591008007629265,0.23618340155488782,0.2433095507513796,0.23905895272440106,0.2538347551427464
R01,03,126,409,75,0.14693701267242432,0.16770680248737335,0.09907620400190353,0.15450790524482727,1,2.8,0.04856870952256629,0.5025644026147548,0.5146037601531978,0.43689348977172987,0.46881988283933823,0.27556655606866054,0.28158623483788203,0.2427310996471481,0.25869429618095224
R01,03,127,409,75,0.1457395851612091,0.16721989214420319,0.09867765754461288,0.15429569780826569,1,1.745572354211663,0.02801101575724909,0.4977371575324979,0.51273874448619,0.4348518157008999,0.46795297076571724,0.2628740866448735,0.2703748801217195,0.2314314157290745,0.24798199326148315
R01,03,128,409,75,0.1433333158493042,0.16393788158893585,0.09510534256696701,0.15081465244293213,1,2.436717062634989,0.04148594817204119,0.48803665241324407,0.5001676393726576,0.41655155802886124,0.45373216726831356,0.2647613002926426,0.2708267937723494,0.22901875310045122,0.24760905772017738
R01,03,129,409,75,0.14444708824157715,0.163945734500885,0.09720571339130402,0.15169793367385864,1,3.836717062634989,0.06878110814475445,0.4925266547332148,0.500197718429351,0.4273113391603474,0.4573405571339099,0.2806538814389846,0.28448941328705274,0.24804622365255094,0.26306083263933216
R01,03,130,409,68,0.12578614056110382,0.14629513025283813,0.09512728452682495,0.14923307299613953,1,3.836717062634989,0.06878110814475445,0.41729791054861,0.4325905009682588,0.41666396231620506,0.44727108211488437,0.24303950934668223,0.25068580455650663,0.24272253523047976,0.2580260951298194
R01,03,131,409,68,0.12827958166599274,0.14912165701389313,0.09657631814479828,0.1524079591035843,1,2.436717062634989,0.04148594817204119,0.4273498353613754,0.44341696371756595,0.42408707275027807,0.46024116056035236,0.2344178917667083,0.24245145594480358,0.23278651046115964,0.2508635543661968
R01,03,132,409,68,0.12784944474697113,0.14840108156204224,0.09714735299348831,0.15256744623184204,1,1.0367170626349889,0.014190788199327928,0.4256158044429301,0.4406569391549055,0.4270123704735006,0.4608926990705669,0.21990329632112904,0.22742386367711673,0.22060157933641428,0.23754174363494743
R01,03,133,409,68,0.12892422080039978,0.14973996579647064,0.09796856343746185,0.15376578271389008,1,1.0367170626349889,0.014190788199327928,0.42994859901282906,0.4457852756311055,0.4312192679116399,0.46578815599413453,0.2220696936060785,0.22998803191521672,0.22270502805548392,0.23998947209673124
R01,03,134,409,68,0.13348762691020966,0.15458041429519653,0.10123959183692932,0.15720213949680328,1,1.0367170626349889,0.014190788199327928,0.44834526978880335,0.4643256751360567,0.44797609448975384,0.4798263972200131,0.23126802899406565,0.23925823166769233,0.2310834413445409,0.24700859270967052
R01,03,135,409,68,0.13099583983421326,0.1515277773141861,0.09780682623386383,0.15394364297389984,1,1.0367170626349889,0.014190788199327928,0.4383000129394533,0.45263314102761215,0.4303907204516538,0.4665147526173169,0.22624540056939063,0.23341196461347005,0.22229075432549086,0.24035277040832242
R01,03,136,409,68,0.12782110273838043,0.14825187623500824,0.09759677201509476,0.15236537158489227,1,1.0367170626349889,0.014190788199327928,0.42550154798873197,0.4400854370777312,0.4293146545524743,0.46006718157668486,0.21984616809402996,0.22713811263852957,0.22175272137590113,0.2371289848880064
R01,03,137,409,68,0.13233740627765656,0.15373611450195312,0.10066862404346466,0.15688848495483398,1,1.0367170626349889,0.014190788199327928,0.4437083319867251,0.46109174847145096,0.44505114027708687,0.4785450523539469,0.22894956009302653,0.23764126833538946,0.2296209642382074,0.24636792027663743
R01,03,138,409,68,0.12730111181735992,0.1487095057964325,0.09776788204908371,0.15335240960121155,1,1.0367170626349889,0.014190788199327928,0.42340528446312864,0.44183829838723887,0.4301912171545584,0.4640994397639316,0.2187980363312283,0.2280145432932834,0.22219100267694317,0.23914511398162977
R01,03,139,409,68,0.12578363716602325,0.14671525359153748,0.09651637822389603,0.15155082941055298,1,1.0367170626349889,0.014190788199327928,0.41728781849587326,0.4341997019633505,0.423780012481456,0.45673960523511165,0.2157393033476006,0.22419524508133923,0.218985400340392,0.2354651967172198
R01,03,140,409,68,0.13311275839805603,0.1549353301525116,0.10062621533870697,0.15713728964328766,1,1.0367170626349889,0.014190788199327928,0.44683404496321866,0.46568511151617636,0.4448338889346214,0.47956147190968385,0.2305124165812733,0.23993794985775216,0.22951233856697467,0.2468761300545059
R01,03,141,409,68,0.13036763668060303,0.1504954993724823,0.09863506257534027,0.15392626821994781,1,1.0367170626349889,0.014190788199327928,0.43576750841995576,0.44867920051065907,0.43463361016244684,0.466443773087941,0.22497914830964186,0.2314349943549935,0.2244121991808874,0.24031728064363447
R01,03,142,409,68,0.12754753232002258,0.14773254096508026,0.09699545800685883,0.15212926268577576,1,1.0367170626349889,0.014190788199327928,0.4243986908685305,0.4380962240153443,0.4262342427295013,0.45910262699438553,0.21929473953392922,0.22614350610733613,0.22021251546441462,0.23664670759685674
R01,03,143,409,68,0.12874001264572144,0.14926862716674805,0.09660378098487854,0.1530865877866745,1,1.0367170626349889,0.014190788199327928,0.4292059921322837,0.4439799043934044,0.42422775940669544,0.463013501663986,0.22169839016580584,0.22908534629636618,0.2192092738030117,0.238602144931657
R01,03,144,409,68,0.13079401850700378,0.15172429382801056,0.09700309485197067,0.15367919206619263,1,1.0367170626349889,0.014190788199327928,0.43748640125929594,0.4533858594330626,0.42627336476499444,0.46543441496051247,0.22583859472931195,0.23378832381619527,0.2202320764821612,0.2398126015799202
R01,03,145,409,68,0.12598399817943573,0.14610809087753296,0.09511274099349976,0.14991071820259094,1,1.0367170626349889,0.014190788199327928,0.41809554314526753,0.43187408290447254,0.41658945869349023,0.4500394055093081,0.21614316567229774,0.22303243555190025,0.2153901234464091,0.23211509685431803
R01,03,146,409,68,0.12635692954063416,0.14710336923599243,0.09669226408004761,0.15157702565193176,1,1.0367170626349889,0.014190788199327928,0.4195989586443297,0.4356863036913124,0.42468104066866313,0.4568466223986132,0.21689487342182884,0.22493854594532017,0.21943591443399554,0.23551870529897057
R01,03,147,409,68,0.1257959008216858,0.14648745954036713,0.09598380327224731,0.15046553313732147,1,1.0367170626349889,0.014190788199327928,0.4173372575399348,0.4333271810152067,0.42105173714576105,0.4523059413731611,0.21576402286963137,0.2237589846072673,0.2176212626725445,0.23324836478624453
R01,03,148,409,68,0.1295432448387146,0.15079434216022491,0.09686011075973511,0.1524176001548767,1,1.0367170626349889,0.014190788199327928,0.43244409933895855,0.449823859869266,0.4255408857570438,0.4602805462854863,0.22331744376914325,0.23200732403429697,0.21986583697818587,0.23723566724240713
R01,03,149,409,68,0.12748974561691284,0.14843732118606567,0.09734172374010086,0.15263286232948303,1,1.0367170626349889,0.014190788199327928,0.4241657326511907,0.4407957480085645,0.4280080930705209,0.4611599376074109,0.2191782604252593,0.22749326810394624,0.22109944063492443,0.23767536290336944
R01,03,150,409,68,0.12641188502311707,0.14752040803432465,0.09587819874286652,0.15186530351638794,1,1.0367170626349889,0.014190788199327928,0.4198205032305982,0.43728368995256056,0.4205107461886096,0.4580242981921861,0.21700564571496309,0.22573723907594426,0.21735076719396879,0.23610754319575702
R01,03,151,409,68,0.1273932009935379,0.14829197525978088,0.09652827680110931,0.15293507277965546,1,1.0367170626349889,0.014190788199327928,0.4237765278316588,0.4402390286176968,0.4238409665211464,0.4623945309481249,0.21898365801549338,0.22721490840851238,0.21901587736023717,0.23829265957372642
R01,03,152,409,68,0.12715649604797363,0.14760039746761322,0.09680380672216415,0.15181909501552582,1,1.0367170626349889,0.014190788199327928,0.4228222882023543,0.4375900739683672,0.4252524513939005,0.4578355267337001,0.21850653820084112,0.22589043108384757,0.21972161979661423,0.23601315746651402
R01,03,153,409,68,0.12501710653305054,0.1454165130853653,0.09465231746435165,0.1493978649377823,1,1.0367170626349889,0.014190788199327928,0.4141976679909282,0.42922512825514286,0.41423080071556684,0.4479442919050799,0.2141942280951281,0.2217079582272354,0.2142107944574474,0.23106754005220392
R01,03,154,409,68,0.12796983122825623,0.14831551909446716,0.0959431454539299,0.1503533273935318,1,1.0367170626349889,0.014190788199327928,0.42610112405043093,0.44032920871176806,0.42084345524557937,0.45184755727693426,0.22014595612487944,0.227259998455548,0.21751712172245366,0.2330191727381311
R01,03,155,409,68,0.12778520584106445,0.14808210730552673,0.09716165065765381,0.153112530708313,1,1.0367170626349889,0.014190788199327928,0.4253568351610962,0.43943517010826677,0.4270856145575117,0.46311948396299407,0.21977381168021207,0.22681297915379736,0.22063820137841983,0.238655136081161
R01,03,156,409,68,0.12793977558612823,0.14822185039520264,0.09648013114929199,0.15174856781959534,1,1.0367170626349889,0.014190788199327928,0.42597995934584754,0.4399704289197859,0.4235943259422616,0.45754740828384066,0.22008537377258774,0.22708060855955692,0.21889255707079477,0.2358690982415843
R01,03,157,409,68,0.12657567858695984,0.14704680442810059,0.096379354596138,0.15154875814914703,1,1.0367170626349889,0.014190788199327928,0.4204808118239451,0.43546964316150577,0.4230780677451098,0.4567311436960179,0.21733580001163652,0.22483021568041686,0.21863442797221888,0.23546096594767293
R01,03,158,409,68,0.12803377211093903,0.149068683385849,0.09669888019561768,0.15282565355300903,1,1.0367170626349889,0.014190788199327928,0.42635889189741527,0.4432140585059056,0.42471493371014407,0.4619475303613263,0.2202748400483716,0.22870242335261678,0.219452860954736,0.23806915928032713
R01,03,159,409,68,0.12730704247951508,0.1480528712272644,0.09464720636606216,0.15014725923538208,1,1.0367170626349889,0.014190788199327928,0.4234291930166359,0.43932318697879347,0.414204617577666,0.4510057254486845,0.21880999060798192,0.2267569875890607,0.214197702888497,0.23259825682400623
R01,03,160,409,68,0.12629739940166473,0.14683423936367035,0.0942690446972847,0.14876438677310944,1,1.0367170626349889,0.014190788199327928,0.4193589720331197,0.43465545389446375,0.4122673707157232,0.4453564001788124,0.21677488011622384,0.22442312104689585,0.2132290794575256,0.22977359418907017
R01,03,161,409,68,0.12610439956188202,0.14671151340007782,0.09573275595903397,0.151150181889534,1,1.0367170626349889,0.014190788199327928,0.41858092282451087,0.43418537588511513,0.4197656717936221,0.4551028757271102,0.2163858555119194,0.22418808204222154,0.21697822999647504,0.2346468319632191
R01,03,162,409,68,0.12575899064540863,0.1459367722272873,0.09534288197755814,0.14989598095417023,1,1.0367170626349889,0.014190788199327928,0.4171884598338103,0.43121788003008193,0.4177684250879766,0.4499792007455407,0.21568962401656913,0.22270433411470494,0.2159796066436523,0.23208499447243433
R01,03,163,409,68,0.1264197677373886,0.1478012204170227,0.09661471843719482,0.15236550569534302,1,1.0367170626349889,0.014190788199327928,0.4198522811823705,0.4383592873403914,0.42428378979508957,0.46006772944612256,0.21702153469084923,0.2262750377698597,0.21923728899720876,0.23712925882272526
R01,03,164,409,68,0.1251305639743805,0.1458989381790161,0.09552138298749924,0.1507018506526947,1,1.0367170626349889,0.014190788199327928,0.41465505423817556,0.43107296404346995,0.4186828501868502,0.453271348196808,0.21442292121875176,0.22263187612139895,0.21643681919308908,0.23373106819806796
R01,03,165,409,68,0.12357975542545319,0.14415284991264343,0.09470613300800323,0.14891000092029572,1,1.0367170626349889,0.014190788199327928,0.40840320778299105,0.42438491147189966,0.4145064870203153,0.4459512646394138,0.2112969979911595,0.2192878498356138,0.21434863760982162,0.23007102641937088
R01,03,166,409,68,0.12749777734279633,0.14837035536766052,0.09636125713586807,0.15235017240047455,1,1.0367170626349889,0.014190788199327928,0.4241981113203877,0.4405392484245416,0.42298535806295084,0.46000508970707643,0.21919444975985783,0.22736501831193479,0.2185880731311394,0.2370979389532022
R01,03,167,409,68,0.1287156343460083,0.14922204613685608,0.09833665937185287,0.153645321726799,1,1.0367170626349889,0.014190788199327928,0.4291077147615855,0.44380148478956466,0.43310495002241073,0.46529604749029685,0.22164925148045672,0.2289961364944463,0.22364786911086934,0.2397434178448124
R01,03,168,409,68,0.12528271973133087,0.1458725482225418,0.09559717774391174,0.15000642836093903,1,1.0367170626349889,0.014190788199327928,0.41526844680064506,0.43097188243169765,0.41907113161813997,0.4504304016646952,0.2147296174999865,0.2225813353155128,0.21663095990873396,0.2323105949320116
R01,03,169,409,68,0.12621352076530457,0.14712736010551453,0.09660517424345016,0.15183281898498535,1,1.0367170626349889,0.014190788199327928,0.4190208281946964,0.4357781960656508,0.42423489679268295,0.4578915920394936,0.21660580819701217,0.2249844921324894,0.21921284249600545,0.23604119011941077
R01,03,170,409,68,0.1253945678472519,0.14583876729011536,0.09585477411746979,0.15019221603870392,1,1.0367170626349889,0.014190788199327928,0.41571934529970456,0.4308424911195081,0.4203907465012042,0.4511893834590851,0.21495506674951625,0.22251663965941804,0.2172907673502661,0.23269008582920653
R01,03,171,409,68,0.1254567801952362,0.1459721475839615,0.09531394392251968,0.15060192346572876,1,1.0367170626349889,0.014190788199327928,0.41597014482456107,0.4313533784752244,0.41762018119933714,0.45286312459132366,0.2150804665119445,0.2227720833372762,0.21590548469933254,0.2335269563953258
R01,03,172,409,68,0.12771748006343842,0.14856360852718353,0.09798165410757065,0.15283745527267456,1,1.0367170626349889,0.014190788199327928,0.4250838090915218,0.44127946718404165,0.4312863288056511,0.46199574287184575,0.2196372986454249,0.2277351276916848,0.22273855850248953,0.23809326553558685
R01,03,173,409,68,0.12564490735530853,0.1462012678384781,0.09540074318647385,0.15049245953559875,1,1.0367170626349889,0.014190788199327928,0.41672855057337876,0.43223097918816084,0.4180648365295766,0.45241594138137914,0.21545966938635336,0.2232108836937444,0.21612781236445228,0.23330336479035355
R01,03,174,409,68,0.12497633695602417,0.14575041830539703,0.09556857496500015,0.15010127425193787,1,1.0367170626349889,0.014190788199327928,0.41403331170350127,0.4305040874627053,0.4189246052822782,0.4508178671059281,0.2141120499514146,0.22234743783101663,0.21655769674080308,0.23250432765262802
R01,03,175,409,68,0.12776383757591248,0.1490386724472046,0.09711657464504242,0.15250137448310852,1,1.0367170626349889,0.014190788199327928,0.425270692282379,0.44309910742396924,0.4268546991285032,0.4606227820609162,0.21973074024085348,0.2286449478116486,0.22052274366391558,0.2374067851301221
R01,03,176,409,68,0.12736941874027252,0.14815671741962433,0.0962737500667572,0.15165077149868011,1,1.0367170626349889,0.014190788199327928,0.42368065333065974,0.43972094968485836,0.4225370767879584,0.45714788971497794,0.21893572076499385,0.22695586894209316,0.21836393249364316,0.23566933895715295
R01,03,177,409,68,0.12738241255283356,0.14809006452560425,0.09580611437559128,0.1514488309621811,1,1.0367170626349889,0.014190788199327928,0.4237330358901028,0.4394656486970225,0.4201414723413936,0.4563229200905336,0.21896191204471538,0.22682821844817522,0.21716613027036077,0.23525685414493078
R01,03,178,409,68,0.12503525614738464,0.14547646045684814,0.09560834616422653,0.1503831297159195,1,1.0367170626349889,0.014190788199327928,0.4142708353732696,0.42945474503897113,0.4191283452095588,0.4519693060408723,0.21423081178629877,0.22182276661914954,0.21665956670444336,0.23308004712010014
R01,03,179,409,68,0.12485645711421967,0.14523518085479736,0.09462817758321762,0.14954856038093567,1,1.0367170626349889,0.014190788199327928,0.41355003453524475,0.42853057030276753,0.4141071369155689,0.4485599145299327,0.21387041136728635,0.22136067925104774,0.21414896255744842,0.23137535136463033
R01,03,180,409,68,0.12381817400455475,0.1438407599925995,0.09294950217008591,0.14826658368110657,1,1.0367170626349889,0.014190788199327928,0.4093643556626808,0.4231895115413754,0.4055076173322564,0.44332276970037293,0.21177757193100438,0.21869014987035168,0.20984920276579216,0.22875677894985044
R01,03,181,409,68,0.1267600655555725,0.14722692966461182,0.09625916182994843,0.15080885589122772,1,1.0367170626349889,0.014190788199327928,0.42122413956540017,0.43615957795715976,0.42246234415820655,0.4537084871337276,0.21770746388236406,0.22517518307824386,0.21832656617876725,0.23394963766652777
R01,03,182,409,68,0.12670764327049255,0.1465972661972046,0.09546281397342682,0.15071263909339905,1,1.0367170626349889,0.014190788199327928,0.4210128071753534,0.43374777412483395,0.4183828128004972,0.45331542124935353,0.21760179768734067,0.22396928116208095,0.21628680049991258,0.23375310472434074
R01,03,183,409,68,0.1296071708202362,0.15039373934268951,0.09760850667953491,0.15330061316490173,1,1.0367170626349889,0.014190788199327928,0.43270180711420037,0.44828942844584097,0.4293747688996955,0.4638878404122072,0.22344629765676416,0.23124010832258446,0.22178277854951173,0.23903931430576758
R01,03,184,409,68,0.12793847918510437,0.14847075939178467,0.09713440388441086,0.15285006165504456,1,1.0367170626349889,0.014190788199327928,0.42597473310425177,0.4409238265725493,0.42694603476843995,0.46204724259899155,0.22008276065178986,0.22755730738593863,0.22056841148388395,0.23811901539915975
R01,03,185,409,68,0.12922343611717224,0.15010841190814972,0.09797301143407822,0.15391422808170319,1,1.0367170626349889,0.014190788199327928,0.4311548396018397,0.44719653702731166,0.4312420541118247,0.46639458658731003,0.22267281390058383,0.2306936626133198,0.22271642115557633,0.240292687393319
R01,03,186,409,68,0.12500932812690735,0.14600880444049835,0.09488545358181,0.15035390853881836,1,1.0367170626349889,0.014190788199327928,0.41416631054135333,0.4314937854571328,0.4154251105815345,0.4518499313778311,0.21417854937034064,0.22284228682823037,0.2148079493904312,0.23302035978857952
R01,03,187,409,68,0.12526056170463562,0.146079882979393,0.09569792449474335,0.1505565494298935,1,1.0367170626349889,0.014190788199327928,0.4151791201195764,0.4317660380196137,0.41958723714393376,0.45267776209822796,0.21468495415945218,0.22297841310947084,0.21688901267163085,0.23343427514877796
R01,03,188,409,68,0.12727291882038116,0.14890746772289276,0.0974884182214737,0.1534385234117508,1,1.0367170626349889,0.014190788199327928,0.4232916287263553,0.4425965531655532,0.42875957966254535,0.46445123281733064,0.21874120846284162,0.22839367068244057,0.22147518393093665,0.2393210105083293
R01,03,189,409,68,0.12911760807037354,0.15032024681568146,0.09768800437450409,0.15368476510047913,1,1.0367170626349889,0.014190788199327928,0.4307282100867424,0.4480079295699173,0.4297820197472196,0.46545718197936886,0.22245949914303517,0.23109935888462263,0.22198640397327377,0.2398239850893484
R01,03,190,409,68,0.13117079436779022,0.15219226479530334,0.09883765131235123,0.15555593371391296,1,1.0367170626349889,0.014190788199327928,0.4390053152679182,0.45517833149275094,0.43567143188644175,0.47310129987198424,0.22659805173362307,0.23468455984603945,0.22493111004288485,0.2436460440356561
R01,03,191,409,68,0.12876954674720764,0.15005098283290863,0.09821618348360062,0.1541222482919693,1,1.0367170626349889,0.014190788199327928,0.4293250543258803,0.4469765660889885,0.43248777605760624,0.4672443929595977,0.22175792126260413,0.23058367714415823,0.2233392821284671,0.24071759057946282
R01,03,192,409,68,0.12672309577465057,0.14682044088840485,0.09657527506351471,0.1516384482383728,1,1.0367170626349889,0.014190788199327928,0.42107510157230577,0.4346026015102169,0.4240817292527473,0.45709754660108953,0.21763294488581686,0.22439669485477243,0.21913625872603762,0.23564416740020874
R01,03,193,409,68,0.1285826861858368,0.1491883099079132,0.0973803922533989,0.15284253656864166,1,1.0367170626349889,0.014190788199327928,0.42857175467517344,0.44367226470540183,0.4282061841575546,0.4620165010360972,0.2213812714372507,0.2289315264523649,0.2211984861784413,0.23810364461771258
R01,03,194,409,68,0.12886692583560944,0.15026937425136566,0.0989406406879425,0.15537749230861664,1,1.0367170626349889,0.014190788199327928,0.4297176231629911,0.4478130720755127,0.4361990259319267,0.47237232914790506,0.22195420568115953,0.23100193013742032,0.22519490706562734,0.2432815586736165
R01,03,195,409,68,0.1236657053232193,0.1439138650894165,0.0948309451341629,0.14822569489479065,1,1.0367170626349889,0.014190788199327928,0.40874970159361923,0.42346952644106756,0.41514587466771197,0.4431557303962499,0.2114702448964736,0.21883015732019775,0.21466833143351996,0.22867325929778892
R01,03,196,409,68,0.12625589966773987,0.14755673706531525,0.09702838212251663,0.15270699560642242,1,1.0367170626349889,0.014190788199327928,0.41919167223031123,0.43742284126227304,0.42640290641227624,0.4614627876577069,0.2166912302148196,0.2258068147308005,0.2202968473058021,0.2378267879285174
R01,03,197,409,68,0.12799546122550964,0.14918896555900574,0.0981757715344429,0.15383444726467133,1,1.0367170626349889,0.014190788199327928,0.4262044474474976,0.44367477604979366,0.43228075369612823,0.4660686651462478,0.22019761782341277,0.2289327821245608,0.2232357709477281,0.24012972667278787
R01,03,198,409,68,0.12677866220474243,0.14719697833061218,0.09618359059095383,0.15144261717796326,1,1.0367170626349889,0.014190788199327928,0.42129910910001594,0.436044855179259,0.42207520776210194,0.4562975354732525,0.21774494864967195,0.22511782168929348,0.21813299798071495,0.23524416183629024
R01,03,199,409,68,0.1256021112203598,0.1465880125761032,0.09528820961713791,0.15057656168937683,1,1.0367170626349889,0.014190788199327928,0.41655602452897444,0.4337123299233034,0.417488349481685,0.4527595163932123,0.2153734063641512,0.22395155906131567,0.21583956884050648,0.23347515229627014
R01,03,200,409,68,0.12278938293457031,0.14363178610801697,0.09357288479804993,0.14772747457027435,1,1.0367170626349889,0.014190788199327928,0.40521694249007706,0.42238907759247973,0.4087010822958448,0.44112039543511533,0.2097038653447025,0.21828993289590384,0.21144593524758637,0.22765559181722164
R01,03,201,409,68,0.12424440681934357,0.14473757147789001,0.09446972608566284,0.1489732563495636,1,1.0367170626349889,0.014190788199327928,0.4110826477845962,0.4266245740613654,0.41329542147280474,0.44620967639087233,0.21263671799196207,0.22040768113034667,0.21374310483606634,0.23020023229510014
R01,03,202,409,68,0.12618017196655273,0.14688783884048462,0.09576714783906937,0.15071320533752441,1,1.0367170626349889,0.014190788199327928,0.4188863876350248,0.43486075629849813,0.4199418545407797,0.4533177344758684,0.21653858791717637,0.22452577224891304,0.21706632137005383,0.23375426133759816
R01,03,203,409,68,0.12735110521316528,0.14769770205020905,0.09587869048118591,0.15152981877326965,1,1.0367170626349889,0.014190788199327928,0.42360682515915105,0.4379627803065224,0.420513265266017,0.4566537723565353,0.2188988066792395,0.22607678425292518,0.21735202673267248,0.23542228027793163
R01,03,204,409,68,0.12806405127048492,0.14910010993480682,0.09637348353862762,0.15297389030456543,1,1.0367170626349889,0.014190788199327928,0.4264809576781358,0.4433344318086881,0.42304799148757943,0.4625531087131542,0.22033587293873189,0.22876261000400802,0.2186193898434537,0.23837194845624107
R01,03,205,409,68,0.1272851526737213,0.1478232592344284,0.09466774016618729,0.14953362941741943,1,1.0367170626349889,0.014190788199327928,0.4233409476269319,0.43844370275756317,0.4143098081433433,0.44849891839919975,0.21876586791312994,0.22631724547844556,0.21425029817133562,0.23134485329926385
R01,03,206,409,68,0.12507317960262299,0.14544838666915894,0.09481793642044067,0.14992734789848328,1,1.0367170626349889,0.014190788199327928,0.41442371795788274,0.4293472138381925,0.4150792336199353,0.4501073413195855,0.21430725307860535,0.22176900101876024,0.21463501090963163,0.23214906475945674
R01,03,207,409,68,0.127916619181633,0.14919790625572205,0.0973614752292633,0.1527557075023651,1,1.0367170626349889,0.014190788199327928,0.4258866078580327,0.4437090216551372,0.4281092760130501,0.46166178601236363,0.2200386980286803,0.22894990492723258,0.22115003210618903,0.2379262871058458
R01,03,208,409,68,0.12875036895275116,0.14941377937793732,0.09759991616010666,0.15243157744407654,1,1.0367170626349889,0.014190788199327928,0.4292477419933078,0.44453588179615633,0.42933076138074566,0.46033764645577324,0.22171926509631787,0.22936333499774214,0.2217607747900368,0.2372642173275506
R01,03,209,409,68,0.127841979265213,0.1493329256772995,0.09687314927577972,0.1526850163936615,1,1.0367170626349889,0.014190788199327928,0.4255857084999473,0.44422618737183317,0.42560767947617845,0.46137299794430253,0.21988824834963763,0.22920848778558056,0.2198992338377532,0.23778189307181524
R01,03,210,409,68,0.12789341807365417,0.1481764018535614,0.0956311747431755,0.1495751589536667,1,1.0367170626349889,0.014190788199327928,0.4257930761549904,0.439796347092623,0.4192452914698037,0.4486685753017475,0.21999193217715918,0.22699356764597547,0.21671803983456583,0.2314296817505377
R01,03,211,409,68,0.12514086067676544,0.14540666341781616,0.09528838098049164,0.14992523193359375,1,1.0367170626349889,0.014190788199327928,0.4146965638122297,0.42918740101325614,0.4174892273419937,0.45009869715734596,0.21444367600577882,0.22168909460629205,0.2158400077706608,0.23214474267833696
R01,03,212,409,68,0.12632283568382263,0.14691001176834106,0.09560801833868027,0.1510595679283142,1,1.0367170626349889,0.014190788199327928,0.4194615144975341,0.43494568539975004,0.4191266658246205,0.4547326986103566,0.21682615134843103,0.224568236799539,0.21665872701197422,0.23446174340484227
R01,03,213,409,68,0.12597624957561493,0.14675825834274292,0.09590649604797363,0.15071210265159607,1,1.0367170626349889,0.014190788199327928,0.4180643058391776,0.4343644233250528,0.42065570764305166,0.45331322977160265,0.21612754701925277,0.22427760576219039,0.2174232479211898,0.2337520089854653
R01,03,214,409,68,0.1270146667957306,0.14722901582717896,0.09723281115293503,0.15117309987545013,1,1.0367170626349889,0.014190788199327928,0.42225052535742386,0.43616756859840655,0.42745015559262906,0.4551965005265786,0.2182206567783759,0.22517917839886725,0.2208204718959785,0.23469364436295329
R01,03,215,409,68,0.1260225772857666,0.146588534116745,0.09566257894039154,0.15031419694423676,1,1.0367170626349889,0.014190788199327928,0.41825106888654984,0.4337143275836151,0.41940616891331955,0.4516877011498836,0.2162209285429389,0.22395255789147153,0.21679847855632375,0.23293924467460578
R01,03,216,409,68,0.12549088895320892,0.14553207159042358,0.09449493885040283,0.1485782414674759,1,1.0367170626349889,0.014190788199327928,0.4161076490430992,0.4296677527042078,0.4134245814416915,0.4445959573992553,0.21514921862121358,0.22192927045176788,0.2138076848205097,0.22939337279929162
R01,03,217,409,68,0.12872056663036346,0.15003885328769684,0.09826194494962692,0.15494175255298615,1,1.0367170626349889,0.014190788199327928,0.42912759850834653,0.4469301062177391,0.43272220292784924,0.47059224047036663,0.22165919335383724,0.23056044720853353,0.2234564955635886,0.2423915143348473
R01,03,218,409,68,0.12704823911190033,0.14778243005275726,0.09556418657302856,0.15133164823055267,1,1.0367170626349889,0.014190788199327928,0.42238586699323266,0.4382873144931611,0.41890212442480945,0.4558442039507291,0.2182883275962803,0.22623905134624453,0.2165464563120687,0.23501749607502853
R01,03,219,409,68,0.12568125128746033,0.14693617820739746,0.09661664068698883,0.15134449303150177,1,1.0367170626349889,0.014190788199327928,0.41687506555328896,0.4350459108713887,0.424293637097682,0.4558966776679864,0.21553292687630846,0.22461834953535834,0.21924221264850496,0.23504373293365718
R01,03,220,409,68,0.12553730607032776,0.14582481980323792,0.0961984246969223,0.150187149643898,1,1.0367170626349889,0.014190788199327928,0.4162947725209263,0.43078906797517225,0.42215119993055744,0.4511686861692156,0.21524278036012712,0.2224899280872501,0.2181709940649427,0.2326797371842718
R01,03,221,409,68,0.12662598490715027,0.1469109058380127,0.0957285538315773,0.15120911598205566,1,1.0367170626349889,0.014190788199327928,0.4206836140265596,0.43494910996028435,0.41974414513214103,0.45534363390779775,0.2174372011129438,0.22456994907980615,0.2169674666657345,0.23476721105356285
R01,03,222,409,68,0.12946033477783203,0.15073387324810028,0.09856215864419937,0.15408535301685333,1,1.0367170626349889,0.014190788199327928,0.43210986016379643,0.449592245425126,0.4342601378528852,0.46709366798984236,0.2231503241815622,0.23189151681222697,0.22422546302610658,0.24064222809458516
R01,03,223,409,68,0.12850214540958405,0.14866894483566284,0.09842664003372192,0.15294095873832703,1,1.0367170626349889,0.014190788199327928,0.42824706690706577,0.44168293749099713,0.43356590302011905,0.4624185763290027,0.22121892755319686,0.22793686284516254,0.2238783456097235,0.23830468226416532
R01,03,224,409,68,0.12703615427017212,0.14809128642082214,0.09713062644004822,0.1517900973558426,1,1.0367170626349889,0.014190788199327928,0.4223371488100809,0.4394703289297528,0.42692668367381065,0.4577170651863884,0.21826396850470442,0.22683055856454037,0.2205587359365693,0.23595392669285817
R01,03,225,409,68,0.12736749649047852,0.1484009474515915,0.09726559370756149,0.15234054625034332,1,1.0367170626349889,0.014190788199327928,0.42367290407587976,0.44065642547082534,0.4276180940864534,0.45996576485632445,0.21893184613760386,0.22742360683507665,0.22090444114289068,0.2370782765278262
R01,03,226,409,68,0.12872456014156342,0.14999301731586456,0.09689688682556152,0.1520508974790573,1,1.0367170626349889,0.014190788199327928,0.42914369773533134,0.4467545404143447,0.42572928221284306,0.4587824886196104,0.22166724296732965,0.23047266430683633,0.2199600352060855,0.23648663840946918
R01,03,227,409,68,0.12799963355064392,0.1488427370786667,0.09778770804405212,0.15263903141021729,1,1.0367170626349889,0.014190788199327928,0.4262212675353922,0.44234861498286615,0.4302927817754826,0.4611851396015461,0.22020602786736007,0.22826970159109705,0.22224178498740527,0.23768796390043703
R01,03,228,409,68,0.1276584267616272,0.14863274991512299,0.0963556244969368,0.15261925756931305,1,1.0367170626349889,0.014190788199327928,0.4248457447760712,0.4415442998653648,0.42295650317628464,0.4611043592966732,0.21951826648769956,0.22786754403234638,0.2185736456878063,0.23764757374800058
R01,03,229,409,68,0.12734751403331757,0.14793185889720917,0.09675120562314987,0.15243178606033325,1,1.0367170626349889,0.014190788199327928,0.42359234786921324,0.43885967271046905,0.4249829864469914,0.46033849869712085,0.2188915680342706,0.2265252304548985,0.21958688732315967,0.2372646434482244
R01,03,230,409,68,0.12441843748092651,0.14515060186386108,0.09480772912502289,0.14943864941596985,1,1.0367170626349889,0.014190788199327928,0.4117842256650272,0.4282066068762179,0.41502694367981274,0.44811090508852913,0.21298750693217758,0.22119869753777294,0.21460886593957035,0.23115084664392854
R01,03,231,409,68,0.13048431277275085,0.15117895603179932,0.09884165972471237,0.15419718623161316,1,1.0367170626349889,0.014190788199327928,0.43623787016357896,0.451297048735135,0.4356919661840957,0.46755053022652,0.22521432918145345,0.23274391846723147,0.22494137719171184,0.24087065921292397
R01,03,232,409,68,0.12959328293800354,0.14926549792289734,0.09767772257328033,0.1530933827161789,1,1.0367170626349889,0.014190788199327928,0.4326458202502084,0.44396791843153416,0.4297293481287019,0.46304126038216387,0.2234183042247682,0.22907935331543106,0.22196006816401492,0.2386160242907459
R01,03,233,409,68,0.1310310810804367,0.1518014669418335,0.09958792477846146,0.156068354845047,1,1.0367170626349889,0.014190788199327928,0.43844208261041995,0.453681456083186,0.43951493332464886,0.4751946481191353,0.22631643540487395,0.23393612214125697,0.2268528607619884,0.24469271815923163
R01,03,234,409,68,0.12780608236789703,0.14823658764362335,0.0973811149597168,0.1514906883239746,1,1.0367170626349889,0.014190788199327928,0.42544099567231153,0.44002687709259375,0.4282098864379867,0.4564939162294846,0.21981589193581974,0.22710883264596085,0.22120033731865732,0.23534235221440628
R01,03,235,409,68,0.12958082556724548,0.15129104256629944,0.09744764119386673,0.15309245884418488,1,1.0367170626349889,0.014190788199327928,0.43259560027349464,0.45172637447412484,0.42855068707693156,0.4630374861704818,0.2233931942364113,0.2329585813367264,0.22137073763812976,0.23861413718490487
R01,03,236,409,68,0.12595979869365692,0.14681637287139893,0.09570598602294922,0.15011455118656158,1,1.0367170626349889,0.014190788199327928,0.41799798663547905,0.43458701975978564,0.41962853474627876,0.4508721061802625,0.2160943874174035,0.2243889039795568,0.21690966147280336,0.23253144718979524
R01,03,237,409,68,0.12894928455352783,0.1495741903781891,0.09726657718420029,0.1525985300540924,1,1.0367170626349889,0.014190788199327928,0.43004963968368143,0.44515030503202785,0.42762313224126813,0.4610196830313543,0.2221202139415047,0.2296705466156779,0.22090696022029804,0.23760523561534114
R01,03,238,409,68,0.12562789022922516,0.14660030603408813,0.09515751153230667,0.15063905715942383,1,1.0367170626349889,0.014190788199327928,0.4166599486434659,0.43375941763065073,0.416818809241079,0.4530148235511905,0.21542536842139692,0.22397510291498934,0.21550479872020348,0.23360280587525922
R01,03,239,409,68,0.12719368934631348,0.14739947021007538,0.09841636568307877,0.1525380164384842,1,1.0367170626349889,0.014190788199327928,0.4229722272715859,0.43682046106428063,0.4335132695694409,0.46077247216617806,0.21858150773545693,0.2255056246318043,0.22385202888438444,0.237481630182753
R01,03,240,409,68,0.12665414810180664,0.14705240726470947,0.09606263041496277,0.15101611614227295,1,1.0367170626349889,0.014190788199327928,0.420797149619848,0.43549110374085437,0.4214555528877296,0.4545551889125349,0.21749396890958797,0.22484094597009116,0.2178231705435288,0.23437298855593142
R01,03,241,409,68,0.1305689811706543,0.15146945416927338,0.09903696924448013,0.15525172650814056,1,1.0367170626349889,0.014190788199327928,0.4365791978043538,0.4524097455287546,0.43669249792889375,0.47185854936408644,0.22538499300184087,0.2333002668640413,0.22544164306411085,0.2430246687817072
R01,03,242,409,68,0.12753447890281677,0.14851930737495422,0.09609021991491318,0.1525672823190689,1,1.0367170626349889,0.014190788199327928,0.42434606802211744,0.44110978020956454,0.4215968883974186,0.46089202945236524,0.2192684281107227,0.22765028420444625,0.21789383829837328,0.2375414088258466
R01,03,243,409,68,0.1259634643793106,0.14618806540966034,0.09570781141519547,0.15024879574775696,1,1.0367170626349889,0.014190788199327928,0.41801276428412926,0.43218040984427025,0.4196378858669576,0.4514205234874215,0.2161017762417286,0.2231855990217991,0.21691433703314278,0.23280565584337473
R01,03,244,409,68,0.127457395195961,0.1485436111688614,0.09799615293741226,0.1531710922718048,1,1.0367170626349889,0.014190788199327928,0.42403531689826524,0.44120287118009,0.43136060342132887,0.4633587202841324,0.2191130525487966,0.22769682968970897,0.2227756958103284,0.23877475424173017
R01,03,245,409,68,0.13130004703998566,0.15292657911777496,0.10053961724042892,0.15761682391166687,1,1.0367170626349889,0.014190788199327928,0.439526377562195,0.45799098013562256,0.4443902641360486,0.4815204703958293,0.22685858288076147,0.23609088416747526,0.22929052616768827,0.24785562929757862
R01,03,246,409,68,0.12813542783260345,0.14899687469005585,0.09629926830530167,0.15233615040779114,1,1.0367170626349889,0.014190788199327928,0.42676870132461797,0.4429390092189883,0.42266780163826484,0.45994780691364356,0.22047974476197296,0.22856489870915814,0.2184292949187964,0.23706929755648576
R01,03,247,409,68,0.12661121785640717,0.14820434153079987,0.0967521220445633,0.15209832787513733,1,1.145572354211663,0.01631309005465769,0.42062408292976133,0.4399033646093215,0.42498768109125057,0.4589762517774178,0.21846858649220952,0.2281082273319896,0.22065038557295413,0.23764467091603775
R01,03,248,409,68,0.12679506838321686,0.1476532220840454,0.09619690477848053,0.1517423540353775,1,1.6,0.025172858117383505,0.42136524808848713,0.43779240841993844,0.4221434136912983,0.4575220236665596,0.22326905310293532,0.23148263326866098,0.22365813590434092,0.24134744089197155
R01,03,249,409,72,0.14270266890525818,0.16235876083374023,0.09617689996957779,0.15120629966259003,1,1.508855291576674,0.023395851405182796,0.48549429612797973,0.49411912348087744,0.42204093304222595,0.45533212864960565,0.25444507376658126,0.2587574874430301,0.22271839222370438,0.23936399002739422
R01,03,250,409,72,0.1415977030992508,0.16129964590072632,0.09474707394838333,0.14949098229408264,1,1.308855291576674,0.01949654283765233,0.48103979620781506,0.4900623890718849,0.4147162192983982,0.4483246959180044,0.2502681695227337,0.2547794659547686,0.21710638106802527,0.23391061937782837
R01,03,251,409,75,0.1390092670917511,0.1592019647359848,0.09525953233242035,0.14951331913471222,1,1.2,0.01737424098232257,0.47060491403673577,0.48202762807018096,0.41734144146742824,0.44841594661657597,0.24398957750952915,0.24970093452625175,0.2173578412248754,0.23289509379944928
R01,03,252,409,75,0.13939672708511353,0.1589256376028061,0.09615317732095718,0.15022309124469757,1,0.945572354211663,0.012413781487127224,0.47216689948471663,0.48096921056103076,0.42191940664124034,0.4513155151785249,0.24229034048592193,0.246691496024079,0.2171665940641838,0.23186464833282608
R01,03,253,409,75,0.13534168899059296,0.1550205647945404,0.09623273462057114,0.14954087138175964,1,1.0367170626349889,0.014190788199327928,0.45581963627521077,0.46601158628711786,0.4223269628314804,0.4485285033488367,0.23500521223726936,0.2401011872432229,0.21825887551540418,0.23135964577408233
R01,03,254,409,75,0.13163985311985016,0.1517176628112793,0.09170905500650406,0.1455865502357483,1,1.3455723542116629,0.020212398622188155,0.44089625357772283,0.45336046060909946,0.39915305373298027,0.4323742686057146,0.2305543260999555,0.2367864296156438,0.2096827261775842,0.22629333361395138
R01,03,255,409,75,0.13127493858337402,0.1510961502790451,0.09394511580467224,0.1493195742368698,1,2.0,0.032971475252444434,0.43942515667611515,0.45097987735364514,0.4106079475575412,0.4476244579022146,0.2361983159642798,0.24197567630304478,0.22178971140499282,0.24029796657732952
R01,03,256,409,80,0.15274718403816223,0.1740185022354126,0.09692271053791046,0.1508622169494629,1,1.7088552915766742,0.027295159972713267,0.5259872160123392,0.5387795023214597,0.42586157194456925,0.4539264782955587,0.27664118799252624,0.28303733114708646,0.22657836595864125,0.24061081913413598
R01,03,257,409,80,0.15200427174568176,0.17339175939559937,0.09737392514944077,0.15180128812789917,1,1.108855291576674,0.015597234270121866,0.522992279219226,0.5363788853868794,0.4281730544728638,0.4577627818472471,0.2692947567446739,0.2759880598285006,0.22188514437149284,0.2366800080586845
R01,03,258,409,82,0.15003328025341034,0.17224782705307007,0.09621257334947586,0.15182781219482422,1,0.8,0.009575623847261638,0.5150465297695732,0.5319972743351947,0.42222368065777843,0.457871138247152,0.2623110768084174,0.2707864490912282,0.21589965225252003,0.2337233810472068
R01,03,259,409,82,0.1489829123020172,0.17085017263889313,0.09625852108001709,0.15136460959911346,1,0.745572354211663,0.008514472919596758,0.5108121327138575,0.52664383007987,0.42245906172400904,0.45597885808364463,0.2596633028167271,0.2675791514997334,0.2154867673218029,0.2322466655016207
R01,03,260,409,82,0.14595939218997955,0.16742591559886932,0.09475722163915634,0.14904916286468506,0,1.0367170626349889,0.014190788199327928,0.4986232758058294,0.5135278773853224,0.4147682038958047,0.4465197704926226,0.25640703200257864,0.26385933279232515,0.21447949604756633,0.23035527934597527
R01,03,261,409,82,0.14722760021686554,0.16850562393665314,0.09808669984340668,0.15211215615272522,0,1.0367170626349889,0.014190788199327928,0.5037358616648692,0.5176634908386228,0.43182445717483964,0.4590327432038851,0.25896332493209856,0.2659271395189754,0.2230076226870838,0.23661176570160652
R01,03,262,409,82,0.14342083036899567,0.16471193730831146,0.09625952690839767,0.14996184408664703,0,1.0367170626349889,0.014190788199327928,0.48838945375683274,0.5031325097312812,0.42246421438234233,0.45024826551384384,0.25129012097808034,0.2586616489653046,0.21832750129083514,0.2322195268565859
R01,03,263,409,82,0.14695054292678833,0.16823451220989227,0.09751403331756592,0.15259845554828644,0,1.0367170626349889,0.014190788199327928,0.5026189477569272,0.5166250499325896,0.4288908006947654,0.4610193786594444,0.25840486797812756,0.2654079190659588,0.22154079444704666,0.2376050834293862
R01,03,264,409,82,0.14354239404201508,0.16529424488544464,0.09525284171104431,0.15060371160507202,0,1.0367170626349889,0.014190788199327928,0.4888795190319895,0.5053629260073041,0.41730716674755225,0.45287042951715994,0.2515351536156587,0.25977685710331605,0.2157489774734401,0.23353060885824395
R01,03,265,409,82,0.14503327012062073,0.16670165956020355,0.09787563979625702,0.15375639498233795,0,1.0367170626349889,0.014190788199327928,0.494889756938917,0.5107537550484622,0.4307432386173269,0.465749805133494,0.2545402725691225,0.2624722716238951,0.22246701340832742,0.23997029666641098
R01,03,266,409,82,0.13837464153766632,0.15967556834220886,0.09569764137268066,0.15163716673851013,0,1.0367170626349889,0.014190788199327928,0.4680465185962291,0.48384167486123575,0.4195857867660326,0.4570923114042402,0.24111865339777852,0.24901623153028185,0.21688828748268027,0.2356415498017841
R01,03,267,409,82,0.13673023879528046,0.15659745037555695,0.09769463539123535,0.15140525996685028,0,1.436717062634989,0.021989405334388864,0.4614173615265239,0.4720515407775622,0.42981598912437946,0.45614492339765617,0.2417033834304564,0.24702047305597552,0.22590269722938416,0.23906716436602252
R01,03,268,409,82,0.13446250557899475,0.1553507149219513,0.09389058500528336,0.14771102368831635,0,1.945572354211663,0.031910324324779554,0.4522753433971123,0.467276162340436,0.4103285971402002,0.4410531901174215,0.24209283386094593,0.2495932433326078,0.2211194607324899,0.23648175722110054
R01,03,269,409,80,0.13546894490718842,0.1555367261171341,0.09706854820251465,0.15279582142829895,0,4.4,0.07976317806281003,0.4563326489559952,0.4679886421596078,0.4266086692350506,0.4618256598486243,0.2680479135094026,0.27387591011120893,0.25318592364893033,0.27079441895571715
R01,03,270,409,88,0.13427644968032837,0.15423424541950226,0.09691131860017776,0.15085455775260925,0,2.563282937365011,0.0439535451705,0.4515252876204994,0.4629997423731648,0.42580321331796533,0.4538951888632266,0.2477394163954997,0.25347664377183243,0.23487837924423266,0.2489243670168633
R01,03,271,409,90,0.15363436937332153,0.17318657040596008,0.09903380274772644,0.1545001119375229,0,2.4,0.04077009238750536,0.5295637674161497,0.5355929487442458,0.4366762765971039,0.4687880455375684,0.28516692990182757,0.2881815205658756,0.23872318449230462,0.2547790689625369
R01,03,272,409,90,0.15025699138641357,0.16917528212070465,0.09748461842536926,0.15166719257831573,0,0.745572354211663,0.008514472919596758,0.5159483868394346,0.5202284866788519,0.42874011406439755,0.4572149732839078,0.26223142987951564,0.2643714797992243,0.21862729349199717,0.2328647231017523
R01,03,273,409,90,0.14881296455860138,0.16745084524154663,0.0959499254822731,0.15059880912303925,0,1.0367170626349889,0.014190788199327928,0.5101270144908662,0.5136233655482219,0.4208781879795294,0.45285040184549213,0.26215890134509706,0.2639070768737749,0.21753448808942868,0.23352059502241004
R01,03,274,409,90,0.14594098925590515,0.1649683266878128,0.09557890892028809,0.15035715699195862,0,1.0367170626349889,0.014190788199327928,0.4985490872038658,0.5041145595405153,0.4189775440756724,0.4518632019931003,0.2563699377015969,0.25915267386992163,0.21658416613750017,0.23302699509621413
R01,03,275,409,90,0.14408822357654572,0.16237899661064148,0.09509927034378052,0.15035738050937653,0,1.0367170626349889,0.014190788199327928,0.49107994695905427,0.4941966327009716,0.41652045123966425,0.45186411510882984,0.2526353675791911,0.25419371045014977,0.2153556197194961,0.2330274516540789
R01,03,276,409,90,0.14716756343841553,0.16621515154838562,0.09673760086297989,0.15399035811424255,0,1.0367170626349889,0.014190788199327928,0.5034938326144147,0.5088902804336949,0.4249132919720543,0.4667055938047898,0.25884231040687133,0.2615405343165114,0.21955204008569112,0.2404481910020589
R01,03,277,409,90,0.1450064331293106,0.16328267753124237,0.09726006537675858,0.15295226871967316,0,1.545572354211663,0.024111707189718626,0.4947815677307094,0.4976580072610672,0.42758977354954025,0.46246477998491714,0.259446637460214,0.2608848572253929,0.22585074036962943,0.24328824358731788
R01,03,278,409,90,0.1425744593143463,0.16182085871696472,0.09694612771272659,0.15363259613513947,0,2.4,0.04077009238750536,0.48497743885567657,0.4920587937113939,0.42598153346413514,0.4652440607680953,0.262873765621591,0.2664144430494496,0.23337581292582024,0.25300707657780036
R01,03,279,409,96,0.1403219848871231,0.15909790992736816,0.09438212960958481,0.15050821006298065,0,2.4,0.04077009238750536,0.4758969341905651,0.48162906629999136,0.4128466821837382,0.45248028560312037,0.25833351328903525,0.2611995793437484,0.22680838728562178,0.24662518899531286
R01,03,280,409,96,0.1403098851442337,0.15897463262081146,0.09569045156240463,0.15274108946323395,0,1.6544276457883371,0.026234009045048384,0.47584815593567087,0.48115687647831323,0.4195489548009097,0.461602068243652,0.2510410824903596,0.2536954427616808,0.22289148192297903,0.2439180386443502
R01,03,281,409,96,0.1360984593629837,0.1545569896697998,0.09663131833076477,0.15373262763023376,0,1.6,0.025172858117383505,0.458870439788831,0.4642359516500567,0.4243688277415079,0.4656527104942534,0.24202164895310727,0.2447044048837201,0.2247708429294457,0.24541278430581845
R01,03,282,409,100,0.14882922172546387,0.16880184412002563,0.09603000432252884,0.15154491364955902,0,1.6,0.025172858117383505,0.5101925527619124,0.5187981048196623,0.4212884159185349,0.45671543810546994,0.26768270543964795,0.27198548146852286,0.2232306370179592,0.24094414811142673
R01,03,283,409,100,0.15023693442344666,0.17095278203487396,0.09609729796648026,0.15083475410938263,0,1.145572354211663,0.01631309005465769,0.5158675302740557,0.5270368554771957,0.4216331478449488,0.4538142868095898,0.2660903101643567,0.27167497276592667,0.21897311894980326,0.23506368843212375
R01,03,284,409,100,0.14978189766407013,0.17079539597034454,0.09545987844467163,0.15161269903182983,0,1.0367170626349889,0.014190788199327928,0.5140331194739253,0.5264340186711322,0.41836777467173203,0.45699235566904706,0.2641119538366266,0.27031240343523005,0.21627928143553,0.2355915719341875
R01,03,285,409,100,0.14959193766117096,0.17109578847885132,0.09660150110721588,0.15399332344532013,0,1.0367170626349889,0.014190788199327928,0.5132673249007825,0.5275846139346653,0.42421608004780675,0.4667177078068016,0.26372905655005524,0.2708877010669966,0.21920343412356735,0.24045424800306478
R01,03,286,409,100,0.14328013360500336,0.16472241282463074,0.096451036632061,0.1534567028284073,0,0.945572354211663,0.012413781487127224,0.4878222563643308,0.5031726341655419,0.4234452805289925,0.46452549956333283,0.250118018925729,0.2577932078263346,0.21792953100805987,0.23846964052523004
R01,03,287,409,100,0.1483139991760254,0.16963329911231995,0.09815070778131485,0.1566922813653946,0,1.2,0.01737424098232257,0.5081155121939029,0.5219828319645912,0.43215235708403166,0.4777435193665607,0.26274487658811274,0.26967853647345685,0.2247632990331771,0.2475588801744416
R01,03,288,409,103,0.14376874268054962,0.16460736095905304,0.09632723778486252,0.15315844118595123,0,1.2,0.01737424098232257,0.48979200880026996,0.5027319503007799,0.4228110837077686,0.4633070379338407,0.25358312489129625,0.2600530956415512,0.2200926623450456,0.24034063945808165
R01,03,289,409,103,0.13960465788841248,0.16055627167224884,0.0950889140367508,0.1508774310350418,0,0.945572354211663,0.012413781487127224,0.47300514057929105,0.4872150382155985,0.41646739794275156,0.45398863103954906,0.24270946103320915,0.24981440985136286,0.2144405897149394,0.23320120626333815
R01,03,290,409,103,0.144230455160141,0.16563791036605835,0.09759253263473511,0.15445902943611145,0,1.545572354211663,0.024111707189718626,0.49165333174103165,0.5066792700006999,0.42929293705179566,0.4686202148664798,0.25788251946537516,0.2653954885952093,0.22670232212075714,0.2463659610280992
R01,03,291,409,103,0.1389133483171463,0.15900453925132751,0.09729082137346268,0.15355555713176727,0,2.4,0.04077009238750536,0.4702182322303881,0.4812714280281873,0.42774733039101914,0.4649293402133154,0.2554941623089467,0.2610207602078463,0.23425871138926224,0.25284971630041037
R01,03,292,409,109,0.1370002031326294,0.15845492482185364,0.09603944420814514,0.15319101512432098,0,2.4,0.04077009238750536,0.4625056812850451,0.4791662365157037,0.4213367745711884,0.463440109332825,0.25163788683627525,0.25996816445160453,0.23105343347934687,0.2521051008601652
R01,03,293,409,109,0.13867107033729553,0.15953856706619263,0.09618186950683594,0.15135319530963898,0,1.545572354211663,0.024111707189718626,0.4692415257693959,0.4833169180353553,0.42206639099117615,0.4559322283070564,0.24667661647955724,0.25371431261253696,0.22308904909044738,0.2400219677483875
R01,03,294,409,109,0.1362903118133545,0.15659697353839874,0.09484143555164337,0.15103837847709656,0,1.0367170626349889,0.014190788199327928,0.45964386347326885,0.4720497143452772,0.41519961498573577,0.4546461352391966,0.2369173258362984,0.24312025127230258,0.21469520159253186,0.23441846171926228
R01,03,295,409,109,0.13109831511974335,0.15141159296035767,0.09358906745910645,0.14847706258296967,0,1.0367170626349889,0.014190788199327928,0.4387131263124925,0.4521881193861732,0.4087839828432508,0.4441826203456855,0.22645195725591022,0.23318945379275058,0.21148738552128937,0.22918670427250673
R01,03,296,409,109,0.13139794766902924,0.15247243642807007,0.09420005977153778,0.1502850502729416,0,1.0367170626349889,0.014190788199327928,0.4399210489102926,0.45625147461219884,0.4119139746897415,0.45156863085875215,0.22705591855481028,0.2352211314057634,0.21305238144453473,0.23287970952904005
R01,03,297,409,109,0.13165730237960815,0.15213346481323242,0.09468794614076614,0.14968247711658478,0,1.0367170626349889,0.014190788199327928,0.4409665975881676,0.45495310956160845,0.4144133193240823,0.4491069926006884,0.22757869289374777,0.2345719488804682,0.21430205376170514,0.2316488904000082
R01,03,298,409,109,0.1335567682981491,0.1544378101825714,0.09606584906578064,0.15284232795238495,0,1.545572354211663,0.024111707189718626,0.4486240026739134,0.4637794577308277,0.421472041394396,0.46201564879474966,0.236367854931816,0.24394558246027315,0.2227918742920573,0.24306367799223413
R01,03,299,409,109,0.1291056126356125,0.1500779241323471,0.09328846633434296,0.14919306337833405,0,2.4,0.04077009238750536,0.4306798523340455,0.44707975951309026,0.40724406319056056,0.4471076343992975,0.23572497236077541,0.2439249259502978,0.22400707778903295,0.24393886339340143
R01,03,300,409,115,0.1434142142534256,0.1651798039674759,0.09303908050060272,0.14841778576374054,0,2.4,0.04077009238750536,0.48836278190317134,0.5049245822589072,0.4059665092666314,0.4439404620542127,0.26456643714533834,0.2728473373232063,0.22336830082706838,0.24235527722085903
R01,03,301,409,115,0.14068660140037537,0.16317757964134216,0.09304416179656982,0.14668507874011993,0,1.545572354211663,0.024111707189718626,0.47736682965732313,0.4972554501702542,0.4059925397331742,0.43686198891885364,0.2507392684235209,0.2606835786799864,0.2150521234614464,0.23048684805428613
R01,03,302,409,115,0.1420077681541443,0.16386403143405914,0.09391382336616516,0.14824235439300537,0,1.0367170626349889,0.014190788199327928,0.482692910489139,0.4998847706725202,0.410447642631618,0.44322378795529127,0.24844184934423347,0.25703777943592404,0.21231921541547297,0.2287072880773096
R01,03,303,409,115,0.14081919193267822,0.16360384225845337,0.09397628158330917,0.14834962785243988,0,1.0367170626349889,0.014190788199327928,0.47790134802191564,0.4988881664810151,0.4107676036301928,0.44366202263108634,0.2460460681106218,0.2565394773401715,0.2124791959147604,0.22892640541520715
R01,03,304,409,115,0.13856349885463715,0.15998134016990662,0.09255612641572952,0.14564312994480133,0,1.0367170626349889,0.014190788199327928,0.46880786786042833,0.4850128745639839,0.40349243174204324,0.432605408634051,0.24149932802987814,0.24960183138165593,0.2088416099706856,0.22339809841668948
R01,03,305,409,115,0.13847167789936066,0.1600085347890854,0.09577897191047668,0.1499834656715393,0,1.0367170626349889,0.014190788199327928,0.4684377057832628,0.48511703828023706,0.42000242690207495,0.45033659424208095,0.2413142469912954,0.2496539132397825,0.21709660755070145,0.23226369122070445
R01,03,306,409,115,0.1386246681213379,0.1602480113506317,0.09446541965007782,0.14956966042518616,0,1.3455723542116629,0.020212398622188155,0.4690544623633113,0.48603430681936305,0.41327336046157054,0.44864611265480087,0.24463343049274971,0.2531233527207756,0.21674287954187935,0.2344292556384945
R01,03,307,409,115,0.13317818939685822,0.15438346564769745,0.0932096466422081,0.14727191627025604,0,2.0,0.032971475252444434,0.44709781998445103,0.463571301526348,0.40684028561643154,0.43925934382955806,0.24003464761844773,0.24827138838939622,0.21990588043443798,0.23611540954100124
R01,03,308,409,120,0.14776265621185303,0.1700592190027237,0.09315358102321625,0.1471228450536728,0,2.0,0.032971475252444434,0.5058928577221203,0.5236142355271473,0.4065530726241524,0.43865035651233986,0.2694321664872824,0.27829285538979587,0.21976227393829842,0.23581091588239214
R01,03,309,409,120,0.14949648082256317,0.17195627093315125,0.09635303914546967,0.15105006098747253,0,1.3455723542116629,0.020212398622188155,0.5128825053184517,0.5308805251449428,0.42294325893597623,0.45469386075466034,0.2665474519703199,0.27554646188356546,0.2215778287790822,0.23745312968842425
R01,03,310,409,120,0.14828325808048248,0.1704825609922409,0.09575196355581284,0.15088604390621185,0,0.8367170626349889,0.010291479631797463,0.5079915841891655,0.5252357649401626,0.4198640684838674,0.4540238164323272,0.25914153191048145,0.26776362228598,0.21507777405783243,0.23215764803206232
R01,03,311,409,120,0.14709311723709106,0.1688096970319748,0.0959591418504715,0.1509692519903183,0,0.6,0.005676315279731171,0.5031937141889816,0.5188281838763557,0.42092540159699776,0.45436373898124227,0.2544350147343564,0.26225224957804344,0.21330085843836447,0.23002002713048672
R01,03,312,409,121,0.14632821083068848,0.16794568300247192,0.09643714129924774,0.152391716837883,0,0.345572354211663,0.0007158557845358251,0.500110111503967,0.5155187456519674,0.4233740975083147,0.4601748074840061,0.2504129836442514,0.2581173007182516,0.21204497664642524,0.23044533163427094
R01,03,313,409,122,0.14464519917964935,0.16611483693122864,0.09521003812551498,0.15133367478847504,0,0.6,0.005676315279731171,0.49332530854949447,0.5085060447417407,0.417087892509593,0.4558524828666769,0.24950081191461282,0.25709118001073594,0.21138210389466208,0.23076439907320404
R01,03,314,409,122,0.143911674618721,0.1659092903137207,0.09498541057109833,0.15140829980373383,0,0.8367170626349889,0.010291479631797463,0.490368216954144,0.5077187382748933,0.4159371703163407,0.45615734177157785,0.2503298482929707,0.2590051089533454,0.21311432497406907,0.23322441070168765
R01,03,315,409,122,0.14504458010196686,0.16742922365665436,0.09693730622529984,0.15375107526779175,0,1.0367170626349889,0.014190788199327928,0.4949353513914598,0.5135405482592994,0.4259363427421606,0.4657280729791311,0.25456306979539384,0.2638656682293137,0.22006356547074427,0.23995943058922953
R01,03,316,409,122,0.14488472044467926,0.16591592133045197,0.09578092396259308,0.15073037147521973,0,1.0367170626349889,0.014190788199327928,0.4942909017381278,0.5077441370988565,0.4200124268760254,0.4533878617638967,0.25424084496872784,0.2609674626490922,0.21710160753767668,0.23378932498161234
R01,03,317,409,122,0.1399954855442047,0.16188548505306244,0.09703196585178375,0.15183250606060028,0,1.0367170626349889,0.014190788199327928,0.47458070224107246,0.4923063323620186,0.4264212651430784,0.45789031367747224,0.2443857452202002,0.2532485602806733,0.22030602667120316,0.2360405509384001
R01,03,318,409,122,0.13925398886203766,0.1615258753299713,0.09616029262542725,0.15255765616893768,0,2.145572354211663,0.035809632892310025,0.47159147226349485,0.4909289170390936,0.4219558569279681,0.46085270460161326,0.2537005525779024,0.2633692749657018,0.22888274491013907,0.24833116874696165
R01,03,319,409,122,0.1386895626783371,0.16030782461166382,0.0969451516866684,0.15196385979652405,0,3.6,0.06416594379268817,0.4693160748018143,0.48626340991911116,0.4259765334771599,0.4584269213545293,0.26674100929725125,0.2752146768558997,0.24507123863492403,0.26129643257360874
R01,03,320,409,131,0.15920603275299072,0.18081997334957123,0.09632546454668045,0.1518227607011795,0,3.6,0.06416594379268817,0.5520250725035896,0.5648312187504392,0.42280199976196625,0.4578505018316645,0.30809550814813885,0.31449858127156366,0.24348397177732722,0.26100822281217634
R01,03,321,409,131,0.15662440657615662,0.17792195081710815,0.09695783257484436,0.15117605030536652,0,2.145572354211663,0.035809632892310025,0.541617643118824,0.5537309053104018,0.42604149513999834,0.4552085536542085,0.288713638005567,0.2947702691013559,0.2309255640161542,0.24550909327325926
R01,03,322,409,131,0.1534067690372467,0.17427442967891693,0.09357156604528427,0.14636564254760742,0,1.0367170626349889,0.014190788199327928,0.5286462316215009,0.5397597827744177,0.4086943265882523,0.43555702479258346,0.27141850991041444,0.27697528548687284,0.21144255739379011,0.2248739064959557
R01,03,323,409,131,0.15469501912593842,0.17546194791793823,0.09414350241422653,0.147736057639122,0,1.0367170626349889,0.014190788199327928,0.5338396139741771,0.544308341152152,0.411624242620055,0.4411554590791295,0.27401520108675254,0.27924956467573997,0.21290751540969147,0.22767312363922873
R01,03,324,409,131,0.15105897188186646,0.17165744304656982,0.09489810466766357,0.14980174601078033,0,1.0367170626349889,0.014190788199327928,0.519181448019741,0.5297359228623447,0.41548991957301484,0.44959423115396857,0.26668611810953446,0.27196335553083634,0.2148403538861714,0.23189250967664826
R01,03,325,409,131,0.1508246213197708,0.17194394767284393,0.09601613134145737,0.15096400678157806,0,1.0367170626349889,0.014190788199327928,0.5182366997257485,0.5308333232855776,0.42121734740137556,0.45434231119878915,0.2662137439625382,0.2725120557424528,0.21770406780035176,0.23426654969905855
R01,03,326,409,131,0.14929570257663727,0.17081472277641296,0.09497430175542831,0.15018409490585327,0,1.0367170626349889,0.014190788199327928,0.512073098660268,0.526508046254683,0.41588026206763795,0.45115620692091196,0.26313194342979795,0.27034941722700545,0.21503552513348295,0.23267349756011996
R01,03,327,409,131,0.14748801290988922,0.1682388037443161,0.09673956036567688,0.15233750641345978,0,1.0367170626349889,0.014190788199327928,0.5047856754364602,0.5166414878231546,0.42492333011384426,0.45995334648240277,0.2594882318178941,0.26541613801124125,0.2195570591565861,0.23707206734086536
R01,03,328,409,131,0.15167208015918732,0.17283937335014343,0.10035605728626251,0.15714697539806366,0,1.0367170626349889,0.014190788199327928,0.5216530998641057,0.5342630777367393,0.44344992307415076,0.47960104025796374,0.2679219440317168,0.27422693296803363,0.22882035563673936,0.24689591422864585
R01,03,329,409,131,0.14876262843608856,0.16971708834171295,0.10050978511571884,0.15711989998817444,0,2.345572354211663,0.03970894145984048,0.5099240921447666,0.5223037703626688,0.44423744010666844,0.47949043150592596,0.27481651680230357,0.28100635591125467,0.24197319078325447,0.25959968648288323
R01,03,330,409,131,0.14339955151081085,0.1644097864627838,0.0967022031545639,0.15257498621940613,0,4.0,0.0719645609277491,0.4883036713085704,0.5019751794986972,0.42473195656656354,0.4609235015078432,0.28013411611815975,0.2869698702132231,0.24834825874715633,0.26644403121779614
R01,03,331,409,141,0.16728393733501434,0.18898546695709229,0.09859870374202728,0.15416628122329712,0,4.0,0.0719645609277491,0.5845899040305856,0.596107558882643,0.4344473511056598,0.4674242767583162,0.32827723247916735,0.334036059905196,0.2532059560167044,0.26969441884303264
R01,03,332,409,141,0.1644064486026764,0.18637746572494507,0.09797456860542297,0.1546957641839981,0,2.345572354211663,0.03970894145984048,0.5729897501988676,0.5861181158039402,0.4312500311902813,0.46958732617282184,0.306349345829354,0.31291352863189037,0.2354794863250609,0.25464813381633117
R01,03,333,409,141,0.16106989979743958,0.18397748470306396,0.09817401319742203,0.1556527465581894,0,1.0367170626349889,0.014190788199327928,0.5595389661965492,0.5769254538095632,0.43227174608600494,0.473496800731637,0.2868648771979386,0.29555812100444556,0.22323126714266645,0.2438437944654825
R01,03,334,409,141,0.15984795987606049,0.18163734674453735,0.09814423322677612,0.15407156944274902,0,1.0367170626349889,0.014190788199327928,0.5546129030979118,0.567962009066952,0.43211918923150133,0.467037359186521,0.28440184564861987,0.29107639863314,0.22315498871541464,0.24061407369292448
R01,03,335,409,141,0.16064879298210144,0.18161654472351074,0.09845850616693497,0.15444853901863098,0,1.0367170626349889,0.014190788199327928,0.5578413387540472,0.5678823309585195,0.4337291468696842,0.4685773593015736,0.28601606347668757,0.2910365595789237,0.2239599675345061,0.2413840737504508
R01,03,336,409,141,0.15630754828453064,0.17691628634929657,0.09952569752931595,0.15452058613300323,0,1.0367170626349889,0.014190788199327928,0.5403402775867162,0.5498789025453545,0.4391961555290987,0.4688716869383939,0.2772655328930221,0.28203484537234125,0.22669347186421332,0.2415312375688609
R01,03,337,409,141,0.15957370400428772,0.18105240166187286,0.10162743180990219,0.15837159752845764,0,1.0367170626349889,0.014190788199327928,0.5535072826775561,0.5657214903373528,0.4499629213752144,0.4846038795913247,0.28384903543844203,0.28995613926834035,0.23207685478727116,0.24939733389532634
R01,03,338,409,141,0.15592949092388153,0.1780402958393097,0.0997178927063942,0.15590985119342804,0,1.0367170626349889,0.014190788199327928,0.5388161974082407,0.5541842029731321,0.4401807331169834,0.4745471273181307,0.27650349280378433,0.28418749558623,0.22718576065815568,0.24436895775872933
R01,03,339,409,141,0.15412873029708862,0.17592526972293854,0.09887909889221191,0.15436778962612152,0,1.0367170626349889,0.014190788199327928,0.5315567075446864,0.5460830054970618,0.435883759577611,0.4682474810256834,0.2728737478720072,0.28013689684819487,0.22503727388846947,0.2412191346125057
R01,03,340,409,141,0.15369009971618652,0.17599275708198547,0.09890994429588318,0.15654364228248596,0,1.0367170626349889,0.014190788199327928,0.5297884357330273,0.5463415027413964,0.43604177443316394,0.47713629740641955,0.2719896119661776,0.28026614547036216,0.22511628131624595,0.24566354280287375
R01,03,341,409,141,0.1508125513792038,0.17239205539226532,0.10040954500436783,0.15636830031871796,0,1.0367170626349889,0.014190788199327928,0.5181880416143392,0.5325497130253944,0.443723929993961,0.47641998855379,0.26618941490683357,0.2733702506123612,0.22895735909664447,0.24530538837655896
R01,03,342,409,141,0.14991247653961182,0.17135873436927795,0.09848147630691528,0.1546875536441803,0,1.0367170626349889,0.014190788199327928,0.5145595281532829,0.5285917771878179,0.4338468183188798,0.4695537843883569,0.2643751581763054,0.27139128269357293,0.22401880325910387,0.24187228629384241
R01,03,343,409,141,0.1448865532875061,0.16608630120754242,0.0973571389913559,0.15250003337860107,0,1.0367170626349889,0.014190788199327928,0.49429829056245295,0.508396744184686,0.42808706233045785,0.460617303366539,0.2542445393808904,0.26129376619200695,0.2211389252648929,0.23740404578293348
R01,03,344,409,141,0.1431979387998581,0.16390909254550934,0.09572973102331161,0.1509549468755722,0,1.0367170626349889,0.014190788199327928,0.48749090063280776,0.5000573685234515,0.4197501756507829,0.454305299574552,0.25084084441606785,0.25712407836138973,0.21697048192505541,0.23424804388693998
R01,03,345,409,141,0.1428268551826477,0.16577163338661194,0.0953487828373909,0.15187199413776398,0,1.0367170626349889,0.014190788199327928,0.48599493402981314,0.5071914701046211,0.417798654016865,0.4580516307896902,0.2500928611145705,0.2606911291519745,0.21599472110809648,0.23612120949450907
R01,03,346,409,141,0.14424367249011993,0.1657768040895462,0.09705800563097,0.15326914191246033,0,2.145572354211663,0.035809632892310025,0.491706615376612,0.5072112754797113,0.42655466174215023,0.46375927371748865,0.263758124134461,0.27151045418601066,0.23118214731723014,0.24978445330489935
R01,03,347,409,141,0.1422509104013443,0.16330558061599731,0.09587134420871735,0.1521369367837906,0,5.0,0.09146110376540142,0.4836731011111951,0.49774573308675546,0.42047563177626457,0.45913397730109956,0.28756710243829825,0.29460341842607846,0.255968367770833,0.2752975405332505
R01,03,348,409,150,0.1502198427915573,0.17130927741527557,0.09545984119176865,0.151483416557312,0,5.363282937365011,0.09854386511592653,0.5157986279854304,0.5284023419142594,0.4183675838325345,0.45646420953108374,0.30717124655067846,0.31347310351509294,0.2584557244742305,0.27750403732350515
R01,03,349,409,157,0.1478835493326187,0.16875112056732178,0.09616214781999588,0.1529882550239563,0,4.6,0.08366248663034048,0.5063802197688656,0.5186038180853467,0.421965360720005,0.46261179161737237,0.29502135319960304,0.3011331523578436,0.25281392367517275,0.2731371391238564
R01,03,350,409,157,0.1432214081287384,0.16374914348125458,0.09504648298025131,0.15098054707050323,0,1.745572354211663,0.02801101575724909,0.4875855136272147,0.49944471464385604,0.41625003209676753,0.4544098817627748,0.2577982646922319,0.2637278652005526,0.2221305239270083,0.24121044876001194
R01,03,351,409,157,0.1459708958864212,0.16754958033561707,0.0977044552564621,0.15493397414684296,0,1.0367170626349889,0.014190788199327928,0.4986696511910244,0.514001551183232,0.42986629433684775,0.4705604640429788,0.25643021969517615,0.26409616969127997,0.22202854126808785,0.24237562612115338
R01,03,352,409,157,0.1450432687997818,0.16529163718223572,0.09546365588903427,0.15184135735034943,0,1.0367170626349889,0.014190788199327928,0.4949300650781215,0.5053529377057456,0.41838712576636133,0.4579264730603618,0.2545604266387247,0.2597718629525368,0.21628895698284464,0.2360586306298449
R01,03,353,409,157,0.14074862003326416,0.16145016252994537,0.09508275240659714,0.15060321986675262,0,1.0367170626349889,0.014190788199327928,0.47761684824952744,0.4906389138378429,0.41643583313948046,0.45286842066255495,0.2459038182244277,0.2524148510185854,0.2153133106694042,0.23352960443094145
R01,03,354,409,157,0.14068134129047394,0.1610877811908722,0.09399913996458054,0.14955925941467285,0,1.0367170626349889,0.014190788199327928,0.4773456243322275,0.48925088237726144,0.4108847025617958,0.4486036223361865,0.24576820626577772,0.2517208352882947,0.2125377453805619,0.23139720526775723
R01,03,355,409,157,0.14879441261291504,0.16933657228946686,0.0978514552116394,0.15535862743854523,0,1.0367170626349889,0.014190788199327928,0.5100522251714777,0.5208462773992489,0.43061934581029193,0.47229526218033224,0.26212150668540285,0.26751853279928844,0.22240506700480994,0.2432430251898301
R01,03,356,409,157,0.14524804055690765,0.16685737669467926,0.09783153235912323,0.1548965573310852,0,1.0367170626349889,0.014190788199327928,0.49575557096329004,0.5113501993415284,0.4305172850074541,0.4704076084698545,0.254973179581309,0.26277049377042816,0.22235403660339104,0.24229919833459124
R01,03,357,409,157,0.1457068771123886,0.1660420298576355,0.09716478735208511,0.15391919016838074,0,1.0367170626349889,0.014190788199327928,0.497605300057753,0.5082271713622267,0.4271016832179435,0.4664148577565057,0.25589804412854045,0.26120897978077734,0.22064623570863573,0.24030282297791683
R01,03,358,409,157,0.1427638679742813,0.1644517034292221,0.09780100733041763,0.15557147562503815,0,1.0367170626349889,0.014190788199327928,0.4857410107743476,0.5021357343117493,0.43036091136899995,0.4731647918523779,0.24996589948683778,0.2581632612555386,0.22227584978416395,0.24367779002585294
R01,03,359,409,157,0.14260117709636688,0.16342924535274506,0.09687555581331253,0.15341897308826447,0,1.545572354211663,0.024111707189718626,0.4850851474899443,0.49821940688466515,0.42562000768833874,0.46437136562818726,0.25459842733983146,0.2611655570371919,0.22486585743902868,0.24424153640895294
R01,03,360,409,157,0.13942791521549225,0.16023148596286774,0.09610696882009506,0.1529349535703659,0,2.4,0.04077009238750536,0.4722926296417285,0.4859710095254865,0.421682689700627,0.46239404395306916,0.25653136101461693,0.2633705509564959,0.23122639104406617,0.2515820681702873
R01,03,361,409,163,0.14214643836021423,0.1639750450849533,0.09609144926071167,0.15263663232326508,0,3.3088552915766742,0.05848962851295699,0.48325193812466355,0.5003099869388689,0.421603186090937,0.4611753388260491,0.27087078331881026,0.27939980772591294,0.24004640730194698,0.25983248366950307
R01,03,362,409,163,0.14270617067813873,0.16371552646160126,0.09474246948957443,0.15263091027736664,0,3.708855291576674,0.06628824564801793,0.48550841298746267,0.49931595116776445,0.41469263157358377,0.461151963063373,0.2758983293177403,0.28280209840789117,0.24049043861080086,0.2637201043556955
R01,03,363,409,171,0.15719635784626007,0.17852424085140228,0.09742502868175507,0.15624402463436127,0,3.2,0.05636732665762723,0.5439233768104572,0.5560378605143675,0.4284348476840323,0.4759122962081682,0.3001453517340422,0.3062025935859974,0.24240108717082975,0.2661398114328977
R01,03,364,409,171,0.15524449944496155,0.17737790942192078,0.0962071493268013,0.15440243482589722,0,1.945572354211663,0.031910324324779554,0.5360547594781495,0.551647060225249,0.4221958944706184,0.4683890139637614,0.28398254190146455,0.2917786922750143,0.22705310939769896,0.2501496691442705
R01,03,365,409,171,0.15299676358699799,0.1749299168586731,0.0946187898516655,0.15192170441150665,0,1.0367170626349889,0.014190788199327928,0.5269933576271469,0.5422704993301773,0.41405904543779193,0.45825470772793886,0.27059207291323745,0.27823064376475265,0.21412491681855994,0.2362227479636334
R01,03,366,409,171,0.15219056606292725,0.17409630119800568,0.09656529128551483,0.15555766224861145,0,1.0367170626349889,0.014190788199327928,0.5237432961437185,0.5390774961639571,0.4240305843478099,0.4731083613002926,0.26896704217152323,0.2766341421816425,0.21911068627356892,0.24364957474981028
R01,03,367,409,171,0.14819949865341187,0.16968820989131927,0.09442391991615295,0.15257279574871063,0,1.0367170626349889,0.014190788199327928,0.507653920924682,0.5221931570574092,0.41306076559552474,0.46091455297369377,0.26092235456200497,0.2681919726283686,0.21362577689742634,0.23755267058651086
R01,03,368,409,171,0.14910952746868134,0.1702839732170105,0.09518970549106598,0.1538376808166504,0,1.145572354211663,0.01631309005465769,0.5113225623097153,0.5244751129694742,0.4169837324755824,0.4660818748871351,0.26381782618218647,0.27039410151206594,0.21664841126512005,0.2411974824708964
R01,03,369,409,171,0.14834806323051453,0.17092567682266235,0.09617450833320618,0.15517430007457733,0,1.6,0.025172858117383505,0.5082528361972136,0.526933034216996,0.42202868116574466,0.4715422460753753,0.26671284715729854,0.27605294616718973,0.22360076964156408,0.2483575520963794
R01,03,370,409,175,0.14906509220600128,0.17122042179107666,0.0957951545715332,0.15579140186309814,0,1.6,0.025172858117383505,0.511143428373638,0.5280619976731538,0.42008532744948096,0.4740632368558589,0.26815814324551074,0.2766174278952686,0.22262909278343224,0.2496180474866212
R01,03,371,409,175,0.1503758430480957,0.17266438901424408,0.09944579005241394,0.16059690713882446,0,1.145572354211663,0.01631309005465769,0.51642751905746,0.5335928341641579,0.43878680545040183,0.4936947380458161,0.2663703045560588,0.2749529621094078,0.22754994775252976,0.25500391405023687
R01,03,372,409,175,0.14612829685211182,0.16763250529766083,0.09416927397251129,0.15409602224826813,0,1.0367170626349889,0.014190788199327928,0.4993041890068471,0.5143191791727931,0.41175626517690467,0.4671372540473322,0.2567474886030875,0.26425498368606054,0.2129735266881163,0.24066402112333007
R01,03,373,409,175,0.14360618591308594,0.1636723130941391,0.09239417314529419,0.15119566023349762,0,1.0367170626349889,0.014190788199327928,0.48913668616154904,0.49915043074193743,0.4026627774147115,0.4552886643408797,0.2516637371804385,0.2566706094706327,0.20842678280701973,0.23473972627010384
R01,03,374,409,175,0.14181436598300934,0.1625804752111435,0.09317008405923843,0.15236903727054596,0,1.0367170626349889,0.014190788199327928,0.4819132393434831,0.49496835741738765,0.4066376143886572,0.46008215667464925,0.24805201377140554,0.2545795728083578,0.21041420129399258,0.2371364724369886
R01,03,375,409,175,0.14766424894332886,0.16965006291866302,0.09593696147203445,0.15596367418766022,0,1.0367170626349889,0.014190788199327928,0.5054961439347784,0.5220470424746103,0.42081177593878977,0.47476700558580287,0.25984346606705316,0.26811891533696913,0.21750128206905886,0.2444788968925654
R01,03,376,409,175,0.14356574416160583,0.1648615300655365,0.09605296701192856,0.15547379851341248,0,1.0367170626349889,0.014190788199327928,0.48897365145245664,0.503705495784687,0.42140604919989094,0.4727657602785709,0.2515822198258923,0.2589481419920075,0.21779841869960945,0.24347827423894944
R01,03,377,409,175,0.14171727001667023,0.16291093826293945,0.09482108056545258,0.1547594666481018,0,1.0367170626349889,0.014190788199327928,0.48152181186947945,0.4962341320668928,0.4150953404482067,0.4698475641557394,0.2478563000344037,0.2552124601331104,0.2146430643237673,0.24201917617753368
R01,03,378,409,175,0.14358384907245636,0.16444669663906097,0.09711996465921402,0.1557094156742096,0,1.0367170626349889,0.014190788199327928,0.4890466386195706,0.5021165567727569,0.42687206549547824,0.47372830600626525,0.25161871340944925,0.25815367248604243,0.2205314268474031,0.2439595471027966
R01,03,379,409,175,0.14032964408397675,0.16070683300495148,0.09497007727622986,0.15267407894134521,0,1.0367170626349889,0.014190788199327928,0.47592781106620013,0.48779173420958327,0.4158586209026383,0.4613283161479373,0.24505929963276404,0.2509912612044556,0.21502470455098313,0.23775955217363262
R01,03,380,409,175,0.14625272154808044,0.16716401278972626,0.09755359590053558,0.15731467306613922,0,1.0367170626349889,0.014190788199327928,0.4998057880565602,0.512524709452793,0.42909347192253977,0.4802861205526432,0.25699828812794406,0.2633577488260605,0.22164213006093386,0.24723845437598557
R01,03,381,409,175,0.14591173827648163,0.1668587177991867,0.09946656972169876,0.1586260199546814,0,1.0367170626349889,0.014190788199327928,0.4984311663733764,0.5113553361823299,0.43889325555478276,0.48564324878906395,0.25631097728635216,0.2627730621908289,0.22654202187705536,0.24991701849419595
R01,03,382,409,175,0.1453593522310257,0.1663980334997177,0.09681867808103561,0.1560191810131073,0,1.0367170626349889,0.014190788199327928,0.4962043068796202,0.5095907742909964,0.4253286344015535,0.4749937626586375,0.25519754753947405,0.2618907812451622,0.21975971130044072,0.24459227542898274
R01,03,383,409,175,0.13957728445529938,0.1604343056678772,0.09488733112812042,0.1533757895231247,0,1.0367170626349889,0.014190788199327928,0.47289478878835417,0.48674787108270406,0.4154347288770899,0.464194951669241,0.24354278849384106,0.250469329641016,0.21481275853820891,0.23919286993428449
R01,03,384,409,175,0.14140382409095764,0.16184821724891663,0.09908020496368408,0.1575472503900528,0,1.0367170626349889,0.014190788199327928,0.48025820276639986,0.49216358526374504,0.43691398590154434,0.48123624790641584,0.2472244954828639,0.2531771867315365,0.22555238705043615,0.2477135180528719
R01,03,385,409,175,0.14088235795497894,0.16073372960090637,0.09544682502746582,0.15274298191070557,0,1.0367170626349889,0.014190788199327928,0.4781559921382909,0.4878947564056583,0.4183009046169183,0.4616097992901621,0.24617339016880943,0.2510427723024931,0.21624584640812314,0.23790029374474503
R01,03,386,409,175,0.13481731712818146,0.1552126556634903,0.09377484023571014,0.1515752524137497,0,1.0367170626349889,0.014190788199327928,0.4537057116573181,0.46674735311792326,0.40973565975348175,0.4568393783471589,0.23394824992832303,0.2404690706586256,0.21196322397640485,0.23551508327324341
R01,03,387,409,175,0.13589952886104584,0.15637727081775665,0.09223192930221558,0.15115125477313995,0,1.0367170626349889,0.014190788199327928,0.45806848202671485,0.47120818566996925,0.401831634541639,0.45510725868261204,0.2361296351130214,0.2426994869346486,0.20801121137048348,0.23464902344097
R01,03,388,409,175,0.13720937073230743,0.1569201797246933,0.09325110167264938,0.15080799162387848,0,1.0367170626349889,0.014190788199327928,0.4633489083342454,0.4732876929784452,0.40705265147544034,0.45370495641957337,0.23876984826678668,0.24373924058888657,0.21062171983738415,0.23394787230945066
R01,03,389,409,175,0.13863207399845123,0.16004341840744019,0.0954694151878357,0.15450412034988403,0,1.0367170626349889,0.014190788199327928,0.4690843180193241,0.48525065321708566,0.4184166295062991,0.4688044207463181,0.24163755310932603,0.2497207207082068,0.21630370885281353,0.24149760447282304
R01,03,390,409,175,0.14100496470928192,0.16189132630825043,0.09507530927658081,0.1539088636636734,0,1.0367170626349889,0.014190788199327928,0.47865026243542136,0.4923287061575097,0.41639770346781446,0.46637267180980113,0.24642052531737466,0.2532597471784188,0.2152942458335712,0.24028173000456454
R01,03,391,409,175,0.14109380543231964,0.16136817634105682,0.09458372741937637,0.15426696836948395,0,1.0367170626349889,0.014190788199327928,0.4790084101640908,0.4903248816368429,0.4138794275850789,0.46783560495728094,0.24659959918170937,0.2522578349180854,0.21403510789220342,0.24101319657830444
R01,03,392,409,175,0.13713212311267853,0.15672041475772858,0.09355948120355606,0.15048529207706451,0,1.0367170626349889,0.014190788199327928,0.46303749642122594,0.4725225320030533,0.40863241835257436,0.45238666080365203,0.23861414231027694,0.2433566601011906,0.21141160327595115,0.23328872450149
R01,03,393,409,175,0.13934823870658875,0.1604790836572647,0.09541688114404678,0.15470074117183685,0,1.0367170626349889,0.014190788199327928,0.4719714260346847,0.48691938448946614,0.4181475080699456,0.4696076582163995,0.24308110711700634,0.25055508634439705,0.21616914813463678,0.24189922320786372
R01,03,394,409,175,0.14254386723041534,0.16286224126815796,0.09549328684806824,0.1534585803747177,0,1.0367170626349889,0.014190788199327928,0.4848541115683639,0.49604760766978845,0.4185389192640748,0.46453316973546094,0.24952244988384592,0.2551191979345582,0.2163648537317014,0.23936197896739445
R01,03,395,409,175,0.14452670514583588,0.16595232486724854,0.09681770950555801,0.15637324750423431,0,1.0367170626349889,0.014190788199327928,0.4928476180532887,0.5078835737886135,0.4253236725824178,0.47644019884860367,0.2535192031263083,0.2610371809939707,0.2197572303908729,0.2453154935239658
R01,03,396,409,175,0.14926588535308838,0.17088483273983002,0.09813247621059418,0.1594751924276352,0,1.3455723542116629,0.020212398622188155,0.5119528951035642,0.5267765888765851,0.4320589603807616,0.4891122971943332,0.2660826468628762,0.2734944937493866,0.22613567950147487,0.2546623479082607
R01,03,397,409,175,0.1452058106660843,0.16545671224594116,0.09535782039165497,0.1543152630329132,0,2.0,0.032971475252444434,0.4955853276451,0.5059852257324047,0.41784495160618523,0.4680328988292426,0.26427840144877224,0.2694783504924246,0.22540821342931483,0.25050218704084354
R01,03,398,409,180,0.14817678928375244,0.16774965822696686,0.0965707004070282,0.15626099705696106,0,2.0,0.032971475252444434,0.5075623715891415,0.514767910754811,0.42405829419929086,0.47598163212923095,0.270266923420793,0.27386969300362773,0.22851488472586765,0.2544765536908377
R01,03,399,409,180,0.14825314283370972,0.1674172282218933,0.09678685665130615,0.15497541427612305,0,1.3455723542116629,0.020212398622188155,0.5078701791976121,0.5134946020721303,0.4251656195590254,0.47072975569923464,0.26404128890990014,0.2668535003471592,0.22268900909060677,0.2454710771607114
R01,04,10,191,0,0.1310705542564392,0.1538066267967224,0.09376685321331024,0.15411341190338135,0,1.745572354211663,0.02801101575724909,0.4386012126562511,0.46136183214559345,0.4096947438295318,0.4672082944510901,0.2333061142067501,0.24468642395142126,0.21885287979339044,0.24760965510416957
R01,04,11,191,0,0.1344311386346817,0.15674905478954315,0.09334554523229599,0.15451329946517944,0,2.8,0.04856870952256629,0.4521488923791906,0.4726322320921703,0.40753646700901247,0.46884191936561104,0.2503588009508784,0.2606004708073683,0.2280525882657894,0.2587053144440887
R01,04,12,191,7,0.13179636001586914,0.15432770550251007,0.09255024045705795,0.1528344750404358,0,2.8,0.04856870952256629,0.44152718708899663,0.4633577231010223,0.40346227914883387,0.4619835679954519,0.24504794830578147,0.2559632163117943,0.2260154943357001,0.2552761387590091
R01,04,13,191,7,0.13067582249641418,0.1532842516899109,0.09177697449922562,0.1529325693845749,0,1.745572354211663,0.02801101575724909,0.4370099121979398,0.4593609755773898,0.3995009917579127,0.4623843040519541,0.23251046397759442,0.24368599566731944,0.2137560037575809,0.24519765990460157
R01,04,14,191,7,0.1320704221725464,0.15436066687107086,0.09194713830947876,0.15288838744163513,0,1.0367170626349889,0.014190788199327928,0.44263202657670003,0.46348397523272206,0.40037270704437955,0.4622038115094159,0.228411407388014,0.238837381716025,0.20728174762185375,0.23819729985437194
R01,04,15,191,7,0.13622763752937317,0.15862411260604858,0.09259295463562012,0.15365855395793915,0,1.0367170626349889,0.014190788199327928,0.4593912017243954,0.4798142775208208,0.4036810953727191,0.46535010394148535,0.23679099496186168,0.24700253286007437,0.20893594178602354,0.23977044607040665
R01,04,16,191,7,0.1383247673511505,0.1609591394662857,0.09382886439561844,0.15451118350028992,0,1.0367170626349889,0.014190788199327928,0.4678454584741465,0.4887581451923772,0.41001241475773637,0.4688332752033714,0.24101812333673722,0.25147446669585255,0.21210160147853216,0.2415120317013497
R01,04,17,191,7,0.1384531855583191,0.16033001244068146,0.0954977422952652,0.15664567053318024,0,1.0367170626349889,0.014190788199327928,0.4683631567508444,0.486348396096372,0.41856174363209914,0.47755310429976155,0.24127697247508617,0.25026959214784994,0.21637626591571354,0.24587194624954475
R01,04,18,191,7,0.14413264393806458,0.16628290712833405,0.09764235466718674,0.16029471158981323,0,1.0367170626349889,0.014190788199327928,0.49125902082338896,0.5091498050461898,0.42954816539456914,0.4924602055794841,0.25272490451135843,0.26167029662275887,0.22186947679694854,0.25332549688940603
R01,04,19,191,7,0.14298419654369354,0.16431373357772827,0.09603333473205566,0.1575683355331421,0,1.0367170626349889,0.014190788199327928,0.4866292315586659,0.50160726754529,0.42130547694279386,0.48132238515690207,0.2504100098789969,0.25789902787230895,0.2177481325710609,0.247756586678115
R01,04,20,191,7,0.14602166414260864,0.1696508675813675,0.09985363483428955,0.16269272565841675,0,1.0367170626349889,0.014190788199327928,0.49887431561765583,0.5220501245790912,0.4408761129849347,0.5022565981209965,0.2565325519084919,0.26812045638920956,0.22753345059213131,0.25822369316016225
R01,04,21,191,7,0.14462317526340485,0.16713140904903412,0.09611117839813232,0.15824772417545319,0,1.0367170626349889,0.014190788199327928,0.49323652251410816,0.5123998271453071,0.42170425452994764,0.48409783085401614,0.253713655356718,0.2632953076723175,0.2179475213646378,0.24914430952667205
R01,04,22,191,7,0.14269471168518066,0.16456106305122375,0.09542813897132874,0.15566809475421906,0,1.545572354211663,0.024111707189718626,0.4854622178174951,0.5025546151411093,0.41820517967543847,0.47355950134506514,0.2547869625036069,0.263333161165414,0.22115844343257854,0.24883560426739187
R01,04,23,191,7,0.14664582908153534,0.169184610247612,0.0977809727191925,0.15801867842674255,0,2.4,0.04077009238750536,0.5013905406949412,0.520264216260427,0.4302582780485696,0.4831621307287701,0.2710803165412233,0.2805171543239662,0.23551418521803746,0.26196611155813776
R01,04,24,191,13,0.13901109993457794,0.16089092195034027,0.09679462015628815,0.15652547776699066,0,3.108855291576674,0.05459031994542652,0.4706123028610609,0.4884968512236062,0.42520539044779015,0.47706209153479934,0.2626013114032437,0.27154358558451636,0.23989785519660833,0.26582620574011295
R01,04,25,191,13,0.13921883702278137,0.16093362867832184,0.09654541313648224,0.1558970957994461,0,3.3088552915766742,0.05848962851295699,0.4714497630229831,0.48866043106513035,0.42392875255200907,0.4744950188471652,0.26496969576797,0.2735750297890437,0.24120919053248302,0.2664923236800611
R01,04,26,191,20,0.14762866497039795,0.17116567492485046,0.09743006527423859,0.1559744030237198,0,2.8,0.04856870952256629,0.5053526926137347,0.5278523004164337,0.428460649143538,0.47481083514082056,0.2769607010681505,0.2882105049695,0.23851467933305215,0.26168977233169344
R01,04,27,191,20,0.15040212869644165,0.17413844168186188,0.09918462485074997,0.1590346097946167,0,1.745572354211663,0.02801101575724909,0.5165334856111957,0.5392389071171428,0.4374489081722144,0.4873124243426548,0.2722722506842224,0.28362496143719595,0.23272996196473172,0.25766172004995197
R01,04,28,191,20,0.1447545737028122,0.16862547397613525,0.09764657914638519,0.15677067637443542,0,1.0367170626349889,0.014190788199327928,0.4937662351393022,0.5181225531782526,0.4295698065595688,0.47806377949009976,0.25397851166931507,0.2661566706887903,0.22188029737944837,0.24612728384471386
R01,04,29,191,20,0.14297837018966675,0.16746947169303894,0.09776681661605835,0.15744541585445404,0,1.0367170626349889,0.014190788199327928,0.48660574350735597,0.5136947105593541,0.4301857591535091,0.4808202323800395,0.25039826585334196,0.26394274937934104,0.22218827367641852,0.24750551028968373
R01,04,30,191,20,0.14452126622200012,0.16860926151275635,0.09892167896032333,0.15993276238441467,0,1.0367170626349889,0.014190788199327928,0.49282569186728326,0.518060454480563,0.43610188878038514,0.4909815668414563,0.2535082400333056,0.2661256213399455,0.22514633848985655,0.2525861775203921
R01,04,31,191,20,0.1390434056520462,0.1630912870168686,0.09726940095424652,0.15726760029792786,0,1.0367170626349889,0.014190788199327928,0.47074253839875885,0.4969249230026804,0.4276375978524407,0.48009381838000303,0.2424666632990434,0.25555785560100414,0.22091419302588433,0.2471423032896655
R01,04,32,191,20,0.14165353775024414,0.16456125676631927,0.09886934608221054,0.1599574089050293,0,1.0367170626349889,0.014190788199327928,0.4812648850268899,0.5025553571292252,0.43583379787569826,0.4910822530692331,0.24772783661310893,0.25837307266427656,0.2250122930375131,0.2526365206342805
R01,04,33,191,20,0.1391352415084839,0.16201363503932953,0.09618561714887619,0.15634042024612427,0,1.0367170626349889,0.014190788199327928,0.4711127605476669,0.49279718603860895,0.4220855894144474,0.4763060925851259,0.24265177437349741,0.2534939871189684,0.21813818880688768,0.24524844039222693
R01,04,34,191,20,0.14156626164913177,0.1647295355796814,0.09687770158052444,0.15776090323925018,0,1.0367170626349889,0.014190788199327928,0.48091304483118097,0.5031999164977989,0.42563100002611637,0.48210906479508786,0.24755191651525446,0.25869535234856345,0.21991089411272216,0.2481499264972079
R01,04,35,191,20,0.13928204774856567,0.16277563571929932,0.09644990414381027,0.15788352489471436,0,1.0367170626349889,0.014190788199327928,0.4717045873545858,0.4957158819060276,0.42343947901738765,0.48261000008431104,0.24294768777695688,0.25495333505267775,0.2188151336083578,0.2484003941418195
R01,04,36,191,20,0.13889595866203308,0.1620110422372818,0.0946703553199768,0.1558145433664322,0,1.745572354211663,0.02801101575724909,0.47014812850691323,0.4927872548130593,0.41432320505500975,0.47415777477105675,0.24907957213208115,0.2603991352851542,0.2211671104061294,0.25108439526415294
R01,04,37,191,20,0.13924719393253326,0.16190706193447113,0.09623520076274872,0.15625181794166565,0,2.8,0.04856870952256629,0.4715640795489237,0.49238897842291424,0.42233959638635676,0.475944133509938,0.260066394535745,0.27047884397274025,0.23545415295446154,0.26225642151625217
R01,04,38,191,27,0.14177556335926056,0.16439105570316315,0.09812929481267929,0.1592181921005249,0,2.8,0.04856870952256629,0.4817568125260636,0.5019034349555025,0.4320426627132927,0.4880623967285133,0.26516276102431496,0.2752360722390344,0.24030568611792952,0.2683155531255398
R01,04,39,191,27,0.13905557990074158,0.16043980419635773,0.09534565359354019,0.15419486165046692,0,1.745572354211663,0.02801101575724909,0.47079161701236555,0.48676893212999034,0.4177826235242727,0.4675410338229328,0.2494013163848073,0.25738997394361973,0.22289681964076088,0.24777602479009092
R01,04,40,191,27,0.13895435631275177,0.16050280630588531,0.0959550067782402,0.1539432853460312,0,1.0367170626349889,0.014190788199327928,0.47038354966569473,0.48701024949564425,0.4209042184460722,0.4665132916321496,0.24228716893251134,0.2506005188474861,0.21754750332270006,0.24035203991573878
R01,04,41,191,27,0.14539629220962524,0.16766993701457977,0.09846404939889908,0.15821713209152222,0,1.0367170626349889,0.014190788199327928,0.4963532247292296,0.5144625541071647,0.4337575437422763,0.4839728557478337,0.2552720064642788,0.2643266711532463,0.22397416597080214,0.24908182197358084
R01,04,42,191,27,0.14325954020023346,0.16536428034305573,0.09778502583503723,0.1583252251148224,0,1.0367170626349889,0.014190788199327928,0.4877392372162226,0.5056311832491617,0.4302790413532606,0.48441443851463706,0.25096501270777527,0.2599109857242448,0.22223491477629428,0.2493026133569825
R01,04,43,191,27,0.13983823359012604,0.16119955480098724,0.0969022735953331,0.15632207691669464,0,1.0367170626349889,0.014190788199327928,0.4739467651426746,0.48967900952006427,0.4257568775608056,0.47623115622092205,0.24406877667100127,0.2519348988596961,0.21997383288006678,0.245210972210125
R01,04,44,191,27,0.14363639056682587,0.16558988392353058,0.09663412719964981,0.15633508563041687,0,1.0367170626349889,0.014190788199327928,0.4892584515835572,0.5064953140239963,0.4243832170170015,0.47628429955638096,0.25172461989144257,0.2603430511116621,0.21928700260816472,0.24523754387785446
R01,04,45,191,27,0.1444038450717926,0.16682608425617218,0.09609058499336243,0.15585291385650635,0,1.545572354211663,0.024111707189718626,0.49235232653653604,0.511230339722826,0.4215987586215544,0.47431452630462706,0.25823201686312736,0.26767102345627236,0.2228552329056365,0.24921311674717284
R01,04,46,191,27,0.14482182264328003,0.16708779335021973,0.09737883508205414,0.15721727907657623,0,2.4,0.04077009238750536,0.49403733891311713,0.5122327656672396,0.42819820707909795,0.4798882455920936,0.26740371565031124,0.2765014290273725,0.23448414973330164,0.26032916898979946
R01,04,47,191,33,0.13555872440338135,0.15703561902046204,0.09648924320936203,0.15635399520397186,0,2.4,0.04077009238750536,0.45669458120444084,0.47372986081943885,0.4236410052099769,0.47636154914709966,0.2487323367959731,0.2572499766034721,0.2322055487987411,0.2585658207673025
R01,04,48,191,33,0.13185454905033112,0.15389518439769745,0.09333831816911697,0.15387602150440216,0,1.545572354211663,0.024111707189718626,0.44176176724338345,0.461701034866521,0.4074994442046921,0.4662385046719414,0.23293673721655103,0.2429063710281198,0.21580557569720535,0.24517510593083
R01,04,49,191,33,0.1354142129421234,0.15656597912311554,0.09334943443536758,0.15422144532203674,0,2.145572354211663,0.035809632892310025,0.4561120054458639,0.471930996246753,0.40755639062123433,0.46764963372036555,0.24596081916908696,0.2538703145695315,0.22168301175677219,0.2517296333063378
R01,04,50,191,33,0.13795991241931915,0.1593998372554779,0.09501870721578598,0.15593592822551727,0,3.6,0.06416594379268817,0.4663746018595088,0.4827855403924418,0.4161077423910909,0.4746536574865765,0.2652702728260985,0.273475742092565,0.24013684309188954,0.2694098006396323
R01,04,51,191,42,0.1482442021369934,0.16913676261901855,0.09722761809825897,0.15765699744224548,0,3.6,0.06416594379268817,0.5078341361521238,0.5200809451958303,0.4274235526084937,0.4816845877296178,0.286000039972406,0.2921234444942592,0.24579474820059094,0.272925265761153
R01,04,52,191,42,0.1466173231601715,0.1687128096818924,0.09809404611587524,0.15978722274303436,0,2.145572354211663,0.035809632892310025,0.5012756234515757,0.5184570756664498,0.4318620906645921,0.49038700675276475,0.26854262817194285,0.2771333542793799,0.23383586177845106,0.2630983198225374
R01,04,53,191,42,0.14619380235671997,0.16828836500644684,0.10010715574026108,0.1615411937236786,0,1.0367170626349889,0.014190788199327928,0.49956826438679186,0.5168313226287754,0.44217485005978946,0.49755234763119366,0.2568795262930599,0.2655110554140517,0.2281828191295587,0.2558715679152608
R01,04,54,191,42,0.13923442363739014,0.1615012288093567,0.09647949039936066,0.15650789439678192,1,1.945572354211663,0.031910324324779554,0.4715125980656178,0.49083451332036326,0.42359104350806415,0.47699025976407583,0.25171146119519866,0.2613724188225714,0.22775068391642184,0.2544502920444277
R01,04,55,191,42,0.13867861032485962,0.16033835709095,0.09690263122320175,0.1566040813922882,1,3.2,0.05636732665762723,0.4692719220710911,0.48638035866135926,0.4257587096171019,0.47738320389968597,0.2628196243643592,0.27137384265949327,0.24106301813736455,0.2668752652786566
R01,04,56,191,50,0.14463281631469727,0.16545535624027252,0.09557715803384781,0.1543748676776886,1,3.2,0.05636732665762723,0.4932753889314931,0.5059800318155943,0.4189685746333886,0.4682763963571187,0.2748213577945602,0.28117367923661074,0.2376679506455079,0.26232186150737297
R01,04,57,191,50,0.143887460231781,0.16447249054908752,0.09545955061912537,0.153926283121109,1,1.945572354211663,0.031910324324779554,0.490270600372613,0.5022153553441729,0.41836609528679375,0.466443833962323,0.26109046234869626,0.26706283983447626,0.22513820980578664,0.24917707914355125
R01,04,58,191,50,0.14204151928424835,0.1627015322446823,0.0977761298418045,0.15611231327056885,1,1.0367170626349889,0.014190788199327928,0.48282897298585753,0.4954320429137388,0.430233468952891,0.47537422754594394,0.24850988059259274,0.25481141555653336,0.22221212857610947,0.24478250787263595
R01,04,59,191,50,0.13706624507904053,0.15772220492362976,0.0967404916882515,0.15373367071151733,1,1.0367170626349889,0.014190788199327928,0.46277191924771915,0.476359695005785,0.42492810109378243,0.46565697170099124,0.23848135372352355,0.24527524160255648,0.2195594446465552,0.2399238799501596
R01,04,60,191,50,0.13895931839942932,0.1601361632347107,0.10024765133857727,0.15876030921936035,1,1.0367170626349889,0.014190788199327928,0.47040355355594077,0.48560589429651574,0.44289458100934526,0.4861918487193689,0.24229717087763436,0.24989834124792185,0.2285426846043366,0.2501913184593484
R01,04,61,191,50,0.13445749878883362,0.1546097844839096,0.0970793142914772,0.15440478920936584,1,2.345572354211663,0.03970894145984048,0.45225515929163884,0.4644381719496102,0.42666382176313605,0.46839863211611255,0.24598205037573967,0.2520735567047253,0.23318638161148827,0.2540537867879765
R01,04,62,191,50,0.13240042328834534,0.15238821506500244,0.09691997617483139,0.15401555597782135,1,4.0,0.0719645609277491,0.4439623753856756,0.45592888100986295,0.42584756434747073,0.46680853238469944,0.25796346815671234,0.263946720968806,0.24890606263760992,0.26938654665622425
R01,04,63,191,60,0.14944371581077576,0.17182622849941254,0.09639470279216766,0.1519932597875595,1,4.0,0.0719645609277491,0.5126697912783279,0.5303824228152213,0.4231566934944912,0.45854702651015417,0.2923171761030385,0.3011734918714852,0.24756062721112015,0.26525579371895164
R01,04,64,191,60,0.145490363240242,0.16741719841957092,0.09477680921554565,0.14914190769195557,1,2.345572354211663,0.03970894145984048,0.49673245763950974,0.5134944879201124,0.4148685471458648,0.4468986526459978,0.2682206995496751,0.27660171468997646,0.22728874430285265,0.24330379705291916
R01,04,65,191,60,0.14832797646522522,0.17019133269786835,0.0972646176815033,0.15310156345367432,1,1.0367170626349889,0.014190788199327928,0.5081718594883498,0.5241202714221066,0.4276130940994782,0.46307468041786487,0.26118132384383885,0.2691555298107173,0.22090194114940306,0.2386327343085964
R01,04,66,191,60,0.1486838310956955,0.1707538366317749,0.09819251298904419,0.15661559998989105,1,1.0367170626349889,0.014190788199327928,0.5096064327705292,0.5262748336822937,0.4323665168314972,0.47743025979694803,0.2618986104849286,0.2702328109408108,0.22327865251541257,0.245810523998138
R01,04,67,191,60,0.14096173644065857,0.16199125349521637,0.0965404137969017,0.1534905880689621,1,1.545572354211663,0.024111707189718626,0.47847599431048515,0.49271145787323234,0.42390314193170087,0.46466392790793043,0.2512938507501019,0.2584115825314755,0.22400742456070974,0.24438781754882452
R01,04,68,191,60,0.1361922323703766,0.15765218436717987,0.09562826156616211,0.1526890993118286,1,2.4,0.04077009238750536,0.4592484712642615,0.4760914948399364,0.41923036784455703,0.46138967752496207,0.25000928182588344,0.2584307936137209,0.23000023011603118,0.25107988495623373
R01,04,69,191,66,0.13391003012657166,0.15530352294445038,0.09511241316795349,0.1519792079925537,1,2.4,0.04077009238750536,0.45004812347290124,0.46709540262023114,0.416587779308552,0.4584896219679574,0.2454091079302033,0.25393274750386824,0.22867893584802867,0.24962985717773137
R01,04,70,191,66,0.13110527396202087,0.15189068019390106,0.09611833095550537,0.151003897190094,1,1.545572354211663,0.024111707189718626,0.43874117981623095,0.45402317014850535,0.42174089565587297,0.4545052719193203,0.23142644350297478,0.23906743866911198,0.2229263014227958,0.23930848955451944
R01,04,71,191,66,0.1276206374168396,0.14828230440616608,0.09338424354791641,0.14845986664295197,1,1.0367170626349889,0.014190788199327928,0.42469340283714035,0.44020198628791696,0.4077347107674042,0.44411237130889325,0.21944209551823415,0.22719638724362246,0.21096274948336607,0.2291515797541106
R01,04,72,191,66,0.13094593584537506,0.15050555765628815,0.09561700373888016,0.14865028858184814,1,1.0367170626349889,0.014190788199327928,0.4380988326738858,0.4487177268166705,0.41917269623906417,0.44489028503607553,0.22614481043660686,0.23145425750799922,0.21668174221919606,0.22954053661770174
R01,04,73,191,66,0.13318297266960144,0.15453816950321198,0.09709916263818741,0.1533825397491455,1,1.0367170626349889,0.014190788199327928,0.4471171030137873,0.4641638646508086,0.4267655008875788,0.464222527764273,0.23065394560655764,0.23917732642506828,0.22047814454345338,0.23920665798180046
R01,04,74,191,66,0.13314658403396606,0.15353193879127502,0.09642364084720612,0.15192462503910065,1,1.0367170626349889,0.014190788199327928,0.44697040781864966,0.46030969299742297,0.4233049373831307,0.4582666391068048,0.2305805980089888,0.23725024059837546,0.21874786279122932,0.23622871365306639
R01,04,75,191,66,0.13443514704704285,0.15478256344795227,0.0972585678100586,0.15321946144104004,1,1.545572354211663,0.024111707189718626,0.45216505167791793,0.46509996827287353,0.4275821018137997,0.4635563185280039,0.23813837943381827,0.24460583773129607,0.22584690450175915,0.24383401285886125
R01,04,76,191,66,0.13835221529006958,0.15848782658576965,0.09796496480703354,0.15383155643939972,1,4.0,0.0719645609277491,0.4679561106237958,0.47929226034336786,0.4312008328451587,0.46605685551614584,0.26996033577577244,0.2756284106355585,0.2515826968864539,0.26901070822194745
R01,04,77,191,72,0.13185139000415802,0.152792289853096,0.096347376704216,0.15176238119602203,1,4.5632829373650114,0.08294663084580467,0.44174903203397753,0.457476611143363,0.422914251377952,0.457603838835926,0.2623478314398911,0.27021162099458385,0.25293044111187835,0.27027523484086535
R01,04,78,191,80,0.15186893939971924,0.17290842533111572,0.09542765468358994,0.15091921389102936,1,4.4,0.07976317806281003,0.522446707654017,0.5345275679620091,0.4182026987658706,0.45415932280659027,0.3011049428584135,0.3071453730124095,0.2489829384143403,0.26696125043470015
R01,04,79,191,80,0.15097615122795105,0.17396050691604614,0.09837279468774796,0.15548568964004517,1,1.945572354211663,0.031910324324779554,0.5188475692750338,0.538557362494798,0.43329006404401255,0.4728143380353822,0.2753789467999067,0.2852338434097888,0.23260019418439604,0.2523623311800809
R01,04,80,191,80,0.14874763786792755,0.17150305211544037,0.09658372402191162,0.15323585271835327,1,1.0367170626349889,0.014190788199327928,0.5098636599718311,0.5291445583340711,0.42412501158274657,0.4636232803481698,0.26202722408557955,0.27166767326669955,0.21915789989103726,0.23890703427374888
R01,04,81,191,80,0.15054361522197723,0.1719796061515808,0.09902966022491455,0.1553656905889511,1,1.0367170626349889,0.014190788199327928,0.5171038668060491,0.5309699061748893,0.4366550552783388,0.4723241166373856,0.26564732750268855,0.2725803471871086,0.22542292173883338,0.24325745241835678
R01,04,82,191,80,0.150797039270401,0.17281946539878845,0.10040191560983658,0.15772785246372223,1,1.0367170626349889,0.014190788199327928,0.5181255069304168,0.5341868241888411,0.4436848461263073,0.4819740454158805,0.2661581475648724,0.27418880619408453,0.22893781716281764,0.24808241680760423
R01,04,83,191,80,0.14372959733009338,0.16581547260284424,0.09854903817176819,0.1572084128856659,1,1.0367170626349889,0.014190788199327928,0.48963420033277344,0.5073593877228221,0.43419292428751594,0.479852025334822,0.25191249426605067,0.260775087961075,0.22419185624342194,0.24702140676707499
R01,04,84,191,80,0.13688291609287262,0.1587447226047516,0.09848994761705399,0.15579262375831604,1,1.0367170626349889,0.014190788199327928,0.4620328565999802,0.4802762507369048,0.43389021515239756,0.4740682285551803,0.2381118223996541,0.24723351946811636,0.22404050167586276,0.24412950837725414
R01,04,85,191,80,0.13519474864006042,0.15638504922389984,0.09739161282777786,0.15426687896251678,1,1.0367170626349889,0.014190788199327928,0.45522726882260944,0.4712379793466181,0.42826366492385,0.4678352397109891,0.2347090285109687,0.24271438377297302,0.22122722656158897,0.24101301395515853
R01,04,86,191,80,0.1313103586435318,0.1521245241165161,0.09570205956697464,0.14970478415489197,1,1.0367170626349889,0.014190788199327928,0.4395679472079916,0.45491886395626496,0.41960842029485934,0.4491981215504961,0.22687936770365977,0.23455482607779646,0.21689960424709365,0.23169445487491203
R01,04,87,191,80,0.13386297225952148,0.15495774149894714,0.1004200130701065,0.15659940242767334,1,1.145572354211663,0.01631309005465769,0.44985841691014744,0.46577095383357076,0.4437775558084663,0.4773640893437477,0.23308575348240257,0.24104202194411423,0.230045322931562,0.2468385896992027
R01,04,88,191,80,0.13142889738082886,0.1526583731174469,0.0978887677192688,0.15430998802185059,1,1.6,0.025172858117383505,0.4400458179194248,0.4569636690513261,0.43081049035053565,0.46801134929802557,0.23260933801840417,0.24106826358435482,0.22799167423395958,0.24659210370770454
R01,04,89,191,84,0.1333124190568924,0.15527991950511932,0.0999954342842102,0.15574520826339722,1,2.108855291576674,0.0350937771077742,0.4476389462407164,0.46700499422212427,0.441602523306404,0.47387452627175486,0.2413663616742453,0.2510493856649492,0.2383481502070891,0.2544841516897645
R01,04,90,191,84,0.1312001347541809,0.15186281502246857,0.0976746529340744,0.15226849913597107,1,2.508855291576674,0.04289239424283512,0.4391235965288625,0.4539164380118514,0.42971362297882565,0.45967143721950415,0.24100799538584883,0.24840441612734326,0.2363030086108304,0.25128191573116965
R01,04,91,191,90,0.12992022931575775,0.1492585837841034,0.0966838002204895,0.15164950489997864,1,2.4,0.04077009238750536,0.4339638543519755,0.44394143516340184,0.42463768200298485,0.45714271539251056,0.2373669733697404,0.2423557637754536,0.2327038871952451,0.24895640389000795
R01,04,92,191,90,0.12677666544914246,0.14564606547355652,0.09537740796804428,0.15087267756462097,1,1.545572354211663,0.024111707189718626,0.42129105948652357,0.4301043841723376,0.41794529485624526,0.45396921211170094,0.2227013833381211,0.2271080456810281,0.22102850102298194,0.23904045965070977
R01,04,93,191,90,0.12609782814979553,0.14397263526916504,0.09568781405687332,0.15017087757587433,1,1.0367170626349889,0.014190788199327928,0.4185544311860769,0.42369463422019227,0.4195354433857248,0.45110221134410544,0.21637260969270242,0.2189427112097601,0.21686311579252637,0.2326464997717167
R01,04,94,191,90,0.12391664832830429,0.14148059487342834,0.09473031014204025,0.14847324788570404,1,1.545572354211663,0.024111707189718626,0.40976133977286394,0.41414935664279484,0.41463034165951074,0.44416703650390144,0.21693652348129128,0.21913053191625673,0.21937102442461467,0.23413937184681002
R01,04,95,191,90,0.12956257164478302,0.1475277692079544,0.09977602958679199,0.1537424772977829,1,2.4,0.04077009238750536,0.4325220123889559,0.43731188550096006,0.44047855676864506,0.46569294846073495,0.2366460523882306,0.2390409889442327,0.2406243245780752,0.25323152042412017
R01,04,96,191,96,0.12618525326251984,0.14488762617111206,0.096646249294281,0.15133200585842133,1,2.4,0.04077009238750536,0.4189068720992106,0.4271993294710474,0.42444531609187697,0.4558456649358964,0.22983848224335798,0.23398471092927636,0.23260770423969115,0.24830787866170087
R01,04,97,191,96,0.12938007712364197,0.148072749376297,0.09778893738985062,0.15384162962436676,1,1.545572354211663,0.024111707189718626,0.43178631375879584,0.4393993263746739,0.430299079469001,0.4660980065983569,0.22794901047425722,0.23175551678219625,0.2272053933293598,0.24510485689403774
R01,04,98,191,96,0.12965898215770721,0.14743642508983612,0.09640812873840332,0.15240177512168884,1,1.145572354211663,0.01631309005465769,0.4329106765628054,0.43696200956636716,0.42322547194128013,0.4602158976918352,0.22461188330873155,0.22663754981051243,0.2197692809979689,0.23826449387324644
R01,04,99,191,96,0.12535874545574188,0.14376522600650787,0.09377996623516083,0.14938627183437347,1,2.2,0.036870783819974905,0.4155749328307811,0.42290019325223166,0.40976191922706157,0.447896931635908,0.226222858325378,0.22988548853610327,0.22331635152351823,0.24238385772794144
R01,04,100,191,100,0.1333172619342804,0.15466396510601044,0.09558102488517761,0.1502820998430252,1,1.7632829373650112,0.028356310900378146,0.44765846955702254,0.46464570031799185,0.41898838374209196,0.4515565777311223,0.23800739022870035,0.246501005609185,0.22367234732123506,0.23995644431575022
R01,04,101,191,103,0.13226664066314697,0.15456126630306244,0.09516129642724991,0.15158838033676147,1,2.0,0.032971475252444434,0.4434230512816847,0.46425233246461267,0.4168381985035478,0.4568930086776736,0.23819726326706456,0.24861190385852855,0.22490483687799612,0.244932241965059
R01,04,102,191,103,0.13315311074256897,0.15434442460536957,0.09613274782896042,0.1518419235944748,1,0.945572354211663,0.012413781487127224,0.4469967192418562,0.4634217623830147,0.4218147504253162,0.45792878628687667,0.22970525036449171,0.23791777193507097,0.2171142659562217,0.23517128388700195
R01,04,103,191,103,0.1317475587129593,0.15301258862018585,0.09520399570465088,0.1509726345539093,1,1.745572354211663,0.02801101575724909,0.44133045213237265,0.4583204228590272,0.417056938391754,0.4543775574659492,0.23467073394481086,0.24316571930813813,0.22253397707450154,0.24119428661159914
R01,04,104,191,103,0.13509666919708252,0.15535180270671844,0.09375988692045212,0.1483456939458847,1,2.8,0.04856870952256629,0.4548318766136021,0.4672803288890861,0.40965905689959414,0.44364595179424654,0.25170029306808417,0.2579245192058262,0.22911388321108023,0.24610733065840643
R01,04,105,191,110,0.13819833099842072,0.16026201844215393,0.09164979308843613,0.14633823931217194,1,2.8,0.04856870952256629,0.4673357497391985,0.48608795826773454,0.3988494667375532,0.4354450768041424,0.2579522296308824,0.2673283338951504,0.22370908813005977,0.24200689316335436
R01,04,106,191,110,0.13859671354293823,0.1601572185754776,0.09470849484205246,0.14838173985481262,1,1.745572354211663,0.02801101575724909,0.46894176777441765,0.4856865426970997,0.4145185862254386,0.44379320692422963,0.24847639176583336,0.2568487792271744,0.22126480099134382,0.23590211134073935
R01,04,107,191,110,0.13596628606319427,0.15713617205619812,0.09504866600036621,0.14954513311386108,1,2.545572354211663,0.04360825002737095,0.458337603433028,0.47411500972753556,0.41626121527374266,0.4485459134220799,0.25097292673019944,0.25886162987745326,0.2299347326505568,0.24607708172472542
R01,04,108,191,110,0.13521616160869598,0.15635527670383453,0.0946352556347847,0.14868655800819397,1,4.4,0.07976317806281003,0.45531359191655413,0.4711239414808242,0.41414339636309916,0.44503845328178815,0.2675383849896821,0.2754435597718171,0.2469532872129546,0.2624008156722991
R01,04,109,191,121,0.14823636412620544,0.1693444699048996,0.09772684425115585,0.1523638367652893,1,4.4,0.07976317806281003,0.507802538415579,0.520876527683969,0.4299809886945619,0.460060911515342,0.2937828582391945,0.30031985287338947,0.25487208337868594,0.26991204478907604
R01,04,110,191,121,0.14578796923160553,0.16786354780197144,0.09817612171173096,0.15373025834560394,1,2.545572354211663,0.04360825002737095,0.4979322104803324,0.5152041426908784,0.432282547584585,0.46564303146752034,0.27077023025385166,0.27940619635912467,0.23794539880597798,0.25462564074744565
R01,04,111,191,121,0.13890092074871063,0.16138754785060883,0.09383358061313629,0.1488165706396103,1,1.0367170626349889,0.014190788199327928,0.47016813239715927,0.4903990804484205,0.41003657500014334,0.44556958226446797,0.2421794602982436,0.25229493432387423,0.21211368159973565,0.22988018523189796
R01,04,112,191,121,0.13544194400310516,0.1573496162891388,0.09222764521837234,0.14610883593559265,1,1.0367170626349889,0.014190788199327928,0.4562237989586203,0.47493256647910304,0.40180968803392336,0.43450791569372915,0.23520729357897413,0.2445616773392155,0.20800023811662566,0.22434935194652855
R01,04,113,191,121,0.13352017104625702,0.1551709771156311,0.09305215626955032,0.1473456174135208,1,1.545572354211663,0.024111707189718626,0.448476466474381,0.4665877115210136,0.4060334938249636,0.4395604285227769,0.2362940868320498,0.2453497093553661,0.21507260050734112,0.23183606785624775
R01,04,114,191,121,0.1332331746816635,0.1547248810529709,0.09398002177476883,0.14732703566551208,1,3.2,0.05636732665762723,0.44731948471420446,0.464879027042399,0.41078676388562463,0.4394845181684615,0.25184340568591584,0.2606231768500131,0.23357704527162593,0.24792592241304437
R01,04,115,191,127,0.12871083617210388,0.14995606243610382,0.09094756096601486,0.14413997530937195,1,2.963282937365011,0.051752162305560935,0.42908837166050673,0.4466129919122582,0.3952520715284778,0.42646470535292486,0.24042026698303384,0.24918257710890956,0.22350211691701938,0.2391084338292429
R01,04,116,191,131,0.14630094170570374,0.16833822429180145,0.09208890050649643,0.14504823088645935,1,2.8,0.04856870952256629,0.5000001802152274,0.5170222989545744,0.4010989265266513,0.4301751206827013,0.27428444486889686,0.28279550423857036,0.2248338180246088,0.2393719151026338
R01,04,117,191,131,0.13894928991794586,0.1606011986732483,0.08990933001041412,0.14250904321670532,1,1.145572354211663,0.01631309005465769,0.47036312527325136,0.48738712238244963,0.3899334212612213,0.4198020042464143,0.24333810766395453,0.25185010621855364,0.2031232556579395,0.218057547150536
R01,04,118,191,131,0.13834184408187866,0.1593439280986786,0.09089264273643494,0.14309769868850708,1,1.0367170626349889,0.014190788199327928,0.4679143006910293,0.482571391207027,0.3949707363834825,0.42220678583171894,0.24105254444517862,0.2483810897031775,0.20458076229140523,0.21819878701552345
R01,04,119,191,131,0.13478069007396698,0.15674233436584473,0.09057146310806274,0.14406614005565643,1,1.0367170626349889,0.014190788199327928,0.45355805531430077,0.4726064908121538,0.393325397158078,0.4261630727902683,0.23387442175681436,0.24339863950574087,0.20375809267870298,0.22017693049479814
R01,04,120,191,131,0.13141921162605286,0.1522863209247589,0.09123918414115906,0.1431676149368286,1,2.345572354211663,0.03970894145984048,0.4400067712868124,0.4555385952609647,0.39674599893456386,0.4224924084319176,0.23985785637332646,0.2476237683604026,0.21822747019720218,0.23110067494587905
R01,04,121,191,131,0.12907351553440094,0.14989978075027466,0.09093477576971054,0.14343523979187012,1,4.0,0.0719645609277491,0.43055045780074225,0.4463974158266208,0.3951865755158863,0.4235857123320814,0.2512575093642457,0.25918098837718495,0.23357556822181771,0.24777513662991527
R01,04,122,191,141,0.14756284654140472,0.16923698782920837,0.08925579488277435,0.14105235040187836,1,4.0,0.0719645609277491,0.5050873557271979,0.5204648384317311,0.38658549105115403,0.4138511072882676,0.28852595832747346,0.29621469967974007,0.22927502598945157,0.24290783410800834
R01,04,123,191,141,0.14290858805179596,0.16500240564346313,0.090568907558918,0.1430554986000061,1,2.345572354211663,0.03970894145984048,0.48632442753731925,0.504245092372883,0.3933123055891276,0.42203438958198264,0.26301668449857984,0.2719770169163617,0.21651062352448405,0.23087166552091157
R01,04,124,191,141,0.14094974100589752,0.16342474520206451,0.09136112779378891,0.14528042078018188,1,1.0367170626349889,0.014190788199327928,0.47842763655778825,0.49820216992997557,0.3973706919637509,0.4311236653025428,0.2463092123785581,0.25619647906465176,0.20578074008153943,0.22265722675093538
R01,04,125,191,141,0.13790026307106018,0.16014441847801208,0.09248800575733185,0.14743070304393768,1,1.0367170626349889,0.014190788199327928,0.4661341346743589,0.48563751440544956,0.4031434631854442,0.43990802124382006,0.24016246143684342,0.24991415130238875,0.20866712569238607,0.227049404721574
R01,04,126,191,141,0.1355881690979004,0.15807057917118073,0.0928317978978157,0.14789241552352905,1,1.0367170626349889,0.014190788199327928,0.4568132829675825,0.477694075017995,0.40490464180374797,0.44179421396913054,0.23550203558345523,0.24594243160866147,0.20954771500153796,0.22799250108422925
R01,04,127,191,141,0.13286879658699036,0.15426090359687805,0.09079696238040924,0.1445915699005127,1,1.0367170626349889,0.014190788199327928,0.4458505503953261,0.4631018513530974,0.3944805849885525,0.42830956437287837,0.23002066929732704,0.23864631977621267,0.20433568659394022,0.22125017628610316
R01,04,128,191,141,0.128598153591156,0.15024800598621368,0.08913212269544601,0.142995685338974,1,1.0367170626349889,0.014190788199327928,0.42863410914386835,0.4477312250787417,0.3859519430832017,0.4217900398127589,0.22141244867159815,0.23096100663903482,0.20007136564126482,0.21799041400604344
R01,04,129,191,141,0.1305587887763977,0.15192969143390656,0.092302605509758,0.14632727205753326,1,1.0367170626349889,0.014190788199327928,0.43653810873249704,0.4541725951398209,0.4021936946671885,0.4354002732590132,0.2253644484659125,0.23418169166957442,0.20819224143325823,0.22479553072917058
R01,04,130,191,141,0.12685921788215637,0.14810071885585785,0.0882636308670044,0.14225716888904572,1,1.0367170626349889,0.014190788199327928,0.42162385693986615,0.43950645804339017,0.3815028325355603,0.4187730445679917,0.21790732256959705,0.22684862312135906,0.19784681036744411,0.21648191638365982
R01,04,131,191,141,0.1249559074640274,0.14684969186782837,0.08831708133220673,0.14146926999092102,1,1.0367170626349889,0.014190788199327928,0.41395095334456034,0.4347146417156991,0.381776648616173,0.4155543116213791,0.21407087077194414,0.22445271495751354,0.19798371840775048,0.21487254991035354
R01,04,132,191,141,0.12555260956287384,0.14704875648021698,0.08978912234306335,0.14372146129608154,1,1.0367170626349889,0.014190788199327928,0.41635646620045386,0.43547712011867246,0.38931762133863906,0.4247549874609426,0.2152736271998909,0.2248339541590002,0.2017542047689835,0.21947288783013527
R01,04,133,191,141,0.127055823802948,0.14838548004627228,0.08999814093112946,0.14413154125213623,1,1.0367170626349889,0.014190788199327928,0.4224164435101553,0.44059718057358105,0.3903883819081273,0.42643025045273036,0.21830361585474162,0.2273939843864545,0.20228958505372763,0.22031051932602916
R01,04,134,191,141,0.12276580929756165,0.14393389225006104,0.08789313584566116,0.14094670116901398,1,2.145572354211663,0.035809632892310025,0.4051219089934727,0.42354623659703705,0.37960486038046864,0.4134195079201071,0.22046577094289138,0.22967793474467355,0.20770724663638934,0.22461457040620858
R01,04,135,191,141,0.12188134342432022,0.14214737713336945,0.08686627447605133,0.13933660089969635,1,3.6,0.06416594379268817,0.4015563206826649,0.4167033368133052,0.37434445423629764,0.40684190919958924,0.23286113223767652,0.24043464030299666,0.21925519901449292,0.23550392649613872
R01,04,136,191,150,0.12938685715198517,0.14950191974639893,0.09046915173530579,0.14400386810302734,1,4.308855291576674,0.07798617135060933,0.4318136464016245,0.44487348638883445,0.39280127638598805,0.42590867874801974,0.2548999088761169,0.2614298288697219,0.23539372386829868,0.25194742504931456
R01,04,137,191,150,0.1304372400045395,0.15136836469173431,0.09134058654308319,0.14683783054351807,1,3.908855291576674,0.07018755421554838,0.4360481035290827,0.4520225418843373,0.39726546323023415,0.43748601220841815,0.25311782887231554,0.26110504804994283,0.23372650872289127,0.2538367832119833
R01,04,138,191,157,0.1275043785572052,0.14896810054779053,0.08991346508264542,0.14450430870056152,1,2.8,0.04856870952256629,0.42422472310230663,0.4428287954457911,0.3899546044121469,0.4279530839920677,0.23639671631243647,0.24569875248417872,0.2192616569673566,0.23826089675731701
R01,04,139,191,157,0.12686985731124878,0.14866387844085693,0.09092684090137482,0.1472296118736267,1,1.745572354211663,0.02801101575724909,0.4216667481639973,0.4416635316479692,0.3951459267668129,0.439086521459148,0.22483888196062318,0.23483727370260912,0.211578471262031,0.23354876860819854
R01,04,140,191,157,0.12874309718608856,0.1504245102405548,0.09100029617547989,0.14685004949569702,1,1.0367170626349889,0.014190788199327928,0.42921842698297724,0.44840729040423155,0.39552222349649796,0.4375359292016328,0.2217046075911526,0.23129903930177975,0.20485650584791296,0.22586335870048038
R01,04,141,191,157,0.12612900137901306,0.14745788276195526,0.09028983116149902,0.14561517536640167,1,1.0367170626349889,0.014190788199327928,0.41868010127134636,0.4370441990191916,0.39188265282476886,0.4324912082934771,0.21643544473533716,0.22561749360925978,0.2030367205120484,0.22334099824640252
R01,04,142,191,157,0.1241556778550148,0.14474186301231384,0.08971414715051651,0.14463448524475098,1,1.0367170626349889,0.014190788199327928,0.4107249505939954,0.4266410119519303,0.3889335383696949,0.42848488259294915,0.21245786939666167,0.22041590007562914,0.20156216328451143,0.22133783539613855
R01,04,143,191,157,0.12762409448623657,0.14802026748657227,0.08993111550807953,0.14491260051727295,1,1.0367170626349889,0.014190788199327928,0.42470733948139583,0.4391983046713075,0.3900450240239355,0.4296210420580192,0.2194490638403619,0.22669454643531772,0.20211790611163172,0.22190591512867358
R01,04,144,191,157,0.1281420886516571,0.14909115433692932,0.09069568663835526,0.14613822102546692,0,1.0367170626349889,0.014190788199327928,0.4267955533935068,0.44330012912733563,0.39396176954615375,0.4346279599749721,0.22049317079641736,0.2287454586633318,0.20407627887274085,0.22440937408715003
R01,04,145,191,157,0.12584973871707916,0.14681454002857208,0.09180435538291931,0.14773282408714294,0,3.145572354211663,0.055306175729962354,0.41755429674551725,0.4345799994106902,0.3996412585680955,0.4411422493382422,0.2364302362377398,0.2449430875703263,0.22747371714902892,0.24822421253410226
R01,04,146,191,157,0.12815165519714355,0.1489153802394867,0.0926215648651123,0.14844051003456116,0,5.6,0.10315902946799281,0.42683411945217936,0.4426268605262822,0.4038276598764204,0.4440332954867155,0.26499657446008607,0.2728929449971375,0.2534933446722066,0.27359616247735413
R01,04,147,191,171,0.14045093953609467,0.162802055478096,0.09212613850831985,0.14629052579402924,0,5.6,0.10315902946799281,0.4764167950499923,0.4958170776698177,0.40128968938849996,0.43525015703307757,0.28978791225899253,0.29948805356890523,0.2522243594282464,0.2692045932505352
R01,04,148,191,171,0.14171907305717468,0.16397793591022491,0.09095482528209686,0.14387662708759308,0,3.145572354211663,0.055306175729962354,0.4815290805503196,0.5003210596845965,0.3952892851719957,0.42538887240038614,0.268417628140141,0.2778136177072794,0.225297730450979,0.24034752406517423
R01,04,149,191,171,0.13901686668395996,0.1616586297750473,0.0924583226442337,0.14675427973270416,0,1.0367170626349889,0.014190788199327928,0.4706355506254009,0.49143740720243584,0.40299140251285415,0.4371446895487178,0.24241316941236443,0.25281409770088187,0.20859109535609105,0.2256677388740229
R01,04,150,191,171,0.13775284588336945,0.16077028214931488,0.0900590717792511,0.145329087972641,0,1.0367170626349889,0.014190788199327928,0.4655398449259982,0.48803476385550437,0.3907005184996035,0.43132248103405363,0.23986531656266308,0.25111277602741616,0.20244565334946574,0.2227566346166908
R01,04,151,191,171,0.1352905035018921,0.1584237664937973,0.08977940678596497,0.14367017149925232,0,1.0367170626349889,0.014190788199327928,0.4556132898397899,0.4790468905810816,0.3892678504759239,0.4245454578382052,0.23490203901955892,0.24661883939020476,0.20172931933762592,0.21936812301876657
R01,04,152,191,171,0.13653570413589478,0.15963542461395264,0.09040220081806183,0.14618410170078278,0,1.0367170626349889,0.014190788199327928,0.46063312492843955,0.48368791209324336,0.39245830018019134,0.4348153921970548,0.23741195656388375,0.24893935014628565,0.20332454418975965,0.22450309019819137
R01,04,153,191,171,0.1357017159461975,0.15865488350391388,0.09016783535480499,0.14517779648303986,0,1.0367170626349889,0.014190788199327928,0.45727102964528477,0.4799321394792114,0.3912576926207053,0.43070442343392207,0.23573090892230636,0.24706146383926966,0.20272424041001663,0.222447605816625
R01,04,154,191,171,0.13253478705883026,0.15394039452075958,0.088723324239254,0.13998766243457794,0,1.0367170626349889,0.014190788199327928,0.44450404228762325,0.4618742034775413,0.38385775006521217,0.4095016326965802,0.2293474152434756,0.23803249583843464,0.19902426913227006,0.21184621044795407
R01,04,155,191,171,0.13347314298152924,0.15592524409294128,0.09019360691308975,0.14398156106472015,0,1.0367170626349889,0.014190788199327928,0.44828688005511225,0.46947678493981015,0.39138971517755494,0.42581754979821207,0.2312388341272201,0.24183378656956905,0.20279025168844145,0.22000416899877
R01,04,156,191,171,0.1292458027601242,0.15128347277641296,0.08893219381570816,0.14275340735912323,0,1.0367170626349889,0.014190788199327928,0.4312450072873031,0.4516973798616007,0.38492774727791024,0.4208002832363244,0.22271789774331552,0.23294408403046432,0.1995592677386191,0.21749553571782618
R01,04,157,191,171,0.13214175403118134,0.154470756649971,0.09043765068054199,0.14417846500873566,0,1.0367170626349889,0.014190788199327928,0.4429195900079547,0.4639056527865185,0.39263990276055866,0.4266219438815509,0.22855518910364134,0.23904822049292324,0.2034153454799433,0.22040636604043942
R01,04,158,191,171,0.1263425201177597,0.14910058677196503,0.08906123787164688,0.14236846566200256,0,1.145572354211663,0.01631309005465769,0.419540869269351,0.44333625824097306,0.38558881425814606,0.41922771532691844,0.21792697966200436,0.22982467414781538,0.20095095215640188,0.21777040269078807
R01,04,159,191,171,0.12918269634246826,0.1520628184080124,0.09071999788284302,0.14610213041305542,0,1.6,0.025172858117383505,0.4309906034578977,0.4546825122033858,0.3940863112064603,0.43448052222184314,0.2280817307876406,0.23992768516038465,0.2096295846619219,0.22982669016961332
R01,04,160,191,175,0.12669208645820618,0.14873406291007996,0.09057854115962982,0.1441037952899933,0,1.6,0.025172858117383505,0.4209500922762036,0.44193235964991573,0.3933616566056083,0.42631690235350406,0.22306147519679356,0.23355260888364962,0.2092672573614959,0.22574488023544378
R01,04,161,191,175,0.12342104315757751,0.1452886313199997,0.08766791969537735,0.139668270945549,0,1.145572354211663,0.01631309005465769,0.4077633836538301,0.42873530194671283,0.3784511229278954,0.40819685119345595,0.2120382368542439,0.22252419600068526,0.19738210649127655,0.21225497062405682
R01,04,162,191,175,0.12696869671344757,0.1475869119167328,0.08946623653173447,0.14245784282684326,0,1.0367170626349889,0.014190788199327928,0.4220652040318712,0.4375384201803074,0.3876635416779878,0.41959283986996865,0.21812799611559958,0.22586460418981769,0.20092716493865787,0.2168918140346483
R01,04,163,191,175,0.12726576626300812,0.14846083521842957,0.0906480997800827,0.14455997943878174,0,1.0367170626349889,0.014190788199327928,0.4232627942899646,0.440885813950618,0.3937179915552319,0.42818051068310403,0.21872679124464628,0.22753830107497297,0.20395438987727993,0.221185649441216
R01,04,164,191,175,0.1233341321349144,0.1440727859735489,0.08601439744234085,0.13912619650363922,0,1.0367170626349889,0.014190788199327928,0.4074130152158119,0.4240782420760485,0.3699804579707536,0.4059823629261865,0.21080190170756993,0.21913451513768822,0.19208562308504076,0.21008657556275723
R01,04,165,191,175,0.1250670999288559,0.1451968103647232,0.08812219649553299,0.14215919375419617,0,1.0367170626349889,0.014190788199327928,0.4143992086869506,0.42838359957983496,0.38077829243822675,0.4183727955065453,0.2142949984431393,0.22128719388958146,0.19748454031877735,0.21628179185293664
R01,04,166,191,175,0.1256297379732132,0.14623509347438812,0.08866159617900848,0.1437966227531433,0,1.0367170626349889,0.014190788199327928,0.4166673975395335,0.4323605417283771,0.3835415295149088,0.4250620378435944,0.21542909286943074,0.22327566496385254,0.19886615885711836,0.2196264130214612
R01,04,167,191,175,0.12511427700519562,0.14511610567569733,0.08911319822072983,0.14301200211048126,0,1.0367170626349889,0.014190788199327928,0.41458939582364424,0.4280744759156008,0.38585499677085766,0.421856697261015,0.2143900920114861,0.2211326320574644,0.2000228924850928,0.21802374273017147
R01,04,168,191,175,0.12590274214744568,0.14695771038532257,0.09064993262290955,0.14468717575073242,0,1.0367170626349889,0.014190788199327928,0.4177679719335208,0.43512838570425766,0.3937273808437503,0.4287001344075917,0.21597938006642436,0.2246595869517928,0.20395908452153913,0.22144546130345982
R01,04,169,191,175,0.12478294223546982,0.14528724551200867,0.0909690111875534,0.14449654519557953,0,1.3455723542116629,0.020212398622188155,0.41325367059371665,0.4287299938778846,0.39536195673841423,0.4279213684390618,0.2167330346079524,0.22447119625003636,0.2077871776803012,0.22406688353062498
R01,04,170,191,175,0.12346121668815613,0.14467817544937134,0.08950347453355789,0.14226652681827545,0,2.0,0.032971475252444434,0.4079253370715578,0.4263970690898667,0.38785430453983644,0.41881127367986826,0.22044840616200112,0.22968427217115556,0.21041288989614043,0.22589137446615634
R01,04,171,191,180,0.12538911402225494,0.14731834828853607,0.08874674886465073,0.14188839495182037,0,2.0,0.032971475252444434,0.41569735904195665,0.43650973927179715,0.38397774975261756,0.4172665253630221,0.22433441714720054,0.2347406072621208,0.208474612502531,0.22511900030773327
R01,04,172,191,180,0.12820488214492798,0.15001130104064941,0.08970141410827637,0.14324116706848145,0,1.3455723542116629,0.020212398622188155,0.4270486957163201,0.4468245726772722,0.3888683095319799,0.42279288438131674,0.22363054716925412,0.23351848564973018,0.20454035407708404,0.22150264150175245
R01,04,173,191,180,0.1281847506761551,0.15004834532737732,0.09154297411441803,0.14501799643039703,0,1.0367170626349889,0.014190788199327928,0.42696753879222876,0.44696646363541215,0.39830225442256245,0.4300516065616862,0.22057916349577836,0.23057862591737005,0.2062465213109452,0.22212119738050706
R01,04,174,191,180,0.1276206076145172,0.14992515742778778,0.09128726273775101,0.14502772688865662,0,1.0367170626349889,0.014190788199327928,0.42469328269365536,0.4464946162697874,0.39699229600289304,0.43009135753311195,0.21944203544649166,0.2303427022345577,0.2055915421011105,0.22214107286621995
R01,04,175,191,180,0.12963920831680298,0.1510641723871231,0.09291832894086838,0.14830243587493896,0,1.0367170626349889,0.014190788199327928,0.4328309613605337,0.4508573922385332,0.4053479230917652,0.44346923346339046,0.2235108747799308,0.23252409021893058,0.20976935564554658,0.2288300108313592
R01,04,176,191,180,0.13296405971050262,0.15412837266921997,0.09304087609052658,0.14801034331321716,0,1.3455723542116629,0.020212398622188155,0.4462345890450047,0.4625942173298887,0.4059757077159522,0.44227597382803346,0.23322349383359642,0.24140330797603843,0.21309405316907018,0.2312441862251108
R01,04,177,191,180,0.12957020103931427,0.15095573663711548,0.09209297597408295,0.1475190818309784,0,2.0,0.032971475252444434,0.43255276912110596,0.4504420501217253,0.40111980433486083,0.4402690672032784,0.2327621221867752,0.24170676268708485,0.21704563979365263,0.23662027122786142
R01,04,178,191,185,0.12583476305007935,0.1468728631734848,0.09006930887699127,0.14489661157131195,0,2.0,0.032971475252444434,0.4174939246443242,0.4348033949095477,0.39075296111108415,0.4295557238461664,0.22523269994838432,0.23388743508099608,0.2118622181817643,0.23126359954930542
R01,04,179,191,185,0.13074234127998352,0.1519792526960373,0.09254062175750732,0.1477794200181961,0,1.3455723542116629,0.020212398622188155,0.4372780724563732,0.45436242994544174,0.40341300446803224,0.44133260353065934,0.22874523553928067,0.23728741428381495,0.2118127015451102,0.23077250107642375
R01,04,180,191,185,0.12546531856060028,0.14540237188339233,0.09062301367521286,0.14362622797489166,0,1.0367170626349889,0.014190788199327928,0.41600456593300245,0.4291709631226912,0.3935894804396168,0.42436593928577854,0.2150976770661652,0.22168087566100958,0.20389013431947237,0.21927836374255325
R01,04,181,191,185,0.12798954546451569,0.14839495718479156,0.09255535155534744,0.1463838815689087,0,1.0367170626349889,0.014190788199327928,0.4261805989657328,0.4406334809152452,0.4034884622867347,0.43563153503611357,0.22018569358253037,0.22741213455728657,0.20883962524303132,0.22491116161772076
R01,05,10,290,0,0.11978594213724136,0.1410585641860962,0.0906258225440979,0.14361640810966492,0,1.0367170626349889,0.014190788199327928,0.39310903225504157,0.41253284991856326,0.39360386971511035,0.42432582306806094,0.20364991022718476,0.2133618190589456,0.20389732895721915,0.21925830563369444
R01,05,11,290,0,0.12373021245002747,0.14560985565185547,0.09329786151647568,0.14825330674648285,0,1.0367170626349889,0.014190788199327928,0.4090097521668178,0.42996568947069636,0.40729219283617707,0.44326853062603855,0.21160027018307287,0.22207823883501215,0.2107414905177525,0.22872965941268325
R01,05,12,290,0,0.12119199335575104,0.14281277358531952,0.09132294356822968,0.14552372694015503,0,1.0367170626349889,0.014190788199327928,0.39877731176789816,0.4192520089149872,0.397175081786285,0.43211762221133315,0.20648404998361305,0.21672139855715758,0.2056829349928065,0.22315420520533055
R01,05,13,290,0,0.1252947896718979,0.1469852328300476,0.09327233582735062,0.14911435544490814,0,1.745572354211663,0.02801101575724909,0.41531710491205437,0.43523380509270676,0.4071614298180311,0.4467860959137371,0.22166406033465172,0.23162241042497791,0.2175862227876401,0.23739855583549307
R01,05,14,290,0,0.1238320916891098,0.1458129584789276,0.09288612008094788,0.14873574674129486,0,2.8,0.04856870952256629,0.4094204626701577,0.43074363547208316,0.4051829235215828,0.4452393996166679,0.228994586096362,0.23965617249732474,0.22687581652207456,0.24690405456961712
R01,05,15,290,7,0.12360402196645737,0.14502619206905365,0.09222804009914398,0.14757679402828217,0,2.8,0.04856870952256629,0.40850103461562076,0.42773007927786294,0.40181171092941714,0.44050483368464444,0.22853487206909354,0.23814939440021463,0.22519021022599173,0.24453677160360537
R01,05,16,290,7,0.12372152507305145,0.1456981897354126,0.09317119419574738,0.1490364968776703,0,1.745572354211663,0.02801101575724909,0.4089747303409516,0.43030403605149026,0.4066433013967435,0.44646802726794893,0.21849287304910034,0.22915752590436966,0.21732715857699628,0.237239521512599
R01,05,17,290,7,0.12541033327579498,0.1473659873008728,0.09406708180904388,0.14978596568107605,0,1.0367170626349889,0.014190788199327928,0.415782901203249,0.4366922112722692,0.41123275509024676,0.4495297651834634,0.21498684470128848,0.22544149973579858,0.21271177164478736,0.23186027669139567
R01,05,18,290,7,0.12368840724229813,0.14499059319496155,0.092845119535923,0.14656473696231842,0,1.0367170626349889,0.014190788199327928,0.40884122089328845,0.42759372469258683,0.40497288590078384,0.43637036741007174,0.2115160045463082,0.2208922564459574,0.2095818370500559,0.22528057780469984
R01,05,19,290,7,0.12540140748023987,0.14777974784374237,0.09396254271268845,0.14774981141090393,0,1.0367170626349889,0.014190788199327928,0.4157469182295031,0.43827704081155805,0.4106972221341446,0.4412116461336869,0.21496885321441553,0.226233914505443,0.21244400516673628,0.22770121716650743
R01,05,20,290,7,0.12451034039258957,0.14689481258392334,0.0930163636803627,0.14655883610248566,0,1.3455723542116629,0.020212398622188155,0.4121547181367764,0.43488746787066607,0.405850135523979,0.436346261154812,0.21618355837948228,0.2275499332464271,0.2130312670730836,0.22827932988850008
R01,05,21,290,7,0.12920261919498444,0.15186195075511932,0.09533967822790146,0.1514621376991272,0,2.0,0.032971475252444434,0.4310709193775943,0.45391312760333485,0.41775201291698927,0.45637728091363194,0.23202119731501936,0.24344230142788964,0.22536174408471685,0.24467437808303819
R01,05,22,290,12,0.1296657770872116,0.15097393095493317,0.09409868717193604,0.15058083832263947,0,2.0,0.032971475252444434,0.4329380692773766,0.45051173992859933,0.4113946630654292,0.45277698734083743,0.23295477226491051,0.24174160759052188,0.22218306915893682,0.24287423129664093
R01,05,23,290,12,0.12557893991470337,0.14742860198020935,0.09316850453615189,0.14794565737247467,0,1.3455723542116629,0.020212398622188155,0.4164626129694171,0.4369320446616916,0.406629522806682,0.4420117181359059,0.21833750579580263,0.22857222164193988,0.2134209607144351,0.23111205837904703
R01,05,24,290,12,0.1259501725435257,0.1479794979095459,0.09419675916433334,0.14958307147026062,0,1.0367170626349889,0.014190788199327928,0.41795918028983653,0.43904214471094105,0.41189706633684053,0.448700899598573,0.21607498424458224,0.2266164664551345,0.21304392726808424,0.23144584389895048
R01,05,25,290,12,0.1255609542131424,0.14715775847434998,0.09340084344148636,0.14858144521713257,0,1.545572354211663,0.024111707189718626,0.416390106376243,0.43589463112381877,0.40781974871382254,0.4446090453913786,0.22025090678298082,0.2300031691567687,0.21596572795177058,0.2343603762905486
R01,05,26,290,12,0.13236232101917267,0.15490804612636566,0.09767036885023117,0.15574109554290771,0,2.4,0.04077009238750536,0.44380877194015267,0.46558060534386975,0.42969167647110995,0.4738577249423314,0.242289432163829,0.25317534886568754,0.23523088442930765,0.2573139086649184
R01,05,27,290,18,0.12733405828475952,0.149209663271904,0.09480409324169159,0.14910055696964264,0,2.4,0.04077009238750536,0.42353810308575324,0.4437540546261639,0.41500831777413405,0.4467297262360338,0.2321540977366293,0.24226207350683462,0.2278892050808197,0.24374990931176957
R01,05,28,290,18,0.12694063782691956,0.14933526515960693,0.09503009170293808,0.15018926560878754,0,1.545572354211663,0.024111707189718626,0.4219520889407802,0.44423514830523136,0.41616606284985536,0.45117733033145524,0.2230318980652494,0.234173427747475,0.22013888501978698,0.23764451876058693
R01,05,29,290,18,0.12842142581939697,0.15123192965984344,0.09531863778829575,0.1510547399520874,0,1.0367170626349889,0.014190788199327928,0.4279216582780483,0.4514999539467953,0.4176442269382256,0.4547129753105986,0.22105622323868812,0.23284537107306164,0.21591750756877678,0.2344518817549633
R01,05,30,290,18,0.12819473445415497,0.14991067349910736,0.09546483308076859,0.1506340652704239,0,1.0367170626349889,0.014190788199327928,0.4270077868596908,0.44643913838913096,0.4183931562850032,0.45299443063323086,0.22059928752950939,0.23031496329422946,0.21629197224216556,0.2335926094162794
R01,05,31,290,18,0.1300716996192932,0.15239620208740234,0.09767985343933105,0.15367543697357178,0,1.0367170626349889,0.014190788199327928,0.43457448361429085,0.4559594737506365,0.4297402641308005,0.46541907461625626,0.2243826359068094,0.23507513097498223,0.22196552616506424,0.2398049314077921
R01,05,32,290,18,0.13269276916980743,0.15537118911743164,0.09818334132432938,0.15452668070793152,0,1.0367170626349889,0.014190788199327928,0.44514092290140267,0.46735458477667263,0.4323195322210659,0.4688965845606192,0.2296658555503653,0.2407726864880003,0.22325516021019692,0.2415436863799736
R01,05,33,290,18,0.1271999478340149,0.14872543513774872,0.09338170289993286,0.1481814980506897,0,1.0367170626349889,0.014190788199327928,0.42299745740342776,0.44189931264075927,0.40772169553413284,0.44297517697932975,0.21859412280137785,0.2280450504200436,0.2109562418667304,0.22858298258932885
R01,05,34,290,18,0.1320081651210785,0.15367016196250916,0.09469816833734512,0.15009164810180664,0,1.0367170626349889,0.014190788199327928,0.44238104683661605,0.46083913005603366,0.4144656855998839,0.4507785422551761,0.228285917517972,0.2375149591276808,0.21432823689960592,0.23248466522725203
R01,05,35,290,18,0.13217292726039886,0.1543314903974533,0.09631147980690002,0.15093356370925903,0,1.0367170626349889,0.014190788199327928,0.44304526009322415,0.46337222040728443,0.4227303587272144,0.4542179448364264,0.22861802414627605,0.2387815043033062,0.21846057346327116,0.23420436651787718
R01,05,36,290,18,0.13012610375881195,0.1519233137369156,0.09421084821224213,0.1494583636522293,0,1.0367170626349889,0.014190788199327928,0.4347938055460876,0.45414816660800916,0.4119692417213455,0.4481914418958742,0.22449229687270778,0.23416947740366856,0.21308001496033674,0.23119111504760106
R01,05,37,290,18,0.13098618388175964,0.15265481173992157,0.09363507479429245,0.1488834172487259,0,1.0367170626349889,0.014190788199327928,0.4382610864503259,0.4569500278851976,0.40901966925219746,0.44584266474198103,0.22622593732482693,0.23557040804226279,0.2116052287257627,0.2300167264706545
R01,05,38,290,18,0.13503286242485046,0.15765652060508728,0.09620721638202667,0.15194125473499298,0,1.0367170626349889,0.014190788199327928,0.45457464941230014,0.476108103958528,0.42219623798117395,0.45833457491708224,0.23438271880581404,0.24514944607892797,0.21819351309025095,0.2362626815582051
R01,05,39,290,18,0.1329801082611084,0.15633942186832428,0.09541613608598709,0.15144237875938416,0,1.0367170626349889,0.014190788199327928,0.4462992863116563,0.4710632126073484,0.41814369128599504,0.456296561483141,0.2302450372554921,0.24262700040333818,0.2161672397426615,0.23524367484123448
R01,05,40,290,18,0.13234461843967438,0.15465407073497772,0.0943978875875473,0.14894697070121765,0,1.0367170626349889,0.014190788199327928,0.4437374067100857,0.46460780184807837,0.4129274071642924,0.446102293981079,0.22896409745470683,0.23939929502370316,0.21355909768181017,0.23014654109020347
R01,05,41,290,18,0.13594283163547516,0.15802696347236633,0.09445977210998535,0.14884689450263977,0,1.545572354211663,0.024111707189718626,0.4582430505103635,0.47752701353992755,0.4132444292392254,0.4456934616317749,0.24117737885004106,0.2508193603648231,0.218678068214472,0.23490258441074677
R01,05,42,290,18,0.13780759274959564,0.16064287722110748,0.09372087568044662,0.14879842102527618,0,2.4,0.04077009238750536,0.46576054850787196,0.4875467639793593,0.4094592100919432,0.4454954372672297,0.2532653204476887,0.2641584281834323,0.22511465123972427,0.2431327648273675
R01,05,43,290,24,0.13016439974308014,0.1530304253101349,0.09538666158914566,0.1509442925453186,0,2.4,0.04077009238750536,0.43494818992426276,0.4583887428416875,0.41799269931291116,0.4542617743914441,0.23785914115588405,0.24957941761459643,0.22938139585020825,0.24751593338947472
R01,05,44,290,24,0.12621815502643585,0.14800992608070374,0.09200377762317657,0.14544551074504852,0,1.545572354211663,0.024111707189718626,0.4190395105066078,0.43915869392112683,0.4006628589603006,0.4317980925803777,0.2215756088481632,0.23163520055542272,0.21238728307500962,0.22795489988504816
R01,05,45,290,24,0.1286352127790451,0.15116266906261444,0.09395335614681244,0.1489126831293106,0,1.0367170626349889,0.014190788199327928,0.4287835075674176,0.4512346646574009,0.4106501611880343,0.4459622220281682,0.2214871478833728,0.23271272642836444,0.21242047469368114,0.23007650511374808
R01,05,46,290,24,0.12898768484592438,0.15259942412376404,0.09419509768486023,0.14980189502239227,0,1.0367170626349889,0.014190788199327928,0.43020444456405393,0.45673787636009455,0.4118885549086308,0.44959483989778826,0.22219761638169094,0.23546433227971125,0.21303967155397938,0.2318928140485581
R01,05,47,290,24,0.1296328604221344,0.15262866020202637,0.09361768513917923,0.1489461362361908,0,1.0367170626349889,0.014190788199327928,0.43280537079823694,0.4568498594895678,0.40893058551479156,0.4460988850156887,0.22349807949878245,0.23552032384444788,0.21156068685705975,0.2301448366075083
R01,05,48,290,24,0.12866567075252533,0.15091495215892792,0.09309276938438416,0.14787335693836212,0,1.0367170626349889,0.014190788199327928,0.42890629420904797,0.45028583308535,0.40624154671810825,0.44171635563459216,0.22154854120418796,0.23223831064233896,0.2102161674587181,0.22795357191696006
R01,05,49,290,24,0.12864302098751068,0.15108056366443634,0.0917496308684349,0.14655399322509766,0,0.945572354211663,0.012413781487127224,0.42881498516047745,0.45092017584832966,0.3993609157869274,0.43632647698067206,0.22061438332380234,0.23166697866772845,0.20588734863702732,0.22437012923389965
R01,05,50,290,24,0.12932147085666656,0.15260250866413116,0.09392570704221725,0.14806601405143738,0,1.8,0.02907216668491397,0.4315500515956196,0.45674969109393804,0.4105085203356293,0.4425034005190698,0.23031110914026678,0.242910928889426,0.21979034351027163,0.23578778360199187
R01,05,51,290,27,0.13137947022914886,0.15400059521198273,0.09434608370065689,0.1479000598192215,0,1.363282937365011,0.02055769376531721,0.43984655994961663,0.462104790553521,0.41266202617621045,0.44182544252708067,0.2302021268574669,0.2413312421594191,0.21660985997076382,0.23119156814619893
R01,05,52,290,30,0.12197764217853546,0.14375829696655273,0.09074028581380844,0.14442625641822815,0,1.8,0.02907216668491397,0.40194453431844585,0.4228736529080904,0.39419024223343385,0.4276342239793139,0.2155083505016799,0.2259729097965022,0.2116312044591739,0.22835319533211393
R01,05,53,290,30,0.12400267273187637,0.14555083215236664,0.09137696772813797,0.14495272934436798,0,0.945572354211663,0.012413781487127224,0.4101081339422045,0.42973961139942024,0.39745183679053964,0.4297849767686618,0.21126095771466588,0.22107669644327374,0.20493280913883344,0.2210993791278945
R01,05,54,290,30,0.1274038404226303,0.14925022423267365,0.09436057507991791,0.1491052806377411,0,1.145572354211663,0.01631309005465769,0.42381941905578996,0.44390941552240565,0.4127362626240487,0.44674902341511796,0.22006625455522383,0.23011125278853167,0.2145246763393532,0.23153105673488783
R01,05,55,290,30,0.12325441092252731,0.14513400197029114,0.09034910053014755,0.14420382678508759,0,1.6,0.025172858117383505,0.40709163139354065,0.4281430242022968,0.3921862779880354,0.4267255520796622,0.21613224475546208,0.22665794115984014,0.20867956805270946,0.22594920509852284
R01,05,56,290,34,0.12856905162334442,0.1505386233329773,0.0945533737540245,0.14918743073940277,0,1.508855291576674,0.023395851405182796,0.4285167890308037,0.44884437848043257,0.41372393180693334,0.44708462388291326,0.22595632021799325,0.23612011494280769,0.21855989160605807,0.23524023764404803
R01,05,57,290,34,0.1254393607378006,0.1473015993833542,0.09149020165205002,0.14597976207733154,0,1.308855291576674,0.01949654283765233,0.41589992095760125,0.436445585837787,0.39803191161534474,0.43398062179711344,0.2176982318976268,0.22797106433771966,0.20876422722649854,0.2267385823173829
R01,05,58,290,37,0.12872907519340515,0.1507459580898285,0.09347120672464371,0.1486881822347641,0,1.2,0.01737424098232257,0.42916189947330297,0.44963853406834864,0.40818020579011277,0.44504508858942277,0.22326807022781275,0.2335063875253356,0.21277722338621768,0.23120966478587268
R01,05,59,290,37,0.13025198876857758,0.15224876999855042,0.09434669464826584,0.14947834610939026,0,1.054427645788337,0.014536083342456985,0.4353012916265638,0.45539476371852194,0.4126651559390499,0.44827307444209463,0.22491868748451038,0.23496542353048946,0.21360061964075344,0.2314045788922758
R01,05,60,290,37,0.12616020441055298,0.14740553498268127,0.09050782769918442,0.14412014186382294,0,1.6,0.025172858117383505,0.4188058915001007,0.43684369099990533,0.3929994056408613,0.4263836815505241,0.22198937480874212,0.23100827455864442,0.2090861318791224,0.2257782698339538
R01,05,61,290,41,0.12782612442970276,0.14834101498126984,0.09246385097503662,0.14693917334079742,0,1.6,0.025172858117383505,0.42552179216594793,0.440426865763006,0.40301972304976724,0.4379000188801896,0.22534732514166572,0.23279986194019475,0.21409629058357538,0.23153643849878655
R01,05,62,290,41,0.12916085124015808,0.14962945878505707,0.09249080717563629,0.14758352935314178,0,1.854427645788337,0.03013331761257885,0.4309025382834211,0.4453619999490597,0.40315781429309827,0.44053234890529447,0.230517927948,0.23774765878081927,0.21664556595283857,0.23533283325893667
R01,05,63,290,41,0.13208410143852234,0.15353558957576752,0.095735564827919,0.1522594541311264,0,2.8,0.04856870952256629,0.44268717243629724,0.4603236766196049,0.41978006106911575,0.45963448646964894,0.24562794097943177,0.25444619307108557,0.23417438529584103,0.2541015979961076
R01,05,64,290,48,0.133527934551239,0.15466193854808807,0.09641654789447784,0.15253597497940063,0,2.8,0.04856870952256629,0.4485077638522134,0.4646379379807807,0.4232686015999214,0.4607641323758483,0.24853823668738986,0.2566033237516735,0.23591865556124386,0.2546664209492073
R01,05,65,290,48,0.13084764778614044,0.15091140568256378,0.0955975353717804,0.1503816843032837,0,1.454427645788337,0.022334700477517917,0.4377025994604837,0.4502722489952304,0.41907296367443625,0.45196340122582135,0.2300186499690008,0.23630347473637414,0.22070383207597707,0.23714905085166962
R01,05,66,290,48,0.13301752507686615,0.1540011614561081,0.095782071352005,0.1515015810728073,0,0.8,0.009575623847261638,0.4464501264570251,0.4621069594418594,0.42001830472330925,0.45653841540270396,0.22801287515214336,0.23584129164456052,0.21479696428528544,0.2330570196249828
R01,05,67,290,50,0.12882573902606964,0.1502571851015091,0.0937870666384697,0.15042062103748322,0,0.8,0.009575623847261638,0.4295515848667747,0.4477663839002277,0.40979829317811034,0.45212246598590644,0.21956360435701816,0.22867100387374467,0.20968695851268598,0.23084904491658403
R01,05,68,290,50,0.1269407421350479,0.1477930098772049,0.09398998320102692,0.14936086535453796,0,0.745572354211663,0.008514472919596758,0.4219525094429776,0.43832783845948425,0.41083779428704353,0.4477931408146508,0.21523349118128718,0.22342115568954052,0.20967613360332016,0.2281538068671238
R01,05,69,290,50,0.12408287078142166,0.14539311826229095,0.09293079376220703,0.14910773932933807,0,1.0367170626349889,0.014190788199327928,0.41043144006023513,0.4291355189211607,0.40541177788725796,0.44675906768814283,0.21231111412978154,0.22166315356024432,0.20980128304329296,0.2304749279437354
R01,05,70,290,50,0.12441334128379822,0.14578723907470703,0.09361544996500015,0.15005457401275635,0,1.0367170626349889,0.014190788199327928,0.41176368112909884,0.43064512228071167,0.4089191351629399,0.45062708679283714,0.2129772346642134,0.2224179552400198,0.2115549616811339,0.23240893749608255
R01,05,71,290,50,0.12236633151769638,0.14380644261837006,0.09295794367790222,0.14923878014087677,0,2.345572354211663,0.03970894145984048,0.4035114756851813,0.42305806549286523,0.40555086149441616,0.4472943970031785,0.2216102085725109,0.23138350347635286,0.22262990147712833,0.2435016692315095
R01,05,72,290,50,0.12726129591464996,0.1481553018093109,0.09709218144416809,0.15461406111717224,0,4.0,0.0719645609277491,0.42324477276722045,0.4397155274640123,0.4267297376219621,0.4692535519364856,0.24760466684748478,0.2558400441958807,0.2493471492748556,0.27060905643211736
R01,05,73,290,60,0.13716694712638855,0.15867623686790466,0.09380064904689789,0.14962640404701233,0,4.0,0.0719645609277491,0.4631778840834031,0.48001392939997345,0.40986787314952894,0.44887792230133894,0.2675712225055761,0.27598924516386125,0.24091621703863902,0.260421241614544
R01,05,74,290,60,0.14147213101387024,0.16278383135795593,0.09698744118213654,0.15512321889400482,0,2.345572354211663,0.03970894145984048,0.48053357163393096,0.49574727371092586,0.42619317413419333,0.47133356869398546,0.2601212565468857,0.2677281075853832,0.2329510577970169,0.255521255076913
R01,05,75,290,60,0.134701207280159,0.15540297329425812,0.09660547971725464,0.1537626087665558,0,1.0367170626349889,0.014190788199327928,0.4532376326399092,0.46747632790366883,0.4242364616741027,0.4657751897507751,0.23371421041961857,0.2408335580514984,0.21921362493671534,0.23998298897505152
R01,05,76,290,60,0.1273587942123413,0.14927932620048523,0.09557274729013443,0.1523936241865158,0,1.0367170626349889,0.014190788199327928,0.42363782217827106,0.4440208849677988,0.41894597927240135,0.46018259940489814,0.2189143051887995,0.22910583658356337,0.21656838373586465,0.23718669380211305
R01,05,77,290,60,0.12699829041957855,0.14900682866573334,0.09652954339981079,0.15392789244651794,0,1.0367170626349889,0.014190788199327928,0.42218450651243766,0.4429771359929374,0.4238474550538623,0.4664504083955756,0.2181876473558828,0.2285839620961327,0.21901912162659512,0.24032059829745178
R01,05,78,290,60,0.12430412322282791,0.1464509665966034,0.09517785906791687,0.15224137902259827,0,1.0367170626349889,0.014190788199327928,0.4113233852925872,0.43318740186939625,0.4169230456107686,0.45956064584432055,0.21275708674595759,0.2236890950343621,0.21555691690504827,0.23687571702182425
R01,05,79,290,60,0.12356321513652802,0.14516255259513855,0.09435666352510452,0.15031850337982178,0,1.545572354211663,0.024111707189718626,0.4083365281488376,0.4282523818353604,0.4127162245083083,0.45170529384627267,0.2162241176692781,0.2261820445125395,0.21841396584901346,0.23790850051799564
R01,05,80,290,60,0.12294428795576096,0.144457146525383,0.09530186653137207,0.15057526528835297,0,2.4,0.04077009238750536,0.40584141828903425,0.42555046064976615,0.41755831113149866,0.45275422032198104,0.2233057553382698,0.23316027651863575,0.229164201759502,0.2467621563547432
R01,05,81,290,66,0.1251581907272339,0.14700081944465637,0.0978219285607338,0.1531372219324112,0,2.4,0.04077009238750536,0.41476642724873464,0.4352935065980223,0.4304680866623315,0.46322035281391677,0.22776825981812,0.23803179949276382,0.23561908952491842,0.25199522260071106
R01,05,82,290,66,0.12368668615818024,0.1451207399368286,0.09754959493875504,0.15251293778419495,0,1.545572354211663,0.024111707189718626,0.4088342826070319,0.42809222655437057,0.4290729757927253,0.46067002058132417,0.21647299489837526,0.2261019668720446,0.22659234149122195,0.2423908638855214
R01,05,83,290,66,0.12930873036384583,0.15033765137195587,0.09978377819061279,0.15595455467700958,0,1.0367170626349889,0.014190788199327928,0.4314986902557987,0.4480745943483193,0.44051825132173084,0.4747297504640378,0.22284473922756332,0.23113269127382363,0.2273545197605294,0.24446026933168288
R01,05,84,290,66,0.12452001124620438,0.14578944444656372,0.09629178047180176,0.15172260999679565,0,1.0367170626349889,0.014190788199327928,0.4121937046976463,0.4306535695300297,0.42262944295956173,0.45744136511045064,0.21319224644848714,0.22242217886467883,0.21841011557944484,0.2358160766548893
R01,05,85,290,66,0.12507210671901703,0.14713020622730255,0.0961608961224556,0.15227240324020386,0,1.0367170626349889,0.014190788199327928,0.4144193927924241,0.4357890975833518,0.42195894852296806,0.45968738630758005,0.21430509049587604,0.2249899428913399,0.218074868361148,0.236939087253454
R01,05,86,290,66,0.12384605407714844,0.1457267701625824,0.09542059898376465,0.15057134628295898,0,1.0367170626349889,0.014190788199327928,0.40947674989286204,0.4304135078365717,0.41816655382185886,0.45273821035952316,0.211833769046095,0.2223021480179498,0.2161786710105934,0.23346449927942556
R01,05,87,290,66,0.12434660643339157,0.1460300236940384,0.09551292657852173,0.15031591057777405,0,1.0367170626349889,0.014190788199327928,0.41149464983039946,0.43157506169381477,0.4186395296890114,0.45169470170381004,0.2128427190148637,0.22288292494657136,0.21641515894416968,0.232942744951569
R01,05,88,290,66,0.12447874248027802,0.1455422341823578,0.09403939545154572,0.14926700294017792,0,1.0367170626349889,0.014190788199327928,0.41202733600684627,0.42970667854228156,0.4110909233986442,0.44740969308262785,0.2131090621030871,0.22194873337080476,0.2126408557989861,0.2308002406409779
R01,05,89,290,66,0.1215021088719368,0.14311768114566803,0.09302081912755966,0.1478787362575531,0,1.0367170626349889,0.014190788199327928,0.4000274948365334,0.4204198982092188,0.40587295989200334,0.441738331286483,0.20710914151793067,0.2173053432042734,0.21003187404566565,0.22796455974290547
R01,05,90,290,66,0.12301293015480042,0.14451192319393158,0.09412911534309387,0.1493612676858902,0,1.0367170626349889,0.014190788199327928,0.40611813877077113,0.42576027205850403,0.4115505405219698,0.447794784422964,0.21015446348504954,0.219975530128916,0.2128706643606489,0.23099278631114598
R01,05,91,290,66,0.12454961985349655,0.1456572711467743,0.09306275844573975,0.14787819981575012,0,1.0367170626349889,0.014190788199327928,0.41231306724995526,0.4301473053310348,0.40608780666058,0.4417361398087321,0.2132519277246416,0.22216904676518137,0.21013929742995396,0.22796346400403003
R01,05,92,290,66,0.12273449450731277,0.14343205094337463,0.0936039388179779,0.14767037332057953,0,1.0367170626349889,0.014190788199327928,0.40499566822664973,0.42162403076910565,0.40886016585090385,0.44088712480340997,0.20959322821298884,0.2179074094842168,0.2115254770251159,0.22753895650136896
R01,05,93,290,66,0.12636733055114746,0.14782458543777466,0.09408841282129288,0.1491122841835022,0,1.0367170626349889,0.014190788199327928,0.4196408887205812,0.4384487825223558,0.4113420296147511,0.4467776343746434,0.21691583845995457,0.22631978536084188,0.21276640890703952,0.23048421128698568
R01,05,94,290,66,0.12459748238325119,0.14596210420131683,0.09323405474424362,0.14723217487335205,1,1.0367170626349889,0.014190788199327928,0.412506017686803,0.43131490924522187,0.40696532345865166,0.4390969918528467,0.21334840294306548,0.2227528487222749,0.2105780558289898,0.2266438900260873
R01,05,95,290,66,0.12766197323799133,0.14844346046447754,0.09434988349676132,0.14923803508281708,1,1.0367170626349889,0.014190788199327928,0.4248600418507816,0.44081926332423377,0.41268149177435826,0.4472913532840801,0.21952541502505477,0.22750502576178086,0.2134361399868431,0.23074107074170402
R01,05,96,290,66,0.12331004440784454,0.14463235437870026,0.09271693229675293,0.14680518209934235,1,1.0367170626349889,0.014190788199327928,0.40731590924409206,0.42622156036248116,0.4043162082220912,0.43735263643752403,0.21075334872171,0.22020617428090455,0.20925349821070957,0.225771712318426
R01,05,97,290,66,0.12232327461242676,0.14402936398983002,0.09224554896354675,0.1462235003709793,1,1.0367170626349889,0.014190788199327928,0.40333789838528356,0.42391192258609683,0.40190140535225516,0.43497634406298086,0.20876434329230575,0.2190513553927124,0.20804609677579156,0.2245835661311544
R01,05,98,290,66,0.12178187072277069,0.14377819001674652,0.09186345338821411,0.14621803164482117,1,1.0367170626349889,0.014190788199327928,0.4011553117657356,0.42294984937997976,0.3999440058710534,0.43495400316479826,0.20767304998253178,0.21857031878965386,0.20706739703519067,0.2245723956820631
R01,05,99,290,66,0.12594641745090485,0.1473052203655243,0.09285342693328857,0.14847928285598755,1,1.0367170626349889,0.014190788199327928,0.41794404221073145,0.4364594553079511,0.4050154430418325,0.4441916906285989,0.2160674152050297,0.22532512175363953,0.20960311562058023,0.22919123941396344
R01,05,100,290,66,0.1329631507396698,0.1541159301996231,0.09709348529577255,0.15228676795959473,1,1.0367170626349889,0.014190788199327928,0.44623092466871334,0.46254655886245233,0.4267364169938756,0.4597460692117982,0.23021085643402064,0.23836867353089014,0.22046360259660178,0.2369684287055631
R01,05,101,290,66,0.12987235188484192,0.15112543106079102,0.09387343376874924,0.1487492173910141,1,1.0367170626349889,0.014190788199327928,0.43377084384338527,0.45109203171114515,0.41024073477365847,0.4452944300579679,0.2239808160213566,0.23264140995523655,0.2122157614864932,0.22974260912864794
R01,05,102,290,66,0.1263558715581894,0.14788848161697388,0.09328699111938477,0.14648742973804474,1,2.145572354211663,0.035809632892310025,0.41959469355061363,0.4386935244485441,0.4072365059583385,0.4360545511164164,0.22770216322146183,0.23725157867042707,0.22152306942532426,0.23593209200436321
R01,05,103,290,66,0.13060638308525085,0.15237422287464142,0.09646371006965637,0.15011751651763916,1,3.6,0.06416594379268817,0.4367299778779801,0.4558752866375004,0.4235102040239914,0.4508842201822743,0.25044796083533416,0.2600206152150943,0.24383807390833978,0.25752508198748125
R01,05,104,290,75,0.12344897538423538,0.1427638977766037,0.09386010468006134,0.147292360663414,1,3.6,0.06416594379268817,0.40787598813511,0.41906479960577603,0.41017245250878304,0.43934286348161955,0.2360209659638991,0.24161537169923208,0.23716919815073562,0.25175440363715385
R01,05,105,290,75,0.12438520044088364,0.14356738328933716,0.09526495635509491,0.1487632691860199,1,2.145572354211663,0.035809632892310025,0.41165023564342423,0.42214239508198864,0.4173692276545883,0.44535183460016475,0.22372993426786714,0.22897601398714934,0.22658943027344916,0.2405807337462374
R01,05,106,290,75,0.12375737726688385,0.14422443509101868,0.09493830054998398,0.149601548910141,1,1.0367170626349889,0.014190788199327928,0.40911926295335993,0.4246591046186834,0.4156958350671472,0.44877638383221463,0.21165502557634394,0.21942494640900567,0.21494331163323757,0.2314835860157713
R01,05,107,290,75,0.12961436808109283,0.14983175694942474,0.09962422400712967,0.15638628602027893,1,1.0367170626349889,0.014190788199327928,0.4327308217658185,0.44613686384596557,0.43970088703871985,0.4764934639328266,0.22346080498257323,0.23016382602264676,0.2269458376190239,0.24534212606607728
R01,05,108,290,75,0.1251097470521927,0.14548927545547485,0.09551484882831573,0.15166780352592468,1,0.945572354211663,0.012413781487127224,0.41457113401393014,0.4295038304066302,0.4186493769916038,0.45721746913356853,0.2134924577505287,0.22095880594687872,0.21553157923936553,0.2348156253103479
R01,05,109,290,75,0.12682221829891205,0.14731325209140778,0.09687329828739166,0.15284858644008636,1,1.2,0.01737424098232257,0.4214746988032868,0.43649021927675136,0.42560844283296856,0.4620412160351766,0.21942446989280467,0.22693223012953695,0.22149134190764558,0.2397077285087496
R01,05,110,290,78,0.12502393126487732,0.14507877826690674,0.09414518624544144,0.14957420527935028,1,1.2,0.01737424098232257,0.4142251808489843,0.4279315005132917,0.41163286855178327,0.44866467934130144,0.21579971091565342,0.22265287074780715,0.2145035547670529,0.23301946016181202
R01,05,111,290,78,0.1258646845817566,0.1462678760290146,0.09552077203989029,0.1500682830810547,1,0.945572354211663,0.012413781487127224,0.4176145487032253,0.43248610894797,0.41867972042401075,0.45068309122424866,0.21501416509517626,0.22244994521754863,0.215546750955569,0.23154843635568795
R01,05,112,290,78,0.12214889377355576,0.14239005744457245,0.09312035143375397,0.1482507735490799,1,1.0367170626349889,0.014190788199327928,0.40263490881890424,0.4176328766943459,0.4063828440599577,0.4432581819811038,0.2084128485091161,0.21591183244683693,0.21028681612964284,0.22872448509021587
R01,05,113,290,78,0.12257257103919983,0.14255262911319733,0.09367874264717102,0.14856944978237152,1,1.0367170626349889,0.014190788199327928,0.4043428986369842,0.4182555759515088,0.4092433709595394,0.4445600415138935,0.20926684341815607,0.21622318207541838,0.21171707957943367,0.22937541485661073
R01,05,114,290,78,0.11914294213056564,0.1389056295156479,0.09231410920619965,0.14692875742912292,1,1.0367170626349889,0.014190788199327928,0.39051687649526073,0.4042864510758364,0.40225262581138505,0.4378574676871932,0.20235383234729434,0.20923861963758217,0.2082217070053565,0.22602412794326057
R01,05,115,290,78,0.1198202446103096,0.13983118534088135,0.09223847091197968,0.14743231236934662,1,1.0367170626349889,0.014190788199327928,0.3932473174062319,0.4078316132170058,0.4018651459047249,0.43991459567707275,0.20371905280277994,0.21101120070816687,0.20802796705202642,0.22705269193820035
R01,05,116,290,78,0.11960228532552719,0.1393316239118576,0.09284495562314987,0.146597757935524,1,1.0367170626349889,0.014190788199327928,0.39236864802896804,0.40591814001843696,0.40497204620831473,0.4365052650405151,0.203279718114148,0.21005446410888245,0.20958141720382134,0.22534802661992154
R01,05,117,290,78,0.12045354396104813,0.13931237161159515,0.09220127761363983,0.1461445391178131,1,1.0367170626349889,0.014190788199327928,0.39580036646165784,0.4058443978149306,0.4016746120499133,0.434653770712927,0.2049955773304929,0.21001759300712927,0.20793270012462062,0.22442227945612747
R01,05,118,290,78,0.1218831017613411,0.1412033587694168,0.09378260374069214,0.14848744869232178,1,1.0367170626349889,0.014190788199327928,0.4015634091482776,0.4130874574971014,0.40977543064224653,0.44422504978991795,0.20787709867380277,0.21363912284821468,0.21198310942078724,0.22920791899462295
R01,05,119,290,78,0.12570732831954956,0.14573313295841217,0.09565118700265884,0.15059758722782135,1,1.0367170626349889,0.014190788199327928,0.41698019110263007,0.4304378792923745,0.4193478102867156,0.45284541014617063,0.215585489650979,0.22231433374585122,0.21676929924302177,0.2335180991727493
R01,05,120,290,78,0.12359769642353058,0.1430065780878067,0.09478890895843506,0.1491631120443344,1,1.0367170626349889,0.014190788199327928,0.40847553416093774,0.41999433948681675,0.4149305317172218,0.4469852768915398,0.21133316118013284,0.21709256384307235,0.21456065995827486,0.23058803254543386
R01,05,121,290,78,0.12266901135444641,0.14243431389331818,0.09430799633264542,0.14863364398479462,1,1.0367170626349889,0.014190788199327928,0.40473168295431866,0.4178023924407963,0.4124669121806582,0.44482228835141613,0.2094612355768233,0.21599659032006213,0.21332885018999306,0.22950653827537204
R01,05,122,290,78,0.1255781203508377,0.1445820927619934,0.09523807466030121,0.1494181603193283,1,1.0367170626349889,0.014190788199327928,0.4164593090235807,0.4260290429844417,0.4172315180896523,0.44802720281332176,0.21532504861145432,0.22010991559188484,0.21571115314449013,0.23110899550632485
R01,05,123,290,78,0.12319037318229675,0.14328917860984802,0.09222926944494247,0.14705520868301392,1,1.0367170626349889,0.014190788199327928,0.40683347308023027,0.4210767859957163,0.40181800862293554,0.4383740476925824,0.2105121306397791,0.21763378709752212,0.20800439841113175,0.2262824179459552
R01,05,124,290,78,0.12775956094264984,0.1474490463733673,0.09418594092130661,0.14917658269405365,1,1.0367170626349889,0.014190788199327928,0.42525345169228707,0.4370103529459104,0.4118416466338785,0.4470403073328398,0.2197221199458075,0.22560057057261917,0.21301621741660323,0.23061554776608387
R01,05,125,290,78,0.12842120230197906,0.14870329201221466,0.09668349474668503,0.1526692807674408,1,1.0367170626349889,0.014190788199327928,0.4279207572019111,0.44181449769152514,0.4246361171215651,0.4613087145969433,0.22105577270061952,0.22800264294542655,0.21941345266044654,0.23774975139813562
R01,05,126,290,78,0.12928356230258942,0.15005789697170258,0.0965796560049057,0.1526828408241272,1,1.0367170626349889,0.014190788199327928,0.43139722908274897,0.4470030493571208,0.42410417194237654,0.46136411028453506,0.22279400864103846,0.23059691877822439,0.21914748007085225,0.2377774492419315
R01,05,127,290,78,0.12674862146377563,0.14678852260112762,0.0935705304145813,0.1487525850534439,1,1.0367170626349889,0.014190788199327928,0.42117800446717507,0.4344803446991406,0.40868902125856105,0.44530818766829294,0.2176843963332515,0.22433556644923427,0.2114399047289445,0.22974948793381045
R01,05,128,290,78,0.12727802991867065,0.14710023999214172,0.09253416955471039,0.1475665122270584,1,1.145572354211663,0.01631309005465769,0.4233122333340262,0.43567431772944215,0.4033799511190205,0.44046283036108586,0.21981266169434194,0.22599370389204992,0.20984652058683909,0.22838796020787178
R01,05,129,290,78,0.12731806933879852,0.14788095653057098,0.09231549501419067,0.14752596616744995,1,1.6,0.025172858117383505,0.4234736461060716,0.43866470106404665,0.40225972502953306,0.44029719116774807,0.22432325211172754,0.23191877959071508,0.21371629157345828,0.2327350246425658
R01,05,130,290,82,0.12464989721775055,0.14695149660110474,0.094803586602211,0.1506689339876175,1,1.6,0.025172858117383505,0.41271732004097855,0.43510458500854393,0.41500572236104766,0.4531368766870384,0.21894508907918103,0.23013872156296372,0.22008929023921558,0.23915486740221095
R01,05,131,290,82,0.12427587062120438,0.14696553349494934,0.09481050074100494,0.15093089640140533,1,1.145572354211663,0.01631309005465769,0.411209489268844,0.43515835060893326,0.4150411421161088,0.454207048322054,0.21376128966175084,0.22573572033179548,0.21567711608538326,0.23526006918835585
R01,05,132,290,82,0.1250075399875641,0.14736919105052948,0.09515105187892914,0.15118034183979034,1,1.0367170626349889,0.014190788199327928,0.41415910193225564,0.43670448261418393,0.4167857177242277,0.45522608547621557,0.2141749450657918,0.22544763540675594,0.21548825296177782,0.23470843683777176
R01,05,133,290,82,0.12252821773290634,0.145042285323143,0.09325898438692093,0.14866973459720612,1,1.0367170626349889,0.014190788199327928,0.4041640950954906,0.4277917213674812,0.4070930330496372,0.4449697261045451,0.20917744164740928,0.2209912547834046,0.21064191062448256,0.22958025715193653
R01,05,134,290,82,0.12464629113674164,0.14675481617450714,0.09484975039958954,0.15071849524974823,1,1.0367170626349889,0.014190788199327928,0.4127027826792982,0.43435123876699555,0.41524221029462394,0.4533393448814674,0.21344678543931309,0.22427101348316175,0.21471649924697594,0.23376506654039766
R01,05,135,290,82,0.1265282779932022,0.14785942435264587,0.09474873542785645,0.15020598471164703,1,1.945572354211663,0.031910324324779554,0.4202897236111143,0.43858222623117765,0.4147247307266079,0.4512456313880245,0.22610002396794693,0.2352462752779786,0.22331752752569373,0.241577977856402
R01,05,136,290,82,0.1254134178161621,0.14699268341064453,0.09561634808778763,0.1507461816072464,1,3.2,0.05636732665762723,0.4157953360539425,0.4352623430971597,0.4191693374691877,0.4534524494831658,0.23608133135578485,0.24581483487739347,0.23776833206340747,0.25490988807039655
R01,05,137,290,90,0.12574678659439087,0.1461619734764099,0.0932866707444191,0.14789748191833496,1,3.2,0.05636732665762723,0.4171392610767187,0.4320804697526761,0.40723486474123977,0.441814911259,0.23675329386717298,0.24422389820515167,0.2318010956994335,0.24909111895831362
R01,05,138,290,90,0.12570850551128387,0.14605256915092468,0.09308701753616333,0.14717552065849304,1,1.945572354211663,0.031910324324779554,0.41698493677028603,0.4316614176952893,0.40621208114601,0.43886554745260037,0.2244476305475328,0.23178587101003445,0.21906120273539476,0.23538793588868995
R01,05,139,290,90,0.1267237514257431,0.1470646858215332,0.09485255181789398,0.1494390070438385,1,1.0367170626349889,0.014190788199327928,0.4210777447289749,0.4355381343721928,0.415256561402278,0.4481123660736964,0.21763426646415143,0.22486446128576038,0.21472367480080298,0.2311515771365122
R01,05,140,290,90,0.1254962682723999,0.14592725038528442,0.09433694928884506,0.1499733030796051,1,1.0367170626349889,0.014190788199327928,0.41612933494213467,0.43118140846039105,0.41261523240497666,0.45029507791357803,0.2151600615707313,0.2226860983298595,0.2134030103021523,0.232242933056453
R01,05,141,290,90,0.12294714897871017,0.1429494023323059,0.09326490014791489,0.1477193832397461,1,1.0367170626349889,0.014190788199327928,0.4058529520635905,0.419775338840645,0.4071233383142046,0.44108734064570615,0.21002187013145923,0.21698306351998647,0.21065706325676628,0.22763906442251705
R01,05,142,290,90,0.12455509603023529,0.14446452260017395,0.09466242790222168,0.14994122087955475,1,1.0367170626349889,0.014190788199327928,0.4123351436153169,0.4255787132741745,0.41428259447377586,0.4501640153691987,0.21326296590732244,0.21988475073675123,0.2142366913365519,0.23217740178426333
R01,05,143,290,90,0.12614111602306366,0.14611774682998657,0.09563437849283218,0.15147781372070312,1,1.0367170626349889,0.014190788199327928,0.4187289395979831,0.43191106815824354,0.4192617036407911,0.4564413207634634,0.2164598638986555,0.22305092817878575,0.2167262459200595,0.23531605448139567
R01,05,144,290,90,0.12633094191551208,0.14583460986614227,0.09568973630666733,0.15088053047657013,1,1.0367170626349889,0.014190788199327928,0.4194941935254436,0.43082656691302335,0.4195452906883172,0.45400129291099867,0.21684249086238577,0.22250867755617565,0.21686803944382257,0.2340960405551633
R01,05,145,290,90,0.12694399058818817,0.14747212827205658,0.09632653743028641,0.1526876538991928,1,1.0367170626349889,0.014190788199327928,0.4219656050828383,0.4370987636837056,0.4228074959308551,0.4613837727099111,0.21807819664108313,0.22564477594151677,0.21849914206509152,0.23778728045461953
R01,05,146,290,90,0.12647011876106262,0.14702627062797546,0.0965985581278801,0.15251684188842773,1,1.0367170626349889,0.014190788199327928,0.42005526360021245,0.4353909924212335,0.42420100375120207,0.46068596966940006,0.2171230258997702,0.22479089031028074,0.219195895975265,0.237438378934364
R01,05,147,290,90,0.12803645431995392,0.1486949324607849,0.09724032133817673,0.15438729524612427,1,1.0367170626349889,0.014190788199327928,0.42636970481106173,0.44178247805052895,0.4274886287748506,0.46832716559168086,0.22028024650519484,0.22798663312492845,0.22083970848708928,0.2412589768955044
R01,05,148,290,90,0.12292291969060898,0.1433132290840149,0.09569410979747772,0.15084555745124817,1,1.0367170626349889,0.014190788199327928,0.40575527541031703,0.42116890667409035,0.41956769521010695,0.45385842073651733,0.2099730318048225,0.21767984743670915,0.21687924170471745,0.23402460446792264
R01,05,149,290,90,0.12695708870887756,0.1474270224571228,0.09711390733718872,0.1537664383649826,1,1.0367170626349889,0.014190788199327928,0.4220184081444788,0.43692599460474757,0.42684103504196025,0.46579083446694114,0.21810459817190336,0.22555839140203776,0.2205159116206441,0.23999081133313455
R01,05,150,290,90,0.12621329724788666,0.14639399945735931,0.09650569409132004,0.15268872678279877,1,1.0367170626349889,0.014190788199327928,0.4190199271185592,0.43296920028734914,0.4237252797996051,0.46138815566541286,0.21660535765894356,0.22357999424333855,0.21895803399946653,0.2377894719323704
R01,05,151,290,90,0.12253358960151672,0.1426226943731308,0.09444336593151093,0.1496032178401947,1,2.345572354211663,0.03970894145984048,0.4041857509586549,0.4185239473453841,0.41316038365663416,0.44878320176299513,0.2219473462092477,0.2291164444026123,0.22643466255823733,0.24424607161141781
R01,05,152,290,90,0.12363883852958679,0.1439821422100067,0.09543275088071823,0.15101709961891174,1,6.2,0.11485695517058422,0.4086413922419267,0.4237310487138742,0.4182288055680924,0.4545592066217448,0.26174917370625544,0.2692940019422292,0.2665428803693383,0.2847080808961645
R01,05,153,290,100,0.1458486169576645,0.1678115427494049,0.0958828255534172,0.15090502798557281,1,7.363282937365011,0.13753695079123118,0.49817670247222856,0.515004947419797,0.4205344484169426,0.45410137039495574,0.31785682663172987,0.3262709491055141,0.2790356996040869,0.29581916059309343
R01,05,154,290,111,0.16227997839450836,0.185553640127182,0.09397146850824356,0.14849577844142914,1,6.4,0.1187562637381147,0.5644172121881721,0.582962611575571,0.41074294720587223,0.44425907856943864,0.34158673796314337,0.35085943765684285,0.26474960547199344,0.2815076711537767
R01,05,155,290,111,0.1622915118932724,0.1849297732114792,0.09528697282075882,0.14973635971546173,1,2.545572354211663,0.04360825002737095,0.5644637077168521,0.5805730103107096,0.4174820136203271,0.44932711436588846,0.3040359788721115,0.31209063016904026,0.23054513182384903,0.2464676821966297
R01,05,156,290,111,0.16104057431221008,0.1842835247516632,0.09377111494541168,0.1494232714176178,1,1.0367170626349889,0.014190788199327928,0.5594207450073474,0.5780976808804716,0.409716575833729,0.4480480827263371,0.2868057666033377,0.2961442345398998,0.21195368201652848,0.23111943546283253
R01,05,157,290,111,0.1628599464893341,0.18613629043102264,0.09458820521831512,0.15023565292358398,1,1.145572354211663,0.01631309005465769,0.5667552644772599,0.5851943405997989,0.4139023664566217,0.45136683228252483,0.29153417726595876,0.3007537153272283,0.2151077282556397,0.23383996116859126
R01,05,158,290,111,0.1586340218782425,0.18160641193389893,0.09217116236686707,0.14644403755664825,1,1.6,0.025172858117383505,0.5497190985249865,0.5678435192724636,0.4015203376426319,0.43587728491612254,0.28744597832118496,0.2965081886949235,0.2133465978800077,0.23052507151675303
R01,05,159,290,115,0.16335248947143555,0.18769590556621552,0.09705649316310883,0.1540166139602661,1,2.8,0.04856870952256629,0.568740875853214,0.5911681439959213,0.4265469136707306,0.4668128544658192,0.30865479268789014,0.3198684267592438,0.23755781159664846,0.25769078199419276
R01,05,160,290,115,0.16139458119869232,0.1846107542514801,0.09736344963312149,0.15380823612213135,1,3.545572354211663,0.06310479286502328,0.5608478693934592,0.5793510700360442,0.42811939049051906,0.4659615871083643,0.3119763311292412,0.32122793145053374,0.24561209167777118,0.2645331899866938
R01,05,161,290,109,0.13450878858566284,0.15686553716659546,0.09468974173069,0.15081192553043365,1,3.436717062634989,0.060982491009693524,0.45246192622925707,0.4730783952537874,0.4144225177734031,0.4537210272564132,0.2567222086194753,0.26703044313174046,0.23770250439154833,0.25735175913305336
R01,05,162,290,109,0.1330750286579132,0.15555866062641144,0.09386701136827469,0.1498006135225296,1,2.236717062634989,0.037586639604510724,0.44668194331125777,0.4680726580447172,0.4102078340960047,0.44958960470093895,0.24213429145788423,0.25282964882461395,0.2238972368502577,0.24358812215272485
R01,05,163,290,109,0.1342698186635971,0.15633176267147064,0.0939573347568512,0.14995108544826508,1,1.0367170626349889,0.014190788199327928,0.45149855569509556,0.4710338755387708,0.41067054281433024,0.45020431421006224,0.23284467194721176,0.24261233186904937,0.2124306655068291,0.2321975512046951
R01,05,164,290,109,0.13308629393577576,0.1551002711057663,0.09312300384044647,0.14904651045799255,1,1.0367170626349889,0.014190788199327928,0.4467273575485731,0.4663168858587553,0.4063964318108217,0.4465089348526321,0.23045907287395054,0.24025383702904163,0.21029361000507482,0.23034986152598003
R01,05,165,290,109,0.1328432857990265,0.15417443215847015,0.09260091185569763,0.14791521430015564,1,2.236717062634989,0.037586639604510724,0.44574770757219934,0.4627706392734167,0.403721858625311,0.44188735177354316,0.24166717358835504,0.25017863943896373,0.22065424911491088,0.23973699568902695
R01,05,166,290,109,0.12832605838775635,0.15046679973602295,0.09097351133823395,0.14540010690689087,1,3.436717062634989,0.060982491009693524,0.4275371991261724,0.44856927211750636,0.39538501011347554,0.43161260833851806,0.24425984506793297,0.2547758815635999,0.22818375056158452,0.24629754967410578
R01,05,167,290,103,0.13290753960609436,0.15495623648166656,0.09387124329805374,0.14944203197956085,1,3.436717062634989,0.060982491009693524,0.4460067369257757,0.4657651891566713,0.41022951342884384,0.44812472357323613,0.2534946139677346,0.26337384008318243,0.2356060022192687,0.2545536072914648
R01,05,168,290,103,0.13320785760879517,0.15492694079875946,0.09477178007364273,0.1501179337501526,1,2.236717062634989,0.037586639604510724,0.44721742282372995,0.4656529777231624,0.41484278385419854,0.45088592466496946,0.24240203121412035,0.25161980866383654,0.22621471172935464,0.24423628213474008
R01,05,169,290,103,0.13172733783721924,0.15388894081115723,0.09416460245847702,0.15000244975090027,1,1.0367170626349889,0.014190788199327928,0.44124893477782645,0.4616771200187894,0.4117323339415347,0.4504141482047095,0.2277198614885772,0.23793395410905868,0.21296156107043132,0.23230246820201872
R01,05,170,290,103,0.13011498749256134,0.15204976499080658,0.09313225746154785,0.14830870926380157,1,1.0367170626349889,0.014190788199327928,0.43474899202619705,0.4546325136195843,0.4064438362674876,0.4434948615781994,0.2244698901127625,0.23441165090945612,0.21031731223340777,0.22884282488876367
R01,05,171,290,103,0.12943360209465027,0.15097598731517792,0.0918085128068924,0.14652402698993683,1,1.0367170626349889,0.014190788199327928,0.43200209145778623,0.45051961641782834,0.3996625562225396,0.43620405859853234,0.2230964398285571,0.23235520230857815,0.20692667221093378,0.22519742339893015
R01,05,172,290,103,0.12786076962947845,0.1500069499015808,0.09353996813297272,0.14910723268985748,1,1.0367170626349889,0.014190788199327928,0.42566145896721536,0.4468079064826717,0.4085324567809093,0.4467569979591559,0.21992612358327165,0.23049934734099983,0.21136162249011864,0.23047389307924193
R01,05,173,290,103,0.12487868219614029,0.14696308970451355,0.09158891439437866,0.14712823927402496,1,1.0367170626349889,0.014190788199327928,0.41363963153915456,0.4351489901434727,0.39853759732095356,0.43867239303861266,0.21391520986924126,0.22466988917140032,0.20636419276014076,0.2264315906189703
R01,05,174,290,103,0.12452695518732071,0.14567610621452332,0.09120212495326996,0.1458704173564911,1,1.0367170626349889,0.014190788199327928,0.41222169812964227,0.4302194494062918,0.3965561521008633,0.43353392558222464,0.2132062431644851,0.22220511880280988,0.20537347015009563,0.2238623568907763
R01,05,175,290,103,0.12668971717357635,0.1484808474779129,0.0938948541879654,0.14882607758045197,1,1.0367170626349889,0.014190788199327928,0.4209405408691492,0.44096246703057856,0.41035046731223684,0.4456084201201642,0.2175656645342386,0.22757662761495326,0.2122706277557824,0.22989960415974608
R01,05,176,290,103,0.12540118396282196,0.14732684195041656,0.09222837537527084,0.14638769626617432,1,1.0367170626349889,0.014190788199327928,0.4157460171533659,0.4365422725968735,0.40181342848219487,0.43564711887789764,0.21496840267634693,0.22536653039810073,0.2080021083407614,0.2249189535386128
R01,05,177,290,103,0.12804237008094788,0.14963394403457642,0.09524606913328171,0.14955516159534454,1,1.0367170626349889,0.014190788199327928,0.4263935532928266,0.44537917982774033,0.41727247218144176,0.44858688188114504,0.22029217074607726,0.22978498401353414,0.21573163019038485,0.2313888350402365
R01,05,178,290,103,0.12775546312332153,0.1487307846546173,0.09592363983392715,0.1507195383310318,1,1.0367170626349889,0.014190788199327928,0.4252369319631049,0.44191980292795646,0.4207435318417539,0.45334360608820523,0.21971386008121643,0.2280552955636422,0.21746716002054092,0.2337671971437666
R01,05,179,290,103,0.12501773238182068,0.14525926113128662,0.09250592440366745,0.1471068263053894,1,1.0367170626349889,0.014190788199327928,0.4142001910041124,0.4286228051331594,0.403235256839455,0.43858491655172316,0.21419548960172016,0.2214067966662437,0.20871302251939147,0.22638785237552556
R01,05,180,290,103,0.12608855962753296,0.14726966619491577,0.09439926594495773,0.14960364997386932,1,1.0367170626349889,0.014190788199327928,0.41851706656225396,0.43632327195070175,0.41293446821460095,0.44878496712007226,0.21635392738079096,0.22525703007501485,0.21356262820696445,0.2314878776597001
R01,05,181,290,103,0.12467285245656967,0.1454428732395172,0.09395918250083923,0.14833834767341614,1,1.0367170626349889,0.014190788199327928,0.4128098605602699,0.4293260957148973,0.41068000843852764,0.4436159407239358,0.21350032437979893,0.22175844195711264,0.2124353983189278,0.22890336446163187
R01,05,182,290,103,0.1275235414505005,0.14862079918384552,0.09534884244203568,0.1514958143234253,1,1.0367170626349889,0.014190788199327928,0.4243019753631367,0.4414985249062223,0.41779895935958106,0.45651485701688194,0.21924638178123232,0.22784465655277514,0.2159948737794545,0.23535282260810494
R01,05,183,290,103,0.12621887028217316,0.14741067588329315,0.09394515305757523,0.14941807091236115,1,1.0367170626349889,0.014190788199327928,0.4190423939502469,0.4368633822229778,0.4106081383967387,0.44802683756702993,0.21661659107478742,0.2255270852111529,0.21239946329803333,0.23110881288317894
R01,05,184,290,103,0.12387588620185852,0.14441250264644623,0.09239240735769272,0.14707370102405548,1,1.0367170626349889,0.014190788199327928,0.40959701352130823,0.4253794609270842,0.40265373163674867,0.43844959280060597,0.2118939008603181,0.21978512456320606,0.2084222599180383,0.22632019049996696
R01,05,185,290,103,0.12540164589881897,0.1465117633342743,0.09358770400285721,0.14907556772232056,1,1.0367170626349889,0.014190788199327928,0.41574787937738283,0.43342027198573213,0.4087769981286213,0.44662763989747173,0.2149693337883554,0.22380553009253004,0.21148389316397462,0.23040921404839984
R01,05,186,290,103,0.12343686074018478,0.1443188339471817,0.09239708632230759,0.14693476259708405,0,1.0367170626349889,0.014190788199327928,0.4078271498084733,0.425020681135102,0.40267770103995815,0.4378820000631267,0.21100896900390062,0.21960573466721497,0.20843424461964305,0.22603639413122734
R01,05,187,290,103,0.1227092519402504,0.14328548312187195,0.09097903221845627,0.14484377205371857,0,1.0367170626349889,0.014190788199327928,0.40489390669488756,0.4210626311455076,0.39541329248254914,0.42933986328770424,0.20954234744710776,0.2176267096724178,0.20480204034093855,0.2217653257435161
R01,05,188,290,103,0.12370167672634125,0.1441156417131424,0.09101278334856033,0.14507357776165009,0,1.0367170626349889,0.014190788199327928,0.4088947147799674,0.42424239267766173,0.3955861927955092,0.43027866800643066,0.21154275148964768,0.21921659043849484,0.20488849049741858,0.2222347281028793
R01,05,189,290,103,0.12228929251432419,0.14307036995887756,0.09037978947162628,0.14440330862998962,0,1.0367170626349889,0.014190788199327928,0.40320090477655657,0.4202386818809427,0.3923434913189587,0.4275404774310816,0.20869584648794226,0.21721473504013533,0.20326713975914332,0.22086563281520477
R01,05,190,290,103,0.12371738255023956,0.14529605209827423,0.09275949746370316,0.14763116836547852,0,1.0367170626349889,0.014190788199327928,0.408958030396542,0.42876372579914795,0.4045342610891863,0.44072696430444946,0.21157440929793497,0.22147725699923795,0.20936252464425711,0.2274588762518887
R01,05,191,290,103,0.12281839549541473,0.14399312436580658,0.09202983230352402,0.14620359241962433,0,1.0367170626349889,0.014190788199327928,0.4053339021726868,0.4237731137324378,0.4007963318950515,0.43489501588867024,0.20976234518600737,0.21898195096588288,0.20749356004718972,0.2245429020439991
R01,05,192,290,103,0.12568481266498566,0.14724671840667725,0.09395718574523926,0.14911696314811707,0,1.545572354211663,0.024111707189718626,0.41688942269974183,0.4362353748969867,0.41066977945754013,0.4467967489305817,0.22050056494473022,0.23017354104335266,0.21739074332362937,0.23545422806015015
R01,05,193,290,103,0.12522117793560028,0.14673803746700287,0.09346851706504822,0.14917410910129547,0,2.4,0.04077009238750536,0.41502035050420016,0.43428697118096754,0.4081664272000513,0.44703020218543293,0.22789522144585275,0.23752853178423644,0.22446825979377832,0.24390014728646914
R01,05,194,290,109,0.12260173261165619,0.14371103048324585,0.0909053310751915,0.14620009064674377,0,2.4,0.04077009238750536,0.4044604590370187,0.42269260780784107,0.39503573621416044,0.4348807104089075,0.22261527571226203,0.2317313500976732,0.2179029143008329,0.23782540139820643
R01,05,195,290,109,0.12603944540023804,0.14759695529937744,0.09269184619188309,0.14892266690731049,0,1.545572354211663,0.024111707189718626,0.4183190700990379,0.4375768894103099,0.40418769710647606,0.4460030078640875,0.22121538864437826,0.23084429830001427,0.21414970214809734,0.23505735752690304
R01,05,196,290,109,0.1248563602566719,0.14682315289974213,0.09192035347223282,0.14726775884628296,0,1.0367170626349889,0.014190788199327928,0.41354964406891864,0.4346129893438378,0.40023549366135713,0.4392423598769887,0.2138702161341233,0.22440188877158287,0.20721314093034254,0.22671657403815831
R01,05,197,290,109,0.12797623872756958,0.1506626307964325,0.0936378464102745,0.14954720437526703,0,1.0367170626349889,0.014190788199327928,0.4261269548996976,0.4493193650265471,0.40903386768849354,0.44855437496117356,0.22015887154951277,0.23175507661293754,0.21161232794391074,0.23137258158025076
R01,05,198,290,109,0.1297500729560852,0.1511838287115097,0.09365333616733551,0.14858341217041016,0,1.0367170626349889,0.014190788199327928,0.4332778951245894,0.4513157125900472,0.40911321862682554,0.4446170808097985,0.22373434166195869,0.23275325039468758,0.21165200341307674,0.22940393450456323
R01,05,199,290,109,0.1299198418855667,0.15134724974632263,0.09366970509290695,0.14820507168769836,0,0.945572354211663,0.012413781487127224,0.433962292486671,0.45194166517971773,0.40919707337021916,0.44307148025160475,0.22318803698689912,0.2321777233334225,0.2108054274286732,0.227742630869366
R01,05,200,290,109,0.1340099573135376,0.15675488114356995,0.09540450572967529,0.15132583677768707,0,1.2,0.01737424098232257,0.4504509645779762,0.47265454881165253,0.4180841112885269,0.4558204629417612,0.23391260278014936,0.24501439489698756,0.21772917613542475,0.2365973519620419
R01,05,201,290,112,0.1281297355890274,0.1496221125125885,0.09278105944395065,0.14835350215435028,0,1.108855291576674,0.015597234270121866,0.4267457539189904,0.4453338614766691,0.4046447188167153,0.44367784997039833,0.22117149409455614,0.2304655478733955,0.2101209765434186,0.2296375421202601
R01,05,202,290,112,0.1288604885339737,0.15029193460941315,0.09121137857437134,0.14662830531597137,0,1.108855291576674,0.015597234270121866,0.42969167217023946,0.44789948515299616,0.3966035565575292,0.4366300575235516,0.22264445322018067,0.23174835971155902,0.20610039541382555,0.22611364589683675
R01,05,203,290,115,0.12482409924268723,0.14618892967700958,0.09000782668590546,0.1439889669418335,0,0.9088552915766741,0.0116979257025914,0.41341958874644813,0.4321837202527868,0.3904380000994845,0.4258478043660507,0.21255875722451978,0.22194082297768908,0.20106796290103796,0.21877286503432103
R01,05,204,290,115,0.12874707579612732,0.15116716921329498,0.09265199303627014,0.1480860561132431,0,1.308855291576674,0.01949654283765233,0.42923446613821953,0.45125190161209044,0.40398353733296094,0.4425852765628181,0.22436550448793594,0.2353742222248714,0.21174004008530664,0.23104090970023522
R01,05,205,290,117,0.12975719571113586,0.15180058777332306,0.09387357532978058,0.1492687463760376,0,0.9632829373650111,0.01275907663025628,0.4333066094174951,0.45367808859866054,0.4102414599626091,0.44741681538531825,0.2230328430238757,0.2332185826144584,0.21150026829643268,0.23008794600778726
R01,05,206,290,120,0.12991847097873688,0.15213778614997864,0.09192350506782532,0.14711737632751465,0,1.4,0.021273549549853034,0.4339567658863628,0.45496966160419117,0.400251638657468,0.4386280156141572,0.22761515771810792,0.2381216055770221,0.21076259410366052,0.22995078258200513
R01,05,207,290,120,0.13167007267475128,0.15375544130802155,0.09311304986476898,0.1502365618944168,0,0.6,0.005676315279731171,0.4410180790714735,0.46116577605500186,0.40634543957724234,0.4513705456198249,0.22334719717560234,0.23342104566736652,0.20601087742848675,0.22852343044977805
R01,05,208,290,121,0.1267186552286148,0.147886723279953,0.0907791256904602,0.14578290283679962,0,0.691144708423326,0.0074533219919318775,0.42105720019304654,0.4386867894794932,0.39438921118077624,0.4331764103369205,0.2142552610924892,0.22307005573571254,0.20092126658635406,0.2203148661644262
R01,05,209,290,121,0.12442513555288315,0.14609040319919586,0.09095896780490875,0.14593707025051117,0,0.8367170626349889,0.010291479631797463,0.41181122791327224,0.4318063336819013,0.39531050649076077,0.43380621669277214,0.21105135377253484,0.22104890665684937,0.2028009930612791,0.2220488481622848
R01,05,210,290,121,0.1256399154663086,0.1463782638311386,0.09126695990562439,0.14487643539905548,0,1.0367170626349889,0.014190788199327928,0.4167084265396478,0.4329089280219446,0.39688828864024045,0.42947329993298033,0.21544960736948787,0.22354985811063627,0.2055395384197842,0.22183204406615414
R01,05,211,290,121,0.12497847527265549,0.14572590589523315,0.09058746695518494,0.14510023593902588,0,1.0367170626349889,0.014190788199327928,0.4140419319985472,0.43041019742805514,0.3934073816773359,0.43038757227577323,0.21411636009893759,0.22230049281369155,0.20379908493833193,0.2222891802375506
R01,05,212,290,121,0.12760579586029053,0.14871853590011597,0.09204746782779694,0.14710354804992676,0,1.0367170626349889,0.014190788199327928,0.42463357138162966,0.4418728864486358,0.40088667517116106,0.43857152418768997,0.2194121797904788,0.22803183732398188,0.2075387316852445,0.22638115619350896
R01,05,213,290,121,0.12794741988182068,0.14876413345336914,0.09231902658939362,0.14679235219955444,0,1.545572354211663,0.024111707189718626,0.4260107761497401,0.4420475390358877,0.4022778165854587,0.4373002235946487,0.22506124166972935,0.23307962311280317,0.21319476188758865,0.23070596539218366
R01,05,214,290,121,0.13068550825119019,0.1518431007862091,0.09641263633966446,0.15282557904720306,0,3.2,0.05636732665762723,0.43704895883055217,0.45384092645206897,0.423248563484181,0.46194722598941645,0.2467081427440897,0.2551041265548481,0.2398079450709041,0.25915727632352187
R01,05,215,290,127,0.13031525909900665,0.15183095633983612,0.0955161526799202,0.15176355838775635,0,2.963282937365011,0.051752162305560935,0.43555635624513644,0.4537944095048107,0.41865605636351727,0.45760864791210154,0.2436542592753487,0.25277328590518583,0.2352041093345391,0.2546804051088312
R01,05,216,290,131,0.13591891527175903,0.15699726343154907,0.09322928637266159,0.14661024510860443,0,2.8,0.04856870952256629,0.45814663536368216,0.47358294717251515,0.4069408960413681,0.43655627777260514,0.25335767244312424,0.26107582834754073,0.22775480278196722,0.24256249364758573
R01,05,217,290,131,0.13455967605113983,0.15649735927581787,0.09355296939611435,0.14889225363731384,0,1.145572354211663,0.01631309005465769,0.45266707122982835,0.4716681612257415,0.4085990596608465,0.4458787632504887,0.23449008064224303,0.2439906256401996,0.2124560748577521,0.2310959266525732
R01,05,218,290,131,0.13034962117671967,0.1517469435930252,0.09204219281673431,0.1455044448375702,0,1.0367170626349889,0.014190788199327928,0.43569488168329673,0.45347261496659946,0.40085965234079113,0.43203885076106524,0.22494283494131234,0.2338317015829637,0.20752522027005954,0.2231148194801966
R01,05,219,290,131,0.12929776310920715,0.15123505890369415,0.09267537295818329,0.14731723070144653,0,1.0367170626349889,0.014190788199327928,0.431454477453333,0.45151193990866556,0.40410330801332933,0.4394444628251259,0.22282263282633047,0.23285136405399676,0.20914704810632864,0.22681762551222692
R01,05,220,290,131,0.130808025598526,0.15228503942489624,0.09323006123304367,0.14896045625209808,0,1.0367170626349889,0.014190788199327928,0.43754286869722775,0.4555336867241988,0.4069448654966767,0.4461573852967609,0.22586682844827785,0.23486223746176338,0.21056782684800232,0.23017408674804443
R01,05,221,290,131,0.12774677574634552,0.14843149483203888,0.0916205570101738,0.14684279263019562,0,1.0367170626349889,0.014190788199327928,0.4252019101372387,0.44077343128908236,0.3986996961353335,0.4375062833776139,0.21969634916828332,0.22748210974420516,0.20644524216733073,0.22584853578847092
R01,05,222,290,131,0.13114884495735168,0.15199851989746094,0.09339351952075958,0.14885762333869934,0,2.345572354211663,0.03970894145984048,0.43891682959124423,0.454436229224957,0.4077822297275886,0.4457372911867927,0.23931288552554236,0.24707258534239876,0.22374558559371455,0.24272311632331658
R01,05,223,290,131,0.1345173865556717,0.15713192522525787,0.09723450988531113,0.15416687726974487,0,4.0,0.0719645609277491,0.4524965876246684,0.4740987430649974,0.4274588578600363,0.46742671173359496,0.2622305742762087,0.27303165199637325,0.2497117093938927,0.269695636330672
R01,05,224,290,141,0.13919200003147125,0.16242939233779907,0.09319165349006653,0.14958228170871735,0,4.0,0.0719645609277491,0.4713415738147755,0.4943896637630912,0.4067481102840257,0.44869767325632864,0.27165306737126227,0.28317711234542015,0.2393563356058874,0.2603311170920389
R01,05,225,290,141,0.14012372493743896,0.16274362802505493,0.09253518283367157,0.14899946749210358,0,2.345572354211663,0.03970894145984048,0.4750976796568606,0.49559328263889785,0.4033851419451932,0.44631675442875585,0.25740331055835053,0.26765111204936914,0.22154704170251685,0.24301284794429817
R01,05,226,290,141,0.1386905014514923,0.16205039620399475,0.09308609366416931,0.1508294641971588,0,1.0367170626349889,0.014190788199327928,0.4693198593215906,0.49293799255257964,0.4062073483339113,0.4537926764039908,0.24175532376045927,0.2535643903759538,0.21019906826661963,0.23399173230165937
R01,05,227,290,141,0.1384413242340088,0.16158956289291382,0.09377706050872803,0.15042711794376373,0,1.0367170626349889,0.014190788199327928,0.4683153396438298,0.4911728599011572,0.4097470337696544,0.4521490072164449,0.2412530639215789,0.2526818240502426,0.21196891098449117,0.23316989770788643
R01,05,228,290,141,0.13338394463062286,0.15642620623111725,0.09223978966474533,0.14835147559642792,0,1.0367170626349889,0.014190788199327928,0.4479272906046233,0.4713956232832161,0.40187190161231734,0.44366957105445054,0.2310590394019756,0.24279320574127203,0.20803134490582265,0.22893017962688925
R01,05,229,290,141,0.13360527157783508,0.1562177836894989,0.09416742622852325,0.15086637437343597,0,1.0367170626349889,0.014190788199327928,0.44881953619568776,0.4705973011466499,0.41174679955270727,0.45394346224812804,0.23150516219750786,0.24239404467298892,0.2129687938760176,0.234067125223728
R01,05,230,290,141,0.1298985630273819,0.1529577225446701,0.09321694076061249,0.14975310862064362,0,1.0367170626349889,0.014190788199327928,0.43387651003840866,0.45811026899423585,0.4068776519313075,0.44939553717122166,0.2240336491188683,0.2361505285967819,0.21053422006531772,0.2317931626852748
R01,05,231,290,141,0.13016003370285034,0.1526496559381485,0.09452930837869644,0.1507510244846344,0,1.0367170626349889,0.014190788199327928,0.43493058890371594,0.45693027958611615,0.4136006496853305,0.45347223365730577,0.22456068855152195,0.23556053389272205,0.21389571894232923,0.23383151092831686
R01,05,232,290,141,0.1292109489440918,0.15051870048046112,0.09198890626430511,0.14656490087509155,0,1.0367170626349889,0.014190788199327928,0.4311044994816409,0.44876806785652545,0.4005866759526476,0.4363710370282734,0.22264764384048444,0.2314794280279267,0.20738873207598776,0.22528091261380068
R01,05,233,290,141,0.13152997195720673,0.15324684977531433,0.09393759071826935,0.15065667033195496,0,1.0367170626349889,0.014190788199327928,0.4404532845486708,0.45921771479503615,0.4105693980396406,0.45308677707067785,0.22732203637399936,0.23670425149718205,0.21238009311948428,0.2336387826350029
R01,05,234,290,141,0.1275012344121933,0.14898423850536346,0.09173306077718735,0.14669756591320038,0,1.0367170626349889,0.014190788199327928,0.42421204796464324,0.4428906087634361,0.3992760305118671,0.43691300165094366,0.2192014180819856,0.22854069848138203,0.20673340935559753,0.2255518949251358
R01,05,235,290,141,0.12794652581214905,0.14993755519390106,0.09258748590946198,0.14861971139907837,0,1.0367170626349889,0.014190788199327928,0.42600717184519127,0.4465421035091971,0.40365308017852203,0.4447653708042751,0.2200989800222596,0.23036644585426252,0.208921934188925,0.22947807950180152
R01,05,236,290,141,0.12760582566261292,0.14917102456092834,0.0924300029873848,0.14782077074050903,0,1.0367170626349889,0.014190788199327928,0.4246336915251146,0.443606056535071,0.4028463265548936,0.4415015299406234,0.21941223986222128,0.22889842236719948,0.20851855737711078,0.22784615906997568
R01,05,237,290,141,0.12779995799064636,0.14917752146720886,0.0927434116601944,0.14757929742336273,0,1.0367170626349889,0.014190788199327928,0.425416306186152,0.443630941674954,0.4044518567236938,0.44051506058081524,0.21980354719273998,0.22891086493714097,0.2093213224615109,0.2273529243900716
R01,05,238,290,141,0.1272754967212677,0.14884239435195923,0.09184544533491135,0.14640165865421295,0,1.0367170626349889,0.014190788199327928,0.42330202113780446,0.4423473022346613,0.39985175420296853,0.43570415817380265,0.2187464046685662,0.22826904521699462,0.20702127120114824,0.2249474731865653
R01,05,239,290,141,0.12878812849521637,0.15172456204891205,0.09160277247428894,0.1486157327890396,0,1.0367170626349889,0.014190788199327928,0.4293999637887536,0.45338688680122285,0.39860858950243383,0.44474911734428935,0.22179537599404078,0.2337888375002754,0.2063996888508809,0.22946995277180865
R01,05,240,290,141,0.1297500729560852,0.15207771956920624,0.09259575605392456,0.14862684905529022,0,1.0367170626349889,0.014190788199327928,0.4332778951245894,0.45473958821229166,0.4036954464803732,0.44479452963323823,0.22373434166195869,0.2344651882058098,0.20894311733985058,0.2294926589162831
R01,05,241,290,141,0.1343947798013687,0.15783557295799255,0.09547340869903564,0.15315188467502594,0,2.145572354211663,0.035809632892310025,0.45200231732753793,0.47679392928154074,0.41843708746827407,0.4632802532057743,0.24390597510992398,0.25630178108692536,0.22712336018029206,0.24954494304904218
R01,05,242,290,141,0.13541193306446075,0.15798670053482056,0.09460920840501785,0.15063431859016418,0,3.6,0.06416594379268817,0.4561028144692644,0.4773727941638639,0.4140099615961878,0.4529954654977243,0.26013437913097626,0.270769368978276,0.239087952694438,0.2585807046452062
R01,05,243,290,150,0.1299581676721573,0.15151748061180115,0.09461110830307007,0.1502836048603058,0,3.6,0.06416594379268817,0.4341167970083311,0.4525937015054582,0.41401969439526176,0.4515627260437012,0.24914137040050965,0.25837982264907317,0.23909281909397495,0.25786433491819466
R01,05,244,290,150,0.1285461187362671,0.15101490914821625,0.09409592300653458,0.15189488232135773,0,2.145572354211663,0.035809632892310025,0.42842433861912604,0.4506686989530904,0.4113805027969727,0.4581451338403946,0.23211698575571804,0.24323916592270023,0.22359506784464137,0.24697738336635233
R01,05,245,290,150,0.12712924182415009,0.14921122789382935,0.09220971912145615,0.1493253856897354,0,1.0367170626349889,0.014190788199327928,0.4227124169853573,0.44376004760709903,0.401717856212073,0.4476481989111825,0.21845160259234261,0.2289754179032135,0.20795432220570048,0.23091949355525523
R01,05,246,290,150,0.12646524608135223,0.1483253687620163,0.09079137444496155,0.1458214968442917,0,1.0367170626349889,0.014190788199327928,0.4200356201404213,0.44036693595365484,0.39445195910892333,0.43333407498622034,0.21711320416987462,0.2272788620764914,0.20432137365412564,0.22376243159277415
R01,05,247,290,150,0.1321052461862564,0.15363913774490356,0.09433318674564362,0.14992226660251617,0,1.745572354211663,0.02801101575724909,0.4427724142388772,0.4607202978054917,0.41259595764602636,0.4500865831553341,0.23539171499806313,0.24436565678137037,0.2203034867016377,0.2390487994562916
R01,05,248,290,150,0.13023199141025543,0.15108688175678253,0.09329701215028763,0.1473858505487442,0,2.8,0.04856870952256629,0.4352206753481548,0.4509443760761057,0.40728784170247345,0.43972478935409326,0.24189469243536055,0.249756542799336,0.22792827561251988,0.24414674943832979
R01,05,249,290,157,0.12612521648406982,0.14727264642715454,0.09095965325832367,0.14545415341854095,0,2.8,0.04856870952256629,0.4186648430487563,0.4363346871524829,0.3953140179319953,0.43183339972191975,0.2336167762856613,0.2424516983375246,0.2219413637272808,0.24020105462224303
R01,05,250,290,157,0.13188691437244415,0.15306419134140015,0.09598951786756516,0.1520858108997345,0,1.745572354211663,0.02801101575724909,0.4418922430680513,0.4585180770778682,0.4210810118786618,0.4589251172965638,0.2349516294126502,0.24326454641755862,0.22454601381795544,0.24346806652690645
R01,05,251,290,157,0.1309652179479599,0.15300114452838898,0.0934409648180008,0.14940601587295532,0,0.8367170626349889,0.010291479631797463,0.4381765655086557,0.4582765884841875,0.40802528252955983,0.447977590192017,0.22423402257022657,0.23428403405799247,0.20915838108067863,0.22913453491190722
R01,05,252,290,157,0.13123676180839539,0.1534660905599594,0.09188123792409897,0.14740461111068726,0,1.4,0.021273549549853034,0.43927125287187985,0.460057474114068,0.4000351125039531,0.43980143020099227,0.23027240121086645,0.24066551183196053,0.2106543310269031,0.23053748987542266
R01,05,253,290,158,0.13071860373020172,0.15247175097465515,0.090959832072258,0.14614811539649963,0,1.6544276457883371,0.026234009045048384,0.43718237817060157,0.45624884911578917,0.3953149339601434,0.43466838056459955,0.23170819360782496,0.2412414290804188,0.21077447150259587,0.23045119480482396
R01,05,254,290,163,0.12607507407665253,0.1481741964817047,0.08977977931499481,0.14447255432605743,0,2.2,0.036870783819974905,0.418462701635309,0.43978789984330496,0.3892697588678991,0.4278233606840917,0.22766674272764195,0.23832934183163992,0.213070271343937,0.2323470722520333
R01,05,255,290,163,0.12846608459949493,0.15135914087295532,0.09245070815086365,0.14762994647026062,0,1.3455723542116629,0.020212398622188155,0.4281016932902627,0.4519872118348246,0.4029523949808795,0.440721972605128,0.22415704595622543,0.23609980522850638,0.21158239680153382,0.2304671856136581
R01,05,256,290,163,0.12980599701404572,0.1521911323070526,0.09201370924711227,0.14756272733211517,0,1.0367170626349889,0.014190788199327928,0.43350334437411914,0.4551739937160741,0.4007137366903615,0.4404473682680657,0.22384706628672355,0.23468239095770102,0.20745226244484472,0.22731907823369682
R01,05,257,290,163,0.12683027982711792,0.14902539551258087,0.09063868224620819,0.14515802264213562,0,1.0367170626349889,0.014190788199327928,0.4215071976159688,0.4430482527000341,0.39366974740609695,0.43062364312904916,0.21784899290764836,0.22861952044968104,0.20393026780271245,0.22240721566418856
R01,05,258,290,163,0.12620127201080322,0.14812566339969635,0.0903620570898056,0.14464908838272095,0,1.0367170626349889,0.014190788199327928,0.4189714492223773,0.4396020032822986,0.3922526518609355,0.42854453948727883,0.21658111871085262,0.22689639574081327,0.20322172003013173,0.2213676638433034
R01,05,259,290,163,0.1307855248451233,0.15295487642288208,0.09218940138816833,0.1471707820892334,0,1.945572354211663,0.031910324324779554,0.437452160366082,0.4580993674765348,0.4016137725137415,0.4388461893991342,0.23468124234543075,0.2450048459006572,0.2167620484192605,0.2353782568619569
R01,05,260,290,163,0.13005991280078888,0.15167750418186188,0.09235560148954391,0.14629384875297546,0,3.2,0.05636732665762723,0.43452696686598874,0.4532066407650982,0.40246518250959135,0.4352637320202567,0.24544714676180798,0.2547869837113627,0.22941625458360929,0.24581552933894196
R01,05,261,290,171,0.129527285695076,0.15022528171539307,0.0908150002360344,0.14435487985610962,0,3.2,0.05636732665762723,0.4323797625027618,0.4476441841651603,0.39457298932799534,0.4273426356896822,0.2443735445801945,0.25200575541139375,0.22547015799281128,0.24185498117365473
R01,05,262,290,171,0.13022111356258392,0.15164905786514282,0.09215223789215088,0.14690899848937988,0,1.945572354211663,0.031910324324779554,0.43517682297614396,0.4530976826640969,0.40142339133028787,0.43777674825670226,0.23354357365046174,0.24250400349443824,0.2166668578275337,0.2348435362907409
R01,05,263,290,171,0.1268777847290039,0.14849761128425598,0.09039364010095596,0.1451125591993332,0,1.0367170626349889,0.014190788199327928,0.421698706330997,0.44102667754059766,0.39241444533259945,0.43043791538966164,0.21794474726516247,0.2276087328699628,0.2033026167659637,0.2223143517944948
R01,05,264,290,171,0.12928533554077148,0.1511819213628769,0.09318017214536667,0.14857420325279236,0,1.0367170626349889,0.014190788199327928,0.43140437762010414,0.4513084068609073,0.40668929364334766,0.4445794604417416,0.22279758290971605,0.23274959753011762,0.2104400409213378,0.2293851243205348
R01,05,265,290,171,0.1282399296760559,0.15071365237236023,0.09254369884729385,0.14701999723911285,0,1.0367170626349889,0.014190788199327928,0.42718998445463446,0.44951479328104077,0.40342876778574804,0.4382302015279896,0.2206903863269812,0.23185279074018436,0.208809777992538,0.22621049486365877
R01,05,266,290,171,0.12458541244268417,0.14758402109146118,0.09040423482656479,0.1455729901790619,0,1.0367170626349889,0.014190788199327928,0.4124573595753937,0.43752734743457966,0.39246872000037636,0.43231887291812277,0.21332407388736083,0.2258590678169538,0.20332975409985216,0.22325483055872536
R01,05,267,290,171,0.12221548706293106,0.14445896446704865,0.09021253138780594,0.14358775317668915,0,1.145572354211663,0.01631309005465769,0.4029033694360501,0.4255574239228526,0.39148666148989897,0.4242087616315345,0.2096082297453539,0.22093525698875516,0.20389987577227833,0.2202609258430961
R01,05,268,290,171,0.12566012144088745,0.1468600630760193,0.09288680553436279,0.14657039940357208,0,1.6,0.025172858117383505,0.41678988382245147,0.43475436661789757,0.4051864349628173,0.43639349967521995,0.2209813709699175,0.22996361236764054,0.2151796465401004,0.23078317889630173
R01,05,269,290,175,0.12454911321401596,0.1456906497478485,0.09214498847723007,0.1458905190229416,0,1.6,0.025172858117383505,0.4123110248107109,0.4302751555909839,0.401386254022449,0.4336160451235009,0.2187419414640472,0.2277240068541837,0.21327955606991625,0.2293944516204422
R01,05,270,290,175,0.12543512880802155,0.14646685123443604,0.0917176604270935,0.1455770879983902,0,1.145572354211663,0.01631309005465769,0.41588286058273677,0.4332482448948899,0.39919713758760916,0.43233561337316423,0.21609797531869723,0.2247806674747738,0.20775511382113343,0.22432435171391096
R01,05,271,290,175,0.12713372707366943,0.14805786311626434,0.0915549248456955,0.14617915451526642,0,1.0367170626349889,0.014190788199327928,0.42273049857984396,0.43934230744177694,0.3983634756371293,0.43479518190224103,0.21846064338958596,0.22676654782055244,0.20627713191822863,0.2244929850507845
R01,05,272,290,175,0.12940506637096405,0.1504402458667755,0.09425877779722214,0.14842499792575836,0,1.3455723542116629,0.020212398622188155,0.43188705407093586,0.44846756266963617,0.4122147754328846,0.4439699252550857,0.226049726346562,0.23433998064591216,0.21621358702753637,0.23209116193863694
R01,05,273,290,175,0.12974365055561066,0.15051963925361633,0.09311231970787048,0.14720076322555542,0,2.0,0.032971475252444434,0.43325200420358023,0.4487716636450865,0.4063416991289708,0.4389686686556559,0.23311173972801233,0.24087156944876548,0.2196565871907076,0.23597007195405018
R01,05,274,290,180,0.1344553381204605,0.15448854863643646,0.09425180405378342,0.14915907382965088,0,2.0,0.032971475252444434,0.45224644888897914,0.46397380154115214,0.41217905033510743,0.4469687799340262,0.24260896207071178,0.24847263839679828,0.22257526279377593,0.2399701275932353
R01,05,275,290,180,0.1327860951423645,0.1540725976228714,0.09339577704668045,0.14867842197418213,0,1.3455723542116629,0.020212398622188155,0.44551715222455873,0.46238058182855407,0.4077937945829588,0.4450052158692331,0.23286477542337344,0.2412964902253711,0.21400309660257347,0.23260880724571062
R01,05,276,290,180,0.1301163136959076,0.1504168063402176,0.09222493320703506,0.14673829078674316,0,1.0367170626349889,0.014190788199327928,0.4347543384112778,0.44837778210762724,0.40179579494034334,0.43707937133686503,0.22447256330530288,0.2312842851534776,0.20799329156983565,0.2256350797680965
R01,05,277,290,180,0.12938524782657623,0.14925959706306458,0.09305457770824432,0.1464495211839676,0,1.0367170626349889,0.014190788199327928,0.4318071586534366,0.44394531633200746,0.4060458983728029,0.43589968668868717,0.22299897342638228,0.2290680522656677,0.21011834328606543,0.22504523744400756
R01,05,278,290,180,0.1343037188053131,0.15510983765125275,0.09280126541852951,0.14855416119098663,0,1.0367170626349889,0.014190788199327928,0.4516352189092389,0.46635352865647284,0.4047482299974543,0.4444975843979933,0.23291300355428343,0.2402721584279004,0.20946950909839113,0.22934418629866063
R01,05,279,290,180,0.130503311753273,0.15242578089237213,0.0915725901722908,0.14654791355133057,0,1.0367170626349889,0.014190788199327928,0.43631446163524173,0.4560727696283146,0.39845397158459694,0.4363016402328287,0.22525262491728484,0.23513177891382128,0.20632237989196245,0.22524621421607832
R01,05,280,290,180,0.13107647001743317,0.15207234025001526,0.09310353547334671,0.14826102554798126,0,1.3455723542116629,0.020212398622188155,0.4386250611380159,0.4547189837730766,0.40629669924619377,0.4433000635558985,0.22941872988010203,0.2374656911976324,0.21325454893419096,0.23175623108904334
R01,06,10,233,185,0.15155264735221863,0.17229460179805756,0.09724738448858261,0.15148550271987915,1,1.0367170626349889,0.014190788199327928,0.5211716248481236,0.5321764359271501,0.4275248118867019,0.4564727319445594,0.2676812065237258,0.27318361206323905,0.22085780004301492,0.23533176007194367
R01,06,11,233,185,0.15317107737064362,0.1744057983160019,0.0998733639717102,0.15405838191509247,1,1.0367170626349889,0.014190788199327928,0.5276960768706851,0.5402629648689318,0.4409771814239453,0.46698348535847845,0.2709434325350065,0.27722687653412986,0.22758398481163664,0.2405871367789032
R01,06,12,233,185,0.15138429403305054,0.1714705228805542,0.09839626401662827,0.15146195888519287,1,1.0367170626349889,0.014190788199327928,0.5204929343015777,0.5290199614066297,0.433410292738455,0.4563765504210483,0.26734186125045284,0.2716053748029788,0.22380054046889147,0.23528366931018813
R01,06,13,233,185,0.1490359902381897,0.16934874653816223,0.09613169729709625,0.14831677079200745,1,1.0367170626349889,0.014190788199327928,0.5110261082605735,0.520892908498525,0.4218093687599459,0.4435277946188446,0.2626084482299507,0.26754184834892647,0.21800007847963693,0.22885929140908629
R01,06,14,233,185,0.1505909264087677,0.1715058535337448,0.09607193619012833,0.1483614444732666,1,1.0367170626349889,0.014190788199327928,0.5172945945884251,0.5291552886237455,0.421503224519272,0.4437102960159878,0.2657426913938765,0.2716730384115367,0.2178470063593,0.2289505421076579
R01,06,15,233,185,0.15379440784454346,0.17474564909934998,0.09648997336626053,0.15035730600357056,1,1.0367170626349889,0.014190788199327928,0.5302089379303915,0.5415646974040476,0.42364474565824844,0.45186381073692,0.2721998630648597,0.27787774280168775,0.2189177669287882,0.23302729946812398
R01,06,16,233,185,0.1521090716123581,0.17262183129787445,0.09561939537525177,0.14921899139881134,1,1.0367170626349889,0.014190788199327928,0.523414763784092,0.5334298250827227,0.41918494811554546,0.44721355582392364,0.26880277599171,0.27381030664102535,0.2166878681574367,0.2307021720116258
R01,06,17,233,185,0.15565332770347595,0.1775500476360321,0.09724896401166916,0.15185700356960297,1,1.0367170626349889,0.014190788199327928,0.5377028878048475,0.5523064022801295,0.427532903468677,0.4579903911614293,0.27594683800208775,0.28324859523972873,0.22086184583400248,0.23609058968037863
R01,06,18,233,185,0.1572369933128357,0.1795247346162796,0.09871075302362442,0.15415790677070618,1,1.0367170626349889,0.014190788199327928,0.5440871924522018,0.5598700579043245,0.4350213572439835,0.4673900653556496,0.2791389903257649,0.28703042305182624,0.22460607272165573,0.24079042677748877
R01,06,19,233,185,0.15549275279045105,0.17681972682476044,0.0948517844080925,0.14918532967567444,1,1.0367170626349889,0.014190788199327928,0.5370555547078765,0.5495090500076446,0.41525263011480895,0.4470760405950556,0.2756231714536022,0.2818499191034863,0.21472170915706845,0.2306334143971918
R01,06,20,233,185,0.15677477419376373,0.17792144417762756,0.09728124737739563,0.1522691696882248,1,1.0367170626349889,0.014190788199327928,0.5422238270721957,0.553728964726099,0.4276982847172545,0.4596741765666928,0.27820730763576185,0.2839598764627135,0.22094453645829124,0.23693248238301037
R01,06,21,233,185,0.15703542530536652,0.1773403137922287,0.0960271880030632,0.1490480899810791,1,1.0367170626349889,0.014190788199327928,0.5432746019916667,0.5515030574547796,0.42127398847520175,0.44651538753712083,0.2787326950954973,0.28284692282705376,0.21773238833726485,0.2303530878682244
R01,06,22,233,185,0.16146288812160492,0.18171706795692444,0.09778103232383728,0.15198484063148499,1,1.0367170626349889,0.014190788199327928,0.5611232382609903,0.5682673657145985,0.43025858339128564,0.45851263248434165,0.28765701323015913,0.2912290769569632,0.2222246857953068,0.2363517103418348
R01,06,23,233,185,0.1557425558567047,0.1768455058336258,0.09436648339033127,0.14826969802379608,1,1.0367170626349889,0.014190788199327928,0.5380625973988215,0.5496077915030517,0.4127665297207766,0.44333549244620446,0.2761266927990747,0.28189928985118984,0.21347865896005228,0.2287631403227662
R01,06,24,233,185,0.15855197608470917,0.17850683629512787,0.09397055208683014,0.1484760195016861,1,1.0367170626349889,0.014190788199327928,0.5493883435108882,0.5559711957359655,0.41073825256161306,0.4441783591389477,0.28178956585510806,0.28508099196764675,0.2124645203804705,0.22918457366913783
R01,06,25,233,185,0.15533027052879333,0.17619796097278595,0.09142131358385086,0.14559300243854523,1,1.0367170626349889,0.014190788199327928,0.536400532427868,0.5471274964600389,0.39767901177127657,0.4324006272131072,0.275295660313598,0.2806591423296834,0.20593489998530226,0.22329570770621757
R01,06,26,233,185,0.16142572462558746,0.18322929739952087,0.09515828639268875,0.15119147300720215,1,1.0367170626349889,0.014190788199327928,0.5609734193352437,0.5740596674024002,0.41682277869638756,0.45527155863954644,0.2875821037672858,0.2941252278008641,0.21550678344785776,0.2347311734194372
R01,06,27,233,185,0.16616399586200714,0.18743401765823364,0.09513089805841446,0.15071462094783783,1,2.036717062634989,0.03368733103698026,0.5800750320092279,0.5901650331394009,0.4166824737183652,0.45332351754215544,0.3068811815231041,0.3119261820881906,0.22518490237767272,0.24350542428956784
R01,06,28,233,185,0.16521897912025452,0.18635225296020508,0.09528922289609909,0.1506166309118271,1,3.036717062634989,0.05318387387463259,0.5762653421728502,0.5860215431968715,0.4174935403078578,0.4529232076063271,0.3147246080237414,0.31960270853575207,0.2353387070912452,0.25305354074047987
R01,06,29,233,180,0.16129964590072632,0.1822921335697174,0.0942738801240921,0.14887671172618866,1,3.036717062634989,0.05318387387463259,0.5604651523221152,0.5704700430502931,0.4122921416435623,0.44581527127009496,0.30682451309837394,0.3118269584624629,0.23273800775909745,0.24949957257236377
R01,06,30,233,180,0.16010679304599762,0.18093740940093994,0.09418387711048126,0.14840488135814667,1,2.036717062634989,0.03368733103698026,0.5556563492648,0.5652810347766263,0.4118310741423355,0.44388774483942756,0.29467184015089015,0.2994841829068033,0.22275920258965787,0.2387875379382039
R01,06,31,233,180,0.16592495143413544,0.18744052946567535,0.09753303229808807,0.1538655161857605,1,1.0367170626349889,0.014190788199327928,0.5791113611163541,0.5901899753552928,0.42898812868550446,0.4661955882326532,0.296651074657841,0.3021903817773104,0.2215894584424162,0.2401931882159906
R01,06,32,233,180,0.1647041290998459,0.18507860600948334,0.09686488658189774,0.1514635980129242,1,2.036717062634989,0.03368733103698026,0.5741898033984026,0.5811430854876614,0.42556535134216683,0.4563832466030649,0.30393856721769147,0.3074152082623208,0.22962634118957354,0.24503528882002257
R01,06,33,233,180,0.16105873882770538,0.18162032961845398,0.09401462972164154,0.14702533185482025,1,3.036717062634989,0.05318387387463259,0.5594939724614313,0.5678968282647816,0.4109640535001278,0.4382519945567345,0.30633892316803196,0.3105403510697071,0.2320739636873802,0.24571793421568355
R01,06,34,233,175,0.16773724555969238,0.1890900582075119,0.09627068787813187,0.15128035843372345,1,3.836717062634989,0.06878110814475445,0.5864173465085882,0.5965081753891531,0.4225213898059216,0.4556346743279917,0.32759922732667135,0.3326446417669538,0.24565124897533802,0.26220789123637306
R01,06,35,233,175,0.1633249670267105,0.18505899608135223,0.09517122060060501,0.14998479187488556,1,3.6367170626349887,0.06488179957722398,0.5686299233448523,0.5810679734599412,0.41688903806576916,0.4503420120620762,0.3167558614610381,0.3229748865185826,0.24088541882149656,0.2576119058196501
R01,06,36,233,171,0.1614617556333542,0.18414224684238434,0.09470955282449722,0.149371936917305,1,2.6367170626349887,0.04538525673957165,0.5611186728085618,0.5775565432400352,0.41452400605864836,0.4478383704804538,0.3032519647740667,0.31147089998980343,0.22995463139911002,0.24661181361001272
R01,06,37,233,171,0.16385452449321747,0.18587356805801392,0.0954332947731018,0.15044111013412476,1,1.836717062634989,0.029788022469449792,0.5707647529291282,0.5841880334867798,0.4182315918203763,0.4522061682611138,0.300276387699289,0.3069880279781148,0.22400980714491303,0.2409970953652818
R01,06,38,233,171,0.16736280918121338,0.18878775835037231,0.09884330630302429,0.1540493667125702,1,1.0367170626349889,0.014190788199327928,0.5849078637635355,0.59535027439648,0.43570040127662646,0.4669466563573872,0.29954932598143175,0.304770531297904,0.2249455947379772,0.24056872227835757
R01,06,39,233,171,0.16361618041992188,0.18508322536945343,0.09603440761566162,0.14915606379508972,1,1.0367170626349889,0.014190788199327928,0.5698039054081508,0.5811607790504222,0.42131097311168264,0.44695648330886845,0.2919973468037394,0.29767578362487507,0.2177508806555053,0.2305736357540982
R01,06,40,233,171,0.16856692731380463,0.190707266330719,0.09814020246267319,0.1529739946126938,1,1.0367170626349889,0.014190788199327928,0.5897620810581662,0.6027025775596967,0.43209854043032886,0.462553534833828,0.30197643462874707,0.3084466828795123,0.2231446643148284,0.23837216151657797
R01,06,41,233,171,0.16771118342876434,0.18965010344982147,0.09821200370788574,0.15328258275985718,1,1.0367170626349889,0.014190788199327928,0.5863122810309896,0.5986533201078708,0.43246636389964366,0.4638141824100247,0.3002515346151588,0.30642205415359935,0.2233285760494858,0.23900248530467633
R01,06,42,233,171,0.16456589102745056,0.18560798466205597,0.09610679745674133,0.14832648634910583,1,2.6367170626349887,0.04538525673957165,0.5736325178434101,0.5831707677800507,0.4216818118403184,0.44356748471588847,0.30950888729149084,0.31427801225981117,0.23353353428994503,0.24447637072773007
R01,06,43,233,171,0.1684713065624237,0.19030366837978363,0.09698903560638428,0.1518726795911789,1,5.4367170626349886,0.09997557668499817,0.5893766006866681,0.6011566738584816,0.4262013420518475,0.45805443101126075,0.3446760886858331,0.35056612527173986,0.26308845936842284,0.27901500384812944
R01,06,44,233,163,0.17346543073654175,0.19483962655067444,0.09683181345462799,0.15146493911743164,1,6.636717062634989,0.12337142809018098,0.6095096451790444,0.6185307821974506,0.42539592430260176,0.4563887252974421,0.3664405366346127,0.3709511051438158,0.27438367619639137,0.28988007669381155
R01,06,45,233,157,0.17189297080039978,0.19317631423473358,0.09591097384691238,0.14993979036808014,1,5.036717062634989,0.09217695954993725,0.6031705144820356,0.6121597868553523,0.42067864651459447,0.4501581714285297,0.3476737370159864,0.35216837320264477,0.25642780303226587,0.2711675654892335
R01,06,46,233,157,0.17105381190776825,0.19297635555267334,0.0973212793469429,0.1504867970943451,1,2.236717062634989,0.037586639604510724,0.5997875743042401,0.6113938838918447,0.42790336051891775,0.4523928091162309,0.3186871069543754,0.3244902617481777,0.23274500006171422,0.2449897243603708
R01,06,47,233,157,0.17521557211875916,0.1977802813053131,0.09790730476379395,0.15286685526371002,1,1.0367170626349889,0.014190788199327928,0.616565071333392,0.6297943900989676,0.4309054519352254,0.4621158480274707,0.31537792976636,0.3219925891491478,0.22254812006727667,0.23815331811339932
R01,06,48,233,157,0.17308148741722107,0.19514617323875427,0.09826406836509705,0.15163691341876984,1,1.0367170626349889,0.014190788199327928,0.6079618366622891,0.6197049498526619,0.4327330807621083,0.45709127653974674,0.3110763124308085,0.3169478690259949,0.22346193448071813,0.23564103236953735
R01,06,49,233,157,0.17282629013061523,0.1942773312330246,0.09638764709234238,0.14928294718265533,1,1.0367170626349889,0.014190788199327928,0.6069330480005661,0.6163770190013882,0.4231205485504794,0.44747482867133476,0.31056191809994704,0.3152839036003581,0.2186556683749037,0.23083280843533135
R01,06,50,233,157,0.1722954511642456,0.19350335001945496,0.09642403572797775,0.148459330201149,1,1.0367170626349889,0.014190788199327928,0.6047930522464369,0.6134124340228091,0.42330696027862447,0.44411017983114237,0.3094919202228824,0.3138016111110685,0.2187488742389762,0.22915048401523516
R01,06,51,233,157,0.17123469710350037,0.1928831934928894,0.09431686252355576,0.1465160995721817,1,2.436717062634989,0.04148594817204119,0.6005167851862122,0.6110370446841653,0.41251233190966974,0.4361716734273248,0.3210013666791267,0.32626149642810326,0.22699914004085547,0.23882881079968302
R01,06,52,233,157,0.17713530361652374,0.19880805909633636,0.09995950013399124,0.15306934714317322,1,3.836717062634989,0.06878110814475445,0.6243041739889115,0.6337310936612311,0.4414184398164688,0.46294307000404783,0.34654264106683297,0.3512561009029928,0.2550997739806116,0.2658620890744011
R01,06,53,233,150,0.1753695160150528,0.19689065217971802,0.10003452748060226,0.15132562816143036,1,5.636717062634989,0.10387488525252864,0.6171856725049593,0.6263868382152703,0.4418027899602895,0.45581961070041366,0.36053027887874395,0.36513086173389947,0.27283883760640903,0.27984724797647115
R01,06,54,233,150,0.17564187943935394,0.19635048508644104,0.09761141985654831,0.14978401362895966,1,6.036717062634989,0.11167350238758958,0.6182836638140198,0.624317832892433,0.4293896925249422,0.44952179063942543,0.36497858310080467,0.3679956676400113,0.27053159745626587,0.2805976465135075
R01,06,55,233,141,0.18369361758232117,0.20595546066761017,0.10042255371809006,0.15314370393753052,1,4.636717062634989,0.08437834241487631,0.6507430093612199,0.6611078296369602,0.44379057104173764,0.4632468331700733,0.3675606758880481,0.37274308602591827,0.264084456728307,0.2738125877924748
R01,06,56,233,141,0.18273064494132996,0.20450499653816223,0.09978383779525757,0.1512346863746643,1,2.836717062634989,0.04928456530710212,0.646860933075153,0.6555521080060732,0.44051855666444684,0.45544809434725664,0.3480727491911276,0.35241833665658767,0.24490156098577448,0.2523663298271794
R01,06,57,233,141,0.18485373258590698,0.20809698104858398,0.10037130117416382,0.15300747752189636,1,1.0367170626349889,0.014190788199327928,0.6554198348003053,0.6693105082568651,0.4435280144737791,0.4626903195701124,0.3348053114998166,0.34175064822809653,0.22885940133655353,0.23844055388472019
R01,06,58,233,141,0.17662313580513,0.20017431676387787,0.09725353866815567,0.14934828877449036,1,1.0367170626349889,0.014190788199327928,0.6222394481281105,0.6389642787657912,0.42755633852213343,0.44774176283626893,0.3182151181637192,0.3265775334825596,0.2208735633607307,0.23096627551779844
R01,06,59,233,141,0.17866696417331696,0.20231713354587555,0.09751734137535095,0.15048380196094513,1,1.0367170626349889,0.014190788199327928,0.6304788282550083,0.647171922998471,0.42890774721550584,0.4523805733654551,0.32233480822716815,0.3306813555988995,0.2215492677074169,0.23328568078239154
R01,06,60,233,141,0.18202759325504303,0.20623929798603058,0.09867403656244278,0.15325015783309937,1,1.0367170626349889,0.014190788199327928,0.6440266881931753,0.662195013454599,0.43483326613090023,0.46368171975486006,0.32910873819625164,0.33819290082696346,0.2245120271651141,0.238936253977094
R01,06,61,233,141,0.17991231381893158,0.2033284455537796,0.09730714559555054,0.15094418823719025,1,1.0367170626349889,0.014190788199327928,0.6354992640610829,0.6510455575708936,0.42783095612737576,0.45426134827077036,0.32484502613020544,0.33261817288511075,0.22101087216335186,0.23422606823504916
R01,06,62,233,141,0.1802438646554947,0.2043810784816742,0.09755320847034454,0.15048271417617798,1,1.0367170626349889,0.014190788199327928,0.6368358603312765,0.6550774639160121,0.42909148719488543,0.4523761295355714,0.3255133242653022,0.33463412605767,0.2216411376971067,0.23328345886744967
R01,06,63,233,141,0.17774665355682373,0.20022878050804138,0.09754782915115356,0.15090706944465637,1,1.0367170626349889,0.014190788199327928,0.6267687373676635,0.6391728915783421,0.42906393001476245,0.4541097101852855,0.3204797627834957,0.32668183988883503,0.2216273591070452,0.23415024919230673
R01,06,64,233,141,0.18684235215187073,0.20942306518554688,0.10210684686899185,0.15651005506515503,1,1.0367170626349889,0.014190788199327928,0.6634366491213126,0.674389816441415,0.45241886917603735,0.4769990865494614,0.3388137186603203,0.3442903023203715,0.23330482868768265,0.24559493737439467
R01,06,65,233,141,0.18181434273719788,0.2044437974691391,0.10106119513511658,0.15502852201461792,1,1.0367170626349889,0.014190788199327928,0.6431670014865354,0.6553176968374969,0.4470622037406334,0.4709467119965723,0.32867889484293167,0.3347542425184124,0.23062649596998067,0.24256875009795012
R01,06,66,233,141,0.18009202182292938,0.20237910747528076,0.10032578557729721,0.15417321026325226,1,1.0367170626349889,0.014190788199327928,0.636223729275399,0.6474093021195104,0.44329484714223977,0.4674525833459318,0.3252072587373635,0.3308000451594192,0.22874281767078386,0.24082168577262988
R01,06,67,233,141,0.18717017769813538,0.2103821039199829,0.10429733246564865,0.1595444232225418,1,1.0367170626349889,0.014190788199327928,0.664758227455886,0.6780632283745959,0.46364029032634296,0.48939511957296133,0.33947450782760696,0.3461270082869619,0.23891553926283546,0.25179295388614464
R01,06,68,233,141,0.1816844791173935,0.20417428016662598,0.10110663622617722,0.1540776491165161,1,1.0367170626349889,0.014190788199327928,0.6426434762508169,0.6542853630644166,0.44729498939377765,0.4670621959343644,0.3284171322250724,0.3342380756318723,0.2307428887965528,0.24062649206684616
R01,06,69,233,141,0.18540498614311218,0.20861154794692993,0.10295792669057846,0.15691536664962769,1,1.0367170626349889,0.014190788199327928,0.657642128841633,0.6712814569964022,0.45677878148275436,0.47865486973901905,0.33591645852048047,0.34273612259786507,0.23548478484104116,0.2464228289691735
R01,06,70,233,141,0.18761326372623444,0.21146738529205322,0.10345076769590378,0.15864068269729614,1,1.0367170626349889,0.014190788199327928,0.6665444607185469,0.6822201882552271,0.4593035077303663,0.4857031491809215,0.3403676244589374,0.34820548822727754,0.23674714796484714,0.24994696869012473
R01,06,71,233,141,0.18406051397323608,0.20659032464027405,0.10100764036178589,0.15533411502838135,1,1.0367170626349889,0.014190788199327928,0.6522220958045775,0.6635395529963941,0.4467878533102676,0.4721951238219932,0.3332064420019527,0.33886517059786103,0.23048932075479778,0.24319295601066057
R01,06,72,233,141,0.18573106825351715,0.20864547789096832,0.1033015102148056,0.15780150890350342,1,4.036717062634989,0.07268041671228492,0.6589566787823362,0.6714114190686807,0.45853889140155196,0.48227494748595345,0.3658185477473106,0.3720459178904828,0.26560965405691844,0.27747768209911916
R01,06,73,233,141,0.1860993355512619,0.20894166827201843,0.10468622297048569,0.1584751307964325,1,7.036717062634989,0.13117004522524192,0.660441291826002,0.6725459188977024,0.46563249887717373,0.48502683479724557,0.39580566852562193,0.40185798206147216,0.2984012720512078,0.30809844001124376
R01,06,74,233,126,0.17968259751796722,0.20171399414539337,0.10056266188621521,0.153897225856781,1,7.036717062634989,0.13117004522524192,0.6345731980790018,0.6448617144619976,0.4445083172636392,0.46632512891748334,0.38287162165212185,0.38801587984361974,0.2878391812444406,0.2987475870713626
R01,06,75,233,126,0.18444609642028809,0.20631271600723267,0.10314637422561646,0.15761294960975647,1,4.036717062634989,0.07268041671228492,0.6537765122130057,0.662476226950478,0.4577441606473678,0.4815046430565173,0.36322846446264534,0.3675783218313815,0.2652122886798264,0.27709252988440114
R01,06,76,233,126,0.1832587569952011,0.2055557668209076,0.10195492208003998,0.1561952382326126,1,1.0367170626349889,0.014190788199327928,0.6489899357004083,0.6595768798500784,0.45164058876068003,0.4757129934816016,0.33159036194986813,0.3368838340247032,0.232915688480004,0.2449518908404648
R01,06,77,233,126,0.1837150603532791,0.20533590018749237,0.10370951890945435,0.15885300934314728,1,1.0367170626349889,0.014190788199327928,0.6508294525986495,0.6587347233386726,0.460629038628554,0.4865705482495982,0.33251012039898875,0.33646275576900025,0.23740991341394097,0.2503806682244631
R01,06,78,233,126,0.1843080073595047,0.2061295062303543,0.10439367592334747,0.15834690630435944,1,1.0367170626349889,0.014190788199327928,0.6532198273754379,0.6617744774209806,0.464133838658989,0.48450301074040203,0.33370530778738294,0.3379826328101543,0.23916231342915847,0.249346899469865
R01,06,79,233,126,0.1844177544116974,0.20645639300346375,0.10417921841144562,0.15870875120162964,1,1.0367170626349889,0.014190788199327928,0.6536622557588077,0.6630265538283483,0.4630352155666617,0.485981223357756,0.3339265219790678,0.3386086710138381,0.23861300188299484,0.25008600577854195
R01,06,80,233,126,0.18100713193416595,0.2028510719537735,0.10256501287221909,0.15666329860687256,1,1.0367170626349889,0.014190788199327928,0.6399128551246183,0.6492170705495856,0.45476596229859056,0.4776251186936309,0.3270518216619731,0.33170392937445675,0.23447837524895926,0.24590795344647942
R01,06,81,233,126,0.17747196555137634,0.19862130284309387,0.09989521652460098,0.1522047519683838,1,1.0367170626349889,0.014190788199327928,0.6256613748667759,0.6330157600416141,0.4410891276972151,0.45941101661344064,0.3199260815330519,0.323603274120471,0.22763995794827152,0.2368009024063843
R01,06,82,233,126,0.18214306235313416,0.20346243679523468,0.10321551561355591,0.15596723556518555,1,1.0367170626349889,0.014190788199327928,0.6444921841256576,0.651558785042975,0.4580983581979791,0.47478155456309346,0.32934148616249276,0.3328747866211515,0.23614457319865353,0.2444861713812107
R01,06,83,233,126,0.17835326492786407,0.19980058073997498,0.10075404495000839,0.15306274592876434,1,1.0367170626349889,0.014190788199327928,0.6292141979323066,0.6375327553864235,0.4454887345570178,0.46291610265283556,0.3217024930658173,0.32586177179287573,0.22983976137817289,0.23855344542608176
R01,06,84,233,126,0.17833921313285828,0.19958218932151794,0.10135327279567719,0.15292496979236603,1,1.0367170626349889,0.014190788199327928,0.6291575502791473,0.6366962493998993,0.4485584593849293,0.4623532581171499,0.32167416923923764,0.32544351879961364,0.23137462379212861,0.23827202315823892
R01,06,85,233,126,0.1805567592382431,0.20218825340270996,0.10221970826387405,0.15431992709636688,1,1.0367170626349889,0.014190788199327928,0.6380972467798843,0.6466782725974443,0.45299703560886717,0.4680519525107989,0.32614401748960614,0.3304345303983861,0.23359391190409756,0.24112137035506342
R01,06,86,233,126,0.17806239426136017,0.19910073280334473,0.10162931680679321,0.15393231809139252,1,1.0367170626349889,0.014190788199327928,0.6280415975190851,0.6348521235521511,0.4499725778386093,0.4664684880870204,0.3211161928592065,0.32452145587573955,0.23208168301896862,0.24032963814317418
R01,06,87,233,126,0.17924590408802032,0.20029346644878387,0.1005784124135971,0.15374751389026642,1,1.0367170626349889,0.014190788199327928,0.6328127355938651,0.6394206585330025,0.4445890040763539,0.46571352400184046,0.3235017618965965,0.3268057233661652,0.22938989613784092,0.2399521561005842
R01,06,88,233,126,0.1799589991569519,0.20131069421768188,0.10231109708547592,0.15643490850925446,1,1.0367170626349889,0.014190788199327928,0.6356874688302746,0.6433169522809606,0.453465202328242,0.47669209704119153,0.3249391285148013,0.3287538702401443,0.23382799526378498,0.24544144262025974
R01,06,89,233,126,0.17618080973625183,0.19672991335391998,0.09862027317285538,0.15239092707633972,1,1.0367170626349889,0.014190788199327928,0.6204562785243161,0.6257711593072028,0.43455784700102834,0.4601715811417617,0.317323533361822,0.3199809737532654,0.22437431760017815,0.23718118467054483
R01,06,90,233,126,0.17720934748649597,0.19786472618579865,0.09829026460647583,0.1518995314836502,1,1.0367170626349889,0.014190788199327928,0.6246026704772977,0.6301178398414371,0.4328672788858098,0.45816412664756895,0.3193967293383128,0.3221543140203825,0.22352903354256887,0.23617745742344845
R01,06,91,233,126,0.18415281176567078,0.2057383805513382,0.10122997313737869,0.15553829073905945,1,1.0367170626349889,0.014190788199327928,0.6525941801775024,0.6602763463392197,0.4479268198089522,0.47302922460373287,0.33339248418841516,0.33723356726927384,0.23105880400414008,0.2436100064015304
R01,06,92,233,126,0.18108293414115906,0.2014194130897522,0.09918681532144547,0.15268845856189728,1,1.0367170626349889,0.014190788199327928,0.6402184400786171,0.6437333788419378,0.437460129517029,0.4613870599265374,0.3272046141389725,0.3289620835206329,0.22582545885817848,0.23778892406293267
R01,06,93,233,126,0.18018710613250732,0.20149150490760803,0.09964348375797272,0.15314263105392456,1,1.0367170626349889,0.014190788199327928,0.6366070470641678,0.6440095125730243,0.43979955090384165,0.46324245021457156,0.3253989176317479,0.3291001503861761,0.2269951695515848,0.23871661920694975
R01,06,94,233,126,0.17862536013126373,0.19938886165618896,0.09731625020503998,0.1503629982471466,1,2.836717062634989,0.04928456530710212,0.6303111079500026,0.6359557452603547,0.4278775972272515,0.4518870647508322,0.33979783662855234,0.3426201552837284,0.2385810812671768,0.25058581502896715
R01,06,95,233,126,0.1806710809469223,0.2010764330625534,0.09935641288757324,0.15249985456466675,1,4.636717062634989,0.08437834241487631,0.6385581171881956,0.6424196603449517,0.43832894404769346,0.46061657287395535,0.3614682298015359,0.363399001379914,0.2613536432312849,0.27249745764441585
R01,06,96,233,117,0.1747651845216751,0.19561614096164703,0.09804777801036835,0.15256156027317047,1,4.636717062634989,0.08437834241487631,0.6147494029169156,0.6215050700975436,0.4316250683812627,0.4608686536896891,0.34956387266589595,0.35294170625620996,0.2580017053980695,0.2726234980522827
R01,06,97,233,117,0.1741131991147995,0.19616924226284027,0.09873825311660767,0.15174458920955658,1,2.836717062634989,0.04928456530710212,0.612121023896419,0.6236236173961112,0.4351622347395984,0.457531154823855,0.33070279460176055,0.33645409135160664,0.24222340002335027,0.25340786006547855
R01,06,98,233,117,0.17115545272827148,0.19348856806755066,0.09724652767181396,0.15058809518814087,1,1.0367170626349889,0.014190788199327928,0.6001973236597004,0.6133558146219745,0.4275204225851587,0.45280663316485636,0.30719405592951415,0.31377330141065124,0.22085560539224333,0.23349871068209216
R01,06,99,233,117,0.1729850023984909,0.1951485127210617,0.09745773673057556,0.15257230401039124,1,1.0367170626349889,0.014190788199327928,0.6075728721297271,0.6197139107860601,0.4286024044994616,0.4609125441190888,0.31088183016452753,0.316952349492694,0.22139659634939476,0.23755166615920836
R01,06,100,233,117,0.17163150012493134,0.19365118443965912,0.09650125354528427,0.15195192396640778,1,1.0367170626349889,0.014190788199327928,0.6021164356167283,0.6139786851071641,0.4237025317672598,0.45837816097457207,0.30815361190802815,0.31408473665324604,0.21894665998329388,0.23628447458695
R01,06,101,233,117,0.17129261791706085,0.1928681582212448,0.09697189182043076,0.15235526859760284,1,1.0367170626349889,0.014190788199327928,0.6007502840492344,0.6109794549911792,0.4261135178531453,0.46002590874570987,0.30747053612428116,0.3125851215952536,0.2201521530262366,0.2371083484725189
R01,06,102,233,117,0.17009596526622772,0.19247373938560486,0.09722308069467545,0.15319938957691193,1,1.0367170626349889,0.014190788199327928,0.5959261626975865,0.6094687101114502,0.4274003083942348,0.4634743207354916,0.3050584754484572,0.3118297491553891,0.22079554829678139,0.23883255446740978
R01,06,103,233,117,0.17092415690422058,0.1929759830236435,0.09783008694648743,0.15277400612831116,1,1.0367170626349889,0.014190788199327928,0.5992648900729163,0.611392456991622,0.43050988044659005,0.4617365397534216,0.3067278391361221,0.312791622595475,0.222350334322959,0.23796366397637478
R01,06,104,233,117,0.16660737991333008,0.18906718492507935,0.09562354534864426,0.1508672684431076,1,1.0367170626349889,0.014190788199327928,0.5818624667067386,0.5964205637154827,0.41920620760215005,0.4539471147110462,0.29802662745303327,0.3053056759574053,0.216698497900739,0.23406895145518708
R01,06,105,233,117,0.16907595098018646,0.19143891334533691,0.09752976894378662,0.15097767114639282,1,1.0367170626349889,0.014190788199327928,0.5918141317813038,0.6055050095969742,0.42897141117180104,0.4543981330070548,0.3030024599903159,0.30984789889815106,0.2215810996855645,0.23429446060319137
R01,06,106,233,117,0.16626641154289246,0.18900100886821747,0.09908311069011688,0.1546505093574524,1,1.0367170626349889,0.014190788199327928,0.5804879050952972,0.5961670891599318,0.43692887135895153,0.46940245067478187,0.2973393466473126,0.30517893867962986,0.22555982977913974,0.2417966194370549
R01,06,107,233,117,0.16435708105564117,0.18710653483867645,0.09879260510206223,0.15259303152561188,1,1.0367170626349889,0.014190788199327928,0.5727907325160292,0.5889106736916769,0.4354406691287913,0.4609972203844077,0.29349076035767857,0.30155073094550244,0.22481572866405963,0.23759400429186783
R01,06,108,233,117,0.16635741293430328,0.18880410492420197,0.09942365437746048,0.15396951138973236,1,1.0367170626349889,0.014190788199327928,0.5808547632266263,0.5954128867782498,0.4386734087992309,0.4666204305444151,0.29752277571297714,0.30480183748878886,0.22643209849927942,0.24040560937187153
R01,06,109,233,117,0.16307996213436127,0.18600943684577942,0.10043647140264511,0.1564335823059082,1,2.145572354211663,0.035809632892310025,0.5676422237549861,0.5847084525359834,0.44386186856593396,0.4766866792211963,0.30172592832364803,0.31025904271414667,0.239835750729122,0.25624815605675316
R01,06,110,233,117,0.17052598297595978,0.19320416450500488,0.10373949259519577,0.16058886051177979,1,3.6,0.06416594379268817,0.5976597130420919,0.6122664619159974,0.4607825878468847,0.4936618658795528,0.33091282841739,0.3382162028543428,0.26247426581978645,0.2789139048361205
R01,06,111,233,126,0.1721518635749817,0.19338186085224152,0.10000284016132355,0.15530849993228912,1,3.6,0.06416594379268817,0.6042142009358937,0.6129470933221997,0.4416404621388725,0.4720904807593884,0.33419007236429094,0.3385565185574439,0.25290320296578034,0.2681282122760383
R01,06,112,233,126,0.17146345973014832,0.19311244785785675,0.10169339925050735,0.15773826837539673,1,2.145572354211663,0.035809632892310025,0.6014390065767745,0.6119151590811819,0.45030085942619635,0.4820165966088769,0.31862431973454225,0.32386239598674593,0.2430552461592532,0.2589131147505935
R01,06,113,233,126,0.1724572777748108,0.19354212284088135,0.10113697499036789,0.15681424736976624,1,1.0367170626349889,0.014190788199327928,0.6054454313697762,0.6135609457979821,0.44745040883624415,0.4782417761829772,0.3098181097845521,0.31387586699865505,0.23082059851778605,0.24621628219115257
R01,06,114,233,126,0.17132356762886047,0.19250625371932983,0.10041538625955582,0.15673808753490448,1,1.0367170626349889,0.014190788199327928,0.6008750530583665,0.6095932499628828,0.4437538535801333,0.47793064721673345,0.30753292062884724,0.31189201908110536,0.22897232088973063,0.2460607177080307
R01,06,115,233,126,0.17218975722789764,0.1935422420501709,0.09975331276655197,0.15602289140224457,1,1.0367170626349889,0.014190788199327928,0.6043669633770219,0.6135614024060534,0.44036218302599267,0.4750089203797478,0.3092788757881749,0.31387609530269067,0.2272764856126603,0.24459985428953787
R01,06,116,233,126,0.1692468822002411,0.19102899730205536,0.09917553514242172,0.15450364351272583,1,1.0367170626349889,0.014190788199327928,0.5925032147392989,0.603934905667983,0.43740234340801765,0.4688024727660951,0.3033470014693134,0.3090628469336555,0.2257965658036728,0.24149663048271153
R01,06,117,233,126,0.17038612067699432,0.19231703877449036,0.10084651410579681,0.15629667043685913,1,1.0367170626349889,0.014190788199327928,0.5970958796671689,0.6088684988017962,0.445962435613121,0.4761273653996648,0.30564333393324844,0.31152964350056206,0.23007661190622447,0.2451590767994964
R01,06,118,233,126,0.16707120835781097,0.18906064331531525,0.09796705842018127,0.1534692347049713,1,1.0367170626349889,0.014190788199327928,0.5837323198349325,0.596395507347573,0.43121155800805977,0.4645766949185688,0.2989615540171302,0.30529314777345046,0.22270117310369386,0.23938374155894837
R01,06,119,233,126,0.16574636101722717,0.18636873364448547,0.09745887666940689,0.15138529241085052,1,1.0367170626349889,0.014190788199327928,0.5783914012827239,0.5860846692627214,0.4286082441789059,0.45606335172581763,0.29629109474102594,0.3001377287310247,0.22139951618911693,0.2351270699625728
R01,06,120,233,126,0.1665942370891571,0.18817254900932312,0.0983307808637619,0.15357394516468048,1,1.0367170626349889,0.014190788199327928,0.5818094834298706,0.592993834292793,0.43307483559704085,0.4650044592006652,0.2980001358145993,0.30359231124606045,0.2236328118981844,0.23959762369999657
R01,06,121,233,126,0.16109329462051392,0.18200412392616272,0.09389983117580414,0.148215189576149,1,1.0367170626349889,0.014190788199327928,0.5596332788322438,0.5693668779501608,0.41037596342902655,0.4431128139569617,0.28691203351578587,0.2917788330747444,0.21228337581417725,0.22865180107814484
R01,06,122,233,126,0.16047285497188568,0.18245245516300201,0.09611556679010391,0.15175962448120117,1,1.0367170626349889,0.014190788199327928,0.5571320716905787,0.5710841238301113,0.4217267353874164,0.4575925770752617,0.2856614299449533,0.29263745601471963,0.21795876179337217,0.23589168263729482
R01,06,123,233,126,0.1626937985420227,0.184748113155365,0.09834030270576477,0.15455496311187744,1,14.836717062634989,0.2832430793589301,0.5660854645486011,0.5798771966861384,0.4331236140959289,0.4690121241375964,0.4246642719537656,0.43156013802253423,0.3581833467274295,0.37612760174826326
R01,06,124,233,126,0.1615440547466278,0.1826195865869522,0.09578793495893478,0.15122081339359283,1,28.63671706263499,0.5522953705185323,0.5614504490422823,0.5717242883459993,0.42004834281300013,0.45539142029764346,0.5568729097804073,0.5620098294322657,0.48617185666576623,0.5038433954080879
R01,06,125,233,57,0.1746818870306015,0.19458520412445068,0.09683293849229813,0.15177758038043976,1,28.63671706263499,0.5522953705185323,0.614413601876449,0.617556266421392,0.4254016876463671,0.4576659307055344,0.5833544861974906,0.5849258184699622,0.4888485290824497,0.5049806506120333
R01,06,126,233,57,0.1785964071750641,0.1990860104560852,0.09966990351676941,0.15495146811008453,1,14.836717062634989,0.2832430793589301,0.6301943885543627,0.6347957324553521,0.43993489406272823,0.47063193056741043,0.4567187339566464,0.45901940590714113,0.3615889867108292,0.37693750496317024
R01,06,127,233,57,0.18079034984111786,0.20109285414218903,0.10147780925035477,0.15654218196868896,1,2.836717062634989,0.04928456530710212,0.6390389314150103,0.6424825581067659,0.44919643482226423,0.4771303317169866,0.34416174836105623,0.345883561706934,0.24924050006468318,0.26320744851204436
R01,06,128,233,57,0.17905686795711517,0.19976665079593658,0.101411834359169,0.15517418086528778,1,4.636717062634989,0.08437834241487631,0.632050665468756,0.6374027933141448,0.44885845860344276,0.4715417590803196,0.35821450394181614,0.36089056786451057,0.2666184005091595,0.27796005074759794
R01,06,129,233,48,0.1859424114227295,0.20662668347358704,0.09859748929738998,0.15245234966278076,1,4.345572354211663,0.07870202713514515,0.6598086763059386,0.6636788184581245,0.4344411297478204,0.46042250534423806,0.3692553517205419,0.37119042279663483,0.25657157844148276,0.2695622662396916
R01,06,130,233,48,0.18816740810871124,0.20741884410381317,0.09781898558139801,0.15237945318222046,1,2.6,0.04466940095503583,0.6687784086779158,0.6667130361675686,0.4304530103657268,0.4601247078676456,0.3567239048164758,0.3556912185613022,0.23756120566038133,0.2523970544113407
R01,06,131,233,50,0.1833837628364563,0.2032047063112259,0.09975920617580414,0.15679419040679932,1,0.8,0.009575623847261638,0.6494938775480781,0.6505715983929393,0.44039237378704155,0.4781598392648469,0.32953475069766985,0.3300736111201005,0.2249839988171516,0.24386773155605426
R01,06,132,233,50,0.1830071657896042,0.20258104801177979,0.10026519745588303,0.15642835199832916,1,0.745572354211663,0.008514472919596758,0.6479756844003657,0.6481827961922026,0.44298446627138083,0.47666531231312514,0.3282450786599812,0.3283486345558997,0.2257494695954888,0.24258989261636096
R01,06,133,233,50,0.1818656027317047,0.20160312950611115,0.09993487596511841,0.15528757870197296,1,1.0367170626349889,0.014190788199327928,0.6433736482806687,0.644437068955738,0.441292295106903,0.4720050131271039,0.3287822182399983,0.329313928577533,0.22774154165311547,0.24309790066321593
R01,06,134,233,50,0.18030321598052979,0.2002747356891632,0.09890894591808319,0.15484607219696045,1,1.0367170626349889,0.014190788199327928,0.6370751260815767,0.6393489139898078,0.4360366599426702,0.47020136606374346,0.3256329571404523,0.32676985109456785,0.22511372407099908,0.2421960771315357
R01,06,135,233,50,0.1799086332321167,0.19989937543869019,0.09797842055559158,0.1546485275030136,1,1.0367170626349889,0.014190788199327928,0.6354844263406901,0.6379111693254693,0.4312697639633057,0.46939435438198,0.32483760727000904,0.32605097876239864,0.22273027608131682,0.24179257129065398
R01,06,136,233,50,0.17801398038864136,0.1978140026330948,0.09823466092348099,0.1535509079694748,1,1.0367170626349889,0.014190788199327928,0.6278464244277656,0.6299235531071216,0.43258243229958,0.46491034740614107,0.3210186063135468,0.32205717065322476,0.22338661024945397,0.2395505678027345
R01,06,137,233,50,0.1772410124540329,0.1977957934141159,0.09754139930009842,0.15291407704353333,1,1.0367170626349889,0.014190788199327928,0.6247303229300689,0.6298538062242387,0.4290309911692692,0.46230875894393053,0.31946055556469843,0.3220222972117833,0.22161088968429857,0.23824977357162924
R01,06,138,233,50,0.17888130247592926,0.19963666796684265,0.10066133737564087,0.15496517717838287,1,1.0367170626349889,0.014190788199327928,0.6313429001988495,0.636904919288459,0.4450138121300505,0.47068793499882194,0.32276684419908874,0.3255478537438935,0.22960230016468922,0.24243936159907495
R01,06,139,233,50,0.17888617515563965,0.20007729530334473,0.10153025388717651,0.15674301981925964,1,1.0367170626349889,0.014190788199327928,0.6313625436586406,0.6385926568718052,0.44946509824454367,0.4779507966371652,0.3227766659289843,0.3263917225355666,0.2318279432219358,0.2460707924182466
R01,06,140,233,50,0.17982864379882812,0.20097769796848297,0.09925976395606995,0.1540912389755249,1,1.0367170626349889,0.014190788199327928,0.6351619612270543,0.6420414747099416,0.4378338308336277,0.46711771337072017,0.3246763747131911,0.32811613145463475,0.22601230951647783,0.24065425078502406
R01,06,141,233,50,0.18034806847572327,0.20130068063735962,0.09977955371141434,0.15711116790771484,1,1.0367170626349889,0.014190788199327928,0.6372559420264433,0.6432785972029759,0.4404966101567312,0.47945475911809216,0.32572336511288563,0.3287346927011519,0.22734369917802957,0.24682277365871005
R01,06,142,233,50,0.17336727678775787,0.19360220432281494,0.09643080085515976,0.15061281621456146,1,1.0367170626349889,0.014190788199327928,0.6091139526113246,0.6137910762658906,0.4233416166768955,0.452907623764543,0.3116523704053263,0.31399093223260927,0.21876620243811173,0.2335492059819355
R01,06,143,233,50,0.17734183371067047,0.19771181046962738,0.09994669258594513,0.15456196665763855,1,1.0367170626349889,0.014190788199327928,0.6251367683396928,0.6295321258380453,0.4413528293003588,0.4690407350971219,0.31966377826951037,0.3218614570186866,0.22777180874984337,0.24161576164822493
R01,06,144,233,50,0.17691239714622498,0.19737018644809723,0.09821031242609024,0.1542610079050064,1,1.436717062634989,0.021989405334388864,0.623405560793144,0.6282236012578696,0.4324576998000759,0.46781125520449335,0.32269748306376644,0.3251065032961292,0.2272235525672324,0.2449003302694411
R01,06,145,233,50,0.17593538761138916,0.1963392049074173,0.09832125902175903,0.15382973849773407,1,1.836717062634989,0.029788022469449792,0.6194668969256604,0.6242746263536914,0.4330260570981528,0.4660494288415456,0.3246274596975551,0.32703132441157057,0.23140703978380128,0.2479187256554977
R01,06,146,233,48,0.18326829373836517,0.20439030230045319,0.09772586077451706,0.1544378697872162,1,1.836717062634989,0.029788022469449792,0.6490283816155958,0.6551127939655248,0.4299759505397472,0.4685337732440838,0.3394082020425228,0.3424504082174873,0.22988198650459848,0.2491608978567668
R01,06,147,233,48,0.18053850531578064,0.20176032185554504,0.09773578494787216,0.15343934297561646,1,1.436717062634989,0.021989405334388864,0.6380236588953455,0.6450391637736859,0.43002679010196854,0.4644545809083389,0.3300065321148672,0.33351428455403737,0.2260080977181787,0.2432219931213639
R01,06,148,233,48,0.18061430752277374,0.20098142325878143,0.09898139536380768,0.15327952802181244,1,1.0367170626349889,0.014190788199327928,0.6383292438493444,0.642055743712168,0.43640780401402196,0.46380170316172104,0.3262600160243362,0.328123265955748,0.22529929610667496,0.2389962456805245
R01,06,149,233,48,0.18409936130046844,0.20536121726036072,0.09933608025312424,0.15493501722812653,1,1.0367170626349889,0.014190788199327928,0.6523787028372244,0.6588316954778036,0.43822478401368287,0.4705647252497166,0.3332847455182762,0.3365112418385658,0.2262077861065054,0.24237775672452228
R01,06,150,233,48,0.18378005921840668,0.20562118291854858,0.10011491924524307,0.157285675406456,1,1.0367170626349889,0.014190788199327928,0.6510914855393499,0.6598274435291751,0.4422146209485542,0.4801676590053315,0.33264113686933894,0.33700911586425153,0.22820270457394107,0.24717922360232972
R01,06,151,233,48,0.1833781749010086,0.20470461249351501,0.09973043203353882,0.1556527465581894,1,1.0367170626349889,0.014190788199327928,0.6494713506446479,0.6563166982213761,0.4402449695908712,0.473496800731637,0.3318310694219879,0.335253743210352,0.2272178788950996,0.2438437944654825
R01,06,152,233,48,0.18647809326648712,0.20765864849090576,0.10130056738853455,0.15742990374565125,1,2.436717062634989,0.04148594817204119,0.6619681953763741,0.6676315603788905,0.4482884600882671,0.48075686214840974,0.35172707177420764,0.35455875427546585,0.24488720413015416,0.2611214051602255
R01,06,153,233,48,0.18504858016967773,0.20605741441249847,0.09860089421272278,0.15395599603652954,1,3.836717062634989,0.06878110814475445,0.6562053329049817,0.661498343689894,0.4344585724504744,0.4665652174799692,0.3624932205248681,0.36513972591732424,0.2516198402976144,0.2676731628123618
R01,06,154,233,41,0.18352188169956207,0.20455503463745117,0.09673812985420227,0.15228869020938873,1,3.836717062634989,0.06878110814475445,0.6500506825291309,0.655743769243979,0.4249160018886592,0.4597539220070722,0.3594158953369427,0.36226243869436675,0.24684855501670683,0.26426751507591334
R01,06,155,233,41,0.1884729415178299,0.20992472767829895,0.09929235279560089,0.15657465159893036,1,2.436717062634989,0.04148594817204119,0.6700101196857383,0.6763113373572395,0.4380007769636249,0.47726297699529713,0.35574803392888976,0.35889864276464034,0.23974336256783305,0.25937446258366914
R01,06,156,233,41,0.18595890700817108,0.20730529725551605,0.0991538017988205,0.15593430399894714,1,1.0367170626349889,0.014190788199327928,0.6598751757248646,0.666278116979706,0.43729100782018,0.4746470221789419,0.3370329819620963,0.34023445258951696,0.22574089800975397,0.24441890518913492
R01,06,157,233,41,0.18625019490718842,0.20712605118751526,0.09927094727754593,0.15538571774959564,1,1.0367170626349889,0.014190788199327928,0.6610494581468757,0.6655915496685775,0.4378911207607255,0.47240593180675194,0.3376201231731018,0.3398911689339527,0.22604095448002673,0.24329836000303995
R01,06,158,233,41,0.18193310499191284,0.2022714912891388,0.09876152873039246,0.15366274118423462,1,1.0367170626349889,0.014190788199327928,0.6436457732741058,0.6469970991831924,0.4352814710702137,0.46536720964281864,0.32891828073671686,0.33059394369126016,0.22473612963477083,0.2397789989210733
R01,06,159,233,41,0.18280436098575592,0.20309771597385406,0.09645261615514755,0.15231870114803314,1,1.0367170626349889,0.014190788199327928,0.6471581079852046,0.6501617926489953,0.4234533721109677,0.4598765230123578,0.33067444809226626,0.33217629042416164,0.2188220801551478,0.23703365560584289
R01,06,160,233,41,0.18916091322898865,0.2104232758283615,0.10119535028934479,0.15724505484104156,1,1.636717062634989,0.025888713901919328,0.6727835719643256,0.6782209293872027,0.44774945385877,0.4800017154400839,0.3493361429331225,0.35205482164456103,0.23681908388034467,0.2529452146710016
R01,06,161,233,41,0.18631333112716675,0.20710062980651855,0.09854832291603088,0.15533751249313354,1,2.236717062634989,0.037586639604510724,0.661303982119766,0.6654941779973841,0.4341892601749234,0.47220900318108217,0.34944531086213837,0.3515404088009474,0.23588794988971706,0.25489782139279643
R01,06,162,233,38,0.1837303191423416,0.2062065303325653,0.09793468564748764,0.15397152304649353,1,2.236717062634989,0.037586639604510724,0.6508909660629496,0.662069503311015,0.43104571874540826,0.46662864858598097,0.34423880283373015,0.34982807145776285,0.2343161791749595,0.25210764409524583
R01,06,163,233,38,0.18020641803741455,0.2022862583398819,0.09808705002069473,0.15307463705539703,1,1.636717062634989,0.025888713901919328,0.6366849000424226,0.647053661508018,0.43182625106329636,0.46296468040964683,0.331286806972171,0.3364711877049687,0.22885748248260784,0.24442669715578308
R01,06,164,233,38,0.17905275523662567,0.20113497972488403,0.09699029475450516,0.15372397005558014,1,0.945572354211663,0.012413781487127224,0.6320340856678314,0.6426439119839428,0.42620779241672396,0.4656173424783294,0.3222239335774793,0.327528846735535,0.2193107869519256,0.23901556198272833
R01,06,165,233,38,0.18054890632629395,0.20262977480888367,0.09894740581512451,0.15604470670223236,1,1.891144708423326,0.030849173397114675,0.638065588971597,0.6483694347413248,0.43623368233019777,0.47509804047495047,0.33445738118435586,0.33960930406921974,0.23354142786365623,0.25297360693603255
R01,06,166,233,41,0.18142886459827423,0.20245085656642914,0.09682741016149521,0.1533920168876648,1,3.6,0.06416594379268817,0.6416130055803044,0.6476841231023921,0.425373367109454,0.46426124387120526,0.3528894746864963,0.3559250334475401,0.2447696554510711,0.2642135938319467
R01,06,167,233,35,0.1765129715204239,0.1985975205898285,0.09756365418434143,0.15351764857769012,1,2.836717062634989,0.04928456530710212,0.6217953377359513,0.6329246667314004,0.42914499850587223,0.46477447578558617,0.3355399515215267,0.34110461601925124,0.23921478190648718,0.25702952054634415
R01,06,168,233,35,0.17536184191703796,0.1969400942325592,0.09657099097967148,0.1514606773853302,1,2.236717062634989,0.037586639604510724,0.6171547355575817,0.6265762164128199,0.4240597827450316,0.456371315224199,0.3273706875810462,0.3320814280086653,0.23082321117477117,0.24697897741435487
R01,06,169,233,35,0.17400594055652618,0.19637805223464966,0.09654700756072998,0.15262721478939056,1,1.0367170626349889,0.014190788199327928,0.6116886274940436,0.6244234235089089,0.4239369204696633,0.4611368662166447,0.3129397078466858,0.3193071058541184,0.21906385433449563,0.23766382720798632
R01,06,170,233,35,0.1741298884153366,0.19637081027030945,0.09693991392850876,0.15442442893981934,1,1.0367170626349889,0.014190788199327928,0.6121883042479973,0.6243956845685806,0.42594970148598754,0.4684788645515477,0.31318954622366263,0.3192932363839543,0.22007024484265775,0.24133482637543782
R01,06,171,233,35,0.1758713722229004,0.19791695475578308,0.09849915653467178,0.15380004048347473,1,1.0367170626349889,0.014190788199327928,0.6192088287199636,0.6303178912526521,0.4339373906020264,0.4659281061982813,0.3166998084596458,0.32225433972599005,0.22406408940067718,0.24005944719880462
R01,06,172,233,35,0.18144278228282928,0.20502561330795288,0.10251818597316742,0.16056223213672638,1,1.0367170626349889,0.014190788199327928,0.6416691125877814,0.6575462296052259,0.4545260774272983,0.49355308335897413,0.32792995039355466,0.33586850890227693,0.23435843281331312,0.253871935779151
R01,06,173,233,35,0.17981645464897156,0.20210911333560944,0.0990641713142395,0.15500089526176453,1,2.436717062634989,0.04148594817204119,0.6351128225417051,0.6463751419141452,0.43683184871092845,0.4708338508924017,0.33829938535687315,0.3439305450430932,0.23915889844148483,0.25615989953222146
R01,06,174,233,35,0.1773354411125183,0.19908709824085236,0.09893789142370224,0.15415912866592407,1,3.836717062634989,0.06878110814475445,0.6251109975621686,0.6347998990040022,0.4361849419991492,0.4673950570549711,0.34694605285346153,0.35179050357437835,0.2524830250719518,0.2680880825998628
R01,06,175,233,28,0.17435722053050995,0.1966409981250763,0.09922938793897629,0.15579459071159363,1,3.836717062634989,0.06878110814475445,0.6131047587512815,0.6254305867620616,0.43767822055196365,0.47407626397360025,0.34094293344801796,0.34710584745340806,0.25322966434835903,0.27142868605917736
R01,06,176,233,28,0.177202507853508,0.2000018060207367,0.09933548420667648,0.15669237077236176,1,2.436717062634989,0.04148594817204119,0.6245750975474991,0.6383035098106882,0.4382217305865224,0.4777438846128525,0.33303052285977014,0.3398947289913647,0.2398538393792818,0.2596149163924468
R01,06,177,233,28,0.17532190680503845,0.19773536920547485,0.09945841133594513,0.1553465723991394,1,1.0367170626349889,0.014190788199327928,0.6169937432877337,0.6296223630081255,0.4388514617705242,0.4722460148053193,0.31559226574353083,0.3219065756037267,0.22652112498492608,0.24321840150232363
R01,06,178,233,28,0.17697454988956451,0.1995115429162979,0.0993991419672966,0.15701687335968018,1,1.745572354211663,0.02801101575724909,0.6236561200310307,0.6364256520416767,0.4385478366072577,0.4790695460289921,0.32583356789413986,0.33221833389946287,0.2332794261822534,0.2535402808931206
R01,06,179,233,28,0.17248862981796265,0.19519074261188507,0.09897394478321075,0.1561196893453598,1,2.091144708423326,0.034748481964645146,0.6055718223159555,0.6198756641952993,0.43636963617451646,0.4754043603650186,0.32016015214030036,0.32731207307997223,0.2355590590695808,0.25507642116483187
R01,06,180,233,35,0.1762358844280243,0.19878225028514862,0.10136232525110245,0.15923134982585907,1,5.6,0.10315902946799281,0.6206783036845244,0.6336322380138063,0.4486048333099285,0.48811614880779197,0.3619186665762586,0.36839563374089956,0.27588193138896067,0.2956375891378924
R01,06,181,233,28,0.17167975008487701,0.1938391625881195,0.09971001744270325,0.15741245448589325,1,2.6367170626349887,0.04538525673957165,0.6023109479188805,0.6146986989595115,0.440140389710626,0.480685578247124,0.32384810232922606,0.33004197784954153,0.24276282322509884,0.2630354174933478
R01,06,182,233,28,0.16958118975162506,0.19198518991470337,0.09771271795034409,0.1547883301973343,1,2.836717062634989,0.04928456530710212,0.5938509242818514,0.6075974160834628,0.4299086224708594,0.4699654778336135,0.32156774479447675,0.3284409906952825,0.23959659388898077,0.2596250215703578
R01,06,183,233,27,0.16661737859249115,0.1899223029613495,0.09796128422021866,0.15498986840248108,1,1.436717062634989,0.021989405334388864,0.581902774845943,0.5996959275625541,0.431181977932443,0.47078880384974464,0.30194609009016593,0.31084266644847147,0.22658569163341594,0.24638910459206675
R01,06,184,233,27,0.1710214465856552,0.19381816685199738,0.09919814020395279,0.15724872052669525,1,1.2367170626349888,0.018090096766858393,0.5996570984795722,0.6146182788629632,0.4375181446330774,0.4800166905380483,0.30887359762321526,0.31635418781491076,0.22780412069996792,0.24905339365245335
R01,06,185,233,27,0.16865213215351105,0.1916884183883667,0.09617450833320618,0.15273958444595337,1,1.0367170626349889,0.014190788199327928,0.5901055712816703,0.6064606902900939,0.42202868116574466,0.46159591993107313,0.3021481797404991,0.3103257392447109,0.2181097346825363,0.23789335406520054
R01,06,186,233,27,0.1717604249715805,0.1941632479429245,0.09755226224660873,0.15551628172397614,1,1.0367170626349889,0.014190788199327928,0.6026361763326706,0.6159400450772049,0.42908663987926826,0.4729393131415646,0.3084134822659993,0.3150654166382664,0.2216387140392981,0.2435650506704463
R01,06,187,233,27,0.17082297801971436,0.19316616654396057,0.0979677215218544,0.1554657369852066,1,1.0367170626349889,0.014190788199327928,0.5988570029414729,0.6121209180932875,0.4312149549457758,0.47273282723792565,0.30652389557040044,0.3131558531463077,0.22270287157255186,0.2434618077186268
R01,06,188,233,27,0.1699298769235611,0.19221876561641693,0.09639822691679001,0.15359188616275787,1,1.0367170626349889,0.014190788199327928,0.5952566030558976,0.6084920825230621,0.4231747468825773,0.46507775195655593,0.30472369562761276,0.311341435361195,0.21868276754095262,0.23963427007794194
R01,06,189,233,27,0.16754122078418732,0.19025222957134247,0.09449392557144165,0.15177853405475616,1,1.0367170626349889,0.014190788199327928,0.5856271027362558,0.6009596474757386,0.41341939061551874,0.4576698266659804,0.2999089454677919,0.3075752178375333,0.21380508940742335,0.23593030743265417
R01,06,190,233,27,0.16923420131206512,0.1919340044260025,0.09754970669746399,0.15520234405994415,1,1.0367170626349889,0.014190788199327928,0.5924520936864478,0.6074013599928713,0.42907354831031785,0.47165681166224105,0.3033214409428879,0.3107960740960996,0.2216321682548229,0.2429237999307845
R01,06,191,233,27,0.16458161175251007,0.18812578916549683,0.09611126780509949,0.15289372205734253,1,1.0367170626349889,0.014190788199327928,0.5736958935317271,0.5928147297768463,0.4217047125440217,0.4622256045381608,0.29394334086552754,0.30350275898808715,0.21794775037167483,0.23820819636874438
R01,06,192,233,27,0.17012377083301544,0.19309312105178833,0.09978773444890976,0.15940116345882416,1,1.0367170626349889,0.014190788199327928,0.5960382565690553,0.611841131497631,0.44053851844450825,0.48880987326471104,0.3051145223841916,0.31301595984847946,0.2273646533219181,0.2515003307320195
R01,06,193,233,27,0.16781823337078094,0.1915666162967682,0.09821195155382156,0.15748855471611023,1,1.0367170626349889,0.014190788199327928,0.5867438364289704,0.6059941509932973,0.4324660967247671,0.4809964637158399,0.3004673123141492,0.31009246959631265,0.22332844246204753,0.2475936259575839
R01,06,194,233,27,0.17035110294818878,0.1933358758687973,0.09876067191362381,0.1589815616607666,1,1.0367170626349889,0.014190788199327928,0.5969547110723394,0.6127709567587163,0.4352770817686706,0.4870957115428451,0.3055727496358337,0.3134808724790221,0.22473393498399927,0.2506432498710865
R01,06,195,233,27,0.17220470309257507,0.19447050988674164,0.09964215755462646,0.15884743630886078,1,1.0367170626349889,0.014190788199327928,0.60442721533473,0.6171169523808436,0.43979275702840964,0.4865477812307418,0.30930900176702897,0.3156538702900858,0.2269917726138688,0.2503692847150349
R01,06,196,233,27,0.17177318036556244,0.19449636340141296,0.09836000949144363,0.15732379257678986,1,1.0367170626349889,0.014190788199327928,0.602687597744234,0.6172159792562953,0.43322456803142106,0.48032337567440825,0.30843919297178096,0.31570338372781165,0.2237076781153745,0.2472570819368681
R01,06,197,233,27,0.16942094266414642,0.19205762445926666,0.09816841781139374,0.15662100911140442,1,1.0367170626349889,0.014190788199327928,0.5932049127632149,0.6078748625627541,0.4322430820385363,0.47745235719760276,0.3036978504812714,0.31103282538104104,0.22321693511893212,0.24582157269846536
R01,06,198,233,27,0.16442088782787323,0.1865081638097763,0.09571069478988647,0.15342068672180176,1,1.0367170626349889,0.014190788199327928,0.5730479597173312,0.5866187294780535,0.41965265682084624,0.4643783661821137,0.2936193739583296,0.3004047588386907,0.2169217225100871,0.23928457719072083
R01,06,199,233,27,0.1699330359697342,0.19206249713897705,0.09920110553503036,0.1572544425725937,1,1.0367170626349889,0.014190788199327928,0.5952693382653035,0.6078935264176664,0.4375333354332006,0.4800400663007244,0.3047300632323157,0.31104215730849716,0.22586206181626428,0.24711542725002617
R01,06,200,233,27,0.16789379715919495,0.19036008417606354,0.09673942625522614,0.15475544333457947,1,1.0367170626349889,0.014190788199327928,0.5870484602350896,0.6013727636281991,0.42492264309273314,0.4698311280726078,0.3006196242172088,0.30778177591376354,0.21955671564603055,0.24201095813596787
R01,06,201,233,27,0.16808488965034485,0.1910223364830017,0.09687484055757523,0.15506741404533386,1,1.636717062634989,0.025888713901919328,0.5878188202606609,0.6039093926920021,0.42561634357574624,0.47110559413351144,0.30685376708129014,0.3148990532969607,0.22575252873883278,0.24849715401771538
R01,06,202,233,27,0.16656893491744995,0.18903203308582306,0.09465533494949341,0.15292082726955414,1,2.236717062634989,0.037586639604510724,0.5817074816111385,0.5962859214104738,0.4142462586905666,0.4623363350389625,0.3096470606078246,0.31693628050749223,0.22591644914753867,0.24996148732173662
R01,06,203,233,24,0.1629096120595932,0.18534667789936066,0.09435909241437912,0.15073467791080475,1,2.145572354211663,0.035809632892310025,0.5669554835949477,0.5821698828878776,0.4127286672239871,0.45340545446028574,0.30138255824362886,0.3089897578900938,0.22426915005814857,0.2446075436762979
R01,06,204,233,24,0.16476790606975555,0.187181755900383,0.09606926143169403,0.15256217122077942,1,1.8,0.02907216668491397,0.5744469104562197,0.5891987933846338,0.4214895222648895,0.4608711495393499,0.3017595385705668,0.30913548003477387,0.22528084447490174,0.24497165811213192
R01,06,205,233,27,0.15967170894145966,0.18299947679042816,0.09312830865383148,0.1504678577184677,1,1.8,0.02907216668491397,0.5539023745278511,0.5731793841170452,0.4064236073125497,0.45231543777674826,0.2914872706063825,0.30112577540097957,0.21774788699873182,0.24069380223083112
R01,06,206,233,27,0.16519352793693542,0.18793226778507233,0.09558963030576706,0.15323084592819214,1,1.545572354211663,0.024111707189718626,0.5761627396366933,0.592073483649186,0.41903246759672086,0.46360282655582824,0.300137223413206,0.30809259541945233,0.22157208739321974,0.24385726687277343
R01,06,207,233,24,0.15926243364810944,0.18165647983551025,0.09382251650094986,0.15037797391414642,1,2.4,0.04077009238750536,0.5522524440488787,0.5680352946623872,0.40997989575847765,0.4519482435047111,0.29651126821819207,0.3044026935249463,0.2253749940729915,0.2463591679461082
R01,06,208,233,27,0.16102299094200134,0.18360067903995514,0.09464945644140244,0.15237170457839966,1,1.2911447084233258,0.019151247694523275,0.5593498603512203,0.5754821727723608,0.4142161442651967,0.46009305318902166,0.28925055402287175,0.297316710233442,0.21668369597985998,0.23962215044177246
R01,06,209,233,27,0.16249458491802216,0.18552516400814056,0.09686533361673355,0.15469498932361603,1,0.945572354211663,0.012413781487127224,0.5652823654233778,0.582853539322552,0.42556764141253717,0.46958416070495945,0.28884807345525254,0.29763366040483963,0.2189907114498322,0.24099897109604335
R01,06,210,233,27,0.15631267428398132,0.17883561551570892,0.09161539375782013,0.14837081730365753,1,1.0367170626349889,0.014190788199327928,0.5403609422661296,0.5572305207964643,0.3986732458225562,0.4437485860022463,0.2772758652327288,0.2857106544978961,0.20643201701094208,0.22896968710078713
R01,06,211,233,27,0.16417238116264343,0.18823470175266266,0.09481245279312134,0.1526721715927124,1,1.0367170626349889,0.014190788199327928,0.5720461432679821,0.5932318983259393,0.4150511420900593,0.4613205242270452,0.293118465733655,0.3037113432626336,0.21462096514469362,0.2377556562131866
R01,06,212,233,27,0.16433534026145935,0.18833805620670319,0.09417945146560669,0.15265744924545288,1,1.0367170626349889,0.014190788199327928,0.57270308784375,0.5936277775237103,0.4118084024456692,0.46126038033765987,0.293446938021539,0.30390928286151914,0.21299959532249857,0.2377255842684939
R01,06,213,233,27,0.1692211776971817,0.19221435487270355,0.09554582834243774,0.15415477752685547,1,1.0367170626349889,0.014190788199327928,0.5923995909835198,0.608475188024426,0.4188080788682678,0.4673772817354361,0.3032951895914239,0.311332988111877,0.21649943353379789,0.24078403496738202
R01,06,214,233,27,0.16491466760635376,0.18850809335708618,0.09612182527780533,0.15460847318172455,1,1.0367170626349889,0.014190788199327928,0.5750385570479112,0.594279071861335,0.42175879637260105,0.4692307240432472,0.29461467262361957,0.3042349300303315,0.2179747922859645,0.2417107561212876
R01,06,215,233,27,0.17084941267967224,0.1934923231601715,0.09936920553445816,0.15800714492797852,1,1.0367170626349889,0.014190788199327928,0.5989635702126336,0.6133701977762188,0.43839447822812444,0.48311501395712614,0.30657717920598077,0.3137804929877734,0.2262926332137262,0.24865290107822705
R01,06,216,233,27,0.16408096253871918,0.1870894730091095,0.09823591262102127,0.15702980756759644,1,1.0367170626349889,0.014190788199327928,0.5716776031278635,0.5888453216614797,0.4325888444966169,0.47912238499254123,0.29293419566359574,0.30151805493040384,0.22338981634797242,0.2466565865959346
R01,06,217,233,27,0.16184717416763306,0.1851482391357422,0.09606713801622391,0.15535302460193634,1,1.0367170626349889,0.014190788199327928,0.5626724284278228,0.5814098016772784,0.42147864443063043,0.4722723734127119,0.2884316083135754,0.2978002949383032,0.2178347163149792,0.24323158080601992
R01,06,218,233,27,0.1615794599056244,0.18441247940063477,0.09628769010305405,0.15592201054096222,1,1.0367170626349889,0.014190788199327928,0.5615931795024162,0.5785916166615429,0.4226084888156732,0.47459680081381744,0.28789198385087206,0.29639120243043543,0.21839963850750058,0.2443937945065727
R01,06,219,233,27,0.15890181064605713,0.18124760687351227,0.09387814998626709,0.1521911919116974,1,1.0367170626349889,0.014190788199327928,0.5507986478091055,0.5664691860540194,0.41026489501606545,0.4593556209258488,0.2824947180042167,0.2903299871266737,0.2122278416076967,0.23677320456258838
R01,06,220,233,27,0.15684866905212402,0.1804710179567337,0.09473513811826706,0.15292149782180786,1,1.0367170626349889,0.014190788199327928,0.5425217228431571,0.5634946127738819,0.4146550744195103,0.4623390743861511,0.27835625552124255,0.28884270048660493,0.21442293130941914,0.23826493129273954
R01,06,221,233,27,0.15810604393482208,0.18201391398906708,0.09668996930122375,0.1548442542552948,1,1.636717062634989,0.025888713901919328,0.5475906365454135,0.5694043768880119,0.42466928497409545,0.4701939393891432,0.28673967522366645,0.29764654539496566,0.2252789994380074,0.24804132664553127
R01,06,222,233,27,0.1529712677001953,0.1765809953212738,0.09543904662132263,0.15285633504390717,1,2.236717062634989,0.037586639604510724,0.5268905748757626,0.5485946352689639,0.41826105739247454,0.46207287071380054,0.28223860724013666,0.2930906374367373,0.22792384849849262,0.24982975515915562
R01,06,223,233,24,0.15176483988761902,0.17498895525932312,0.09483009576797485,0.15267948806285858,1,2.236717062634989,0.037586639604510724,0.5220270464610475,0.5424966344774623,0.41514152353400835,0.461350413548592,0.2798068430327791,0.2900416370409865,0.22636408156925952,0.24946852657655139
R01,07,10,231,0,0.12778975069522858,0.1485690027475357,0.08991759270429611,0.14894989132881165,1,1.0367170626349889,0.014190788199327928,0.4253751570425528,0.4413001286992656,0.389975749395233,0.4461142253599449,0.21978297262094038,0.22774545844929678,0.20208326879728047,0.23015250677963642
R01,07,11,231,0,0.13005611300468445,0.15118461847305298,0.09310111403465271,0.15228556096553802,1,1.0367170626349889,0.014190788199327928,0.43451164857165614,0.4513187376185192,0.4062842946983545,0.4597411383868587,0.22435121838549205,0.23275476290892358,0.21023754144884121,0.23696596329309333
R01,07,12,231,0,0.12938979268074036,0.15089325606822968,0.09304475784301758,0.15275315940380096,1,1.745572354211663,0.02801101575724909,0.4318254805348932,0.45020273041638303,0.4059955931603346,0.46165137649304694,0.22991824814607115,0.23910687308681605,0.21700330445879185,0.244831196125148
R01,07,13,231,0,0.12789224088191986,0.1493372768163681,0.09185479581356049,0.1509755253791809,1,2.8,0.04856870952256629,0.4257883304873344,0.44424285356643367,0.399899654841548,0.4543893670960512,0.23717852000495035,0.2464057815445,0.22423418218205715,0.25147903830930873
R01,07,14,231,7,0.1299751251935959,0.152053102850914,0.09431422501802444,0.15372122824192047,1,2.8,0.04856870952256629,0.43418515865127405,0.4546452986455792,0.4124988204944848,0.4656061415920471,0.24137693408692018,0.2516070040840727,0.23053376500852554,0.2570874255573067
R01,07,15,231,7,0.1294279396533966,0.15202738344669342,0.09337368607521057,0.15350818634033203,1,1.745572354211663,0.02801101575724909,0.4319792641956436,0.4545467854542077,0.40768062693882484,0.46473582055303586,0.22999513997644633,0.24127890060572837,0.21784582134803696,0.24637341815514247
R01,07,16,231,7,0.13230518996715546,0.15341895818710327,0.09525051712989807,0.15485543012619019,1,1.0367170626349889,0.014190788199327928,0.44357845687948205,0.45987694269789875,0.41729525838162657,0.47023959517562003,0.228884622539405,0.23703386544861335,0.21574302329047726,0.242215191687474
R01,07,17,231,7,0.1297658085823059,0.1512116640806198,0.09301150590181351,0.15183474123477936,1,1.0367170626349889,0.014190788199327928,0.43334133088464893,0.45142233057468334,0.40582525009262144,0.4578994448347676,0.22376605954198844,0.23280655938700565,0.2100080191459747,0.23604511651704776
R01,07,18,231,7,0.1375708132982254,0.159397155046463,0.09738168120384216,0.15788280963897705,1,1.0367170626349889,0.014190788199327928,0.4648060085198551,0.48277526671083876,0.4282127871937891,0.4826070781139765,0.23949839835959152,0.24848302745508336,0.22120178769655852,0.24839893315665224
R01,07,19,231,7,0.134794682264328,0.1577150821685791,0.09618637710809708,0.15607258677482605,1,1.0367170626349889,0.014190788199327928,0.45361446268049005,0.476332412673528,0.42208948253407697,0.47521193644361454,0.233902625439909,0.24526160043642797,0.21814013536670246,0.24470136232147124
R01,07,20,231,7,0.1361301839351654,0.15841901302337646,0.09598685801029205,0.15480026602745056,1,1.0367170626349889,0.014190788199327928,0.45899833252857225,0.4790286833342406,0.42106738595995835,0.47001423821357063,0.2365945603639501,0.24660973576678427,0.21762908707964315,0.2421025132064493
R01,07,21,231,7,0.13310901820659637,0.15550497174263,0.09356957674026489,0.15255996584892273,1,1.0367170626349889,0.014190788199327928,0.44681896695585605,0.4678670131846294,0.4086841357751043,0.46086214013081844,0.230504877577592,0.2410289006919787,0.21143746198721614,0.2375264641650732
R01,07,22,231,7,0.13366304337978363,0.15613482892513275,0.09190981835126877,0.15205733478069305,1,2.945572354211663,0.05140686716243188,0.4490524343412851,0.470279559005071,0.40018152433629633,0.458808786352621,0.2502296507518585,0.26084321308375147,0.2257941957493641,0.25510782675752647
R01,07,23,231,7,0.13913869857788086,0.16262832283973694,0.09589992463588715,0.15721049904823303,1,5.2,0.0953604123329319,0.47112669719192235,0.49515162848198435,0.4206220436086078,0.4798605477482977,0.28324355476242713,0.29525602040745813,0.25799122797076984,0.2876104800406148
R01,07,24,231,20,0.14347326755523682,0.16639146208763123,0.09657943993806839,0.15424911677837372,1,5.2,0.0953604123329319,0.488600846218622,0.509565603771069,0.42410306507503087,0.467762677447682,0.29198062927577695,0.30246300805200044,0.25973173870398136,0.28156154489030694
R01,07,25,231,20,0.14312300086021423,0.16655659675598145,0.09683847427368164,0.15612642467021942,1,2.945572354211663,0.05140686716243188,0.4871887998398728,0.5101981201017637,0.4254300463511197,0.47543187558566863,0.26929783350115233,0.2808024936320978,0.23841845675677578,0.26341937137405025
R01,07,26,231,20,0.1435801237821579,0.16746114194393158,0.0949459820985794,0.15502075850963593,1,1.0367170626349889,0.014190788199327928,0.48903162068395045,0.5136628050703758,0.4157351861096774,0.47091499644356644,0.2516112044416392,0.26392679663485186,0.21496298715450268,0.2425528923214472
R01,07,27,231,20,0.1406068652868271,0.16538476943969727,0.09696414321660995,0.15682251751422882,1,1.0367170626349889,0.014190788199327928,0.4770453857633094,0.5057096627614073,0.42607382330005955,0.47827556146497,0.24561808698131868,0.2599502254803676,0.22013230574969375,0.246233174832149
R01,07,28,231,20,0.14674285054206848,0.17109104990959167,0.09949197620153427,0.1618550568819046,1,1.0367170626349889,0.014190788199327928,0.5017816678102324,0.5275664637638332,0.4390234078874966,0.4988345447386074,0.25798622800478016,0.2708786259815806,0.22660709804341228,0.25651266646896764
R01,07,29,231,20,0.14377589523792267,0.16834495961666107,0.09986364096403122,0.16193802654743195,1,1.0367170626349889,0.014190788199327928,0.4898208432366607,0.5170480973105999,0.44092737239339064,0.49917349329741095,0.2520058157179943,0.2656194427549639,0.2275590802963593,0.2566821407483694
R01,07,30,231,20,0.14131107926368713,0.1649649441242218,0.09739964455366135,0.15800106525421143,1,1.0367170626349889,0.014190788199327928,0.47988431624120054,0.5041016032864937,0.42830480985483693,0.48309017720928277,0.24703755222026424,0.2591461957429108,0.22124779902708244,0.24864048270430536
R01,07,31,231,20,0.13947759568691254,0.16297194361686707,0.09629049152135849,0.15701526403427124,1,1.0367170626349889,0.014190788199327928,0.47249290883115885,0.49646780124735335,0.4226228399233273,0.47906297159573946,0.2433418485152434,0.25532929472334065,0.21840681406132761,0.2466268798975337
R01,07,32,231,20,0.1365528106689453,0.16061554849147797,0.09737648069858551,0.15903078019618988,1,1.0367170626349889,0.014190788199327928,0.4607020872888073,0.487442086579026,0.4281861460418142,0.4872967796264888,0.23744643774406762,0.25081643738917697,0.22118846712057108,0.25074378391290836
R01,07,33,231,20,0.13588020205497742,0.16036593914031982,0.09542527794837952,0.15719649195671082,1,1.0367170626349889,0.014190788199327928,0.4579905689767175,0.486486006353844,0.41819052322506833,0.4798033258292468,0.23609067858802274,0.25033839727658597,0.21619065571219814,0.24699705701428737
R01,07,34,231,20,0.13693782687187195,0.15957656502723694,0.0984247624874115,0.15706975758075714,1,1.145572354211663,0.01631309005465769,0.46225422097102126,0.48346246185806524,0.43355628472456365,0.4792855892106002,0.23928365551283948,0.24988777595636147,0.22493468738961067,0.24779933963262896
R01,07,35,231,20,0.13354024291038513,0.1565236896276474,0.09507803618907928,0.15408699214458466,1,1.6,0.025172858117383505,0.4485573831115024,0.4717690145334782,0.4164116728970735,0.46710036417185896,0.23686512061444295,0.24847093632543085,0.2207922655072285,0.24613661114462124
R01,07,36,231,24,0.13104060292243958,0.15283016860485077,0.09323380142450333,0.15016494691371918,1,1.6,0.025172858117383505,0.43848046845386507,0.4576216983580017,0.4069640257521085,0.45107798334008176,0.2318266632856243,0.2413972782376926,0.216068441934746,0.23812542072873263
R01,07,37,231,24,0.13201560080051422,0.15468910336494446,0.09341014921665192,0.1514110118150711,1,1.054427645788337,0.014536083342456985,0.44241102263611387,0.464741987545016,0.40786742034536494,0.4561684209090962,0.22847355298928543,0.2396390354437365,0.21120175184391096,0.2353522521257766
R01,07,38,231,24,0.13327175378799438,0.1561567783355713,0.09490561485290527,0.15461930632591248,1,1.2,0.01737424098232257,0.44747501045548677,0.4703636319661893,0.41552839275523645,0.4692749797189387,0.23242462571890465,0.24386893647425595,0.2164513168687795,0.24332461035063063
R01,07,39,231,27,0.1342947781085968,0.15801769495010376,0.09566415101289749,0.15400804579257965,1,1.2,0.01737424098232257,0.45159917586375053,0.4774915122623881,0.4194142223274552,0.466777851696187,0.23448670842303654,0.24743287662235536,0.21839423165488886,0.24207604633925478
R01,07,40,231,27,0.1336393505334854,0.156311497092247,0.09393281489610672,0.15291576087474823,1,0.945572354211663,0.012413781487127224,0.44895692027074097,0.4709562521666588,0.41054493245451756,0.462315637749093,0.2306853508789341,0.24168501682689303,0.2114793569708224,0.23736470961811013
R01,07,41,231,27,0.1340881586074829,0.15689140558242798,0.09479609876871109,0.15448810160160065,1,1.0367170626349889,0.014190788199327928,0.4507662210825144,0.47317747920524794,0.4149673636823446,0.46873898078570136,0.23247850464092118,0.24368413370228795,0.21457907594083628,0.24146488449251466
R01,07,42,231,27,0.1370212882757187,0.16039437055587769,0.09517166763544083,0.1538371592760086,1,1.0367170626349889,0.014190788199327928,0.4625906828006552,0.48659490737883637,0.4168913281361395,0.4660797442837662,0.23839073549999157,0.25039284778908216,0.21554105816773372,0.24013526624154707
R01,07,43,231,27,0.1345900297164917,0.1582804024219513,0.09496284276247025,0.15429167449474335,1,1.145572354211663,0.01631309005465769,0.45278943736926136,0.47849776229939833,0.4158215599304784,0.4679365346825856,0.23455126371195953,0.24740542617702801,0.21606732499256806,0.24212481236862166
R01,07,44,231,27,0.13368789851665497,0.15688356757164001,0.0933258980512619,0.15281106531620026,1,1.6,0.025172858117383505,0.44915263400774275,0.4731474572245635,0.4074358184162364,0.4618879343413786,0.23716274606256313,0.2491601576709735,0.21630433826680995,0.24353039622938105
R01,07,45,231,31,0.13126754760742188,0.1521216332912445,0.09179474413394928,0.15015000104904175,1,1.6,0.025172858117383505,0.4393953610918448,0.4549077912105372,0.3995920220551334,0.4510169263349668,0.23228410960461415,0.24004032466396036,0.21238244008625845,0.23809489222617516
R01,07,46,231,31,0.13723725080490112,0.15885703265666962,0.0964452251791954,0.15636050701141357,1,1.6544276457883371,0.026234009045048384,0.46346130256442664,0.4807064326160282,0.4234155096141782,0.47638815125202016,0.2448476558047375,0.2534702208305383,0.22482475932961327,0.25131108014853426
R01,07,47,231,31,0.13435302674770355,0.15669003129005432,0.09647107124328613,0.15607362985610962,1,2.4,0.04077009238750536,0.4518339963051073,0.47240615402089425,0.4235479138494229,0.47521619765035233,0.24630204434630631,0.2565881232041998,0.23215900311846413,0.25799314501892884
R01,07,48,231,37,0.1370876282453537,0.1599421501159668,0.099545918405056,0.15887793898582458,1,2.4,0.04077009238750536,0.46285812219817885,0.4848627646605615,0.43929974304551667,0.48667239109063243,0.2518141072928421,0.2628164285240334,0.240034917716511,0.2637212417390689
R01,07,49,231,37,0.13218526542186737,0.1543089598417282,0.09535156190395355,0.15389496088027954,1,1.545572354211663,0.024111707189718626,0.44309499949599807,0.46328592148181874,0.4178128906210006,0.46631587601142405,0.23360335334285834,0.24369881433576868,0.2209622989053596,0.24521379160057133
R01,07,50,231,37,0.1312517523765564,0.15272165834903717,0.0950714498758316,0.15284979343414307,1,1.0367170626349889,0.014190788199327928,0.43933168504481535,0.4572060708611493,0.4163779325269506,0.46204614686011614,0.22676123662207165,0.23569842953023862,0.21528436036313928,0.23811846752972204
R01,07,51,231,37,0.13481004536151886,0.15678365528583527,0.09775014966726303,0.15688809752464294,1,1.0367170626349889,0.014190788199327928,0.45367639664698756,0.47276476258484973,0.4301003776965352,0.4785434696200157,0.23393359242315775,0.24347777539208884,0.22214558294793157,0.24636712890967183
R01,07,52,231,37,0.1337444931268692,0.1554546356201172,0.0960829108953476,0.15400013327598572,1,1.145572354211663,0.01631309005465769,0.44938078648568414,0.46767421042654544,0.42155944574686366,0.4667455273993615,0.23284693827017092,0.24199365024060157,0.21893626790076068,0.2415293087270096
R01,07,53,231,37,0.13346709311008453,0.15524305403232574,0.09506010264158249,0.153227299451828,1,1.6,0.025172858117383505,0.44826249092766507,0.4668637881760912,0.41631980290738363,0.4635883384529196,0.2367176745225243,0.24601832314673736,0.22074633051238357,0.24438059828515155
R01,07,54,231,41,0.14109261333942413,0.16191956400871277,0.09498649835586548,0.15540334582328796,1,1.6,0.025172858117383505,0.4790036044246923,0.4924368651943863,0.4159427428209085,0.47247794620062133,0.2520882312710379,0.2588048616558849,0.220557800469146,0.24882540215900242
R01,07,55,231,41,0.14123320579528809,0.1614985466003418,0.09520125389099121,0.15462642908096313,1,1.145572354211663,0.01631309005465769,0.47957038131499685,0.4908242396387602,0.417042892626816,0.4693040776735199,0.24794173568482727,0.2535686648467089,0.21667799134073684,0.2428085838640888
R01,07,56,231,41,0.14140817523002625,0.16230900585651398,0.09490186721086502,0.15453623235225677,1,1.745572354211663,0.02801101575724909,0.4802757437152042,0.49392854668714076,0.41550919433196515,0.46893560503946136,0.25414337973622664,0.26096978122219494,0.2217601050446071,0.2484733103983552
R01,07,57,231,41,0.14187783002853394,0.16335530579090118,0.09549795836210251,0.15606218576431274,1,2.8,0.04856870952256629,0.48216908489470806,0.4979361957284743,0.4185628504994448,0.4751694461250001,0.26536889720863716,0.2732524526255203,0.23356578001100556,0.2618690778237832
R01,07,58,231,48,0.14588157832622528,0.1667351871728897,0.09795074164867401,0.15864889323711395,1,2.8,0.04856870952256629,0.4983095811665956,0.5108821760685004,0.43112797043954265,0.4857366909653864,0.27343914534458097,0.27972544279553335,0.23984833998105448,0.26715270024397636
R01,07,59,231,48,0.13993844389915466,0.16060058772563934,0.09618448466062546,0.1558014154434204,1,1.745572354211663,0.02801101575724909,0.4743507476108567,0.4873847822660845,0.42207978790284256,0.47410414444054205,0.2511808816840529,0.2576978990116668,0.22504540183004582,0.25105758009889556
R01,07,60,231,48,0.14258123934268951,0.16251762211322784,0.09588265419006348,0.15546824038028717,1,1.0367170626349889,0.014190788199327928,0.48500477149850524,0.49472761081182276,0.42053357055663393,0.47274305413409645,0.2495977798489166,0.25445919950557533,0.21736217937798094,0.2434669211667122
R01,07,61,231,48,0.14073196053504944,0.16191750764846802,0.09906472265720367,0.1586955338716507,1,1.0367170626349889,0.014190788199327928,0.4775496880414341,0.4924289887051573,0.43683467313105184,0.4859272277809495,0.24587023812038103,0.2533098884522426,0.2255127306651899,0.2500590079901387
R01,07,62,231,48,0.13901416957378387,0.15949298441410065,0.0977388471364975,0.15513528883457184,1,1.0367170626349889,0.014190788199327928,0.4706246776400119,0.4831423225241123,0.4300424770840053,0.4713828769433804,0.24240773291966994,0.24866655536172014,0.22211663264166662,0.24278683257135417
R01,07,63,231,48,0.13578544557094574,0.1568879783153534,0.0955328643321991,0.15283846855163574,1,1.0367170626349889,0.014190788199327928,0.4576085727662833,0.4731643517231996,0.4187416668275282,0.46199988232981964,0.23589968048280563,0.24367756996126377,0.2164662275134281,0.2380953352645738
R01,07,64,231,48,0.13971510529518127,0.16031834483146667,0.09826229512691498,0.15643739700317383,1,1.0367170626349889,0.014190788199327928,0.4734503923345573,0.4863037055813987,0.432723996816306,0.47670226306298036,0.24382059026694264,0.2502472468903633,0.223457392507817,0.24544652563115416
R01,07,65,231,48,0.13911128044128418,0.15880358219146729,0.09736672043800354,0.1545259803533554,1,1.0367170626349889,0.014190788199327928,0.47101616518575806,0.4805017009720829,0.42813614617206197,0.4688937234646667,0.242603476692543,0.24734624458570542,0.22116346718569496,0.24154225583199732
R01,07,66,231,48,0.1401756852865219,0.1612224131822586,0.09930342435836792,0.1572374701499939,1,1.0367170626349889,0.014190788199327928,0.47530714982289046,0.48976656411772584,0.43805749437313013,0.47997073037966165,0.2447489690111092,0.25197867615852687,0.22612414128622904,0.2470807592894948
R01,07,67,231,48,0.1395062953233719,0.15973931550979614,0.095566526055336,0.15406185388565063,1,1.0367170626349889,0.014190788199327928,0.47260860700717655,0.484085846027335,0.4189141091264142,0.4669976690894772,0.24339969760325225,0.24913831711333148,0.21655244866287107,0.24059422864440258
R01,07,68,231,48,0.1412343680858612,0.1621181219816208,0.09702529013156891,0.15709328651428223,1,1.0367170626349889,0.014190788199327928,0.47957506691091034,0.49319740301305676,0.42638706675888144,0.4793817098597293,0.24688292755511915,0.2536940956061923,0.2202889274791047,0.24678624902952861
R01,07,69,231,48,0.14182083308696747,0.16226400434970856,0.09782080352306366,0.15602988004684448,1,2.145572354211663,0.035809632892310025,0.4819393104797197,0.4937561771402451,0.43046232331856615,0.47503747046489125,0.25887447168601485,0.26478290501627755,0.2331359781054381,0.25542355167860065
R01,07,70,231,48,0.14359988272190094,0.16493554413318634,0.0973559245467186,0.15479882061481476,1,3.6,0.06416594379268817,0.4891112758144797,0.5039889923209224,0.42808084097261845,0.47000833339851966,0.27663860980358396,0.2840774680568053,0.2461233923826533,0.2670871385956039
R01,07,71,231,57,0.1346936672925949,0.15570271015167236,0.09957417100667953,0.15769119560718536,1,3.6,0.06416594379268817,0.453207236338214,0.4686244118228101,0.43944447549292165,0.4818242944362367,0.2586865900654511,0.26639517780774913,0.2518052096428049,0.27299511911446245
R01,07,72,231,57,0.13204489648342133,0.15266849100589752,0.09848295897245407,0.15571223199367523,1,2.145572354211663,0.035809632892310025,0.4425291236818307,0.45700242366137317,0.43385441371894135,0.4737398112644574,0.23916937828707038,0.2464060282768416,0.2348320233056257,0.2547747220783837
R01,07,73,231,57,0.136196106672287,0.15703438222408295,0.10195934772491455,0.16074688732624054,1,1.0367170626349889,0.014190788199327928,0.45926408991730644,0.4737251235106996,0.45166326045734634,0.4943074387003344,0.2367274390583172,0.24395795585501379,0.23292702432833715,0.25424911344983114
R01,07,74,231,57,0.12835043668746948,0.14901486039161682,0.09619822353124619,0.15330222249031067,1,1.0367170626349889,0.014190788199327928,0.42763547649687067,0.4430078999617377,0.4221501693988908,0.4638944148454599,0.2209131323480993,0.2285993440805328,0.21817047879910936,0.23904260152239393
R01,07,75,231,57,0.13176164031028748,0.15219154953956604,0.09678462892770767,0.1542847603559494,1,1.0367170626349889,0.014190788199327928,0.4413872199290168,0.4551755918443235,0.42515420737501325,0.467908288969352,0.22778900406417238,0.23468319002182572,0.2196724977871706,0.24104953858433997
R01,07,76,231,57,0.12701383233070374,0.14734019339084625,0.09509576112031937,0.1511208862066269,1,14.145572354211662,0.269768146944138,0.42224716133984497,0.43659341270085317,0.4165024741872571,0.45498319669215914,0.34600765414199147,0.35318077982249557,0.34313531056569757,0.36237567181814856
R01,07,77,231,57,0.12590886652469635,0.146560400724411,0.0946003720164299,0.14964719116687775,1,15.6,0.29812445784451613,0.4177926614196803,0.4336065680788008,0.41396469453853424,0.44896284206418574,0.3579585596320982,0.3658655129616585,0.3560445761915252,0.37354364995435096
R01,07,78,231,126,0.173964723944664,0.19506840407848358,0.0945775955915451,0.14951546490192413,1,51.6,1.0,0.6115224690543423,0.6194070701621822,0.41384801545316585,0.44842471252757954,0.8057612345271712,0.809703535081091,0.7069240077265829,0.7242123562637898
R01,07,79,231,66,0.12804773449897766,0.14920328557491302,0.0944681465625763,0.1505904644727707,1,14.145572354211662,0.269768146944138,0.42641517912011956,0.4437296260943522,0.41328732989082956,0.45281631219158947,0.3480916630321288,0.3567488865192451,0.34152773841748374,0.3612922295678637
R01,07,80,231,66,0.13105720281600952,0.15179669857025146,0.09667510539293289,0.15226741135120392,1,13.036717062634988,0.2481493022511559,0.43854738837498847,0.45366319176033615,0.4245931401342819,0.4596669933896204,0.3433483453130722,0.350906247005746,0.3363712211927189,0.35390814782038815
R01,07,81,231,66,0.13612717390060425,0.15691663324832916,0.10080566257238388,0.1574738621711731,1,1.0367170626349889,0.014190788199327928,0.45898619803659113,0.4732741088883256,0.44575316134911214,0.48093644157521837,0.23658849311795954,0.24373244854382678,0.22997197477422004,0.24756361488727316
R01,07,82,231,66,0.1320038139820099,0.15194496512413025,0.09537094086408615,0.14991816878318787,1,1.0367170626349889,0.014190788199327928,0.4423635058878117,0.4542310980489494,0.4179121651715545,0.4500698427002926,0.22827714704356983,0.23421094312413868,0.21605147668544122,0.23213031544981028
R01,07,83,231,66,0.13209490478038788,0.15348245203495026,0.09760624170303345,0.15344646573066711,1,1.0367170626349889,0.014190788199327928,0.44273072444959566,0.4601201435718466,0.4293631658764858,0.46448367886292014,0.2284607563244618,0.23715546588558728,0.22177697703790689,0.23933723353112404
R01,07,84,231,66,0.12894460558891296,0.1498502641916275,0.09462787210941315,0.14961859583854675,1,1.0367170626349889,0.014190788199327928,0.43003077715654253,0.44620775224902665,0.41410557203414916,0.4488460241251872,0.22211078267793524,0.2301992702241773,0.21414818011673856,0.23151840616225758
R01,07,85,231,66,0.13011673092842102,0.15090878307819366,0.0950167253613472,0.1511310338973999,1,1.0367170626349889,0.014190788199327928,0.4347560204200673,0.45026220361766295,0.4160975897457824,0.45502465214628,0.22447340430969762,0.23222649590849545,0.2151441889725552,0.23460772017280399
R01,07,86,231,66,0.12855270504951477,0.1492442786693573,0.09272756427526474,0.1482096016407013,1,1.0367170626349889,0.014190788199327928,0.4284508903293025,0.4438866421948522,0.4043706737290656,0.44308998606372335,0.22132083926431523,0.22903871519709007,0.20928073096419678,0.22864038713152565
R01,07,87,231,66,0.12735936045646667,0.14841756224632263,0.09411831200122833,0.14941325783729553,1,1.0367170626349889,0.014190788199327928,0.42364010490448534,0.44072006522075535,0.4114951971546868,0.44800717514165395,0.21891544655190665,0.22745542671004165,0.21284299267700738,0.23109898167049095
R01,07,88,231,66,0.12977777421474457,0.15161220729351044,0.09448041021823883,0.14964662492275238,1,1.0367170626349889,0.014190788199327928,0.43338956849386084,0.45295653369407274,0.4133501541546557,0.44896052883767096,0.2237901783465944,0.23357366094670035,0.21377047117699183,0.23157565851849946
R01,07,89,231,66,0.13187383115291595,0.15339940786361694,0.09546953439712524,0.15145663917064667,1,1.0367170626349889,0.014190788199327928,0.4418395000781533,0.4598020589742143,0.41841724019173115,0.4563548182666854,0.22801514413874063,0.23699642358677112,0.21630401419552955,0.23527280323300667
R01,07,90,231,66,0.13125112652778625,0.15187877416610718,0.09442438930273056,0.1484304815530777,1,1.0367170626349889,0.014190788199327928,0.43932916203163114,0.45397756641738957,0.4130631701694136,0.44399232702765035,0.22675997511547955,0.23408417730835876,0.21362697918437076,0.22909155761348915
R01,07,91,231,66,0.13668669760227203,0.15863536298274994,0.09808777272701263,0.15438136458396912,1,1.0367170626349889,0.014190788199327928,0.46124183189499557,0.47985736990754474,0.4318299533437284,0.46830293758765723,0.23771631004716176,0.24702407905343635,0.2230103707715282,0.2412468628934926
R01,07,92,231,66,0.14179623126983643,0.16319140791893005,0.10185112059116364,0.1584513932466507,1,1.0367170626349889,0.014190788199327928,0.4818401320328842,0.4973084167065188,0.45110883442068894,0.4849298619067689,0.2480154601161061,0.2557496024529234,0.23264981131000845,0.24956032505304843
R01,07,93,231,66,0.14309416711330414,0.16496528685092926,0.10012125968933105,0.15558378398418427,1,1.0367170626349889,0.014190788199327928,0.48707256101817276,0.5041029160346985,0.4422471017799734,0.47321507409188435,0.25063167460875035,0.2591468521170132,0.22821894498965067,0.24370293114560615
R01,07,94,231,66,0.14532631635665894,0.16748204827308655,0.10154698044061661,0.15798525512218475,1,1.0367170626349889,0.014190788199327928,0.49607112782654067,0.5137428827108707,0.4495507850442336,0.4830255894900136,0.2551309580129343,0.2639668354550993,0.2318707866217808,0.24860818884467079
R01,07,95,231,66,0.14849841594696045,0.16974829137325287,0.09851406514644623,0.15300223231315613,1,1.0367170626349889,0.014190788199327928,0.508858960078843,0.5224232875253176,0.43401376444887696,0.4626688917876593,0.2615248741390855,0.2683070378623228,0.22410227632410246,0.23842983999349363
R01,07,96,231,66,0.1448247879743576,0.1663973033428192,0.09518580138683319,0.1508273333311081,1,1.0367170626349889,0.014190788199327928,0.4940492931898708,0.50958797756656,0.4169637325276815,0.4537839713673692,0.25412004069459937,0.261889382882944,0.21557726036350472,0.23398737978334858
R01,07,97,231,66,0.14474821090698242,0.1661190390586853,0.09524517506361008,0.1497969776391983,1,2.145572354211663,0.035809632892310025,0.4937405845052629,0.5085221401762522,0.4172678920407011,0.44957475135173847,0.26477510869878645,0.2721658865342811,0.22653876246650556,0.24269219212202425
R01,07,98,231,66,0.15141190588474274,0.17279252409934998,0.09769480675458908,0.153232604265213,1,3.0,0.05246801809009676,0.5206042472403942,0.5340836307647393,0.42981686698468813,0.46361000973290056,0.28653613266524547,0.293275824427418,0.24114244253739245,0.25803901391149864
R01,07,99,231,75,0.13128499686717987,0.1497294306755066,0.0956176221370697,0.14894847571849823,1,11.908855291576675,0.22615989691676705,0.43946570510228955,0.44574492289280904,0.4191758641697432,0.4461084422936578,0.3328128010095283,0.33595240990478803,0.3226678805432551,0.3361341696052124
R01,07,100,231,72,0.1303463578224182,0.14998304843902588,0.09689565002918243,0.15125057101249695,1,19.108855291576674,0.3665350053478638,0.43568172597169347,0.4467163565643867,0.42572294635148517,0.45551298643843563,0.40110836565977864,0.4066256809561253,0.3961289758496745,0.41102399589314975
R01,07,101,231,117,0.17474043369293213,0.19579368829727173,0.097704216837883,0.15339231491088867,1,17.4,0.3332182349522903,0.6146496237526553,0.6221851307436569,0.4298650729659836,0.46426246135884464,0.4739339293524728,0.4777016828479736,0.381541653959137,0.39874034815556747
R01,07,102,231,117,0.17235758900642395,0.19329579174518585,0.09455780684947968,0.14917394518852234,1,9.345572354211663,0.1761847413234068,0.605043551412581,0.6126174222947595,0.41374664167143915,0.44702953256723127,0.3906141463679939,0.3944010818090831,0.29496569149742297,0.31160713694531905
R01,07,103,231,117,0.17370156943798065,0.1948125809431076,0.0970352292060852,0.15167829394340515,1,1.0367170626349889,0.014190788199327928,0.6104616020821346,0.6184271892412865,0.42643798265678184,0.4572603246984747,0.3123261951407313,0.3163089887203072,0.2203143854280549,0.23572555644890134
R01,07,104,231,117,0.1740352213382721,0.1966450810432434,0.09870727360248566,0.1550041139125824,1,1.436717062634989,0.021989405334388864,0.611806668468018,0.6254462255885018,0.4350035328629344,0.47084699975890704,0.31689803690120344,0.32371781546144535,0.22849646909866164,0.24641820254664795
R01,07,105,231,117,0.17355939745903015,0.19525772333145142,0.09614179283380508,0.15178607404232025,1,1.836717062634989,0.029788022469449792,0.6098884575871272,0.620132220855331,0.42186108618247586,0.45770062910325676,0.3198382400282885,0.3249601216623904,0.22582455432596282,0.24374432578635327
R01,07,106,231,115,0.17092938721179962,0.1924922615289688,0.09579784423112869,0.15132448077201843,1,1.836717062634989,0.029788022469449792,0.599285975254527,0.6095396555905201,0.4200991060395425,0.455814923373002,0.3145369988619884,0.31966383902998496,0.22494356425449613,0.2428014729212259
R01,07,107,231,115,0.17367146909236908,0.19600629806518555,0.09806058555841446,0.15297459065914154,1,1.436717062634989,0.021989405334388864,0.6103402571623239,0.6229994912387257,0.4316906788973727,0.46255596980910674,0.31616483124835637,0.32249444828655727,0.2268400421158808,0.2422726875717478
R01,07,108,231,115,0.1765221804380417,0.1986417919397354,0.09909351915121078,0.1556708663702011,1,1.0367170626349889,0.014190788199327928,0.6218324620728043,0.6330942395538597,0.4369821918307408,0.47357082398011136,0.3180116251360661,0.3236425138765938,0.22558649001503436,0.24388080608971965
R01,07,109,231,115,0.1700187474489212,0.19265975058078766,0.09526906907558441,0.15090827643871307,1,2.236717062634989,0.037586639604510724,0.595614870928052,0.610181189930622,0.4173902963019953,0.454114641010225,0.31660075526628134,0.32388391476756634,0.227488467953253,0.24585064030736786
R01,07,110,231,115,0.1648305505514145,0.18710778653621674,0.09370505064725876,0.14880679547786713,1,3.436717062634989,0.060982491009693524,0.5746994520616081,0.588915468076425,0.4093781416008334,0.44552964866989625,0.31784097153565083,0.3249489795430593,0.23518031630526348,0.2532560698397949
R01,07,111,231,109,0.14710791409015656,0.1679389327764511,0.09676677733659744,0.15089012682437897,1,3.436717062634989,0.060982491009693524,0.5032533654292649,0.5154928902199332,0.42506275723155795,0.4540404960129867,0.28211792821947923,0.28823769061481336,0.24302262412062575,0.2575114935113401
R01,07,112,231,109,0.14314642548561096,0.1641303151845932,0.09422899037599564,0.14896248281002045,1,2.236717062634989,0.037586639604510724,0.48728323261905226,0.5009047189516678,0.4120621804105415,0.4461656642127087,0.2624349361117815,0.26924567927808923,0.22482441000752612,0.24187615190860973
R01,07,113,231,109,0.14506539702415466,0.16611167788505554,0.09587135165929794,0.14958977699279785,1,1.0367170626349889,0.014190788199327928,0.4950192716157052,0.5084939446278527,0.42047566994410407,0.4487282930704591,0.25460502990751654,0.2613423664135903,0.217333229071716,0.23145954063489352
R01,07,114,231,109,0.14269480109214783,0.16293874382972717,0.09175100922584534,0.14643831551074982,1,0.745572354211663,0.008514472919596758,0.48546257824794997,0.4963406358995111,0.3993679768372359,0.43585390915344646,0.24698852558377338,0.25242755440955394,0.20394122487841634,0.22218419103652162
R01,07,115,231,109,0.1424846202135086,0.16302601993083954,0.09446761012077332,0.14919130504131317,1,1.0,0.013474932414792104,0.484615266320261,0.4966749300836727,0.41328458180638517,0.4471004512222252,0.24904509936752653,0.2550749312492324,0.21337975711058862,0.23028769181850864
R01,07,116,231,111,0.1592709720134735,0.18113812804222107,0.09586761891841888,0.15132655203342438,1,0.45442764578833705,0.002838157639865586,0.5522868651573201,0.5660498486165881,0.42045654785651176,0.45582338491209573,0.27756251139859284,0.2844440031282269,0.2116473527481887,0.22933077127598067
R01,07,117,231,112,0.1585339903831482,0.18039405345916748,0.09556414932012558,0.1505918800830841,1,0.5088552915766741,0.0038993085675304664,0.5493158369177141,0.5631998151878832,0.41890193358561195,0.45282209525787653,0.2766075727426223,0.28354956187770686,0.2114006210765712,0.2283607019127035
R01,07,118,231,112,0.15423592925071716,0.1759011596441269,0.09469395130872726,0.14949871599674225,1,0.8,0.009575623847261638,0.531988863660092,0.5459906565146521,0.41444408260272375,0.44835628972224634,0.2707822437536768,0.27778314018095684,0.2120098532249927,0.22896595678475398
R01,07,119,231,114,0.15481474995613098,0.17621749639511108,0.09565424919128418,0.14975349605083466,1,0.45442764578833705,0.002838157639865586,0.5343222904250088,0.5472023231077144,0.4193634972687523,0.44939711990515285,0.2685802240324372,0.27502024037379,0.21110082745430897,0.22611763877250923
R01,07,120,231,115,0.15276633203029633,0.1750762015581131,0.09639517217874527,0.1496349573135376,1,2.0,0.032971475252444434,0.5260644082014267,0.5428308145096061,0.42315909806838004,0.4489128641965892,0.2795179417269356,0.2879011448810253,0.22806528666041223,0.24094216972451682
R01,07,121,231,115,0.1520729809999466,0.17375938594341278,0.09547661244869232,0.1496952325105667,1,2.036717062634989,0.03368733103698026,0.5232692700238041,0.5377870076025957,0.41845349963926143,0.4491591010716539,0.2784783005303922,0.285737169319788,0.22607041533812083,0.24142321605431707
R01,07,122,231,109,0.13038139045238495,0.1511668860912323,0.0917595773935318,0.14433248341083527,1,6.0,0.11095764660305375,0.43582295463826537,0.45125081716792126,0.3994118698526673,0.4272511414935828,0.27339030062065955,0.2811042318854875,0.2551847582278605,0.26910439404831826
R01,07,123,231,115,0.14777179062366486,0.16880805790424347,0.09371230006217957,0.14688169956207275,1,3.254427645788337,0.05742847758529211,0.505929681700261,0.518821905515376,0.4094152789086723,0.437665226388935,0.28167907964277655,0.28812519155033406,0.2334218782469822,0.24754685198711357
R01,07,124,231,121,0.1626245230436325,0.1848399043083191,0.09717016667127609,0.1517501026391983,1,3.6,0.06416594379268817,0.5658061910178087,0.5802287849009985,0.42712924039806655,0.4575536783451835,0.3149860674052484,0.3221973643468433,0.24564759209537734,0.26085981106893585
R01,07,125,231,121,0.16449835896492004,0.18628330528736115,0.09981042146682739,0.1545245349407196,1,1.545572354211663,0.024111707189718626,0.5733602727064879,0.5857574525036641,0.4406547395158026,0.46888781864961565,0.2987359899481033,0.30493457984669137,0.2323832233527606,0.24649976291966713
R01,07,126,231,121,0.15622226893901825,0.17817440629005432,0.09333682060241699,0.14731067419052124,1,1.0367170626349889,0.014190788199327928,0.5399964870044998,0.5546978870532848,0.40749177246895146,0.4394176780970595,0.27709363760191386,0.2844443376263064,0.2108412803341397,0.22680423314819373
R01,07,127,231,121,0.15897086262702942,0.1810600459575653,0.0963335856795311,0.1509067714214325,1,1.0367170626349889,0.014190788199327928,0.5510770202637606,0.5657507703299215,0.4228436027070273,0.4541084926976461,0.2826339042315443,0.2899707792646247,0.21851719545317763,0.23414964044848702
R01,07,128,231,121,0.15674658119678497,0.1780097633600235,0.09503595530986786,0.14991819858551025,1,1.0367170626349889,0.014190788199327928,0.5421101713354225,0.554067254230884,0.41619610093954623,0.45006996444905656,0.2781504797673752,0.28412902121510597,0.2151934445694371,0.23213037632419226
R01,07,129,231,121,0.15545788407325745,0.17709098756313324,0.0941760316491127,0.1486101597547531,1,1.0367170626349889,0.014190788199327928,0.5369149868304719,0.5505480616737668,0.41179088340733616,0.44472635032543295,0.2755528875148999,0.2823694249365474,0.21299083580333206,0.22945856926238045
R01,07,130,231,121,0.15385529398918152,0.17522670328617096,0.09463673830032349,0.14995832741260529,1,1.0367170626349889,0.014190788199327928,0.5304543910701672,0.5434072821995553,0.4141509917631608,0.45023389915969914,0.2723225896347476,0.2787990351994416,0.21417088998124437,0.23221234367951354
R01,07,131,231,121,0.15136253833770752,0.1730049103498459,0.09430485963821411,0.14884738624095917,1,1.0367170626349889,0.014190788199327928,0.520405229557556,0.5348971351196745,0.4124508435202263,0.4456954704863799,0.26729800887844196,0.27454396165950123,0.21332081585977714,0.22994312934285394
R01,07,132,231,121,0.14805959165096283,0.1694401651620865,0.09232066571712494,0.14623217284679413,1,1.0367170626349889,0.014190788199327928,0.5070899073345315,0.5212430698131624,0.4022862135101499,0.43501177295328686,0.26064034776692974,0.26771692900624516,0.20823850085473894,0.2246012805763074
R01,07,133,231,121,0.1482091248035431,0.1702243983745575,0.09432962536811829,0.14853373169898987,1,1.0367170626349889,0.014190788199327928,0.5076927272703244,0.5242469230858686,0.4125777134187427,0.44441412562031374,0.2609417577348262,0.2692188556425983,0.21338425080903534,0.22930245690982085
R01,07,134,231,121,0.14592400193214417,0.1679886430501938,0.09461934864521027,0.14855535328388214,1,1.0367170626349889,0.014190788199327928,0.49848060541743794,0.5156832957856431,0.4140619080257549,0.44450245434855085,0.2563356968083829,0.2649370419924855,0.21412634811254141,0.2293466212739394
R01,07,135,231,121,0.14636990427970886,0.16723592579364777,0.09485270828008652,0.14820562303066254,1,2.345572354211663,0.03970894145984048,0.5002781922394277,0.5128001582717727,0.4152573629269076,0.4430737326037376,0.2699935668496341,0.2762545498658066,0.22748315219337406,0.24139133703178905
R01,07,136,231,121,0.14576460421085358,0.16651052236557007,0.09440597891807556,0.14711681008338928,1,4.0,0.0719645609277491,0.4978380179881229,0.5100216410822268,0.41296885743799544,0.4386257023876424,0.28490128945793597,0.29099310100498793,0.24246670918287228,0.25529513165769574
R01,07,137,231,131,0.1598121076822281,0.17929670214653015,0.09051942080259323,0.14156699180603027,1,4.0,0.0719645609277491,0.5544683704855035,0.5589966237400382,0.39305879479913186,0.41595352581833206,0.31321646570662626,0.31548059233389364,0.23251167786344049,0.24395904337304058
R01,07,138,231,131,0.1589607447385788,0.17964504659175873,0.09217353165149689,0.14481495320796967,1,2.345572354211663,0.03970894145984048,0.5510362315506163,0.5603308896002304,0.40153247501559464,0.4292221322329761,0.2953725865052284,0.30001991553003543,0.22062070823771757,0.2344655368464083
R01,07,139,231,131,0.16011889278888702,0.18095052242279053,0.09318030625581741,0.14708580076694489,1,1.0367170626349889,0.014190788199327928,0.5557051275196943,0.5653312616644635,0.4066899806644588,0.43849902279876485,0.2849479578595111,0.2897610249318957,0.21044038443189336,0.2263449054990464
R01,07,140,231,131,0.15798090398311615,0.17885251343250275,0.09504880756139755,0.14872924983501434,1,1.0367170626349889,0.014190788199327928,0.5470861540520613,0.5572952449905636,0.41626194046269327,0.44521285838612945,0.2806384711256946,0.2857430165949458,0.2152263643310106,0.2297018232927287
R01,07,141,231,131,0.15666259825229645,0.1780088245868683,0.0958416759967804,0.15020573139190674,1,1.0367170626349889,0.014190788199327928,0.5417716069948018,0.554063658442323,0.4203236474393535,0.451244596523531,0.27798119759706486,0.28412722332082546,0.21725721781934074,0.23271769236142947
R01,07,142,231,131,0.1544666588306427,0.17569318413734436,0.09452998638153076,0.14807893335819244,1,1.0367170626349889,0.014190788199327928,0.5329190145206617,0.545194046658353,0.4136041229587255,0.4425561786082369,0.27355490135999483,0.2796924174288405,0.21389745557902673,0.22837348340378244
R01,07,143,231,131,0.15477345883846283,0.17644499242305756,0.09631992876529694,0.15050116181373596,1,1.0367170626349889,0.014190788199327928,0.534155831626595,0.5480737025356802,0.42277364105721366,0.45245149202044904,0.27417330991296146,0.2811322453675041,0.2184822146282708,0.2333211401098885
R01,07,144,231,131,0.15545359253883362,0.17718881368637085,0.09761309623718262,0.1517111212015152,1,1.0367170626349889,0.014190788199327928,0.5368976861686375,0.5509227656722337,0.4293982802888309,0.4573944309619525,0.27554423718398274,0.28255677693578085,0.22179453424407944,0.23579260958064022
R01,07,145,231,131,0.15219064056873322,0.17353618144989014,0.09695566445589066,0.15055367350578308,1,1.0367170626349889,0.014190788199327928,0.523743596502431,0.536932066065195,0.4260303882987022,0.4526660133425079,0.26896719235087946,0.27556142713226145,0.22011058824901508,0.23342840077091792
R01,07,146,231,131,0.15356600284576416,0.17549023032188416,0.09941153228282928,0.15421068668365479,1,1.0367170626349889,0.014190788199327928,0.5292881582616488,0.5444166714170553,0.4386113097243554,0.4676056824165839,0.27173947323048836,0.2793037298081916,0.22640104896184168,0.24089823530795593
R01,07,147,231,131,0.14886662364006042,0.17001637816429138,0.0966094508767128,0.14982697367668152,1,1.0367170626349889,0.014190788199327928,0.5103433328355388,0.5234501420015429,0.42425680513255914,0.44969729148264215,0.26226706051743337,0.26882046510043545,0.21922379666594355,0.23194403984098505
R01,07,148,231,131,0.14411480724811554,0.16536062955856323,0.09459841996431351,0.14770011603832245,1,1.0367170626349889,0.014190788199327928,0.49118711494763967,0.5056171996269797,0.41395469456458384,0.44100863006982016,0.2526889515734838,0.25990399391315383,0.2140727413819559,0.22759970913457406
R01,07,149,231,131,0.14043745398521423,0.16150163114070892,0.09342613071203232,0.1458534151315689,1,1.0367170626349889,0.014190788199327928,0.47636243012304735,0.49083605437260375,0.40794929036110433,0.433464467912398,0.24527660916118765,0.2525134212859658,0.21107003928021614,0.22382762805586298
R01,07,150,231,131,0.14126986265182495,0.1625671237707138,0.09384312480688095,0.14683307707309723,1,2.345572354211663,0.03970894145984048,0.4797181578014992,0.494917217313408,0.41008546800254997,0.4374665932805701,0.25971354963066984,0.26731307938662424,0.22489720473119523,0.2385877673702053
R01,07,151,231,131,0.1423695683479309,0.16448576748371124,0.09753678739070892,0.15174587070941925,1,4.0,0.0719645609277491,0.48415145239656815,0.5022662100681081,0.42900736527661526,0.4575363900207043,0.27805800666215863,0.2871153854979286,0.2504859631021822,0.2647504754742267
R01,07,152,231,141,0.1625426858663559,0.1849842071533203,0.09763725847005844,0.15241745114326477,1,4.0,0.0719645609277491,0.5654762770081052,0.5807815089712427,0.4295220585923474,0.46027993754166663,0.31872041896792713,0.3263730349494959,0.2507433097600482,0.26612224923470784
R01,07,153,231,141,0.15560607612133026,0.17798475921154022,0.09256724268198013,0.14674705266952515,1,2.345572354211663,0.03970894145984048,0.5375124003094416,0.55397148068794,0.40354937815858555,0.43711516547346285,0.28861067088464104,0.29684021107389025,0.22162915980921302,0.23841205346665167
R01,07,154,231,141,0.15082719922065735,0.17320922017097473,0.09060754626989365,0.1430911421775818,1,1.0367170626349889,0.014190788199327928,0.5182470921371977,0.5356797042777827,0.39351024400480333,0.42218000110365256,0.2662189401682628,0.2749352462385553,0.20385051610206564,0.21818539465149026
R01,07,155,231,141,0.1517704874277115,0.17413164675235748,0.09071352332830429,0.14327432215213776,1,1.0367170626349889,0.014190788199327928,0.5220498136514476,0.5392128804570818,0.39405314335393,0.4229283298811979,0.2681203009253878,0.2767018343282049,0.20412196577662897,0.21855955904026292
R01,07,156,231,141,0.15094703435897827,0.17425306141376495,0.09402863681316376,0.14731040596961975,1,1.0367170626349889,0.014190788199327928,0.5187301890902267,0.5396779357776467,0.4110358090383982,0.4394165823581841,0.26646048864477734,0.2769343619884873,0.21261329861886308,0.22680368527875602
R01,07,157,231,141,0.15230309963226318,0.17532585561275482,0.09734784811735153,0.15009652078151703,1,1.0367170626349889,0.014190788199327928,0.5241969579429321,0.5437870659628148,0.42803946703459445,0.45079844817807996,0.26919387307113,0.27898892708107137,0.2211151276169612,0.23249461818870396
R01,07,158,231,141,0.1465439796447754,0.16930362582206726,0.09257423132658005,0.14600180089473724,1,1.0367170626349889,0.014190788199327928,0.5009799503350861,0.520720082343558,0.4035851795920417,0.4340706550080456,0.25758536926720704,0.267455435271443,0.20888798389568483,0.22413072160368677
R01,07,159,231,141,0.14860327541828156,0.17170172929763794,0.09491967409849167,0.14875280857086182,1,1.0367170626349889,0.014190788199327928,0.509281684930679,0.529905552760813,0.4156004154683834,0.44530910078402247,0.2617362365650035,0.27204817048007046,0.21489560183385567,0.2297499444916752
R01,07,160,231,141,0.1498269885778427,0.17305150628089905,0.09616216272115707,0.1507669985294342,1,1.0367170626349889,0.014190788199327928,0.5142148965666716,0.5350756117995231,0.421965437055684,0.4535374909947766,0.2642028423829998,0.27463319999942554,0.21807811262750598,0.23386413959705227
R01,07,161,231,141,0.14726850390434265,0.16975203156471252,0.09595516324043274,0.14998893439769745,1,1.0367170626349889,0.014190788199327928,0.5039007585979784,0.522437613603553,0.4209050199707018,0.45035893514026354,0.2590457733986532,0.2683142009014405,0.21754790408501487,0.23227486166979575
R01,07,162,231,141,0.14385969936847687,0.1672319918870926,0.09293470531702042,0.1473851203918457,1,1.0367170626349889,0.014190788199327928,0.49015868671637164,0.5127850902054215,0.4054318160029984,0.4397218065093768,0.2521747374578498,0.26348793920237473,0.20981130210116317,0.22695629735435238
R01,07,163,231,141,0.14141052961349487,0.16391617059707642,0.09297780692577362,0.14732369780540466,1,1.0367170626349889,0.014190788199327928,0.4802852350505161,0.5000844796276818,0.4056526169545379,0.43947088230690046,0.24723801162492204,0.25713763391350486,0.20992170257693293,0.2268308352531142
R01,07,164,231,141,0.14134861528873444,0.1644142121076584,0.09523414075374603,0.1494520902633667,1,1.0367170626349889,0.014190788199327928,0.4800356369605092,0.5019921310733422,0.4172113654703934,0.44816581378106524,0.24711321257991858,0.25809145963633506,0.21570107683486067,0.2311783009901966
R01,07,165,231,141,0.1373874545097351,0.15974238514900208,0.09178896993398666,0.14646612107753754,1,1.0367170626349889,0.014190788199327928,0.46406682572863117,0.4840976036851696,0.3995624419795166,0.4359675007502007,0.23912880696397956,0.24914419594224876,0.2068766150894223,0.22507914447476432
R01,07,166,231,141,0.13350720703601837,0.15482446551322937,0.09121830761432648,0.14399641752243042,1,1.0367170626349889,0.014190788199327928,0.44842420405842287,0.46526046600991683,0.3966390526482693,0.4258782415570352,0.2313074961288754,0.2397256271046224,0.20541492042379864,0.22003451487818157
R01,07,167,231,141,0.13385744392871857,0.15488547086715698,0.09230025857686996,0.14452338218688965,1,1.0367170626349889,0.014190788199327928,0.44983613029368713,0.4654941351903774,0.4021816717977443,0.4280310032009881,0.23201345924650754,0.23984246169485268,0.20818622999853612,0.22111089570015802
R01,07,168,231,141,0.13471472263336182,0.1557888388633728,0.09419982880353928,0.14752957224845886,1,1.0367170626349889,0.014190788199327928,0.4532921177103391,0.46895431115428593,0.41191279148671683,0.4403119227681846,0.23374145295483353,0.24157254967680694,0.2130517898430224,0.22725135548375627
R01,07,169,231,141,0.13412322103977203,0.1554328054189682,0.09349917620420456,0.14730478823184967,1,1.0367170626349889,0.014190788199327928,0.4509075698925713,0.46759059407349834,0.40832348785961653,0.43939363271618176,0.23254917904594963,0.24089069113641315,0.21125713802947224,0.22679221045775486
R01,07,170,231,141,0.1293032169342041,0.1511259377002716,0.092263363301754,0.14593780040740967,1,1.0367170626349889,0.014190788199327928,0.4314764637110809,0.45109397229544795,0.40199266465651284,0.43380919953748864,0.22283362595520442,0.23264238024738795,0.2080917264279204,0.2239999938684083
R01,07,171,231,141,0.12967751920223236,0.1517418473958969,0.09340427815914154,0.1476449817419052,1,1.0367170626349889,0.014190788199327928,0.4329854058104513,0.45345309497155367,0.40783734408783456,0.4407833948565348,0.22358809700488963,0.2338219415854408,0.21101406614358126,0.22748709152793137
R01,07,172,231,141,0.12938711047172546,0.1506415456533432,0.0928395688533783,0.14716926217079163,1,1.0367170626349889,0.014190788199327928,0.4318146676212467,0.4492386024739453,0.40494445086035225,0.4388399802121734,0.22300272791028733,0.23171469533663663,0.2095676195298401,0.22651538420575068
R01,07,173,231,141,0.12943001091480255,0.15119634568691254,0.09193264693021774,0.14682140946388245,1,1.0367170626349889,0.014190788199327928,0.43198761416784837,0.4513636564375281,0.4002984705965413,0.4374189286394883,0.22308920118358816,0.23277722231842804,0.20724462939793462,0.22580485841940812
R01,07,174,231,141,0.12677377462387085,0.14726492762565613,0.09119002521038055,0.1455778181552887,1,1.0367170626349889,0.014190788199327928,0.4212794055684823,0.4363051217798697,0.39649416752950634,0.43233859621788073,0.21773509688390513,0.22524795498959882,0.20534247786441714,0.22326469220860434
R01,07,175,231,141,0.12315592169761658,0.14397279918193817,0.08935780823230743,0.1428052932024002,1,1.0367170626349889,0.014190788199327928,0.4066945872116151,0.4236952620562902,0.38710808510966377,0.4210122478343406,0.21044268770547153,0.21894302512780908,0.20064943665449586,0.21760151801683428
R01,07,176,231,141,0.12232232838869095,0.1437191665172577,0.08877380937337875,0.14168718457221985,1,1.0367170626349889,0.014190788199327928,0.40333408382963604,0.42272377130870364,0.38411637534570164,0.4164445385832943,0.208762436014482,0.2184572797540158,0.1991535817725148,0.21531766339131111
R01,07,177,231,141,0.12602472305297852,0.1476215124130249,0.0898384153842926,0.1439598947763443,1,2.145572354211663,0.035809632892310025,0.418259719217467,0.4376709506729868,0.3895701397648077,0.4257290384468291,0.22703467605488853,0.2367402917826484,0.21268988632855887,0.23076933566956956
R01,07,178,231,141,0.12640416622161865,0.14798088371753693,0.08968515694141388,0.14353877305984497,1,3.6,0.06416594379268817,0.41978938606799326,0.4390474527797693,0.38878502730617887,0.42400866753800226,0.24197766493034073,0.2516066982862287,0.22647548554943353,0.2440873056653452
R01,07,179,231,150,0.12618878483772278,0.14631466567516327,0.0875154584646225,0.14003120362758636,1,3.6,0.06416594379268817,0.41892110910217856,0.4326653276159344,0.37767009442809374,0.4096795076406937,0.24154352644743338,0.2484156357043113,0.22091801911039094,0.23692272571669093
R01,07,180,231,150,0.1295553594827652,0.151156485080719,0.09169350564479828,0.1457422822713852,1,2.145572354211663,0.035809632892310025,0.43249293766559527,0.451210978113705,0.3990733974519322,0.43301046677167293,0.23415128527895265,0.2435103055030075,0.21744151517212112,0.23441004983199148
R01,07,181,231,150,0.12628689408302307,0.14729906618595123,0.09003718197345734,0.14381027221679688,1,1.745572354211663,0.02801101575724909,0.41931662145467086,0.436435882916273,0.39058838138713625,0.4251177987774781,0.22366381860595996,0.23222344933676103,0.20929969857219266,0.22656440726736357
R01,07,182,231,150,0.12650953233242035,0.14759433269500732,0.09176134318113327,0.14513558149337769,1,2.8,0.04856870952256629,0.4202141533590737,0.4375668440327425,0.3994209156306301,0.4305319663098038,0.23439143144082,0.2430677767776544,0.2239948125765982,0.23955033791618505
R01,07,183,231,157,0.12436386197805405,0.14580276608467102,0.08969417214393616,0.14286039769649506,1,2.8,0.04856870952256629,0.411564212908192,0.4307045954819916,0.38883121039198054,0.4212373612988621,0.23006646121537916,0.23963665250227895,0.21869995995727343,0.2349030354107142
R01,07,184,231,157,0.12662777304649353,0.14754173159599304,0.08997122198343277,0.14389179646968842,1,1.745572354211663,0.02801101575724909,0.4206908226356573,0.43736536572130486,0.3902504815039938,0.4254508425212306,0.2243509191964532,0.23268819073927696,0.20913074863062142,0.22673092913923984
R01,07,185,231,157,0.12703455984592438,0.14885364472866058,0.09061385691165924,0.1453876942396164,1,1.0367170626349889,0.014190788199327928,0.42233072113363546,0.44239039462138524,0.3935425721648645,0.4315618999783378,0.2182607546664817,0.2282905914103566,0.20386668018209622,0.2228763440888329
R01,07,186,231,157,0.13032792508602142,0.15099115669727325,0.09432504326105118,0.14916479587554932,1,1.0367170626349889,0.014190788199327928,0.43560741722624496,0.4505777197948945,0.4125542401974468,0.44699215569670225,0.22489910271278646,0.23238425399711124,0.21337251419838738,0.2305914719480151
R01,07,187,231,157,0.12634316086769104,0.14741772413253784,0.09188515692949295,0.1469014436006546,1,1.0367170626349889,0.014190788199327928,0.41954345235427765,0.4368903791751903,0.40005518878753304,0.43774588494504396,0.2168671202768028,0.22554058368725913,0.2071229884934305,0.22596833657218596
R01,07,188,231,157,0.12373173236846924,0.14398804306983948,0.08899335563182831,0.1432335376739502,1,1.0367170626349889,0.014190788199327928,0.4090158794845508,0.4237536508134009,0.3852410670724112,0.42276171669774865,0.21160333384193938,0.21897221950636442,0.19971592763586957,0.2184762524485383
R01,07,189,231,157,0.12740495800971985,0.14831149578094482,0.09157237410545349,0.14565548300743103,1,1.545572354211663,0.024111707189718626,0.423823924436476,0.4403137981893635,0.3984528647172513,0.4326558734967033,0.2239678158130973,0.23221275268954106,0.21128228595348494,0.22838379034321096
R01,07,190,231,157,0.12567012012004852,0.14623838663101196,0.09098109602928162,0.14460809528827667,1,4.0,0.0719645609277491,0.416830191961656,0.4323731555263453,0.3954238649740922,0.428377074062482,0.24439737644470255,0.2521688582270472,0.23369421295092066,0.25017081749511555
R01,07,191,231,163,0.12814787030220032,0.1485746055841446,0.09066464751958847,0.14343707263469696,1,4.5632829373650114,0.08294663084580467,0.4268188612295893,0.4413215892786142,0.3938027623267737,0.42359319988106364,0.254882746037697,0.26213411006220944,0.23837469658628918,0.25326991536343413
R01,07,192,231,171,0.1421327441930771,0.16437314450740814,0.09354202449321747,0.14815154671669006,1,4.4,0.07976317806281003,0.4831967321933238,0.5018348295927977,0.40854299110461284,0.442852819471572,0.2814799551280669,0.2907990038278039,0.24415308458371143,0.261307998767191
R01,07,193,231,171,0.13907155394554138,0.16211257874965668,0.0927145928144455,0.14697258174419403,1,1.945572354211663,0.031910324324779554,0.47085601392030474,0.4931761707377438,0.40430422352048645,0.4380364992445641,0.25138316912254216,0.2625432475312617,0.21810727392263302,0.23497341178467185
R01,07,194,231,171,0.13720498979091644,0.15959720313549042,0.09165210276842117,0.14634451270103455,1,1.0367170626349889,0.014190788199327928,0.4633312472419561,0.48354151213039986,0.39886129876779997,0.4354707049189514,0.23876101772064204,0.2488661501648639,0.20652604348356396,0.22483074655913968
R01,07,195,231,171,0.13433091342449188,0.15629954636096954,0.09060446172952652,0.14447113871574402,1,1.0367170626349889,0.014190788199327928,0.45174484983926605,0.47091047720751633,0.39349444251924803,0.42781757761780465,0.232967819019297,0.24255063270342214,0.203842615359288,0.2210041829085663
R01,07,196,231,171,0.1375102698802948,0.1601988524198532,0.09296458214521408,0.14817404747009277,1,1.0367170626349889,0.014190788199327928,0.46456193703015636,0.48584601306598263,0.4055848690394156,0.44294473978834525,0.23937636261474216,0.2500184006326553,0.20988782861937177,0.2285677639938366
R01,07,197,231,171,0.13673579692840576,0.15966735780239105,0.09223312884569168,0.1486046016216278,1,1.0367170626349889,0.014190788199327928,0.46143976828646915,0.48381022598032863,0.4018377795637994,0.4447036441809585,0.23781527824289855,0.2490005070898283,0.20801428388156368,0.22944721619014322
R01,07,198,231,171,0.13586266338825226,0.15784019231796265,0.09190056473016739,0.14664341509342194,1,1.0367170626349889,0.014190788199327928,0.45791986453581784,0.47681162284430156,0.4001341198796305,0.4366917841468682,0.2360553263675729,0.24550120552181476,0.20716245403947922,0.22544128617309808
R01,07,199,231,171,0.13611574470996857,0.15778464078903198,0.09183260053396225,0.14675670862197876,1,1.0367170626349889,0.014190788199327928,0.4589401230101085,0.47659884348310055,0.399785952847661,0.4371546120729788,0.23656545560471823,0.24539481584121425,0.20698837052349447,0.22567270013615337
R01,07,200,231,171,0.1373787373304367,0.15866275131702423,0.09153839200735092,0.14635644853115082,0,1.0367170626349889,0.014190788199327928,0.46403168375928006,0.4799622756119137,0.39827878120126653,0.43551946529890856,0.239111235979304,0.24707653190562082,0.20623478470029724,0.22485512674911826
R01,07,201,231,171,0.13195057213306427,0.15395858883857727,0.0899370014667511,0.1450137197971344,0,1.0367170626349889,0.014190788199327928,0.4421488695519285,0.4619438932844154,0.39007517661714486,0.43003413561406106,0.22816982887562823,0.23806734074187166,0.2021329824082364,0.2221124619066945
R01,07,202,231,171,0.12900608777999878,0.15056687593460083,0.09006159007549286,0.14468103647232056,0,1.0367170626349889,0.014190788199327928,0.4302786331660175,0.4489525945933181,0.3907134192293564,0.4286750541622204,0.22223471068267273,0.23157169139632303,0.20245210371434216,0.22143292118077418
R01,07,203,231,171,0.12784665822982788,0.1494002491235733,0.08988802880048752,0.14485761523246765,0,1.0367170626349889,0.014190788199327928,0.4256045710270862,0.4444840567800698,0.389824299408075,0.42939641558855346,0.21989767961320708,0.22933742248969888,0.20200754380370148,0.2217936018939407
R01,07,204,231,171,0.13052251935005188,0.15124957263469696,0.09010117501020432,0.14417317509651184,0,1.0367170626349889,0.014190788199327928,0.43639189411129925,0.45156753194133986,0.39091620496064927,0.4266003334759519,0.2252913411553136,0.2328791600703339,0.2025534965799886,0.22039556083763992
R01,07,205,231,171,0.1342293918132782,0.15577295422554016,0.0943039059638977,0.1482827365398407,0,1.0367170626349889,0.014190788199327928,0.4513355810577456,0.4688934681287923,0.41244595803676964,0.4433887575304274,0.2327631846285368,0.24154212816406012,0.2133183731180488,0.22878977286487767
R01,07,206,231,171,0.13288575410842896,0.15472570061683655,0.09429651498794556,0.14961425960063934,0,1.0367170626349889,0.014190788199327928,0.44591891203826906,0.4648821662228888,0.41240809553998015,0.4488283096800342,0.2300548501187985,0.23953647721110838,0.21329944186965405,0.23150954893968106
R01,07,207,231,171,0.1339031457901001,0.15617166459560394,0.09411099553108215,0.14956817030906677,0,1.0367170626349889,0.014190788199327928,0.4500203703278752,0.47042065089908625,0.41145771633629236,0.448640025216604,0.23210557926360156,0.2423057195492071,0.21282425226781015,0.23141540670796598
R01,07,208,231,171,0.13422422111034393,0.15653549134731293,0.0944359302520752,0.1507960706949234,0,1.0367170626349889,0.014190788199327928,0.45131473616310486,0.4718142187325316,0.41312229215280766,0.4536562569139982,0.2327527621812164,0.24300250346592978,0.2136565401760678,0.23392352255666307
R01,07,209,231,171,0.13039839267730713,0.1525225043296814,0.0915616899728775,0.14662529528141022,0,1.145572354211663,0.01631309005465769,0.43589149649643577,0.4564432500021225,0.3983981320354003,0.4366177608983939,0.22610229327554673,0.2363781700283901,0.207355611045029,0.2264654254765258
R01,07,210,231,171,0.12933769822120667,0.15070602297782898,0.0930904820561409,0.14737121760845184,0,1.6,0.025172858117383505,0.431615469723181,0.44948557036448095,0.40622982919138007,0.43966501071099967,0.22839416392028225,0.23732921424093223,0.2157013436543818,0.2324189344141916
R01,07,211,231,175,0.12821970880031586,0.14930513501167297,0.09184987097978592,0.14618739485740662,0,1.908855291576674,0.03119446854024373,0.4271084671000883,0.44411974061522375,0.39987442589963484,0.4348288454354699,0.22915146782016602,0.23765710457773373,0.21553444721993928,0.2330116569878568
R01,07,212,231,175,0.1283312886953354,0.1493539810180664,0.09121009707450867,0.14636990427970886,0,2.108855291576674,0.0350937771077742,0.4275582843077831,0.44430683577241714,0.39659699168913426,0.43557443486582664,0.23132603070777863,0.23970030644009566,0.21584538439845424,0.23533410598680043
R01,07,213,231,180,0.1306690126657486,0.15217846632003784,0.09128441661596298,0.14530505239963531,0,2.0,0.032971475252444434,0.4369824594116261,0.45512547910850415,0.3969777158882019,0.4312242906559376,0.23497696733203527,0.2440484771804743,0.21497459557032317,0.232097882954191
R01,07,214,231,180,0.1329498291015625,0.1546420305967331,0.09190823882818222,0.1464657038450241,0,1.3455723542116629,0.020212398622188155,0.44617722053093567,0.4645616844328824,0.40017343275432116,0.43596579626750553,0.2331948095765619,0.2423870415275353,0.21019291568825466,0.22808909744484684
R01,07,215,231,180,0.1339578479528427,0.15572215616703033,0.09397399425506592,0.14831259846687317,0,1.0367170626349889,0.014190788199327928,0.45024089369452147,0.46869889601443226,0.41075588610346464,0.4435107497918933,0.2322158409469247,0.2414448421068801,0.2124733371513963,0.22885076899561063
R01,07,216,231,180,0.13598911464214325,0.15813276171684265,0.0948057547211647,0.1498444527387619,0,1.0367170626349889,0.014190788199327928,0.4584296333425083,0.47793225320315913,0.4150168292023438,0.4497686971326918,0.23631021077091813,0.24606152070124354,0.21460380870083587,0.23197974266600987
R01,07,217,231,180,0.137152761220932,0.15909719467163086,0.09560010582208633,0.1511380523443222,0,1.0367170626349889,0.014190788199327928,0.4631206957845616,0.48162632665156385,0.41908613157906566,0.45505332398018744,0.23865574199194478,0.2479085574254459,0.2166384598891968,0.2346220560897577
R01,07,218,231,180,0.13888311386108398,0.15977729856967926,0.09441892057657242,0.14832384884357452,0,1.0367170626349889,0.014190788199327928,0.47009634666489497,0.484231332774036,0.41303515497521653,0.44355670995027996,0.24214356743211146,0.24921106048668198,0.21361297158727224,0.22887374907480396
R01,07,219,231,180,0.13296626508235931,0.15410366654396057,0.09369733184576035,0.14841030538082123,0,1.0367170626349889,0.014190788199327928,0.4462434796628918,0.4624995853071228,0.4093385997191057,0.44390990311446427,0.23021713393110987,0.23834518675322539,0.21176469395921682,0.2290503456568961
R01,07,220,231,180,0.1342804878950119,0.15509434044361115,0.09383654594421387,0.14771543443202972,0,1.3455723542116629,0.020212398622188155,0.45154156706271165,0.46629416960721076,0.4100517658002666,0.4410712089344843,0.2358769828424499,0.24325328411469946,0.21513208221122737,0.23064180377833624
R01,07,221,231,180,0.13327395915985107,0.15408463776111603,0.09463348239660263,0.14910772442817688,0,2.0,0.032971475252444434,0.44748390107337394,0.46242669924375,0.41413431241729687,0.4467590068137609,0.24022768816290918,0.24769908724809722,0.22355289383487065,0.23986524103310267
R01,08,10,235,0,0.12465134263038635,0.1459263414144516,0.0939243733882904,0.14639870822429657,0,1.0367170626349889,0.014190788199327928,0.4127231469999992,0.4311779268238478,0.4105016882923578,0.4356921050461728,0.21345696759966357,0.22268435751158788,0.21234623824584287,0.22494144662275037
R01,08,11,235,0,0.12619967758655548,0.14827950298786163,0.09577789157629013,0.14998963475227356,0,1.0367170626349889,0.014190788199327928,0.41896502154593185,0.4401912559982426,0.41999689256534667,0.4503617962362161,0.2165779048726299,0.22719102209878528,0.2170938403823373,0.23227629221777202
R01,08,12,235,0,0.12752874195575714,0.14926639199256897,0.09672567993402481,0.15038910508155823,0,1.0367170626349889,0.014190788199327928,0.4243229404012624,0.44397134299206853,0.42485222342884543,0.45199371666804194,0.21925686430029517,0.22908106559569824,0.2195215058140867,0.23309225243368495
R01,08,13,235,0,0.13226082921028137,0.1537797451019287,0.09937170147895813,0.1550268530845642,0,1.0367170626349889,0.014190788199327928,0.44339962330211724,0.4612588670255273,0.4384072644543588,0.47093989406579173,0.2287952057507226,0.23772482761242764,0.22629902632684337,0.24256534113255984
R01,08,14,235,0,0.12533405423164368,0.14764533936977386,0.09443692862987518,0.14906764030456543,0,1.0367170626349889,0.014190788199327928,0.41547539395349076,0.43776221521122727,0.4131274066433014,0.4465952547262642,0.21483309107640935,0.2259765017052776,0.21365909742131467,0.23039302146279608
R01,08,15,235,0,0.12731480598449707,0.14974309504032135,0.09521392732858658,0.14958547055721283,0,1.0367170626349889,0.014190788199327928,0.4234604903944683,0.4457972615929757,0.41710781612181486,0.44871070037407,0.21882563929689813,0.22999402489615184,0.2156493021605714,0.23145074428669898
R01,08,16,235,0,0.12424373626708984,0.14635001122951508,0.09401558339595795,0.14749084413051605,0,1.0367170626349889,0.014190788199327928,0.4110799445561846,0.4328007119090591,0.4109689389835845,0.4401537102494471,0.21263536637775626,0.22349575005419353,0.21257986359145623,0.22717224922438753
R01,08,17,235,0,0.1258424073457718,0.14713546633720398,0.0961545929312706,0.14958252012729645,0,1.0367170626349889,0.014190788199327928,0.4175247414482168,0.4358092454144956,0.4219266585307464,0.44869864724644015,0.21585776482377236,0.22500001680691178,0.21805872336503718,0.23144471772288405
R01,08,18,235,0,0.12455499172210693,0.14525972306728363,0.09376732259988785,0.14749698340892792,0,1.0367170626349889,0.014190788199327928,0.41233472311311953,0.4286245744894355,0.40969714840342064,0.44017879049481834,0.21326275565622374,0.2214076813443817,0.2119439683013743,0.22718478934707315
R01,08,19,235,0,0.1270570456981659,0.14857235550880432,0.09527836740016937,0.1495244801044464,0,1.0367170626349889,0.014190788199327928,0.4224213693930387,0.4413129708012694,0.4174379297656982,0.4484615415286708,0.21830607879618333,0.22775187950029868,0.21581435898251308,0.23132616486399937
R01,08,20,235,0,0.1288551539182663,0.15090006589889526,0.09691990166902542,0.15113867819309235,0,1.0367170626349889,0.014190788199327928,0.4296701664864314,0.450228814152453,0.4258471826690757,0.45505588070423014,0.22193047734287968,0.2322098011758905,0.2200189854342018,0.23462333445177905
R01,08,21,235,0,0.12637218832969666,0.14805735647678375,0.09463077783584595,0.14864324033260345,0,1.0367170626349889,0.014190788199327928,0.4196604721086299,0.43934036685747413,0.41412045749155635,0.4448614914534042,0.21692563015397892,0.22676557752840104,0.21415562284544215,0.22952613982636608
R01,08,22,235,0,0.1267852485179901,0.1483878791332245,0.09497088938951492,0.15009307861328125,0,1.745572354211663,0.02801101575724909,0.4213256608101924,0.4406063698110149,0.4158627811971444,0.4507843861958451,0.22466833828372074,0.234308692784132,0.22193689847719675,0.23939770097654708
R01,08,23,235,0,0.1231011152267456,0.14474771916866302,0.0900113508105278,0.1443842500448227,0,2.8,0.04856870952256629,0.4064736433427714,0.42666344282343033,0.39045605348757056,0.4274626190965432,0.22752117643266886,0.23761607617299832,0.21951238150506844,0.23801566430955476
R01,08,24,235,7,0.12801355123519897,0.14973458647727966,0.09373391419649124,0.14983254671096802,0,2.8,0.04856870952256629,0.42627737454286907,0.44576467119189045,0.40952600381107784,0.44972005850149854,0.2374230420327177,0.24716669035722838,0.22904735666682208,0.24914438401203243
R01,08,25,235,7,0.12390536814928055,0.14528098702430725,0.0912029817700386,0.1441563218832016,0,1.745572354211663,0.02801101575724909,0.4097158654638061,0.42870602195414415,0.3965605414024065,0.4265314845499449,0.2188634406105276,0.2283585188556966,0.21228577857982778,0.22727125015359698
R01,08,26,235,7,0.12641488015651703,0.14928686618804932,0.09367529302835464,0.14923854172229767,0,1.0367170626349889,0.014190788199327928,0.41983257765083687,0.44404976542830515,0.4092256992498483,0.447293423013067,0.2170116829250824,0.22912027681381655,0.21170824372458813,0.23074210560619748
R01,08,27,235,7,0.1277756243944168,0.1498081237077713,0.09438277781009674,0.14923475682735443,0,1.3455723542116629,0.020212398622188155,0.4253182090306812,0.44604634129584086,0.41285000278577516,0.4472779609200469,0.22276530382643467,0.2331293699590145,0.21653120070398166,0.23374517977111753
R01,08,28,235,7,0.1258164644241333,0.14876779913902283,0.09371348470449448,0.1494242548942566,0,3.2,0.05636732665762723,0.41742015654455805,0.4420615797340786,0.4094213475951537,0.44805210043554705,0.23689374160109264,0.24921445319585292,0.23289433712639046,0.25220971354658717
R01,08,29,235,12,0.12384862452745438,0.1454235017299652,0.09161583334207535,0.14650210738182068,0,3.3632829373650113,0.05955077944062187,0.40948711226844,0.4292518969033197,0.39867549772508704,0.43611451238265586,0.23451894585453092,0.2444013381719708,0.22911313858285445,0.24783264591163887
R01,08,30,235,18,0.12932318449020386,0.15027496218681335,0.09621597826480865,0.15101031959056854,1,3.4,0.06026663522515769,0.4315569598460049,0.4478344755788524,0.42224112336043246,0.4545315087779489,0.2459117975355813,0.25405055540200505,0.24125387929279507,0.2573990720015533
R01,08,31,235,18,0.12703558802604675,0.14816997945308685,0.09370870888233185,0.1490403413772583,1,1.545572354211663,0.024111707189718626,0.42233486608386667,0.43977174733278457,0.40939688201003066,0.4464837328584969,0.22322328663679264,0.2319417272612516,0.21675429459987464,0.23529772002410776
R01,08,32,235,18,0.12726113200187683,0.1491788923740387,0.09497574716806412,0.15055157244205475,1,1.0367170626349889,0.014190788199327928,0.4232441119780532,0.4436361926677733,0.415887666628502,0.45265743005465026,0.21871745008869056,0.22891349043355064,0.21503922741391499,0.2334241091269891
R01,08,33,235,18,0.12557171285152435,0.14687883853912354,0.0932234451174736,0.14844341576099396,1,1.0367170626349889,0.014190788199327928,0.41643347817431403,0.43482628238911897,0.4069109724551958,0.4440451659911995,0.215312133186821,0.22450853529422346,0.21055088032726188,0.22911797709526371
R01,08,34,235,18,0.12790247797966003,0.1504155695438385,0.09483660012483597,0.15191665291786194,1,1.0367170626349889,0.014190788199327928,0.4258295997744186,0.44837304479888807,0.4151748440578967,0.45823407131245136,0.22001019398687327,0.231281916499108,0.2146828161286123,0.23621242975588966
R01,08,35,235,18,0.12388383597135544,0.14510665833950043,0.09089810401201248,0.1448226124048233,1,1.145572354211663,0.01631309005465769,0.4096290617959216,0.42803828972595453,0.39499871340984005,0.4292534216653082,0.21297107592528966,0.22217568989030612,0.20565590173224887,0.22278325585998296
R01,08,36,235,18,0.12640774250030518,0.14798802137374878,0.09213609248399734,0.1469491571187973,1,1.6,0.025172858117383505,0.4198038032861886,0.4390747921880352,0.40134068162207936,0.4379408047161088,0.22248833070178606,0.23212382515270935,0.21325676986973144,0.23155683141674616
R01,08,37,235,22,0.1273602992296219,0.14876459538936615,0.09327424317598343,0.14660409092903137,1,1.6,0.025172858117383505,0.4236438894242616,0.44204930839216383,0.4071712007849445,0.4365311366528519,0.22440837377082257,0.23361108325477367,0.216172029451164,0.23085199738511772
R01,08,38,235,22,0.12940211594104767,0.15195047855377197,0.09518150985240936,0.15078780055046082,1,1.145572354211663,0.01631309005465769,0.4318751598659247,0.45425221617224454,0.4169417478521263,0.45362247163200536,0.22409412496029119,0.23528265311345112,0.216627418953392,0.23496778084333153
R01,08,39,235,22,0.12781499326229095,0.15009669959545135,0.09492740780115128,0.14951831102371216,1,0.745572354211663,0.008514472919596758,0.4254769185743149,0.44715167528431166,0.4156400336857901,0.4484363395345356,0.21699569574695585,0.22783307410195422,0.21207725330269345,0.2284754062270662
R01,08,40,235,22,0.12606394290924072,0.14829044044017792,0.0927734375,0.1470080018043518,1,0.8,0.009575623847261638,0.418417828043676,0.44023314978877953,0.40460567311690115,0.4381811976505045,0.2139967259454688,0.22490438681802058,0.2070906484820814,0.22387841074888307
R01,08,41,235,24,0.13055884838104248,0.15274356305599213,0.0965418666601181,0.15132607519626617,1,0.8,0.009575623847261638,0.436538349019467,0.45728997259424087,0.4239105846604045,0.4558214369318727,0.2230569864333643,0.23343279822075125,0.21674310425383306,0.23269853038956717
R01,08,42,235,24,0.1282784342765808,0.15018191933631897,0.0939081609249115,0.1475321352481842,1,0.745572354211663,0.008514472919596758,0.42734520983720437,0.44747809297924424,0.4104186350735938,0.44032239316188326,0.21792984137840057,0.2279962829494205,0.20946655399659528,0.22441843304074002
R01,08,43,235,24,0.13157837092876434,0.15448172390460968,0.09627638757228851,0.15173600614070892,1,1.0367170626349889,0.014190788199327928,0.4406483975682478,0.46394766072907323,0.42255058820314334,0.4574960911798408,0.22741959288378788,0.2390692244642006,0.21837068820123565,0.23584343968958438
R01,08,44,235,24,0.1274404525756836,0.15068091452121735,0.09342868626117706,0.14887408912181854,1,1.0367170626349889,0.014190788199327928,0.4239670153270648,0.4493893972894746,0.4079623819300547,0.4458045573788684,0.2190789017631964,0.23179009274440127,0.21107658506469132,0.2299976727890982
R01,08,45,235,24,0.13113319873809814,0.15399932861328125,0.09487664699554443,0.15112201869487762,1,1.0367170626349889,0.014190788199327928,0.4388537542616396,0.462099939092764,0.4153799961952389,0.45498782314518876,0.22652227123048377,0.23814536364604597,0.21478539219728343,0.23458930567225836
R01,08,46,235,24,0.12804870307445526,0.15103048086166382,0.0930507704615593,0.14878562092781067,1,1.0367170626349889,0.014190788199327928,0.42641908378338084,0.45072834338239703,0.40602639460681555,0.44544314617311825,0.2203049359913544,0.2324595657908625,0.21010859140307175,0.2298169671862231
R01,08,47,235,24,0.13060058653354645,0.1539260298013687,0.09386523067951202,0.15067116916179657,1,1.0367170626349889,0.014190788199327928,0.43670660997015515,0.4618191822049561,0.41019871198236285,0.45314600784433373,0.22544869908474155,0.23800498520214203,0.2121947500908454,0.23366839802183084
R01,08,48,235,24,0.13193146884441376,0.15523631870746613,0.09525525569915771,0.15218840539455414,1,1.0367170626349889,0.014190788199327928,0.44207185757806833,0.46683798982006575,0.41731953312755204,0.4593442374164206,0.22813132288869814,0.24051438900969685,0.21575516066344,0.23676751280787428
R01,08,49,235,24,0.1309661567211151,0.1531044840812683,0.09492195397615433,0.15019412338733673,1,1.0367170626349889,0.014190788199327928,0.438180350028432,0.4586724106059496,0.41561209482727207,0.4511971753799771,0.22618556911387996,0.23643159940263878,0.2149014415133,0.23269398178965253
R01,08,50,235,24,0.13041718304157257,0.15318509936332703,0.09392973780632019,0.15032804012298584,1,1.0367170626349889,0.014190788199327928,0.4359672469637038,0.4589811918141303,0.41052916913680176,0.4517442534507328,0.22507901758151588,0.2365859900067291,0.21235997866806486,0.2329675208250304
R01,08,51,235,24,0.13195106387138367,0.1543063223361969,0.09442801773548126,0.14990858733654022,1,0.945572354211663,0.012413781487127224,0.4421508519194303,0.46327581902824244,0.41308175790725277,0.4500307004726865,0.22728231670327878,0.23784480025768484,0.21274776969719,0.23122224097990687
R01,08,52,235,24,0.13600391149520874,0.1588747799396515,0.09811383485794067,0.15368077158927917,1,1.2,0.01737424098232257,0.45848928458279153,0.4807744101426351,0.4319634644463188,0.4654408676450012,0.23793176278255707,0.24907432556247883,0.2246688527143207,0.2414075543136619
R01,08,53,235,27,0.13319234549999237,0.15680772066116333,0.09377817809581757,0.14885710179805756,1,1.108855291576674,0.015597234270121866,0.4471548881398076,0.4728569403392327,0.4097527589455802,0.4457351605834237,0.23137606120496473,0.2442270873046773,0.21267499660785105,0.2306661974267728
R01,08,54,235,27,0.1373336762189865,0.16043110191822052,0.09490437805652618,0.1498156636953354,1,1.908855291576674,0.03119446854024373,0.4638500268100187,0.4867355997407893,0.4155220568938785,0.44965108782672764,0.2475222476751312,0.2589650341405165,0.2233582627170611,0.24042277818348567
R01,08,55,235,30,0.13196097314357758,0.15359264612197876,0.09692318737506866,0.15101981163024902,1,1.7632829373650112,0.028356310900378146,0.4421907996281799,0.4605422206577054,0.42586401468629764,0.45457028575926317,0.23527355526427904,0.24444926577904177,0.2271101627933379,0.24146329832982066
R01,08,56,235,34,0.1313273310661316,0.1526796817779541,0.09541603177785873,0.14935681223869324,1,2.2,0.036870783819974905,0.439636368922677,0.45704528774406145,0.41814315693624193,0.44777658298275524,0.23825357637132594,0.24695803578201816,0.2275069703781084,0.24232368340136506
R01,08,57,235,34,0.12852060794830322,0.14908838272094727,0.09300129860639572,0.1454809159040451,1,1.145572354211663,0.01631309005465769,0.42832149579599926,0.44328951298967917,0.40577296015249886,0.4319427301119361,0.22231729292532848,0.22980130152216843,0.21104302510357828,0.2241279100832969
R01,08,58,235,34,0.1311403512954712,0.1528543084859848,0.09472528100013733,0.14832232892513275,1,0.745572354211663,0.008514472919596758,0.43888258869803026,0.45771416149242916,0.41460457836784453,0.4435505007633191,0.22369853080881352,0.23311431720601297,0.21155952564372066,0.22603248684145794
R01,08,59,235,34,0.13063403964042664,0.15229684114456177,0.09564360976219177,0.14947795867919922,1,0.8,0.009575623847261638,0.43684147103202414,0.45557889092325227,0.4193089935939384,0.44827149170816344,0.22320854743964288,0.23257725738525695,0.21444230872060002,0.22892355777771253
R01,08,60,235,36,0.1295819729566574,0.1513494998216629,0.09366326034069061,0.1479537934064865,1,0.8,0.009575623847261638,0.43260022579766566,0.4519502836570625,0.4091640581890469,0.44204495554846096,0.22108792482246364,0.23076295375216208,0.20936984101815426,0.2258102896978613
R01,08,61,235,36,0.1310943067073822,0.1529373824596405,0.0948973149061203,0.1492592841386795,1,1.054427645788337,0.014536083342456985,0.4386969670137652,0.45803236024207933,0.4154858737820273,0.44737816015276793,0.2266165251781111,0.23628422179226816,0.21501097856224213,0.23095712174761246
R01,08,62,235,36,0.1350271850824356,0.15632615983486176,0.09676503390073776,0.15116837620735168,1,2.0,0.032971475252444434,0.454551762078415,0.47101241495942214,0.42505382595711366,0.45517720334749445,0.24376161866542972,0.2519919451059333,0.22901265060477904,0.24407433929996944
R01,08,63,235,41,0.13946036994457245,0.16054368019104004,0.10071904957294464,0.15737923979759216,1,2.0,0.032971475252444434,0.4724234658968513,0.487166808988073,0.44530946021486034,0.48054988924971503,0.25269747057464786,0.2600691421202587,0.23914046773365238,0.25676068225107973
R01,08,64,235,41,0.1323499232530594,0.153017058968544,0.09517616778612137,0.14933790266513824,1,1.3455723542116629,0.020212398622188155,0.4437587922504088,0.45833754566169893,0.41691438151120086,0.44769933339203655,0.2319855954362985,0.23927497214194354,0.2185633900666945,0.23395586600711235
R01,08,65,235,41,0.13607700169086456,0.15707795321941376,0.09832820296287537,0.15343303978443146,1,1.0367170626349889,0.014190788199327928,0.4587839364796589,0.47389201376074036,0.43306162952457194,0.464428831044766,0.23648736233949344,0.24404140098003416,0.22362620886194995,0.23930980962204698
R01,08,66,235,41,0.131638303399086,0.15161940455436707,0.09498236328363419,0.14849014580249786,1,0.8367170626349889,0.010291479631797463,0.4408900061165048,0.45298410140637424,0.4159215596699829,0.4442360680530543,0.22559074287415112,0.23163779051908584,0.21310651965089017,0.22726377384242588
R01,08,67,235,41,0.13182778656482697,0.15292654931545258,0.09431406855583191,0.14884868264198303,1,0.691144708423326,0.0074533219919318775,0.44165387839388826,0.4579908659836048,0.41249801896985516,0.4457007665576112,0.22455360019291007,0.23272209398776833,0.20997567048089352,0.22657704427477154
R01,08,68,235,42,0.1314707249403,0.15254800021648407,0.0935463160276413,0.14834336936473846,1,0.691144708423326,0.0074533219919318775,0.44021443930056786,0.4565409070533604,0.40856497578016804,0.4436364553906594,0.22383388064624987,0.23199711452264615,0.20800914888604996,0.22554488869129563
R01,08,69,235,42,0.13293486833572388,0.15422646701335907,0.09494417160749435,0.14964987337589264,1,0.8367170626349889,0.010291479631797463,0.44611690850148517,0.4629699486965159,0.41572591132467757,0.4489737994529402,0.2282041940666413,0.23663071416415668,0.2130086954782375,0.22963263954236882
R01,08,70,235,42,0.1326381266117096,0.1544283926486969,0.09324390441179276,0.14790129661560059,1,1.0367170626349889,0.014190788199327928,0.4449206398217263,0.4637433856931992,0.407015781342478,0.4418304951007841,0.22955571401052713,0.23896708694626356,0.21060328477090298,0.22801064165005602
R01,08,71,235,42,0.1346946656703949,0.1558753103017807,0.09496372193098068,0.15011924505233765,1,1.0367170626349889,0.014190788199327928,0.4532112611449602,0.4692855232339666,0.4158260637355401,0.45089128161058273,0.23370102467214407,0.24173815571664728,0.21500842596743402,0.23254103490495534
R01,08,72,235,42,0.13343410193920135,0.15526774525642395,0.09409498423337936,0.14929041266441345,1,1.0367170626349889,0.014190788199327928,0.448129492089813,0.46695836312284816,0.41137569364919496,0.44750532673670124,0.23116014014457048,0.24057457566108806,0.21278324092426146,0.2308480574680146
R01,08,73,235,42,0.13429711759090424,0.15621347725391388,0.09474573284387589,0.14982649683952332,1,1.0367170626349889,0.014190788199327928,0.45160860712732004,0.4705808061800761,0.4147093490872872,0.44969534350241913,0.232899697663324,0.24238579718970202,0.21445006864330757,0.23194306585087354
R01,08,74,235,42,0.1379539668560028,0.15951979160308838,0.09654189646244049,0.15176966786384583,1,1.545572354211663,0.024111707189718626,0.466350633234259,0.4832450022641339,0.4239107373317625,0.4576336064087088,0.2452311702119888,0.2536783547269263,0.22401122226074055,0.2408726567992137
R01,08,75,235,42,0.1381366103887558,0.1604284942150116,0.09684925526380539,0.1512034684419632,1,2.8,0.04856870952256629,0.46708693258184386,0.48672561143923077,0.4254852752148842,0.4553205625170315,0.2578278210522051,0.26764716048089854,0.23702699236872526,0.2519446360197989
R01,08,76,235,48,0.13964658975601196,0.1617191731929779,0.09590589255094528,0.14996479451656342,1,2.163282937365011,0.03615492803543908,0.4731741824626315,0.4916693070266203,0.4206526160480517,0.4502603186414737,0.2546645552490353,0.2639121175310297,0.2284037720417454,0.24320762333845639
R01,08,77,235,50,0.12639787793159485,0.14697381854057312,0.09604553878307343,0.1507621556520462,1,2.0,0.032971475252444434,0.41976403579266647,0.4351900848698849,0.4213679958639039,0.45351770682063663,0.22636775552255545,0.23408078006116467,0.22716973555817416,0.24324459103654053
R01,08,78,235,50,0.12683194875717163,0.14717674255371094,0.09543934464454651,0.14934870600700378,1,0.745572354211663,0.008514472919596758,0.4215139256511266,0.4359673459591648,0.41826258410605477,0.4477434673189641,0.2150141992853617,0.2222409094393808,0.21338852851282578,0.22812897011928043
R01,08,79,235,50,0.12465200573205948,0.1448635309934616,0.09417838603258133,0.14686782658100128,1,1.0367170626349889,0.014190788199327928,0.41272582019253956,0.42710703756464663,0.4118029444446199,0.43760855233932183,0.21345830419593376,0.2206489128819873,0.21299686632197393,0.2258996702693249
R01,08,80,235,50,0.12697890400886536,0.14735931158065796,0.09417471289634705,0.14851664006710052,1,1.0367170626349889,0.014190788199327928,0.4221063531754704,0.4366666412202794,0.4117841276997437,0.4443443027041953,0.21814857068739918,0.22542871470980366,0.21298745794953583,0.22926754545176162
R01,08,81,235,50,0.1281689554452896,0.14869336783885956,0.09402501583099365,0.14758943021297455,1,1.0367170626349889,0.014190788199327928,0.4269038627451993,0.4417764850695938,0.4110172594683985,0.4405564551605542,0.22054732547226363,0.2279836366344609,0.21260402383386323,0.22737362167994107
R01,08,82,235,50,0.1243969276547432,0.14527243375778198,0.0929626077413559,0.146488755941391,1,1.0367170626349889,0.014190788199327928,0.41169751210475647,0.42867326032503217,0.4055747545619466,0.43605996893641163,0.2129441501520422,0.22143202426218006,0.20988277138063727,0.2251253785678698
R01,08,83,235,50,0.12925070524215698,0.15096785128116608,0.09594608843326569,0.15099449455738068,1,1.0367170626349889,0.014190788199327928,0.4312647708905792,0.45048845291696576,0.42085853154218406,0.4544668601842978,0.22272777954495357,0.23233962055814686,0.217524659870756,0.2343288241918129
R01,08,84,235,50,0.13014334440231323,0.15190503001213074,0.09576589614152908,0.15106992423534393,1,1.0367170626349889,0.014190788199327928,0.4348633085521377,0.4540781343450817,0.41993544234374275,0.45477500630582507,0.2245270483757328,0.23413446127220483,0.21706311527153535,0.2344828972525765
R01,08,85,235,50,0.12913204729557037,0.15006506443023682,0.09478320926427841,0.1486692577600479,1,1.0367170626349889,0.014190788199327928,0.4307864196052061,0.44703050291740454,0.41490133332,0.4449677781243221,0.22248860390226702,0.23061064555836625,0.21454606075966398,0.22957928316182502
R01,08,86,235,50,0.13005584478378296,0.15183290839195251,0.09556272625923157,0.14968016743659973,1,1.0367170626349889,0.014190788199327928,0.4345105672802915,0.45380188646197733,0.4188946435282664,0.44909755707148324,0.22435067773980974,0.23399633733065264,0.21654271586379717,0.2316441726354056
R01,08,87,235,50,0.13783034682273865,0.16027913987636566,0.09940019994974136,0.15650850534439087,1,2.345572354211663,0.03970894145984048,0.4658522780586399,0.4861535386019674,0.4385532564404675,0.4769927556137366,0.25278060975924016,0.26293124003090396,0.239131098950154,0.2583508485367885
R01,08,88,235,50,0.137692391872406,0.15926824510097504,0.09587179869413376,0.15132294595241547,1,4.0,0.0719645609277491,0.4652961338667544,0.4822815021577942,0.4204779600144744,0.4558086533116592,0.2686303473972517,0.2771230315427716,0.24622126047111176,0.26388660711970413
R01,08,89,235,60,0.1247527077794075,0.14544883370399475,0.09650543332099915,0.1515725553035736,1,4.0,0.0719645609277491,0.4131317850282235,0.4293489261184597,0.4237239439252224,0.4568283600840225,0.2425481729779863,0.2506567435231044,0.24784425242648575,0.2643964605058858
R01,08,90,235,60,0.12388503551483154,0.14466901123523712,0.09545683115720749,0.1498279571533203,1,2.345572354211663,0.03970894145984048,0.40963389757119134,0.4263619673443896,0.41835216402537423,0.4497013091918521,0.22467141951551592,0.23303545440211504,0.22903055274260736,0.2447051253258463
R01,08,91,235,60,0.12440314143896103,0.14552277326583862,0.09571433067321777,0.15118901431560516,1,1.0367170626349889,0.014190788199327928,0.41172256202137086,0.42963213727465055,0.419671282726525,0.45526151436652157,0.2129566751103494,0.22191146273698925,0.21693103546292647,0.23472615128292476
R01,08,92,235,60,0.12752264738082886,0.14887948334217072,0.09774621576070786,0.15315507352352142,1,1.0367170626349889,0.014190788199327928,0.42429837105858786,0.442489364420828,0.4300802250772763,0.4632932803235157,0.2192445796289579,0.22834007631007797,0.22213550663830212,0.23874203426142182
R01,08,93,235,60,0.12947826087474823,0.15074323117733002,0.09853209555149078,0.1546875238418579,1,1.0367170626349889,0.014190788199327928,0.4321821264700006,0.4496280891587189,0.43410613062048037,0.469553662639593,0.22318645733466427,0.23190943867902342,0.22414845940990416,0.24187222541946046
R01,08,94,235,60,0.12911412119865417,0.15017496049404144,0.09817057847976685,0.15409104526042938,1,1.0367170626349889,0.014190788199327928,0.4307141532990019,0.4474514384830852,0.4322541507119929,0.46711692200375454,0.22245247074916494,0.23082111334120659,0.22322246945566043,0.24065385510154125
R01,08,95,235,60,0.13177745044231415,0.15339821577072144,0.09821360558271408,0.15396705269813538,1,1.0367170626349889,0.014190788199327928,0.4414509560477888,0.4597974928935018,0.43247456998513734,0.46661038627139023,0.22782087212355837,0.23699414054641488,0.22333267909223264,0.2404005872353591
R01,08,96,235,60,0.12882937490940094,0.1499897539615631,0.09741285443305969,0.15219512581825256,1,1.0367170626349889,0.014190788199327928,0.42956624237193997,0.44674204076839436,0.42837248143428025,0.45937169176268866,0.22187851528563396,0.23046641448386115,0.2212816348168041,0.2367812399810083
R01,08,97,235,60,0.13221047818660736,0.15347781777381897,0.09975826740264893,0.1551985740661621,1,1.0367170626349889,0.014190788199327928,0.4431966408842753,0.46010239293307686,0.4403875646392639,0.47164141044360286,0.22869371454180162,0.2371465905662024,0.2272891764192959,0.2429160993214654
R01,08,98,235,60,0.13410264253616333,0.15583817660808563,0.09949792176485062,0.1547655463218689,1,1.0367170626349889,0.014190788199327928,0.45082461081620556,0.4691432898197732,0.43905386582342204,0.4698724009035828,0.23250769950776676,0.24166703900955058,0.226622327011375,0.24203159455145537
R01,08,99,235,60,0.1377280056476593,0.15992872416973114,0.09910290688276291,0.1544870287179947,1,1.0367170626349889,0.014190788199327928,0.46543970533128304,0.4848113391765373,0.43703028330851773,0.4687345978301996,0.2398152467653055,0.24950106368793262,0.22561053575392284,0.24146269301476378
R01,08,100,235,60,0.13840454816818237,0.16033561527729034,0.09793350845575333,0.15228532254695892,1,1.0367170626349889,0.014190788199327928,0.4681670825833877,0.4863698566757206,0.43103968822676636,0.4597401643967472,0.24117893539135782,0.25028032243752424,0.22261523821304716,0.23696547629803758
R01,08,101,235,60,0.1495966613292694,0.17212823033332825,0.10462378710508347,0.16066156327724457,1,1.0367170626349889,0.014190788199327928,0.5132863676431488,0.5315391822877163,0.4653126523821174,0.4939588719891797,0.2637385779212384,0.27286498524352215,0.23975172029072267,0.2540748300942538
R01,08,102,235,60,0.14629793167114258,0.16806845366954803,0.09877289831638336,0.15410034358501434,1,1.0367170626349889,0.014190788199327928,0.49998804572324634,0.5159889948893428,0.43533971519329917,0.46715490761810324,0.2570894169612871,0.2650898915443354,0.22476525169631356,0.2406728479087156
R01,08,103,235,60,0.14725559949874878,0.16884145140647888,0.09816960990428925,0.15222874283790588,1,1.0367170626349889,0.014190788199327928,0.5038487364689902,0.518949812851334,0.4322491888928572,0.4595090243684108,0.2590197623341591,0.266570300525331,0.22321998854609257,0.23684990628386937
R01,08,104,235,60,0.14818458259105682,0.16950950026512146,0.09936702251434326,0.15273234248161316,1,1.0367170626349889,0.014190788199327928,0.5075937891104588,0.5215086444826014,0.43838329505114937,0.46156633498143623,0.2608922886548934,0.26784971634096466,0.22628704162523866,0.2378785615903821
R01,08,105,235,60,0.14779484272003174,0.169901043176651,0.09716348350048065,0.15148194134235382,1,1.0367170626349889,0.014190788199327928,0.5060226126858784,0.5230083736926116,0.42709500384603005,0.4564581829672688,0.2601067004426032,0.26859958094596975,0.220642896022679,0.23532448558329838
R01,08,106,235,60,0.14845651388168335,0.16976740956306458,0.0968906357884407,0.15139387547969818,1,1.0367170626349889,0.014190788199327928,0.5086900383389875,0.5224965160447439,0.42569725939549796,0.4560984153698318,0.26144041326915773,0.2683436521220359,0.21994402379741296,0.23514460178457988
R01,08,107,235,60,0.152982696890831,0.1745871901512146,0.09908384084701538,0.15331782400608063,1,1.545572354211663,0.024111707189718626,0.5269366499022452,0.5409577511253427,0.43693261180722304,0.46395815032338145,0.27552417854598193,0.2825347291575307,0.23052215949847082,0.24403492875655003
R01,08,108,235,60,0.15452708303928375,0.1764272004365921,0.09827972948551178,0.15298904478549957,1,2.4,0.04077009238750536,0.5331626054364206,0.5480055537810465,0.4328133095607489,0.46261501795961674,0.286966348911963,0.29438782308427597,0.23679170097412713,0.25169255517356104
R01,08,109,235,66,0.15388132631778717,0.17564527690410614,0.0954037681221962,0.1503191739320755,1,3.6,0.06416594379268817,0.5305593364042809,0.5450105472897208,0.41808033267241584,0.45170803319346126,0.2973626400984845,0.30458824554120445,0.241123138232552,0.2579369884930747
R01,08,110,235,66,0.15592366456985474,0.17775453627109528,0.09560135006904602,0.1505172699689865,1,3.945572354211663,0.07090341000008421,0.5387927093569308,0.5530896563503446,0.41909250560826306,0.45251729722735756,0.3048480596785075,0.31199653317521436,0.24499795780417363,0.26171035361372086
R01,08,111,235,60,0.15555918216705322,0.1771514117717743,0.09486155211925507,0.1487552970647812,1,3.436717062634989,0.060982491009693524,0.5373233545358551,0.55077950488988,0.4153026681524007,0.4453192668058113,0.29915292277277433,0.3058809979497868,0.23814257958104712,0.2531508789077524
R01,08,112,235,60,0.16011415421962738,0.18080219626426697,0.09471277892589569,0.14820152521133423,1,2.236717062634989,0.037586639604510724,0.5556860247055854,0.5647631270718145,0.4145405327331542,0.44305699214869615,0.29663633215504803,0.3011748833381626,0.2260635861688325,0.24032181587660345
R01,08,113,235,60,0.15929391980171204,0.18050004541873932,0.0950121060013771,0.1486784666776657,1,1.0367170626349889,0.014190788199327928,0.5523793756407402,0.5636057968392305,0.416073925685289,0.44500539849237897,0.2832850819200341,0.28889829251927923,0.21513235694230848,0.22959809334585346
R01,08,114,235,60,0.16094480454921722,0.18345750868320465,0.096617691218853,0.15105828642845154,1,1.0367170626349889,0.014190788199327928,0.5590346639184245,0.5749337864787933,0.42429901876305226,0.4547274634135072,0.2866127260588762,0.29456228733906065,0.2192449034811901,0.2344591258064176
R01,08,115,235,60,0.1642051339149475,0.1859913170337677,0.09676391631364822,0.151002898812294,1,1.545572354211663,0.024111707189718626,0.5721781809579545,0.5846390481091539,0.4250481007811879,0.45450119333572836,0.29814494407383657,0.3043753776494363,0.22457990398545324,0.23930645026272349
R01,08,116,235,60,0.15876509249210358,0.18027393519878387,0.09273675084114075,0.14543431997299194,1,2.4,0.04077009238750536,0.5502474895718459,0.5627397254800931,0.4044177346751759,0.4317523759195189,0.29550879097967564,0.30175490893379925,0.22259391353134061,0.23626123415351213
R01,08,117,235,66,0.15781374275684357,0.17890426516532898,0.09281314164400101,0.14460483193397522,1,2.4,0.04077009238750536,0.5464122692449138,0.5574934699694936,0.4048090695336261,0.4283637425728308,0.2935911808162096,0.2991317811784995,0.22278958096056573,0.23456691748016806
R01,08,118,235,66,0.15874159336090088,0.18050888180732727,0.09136278927326202,0.14509865641593933,1,1.545572354211663,0.024111707189718626,0.5501527564339539,0.5636396429125117,0.39737920339196064,0.43038111959128456,0.2871322318118363,0.29387567505111517,0.21074545529083963,0.22724641339050158
R01,08,119,235,66,0.16144968569278717,0.18384119868278503,0.0918286070227623,0.14524385333061218,1,1.0367170626349889,0.014190788199327928,0.5610700146971526,0.5764034366321102,0.399765494885686,0.43097427956919077,0.28763040144824026,0.2952971124157191,0.206978141542507,0.22258253388425936
R01,08,120,235,66,0.16153648495674133,0.18305161595344543,0.09354899823665619,0.14765214920043945,1,1.0367170626349889,0.014190788199327928,0.5614199325971021,0.5733790930722068,0.40857871620239006,0.44081267543426184,0.287805360398215,0.2937849406357674,0.211384752200859,0.2275017318167949
R01,08,121,235,66,0.16533814370632172,0.18718509376049042,0.0949336513876915,0.1484835296869278,1,1.0367170626349889,0.014190788199327928,0.5767457358974676,0.5892115784106287,0.41567201833529577,0.4442090398274601,0.29546826204839777,0.3017011833049783,0.21493140326731186,0.229199914013394
R01,08,122,235,66,0.1595672369003296,0.18131539225578308,0.09188560396432877,0.145660862326622,1,1.0367170626349889,0.014190788199327928,0.5534812115413196,0.5667288248185322,0.4000574788579034,0.43267784914859414,0.28383599987032376,0.29045980650893005,0.20712413352861567,0.22343431867396105
R01,08,123,235,66,0.15950356423854828,0.18131455779075623,0.09197592735290527,0.14566612243652344,1,1.0367170626349889,0.014190788199327928,0.5532245249857,0.5667256285620335,0.4005201875762289,0.43269933780542924,0.28370765659251396,0.2904582083806807,0.20735548788777844,0.2234450630023786
R01,08,124,235,66,0.16031594574451447,0.18202993273735046,0.09260004758834839,0.1451442390680313,1,1.0367170626349889,0.014190788199327928,0.5564995162422578,0.5694657335975858,0.4037174311559284,0.4305673343257278,0.2853451522207929,0.29182826089845687,0.20895410967762817,0.22237906126252788
R01,08,125,235,66,0.16301162540912628,0.18494507670402527,0.0935521200299263,0.14679579436779022,1,12.345572354211663,0.2346743698363638,0.56736673474397,0.580631627371856,0.40859470852714286,0.4373142855768835,0.4010205522901669,0.4076529986041099,0.32163453918175333,0.33599432770662363
R01,08,126,235,66,0.1632874757051468,0.1855303943157196,0.09255848824977875,0.14630275964736938,1,24.0,0.46189541768079573,0.568478782840771,0.582873573001678,0.40350453094716654,0.43530013490067415,0.5151871002607834,0.5223844953412369,0.4326999743139811,0.44859777629073494
R01,08,127,235,126,0.15779201686382294,0.18026354908943176,0.09334158897399902,0.14661826193332672,1,24.0,0.46189541768079573,0.5463246846443771,0.5626999435018857,0.40751619988623505,0.4365890281901045,0.5041100511625864,0.5122976805913407,0.4347058087835154,0.44924222293545013
R01,08,128,235,126,0.15734316408634186,0.1801735758781433,0.09264205396175385,0.14617498219013214,1,12.345572354211663,0.2346743698363638,0.5445152036173762,0.5623553185601121,0.4039326214350606,0.43477813707528973,0.38959478672687,0.39851484419823796,0.3193034956357122,0.33472625345582674
R01,08,129,235,126,0.15924882888793945,0.18178613483905792,0.09443093836307526,0.14940054714679718,1,1.0367170626349889,0.014190788199327928,0.5521975985479939,0.568531913015877,0.41309671970033895,0.44795524929383435,0.2831941933736609,0.2913613506076025,0.21364375394983345,0.23107301874658115
R01,08,130,235,126,0.15663114190101624,0.17934024333953857,0.09110710769891739,0.14580442011356354,1,1.0367170626349889,0.014190788199327928,0.5416447955464252,0.5591633998380611,0.3960693976436493,0.4332643129444838,0.2779177918728766,0.2866770940186945,0.20513009292148862,0.22372755057190588
R01,08,131,235,126,0.15490935742855072,0.1770263910293579,0.09187688678503036,0.14575430750846863,1,1.0367170626349889,0.014190788199327928,0.5347036859180182,0.5503006371751599,0.4000128224856819,0.43305959239792197,0.2744472370586731,0.2822457126872439,0.2071018053425049,0.22362519029862496
R01,08,132,235,126,0.15317794680595398,0.17464572191238403,0.0912076085805893,0.14430615305900574,1,1.0367170626349889,0.014190788199327928,0.5277237699439686,0.5411819456883249,0.3965842436307394,0.4271435764606435,0.2709572790716483,0.2776863669438264,0.20538751591503368,0.22066718232998572
R01,08,133,235,126,0.15622170269489288,0.17828203737735748,0.09376603364944458,0.14880338311195374,1,1.0367170626349889,0.014190788199327928,0.5399942042782855,0.5551101470656118,0.4096905453671862,0.44551570843642535,0.2770924962388067,0.2846504676324699,0.21194066678325707,0.22985324831787665
R01,08,134,235,126,0.1532127559185028,0.17569510638713837,0.09365308284759521,0.14848801493644714,1,1.0367170626349889,0.014190788199327928,0.5278640975344034,0.5452014094635019,0.4091119209202823,0.4442273630164328,0.2710274428668657,0.27969609883141494,0.21165135455980513,0.22920907560788037
R01,08,135,235,126,0.15294401347637177,0.1755414456129074,0.09492401033639908,0.14975754916667938,1,1.0367170626349889,0.014190788199327928,0.5267807036587656,0.5446128416596647,0.4156226291509756,0.44941367773704843,0.2704857459290468,0.27940181492949634,0.21490670867515177,0.2318022329681882
R01,08,136,235,126,0.1515904664993286,0.1740073412656784,0.09553877264261246,0.1499781310558319,1,1.0367170626349889,0.014190788199327928,0.5213240869305394,0.5387367523907891,0.4187719339242561,0.450314801213336,0.2677574375649337,0.27646377029505853,0.21648136106179203,0.23225279470633198
R01,08,137,235,126,0.15017205476760864,0.17264825105667114,0.09559384733438492,0.15093564987182617,1,1.0367170626349889,0.014190788199327928,0.5156059779072951,0.5335310208465128,0.419054070593881,0.45422646724990207,0.26489838305331154,0.2738609045229204,0.21662242939660448,0.234208627724615
R01,08,138,235,126,0.14528416097164154,0.1675264984369278,0.09244915843009949,0.14656664431095123,1,1.0367170626349889,0.014190788199327928,0.495901184867063,0.5139131404454369,0.40294445607026236,0.43637815933096374,0.2550459865331955,0.2640519643223824,0.20856762213479516,0.22528447376514585
R01,08,139,235,126,0.13987849652767181,0.1613345891237259,0.09004201740026474,0.14238056540489197,1,1.0367170626349889,0.014190788199327928,0.4741090789908572,0.4901962323127691,0.39061315231497534,0.41927714532507726,0.24414993359509257,0.2521935102560485,0.20240197025715165,0.2167339667622026
R01,08,140,235,126,0.14029033482074738,0.16304649412631989,0.0902082547545433,0.14391294121742249,1,1.0367170626349889,0.014190788199327928,0.4757693418095363,0.4967533525199094,0.3914647531500228,0.4255372232692447,0.24498006500443212,0.25547207035961866,0.2028277706746754,0.21986400573428633
R01,08,141,235,126,0.14478740096092224,0.16704748570919037,0.09488151222467422,0.14938750863075256,1,1.0367170626349889,0.014190788199327928,0.49389857318798697,0.5120783750631492,0.41540491979443606,0.4479019842096114,0.25404468069365743,0.2631345816312386,0.214797853996882,0.23104638620446968
R01,08,142,235,126,0.1404516100883484,0.16237381100654602,0.09369103610515594,0.14767499268054962,1,1.0367170626349889,0.014190788199327928,0.4764194982784039,0.49417677024987233,0.40930634789472353,0.4409059958618204,0.24530514323886593,0.2541837792246001,0.21174856804702574,0.22754839203057417
R01,08,143,235,126,0.13756567239761353,0.159723162651062,0.09264277666807175,0.14667795598506927,1,1.0367170626349889,0.014190788199327928,0.46478528376869926,0.48402397563368105,0.4039363237154926,0.4368328909642724,0.2394880359840136,0.2491073819165045,0.20906355595741027,0.22551183958180018
R01,08,144,235,126,0.13213732838630676,0.154053196310997,0.09091325849294662,0.1448325216770172,1,1.0367170626349889,0.014190788199327928,0.44290174870043797,0.4623062688649587,0.39507634679539433,0.4292939031293176,0.22854626844988296,0.23824852853214332,0.20463356749736114,0.22174234566432277
R01,08,145,235,126,0.1309657096862793,0.1538587212562561,0.09074737876653671,0.14573810994625092,1,1.0367170626349889,0.014190788199327928,0.43817854787615756,0.46156136987272833,0.3942265780166431,0.4329934219447216,0.22618466803774276,0.23787607903602814,0.20420868310798554,0.2235921050720248
R01,08,146,235,126,0.13164113461971283,0.154224693775177,0.09143605828285217,0.14654088020324707,1,3.345572354211663,0.05920548429749281,0.44090141974757613,0.46296315665145615,0.397754545925658,0.4362729075245393,0.2500534520225345,0.2610843204744745,0.2284800151115754,0.24773919591101606
R01,08,147,235,126,0.12895458936691284,0.15071628987789154,0.09222294390201569,0.1457347422838211,1,6.0,0.11095764660305375,0.43007102522400453,0.4495248957346171,0.40178560412719533,0.4329796643343966,0.27051433591352914,0.28024127116883546,0.25637162536512453,0.2719686554687252
R01,08,148,235,141,0.16231203079223633,0.18456174433231354,0.0906142070889473,0.14424145221710205,1,6.0,0.11095764660305375,0.5645464265062479,0.5791633470427529,0.39354436605332127,0.42687925989413394,0.3377520365546508,0.3450604968229033,0.25225100632818753,0.26891845324859387
R01,08,149,235,141,0.16604411602020264,0.1892968863248825,0.09214655309915543,0.14688672125339508,1,3.345572354211663,0.05920548429749281,0.5795917548409715,0.5973003903927664,0.4013942692687451,0.43768574105565855,0.31939861956923216,0.3282529373451296,0.23029987678311897,0.24844561267657567
R01,08,150,235,141,0.1653956174850464,0.18762922286987305,0.09197449684143066,0.14692775905132294,1,1.0367170626349889,0.014190788199327928,0.5769774326082153,0.5909127288560676,0.40051285935104386,0.4378533891036013,0.29558411040377164,0.3025517585276978,0.2073518237751859,0.22602208865146461
R01,08,151,235,141,0.163357675075531,0.184885635972023,0.09298713505268097,0.1463049203157425,1,1.0367170626349889,0.014190788199327928,0.5687617808195973,0.5804039511723306,0.4057004030895988,0.43530896168605965,0.2914762845094626,0.29729736968582926,0.20994559564446338,0.2247498749426938
R01,08,152,235,141,0.16707155108451843,0.18938347697257996,0.093814417719841,0.1481630653142929,1,1.0367170626349889,0.014190788199327928,0.5837337014850095,0.5976320590805183,0.40993840731693515,0.4428998753688341,0.2989622448421687,0.30591142363992313,0.21206459775813155,0.228545331784081
R01,08,153,235,141,0.1643640100955963,0.18716637790203094,0.09289197623729706,0.14663907885551453,1,1.0367170626349889,0.014190788199327928,0.5728186658762827,0.5891398909434429,0.4052129234434342,0.43667406970171524,0.29350472703780534,0.3016653395713854,0.20970185582138107,0.2254324289505216
R01,08,154,235,141,0.1598646193742752,0.18202747404575348,0.09030801057815552,0.14250288903713226,1,1.0367170626349889,0.014190788199327928,0.5546800633060051,0.5694563160561162,0.3919757823531624,0.41977686312666107,0.2844354257526665,0.2918235521277221,0.20308328527624517,0.2169838256629945
R01,08,155,235,141,0.15517272055149078,0.17685146629810333,0.0882343277335167,0.14019989967346191,1,1.0367170626349889,0.014190788199327928,0.5357653938946204,0.549630621906614,0.381352718422785,0.41036866651896514,0.2749780910469742,0.281910705052971,0.19777175331105648,0.21227972735914655
R01,08,156,235,141,0.15477381646633148,0.17685915529727936,0.08882057666778564,0.14177757501602173,1,1.0367170626349889,0.014190788199327928,0.5341572733484146,0.5496600731272095,0.38435595487427787,0.4168138025843184,0.27417403077387126,0.28192543066326875,0.1992733715368029,0.21550229539182317
R01,08,157,235,141,0.15194770693778992,0.17401829361915588,0.08952459692955017,0.14349883794784546,1,1.0367170626349889,0.014190788199327928,0.5227642468847695,0.538778703257335,0.38796251036483465,0.42384552419432525,0.26847751754204874,0.2764847457283315,0.2010766492820813,0.2190181561968266
R01,08,158,235,141,0.1538299322128296,0.17643791437149048,0.09211014211177826,0.1461658924818039,1,1.0367170626349889,0.014190788199327928,0.5303521489644653,0.5480465914314498,0.40120774303708157,0.4347410037022886,0.2722714685818966,0.2811186898153889,0.20769926561820476,0.22446589595080826
R01,08,159,235,141,0.15390120446681976,0.17532677948474884,0.09423796087503433,0.1482829600572586,1,1.0367170626349889,0.014190788199327928,0.5306394721087501,0.543790604675367,0.41210813448930617,0.4433896706461569,0.272415130154039,0.2789906964373475,0.21314946134431706,0.22879022942274244
R01,08,160,235,141,0.14965711534023285,0.17100854218006134,0.0911000669002533,0.1437106728553772,1,1.0367170626349889,0.014190788199327928,0.5135300787023926,0.5272504339025215,0.3960333290353165,0.42471091440839703,0.2638604334508603,0.2707206110509247,0.20511205861732223,0.2194508513038625
R01,08,161,235,141,0.14626069366931915,0.16773363947868347,0.09314363449811935,0.14538687467575073,1,1.0367170626349889,0.014190788199327928,0.4998379264387873,0.5147065540452371,0.4065021185584125,0.43155855188732956,0.25701435731905764,0.26444867112228254,0.21034645337887023,0.22287467004332875
R01,08,162,235,141,0.14921703934669495,0.1711718887090683,0.09514926373958588,0.14834411442279816,1,1.0367170626349889,0.014190788199327928,0.5117559799317128,0.5278761011121474,0.41677655744274633,0.4436394991097578,0.2629733840655204,0.2710334446557377,0.21548367282103714,0.22891514365454288
R01,08,163,235,141,0.1405952423810959,0.16303175687789917,0.09170739352703094,0.14413613080978394,1,1.0367170626349889,0.014190788199327928,0.4769985298041745,0.49669690434710145,0.39914454230477053,0.4264489997623768,0.24559465900175123,0.2554438462732147,0.20666766525204924,0.2203198939808524
R01,08,164,235,141,0.14253965020179749,0.16466382145881653,0.0939517393708229,0.1483374834060669,1,1.0367170626349889,0.014190788199327928,0.48483711126524187,0.5029482112985242,0.4106418787668616,0.4436124100097816,0.2495139497322849,0.25856949974892607,0.21241633348309477,0.22890159910455476
R01,08,165,235,141,0.1361701637506485,0.15798254311084747,0.09276706725358963,0.1453438699245453,1,1.0367170626349889,0.014190788199327928,0.4591595050136477,0.4773568699573792,0.4045730396141239,0.4313828684209669,0.23667514660648784,0.24577382907835357,0.20938191390672592,0.22278682831014743
R01,08,166,235,141,0.136680468916893,0.15865084528923035,0.0927475094795227,0.14603956043720245,1,1.0367170626349889,0.014190788199327928,0.46121672190663865,0.4799166718807979,0.40447284903542186,0.4342249106919551,0.2377037550529833,0.24705373004006292,0.2093318186173749,0.22420784944564154
R01,08,167,235,141,0.13378438353538513,0.15578514337539673,0.09202837944030762,0.14436660706996918,1,1.0367170626349889,0.014190788199327928,0.44954159854030473,0.4689401563040773,0.40078888916634786,0.4273905438282919,0.23186619336981634,0.24156547225170263,0.2074898386828379,0.22079066601380992
R01,08,168,235,141,0.13776730000972748,0.16022710502147675,0.09483688324689865,0.14883750677108765,1,1.0367170626349889,0.014190788199327928,0.4655981145162044,0.48595422917886816,0.4151762944357979,0.44565511077113446,0.2398944513577662,0.250072508689098,0.21468354131756293,0.2299229494852312
R01,08,169,235,141,0.13191352784633636,0.15379802882671356,0.09253553301095963,0.1458173394203186,1,1.0367170626349889,0.014190788199327928,0.4419995312001217,0.4613288992884548,0.40338693583365,0.43331709103365096,0.22809515969972483,0.23775984374389136,0.20878886201648897,0.22375393961648946
R01,08,170,235,141,0.13388748466968536,0.15683850646018982,0.09278629720211029,0.14710880815982819,1,1.0367170626349889,0.014190788199327928,0.44995723492652806,0.4729748593736322,0.4046715508078877,0.438593012844525,0.232074011562928,0.24358282378648008,0.20943116950360782,0.22639190052192648
R01,08,171,235,141,0.1326061338186264,0.1551227867603302,0.0925762727856636,0.1461697220802307,1,1.0367170626349889,0.014190788199327928,0.4447916657906204,0.466403127708212,0.4035956375800662,0.4347566484184546,0.22949122699497418,0.24029695795376999,0.2088932128896971,0.2244737183088913
R01,08,172,235,141,0.1306886374950409,0.15268419682979584,0.09094080328941345,0.14425693452358246,1,1.0367170626349889,0.014190788199327928,0.4370615738964731,0.45706258177475995,0.39521745329804625,0.4269425083769998,0.22562618104790053,0.23562668498704395,0.2047041207486871,0.22056664828816389
R01,08,173,235,141,0.13129299879074097,0.15213367342948914,0.09238781034946442,0.14450915157794952,1,1.0367170626349889,0.014190788199327928,0.43949796362800164,0.45495390862573315,0.4026301820797738,0.42797286816620767,0.2268443759136648,0.23457234841253055,0.20841048513955088,0.2210818281827678
R01,08,174,235,141,0.134571835398674,0.15688136219978333,0.09670813381671906,0.15085086226463318,1,1.0367170626349889,0.014190788199327928,0.45271608977169253,0.47313900997524544,0.4247623381668099,0.4538800920164983,0.23345343898551024,0.2436648990872867,0.21947656318306893,0.23403544010791313
R01,08,175,235,141,0.12862883508205414,0.14961080253124237,0.09110564738512039,0.1444222629070282,1,1.0367170626349889,0.014190788199327928,0.4287577968616359,0.4452905407859095,0.39606191674710617,0.4276179096449462,0.22147429253048193,0.22974066449261873,0.20512635247321706,0.2209043489221371
R01,08,176,235,141,0.12760114669799805,0.14974021911621094,0.09301339834928513,0.14741328358650208,1,1.0367170626349889,0.014190788199327928,0.4246148289979757,0.4457862459232569,0.40583494472385584,0.43983685909129827,0.21940280859865183,0.22998851706129242,0.2100128664615919,0.2270138236453131
R01,08,177,235,141,0.13089318573474884,0.15249334275722504,0.09468518942594528,0.14931553602218628,1,3.545572354211663,0.06310479286502328,0.4378861787055044,0.45633155225269373,0.41439919722346524,0.447607960944701,0.2504954857852638,0.2597181725588585,0.23875199504424427,0.2553563769048621
R01,08,178,235,141,0.12877219915390015,0.15087367594242096,0.09334410727024078,0.14868026971817017,1,6.4,0.1187562637381147,0.4293357470960419,0.4501277325406807,0.4075291006159879,0.44501276429259723,0.2740460054170783,0.2844419981393977,0.2631426821770513,0.28188451401535597
R01,08,179,235,157,0.13316130638122559,0.15529724955558777,0.09398386627435684,0.14963795244693756,1,6.4,0.1187562637381147,0.4470297587002205,0.4670713736204818,0.4108064584908095,0.44892509994736496,0.2828930112191676,0.2929138186792982,0.2647813611144621,0.2838406818427398
R01,08,180,235,157,0.13478049635887146,0.15667638182640076,0.09567973017692566,0.1514168530702591,1,3.545572354211663,0.06310479286502328,0.4535572743816485,0.4723538723967365,0.4194940312798613,0.45619228366682807,0.25833103362333587,0.2677293326308799,0.2412994120724423,0.25964853826592565
R01,08,181,235,157,0.13419966399669647,0.15632200241088867,0.09576497226953506,0.15183569490909576,1,1.0367170626349889,0.014190788199327928,0.45121573793149683,0.4709964907529374,0.4199307095316441,0.4579033407952136,0.2327032630654124,0.2425936394761327,0.21706074886548601,0.23604706449727078
R01,08,182,235,157,0.13220396637916565,0.15363115072250366,0.0941907986998558,0.1501532346010208,1,1.0367170626349889,0.014190788199327928,0.44317038953281124,0.4606897050647181,0.4118665320652361,0.4510301360758541,0.2286805888660696,0.23744024663202304,0.21302866013228203,0.23261046213759104
R01,08,183,235,157,0.13292808830738068,0.1547113060951233,0.09712812304496765,0.15294906497001648,1,1.0367170626349889,0.014190788199327928,0.4460895758586565,0.46482703079828575,0.4269138592797368,0.4624516919927938,0.23014018202899222,0.23950890949880685,0.22055232373953237,0.23832124009606087
R01,08,184,235,157,0.1265191286802292,0.14819933474063873,0.09289029240608215,0.1476278156042099,1,1.0367170626349889,0.014190788199327928,0.42025283956123116,0.4398841870703291,0.4052042975117059,0.44071326756850643,0.21722181388027956,0.22703748763482853,0.20969754285551692,0.2274520278839172
R01,08,185,235,157,0.1277487874031067,0.149435356259346,0.09374699741601944,0.14921747148036957,1,1.0367170626349889,0.014190788199327928,0.4252100198224736,0.44461852785705197,0.40959302653724955,0.4472073466369628,0.21970040401090077,0.22940465802818996,0.21189190736828875,0.2306990674181454
R01,08,186,235,157,0.12904570996761322,0.14988183975219727,0.09413453191518784,0.14917856454849243,1,1.0367170626349889,0.014190788199327928,0.4304383639292734,0.44632869631189814,0.41157828854129036,0.4470484036256417,0.2223145760643007,0.23025974225561305,0.21288453837030916,0.23061959591248482
R01,08,187,235,157,0.1285141259431839,0.14970967173576355,0.09417935460805893,0.14976388216018677,1,1.0367170626349889,0.014190788199327928,0.4282953645880202,0.44566924010499986,0.41180790626375563,0.44943954934938524,0.22124307639367408,0.2299300141521639,0.2129993472315418,0.2318151687743566
R01,08,188,235,157,0.1278301626443863,0.14911200106143951,0.09470893442630768,0.1505298912525177,1,1.0367170626349889,0.014190788199327928,0.4255380716081602,0.44337997846379495,0.41452083812796936,0.45256885782888534,0.21986442990374408,0.22878538333156145,0.21435581316364866,0.23337982301410665
R01,08,189,235,157,0.12960384786128998,0.1513894647359848,0.09622404724359512,0.15272392332553864,1,1.0367170626349889,0.014190788199327928,0.43268841111562717,0.452103361512948,0.42228245913061696,0.4615319409556237,0.22343959965747756,0.23314707485613798,0.21823662366497246,0.23786136457747584
R01,08,190,235,157,0.12812712788581848,0.14994023740291595,0.0942249521613121,0.14998118579387665,1,1.0367170626349889,0.014190788199327928,0.4267352413640563,0.44655237719080015,0.4120414934415295,0.45032728046163967,0.2204630147816921,0.23037158269506405,0.21311614082042873,0.2322590343304838
R01,08,191,235,157,0.13016676902770996,0.15269383788108826,0.09595648944377899,0.1510137915611267,1,1.0367170626349889,0.014190788199327928,0.43495774133131715,0.457099509952522,0.4209118138461338,0.4545456925089477,0.22457426476532255,0.235645149075925,0.21755130102273088,0.23436824035413784
R01,08,192,235,157,0.12957464158535004,0.15115514397621155,0.09572551399469376,0.1501811146736145,1,1.0367170626349889,0.014190788199327928,0.4325706705003652,0.4512058412729034,0.4197285726536228,0.45114403204451814,0.22338072934984657,0.23269831473611569,0.21695968042647537,0.23266741012192305
R01,08,193,235,157,0.1280166208744049,0.1496312916278839,0.09617401659488678,0.14986427128314972,1,1.0367170626349889,0.014190788199327928,0.42628974932182007,0.44536902029815506,0.4220261620883373,0.44984966006071064,0.220240268760574,0.2297799042487415,0.21810847514383264,0.2320202241300193
R01,08,194,235,157,0.13005751371383667,0.15187598764896393,0.09569607675075531,0.1497030109167099,1,1.0367170626349889,0.014190788199327928,0.43451729531544936,0.4539668932037242,0.4195777715197364,0.44919087749904174,0.22435404175738866,0.23407884070152607,0.21688427985953218,0.23169083284918485
R01,08,195,235,157,0.1258316934108734,0.1472943276166916,0.09164761751890182,0.14434543251991272,1,1.0367170626349889,0.014190788199327928,0.4174815498653732,0.43641773274544093,0.39883832172841766,0.4273040413315139,0.2158361690323506,0.22530426047238444,0.2065145549638728,0.22074741476542092
R01,08,196,235,157,0.12808743119239807,0.1499481499195099,0.09285004436969757,0.14601436257362366,1,1.0367170626349889,0.014190788199327928,0.42657521024208794,0.44658268455152916,0.40499811484269704,0.4341219721120455,0.22038299922070795,0.23038673637542856,0.2095944515210125,0.22415638015568673
R01,08,197,235,157,0.12727859616279602,0.14910778403282166,0.09181693941354752,0.1453627198934555,1,1.0367170626349889,0.014190788199327928,0.4233145160602404,0.44336382595327456,0.3997057240490204,0.43145987451415774,0.21875265212978418,0.22877730707630126,0.20694825612417417,0.22282533135674285
R01,08,198,235,157,0.12877006828784943,0.15095147490501404,0.09317126870155334,0.14758865535259247,1,1.0367170626349889,0.014190788199327928,0.4293271568368671,0.45042572638317824,0.40664368307513854,0.4405532896926918,0.22175897251809754,0.2323082572912531,0.21041723563723325,0.22737203894600988
R01,08,199,235,157,0.13218753039836884,0.15414603054523468,0.09412708133459091,0.14915767312049866,1,1.0367170626349889,0.014190788199327928,0.4431041304008551,0.46266185240044216,0.4115401207017848,0.4469630577421211,0.22864745930009153,0.23842632029988506,0.21286545445055638,0.23057692297072452
R01,08,200,235,157,0.1336556226015091,0.15504539012908936,0.09329957515001297,0.14795082807540894,1,1.0367170626349889,0.014190788199327928,0.44902251861352976,0.46610667491795504,0.4073009714392633,0.4420328415464492,0.23160665340642886,0.2401487315586415,0.21074587981929563,0.22811181487288856
R01,08,201,235,157,0.13097278773784637,0.15277788043022156,0.09093540906906128,0.14512330293655396,1,1.545572354211663,0.024111707189718626,0.43820708195383584,0.45742141864275104,0.39518981978224427,0.4304818058190613,0.23115939457177723,0.24076656291623483,0.20965076348598144,0.22729675650438996
R01,08,202,235,157,0.1333387792110443,0.15534165501594543,0.09096220135688782,0.14551942050457,1,4.0,0.0719645609277491,0.44774521315316457,0.4672414601270212,0.3953270713331062,0.4321000295149441,0.25985488704045684,0.26960301052738517,0.23364581613042765,0.25203229522134657
R01,08,203,235,163,0.1318432092666626,0.15399186313152313,0.09428101778030396,0.14931468665599823,1,4.5632829373650114,0.08294663084580467,0.4417160526473557,0.46207134401230215,0.41232870643380864,0.4476044911049288,0.2623313417465802,0.2725089874290534,0.24763766863980666,0.26527556097536675
R01,08,204,235,171,0.12685589492321014,0.1480085551738739,0.08900235593318939,0.1414625197649002,1,4.4,0.07976317806281003,0.42161046094129295,0.4391534429283075,0.38528717382253386,0.41552673552634717,0.2506868195020515,0.2594583104955588,0.23252517594267194,0.2476449567945786
R01,08,205,235,171,0.13105054199695587,0.15307070314884186,0.09286170452833176,0.14763222634792328,1,1.945572354211663,0.031910324324779554,0.43852053630609966,0.45854301929376,0.4050578475115232,0.44073128638556924,0.23521543031543962,0.24522667180926977,0.21848408591815138,0.2363208053551744
R01,08,206,235,171,0.12506280839443207,0.14621466398239136,0.08900901675224304,0.14153018593788147,1,1.0367170626349889,0.014190788199327928,0.41438190802511626,0.4322822905201672,0.3853212958710518,0.4158031660948685,0.2142863481122221,0.22323653935974758,0.19975604203518987,0.21499697714709823
R01,08,207,235,171,0.12877874076366425,0.15096718072891235,0.09338758140802383,0.14784082770347595,1,1.0367170626349889,0.014190788199327928,0.4293621185909908,0.450485884496565,0.40775180995950266,0.44158346685875377,0.2217764533951594,0.23233833634794648,0.2109712990794153,0.22788712752904086
R01,08,208,235,171,0.12308494001626968,0.14463864266872406,0.08928524702787399,0.1423129439353943,1,1.0367170626349889,0.014190788199327928,0.4064084354663087,0.4262456464382394,0.3867363685207194,0.4190008973797018,0.21029961183281834,0.2202182173187837,0.20046357836002368,0.21659584278951488
R01,08,209,235,171,0.12436213344335556,0.1463240683078766,0.09065680205821991,0.144444540143013,1,1.0367170626349889,0.014190788199327928,0.41155724458606424,0.432701342577554,0.39376257159177436,0.42770891684598994,0.2128740163926961,0.22344606538844097,0.20397667989555116,0.22094985252265895
R01,08,210,235,171,0.12801910936832428,0.14958161115646362,0.09299179166555405,0.14660291373729706,1,1.0367170626349889,0.014190788199327928,0.4262997813028143,0.44517872888446297,0.4057242579892898,0.43652632757667637,0.22024528475107114,0.22968475854189546,0.20995752309430887,0.22535855788800216
R01,08,211,235,171,0.1281919926404953,0.14913247525691986,0.09350167214870453,0.1469695270061493,1,1.0367170626349889,0.014190788199327928,0.42699673365907437,0.4434584009000316,0.4083362740858509,0.4380240199962605,0.22059376092920116,0.22882459454967977,0.21126353114258942,0.22610740409779423
R01,08,212,235,171,0.12712448835372925,0.1470896452665329,0.09242837131023407,0.14567752182483673,1,1.0367170626349889,0.014190788199327928,0.422693254099506,0.4356337366871101,0.4028379677980419,0.4327459067076355,0.21844202114941697,0.22491226244321902,0.2085143779986849,0.22346834745348174
R01,08,213,235,171,0.12696866691112518,0.14792393147945404,0.09050583839416504,0.14322055876255035,1,1.0367170626349889,0.014190788199327928,0.4220650838883862,0.4388293082737311,0.39298921482771326,0.4227086951110536,0.21812793604385708,0.22651004823652954,0.2035900015135206,0.21844974165519077
R01,08,214,235,171,0.12716349959373474,0.14819030463695526,0.09054505079984665,0.14371325075626373,1,1.0367170626349889,0.014190788199327928,0.4228505219213202,0.43984959900893217,0.3931900921670309,0.4247214456764777,0.2185206550603241,0.22702019360413006,0.20369044018317942,0.21945611693790282
R01,08,215,235,171,0.12936146557331085,0.1502690315246582,0.09208686649799347,0.14486786723136902,1,1.0367170626349889,0.014190788199327928,0.4317112841524376,0.4478117593273079,0.4010885067064663,0.42943829716334814,0.22295103617588277,0.23100127376331792,0.20763964745289712,0.22181454268133804
R01,08,216,235,171,0.12656433880329132,0.1475401073694229,0.09137244522571564,0.14493291079998016,1,1.0367170626349889,0.014190788199327928,0.42043509722791733,0.4373591444363341,0.3974286689119598,0.429704013840643,0.21731294271362264,0.22577496631783103,0.2058097285556439,0.22194740101998547
R01,08,217,235,171,0.12700742483139038,0.14847823977470398,0.09238388389348984,0.14578697085380554,1,1.0367170626349889,0.014190788199327928,0.4222213304905783,0.44095247872902,0.4026100676283544,0.43319302904319806,0.21820605934495313,0.22757163346417397,0.20840042791384117,0.223691908621263
R01,08,218,235,171,0.12809157371520996,0.14949259161949158,0.09263861924409866,0.14612886309623718,1,1.0367170626349889,0.014190788199327928,0.4265919101864975,0.4448377568072594,0.4039150260610485,0.43458973086309555,0.22039134919291273,0.22951427250329368,0.20905290713018823,0.22439025953121175
R01,08,219,235,171,0.12793123722076416,0.14890439808368683,0.09229681640863419,0.14517395198345184,1,1.0367170626349889,0.014190788199327928,0.42594553823740616,0.44258479550771856,0.4021640382558927,0.43068871784337404,0.22006816321836706,0.22838779185352326,0.20817741322761033,0.222439753021351
R01,08,220,235,171,0.13015533983707428,0.15105198323726654,0.09375403821468353,0.14589780569076538,1,1.0367170626349889,0.014190788199327928,0.4349116663048345,0.4508107040632482,0.4096290951455823,0.4336458126962837,0.22455122725208124,0.23250074613128807,0.21190994167245514,0.22391830044780583
R01,08,221,235,171,0.1262596696615219,0.1461682766675949,0.09063897281885147,0.14127086102962494,1,1.145572354211663,0.01631309005465769,0.41920687038115884,0.4321046129044433,0.3936712359518376,0.41474376922546147,0.21775998021790827,0.2242088514795505,0.20499216300324766,0.21552842964005958
R01,08,222,235,171,0.13055108487606049,0.15061040222644806,0.09402788430452347,0.14668866991996765,1,2.6,0.04466940095503583,0.43650705164163456,0.4491193136153321,0.41103195408660814,0.4368766596449082,0.2405882262983352,0.24689435728518397,0.227850677520822,0.24077303029997202
R01,08,223,235,175,0.12949277460575104,0.14952395856380463,0.09105958789587021,0.14419636130332947,1,2.563282937365011,0.0439535451705,0.4322406363471767,0.4449579018060062,0.395825963163283,0.4266950540142957,0.23809709075883834,0.2444557234882531,0.2198897541668915,0.23532429959239784
R01,08,224,235,180,0.12866860628128052,0.1487964540719986,0.09313270449638367,0.14566460251808167,0,2.8,0.04856870952256629,0.4289181283423167,0.44217133689920457,0.4064461263378579,0.43269312861846837,0.2387434189324415,0.24537002321088544,0.22750741793021212,0.24063091907051734
R01,08,225,235,180,0.13183964788913727,0.15335597097873688,0.09482107311487198,0.14835719764232635,0,1.6544276457883371,0.026234009045048384,0.4417016955009028,0.4596356824082537,0.4150953022803672,0.4436929468171266,0.23396785227297562,0.24293484572665103,0.22066465566270776,0.23496347793108752
R01,09,10,229,0,0.10811188817024231,0.12662391364574432,0.07920939475297928,0.1262241005897522,0,1.0367170626349889,0.014190788199327928,0.34604687686410124,0.3572437196235238,0.3351197854226964,0.35327458367020964,0.1801188325317146,0.18571725391142588,0.17465528681101217,0.1837326859347688
R01,09,11,229,0,0.10722282528877258,0.1254451870918274,0.07924146950244904,0.12577323615550995,0,1.0367170626349889,0.014190788199327928,0.34246275642073815,0.35272883609104394,0.33528409797176767,0.35143270749497263,0.17832677231003305,0.18345981214518595,0.1747374430855478,0.1828117478471503
R01,09,12,229,0,0.1073470190167427,0.12602022290229797,0.07945052534341812,0.12630759179592133,0,1.0367170626349889,0.014190788199327928,0.3429634243584428,0.3549313992747209,0.3363550493804534,0.3536156628323821,0.17857710627888537,0.18456109373702442,0.17527291878989068,0.18390322551585503
R01,09,13,229,0,0.10507609695196152,0.12359391152858734,0.07770976424217224,0.12382206320762634,0,1.0367170626349889,0.014190788199327928,0.33380855087614036,0.34563788397260725,0.3274374771905413,0.34346175504556553,0.17399966953773416,0.1799143360859676,0.17081413269493462,0.17882627162244674
R01,09,14,229,0,0.10830401629209518,0.12750305235385895,0.07918648421764374,0.1266489326953888,0,1.0367170626349889,0.014190788199327928,0.346821411875775,0.3606110899969514,0.3350024193162169,0.35501011230014673,0.18050610003755146,0.18740093909813968,0.17459660375777242,0.18460045024973734
R01,09,15,229,0,0.10724270343780518,0.12664219737052917,0.07916316390037537,0.12684696912765503,0,1.0367170626349889,0.014190788199327928,0.3425428921252073,0.35731375188645126,0.33488295397856455,0.3558191328365152,0.17836684016226761,0.1857522700428896,0.17453687108894625,0.18500496051792156
R01,09,16,229,0,0.10990161448717117,0.12971822917461395,0.08208568394184113,0.13064546883106232,0,1.745572354211663,0.02801101575724909,0.3532618836023486,0.36909589532887804,0.34985444169596774,0.3713368041673871,0.19063644967979884,0.19855345554306356,0.1889327287266084,0.1996739099623181
R01,09,17,229,0,0.11297991126775742,0.13251298666000366,0.08125082403421402,0.1293870061635971,0,2.8,0.04856870952256629,0.36567156423573544,0.37980067202719786,0.3455776207758543,0.3661957191125745,0.20712013687915087,0.21418469077488209,0.1970731651492103,0.2073822143175704
R01,09,18,229,7,0.11300019919872284,0.13211524486541748,0.08399880677461624,0.13111673295497894,0,2.8,0.04856870952256629,0.3657533519131228,0.37827719919748276,0.35965498868500084,0.37326201737153974,0.20716103071784456,0.21342295436002454,0.20411184910378358,0.21091536344705303
R01,09,19,229,7,0.10826388746500015,0.1284783035516739,0.07956036180257797,0.12639211118221283,0,2.054427645788337,0.03403262618010931,0.3466596386732747,0.3643466006278218,0.336917719670444,0.35396094232691044,0.19034613242669202,0.19918961340396557,0.18547517292527665,0.19399678425350989
R01,09,20,229,7,0.11079759150743484,0.13050638139247894,0.08157910406589508,0.12973853945732117,0,2.0,0.032971475252444434,0.3568738773342227,0.3721147595919265,0.34725933395230757,0.3676318066576059,0.19492267629333357,0.20254311742218548,0.190115404602376,0.20030164095502517
R01,09,21,229,12,0.11265559494495392,0.13134481012821198,0.08171380311250687,0.1297938972711563,0,2.0,0.032971475252444434,0.36436413279651625,0.37532619830902336,0.34794937032272805,0.3678579549866209,0.19866780402448034,0.2041488367807339,0.19046042278758624,0.20041471511953265
R01,09,22,229,12,0.11222754418849945,0.13112328946590424,0.08261564373970032,0.12983781099319458,0,1.854427645788337,0.03013331761257885,0.36263851192201824,0.37447770636062894,0.35256932011999625,0.36803735179028363,0.19638591476729855,0.2023055119866039,0.19135131886628756,0.19908533470143125
R01,09,23,229,12,0.10870719701051712,0.1280623972415924,0.08017940074205399,0.12715347111225128,0,2.4,0.04077009238750536,0.3484467730120729,0.3627535521432505,0.3400889327836007,0.3570712579992362,0.1946084326997891,0.20176182226537792,0.19042951258555302,0.19892067519337078
R01,09,24,229,18,0.11037887632846832,0.12964947521686554,0.08009631931781769,0.12708285450935364,0,2.908855291576674,0.050691011377896056,0.35518589140638884,0.3688325466237864,0.3396633232052745,0.35678277430308497,0.20293845139214245,0.20976177900084123,0.19517716729158527,0.2037368928404905
R01,09,25,229,18,0.10236577689647675,0.12150546908378601,0.07540041208267212,0.12182479351758957,0,2.908855291576674,0.050691011377896056,0.32288231188744093,0.3376385100964249,0.3156071263287644,0.3353024876955373,0.1867866616326685,0.1941647607371605,0.18314906885333024,0.19299674953671667
R01,09,26,229,24,0.11596651375293732,0.1361871361732483,0.07973717153072357,0.12800045311450958,0,2.4,0.04077009238750536,0.37771159340176785,0.39387378939109674,0.33782348066974976,0.360531357870356,0.2092408428946366,0.21732194088930104,0.18929678652862755,0.20065072512893067
R01,09,27,229,24,0.11510635167360306,0.1356823444366455,0.07927509397268295,0.12684498727321625,0,2.054427645788337,0.03403262618010931,0.3742439821029459,0.39194028251340196,0.33545634943145614,0.3558110365437133,0.20413830414152762,0.21298645434675564,0.18474448780578273,0.19492183136191132
R01,09,28,229,24,0.11280754208564758,0.13307249546051025,0.08005242049694061,0.12698990106582642,0,2.4,0.04077009238750536,0.364976684354591,0.3819437620095949,0.3394384382949079,0.35640303990836214,0.20287338837104818,0.21135692719855012,0.1901042653412066,0.19858656614793374
R01,09,29,229,30,0.1211351677775383,0.14162476360797882,0.0782051831483841,0.12408410012722015,0,2.4,0.04077009238750536,0.3985482281779484,0.414701567028959,0.32997540951062215,0.344532231052491,0.21965916028272686,0.22773582970823217,0.18537275094906375,0.19265116171999816
R01,09,30,229,30,0.1278962343931198,0.1498304307460785,0.08315024524927139,0.1331668347120285,0,1.3455723542116629,0.020212398622188155,0.4258044297143192,0.44613178408117293,0.35530797710803674,0.38163711484283924,0.22300841416825368,0.23317209135168054,0.18776018786511245,0.2009247567325137
R01,09,31,229,30,0.27032893896102905,0.29443198442459106,0.20899781584739685,0.2845330536365509,0,0.691144708423326,0.0074533219919318775,1.0,1.0,1.0,1.0,0.503726660995966,0.503726660995966,0.503726660995966,0.503726660995966
R01,09,32,229,31,0.2692836821079254,0.29330945014953613,0.2057395577430725,0.2827542722225189,0,0.691144708423326,0.0074533219919318775,0.9957862075519551,0.9957003500971041,0.9833085930987985,0.9927333032755926,0.5016197647719435,0.501576836044518,0.49538095754536515,0.5000933126337622
R01,09,33,229,31,0.20809277892112732,0.23283305764198303,0.14852672815322876,0.22266755998134613,0,0.8367170626349889,0.010291479631797463,0.7491044804989703,0.7640572538006736,0.6902186695639619,0.7472664282683829,0.37969798006538386,0.3871743667162355,0.3502550745978797,0.37877895395009015
R01,09,34,229,31,0.16644445061683655,0.18943341076374054,0.11301351338624954,0.17671382427215576,0,1.0367170626349889,0.014190788199327928,0.5812056422744556,0.5978233207863619,0.5082915480573224,0.5595357390909379,0.29769821523689177,0.30600705449284493,0.26124116812832515,0.2868632636451329
R01,09,35,229,31,0.1396346092224121,0.16186337172985077,0.09568806737661362,0.14952589571475983,0,2.345572354211663,0.03970894145984048,0.47312588478167705,0.4922216315648023,0.41953674109226796,0.44846732459495786,0.2564174131207588,0.2659652865123214,0.22962284127605423,0.24408813302739918
R01,09,36,229,31,0.1186390146613121,0.1416938155889511,0.07932991534471512,0.12877170741558075,0,4.0,0.0719645609277491,0.3884853703080515,0.41496605725422875,0.33573718839453787,0.3636820941323092,0.23022496561790032,0.24346530909098893,0.2038508746611435,0.21782332753002914
R01,09,37,229,41,0.13501203060150146,0.1567426174879074,0.07980593293905258,0.1327824592590332,0,4.6,0.08366248663034048,0.45449066911631225,0.472607575256323,0.3381757316605463,0.38006686015994806,0.2690765778733264,0.27813503094333175,0.2109191091454434,0.23186467339514427
R01,09,38,229,41,0.1350363790988922,0.1561276912689209,0.07764621824026108,0.12877359986305237,0,3.745572354211663,0.06700410143255374,0.45458882634352554,0.4702522195968051,0.3271119436873986,0.36368982517881926,0.2607964638880396,0.2686281605146794,0.19705802255997618,0.2153469633056865
R01,09,39,229,38,0.11345072090625763,0.13622117042541504,0.07669594883918762,0.1277233064174652,0,2.836717062634989,0.04928456530710212,0.36756956097528154,0.3940041509954377,0.3222439029333445,0.35939915524011395,0.20842706314119183,0.2216443581512699,0.1857642341202233,0.20434186027360804
R01,09,40,229,37,0.11122968792915344,0.13384366035461426,0.07619936764240265,0.1254848688840866,0,2.436717062634989,0.04148594817204119,0.3586158076868042,0.3848975596224907,0.3197000164303007,0.3502546664551079,0.2000508779294227,0.21319175389726597,0.18059298230117096,0.19587030731357455
R01,09,41,229,36,0.1093965470790863,0.13116195797920227,0.07755433768033981,0.12551560997962952,0,2.036717062634989,0.03368733103698026,0.35122578192683956,0.3746258186037396,0.3266412578906164,0.35038025030511,0.1924565564819099,0.20415657482035993,0.1801642944637983,0.19203379067104512
R01,09,42,229,36,0.11323520541191101,0.13486944139003754,0.0769805982708931,0.12646162509918213,0,2.036717062634989,0.03368733103698026,0.3667007433637845,0.3888266149995609,0.3237021052416533,0.354244921318796,0.20019403720038237,0.21125697301827057,0.17869471813931678,0.1939661261778881
R01,09,43,229,34,0.11309140920639038,0.13362351059913635,0.0768655389547348,0.12563550472259521,0,2.545572354211663,0.04360825002737095,0.3661210510488466,0.38405431866691564,0.3231126792961694,0.35087004558243284,0.2048646505381088,0.2138312843471433,0.18336046466177017,0.1972391478049019
R01,09,44,229,34,0.11675893515348434,0.13813185691833496,0.08005382120609283,0.13137461245059967,0,3.4,0.06026663522515769,0.380906118559273,0.40132266516138204,0.3394456138487349,0.3743155094258958,0.22058637689221533,0.23079465019326986,0.1998561245369463,0.21729107232552675
R01,09,45,229,41,0.12407206743955612,0.14439749717712402,0.07593820989131927,0.12771545350551605,0,2.454427645788337,0.04183124331517024,0.4103878880469367,0.425321985386116,0.31836215731995277,0.3593670744408163,0.22610956568105348,0.2335766143506431,0.1800967003175615,0.20059915887799326
R01,09,46,229,42,0.12282305955886841,0.14310474693775177,0.07656837999820709,0.12713216245174408,0,1.8,0.02907216668491397,0.4053527046280832,0.42037035623348856,0.3215903931853307,0.35698420763302047,0.2172124356564986,0.22472126145920127,0.17533127993512235,0.19302818715896722
R01,09,47,229,42,0.13047850131988525,0.15298570692539215,0.08589930832386017,0.14026035368442535,0,0.8367170626349889,0.010291479631797463,0.4362144421840115,0.458217457738961,0.3693908793539116,0.4106156338866135,0.22325296090790447,0.23425446868537922,0.18984117949285453,0.21045355675920546
R01,09,48,229,42,0.13297660648822784,0.15389929711818695,0.08795616775751114,0.13883335888385773,0,1.0367170626349889,0.014190788199327928,0.44628516945217334,0.461716787844979,0.3799277603026855,0.4047860595717311,0.23023797882575064,0.23795378802215347,0.19705927425100672,0.20948842388552952
R01,09,49,229,42,0.13179951906204224,0.15477275848388672,0.0883525013923645,0.14296478033065796,0,1.0367170626349889,0.014190788199327928,0.44153992229840255,0.4650624122590135,0.38195809852518225,0.42166378634455515,0.22786535524886525,0.23962660022917073,0.1980744433622551,0.21792728727194155
R01,09,50,229,42,0.12799374759197235,0.1508788764476776,0.08506589382886887,0.14105761051177979,0,1.0367170626349889,0.014190788199327928,0.42619753919711234,0.4501476520677889,0.36512146299466225,0.4138725959451026,0.22019416369822015,0.23216922013355842,0.1896561255969951,0.21403169207221528
R01,09,51,229,42,0.11879190057516098,0.13864639401435852,0.07829338312149048,0.12916891276836395,0,1.945572354211663,0.031910324324779554,0.3891017063859026,0.4032934997489012,0.3304272403946887,0.36530476165807574,0.21050601535534108,0.21760191203684037,0.1811687823597341,0.19860754299142763
R01,09,52,229,42,0.11404181271791458,0.13419285416603088,0.07601796835660934,0.12834478914737701,0,3.2,0.05636732665762723,0.36995245682013117,0.38623507881519054,0.3187707440418595,0.36193804308889643,0.2131598917388792,0.22130120273640888,0.18756903534974337,0.20915268487326183
R01,09,53,229,50,0.12543460726737976,0.1449248194694519,0.07735966145992279,0.12910206615924835,0,3.2,0.05636732665762723,0.41588075807174996,0.4273417911892764,0.3256439704121763,0.3650316791805626,0.2361240423646886,0.2418545589234518,0.19100564853490176,0.21069950291909492
R01,09,54,229,50,0.1324014514684677,0.15243925154209137,0.08295410126447678,0.13721194863319397,0,1.945572354211663,0.031910324324779554,0.4439665203359068,0.4561243663403655,0.3543031705652141,0.3981622571952987,0.23793842233034318,0.24401734533257252,0.19310674744499684,0.2150362907600391
R01,09,55,229,50,0.12667952477931976,0.14641578495502472,0.0800916999578476,0.13135917484760284,0,1.0367170626349889,0.014190788199327928,0.4208994517972925,0.43305264541236954,0.33963965914478106,0.37425244356617593,0.21754511999831022,0.22362171680584875,0.1769152236720545,0.19422161588275194
R01,09,56,229,50,0.12072571367025375,0.14162027835845947,0.07938563078641891,0.1306745558977127,0,1.0367170626349889,0.014190788199327928,0.39689757683806615,0.41468438715027833,0.3360226074983602,0.3714556309609907,0.20554418251869705,0.21443758767480314,0.17510669784884408,0.19282320958015933
R01,09,57,229,50,0.11807301640510559,0.13766786456108093,0.07802370190620422,0.12756706774234772,0,1.0367170626349889,0.014190788199327928,0.38620363527753926,0.39954543239607154,0.3290457172759464,0.3587608873451687,0.2001972117384336,0.20686811029769975,0.17161825273763717,0.18647583777224833
R01,09,58,229,50,0.12123929709196091,0.14086923003196716,0.07992970198392868,0.1314205378293991,0,1.0367170626349889,0.014190788199327928,0.39896800951440287,0.41180764214940546,0.3388097758104123,0.37450312427112437,0.2065793988568654,0.2129992151743667,0.1765002820048701,0.19434695623522616
R01,09,59,229,50,0.11763538420200348,0.13768187165260315,0.07702725380659103,0.12995938956737518,0,1.0367170626349889,0.014190788199327928,0.38443938827262625,0.39959908384444304,0.323941112252637,0.36853402587276896,0.1993150882359771,0.2068949360218855,0.16906595022598248,0.19136240703604845
R01,09,60,229,50,0.11525501310825348,0.13533860445022583,0.07549428194761276,0.1285964846611023,0,2.345572354211663,0.03970894145984048,0.3748432878418037,0.3906236531399617,0.31608800293869466,0.3629662722747353,0.2072761146508221,0.2151662972999011,0.17789847219926758,0.2013376068672879
R01,09,61,229,50,0.11579860001802444,0.13582563400268555,0.07900506258010864,0.13073867559432983,0,4.0,0.0719645609277491,0.37703467497162513,0.39248912541504066,0.3340730324242571,0.37171757342660344,0.22449961794968712,0.2322268431713949,0.20301879667600312,0.22184106717717628
R01,09,62,229,60,0.13221362233161926,0.15346799790859222,0.0777164027094841,0.1288488507270813,0,4.0,0.0719645609277491,0.4432093160219387,0.4600647798432079,0.3274714847355407,0.36399724080776286,0.2575869384748439,0.2660146703854785,0.19971802283164491,0.21798090086775598
R01,09,63,229,60,0.1309412270784378,0.1514659821987152,0.07694840431213379,0.12847404181957245,0,2.345572354211663,0.03970894145984048,0.4380798500032619,0.4523964468186796,0.3235371820071499,0.3624660674780958,0.2388943957315512,0.24605269413926004,0.1816230617334952,0.20108750446896814
R01,09,64,229,60,0.12942500412464142,0.15061521530151367,0.07678885012865067,0.12959958612918854,0,1.0367170626349889,0.014190788199327928,0.43196743006237487,0.4491377491662087,0.32271981772413894,0.3670641530457447,0.2230791091308514,0.23166426868276832,0.16845530296173344,0.19062747062253632
R01,09,65,229,60,0.1296658217906952,0.1510935127735138,0.07851347327232361,0.1322416067123413,0,1.0367170626349889,0.014190788199327928,0.432938249492604,0.45096977490006884,0.3315547183736821,0.37785736359200006,0.22356451884596598,0.2325802815496984,0.17287275328650503,0.196024075895664
R01,09,66,229,60,0.12606248259544373,0.14667071402072906,0.07522918283939362,0.12732788920402527,0,1.0367170626349889,0.014190788199327928,0.4184119410129129,0.4340291017727309,0.3147299530412483,0.35778379264018373,0.21630136460612043,0.22410994498602943,0.16446037062028812,0.18598729041975584
R01,09,67,229,60,0.12337765097618103,0.14410574734210968,0.07380606979131699,0.12600527703762054,0,1.0367170626349889,0.014190788199327928,0.40758845473972655,0.42420449420774825,0.307439628520815,0.3523806433709944,0.21088962146952725,0.2191976412035381,0.1608152083600715,0.18328571578516117
R01,09,68,229,60,0.1252257078886032,0.1463693380355835,0.07901331782341003,0.1309022754430771,0,1.0367170626349889,0.014190788199327928,0.41503861231391426,0.43287473949260996,0.3341153223904293,0.37238591326624143,0.2146147002566211,0.22353276384596896,0.17415305529487862,0.1932883507327847
R01,09,69,229,60,0.123104989528656,0.14377233386039734,0.07819031178951263,0.12957999110221863,0,1.0367170626349889,0.014190788199327928,0.40648926199581636,0.42292741850847976,0.32989922650296916,0.3669841032334554,0.21034002509757216,0.21855910335390386,0.17204500735114855,0.1905874457163917
R01,09,70,229,60,0.12656809389591217,0.14673174917697906,0.08105990290641785,0.13280069828033447,0,1.0367170626349889,0.014190788199327928,0.42045023530702247,0.4342628851052093,0.344599569888525,0.3801413704034781,0.2173205117531752,0.2242268366522686,0.1793951790439265,0.19716607930140304
R01,09,71,229,60,0.1232653483748436,0.14421187341213226,0.07980960607528687,0.13167405128479004,0,1.0367170626349889,0.014190788199327928,0.40713572405252146,0.4246109895431758,0.33819454840542257,0.37553878013156355,0.2106632561259247,0.21940088887125186,0.17619266830237526,0.19486478416544575
R01,09,72,229,60,0.1197037622332573,0.13983555138111115,0.0790436863899231,0.12979193031787872,0,1.0367170626349889,0.014190788199327928,0.392777736595261,0.4078483364876152,0.33427089450425385,0.36784991956820096,0.20348426239729447,0.21101956234347158,0.1742308413517909,0.19102035388376445
R01,09,73,229,60,0.11812181770801544,0.13865356147289276,0.07867486029863358,0.1315048336982727,0,1.0367170626349889,0.014190788199327928,0.38640037023416324,0.40332095330918494,0.33238147194521145,0.37484749064992323,0.2002955792167456,0.20875587075425645,0.1732861300722697,0.1945191394246256
R01,09,74,229,60,0.1210244745016098,0.14115466177463531,0.08233695477247238,0.13674992322921753,0,1.545572354211663,0.024111707189718626,0.39810198523893114,0.4129009330999971,0.3511416520832918,0.39627478610796685,0.21110684621432488,0.21850632014485785,0.1876266796365052,0.21019324664884273
R01,09,75,229,60,0.11619393527507782,0.13545633852481842,0.08101080358028412,0.1336020678281784,0,2.4,0.04077009238750536,0.3786284083355069,0.3910746106863269,0.34434804382618356,0.38341513379139075,0.20969925036150613,0.2159223515369161,0.19255906810684445,0.21209261308944805
R01,09,76,229,66,0.11325711756944656,0.1318996697664261,0.0790906623005867,0.1310315579175949,0,2.4,0.04077009238750536,0.36678907886110224,0.3774514805766418,0.3345115427323362,0.37291405940420475,0.2037795856243038,0.20911078648207357,0.18764081755992076,0.20684207589585504
R01,09,77,229,66,0.11344663798809052,0.13299457728862762,0.08085685223340988,0.13315314054489136,0,1.545572354211663,0.024111707189718626,0.36755310131784186,0.3816453115590262,0.3435593817584807,0.3815811712858097,0.19583240425378023,0.2028785093743724,0.18383554447409967,0.20284643923776416
R01,09,78,229,66,0.11456228047609329,0.1341385841369629,0.08276555687189102,0.13540737330913544,0,1.0367170626349889,0.014190788199327928,0.3720506426414939,0.3860272079907554,0.35333729521868706,0.39079018691570294,0.19312071542041093,0.20010899809504168,0.1837640417090075,0.20249048755751545
R01,09,79,229,66,0.10917612165212631,0.1274310052394867,0.08020076155662537,0.13061821460723877,0,1.0367170626349889,0.014190788199327928,0.3503371706761952,0.3603351274938916,0.340198359979463,0.37122546492276576,0.18226397943776157,0.1872629578466098,0.17719457408939548,0.19270812656104686
R01,09,80,229,66,0.10554081946611404,0.12418407946825027,0.07985690236091614,0.1264399141073227,0,1.0367170626349889,0.014190788199327928,0.3356820083088831,0.3478984078433281,0.3384368378506037,0.3541562273442671,0.17493639825410554,0.18104459802132802,0.17631381302496582,0.18417350777179753
R01,09,81,229,66,0.11315786093473434,0.13222506642341614,0.0860610157251358,0.13587909936904907,0,1.0367170626349889,0.014190788199327928,0.3663889409844389,0.3786978493831189,0.3702192741425397,0.3927172872256966,0.19028986459188343,0.19644431879122343,0.19220503117093382,0.20345403771251228
R01,09,82,229,66,0.10787517577409744,0.12729091942310333,0.08072946220636368,0.1302751898765564,0,1.0367170626349889,0.014190788199327928,0.34509260719892554,0.35979855593416765,0.34290678803861513,0.36982413664983865,0.17964169769912675,0.1869946720667478,0.17854878811897154,0.1920074624245833
R01,09,83,229,66,0.10955329239368439,0.12854737043380737,0.08285646140575409,0.13157488405704498,0,1.0367170626349889,0.014190788199327928,0.3518576765859931,0.3646111479291005,0.35380298102849406,0.37513366111955965,0.18302423239266052,0.18940096806421422,0.183996884613911,0.1946622246594438
R01,09,84,229,66,0.11246894299983978,0.1324164718389511,0.08342288434505463,0.13554011285305023,0,1.0367170626349889,0.014190788199327928,0.3636116741502041,0.3794309907175146,0.35670465285906267,0.3913324559102831,0.18890123117476604,0.1968108894584213,0.1854477205291953,0.20276162205480552
R01,09,85,229,66,0.10320976376533508,0.12168879806995392,0.07574863731861115,0.12456538528203964,0,1.0367170626349889,0.014190788199327928,0.3262847153098002,0.33834071623399364,0.317391014811574,0.34649838227851776,0.17023775175456407,0.1762657522166608,0.16579090150545098,0.18034458523892286
R01,09,86,229,66,0.12520357966423035,0.14567787945270538,0.09446106851100922,0.14921915531158447,0,0.745572354211663,0.008514472919596758,0.41494940577633055,0.4302262414513516,0.41325107044329934,0.4472142254421253,0.21173193934796367,0.21937035718547418,0.21088277168144806,0.22786434918086104
R01,09,87,229,66,0.11824197322130203,0.13841567933559418,0.08883874118328094,0.1409521996974945,0,0.8,0.009575623847261638,0.38688475872965566,0.4024097919030119,0.38444900806699234,0.4134419705670537,0.19823019128845865,0.20599270787513677,0.19701231595712698,0.21150879720715765
R01,09,88,229,68,0.12827669084072113,0.15081337094306946,0.09505382925271988,0.15152421593666077,0,1.508855291576674,0.023395851405182796,0.42733818144333413,0.44989674593263873,0.41628766558652,0.45663088358891496,0.22536701642425847,0.23664629866891077,0.21984175849585139,0.24001336749704888
R01,09,89,229,68,0.11888934671878815,0.141462504863739,0.08857499063014984,0.14338071644306183,0,2.508855291576674,0.04289239424283512,0.3894945455458545,0.41408006636798317,0.3830978665484965,0.42336297296845676,0.21619346989434482,0.22848623030540915,0.2129951303956658,0.23312768360564595
R01,09,90,229,75,0.11401680111885071,0.13363777101039886,0.08338244259357452,0.13746416568756104,0,2.8,0.04856870952256629,0.36985162640037744,0.38410894040743854,0.35649747782622665,0.39919261698450653,0.20921016796147188,0.21633882496500242,0.20253309367439648,0.22388066325353642
R01,09,91,229,75,0.11017973721027374,0.12977854907512665,0.08104941248893738,0.13439491391181946,0,1.745572354211663,0.02801101575724909,0.35438309263987794,0.36932693901292896,0.3445458295705012,0.38665407703281707,0.1911970541985635,0.198668977385089,0.18627842266387515,0.20733254639503307
R01,09,92,229,75,0.10988354682922363,0.1289902925491333,0.07862305641174316,0.1327439546585083,0,1.0367170626349889,0.014190788199327928,0.3531890466145909,0.3663076752178181,0.33211609095712946,0.37990956075694005,0.18368991740695942,0.19024923170857302,0.1731534395782287,0.197050174478134
R01,09,93,229,75,0.11280666291713715,0.13348789513111115,0.08386026322841644,0.13882799446582794,0,1.0367170626349889,0.014190788199327928,0.36497314012178467,0.3835348699098634,0.35894525770939545,0.40476414479422224,0.1895819641605563,0.19886282905459568,0.1865680229543617,0.2094774664967751
R01,09,94,229,75,0.11976967751979828,0.13935919106006622,0.08897945284843445,0.14164119958877563,0,1.745572354211663,0.02801101575724909,0.39304346394812395,0.4060237306349128,0.38516984588389386,0.4162566802405378,0.2105272398526865,0.21701737319608094,0.20659043082057146,0.22213384799889344
R01,09,95,229,75,0.11684399843215942,0.13589273393154144,0.08851499110460281,0.1399584710597992,0,2.8,0.04856870952256629,0.3812490381012235,0.39274613868314373,0.38279050093695843,0.40938237978230285,0.2149088738118949,0.22065742410285502,0.21567960522976237,0.22897554465243458
R01,09,96,229,82,0.1244492158293724,0.14609816670417786,0.08763688057661057,0.13984861969947815,0,2.8,0.04856870952256629,0.4119083038491209,0.43183607028254123,0.3782921157085154,0.40893361383842713,0.2302385066858436,0.24020238990255377,0.21343041261554085,0.22875116168049672
R01,09,97,229,82,0.12648029625415802,0.14841553568840027,0.08830902725458145,0.14174124598503113,0,1.745572354211663,0.02801101575724909,0.4200962926003267,0.4407123028835442,0.3817353891816675,0.4166653908410779,0.2240536541787879,0.23436165932039663,0.20487320246945828,0.22233820329916348
R01,09,98,229,82,0.12022454291582108,0.14131025969982147,0.08552490174770355,0.13828253746032715,0,1.0367170626349889,0.014190788199327928,0.3948771839232158,0.41349692078499206,0.3674728690830796,0.4025358380422458,0.20453398606127188,0.21384385449216,0.19083182864120377,0.20836331312078687
R01,09,99,229,82,0.11824321001768112,0.13896256685256958,0.08435852825641632,0.1388164907693863,0,1.945572354211663,0.031910324324779554,0.38688974468428156,0.40450453850586565,0.36149777014416745,0.4047171497713421,0.20940003450453054,0.21820743141532262,0.1967040472344735,0.21831373704806084
R01,09,100,229,82,0.11542967706918716,0.13564683496952057,0.08300105482339859,0.13562463223934174,0,3.2,0.05636732665762723,0.37554741877129016,0.3918042703841793,0.35454370428977794,0.39167773540481143,0.2159573727144587,0.22408579852090327,0.20545551547370258,0.22402253103121933
R01,09,101,229,90,0.1335296928882599,0.15278753638267517,0.08520733565092087,0.137976735830307,0,5.108855291576674,0.09358340562073118,0.4485148523178261,0.45745840389652204,0.3658460412598353,0.4012865739754773,0.27104912896927863,0.2755209047586266,0.22971472344028324,0.24743498979810424
R01,09,102,229,90,0.1333616077899933,0.15236042439937592,0.08644372224807739,0.13829490542411804,0,6.108855291576674,0.11307994845838351,0.44783724306264483,0.45582243425325353,0.37217980338658085,0.4025863637792801,0.2804585957605142,0.28445119135581853,0.2426298759224822,0.2578331561188318
R01,09,103,229,103,0.15230822563171387,0.1731611043214798,0.08917997032403946,0.14156821370124817,0,5.2,0.0953604123329319,0.5242176226223454,0.5354954058450256,0.38619705694850626,0.4159585175176535,0.30978901747763865,0.3154279090889788,0.24077873464071908,0.2556594649252927
R01,09,104,229,103,0.15420883893966675,0.17535120248794556,0.09130563586950302,0.14512760937213898,0,2.945572354211663,0.05140686716243188,0.5318796532322623,0.5438841522539637,0.3970864178951137,0.4304993985154504,0.2916432601973471,0.2976455097081978,0.22424664252877277,0.24095313283894113
R01,09,105,229,103,0.14846573770046234,0.16933387517929077,0.08984850347042084,0.1410297155380249,0,1.0367170626349889,0.014190788199327928,0.508727222747583,0.5208359466416369,0.38962181901949816,0.4137586391020566,0.26145900547345546,0.26751336742048243,0.20190630360941306,0.2139747136506923
R01,09,106,229,103,0.14628756046295166,0.16709069907665253,0.08532528579235077,0.13661952316761017,0,1.0367170626349889,0.014190788199327928,0.49994623579047986,0.5122438954889762,0.36645027632704735,0.39574207439135584,0.2570685119949039,0.2632173418441521,0.19032053226318765,0.2049664312953419
R01,09,107,229,103,0.14191240072250366,0.1626387983560562,0.08499594032764435,0.13660220801830292,0,1.945572354211663,0.031910324324779554,0.4823084513372631,0.4951917529162452,0.3647631051495448,0.39567133835950785,0.25710938783102133,0.2635510386205124,0.1983367147371622,0.21379083134214372
R01,09,108,229,103,0.14052438735961914,0.16120058298110962,0.08519765734672546,0.1372978389263153,0,3.2,0.05636732665762723,0.4767128886686792,0.48968294776467874,0.3657964612363176,0.3985131371329682,0.2665401076631532,0.273025137211153,0.2110818939469724,0.22744023189529772
R01,09,109,229,111,0.15710538625717163,0.1794910728931427,0.08676228672266006,0.13904646039009094,0,3.2,0.05636732665762723,0.5435566388226131,0.5597411232002062,0.37381174570031894,0.4056566241082702,0.29996198274012015,0.3080542249289167,0.21508953617897308,0.2310119753829487
R01,09,110,229,111,0.1603298932313919,0.18221671879291534,0.09093546867370605,0.144536554813385,0,1.945572354211663,0.031910324324779554,0.5565557433932197,0.5701811813692206,0.3951901251249603,0.42808481615464866,0.2942330338589996,0.3010457528470001,0.21355022472486995,0.22999757023971412
R01,09,111,229,111,0.15780320763587952,0.18012525141239166,0.09154781699180603,0.14495864510536194,0,1.0367170626349889,0.014190788199327928,0.5463697985229801,0.5621702210632304,0.39832706351824104,0.4298091438983035,0.280280293361154,0.2881805046312792,0.2062589258587845,0.22199996604881572
R01,09,112,229,111,0.15662311017513275,0.17856495082378387,0.09315270930528641,0.14474405348300934,0,2.6367170626349887,0.04538525673957165,0.5416124168772282,0.5561937921706983,0.4065486069869303,0.42893249192356747,0.2934988368083999,0.30078952445513496,0.22596693186325098,0.23715887433156957
R01,09,113,229,111,0.15830574929714203,0.1819291114807129,0.09623418003320694,0.1495969593524933,0,4.236717062634989,0.0765797252798154,0.5483957180381386,0.5690795573213288,0.4223343673923445,0.44875763452256817,0.312487721658977,0.32282964130057207,0.24945704633607993,0.2626686799011918
R01,09,114,229,103,0.13326430320739746,0.1546451449394226,0.09102343767881393,0.14495152235031128,0,4.236717062634989,0.0765797252798154,0.4474449745842465,0.46457361331874375,0.39564077280600213,0.4297800459437223,0.26201234993203093,0.2705766692992796,0.23611024904290875,0.25317988561176885
R01,09,115,229,103,0.12934716045856476,0.15077051520347595,0.08623766154050827,0.13968728482723236,0,2.6367170626349887,0.04538525673957165,0.4316536152796562,0.4497325953310255,0.37112419544937636,0.40827452690484844,0.23851943600961392,0.24755892603529858,0.208254726094474,0.22682989182221006
R01,09,116,229,103,0.1300857961177826,0.15135319530963898,0.08996959030628204,0.14179246127605438,0,1.0367170626349889,0.014190788199327928,0.43463131148267753,0.45196443850727114,0.3902421227471421,0.41687461609190546,0.22441104984100274,0.23307761335329955,0.20221645547323502,0.2155327021456167
R01,09,117,229,103,0.11788759380578995,0.13837753236293793,0.08070626854896545,0.1317386031150818,0,1.545572354211663,0.024111707189718626,0.3854561325499818,0.4022636773202129,0.3427879715542344,0.37580248795425336,0.2047839198698502,0.21318769225496575,0.1834498393719765,0.199957097571986
R01,09,118,229,103,0.1151321679353714,0.13607975840568542,0.08136554062366486,0.13187311589717865,0,2.4,0.04077009238750536,0.3743480563967936,0.3934624996709211,0.34616529100072096,0.3763520010002878,0.20755907439214946,0.21711629602921323,0.19346769169411315,0.20856104669389658
R01,09,119,229,109,0.12590821087360382,0.14659716188907623,0.09144927561283112,0.14345920085906982,0,2.4,0.04077009238750536,0.41779001826301115,0.4337473745927716,0.3978222556729408,0.42368359833828767,0.22928005532525825,0.23725873349013846,0.21929617403022308,0.2322268453628965
R01,09,120,229,109,0.11920248717069626,0.1392282098531723,0.08574584871530533,0.13644316792488098,0,1.545572354211663,0.024111707189718626,0.39075692317821326,0.4055220325166303,0.3686047363636161,0.39502162608075236,0.20743431518396593,0.21481686985317447,0.19635822177666737,0.2095666666352355
R01,09,121,229,109,0.11914129555225372,0.13961471617221832,0.08850396424531937,0.1394011676311493,0,1.0367170626349889,0.014190788199327928,0.39051023856771666,0.4070024700356304,0.38273401253449024,0.407105677896661,0.2023505133835223,0.21059662911747917,0.1984624003669091,0.2106482330479945
R01,09,122,229,109,0.11718208342790604,0.137294739484787,0.08814917504787445,0.13958866894245148,0,1.0367170626349889,0.014190788199327928,0.38261197583049483,0.3981162491330689,0.3809164981850763,0.4078716602449774,0.1984013820149114,0.20615351866619844,0.19755364319220212,0.21103122422215267
R01,09,123,229,109,0.11899369210004807,0.1392320990562439,0.0869344100356102,0.13887806236743927,0,1.0367170626349889,0.014190788199327928,0.38991519792257495,0.4055369293549548,0.37469349912857575,0.40496868271763814,0.20205299306095145,0.20986385877714137,0.19444214366395185,0.20957973545848305
R01,09,124,229,109,0.12047164887189865,0.14130429923534393,0.09016503393650055,0.14384905993938446,0,2.236717062634989,0.037586639604510724,0.3958733536287718,0.4134740903814297,0.39124334151305123,0.4252762547937434,0.21672999661664127,0.2255303649929702,0.214414990558781,0.23143144719912706
R01,09,125,229,109,0.11827196925878525,0.13886316120624542,0.08770808577537537,0.1404564529657364,0,3.436717062634989,0.060982491009693524,0.38700568314726913,0.4041237844504547,0.37865688575066975,0.41141674075332596,0.22399408707848134,0.23255313773007413,0.21981968838018162,0.23619961588150973
R01,09,126,229,103,0.1250382661819458,0.1460111439228058,0.09444478899240494,0.1483171433210373,0,3.436717062634989,0.060982491009693524,0.41428296986525065,0.43150274639053104,0.4131676737139797,0.4435293164783939,0.23763273043747207,0.24624261870011227,0.2370750823618366,0.2522559037440437
R01,09,127,229,103,0.1223369687795639,0.14435075223445892,0.09326963126659393,0.14680950343608856,0,2.236717062634989,0.037586639604510724,0.40339310431662323,0.4251429379461783,0.4071475748922906,0.437370290008295,0.22048987196056696,0.2313647887753445,0.22236710724840064,0.2374784648064029
R01,09,128,229,103,0.12228742241859436,0.1434527188539505,0.09184018522500992,0.1449160873889923,0,1.545572354211663,0.024111707189718626,0.40319336577287523,0.42170319519345806,0.3998248077082776,0.42963528666339995,0.21365253648129692,0.22290745119158833,0.2119682574489981,0.22687349692655928
R01,09,129,229,103,0.11704164743423462,0.1375465840101242,0.08961940556764603,0.1407431811094284,0,2.4,0.04077009238750536,0.3820458296934863,0.3990808907595868,0.38844819612254256,0.4125880856111741,0.21140796104049583,0.21992549157354607,0.21460914425502395,0.22667908899933972
R01,09,130,229,109,0.11806725710630417,0.13879817724227905,0.08930911868810654,0.14039401710033417,0,2.4,0.04077009238750536,0.3861804175490705,0.4038748759756163,0.38685865827849514,0.4111616770928757,0.21347525496828793,0.2223224841815608,0.21381437533300024,0.22596588474019053
R01,09,131,229,109,0.12247669696807861,0.14275014400482178,0.0930648148059845,0.1445058286190033,0,1.545572354211663,0.024111707189718626,0.40395639704586395,0.4190121184495559,0.4060983409842835,0.42795929317902853,0.21403405211779128,0.22156191281963725,0.21510502408700105,0.22603550018437357
R01,09,132,229,109,0.11919273436069489,0.14068284630775452,0.08968732506036758,0.14402276277542114,0,1.0367170626349889,0.014190788199327928,0.3907176062227597,0.411093735430011,0.388796134147475,0.42598586746435646,0.20245419721104382,0.21264226181466947,0.20149346117340147,0.2200883278318422
R01,09,133,229,109,0.11598990112543106,0.13738106191158295,0.08562538772821426,0.13810980319976807,0,1.3455723542116629,0.020212398622188155,0.37780587600159116,0.3984468904526606,0.3679876387344907,0.4018301822064608,0.19900913731188966,0.20932964453742436,0.19410001867833943,0.21102129041432446
R01,09,134,229,109,0.11572383344173431,0.1353568434715271,0.08604056388139725,0.13662225008010864,0,2.0,0.032971475252444434,0.37673326500372867,0.3906935141748625,0.370114503423097,0.39575321440325617,0.20485237012808655,0.21183249471365345,0.2015429893377707,0.2143623448278503
R01,09,135,229,114,0.11880361288785934,0.14013630151748657,0.08629803359508514,0.13711993396282196,0,2.0,0.032971475252444434,0.3891489227754923,0.40900030157536205,0.3714334694528897,0.3977863578866399,0.21106019901396836,0.22098588841390324,0.20220247235266706,0.21537891656954217
R01,09,136,229,114,0.11564842611551285,0.13790088891983032,0.08484286814928055,0.13611812889575958,0,1.3455723542116629,0.020212398622188155,0.37642927195090553,0.4004379870233413,0.36397894688690363,0.3936937731868619,0.19832083528654684,0.21032519282276474,0.1920956727545459,0.20695308590452502
R01,09,137,229,114,0.12251883745193481,0.1440190076828003,0.09024567157030106,0.1412491351366043,0,1.0367170626349889,0.014190788199327928,0.4041262799335991,0.42387225475990725,0.3916564320400196,0.4146550143765506,0.20915853406646354,0.2190315214796176,0.20292361011967378,0.21442290128793928
R01,09,138,229,114,0.1329917013645172,0.15557849407196045,0.09863273054361343,0.15189611911773682,0,1.0367170626349889,0.014190788199327928,0.4463460221273062,0.4681486262125709,0.4346216636286816,0.45815018641409805,0.23026840516331706,0.24116970720594944,0.22440622591400478,0.236170487306713
R01,09,139,229,114,0.12584947049617767,0.14801858365535736,0.09137780964374542,0.14436990022659302,0,1.0367170626349889,0.014190788199327928,0.4175532154541526,0.43919185508230113,0.3974561497564038,0.427403997066707,0.21587200182674027,0.22669132164081454,0.20582346897786588,0.22079739263301748
R01,09,140,229,114,0.1205352246761322,0.14290261268615723,0.08869010955095291,0.14078086614608765,0,1.745572354211663,0.02801101575724909,0.3961296497180653,0.4195961201726806,0.3836875978366965,0.41274203692317374,0.21207033273765719,0.22380356796496484,0.20584930679697278,0.2203765263402114
R01,09,141,229,114,0.11961447447538376,0.14150622487068176,0.08590789139270782,0.13821247220039368,0,2.8,0.04856870952256629,0.39241778671431715,0.41424752737811293,0.36943484870502197,0.4022496066982274,0.22049324811844173,0.23140811845033962,0.20900177911379414,0.22540915811039686
R01,09,142,229,121,0.1216290295124054,0.14470292627811432,0.08757150173187256,0.13969694077968597,0,2.8,0.04856870952256629,0.40053915590311195,0.42649187234065933,0.3779571929168543,0.4083139735043644,0.22455393271283913,0.23753029093161282,0.2132629512197103,0.22844134151346535
R01,09,143,229,121,0.11968040466308594,0.14266842603683472,0.08654467761516571,0.13969866931438446,0,1.6544276457883371,0.026234009045048384,0.39268357413892263,0.4186991136167162,0.37269697761188086,0.4083210349326728,0.2094587915919855,0.22246656133088227,0.19946549332846464,0.21727752198886058
R01,09,144,229,121,0.12088530510663986,0.14254577457904816,0.08934128284454346,0.1412672996520996,0,1.2,0.01737424098232257,0.39754094520003347,0.4182293209874121,0.38702342884164054,0.4147292202481708,0.207457593091178,0.21780178098486735,0.20219883491198154,0.21605173061524668
R01,09,145,229,124,0.12059097737073898,0.14177004992961884,0.0898086428642273,0.1401398777961731,0,1.2,0.01737424098232257,0.3963544081425565,0.4152580581157911,0.38941762107814354,0.4101234645083939,0.20686432456243953,0.2163161495490568,0.20339593103023307,0.2137488527453582
R01,09,146,229,124,0.1220431849360466,0.14300034940242767,0.09012287110090256,0.14188793301582336,0,1.6544276457883371,0.026234009045048384,0.4022087598777468,0.4199704817150941,0.39102734970928943,0.4172646382571811,0.2142213844613976,0.22310224538007123,0.2086306793771689,0.22174932365111472
R01,09,147,229,124,0.12204354256391525,0.1448035091161728,0.0917111188173294,0.14466314017772675,0,2.8,0.04856870952256629,0.40221020159956633,0.4268771354007738,0.3991636262245233,0.4286019440294756,0.22538945556106632,0.23772292246167007,0.2238661678735448,0.23858532677602096
R01,09,148,229,131,0.13832370936870575,0.15988567471504211,0.09046710282564163,0.14089342951774597,0,2.8,0.04856870952256629,0.4678411933804304,0.4846464465868083,0.39279078023012404,0.4132018820045678,0.25820495145149835,0.26660757805468727,0.22067974487634517,0.23088529576356706
R01,09,149,229,131,0.1320086568593979,0.15425868332386017,0.08660034835338593,0.13856779038906097,0,1.745572354211663,0.02801101575724909,0.4423830292041179,0.4630933470277704,0.37298216770866616,0.40370115633627895,0.23519702248068347,0.24555218139250973,0.2004965917329576,0.215856086046764
R01,09,150,229,131,0.13113629817962646,0.15280230343341827,0.08575326204299927,0.13679833710193634,0,1.0367170626349889,0.014190788199327928,0.4388662491840756,0.45751496622134774,0.3686427133639242,0.39647256697498423,0.22652851869170176,0.23585287721033785,0.19141675078162607,0.2053316775871561
R01,09,151,229,131,0.13155555725097656,0.15354692935943604,0.08998002111911774,0.14018245041370392,0,1.0367170626349889,0.014190788199327928,0.44055642773051,0.46036711146238224,0.39029555772244984,0.4102973826176794,0.22737360796491898,0.2372789498308551,0.2022431729608889,0.21224408540850367
R01,09,152,229,131,0.1302851438522339,0.15100114047527313,0.0903247520327568,0.14027804136276245,0,1.0367170626349889,0.014190788199327928,0.4354349512535831,0.4506159607208614,0.39206154548853134,0.41068789177801074,0.22481286972645553,0.23240337446009468,0.20312616684392965,0.21243933998866935
R01,09,153,229,131,0.1336820125579834,0.15603910386562347,0.09582683444023132,0.14865945279598236,0,1.0367170626349889,0.014190788199327928,0.44912890566946295,0.46991290272385977,0.4202476171030585,0.44492772278098647,0.23165984693439545,0.24205184546159386,0.21721920265119324,0.2295592554901572
R01,09,154,229,131,0.13297608494758606,0.1553255319595337,0.09512604773044586,0.14705060422420502,0,1.0367170626349889,0.014190788199327928,0.4462830669411865,0.4671797038853851,0.4166576264548471,0.438355237508554,0.23023692757025724,0.24068524604235653,0.21542420732708753,0.22627301285394097
R01,09,155,229,131,0.12050235271453857,0.14307770133018494,0.08633042871952057,0.1375400722026825,0,1.0367170626349889,0.014190788199327928,0.39599713145415305,0.42026676327732443,0.37159942321905975,0.3995027110862568,0.2050939598267405,0.2172287757383262,0.19289510570919385,0.20684674964279237
R01,09,156,229,131,0.12294550240039825,0.1454516351222992,0.08686806261539459,0.13899655640125275,0,1.0367170626349889,0.014190788199327928,0.4058463141360464,0.429359656408134,0.374353614517779,0.4054527558030559,0.21001855116768717,0.22177522230373098,0.19427220135855347,0.20982177200119193
R01,09,157,229,131,0.11557091772556305,0.1373092234134674,0.08076121658086777,0.1310301423072815,0,2.345572354211663,0.03970894145984048,0.3761168087823926,0.39817172701372544,0.3430694593705877,0.37290827633791773,0.20791287512111656,0.21894033423678297,0.1913892004152141,0.20630860889887911
R01,09,158,229,131,0.11899258196353912,0.14117085933685303,0.0838109627366066,0.13651005923748016,0,4.0,0.0719645609277491,0.38991072257776016,0.41296297472167776,0.35869270111538737,0.39529489118141137,0.23093764175275464,0.24246376782471343,0.21532863102156824,0.23362972605458024
R01,09,159,229,141,0.1374647319316864,0.160983145236969,0.0889858826994896,0.14125654101371765,0,4.0,0.0719645609277491,0.46437835778513564,0.4888500946427245,0.3852027847293871,0.41468526894438923,0.2681714593564424,0.2804073277852368,0.22858367282856812,0.24332491493606917
R01,09,160,229,141,0.13888025283813477,0.1620425283908844,0.0914870873093605,0.1437837779521942,0,2.345572354211663,0.03970894145984048,0.47008481289033865,0.4929078564198774,0.39801595745843144,0.4250095641263371,0.2548968771750896,0.2663083989398589,0.21886244945913597,0.2323592527930888
R01,09,161,229,141,0.17472240328788757,0.19979971647262573,0.11652063578367233,0.18375027179718018,0,1.0367170626349889,0.014190788199327928,0.6145769369442537,0.637529444977907,0.5262578371336876,0.5882811092517708,0.31438386257179085,0.32586011658861747,0.27022431266650776,0.3012359487255494
R01,09,162,229,141,0.14261887967586517,0.16588161885738373,0.09994266927242279,0.15503624081611633,0,1.0367170626349889,0.014190788199327928,0.48515651272001126,0.5076127481263552,0.4413322186670258,0.47097824492643225,0.2496736504596696,0.26090176816284155,0.2277615034331769,0.2425845165628801
R01,09,163,229,141,0.13943710923194885,0.16263552010059357,0.09861341863870621,0.15304423868656158,0,1.0367170626349889,0.014190788199327928,0.47232969390683904,0.49517919619428585,0.43452273258868324,0.46284049667043003,0.2432602410530835,0.2546849921968069,0.2243567603940056,0.238515642434879
R01,09,164,229,141,0.13511565327644348,0.15844938158988953,0.09074234962463379,0.1451539248228073,0,1.0367170626349889,0.014190788199327928,0.4549084080135224,0.47914500424039075,0.3942008147249769,0.4306069026740077,0.23454959810642517,0.24666789621985935,0.20419580146215244,0.22239884543666782
R01,09,165,229,141,0.12981005012989044,0.15331046283245087,0.08731121569871902,0.14252255856990814,0,1.0367170626349889,0.014190788199327928,0.4335196838880738,0.45946137227705525,0.37662379944372854,0.4198572173108602,0.2238552360437009,0.2368260802381916,0.19540729382152824,0.21702400275509406
R01,09,166,229,141,0.12489081919193268,0.14785213768482208,0.0838075578212738,0.13885676860809326,0,1.0367170626349889,0.014190788199327928,0.41368855997340503,0.4385543160628227,0.35867525841273334,0.4048816932258044,0.2139396740863665,0.22637255213107532,0.18643302330603065,0.20953624071256619
R01,09,167,229,141,0.12159430235624313,0.14468416571617126,0.08264089375734329,0.13679726421833038,0,1.0367170626349889,0.014190788199327928,0.4003991587072609,0.42642001364544685,0.3526986709280805,0.3964681840194825,0.20729497345329442,0.2203054009223874,0.18344472956370422,0.2053294861094052
R01,09,168,229,141,0.12245837599039078,0.14583562314510345,0.08614207059144974,0.1414182186126709,0,1.0367170626349889,0.014190788199327928,0.403882538838484,0.43083044808162896,0.3706345020685204,0.41534575598875323,0.20903666351890599,0.22251061814047846,0.19241264513392417,0.2147682720940406
R01,09,169,229,141,0.12708789110183716,0.14980757236480713,0.08995508402585983,0.1449471414089203,0,1.0367170626349889,0.014190788199327928,0.4225457178999736,0.44604422948351136,0.3901678099636248,0.4297621488754234,0.21836825304965077,0.23011750884141965,0.2021792990814764,0.22197646853737568
R01,09,170,229,141,0.1241651251912117,0.14678800106048584,0.08985764533281326,0.14210893213748932,0,1.0367170626349889,0.014190788199327928,0.4107630360787281,0.43447834703882887,0.38966865095857145,0.4181674662161638,0.21247691213902803,0.2243345676190784,0.2019297195789497,0.21617912720774587
R01,09,171,229,141,0.12645773589611053,0.14817136526107788,0.08979139477014542,0.1433515101671219,0,1.0367170626349889,0.014190788199327928,0.42000534398221107,0.4397770554016128,0.38932926252968825,0.42324365917979745,0.2170980660907695,0.2269839218004704,0.2017600253645081,0.2187172236895627
R01,09,172,229,141,0.12452587485313416,0.1474059522151947,0.08842139691114426,0.1435169130563736,0,1.0367170626349889,0.014190788199327928,0.4122173429283124,0.4368452891281547,0.3823110365370899,0.4239193648196537,0.21320406556382018,0.22551803866374132,0.19825091236820894,0.21905507650949083
R01,09,173,229,141,0.12088306993246078,0.14307209849357605,0.08602038770914078,0.13921856880187988,0,1.0367170626349889,0.014190788199327928,0.3975319344386614,0.42024530269797583,0.370011144913716,0.4063597232200125,0.20586136131899468,0.2172180454486519,0.19210096655652198,0.21027525570967023
R01,09,174,229,141,0.12325181812047958,0.14598992466926575,0.08739970624446869,0.1418512761592865,0,2.145572354211663,0.035809632892310025,0.40708117891034906,0.4314214701538491,0.37707711887353573,0.41711488727753726,0.22144540590132955,0.23361555152307956,0.20644337588292289,0.22646226008492365
R01,09,175,229,141,0.12030619382858276,0.14300304651260376,0.08563756197690964,0.13942913711071014,0,3.6,0.06416594379268817,0.39520634703613833,0.4199808124727061,0.36805000498424273,0.4072199391116169,0.22968614541441323,0.24207337813269714,0.21610797438846546,0.23569294145215253
R01,09,176,229,150,0.1286911517381668,0.15128950774669647,0.09036917984485626,0.14569756388664246,0,3.6,0.06416594379268817,0.4290090168886898,0.45172049564520755,0.3922891403155028,0.4328277827513839,0.246587480340689,0.25794321971894785,0.2282275420540955,0.24849686327203602
R01,09,177,229,150,0.13007475435733795,0.1521717756986618,0.09116935729980469,0.14607331156730652,0,2.145572354211663,0.035809632892310025,0.4345867983214994,0.4550998519805054,0.396388289942718,0.434362791167115,0.2351982156069047,0.24545474243640772,0.21609896141751403,0.23508621202971253
R01,09,178,229,150,0.13190631568431854,0.15444685518741608,0.09331023693084717,0.14976471662521362,0,1.745572354211663,0.02801101575724909,0.4419704564767611,0.46381410286823355,0.40735558961759577,0.44944295831477554,0.23499073611700508,0.2459125593127413,0.21768330268742242,0.2387269870360123
R01,09,179,229,150,0.12779401242733002,0.1506526917219162,0.09225451201200485,0.14822642505168915,0,2.8,0.04856870952256629,0.4253923375609022,0.4492812953286069,0.4019473212631803,0.4431587132409664,0.23698052354173427,0.2489250024255866,0.2252580153928733,0.24586371138176635
R01,09,180,229,157,0.12691736221313477,0.14886881411075592,0.09113333374261856,0.1453414261341095,0,2.8,0.04856870952256629,0.4218582568790255,0.4424484979984514,0.39620374843870876,0.431372885022324,0.2352134832007959,0.24550860376050884,0.22238622898063753,0.23997079727244516
R01,09,181,229,157,0.1227644830942154,0.14534881711006165,0.08662190288305283,0.14123381674289703,0,1.745572354211663,0.02801101575724909,0.40511656260839196,0.4289658319466836,0.3730925872683557,0.41459243551188646,0.21656378918282052,0.22848842385196633,0.20055180151280239,0.22130172563456776
R01,09,182,229,157,0.12008427083492279,0.1420881748199463,0.08472761511802673,0.14012020826339722,0,1.0367170626349889,0.014190788199327928,0.3943116985753746,0.4164765738299222,0.3633885285775925,0.4100431103241947,0.2042512433873513,0.21533368101462508,0.18878965838846024,0.21211694926176133
R01,09,183,229,157,0.12322267889976501,0.1461544781923294,0.08858553320169449,0.14573517441749573,0,1.0367170626349889,0.014190788199327928,0.40696370861792824,0.43205176052019645,0.38315187404139683,0.43298142969147374,0.2105772484086281,0.2231212743597622,0.1986713311203624,0.22358610894540085
R01,09,184,229,157,0.13060463964939117,0.15309001505374908,0.09566734731197357,0.1522013545036316,0,1.0367170626349889,0.014190788199327928,0.4367229494841099,0.458616989801302,0.4194305963306031,0.4593971372543517,0.22545686884171892,0.23640388900031498,0.21681069226496552,0.23679396272683984
R01,09,185,229,157,0.1325821429491043,0.1550806611776352,0.09655126184225082,0.15329872071743011,0,1.0367170626349889,0.014190788199327928,0.44469495028522665,0.46624177383103516,0.42395871430602095,0.4638801093656972,0.2294428692422773,0.24021628101518155,0.21907475125267445,0.23903544878251257
R01,09,186,229,157,0.1332644671201706,0.155663400888443,0.09592276811599731,0.15342451632022858,0,1.0367170626349889,0.014190788199327928,0.44744563537341375,0.4684738453113165,0.4207390662045317,0.46439401089827975,0.23081821178637085,0.2413323167553222,0.21746492720192984,0.23929239954880385
R01,09,187,229,157,0.12965668737888336,0.1521299183368683,0.09164872020483017,0.14838628470897675,0,1.0367170626349889,0.014190788199327928,0.4329014255144634,0.45493952547148886,0.39884397056866444,0.44381177361073015,0.2235461068568957,0.2345651568354084,0.2065173793839962,0.22900128090502905
R01,09,188,229,157,0.12550020217895508,0.14719901978969574,0.08939237147569656,0.14618141949176788,0,1.0367170626349889,0.014190788199327928,0.4161451938821496,0.4360526745924791,0.38728514571712996,0.43480443480830033,0.21516799104073878,0.22512173139590352,0.20073796695822896,0.22449761150381414
R01,09,189,229,157,0.12810680270195007,0.14955374598503113,0.09115085005760193,0.14815078675746918,0,1.0367170626349889,0.014190788199327928,0.42665330350731273,0.445071996747809,0.3962934810293863,0.4428497148780916,0.22042204585332034,0.22963139247356848,0.2052421346143571,0.22852025153870978
R01,09,190,229,157,0.12819118797779083,0.15009550750255585,0.091628298163414,0.14841920137405396,0,1.0367170626349889,0.014190788199327928,0.4269934897849804,0.4471471092035992,0.3987393525205798,0.4439462451204998,0.22059213899215419,0.23066894870146357,0.20646507035995387,0.22906851665991387
R01,09,191,229,157,0.1309739053249359,0.152953639626503,0.09611350297927856,0.15295574069023132,0,1.0367170626349889,0.014190788199327928,0.43821158733452187,0.4580946301677956,0.4217161628958734,0.46247896371591596,0.2262011877669249,0.23614270918356178,0.21795347554760067,0.23833487595762196
R01,09,192,229,157,0.13018947839736938,0.15249113738536835,0.09559646248817444,0.15269406139850616,0,1.0367170626349889,0.014190788199327928,0.4350492906668576,0.4563231050033757,0.4190674675055474,0.46140994869415775,0.22462003943309278,0.23525694660135182,0.21662912785243768,0.23780036844674285
R01,09,193,229,157,0.1330714076757431,0.1553003489971161,0.09746149927377701,0.1549539715051651,0,1.545572354211663,0.024111707189718626,0.44666734587783496,0.4670832454303342,0.4286216792584119,0.47064215746358123,0.2353895265337768,0.2455974763100264,0.22636669322406525,0.24737693232664992
R01,09,194,229,157,0.13410308957099915,0.1559033989906311,0.09592125564813614,0.15421834588050842,0,2.4,0.04077009238750536,0.45082641296848,0.46939311151075414,0.4207313181331121,0.467636971848916,0.24579825267799266,0.25508160194912977,0.23075070526030872,0.2542035321182107
R01,09,195,229,163,0.13548609614372253,0.15700899064540863,0.09529580175876617,0.15207961201667786,0,2.4,0.04077009238750536,0.45640179153159033,0.47362786599152407,0.41752724251014117,0.4588997935536647,0.24858594195954783,0.25719897918951473,0.22914866744882326,0.24983494297058503
R01,09,196,229,163,0.13401083648204803,0.1553877294063568,0.09086441993713379,0.14840903878211975,0,1.545572354211663,0.024111707189718626,0.45045450881078253,0.46741793914655816,0.39482615660743553,0.4439047287919969,0.23728310800025057,0.24576482316813839,0.20946893189857707,0.23400821799085775
R01,09,197,229,163,0.1323590874671936,0.15382535755634308,0.09174921363592148,0.1475365310907364,0,1.0367170626349889,0.014190788199327928,0.4437957363720344,0.46143357668878815,0.39935877838791506,0.44034035110456415,0.22899326228568118,0.23781218244405805,0.2067747832936215,0.22726556965194605
R01,09,198,229,163,0.1311703622341156,0.1521555632352829,0.08987310528755188,0.14526282250881195,0,1.0367170626349889,0.014190788199327928,0.43900357318738625,0.4550377532828158,0.38974784922554545,0.4310517726574374,0.2265971806933571,0.23461427074107188,0.2019693187124367,0.22262128042838267
R01,09,199,229,163,0.13434922695159912,0.15589655935764313,0.09227529913187027,0.15018874406814575,0,1.0367170626349889,0.014190788199327928,0.4518186780107747,0.46936691362266636,0.4020538095354007,0.4511751997280863,0.23300473310505132,0.24177885091099716,0.20812229886736433,0.23268299396370712
R01,09,200,229,163,0.13515380024909973,0.15608619153499603,0.09381475299596786,0.15063710510730743,0,1.0367170626349889,0.014190788199327928,0.45506219167427275,0.47009326291200226,0.4099401248697129,0.45300684900715255,0.23462648993680035,0.2421420255556651,0.2120654565345204,0.23359881860324025
R01,09,201,229,163,0.1307315230369568,0.1524396538734436,0.091701440513134,0.14852377772331238,0,1.0367170626349889,0.014190788199327928,0.4372344603713323,0.45612590739260594,0.3991140462010056,0.44437346153315843,0.22571262428533012,0.23515834779596695,0.20665241720016678,0.2292821248662432
R01,09,202,229,163,0.13459600508213043,0.15632066130638123,0.0942186638712883,0.15134546160697937,0,1.0367170626349889,0.014190788199327928,0.4528135261379961,0.4709913539121359,0.4120092797849868,0.45590063450281443,0.23350215716866202,0.24259107105573194,0.21310003399215738,0.2350457113510712
R01,09,203,229,163,0.1315499097108841,0.15292513370513916,0.08959272503852844,0.14739787578582764,0,1.0367170626349889,0.014190788199327928,0.44053366054010984,0.45798544376275874,0.38831151708927325,0.4397739149803423,0.2273622243697189,0.23608811598104334,0.2012511526443006,0.22698235158983512
R01,09,204,229,163,0.13435114920139313,0.15619532763957977,0.09166517108678818,0.15027743577957153,0,1.945572354211663,0.031910324324779554,0.4518264272655547,0.47051128760122873,0.39892824515829267,0.451537524049566,0.24186837579516712,0.25121080596300416,0.2154192847415361,0.24172392418717276
R01,09,205,229,163,0.13694514334201813,0.158041313290596,0.09606846421957016,0.15358829498291016,0,3.2,0.05636732665762723,0.46228371619657926,0.4775819777365039,0.42148543830606244,0.4650630812305014,0.25932552142710324,0.26697465219706557,0.23892638248184483,0.26071520394406433
R01,09,206,229,171,0.1374264657497406,0.15939100086688995,0.0946992039680481,0.1521996557712555,0,3.2,0.05636732665762723,0.4642240935504454,0.4827516943191606,0.4144709909295752,0.45939019757480726,0.26029571010403635,0.26955951048839394,0.2354191587936012,0.25787876211621724
R01,09,207,229,171,0.12937204539775848,0.14967374503612518,0.09223561733961105,0.14678111672401428,0,1.945572354211663,0.031910324324779554,0.4317539350895988,0.44553162984752787,0.40185052762219425,0.43725432431064404,0.2318321297071892,0.2387209770861537,0.2168804259734869,0.2345823243177118
R01,09,208,229,171,0.132576584815979,0.15224547684192657,0.0939316675066948,0.14888766407966614,0,1.0367170626349889,0.014190788199327928,0.44467254352528135,0.45538214992055376,0.4105390546072337,0.44586001394084224,0.22943166586230465,0.23478646905994086,0.21236492140328084,0.2300254010700851
R01,09,209,229,171,0.1359347105026245,0.15672434866428375,0.0942702367901802,0.14913274347782135,0,1.0367170626349889,0.014190788199327928,0.45821031141071156,0.47253760006940443,0.4122734775700441,0.4468612149010869,0.23620054980501975,0.2433641941343662,0.21323213288468604,0.23052600155020742
R01,09,210,229,171,0.13276295363903046,0.1537242978811264,0.09316030144691467,0.14855465292930603,0,1.0367170626349889,0.014190788199327928,0.44542386080848634,0.46104648719638863,0.4065875000153864,0.4444995932525983,0.22980732450390715,0.2376186376978583,0.21038914410735718,0.22934519072596313
R01,09,211,229,171,0.13050785660743713,0.15005269646644592,0.09370376169681549,0.14931288361549377,0,1.0367170626349889,0.014190788199327928,0.4363327835166983,0.44698312983001265,0.40937153856459896,0.4475971253047105,0.22526178585801312,0.2305869590146703,0.21178116338196346,0.23089395675201924
R01,09,212,229,171,0.12744851410388947,0.14784154295921326,0.09053783863782883,0.14657990634441376,0,1.145572354211663,0.01631309005465769,0.4239995141397468,0.4385137350204906,0.39315314569838955,0.4364323375309162,0.22015630209720224,0.22741341253757416,0.20473311787652362,0.22637271379278695
R01,09,213,229,171,0.12933337688446045,0.14921702444553375,0.09356051683425903,0.14862921833992004,0,1.6,0.025172858117383505,0.43159804891786163,0.4437822501745634,0.4086377236822656,0.44480420865997133,0.22838545351762257,0.23447755414597346,0.21690529089982455,0.23498853338867742
R01,09,214,229,175,0.12772579491138458,0.1476055085659027,0.09111253917217255,0.14653082191944122,0,1.6,0.025172858117383505,0.425117329123826,0.4376096510394219,0.3960972219986488,0.4362318173167102,0.22514509362060475,0.2313912545784027,0.21063504005801614,0.23070233771704685
R01,09,215,229,175,0.1301475316286087,0.1497913897037506,0.09148883074522018,0.14558006823062897,0,1.145572354211663,0.01631309005465769,0.4348801887117747,0.4459822449378396,0.3980248887328757,0.43234778824955805,0.2255966393832162,0.23114766749624865,0.2071689893937667,0.22433043915210787
R01,09,216,229,175,0.13220475614070892,0.15299907326698303,0.09243271499872208,0.14785298705101013,0,1.0367170626349889,0.014190788199327928,0.4431735733351627,0.4582686549189496,0.4028602196484736,0.44163314035444046,0.22868218076724534,0.23622972155913877,0.2085255039239008,0.2279119642768842
R01,09,217,229,175,0.12723879516124725,0.14745303988456726,0.09112492203712463,0.14537540078163147,0,1.3455723542116629,0.020212398622188155,0.42315406443607473,0.43702564931629717,0.396160656947907,0.4315116786132134,0.22168323152913144,0.22861902396924266,0.20818652778504756,0.22586203861770077
R01,09,218,229,175,0.13297170400619507,0.1537173092365265,0.09654710441827774,0.15145592391490936,0,2.0,0.032971475252444434,0.44626540584889723,0.4610197185482118,0.42393741665157686,0.45635189629635087,0.23961844055067083,0.2469955969003281,0.22845444595201064,0.24466168577439765
R01,09,219,229,180,0.13284829258918762,0.15363089740276337,0.09323612600564957,0.1486661285161972,0,2.0,0.032971475252444434,0.44576789167767283,0.4606887347725667,0.40697593411803423,0.44495499450410864,0.23936968346505863,0.24683010501250557,0.21997370468523933,0.23896323487827653
R01,10,10,231,0,0.09322172403335571,0.11042842268943787,0.0708376094698906,0.11735878884792328,0,1.0367170626349889,0.014190788199327928,0.2860194673294422,0.29521003150809727,0.2922327979050207,0.31705791798717153,0.1501051277643851,0.1547004098537126,0.15321179305217433,0.16562435309324974
R01,10,11,231,0,0.09132257103919983,0.10824467241764069,0.06884188205003738,0.11483430117368698,0,1.0367170626349889,0.014190788199327928,0.2783633237502885,0.2868455994789531,0.28200908407938974,0.3067448541286969,0.14627705597480822,0.15051819383914053,0.14809993613935885,0.16046782116401243
R01,10,12,231,0,0.08817583322525024,0.10497010499238968,0.06536903977394104,0.1114802286028862,0,1.0367170626349889,0.014190788199327928,0.26567773360368824,0.27430300383186923,0.26421840523258944,0.29304276124005135,0.1399342609015081,0.1442468960155986,0.1392045967159587,0.15361677471968965
R01,10,13,231,0,0.08878825604915619,0.10554737597703934,0.06719239056110382,0.11272168159484863,0,1.0367170626349889,0.014190788199327928,0.2681466221478988,0.27651412841688205,0.2735590679234204,0.2981143581878464,0.14116870517361338,0.145352458308105,0.14387492806137417,0.15615257319358716
R01,10,14,231,0,0.08998987823724747,0.10721772909164429,0.06840374320745468,0.11408583074808121,0,1.0367170626349889,0.014190788199327928,0.2729907774256639,0.2829120921731883,0.2797645861094274,0.30368719479677436,0.14359078281249593,0.14855144018625813,0.14697768715437767,0.15893899149805116
R01,10,15,231,0,0.09133303910493851,0.10854742676019669,0.06843744218349457,0.11437052488327026,0,1.0367170626349889,0.014190788199327928,0.27840552414938113,0.28800524128989785,0.2799372192475109,0.3048502303014837,0.14629815617435454,0.1510980147446129,0.14706400372341943,0.15952050925040584
R01,10,16,231,0,0.08633400499820709,0.104189932346344,0.06545261293649673,0.1099805012345314,0,1.0367170626349889,0.014190788199327928,0.2582526860178574,0.2713147037715898,0.264646533888323,0.2869160590667781,0.13622173710859267,0.14275274598545887,0.13941866104382547,0.15055342363305302
R01,10,17,231,0,0.08962852507829666,0.10762366652488708,0.06856081634759903,0.11426953971385956,0,1.0367170626349889,0.014190788199327928,0.27153403767050915,0.2844669568078016,0.28056924050188303,0.3044376846148796,0.14286241293491855,0.14932887250356477,0.1473800143506055,0.15931423640710377
R01,10,18,231,0,0.08773858100175858,0.1049995869398117,0.06592164188623428,0.11085118353366852,0,1.745572354211663,0.02801101575724909,0.2639150184282084,0.2744159287154894,0.2670492757208753,0.29047297964241964,0.14596301709272874,0.15121347223636925,0.14753014573906217,0.15924199769983435
R01,10,19,231,0,0.09481923282146454,0.11248089373111725,0.06889109313488007,0.11473304033279419,0,2.8,0.04856870952256629,0.29245957862556093,0.30307162389878084,0.2822611826593238,0.30633118226602635,0.17051414407406362,0.17582016671067358,0.16541494609094506,0.17744994589429633
R01,10,20,231,7,0.09298037737607956,0.11083757132291794,0.0678972378373146,0.11443769186735153,0,2.8,0.04856870952256629,0.28504651535235503,0.2967771960226298,0.2771698600441623,0.30512462157820913,0.16680761243746067,0.17267295277259806,0.1628692847833643,0.17684666555038772
R01,10,21,231,7,0.08895450085401535,0.10747858136892319,0.06604526191949844,0.11145436763763428,0,1.745572354211663,0.02801101575724909,0.2688168125428837,0.28391123624708975,0.26768255651395106,0.2929371137501441,0.14841391415006638,0.1559611260021694,0.14784678613560007,0.16047406475369658
R01,10,22,231,7,0.09234105050563812,0.11009258776903152,0.06708626449108124,0.11310944706201553,0,1.0367170626349889,0.014190788199327928,0.2824691672770957,0.2939236809573816,0.27301540521750356,0.2996984617926355,0.14832997773821183,0.15405723457835477,0.14360309670841576,0.15694462499598172
R01,10,23,231,7,0.09109202772378922,0.10980453342199326,0.06593741476535797,0.11230234801769257,0,1.0367170626349889,0.014190788199327928,0.2774339237864997,0.29282034462922246,0.2671300770371085,0.2964012922048558,0.14581235599291384,0.1535055664142752,0.14066043261821823,0.15529604020209187
R01,10,24,231,7,0.0930556133389473,0.11263279616832733,0.06501615792512894,0.11162790656089783,0,1.0367170626349889,0.014190788199327928,0.2853498175801396,0.30365345673356714,0.2624106618500889,0.29364605680255546,0.14977030288973378,0.15892212246644755,0.13830072502470842,0.1539184225009417
R01,10,25,231,7,0.09083379060029984,0.1092652827501297,0.06402353942394257,0.10880949348211288,0,1.0367170626349889,0.014190788199327928,0.27639288048931077,0.29075484948093294,0.2573256750962853,0.28213224575974166,0.14529183434431936,0.15247281884013045,0.13575823164780662,0.1481615169795348
R01,10,26,231,7,0.08577533066272736,0.10428818315267563,0.061303917318582535,0.10462819039821625,0,1.0367170626349889,0.014190788199327928,0.25600047624877437,0.27169103443631054,0.24339359306821653,0.2650507419932762,0.13509563222405116,0.14294091131781925,0.12879219063377223,0.13962076509630209
R01,10,27,231,7,0.09054097533226013,0.11020169407129288,0.06487566232681274,0.1116386204957962,0,1.0367170626349889,0.014190788199327928,0.27521244071369555,0.2943415914945902,0.2616909309005331,0.29368982548319117,0.14470161445651175,0.15426618984695908,0.13794085954993052,0.15394030684125956
R01,10,28,231,7,0.09372865408658981,0.11243563890457153,0.06594836711883545,0.1107710599899292,0,2.945572354211663,0.05140686716243188,0.2880630779727613,0.30289828405973374,0.26718618376118164,0.29014565809057213,0.1697349725675966,0.1771525756110828,0.15929652546180675,0.170776262626502
R01,10,29,231,7,0.09107087552547455,0.10925355553627014,0.0630645900964737,0.10693901032209396,0,5.2,0.0953604123329319,0.27734865194804853,0.290709930661924,0.2524131688092072,0.2744909280886969,0.18635453214049022,0.19303517149742797,0.17388679057106957,0.1849256702108144
R01,10,30,231,20,0.09211059659719467,0.11069510877132416,0.06509312242269516,0.11048568785190582,0,5.2,0.0953604123329319,0.2815401277437618,0.29623152083948534,0.26280493563218105,0.2889798528014832,0.18845027003834686,0.19579596658620863,0.17908267398255648,0.19217013256720755
R01,10,31,231,20,0.08841413259506226,0.10680575668811798,0.06397652626037598,0.1079697534441948,0,2.945572354211663,0.05140686716243188,0.26663840090943813,0.28133411175496814,0.2570848360290054,0.27870173083825883,0.159022634035935,0.1663704894587,0.15424585159571863,0.16505429900034535
R01,10,32,231,20,0.08892310410737991,0.10795506089925766,0.06408455967903137,0.11028667539358139,0,1.0367170626349889,0.014190788199327928,0.26869024138147707,0.2857362987078634,0.2576382697018356,0.2881668449930958,0.1414405147904025,0.14996354345359567,0.1359145289505818,0.15117881659621188
R01,10,33,231,20,0.08697270601987839,0.10552545636892319,0.06236603111028671,0.10814391076564789,0,1.0367170626349889,0.014190788199327928,0.2608275110799325,0.2764301696077815,0.248834590345008,0.27941320017752186,0.13750914963963023,0.14531047890355472,0.13151268927216797,0.1468019941884249
R01,10,34,231,20,0.08759943395853043,0.10681178420782089,0.06441033631563187,0.11055988818407059,0,1.0367170626349889,0.014190788199327928,0.2633540684969245,0.28135719900057055,0.25930715848421504,0.289282976786498,0.13877242834812623,0.14777399359994925,0.1367489733417715,0.15173688249291298
R01,10,35,231,20,0.08611573278903961,0.10468718409538269,0.0634094849228859,0.10721058398485184,0,1.0367170626349889,0.014190788199327928,0.25737275513400143,0.2732193301887782,0.25417999626775784,0.2756003637000825,0.1357817716666647,0.14370505919405308,0.1341853922335429,0.14489557594970523
R01,10,36,231,20,0.08973782509565353,0.1061893031001091,0.06397063285112381,0.10735787451267242,0,1.145572354211663,0.01631309005465769,0.2719746639016044,0.2789729058045374,0.2570546452679565,0.2762020765286554,0.14414387697813105,0.14764299792959754,0.1366838676613071,0.14625758329165656
R01,10,37,231,20,0.08856886625289917,0.1068563237786293,0.06402377039194107,0.10696350038051605,0,1.6,0.025172858117383505,0.26726218588335676,0.28152779919119014,0.25732685829930996,0.274590975135463,0.14621752200037014,0.15335032865428683,0.14124985820834673,0.14988191662642325
R01,10,38,231,24,0.08690778911113739,0.10467484593391418,0.06175880879163742,0.10506988316774368,0,1.508855291576674,0.023395851405182796,0.2605658085338158,0.27317207125340415,0.24572391142530706,0.2668551499864113,0.1419808299694993,0.14828396132929347,0.13455988141524491,0.14512550069579705
R01,10,39,231,24,0.08719342201948166,0.10431161522865295,0.06236410140991211,0.1051943302154541,0,1.308855291576674,0.01949654283765233,0.2617172937295553,0.271780786460315,0.24882470487457603,0.2673635423874257,0.14060691828360383,0.14563866464898367,0.1341606238561142,0.14343004261253903
R01,10,40,231,27,0.0942058116197586,0.11154249310493469,0.06841769814491272,0.11400432139635086,0,1.2,0.01737424098232257,0.28998666527460415,0.29947726223793464,0.2798360744728213,0.30335421192740375,0.15368045312846335,0.15842575161012862,0.14860515772757193,0.16036422645486315
R01,10,41,231,27,0.09040121734142303,0.1079074963927269,0.06625639647245407,0.10956808924674988,0,0.8544276457883371,0.01063677477492652,0.2746490278409699,0.28555411208743586,0.2687641567498589,0.28523126923421216,0.1426429013079482,0.1480954434311812,0.1397004657623927,0.14793402200456934
R01,10,42,231,27,0.0996495932340622,0.11730057746171951,0.06990905106067657,0.1162925511598587,0,1.2,0.01737424098232257,0.3119324346680754,0.32153248798532175,0.2874759782352857,0.3127021124597594,0.16465333782519898,0.16945336448382214,0.15242510960880412,0.16503817672104099
R01,10,43,231,30,0.0945025384426117,0.11371617019176483,0.07005757838487625,0.11378621309995651,0,1.108855291576674,0.015597234270121866,0.29118287388262054,0.3078031108850584,0.2882368541158285,0.30246319359852303,0.1533900540763712,0.16170017257759015,0.1519170441929752,0.15903021393432246
R01,10,44,231,30,0.08889580518007278,0.10766877233982086,0.06490394473075867,0.10822044312953949,0,1.108855291576674,0.015597234270121866,0.2685801899492526,0.2846397258867596,0.26183581601929606,0.2797258510033148,0.14208871210968724,0.15011848007844075,0.13871652514470897,0.14766154263671835
R01,10,45,231,33,0.0833759531378746,0.10129915922880173,0.05935116857290268,0.10125388950109482,0,1.2,0.01737424098232257,0.24632775431041784,0.2602421578098851,0.23339005042477323,0.2512660121311077,0.1318509976463702,0.13880819939610384,0.1253821457035479,0.13432012655671516
R01,10,46,231,33,0.09409035742282867,0.114821657538414,0.0683867409825325,0.11541670560836792,0,0.945572354211663,0.012413781487127224,0.2895212294138644,0.31203746583376596,0.27967748709967577,0.30912409891076553,0.1509675054504958,0.1622256236604466,0.1460456342934015,0.1607689401989464
R01,10,47,231,33,0.10280552506446838,0.12388572096824646,0.07182904332876205,0.12163938581943512,0,1.0367170626349889,0.014190788199327928,0.3246550890797862,0.3467556034550106,0.29731171597234296,0.3345450581978876,0.16942293863955707,0.18047319582716928,0.15575125208583546,0.17436792319860778
R01,10,48,231,33,0.09948883950710297,0.12083171308040619,0.0672672837972641,0.1170521005988121,0,1.0367170626349889,0.014190788199327928,0.3112843807101946,0.3350578183537467,0.27394273104613,0.31580503189467585,0.16273758445476127,0.17462430327653733,0.14406675962272897,0.1649979100470019
R01,10,49,231,33,0.10110840946435928,0.1216268539428711,0.0729353278875351,0.12033902108669281,0,1.945572354211663,0.031910324324779554,0.31781342822105585,0.33810345126497204,0.30297899128564293,0.329232794380978,0.17486187627291772,0.18500688779487579,0.16744465780521123,0.18057155935287877
R01,10,50,231,33,0.0996875986456871,0.12036335468292236,0.06772852689027786,0.11619869619607925,0,3.2,0.05636732665762723,0.3120856476472722,0.33326386231782673,0.276305587486399,0.31231869516492744,0.1842264871524497,0.19481559448772698,0.1663364570720131,0.18434301091127733
R01,10,51,231,41,0.10325092822313309,0.12245656549930573,0.06964557617902756,0.11711522191762924,0,3.0,0.05246801809009676,0.32645066349840285,0.34128150051685896,0.28612624892685157,0.3160628957766967,0.1894593407942498,0.19687475930347786,0.16929713350847417,0.18426545693339674
R01,10,52,231,41,0.09550105035305023,0.11419626325368881,0.06642398238182068,0.11247128993272781,0,1.6,0.025172858117383505,0.2952082212745037,0.3096420142779917,0.2696226659638568,0.2970914555104297,0.1601905396959436,0.1674074361976876,0.14739776204062016,0.1611321568139066
R01,10,53,231,42,0.09052030742168427,0.10884540528059006,0.061827801167964935,0.10763192176818848,0,0.691144708423326,0.0074533219919318775,0.27512912120687494,0.28914659023998823,0.2460773456191283,0.27732161728744786,0.1412912215994034,0.14829995611596006,0.1267653338055301,0.14238746963968987
R01,10,54,231,42,0.09183458983898163,0.10992250591516495,0.06334752589464188,0.1091461181640625,0,0.8367170626349889,0.010291479631797463,0.2804274488936647,0.29327221539173015,0.25386259251442983,0.2835074284856131,0.14535946426273108,0.1517818475117638,0.13207703607311364,0.14689945405870528
R01,10,55,231,42,0.08809901028871536,0.1055615246295929,0.0629136860370636,0.1071062684059143,0,1.0367170626349889,0.014190788199327928,0.2653680337353294,0.2765683220873381,0.25164011738786213,0.2751742125891083,0.13977941096732868,0.14537955514333303,0.13291545279359504,0.14468250039421812
R01,10,56,231,42,0.09310799092054367,0.1107524037361145,0.06685526669025421,0.11244579404592514,0,1.0367170626349889,0.014190788199327928,0.2855609697549589,0.2964509780937284,0.27183204952147405,0.2969872994428807,0.14987587897714344,0.15532088314652817,0.143011418860401,0.15558904382110433
R01,10,57,231,42,0.09315908700227737,0.11127042025327682,0.067009337246418,0.11336112767457962,0,1.0367170626349889,0.014190788199327928,0.28576695575992495,0.2984351399293271,0.27262132227460895,0.30072663010409245,0.14997887197962645,0.15631296406432751,0.14340605523696845,0.1574587091517102
R01,10,58,231,42,0.09699010103940964,0.11495378613471985,0.06993694603443146,0.11546441167593002,0,1.0367170626349889,0.014190788199327928,0.3012111003929773,0.3125435588047342,0.2876188786263944,0.30931898824463944,0.15770094429615264,0.1633671735020311,0.15090483341286118,0.1617548882219837
R01,10,59,231,42,0.09246036410331726,0.11035890132188797,0.06611113250255585,0.1123395711183548,0,1.0367170626349889,0.014190788199327928,0.28295016171913795,0.294943743388547,0.2680199983830195,0.29655335641101443,0.14857047495923295,0.15456726579393748,0.14110539329117372,0.1553720723051712
R01,10,60,231,42,0.0857265517115593,0.10375114530324936,0.061367541551589966,0.10618258267641068,0,1.945572354211663,0.031910324324779554,0.2558038313997641,0.26963401507534357,0.24371952733367402,0.2714007618368029,0.1438570778622718,0.15077216970006158,0.13781492582922678,0.1516555430807912
R01,10,61,231,42,0.08886625617742538,0.10692454129457474,0.060807276517152786,0.10684962570667267,0,3.2,0.05636732665762723,0.26846106768391353,0.28178909315996115,0.24084940122245674,0.27412577310845565,0.16241419717077038,0.16907820990879419,0.14860836394004198,0.16524654988304144
R01,10,62,231,50,0.09497638791799545,0.11130286008119583,0.06443773955106735,0.10968190431594849,0,3.2,0.05636732665762723,0.2930931252576327,0.2985593944007151,0.25944753979791635,0.28569622776369163,0.17473022595762996,0.17746336052917117,0.1579074332277718,0.17103177721065943
R01,10,63,231,50,0.08814768493175507,0.10560914129018784,0.05914900824427605,0.10645470768213272,0,1.945572354211663,0.031910324324779554,0.26556425808214235,0.2767507084737968,0.23235442335154985,0.27251244980032135,0.14873729120346096,0.1543305163992882,0.1321323738381647,0.15221138706255044
R01,10,64,231,50,0.0878000482916832,0.10561413317918777,0.06055369973182678,0.10700789839029312,0,1.0367170626349889,0.014190788199327928,0.26416281436594097,0.27676982893678026,0.23955037788880568,0.27477235035653974,0.13917680128263446,0.1454803085680541,0.12687058304406681,0.14448156927793385
R01,10,65,231,50,0.09432896971702576,0.11132258176803589,0.06620930880308151,0.11230704188346863,0,1.0367170626349889,0.014190788199327928,0.2904831582262064,0.298634934498502,0.26852293600418387,0.29642046763517604,0.15233697321276718,0.15641286134891497,0.1413568621017559,0.155305627917252
R01,10,66,231,50,0.09606589376926422,0.1144624650478363,0.07228205353021622,0.11986186355352402,0,1.0367170626349889,0.014190788199327928,0.2974853007449737,0.31066164863909035,0.2996323969499583,0.3272835053587566,0.15583804447215083,0.16242621841920915,0.15691159257464313,0.17073714677904228
R01,10,67,231,50,0.1022973582148552,0.11953439563512802,0.07804779708385468,0.12524744868278503,0,1.0367170626349889,0.014190788199327928,0.3226064924818412,0.33008869540438956,0.3291691520689073,0.3492847549271953,0.16839864034058458,0.17213974180185876,0.17167997013411762,0.18173777156326162
R01,10,68,231,50,0.11576246470212936,0.1346604824066162,0.0900845006108284,0.14151674509048462,0,1.0367170626349889,0.014190788199327928,0.3768890009961096,0.3880262381266741,0.39083078533583593,0.41574825740233246,0.19553989459771878,0.20110851316300102,0.20251078676758194,0.2149695228008302
R01,10,69,231,50,0.1127357929944992,0.13064470887184143,0.08762016892433167,0.13742674887180328,0,1.0367170626349889,0.014190788199327928,0.36468743891454686,0.37264459618259954,0.37820650524450444,0.3990397614113823,0.1894391135569374,0.19341769219096375,0.1961986467219162,0.20661527480535513
R01,10,70,231,50,0.09959259629249573,0.11666912585496902,0.07469169795513153,0.12202421575784683,0,1.0367170626349889,0.014190788199327928,0.31170266025308707,0.31911383503192725,0.31197652509931917,0.33611716954942883,0.1629467242262075,0.1666523116156276,0.16308365664932356,0.1751539788743784
R01,10,71,231,50,0.08954665809869766,0.10774179548025131,0.06642724573612213,0.11401208490133286,0,1.0367170626349889,0.014190788199327928,0.27120400351732066,0.28491942686840277,0.2696393834775602,0.30338592748040966,0.1426973958583243,0.14955510753386536,0.1419150858384441,0.1587883578398688
R01,10,72,231,50,0.08653321117162704,0.10496105253696442,0.06293708086013794,0.1148485466837883,0,1.0367170626349889,0.014190788199327928,0.25905575510720946,0.2742683301564589,0.2517599644039095,0.3068030500378593,0.1366232716532687,0.14422955917789343,0.13297537630161874,0.16049691911859362
R01,10,73,231,50,0.09522959589958191,0.11442577838897705,0.06856061518192291,0.1234879419207573,0,2.345572354211663,0.03970894145984048,0.29411389434173446,0.31052112750516414,0.2805682099702164,0.3420967992158649,0.16691141790078748,0.17511503448250232,0.16013857571502846,0.1909028703378527
R01,10,74,231,50,0.09911421686410904,0.1197265014052391,0.07323594391345978,0.12918967008590698,0,4.0,0.0719645609277491,0.3097741470683608,0.3308245193112039,0.30451898727401217,0.3653895596721586,0.19086935399805496,0.2013945401194765,0.18824177410088064,0.21867706029995385
R01,10,75,231,60,0.09752006828784943,0.11908227205276489,0.06909652054309845,0.1232629120349884,0,4.0,0.0719645609277491,0.3033475819501715,0.3283569236801726,0.28331354633017036,0.34117750473655956,0.1876560714389603,0.20016074230396086,0.17763905362895974,0.20657103283215433
R01,10,76,231,60,0.10832414776086807,0.12807616591453552,0.08253690600395203,0.13711543381214142,0,2.345572354211663,0.03970894145984048,0.3469025687998663,0.3628062903754795,0.3521659623921018,0.39776797382328527,0.1933057551298534,0.20125761591766,0.19593745192597115,0.21873845764156288
R01,10,77,231,60,0.11522342264652252,0.13603843748569489,0.08944962173700333,0.14400479197502136,0,1.0367170626349889,0.014190788199327928,0.3747159357477448,0.3933042278982252,0.3875784273958905,0.4259124529597018,0.19445336197353638,0.2037475080487766,0.20088460779760922,0.22005162057951488
R01,10,78,231,60,0.11702955514192581,0.13709376752376556,0.08920865505933762,0.142094224691391,0,1.0367170626349889,0.014190788199327928,0.3819970814744633,0.39734646500095566,0.3863440031306025,0.41810738320116037,0.19809393483689564,0.2057686266001418,0.20026739566496524,0.21614908570024416
R01,10,79,231,60,0.09768451005220413,0.11805444955825806,0.0752963051199913,0.12587836384773254,0,1.0367170626349889,0.014190788199327928,0.3040105036643162,0.32442004888988235,0.3150738071073536,0.3518621762597641,0.15910064593182208,0.16930541854460515,0.16463229765334078,0.18302648222954604
R01,10,80,231,60,0.09041285514831543,0.1104828491806984,0.06729554384946823,0.1189974769949913,0,0.745572354211663,0.008514472919596758,0.27469594387184726,0.2954185016306259,0.27408750166137447,0.323752304209497,0.14160520839572202,0.15196648727511133,0.14130098729048562,0.1661333885645469
R01,10,81,231,60,0.09122491627931595,0.11063192039728165,0.0664421021938324,0.11922083050012589,0,0.8,0.009575623847261638,0.27796964358594184,0.2959894900237201,0.2697154901495342,0.3246647503208308,0.14377263371660173,0.15278255693549087,0.13964555699839792,0.16712018708404622
R01,10,82,231,62,0.09510664641857147,0.11591123789548874,0.06944553554058075,0.12549185752868652,0,1.308855291576674,0.01949654283765233,0.29361824239452694,0.31621089214296655,0.2851014806039675,0.35028321654025135,0.15655739261608964,0.16785371749030945,0.15229901172080992,0.18488987968895185
R01,10,83,231,62,0.09671729803085327,0.11765456944704056,0.07275552302598953,0.12841759622097015,0,2.108855291576674,0.0350937771077742,0.3001113369675136,0.32288838565288924,0.3020578868148559,0.3622354753191971,0.16760255703764387,0.1789910813803317,0.16857583196131504,0.19866462621348563
R01,10,84,231,68,0.09648513048887253,0.117360420525074,0.0715802013874054,0.12637248635292053,0,2.4,0.04077009238750536,0.29917538918379444,0.3217617052370877,0.29603694830069766,0.3538807707658573,0.1699727407856499,0.18126589881229652,0.1684035203441015,0.1973254315766813
R01,10,85,231,68,0.09544727206230164,0.11512337625026703,0.06993460655212402,0.12279577553272247,0,1.545572354211663,0.024111707189718626,0.2949914223558912,0.3131931408620917,0.28760689392478966,0.33926915373621236,0.1595515647728049,0.16865242402590516,0.15585930055725414,0.18169043046296549
R01,10,86,231,68,0.08943966031074524,0.10763838142156601,0.06645432859659195,0.11642659455537796,0,1.0367170626349889,0.014190788199327928,0.2707726583704386,0.28452331936659614,0.2697781235741628,0.3132497079627618,0.1424817232848833,0.14935705378296205,0.14198445588674538,0.16372024808104488
R01,10,87,231,68,0.09346579760313034,0.11290047317743301,0.06783030927181244,0.12019167095422745,0,1.0367170626349889,0.014190788199327928,0.28700341243540334,0.30467874161954744,0.27682699834188407,0.3286308380548772,0.15059710031736565,0.1594347649094377,0.145508893270606,0.17141081312710257
R01,10,88,231,68,0.08818048238754272,0.1090000793337822,0.065615713596344,0.11733189225196838,0,1.0367170626349889,0.014190788199327928,0.26569647598734214,0.289739039212431,0.2654820660629386,0.3169480397277174,0.13994363209333505,0.15196491370587947,0.13983642713113328,0.16556941396352268
R01,10,89,231,68,0.09450387209653854,0.11516844481229782,0.07090985029935837,0.12313035130500793,0,1.0367170626349889,0.014190788199327928,0.29118825030357254,0.3133657672510275,0.29260287327686635,0.34063596623456305,0.15268951925145025,0.16377827772517772,0.15339683073809715,0.1774133772169455
R01,10,90,231,68,0.09310287237167358,0.1138339564204216,0.0683329701423645,0.12009717524051666,0,1.0367170626349889,0.014190788199327928,0.28554033511141685,0.3082542681974547,0.2794020298019643,0.3282448031616206,0.1498655616553724,0.16122252819839133,0.14679640900064614,0.17121779568047427
R01,10,91,231,68,0.08460523933172226,0.10260770469903946,0.06129064783453941,0.10801199823617935,0,1.3455723542116629,0.020212398622188155,0.2512834327780982,0.26525428753195274,0.2433256161460572,0.278874309711141,0.1357479157001432,0.14273334307707045,0.13176900738412267,0.1495433541666646
R01,10,92,231,68,0.09327790141105652,0.11265087127685547,0.0663897767663002,0.11607421934604645,0,2.0,0.032971475252444434,0.2862459377985941,0.30372268993236995,0.2694474374126869,0.3118101810151491,0.15960870652551926,0.1683470825924072,0.15120945633256566,0.17239082813379678
R01,10,93,231,73,0.08581112325191498,0.10310392081737518,0.06384507566690445,0.11157798022031784,0,2.0,0.032971475252444434,0.2561447685742128,0.26715494716652216,0.2564114408366093,0.2934420971857682,0.14455812191332862,0.1500632112094833,0.14469145804452685,0.1632067862191063
R01,10,94,231,73,0.09444354474544525,0.11203073710203171,0.06718554347753525,0.11847344040870667,0,1.3455723542116629,0.020212398622188155,0.2909450498541398,0.30134738620773943,0.2735239916789148,0.321611504381601,0.155578724238164,0.1607798924149638,0.14686819515055147,0.1709119515018946
R01,10,95,231,73,0.09247618913650513,0.10970239341259003,0.06562856584787369,0.115595243871212,0,0.745572354211663,0.008514472919596758,0.28301395790965234,0.2924291171261773,0.26554790558608565,0.3098534653183275,0.14576421541462456,0.15047179502288704,0.13703118925284122,0.15918396911896215
R01,10,96,231,73,0.08893783390522003,0.10700463503599167,0.0641346126794815,0.11347238719463348,0,0.8,0.009575623847261638,0.26874962229891913,0.2820958767078301,0.25789468124763376,0.30118114867706425,0.13916262307309038,0.14583575027754586,0.1337351525474477,0.15537838626216294
R01,10,97,231,75,0.08653604239225388,0.10400117188692093,0.06149841845035553,0.11062467098236084,0,0.708855291576674,0.007798617135060932,0.25906716873828073,0.27059169342877487,0.24438998360242822,0.2895476281621084,0.13343289293667082,0.1391951552819179,0.12609430036874458,0.14867312264858465
R01,10,98,231,75,0.10817641764879227,0.1265963464975357,0.08055518567562103,0.1324877142906189,0,1.308855291576674,0.01949654283765233,0.34630701754491355,0.35713812900704794,0.3420140041047412,0.3788627648846006,0.18290178019128295,0.18831733592235014,0.18075527347119677,0.19917965386112646
R01,10,99,231,78,0.11042602360248566,0.12750086188316345,0.08268092572689056,0.1358899176120758,0,0.9632829373650111,0.01275907663025628,0.35537595839959746,0.3606026998236423,0.35290374672974373,0.3927614820270061,0.18406751751492686,0.18668088822694928,0.18283141168,0.2027602793286312
R01,10,100,231,80,0.1136561706662178,0.13491670787334442,0.08405093848705292,0.1394578218460083,0,1.4,0.021273549549853034,0.36839780012473294,0.38900766009981025,0.35992204905802105,0.40733712229690733,0.194835674837293,0.20514060482483165,0.19059779930393705,0.2143053359233802
R01,10,101,231,80,0.1026739776134491,0.1247522234916687,0.0736793503165245,0.131061851978302,0,0.745572354211663,0.008514472919596758,0.32412477573716736,0.35007457337288606,0.30679046990650494,0.3730378170227478,0.16631962432838207,0.17929452314624142,0.15765247141305086,0.1907761449711723
R01,10,102,231,80,0.09609013795852661,0.11770714819431305,0.06747481226921082,0.12395838648080826,0,0.745572354211663,0.008514472919596758,0.29758303746998965,0.32308977835031355,0.2750058580477171,0.34401866432900924,0.15304875519479322,0.16580212563495517,0.14176016548365694,0.176266568624303
R01,10,103,231,80,0.09201027452945709,0.11279606819152832,0.06391561776399612,0.11762771010398865,0,0.8,0.009575623847261638,0.2811356947375111,0.3042788385631486,0.2567728139410477,0.31815651795856664,0.14535565929238636,0.1569272312052051,0.13317421889415465,0.16386607090291413
R01,10,104,231,82,0.0932256281375885,0.11249000579118729,0.06638108938932419,0.11509361118078232,0,0.5088552915766741,0.0038993085675304664,0.2860352061259721,0.3031065258782268,0.26940293371182344,0.307804190123722,0.14496725734675128,0.15350291722287862,0.13665112113967695,0.15585174934562623
R01,10,105,231,82,0.11259409785270691,0.13155622780323029,0.08378437906503677,0.13305725157260895,0,0.5088552915766741,0.0038993085675304664,0.36411621671529876,0.3761359927233796,0.3585565182640316,0.381189444637839,0.1840077626414146,0.19001765064545503,0.18122791341578104,0.19254437660268472
R01,10,106,231,84,0.10397979617118835,0.12408680468797684,0.07289087772369385,0.12305164337158203,0,1.308855291576674,0.01949654283765233,0.32938898267422817,0.34752581565719065,0.30275128195515294,0.3403144277490026,0.17444276275594026,0.1835111792474215,0.16112391239640264,0.17990548529332748
R01,10,107,231,84,0.10652513802051544,0.1269073784351349,0.07564672827720642,0.12917737662792206,0,2.108855291576674,0.0350937771077742,0.33965013736605354,0.3583294765409399,0.3168689551028173,0.36533933830703413,0.18737195723691386,0.19671162682435706,0.17598136610529574,0.20021655770740415
R01,10,108,231,90,0.1063258945941925,0.12516245245933533,0.07199738174676895,0.12671759724617004,0,2.4,0.04077009238750536,0.3388469180973453,0.35164587589806423,0.29817408013813096,0.35529062145226004,0.18980850524242532,0.19620798414278479,0.16947208626281815,0.1980303569198827
R01,10,109,231,90,0.09594492614269257,0.11359795182943344,0.06478685140609741,0.11683064699172974,0,1.545572354211663,0.024111707189718626,0.2969976383395161,0.30735029836840383,0.2612359702536271,0.3149003472670431,0.16055467276461735,0.16573100277906122,0.14267383872167286,0.16950602722838085
R01,10,110,231,90,0.09802882373332977,0.11639392375946045,0.06986335664987564,0.12091895937919617,0,1.0367170626349889,0.014190788199327928,0.30539855138194444,0.31805972676144945,0.28724189487559826,0.33160196445283074,0.1597946697906362,0.1661252574803887,0.1507163415374631,0.17289637632607935
R01,10,111,231,90,0.09615358710289001,0.11444148421287537,0.06743311136960983,0.11873336136341095,0,1.0367170626349889,0.014190788199327928,0.2978388229494721,0.3105812856185509,0.27479223265000463,0.32267333622628686,0.15601480557440003,0.16238603690893944,0.1444915104246663,0.1684320622128074
R01,10,112,231,90,0.10325711965560913,0.121275894343853,0.07781386375427246,0.13015297055244446,0,2.345572354211663,0.03970894145984048,0.32647562330740354,0.33675916856521687,0.3279707582441126,0.36932484496892865,0.18309228238362202,0.18823405501252868,0.18383984985197654,0.20451689321438457
R01,10,113,231,90,0.10574927181005478,0.12298496812582016,0.07959232479333878,0.13228699564933777,0,4.0,0.0719645609277491,0.3365223519144444,0.343305444330665,0.3370814597019227,0.37804278695947774,0.20424345642109676,0.20763500262920706,0.2045230103148359,0.22500367394361342
R01,10,114,231,100,0.12347720563411713,0.1428825557231903,0.0777459517121315,0.12964022159576416,0,4.8,0.08756179519787095,0.40798979405123953,0.41951929586469333,0.32762285838701966,0.36723015748537424,0.24777579462455523,0.25354054553128214,0.2075923267924453,0.2273959763416226
R01,10,115,231,100,0.11420610547065735,0.13422109186649323,0.07207288593053818,0.12339287996292114,0,3.945572354211663,0.07090341000008421,0.3706147778168511,0.38634323785206715,0.29856087302368,0.3417084510960935,0.22075909390846765,0.22862332392607568,0.1847321415118821,0.20630593054808885
R01,10,116,231,96,0.09285181760787964,0.10893622785806656,0.06902516633272171,0.11824749410152435,0,2.6367170626349887,0.04538525673957165,0.28452824639410357,0.2894944685142694,0.28294801293122585,0.3206884661278046,0.16495675156683762,0.16743986262692054,0.16416663483539876,0.18303686143368814
R01,10,117,231,96,0.09077374637126923,0.10711973905563354,0.06757363677024841,0.11586728692054749,0,1.836717062634989,0.029788022469449792,0.27615082140298514,0.2825367603386234,0.2755121162709185,0.31096481847274515,0.15296942193621746,0.1561623914040366,0.15265006937018413,0.17037642047109747
R01,10,118,231,96,0.0965481847524643,0.11307491362094879,0.07378373295068741,0.12400036305189133,0,1.145572354211663,0.01631309005465769,0.29942958276210113,0.30534690191780384,0.3073252013379774,0.344190147463016,0.15787133640837941,0.16082999598623077,0.16181914569631756,0.18025161875883686
R01,10,119,231,96,0.10141488164663315,0.11846045404672623,0.07579623907804489,0.1260814070701599,0,1.6,0.025172858117383505,0.31904892374865457,0.3259751703665357,0.31763486913817485,0.3526916505884742,0.17211089093301904,0.17557401424195962,0.17140386362777918,0.18893225435292885
R01,10,120,231,100,0.10461918264627457,0.12282159924507141,0.07507970929145813,0.12509679794311523,0,1.6,0.025172858117383505,0.33196657103645744,0.34267969150702565,0.31396422984508826,0.34866931492548836,0.17856971457692047,0.18392627481220458,0.1695685439812359,0.18692108652143594
R01,10,121,231,100,0.1106565073132515,0.1299033910036087,0.0822872444987297,0.13450132310390472,0,1.145572354211663,0.01631309005465769,0.3563051180764163,0.3698051218155422,0.3508869962581109,0.3870887809944579,0.186309104065537,0.19305910593509995,0.18360004315638428,0.2017009355245578
R01,10,122,231,100,0.11020954698324203,0.12946070730686188,0.08415339142084122,0.13608583807945251,0,1.0367170626349889,0.014190788199327928,0.35450326616071043,0.368109507742967,0.36044689501906163,0.39356185840113495,0.1843470271800192,0.1911501479711475,0.1873188416091948,0.20387632330023145
R01,10,123,231,100,0.10349898040294647,0.12260401993989944,0.0788368508219719,0.13025526702404022,0,0.945572354211663,0.012413781487127224,0.32745064775960636,0.34184629616298684,0.33321131711174073,0.36974274760114606,0.1699322146233668,0.17713003882505704,0.172812549299434,0.19107826454413665
R01,10,124,231,100,0.10425431281328201,0.12446101009845734,0.07831253111362457,0.13326390087604523,0,1.2,0.01737424098232257,0.3304956543500772,0.3489591369308389,0.3305253317422179,0.3820336505669855,0.17393494766619988,0.18316668895658073,0.1739497863622702,0.19970394577465406
R01,10,125,231,103,0.1276589184999466,0.1475982517004013,0.09781701862812042,0.15691812336444855,0,1.2,0.01737424098232257,0.42484772714357305,0.4375818550230848,0.43044293405609735,0.4786661314996833,0.22111098406294782,0.22747804800270366,0.22390858751920995,0.24802018624100292
R01,10,126,231,103,0.12654276192188263,0.14620037376880646,0.09657494723796844,0.15294863283634186,0,0.945572354211663,0.012413781487127224,0.42034811334480543,0.43222755462762646,0.424080049867809,0.4624499266357167,0.21638094741596633,0.22232066805737685,0.21824691567746812,0.23743185406142198
R01,10,127,231,103,0.1273629516363144,0.14629556238651276,0.0967162474989891,0.1521114856004715,0,1.636717062634989,0.025888713901919328,0.42365458219442315,0.43259215617251706,0.4248039029440315,0.45903000385669646,0.22477164804817124,0.2292404350372182,0.2253463084229754,0.2424593588793079
R01,10,128,231,103,0.11450821906328201,0.1339234858751297,0.08674408495426178,0.14184890687465668,0,2.236717062634989,0.037586639604510724,0.3718327023597742,0.3852033158021994,0.3737185016684069,0.41710520825080416,0.2047096709821425,0.21139497770335508,0.2056525706364588,0.22734592392765746
R01,10,129,231,100,0.09793777763843536,0.11601336300373077,0.07172144204378128,0.12336234003305435,0,2.236717062634989,0.037586639604510724,0.3050315130353879,0.31660206257000284,0.296760496034204,0.34158368905024794,0.1713090763199493,0.1770943510872568,0.16717356781935738,0.18958516432737932
R01,10,130,231,100,0.09964049607515335,0.11804310232400894,0.07261653989553452,0.126534104347229,0,2.745572354211663,0.04750755859490141,0.311895760869291,0.32437658550910053,0.30134590393671973,0.35454101431269336,0.1797016597320962,0.18594207205200097,0.17442673126581057,0.20102428645379739
R01,10,131,231,100,0.09744034707546234,0.11544335633516312,0.07194974273443222,0.1232253685593605,0,3.6,0.06416594379268817,0.3030261981279002,0.3144187625393316,0.29793003497233256,0.3410241317311886,0.18359607096029418,0.1892923531660099,0.18104798938251038,0.20259503776193838
R01,10,132,231,109,0.10777660459280014,0.12563149631023407,0.08096688240766525,0.13306473195552826,0,3.6,0.06416594379268817,0.3446952326224163,0.3534424574303938,0.3441230444122984,0.38122000357758745,0.20443058820755222,0.20880420061154098,0.2041444941024933,0.2226929736851378
R01,10,133,231,109,0.10957739502191544,0.12830567359924316,0.08290043473243713,0.13463668525218964,0,2.145572354211663,0.035809632892310025,0.35195484262945553,0.3636853750646475,0.3540282476172557,0.3876417638802646,0.1938822377608828,0.19974750397847876,0.19491894025478287,0.21172569838628733
R01,10,134,231,109,0.10765678435564041,0.12576211988925934,0.08030730485916138,0.13069285452365875,0,0.8367170626349889,0.010291479631797463,0.3442121957411297,0.3539427857244626,0.3407441600843921,0.3715303847020487,0.17725183768646358,0.18211713267813,0.17551781985809478,0.19091093216692306
R01,10,135,231,109,0.10291562229394913,0.12156771868467331,0.07881775498390198,0.12995126843452454,0,0.691144708423326,0.0074533219919318775,0.3250989291491042,0.33787694512362915,0.33311349293908804,0.3685008493345958,0.16627612557051805,0.17266513355778051,0.17028340746550996,0.18797708566326385
R01,10,136,231,110,0.09553579241037369,0.11536777019500732,0.06840435415506363,0.11677344143390656,0,0.691144708423326,0.0074533219919318775,0.2953482785420973,0.3141292444841567,0.27976771587226684,0.31466665051466397,0.15140080026701458,0.16079128323804429,0.14361051893209936,0.16105998625329793
R01,10,137,231,110,0.09866998344659805,0.11919146776199341,0.07038426399230957,0.11936548352241516,0,1.0367170626349889,0.014190788199327928,0.3079832882815289,0.3287751766734347,0.2899103993746276,0.3252556883837952,0.16108703824042842,0.17148298243638133,0.15205059378697777,0.16972323829156158
R01,10,138,231,110,0.10401689261198044,0.12390036880970001,0.0741996243596077,0.12365180253982544,0,1.745572354211663,0.02801101575724909,0.3295385312771337,0.346811709171765,0.30945573013917627,0.34276620435718735,0.17877477351719137,0.18741136246450704,0.16873337294821267,0.1853886100572182
R01,10,139,231,109,0.11148424446582794,0.1300632804632187,0.07864285260438919,0.12780839204788208,0,4.2,0.07586386949527957,0.35964201326360046,0.370417547391102,0.33221750290669566,0.35974674796115713,0.21775294137944,0.22314070844319078,0.20404068620098761,0.21780530872821835
R01,10,140,231,116,0.11484268307685852,0.13434761762619019,0.08469956368207932,0.13437451422214508,0,3.563282937365011,0.06345008800815233,0.37318104265562274,0.38682787024368676,0.3632448266618542,0.38657074000390146,0.21831556533188753,0.22513897912591954,0.21334745733500327,0.2250104140060269
R01,10,141,231,121,0.11559425294399261,0.1361140012741089,0.08182336390018463,0.13280417025089264,0,3.4,0.06026663522515769,0.3762108811311173,0.3935936603393868,0.34851062840265695,0.38015555413447694,0.21823875817813748,0.22693014778227225,0.20438863181390732,0.2202110946798173
R01,10,142,231,121,0.1083667203783989,0.1288365125656128,0.07677742093801498,0.1261357218027115,0,1.3455723542116629,0.020212398622188155,0.3470741937681334,0.36571865080590965,0.32266126825833746,0.3529135377107513,0.1836432961951608,0.1929655247140489,0.1714368334402628,0.18656296816646972
R01,10,143,231,121,0.10739625245332718,0.12848782539367676,0.07579030841588974,0.12573638558387756,0,1.0367170626349889,0.014190788199327928,0.3431619013955987,0.36438307219751265,0.31760448753792847,0.3512821651483632,0.17867634479746333,0.1892869301984203,0.1658976378686282,0.18273647667384557
R01,10,144,231,121,0.10516984760761261,0.126296266913414,0.07523302733898163,0.12494896352291107,0,1.0367170626349889,0.014190788199327928,0.33418649224395713,0.35598873233970185,0.31474964764643315,0.34806538018197364,0.17418864022164254,0.1850897602695149,0.16447021792288055,0.1811280841906508
R01,10,145,231,121,0.11726269870996475,0.13784003257751465,0.08804542571306229,0.13867872953414917,0,1.0367170626349889,0.014190788199327928,0.38293696395731497,0.40020488860296977,0.38038501101996175,0.4041543661100384,0.19856387607832146,0.20719783840114886,0.19728789960964485,0.20917257715468318
R01,10,146,231,121,0.12857352197170258,0.14933638274669647,0.09669792652130127,0.15046879649162292,0,1.0367170626349889,0.014190788199327928,0.4285348105535479,0.4442394290058993,0.42471004822668734,0.4523192728628123,0.22136279937643794,0.22921510860261363,0.21945041821300765,0.23325503053107013
R01,10,147,231,121,0.11824660003185272,0.13832679390907288,0.08889135718345642,0.1408357471227646,0,2.345572354211663,0.03970894145984048,0.38690341100569586,0.40206933350988844,0.38471854934958044,0.4129662372719657,0.21330617623276818,0.22088913748486447,0.21221374540471047,0.2263375893659031
R01,10,148,231,121,0.12589704990386963,0.14697442948818207,0.09746693819761276,0.14908437430858612,0,4.0,0.0719645609277491,0.4177450245278932,0.43519242498625005,0.4286495417812509,0.44666361665721543,0.24485479272782115,0.2535784929569996,0.2503070513545,0.25931408879248224
R01,10,149,231,131,0.1324252188205719,0.15463832020759583,0.0827966257929802,0.1367068886756897,0,4.0,0.0719645609277491,0.4440623347651633,0.4645474725066649,0.3534964551094251,0.3960989808928403,0.2580134478464562,0.268256016717207,0.21273050801858712,0.2340317709102947
R01,10,150,231,131,0.13182693719863892,0.15198713541030884,0.07953671365976334,0.13198187947273254,0,2.345572354211663,0.03970894145984048,0.44165045430456684,0.45439262315415296,0.3367965749478534,0.3767963231142798,0.24067969788220367,0.24705078230699673,0.18825275820384696,0.20825263228706015
R01,10,151,231,131,0.12433043867349625,0.14410968124866486,0.08019320666790009,0.13118329644203186,0,1.0367170626349889,0.014190788199327928,0.411429471989808,0.4242195622740994,0.3401596577902044,0.3735339432357954,0.21281013009456798,0.21920517523671368,0.17717522299476618,0.19386236571756169
R01,10,152,231,131,0.12241785228252411,0.1432381570339203,0.08450841903686523,0.13518546521663666,0,1.0367170626349889,0.014190788199327928,0.403719173734808,0.42088135774122265,0.36226563073933976,0.3898836456194201,0.20895498096706797,0.2175360729702753,0.18822820946933386,0.20203721690937404
R01,10,153,231,131,0.12326551228761673,0.14388887584209442,0.08500835299491882,0.13671216368675232,0,1.0367170626349889,0.014190788199327928,0.40713638484168874,0.42337380997413243,0.364826692770161,0.3961205304240573,0.21066358652050834,0.2187822990867302,0.18950874048474448,0.20515565931169263
R01,10,154,231,131,0.11575327068567276,0.13599400222301483,0.07899989187717438,0.12853939831256866,0,1.0367170626349889,0.014190788199327928,0.3768519367309991,0.39313402723966795,0.3340465439436403,0.362733062517412,0.19552136246516352,0.20366240771949795,0.17411866607148413,0.18846192535836997
R01,10,155,231,131,0.10799673944711685,0.12889127433300018,0.07346455752849579,0.12241806089878082,0,1.0367170626349889,0.014190788199327928,0.34558267247408236,0.36592840513863867,0.30569012926139993,0.3377261099020613,0.17988673033670516,0.1900595966689833,0.15994045873036394,0.17595844905069463
R01,10,156,231,131,0.0999755859375,0.12011178582906723,0.06846918910741806,0.11620716750621796,0,1.0367170626349889,0.014190788199327928,0.31324662417832366,0.33230027659747363,0.280099852411644,0.3123533022510768,0.1637187061888258,0.1732455323984008,0.14714532030548597,0.1632720452252024
R01,10,157,231,131,0.10556811094284058,0.12664231657981873,0.0748809352517128,0.1248224526643753,0,1.0367170626349889,0.014190788199327928,0.33579202970523636,0.3573142084945225,0.3129459500549202,0.34754855667905654,0.17499140895228216,0.18575249834692523,0.16356836912712408,0.18086967243919225
R01,10,158,231,131,0.100572869181633,0.12077169120311737,0.07305161654949188,0.12040939927101135,0,2.345572354211663,0.03970894145984048,0.315654479832174,0.3348279161898739,0.3035747149246453,0.3295203040870177,0.17768171064600724,0.1872684288248572,0.17164182819224288,0.1846146227734291
R01,10,159,231,131,0.10587183386087418,0.1260010004043579,0.07681760936975479,0.12583398818969727,0,4.0,0.0719645609277491,0.3370164419963474,0.3548577712232323,0.3228671455846303,0.35168089235026034,0.20449050146204825,0.2134111660754907,0.1974158532561897,0.21182272663900473
R01,10,160,231,141,0.12781088054180145,0.14960232377052307,0.08304031193256378,0.13274213671684265,0,4.0,0.0719645609277491,0.4254603387733903,0.4452580645368421,0.3547448106361326,0.37990213408233986,0.2487124498505697,0.2586113127322956,0.21335468578194086,0.22593334750504449
R01,10,161,231,141,0.120383620262146,0.14150094985961914,0.07820576429367065,0.1271287500858307,0,2.345572354211663,0.03970894145984048,0.39551847981006755,0.4142273224709603,0.3299783866021036,0.35697026739954957,0.21761371063495402,0.2269681319654004,0.18484366403097205,0.19833960442969503
R01,10,162,231,141,0.11774112284183502,0.13868504762649536,0.07557698339223862,0.12364770472049713,0,1.0367170626349889,0.014190788199327928,0.38486565735726863,0.40344155491600303,0.31651166595720603,0.3427494639021459,0.1995282227782983,0.2088161715576655,0.165351227078267,0.17847012605073692
R01,10,163,231,141,0.11404474079608917,0.1349850594997406,0.07314356416463852,0.12127555161714554,0,1.0367170626349889,0.014190788199327928,0.3699642609175286,0.3892694677526614,0.30404574423198305,0.3330587188505407,0.19207752455842828,0.20173012797599468,0.1591182662156555,0.17362475352493434
R01,10,164,231,141,0.11170439422130585,0.13230566680431366,0.07461164146661758,0.1218419000506401,0,1.0367170626349889,0.014190788199327928,0.360529513187009,0.3790065735152907,0.3115664116638322,0.3353723714860377,0.18736015069316847,0.19659868085730933,0.16287859993158008,0.17478157984268283
R01,10,165,231,141,0.12173689156770706,0.14299160242080688,0.08763014525175095,0.13779164850711823,0,1.0367170626349889,0.014190788199327928,0.40097398521105787,0.4199369780978664,0.37825761198160235,0.40053045327703996,0.2075823867051929,0.21706388314859718,0.19622420009046515,0.20736062073818395
R01,10,166,231,141,0.12032533437013626,0.14069846272468567,0.0872081071138382,0.13672731816768646,0,1.0367170626349889,0.014190788199327928,0.3952835091893547,0.41115355108734436,0.3760955947128115,0.39618243967051986,0.20473714869434131,0.21267216964333616,0.19514319145606973,0.2051866139349239
R01,10,167,231,141,0.12126559764146805,0.1429407000541687,0.08698692917823792,0.13664773106575012,0,1.0367170626349889,0.014190788199327928,0.3990740361398811,0.419742006451444,0.37496254422925024,0.39585730959642323,0.20663241216960454,0.21696639732538597,0.1945766662142891,0.2050240488978756
R01,10,168,231,141,0.1093343123793602,0.1298249512910843,0.07671910524368286,0.12457940727472305,0,1.0367170626349889,0.014190788199327928,0.35097489229436934,0.3695046737046618,0.32236252857852765,0.3465556650719506,0.18258284024684865,0.19184773095199487,0.1682766583889278,0.1803732266356393
R01,10,169,231,141,0.10506191104650497,0.12521731853485107,0.07126270979642868,0.11859526485204697,0,1.0367170626349889,0.014190788199327928,0.3337513625772988,0.3518560297628556,0.2944105021558484,0.32210918289138885,0.17397107538831338,0.1830234089810918,0.15430064517758818,0.1681499855453584
R01,10,170,231,141,0.11503855139017105,0.13661690056324005,0.08283248543739319,0.13466551899909973,0,2.145572354211663,0.035809632892310025,0.37397065567465915,0.39551991856395047,0.35368015692096527,0.38775955580937466,0.2048901442834846,0.21566477572813025,0.19474489490663766,0.21178459435084235
R01,10,171,231,141,0.10947282612323761,0.12955065071582794,0.07786151766777039,0.12570787966251373,0,3.6,0.06416594379268817,0.3515332891765978,0.3684540185327228,0.32821487974559,0.3511657124556564,0.207849616484643,0.2163099811627055,0.1961904117691391,0.20766582812417228
R01,10,172,231,150,0.12653237581253052,0.14609332382678986,0.08368394523859024,0.13447777926921844,0,3.6,0.06416594379268817,0.4203062433402964,0.43181752057964684,0.35804201578749706,0.38699259947094683,0.24223609356649228,0.2479917321861675,0.2111039797900926,0.2255792716318175
R01,10,173,231,150,0.127924844622612,0.14781872928142548,0.08942370116710663,0.138601154088974,0,2.145572354211663,0.035809632892310025,0.42591976745988197,0.4384263516508558,0.38744564148225075,0.40383745407750765,0.230864700176096,0.23711799227158292,0.2116276371872804,0.21982354348490885
R01,10,174,231,150,0.12456309795379639,0.14366307854652405,0.08651524037122726,0.13603000342845917,0,1.945572354211663,0.031910324324779554,0.412367402141029,0.42250893721118205,0.3725461764779945,0.393333762091897,0.22213886323290427,0.22720963076798079,0.20222825040138703,0.21262204320833827
R01,10,175,231,150,0.11689303815364838,0.1361534744501114,0.07989636063575745,0.12860749661922455,0,3.2,0.05636732665762723,0.3814467342057272,0.3937448546869784,0.338638974728625,0.36301125844301046,0.21890703043167722,0.2250560906723028,0.1975031506931261,0.20968929255031885
R01,10,176,231,158,0.11284385621547699,0.13295581936836243,0.07563222944736481,0.12589909136295319,0,3.508855291576674,0.062388937080487455,0.3651230791910162,0.38149685685986207,0.31679468048713955,0.35194685252508306,0.21375600813575185,0.22194289697017477,0.1895918087838135,0.20716789480278525
R01,10,177,231,158,0.1125589981675148,0.13265058398246765,0.07698506861925125,0.12697970867156982,0,2.908855291576674,0.050691011377896056,0.3639747177258857,0.3803277118934345,0.32372500594535664,0.3563614018310953,0.20733286455189087,0.21550936163566528,0.18720800866162635,0.2035262066044957
R01,10,178,231,163,0.13472245633602142,0.15430977940559387,0.07940727472305298,0.1291656196117401,0,2.0,0.032971475252444434,0.45332329494468654,0.46328906066230857,0.3361334850721238,0.36529130841966057,0.24314738509856548,0.2481302679573765,0.18455248016228412,0.1991313918360525
R01,10,179,231,163,0.13562099635601044,0.15547049045562744,0.08494890481233597,0.13552990555763245,0,3.054427645788337,0.05352916901776164,0.4569456210162673,0.46773493930002125,0.36452215157874635,0.3912907569586343,0.2552373950170145,0.26063205415889146,0.20902566029825398,0.22240996298819798
R01,10,180,231,163,0.13447190821170807,0.154409721493721,0.08763465285301208,0.13776561617851257,0,4.8,0.08756179519787095,0.4523132486666176,0.46367186945404015,0.3782807035245032,0.40042410573174003,0.2699375219322443,0.2756168323259556,0.23292124936118708,0.24399295046480549
R01,10,181,231,175,0.14862357079982758,0.1685999631881714,0.08594004809856415,0.1377103626728058,0,4.8,0.08756179519787095,0.5093635026439376,0.5180248390510057,0.36959958110032787,0.40019838352339887,0.2984626489209043,0.30279331712443835,0.2285806881490994,0.2438800893606349
R01,10,182,231,175,0.14483359456062317,0.1642269641160965,0.0834953561425209,0.1331929862499237,0,2.745572354211663,0.04750755859490141,0.49408479558967683,0.5012749139454312,0.357075911433933,0.3817439493831949,0.2707961770922891,0.2743912362701663,0.20229173501441722,0.21462575398904815
R01,10,183,231,175,0.1398196518421173,0.15959672629833221,0.08352536708116531,0.13326632976531982,0,1.0367170626349889,0.014190788199327928,0.4738718556798013,0.48353968569811484,0.3572296514914613,0.3820435730912465,0.24403132193956462,0.2488652369487214,0.18571021984539463,0.19811718064528722
R01,10,184,231,175,0.14955715835094452,0.17078246176242828,0.09351490437984467,0.14568400382995605,0,1.0367170626349889,0.014190788199327928,0.5131271174538328,0.5263844766954018,0.40840406016881275,0.43277238706379206,0.26365895282658036,0.27028763244736487,0.21129742418407035,0.22348158763156
R01,10,185,231,175,0.149603933095932,0.16991961002349854,0.09470193088054657,0.14586372673511505,0,1.0367170626349889,0.014190788199327928,0.5133156826534794,0.5230794903997082,0.4144849603588342,0.43350659298472055,0.26375323542640366,0.2686351392995181,0.21433787427908108,0.22384869059202425
R01,10,186,231,175,0.13735224306583405,0.15709331631660461,0.08383159339427948,0.13335281610488892,0,1.0367170626349889,0.014190788199327928,0.4639248762011495,0.47395085912592233,0.3587983878629782,0.38239688800419475,0.23905783220023874,0.24407082366262514,0.18649458803115307,0.19829383810176135
R01,10,187,231,175,0.1253647804260254,0.14444878697395325,0.07591036707162857,0.12295804172754288,0,1.0367170626349889,0.014190788199327928,0.41559926188648577,0.42551844100876995,0.3182195241037206,0.33993204531866417,0.21489502504290686,0.21985461460404895,0.16620515615152429,0.17706141675899606
R01,10,188,231,175,0.12353826314210892,0.14231069386005402,0.07406484335660934,0.12166928499937057,0,1.3455723542116629,0.020212398622188155,0.4082359380160538,0.4173288898709133,0.3087652739225212,0.33466720264530847,0.21422416831912097,0.21877064424655074,0.16448883627235467,0.1774398006337483
R01,10,189,231,175,0.12330020219087601,0.14341823756694794,0.07431849837303162,0.12262183427810669,0,2.0,0.032971475252444434,0.40727623185818357,0.42157112130884994,0.310064698018487,0.33855856707548787,0.220123853555314,0.22727129828064718,0.17151808663546572,0.18576502116396615
R01,10,190,231,180,0.138498917222023,0.1579069346189499,0.07836806029081345,0.126808762550354,0,2.0,0.032971475252444434,0.46854751692851737,0.4770672662881909,0.3308097966500526,0.3556630509211466,0.2507594960904809,0.25501937077031767,0.18189063595124852,0.1943172630867955
R01,10,191,231,180,0.1399042308330536,0.1600896567106247,0.08479264378547668,0.13342736661434174,0,1.3455723542116629,0.020212398622188155,0.47421282289012123,0.48542776007272054,0.3637216574807968,0.3827014425371858,0.2472126107561547,0.2528200793474543,0.1919670280514925,0.20145692057968698
R01,10,192,231,180,0.14829690754413605,0.169047012925148,0.09347089380025864,0.1422923505306244,0,1.0367170626349889,0.014190788199327928,0.5080466099052777,0.5197371763941904,0.40817860274085355,0.4189167689838206,0.26111869905230284,0.26696398229675916,0.21118469547009075,0.21655377859157426
R01,10,193,231,180,0.14948152005672455,0.17076635360717773,0.10034621506929398,0.15106451511383057,0,1.0367170626349889,0.014190788199327928,0.5128221932890011,0.5263227775297746,0.44339950335816397,0.4547529089051703,0.26350649074416455,0.2702567828645513,0.22879514577874596,0.23447184855224912
R01,10,194,231,180,0.16059522330760956,0.1819329708814621,0.10999566316604614,0.16434341669082642,0,1.0367170626349889,0.014190788199327928,0.5576253808398294,0.5690943400076354,0.49283170283344585,0.509000018657998,0.28590808451957866,0.29164256410348166,0.2535112455163869,0.261595403428663
R01,10,195,231,180,0.1322883814573288,0.1527854949235916,0.08269824832677841,0.13239769637584686,0,1.0367170626349889,0.014190788199327928,0.4435106959539639,0.45745058448330195,0.3529924869565941,0.3784950227431257,0.22885074207664594,0.23582068634131495,0.18359163757796101,0.19634290547122682
R01,10,196,231,180,0.13694199919700623,0.15683402121067047,0.08121391385793686,0.13298596441745758,0,1.0367170626349889,0.014190788199327928,0.46227104105891587,0.47295767949495154,0.34538853729894387,0.3808982215944991,0.2382309146291219,0.24357423384713975,0.1797896627491359,0.19754450489691353
R01,10,197,231,180,0.12036412954330444,0.13864870369434357,0.06893327832221985,0.11614521592855453,0,1.0367170626349889,0.014190788199327928,0.39543990597090295,0.40330234653028163,0.2824772889666041,0.3121002170080406,0.20481534708511545,0.2087465673648048,0.14833403858296604,0.16314550260368427
R01,10,198,231,180,0.12488958984613419,0.14475809037685394,0.07224946469068527,0.12178093940019608,0,1.0367170626349889,0.014190788199327928,0.4136836040546504,0.4267031677256288,0.2994654508199611,0.3351233343894024,0.21393719612698917,0.22044697796247836,0.15682811950964454,0.17465706129436517
R01,10,199,231,180,0.12961027026176453,0.14908245205879211,0.08568625897169113,0.13331641256809235,0,1.3455723542116629,0.020212398622188155,0.4327143020366363,0.4432667967381346,0.3682994699832509,0.38224817188904436,0.22646335032941223,0.2317395976801614,0.19425593430271954,0.20123028525561626
R01,10,200,231,180,0.13779771327972412,0.1573685258626938,0.09612096101045609,0.14464569091796875,0,2.0,0.032971475252444434,0.46572072094260736,0.47500499593440454,0.42175436890321844,0.42853066012818986,0.2493460980975259,0.2539882355934245,0.22736292207783143,0.23075106769031714
R01,10,201,231,185,0.13808073103427887,0.15878251194953918,0.0971047431230545,0.14962226152420044,0,2.0,0.032971475252444434,0.46686166354754155,0.48042099549549006,0.42679408859936846,0.4488609992231516,0.249916569399993,0.25669623537396724,0.22988278192590644,0.240916237237798
R01,10,202,231,185,0.13041289150714874,0.14996527135372162,0.09100563079118729,0.14032971858978271,0,1.3455723542116629,0.020212398622188155,0.4359499463018694,0.44664826488576204,0.3955495516695839,0.41089900413467934,0.22808117246202878,0.2334303317539751,0.20788097514588602,0.21555570137843375
R01,10,203,231,185,0.11565212905406952,0.13449035584926605,0.07734575122594833,0.12399356812238693,0,1.0367170626349889,0.014190788199327928,0.37644419977891197,0.3873746013329959,0.3255727110558195,0.3441623887448381,0.19531749398911996,0.20078269476616192,0.1698817496275737,0.17917658847208304
R01,10,204,231,185,0.11111967265605927,0.13023924827575684,0.06976732611656189,0.11774972081184387,0,1.0367170626349889,0.014190788199327928,0.35817229801206985,0.37109155798027127,0.28674994959221145,0.3186549573981291,0.1861815431056989,0.1926411730897996,0.1504703688957697,0.16642287279872853
R01,10,205,231,185,0.11005569994449615,0.12847937643527985,0.07216048985719681,0.11940823495388031,0,1.0367170626349889,0.014190788199327928,0.35388305545546933,0.36435071010046305,0.29900965048058603,0.32543033698566437,0.18403692182739864,0.1892707491498955,0.156600219339957,0.16981056259249616
R01,10,206,231,185,0.10956453531980515,0.12792012095451355,0.07532567530870438,0.12254609167575836,0,1.0367170626349889,0.014190788199327928,0.35190300071569475,0.3622085904102174,0.31522426473068443,0.3382491425919393,0.18304689445751135,0.18819968930477268,0.1647075264650062,0.17621996539563362
R01,10,207,231,185,0.11448941379785538,0.13312220573425293,0.08226696401834488,0.13192437589168549,0,1.0367170626349889,0.014190788199327928,0.3717568918207637,0.38213416757530483,0.35078310339897684,0.3765614088742613,0.19297384001004583,0.1981624778873164,0.1824869457991524,0.19537609853679463
R01,10,208,231,185,0.11709732562303543,0.1358875036239624,0.08774753659963608,0.13589441776275635,0,1.0367170626349889,0.014190788199327928,0.38227028775926514,0.3927261050040178,0.37885898446085153,0.39277986609036075,0.19823053797929654,0.20345844660167287,0.19652488633008974,0.20348532714484435
R01,10,209,231,185,0.11242334544658661,0.13063061237335205,0.08409389853477478,0.1311103254556656,0,1.0367170626349889,0.014190788199327928,0.3634278546182134,0.37259060227817464,0.36014212482061,0.3732358413872931,0.1888093214087707,0.1933906952387513,0.18716645650996896,0.19371331479331053
R01,10,210,231,185,0.10746061056852341,0.12481430172920227,0.07651373744010925,0.124006487429142,0,1.0367170626349889,0.014190788199327928,0.34342135125137246,0.35031235202598787,0.32131047025039716,0.34421516683400527,0.1788060697253502,0.1822515701126579,0.16775062922486256,0.1792029775166666
R01,10,211,231,185,0.10171322524547577,0.12068524956703186,0.07327301800251007,0.12044423818588257,0,1.0367170626349889,0.014190788199327928,0.3202516501407301,0.33449681826221106,0.3047089104433917,0.32966262839206134,0.16722121917002902,0.1743438032307695,0.15944984932135983,0.17192670829569465
R01,10,212,231,185,0.10229790955781937,0.12078816443681717,0.07319151610136032,0.12114705890417099,0,1.0367170626349889,0.014190788199327928,0.322608715136313,0.33489101371771934,0.3042913924470407,0.3325337990548217,0.16839975166782048,0.17454090095852365,0.15924109032318431,0.17336229362707484
R01,10,213,231,185,0.10352897644042969,0.12273792922496796,0.07646444439888,0.12508437037467957,0,1.0367170626349889,0.014190788199327928,0.3275715721772198,0.3423592097170193,0.3210579518242285,0.3486185456909262,0.1708811801882739,0.1782749989581736,0.16762437001177824,0.18140466694512708
R01,10,214,231,185,0.10960093885660172,0.12846629321575165,0.08391842246055603,0.13138487935066223,0,1.0367170626349889,0.014190788199327928,0.3520497559825749,0.3643005973646437,0.35924319586457565,0.3743574518750725,0.1831202720909514,0.18924569278198583,0.1867169920319518,0.19427412003720024
R01,10,215,231,185,0.1145566999912262,0.13404704630374908,0.08855872601270676,0.13740353286266327,0,1.0367170626349889,0.014190788199327928,0.3720281457739349,0.3856765900680467,0.3830145461548559,0.39894491912427454,0.19310946698663142,0.19993368913368734,0.19860266717709193,0.20656785366180125
R01,10,216,231,185,0.10769209265708923,0.1257970780134201,0.08298403024673462,0.1302051991224289,0,1.0367170626349889,0.014190788199327928,0.3443545357349375,0.3540766860413557,0.3544564907765078,0.3695382096777301,0.17927266196713273,0.18413373712034184,0.18432363948791788,0.19186449893852903
R01,10,217,231,185,0.10723629593849182,0.1259792298078537,0.08316802233457565,0.13066324591636658,0,1.0367170626349889,0.014190788199327928,0.3425170612759406,0.3547743831742209,0.35539904557309693,0.3714094273050762,0.17835392473763428,0.18448258568677442,0.18479491688621244,0.19280010775220208
R01,10,218,231,185,0.10389717668294907,0.1214994266629219,0.0778483971953392,0.125672847032547,0,1.0367170626349889,0.014190788199327928,0.3290559148980444,0.3376153657748136,0.32814766618022073,0.3510225967836472,0.1716233515486862,0.17590307698707078,0.17116922718977434,0.1826066924914876
R01,10,219,231,185,0.10501441359519958,0.12231313437223434,0.07886262238025665,0.12507596611976624,0,1.0367170626349889,0.014190788199327928,0.3335598838981419,0.34073211539313564,0.33334333966859037,0.3485842125394957,0.17387533604873492,0.1774614517962318,0.17376706393395916,0.1813875003694118
R01,10,220,231,185,0.10544051975011826,0.12340446561574936,0.07744523882865906,0.1239488422870636,0,3.345572354211663,0.05920548429749281,0.3352776654102462,0.3449122481333826,0.32608236621673686,0.3439796742873581,0.1972415748538695,0.20205886621543773,0.19264392525711482,0.20159257929242547
R01,10,221,231,185,0.10879234969615936,0.12710006535053253,0.07874609529972076,0.12665501236915588,0,6.0,0.11095764660305375,0.3487900529844783,0.3590675264121015,0.33274639465872385,0.3550349490479901,0.22987384979376602,0.23501258650757761,0.2218520206308888,0.23299629782552192
R01,11,10,232,0,0.08423177897930145,0.10192329436540604,0.05464954674243927,0.09974956512451172,0,1.0367170626349889,0.014190788199327928,0.24977788473217793,0.26263278644290683,0.20930457881536244,0.245120530210997,0.13198433646575294,0.1384117873211174,0.11174768350734518,0.12965565920516248
R01,11,11,232,0,0.08167404681444168,0.09903799742460251,0.054704420268535614,0.09931451082229614,0,1.0367170626349889,0.014190788199327928,0.23946678038647998,0.251581215914475,0.2095856849533207,0.24334324175502914,0.12682878429290395,0.1328860020569015,0.11188823657632431,0.12876701497717855
R01,11,12,232,0,0.08459508419036865,0.10203343629837036,0.05806443840265274,0.10265441983938217,0,1.0367170626349889,0.014190788199327928,0.2512424938855977,0.26305466376273445,0.22679838820648873,0.2569874735436131,0.13271664104246284,0.1386227259810312,0.12049458820290833,0.13558913087147054
R01,11,13,232,0,0.0817621722817421,0.09904134273529053,0.05364980921149254,0.09900730103254318,0,1.545572354211663,0.024111707189718626,0.2398220446715103,0.25159402947847437,0.20418312269091132,0.24208822505916458,0.13196687593061446,0.1378528683340965,0.11414741494031497,0.1330999661244416
R01,11,14,232,0,0.08092890679836273,0.0985531136393547,0.05268510803580284,0.09738486260175705,0,2.4,0.04077009238750536,0.23646286286786583,0.2497239625846785,0.19924115083173496,0.23546022235037634,0.13861647762768559,0.14524702748609192,0.12000562160962017,0.13811515736894084
R01,11,15,232,6,0.0782703384757042,0.09545150399208069,0.05024958401918411,0.09398619085550308,0,2.4,0.04077009238750536,0.22574525304080156,0.23784384817296486,0.18676444669185166,0.22157593243649745,0.13325767271415345,0.13930697028023512,0.11376726953967851,0.1311730124120014
R01,11,16,232,6,0.08176437765359879,0.10018933564424515,0.054045241326093674,0.09984275698661804,0,1.3455723542116629,0.020212398622188155,0.23983093528939742,0.25599119374258594,0.20620884260482794,0.24550123859583134,0.1300216669557928,0.13810179618238705,0.11321062061350805,0.13285681860900975
R01,11,17,232,6,0.07794404029846191,0.0945100411772728,0.050454046577215195,0.09399421513080597,0,0.691144708423326,0.0074533219919318775,0.2244298320598324,0.23423775739228847,0.18781186762748223,0.22160871329118775,0.11594157702588215,0.12084553969211018,0.09763259480970705,0.11453101764155982
R01,11,18,232,7,0.07988923788070679,0.09769639372825623,0.05273675546050072,0.0969536229968071,0,0.691144708423326,0.0074533219919318775,0.2322715973232512,0.24644246306664971,0.1995057302951873,0.23369851773619252,0.11986245965759154,0.12694789252929078,0.1034795261435596,0.1205759198640622
R01,11,19,232,7,0.07795490324497223,0.09551100432872772,0.05181053653359413,0.0952073410153389,0,0.8367170626349889,0.010291479631797463,0.2244736243601008,0.23807175267652592,0.194760895327057,0.22656458803885965,0.11738255199594913,0.12418161615416169,0.10252618747942724,0.11842803383532856
R01,11,20,232,7,0.07947734743356705,0.09689811617136002,0.051029983907938004,0.09502286463975906,0,1.0367170626349889,0.014190788199327928,0.23061112425347344,0.2433848156555497,0.1907622797890994,0.22581096319008304,0.12240095622640068,0.12878780192743883,0.10247653399421366,0.12000087569470548
R01,11,21,232,7,0.07788940519094467,0.09485778212547302,0.050521351397037506,0.09322352707386017,0,1.0367170626349889,0.014190788199327928,0.22420957901602726,0.23556971167411997,0.18815665680565546,0.21846029025574942,0.11920018360767759,0.12488024993672395,0.1011737225024917,0.11632553922753867
R01,11,22,232,7,0.07869334518909454,0.09558657556772232,0.050889886915683746,0.09344770014286041,0,1.0367170626349889,0.014190788199327928,0.22745053963046988,0.23836121365569196,0.1900445908189571,0.21937608445809154,0.1208206639148989,0.12627600092750996,0.10211768950914252,0.11678343632870973
R01,11,23,232,7,0.08427530527114868,0.1014634370803833,0.05493685230612755,0.09898902475833893,0,1.0367170626349889,0.014190788199327928,0.2499533542919638,0.26087139227006767,0.21077638795845502,0.24201356262967955,0.13207207124564588,0.1375310902346978,0.11248358807889147,0.12810217541450375
R01,11,24,232,7,0.08365878462791443,0.10058892518281937,0.05472853034734726,0.09896665811538696,0,1.0367170626349889,0.014190788199327928,0.24746794601857106,0.25752174399740535,0.2097091960819606,0.24192219018234404,0.1308293671089495,0.13585626609836665,0.11194999214064426,0.12805648919083598
R01,11,25,232,7,0.08129165321588516,0.09891057014465332,0.05315843224525452,0.09798669070005417,0,1.0367170626349889,0.014190788199327928,0.23792521933094254,0.2510931304243166,0.20166589642376218,0.2379188168893416,0.12605800376513523,0.13264195931182227,0.10792834231154505,0.12605480254433477
R01,11,26,232,7,0.08609589189291,0.10344759374856949,0.053699612617492676,0.09852596372365952,0,1.0367170626349889,0.014190788199327928,0.2572927696088885,0.2684713196979224,0.20443825561408605,0.2401218607728009,0.13574177890410824,0.14133105394862516,0.10931452190670699,0.12715632448606443
R01,11,27,232,7,0.08482363075017929,0.10202892869710922,0.05446154996752739,0.09908486902713776,0,1.3455723542116629,0.020212398622188155,0.25216384423589405,0.2630373982700404,0.2083415088050391,0.24240510665450438,0.1361881214290411,0.14162489844611428,0.11427695371361363,0.13130875263834627
R01,11,28,232,7,0.08492054790258408,0.1033877283334732,0.05296092480421066,0.09788575023412704,0,2.0,0.032971475252444434,0.2525545508489879,0.2682420168321431,0.20065410516631002,0.23750645382588337,0.14276301305071618,0.15060674604229377,0.11681279020937722,0.1352389645391639
R01,11,29,232,12,0.08003205806016922,0.09666409343481064,0.05232378840446472,0.09571334719657898,0,2.508855291576674,0.04289239424283512,0.23284735493905662,0.24248843693568325,0.1973901823709944,0.22863172986457306,0.13786987459094588,0.14269041558925918,0.12014128830691476,0.13576206205370409
R01,11,30,232,12,0.0805710107088089,0.09750206023454666,0.05308089032769203,0.09656297415494919,0,2.708855291576674,0.04679170281036559,0.23502005975696655,0.24569810629650402,0.20126866463410834,0.23210263493849237,0.14090588128366607,0.1462449045534348,0.12403018372223697,0.13944716887442898
R01,11,31,232,18,0.08221644163131714,0.09824544191360474,0.05317803472280502,0.09604102373123169,0,2.4,0.04077009238750536,0.24165336177690291,0.24854548569079485,0.20176631600950123,0.22997035752407208,0.14121172708220414,0.1446577890391501,0.1212682041985033,0.1353702249557887
R01,11,32,232,18,0.07999993115663528,0.09612643718719482,0.05087526887655258,0.09329415112733841,0,1.545572354211663,0.024111707189718626,0.2327178402622684,0.24042904892034664,0.18996970551784725,0.21874880438909164,0.12841477372599353,0.13227037805503264,0.10704070635378293,0.12143025578940514
R01,11,33,232,18,0.08175823092460632,0.09749862551689148,0.05154900625348091,0.09540586918592453,0,0.745572354211663,0.008514472919596758,0.23980615569562416,0.2456849502764512,0.1934211278247338,0.22737561742983306,0.12416031430761046,0.127099711598024,0.10096780037216528,0.11794504517471491
R01,11,34,232,18,0.08386607468128204,0.1000840961933136,0.051230430603027344,0.09558326005935669,0,0.8,0.009575623847261638,0.24830360402821883,0.25558809442968833,0.1917891282592365,0.22810029650998342,0.12893961393774023,0.13258185913847498,0.10068237605324906,0.11883796017862253
R01,11,35,232,20,0.08270476758480072,0.10138511657714844,0.05289628729224205,0.09759413450956345,0,0.8,0.009575623847261638,0.24362197284973497,0.26057140076725854,0.20032298007467977,0.23631514217074942,0.1265987983484983,0.13507351230726009,0.1049493019609707,0.12294538300900552
R01,11,36,232,20,0.07901586592197418,0.096086785197258,0.049283239990472794,0.09140419960021973,0,0.8544276457883371,0.01063677477492652,0.2287507324247202,0.24027716966064816,0.18181405882406432,0.21102795433800434,0.11969375359982336,0.12545697221778734,0.09622541679949542,0.11083236455646543
R01,11,37,232,20,0.07670623809099197,0.09260226041078568,0.04670131951570511,0.08754253387451172,0,1.6,0.025172858117383505,0.21943982259132436,0.22693037304808075,0.1685873948057368,0.19525223650196566,0.12230634035435393,0.12605161558273212,0.09688012646156016,0.11021254730967459
R01,11,38,232,24,0.08050733804702759,0.09702149033546448,0.04997787997126579,0.0928548276424408,0,1.6,0.025172858117383505,0.2347633732013469,0.24385737647128575,0.18537256100468363,0.21695407542268963,0.1299681156593652,0.13451511729433463,0.10527270956103357,0.12106346677003657
R01,11,39,232,24,0.07920582592487335,0.09597020596265793,0.04773387312889099,0.09009677171707153,0,1.054427645788337,0.014536083342456985,0.229516526997863,0.23983063550497322,0.17387696117929005,0.20568683606404142,0.12202630517016,0.12718335942371511,0.09420652226087352,0.1101114597032492
R01,11,40,232,24,0.08380766957998276,0.10039608925580978,0.0511622317135334,0.09396377950906754,0,1.2,0.01737424098232257,0.24806815283356606,0.25678312336615466,0.1914397589403226,0.221484377366016,0.13272119690794432,0.13707868217423863,0.10440699996132259,0.11942930917416929
R01,11,41,232,27,0.0826728567481041,0.0989450067281723,0.04999783635139465,0.09296980500221252,0,1.2,0.01737424098232257,0.24349332921321276,0.25122503308089805,0.18547479356279922,0.21742378215396269,0.13043378509776765,0.1342996370316103,0.1014245172725609,0.11739901156814263
R01,11,42,232,27,0.08023970574140549,0.0965343564748764,0.04931855574250221,0.09145887196063995,0,0.945572354211663,0.012413781487127224,0.2336844546705239,0.24199150466414443,0.18199497438332055,0.2112513024454487,0.12304911807882556,0.12720264307563584,0.09720437793522388,0.11183254196628796
R01,11,43,232,27,0.08307593315839767,0.09937246143817902,0.05004626139998436,0.0918831080198288,0,1.0367170626349889,0.014190788199327928,0.24511826984731325,0.25286231547237137,0.1857228654356654,0.21298439610010708,0.12965452902332059,0.13352655183584966,0.09995682681749667,0.1135875921497175
R01,11,44,232,27,0.07891729474067688,0.09548881649971008,0.0490688793361187,0.08972341567277908,0,0.945572354211663,0.012413781487127224,0.22835335784821095,0.23798676649926512,0.18071593191365065,0.20416159798661634,0.12038356966766908,0.12520027399319617,0.09656485670038893,0.10828768973687178
R01,11,45,232,27,0.08088081330060959,0.09744559973478317,0.048950985074043274,0.09109815955162048,0,2.0,0.032971475252444434,0.23626898131900967,0.24548184529875974,0.18011198310523485,0.20977771628112435,0.13462022828572706,0.1392266602756021,0.10654172917883964,0.12137459576678439
R01,11,46,232,30,0.07458876073360443,0.09105776995420456,0.04786546155810356,0.08982301503419876,0,1.7632829373650112,0.028356310900378146,0.210903537877216,0.2210145018009978,0.17455106247671703,0.20456848235569736,0.11962992438879708,0.12468540635068798,0.1014536866885476,0.11646239662803776
R01,11,47,232,34,0.07622554153203964,0.09158646315336227,0.049328673630952835,0.0906698927283287,0,2.2,0.036870783819974905,0.21750196825064239,0.22303955859697752,0.18204680630936906,0.20802815610614336,0.12718637603530863,0.12995517120847622,0.10945879506467199,0.12244946996305914
R01,11,48,232,34,0.0761982873082161,0.09233514219522476,0.04969789832830429,0.09156997501850128,0,1.145572354211663,0.01631309005465769,0.21739209703364534,0.2259072285124344,0.183938270847825,0.21170518183740983,0.11685259354415152,0.12111015928354604,0.10012568045124134,0.11400913594603376
R01,11,49,232,34,0.07540501654148102,0.09090374410152435,0.048872970044612885,0.08977149426937103,0,1.945572354211663,0.031910324324779554,0.21419414778681883,0.2204245356349424,0.17971232765777242,0.20435800918003943,0.1230522360557992,0.12616742997986097,0.10581132599127599,0.1181341667524095
R01,11,50,232,34,0.08769010007381439,0.10606666654348373,0.058740876615047455,0.10478672385215759,0,3.2,0.05636732665762723,0.2637195750140478,0.27850317025124216,0.23026364635519603,0.2656983845430448,0.16004345083583751,0.1674352484544347,0.14331548650641163,0.161032855600336
R01,11,51,232,42,0.08280210942029953,0.09623841941356659,0.05121423676609993,0.08661562204360962,0,3.2,0.05636732665762723,0.24401439150748958,0.24085797512727414,0.1917061704600712,0.19146560644596397,0.15019085908255841,0.14861265089245068,0.12403674855884922,0.1239164665517956
R01,11,52,232,42,0.09480683505535126,0.11077003926038742,0.0623912587761879,0.10386008024215698,0,1.945572354211663,0.031910324324779554,0.2924095989358171,0.2965185275502685,0.2489638266495737,0.26191285022591854,0.16215996163029833,0.164214425937524,0.14043707548717663,0.14691158727534903
R01,11,53,232,42,0.08522255718708038,0.1012762114405632,0.05673685297369957,0.09617627412080765,0,1.0367170626349889,0.014190788199327928,0.25377205488971366,0.2601542607561701,0.21999743264027566,0.230522883852014,0.1339814215445208,0.13717252447774902,0.11709411041980179,0.12235683602567096
R01,11,54,232,42,0.07494877278804779,0.09166883677244186,0.04871842637658119,0.08895592391490936,0,1.0367170626349889,0.014190788199327928,0.21235487117554752,0.2233550747742091,0.17892063124682892,0.20102623250611035,0.11327282968743772,0.11877293148676851,0.09655570972307842,0.10760851035271914
R01,11,55,232,42,0.07781141996383667,0.09573595970869064,0.049309805035591125,0.0920749232172966,0,1.0367170626349889,0.014190788199327928,0.223895193551755,0.23893340064497318,0.1819501462558213,0.21376800158200343,0.11904299087554146,0.12656209442215055,0.0980704672275746,0.11397939489066568
R01,11,56,232,42,0.07380443066358566,0.09034278243780136,0.04645228758454323,0.08746537566184998,0,1.0367170626349889,0.014190788199327928,0.20774163167587786,0.21827588074167706,0.16731165385418414,0.19493702895213,0.1109662099376029,0.11623333447050249,0.09075122102675603,0.10456390857572896
R01,11,57,232,42,0.06776265799999237,0.08375497907400131,0.04391546547412872,0.08325241506099701,0,1.945572354211663,0.031910324324779554,0.18338515322078852,0.19304257720439855,0.1543160197683836,0.17772619756117136,0.10764773877278404,0.11247645076458905,0.09311317204658158,0.10481826094297546
R01,11,58,232,42,0.07259076088666916,0.08836609870195389,0.04956946149468422,0.08843497186899185,0,3.2,0.05636732665762723,0.20284890839431716,0.21070457693228867,0.18328031454650887,0.19889803367528197,0.1296081175259722,0.13353595179495795,0.11982382060206805,0.1276326801664546
R01,11,59,232,50,0.08649246394634247,0.1013745442032814,0.04909653961658478,0.08784081041812897,0,3.2,0.05636732665762723,0.2588914889273962,0.2605309053389398,0.18085763001781494,0.19647075900583977,0.15762940779251172,0.1584491159982835,0.11861247833772108,0.1264190428317335
R01,11,60,232,50,0.07913830131292343,0.09458478540182114,0.045485448092222214,0.08531805127859116,0,1.945572354211663,0.031910324324779554,0.22924431189681213,0.23452405065296025,0.1623587278250697,0.18616475657567358,0.13057731811079584,0.1332171874888699,0.09713452607492462,0.10903754045022657
R01,11,61,232,50,0.07629512250423431,0.09071643650531769,0.04271585866808891,0.08280068635940552,0,1.0367170626349889,0.014190788199327928,0.21778247325215558,0.2197070902029958,0.14817067318135707,0.17588079067178017,0.11598663072574175,0.11694893920116187,0.0811807306903425,0.09503578943555405
R01,11,62,232,50,0.06788332760334015,0.08254355192184448,0.03926554322242737,0.07828214764595032,0,1.0367170626349889,0.014190788199327928,0.1838716141913965,0.1884024403703748,0.1304953947973017,0.15742160832978258,0.09903120119536221,0.10129661428485136,0.07234309149831482,0.08580619826455525
R01,11,63,232,50,0.06906662881374359,0.08403070271015167,0.04273039102554321,0.08001891523599625,0,1.0367170626349889,0.014190788199327928,0.18864191126178173,0.19409868313518802,0.14824511955231262,0.16451666973422824,0.10141634973055483,0.10414473566725797,0.08121795387582027,0.08935372896677808
R01,11,64,232,50,0.07520119845867157,0.08915059268474579,0.04903059080243111,0.08666344732046127,0,1.0367170626349889,0.014190788199327928,0.21337248649316906,0.21370942903515075,0.1805197873864317,0.19166098277489357,0.1137816373462485,0.11395010861723934,0.09735528779287982,0.10292588548711075
R01,11,65,232,50,0.07410229742527008,0.08755985647439957,0.04941960424184799,0.0847439244389534,0,1.0367170626349889,0.014190788199327928,0.208942435772194,0.20761642239442846,0.18251262570661433,0.1838193275127887,0.11156661198576097,0.11090360529687819,0.09835170695297113,0.09900505785605831
R01,11,66,232,50,0.06581860035657883,0.07976217567920685,0.046767815947532654,0.0837901160120964,0,2.345572354211663,0.03970894145984048,0.1755479834456695,0.17774891792805242,0.16892804277332368,0.1799228191973329,0.10762846245275498,0.10872892969394646,0.10431849211658209,0.10981588032858669
R01,11,67,232,50,0.06244751438498497,0.0772191733121872,0.04097563400864601,0.07878585904836655,0,4.0,0.0719645609277491,0.16195796816221678,0.168008440400197,0.13925584907588934,0.15947937550067276,0.11696126454498293,0.11998650066397304,0.10561020500181922,0.11572196821421094
R01,11,68,232,60,0.09169699251651764,0.10780774056911469,0.04409068822860718,0.08454367518424988,0,4.0,0.0719645609277491,0.2798727464235988,0.28517201674581566,0.15521365101787474,0.18300126713069786,0.17591865367567394,0.17856828883678239,0.11358910597281191,0.1274829140292235
R01,11,69,232,60,0.08897329866886139,0.10527701675891876,0.044371262192726135,0.08380689471960068,0,2.345572354211663,0.03970894145984048,0.26889259304602303,0.27547856984929864,0.15665097551797408,0.17999136375143004,0.15430076725293176,0.15759375565456957,0.09817995848890729,0.10985015260563527
R01,11,70,232,60,0.08494948595762253,0.10063343495130539,0.04431666433811188,0.08212219923734665,0,1.0367170626349889,0.014190788199327928,0.2526712101728853,0.2576922300360071,0.15637128159007754,0.1731090278747752,0.13343099918610662,0.13594150911766753,0.08528103489470273,0.09364990803705156
R01,11,71,232,60,0.07988597452640533,0.09473492205142975,0.044586364179849625,0.08017642796039581,0,1.0367170626349889,0.014190788199327928,0.23225844161164796,0.2350991199806912,0.15775290012841856,0.1651601423888319,0.12322461490548794,0.12464495409000956,0.08597184416387324,0.08967546529407991
R01,11,72,232,60,0.08299633115530014,0.09870216995477676,0.04627876728773117,0.08428676426410675,0,1.0367170626349889,0.014190788199327928,0.24479736659898182,0.2502948939017638,0.16642274395602003,0.18195173191116978,0.1294940773991549,0.13224284105054587,0.09030676607767398,0.09807126005524885
R01,11,73,232,60,0.08139752596616745,0.09797002375125885,0.045497000217437744,0.08468982577323914,0,1.0367170626349889,0.014190788199327928,0.2383520290612673,0.24749054981818794,0.16241790706022302,0.18359832306905013,0.12627140863029762,0.13084066900875793,0.08830434762977547,0.09889455563418903
R01,11,74,232,60,0.07990070432424545,0.09655372053384781,0.04482167959213257,0.08344999700784683,0,1.0367170626349889,0.014190788199327928,0.23231782252909003,0.24206567493771758,0.15895837408744154,0.17853336142888976,0.12325430536420898,0.12812823156852277,0.08657458114338473,0.09636207481410884
R01,11,75,232,60,0.07317985594272614,0.08952271193265915,0.04469531774520874,0.08273707330226898,0,1.0367170626349889,0.014190788199327928,0.20522375462567435,0.21513475966755222,0.1583110475294277,0.17562091793515436,0.10970727141250114,0.11466277393344007,0.08625091786437782,0.09490585306724114
R01,11,76,232,60,0.06711619347333908,0.08173192292451859,0.043510179966688156,0.07984365522861481,0,1.0367170626349889,0.014190788199327928,0.18077903078088098,0.18529365285529512,0.15223982288672092,0.16380069569069947,0.09748490949010445,0.09974222052731152,0.08321530554302442,0.0889957419450137
R01,11,77,232,60,0.060576509684324265,0.0751720741391182,0.04225052893161774,0.07753542065620422,0,1.0367170626349889,0.014190788199327928,0.15441530010460894,0.160167423910724,0.14578688168111928,0.15437107130055042,0.08430304415196843,0.08717910605502596,0.0799888349402236,0.08428092974993917
R01,11,78,232,60,0.06208939477801323,0.076872818171978,0.043061621487140656,0.07944073528051376,0,1.545572354211663,0.024111707189718626,0.1605142639751803,0.16668179418719375,0.14994194719321008,0.1621546828394478,0.09231298558244946,0.09539675068845618,0.08702682719146435,0.09313319501458323
R01,11,79,232,60,0.06713605672121048,0.08292094618082047,0.04488925635814667,0.08414875715970993,0,2.4,0.04077009238750536,0.18085910641360764,0.1898479759099289,0.15930455639175672,0.1813879438225636,0.1108145994005565,0.11530903414871714,0.10003732438963105,0.11107901810503448
R01,11,80,232,66,0.06822813302278519,0.08478604257106781,0.045821335166692734,0.08583389967679977,0,2.4,0.04077009238750536,0.18526164427652658,0.19699186602662583,0.16407941036565812,0.18827210593067753,0.11301586833201598,0.1188809792070656,0.10242475137658175,0.11452109915909145
R01,11,81,232,66,0.09533292800188065,0.11351043730974197,0.07061034440994263,0.12045571953058243,0,1.545572354211663,0.024111707189718626,0.29453046183996623,0.3070150909680997,0.29106856429658345,0.32970953210336845,0.15932108451484242,0.16556339907890916,0.15759013574315103,0.17691061964654353
R01,11,82,232,66,0.09978430718183517,0.11965808272361755,0.06997595727443695,0.1218414455652237,0,1.0367170626349889,0.014190788199327928,0.31247551325597134,0.33056245481631263,0.2878187254340454,0.33537051481738767,0.16333315072764965,0.1723766215078203,0.15100475681668668,0.1747806515083578
R01,11,83,232,66,0.1061105877161026,0.12405391782522202,0.0795566663146019,0.12565071880817413,0,1.0367170626349889,0.014190788199327928,0.337978941490243,0.34739984890553544,0.33689878842204923,0.35093219832642325,0.17608486484478547,0.1807953185524317,0.1755447883106886,0.1825614932628756
R01,11,84,232,66,0.09057551622390747,0.10719183832406998,0.06576493382453918,0.10689952969551086,0,1.0367170626349889,0.014190788199327928,0.2753516870127656,0.2828129226077144,0.2662464915525554,0.27432964141366994,0.14477123760604677,0.14850185540352118,0.1402186398759417,0.14426021480649895
R01,11,85,232,66,0.06948842853307724,0.08467022329568863,0.05013338848948479,0.08926009386777878,0,1.0367170626349889,0.014190788199327928,0.1903423320403091,0.19654824274740507,0.18616920015084312,0.20226883082805322,0.10226656011981851,0.1053695154733665,0.10017999417508552,0.10822980951369057
R01,11,86,232,66,0.07210009545087814,0.0887114554643631,0.04969194158911705,0.09323562681674957,0,1.0367170626349889,0.014190788199327928,0.20087086605791565,0.21202739905269521,0.1839077556601403,0.21850972025390827,0.10753082712862179,0.11310909362601157,0.09904927192973412,0.1163502542266181
R01,11,87,232,66,0.07743988931179047,0.09586261212825775,0.053311966359615326,0.09956440329551697,0,0.745572354211663,0.008514472919596758,0.22239742479648594,0.2394185181826685,0.20245242109245268,0.2443641051406498,0.11545594885804135,0.12396649555113262,0.10548344700602472,0.12643928903012328
R01,11,88,232,66,0.11862281709909439,0.1399664580821991,0.08631574362516403,0.14357884228229523,0,1.2,0.01737424098232257,0.3884200723239751,0.4083497492258531,0.3715241944073943,0.42417235875111703,0.20289715665314884,0.21286199510408782,0.19444921769485846,0.22077329986671979
R01,11,89,232,68,0.0939326360821724,0.11025986820459366,0.06910686939954758,0.11196744441986084,0,0.5632829373650111,0.004960459495195347,0.2888854000555784,0.29456441623335866,0.28336656145924355,0.2950331404701018,0.14692292977538687,0.149762437864277,0.14416351047721945,0.1499967999826486
R01,11,90,232,70,0.12840375304222107,0.14445583522319794,0.09796565771102905,0.14509627223014832,0,1.2,0.01737424098232257,0.42785041319146633,0.42554543796098243,0.4312043824542327,0.4303713796901695,0.22261232708689443,0.2214598394716525,0.22428931171827765,0.223872810336246
R01,11,91,232,70,0.1342945247888565,0.15219490230083466,0.10574934631586075,0.15356238186359406,0,0.745572354211663,0.008514472919596758,0.4515981546441284,0.4551884339463273,0.47107866789621816,0.46495722068025724,0.2300563137818626,0.23185145343296204,0.23979657040790747,0.236735846799927
R01,11,92,232,70,0.0980563834309578,0.11415434628725052,0.07284631580114365,0.11691682040691376,0,0.945572354211663,0.012413781487127224,0.3055096540696623,0.30948145946493955,0.30252300010707034,0.31525238381797,0.15896171777839477,0.1609476204760334,0.1574683907970988,0.16383308265254862
R01,11,93,232,70,0.08393829315900803,0.10164536535739899,0.060318488627672195,0.10979175567626953,0,1.2,0.01737424098232257,0.2485947417281511,0.26156823326279927,0.23834543827953578,0.2861449937075673,0.13298449135523682,0.13947123712256093,0.12785983963092917,0.15175961734494492
R01,11,94,232,73,0.10977570712566376,0.12946408987045288,0.07898851484060287,0.13539239764213562,0,0.9088552915766741,0.0116979257025914,0.3527543074142587,0.36812246399698867,0.33398826165271533,0.3907290081618241,0.18222611655842508,0.18991019484979005,0.17284309367765338,0.20121346693220776
R01,11,95,232,73,0.10226957499980927,0.12151139229536057,0.0743211954832077,0.12806300818920135,0,2.4,0.04077009238750536,0.32249448871798614,0.337661197809965,0.31007851477638804,0.360786908525862,0.18163229055274574,0.18921564509873517,0.1754243035819467,0.20077850045668366
R01,11,96,232,75,0.0912201926112175,0.10880161821842194,0.06613583117723465,0.1151275634765625,0,4.4,0.07976317806281003,0.2779506008435755,0.28897887238781833,0.26814652477098033,0.30794289240303846,0.17885688945319275,0.18437102522531418,0.17395485141689518,0.19385303523292424
R01,11,97,232,66,0.10766486078500748,0.1260046809911728,0.06884860247373581,0.11248620599508286,0,4.345572354211663,0.07870202713514515,0.3442447546255542,0.35487186899743206,0.28204351147062373,0.29715239076678074,0.21147339088034967,0.21678694806628862,0.18037276930288443,0.18792720895096293
R01,11,98,232,66,0.11742082983255386,0.135695680975914,0.07169709354639053,0.114797443151474,0,3.4,0.06026663522515769,0.3835744452885192,0.3919913655413727,0.29663576353469995,0.3065942813448965,0.22192054025683844,0.2261290003832652,0.17845119937992882,0.1834304582850271
R01,11,99,232,70,0.08582071959972382,0.10149843990802765,0.06475130468606949,0.10466082394123077,0,1.6,0.025172858117383505,0.25618345477637033,0.26100546381498757,0.26105387149134623,0.2651840568897884,0.14067815644687692,0.14308916096618554,0.14311336480436487,0.14517845750358596
R01,11,100,232,70,0.085238978266716,0.10302368551492691,0.06224849075078964,0.10718633234500885,0,0.8544276457883371,0.01063677477492652,0.2538382539499273,0.2668476213965686,0.2482324545089687,0.27550129064342793,0.13223751436242692,0.13874219808574756,0.1294346146419476,0.14306903270917723
R01,11,101,232,70,0.09082560986280441,0.10845980048179626,0.06558846682310104,0.11374352127313614,0,0.8,0.009575623847261638,0.27635990110268893,0.28766960581952694,0.26534248627386686,0.3022887884941818,0.14296776247497528,0.14862261483339428,0.13745905506056424,0.1559322061707217
R01,11,102,232,72,0.09226401895284653,0.11080311238765717,0.06572321802377701,0.11499796062707901,0,0.8,0.009575623847261638,0.2821586264043422,0.296645207752035,0.26603278981916395,0.3074134374658628,0.1458671251258019,0.15311041579964832,0.1378042068332128,0.15849453065656222
R01,11,103,232,72,0.08940059691667557,0.10763963311910629,0.06220116466283798,0.1094251200556755,0,0.654427645788337,0.006737466207396051,0.27061518029752574,0.28452811375134424,0.24799001239242954,0.28464720997641024,0.1386763232524609,0.14563278997937015,0.1273637392999128,0.14569233809190316
R01,11,104,232,72,0.08790378272533417,0.10444530844688416,0.06233266741037369,0.10484649240970612,0,1.2,0.01737424098232257,0.26458100380121974,0.27229287241221833,0.2486636747597022,0.26594255168912256,0.14097762239177114,0.14483355669727044,0.13301895787101237,0.14165839633572258
R01,11,105,232,75,0.09906329959630966,0.11536592245101929,0.06937503814697266,0.11187829077243805,0,1.2,0.01737424098232257,0.30956888192430454,0.3141221670590523,0.28474033650656616,0.2946689290427811,0.16347156145331354,0.16574820402068746,0.15105728874444435,0.1560215850125518
R01,11,106,232,75,0.09722164273262024,0.1131388321518898,0.06680867820978165,0.10760605335235596,0,0.945572354211663,0.012413781487127224,0.30214452516351226,0.3055917294580055,0.27159338602104593,0.27721593936034966,0.15727915332531975,0.15900275547256637,0.1420035837540866,0.14481486042373845
R01,11,107,232,75,0.10025415569543839,0.11764773726463318,0.06476057320833206,0.10971539467573166,0,1.0367170626349889,0.014190788199327928,0.31436963536812745,0.3228622163028059,0.2611013522836911,0.285833042937167,0.1642802117837277,0.16852650225106694,0.13764607024150952,0.15001191556824747
R01,11,108,232,75,0.1032942533493042,0.12114634364843369,0.06567312777042389,0.11154636740684509,0,1.0367170626349889,0.014190788199327928,0.32662532208966527,0.33626294974378934,0.26577618743416825,0.2933129521844209,0.1704080551444966,0.17522686897155865,0.1399834878167481,0.15375187019187442
R01,11,109,232,75,0.10157396644353867,0.11849062889814377,0.06120822951197624,0.10573885589838028,0,1.745572354211663,0.02801101575724909,0.31969024967137755,0.32609074928457005,0.24290340350544698,0.26958804449052903,0.1738506327143133,0.17705088252090956,0.13545720963134802,0.14879953012388905
R01,11,110,232,75,0.1023242399096489,0.11820868402719498,0.0621354803442955,0.10392123460769653,0,2.8,0.04856870952256629,0.3227148619052762,0.3250108141200624,0.2476535247193488,0.2621626786895194,0.18564178571392126,0.18678976182131435,0.14811111712095754,0.15536569410604287
R01,11,111,232,82,0.08800910413265228,0.10454978793859482,0.06396995484828949,0.10545174777507782,0,2.8,0.04856870952256629,0.26500559087707265,0.27269306084866174,0.2570511719945615,0.26841514733594074,0.15678715019981948,0.16063088518561403,0.1528099407585639,0.15849192842925353
R01,11,112,232,82,0.09090661257505417,0.10793200880289078,0.06652872264385223,0.1087028831243515,0,1.745572354211663,0.02801101575724909,0.2766864510948135,0.285648002122086,0.27015922945162557,0.2816967199939442,0.15234873342603128,0.15682950893966754,0.14908512260443732,0.15485386787559663
R01,11,113,232,82,0.08902889490127563,0.10697999596595764,0.0644654780626297,0.10661719739437103,0,1.945572354211663,0.031910324324779554,0.26911672071721815,0.2820015015271043,0.25958963866439544,0.2731762544985027,0.15051352252099887,0.1569559129259419,0.1457499814945875,0.15254328941164114
R01,11,114,232,82,0.09024722874164581,0.10755739361047745,0.06302832067012787,0.10633407533168793,0,3.2,0.05636732665762723,0.2740282464541753,0.2842131112581928,0.2522273677664943,0.27201964124109107,0.16519778655590125,0.17029021895791002,0.15429734721206076,0.16419348394935915
R01,11,115,232,90,0.0851520225405693,0.10028423368930817,0.0629502609372139,0.10460761934518814,0,3.2,0.05636732665762723,0.25348770529668174,0.25635468230530284,0.2518274833119948,0.264966704908968,0.15492751597715448,0.15636100448146503,0.154097404984811,0.16066701578329762
R01,11,116,232,90,0.08339190483093262,0.09837502986192703,0.06253772228956223,0.10372652858495712,0,2.454427645788337,0.04183124331517024,0.24639206111074333,0.24904184720224462,0.24971413003857346,0.2613672635775211,0.1441116522129568,0.14543654525870742,0.14577268667687185,0.15159925344634567
R01,11,117,232,90,0.08482719957828522,0.0992315337061882,0.06477993726730347,0.10530485957860947,0,2.4,0.04077009238750536,0.25217823141821816,0.2523225191181443,0.261200550498566,0.267815078115681,0.14647416190286175,0.14654630575282482,0.15098532144303567,0.15429258525159317
R01,11,118,232,96,0.08508767187595367,0.10054961591959,0.0638442113995552,0.1048804372549057,0,2.508855291576674,0.04289239424283512,0.2532282854767792,0.2573711774859117,0.25640701336722665,0.266081223531248,0.14806033985980718,0.15013178586437342,0.1496497038050309,0.15448680888704158
R01,11,119,232,96,0.09068533033132553,0.1054479330778122,0.06556914746761322,0.1071723997592926,0,2.108855291576674,0.0350937771077742,0.27579438571897646,0.2761332316714488,0.265243517066029,0.2754443730962869,0.15544408141337535,0.15561350438961152,0.15016864708690159,0.15526907510203053
R01,11,120,232,100,0.08937568217515945,0.10594692826271057,0.06269916892051697,0.10227318853139877,0,1.6,0.025172858117383505,0.27051474034409817,0.27804453598167916,0.25054118895281885,0.2554300633553174,0.14784379923074084,0.15160869704953134,0.13785702353510118,0.14030146073635047
R01,11,121,232,100,0.088835708796978,0.10567807406187057,0.06405635923147202,0.10491109639406204,0,1.145572354211663,0.01631309005465769,0.2683379206118283,0.2770147420909953,0.25749380442930714,0.2662064725721493,0.142325505333243,0.1466639160728265,0.13690344724198242,0.1412597813134035
R01,11,122,232,100,0.08762449026107788,0.10353196412324905,0.06320056319236755,0.10351767390966415,0,0.945572354211663,0.012413781487127224,0.26345507913190563,0.26879448406034734,0.25310973188018315,0.26051404823984314,0.13793443030951644,0.1406041327737373,0.1327617566836552,0.1364639148634852
R01,11,123,232,100,0.08749604225158691,0.1042284443974495,0.06408021599054337,0.10597169399261475,0,1.2,0.01737424098232257,0.2629372607117228,0.271462216716607,0.25761601785140387,0.27053923714598616,0.1401557508470227,0.14441822884946476,0.1374951294168632,0.14395673906415435
R01,11,124,232,103,0.08378434181213379,0.10012247413396835,0.060733385384082794,0.10152946412563324,0,1.2,0.01737424098232257,0.24797411052071267,0.25573509369062536,0.24047087167416062,0.252391792514052,0.13267417575151763,0.13655466733647398,0.1289225563282416,0.1348830167481873
R01,11,125,232,103,0.08876731246709824,0.10614246875047684,0.06407660990953445,0.10669703781604767,0,0.945572354211663,0.012413781487127224,0.2680621913138423,0.27879351590854623,0.2575975446170832,0.27350241943709275,0.14023798640048477,0.14560364869783674,0.1350056630521052,0.14295810046211
R01,11,126,232,103,0.08688177913427353,0.10315602272748947,0.06337184458971024,0.104369156062603,0,1.0367170626349889,0.014190788199327928,0.26046095330731583,0.2673545134316615,0.25398717234257584,0.26399253217431756,0.1373258707533219,0.14077265081549473,0.1340889802709519,0.13909166018682276
R01,11,127,232,103,0.08764700591564178,0.10446254163980484,0.06384363025426865,0.10578718036413193,0,1.0367170626349889,0.014190788199327928,0.2635458475347939,0.272358880816518,0.2564040362757452,0.26978546011125465,0.13886831786706091,0.14327483450792297,0.13529741223753658,0.1419881241552913
R01,11,128,232,103,0.08983471989631653,0.10624374449253082,0.0669284462928772,0.10803575068712234,0,1.545572354211663,0.024111707189718626,0.2723652804070846,0.2791814330030749,0.2722069340410974,0.27897134347599967,0.1482384937984016,0.15164657009639676,0.148159320615408,0.15154152533285914
R01,11,129,232,103,0.0903681293129921,0.10680728405714035,0.06491592526435852,0.1085759848356247,0,2.8,0.04856870952256629,0.27451563853679173,0.28133996204588096,0.26189718990522093,0.28117831375709595,0.16154217402967902,0.16495433578422364,0.15523294971389362,0.16487351163983113
R01,11,130,232,109,0.09186309576034546,0.1071176677942276,0.06494881212711334,0.10786885768175125,0,2.963282937365011,0.051752162305560935,0.28054236613703015,0.2825288267733855,0.2620656627487984,0.2782895503979465,0.16614726422129555,0.16714049453947322,0.15690891252717967,0.16502085635175373
R01,11,131,232,111,0.09814390540122986,0.11676503717899323,0.06502571702003479,0.10650213062763214,0,2.963282937365011,0.051752162305560935,0.3058624854491222,0.31948120476324976,0.2624596311881745,0.2727061825209378,0.17880732387734158,0.18561668353440536,0.15710589674686773,0.16222917241324938
R01,11,132,232,115,0.09681430459022522,0.11557075381278992,0.06581489741802216,0.10843558609485626,0,1.7632829373650112,0.028356310900378146,0.3005024040110623,0.3149067338774722,0.2665024450842795,0.2806047553301837,0.16442935745572024,0.17163152238892518,0.14742937799232883,0.15448053311528093
R01,11,133,232,117,0.09164117276668549,0.11049572378396988,0.062115222215652466,0.10445578396320343,0,1.508855291576674,0.023395851405182796,0.2796477176762664,0.2954678153023206,0.24754974636373323,0.2643464253938945,0.1515217845407246,0.1594318333537517,0.135472798884458,0.14387113839953866
R01,11,134,232,117,0.09638796746730804,0.11522688716650009,0.06640180945396423,0.11065296083688736,0,0.9088552915766741,0.0116979257025914,0.2987836913869496,0.31358961935795626,0.2695090784734883,0.28966319817627656,0.15524080854477051,0.16264377253027384,0.14060350208803984,0.15068056193943397
R01,11,135,232,120,0.11143984645605087,0.13001349568367004,0.06567376106977463,0.10804056376218796,0,1.2,0.01737424098232257,0.3594630295068795,0.37022685644534753,0.2657794317005262,0.27899100590137565,0.188418635244601,0.19380054871383506,0.14157683634142437,0.14818262344184913
R01,11,136,232,120,0.10713991522789001,0.12592428922653198,0.06477919220924377,0.10764564573764801,0,0.945572354211663,0.012413781487127224,0.342128517245576,0.354563943929385,0.26119673371461544,0.27737768259324136,0.17727114936635163,0.18348886270825612,0.13680525760087134,0.1448957320401843
R01,11,137,232,120,0.1056089997291565,0.12459482252597809,0.06623400002717972,0.10793115943670273,0,1.0367170626349889,0.014190788199327928,0.3359568665666032,0.34947167949081354,0.2686494242243052,0.278544066188959,0.17507382738296556,0.18183123384507074,0.14142010621181658,0.14636742719414347
R01,11,138,232,120,0.10451408475637436,0.12376879900693893,0.06568052619695663,0.10817518085241318,0,1.0367170626349889,0.014190788199327928,0.3315428850367417,0.3463077565511308,0.2658140880987972,0.2795409450680839,0.1728668366180348,0.18024927237522936,0.14000243814906257,0.14686586663370593
R01,11,139,232,120,0.09773378074169159,0.11675022542476654,0.06207287684082985,0.10359329730272293,0,1.0367170626349889,0.014190788199327928,0.30420913088082835,0.31942447121039735,0.24733281944790353,0.26082298572833595,0.15919995954007815,0.16680762970486265,0.13076180382361574,0.13750688696383195
R01,11,140,232,120,0.10530966520309448,0.12483528256416321,0.06924131512641907,0.11434447765350342,0,0.8367170626349889,0.010291479631797463,0.33475014540365267,0.3503927150465273,0.28405530012312086,0.3047438218818019,0.17252081251772505,0.18034209733916237,0.14717338987745915,0.15751765075679966
R01,11,141,232,120,0.09878012537956238,0.11803261935710907,0.06640027463436127,0.10961069911718369,0,0.8911447084233259,0.011352630559462343,0.3084273085660743,0.32433643253683525,0.2695012158985502,0.2854053395294526,0.15988996956276832,0.1678445315481488,0.14042692322900627,0.14837898504445746
R01,11,142,232,121,0.1004071906208992,0.12014944851398468,0.06861259788274765,0.11191501468420029,0,1.2,0.01737424098232257,0.3149865721634033,0.3324445362099832,0.2808345069864465,0.29481895395714375,0.16618040657286293,0.1749093885961529,0.14910437398438453,0.15609659746973314
R01,11,143,232,120,0.09882672876119614,0.11852516233921051,0.06643940508365631,0.11072180420160294,0,2.6,0.04466940095503583,0.3086151829406824,0.3262230229352094,0.26970167339163326,0.2899444378209735,0.17664229194785913,0.18544621194512262,0.15718553717333456,0.16730691938800468
R01,11,144,232,126,0.09651681035757065,0.11573894321918488,0.06576631963253021,0.11172106117010117,0,2.2,0.036870783819974905,0.2993031017083082,0.3155509507899926,0.26625359077070343,0.29402661300143484,0.16808694276414154,0.17621086730498375,0.15156218729533916,0.16544869841070486
R01,11,145,232,126,0.1069808080792427,0.1266944259405136,0.073453888297081,0.12192908674478531,0,1.545572354211663,0.024111707189718626,0.34148710121523934,0.3575138032976663,0.305635472915228,0.3357285474949385,0.18279940420247898,0.19081275524369246,0.16487359005247332,0.17992012734232857
R01,11,146,232,126,0.09284856915473938,0.11138645559549332,0.06631931662559509,0.11075237393379211,0,0.8367170626349889,0.010291479631797463,0.2845151507542428,0.29887959081067694,0.26908648415448305,0.29006932161558296,0.1474033151930201,0.1545855352212372,0.13968898189314025,0.1501804006236902
R01,11,147,232,126,0.10310319066047668,0.12299356609582901,0.07277093827724457,0.11942238360643387,0,0.691144708423326,0.0074533219919318775,0.32585508220757886,0.3433383771878037,0.30213685607479285,0.32548813721134395,0.16665420209975537,0.17539584958986779,0.15479508903336237,0.16647072960163792
R01,11,148,232,127,0.0886128768324852,0.10775740444660187,0.06311319768428802,0.10602268576622009,0,0.691144708423326,0.0074533219919318775,0.26743960777477327,0.2849792139877316,0.2526621757941413,0.2707475492810842,0.13744646488335258,0.14621626798983176,0.1300577488930366,0.13910043563650804
R01,11,149,232,127,0.08865606039762497,0.10757981985807419,0.06208670139312744,0.1075194776058197,0,0.945572354211663,0.012413781487127224,0.26761369568448207,0.28429901065159613,0.24740363987410605,0.2768622592011096,0.14001373858580465,0.14835639606936168,0.12990871068061663,0.1446380203441184
R01,11,150,232,127,0.08288915455341339,0.10195993632078171,0.05823077633976936,0.10340861231088638,0,1.6,0.025172858117383505,0.24436530059119005,0.26277313634880634,0.2276505043073695,0.2600685086382118,0.13476907935428678,0.14397299723309492,0.1264116812123765,0.14262068337779765
R01,11,151,232,131,0.09464653581380844,0.11482815444469452,0.054195333272218704,0.09890815615653992,0,1.6,0.025172858117383505,0.2917633771660819,0.3120623509736489,0.2069777337316669,0.24168319735873361,0.15846811764173271,0.16861760454551622,0.1160752959245252,0.13342802773805856
R01,11,152,232,131,0.09465499967336655,0.11469457298517227,0.05747826769948006,0.10194098204374313,0,2.454427645788337,0.04183124331517024,0.2917974979158109,0.3115506930918124,0.2237955525173107,0.2540729298836998,0.16681437061549056,0.1766909682034913,0.13281339791624047,0.147952086599435
R01,11,153,232,131,0.0963200256228447,0.11712569743394852,0.060690127313137054,0.10585083067417145,0,4.0,0.0719645609277491,0.2985097942771093,0.32086264394480263,0.2402492691979915,0.27004548503383535,0.1852371776024292,0.19641360243627587,0.1561069150628703,0.17100502298079223
R01,11,154,232,141,0.12410979717969894,0.14466118812561035,0.06405393034219742,0.10955818742513657,0,4.0,0.0719645609277491,0.4105399896988976,0.426332002439714,0.25748136171362834,0.2851908182073937,0.24125227531332336,0.24914828168373154,0.16472296132068873,0.17857768956757142
R01,11,155,232,141,0.12017793953418732,0.14031901955604553,0.06360338628292084,0.10780958831310272,0,2.345572354211663,0.03970894145984048,0.3946893095486077,0.40970016759656563,0.2551733142908893,0.27804742254366466,0.2171991255042241,0.22470455452820307,0.1474411278753649,0.15887818200175258
R01,11,156,232,141,0.11923331767320633,0.14016038179397583,0.06269391626119614,0.10624704509973526,0,1.0367170626349889,0.014190788199327928,0.39088121161340567,0.40909253640575394,0.2505142806259675,0.27166410441320094,0.2025359999063668,0.21164166230254094,0.13235253441264772,0.14292744630626444
R01,11,157,232,141,0.11084278672933578,0.1310681402683258,0.05832106992602348,0.10144456475973129,0,1.0367170626349889,0.014190788199327928,0.3570560749291664,0.37426646805166836,0.22811306035433707,0.25204496072278343,0.18562343156424718,0.19422862812549815,0.1211519242768325,0.1331178744610557
R01,11,158,232,141,0.10480310767889023,0.12489813566207886,0.05327332019805908,0.09555543959140778,0,1.0367170626349889,0.014190788199327928,0.3327080365538956,0.3506334616520922,0.20225444450893748,0.22798664403884722,0.17344941237661177,0.18241212492571007,0.1082226163541327,0.12108871611908757
R01,11,159,232,141,0.10626374185085297,0.12596745789051056,0.05675911530852318,0.10083210468292236,0,1.0367170626349889,0.014190788199327928,0.33859635885945866,0.35472929312718526,0.22011147814471818,0.24954293231228328,0.1763935735293933,0.1844600406632566,0.11715113317202305,0.1318668602558056
R01,11,160,232,141,0.105777308344841,0.12559820711612701,0.05711129307746887,0.10061318427324295,0,1.0367170626349889,0.014190788199327928,0.33663537689792167,0.3533149496264982,0.22191561466638546,0.24864859632958522,0.1754130825486248,0.18375286891291306,0.11805320143285669,0.13141969226445657
R01,11,161,232,141,0.10406652092933655,0.1230068951845169,0.05727262794971466,0.098978690803051,0,1.0367170626349889,0.014190788199327928,0.3297386002154653,0.34338943167777,0.22274210106303827,0.24197134624578404,0.17196469420739663,0.17879010993854896,0.1184664446311831,0.128081067222556
R01,11,162,232,141,0.107132688164711,0.1253403276205063,0.0623856820166111,0.10320626199245453,0,1.0367170626349889,0.014190788199327928,0.34209938245047294,0.35232719221637343,0.24893525802170383,0.2592418649682633,0.17814508532490045,0.1832589902078507,0.13156302311051588,0.13671632658379562
R01,11,163,232,141,0.10335467010736465,0.12220600247383118,0.06229948624968529,0.10409300774335861,0,1.0367170626349889,0.014190788199327928,0.32686888296955285,0.34032176742710696,0.2484936942864643,0.2628644081276675,0.1705298355844404,0.17725627781321746,0.13134224124289612,0.13852759816349772
R01,11,164,232,141,0.09864037483930588,0.1177244782447815,0.06030372530221939,0.10225342959165573,0,1.0367170626349889,0.014190788199327928,0.3078639257292199,0.32315615774867107,0.23826980870555556,0.25534934392482644,0.16102735696427392,0.1686734729739995,0.12623029845244174,0.1347700660620772
R01,11,165,232,141,0.09520025551319122,0.11335048079490662,0.058858707547187805,0.10069821029901505,0,1.0367170626349889,0.014190788199327928,0.29399561308079014,0.3064024085504998,0.23086727073697605,0.24899594555310053,0.15409320064005905,0.1602965983749139,0.12252902946815199,0.13159336687621423
R01,11,166,232,141,0.08987365663051605,0.10755694657564163,0.05486336350440979,0.09645118564367294,0,1.0367170626349889,0.014190788199327928,0.2725222478701864,0.28421139897792563,0.2103999194734922,0.23164595532496068,0.14335651803475719,0.1492010935886268,0.11229535383641007,0.1229183717621443
R01,11,167,232,141,0.08956922590732574,0.10817278176546097,0.05632989853620529,0.09934404492378235,0,1.0367170626349889,0.014190788199327928,0.27129498217130754,0.2865702362739868,0.2179126861625637,0.24346389478009176,0.14274288518531775,0.15038051223665738,0.11605173718094582,0.12882734148970984
R01,11,168,232,141,0.091035395860672,0.10944538563489914,0.0572236031293869,0.10027006268501282,0,2.145572354211663,0.035809632892310025,0.27720562112920216,0.29144469866257355,0.22249095667909186,0.2472468723731753,0.1565076270107561,0.1636271657774418,0.12915029478570095,0.14152825263274266
R01,11,169,232,141,0.09382105618715286,0.11267296969890594,0.05993674695491791,0.10384151339530945,0,3.6,0.06416594379268817,0.28843558284788356,0.3038073336535773,0.23638985177071056,0.2618370007459851,0.17630076332028588,0.18398663872313276,0.15027789778169937,0.16300147226933664
R01,11,170,232,150,0.10538703948259354,0.12304030358791351,0.05848993360996246,0.10170086473226547,0,3.6,0.06416594379268817,0.33506206792648324,0.3435173960897369,0.2289781153528102,0.2530920000926508,0.19961400585958572,0.20384166994121256,0.14657202957274917,0.1586289719426695
R01,11,171,232,150,0.10471424460411072,0.12249873578548431,0.061904650181531906,0.10505679994821548,0,2.854427645788337,0.04962986045023117,0.33234979871761244,0.3414430256220625,0.24647102779970811,0.2668017022790425,0.1909898295839218,0.19553644303614684,0.14805044412496965,0.15821578136463682
R01,11,172,232,150,0.10469541698694229,0.12260520458221436,0.061552129685878754,0.10556821525096893,0,2.8,0.04856870952256629,0.3322738980709882,0.34185083370569486,0.24466513555742359,0.2688909415054107,0.19042130379677727,0.19520977161413058,0.14661692253999495,0.1587298255139885
R01,11,173,232,157,0.09742756187915802,0.11456409841775894,0.05865541100502014,0.10181944072246552,0,2.8,0.04856870952256629,0.30297465657285183,0.31105093555783275,0.22982582306822807,0.2535764079871694,0.17577168304770907,0.17980982254019953,0.1391972662953972,0.15107255875486786
R01,11,174,232,157,0.09562394767999649,0.1137273907661438,0.05868380889296532,0.10403231531381607,0,1.745572354211663,0.02801101575724909,0.29570366297061257,0.3078460891197645,0.22997129978850342,0.2626164667699076,0.16185733936393082,0.1679285524385068,0.12899115777287626,0.14531374126357832
R01,11,175,232,157,0.11529005318880081,0.13458609580993652,0.076792873442173,0.12840375304222107,0,1.0367170626349889,0.014190788199327928,0.37498454654424684,0.38774131469021605,0.3227404283574719,0.36217892301834786,0.1945876673717874,0.200966051444772,0.16846560827839993,0.1881848556088379
R01,11,176,232,157,0.10058297216892242,0.1185724213719368,0.0647587850689888,0.11137065291404724,0,1.0367170626349889,0.014190788199327928,0.3156952084735758,0.3264040394974543,0.2610921920022098,0.29259512147224204,0.16494299833645187,0.17029741384839112,0.13764149010076887,0.153392954835785
R01,11,177,232,157,0.09853093326091766,0.1172952800989151,0.06606752425432205,0.11210206151008606,0,1.0367170626349889,0.014190788199327928,0.30742272881657107,0.3215121974641557,0.2677966020183936,0.29558307963681,0.1608067585079495,0.16785149283174183,0.14099369510886078,0.154886933918069
R01,11,178,232,157,0.09240859001874924,0.11094684153795242,0.05971822142601013,0.10404511541128159,0,1.0367170626349889,0.014190788199327928,0.2827414424498891,0.29719573439593644,0.23527038903801328,0.262668757864019,0.14846611532460852,0.1556932612976322,0.1247305886186706,0.13842977303167348
R01,11,179,232,157,0.08574776351451874,0.10358869284391403,0.05608396977186203,0.10054348409175873,0,1.0367170626349889,0.014190788199327928,0.2558893435251853,0.2690117724262519,0.2166528421161651,0.24836385640792508,0.13504006586225661,0.14160128031278993,0.11542181515774651,0.13127732230362651
R01,11,180,232,157,0.08470309525728226,0.10246463119983673,0.05568340793251991,0.09840358048677444,0,1.0367170626349889,0.014190788199327928,0.2516779239109684,0.2647062722324432,0.2146008436447489,0.23962189947368923,0.13293435605514817,0.13944853021588557,0.11439581592203842,0.1269063438365086
R01,11,181,232,157,0.07954422384500504,0.09759940952062607,0.05321824178099632,0.09693069010972977,0,1.0367170626349889,0.014190788199327928,0.2308807262337264,0.24607098386268597,0.20197228875539283,0.23360483206234217,0.12253575721652717,0.13013088603100695,0.10808153847736038,0.12389781013083505
R01,11,182,232,157,0.08355386555194855,0.10207310318946838,0.05654585734009743,0.1007084771990776,0,1.0367170626349889,0.014190788199327928,0.2470449808797651,0.2632066000984418,0.21901900007455133,0.2490378880022772,0.1306178845395465,0.1386986941488849,0.11660489413693963,0.13161433810080256
R01,11,183,232,157,0.0848020538687706,0.10286349058151245,0.05638403445482254,0.10001344233751297,0,1.0367170626349889,0.014190788199327928,0.2520768603527821,0.26623402576282623,0.2181900136844109,0.2461985242040956,0.13313382427605502,0.1402124069810771,0.11619040094186942,0.13019465620171178
R01,11,184,232,157,0.08383594453334808,0.10138729214668274,0.0569024495780468,0.09932146966457367,0,3.145572354211663,0.055306175729962354,0.24818213896492303,0.2605797338645588,0.22084575104112564,0.24337167009140867,0.15174415734744268,0.15794295479726056,0.138075963385544,0.1493389229106855
R01,11,185,232,157,0.08615295588970184,0.10344064235687256,0.05744171142578125,0.10033600777387619,0,5.6,0.10315902946799281,0.257522814346718,0.2684446937397678,0.22360828201277683,0.24751627195057926,0.1803409219073554,0.18580186160388032,0.16338365574038483,0.17533765070928603
R01,11,186,232,171,0.10956104099750519,0.12785261869430542,0.058950670063495636,0.10156340897083282,0,5.6,0.10315902946799281,0.35188891389208304,0.36195003608987386,0.23133837637999283,0.2525304643561775,0.22752397168003793,0.23255453277893334,0.16724870292399283,0.17784474691208516
R01,11,187,232,171,0.1071481853723526,0.12519699335098267,0.05718875676393509,0.09933735430240631,0,3.145572354211663,0.055306175729962354,0.3421618570626528,0.351778178086708,0.2223124456937245,0.24343656218258766,0.19873401639630756,0.2035421769083352,0.13880931071184344,0.149371368956275
R01,11,188,232,171,0.1052970439195633,0.12302614003419876,0.05705726519227028,0.09932315349578857,0,1.0367170626349889,0.014190788199327928,0.3346992646377716,0.3434631453432719,0.2216388405782111,0.24337854889657118,0.17444502641854978,0.17882696677129992,0.11791481438876951,0.12878466854794957
R01,11,189,232,171,0.10503294318914413,0.12391678988933563,0.058243270963430405,0.10149543732404709,0,1.0367170626349889,0.014190788199327928,0.3336345831099165,0.3468746069335793,0.22771451177422028,0.25225278586282573,0.17391268565462223,0.18053269756645363,0.1209526499867741,0.13322178703107684
R01,11,190,232,171,0.12016967684030533,0.14073880016803741,0.07145220041275024,0.12133253365755081,0,1.0367170626349889,0.014190788199327928,0.39465599976740223,0.4113080558434525,0.2953812248179926,0.3332915024871903,0.2044233939833651,0.21274942202139022,0.15478600650866028,0.17374114534325913
R01,11,191,232,171,0.16832351684570312,0.1915622055530548,0.11742149293422699,0.18147063255310059,0,1.0367170626349889,0.014190788199327928,0.5887808091447454,0.6059772564946612,0.5308727487761411,0.5789683028006203,0.3014857986720367,0.31008402234699456,0.2725317684877345,0.2965795454999741
R01,11,192,232,171,0.13523420691490173,0.15777063369750977,0.08911145478487015,0.14372090995311737,0,1.0367170626349889,0.014190788199327928,0.4553863387966981,0.47654519203472906,0.38584606549641337,0.4247527351088098,0.23478856349801303,0.2453679901170285,0.20001842684787066,0.21947176165406887
R01,11,193,232,171,0.11458303034305573,0.13548432290554047,0.07670558989048004,0.12338946014642715,0,1.0367170626349889,0.014190788199327928,0.37213429254289815,0.3911817994310521,0.3222932921176646,0.3416944804254316,0.19316254037111305,0.20268629381519002,0.16824204015849628,0.17794263431237978
R01,11,194,232,171,0.09882472455501556,0.1175210177898407,0.06271692365407944,0.10505680739879608,0,1.0367170626349889,0.014190788199327928,0.30860710329131874,0.32237684192307053,0.25063214291436053,0.2668017327162335,0.16139894574532335,0.16828381506119924,0.13241146555684424,0.14049626045778071
R01,11,195,232,171,0.09516919404268265,0.1136074811220169,0.05906517803668976,0.10046540945768356,0,1.0367170626349889,0.014190788199327928,0.2938703935335893,0.3073867984760991,0.23192497790535335,0.24804490508359833,0.15403059086645862,0.16078879333771354,0.12305788305234064,0.13111784664146314
R01,11,196,232,171,0.08290420472621918,0.10017763823270798,0.05268985778093338,0.09047091752290726,0,1.145572354211663,0.01631309005465769,0.24442597305109545,0.2559463890755948,0.19926548282941972,0.2072153004837109,0.13036953155287656,0.13612973956512625,0.10778928644203871,0.1117641952691843
R01,11,197,232,171,0.09193327277898788,0.1090766042470932,0.05563824251294136,0.09563989192247391,0,1.6,0.025172858117383505,0.2808252740082426,0.290032153056167,0.21436947020166636,0.22833164959865673,0.15299906606281305,0.15760250558677524,0.11977116415952493,0.1267522538580201
R01,11,198,232,175,0.09189514070749283,0.10830462723970413,0.05980968102812767,0.09896142035722733,0,2.4,0.04077009238750536,0.2806715504192347,0.28707524480078583,0.23573891835186345,0.24190079283708193,0.16072082140337002,0.1639226685941456,0.1382545053696844,0.14133544261229364
R01,11,199,232,175,0.09799741953611374,0.1157248467206955,0.06390584260225296,0.10516783595085144,0,2.745572354211663,0.04750755859490141,0.3052719501846665,0.31549695688556767,0.2567227377356164,0.26725530773628475,0.17638975438978396,0.18150225774023454,0.1521151481652589,0.15738143316559308
R01,11,200,232,171,0.09910713136196136,0.11717520654201508,0.06819025427103043,0.10934730619192123,0,2.6367170626349887,0.04538525673957165,0.30974558295481125,0.32105227898439237,0.2786709248362359,0.284329323953768,0.17756541984719146,0.18321876786198202,0.16202809078790378,0.16485729034666982
R01,11,201,232,171,0.10005812346935272,0.1177762821316719,0.06801126152276993,0.1108221635222435,0,1.836717062634989,0.029788022469449792,0.3135793615599238,0.3233545824936323,0.27775398065995494,0.2903544267835349,0.17168369201468678,0.17657130248154104,0.15377100156470236,0.16007122462649234
R01,11,202,232,171,0.08806654065847397,0.10439334809780121,0.061381176114082336,0.1017143726348877,0,1.0367170626349889,0.014190788199327928,0.26523713740846416,0.2720938483691636,0.24378937447996915,0.2531471827199057,0.13971396280389606,0.14314231828424578,0.12899008133964854,0.13366898545961683
R01,11,203,232,171,0.08724736422300339,0.10333270579576492,0.05841213837265968,0.09858367592096329,0,1.0367170626349889,0.014190788199327928,0.26193475343733513,0.2680312636692582,0.22857958585661317,0.24035762725416696,0.13806277081833154,0.1411110259342931,0.12138518702797055,0.12727420772674744
R01,11,204,232,171,0.08098042756319046,0.09636078774929047,0.05308529734611511,0.09251938760280609,0,1.0367170626349889,0.014190788199327928,0.23667056091749256,0.24132668331240903,0.20129124091117587,0.21558373221018476,0.12543067455841025,0.1277587357558685,0.1077410145552519,0.11488726020475634
R01,11,205,232,171,0.08179798722267151,0.097674660384655,0.05458187684416771,0.0951317772269249,0,1.0367170626349889,0.014190788199327928,0.23996642710456242,0.24635921770766053,0.20895791941305344,0.22625589404789467,0.12707860765194517,0.13027500295349423,0.11157435380619068,0.1202233411236113
R01,11,206,232,171,0.08463466912508011,0.10148608684539795,0.05803369730710983,0.09919708222150803,0,1.0367170626349889,0.014190788199327928,0.2514020744694974,0.2609581478036046,0.2266409077006889,0.24286352118792218,0.13279643133441268,0.13757446800146628,0.12041584795000841,0.12852715469362505
R01,11,207,232,171,0.08920495212078094,0.10608689486980438,0.06120754033327103,0.10252618044614792,0,2.145572354211663,0.035809632892310025,0.26982646835462654,0.27858065093333184,0.24289987298029272,0.25646358861238766,0.1528180506234683,0.15719514191282094,0.13935475293630137,0.14613661075234885
R01,11,208,232,171,0.09536880254745483,0.1121320128440857,0.06564164161682129,0.1078990176320076,0,3.6,0.06416594379268817,0.2946750845599883,0.30173530330226805,0.26561489014441786,0.2784127601470518,0.17942051417633825,0.1829506235474781,0.164890416968553,0.17128935196987
R01,11,209,232,180,0.09387422353029251,0.1109178364276886,0.06358734518289566,0.10453309118747711,0,3.6,0.06416594379268817,0.28864991882505436,0.29708463594460116,0.2550911389324339,0.26466224168754987,0.17640793130887128,0.18062528986864468,0.15962854136256105,0.16441409274011903
R01,11,210,232,180,0.09495042264461517,0.1111793965101242,0.0641019344329834,0.10539210587739944,0,2.145572354211663,0.035809632892310025,0.2929884502463602,0.29808649112892566,0.2577272771035625,0.2681714976221097,0.16439904156933513,0.16694806201061785,0.14676845499793628,0.15199056525720986
R01,11,211,232,180,0.0918305367231369,0.1086399033665657,0.06313126534223557,0.10467115044593811,0,1.0367170626349889,0.014190788199327928,0.28041110937971,0.28835945500116755,0.2527547328049422,0.265226242836493,0.14730094878951897,0.15127512160024775,0.13347276050213508,0.13970851551791047
R01,11,212,232,180,0.08543480932712555,0.10204428434371948,0.05817996710538864,0.09875479340553284,0,1.3455723542116629,0.020212398622188155,0.2546277167896075,0.2630962150972179,0.22739021872586151,0.24105667821950832,0.13742005770589782,0.14165430685970304,0.12380130867402483,0.13063453842084824
R01,11,213,232,180,0.09171844273805618,0.1079496443271637,0.0591820627450943,0.1016283854842186,0,2.0,0.032971475252444434,0.27995921969689963,0.2857155515786261,0.23252375497151614,0.25279590709875344,0.15646534747467203,0.15934351341553527,0.1327476151119803,0.14288369117559893
R01,11,214,232,185,0.09837895631790161,0.11521708965301514,0.06025374308228493,0.10330946743488312,0,2.0,0.032971475252444434,0.3068100571150113,0.31355209188210065,0.2380137597542327,0.2596634809377808,0.16989076618372786,0.17326178356727254,0.13549261750333857,0.1463174780951126
R01,11,215,232,185,0.09443095326423645,0.11070524901151657,0.06310803443193436,0.1043369397521019,0,1.3455723542116629,0.020212398622188155,0.2908942892317437,0.29627036106354576,0.252635725481364,0.2638609217605005,0.15555334392696593,0.15824137984286696,0.13642406205177607,0.14203666019134434
R01,11,216,232,185,0.09856245666742325,0.1140785962343216,0.06577453762292862,0.10789000242948532,0,1.0367170626349889,0.014190788199327928,0.3075498105877888,0.30919131357366664,0.26629568989767805,0.27837593114596054,0.16087029939355837,0.1616910508864973,0.140243239048503,0.14628335967264425
R01,11,217,232,185,0.09654191136360168,0.1118694394826889,0.06554950773715973,0.10610245913267136,0,1.0367170626349889,0.014190788199327928,0.2994042925585168,0.300729566949338,0.2651429066410924,0.2710734402849554,0.15679754037892238,0.15746017757433298,0.13966684742021018,0.14263211424214167
R01,11,218,232,185,0.09508302807807922,0.1095399260520935,0.06709618866443634,0.10676848143339157,0,1.0367170626349889,0.014190788199327928,0.29352302868269514,0.2918068174010768,0.27306624477972496,0.2737942816614433,0.15385690844101155,0.15299880280020237,0.14362851648952646,0.14399253493038564
R01,11,219,232,185,0.0918586254119873,0.10728593915700912,0.06253112852573395,0.10392075777053833,0,1.0367170626349889,0.014190788199327928,0.28052434461428594,0.28317335760395485,0.24968035150061108,0.2621607307092964,0.14735756640680694,0.1486820729016414,0.13193556984996951,0.13817575945431218
R01,11,220,232,185,0.09256803244352341,0.10857786983251572,0.06232015788555145,0.10439398139715195,0,1.0367170626349889,0.014190788199327928,0.2833842100944316,0.2881218475760925,0.2485995909571724,0.26409394889467797,0.14878749914687978,0.15115631788771022,0.13139518957825017,0.13914236854700296
R01,11,221,232,185,0.10032028704881668,0.11645820736885071,0.06691990047693253,0.11020319908857346,0,1.0367170626349889,0.014190788199327928,0.3146362337612564,0.31830595266386935,0.2721631555291845,0.28782582670530527,0.16441351098029217,0.16624837043159865,0.14317697186425624,0.1510083074523166
R01,11,222,232,185,0.09664801508188248,0.11254511028528214,0.06418288499116898,0.10682220011949539,0,3.345572354211663,0.05920548429749281,0.29983203340084996,0.3033175929591606,0.2581419706797901,0.27401373380844163,0.1795187588491714,0.18126153862832672,0.15867372748864145,0.16660960905296723
R01,12,10,231,0,0.04041018709540367,0.05434521287679672,0.025860348716378212,0.056069716811180115,0,1.0367170626349889,0.014190788199327928,0.07311786820764303,0.08039416977130429,0.061823254983314785,0.06667914997326245,0.04365432820348548,0.047292478985316105,0.038007021591321355,0.04043496908629519
R01,12,11,231,0,0.040588054805994034,0.05384479835629463,0.025172000750899315,0.05510542169213295,0,1.0367170626349889,0.014190788199327928,0.07383491456176282,0.07847742897122563,0.05829698554315789,0.06273980131149595,0.04401285138054537,0.04633410858527678,0.03624388687124291,0.03846529475541194
R01,12,12,231,0,0.03768342360854149,0.050559185445308685,0.024242375046014786,0.05209926888346672,0,1.0367170626349889,0.014190788199327928,0.062125340051116244,0.06589252573254026,0.0535346983304137,0.05045903393025433,0.03815806412522209,0.04004165696593409,0.033862743264870813,0.03232491106479113
R01,12,13,231,0,0.03650950267910957,0.049211807548999786,0.022550668567419052,0.05151483789086342,0,1.0367170626349889,0.014190788199327928,0.05739285814262257,0.060731655931263936,0.04486842319580599,0.0480715102322379,0.03579182317097525,0.03746122206529593,0.029529605697566956,0.031131149215782916
R01,12,14,231,0,0.040979642421007156,0.0530257411301136,0.02529560588300228,0.05472244322299957,0,1.0367170626349889,0.014190788199327928,0.07541353988241077,0.0753401890657064,0.058930190000554675,0.06117525360191435,0.04480216404086935,0.04476548863251716,0.0365604890999413,0.03768302090062114
R01,12,15,231,0,0.038206879049539566,0.049625881016254425,0.022718943655490875,0.051516372710466385,0,1.0367170626349889,0.014190788199327928,0.06423557025684634,0.062317684066739834,0.045730462934958194,0.04807778029358071,0.03921317922808713,0.03825423613303388,0.02996062556714306,0.03113428424645432
R01,12,16,231,0,0.04051758348941803,0.054033949971199036,0.024242326617240906,0.05538961663842201,0,1.0367170626349889,0.014190788199327928,0.0735508202736364,0.07920193755927432,0.05353445023945692,0.06390079752440933,0.04387080423648216,0.04669636287930112,0.033862619219392424,0.03904579286186863
R01,12,17,231,0,0.0417613722383976,0.05407465249300003,0.025795212015509605,0.0542210228741169,0,1.0367170626349889,0.014190788199327928,0.07856496356468604,0.07935784067760067,0.06148957264643767,0.059126845867251906,0.04637787588200698,0.0467743144384643,0.0378401804228828,0.036658817033289916
R01,12,18,231,0,0.04217149689793587,0.05562744662165642,0.024601470679044724,0.05492289736866951,0,1.0367170626349889,0.014190788199327928,0.08021831813297986,0.08530551753064643,0.055374273691061855,0.06199415100675727,0.04720455316615389,0.049748152864987176,0.034782530945194894,0.0380924696030426
R01,12,19,231,0,0.041189223527908325,0.05526217818260193,0.023383524268865585,0.05404885113239288,0,1.0367170626349889,0.014190788199327928,0.07625843392246492,0.08390642759333942,0.049134976967092445,0.05842348803938621,0.045224611060896425,0.049048607896333675,0.031662882583210185,0.03630713811935707
R01,12,20,231,0,0.039212267845869064,0.052825622260570526,0.022387860342860222,0.051438309252262115,0,1.745572354211663,0.02801101575724909,0.06828864075788432,0.074573672535103,0.044034389108890966,0.04775887462504044,0.04814982825756671,0.05129234414617605,0.03602270243307003,0.03788494519114477
R01,12,21,231,0,0.0405728742480278,0.054303452372550964,0.02271319553256035,0.05231911316514015,0,2.8,0.04856870952256629,0.0737737164741107,0.08023421425634562,0.04570101644677967,0.051357144124634456,0.0611712129983385,0.06440146188945596,0.04713486298467298,0.04996292682360037
R01,12,22,231,7,0.038994207978248596,0.051934413611888885,0.02259277179837227,0.051637377589941025,0,2.8,0.04856870952256629,0.0674095658963587,0.07116007059446161,0.04508410965685175,0.048572110712360235,0.0579891377094625,0.05986439005851395,0.04682640958970902,0.04857041011746326
R01,12,23,231,7,0.03708187863230705,0.05013304576277733,0.022097904235124588,0.050089579075574875,0,2.054427645788337,0.03403262618010931,0.05970030387891651,0.06426028029885283,0.04254900175689428,0.04224902778285487,0.046866465029512916,0.049146453239481074,0.0382908139685018,0.03814082698148209
R01,12,24,231,7,0.039994578808546066,0.05149350315332413,0.022597448900341988,0.049466799944639206,0,2.0,0.032971475252444434,0.07144240723811633,0.06947124856694627,0.045108069518101354,0.03970484386284113,0.052206941245280386,0.051221361909695354,0.0390397723852729,0.03633815955764278
R01,12,25,231,12,0.03688018023967743,0.05034806579351425,0.022739190608263016,0.05133948102593422,0,2.0,0.032971475252444434,0.0588871877906346,0.0650838728383621,0.04583418403881448,0.04735514050522632,0.04592933152153952,0.04902767404540327,0.03940282964562945,0.040163307878835375
R01,12,26,231,12,0.03834694251418114,0.04999299719929695,0.02369028888642788,0.050608083605766296,0,1.3455723542116629,0.020212398622188155,0.06480021460029284,0.06372385142915116,0.050706470965013614,0.04436722799644482,0.042506306611240496,0.041968125025669656,0.035459434793600884,0.03228981330931649
R01,12,27,231,12,0.03742196783423424,0.05054749920964241,0.02326129376888275,0.05132445693016052,0,1.545572354211663,0.024111707189718626,0.06107132125755147,0.06584776387255584,0.048508814476084426,0.047293763909606046,0.04259151422363505,0.04497973553113723,0.03631026083290152,0.035702735549662336
R01,12,28,231,12,0.03639373555779457,0.04810136556625366,0.02178947441279888,0.04824983701109886,0,2.4,0.04077009238750536,0.05692616077529072,0.056478323209595165,0.040968977246843626,0.03473329396181222,0.04884812658139804,0.04862420779855026,0.040869534817174494,0.03775169317465879
R01,12,29,231,18,0.04262091591954231,0.055029526352882385,0.02586509846150875,0.0542740598320961,0,2.4,0.04077009238750536,0.08203008188619504,0.08301529986629232,0.06184758698099956,0.05934351301127518,0.061400087136850204,0.061892696126898836,0.05130883968425246,0.05005680269939027
R01,12,30,231,18,0.03818950429558754,0.050656355917453766,0.022914359346032143,0.05034506693482399,0,1.545572354211663,0.024111707189718626,0.06416552660511396,0.06626471838661534,0.04673153857146918,0.043292749498904916,0.04413861689741629,0.04518821278816698,0.0354216228805939,0.033702228344311774
R01,12,31,231,18,0.03883976489305496,0.05148361250758171,0.024193543940782547,0.0515289381146431,0,1.0367170626349889,0.014190788199327928,0.06678695232141843,0.069433364366035,0.05328454631029444,0.0481291126161761,0.04048887026037318,0.041812076282681465,0.033737667254811185,0.03115995040775201
R01,12,32,231,18,0.04289182275533676,0.05641023814678192,0.02595750242471695,0.055410657078027725,0,1.0367170626349889,0.014190788199327928,0.08312220118242815,0.08830384869949102,0.06232095406850705,0.0639867521517496,0.04865649469087804,0.051247318449409475,0.03825587113391749,0.039088770175538766
R01,12,33,231,18,0.04178409278392792,0.054720714688301086,0.025674687698483467,0.05389596149325371,0,1.0367170626349889,0.014190788199327928,0.07865655795403334,0.08183245665772737,0.06087215059067642,0.05779890166178845,0.04642367307668063,0.04801162242852765,0.037531469395002175,0.03599484493055819
R01,12,34,231,18,0.038942258805036545,0.05128774419426918,0.022477492690086365,0.05101091414690018,0,1.0367170626349889,0.014190788199327928,0.06720014078413568,0.068683128766972,0.0444935577601024,0.04601287560140465,0.0406954644917318,0.04143695848314996,0.029342172979715163,0.03010183190036629
R01,12,35,231,18,0.0391235426068306,0.052696794271469116,0.023019835352897644,0.051818329840898514,0,1.0367170626349889,0.014190788199327928,0.06793095858521915,0.07408022190010742,0.047271871133389126,0.049311338769801184,0.04106087339227354,0.04413550504971767,0.030731329666358526,0.03175106348456456
R01,12,36,231,18,0.03640809282660484,0.04849272966384888,0.020291104912757874,0.04622158408164978,0,1.545572354211663,0.024111707189718626,0.05698403989917078,0.05797736750749854,0.033293128921524855,0.026447453553074835,0.0405478735444447,0.04104453734860858,0.02870241805562174,0.02527958037139673
R01,12,37,231,18,0.03588169068098068,0.04796403646469116,0.019902793690562248,0.04604659974575043,0,2.4,0.04077009238750536,0.05486193050636514,0.0559523107115188,0.03130388792021563,0.02573260568561249,0.04781601144693525,0.04836120154951208,0.0360369901538605,0.03325134903655892
R01,12,38,231,24,0.03614192083477974,0.04933703690767288,0.021463215351104736,0.04727619141340256,0,2.4,0.04077009238750536,0.05591100839911089,0.06121132271010874,0.039297617096856224,0.030755746625360153,0.048340550393308125,0.05099070754880705,0.0400338547421808,0.03576291950643276
R01,12,39,231,24,0.03401166573166847,0.047322165220975876,0.02098730392754078,0.04708665609359741,0,1.545572354211663,0.024111707189718626,0.047323212165825405,0.05349374735889687,0.0368596177225607,0.029981454923905044,0.03571745967777201,0.03880272727430775,0.030485662456139664,0.027046581056811833
R01,12,40,231,24,0.03746466711163521,0.0516301728785038,0.022914577275514603,0.0501413568854332,0,1.0367170626349889,0.014190788199327928,0.06124345683562966,0.06999473545162854,0.04673265498077472,0.04246055104160176,0.037717122517478795,0.042092761825478234,0.030461721590051324,0.028325669620464844
R01,12,41,231,24,0.036851946264505386,0.04992406815290451,0.021886935457587242,0.04827728867530823,0,1.0367170626349889,0.014190788199327928,0.05877336685656946,0.0634598320809549,0.04146825075541549,0.03484543979199467,0.03648207752794869,0.038825310140141414,0.02782951947737171,0.024518113995661298
R01,12,42,231,24,0.03653596714138985,0.051135070621967316,0.02165353111922741,0.0487879142165184,0,1.0367170626349889,0.014190788199327928,0.057499545557268134,0.06809834224872484,0.040272566847225674,0.03693145267611849,0.03584516687829803,0.04114456522402638,0.0272316775232768,0.02556112043772321
R01,12,43,231,24,0.03616061061620712,0.05015716329216957,0.021561522036790848,0.04773387685418129,0,1.0367170626349889,0.014190788199327928,0.055986353382117195,0.06435265781926697,0.03980122265521198,0.03262548804894349,0.03508857079072256,0.039271723009297446,0.026996005427269952,0.02340813812413571
R01,12,44,231,24,0.03585054725408554,0.04999419301748276,0.0208874698728323,0.04868483170866966,0,1.0367170626349889,0.014190788199327928,0.05473638056458067,0.06372843177886585,0.03634818775710632,0.03651033892025222,0.0344635843819543,0.03895960998909689,0.025269487978217126,0.025350563559790075
R01,12,45,231,24,0.048478979617357254,0.06387519091367722,0.02971886470913887,0.060877781361341476,0,1.0367170626349889,0.014190788199327928,0.10564596586411219,0.11689690296300825,0.08158966341623938,0.08632110633832284,0.05991837703172006,0.06554384558116809,0.047890225807783654,0.05025594726882538
R01,12,46,231,24,0.03688981384038925,0.05152785778045654,0.02121291682124138,0.04980328679084778,0,1.0367170626349889,0.014190788199327928,0.05892602417214831,0.06960283730547871,0.03801538761258761,0.04107946350067934,0.03655840618573812,0.04189681275240332,0.02610308790595777,0.027635125850003633
R01,12,47,231,24,0.03275962173938751,0.04637305065989494,0.01890428364276886,0.045183949172496796,0,1.545572354211663,0.024111707189718626,0.04227578912944151,0.049858348047647334,0.02618871994732304,0.02220849640185225,0.033193748159580067,0.036985027618682983,0.025150213568520832,0.02316010179578544
R01,12,48,231,24,0.03357836231589317,0.04731888324022293,0.019850609824061394,0.046419210731983185,0,2.4,0.04077009238750536,0.04557641600210299,0.053481176367935354,0.03103656037231888,0.02725480004393913,0.04317325419480418,0.047125634377720355,0.03590332637991212,0.03401244621572225
R01,12,49,231,30,0.03315526619553566,0.045901570469141006,0.020812684670090675,0.04955093935132027,0,2.908855291576674,0.050691011377896056,0.0438707689819798,0.04805243458786163,0.035965078068069534,0.04004857106062927,0.04728089017993793,0.04937172298287884,0.043328044722982795,0.04536979121926266
R01,12,50,231,30,0.03928281366825104,0.052206818014383316,0.025494903326034546,0.05477924272418022,0,2.908855291576674,0.050691011377896056,0.06857303540472315,0.07220346284426732,0.059951151081448044,0.06140729152738481,0.0596320233913096,0.06144723711108169,0.05532108122967205,0.05604915145264043
R01,12,51,231,36,0.03485526144504547,0.046953391283750534,0.021420666947960854,0.04934166744351387,0,2.4,0.04077009238750536,0.05072403870494454,0.052081230290494766,0.039079650107400006,0.03919365124025618,0.04574706554622495,0.046425661339000064,0.039924871247452684,0.03998187181388077
R01,12,52,231,36,0.037040792405605316,0.04954962804913521,0.022225629538297653,0.051185596734285355,0,1.545572354211663,0.024111707189718626,0.05953467106696185,0.06202561186016635,0.04320331302953762,0.04672649076263213,0.04182318912834024,0.04306865952494249,0.03365751010962813,0.03541909897617537
R01,12,53,231,36,0.03942205756902695,0.05207996815443039,0.023326385766267776,0.05333886295557022,0,1.0367170626349889,0.014190788199327928,0.06913437580233321,0.07171758904945401,0.048842267805924516,0.05552303679889871,0.04166258200083057,0.04295418862439097,0.03151652800262622,0.03485691249911332
R01,12,54,231,36,0.04282573610544205,0.05510865896940231,0.024555623531341553,0.055164385586977005,0,1.0367170626349889,0.014190788199327928,0.08285578300452665,0.08331840201158686,0.05513940789066456,0.06298068124094741,0.048523285601927285,0.04875459510545739,0.03466509804499624,0.03858573472013767
R01,12,55,231,36,0.03748653084039688,0.0495048388838768,0.02109975926578045,0.04922289401292801,0,1.3455723542116629,0.020212398622188155,0.06133159709978433,0.06185405564639757,0.03743570400813746,0.03870843676017652,0.040771997860986245,0.04103322713429286,0.02882405131516281,0.029460417691182336
R01,12,56,231,36,0.04034943878650665,0.05330470949411392,0.0229191817343235,0.05250038206577301,0,2.2,0.036870783819974905,0.0728729707314852,0.07640872329743514,0.04675624270558913,0.05209766576269224,0.05487187727573005,0.05663975355870503,0.041813513262782015,0.04448422479133357
R01,12,57,231,41,0.036701202392578125,0.04936110973358154,0.022421257570385933,0.05156790092587471,0,1.6544276457883371,0.026234009045048384,0.05816566609169999,0.061303529002496145,0.044205476449474514,0.04828828390642962,0.042199837568374185,0.04376876902377226,0.035219742747261445,0.037261146475739
R01,12,58,231,42,0.03615688160061836,0.04851381108164787,0.02169804647564888,0.05033678933978081,0,1.4,0.021273549549853034,0.05597132042856142,0.0580581157910981,0.04050061014631136,0.04325893377972112,0.03862243498920723,0.03966583267047556,0.030887079848082196,0.032266241664787074
R01,12,59,231,42,0.037883784621953964,0.05012878403067589,0.022290091961622238,0.0514461025595665,0,0.8367170626349889,0.010291479631797463,0.06293306470051052,0.06424395656030576,0.04353354117693949,0.047790711926810246,0.036612272166153995,0.037267718096051616,0.026912510404368477,0.029041095779303853
R01,12,60,231,42,0.0396587960422039,0.05166684836149216,0.02393110655248165,0.05446680262684822,0,1.545572354211663,0.024111707189718626,0.07008875059305827,0.07013521377854808,0.05194013187351144,0.06013090792344913,0.04710022889138845,0.04712346048413335,0.038025919531615035,0.04212130755658387
R01,12,61,231,42,0.037067338824272156,0.0486154779791832,0.023800069466233253,0.052483487874269485,0,2.4,0.04077009238750536,0.059641688876191055,0.05844753113086052,0.05126885499620788,0.05202864943213485,0.05020589063184821,0.04960881175918294,0.04601947369185662,0.046399370909820103
R01,12,62,231,48,0.04124201834201813,0.05360396206378937,0.025965629145503044,0.05583544075489044,0,2.4,0.04077009238750536,0.07647126810607373,0.07755495224628697,0.062362585639447715,0.06572208293994532,0.05862068024678954,0.05916252231689617,0.05156633901347654,0.053246087663725336
R01,12,63,231,48,0.03612859547138214,0.048810552805662155,0.0238038282841444,0.05270063132047653,0,1.545572354211663,0.024111707189718626,0.055857289243397605,0.059194727432449294,0.051288110671238424,0.052915726144783085,0.03998449821655811,0.04165321731108396,0.037699908930478525,0.038513716667250855
R01,12,64,231,48,0.03613301366567612,0.049306679517030716,0.023501884192228317,0.05265127494931221,0,1.0367170626349889,0.014190788199327928,0.0558751005150431,0.061095044610965286,0.04974131126547733,0.052714094973106154,0.035032944357185514,0.03764291640514661,0.03196604973240263,0.03345244158621704
R01,12,65,231,48,0.038513172417879105,0.051884375512599945,0.024673741310834885,0.05485814809799194,0,1.0367170626349889,0.014190788199327928,0.06547034492353528,0.07096840935655575,0.05574450173426552,0.06172963659850633,0.0398305665614316,0.04257959877794184,0.034967644966796725,0.03796021239891713
R01,12,66,231,48,0.08271873742341995,0.09846259653568268,0.05539911985397339,0.10029717534780502,0,1.0367170626349889,0.014190788199327928,0.24367829010831055,0.24937725436857988,0.21314449247665604,0.24735763331116795,0.12893453915381925,0.13178402128395392,0.11366764033799198,0.13077421075524795
R01,12,67,231,48,0.15431545674800873,0.17547014355659485,0.10372994095087051,0.17157769203186035,0,1.0367170626349889,0.014190788199327928,0.532309466549711,0.5443397329570502,0.4607336566766386,0.5385535571138518,0.2732501273745195,0.27926526057818907,0.2374622224379833,0.27637217265658987
R01,12,68,231,48,0.12492834776639938,0.14400513470172882,0.08314213156700134,0.14028634130954742,0,1.0367170626349889,0.014190788199327928,0.4138398506568425,0.4238191169956159,0.3552664123308152,0.41072179880876747,0.21401531942808522,0.21900495259747194,0.18472860026507157,0.2124562935040477
R01,12,69,231,48,0.09907421469688416,0.11811381578445435,0.06445322185754776,0.11566338688135147,0,2.745572354211663,0.04750755859490141,0.3096128844756716,0.3246474397093633,0.25952685256840885,0.3101318438670719,0.1785602215352865,0.18607749915213234,0.15351720558165513,0.17881970123098664
R01,12,70,231,48,0.056451696902513504,0.07338426262140274,0.03348757326602936,0.07470344007015228,0,4.4,0.07976317806281003,0.13778675096093762,0.1533195585142173,0.10089600625372416,0.14280183413295386,0.10877496451187382,0.11654136828851366,0.0903295921582671,0.11128250609788194
R01,12,71,231,60,0.06282558292150497,0.07739678025245667,0.028073547407984734,0.06033593788743019,0,5.6,0.10315902946799281,0.16348209339449918,0.16868872935034587,0.07316103079235299,0.08410756162397388,0.133320561431246,0.13592387940916933,0.0881600301301729,0.09363329554598335
R01,12,72,231,58,0.0402306467294693,0.05305108800530434,0.02502145990729332,0.05606120452284813,0,2.745572354211663,0.04750755859490141,0.07239407880042978,0.07543727535685527,0.05752579480398873,0.06664437548256263,0.059950818697665595,0.06147241697587834,0.05251667669944507,0.05707596703873202
R01,12,73,231,58,0.048991892486810684,0.06437250971794128,0.02997446618974209,0.06848263740539551,0,1.436717062634989,0.021989405334388864,0.10771369531203726,0.11880178622223671,0.08289905886027606,0.11738854501795992,0.06485155032321306,0.07039559577831278,0.05244423209733246,0.0696889751761744
R01,12,74,231,58,0.06525896489620209,0.0818808376789093,0.043482497334480286,0.08754198998212814,0,0.745572354211663,0.008514472919596758,0.17329189904919648,0.1858640419502958,0.1520980102790381,0.1952500145870238,0.09090318598439662,0.09718925743494627,0.08030624159931743,0.10188224375331027
R01,12,75,231,58,0.08002515882253647,0.0952475368976593,0.0573933906853199,0.10220756381750107,0,0.8,0.009575623847261638,0.23281954172228808,0.2370625917630615,0.2233607444896637,0.2551619725771258,0.12119758278477485,0.12331910780516156,0.11646818416846266,0.13236879821219372
R01,12,76,231,60,0.05704839900135994,0.07126965373754501,0.031408458948135376,0.06808757781982422,0,0.8,0.009575623847261638,0.14019226381683117,0.14521995916639632,0.09024511796834728,0.11577464340319693,0.0748839438320464,0.07739779150682898,0.04991037090780446,0.06267513362522928
R01,12,77,231,60,0.06087088957428932,0.07484299689531326,0.03558581322431564,0.07345984876155853,0,0.745572354211663,0.008514472919596758,0.15560204741318462,0.1589069573300471,0.11164487138311176,0.13772150171134628,0.08205826016639069,0.08371071512482192,0.060079672151354256,0.07311798731547152
R01,12,78,231,60,0.054144442081451416,0.06800661236047745,0.02927546389400959,0.06513328105211258,0,1.0367170626349889,0.014190788199327928,0.12848540755253185,0.1327215118122011,0.07931820940962625,0.10370571887120755,0.07133809787592989,0.07345615000576451,0.04675449880447709,0.05894825353526774
R01,12,79,231,60,0.03638283163309097,0.04966798424720764,0.02084791101515293,0.05094913765788078,0,0.745572354211663,0.008514472919596758,0.056882203277730525,0.062478952329903324,0.03614553561325169,0.045760505632356535,0.03269833809866364,0.03549671262475004,0.022330004266424223,0.027137489275976645
R01,12,80,231,60,0.03799084946513176,0.04950263351202011,0.022615058347582817,0.05199411138892174,0,1.6,0.025172858117383505,0.06336468017023371,0.061845608397079505,0.045198279206772676,0.05002944341669887,0.0442687691438086,0.04350923325723151,0.03518556866207809,0.03760115076704119
R01,12,81,231,62,0.03357066586613655,0.04584221541881561,0.019931340590119362,0.04882526025176048,0,1.363282937365011,0.02055769376531721,0.045545388947111756,0.047825086575387386,0.03145012799728108,0.03708401909592838,0.033051541356214485,0.0341913901703523,0.026003910881299143,0.028820856430622793
R01,12,82,231,66,0.03169102594256401,0.044627100229263306,0.01912151835858822,0.046911150217056274,0,2.0,0.032971475252444434,0.037967909314736405,0.043170823429159434,0.027301570101825975,0.02926447645307378,0.03546969228359042,0.038071149340801934,0.030136522677135204,0.031117975852759105
R01,12,83,231,66,0.04009441286325455,0.05264390632510185,0.02330544777214527,0.05404429882764816,0,1.145572354211663,0.01631309005465769,0.07184487289480081,0.07387764487549832,0.048735006634954094,0.058404890915694674,0.044078981474729245,0.045095367465078,0.03252404834480589,0.037358990485176186
R01,12,84,231,66,0.06525490432977676,0.07600173354148865,0.04137623682618141,0.07860136777162552,0,1.0367170626349889,0.014190788199327928,0.1732755294993705,0.16334527339657973,0.1413080574704228,0.15872568977751417,0.09373315884934921,0.08876803079795383,0.07774942283487536,0.08645823898842105
R01,12,85,231,66,0.09251438826322556,0.10950048267841339,0.05865336209535599,0.10902176797389984,0,1.0367170626349889,0.014190788199327928,0.2831679518215014,0.291655737205503,0.22981532691236406,0.2829994317680815,0.14867937001041467,0.15292326270241546,0.12200305755584599,0.14859510998370473
R01,12,86,231,66,0.08557966351509094,0.10139041393995285,0.05276578664779663,0.09897317737340927,0,1.0367170626349889,0.014190788199327928,0.2552116741982615,0.2605916912884246,0.1996544512818206,0.24194882272445548,0.13470123119879474,0.13739123974387626,0.10692261974057427,0.1280698054618917
R01,12,87,231,66,0.07164023071527481,0.08846207708120346,0.044673290103673935,0.0878991112112999,0,0.745572354211663,0.008514472919596758,0.19901699201322154,0.21107220350565128,0.1581982043119296,0.1967089300252936,0.10376573246640915,0.10979333821262402,0.08335633861576318,0.10261170147244518
R01,12,88,231,66,0.04296131059527397,0.057905033230781555,0.026202384382486343,0.058868780732154846,0,1.2,0.01737424098232257,0.08340233073555085,0.09402937145687297,0.06357543553345514,0.07811391563108944,0.05038828585893671,0.05570180621959777,0.040474838257888855,0.047744078306706
R01,12,89,231,68,0.0400160551071167,0.05250522121787071,0.02494172193109989,0.05607021227478981,0,0.9632829373650111,0.01275907663025628,0.07152898563696651,0.07334643846061152,0.05711731304364064,0.06668117404646293,0.0421440311336114,0.0430527575454339,0.03493819483694846,0.039720125338359606
R01,12,90,231,70,0.04161970689892769,0.05700927972793579,0.026303809136152267,0.06459449976682663,0,0.9632829373650111,0.01275907663025628,0.07799386150892287,0.09059836133351531,0.06409501433264396,0.10150468384235324,0.04537646906958958,0.0516787189818858,0.03842704548145012,0.05713188023630476
R01,12,91,231,72,0.030777906998991966,0.04397352784872055,0.020940683782100677,0.05249208211898804,0,1.2,0.01737424098232257,0.03428681055210617,0.04066744114054418,0.03662079200881471,0.052063758731935486,0.02583052576721437,0.029020841061433374,0.02699751649556864,0.03471899985712903
R01,12,92,231,72,0.03630855306982994,0.048397306352853775,0.022936081513762474,0.05366237089037895,0,0.45442764578833705,0.002838157639865586,0.05658276065940031,0.05761186701546767,0.04684281690754756,0.056844634850041896,0.029710459149632946,0.03022501232766663,0.024840487273706573,0.02984139624495374
R01,12,93,231,72,0.0442095585167408,0.05959290638566017,0.028832733631134033,0.06553798168897629,0,1.0,0.013474932414792104,0.08843445049553782,0.10049444233065032,0.07705019050856862,0.1053590062111045,0.05095469145516496,0.05698468737272121,0.04526256146168036,0.0594169693129483
R01,12,94,231,74,0.037548501044511795,0.05024895817041397,0.023489192128181458,0.05515076220035553,0,0.45442764578833705,0.002838157639865586,0.061581420458825566,0.06470426030312926,0.049676292350879656,0.06292502683723222,0.03220978904934558,0.03377120897149742,0.02625722499537262,0.032881592238548904
R01,12,95,231,75,0.03212627395987511,0.045170579105615616,0.02123691514134407,0.050275769084692,0,0.8,0.009575623847261638,0.03972254484085253,0.045252513894976004,0.03813832622363493,0.04300965318555793,0.024649084344057083,0.027414068871118823,0.023856975035448286,0.026292638516409783
R01,12,96,231,75,0.03245886415243149,0.04332626238465309,0.021921539679169655,0.04976608231663704,0,0.745572354211663,0.008514472919596758,0.041063331115084124,0.038188216272698326,0.04164552128599894,0.04092747538749816,0.024788902017340443,0.023351344596147544,0.025079997102797846,0.02472097415354746
R01,12,97,231,75,0.030641814693808556,0.04208523407578468,0.020482955500483513,0.04722580686211586,0,1.2,0.01737424098232257,0.03373817532803076,0.033434697946983095,0.03427594124683244,0.030549915121327362,0.025556208155176664,0.025404469464652833,0.025825091114577505,0.023962078051824966
R01,12,98,231,78,0.033418331295251846,0.04627572372555733,0.02164708450436592,0.051538608968257904,0,1.2,0.01737424098232257,0.04493127552373248,0.04948555609547874,0.04023954212409351,0.048168620090074,0.031152758253027525,0.03342989853890066,0.02880689155320804,0.032771430536198284
R01,12,99,231,78,0.03746507316827774,0.048813410103321075,0.02301434986293316,0.052004650235176086,0,0.945572354211663,0.012413781487127224,0.06124509379061225,0.05920567175715699,0.04724377006155318,0.05007249682334647,0.036829437638869734,0.03580972662214211,0.0298287757743402,0.031243139155236847
R01,12,100,231,78,0.03728678449988365,0.04763633757829666,0.021038193255662918,0.04903535544872284,0,0.745572354211663,0.008514472919596758,0.06052635040976738,0.05469712366166569,0.03712031360834337,0.03794230222590526,0.03452041166468207,0.031605798290631225,0.022817393263970066,0.02322838757275101
R01,12,101,231,78,0.0333162359893322,0.04592397063970566,0.021069759503006935,0.048498958349227905,0,1.2,0.01737424098232257,0.04451969398012658,0.048138234098249355,0.03728202120236843,0.035751007098166,0.030946967481224576,0.03275623754028596,0.0273281310923455,0.026562624040244284
R01,12,102,231,80,0.032146405428647995,0.04439377412199974,0.01996813900768757,0.046180594712495804,0,0.9632829373650111,0.01275907663025628,0.039803701764943834,0.04227711301270933,0.0316386389565989,0.02628000334687352,0.026281389197600057,0.027518094821482805,0.02219885779342759,0.0195195399885649
R01,12,103,231,82,0.03245209529995918,0.04828140139579773,0.021485034376382828,0.05341222509741783,0,0.9632829373650111,0.01275907663025628,0.041036043526062306,0.0571679155491957,0.03940939161484818,0.05582273659992775,0.026897560078159292,0.034963496089725994,0.02608423412255223,0.034290906615092015
R01,12,104,231,84,0.032989706844091415,0.04637300595641136,0.020753739401698112,0.049565963447093964,0,1.2,0.01737424098232257,0.043203341887148985,0.04985817681962062,0.035663113205821516,0.04010994765624955,0.030288791434735778,0.0336162089009716,0.026518677094072043,0.02874209431928606
R01,12,105,231,84,0.03399129584431648,0.04699599742889404,0.021222861483693123,0.04969242587685585,0,0.745572354211663,0.008514472919596758,0.04724109409385441,0.05224442486895883,0.03806633213636762,0.04062657331742523,0.02787778350672558,0.030379448894277794,0.023290402527982187,0.024570523118510997
R01,12,106,231,84,0.031176425516605377,0.04350446164608002,0.02057313546538353,0.04774419963359833,0,1.0367170626349889,0.014190788199327928,0.03589337674197541,0.03887077399420122,0.03473791523424753,0.032667658777052536,0.02504208247065167,0.026530781096764572,0.02446435171678773,0.02342922348819023
R01,12,107,231,84,0.028532488271594048,0.041925717145204544,0.018837790936231613,0.04658530279994011,0,1.545572354211663,0.024111707189718626,0.02523474985705929,0.03282369927164592,0.025848091063655914,0.027933321123961456,0.024673228523388956,0.028467703230682272,0.02497989912668727,0.02602251415684004
R01,12,108,231,84,0.029361076653003693,0.04337477311491966,0.019005104899406433,0.04784204810857773,0,3.6,0.06416594379268817,0.028575076642532643,0.03837402721969134,0.026705207151511905,0.03306739040625219,0.046370510217610406,0.051269985506189754,0.04543557547210004,0.04861666709947018
R01,12,109,231,90,0.039249174296855927,0.05350412055850029,0.020939214155077934,0.049321677535772324,0,3.763282937365011,0.0673493965756828,0.06843742344607318,0.07717252871761551,0.03661326340247224,0.039111988256844726,0.06789341001087798,0.07226096264664916,0.05198132998907752,0.05323069241626376
R01,12,110,231,96,0.09580190479755402,0.11118407547473907,0.05242835357785225,0.10908208042383194,0,3.6,0.06416594379268817,0.2964210697551872,0.2981044129957221,0.1979258489145348,0.28324582082910116,0.18029350677393768,0.18113517839420512,0.13104589635361147,0.17370588231089468
R01,12,111,231,96,0.06145752966403961,0.0763164684176445,0.03613376244902611,0.07684744149446487,0,1.545572354211663,0.024111707189718626,0.15796699682496812,0.16455080431868474,0.1144519060556264,0.1515605315222312,0.09103935200734337,0.09433125575420168,0.06928180662267251,0.0878361193559749
R01,12,112,231,96,0.06818898022174835,0.08300438523292542,0.04044526815414429,0.08286914229393005,0,1.0367170626349889,0.014190788199327928,0.18510380577315877,0.19016757302179726,0.13653889050460774,0.1761604475825459,0.09964729698624335,0.1021791806105626,0.07536483935196783,0.09517561789093691
R01,12,113,231,96,0.04558788612484932,0.06001022830605507,0.030349360778927803,0.06272595375776291,0,1.145572354211663,0.01631309005465769,0.09399096653150925,0.10209291303606768,0.08481956912459569,0.09387127984096445,0.055152028293083466,0.05920300154536269,0.05056632958962669,0.05509218494781107
R01,12,114,231,96,0.03859446570277214,0.05053187161684036,0.02450723573565483,0.055791884660720825,0,1.6,0.025172858117383505,0.06579806631463825,0.06578790540821582,0.05489152685699588,0.06554414712144983,0.04548546221601088,0.04548038176279966,0.04003219248718969,0.045358502619416666
R01,12,115,231,100,0.06344868242740631,0.07646887004375458,0.026350010186433792,0.06487118452787399,0,1.6,0.025172858117383505,0.16599402334219712,0.1651345491997694,0.06433169310541777,0.10263499936675424,0.09558344072979032,0.09515370365857645,0.04475227561140063,0.06390392874206888
R01,12,116,231,100,0.057919491082429886,0.0691155195236206,0.02316763438284397,0.05868486687541008,0,1.054427645788337,0.014536083342456985,0.14370393773876264,0.13696896570495257,0.048029016107620254,0.07736258879023214,0.07912001054060981,0.07575252452370478,0.03128254972503862,0.04594933606634456
R01,12,117,231,100,0.04290332272648811,0.054622698575258255,0.023122603073716164,0.0503355897963047,0,1.2,0.01737424098232257,0.08316856154968756,0.08145702494014688,0.047798329685648816,0.04325403339197261,0.050271401266005065,0.049415632961234725,0.03258628533398569,0.03031413718714759
R01,12,118,231,103,0.12849563360214233,0.1476105898618698,0.08247947692871094,0.1460806280374527,0,2.6,0.04466940095503583,0.42822081555560176,0.43762911395845877,0.35187176468519316,0.4343926804886618,0.2364451082553188,0.2411492574567473,0.1982705828201145,0.23953104072184883
R01,12,119,231,103,0.08320709317922592,0.10171878337860107,0.05376362055540085,0.10202797502279282,0,3.745572354211663,0.06700410143255374,0.24564702132462757,0.26184944675867844,0.20476615552327807,0.254428314525635,0.15632556137859066,0.1644267740956161,0.1358851284779159,0.1607162079790944
R01,12,120,231,96,0.08256786316633224,0.09751196205615997,0.053859252482652664,0.09723866730928421,0,3.836717062634989,0.06878110814475445,0.24307006371569437,0.24573603330442195,0.20525605882725134,0.23486298378887815,0.1559255859302244,0.1572585707245882,0.1370185834860029,0.1518220459668163
R01,12,121,231,96,0.05178605765104294,0.06122085824608803,0.03473306819796562,0.06514236330986023,0,2.545572354211663,0.04360825002737095,0.11897794297773945,0.10672999630361497,0.10727642856426528,0.10374282180701767,0.0812930965025552,0.07516912316549296,0.07544233929581812,0.07367553591719431
R01,12,122,231,96,0.05519484356045723,0.07200230658054352,0.03528311476111412,0.08244755119085312,0,1.6,0.025172858117383505,0.13271993976966812,0.14802624383427496,0.11009420748360073,0.17443815913068705,0.07894639894352581,0.08659955097582923,0.06763353280049211,0.09980550862403528
R01,12,123,231,100,0.11533035337924957,0.13917285203933716,0.06654822081327438,0.1302679032087326,0,1.6,0.025172858117383505,0.3751470105717857,0.4053099951435451,0.27025911468761155,0.3697943690770558,0.2001599343445846,0.2152414266304643,0.14771598640249753,0.19748361359721966
R01,12,124,231,100,0.11580304801464081,0.14034412801265717,0.06634002923965454,0.13099567592144012,0,1.054427645788337,0.014536083342456985,0.3770526063867556,0.409796340671572,0.2691925907483084,0.3727674738924233,0.19579434486460628,0.2121662120070145,0.1418643370453827,0.19365177861744015
R01,12,125,231,100,0.0731622651219368,0.09569736570119858,0.038052819669246674,0.09451594203710556,0,1.2,0.01737424098232257,0.205152839933676,0.238785573781907,0.12428285372882569,0.22374007758987852,0.11126354045799929,0.12807990738211478,0.07082854735557413,0.12055715928610054
R01,12,126,231,103,0.04824982210993767,0.05867283418774605,0.03300029784440994,0.06420910358428955,0,1.2,0.01737424098232257,0.10472215257237413,0.09697028416075829,0.09839979138222284,0.09993025926429717,0.06104819677734835,0.05717226257154043,0.0578870161822727,0.05865225012330987
R01,12,127,231,103,0.08890873938798904,0.10422570258378983,0.060454681515693665,0.10805771499872208,0,0.945572354211663,0.012413781487127224,0.2686323322217258,0.2714517147309683,0.23904312730177715,0.27906107231502203,0.1405230568544265,0.14193274810904777,0.12572845439445218,0.14573742690107463
R01,12,128,231,103,0.08014608174562454,0.0957212746143341,0.05668015033006668,0.09888945519924164,0,1.0367170626349889,0.014190788199327928,0.23330702391251823,0.23887715223819644,0.2197069562977188,0.2416068000093625,0.12374890605592308,0.1265339702187622,0.11694887224852336,0.1278987941043452
R01,12,129,231,103,0.07025479525327682,0.08511535823345184,0.04905582219362259,0.08750008046627045,0,1.0367170626349889,0.014190788199327928,0.19343182175608686,0.19825324582344522,0.1806490427749172,0.19507880538773587,0.1038113049777074,0.10622201701138657,0.09741991548712256,0.1046347967935319
R01,12,130,231,103,0.05457451939582825,0.06576109677553177,0.0358082614839077,0.06943188607692719,0,1.0367170626349889,0.014190788199327928,0.1302191981840072,0.12412049972614217,0.11278442948330869,0.12126642577253319,0.07220499319166757,0.06915564396273505,0.06348760884131831,0.06772860698593056
R01,12,131,231,103,0.07498618960380554,0.09692704677581787,0.03875765949487686,0.0935811921954155,0,1.0367170626349889,0.014190788199327928,0.21250571132091634,0.24349562872684044,0.12789360768172808,0.2199214276089611,0.11334824976012213,0.1288432084630842,0.071042197940528,0.11705610790414452
R01,12,132,231,103,0.11030491441488266,0.13348056375980377,0.06571628153324127,0.12766654789447784,0,1.545572354211663,0.024111707189718626,0.35488772531258633,0.38350678851348174,0.2659972555605843,0.35916728471919396,0.18949971625115247,0.20380924785160018,0.14505448137515145,0.19163949595445628
R01,12,133,231,103,0.09081970155239105,0.11251341551542282,0.05082303658127785,0.10871057212352753,0,2.4,0.04077009238750536,0.2763360826567954,0.30319619228821787,0.18970212987899374,0.28172813117504025,0.15855308752215036,0.1719831423378616,0.11523611113324955,0.1612491117812728
R01,12,134,231,109,0.05172238498926163,0.06668905913829803,0.03433142974972725,0.07206083089113235,0,2.4,0.04077009238750536,0.11872125642211981,0.12767487964274984,0.10521891484004053,0.1320062190486107,0.07974567440481259,0.0842224860151276,0.07299450361377295,0.08638815571805804
R01,12,135,231,109,0.05489436537027359,0.06811056286096573,0.038353241980075836,0.0723254457116127,0,1.545572354211663,0.024111707189718626,0.13150860810048223,0.13311967405032835,0.12582185735336776,0.1330872263236168,0.07781015764510044,0.07861569062002349,0.07496678227154319,0.07859946675666771
R01,12,136,231,109,0.053857579827308655,0.06655552983283997,0.03532550856471062,0.06821665912866592,0,1.0367170626349889,0.014190788199327928,0.12732896643803762,0.1271634215269445,0.11031138249038722,0.11630196773700367,0.07075987731868277,0.0706771048631362,0.06225108534485757,0.0652463779681658
R01,12,137,231,109,0.055156342685222626,0.068422332406044,0.03526445850729942,0.0690457820892334,0,1.0367170626349889,0.014190788199327928,0.13256472940503383,0.1343138468466611,0.10999863521347888,0.1196891096613336,0.07337775880218088,0.07425231752299451,0.062094711706403405,0.06693994893033077
R01,12,138,231,109,0.06517114490270615,0.08250842988491058,0.037454359233379364,0.07969973236322403,0,1.0367170626349889,0.014190788199327928,0.172937866234887,0.18826791221738368,0.12121706018838328,0.16321274047245155,0.09356432721710746,0.1012293502083558,0.06770392419385561,0.08870176433588974
R01,12,139,231,109,0.06426846235990524,0.08221403509378433,0.03492086008191109,0.07709375023841858,0,1.545572354211663,0.024111707189718626,0.16929884021889663,0.18714029004743515,0.10823844895900224,0.1525667546189883,0.09670527370430762,0.10562599861857688,0.06617507807436043,0.08833923090435347
R01,12,140,231,109,0.05806204676628113,0.07168079167604446,0.03435703366994858,0.06856142729520798,0,2.4,0.04077009238750536,0.14427862908113903,0.1467947433281178,0.1053500786205013,0.11771041831262118,0.0925243607343222,0.09378241785781158,0.07306008550400334,0.07924025535006327
R01,12,141,231,115,0.05154114216566086,0.0658964216709137,0.03486234322190285,0.06787924468517303,0,2.2,0.036870783819974905,0.11799060381832815,0.1246388355010207,0.10793867874752579,0.1149235586688879,0.07743069381915153,0.0807548096604978,0.07240473128375034,0.0758971712444314
R01,12,142,231,115,0.05858650803565979,0.07289920002222061,0.039523329585790634,0.07284320145845413,0,1.108855291576674,0.015597234270121866,0.14639291412948657,0.1514616202723139,0.1318159829602734,0.1352023675995128,0.08099507419980422,0.08352942727121788,0.07370660861519762,0.07539980093481732
R01,12,143,231,116,0.06378806382417679,0.07822410017251968,0.042074985802173615,0.07946577668190002,0,0.345572354211663,0.0007158557845358251,0.16736218731306424,0.1718576179028034,0.14488760921452942,0.16225698223834675,0.08403902154880002,0.08628673684366961,0.07280173249953262,0.08148641901144128
R01,12,144,231,117,0.0648752748966217,0.07971274107694626,0.042005863040685654,0.08142131567001343,0,0.708855291576674,0.007798617135060932,0.17174511175206325,0.17755956826850725,0.14453350708351687,0.17024577088167075,0.0897718644435621,0.0926790927017841,0.0761660621092889,0.08902219400836585
R01,12,145,231,117,0.06568551063537598,0.08181480318307877,0.041190940886735916,0.0814228281378746,0,1.4,0.021273549549853034,0.17501145267770393,0.1856111096168295,0.1403588233019202,0.1702519496314406,0.09814250111377848,0.10344232958334126,0.08081618642588662,0.09576274959064682
R01,12,146,231,121,0.06055768206715584,0.07609666138887405,0.041266750544309616,0.07710693031549454,0,1.6,0.025172858117383505,0.1543393994579847,0.1637088761113145,0.140747181068889,0.15262059800983993,0.0897561287876841,0.094440867114349,0.08296001959313626,0.08889672806361172
R01,12,147,231,121,0.06454475969076157,0.07884756475687027,0.04383184015750885,0.0789022296667099,0,1.145572354211663,0.01631309005465769,0.17041269046797208,0.17424567811542438,0.15388762393777353,0.15995477398665991,0.09336289026131489,0.09527938408504104,0.08510035699621561,0.0881339320206588
R01,12,148,231,121,0.06983534246683121,0.08460641652345657,0.04722624644637108,0.08300221711397171,0,1.0367170626349889,0.014190788199327928,0.19174086227700018,0.19630384327727018,0.17127649085417937,0.17670408625072034,0.10296582523816405,0.10524731573829905,0.09273363952675365,0.09544743722502413
R01,12,149,231,121,0.06110019609332085,0.07437561452388763,0.041377756744623184,0.0748816505074501,0,1.0367170626349889,0.014190788199327928,0.15652646142234747,0.15711673977271048,0.14131584370968195,0.1435298613041125,0.0853586248108377,0.0856537639860192,0.07775331595450494,0.07886032475172021
R01,12,150,231,121,0.0566505491733551,0.06964688003063202,0.037493813782930374,0.07003370672464371,0,1.0367170626349889,0.014190788199327928,0.13858839334640574,0.13900423910652646,0.12141917798248483,0.1237249898743075,0.07638959077286683,0.07659751365292719,0.06780498309090638,0.06895788903681771
R01,12,151,231,121,0.05870553106069565,0.07224685698747635,0.03859689459204674,0.07277806848287582,0,1.545572354211663,0.024111707189718626,0.14687273717255042,0.1489629467544334,0.12707004112479744,0.13493628567592617,0.08549222218113453,0.086537326972076,0.07559087415725804,0.0795239964328224
R01,12,152,231,121,0.061429135501384735,0.0749955102801323,0.04030431807041168,0.07594598829746246,0,2.4,0.04077009238750536,0.15785253011967132,0.15949113028119852,0.13581683131684208,0.14787790534782358,0.09931131125358834,0.10013061133435194,0.08829346185217372,0.09432399886766447
R01,12,153,231,127,0.06667189300060272,0.08024962246417999,0.041293419897556305,0.07674748450517654,0,2.4,0.04077009238750536,0.1789879016712079,0.17961598833138073,0.14088380285039906,0.15115218616798293,0.10987899702935663,0.11019304035944305,0.09082694761895221,0.09596113927774415
R01,12,154,231,127,0.06391951441764832,0.07774829864501953,0.04042099043726921,0.07536160945892334,0,1.545572354211663,0.024111707189718626,0.16789211018935696,0.170035152400435,0.13641452059957898,0.14549059471014406,0.09600190868953778,0.09707342979507683,0.0802631138946488,0.08480115094993135
R01,12,155,231,127,0.06766651570796967,0.08304622769355774,0.04170561954379082,0.07945752143859863,0,1.145572354211663,0.01631309005465769,0.18299757033830363,0.19032784245480489,0.1429954194871229,0.1622232578307359,0.09965533019648067,0.10332046625473129,0.0796542547708903,0.0892681739426968
R01,12,156,231,127,0.06677331030368805,0.08072233200073242,0.04197244718670845,0.07838612794876099,0,1.6,0.025172858117383505,0.17939674995053093,0.18142661056190118,0.14436232432333454,0.15784638976716248,0.10228480403395722,0.10329973433964235,0.08476759122035903,0.091509623942273
R01,12,157,231,131,0.07061300426721573,0.08511225879192352,0.04179706051945686,0.07951631397008896,0,1.6,0.025172858117383505,0.19487588637357825,0.1982413740135928,0.1434638533813743,0.16246343770479474,0.11002437224548088,0.11170711606548815,0.0843183557493789,0.09381814791108913
R01,12,158,231,131,0.06622473150491714,0.08015182614326477,0.041057467460632324,0.07753130048513412,0,1.145572354211663,0.01631309005465769,0.1771852387869785,0.17924139848493162,0.13967506554109835,0.15435423953393598,0.0967491644208181,0.09777724426979466,0.07799407779787802,0.08533366479429684
R01,12,159,231,131,0.06586650758981705,0.07889807969331741,0.041134659200906754,0.07708203047513962,0,1.0367170626349889,0.014190788199327928,0.17574111409774465,0.17443916578561525,0.14007050344229544,0.15251887691756966,0.09496595114853629,0.09431497699247159,0.07713064582081168,0.08335483255844879
R01,12,160,231,131,0.06340106576681137,0.0764770656824112,0.03964322432875633,0.07466504722833633,0,2.345572354211663,0.03970894145984048,0.16580206408910034,0.1651659410046676,0.13243017983359642,0.14264499128781064,0.1027555027744704,0.10243744123225404,0.08606956064671845,0.09117696637382555
R01,12,161,231,131,0.06639476120471954,0.0804591178894043,0.04102474823594093,0.07773686945438385,0,4.0,0.0719645609277491,0.1778706874045535,0.18041841994058816,0.1395074514739098,0.1551940320703898,0.12491762416615129,0.12619149043416863,0.10573600620082946,0.11357929649906945
R01,12,162,231,141,0.06825002282857895,0.08315186202526093,0.03927629068493843,0.0751771330833435,0,4.0,0.0719645609277491,0.1853498896662306,0.1907324542819385,0.13055045190578846,0.14473696986136741,0.12865722529698984,0.1313485076048438,0.10125750641676878,0.10835076539455826
R01,12,163,231,141,0.0689779669046402,0.08428172767162323,0.042121388018131256,0.07966338098049164,0,2.345572354211663,0.03970894145984048,0.1882844843940221,0.19506018558121604,0.1451253185189699,0.1630642374176381,0.11399671292693128,0.11738456352052826,0.09241712998940518,0.1013865894387393
R01,12,164,231,141,0.06952939927577972,0.08560246974229813,0.042789559811353683,0.08096510916948318,0,1.0367170626349889,0.014190788199327928,0.19050749929625954,0.20011903201657316,0.1485482294497458,0.16838207124049784,0.10234914374779373,0.10715491010795054,0.08136950882453686,0.09128642971991288
R01,12,165,231,141,0.06477171927690506,0.0804554671049118,0.03991719335317612,0.07604432106018066,0,1.0367170626349889,0.014190788199327928,0.17132764317769425,0.18040443631840622,0.1338336685439741,0.14827961539443724,0.09275921568851109,0.09729761225886707,0.07401222837165101,0.08123520179688258
R01,12,166,231,141,0.06683037430047989,0.08143322914838791,0.040795277804136276,0.07771163433790207,0,1.0367170626349889,0.014190788199327928,0.1796267946883604,0.18414956425677725,0.13833192018497892,0.15509094130452522,0.09690879144384416,0.09917017622805259,0.07626135419215342,0.08464086475192657
R01,12,167,231,141,0.06328342109918594,0.07778751850128174,0.03975628688931465,0.07543671131134033,0,1.0367170626349889,0.014190788199327928,0.16532779768221592,0.17018537645587523,0.13300937679809288,0.14579740159526797,0.08975929294077192,0.09218808232760158,0.0736000824987104,0.07999409489729795
R01,12,168,231,141,0.06453151255846024,0.07896879315376282,0.04007524251937866,0.07680341601371765,0,1.0367170626349889,0.014190788199327928,0.17035928668890682,0.17471001998587796,0.13464332292340497,0.1513806781607037,0.09227503744411737,0.09445040409260294,0.07441705556136645,0.08278573318001581
R01,12,169,231,141,0.061860062181949615,0.07520990073680878,0.03832879662513733,0.07303236424922943,0,1.0367170626349889,0.014190788199327928,0.15958974484046806,0.1603123113593315,0.1256966286719501,0.13597513744141868,0.086890266519898,0.08725154977932971,0.06994370843563902,0.0750829628203733
R01,12,170,231,141,0.06290940940380096,0.07742661237716675,0.039313338696956635,0.07512957602739334,0,1.0367170626349889,0.014190788199327928,0.16382002698182385,0.16880299552017541,0.13074024148772972,0.14454268927131325,0.08900540759057589,0.09149689185975167,0.07246551484352882,0.07936673873532059
R01,12,171,231,141,0.06206091493368149,0.07565987855195999,0.03742070123553276,0.07243947684764862,0,1.0367170626349889,0.014190788199327928,0.1603994518573642,0.16203586413826607,0.12104463697341704,0.13355306753163482,0.08729512002834607,0.088113326168797,0.06761771258637249,0.07387192786548137
R01,12,172,231,141,0.05957811325788498,0.07418889552354813,0.03780593350529671,0.07357568293809891,0,1.0367170626349889,0.014190788199327928,0.15039041826872998,0.15640154884311566,0.12301810511505061,0.13819470871958256,0.08229060323402895,0.0852961685212218,0.06860444665718927,0.07619274845945524
R01,12,173,231,141,0.06053293123841286,0.07519450783729553,0.03843197971582413,0.07387297600507736,0,1.0367170626349889,0.014190788199327928,0.1542396202937244,0.16025335184213174,0.12622521508126225,0.13940921351424673,0.08421520424652616,0.08722207002072983,0.07020800164029509,0.07680000085678733
R01,12,174,231,141,0.06344153732061386,0.07774887979030609,0.0400545708835125,0.07693691551685333,0,1.0367170626349889,0.014190788199327928,0.16596521894167768,0.17003737836478233,0.13453742625269688,0.15192605174876425,0.0900780035705028,0.09211408328205513,0.0743641072260124,0.08305841997404609
R01,12,175,231,141,0.05962710827589035,0.07409369945526123,0.037388525903224945,0.0720691829919815,0,1.0367170626349889,0.014190788199327928,0.15058793415800623,0.1560369187602206,0.1208798091585124,0.13204033913970437,0.08238936117866708,0.08511385347977427,0.06753529867892016,0.07311556366951615
R01,12,176,231,141,0.06258942186832428,0.07731163501739502,0.03889434039592743,0.07480096071958542,0,1.0367170626349889,0.014190788199327928,0.16253004638379523,0.16836259703545783,0.12859379669745707,0.14320022652575018,0.08836041729156158,0.09127669261739288,0.0713922924483925,0.07869550736253905
R01,12,177,231,141,0.06491509079933167,0.08094677329063416,0.04029098525643349,0.07861898839473724,0,1.0367170626349889,0.014190788199327928,0.17190562344797145,0.18228628940804117,0.13574852996804693,0.15879767373419257,0.09304820582364969,0.09823853880368455,0.07496965908368743,0.08649423096676025
R01,12,178,231,141,0.06638171523809433,0.0834929496049881,0.0410306416451931,0.08186779916286469,0,1.0367170626349889,0.014190788199327928,0.17781809459401174,0.19203892412579351,0.13953764223495868,0.17206974998860888,0.09600444139666983,0.10311485616256072,0.0768642152171433,0.0931302690939684
R01,12,179,231,141,0.06503632664680481,0.08140266686677933,0.03955678641796112,0.07934769243001938,0,3.545572354211663,0.06310479286502328,0.1723943671447937,0.18403250136251134,0.131987375643573,0.16177458319843316,0.11774958000490848,0.1235686471137673,0.09754608425429814,0.11243968803172821
R01,12,180,231,141,0.06769933551549911,0.0849979892373085,0.042079318314790726,0.08316859602928162,0,6.4,0.1187562637381147,0.18312987835111716,0.19780368663929823,0.1449098038132019,0.17738377916259557,0.15094307104461593,0.15827997518870646,0.1318330337756583,0.14807002145035514
R01,12,181,231,157,0.0662868469953537,0.0807136744260788,0.03945505619049072,0.07930634170770645,0,6.4,0.1187562637381147,0.17743564784550894,0.18139344940072688,0.13146623196296445,0.1616056567884691,0.1480959557918118,0.1500748565694208,0.12511124785053956,0.1401809602632919
R01,12,182,231,157,0.06905669718980789,0.08338778465986252,0.041000839322805405,0.08221442997455597,0,3.545572354211663,0.06310479286502328,0.1886018734454184,0.19163611019294047,0.13938497087693655,0.1734858098619725,0.12585333315522085,0.12737045152898188,0.10124488187097991,0.11829530136349789
R01,12,183,231,157,0.06891818344593048,0.08395952731370926,0.0410907119512558,0.08155082166194916,0,1.436717062634989,0.021989405334388864,0.1880434765631899,0.1938260595786492,0.13984537044097203,0.17077483013536363,0.10501644094878938,0.10790773245651904,0.08091738788768045,0.09638211773487625
R01,12,184,231,157,0.06802356988191605,0.08352416008710861,0.04025745019316673,0.08140630275011063,0,1.836717062634989,0.029788022469449792,0.18443697939575276,0.19215846982644683,0.13557673652243254,0.17018443994183696,0.10711250093260127,0.1109732461479483,0.08268237949594116,0.09998623120564337
R01,12,185,231,155,0.06946635246276855,0.085391104221344,0.04167409986257553,0.08411188423633575,0,1.836717062634989,0.029788022469449792,0.19025333575382408,0.19930943736824805,0.14283395044209474,0.18123731016438122,0.11002067911163693,0.11454872991884892,0.08631098645577226,0.1055126663169155
R01,12,186,231,155,0.06773345917463303,0.08344333618879318,0.04117468744516373,0.08270812034606934,0,1.436717062634989,0.021989405334388864,0.18326744264139777,0.19184888955414148,0.1402755601600389,0.17550263901098853,0.10262842398789332,0.10691914744426517,0.08113248274721388,0.0987460221726887
R01,12,187,231,155,0.06797996908426285,0.083345428109169,0.04157796502113342,0.08237726986408234,0,1.0367170626349889,0.014190788199327928,0.1842612094772545,0.19147387163762555,0.14234147080895485,0.1741510451081301,0.09922599883829121,0.10283232991847674,0.07826612950414139,0.09417091665372901
R01,12,188,231,155,0.0688086599111557,0.08367424458265305,0.04127204045653343,0.08227381855249405,0,1.0367170626349889,0.014190788199327928,0.1876019492559574,0.1927333393881466,0.14077428023493793,0.1737284247113101,0.10089636872764267,0.10346206379373726,0.07748253421713293,0.093959606455319
R01,12,189,231,155,0.06620798259973526,0.08177848160266876,0.03988795354962349,0.08128123730421066,0,1.0367170626349889,0.014190788199327928,0.1771177181484303,0.18547198684512148,0.13368387885783464,0.16967352125397087,0.09565425317387911,0.0998313875222247,0.07393733352858128,0.0919321547266494
R01,12,190,231,155,0.06717225909233093,0.08170747011899948,0.04113392159342766,0.08221595734357834,0,1.0367170626349889,0.014190788199327928,0.1810050507119643,0.1851999911246806,0.14006672482618437,0.17349204948612434,0.09759791945564611,0.09969538966200427,0.07712875651275615,0.09384141884272613
R01,12,191,231,155,0.11042416095733643,0.13130953907966614,0.06880448013544083,0.1304987072944641,0,1.0367170626349889,0.014190788199327928,0.3553684494317874,0.3751910993959432,0.28181748152507197,0.37073725237937416,0.18477961881555768,0.19469094379763557,0.14800413486219996,0.19246402028935106
R01,12,192,231,155,0.08455759286880493,0.10057290643453598,0.0551748089492321,0.09981749951839447,0,1.0367170626349889,0.014190788199327928,0.2510913533815165,0.25746038728783155,0.21199539241658275,0.24539805651839383,0.13264107079042223,0.13582558774357975,0.11309309030795534,0.12979442235886088
R01,12,193,231,155,0.07750795036554337,0.09356088936328888,0.051147107034921646,0.09287617355585098,0,1.0367170626349889,0.014190788199327928,0.22267180248026613,0.2306022153910167,0.19136227822612636,0.21704127797486028,0.11843129533979703,0.12239650179517231,0.10277653321272714,0.1156160330870941
R01,12,194,231,155,0.0669013038277626,0.0818738117814064,0.04111958667635918,0.07901432365179062,0,1.0367170626349889,0.014190788199327928,0.17991273618256812,0.18583713061209667,0.13999328990297574,0.16041270152502196,0.09705176219094802,0.1000139594057123,0.07709203905115183,0.08730174486217494
R01,12,195,231,155,0.06213740259408951,0.07795123010873795,0.03699054196476936,0.07664082199335098,0,1.0367170626349889,0.014190788199327928,0.1607078001115172,0.1708124420277194,0.11884101675956513,0.15071644734184858,0.08744929415542256,0.09250161511352366,0.06651590247944653,0.08245361777058825
R01,12,196,231,155,0.09678932279348373,0.11813788115978241,0.06673029065132141,0.11986563354730606,0,1.0367170626349889,0.014190788199327928,0.3004016937347936,0.3247396174637462,0.27119182218160826,0.3272989065773948,0.15729624096706077,0.16946520283153707,0.1426913051904681,0.17074484738836138
R01,12,197,231,155,0.11053681373596191,0.13124452531337738,0.0699358731508255,0.12735499441623688,0,4.345572354211663,0.07870202713514515,0.3558225918049408,0.374942076769087,0.2876133824575056,0.3578945231409854,0.217262309470043,0.22682205195211608,0.18315770479632537,0.21829827513806527
R01,12,198,231,155,0.12220449000597,0.14282432198524475,0.0773792713880539,0.13286316394805908,0,8.0,0.14995073227835842,0.4028590364900994,0.41929624282188926,0.3257444281657549,0.3803965558126923,0.27640488438422894,0.28462348755012384,0.23784758022205665,0.26517364404552535
R01,12,199,231,175,0.0917157307267189,0.10799446702003479,0.05831814929842949,0.10327818244695663,0,8.0,0.14995073227835842,0.2799482866397681,0.2858872362134149,0.22809809856125088,0.2595356751728368,0.21494950945906327,0.21791898424588665,0.18902441541980464,0.20474320372559762
R01,12,200,231,175,0.08507483452558517,0.10100362449884415,0.0521143414080143,0.09765847772359848,0,4.345572354211663,0.07870202713514515,0.25317653367063214,0.25911016932525527,0.19631722715073463,0.2365779977520917,0.16593928040288863,0.1689060982302002,0.1375096271429399,0.15764001244361842
R01,12,201,231,175,0.10915485769510269,0.12886975705623627,0.06095011532306671,0.11807664483785629,0,1.0367170626349889,0.014190788199327928,0.35025144829967536,0.36584598738177865,0.24158113595753705,0.3199905109013387,0.18222111824950166,0.1900183877905533,0.1278859620784325,0.16709064955033331
R01,12,202,231,175,0.14088353514671326,0.16107968986034393,0.09705392271280289,0.15966829657554626,0,1.0367170626349889,0.014190788199327928,0.47816073780594687,0.48921989010442557,0.4265337457661012,0.4899011683102699,0.2461757630026374,0.25170533915187676,0.22036226698271458,0.2520459782547989
R01,12,203,231,175,0.099522665143013,0.11664237827062607,0.06315591931343079,0.11607151478528976,0,1.0367170626349889,0.014190788199327928,0.31142074356562555,0.3190113835959412,0.252881030185866,0.3117991323148217,0.16280576588247675,0.1666010858976346,0.13353590919259697,0.16299496025707483
R01,12,204,231,175,0.0898929089307785,0.10644721984863281,0.06156790629029274,0.10850955545902252,0,1.0367170626349889,0.014190788199327928,0.27259986056147134,0.27996080590468436,0.24474595595757656,0.280906935762278,0.14339532438039965,0.14707579705200616,0.12946837207845224,0.14754886198080297
R01,12,205,231,175,0.08946309983730316,0.10703618824481964,0.060935985296964645,0.10696680843830109,0,1.0367170626349889,0.014190788199327928,0.2708671512213606,0.28221673515668827,0.2415087506499148,0.27460448924826014,0.1425289697103443,0.1482037616780081,0.12784976942462137,0.14439763872379405
R01,12,206,231,175,0.08093028515577316,0.09613953530788422,0.049691054970026016,0.09409543871879578,0,1.0367170626349889,0.014190788199327928,0.2364684195040453,0.2404792187321749,0.18390321368723916,0.2220222329679034,0.12532960385168662,0.1273350034657514,0.09904700094328354,0.11810651058361567
R01,12,207,231,175,0.07921736687421799,0.09455839544534683,0.04354988783597946,0.08956770598888397,0,1.0367170626349889,0.014190788199327928,0.22956305256241424,0.23442296904118798,0.15244323838736565,0.20352549113223092,0.12187692038087108,0.12430687862025795,0.08331701329334679,0.10885813966577942
R01,12,208,231,175,0.07622745633125305,0.09217706322669983,0.04228855296969414,0.08847454190254211,0,1.0367170626349889,0.014190788199327928,0.21750968746955113,0.22530173767195663,0.14598167125003578,0.19905968559660076,0.11585023783443953,0.11974626293564228,0.08008622972468185,0.10662523689796434
R01,12,209,231,175,0.06704013794660568,0.08117958903312683,0.03991636261343956,0.0808994248509407,0,1.0367170626349889,0.014190788199327928,0.18047242460725996,0.18317804497118625,0.13382941282986924,0.16811373696477835,0.09733160640329394,0.09868441658525709,0.07401010051459858,0.09115226258205314
R01,12,210,231,175,0.06964163482189178,0.08417675644159317,0.044896095991134644,0.08412791788578033,0,6.545572354211663,0.12159442137798027,0.19095995966062349,0.19465811363647875,0.1593395944684228,0.1813028109993799,0.1562771905193019,0.15812626750722952,0.14046700792320155,0.15144861618868008
R01,12,211,231,175,0.074610136449337,0.08985669165849686,0.0487636998295784,0.09021400660276413,0,12.4,0.2357355207640287,0.21098971079180442,0.21641400425515916,0.17915255812358427,0.2061657652641828,0.22336261577791655,0.22607476250959394,0.2074440394438065,0.22095064301410575
R01,12,212,231,6,0.09708024561405182,0.11436707526445389,0.04604891687631607,0.08733939379453659,0,12.4,0.2357355207640287,0.30157450439911376,0.3102962765680795,0.16524526610727436,0.19442236648977282,0.2686550125815712,0.27301589866605414,0.20049039343565153,0.21507894362690078
R01,12,213,231,6,0.09456315636634827,0.11216291040182114,0.041905950754880905,0.08503309637308121,0,6.545572354211663,0.12159442137798027,0.2914272457310317,0.30185365040673434,0.14402167635574767,0.18500065576927976,0.20651083355450597,0.2117240358923573,0.13280804886686398,0.15329753857363002
R01,12,214,231,6,0.09483106434345245,0.11156482249498367,0.0410308912396431,0.08481238037347794,0,2.236717062634989,0.037586639604510724,0.29250727558909057,0.29956279063728003,0.13953892085758213,0.18409898442355446,0.16504695759680066,0.1685747151208954,0.08856278023104643,0.1108428120140326
R01,12,215,231,6,0.09335284680128098,0.1093364804983139,0.041548170149326324,0.08318442851305008,0,3.436717062634989,0.060982491009693524,0.28654806862740034,0.2910275586514851,0.14218883761877224,0.17744845819343766,0.17376527981854695,0.17600502483058933,0.10158566431423288,0.11921547460156559
R01,12,216,231,0,0.09487198293209076,0.11142624914646149,0.04380663111805916,0.08474936336278915,0,3.436717062634989,0.060982491009693524,0.2926722325939423,0.29903201229246,0.15375848305280654,0.18384154666220742,0.1768273618018179,0.18000725165107678,0.10737048703125003,0.12241201883595047
R01,12,217,231,0,0.09457782655954361,0.11160919070243835,0.04744993895292282,0.08942422270774841,0,2.236717062634989,0.037586639604510724,0.2914863863615038,0.2997327344537972,0.17242242298357371,0.20293933170825112,0.16453651298300725,0.16865968702915396,0.10500453129404222,0.12026298565638092
R01,12,218,231,0,0.08871500939130783,0.10628288239240646,0.04403301700949669,0.0869963988661766,0,1.0367170626349889,0.014190788199327928,0.2678513394977354,0.27933134314046615,0.15491821285618215,0.19302115996560962,0.14102106384853166,0.14676106566989705,0.08455450052775504,0.10360597408246877
R01,12,219,231,0,0.0918431207537651,0.10999638587236404,0.044522903859615326,0.09037699550390244,0,1.0367170626349889,0.014190788199327928,0.28046183996623486,0.2935551982438854,0.15742780555543018,0.20683160925416008,0.1473263140827814,0.15387299322160666,0.08580929687737905,0.110511198726744
R01,12,220,231,0,0.09022726863622665,0.10836456716060638,0.04494451731443405,0.09078481793403625,0,1.0367170626349889,0.014190788199327928,0.2739477803551225,0.28730483304660964,0.15958764725736926,0.20849764977707955,0.14406928427722523,0.1507478106229688,0.0868892177283486,0.11134421898820374
R01,12,221,231,0,0.08843962103128433,0.10742562264204025,0.04434863105416298,0.09144739806652069,0,1.0367170626349889,0.014190788199327928,0.2667411536249512,0.28370838811143834,0.15653504070547603,0.21120442917133256,0.14046597091213958,0.14894958815538314,0.08536291445240198,0.11269760868533024
R01,13,10,229,0,0.025906724855303764,0.03652050718665123,0.017409231513738632,0.0440102145075798,0,1.0367170626349889,0.014190788199327928,0.014649387971066085,0.01212009049115832,0.018529865852544104,0.017413543082915504,0.014420088085197007,0.013155439345243124,0.016360327025936018,0.015802165641121718
R01,13,11,229,0,0.022622302174568176,0.03335624560713768,0.017355846241116524,0.04303327575325966,0,1.0367170626349889,0.014190788199327928,0.0014087424329127791,0.0,0.01825638374052709,0.013422542508048278,0.007799765316120354,0.007095394099663964,0.01622358596992751,0.013806665353688102
R01,13,12,229,0,0.02528122253715992,0.03632596880197525,0.017297854647040367,0.04364826902747154,0,1.0367170626349889,0.014190788199327928,0.01212777145489315,0.011374948925890156,0.017959304361735776,0.0159349195634832,0.01315927982711054,0.012782868562609042,0.01607504628053185,0.015062853881405564
R01,13,13,229,0,0.022272855043411255,0.034632306545972824,0.016254862770438194,0.0446154922246933,0,1.0367170626349889,0.014190788199327928,0.0,0.0048877040226528974,0.01261626484503528,0.019886230041306616,0.007095394099663964,0.009539246110990413,0.013403526522181604,0.01703850912031727
R01,13,14,229,0,0.024266773834824562,0.03579580783843994,0.015958987176418304,0.04393759369850159,0,1.745572354211663,0.02801101575724909,0.008038177334426959,0.009344270143033191,0.011100553144551446,0.017116871782389426,0.018024596545838024,0.01867764295014114,0.019555784450900268,0.02256394376981926
R01,13,15,229,0,0.023911185562610626,0.03559597581624985,0.01615990325808525,0.04290853813290596,0,2.8,0.04856870952256629,0.0066046778346443595,0.008578852325601223,0.01212980618857739,0.012912963056585508,0.027586693678605324,0.028573780924083757,0.03034925785557184,0.0307408362895759
R01,13,16,229,7,0.023184193298220634,0.03512204438447952,0.016421174630522728,0.04327768087387085,0,2.8,0.04856870952256629,0.003673920189403801,0.006763549862350502,0.013468247358477778,0.014420988902508855,0.026121314855985046,0.027666129692458397,0.031018478440522034,0.031494849212537576
R01,13,17,229,7,0.02227518893778324,0.03495083376765251,0.015239925123751163,0.04224824905395508,0,1.745572354211663,0.02801101575724909,9.408736666025502e-06,0.0061077607890244546,0.007416941557012929,0.010215543098560221,0.014010212246957558,0.017059388273136772,0.017713978657131008,0.019113279427904657
R01,13,18,229,7,0.02417997270822525,0.035978782922029495,0.016346866264939308,0.04224936664104462,0,1.0367170626349889,0.014190788199327928,0.007688251925509598,0.010045120725390412,0.013087580411169348,0.010220108677207898,0.010939520062418762,0.01211795446235917,0.013639184305248638,0.012205448438267912
R01,13,19,229,7,0.02315199188888073,0.03584316372871399,0.015606844797730446,0.04223125800490379,0,1.0367170626349889,0.014190788199327928,0.0035441051539032036,0.009525657699335999,0.00929659792012183,0.01014613108452003,0.008867446676615567,0.011858222949331964,0.011743693059724879,0.012168459641923979
R01,13,20,229,7,0.025229256600141525,0.03755905479192734,0.01572982780635357,0.04320228844881058,0,1.0367170626349889,0.014190788199327928,0.011918278761959833,0.016098045738858566,0.009926615362919904,0.014112994966936536,0.01305453348064388,0.015144416969093247,0.012058701781123917,0.014151891583132233
R01,13,21,229,7,0.026933155953884125,0.03837621957063675,0.015503748320043087,0.04313894733786583,0,1.0367170626349889,0.014190788199327928,0.018787287281454495,0.019228036991246752,0.008768455211943962,0.013854233187781671,0.01648903774039121,0.01670941259528734,0.011479621705635944,0.014022510693554799
R01,13,22,229,7,0.028779152780771255,0.04112520068883896,0.01704498566687107,0.0448441319167614,0,1.0367170626349889,0.014190788199327928,0.026229139937244253,0.0297574761902078,0.01666390697283775,0.020820271339643957,0.02020996406828609,0.021974132194767862,0.01542734758608284,0.017505529769485943
R01,13,23,229,7,0.02820383571088314,0.04073868319392204,0.015023048967123032,0.04322849214076996,0,1.0367170626349889,0.014190788199327928,0.0239098375407782,0.02827699586420105,0.006305928229786195,0.01422004256762908,0.019050312870053064,0.02123389203176449,0.010248358214557062,0.014205415383478505
R01,13,24,229,7,0.029633527621626854,0.04256903752684593,0.016267066821455956,0.04438265785574913,0,1.0367170626349889,0.014190788199327928,0.0296734208730803,0.03528781326613394,0.012678783766145342,0.01893505260444499,0.021932104536204117,0.024739300732730937,0.013434785982736636,0.01656292040188646
R01,13,25,229,7,0.029627302661538124,0.04168027266860008,0.015354502014815807,0.042683593928813934,0,1.0367170626349889,0.014190788199327928,0.029648325902659027,0.03188357179095312,0.008003896134888885,0.011994018604976486,0.02191955705099348,0.023037179995140523,0.011097342167108407,0.013092403402152206
R01,13,26,229,7,0.031081141903996468,0.04475652053952217,0.01609010435640812,0.045355889946222305,0,1.3455723542116629,0.020212398622188155,0.03550925549365096,0.04366654283550901,0.011772240326129686,0.022910910676797423,0.027860827057919556,0.03193947072884858,0.01599231947415892,0.02156165464949279
R01,13,27,229,7,0.03178999572992325,0.04596821963787079,0.016305502504110336,0.04593617841601372,0,2.0,0.032971475252444434,0.03836689081035699,0.04830772130669529,0.012875682108194508,0.025281511296626466,0.03566918303140071,0.040639598279569866,0.02292357868031947,0.02912649327453545
R01,13,28,229,12,0.023467620834708214,0.03799610584974289,0.0159510038793087,0.04460546746850014,0,2.508855291576674,0.04289239424283512,0.004816514767256239,0.017772085080067297,0.011059656304521269,0.01984527680083695,0.02385445450504568,0.03033223966145121,0.026976025273678195,0.03136883552183604
R01,13,29,229,12,0.023306608200073242,0.03709836304187775,0.015673482790589333,0.042638011276721954,0,2.708855291576674,0.04679170281036559,0.0041674170628498205,0.0143334553095207,0.009637971076659313,0.011807803870533217,0.025479559936607707,0.030562579059943147,0.028214836943512452,0.029299753340449403
R01,13,30,229,18,0.025372635573148727,0.039662089198827744,0.015989603474736214,0.043611202389001846,0,2.4,0.04077009238750536,0.012496289068108261,0.024153311296761928,0.011257394339039556,0.015783494538335233,0.026633190727806812,0.03246170184213364,0.02601374336327246,0.028276793462920297
R01,13,31,229,18,0.025029877200722694,0.03947993740439415,0.014716117642819881,0.04240615665912628,0,1.6544276457883371,0.026234009045048384,0.011114511338601465,0.023455614163896757,0.004733580226456089,0.010860628924286056,0.018674260191824926,0.02484481160447257,0.015483794635752238,0.01854731898466722
R01,13,32,229,18,0.02542915567755699,0.038875874131917953,0.01517026498913765,0.04212077334523201,0,1.6,0.025172858117383505,0.012724141187337213,0.021141866914871205,0.007060086570576014,0.009694777979410641,0.01894849965236036,0.023157362516127357,0.01611647234397976,0.017433818048397075
R01,13,33,229,22,0.023268207907676697,0.03668302297592163,0.014188537374138832,0.04218387231230736,0,1.6,0.025172858117383505,0.004012612182477289,0.012742575713287801,0.002030891656169636,0.009952550549858509,0.014592735149930397,0.018957716915335654,0.01360187488677657,0.017562704333621008
R01,13,34,229,22,0.02428538352251053,0.03679906204342842,0.015980759635567665,0.04275629296898842,0,1.454427645788337,0.022334700477517917,0.00811319943181743,0.01318704086363992,0.011212089113546488,0.012291009496007903,0.015223949954667674,0.017760870670578917,0.016773394795532203,0.01731285498676291
R01,13,35,229,22,0.024604400619864464,0.03664298728108406,0.015285324305295944,0.041263096034526825,0,2.0,0.032971475252444434,0.009399267857616994,0.012589226746359995,0.007649512516059953,0.006190985520632565,0.021185371555030714,0.022780350999402215,0.020310493884252195,0.0195812303865385
R01,13,36,229,27,0.022316046059131622,0.03552810847759247,0.01513588335365057,0.041691336780786514,0,2.0,0.032971475252444434,0.00017411794558004734,0.008318899643039506,0.0068839563041977955,0.007940439165445096,0.01657279659901224,0.02064518744774197,0.019927715778321115,0.020455957208944765
R01,13,37,229,27,0.023843519389629364,0.03775961697101593,0.01619679480791092,0.044369593262672424,0,1.3455723542116629,0.020212398622188155,0.00633189205203991,0.016866260280726922,0.012318794245889036,0.018881680990053645,0.013272145337114032,0.018539329451457538,0.016265596434038597,0.0195470398061209
R01,13,38,229,27,0.023601792752742767,0.036724988371133804,0.014542843215167522,0.042510002851486206,0,1.0367170626349889,0.014190788199327928,0.005357408245519459,0.012903316023368916,0.003845929866995671,0.011284862492228244,0.009774098222423694,0.013547052111348422,0.0090183590331618,0.012737825345778086
R01,13,39,229,27,0.02232445403933525,0.03580402582883835,0.014447768218815327,0.040468692779541016,0,1.0367170626349889,0.014190788199327928,0.0002080134262747314,0.00937574756194477,0.003358879609025446,0.002945680906290494,0.00719940081280133,0.011783267880636349,0.008774833904176688,0.00856823455280921
R01,13,40,229,27,0.02387986332178116,0.03616718575358391,0.015132589265704155,0.040458060801029205,0,0.945572354211663,0.012413781487127224,0.006478407031950117,0.01076676124399159,0.006867081348156411,0.002902247034755589,0.00944609425953867,0.011590271365559408,0.009640431417641818,0.007658014260941407
R01,13,41,229,27,0.024098066613078117,0.0376666784286499,0.014730215072631836,0.041358571499586105,0,1.8,0.02907216668491397,0.007358060083997116,0.016510277213181105,0.0048057985497804954,0.006581022904503648,0.018215113384455542,0.022791221949047535,0.016938982617347234,0.017826594794708807
R01,13,42,229,30,0.02805056981742382,0.04002467915415764,0.014860752038657665,0.04056580364704132,0,1.363282937365011,0.02055769376531721,0.02329196963349389,0.0255421418214681,0.005474513410857241,0.003342399253582678,0.02192483169940555,0.023049917793392653,0.013016103588087226,0.011950046509449945
R01,13,43,229,33,0.027368569746613503,0.039289675652980804,0.014752323739230633,0.04092256352305412,0,1.8,0.02907216668491397,0.02054259110570572,0.02272685341318457,0.004919056842533225,0.004799838488089759,0.024807378895309845,0.025899510049049272,0.0169956117637236,0.016936002586501863
R01,13,44,229,33,0.02533629722893238,0.037401117384433746,0.014090708456933498,0.04063970595598221,0,0.945572354211663,0.012413781487127224,0.012349796615101483,0.01549309712046541,0.0015297336105221787,0.0036443057509580943,0.012381789051114353,0.013953439303796316,0.006971757548824701,0.008029043619042659
R01,13,45,229,33,0.023224208503961563,0.0352652333676815,0.013792095705866814,0.039747633039951324,0,0.945572354211663,0.012413781487127224,0.0038352353448676685,0.0073120075009290905,0.0,0.0,0.008124508415997447,0.009862894494028157,0.006206890743563612,0.006206890743563612
R01,13,46,229,33,0.024159688502550125,0.0364694818854332,0.014970771037042141,0.04091295599937439,0,1.2,0.01737424098232257,0.007606479266057868,0.011924647967662445,0.006038118812915687,0.004760589730315226,0.01249036012419022,0.014649444474992508,0.011706179897619129,0.011067415356318899
R01,13,47,229,36,0.025066137313842773,0.03757711127400398,0.01572849042713642,0.042750295251607895,0,1.2,0.01737424098232257,0.011260688414960219,0.016167207592650237,0.009919764235728662,0.012266507557265369,0.014317464698641393,0.016770724287486403,0.013647002609025616,0.01482037426979397
R01,13,48,229,36,0.023844420909881592,0.03716738522052765,0.015051120892167091,0.04248205944895744,0,1.254427645788337,0.01843539190998745,0.006335526392459987,0.01459783138277262,0.006449735107083166,0.011170707807440816,0.012385459151223719,0.016516611646380033,0.012442563508535308,0.014803049858714133
R01,13,49,229,36,0.02515064924955368,0.03792008012533188,0.015050690621137619,0.042589858174324036,0,2.0,0.032971475252444434,0.011601385302438996,0.017480883282629624,0.006447530914351721,0.011611088305200289,0.022286430277441715,0.02522617926753703,0.019709503083398076,0.02229128177882236
R01,13,50,229,41,0.03471794351935387,0.044512029737234116,0.014493138529360294,0.04081854596734047,0,2.0,0.032971475252444434,0.050170462580050104,0.04273006821938619,0.0035913026676943865,0.004374904864754929,0.04157096891624727,0.03785077173591531,0.01828138896006941,0.01867319005859968
R01,13,51,229,41,0.03736388310790062,0.04687348008155823,0.015346400439739227,0.04288864508271217,0,1.3455723542116629,0.020212398622188155,0.06083716160536205,0.051775145923734896,0.007962393380406557,0.012831695756656849,0.040524780113775104,0.03599377227296152,0.014087396001297357,0.016522047189422503
R01,13,52,229,41,0.03541699796915054,0.04409746453166008,0.01604701206088066,0.041279081255197525,0,1.0367170626349889,0.014190788199327928,0.052988593217107326,0.0411421565756164,0.01155148708438956,0.006256288513889844,0.03358969070821763,0.027666472387472163,0.012871137641858744,0.010223538356608886
R01,13,53,229,41,0.03192979097366333,0.0408586747944355,0.016380198299884796,0.04184352606534958,0,1.0367170626349889,0.014190788199327928,0.03893045386243883,0.028736600425915446,0.013258333783157225,0.008562164447090315,0.02656062103088338,0.021463694312621687,0.013724560991242578,0.011376476323209123
R01,13,54,229,41,0.03480549156665802,0.04460472613573074,0.018232665956020355,0.04602367430925369,0,0.8367170626349889,0.010291479631797463,0.0505233990850593,0.04308512380178729,0.022748156390775813,0.025638950448953132,0.030407439358428382,0.026688301716792377,0.016519818011286637,0.017965215040375297
R01,13,55,229,41,0.03544740378856659,0.044939860701560974,0.018356388434767723,0.045531898736953735,0,0.691144708423326,0.0074533219919318775,0.05311116960763901,0.044368791780084425,0.02338196199164481,0.02362994365802014,0.030282245799785442,0.02591105688600815,0.015417641991788345,0.015541632824976007
R01,13,56,229,42,0.0323057621717453,0.04243116080760956,0.0175420381128788,0.04488513991236687,0,0.691144708423326,0.0074533219919318775,0.0404461239969671,0.03475970322473029,0.019210207591730224,0.020987797638822733,0.023949722994449488,0.021106512608331084,0.013331764791831052,0.014220559815377305
R01,13,57,229,42,0.03417640179395676,0.04402949661016464,0.019434725865721703,0.04889829456806183,0,1.3455723542116629,0.020212398622188155,0.04798732029688416,0.04088181862999457,0.028906069738959553,0.0373823796605541,0.034099859459536155,0.030547108626091363,0.024559234180573854,0.028797389141371126
R01,13,58,229,42,0.03364327549934387,0.0440397635102272,0.020560285076498985,0.04937533661723137,0,2.4,0.04077009238750536,0.04583810353028415,0.04092114400013071,0.03467208525306036,0.03933119690631521,0.043304097958894755,0.04084561819381803,0.03772108882028286,0.040050644646910286
R01,13,59,229,48,0.04245855659246445,0.0526731051504612,0.02599618397653103,0.05600588396191597,0,2.4,0.04077009238750536,0.08137555519806194,0.07398948531494934,0.06251911194925991,0.0664183793395026,0.061072823792783656,0.057379788851227354,0.05164460216838264,0.05359423586350398
R01,13,60,229,48,0.04015704616904259,0.05074196308851242,0.02362218126654625,0.05203607305884361,0,1.545572354211663,0.024111707189718626,0.07209736944638243,0.06659262005777947,0.05035756920213366,0.05020086567632367,0.048104538318050526,0.045352163623749046,0.037234638195926144,0.03715628643302114
R01,13,61,229,48,0.039017364382743835,0.049834564328193665,0.023976266384124756,0.0528959222137928,0,1.0367170626349889,0.014190788199327928,0.06750291738417358,0.06311700503346188,0.05217147669071435,0.053713530576273726,0.04084685279175075,0.0386538966163949,0.03318113244502114,0.03395215938780083
R01,13,62,229,48,0.03901838883757591,0.04913538321852684,0.024239173159003258,0.05236848071217537,0,0.745572354211663,0.008514472919596758,0.06750704731646912,0.06043892735058803,0.0535182957013862,0.05155882095209786,0.038010760118032935,0.034476700135092395,0.03101638431049148,0.03003664693584731
R01,13,63,229,48,0.03616565838456154,0.04676414281129837,0.024336114525794983,0.052184928208589554,0,0.8,0.009575623847261638,0.0560067026848825,0.05135635070838818,0.054014907003152555,0.05080897031500332,0.03279116326607207,0.03046598727782491,0.031795265425207095,0.030192297081132476
R01,13,64,229,50,0.04412169009447098,0.05371696501970291,0.02554028108716011,0.05453477054834366,0,0.8,0.009575623847261638,0.08808022244806528,0.07798778815982453,0.06018361230795649,0.06040857119820538,0.04882792314766346,0.043781706003543086,0.034879618077609066,0.03499209752273351
R01,13,65,229,50,0.04857161268591881,0.058692120015621185,0.026517167687416077,0.05830824747681618,0,0.745572354211663,0.008514472919596758,0.10601940185124291,0.09704415478528469,0.06518800766864415,0.07582401922315583,0.05726693738541983,0.052779313852440723,0.03685124029412045,0.042169246071376294
R01,13,66,229,50,0.04437815770506859,0.05315616354346275,0.025841418653726578,0.05431494489312172,0,1.0367170626349889,0.014190788199327928,0.08911413222583467,0.0758397468336549,0.061726280045091106,0.059510537096802714,0.0516524602125813,0.04501526751649141,0.037958534122209515,0.03685066264806532
R01,13,67,229,50,0.045387350022792816,0.05495358631014824,0.02748950384557247,0.057235877960920334,0,1.0367170626349889,0.014190788199327928,0.09318253603914083,0.08272442625590586,0.0701690920213538,0.07144316388756343,0.053686662119234375,0.04845760722761689,0.04217994011034086,0.04281697604344568
R01,13,68,229,50,0.04143417626619339,0.05098354071378708,0.026850253343582153,0.05487992614507675,0,2.345572354211663,0.03970894145984048,0.07724592326123242,0.0675179363141612,0.06689433910157848,0.061818604507754074,0.05847743236053645,0.05361343888700084,0.05330164028070948,0.05076377298379728
R01,13,69,229,50,0.04498527571558952,0.05388040468096733,0.029147958382964134,0.057063356041908264,0,4.0,0.0719645609277491,0.09156163522972215,0.07861381209450617,0.07866502408824833,0.07073837551172146,0.08176309807873562,0.07528918651112763,0.07531479250799872,0.07135146821973529
R01,13,70,229,60,0.06388556957244873,0.07569068670272827,0.028804011642932892,0.056955486536026,0,4.0,0.0719645609277491,0.16775526675998612,0.16215386878667892,0.07690305348727479,0.07029770586064764,0.1198599138438676,0.11705921485721402,0.07443380720751194,0.07113113339419837
R01,13,71,229,60,0.06419539451599121,0.07444293797016144,0.031098082661628723,0.05690870061516762,0,2.345572354211663,0.03970894145984048,0.16900427842964294,0.15737460918094714,0.0886551221102258,0.07010657551986037,0.10435660994474172,0.09854177532039382,0.06418203178503315,0.054907758489850425
R01,13,72,229,60,0.0682268962264061,0.0783635601401329,0.034489188343286514,0.06277970224618912,0,1.0367170626349889,0.014190788199327928,0.1852566583219007,0.1723917922701533,0.10602708067373069,0.09409085373672676,0.09972372326061431,0.09329129023474061,0.06010893443652931,0.054140820968027345
R01,13,73,229,60,0.061806902289390564,0.07062792778015137,0.03490061312913895,0.061032142490148544,0,1.0367170626349889,0.014190788199327928,0.1593754388991685,0.14276195230486122,0.10813472785514595,0.08695170406114004,0.08678311354924821,0.07847637025209457,0.06116275802723694,0.050571246130233984
R01,13,74,229,60,0.05823369696736336,0.06783577054738998,0.03580060973763466,0.06452229619026184,0,1.0367170626349889,0.014190788199327928,0.14497061050070878,0.13206713537009546,0.11274523111213651,0.1012097170245223,0.07958069935001835,0.07312896178471169,0.06346800965573222,0.057700252611925115
R01,13,75,229,60,0.05634119361639023,0.06757695972919464,0.03710869327187538,0.06659026443958282,0,1.0367170626349889,0.014190788199327928,0.13734127393663706,0.13107581070941413,0.11944628235844386,0.10965780287980265,0.07576603106798249,0.07263329945437103,0.0668185352788859,0.061924295539565286
R01,13,76,229,60,0.05830739438533783,0.06829823553562164,0.040021076798439026,0.0684811994433403,0,1.945572354211663,0.031910324324779554,0.14526771032108227,0.13383851784449313,0.13436584273019975,0.11738267064009991,0.08858901732293091,0.08287442108463634,0.08313808352748965,0.07464649748243973
R01,13,77,229,60,0.053050559014081955,0.06415972113609314,0.03581685200333595,0.06460359692573547,0,3.2,0.05636732665762723,0.12407558599083714,0.11798674081506111,0.11282843700225857,0.10154184765254534,0.09022145632423219,0.08717703373634417,0.0845978818299429,0.07895458715508628
R01,13,78,229,68,0.050874073058366776,0.06156620755791664,0.03417874127626419,0.062571682035923,0,3.2,0.05636732665762723,0.11530141717650556,0.10805278988601708,0.10443672222113391,0.09324104736443907,0.0858343719170664,0.08221005827182215,0.08040202443938058,0.07480418701103315
R01,13,79,229,68,0.04966505244374275,0.05974727123975754,0.0337822400033474,0.059331316500902176,0,1.945572354211663,0.031910324324779554,0.1104274362785988,0.10108570697590828,0.10240552522224823,0.08000347166600369,0.07116888030168918,0.06649801565034391,0.0671579247735139,0.05595689799539162
R01,13,80,229,68,0.048054810613393784,0.05886893719434738,0.03263414651155472,0.05860326439142227,0,1.0367170626349889,0.014190788199327928,0.10393599367853039,0.09772141870696156,0.09652407107756293,0.07702922545597424,0.05906339093892916,0.055956103453144744,0.05535742963844543,0.04561000682765108
R01,13,81,229,68,0.04693101346492767,0.05751636251807213,0.030820729210972786,0.05653436854481697,0,1.0367170626349889,0.014190788199327928,0.09940557809380587,0.09254064364757933,0.08723429565875272,0.06857735017041632,0.0567981831465669,0.05336571592345363,0.050712541929040324,0.04138406918487212
R01,13,82,229,68,0.04349293187260628,0.05359431728720665,0.029172390699386597,0.054073285311460495,0,1.0367170626349889,0.014190788199327928,0.08554548025616032,0.07751800979952266,0.07879018597594684,0.058523306807219934,0.049868134227744124,0.04585439899942529,0.04649048708763738,0.03635704750327393
R01,13,83,229,68,0.04223636910319328,0.05262278392910957,0.027490178123116493,0.05390659347176552,0,1.0367170626349889,0.014190788199327928,0.08047984046386919,0.07379673963287427,0.07017254621082905,0.05784233553332335,0.04733531433159856,0.043993763916101096,0.04218166720507849,0.03601656186632564
R01,13,84,229,68,0.045818205922842026,0.055554743856191635,0.030074549838900566,0.057380322366952896,0,1.0367170626349889,0.014190788199327928,0.0949194654191608,0.08502704368319476,0.08341176744835388,0.07203324970918025,0.05455512680924436,0.04960891594126134,0.0488012778238409,0.04311201895425409
R01,13,85,229,68,0.04745452105998993,0.058246366679668427,0.03072509728372097,0.06034368276596069,0,1.0367170626349889,0.014190788199327928,0.10151601855063465,0.09533678305487495,0.08674439235477946,0.08413920108400229,0.05785340337498129,0.054763785627101436,0.05046759027705369,0.049164994641665107
R01,13,86,229,68,0.04681609570980072,0.05747107416391373,0.028676001355051994,0.05867910012602806,0,1.0367170626349889,0.014190788199327928,0.09894230481579541,0.09236717538751221,0.07624728229477036,0.07733903040441013,0.05656654650756167,0.05327898179342007,0.04521903524704914,0.04576490930186903
R01,13,87,229,68,0.04537123814225197,0.05630571022629738,0.0277257077395916,0.058251600712537766,0,0.945572354211663,0.012413781487127224,0.09311758346758367,0.08790347476601869,0.07137911749523783,0.07559260526010056,0.05276568247735545,0.05015862812657296,0.04189644949118253,0.04400319337361389
R01,13,88,229,68,0.04615119844675064,0.056585099548101425,0.029820475727319717,0.058181051164865494,0,1.6,0.025172858117383505,0.09626187363043937,0.08897362139499901,0.08211019641141584,0.07530439549866817,0.06071736587391144,0.05707323975619126,0.05364152726439968,0.050238626808025835
R01,13,89,229,71,0.04995209351181984,0.06034514307975769,0.030136803165078163,0.060246869921684265,0,0.9632829373650111,0.01275907663025628,0.11158459825400278,0.10337573914323346,0.08373067883134236,0.08374370022434949,0.062171837442129535,0.05806740788674487,0.04824487773079932,0.04825138842730289
R01,13,90,229,73,0.044383078813552856,0.05423858016729355,0.02680106833577156,0.0558132603764534,0,1.4,0.021273549549853034,0.08913397091878889,0.07998573385157398,0.0666423741090827,0.06563147142238442,0.055203760234320956,0.050629641700713504,0.04395796182946787,0.04345251048611873
R01,13,91,229,73,0.04444406181573868,0.05496785789728165,0.02782822772860527,0.057241275906562805,0,0.745572354211663,0.008514472919596758,0.08937981452489079,0.08277909080343543,0.07190430696683395,0.07146521563243172,0.04894714372224377,0.04564678186151609,0.04020938994321535,0.039989844276014236
R01,13,92,229,73,0.043709367513656616,0.05436982214450836,0.028559526428580284,0.05815478786826134,0,0.745572354211663,0.008514472919596758,0.08641800729775556,0.0804884308000123,0.07565060445978036,0.07519710440044776,0.04746624010867616,0.04450145185980453,0.04208253868968856,0.04185578866002226
R01,13,93,229,73,0.04463904723525047,0.05649839714169502,0.028790954500436783,0.060730062425136566,0,1.4,0.021273549549853034,0.09016586829318518,0.0886415246371803,0.07683616434854135,0.08571764337126832,0.055719708921519104,0.05495753709351667,0.04905485694919719,0.05349559646056068
R01,13,94,229,75,0.04585198312997818,0.05566022917628288,0.0319414921104908,0.061617132276296616,0,0.9632829373650111,0.01275907663025628,0.09505563304142872,0.0854310847502393,0.09297574062617184,0.08934151054848032,0.053907354835842504,0.049095080690247796,0.05286740862821406,0.0510502935893683
R01,13,95,229,78,0.04600127413868904,0.056044802069664,0.033196981996297836,0.063257597386837,0,1.308855291576674,0.01949654283765233,0.09565747681140632,0.08690411665708385,0.09940736509340964,0.0960431560408556,0.057577009824529325,0.05320032974736809,0.05945195396553098,0.057769849439253965
R01,13,96,229,78,0.045011021196842194,0.05427926778793335,0.029186584055423737,0.059837017208337784,0,0.708855291576674,0.007798617135060932,0.09166542418279303,0.08014157989389142,0.07886289571020488,0.08206936556688675,0.04973202065892698,0.043970098514476176,0.043330756422632906,0.04493399135097384
R01,13,97,229,80,0.048535801470279694,0.06048320233821869,0.030041789636015892,0.06127634271979332,0,0.8,0.009575623847261638,0.10587503443612638,0.10390454836574621,0.08324394345804806,0.08794931343284854,0.05772532914169401,0.056740086106503926,0.04640978365265485,0.04876246864005509
R01,13,98,229,80,0.04236279055476189,0.0545719712972641,0.0266826543956995,0.05662859231233597,0,0.745572354211663,0.008514472919596758,0.08098948912707468,0.08126272393682912,0.0660357630938614,0.068962274106202,0.04475198102333572,0.04488859842821294,0.03727511800672908,0.038738373512899375
R01,13,99,229,80,0.04293098300695419,0.05533742904663086,0.026371579617261887,0.05706177279353142,0,1.0367170626349889,0.014190788199327928,0.0832800697216672,0.084194661438314,0.06444218900078628,0.07073190760863726,0.04873542896049756,0.04919272481882096,0.039316488600057105,0.042461347903982594
R01,13,100,229,80,0.04045559838414192,0.05303796008229256,0.02663203328847885,0.05598015338182449,0,1.0367170626349889,0.014190788199327928,0.07330093684285269,0.07538699139300921,0.06577644125030094,0.06631326450043758,0.043745862521090306,0.04478888979616857,0.03998361472481443,0.04025202634988275
R01,13,101,229,80,0.04162723198533058,0.0545930378139019,0.028520390391349792,0.058393724262714386,0,1.145572354211663,0.01631309005465769,0.07802419773887559,0.08134341514441978,0.07545011834081768,0.0761732098967257,0.04716864389676664,0.04882825259953874,0.04588160419773768,0.04624314997569169
R01,13,102,229,80,0.039770834147930145,0.05154305323958397,0.02621663361787796,0.05509239807724953,0,1.6,0.025172858117383505,0.07054041500683436,0.06966104056556047,0.06364843152650948,0.06268659710165501,0.04785663656210894,0.04741694934147199,0.044410644821946496,0.043929727609519256
R01,13,103,229,84,0.04195677116513252,0.05369480326771736,0.028478825464844704,0.05801229923963547,0,1.6,0.025172858117383505,0.07935268432383427,0.0779029018655793,0.0752371895061762,0.07461500834146438,0.05226277122060889,0.051537879991481406,0.05020502381177985,0.04989393322942394
R01,13,104,229,84,0.04355347156524658,0.05456281453371048,0.0309423990547657,0.05935833975672722,0,1.145572354211663,0.01631309005465769,0.08578953672792343,0.08122765072935648,0.08785758601983794,0.08011386735770454,0.051051313391290556,0.04877037039200709,0.05208533803724781,0.04821347870618112
R01,13,105,229,84,0.04437965527176857,0.05622690171003342,0.03207872435450554,0.0633145123720169,0,1.145572354211663,0.01631309005465769,0.08912016943595397,0.08760161402391785,0.09367875406202425,0.09627566574278631,0.05271662974530583,0.051957352039287766,0.054995922058340974,0.056294377898722006
R01,13,106,229,84,0.04975181072950363,0.060520123690366745,0.033707547932863235,0.06603678315877914,0,1.8,0.02907216668491397,0.11077718898125653,0.10404596844681269,0.10202289263120526,0.10739671527313589,0.06992467783308526,0.06655906756586333,0.06554752965805961,0.06823444097902492
R01,13,107,229,88,0.047579191625118256,0.05965247005224228,0.034035637974739075,0.06710036844015121,0,1.254427645788337,0.01843539190998745,0.10201860878409867,0.10072258940724924,0.10370363252775114,0.11174168516055755,0.060227000347043064,0.05957899065861834,0.06106951221886929,0.0650885385352725
R01,13,108,229,89,0.04875791817903519,0.06138380244374275,0.03300458565354347,0.06718225032091141,0,1.2,0.01737424098232257,0.10677046382954235,0.1073541224610005,0.09842175697385827,0.11207618988947739,0.06207235240593246,0.062364181721661534,0.05789799897809042,0.06472521543589999
R01,13,109,229,89,0.053161703050136566,0.06535220891237259,0.03411995247006416,0.06948958337306976,0,1.545572354211663,0.024111707189718626,0.12452364610006439,0.12255433404176551,0.1041355588835155,0.12150213137951729,0.0743176766448915,0.07333302061574207,0.06412363303661706,0.07280691928461797
R01,13,110,229,89,0.04931938648223877,0.0622774101793766,0.032414622604846954,0.06722261756658554,0,2.8,0.04856870952256629,0.10903393705034048,0.11077691363907571,0.09539949385437192,0.1122410985902315,0.07880132328645338,0.079672811580821,0.07198410168846911,0.0804049040563989
R01,13,111,229,96,0.053440600633621216,0.0651540607213974,0.033480022102594376,0.06748147308826447,0,2.8,0.04856870952256629,0.12564797886820273,0.1217953658133399,0.10085732314838532,0.11329857791660654,0.0871083441953845,0.0851820376679531,0.07471301633547581,0.08093364371958642
R01,13,112,229,96,0.053555965423583984,0.06500363349914551,0.03319888189435005,0.06730325520038605,0,1.745572354211663,0.02801101575724909,0.1261130542984876,0.1212191835034353,0.09941709789248354,0.11257052030825691,0.07706203502786835,0.0746150996303422,0.06371405682486632,0.070290768032753
R01,13,113,229,96,0.05222734436392784,0.06378867477178574,0.032632358372211456,0.06708507984876633,0,1.0367170626349889,0.014190788199327928,0.12075692257749585,0.11656551965530086,0.09651491079608161,0.11167922804465732,0.06747385538841189,0.0653781539273144,0.05535284949770477,0.06293500812199262
R01,13,114,229,96,0.053929757326841354,0.06613662838935852,0.033242613077163696,0.06829529255628586,0,1.0367170626349889,0.014190788199327928,0.12761993894067808,0.1255589007645831,0.09964112402646126,0.11662320185065427,0.070905363570003,0.06987484448195551,0.05691595611289459,0.0654069950249911
R01,13,115,229,96,0.05385637283325195,0.06488998979330063,0.0368489995598793,0.07035083323717117,0,1.0367170626349889,0.014190788199327928,0.1273241006268967,0.12078389332151479,0.11811592322855877,0.12502051847137244,0.07075744441311231,0.06748734076042136,0.06615335571394335,0.06960565333535018
R01,13,116,229,96,0.053530141711235046,0.0650910958647728,0.03704148530960083,0.07146337628364563,0,1.0367170626349889,0.014190788199327928,0.1260089499687687,0.12155419113770821,0.1191019893621842,0.12956549114075336,0.07009986908404832,0.06787248966851807,0.06664638878075607,0.07187813967004064
R01,13,117,229,96,0.05420246720314026,0.06587638705968857,0.034746866673231125,0.06846027821302414,0,1.0367170626349889,0.014190788199327928,0.12871932691775134,0.12456209680704677,0.10734711540302953,0.11729720300781539,0.07145505755853963,0.06937644250318735,0.06076895180117873,0.06574399560357166
R01,13,118,229,96,0.04697693511843681,0.05754229426383972,0.031551431864500046,0.0636376291513443,0,1.0367170626349889,0.014190788199327928,0.09959070418619549,0.09263997017207774,0.09097753972453869,0.09759566584140282,0.05689074619276171,0.053415379185702834,0.05258416396193331,0.05589322702036537
R01,13,119,229,96,0.04856810346245766,0.05793334171175957,0.03250265121459961,0.06329014897346497,0,1.0367170626349889,0.014190788199327928,0.10600525495588872,0.09413780160479188,0.0958504468781298,0.09617613612826695,0.060098021577608324,0.0541642949020599,0.05502061753872886,0.055183462163797437
R01,13,120,229,96,0.04664940759539604,0.05678308755159378,0.03190748766064644,0.062364473938941956,0,1.0367170626349889,0.014190788199327928,0.09827032728647168,0.08973197605632888,0.09280154260666859,0.09239455864596868,0.056230557742899805,0.0519613821278284,0.05349616540299826,0.053292673422648304
R01,13,121,229,96,0.04950102046132088,0.05937514081597328,0.032123010605573654,0.0630594938993454,0,1.0367170626349889,0.014190788199327928,0.10976616653737226,0.09966033353650014,0.09390562370004513,0.09523386156976829,0.06197847736835009,0.05692556086791403,0.054048205949686526,0.05471232488454811
R01,13,122,229,96,0.05233781039714813,0.06413684040307999,0.03565462678670883,0.06873222440481186,0,1.0367170626349889,0.014190788199327928,0.12120224942244023,0.11789910060338617,0.11199738954878485,0.11840816047875023,0.06769651881088408,0.06604494440135705,0.06309408887405639,0.06629947433903909
R01,13,123,229,96,0.05582742393016815,0.06805597990751266,0.03587901219725609,0.06943002343177795,0,1.0367170626349889,0.014190788199327928,0.13527009036351934,0.1329106046297062,0.11314687128725323,0.12125881647478706,0.07473043928142363,0.07355069641451706,0.06366882974329058,0.0677248023370575
R01,13,124,229,96,0.053352922201156616,0.06492673605680466,0.03249078243970871,0.06397445499897003,0,1.0367170626349889,0.014190788199327928,0.1252945167354468,0.12092464275947663,0.09578964550979747,0.09897167037143083,0.06974265246738737,0.06755771547940229,0.0549902168545627,0.05658122928537938
R01,13,125,229,96,0.05929937586188316,0.07031643390655518,0.03372190520167351,0.06524082273244858,0,1.0367170626349889,0.014190788199327928,0.1492667312718233,0.14156883541469323,0.10209644205793243,0.10414504928587806,0.08172875973557561,0.07787981180701058,0.05814361512863018,0.05916791874260299
R01,13,126,229,96,0.057621702551841736,0.06798838824033737,0.03032899834215641,0.05980604141950607,0,1.0367170626349889,0.014190788199327928,0.14250344901909454,0.13265170785330924,0.08471525641922707,0.08194282294536862,0.07834711860921123,0.07342124802631858,0.0494530223092775,0.04806680557234827
R01,13,127,229,96,0.05838470906019211,0.06932012736797333,0.02985859476029873,0.059965841472148895,0,1.0367170626349889,0.014190788199327928,0.1455793925569429,0.13775267638323885,0.08230547262028602,0.08259563981760452,0.07988509037813542,0.07597173229128339,0.04824813040980697,0.048393214008466225
R01,13,128,229,96,0.061403702944517136,0.07277791202068329,0.029782019555568695,0.06031535565853119,0,1.745572354211663,0.02801101575724909,0.15775000267319253,0.15099705009782471,0.08191319310780804,0.08402347888387916,0.09288050921522081,0.0895040329275369,0.054962104432528566,0.05601724732056412
R01,13,129,229,96,0.0589282363653183,0.06977831572294235,0.028520848602056503,0.05911298468708992,0,2.8,0.04856870952256629,0.1477705393997944,0.13950767804308054,0.07545246566294728,0.07911154022139343,0.09816962446118034,0.09403819378282341,0.06201058759275678,0.06384012487197986
R01,13,130,229,103,0.042167581617832184,0.05162940174341202,0.02932826429605484,0.06083336099982262,0,2.8,0.04856870952256629,0.08020253428264308,0.06999178176816767,0.07958869534624209,0.08613963980567314,0.06438562190260469,0.05928024564536698,0.0640787024344042,0.06735417466411972
R01,13,131,229,103,0.04060071334242821,0.04994906485080719,0.029240166768431664,0.05863175541162491,0,1.745572354211663,0.02801101575724909,0.0738859455070001,0.06355557708589447,0.07913738926996879,0.07714561727429903,0.05094848063212459,0.04578329642157178,0.053574202513608934,0.05257831651577406
R01,13,132,229,103,0.039933864027261734,0.04988494887948036,0.027946848422288895,0.058869026601314545,0,1.0367170626349889,0.014190788199327928,0.0711976449233791,0.0633099932885748,0.07251197713960153,0.07811492005839192,0.04269421656135351,0.03875039074395136,0.04335138266946473,0.04615285412885992
R01,13,133,229,103,0.04249054938554764,0.0535612590610981,0.027644148096442223,0.05910947173833847,0,1.0367170626349889,0.014190788199327928,0.08150452922916782,0.07739138667376502,0.07096130369813064,0.07909718908584423,0.04784765871424787,0.045791087436546474,0.04257604594872928,0.04664398864258608
R01,13,134,229,103,0.04299779608845711,0.054095808416604996,0.02781987562775612,0.060248374938964844,0,1.0367170626349889,0.014190788199327928,0.08354941639701463,0.07943887434124476,0.07186152081874825,0.08374984853692836,0.04887010229817128,0.04681483127028634,0.043026154509038086,0.048970318368128145
R01,13,135,229,103,0.045965775847435,0.05698202922940254,0.028682876378297806,0.06024741008877754,0,1.0367170626349889,0.014190788199327928,0.0955143709028819,0.09049398358222872,0.07628250166867409,0.08374590692069586,0.05485257955110491,0.052342385890778324,0.04523664493400101,0.04896834756001189
R01,13,136,229,103,0.04705506190657616,0.05827970802783966,0.029944054782390594,0.06096462160348892,0,1.0367170626349889,0.014190788199327928,0.09990566033202132,0.09546449062480179,0.08274326728137435,0.08667586701784286,0.05704822426567462,0.05482763941206486,0.04846702774035114,0.05043332760858539
R01,13,137,229,103,0.04724391922354698,0.05777010694146156,0.026215000078082085,0.056073565036058426,0,1.0367170626349889,0.014190788199327928,0.10066700959622057,0.09351256246523268,0.06364006322769789,0.06669487078240595,0.05742889889777425,0.0538516753322803,0.038915425713512905,0.04044282949086694
R01,13,138,229,103,0.05008695274591446,0.06163052096962929,0.026691855862736702,0.05851636081933975,0,1.0367170626349889,0.014190788199327928,0.11212826254138793,0.10829912994045474,0.06608290037565073,0.07667420606033083,0.06315952537035793,0.06124495906989133,0.04013684428748933,0.04543249712982938
R01,13,139,229,103,0.048157237470149994,0.059278953820466995,0.02564450539648533,0.055190298706293106,0,1.545572354211663,0.024111707189718626,0.10434891181840648,0.09929190789901285,0.060717532672839504,0.06308654179119155,0.06423030950406255,0.06170180754436574,0.04241461993127907,0.04359912449045509
R01,13,140,229,103,0.05115378275513649,0.0620412640273571,0.025693269446492195,0.05680818855762482,0,2.4,0.04077009238750536,0.11642902385460908,0.10987240158794018,0.06096734118240322,0.06969596259488375,0.07859955812105722,0.07532124698772277,0.05086871678495429,0.05523302749119456
R01,13,141,229,109,0.053560204803943634,0.06407763063907623,0.02599281817674637,0.05721736326813698,0,2.4,0.04077009238750536,0.12613014470922332,0.11767230908199874,0.06250186962776327,0.07136752746796692,0.08345011854836434,0.07922120073475206,0.05163598100763432,0.056068809927736135
R01,13,142,229,109,0.05802187696099281,0.06976991146802902,0.02839062549173832,0.060539692640304565,0,1.3455723542116629,0.020212398622188155,0.14411669068134692,0.13947548717405764,0.0747853586221097,0.08493994270442294,0.08216454465176753,0.0798439428981229,0.047498878622148924,0.05257617066330555
R01,13,143,229,109,0.06902997195720673,0.08019258081912994,0.034578531980514526,0.06653609126806259,0,1.2,0.01737424098232257,0.18849413477527943,0.17939750136928911,0.10648477032116128,0.10943649406415423,0.102934187878801,0.09838587117580584,0.06192950565174193,0.0634053675232384
R01,13,144,229,110,0.04302826523780823,0.05655989795923233,0.030732931569218636,0.06221543997526169,0,1.254427645788337,0.01843539190998745,0.08367224809245186,0.088877091594937,0.08678452583801953,0.0917857235147054,0.05105382000121965,0.053656241752462225,0.05260995887400349,0.05511055771234642
R01,13,145,229,114,0.04762999713420868,0.061968252062797546,0.03311607614159584,0.06695462763309479,0,1.8,0.02907216668491397,0.10222342339008632,0.10959274341330372,0.09899290052421905,0.11114630326770943,0.06564779503750015,0.06933245504910884,0.06403253360456651,0.07010923497631169
R01,13,146,229,114,0.05264652520418167,0.06528648734092712,0.03503111004829407,0.06611865013837814,0,1.145572354211663,0.01631309005465769,0.12244678574728227,0.12230260030448624,0.10880323756408536,0.10773115912767375,0.06937993790096998,0.06930784517957196,0.06255816380937153,0.062022124591165725
R01,13,147,229,114,0.05366409197449684,0.0665903091430664,0.03565040975809097,0.06694141775369644,0,1.745572354211663,0.02801101575724909,0.1265489498798625,0.12729663693173074,0.11197578655162473,0.11109233812809388,0.0772799828185558,0.07765382634448992,0.0699934011544369,0.06955167694267149
R01,13,148,229,114,0.0697053000330925,0.08351284265518188,0.04185345768928528,0.07711245119571686,0,2.8,0.04856870952256629,0.1912166161803719,0.19211512059768285,0.14375276484251143,0.15264315196835945,0.11989266285146909,0.12034191506012457,0.09616073718253886,0.10060593074546287
R01,13,149,229,121,0.05687849223613739,0.0677507296204567,0.03849245607852936,0.07029381394386292,0,2.8,0.04856870952256629,0.13950731079113163,0.13174140258726974,0.12653502343452866,0.12478758264876794,0.09403801015684896,0.09015505605491801,0.08755186647854747,0.08667814608566711
R01,13,150,229,121,0.053484175354242325,0.06484143435955048,0.03683597594499588,0.06804192811250687,0,1.745572354211663,0.02801101575724909,0.12582364366115165,0.12059791114649507,0.11804920584510309,0.1155881547340348,0.07691732970920037,0.07430446345187208,0.07303011080117609,0.07179958524564195
R01,13,151,229,121,0.05660150572657585,0.06802307814359665,0.040991175919771194,0.07196533679962158,0,2.345572354211663,0.03970894145984048,0.13839068222396644,0.13278458080204206,0.13933546718909787,0.13161610557176218,0.08904981184190347,0.08624676113094126,0.08952220432446917,0.08566252351580134
R01,13,152,229,121,0.054008614271879196,0.06614356487989426,0.036289870738983154,0.06836339086294174,0,4.0,0.0719645609277491,0.12793783860188546,0.12558546964672876,0.11525161771286607,0.11690139777625273,0.09995119976481728,0.09877501528723892,0.09360808932030759,0.09443297935200091
R01,13,153,229,131,0.05859414488077164,0.07141897827386856,0.033406857401132584,0.06509510427713394,0,4.0,0.0719645609277491,0.14642370089750786,0.1457919178516419,0.10048251496444098,0.1035497587046029,0.10919413091262847,0.10887823938969549,0.08622353794609504,0.08775715981617599
R01,13,154,229,131,0.05707099288702011,0.06974248588085175,0.033318255096673965,0.06421606242656708,0,2.345572354211663,0.03970894145984048,0.1402833475963674,0.13937043877966643,0.10002862301704118,0.09995868760067672,0.08999614452810395,0.08953969011975346,0.06986878223844084,0.06983381453025861
R01,13,155,229,131,0.05621139705181122,0.06811592727899551,0.033593665808439255,0.06379066407680511,0,1.0367170626349889,0.014190788199327928,0.1368180190237597,0.13314022141353446,0.1014394972043632,0.09822084574422478,0.07550440361154381,0.07366550480643119,0.05781514270184556,0.05620581697177635
R01,13,156,229,131,0.055542364716529846,0.06776435673236847,0.036380235105752945,0.06588858366012573,0,1.0367170626349889,0.014190788199327928,0.13412091792986527,0.13179359859741416,0.11571453635430892,0.10679128910726288,0.0741558530645966,0.07299219339837104,0.06495266227681842,0.0604910386532954
R01,13,157,229,131,0.05245346948504448,0.06517630070447922,0.035293854773044586,0.0645800232887268,0,1.0367170626349889,0.014190788199327928,0.12166851126963911,0.1218805517566319,0.11014922642424796,0.10144554438027033,0.06792964973448352,0.06803566997797991,0.06217000731178794,0.057818166289799126
R01,13,158,229,131,0.05450296029448509,0.06782316416501999,0.039139293134212494,0.06993728131055832,0,1.0367170626349889,0.014190788199327928,0.1299307186586797,0.1320188490665611,0.12984864075688046,0.12333107174858587,0.07206075342900381,0.07310481863294452,0.0720197144781042,0.0687609299739569
R01,13,159,229,131,0.05587475374341011,0.06876756250858307,0.03913481906056404,0.07063481956720352,0,2.345572354211663,0.03970894145984048,0.1354608932355734,0.13563618382099193,0.1298257209692574,0.12618066244293827,0.08758491734770693,0.0876725626404162,0.08476733121454894,0.08294480195138937
R01,13,160,229,131,0.06140780821442604,0.07448410242795944,0.043807242065668106,0.07746931165456772,0,4.0,0.0719645609277491,0.15776655243824594,0.15753228165554956,0.15376161281564601,0.15410100210494482,0.11486555668299753,0.11474842129164933,0.11286308687169755,0.11303278151634696
R01,13,161,229,141,0.07238122820854187,0.08717986941337585,0.045803893357515335,0.07981168478727341,0,4.0,0.0719645609277491,0.20200420958742607,0.2061609556293247,0.16399005945337566,0.1636700897041849,0.13698438525758758,0.1390627582785369,0.11797731019056237,0.117817325315967
R01,13,162,229,141,0.06736355274915695,0.08340348303318024,0.041192300617694855,0.07654943317174911,0,2.345572354211663,0.03970894145984048,0.18177622170605912,0.19169623976832278,0.14036578893262996,0.1503431047572325,0.1107425815829498,0.11570259061408164,0.09003736519623523,0.0950260231085365
R01,13,163,229,141,0.07045567035675049,0.08651378005743027,0.043647006154060364,0.08003439754247665,0,1.0367170626349889,0.014190788199327928,0.1942416188805967,0.20360962949322853,0.15294075617532027,0.16457991821709406,0.10421620353996232,0.10890020884627823,0.0835657721873241,0.08938535320821099
R01,13,164,229,141,0.07646611332893372,0.09126464277505875,0.046765826642513275,0.08420959860086441,0,1.0367170626349889,0.014190788199327928,0.2184717964971206,0.22180688803263776,0.16891785196017572,0.18163649392414316,0.11633129234822426,0.11799883811598284,0.09155432007975182,0.09791364106173554
R01,13,165,229,141,0.07572316378355026,0.09058075398206711,0.04751288890838623,0.08518001437187195,0,1.0367170626349889,0.014190788199327928,0.2154767095246511,0.21918738460390355,0.17274490305955595,0.18560084673830343,0.1148337488619895,0.11668908640161574,0.09346784562944194,0.09989581746881568
R01,13,166,229,141,0.08334052562713623,0.09769900143146515,0.051464762538671494,0.08781415224075317,0,1.0367170626349889,0.014190788199327928,0.2461849337426702,0.24645245136820826,0.19298956406344475,0.19636185473649717,0.13018786097099908,0.1303216197837681,0.10359017613138634,0.10527632146791255
R01,13,167,229,141,0.07481226325035095,0.0877065509557724,0.045932650566101074,0.08068694174289703,0,1.0367170626349889,0.014190788199327928,0.21180455394268266,0.20817830716410216,0.16464965697179051,0.16724569871509093,0.11299767107100529,0.11118454768171504,0.08942022258555922,0.09071824345720943
R01,13,168,229,141,0.06936166435480118,0.08145001530647278,0.04290013760328293,0.07674633711576462,0,1.0367170626349889,0.014190788199327928,0.18983130172702656,0.1842138603808097,0.14911469743976716,0.1511474988405713,0.10201104496317724,0.09920232429006881,0.08165274281954754,0.08266914351994961
R01,13,169,229,141,0.06104091927409172,0.07403972744941711,0.03952686861157417,0.0690637156367302,0,1.0367170626349889,0.014190788199327928,0.15628749603075962,0.1558301894559636,0.13183411268403852,0.11976237198003332,0.08523914211504377,0.08501048882764577,0.07301245044168322,0.06697658008968063
R01,13,170,229,141,0.07012362778186798,0.08212926983833313,0.04686495289206505,0.07940930873155594,0,1.0367170626349889,0.014190788199327928,0.19290304024290128,0.1868156131707742,0.16942565598087708,0.1620262987678751,0.1035469142211146,0.10050320068505106,0.0918082220901025,0.08810854348360152
R01,13,171,229,141,0.06542304903268814,0.07683922350406647,0.04097260907292366,0.07238756120204926,0,1.0367170626349889,0.014190788199327928,0.17395337904152172,0.16655311632511552,0.1392403529330501,0.1333409811848547,0.09407208362042482,0.09037195226222172,0.07671557056618901,0.07376588469209132
R01,13,172,229,141,0.06376433372497559,0.07585368305444717,0.041087374091148376,0.07227806746959686,0,1.0367170626349889,0.014190788199327928,0.16726652306316386,0.1627781947100956,0.13982827124887356,0.13289367622614626,0.0907286556312459,0.08848449145471177,0.07700952972410074,0.07354223221273709
R01,13,173,229,141,0.06050144508481026,0.07186280190944672,0.040208011865615845,0.07006718963384628,0,1.0367170626349889,0.014190788199327928,0.15411268870186287,0.14749189823889833,0.13532347382339358,0.1238617746105919,0.0841517384505954,0.08084134321911313,0.07475713101136075,0.06902628140495992
R01,13,174,229,141,0.05698484182357788,0.06826946139335632,0.038109615445137024,0.06902017444372177,0,1.0367170626349889,0.014190788199327928,0.13993604281721575,0.13372830407129593,0.12457380716937637,0.1195844970359198,0.07706341550827184,0.07395954613531193,0.06938229768435215,0.06688764261762387
R01,13,175,229,141,0.058612823486328125,0.07016856223344803,0.03930274769663811,0.07005798816680908,0,1.0367170626349889,0.014190788199327928,0.14649900082670733,0.14100244164031597,0.1306859859038726,0.12382418467972603,0.08034489451301763,0.07759661491982195,0.07243838705160026,0.06900748643952698
R01,13,176,229,141,0.04880904778838158,0.060363009572029114,0.034177474677562714,0.06271041929721832,0,2.145572354211663,0.035809632892310025,0.10697658499592894,0.10344417327791158,0.10443023368841797,0.09380781829776175,0.07139310894411949,0.0696269030851108,0.070119933290364,0.0648087255950359
R01,13,177,229,141,0.0476280115544796,0.0595572367310524,0.033990129828453064,0.062350839376449585,0,3.6,0.06416594379268817,0.10221541883040076,0.10035781663433192,0.10347050336405135,0.09233885858646702,0.08319068131154447,0.08226188021351005,0.08381822357836977,0.0782524011895776
R01,13,178,229,150,0.04915463924407959,0.059370607137680054,0.03188987821340561,0.06108611449599266,0,3.6,0.06416594379268817,0.10836978386547486,0.09964296816079053,0.09271133291799727,0.08717219107263187,0.08626786382908151,0.08190445597673934,0.07843863835534272,0.07566906743266003
R01,13,179,229,150,0.04828215762972832,0.05873127281665802,0.0316312275826931,0.062013544142246246,0,2.145572354211663,0.035809632892310025,0.10485250825355706,0.09719412199868482,0.09138631728564295,0.09096093651340699,0.07033107057293354,0.06650187744549743,0.0635979750889765,0.06338528470285851
R01,13,180,229,150,0.04840907081961632,0.058277517557144165,0.02914378046989441,0.06135708838701248,0,1.945572354211663,0.031910324324779554,0.10536413928426441,0.09545610045149264,0.07864362147224559,0.08827917649014323,0.06863723180452198,0.0636832123881361,0.05527697289851257,0.06009475040746139
R01,13,181,229,150,0.0444638729095459,0.05481824278831482,0.029605912044644356,0.05980958044528961,0,3.2,0.05636732665762723,0.08945967990651876,0.08220601913601619,0.08101102942737563,0.08195728061108627,0.072913503282073,0.06928667289682171,0.06868917804250144,0.06916230363435676
R01,13,182,229,158,0.04788144677877426,0.05960319563746452,0.03147203102707863,0.06490406394004822,0,3.2,0.05636732665762723,0.10323710400857536,0.1005338533147998,0.09057078505892824,0.1027693186905689,0.07980221533310129,0.07845058998621351,0.07346905585827773,0.07956832267409807
R01,13,183,229,158,0.04476780816912651,0.05680590122938156,0.030508624389767647,0.06197446212172508,0,2.254427645788337,0.037931934747639784,0.09068494821996013,0.08981935942596375,0.08563544486186596,0.0908012782280977,0.06430844148379997,0.06387564708680177,0.06178368980475287,0.06436660648786874
R01,13,184,229,158,0.04522324353456497,0.056337013840675354,0.030950529500842094,0.06160547584295273,0,2.0,0.032971475252444434,0.09252096593920187,0.08802337719172766,0.08789923667469836,0.08929389156318504,0.06274622059582315,0.06049742622208605,0.0604353559635714,0.061132683407814734
R01,13,185,229,163,0.05124268680810928,0.06281254440546036,0.026449771597981453,0.055547233670949936,0,2.0,0.032971475252444434,0.11678742688818403,0.11282664153990501,0.06484275093443698,0.06454469629968677,0.07487945107031423,0.07289905839617472,0.0489071130934407,0.04875808577606561
R01,13,186,229,163,0.05150496959686279,0.0622284859418869,0.026111753657460213,0.05548597127199173,0,1.3455723542116629,0.020212398622188155,0.11784477966345647,0.11058951883283558,0.06311115239174997,0.06429442649681659,0.06902858914282231,0.06540095872751187,0.04166177550696906,0.04225341255950237
R01,13,187,229,163,0.05357988551259041,0.06537783890962601,0.027187220752239227,0.05716284364461899,0,1.0367170626349889,0.014190788199327928,0.1262094844631046,0.12265250477708359,0.0686205559788952,0.07114480332293771,0.07020013633121626,0.06842164648820576,0.04140567208911156,0.04266779576113282
R01,13,188,229,163,0.04753877595067024,0.05921028181910515,0.02670668438076973,0.05575064569711685,0,1.945572354211663,0.031910324324779554,0.10185567920055565,0.09902887311197021,0.06615886391822663,0.06537567726935055,0.0668830017626676,0.06546959871837488,0.04903459412150309,0.04864300079706505
R01,13,189,229,163,0.04881538078188896,0.06017037481069565,0.026695799082517624,0.05582842975854874,0,3.2,0.05636732665762723,0.1070021154864832,0.10270632317278114,0.06610310070470904,0.0656934415432289,0.08168472107205521,0.07953682491520418,0.06123521368116813,0.06103038410042806
R01,13,190,229,171,0.052474405616521835,0.06565278768539429,0.023419901728630066,0.05289270728826523,0,3.2,0.05636732665762723,0.12175291206782436,0.12370564275540996,0.04932133144347821,0.05370039692836391,0.0890601193627258,0.0900364847065186,0.052844329050552724,0.055033861792995575
R01,13,191,229,171,0.05484814569354057,0.06729957461357117,0.026268430054187775,0.05559555068612099,0,1.945572354211663,0.031910324324779554,0.13132228057324302,0.13001334080363164,0.06391377434675194,0.06474208148322136,0.08161630244901129,0.0809618325642056,0.04791204933576575,0.048326202904000456
R01,13,192,229,171,0.055058784782886505,0.06795632839202881,0.027022523805499077,0.05674070119857788,0,1.145572354211663,0.01631309005465769,0.13217143970701328,0.13252890882014828,0.06777684634466553,0.06942026251894601,0.07424226488083549,0.07442099943740299,0.04204496819966161,0.04286667628680185
R01,13,193,229,171,0.05403165519237518,0.06771399080753326,0.027927452698349953,0.0581701323390007,0,1.6,0.025172858117383505,0.1280307245336961,0.13160068168731237,0.07241261671140876,0.07525978979528036,0.0766017913255398,0.07838676990234794,0.04879273741439613,0.05021632395633194
R01,13,194,229,175,0.0496322438120842,0.06326460093259811,0.025519801303744316,0.0561959408223629,0,1.6,0.025172858117383505,0.11029517331959213,0.11455815642208193,0.060078698459115655,0.06719480164432663,0.06773401571848782,0.06986550726973272,0.04262577828824958,0.046183829880855065
R01,13,195,229,175,0.04789672791957855,0.05977450683712959,0.025395039469003677,0.05373170226812363,0,1.145572354211663,0.01631309005465769,0.10329870758048923,0.10119002765118597,0.05943956844463564,0.05712786813074831,0.059805898817573463,0.058751558852921826,0.037876329249646665,0.036720479092703
R01,13,196,229,175,0.04786979407072067,0.05974821001291275,0.02440742217004299,0.05324939638376236,0,1.0367170626349889,0.014190788199327928,0.10319012790595553,0.10108930276446935,0.054380201853100135,0.05515754700955664,0.058690458052641725,0.05764004548189864,0.03428549502621403,0.03467416760444229
R01,13,197,229,175,0.04589366912841797,0.058233004063367844,0.0245940163731575,0.053268540650606155,0,1.0367170626349889,0.014190788199327928,0.09522368374101822,0.09528560014388862,0.05533608676763657,0.05523575537179135,0.054707235970173074,0.05473819417160827,0.03476343748348225,0.03471327178555964
R01,13,198,229,175,0.04431139677762985,0.057010769844055176,0.023499486967921257,0.05210386589169502,0,1.0367170626349889,0.014190788199327928,0.08884499580158592,0.0906040689344059,0.049729030763116425,0.05047781367709178,0.05151789200045692,0.05239742856686691,0.031959909481222175,0.03233430093820985
R01,13,199,229,175,0.044162873178720474,0.05724191293120384,0.026745369657874107,0.05621842294931412,0,1.0367170626349889,0.014190788199327928,0.08824624572634605,0.09148941771555129,0.06635704088289923,0.06728664586812241,0.05121851696283699,0.05284010295743961,0.04027391454111358,0.04073871703372517
R01,13,200,229,175,0.03971938416361809,0.052210383117198944,0.02440977655351162,0.052525073289871216,0,1.0367170626349889,0.014190788199327928,0.07033300229798443,0.07221711827939806,0.05439226289038388,0.05219853461361493,0.04226189524865618,0.04320395323936299,0.03429152554485591,0.033194661406471426
R01,13,201,229,175,0.03897227346897125,0.05036475509405136,0.02320985682308674,0.04999962076544762,0,1.0367170626349889,0.014190788199327928,0.06732114029142724,0.06514779796833665,0.04824531325409811,0.04188152913890782,0.040755964245377585,0.03966929308383229,0.03121805072671302,0.028036158669117878
R01,13,202,229,175,0.03622159734368324,0.04783649370074272,0.023300107568502426,0.05012389272451401,0,1.0367170626349889,0.014190788199327928,0.05623221200615471,0.05546378288229136,0.0487076498359885,0.04238920626593406,0.03521150010274132,0.03482728554080965,0.031449219017658216,0.028289997232630995
R01,13,203,229,175,0.03461887687444687,0.04486941173672676,0.021317074075341225,0.047474686056375504,0,1.0367170626349889,0.014190788199327928,0.04977109061810339,0.044098950678979766,0.03854896446691508,0.03156663904897414,0.03198093940871566,0.02914486943915385,0.026369876333121503,0.02287871362415103
R01,13,204,229,175,0.034106068313121796,0.04574957489967346,0.022581221535801888,0.048623573035001755,0,1.0367170626349889,0.014190788199327928,0.047703781672375684,0.047470245028019685,0.0450249399636583,0.03626008433597752,0.030947284935851804,0.03083051661367381,0.029607864081493115,0.025225436267652723
R01,13,205,229,175,0.03364599496126175,0.04470159485936165,0.02245805598795414,0.049159787595272064,0,1.3455723542116629,0.020212398622188155,0.04584906662328686,0.04345616066668203,0.04439398740879234,0.03845063375253766,0.03303073262273751,0.031834279644435096,0.03230319301549025,0.02933151618736291
R01,13,206,229,175,0.03301945701241493,0.0440673828125,0.020735157653689384,0.04686504974961281,0,2.0,0.032971475252444434,0.04332327512101152,0.04102693438263771,0.035567922614094714,0.029076146333857085,0.03814737518672798,0.03699920481754107,0.034269698933269574,0.03102381079315076
R01,13,207,229,180,0.0424196682870388,0.05415443331003189,0.021716823801398277,0.04842579364776611,0,2.0,0.032971475252444434,0.08121878296812317,0.07966342562928262,0.040596802643825175,0.03545211388269805,0.057095129110283804,0.05631745044086353,0.0367841389481348,0.034211794567571244
R01,13,208,229,180,0.04504428803920746,0.055920060724020004,0.022915881127119064,0.05071801319718361,0,1.3455723542116629,0.020212398622188155,0.09179953434788099,0.08642631911753071,0.046739334352688185,0.04481631353082586,0.05600596648503457,0.05331935886985943,0.033475866487438166,0.032514356076507
R01,13,209,229,180,0.04480615258216858,0.055492959916591644,0.023632941767573357,0.05002180114388466,0,1.0367170626349889,0.014190788199327928,0.09083952783129837,0.08479039228126886,0.050412693104339525,0.041972140656468725,0.052515158015313146,0.04949059024029839,0.03230174065183373,0.02808146442789833
R01,13,210,229,180,0.046307604759931564,0.05778701230883598,0.024987585842609406,0.05334647372364998,0,1.0367170626349889,0.014190788199327928,0.09689240165745146,0.09357731519733638,0.05735226472167682,0.05555412838948939,0.05554159492838969,0.05388405169833215,0.03577152646050238,0.03487245829440866
R01,13,211,229,180,0.04713445156812668,0.05903131142258644,0.0249252300709486,0.05448203533887863,0,1.0367170626349889,0.014190788199327928,0.10022570755802239,0.09834336170700644,0.05703282853089514,0.06019313676041697,0.05720824787867516,0.056267074953167184,0.03561180836511153,0.03719196247987245
R01,13,212,229,180,0.047315359115600586,0.05862479284405708,0.024097971618175507,0.05197376012802124,0,1.0367170626349889,0.014190788199327928,0.10095500854760824,0.09678627110804582,0.052794948349037224,0.04994630422952467,0.05757289837346808,0.05548852965368687,0.033492868274182575,0.0320685462144263
R01,13,213,229,180,0.04299361631274223,0.05435709282755852,0.02277667261660099,0.049786414951086044,0,1.3455723542116629,0.020212398622188155,0.08353256627324882,0.08043967361940448,0.04602619689740694,0.041010538481694905,0.051872482447718485,0.050326036120796315,0.03311929775979755,0.03061146855194153
R01,13,214,229,180,0.046360865235328674,0.05984196439385414,0.025998171418905258,0.05654687061905861,0,2.0,0.032971475252444434,0.09710711308301279,0.10144841074350278,0.062529293220448,0.06862842377688833,0.0650392941677286,0.0672099429979736,0.04775038423644622,0.050799949514666376
R01,13,215,229,185,0.04085596278309822,0.052939705550670624,0.0238757636398077,0.052740827202796936,0,2.0,0.032971475252444434,0.0749149444198217,0.07501064645928622,0.05165662116166434,0.05307993479014455,0.05394320983613307,0.05399106085586533,0.04231404820705439,0.04302570502129449
R01,13,216,229,185,0.04136567562818527,0.054139986634254456,0.025065651163458824,0.05465605854988098,0,1.3455723542116629,0.020212398622188155,0.07696977346104907,0.07960809043864839,0.057752177802055917,0.060904058230242315,0.04859108604161861,0.04991024453041827,0.03898228821212203,0.04055822842621523
R01,13,217,229,185,0.03985678404569626,0.05164754018187523,0.02596084028482437,0.05420302972197533,0,1.0367170626349889,0.014190788199327928,0.07088690881746251,0.07006125754000832,0.062338053260605535,0.0590533400510243,0.04253884850839522,0.04212602286966812,0.03826442072996673,0.036622064125176115
R01,13,218,229,185,0.04150894656777382,0.055279701948165894,0.02681073732674122,0.058627258986234665,0,1.0367170626349889,0.014190788199327928,0.07754734824706451,0.08397354897981271,0.06669190642280101,0.07712724842953987,0.04586906822319622,0.04908216858957032,0.04044134731106447,0.0456590183144339
R01,13,219,229,185,0.042715899646282196,0.05592818185687065,0.02834377810359001,0.06059514731168747,0,1.0367170626349889,0.014190788199327928,0.08241299419070207,0.08645742554238439,0.07454536878925878,0.0851664867169207,0.048301891195015,0.05032410687085616,0.044368078494293355,0.049678637458124314
R01,14,10,230,0,0.047373972833156586,0.05989696457982063,0.02676287479698658,0.057836975902318954,0,1.0367170626349889,0.014190788199327928,0.10119130074665572,0.10165907829237428,0.06644671622181747,0.07389877558181224,0.05769104447299182,0.0579249332458511,0.0403187522105727,0.04404478189057008
R01,14,11,230,0,0.049307774752378464,0.06035703048110008,0.02659854292869568,0.057134535163640976,0,1.0367170626349889,0.014190788199327928,0.10898712614501246,0.1034212715293381,0.06560487681172357,0.07102915721579205,0.061588957172170194,0.05880602986433301,0.03989783250552575,0.042609972707559986
R01,14,12,230,0,0.04488401487469673,0.05634190887212753,0.0243593268096447,0.05408070981502533,0,1.0367170626349889,0.014190788199327928,0.09115341770369517,0.08804212666065324,0.05413381890713204,0.058553637468036004,0.05267210295151155,0.05111645742999058,0.03416230355322999,0.036372212833681965
R01,14,13,230,0,0.04808112606406212,0.05941765382885933,0.025531824678182602,0.05682055279612541,0,1.0367170626349889,0.014190788199327928,0.10404208037575115,0.09982317138990855,0.06014029181011771,0.06974647311332256,0.059116434287539536,0.05700697979461824,0.037165540004722816,0.041968630656325244
R01,14,14,230,0,0.04606262966990471,0.05800064280629158,0.02598891779780388,0.056265585124492645,0,1.0367170626349889,0.014190788199327928,0.09590482221107023,0.09439558539901517,0.062481888763782134,0.0674793132870544,0.05504780520519908,0.05429318679917155,0.03833633848155503,0.04083505074319116
R01,14,15,230,0,0.044818248599767685,0.05635913833975792,0.02525470219552517,0.055484578013420105,0,1.0367170626349889,0.014190788199327928,0.090888291068257,0.08810812079595062,0.0587206485616693,0.06428873474210249,0.05253953963379246,0.051149454497639274,0.03645571838049862,0.03923976147071521
R01,14,16,230,0,0.04255109652876854,0.05556585639715195,0.027058018371462822,0.05740097910165787,0,1.0367170626349889,0.014190788199327928,0.08174861573680214,0.08506960811683631,0.06795867793206989,0.07211763682118483,0.047969701968065034,0.04963019815808212,0.04107473306569891,0.043154212510256376
R01,14,17,230,0,0.04027669131755829,0.05280528962612152,0.025805862620472908,0.05440273880958557,0,1.0367170626349889,0.014190788199327928,0.07257970048469486,0.07449579232095095,0.06154413357301083,0.059869193736768765,0.043385244342011395,0.04434329026013944,0.03786746088616938,0.03702999096804835
R01,14,18,230,0,0.03890348970890045,0.05080055817961693,0.023610204458236694,0.05189341679215431,0,1.0367170626349889,0.014190788199327928,0.06704384912813675,0.06681705719379952,0.05029621440012852,0.04961808478054314,0.04061731866373234,0.04050392269656372,0.03224350129972822,0.03190443648993553
R01,14,19,230,0,0.03909366950392723,0.05057371407747269,0.02327192947268486,0.05131848528981209,0,1.0367170626349889,0.014190788199327928,0.06781052975948115,0.06594817484122346,0.04856329906697857,0.04726936850103196,0.04100065897940454,0.040069481520275695,0.03137704363315325,0.03073007835017994
R01,14,20,230,0,0.04003654792904854,0.05319491773843765,0.02379797212779522,0.05322015658020973,0,1.0367170626349889,0.014190788199327928,0.07161159930081297,0.0759881872638168,0.051258110749387076,0.05503809625353791,0.04290119375007045,0.04508948773157236,0.0327244494743575,0.034614442226432916
R01,14,21,230,0,0.041921522468328476,0.05522682145237923,0.02416897565126419,0.054299041628837585,0,1.0367170626349889,0.014190788199327928,0.07921058461699639,0.08377100049320806,0.05315868785952495,0.05944556891264627,0.046700686408162155,0.04898089434626799,0.033674738029426436,0.0368181785559871
R01,14,22,230,0,0.03994788974523544,0.05231780931353569,0.02230069600045681,0.05188050866127014,0,1.745572354211663,0.02801101575724909,0.07125418745098897,0.07262859349660258,0.04358786355451574,0.04956535234716246,0.04963260160411903,0.05031980462692584,0.03579943965588242,0.03878818405220577
R01,14,23,230,0,0.0413409098982811,0.053678788244724274,0.02263587713241577,0.051981743425130844,0,2.8,0.04856870952256629,0.07686993422504629,0.07784155942500773,0.045304929692311015,0.04997891767966457,0.06271932187380629,0.063205134473787,0.04693681960743865,0.049273813601115435
R01,14,24,230,7,0.041242096573114395,0.05470704659819603,0.022528372704982758,0.05234568938612938,0,2.8,0.04856870952256629,0.07647158348272175,0.08178010368855848,0.04475420593608568,0.05146571358487622,0.06252014650264402,0.06517440660556238,0.046661457729325985,0.050017211553721255
R01,14,25,230,7,0.04115770384669304,0.05425426736474037,0.02210802584886551,0.05091818422079086,0,1.745572354211663,0.02801101575724909,0.07613136716918281,0.08004582061994962,0.04260085276686255,0.04563405432241136,0.052071191463215954,0.05402841818859935,0.03530593426205582,0.036822535039830226
R01,14,26,230,7,0.04217158630490303,0.05479112267494202,0.021738925948739052,0.04938384145498276,0,1.0367170626349889,0.014190788199327928,0.08021867856343474,0.08210214079980754,0.040710027539718335,0.039365940959824035,0.047204733381381335,0.048146464499567734,0.02745040786952313,0.026778364579575983
R01,14,27,230,7,0.04265080764889717,0.055589865893125534,0.02169135771691799,0.04884177818894386,0,1.3455723542116629,0.020212398622188155,0.08215058580161115,0.08516157183618586,0.04046634496839526,0.03715149834834105,0.05118149221189965,0.05268698522918701,0.030339371795291708,0.0286819484852646
R01,14,28,230,7,0.044994644820690155,0.05903927981853485,0.02273336797952652,0.05164126306772232,0,3.2,0.05636732665762723,0.09159940533780683,0.09837388310276884,0.0458043558722409,0.04858798370745866,0.07398336599771703,0.07737060488019804,0.05108584126493407,0.05247765518254295
R01,14,29,230,12,0.04043204337358475,0.05345530062913895,0.022949574515223503,0.051282234489917755,0,3.3632829373650113,0.05955077944062187,0.07320597843592645,0.07698553344343771,0.04691193886489208,0.04712127634829679,0.06637837893827417,0.0682681564420298,0.05323135915275698,0.053336027894459334
R01,14,30,230,18,0.03836003690958023,0.0503527969121933,0.02201593667268753,0.049178581684827805,0,3.4,0.06026663522515769,0.06485300264399767,0.06510199447118971,0.042129098270574164,0.03852741156679611,0.06255981893457768,0.0626843148481737,0.05119786674786593,0.0493970233959769
R01,14,31,230,18,0.036877505481243134,0.0491076335310936,0.021704349666833878,0.04860718548297882,0,1.545572354211663,0.024111707189718626,0.05887640491285933,0.0603326375530031,0.040532900138533036,0.03619313773440708,0.041494056051288974,0.04222217237136086,0.032322303664125834,0.03015242246206285
R01,14,32,230,18,0.03993184119462967,0.052314888685941696,0.02171681635081768,0.050007373094558716,0,0.745572354211663,0.008514472919596758,0.07118949018433735,0.07261740659885704,0.04059676447598567,0.04191319903612721,0.03985198155196705,0.0405659397592269,0.024555618697791215,0.025213835977861983
R01,14,33,230,18,0.04171532765030861,0.05462281033396721,0.0222669318318367,0.052287984639406204,0,0.8,0.009575623847261638,0.07837934188042095,0.08145745301021368,0.04341489644783654,0.051229977540701147,0.043977482863841295,0.04551653842873766,0.02649526014754909,0.030402800693981394
R01,14,34,230,20,0.040446504950523376,0.05338877812027931,0.02096470259130001,0.05045640468597412,0,0.9088552915766741,0.0116979257025914,0.07326427806200389,0.07673073187067975,0.03674383558142067,0.043747587662382036,0.042481101882297645,0.04421432878663557,0.024220880642006035,0.027722756682486718
R01,14,35,230,20,0.039473503828048706,0.05212641507387161,0.02104588784277439,0.050166983157396317,0,1.308855291576674,0.01949654283765233,0.06934177349324752,0.07189549496921356,0.037159731444592704,0.04256523975999301,0.044419158165449925,0.045696018903432944,0.02832813714112252,0.031030891298822673
R01,14,36,230,24,0.04101240262389183,0.05371076241135597,0.0216428991407156,0.05052296817302704,0,1.6,0.025172858117383505,0.07554560760825439,0.07796403027111747,0.04021810134025128,0.0440195135266377,0.050359232862818945,0.05156844419425048,0.032695479728817395,0.0345961858220106
R01,14,37,230,24,0.04071551561355591,0.05288084223866463,0.022604195401072502,0.0492761954665184,0,1.054427645788337,0.014536083342456985,0.07434875322900633,0.07478518195510586,0.04514263049677361,0.038926184424479746,0.04444241828573166,0.04466063264878142,0.029839356919615298,0.026731133883468365
R01,14,38,230,24,0.040469564497470856,0.05331867188215256,0.022569647058844566,0.04990440979599953,0,1.2,0.01737424098232257,0.07335723908349263,0.07646220351777992,0.04496564622498646,0.04149257227531669,0.0453657400329076,0.046918222250051246,0.031169943603654514,0.02943340662881963
R01,14,39,230,27,0.044530246406793594,0.057226669043302536,0.024360783398151398,0.05359672009944916,0,1.2,0.01737424098232257,0.08972725446546301,0.0914310289584406,0.05414128071975538,0.05657643754168183,0.05355074772389279,0.054402634970381586,0.035757760851038975,0.0369753392620022
R01,14,40,230,27,0.04319287836551666,0.055578410625457764,0.023514345288276672,0.052285630255937576,0,0.945572354211663,0.012413781487127224,0.08433586063163515,0.08511769465433948,0.04980514697705034,0.05122035938835004,0.048374821059381186,0.04876573807073335,0.031109464232088782,0.03181707043773863
R01,14,41,230,27,0.041577134281396866,0.05585797131061554,0.023394832387566566,0.05273504555225372,0,1.0367170626349889,0.014190788199327928,0.07782223654065577,0.08618849765742223,0.049192906205501964,0.05305631552994056,0.04600651236999185,0.05018964292837508,0.03169184720241495,0.03362355186463425
R01,14,42,230,27,0.04076584056019783,0.053437117487192154,0.02237967774271965,0.049327172338962555,0,0.945572354211663,0.012413781487127224,0.07455163052129898,0.07691588644357034,0.04399247127915402,0.039134435685195805,0.043482706004213105,0.04466483396534878,0.028203126383140622,0.025774108586161516
R01,14,43,230,27,0.04320777952671051,0.05492273345589638,0.0231447983533144,0.050070621073246,0,1.2,0.01737424098232257,0.08439593237411576,0.08260625037946628,0.047912031679535796,0.04217158035039477,0.050885086678219164,0.04999024568089443,0.03264313633092918,0.02977291066635867
R01,14,44,230,30,0.043081507086753845,0.054695211350917816,0.02256263792514801,0.05279987305402756,0,1.308855291576674,0.01949654283765233,0.08388688442833507,0.08173477106848501,0.04492973982997163,0.05332114952869684,0.0516917136329937,0.05061565695306867,0.03221314133381198,0.03640884618317459
R01,14,45,230,30,0.04230877757072449,0.05424937978386879,0.023467861115932465,0.053046680986881256,0,1.508855291576674,0.023395851405182796,0.08077174407851809,0.0800270996890285,0.04956701782637532,0.05432941191724992,0.05208379774185044,0.05171147554710565,0.03648143461577906,0.03886263166121636
R01,14,46,230,34,0.04060306027531624,0.05059336498379707,0.02235637791454792,0.05008474364876747,0,1.308855291576674,0.01949654283765233,0.0738954068064408,0.06602344382796806,0.04387311090306034,0.04222927404590592,0.046695974822046564,0.04275999333281019,0.031684826870356335,0.03086290844177913
R01,14,47,230,34,0.04165923595428467,0.0529080368578434,0.023368805646896362,0.05224910378456116,0,2.108855291576674,0.0350937771077742,0.07815321682378831,0.07488934567135905,0.04905957640014926,0.05107114105954845,0.056623496965781256,0.05499156138956662,0.042076676753961734,0.043082459083661324
R01,14,48,230,36,0.041137002408504486,0.05096098780632019,0.02369910664856434,0.0503530278801918,0,2.163282937365011,0.03615492803543908,0.07604791250094163,0.06743155177468219,0.05075164260306841,0.04332527163747187,0.05610142026819036,0.05179323990506063,0.04345328531925374,0.039740099836455475
R01,14,49,230,42,0.04875050112605095,0.05937419831752777,0.023856595158576965,0.05306200310587883,0,2.8,0.04856870952256629,0.10674056311972262,0.09965672347893685,0.05155842485257648,0.05439200600050958,0.07765463632114446,0.07411271650075157,0.050063567187571385,0.051480357761537934
R01,14,50,230,42,0.045219484716653824,0.05510248988866806,0.02273540385067463,0.04945949465036392,0,1.545572354211663,0.024111707189718626,0.09250581284216114,0.08329477254389983,0.04581478523438579,0.03967500019708081,0.05830876001593988,0.05370323986680923,0.03496324621205221,0.03189335369339972
R01,14,51,230,42,0.046331554651260376,0.05604938417673111,0.023528823629021645,0.05030352994799614,0,1.0367170626349889,0.014190788199327928,0.09698895196555342,0.08692166752982239,0.049879316631169464,0.04312306215916624,0.05558987008244067,0.05055622786457516,0.0320350524152487,0.028656925179247082
R01,14,52,230,42,0.046266891062259674,0.056715305894613266,0.024697603657841682,0.05326562002301216,0,1.0367170626349889,0.014190788199327928,0.09672827063905881,0.08947235156081837,0.055866743782241865,0.05522382399292542,0.05545952941919337,0.05183156988007315,0.035028765990784895,0.034707306096126676
R01,14,53,230,42,0.043727800250053406,0.05430123955011368,0.023339631035923958,0.05164365470409393,0,1.945572354211663,0.031910324324779554,0.08649231604320408,0.0802257384690231,0.048910120682605474,0.04859775404576469,0.05920132018399182,0.05606803139690133,0.040410222503692514,0.04025403918527212
R01,14,54,230,42,0.04066317901015282,0.049703922122716904,0.022121956571936607,0.049262892454862595,0,3.2,0.05636732665762723,0.07413776625147882,0.06261660539438202,0.042672217084778016,0.03887183881997689,0.06525254645455303,0.05949196602600462,0.04951977187120263,0.04761958273880206
R01,14,55,230,50,0.061315715312957764,0.07293274998664856,0.0232424046844244,0.05135507881641388,0,3.2,0.05636732665762723,0.15739529405178015,0.15159012690636545,0.048412049460978025,0.04741886076455241,0.10688131035470369,0.10397872678199634,0.05238968805930263,0.05189309371108982
R01,14,56,230,50,0.060050565749406815,0.07114049047231674,0.024636324495077133,0.05194178968667984,0,1.945572354211663,0.031910324324779554,0.15229503791788457,0.14472522432120039,0.05555282284426873,0.049815698243010104,0.09210268112133206,0.08831777432298997,0.04373157358452415,0.04086301128389483
R01,14,57,230,50,0.06099124625325203,0.07229109853506088,0.026172876358032227,0.055146217346191406,0,1.0367170626349889,0.014190788199327928,0.1560872468772005,0.14913240542487488,0.06342427180509348,0.06290646015073166,0.08513901753826421,0.0816615968121014,0.038807530002210704,0.03854862417502979
R01,14,58,230,50,0.05803285911679268,0.06916046887636185,0.0257512666285038,0.05369871109724045,0,2.345572354211663,0.03970894145984048,0.14416096355555513,0.13714113548581708,0.06126444918707416,0.05699309224906887,0.09193495250769781,0.08842503847282879,0.05048669532345732,0.04835101685445468
R01,14,59,230,50,0.058312516659498215,0.0696260929107666,0.025997547432780266,0.05484586954116821,0,4.0,0.0719645609277491,0.14528835998255998,0.13892461807410278,0.06252609666388942,0.06167947610776385,0.10862646045515453,0.10544458950092594,0.06724532879581926,0.06682201851775647
R01,14,60,230,60,0.07350947707891464,0.08565860241651535,0.024014825001358986,0.051123544573783875,0,4.0,0.0719645609277491,0.20655257160521667,0.20033403734212152,0.05236900480211535,0.04647299461751758,0.1392585662664829,0.13614929913493531,0.06216678286493223,0.05921877777263334
R01,14,61,230,60,0.07150783389806747,0.08477471768856049,0.02438216283917427,0.053467608988285065,0,2.345572354211663,0.03970894145984048,0.19848325458128133,0.19694848825985736,0.0542508033352165,0.05604899145911115,0.1190960980205609,0.11832871485984892,0.04697987239752849,0.047878966459475814
R01,14,62,230,60,0.06843914091587067,0.0806683823466301,0.02401963621377945,0.051432717591524124,0,1.0367170626349889,0.014190788199327928,0.18611229018592323,0.18121996687165753,0.05239365168447605,0.04773603151320656,0.10015153919262558,0.09770537753549273,0.03329221994190199,0.030963409856267242
R01,14,63,230,60,0.06572425365447998,0.0778297409415245,0.023684080690145493,0.05115857720375061,0,1.0367170626349889,0.014190788199327928,0.1751676392081535,0.17034710132710995,0.050674667612745625,0.04661611028952678,0.09467921370374072,0.09226894476321894,0.032432727906036775,0.030403449244427352
R01,14,64,230,60,0.06789737194776535,0.08071698248386383,0.026271825656294823,0.055185459554195404,0,1.0367170626349889,0.014190788199327928,0.18392823180868448,0.18140612027470399,0.06393116933960659,0.06306677283564711,0.0990595100040062,0.09779845423701596,0.03906097876946726,0.03862878051748752
R01,14,65,230,60,0.061627522110939026,0.07460256665945053,0.021733887493610382,0.05015713348984718,0,1.0367170626349889,0.014190788199327928,0.15865229526318692,0.1579860359263511,0.04068421653825272,0.04252500179351148,0.08642154173125742,0.08608841206283951,0.027437502368790327,0.028357894996419705
R01,14,66,230,60,0.06573635339736938,0.07906848192214966,0.025753529742360115,0.0556953102350235,0,1.0367170626349889,0.014190788199327928,0.17521641746304778,0.17509185848545814,0.06127604266832397,0.06514962025190854,0.09470360283118785,0.09464132334239303,0.03773341543382595,0.03967020422561823
R01,14,67,230,60,0.06404848396778107,0.07626975327730179,0.024018317461013794,0.05198857933282852,0,1.0367170626349889,0.014190788199327928,0.16841203112052663,0.1643718710307649,0.05238689597688357,0.05000684380239287,0.09130140965992728,0.08928132961504641,0.03328884208810575,0.0320988160008604
R01,14,68,230,60,0.058296192437410355,0.07036199420690536,0.023062432184815407,0.050042588263750076,0,1.0367170626349889,0.014190788199327928,0.14522255138867246,0.1417433453119229,0.047490086213802137,0.04205706041931553,0.07970666979400019,0.07796706675562541,0.030840437206565034,0.02812392430932173
R01,14,69,230,60,0.05939149484038353,0.07155618816614151,0.02258163131773472,0.0499967522919178,0,1.0367170626349889,0.014190788199327928,0.14963809478383844,0.14631747374164703,0.04502703919483111,0.041869810820378786,0.08191444149158318,0.08025413097048748,0.02960891369707952,0.028030299509853356
R01,14,70,230,60,0.05769623816013336,0.0710381418466568,0.023944571614265442,0.05117006599903107,0,1.0367170626349889,0.014190788199327928,0.14280392787498253,0.1443331977540305,0.05200911070145781,0.0466630444380249,0.07849735803715523,0.07926199297667921,0.03309994945039287,0.030426916318676417
R01,14,71,230,60,0.05615697056055069,0.07006262242794037,0.02380049228668213,0.05389982461929321,0,1.0367170626349889,0.014190788199327928,0.13659860698434928,0.1405966597549998,0.05127102102109982,0.05781468334531392,0.0753946975918386,0.07739372397716386,0.03273090461021388,0.036002735772320923
R01,14,72,230,60,0.05665089190006256,0.07155808061361313,0.02556159719824791,0.057428136467933655,0,1.0367170626349889,0.014190788199327928,0.1385897749964828,0.14632472239477806,0.06029281049678182,0.07222858038232338,0.07639028159790537,0.080257755297053,0.037241799348054876,0.04320968429082565
R01,14,73,230,60,0.052783891558647156,0.0672655925154686,0.0264302808791399,0.057445090264081955,0,1.0367170626349889,0.014190788199327928,0.12300055710533976,0.12988317896532184,0.0647429038662905,0.07229784021040865,0.06859567265233385,0.07203698358232488,0.039466846032809214,0.04324431420486829
R01,14,74,230,60,0.051239509135484695,0.06654749810695648,0.026379644870758057,0.06007919833064079,0,1.0367170626349889,0.014190788199327928,0.11677461658910003,0.12713265755814424,0.06448350568705102,0.08305872645983844,0.06548270239421398,0.07066172287873608,0.039337146943189474,0.048624757329583185
R01,14,75,230,60,0.048788078129291534,0.0629231408238411,0.02621871419250965,0.05751294270157814,0,1.545572354211663,0.024111707189718626,0.1068920490363231,0.11325025967800427,0.0636590898956914,0.07257503170870463,0.06550187811302086,0.06868098343386145,0.04388539854270501,0.04834336944921163
R01,14,76,230,60,0.04877610504627228,0.06261500716209412,0.025705190375447273,0.05713066831231117,0,2.4,0.04077009238750536,0.10684378139123993,0.11207001342784455,0.06102840972561207,0.07101336031367109,0.07380693688937265,0.07642005290767495,0.050899251056558716,0.05589172635058823
R01,14,77,230,66,0.046699587255716324,0.06083981692790985,0.02646338753402233,0.058083053678274155,0,2.4,0.04077009238750536,0.09847261887927514,0.10527049141088113,0.06491250266113334,0.07490405512564884,0.06962135563339025,0.07302029189919325,0.05284129752431935,0.057837073756577095
R01,14,78,230,66,0.04428867623209953,0.05726289376616478,0.025152379646897316,0.05394795536994934,0,1.545572354211663,0.024111707189718626,0.08875340141223861,0.09156978073609073,0.058196470537820066,0.05801130759907389,0.05643255430097862,0.05784074396290468,0.041154088863769346,0.04106150739439626
R01,14,79,230,66,0.041635654866695404,0.0532856360077858,0.024744074791669846,0.05199408903717995,0,1.0367170626349889,0.014190788199327928,0.07805815329131274,0.07633566600603564,0.05610480613919775,0.05002935210512592,0.046124470745320334,0.04526322710268178,0.03514779716926284,0.03211007015222692
R01,14,80,230,66,0.03979912027716637,0.052312273532152176,0.024245547130703926,0.0516522154211998,0,1.0367170626349889,0.014190788199327928,0.07065444619199818,0.07260738975929407,0.05355094828808318,0.0486327263782059,0.04242261719566305,0.043399088979310996,0.033870868243705554,0.03141175728876691
R01,14,81,230,66,0.03853902593255043,0.050940535962581635,0.02398279868066311,0.051528364419937134,0,1.0367170626349889,0.014190788199327928,0.06557456939673914,0.0673532149524589,0.05220494034400082,0.048126768952470284,0.03988267879803353,0.04077200157589341,0.03319786427166437,0.031158778575899104
R01,14,82,230,66,0.04188062250614166,0.05525140464305878,0.02521013282239437,0.054618824273347855,0,1.0367170626349889,0.014190788199327928,0.07904570270182273,0.0838651616389005,0.05849232854574721,0.06075194836829719,0.04661824545057533,0.04902797491911421,0.036341558372537566,0.03747136828381256
R01,14,83,230,66,0.040026359260082245,0.052727993577718735,0.024521997198462486,0.05247136577963829,0,2.145572354211663,0.035809632892310025,0.07157052524689186,0.07419972479375406,0.054967146889016216,0.05197912812240304,0.053690079069600945,0.05500467884303204,0.04538838989066312,0.04389438050735653
R01,14,84,230,66,0.041695352643728256,0.05317417159676552,0.025181923061609268,0.052109330892562866,0,3.6,0.06416594379268817,0.07829881570962569,0.07590872319041762,0.058347815563419385,0.05050013935667892,0.07123237975115693,0.07003733349155289,0.06125687967805378,0.057333041574683545
R01,14,85,230,75,0.051316745579242706,0.06309817731380463,0.02803203836083412,0.0569472499191761,0,3.508855291576674,0.062388937080487455,0.11708598344831266,0.1139207030166169,0.0729483882165078,0.07026405754601427,0.08973746026440005,0.08815482004855218,0.06766866264849764,0.06632649731325085
R01,14,86,230,75,0.04839702323079109,0.06061318516731262,0.029324017465114594,0.05876610800623894,0,2.3088552915766742,0.03899308567530466,0.10531557128046884,0.10440242239143198,0.07956693967772394,0.07769447592072731,0.07215432847788675,0.07169775403336832,0.059280012676514296,0.058343780798015984
R01,14,87,230,78,0.045020684599876404,0.057455845177173615,0.02611488476395607,0.05694321542978287,0,1.2,0.01737424098232257,0.0917043807077917,0.09230884370641043,0.06312719242630217,0.07024757580709615,0.054539310845057136,0.0548415423443665,0.04025071670431237,0.04381090839470936
R01,14,88,230,78,0.041716523468494415,0.05407403036952019,0.02647675946354866,0.05660201981663704,0,0.945572354211663,0.012413781487127224,0.07838416263775502,0.07935545775422885,0.0649810043910859,0.06885371986455571,0.045398972062441124,0.04588461962067804,0.03869739293910656,0.04063375067584147
R01,14,89,230,78,0.04404307156801224,0.05597826838493347,0.027705736458301544,0.058376140892505646,0,1.545572354211663,0.024111707189718626,0.08776328393473758,0.0866492722773192,0.07127680860144324,0.07610137812600223,0.0559374955622281,0.05538048973351891,0.04769425789558093,0.05010654265786043
R01,14,90,230,78,0.04551305994391441,0.05848442018032074,0.03062417544424534,0.062039751559495926,0,2.4,0.04077009238750536,0.09368931627664287,0.09624860083515042,0.08622738988475727,0.09106799933269502,0.06722970433207412,0.06850934661132789,0.06349874113613131,0.0659190458601002
R01,14,91,230,84,0.06318189203739166,0.07666754722595215,0.03126181662082672,0.06273481994867325,0,2.4,0.04077009238750536,0.1649184988648243,0.16589554362651115,0.08949389855119938,0.09390750009823604,0.10284429562616483,0.10333281800700826,0.06513199546935237,0.0673387962428707
R01,14,92,230,84,0.060010090470314026,0.0733523890376091,0.03207051753997803,0.06199238821864128,0,1.545572354211663,0.024111707189718626,0.1521318680473716,0.1531974729311677,0.0936367121868089,0.09087451010960645,0.08812178761854511,0.08865459006044316,0.05887420968826376,0.05749310864966254
R01,14,93,230,84,0.057989880442619324,0.07184448093175888,0.033059582114219666,0.06468425691127777,0,1.0367170626349889,0.014190788199327928,0.14398770163230543,0.1474217232859486,0.09870349288116835,0.10187136068214371,0.07908924491581668,0.08080625574263826,0.05644714054024814,0.05803107444073582
R01,14,94,230,84,0.05676877126097679,0.06993646919727325,0.03224707767367363,0.06404606997966766,0,1.0367170626349889,0.014190788199327928,0.13906498753331129,0.14011345426360283,0.09454119456349126,0.099264232651174,0.0766278878663196,0.07715212123146538,0.054365991381409594,0.05672751042525096
R01,14,95,230,84,0.051312293857336044,0.06304584443569183,0.030851105228066444,0.06075126677751541,0,1.0367170626349889,0.014190788199327928,0.11706803701524657,0.11372025207333954,0.08738990594041678,0.08580426761681026,0.06562941260728725,0.06395552013633374,0.05079034706987235,0.04999752790806909
R01,14,96,230,84,0.05283231660723686,0.0658373087644577,0.03392881155014038,0.06601011008024216,0,1.0367170626349889,0.014190788199327928,0.12319577525046613,0.12441241497369117,0.10315638204492082,0.10728775012941133,0.06869328172489703,0.06930160158650955,0.05867358512212437,0.06073926916436963
R01,14,97,230,84,0.05303443968296051,0.06552457064390182,0.03319647163152695,0.0666484385728836,0,1.0367170626349889,0.014190788199327928,0.12401060338340873,0.12321453223677954,0.09940475059640351,0.10989545646700975,0.06910069579136834,0.06870266021805374,0.05679776939786572,0.06204312233316884
R01,14,98,230,84,0.049358196556568146,0.061331313103437424,0.03186454996466637,0.06325632333755493,0,1.0367170626349889,0.014190788199327928,0.10919039390363122,0.10715307221962962,0.09258158134759821,0.09603795128119724,0.061690591051479574,0.060671930209478774,0.05338618477346307,0.055114369740262584
R01,14,99,230,84,0.051639556884765625,0.06422347575426102,0.03340412676334381,0.06707743555307388,0,1.0367170626349889,0.014190788199327928,0.11838734764154134,0.1182309405191648,0.1004685264512622,0.11164799948670721,0.06628906792043464,0.06621086435924636,0.05732965732529506,0.06291939384301758
R01,14,100,230,84,0.04685305431485176,0.059714093804359436,0.03218492120504379,0.064479298889637,0,1.0367170626349889,0.014190788199327928,0.09909129775508294,0.10095862724207941,0.09422277936241635,0.10103406399535066,0.05664104297720543,0.057574707720703666,0.05420678378087214,0.05761242609733929
R01,14,101,230,84,0.050081878900527954,0.06304369121789932,0.03372424468398094,0.0676894262433052,0,2.745572354211663,0.04750755859490141,0.11210780811307328,0.11371200459005264,0.10210842675953716,0.11414811035417537,0.07980768335398734,0.08060978159247703,0.07480799267721928,0.0808278344745384
R01,14,102,230,84,0.05099257081747055,0.06462838500738144,0.035252127796411514,0.0700262114405632,0,4.8,0.08756179519787095,0.11577912269064698,0.1197818669091636,0.10993546743909723,0.12369437006017707,0.10167045894425897,0.10367183105351728,0.09874863131848409,0.10562808262902401
R01,14,103,230,96,0.06791497766971588,0.08240005373954773,0.03459782153367996,0.06886342167854309,0,4.8,0.08756179519787095,0.18399920657242533,0.1878527984046114,0.1065835868576411,0.11894412897479657,0.13578050088514815,0.13770729680124116,0.09707269102775604,0.10325296208633376
R01,14,104,230,96,0.06264816224575043,0.07611116766929626,0.03212661296129227,0.06412319839000702,0,2.745572354211663,0.04750755859490141,0.1627668491926538,0.16376443960598433,0.09392407785044606,0.09957931845224571,0.1051372038937776,0.10563599910044287,0.07071581822267373,0.07354343852357356
R01,14,105,230,96,0.07036849856376648,0.08457648009061813,0.04110301658511162,0.07623200118541718,0,1.0367170626349889,0.014190788199327928,0.19389019918708514,0.19618917757537832,0.13990840462791543,0.1490463282353372,0.10404049369320653,0.10518998288735312,0.07704959641362168,0.08161855821733256
R01,14,106,230,96,0.06559912115335464,0.07783717662096024,0.03604993224143982,0.07009325176477432,0,1.0367170626349889,0.014190788199327928,0.1746631867506726,0.17037558225555396,0.1140224606094299,0.12396824390465574,0.09442698747500027,0.09228318522744094,0.06410662440437892,0.06907951605199183
R01,14,107,230,96,0.06573999673128128,0.0786568820476532,0.039087384939193726,0.07407820969820023,0,1.0367170626349889,0.014190788199327928,0.1752311050040843,0.17351530496746062,0.12958272541904542,0.14024763637710622,0.0947109466017061,0.09385304658339427,0.07188675680918667,0.07721921228821707
R01,14,108,230,96,0.062449827790260315,0.07588405162096024,0.035992227494716644,0.0709921270608902,0,1.0367170626349889,0.014190788199327928,0.16196729430023687,0.16289451561624574,0.11372685069245955,0.1276403388109827,0.0880790412497824,0.08854265190778683,0.06395881944589374,0.07091556350515531
R01,14,109,230,96,0.06194338575005531,0.07455235719680786,0.03823259845376015,0.07173454761505127,0,1.0367170626349889,0.014190788199327928,0.15992565100648404,0.15779371831434283,0.12520382461217444,0.1306732831438258,0.08705821960290598,0.08599225325683538,0.06969730640575118,0.07243203567157687
R01,14,110,230,96,0.05719326063990593,0.06995239108800888,0.033956192433834076,0.06745478510856628,0,1.0367170626349889,0.014190788199327928,0.1407762512613564,0.14017443997911874,0.10329664885510365,0.11318955189850001,0.07748351973034216,0.07718261408922333,0.058743718527215785,0.06369017004891397
R01,14,111,230,96,0.05765654891729355,0.06950840353965759,0.03495050594210625,0.06943157315254211,0,1.0367170626349889,0.014190788199327928,0.14264392678888543,0.13847383175576433,0.10839031879239475,0.12126514741051184,0.07841735749410668,0.07633230997754613,0.061290553495861336,0.06772796780491988
R01,14,112,230,96,0.053605493158102036,0.06486401706933975,0.03460261598229408,0.0676281750202179,0,1.0367170626349889,0.014190788199327928,0.12631271775255754,0.12068440983799189,0.10660814786236292,0.11389788620709167,0.07025175297594273,0.06743759901865991,0.06039946803084542,0.0640443372032098
R01,14,113,230,96,0.05359587445855141,0.06573884189128876,0.03513355180621147,0.06846544146537781,0,1.0367170626349889,0.014190788199327928,0.12627394144278628,0.12403525670684128,0.10932802627336667,0.11731829598116766,0.0702323648210571,0.06911302245308461,0.0617594072363473,0.0657545420902478
R01,14,114,230,96,0.054275453090667725,0.06717343628406525,0.03684660419821739,0.07065828144550323,0,1.745572354211663,0.02801101575724909,0.12901355831242137,0.12953019238824356,0.11810365226815774,0.1262765091573485,0.07851228703483523,0.07877060407274633,0.07305733401270341,0.0771437624572988
R01,14,115,230,96,0.05309680849313736,0.06497427076101303,0.0351957343518734,0.06774814426898956,0,2.8,0.04856870952256629,0.12426203366156133,0.12110671522788631,0.10964657506187984,0.11438798585632434,0.0864153715920638,0.0848377123752263,0.07910764229222307,0.08147834768944531
R01,14,116,230,103,0.059527527540922165,0.07170641422271729,0.035615384578704834,0.06844458729028702,0,2.8,0.04856870952256629,0.15018648972094392,0.1468928855254314,0.11179635953810922,0.117233102283602,0.0993775996217551,0.09773079752399884,0.08018253453033776,0.08290090590308415
R01,14,117,230,103,0.054528165608644485,0.06572341918945312,0.03352135792374611,0.06408928334712982,0,1.745572354211663,0.02801101575724909,0.13003233001108563,0.12397618303762371,0.101069078321962,0.09944076835888419,0.07902167288416737,0.0759935993974364,0.06454004703960554,0.06372589205806664
R01,14,118,230,103,0.06078129634261131,0.07205449789762497,0.035566914826631546,0.06895110756158829,0,1.0367170626349889,0.014190788199327928,0.15524086606151996,0.14822615255546773,0.11154805865820598,0.11930234427549334,0.08471582713042394,0.08120847037739783,0.06286942342876696,0.06674656623741064
R01,14,119,230,103,0.05648567155003548,0.0680835023522377,0.032246217131614685,0.06498361378908157,0,1.0367170626349889,0.014190788199327928,0.13792371453379343,0.13301602401815532,0.09453678617802837,0.1030942965787106,0.07605725136656068,0.07360340610874162,0.054363787188678146,0.05864254238901926
R01,14,120,230,103,0.05101485177874565,0.06383045762777328,0.029142439365386963,0.063246950507164,0,1.0367170626349889,0.014190788199327928,0.11586894496359111,0.11672556078427287,0.07863675126113459,0.09599966129493873,0.06502986658145953,0.0654581744918004,0.04641376973023126,0.055095224747133326
R01,14,121,230,103,0.050236962735652924,0.06232599541544914,0.02861807681620121,0.06218692287802696,0,1.0367170626349889,0.014190788199327928,0.11273300477294022,0.11096300996611326,0.0759505464265346,0.09166922516621218,0.06346189648613408,0.0625768990827206,0.04507066731293126,0.05293000668277005
R01,14,122,230,103,0.048355817794799805,0.05998523160815239,0.029193436726927757,0.06193045154213905,0,1.0367170626349889,0.014190788199327928,0.10514945789457433,0.10199716803112811,0.07889800058059009,0.09062148574095218,0.05967012304695113,0.05809397811522802,0.046544394389959005,0.05240613697014005
R01,14,123,230,103,0.04618880897760391,0.05757812410593033,0.02923767641186714,0.06037023290991783,0,1.0367170626349889,0.014190788199327928,0.09641349470846042,0.09277720943549188,0.07912463166961407,0.08424766401407562,0.05530214145389417,0.0534839988174099,0.046657709934471,0.04921922610670177
R01,14,124,230,103,0.048991285264492035,0.061241425573825836,0.03193294256925583,0.06436606496572495,0,1.0367170626349889,0.014190788199327928,0.10771124738853118,0.10680877546490727,0.09293194303033925,0.10057147956676799,0.06095101779392955,0.0604997818321176,0.053561365614833586,0.057381133883047955
R01,14,125,230,103,0.04651152342557907,0.059235285967588425,0.03176902234554291,0.06340774893760681,0,1.0367170626349889,0.014190788199327928,0.09771446843536298,0.09912464665491424,0.09209221239337802,0.09665655675076655,0.05595262831734545,0.056657717427121085,0.05314150029635297,0.05542367247504724
R01,14,126,230,103,0.05318960174918175,0.06562421470880508,0.035942982882261276,0.06925957649946213,0,1.0367170626349889,0.014190788199327928,0.12463611541992371,0.12359619950833299,0.11347458035724774,0.12056250485663429,0.06941345180962583,0.06889349385383046,0.06383268427828784,0.06737664652798112
R01,14,127,230,103,0.05441838875412941,0.06689431518316269,0.037129972130060196,0.0697399452328682,0,1.0367170626349889,0.014190788199327928,0.12958978148423098,0.12846107312742355,0.11955528970807165,0.12252491230816999,0.07189028484177945,0.07132593066337574,0.0668730389536998,0.06835785025374896
R01,14,128,230,103,0.0539703369140625,0.06640928983688354,0.0383310504257679,0.06977513432502747,0,1.0367170626349889,0.014190788199327928,0.1277835293133884,0.1266032775755424,0.12570817444340054,0.12266866716118985,0.07098715875635817,0.07039703288743517,0.06994948132136423,0.06842972768025889
R01,14,129,230,103,0.04864765703678131,0.060746435075998306,0.03362060338258743,0.06435945630073547,0,1.0367170626349889,0.014190788199327928,0.10632596297105708,0.10491281033207037,0.10157749302809545,0.10054448177836471,0.0602583755851925,0.059551799265699146,0.057884140613711686,0.05736763498884632
R01,14,130,230,103,0.04566260427236557,0.05659943073987961,0.029327789321541786,0.058931220322847366,0,1.0367170626349889,0.014190788199327928,0.09429218126624264,0.08902851424656422,0.0795862621464736,0.07836899451013517,0.05424148473278528,0.05160965122294607,0.046888525172900763,0.046279891354731546
R01,14,131,230,103,0.04596107453107834,0.058000899851322174,0.027465902268886566,0.05971016734838486,0,1.545572354211663,0.024111707189718626,0.09549541826812927,0.09439656996016879,0.07004818584776015,0.08155115717177987,0.05980356272892395,0.05925413857494371,0.04707994651873939,0.052831432180749247
R01,14,132,230,103,0.04849989712238312,0.05986443907022476,0.02923521026968956,0.060284968465566635,0,2.4,0.04077009238750536,0.10573029157261934,0.10153449563393503,0.07911199811473774,0.08389934080044882,0.07325019198006236,0.0711522940107202,0.05994104525112155,0.06233471659397709
R01,14,133,230,109,0.050246499478816986,0.06220048666000366,0.02929084748029709,0.06181131675839424,0,2.4,0.04077009238750536,0.11277145068812781,0.11048227301210146,0.0793970164562453,0.09013479505710975,0.07677077153781658,0.07562618269980341,0.06008355442187534,0.06545244372230756
R01,14,134,230,109,0.052117135375738144,0.06501124054193497,0.029712731018662453,0.06385613977909088,0,1.545572354211663,0.024111707189718626,0.12031263197010926,0.12124832080598173,0.08155824174236645,0.0984883277785967,0.07221216957991394,0.07268001399785018,0.05283497446604254,0.061300017484157664
R01,14,135,230,109,0.052717555314302444,0.06525781750679016,0.03040158376097679,0.0635862872004509,0,2.236717062634989,0.037586639604510724,0.12273313272575172,0.12219278606335138,0.08508709705364985,0.09738592315832852,0.08015988616513123,0.07988971283393105,0.06133686832908029,0.06748628138141963
R01,14,136,230,109,0.05699891224503517,0.06996376067399979,0.032842785120010376,0.06639467924833298,0,3.436717062634989,0.060982491009693524,0.13999276556005305,0.1402179889739139,0.09759288508723636,0.10885879617926812,0.10048762828487329,0.10060023999180372,0.07928768804846495,0.08492064359448082
R01,14,137,230,103,0.058637525886297226,0.07138963043689728,0.031626567244529724,0.0654677227139473,0,3.945572354211663,0.07090341000008421,0.14659858475780455,0.14567950665210183,0.09136244330203223,0.10507198350012052,0.10875099737894438,0.10829145832609302,0.08113292665105823,0.08798769675010237
R01,14,138,230,103,0.05952787026762962,0.0719972476363182,0.032587748020887375,0.06576350331306458,0,3.6,0.06416594379268817,0.150187871371021,0.1480068665292514,0.09628638085704223,0.10628030954501483,0.10717690758185458,0.10608640516096979,0.08022616232486521,0.0852231266688515
R01,14,139,230,109,0.06142795458436012,0.07502289861440659,0.03267258033156395,0.06583071500062943,0,2.4,0.04077009238750536,0.15784776943407974,0.15959603598556749,0.09672095987765222,0.10655488344488614,0.09930893091079256,0.10018306418653643,0.0687455261325788,0.07366248791619576
R01,14,140,230,109,0.06183075159788132,0.0747411847114563,0.029666006565093994,0.0634361281991005,0,1.545572354211663,0.024111707189718626,0.1594715837230087,0.15851698549919782,0.08131888167886739,0.09677249201122658,0.09179164545636367,0.09131434634445823,0.05271529443429301,0.0604420996004726
R01,14,141,230,109,0.06125234067440033,0.07513104379177094,0.029182838276028633,0.06185317412018776,0,1.3455723542116629,0.020212398622188155,0.15713980893101012,0.16001026512020172,0.07884370682889347,0.09030579119606078,0.08867610377659914,0.09011133187119494,0.04952805272554081,0.055259094909124465
R01,14,142,230,109,0.06718391925096512,0.08050931245088577,0.0303167924284935,0.0649944320321083,0,2.0,0.032971475252444434,0.18105205685045536,0.18061068047658752,0.08465272795615714,0.10313849138002011,0.1070117660514499,0.10679107786451597,0.05881210160430078,0.06805498331623228
R01,14,143,230,114,0.050801683217287064,0.06447667628526688,0.029552245512604713,0.06420455873012543,0,2.0,0.032971475252444434,0.11500958865153475,0.11920077606249309,0.08073610647941729,0.09991169257779663,0.0739905319519896,0.07608612565746876,0.056853790865930856,0.06644158391512053
R01,14,144,230,114,0.0515393503010273,0.06596541404724121,0.031424637883901596,0.06586460024118423,0,1.3455723542116629,0.020212398622188155,0.11798338019129485,0.1249030974222548,0.09032799943183355,0.10669331178948373,0.0690978894067415,0.07255774802222148,0.05527019902701085,0.06345285520583593
R01,14,145,230,114,0.05085153877735138,0.06385824829339981,0.02827894501388073,0.0621076300740242,0,1.0367170626349889,0.014190788199327928,0.11521057368393925,0.1168320075408823,0.07421324179184152,0.09134529736115946,0.06470068094163359,0.06551139787010511,0.044202014995584724,0.05276804278024369
R01,14,146,230,114,0.04927811771631241,0.06200588122010231,0.026905830949544907,0.05973804369568825,0,1.0367170626349889,0.014190788199327928,0.10886756835954044,0.10973687460479323,0.06717905210037001,0.08166503792184843,0.06152917827943418,0.061963831402060576,0.040684920149848966,0.047927913060588176
R01,14,147,230,114,0.0532771572470665,0.06608005613088608,0.02911253087222576,0.06142161786556244,0,0.8367170626349889,0.010291479631797463,0.12498908196080415,0.125342211696772,0.07848353601139951,0.08854279300126013,0.0676402807963008,0.06781684566428474,0.04438750782159849,0.0494171363165288
R01,14,148,230,114,0.051275260746479034,0.06411183625459671,0.027246326208114624,0.0598621740937233,0,0.691144708423326,0.0074533219919318775,0.11691874371724663,0.11780332706044214,0.0689233414496926,0.08217213674224597,0.062186032854589256,0.06262832452618701,0.03818833172081224,0.044812729367088924
R01,14,149,230,115,0.05362900346517563,0.06688649952411652,0.026675255969166756,0.06027526035904884,0,0.691144708423326,0.0074533219919318775,0.1264074959442563,0.12843113676075243,0.06599786242923242,0.08385968114059598,0.06693040896809409,0.06794222937634216,0.03672559221058215,0.045656501566263934
R01,14,150,230,115,0.05553937703371048,0.06854328513145447,0.026711929589509964,0.059023380279541016,0,1.3455723542116629,0.020212398622188155,0.13410887354549791,0.1347771328109499,0.06618573407723852,0.07874548734401815,0.07716063608384303,0.07749476571656903,0.043199066349713336,0.04947894298310315
R01,14,151,230,115,0.0592767708003521,0.07228057086467743,0.027742445468902588,0.06021784618496895,0,3.0,0.05246801809009676,0.14917560243848021,0.1490920812245829,0.071464861546687,0.08362513214686931,0.10082181026428849,0.10078004965733983,0.06196643981839188,0.06804657511848304
R01,14,152,230,121,0.05192626640200615,0.06429225206375122,0.028660468757152557,0.06227000057697296,0,2.563282937365011,0.0439535451705,0.11954317302067513,0.11849437483826977,0.07616771189136119,0.09200861506428502,0.08174835909558756,0.08122396000438489,0.060060628530930596,0.06798108011739251
R01,14,153,230,124,0.04731089994311333,0.05982770025730133,0.028293268755078316,0.06106659397482872,0,3.108855291576674,0.05459031994542652,0.10093703207867091,0.10139377473397763,0.0742866194632909,0.08709244563225244,0.07776367601204871,0.07799204733970208,0.06443846970435871,0.07084138278883947
R01,14,154,230,124,0.048591356724500656,0.061235640197992325,0.0293015968054533,0.06210815906524658,0,2.708855291576674,0.04679170281036559,0.1060989969100297,0.10678661570444958,0.07945208310669191,0.09134745840171936,0.07644534986019764,0.07678915925740759,0.06312189295852876,0.06906958060604247
R01,14,155,230,131,0.049020592123270035,0.0612664520740509,0.02808091603219509,0.05917857587337494,0,2.8,0.04856870952256629,0.10782939348805491,0.10690463462186467,0.07319877878562396,0.07937949403222562,0.0781990515053106,0.07773667207221548,0.06088374415409513,0.06397410177739596
R01,14,156,230,131,0.049542464315891266,0.06061292067170143,0.02753891795873642,0.05788927897810936,0,1.745572354211663,0.02801101575724909,0.10993324107114645,0.1044014092922739,0.07042223067491436,0.07411244466252354,0.06897212841419777,0.0662062125247615,0.04921662321608172,0.051061730209886316
R01,14,157,230,131,0.044690899550914764,0.0559714175760746,0.02683240920305252,0.056854378432035446,0,1.0367170626349889,0.014190788199327928,0.09037490293908208,0.08662303158222473,0.06680292712596274,0.06988465796039227,0.052282845569205004,0.05040690989077633,0.04049685766264533,0.0420377230798601
R01,14,158,230,131,0.05028199031949043,0.06292274594306946,0.0286010280251503,0.059813886880874634,0,1.0367170626349889,0.014190788199327928,0.112914526560781,0.11324874716376826,0.07586320886778607,0.08197487330747531,0.06355265738005447,0.06371976768154809,0.045026998533556996,0.04808283075340162
R01,14,159,230,131,0.05006325617432594,0.06244959682226181,0.029103470966219902,0.0616798996925354,0,1.0367170626349889,0.014190788199327928,0.11203273345290814,0.1114364411909851,0.07843712391856078,0.08959792866392936,0.06311176082611804,0.06281361469515652,0.04631395605894435,0.051894358431628644
R01,14,160,230,131,0.05080466717481613,0.06294950842857361,0.03037896566092968,0.06324722617864609,0,1.0367170626349889,0.014190788199327928,0.1150216180179665,0.11335125567576318,0.08497122903487093,0.09600078747100516,0.06460620310864722,0.06377102193754555,0.04958100861709943,0.05509578783516654
R01,14,161,230,131,0.05009043216705322,0.06282469630241394,0.028837580233812332,0.059107840061187744,0,1.0367170626349889,0.014190788199327928,0.11214228929325715,0.11287318702516774,0.07707501868816696,0.07909052334101863,0.06316653874629254,0.06353198761224783,0.045632903443747444,0.046640655770173275
R01,14,162,230,131,0.04955300688743591,0.061153728514909744,0.03132208436727524,0.06343299150466919,0,1.0367170626349889,0.014190788199327928,0.10997574182895148,0.1064728688834941,0.08980263820495964,0.09675967795382209,0.0620832650141397,0.06033182854141101,0.05199671320214378,0.05547523307657501
R01,14,163,230,131,0.049561548978090286,0.0619635172188282,0.030529700219631195,0.061718232929706573,0,1.0367170626349889,0.014190788199327928,0.11001017795532848,0.10957460751147388,0.08574341213786724,0.08975452801154471,0.062100483077328204,0.0618826978554009,0.04996710016859758,0.05197265810543632
R01,14,164,230,131,0.054172467440366745,0.06537192314863205,0.03135384991765022,0.06374730914831161,0,2.345572354211663,0.03970894145984048,0.12859838748220223,0.12262984560154795,0.08996536678869148,0.09804373172988588,0.08415366447102135,0.08116939353069422,0.06483715412426598,0.06887633659486318
R01,14,165,230,131,0.05614324286580086,0.06739567220211029,0.033162981271743774,0.0653499886393547,0,4.0,0.0719645609277491,0.136543265891589,0.1303814239850655,0.09923318615782613,0.10459101500818319,0.10425391340966905,0.10117299245640729,0.08559887354278761,0.08827778796796615
R01,14,166,230,141,0.05308815464377403,0.06575185805559158,0.029661912471055984,0.06039074435830116,0,4.0,0.0719645609277491,0.12422714699711572,0.12408511260062055,0.0812979084510591,0.08433145760085599,0.09809585396243241,0.09802483676418483,0.0766312346894041,0.07814800926430254
R01,14,167,230,141,0.052738647907972336,0.06523903459310532,0.030270222574472427,0.06157929450273514,0,2.345572354211663,0.03970894145984048,0.12281816427723301,0.12212084175412555,0.0844141598753278,0.08918693527406545,0.08126355286853675,0.08091489160698301,0.06206155066758414,0.06444793836695296
R01,14,168,230,141,0.0581030547618866,0.07141880691051483,0.03532600402832031,0.06824930012226105,0,1.0367170626349889,0.014190788199327928,0.14444394651644565,0.14579126147753949,0.11031392065171433,0.11643531307070684,0.07931736735788679,0.0799910248384337,0.06225235442552113,0.06531305063501738
R01,14,169,230,141,0.055176351219415665,0.06721131503582001,0.03271973133087158,0.06216710805892944,0,1.0367170626349889,0.014190788199327928,0.13264539073724968,0.12967527960288225,0.096962505049963,0.09158827745678885,0.0734180894682888,0.07193303390110509,0.05557664662464546,0.05288953282805839
R01,14,170,230,141,0.05237443372607231,0.06459124386310577,0.03254886716604233,0.06268822401762009,0,1.0367170626349889,0.014190788199327928,0.12134989074752195,0.11963960495696575,0.0960872019865826,0.09371714590581887,0.06777033947342494,0.06691519657814685,0.055138995092955265,0.053953967052573396
R01,14,171,230,141,0.04994829744100571,0.061203815042972565,0.03168850392103195,0.06240493804216385,0,1.0367170626349889,0.014190788199327928,0.11156929497760586,0.1066647156184289,0.09167973255184172,0.0925598630302056,0.0628800415884669,0.06042775190887841,0.052935260375584825,0.05337532561476676
R01,14,172,230,141,0.055606454610824585,0.06745634973049164,0.03304556757211685,0.06534777581691742,0,1.0367170626349889,0.014190788199327928,0.13437928649427439,0.13061383749333014,0.09863169917505844,0.10458197516246079,0.07428503734680116,0.07240231284632903,0.056411243687193184,0.05938638168089436
R01,14,173,230,141,0.05520815774798393,0.06748316437005997,0.035313770174980164,0.06715897470712662,0,1.0367170626349889,0.014190788199327928,0.13277361387157455,0.13071654577135622,0.11025124905924624,0.11198110410484176,0.07348220103545124,0.07245366698534207,0.062221018629287084,0.06308594615208485
R01,14,174,230,141,0.05727894976735115,0.06893492490053177,0.037409961223602295,0.06991583108901978,0,1.0367170626349889,0.014190788199327928,0.14112169381649117,0.13627723301501804,0.12098961803276982,0.12324344307574146,0.07765624100790955,0.07523401060717298,0.06759020311604888,0.0687171156375347
R01,14,175,230,141,0.057817649096250534,0.06950584799051285,0.03637697547674179,0.06781447678804398,0,1.0367170626349889,0.014190788199327928,0.14329337741477893,0.13846404322023698,0.11569783792452526,0.1146589681676595,0.07874208280705343,0.07632741570978245,0.06494431306192659,0.06442487818349371
R01,14,176,230,141,0.057041097432374954,0.06884638220071793,0.03688572719693184,0.06858231872320175,0,1.0367170626349889,0.014190788199327928,0.14016282866301566,0.13593808737009946,0.11830407159340128,0.11779576419614177,0.07717680843117179,0.0750644377847137,0.0662474298963646,0.06599327619773485
R01,14,177,230,141,0.06066427007317543,0.07223573327064514,0.03635821491479874,0.06820132583379745,0,1.0367170626349889,0.014190788199327928,0.1547690926319485,0.14892033951378517,0.11560173130465032,0.11623932799795754,0.08447994041563821,0.08155556385655655,0.06489625975198912,0.06521505809864274
R01,14,178,230,141,0.060377344489097595,0.07328777760267258,0.037828076630830765,0.06938832253217697,0,2.145572354211663,0.035809632892310025,0.1536123962125487,0.1529499913565519,0.12313153993406105,0.12108845951684673,0.09471101455242936,0.09437981212443097,0.07947058641318554,0.07844904620457838
R01,14,179,230,141,0.059046123176813126,0.07176917046308517,0.034881591796875,0.06818248331546783,0,3.6,0.06416594379268817,0.1482457819724941,0.1471332611369384,0.10803728536088833,0.1161623523419577,0.10620586288259114,0.10564960246481328,0.08610161457678825,0.09016414806732292
R01,14,180,230,150,0.052277423441410065,0.06390025466680527,0.03458717092871666,0.06644481420516968,0,3.6,0.06416594379268817,0.12095880868603756,0.1169929048099879,0.10652902593106794,0.10906360803740292,0.09256237623936286,0.09057942430133803,0.08534748486187806,0.08661477591504554
R01,14,181,230,150,0.048617828637361526,0.06030956283211708,0.031441934406757355,0.06408929824829102,0,2.145572354211663,0.035809632892310025,0.10620571436054652,0.1032394559029685,0.09041660607124563,0.09944082923326615,0.07100767362642826,0.06952454439763926,0.06311311948177784,0.06762523106278809
R01,14,182,230,150,0.04637708142399788,0.05756266787648201,0.03127777576446533,0.0630519688129425,0,1.0367170626349889,0.014190788199327928,0.09717248615676731,0.09271800734525427,0.08957565406342023,0.09520312000687393,0.05568163717804762,0.0534543977722911,0.05188322113137408,0.05469695410310093
R01,14,183,230,150,0.04788303002715111,0.05983547121286392,0.031135857105255127,0.06417364627122879,0,1.0367170626349889,0.014190788199327928,0.10324348663121392,0.10142353987262204,0.08884863305651886,0.09978540867240186,0.058717137415270924,0.05780716403597498,0.05151971062792339,0.056988098435864894
R01,14,184,230,150,0.0502321794629097,0.061768390238285065,0.032391563057899475,0.06437083333730698,0,1.945572354211663,0.031910324324779554,0.11271372174360395,0.10882721144385393,0.0952813643911023,0.10059095936899808,0.07231202303419175,0.07036876788431674,0.06359584435794093,0.06625064184688881
R01,14,185,230,150,0.05013427138328552,0.06076590344309807,0.03127072751522064,0.06416317075490952,0,3.2,0.05636732665762723,0.1123190203596351,0.10498738013770587,0.089539547287248,0.09974261398187764,0.08434317350863117,0.08067735339766655,0.07295343697243761,0.07805497031975243
R01,14,186,230,158,0.052516449242830276,0.06313420832157135,0.03293287754058838,0.0652555525302887,0,3.2,0.05636732665762723,0.1219224044892334,0.11405871280615125,0.09805441060253726,0.10420522361245445,0.08914486557343032,0.08521301973188924,0.07721086863008225,0.08028627513504084
R01,14,187,230,158,0.05174608528614044,0.06216826289892197,0.03114486113190651,0.06309495866298676,0,1.945572354211663,0.031910324324779554,0.11881680052853522,0.11035884614284255,0.08889475889056128,0.0953787425988546,0.07536356242665739,0.07113458523381105,0.06040254160767042,0.06364453346181707
R01,14,188,230,158,0.048251841217279434,0.05863020941615105,0.03092547133564949,0.06231038272380829,0,1.3455723542116629,0.020212398622188155,0.10473029229348026,0.09680701823728309,0.08777086868848137,0.0921735846394211,0.062471345457834206,0.05850970842973562,0.05399163365533476,0.05619299163080463
R01,14,189,230,158,0.05257291719317436,0.0630161315202713,0.032734476029872894,0.06512226164340973,0,2.0,0.032971475252444434,0.12215004635736368,0.11360644251158125,0.09703803920434444,0.10366070226574145,0.07756076080490405,0.07328895888201284,0.06500475722839444,0.06831608875909294
R01,14,190,230,163,0.05451970174908638,0.06772218644618988,0.035275112837553024,0.06783564388751984,0,2.0,0.032971475252444434,0.12999820926135666,0.1316320734922106,0.1100532152239718,0.1147454402272465,0.08148484225690054,0.08230177437232751,0.07151234523820811,0.07385845773984547
R01,14,191,230,163,0.05463873967528343,0.0673774927854538,0.03359997272491455,0.06549976766109467,0,1.3455723542116629,0.020212398622188155,0.130478092376163,0.13031179125420034,0.10147180628050463,0.10520289385854492,0.07534524549917558,0.07526209493819425,0.06084210245134639,0.06270764624036654
R01,14,192,230,163,0.0541704036295414,0.0676785260438919,0.03371864929795265,0.06527658551931381,0,1.0367170626349889,0.014190788199327928,0.12859006754586869,0.13146484078611642,0.1020797627120685,0.10429114780260373,0.0713904278725983,0.07282781449272217,0.058135275455698215,0.05924096800096583
R01,14,193,230,163,0.05235808715224266,0.06570586562156677,0.03357541188597679,0.06578535586595535,0,1.0367170626349889,0.014190788199327928,0.12128399204602072,0.12390894749913263,0.10134598599757465,0.10636958182617241,0.06773739012267432,0.06904986784923028,0.057768387098451286,0.06028018501275017
R01,14,194,230,163,0.05199563130736351,0.0661281943321228,0.035560838878154755,0.06793728470802307,0,1.0367170626349889,0.014190788199327928,0.11982280698192237,0.12552659574354236,0.11151693278508922,0.11516066438665727,0.06700679759062515,0.06985869197143514,0.06285386049220858,0.0646757262929926
R01,14,195,230,163,0.050758734345436096,0.06430013477802277,0.033025890588760376,0.06373724341392517,0,1.0367170626349889,0.014190788199327928,0.11483644687177001,0.11852456804698097,0.09853089791092433,0.0980026110848658,0.06451361753554898,0.06635767812315445,0.05636084305512613,0.05609669964209686
R01,14,196,230,163,0.04743674397468567,0.0608191080391407,0.03218529373407364,0.06311934441328049,0,1.945572354211663,0.031910324324779554,0.10144435296185529,0.10519117002750422,0.09422468775439163,0.09547836352494692,0.06667733864331743,0.06855074717614189,0.0630675060395856,0.06369434392486323
R01,14,197,230,163,0.054550349712371826,0.06891869753599167,0.03908069059252739,0.07249275594949722,0,3.2,0.05636732665762723,0.13012176181770366,0.13621507724131957,0.1295484316152497,0.1337707238843651,0.09324454423766544,0.0962912019494734,0.09295787913643846,0.09506902527099616
R01,14,198,230,171,0.05633178725838661,0.07036364078521729,0.035866860300302505,0.06890366226434708,0,3.2,0.05636732665762723,0.13730335364919616,0.141749652210907,0.11308461954101971,0.11910852024330394,0.09683534015341169,0.09905848943426711,0.08472597309932348,0.08773792345046559
R01,14,199,230,171,0.05987158045172691,0.07445581257343292,0.03843987360596657,0.07316108793020248,0,1.945572354211663,0.031910324324779554,0.15157348618307873,0.1574239228526418,0.12626565390721836,0.13650100079005817,0.09174190525392914,0.09466712358871068,0.07908798911599896,0.08420566255741886
R01,14,200,230,171,0.058745503425598145,0.07273765653371811,0.03873151168227196,0.07252078503370285,0,1.0367170626349889,0.014190788199327928,0.14703387962175468,0.15084285925976554,0.12775965764898342,0.13388522859684884,0.0806123339105413,0.08251682372954673,0.07097522292415567,0.07403800839808838
R01,14,201,230,171,0.0575123205780983,0.0717136487364769,0.038852617144584656,0.07248339056968689,0,1.0367170626349889,0.014190788199327928,0.14206249239341562,0.1469205959277552,0.1283800567962261,0.13373246433529756,0.07812664029637177,0.08055569206354156,0.07128542249777702,0.07396162626731274
R01,14,202,230,171,0.05853606015443802,0.07112537324428558,0.03511527180671692,0.06786058843135834,0,1.0367170626349889,0.014190788199327928,0.14618954124531847,0.1446673207101654,0.10923438147913984,0.11484734394266266,0.0801901647223232,0.07942905445474666,0.061712584839233885,0.06451906607099529
R01,14,203,230,171,0.06344808638095856,0.07639811187982559,0.04228421300649643,0.07603035867214203,0,1.0367170626349889,0.014190788199327928,0.1659916204724979,0.16486352377147992,0.1459594384835238,0.14822257609853226,0.09009120433591292,0.08952715598540392,0.08007511334142586,0.08120668214893009
R01,14,204,230,171,0.06971897184848785,0.08232788741588593,0.04723244532942772,0.08044727146625519,0,2.145572354211663,0.035809632892310025,0.19127173200409786,0.18757637929348034,0.17130824649664797,0.16626659515550102,0.11354068244820395,0.11169300609289518,0.10355893969447899,0.10103811402390553
R01,14,205,230,171,0.056217923760414124,0.06934706121683121,0.03710149973630905,0.06916725635528564,0,3.6,0.06416594379268817,0.1368443304469662,0.1378558412693362,0.11940943130940126,0.12018535762314514,0.10050513711982718,0.10101089253101218,0.09178768755104472,0.09217565070791665
R01,14,206,230,180,0.06187286972999573,0.07511691004037857,0.038772352039813995,0.07084992527961731,0,3.6,0.06416594379268817,0.15964137650313015,0.15995612852575453,0.127968874661233,0.12705941458385223,0.11190366014790916,0.11206103615922135,0.09606740922696058,0.0956126791882702
R01,14,207,230,180,0.06145869567990303,0.07454252988100052,0.03949567303061485,0.07346345484256744,0,2.145572354211663,0.035809632892310025,0.15797169743881723,0.15775607668646943,0.13167430394002885,0.13773623331178278,0.09689066516556363,0.09678285478938972,0.08374196841616943,0.0867729331020464
R01,14,208,230,180,0.059116750955581665,0.07131948322057724,0.0389249250292778,0.07142068445682526,0,1.0367170626349889,0.014190788199327928,0.14853050701391657,0.14541082134017752,0.1287504756786273,0.12939108603641208,0.08136064760662225,0.07980080476975272,0.07147063193897761,0.07179093711787
R01,14,209,230,180,0.05707097426056862,0.06959860026836395,0.038644853979349136,0.07119172066450119,0,1.0367170626349889,0.014190788199327928,0.1402832725066893,0.1388193128376715,0.12731572750769457,0.1284557207202669,0.0772370303530086,0.0765050505184997,0.07075325785351125,0.07132325445979741
R01,14,210,230,180,0.05772397667169571,0.07035712897777557,0.03883165121078491,0.07187693566083908,0,1.0367170626349889,0.014190788199327928,0.14291575142361018,0.14172470999501513,0.12827265249585754,0.13125496830073088,0.07855326981146905,0.07795774909717153,0.07123172034759273,0.0727228782500294
R01,14,211,230,180,0.05739935114979744,0.07145676016807556,0.03755757212638855,0.07186195254325867,0,1.3455723542116629,0.020212398622188155,0.14160707349573448,0.1459366340722227,0.12174579926905343,0.13119375910966102,0.08090973605896132,0.08307451634720543,0.0709790989456208,0.07570307886592459
R01,14,212,230,180,0.05230053514242172,0.06507892161607742,0.03372044116258621,0.068281389772892,0,2.0,0.032971475252444434,0.12105197995862499,0.12150756003843213,0.10208894207746959,0.11656640605227715,0.07701172760553471,0.07723951764543828,0.06753020866495701,0.0747689406523608
R01,14,213,230,185,0.04966440424323082,0.06218406930565834,0.03216905891895294,0.0665372833609581,0,2.0,0.032971475252444434,0.1104248231578009,0.11041938951928944,0.09414152003210907,0.10944136401471176,0.07169814920512267,0.07169543238586694,0.06355649764227675,0.0712064196335781
R01,14,214,230,185,0.050264205783605576,0.06261135637760162,0.03116959147155285,0.0653020590543747,0,1.3455723542116629,0.020212398622188155,0.1128428309361304,0.11205602980566261,0.08902144749184003,0.1043952125585798,0.06652761477915928,0.06613421421392537,0.05461692305701409,0.062303805590383975
R01,14,215,230,185,0.05683257430791855,0.06936389207839966,0.032670266926288605,0.06778797507286072,0,1.0367170626349889,0.014190788199327928,0.13932219971667764,0.13792030862139534,0.09670910876348576,0.11455070307932756,0.07675649395800278,0.07605554841036163,0.055449948481406844,0.06437074563932775
R01,14,216,230,185,0.0544121116399765,0.06727641075849533,0.03190116956830025,0.0662466362118721,0,1.0367170626349889,0.014190788199327928,0.12956447626271103,0.12992461614778747,0.0927691762787679,0.10825400919440578,0.07187763223101948,0.0720577021735577,0.053479982239047916,0.06122239869686685
R01,14,217,230,185,0.050972744822502136,0.06332701444625854,0.03112906962633133,0.06547924876213074,0,1.0367170626349889,0.014190788199327928,0.11569919723727654,0.11479721928538411,0.0888138621547293,0.10511906983457356,0.06494499271830223,0.06449400374235602,0.051502325177028616,0.05965492901695074
R01,14,218,230,185,0.051887787878513336,0.06446521729230881,0.030198080465197563,0.06589818745851517,0,1.0367170626349889,0.014190788199327928,0.11938805276365458,0.11915688461164449,0.08404459022735561,0.10683052264644192,0.06678942048149125,0.06667383640548621,0.04911768921334177,0.060510655422884925
R01,14,219,230,185,0.05236492678523064,0.06363701820373535,0.031447675079107285,0.06695529818534851,0,1.0367170626349889,0.014190788199327928,0.12131156497581932,0.11598462857466152,0.09044601439158464,0.11114904261489804,0.06775117658757362,0.06508770838699472,0.052318401295456285,0.06266991540711299
R01,14,220,230,185,0.05353362485766411,0.06557881087064743,0.033552009612321854,0.06996426731348038,0,1.0367170626349889,0.014190788199327928,0.12602299173857354,0.12342228890919685,0.10122610081368777,0.1234413152543318,0.07010688996895073,0.06880653855426239,0.05770844450650785,0.06881605172682986
R01,15,10,228,0,0.02852189727127552,0.04212845861911774,0.019676096737384796,0.047915633767843246,0,1.0367170626349889,0.014190788199327928,0.025192053866091194,0.03360026117981675,0.030142564609540665,0.033368003323010764,0.01969142103270956,0.023895524689572338,0.022166676404434295,0.023779395761169345
R01,15,11,228,0,0.02620050683617592,0.04008011147379875,0.01930387318134308,0.04726758599281311,0,1.0367170626349889,0.014190788199327928,0.015833724900974736,0.02575446457459788,0.02823573751568376,0.030720591669773034,0.015012256550151332,0.019972626386962906,0.021213262857505844,0.02245568993455048
R01,15,12,228,0,0.0256362222135067,0.03922306373715401,0.018002932891249657,0.045878369361162186,0,1.0367170626349889,0.014190788199327928,0.013558898120847766,0.022471709384373175,0.021571279685502345,0.025045349131777604,0.013874843160087847,0.018331248791850552,0.017881033942415137,0.019618068665552768
R01,15,13,228,0,0.024860695004463196,0.03959755226969719,0.01796048879623413,0.045444075018167496,0,1.0367170626349889,0.014190788199327928,0.010432479301380053,0.02390611510219067,0.021353847045799203,0.023271165269290156,0.01231163375035399,0.0190484516507593,0.017772317622563566,0.01873097673430904
R01,15,14,228,0,0.027215225622057915,0.040619056671857834,0.01917186751961708,0.04745640605688095,0,1.0367170626349889,0.014190788199327928,0.019924407821773387,0.027818789664704847,0.027559498819244486,0.03149196140089363,0.017057598010550658,0.021004788932016388,0.02087514350928621,0.02284137480011078
R01,15,15,228,0,0.027399545535445213,0.04196276515722275,0.01979849673807621,0.04911680892109871,0,1.0367170626349889,0.014190788199327928,0.02066746524038729,0.0329656044987881,0.03076959541889743,0.03827505681634348,0.017429126719857607,0.023578196349058014,0.02248019180911268,0.026232922507835703
R01,15,16,228,0,0.029180647805333138,0.04371355101466179,0.021826861426234245,0.052264101803302765,0,1.0367170626349889,0.014190788199327928,0.02784770545767399,0.03967165028216595,0.04116050346548238,0.05113241112500028,0.02101924682850096,0.026931219240746943,0.027675645832405157,0.0326615996621641
R01,15,17,228,0,0.029210060834884644,0.044978078454732895,0.021111497655510902,0.05246061086654663,0,1.0367170626349889,0.014190788199327928,0.027966279568362905,0.044515177473925714,0.03749583743927842,0.051935192037216894,0.021078533883845417,0.029352982836626823,0.025843312819303174,0.03306299011827241
R01,15,18,228,0,0.02768394723534584,0.04145903140306473,0.019545089453458786,0.049918316304683685,0,1.0367170626349889,0.014190788199327928,0.0218139870084044,0.031036150017725667,0.02947144040359513,0.041549383292289285,0.018002387603866164,0.022613469108526796,0.021831114301461528,0.027870085745808605
R01,15,19,228,0,0.02945725992321968,0.04369345307350159,0.02010805532336235,0.050493065267801285,0,1.0367170626349889,0.014190788199327928,0.02896282472230936,0.03959466901515418,0.03235540235663317,0.043897353860621345,0.021576806460818644,0.026892728607241054,0.02327309527798055,0.02904407102997464
R01,15,20,228,0,0.02588106319308281,0.040223658084869385,0.017322208732366562,0.04654967412352562,0,1.0367170626349889,0.014190788199327928,0.014545936921546664,0.02630429203739021,0.018084065487119484,0.0277877704766735,0.014368362560437296,0.020247540118359067,0.016137426843223706,0.020989279338000714
R01,15,21,228,0,0.029337096959352493,0.04245983064174652,0.017648112028837204,0.046276722103357315,0,1.0367170626349889,0.014190788199327928,0.028478406190945722,0.034869517465865155,0.01975360312277049,0.026672703984955748,0.021334597195136827,0.02453015283259654,0.01697219566104921,0.020431746092141836
R01,15,22,228,0,0.028511859476566315,0.042564962059259415,0.01738165318965912,0.04724394157528877,0,1.0367170626349889,0.014190788199327928,0.025151588038562694,0.03527220297769819,0.018388587594614376,0.030623999244183672,0.01967118811894531,0.024731495588513057,0.016289687896971154,0.0224073937217558
R01,15,23,228,0,0.03051014244556427,0.045239951461553574,0.017744960263371468,0.048487987369298935,0,1.745572354211663,0.02801101575724909,0.03320735888456866,0.045518231254437214,0.020249737326543032,0.0357061883344413,0.030609187320908875,0.036764623505843155,0.02413037654189606,0.031858602045845195
R01,15,24,228,0,0.02904663234949112,0.04478960484266281,0.017919648438692093,0.0490465946495533,0,2.8,0.04856870952256629,0.027307442732706817,0.04379326584428224,0.021144630033549626,0.0379882167285054,0.037938076127636555,0.04618098768342427,0.03485666977805796,0.04327846312553585
R01,15,25,228,7,0.031246762722730637,0.04580720141530037,0.017575690522789955,0.04778923839330673,0,3.108855291576674,0.05459031994542652,0.036176930384419506,0.04769097222346085,0.01938260218081684,0.03285165159655394,0.04538362516492302,0.051140646084443686,0.03698646106312168,0.043720985770990234
R01,15,26,228,7,0.033155594021081924,0.04738457128405571,0.01748492754995823,0.04707701504230499,0,2.708855291576674,0.04679170281036559,0.043872090560314374,0.05373278168419459,0.01891764155996044,0.02994206919877108,0.04533189668533998,0.05026224224728009,0.03285467218516302,0.038366886004568335
R01,15,27,228,12,0.029194148257374763,0.04399850219488144,0.017272839322686195,0.04875679314136505,0,2.0,0.032971475252444434,0.027902130456361425,0.04076310053147039,0.01783115584059595,0.036804316529376165,0.03043680285440293,0.03686728789195741,0.02540131554652019,0.0348878958909103
R01,15,28,228,12,0.026417849585413933,0.04077199473977089,0.01650557480752468,0.04691703990101814,0,1.3455723542116629,0.020212398622188155,0.01670990880989348,0.02840458928211009,0.01390061264439645,0.02928853705254704,0.018461153716040818,0.024308493952149124,0.017056505633292304,0.024750467837367597
R01,15,29,228,12,0.027901507914066315,0.0418858639895916,0.017865480855107307,0.04851917549967766,0,1.0367170626349889,0.014190788199327928,0.02269104946655692,0.032671049485827205,0.020867140298384528,0.03583359841590248,0.018440918832942424,0.023430918842577565,0.01752896424885623,0.025012193307615206
R01,15,30,228,12,0.029156837612390518,0.04339748993515968,0.017876293510198593,0.049344174563884735,0,1.545572354211663,0.024111707189718626,0.027751718322157788,0.038461039595268316,0.020922531375466933,0.039203893355022466,0.025931712755938207,0.031286373392493474,0.022517119282592778,0.03165780027237054
R01,15,31,228,12,0.02654244378209114,0.04073677584528923,0.016634896397590637,0.04619467630982399,0,2.4,0.04077009238750536,0.017212191175677287,0.0282696901350611,0.014563101376653856,0.026337529637834256,0.028991141781591324,0.03451989126128323,0.02766659688207961,0.03355381101266981
R01,15,32,228,18,0.02923927828669548,0.044139351695775986,0.017724910750985146,0.049182821065187454,0,2.4,0.04077009238750536,0.02808406523743176,0.04130259723665076,0.020147027670433644,0.038544730328466295,0.034427078812468564,0.04103634481207806,0.030458560028969503,0.039657411357985825
R01,15,33,228,18,0.02899826318025589,0.04419707879424095,0.018003307282924652,0.04906915873289108,0,1.6544276457883371,0.026234009045048384,0.02711244985661476,0.04152370969515204,0.0215731976194375,0.03808039576140201,0.026673229450831573,0.03387885937010021,0.023903603332242944,0.0321572024032252
R01,15,34,228,18,0.03073461540043354,0.045412205159664154,0.018297776579856873,0.04871731251478195,0,1.6,0.025172858117383505,0.03411228712226438,0.046178015648386674,0.023081705140214664,0.03664302985434922,0.02964257261982394,0.03567543688288509,0.024127281628799083,0.03090794398586636
R01,15,35,228,22,0.03076023794710636,0.045660350471735,0.018597470596432686,0.04889233782887459,0,1.6,0.025172858117383505,0.03421558048345979,0.04712848815569365,0.024616977858445084,0.037358045126361976,0.029694219300421647,0.03615067313653858,0.024894917987914295,0.03126545162187274
R01,15,36,228,22,0.03045029193162918,0.045536287128925323,0.01823412999510765,0.048527587205171585,0,1.454427645788337,0.022334700477517917,0.03296608073089529,0.046653287574545725,0.02275565637123865,0.035867962004524,0.027650390604206605,0.03449399402603182,0.02254517842437828,0.02910133124102096
R01,15,37,228,22,0.03066292591392994,0.04668181389570236,0.018679775297641754,0.049385182559490204,0,2.0,0.032971475252444434,0.03382328196919016,0.051041005759183335,0.025038608439502823,0.039371419654201247,0.0333973786108173,0.042006240505813884,0.029005041845973627,0.03617144745332284
R01,15,38,228,27,0.027029341086745262,0.04193860664963722,0.01770135574042797,0.0455874428153038,0,1.908855291576674,0.03119446854024373,0.01917504287019902,0.03287307001934948,0.020026360045836904,0.02385685291680971,0.025184755705221377,0.032033769279796606,0.02561041429304032,0.02752566072852672
R01,15,39,228,27,0.027264771983027458,0.04190128296613693,0.017418164759874344,0.04421743378043175,0,1.508855291576674,0.023395851405182796,0.020124146365521414,0.03273010888604254,0.01857562909211124,0.018260077457172362,0.021759998885352107,0.02806298014561267,0.020985740248647015,0.020827964431177577
R01,15,40,228,30,0.035707999020814896,0.04915473610162735,0.019858436658978462,0.04734667018055916,0,1.2,0.01737424098232257,0.05416171925807554,0.06051305481715451,0.03107665568771944,0.03104366723347818,0.03576798012019905,0.03894364789973854,0.024225448335021004,0.024208954107900374
R01,15,41,228,30,0.0370519645512104,0.049538031220436096,0.021060660481452942,0.048747286200523376,0,0.945572354211663,0.012413781487127224,0.05957970985588669,0.061981192456235366,0.037235408728372305,0.03676547867367992,0.03599674567150696,0.03719748697168129,0.024824595107749765,0.024589630080403574
R01,15,42,228,30,0.034061819314956665,0.04868151247501373,0.020518409088253975,0.04994087666273117,0,1.545572354211663,0.024111707189718626,0.047525398633079516,0.058700463464326814,0.03445756291111952,0.041641547106590404,0.03581855291139907,0.041406085327022724,0.02928463505041907,0.032876627148154515
R01,15,43,228,30,0.03111814521253109,0.0444667711853981,0.019391464069485664,0.04735150560736656,0,2.4,0.04077009238750536,0.03565842864816593,0.04255671411133689,0.02868444817887068,0.031063420970427132,0.03821426051783565,0.041663403249421124,0.03472727028318802,0.035916756678966245
R01,15,44,228,36,0.03280850872397423,0.04598492011427879,0.021517205983400345,0.050296638160943985,0,2.708855291576674,0.04679170281036559,0.04247286949858477,0.04837168924367653,0.03957420034583307,0.04309490775750556,0.044632286154475176,0.04758169602702106,0.04318295157809933,0.04494330528393557
R01,15,45,228,36,0.03190237283706665,0.04557015746831894,0.020358437672257423,0.049677930772304535,0,2.708855291576674,0.04679170281036559,0.03881992185627451,0.046783021342788736,0.033638061229096225,0.04056735776236486,0.04280581233332005,0.04678736207657716,0.040214882019730905,0.043679530286365224
R01,15,46,228,41,0.04768015816807747,0.06010499596595764,0.02023797482252121,0.04946614429354668,0,1.6544276457883371,0.026234009045048384,0.10242563989321167,0.1024559021837067,0.0330209540580109,0.039702165390034495,0.06432982446913002,0.06434495561437754,0.029627481551529642,0.032968087217541436
R01,15,47,228,42,0.04369726777076721,0.05636873468756676,0.01997189037501812,0.049781959503889084,0,1.4,0.021273549549853034,0.0863692290428613,0.088144877745686,0.031657856463789935,0.040992337041486165,0.05382138929635717,0.05470921364776951,0.026465703006821484,0.0311329432956696
R01,15,48,228,42,0.04383015260100365,0.05661635845899582,0.020834023132920265,0.05066925287246704,0,0.8367170626349889,0.010291479631797463,0.08690493382436777,0.08909335259268127,0.03607439076041338,0.04461711733442769,0.04859820672808262,0.04969241611223937,0.023182935196105422,0.027454298483112576
R01,15,49,228,42,0.03920118883252144,0.051577504724264145,0.019719548523426056,0.04825109988451004,0,1.0367170626349889,0.014190788199327928,0.06824397741735,0.0697930002981508,0.03036515944953693,0.0347384530656841,0.04121738280833896,0.041991894248739364,0.02227797382443243,0.024464620632506012
R01,15,50,228,42,0.035531263798475266,0.04654601588845253,0.018590794876217842,0.044679347425699234,0,1.0367170626349889,0.014190788199327928,0.053449238356384265,0.05052085782102205,0.024582779474248126,0.02014709198663941,0.033820013277856095,0.03235582301017499,0.019386783836788025,0.01716894009298367
R01,15,51,228,42,0.03692740574479103,0.04881579056382179,0.02190179005265236,0.049439430236816406,0,1.0367170626349889,0.014190788199327928,0.05907757016049127,0.059214789649579706,0.04154434788542965,0.03959303284175951,0.0366341791799096,0.03670278892445382,0.02786756804237879,0.026891910520543717
R01,15,52,228,42,0.03660144284367561,0.0485607273876667,0.021077385172247887,0.04962034523487091,0,1.945572354211663,0.031910324324779554,0.05776350079372793,0.05823781960513818,0.03732108598610234,0.04033210871324553,0.04483691255925375,0.04507407196495887,0.03461570515544095,0.03612121651901254
R01,15,53,228,42,0.03611108660697937,0.047814756631851196,0.021543024107813835,0.050414834171533585,0,3.2,0.05636732665762723,0.05578670494598289,0.05538052325429994,0.039706461451679616,0.043577763355283926,0.05607701580180506,0.05587392495596359,0.048036894054653424,0.04997254500645558
R01,15,54,228,50,0.054158858954906464,0.06772388517856598,0.0214176494628191,0.05035761743783951,0,3.2,0.05636732665762723,0.12854352696338184,0.13163858015722585,0.03906419213240027,0.04334402094711833,0.09245542681050453,0.09400295340742654,0.047715759395013754,0.04985567380237278
R01,15,55,228,50,0.051341328769922256,0.06379267573356628,0.02001441828906536,0.047610484063625336,0,1.945572354211663,0.031910324324779554,0.11718508680547003,0.11658084456369208,0.031875718491687514,0.03212140251045342,0.0745477055651248,0.07424558444423582,0.03189302140823354,0.03201586341761649
R01,15,56,228,50,0.051837556064128876,0.06478390842676163,0.023110218346118927,0.05330069363117218,0,1.0367170626349889,0.014190788199327928,0.11918555091975244,0.12037756921411401,0.04773488519443074,0.055367107069485035,0.06668816955954018,0.06728417870672097,0.030962836696879333,0.03477894763440648
R01,15,57,228,50,0.057378899306058884,0.06933200359344482,0.02634309232234955,0.05681999772787094,0,1.0367170626349889,0.014190788199327928,0.14152462502917984,0.13779816596233682,0.06429625426643688,0.06974420554259421,0.07785770661425388,0.07599447708083237,0.039243521232882404,0.04196749687096107
R01,15,58,228,50,0.05707395449280739,0.06977522373199463,0.024281246587634087,0.055818039923906326,0,1.0367170626349889,0.014190788199327928,0.1402952868551854,0.1394958347712326,0.05373382949107394,0.06565099688040099,0.07724303752725667,0.07684331148528026,0.033962308845200934,0.03992089253986446
R01,15,59,228,50,0.05895267799496651,0.07252594083547592,0.026586445048451424,0.059230804443359375,0,1.0367170626349889,0.014190788199327928,0.1478690720753982,0.15003192332523116,0.06554290178232647,0.07959285874102708,0.08102993013736307,0.08211135576227954,0.0398668449908272,0.0468918234701775
R01,15,60,228,50,0.0644807368516922,0.0774242952466011,0.031395964324474335,0.0649164468050003,0,1.0367170626349889,0.014190788199327928,0.17015459222640414,0.16879412020079054,0.0901811105014965,0.10281990530198518,0.09217269021286603,0.09149245420005923,0.052185949350412215,0.05850534675065655
R01,15,61,228,50,0.0590129978954792,0.07075757533311844,0.029525503516197205,0.06220751255750656,0,2.345572354211663,0.03970894145984048,0.1481122424889597,0.1432585421203466,0.08059911256147205,0.09175333834349789,0.0939105919744001,0.09148374179009355,0.060154027010656266,0.06573113990166918
R01,15,62,228,50,0.05121583119034767,0.06276366114616394,0.02883034572005272,0.06011417880654335,0,4.0,0.0719645609277491,0.11667916259029834,0.11263940369268935,0.07703795771600709,0.08320162907151075,0.09432186175902371,0.09230198231021922,0.0745012593218781,0.07758309499962993
R01,15,63,228,60,0.06966292858123779,0.08426427841186523,0.028210686519742012,0.05979236587882042,0,4.0,0.0719645609277491,0.19104580218062828,0.1949933495747873,0.07386356713021158,0.08188695548131654,0.1315051815541887,0.1334789552512682,0.07291406402898035,0.07692575820453282
R01,15,64,228,60,0.06410261243581772,0.07876347005367279,0.025051092728972435,0.05590270459651947,0,2.345572354211663,0.03970894145984048,0.16863024172508745,0.1739235696591642,0.0576775978436621,0.06599686990015353,0.10416959159246397,0.10681625555950233,0.04869326965175129,0.05285290567999701
R01,15,65,228,60,0.06900949031114578,0.08445102721452713,0.02862834371626377,0.06180298328399658,0,1.0367170626349889,0.014190788199327928,0.18841156616523982,0.19570865465639992,0.07600314170937322,0.09010075105899358,0.10130117718228387,0.10494972142786392,0.045096964954350574,0.05214576962916075
R01,15,66,228,60,0.06540342420339584,0.07940234988927841,0.028586726635694504,0.060782287269830704,0,1.0367170626349889,0.014190788199327928,0.17387426455667473,0.17637067500299827,0.07578994569985519,0.08593099286147429,0.09403252637800133,0.0952807316011631,0.044990366949591555,0.05006089053040111
R01,15,67,228,60,0.06475649774074554,0.07838325947523117,0.028682662174105644,0.05779220908880234,0,1.0367170626349889,0.014190788199327928,0.1712662798927503,0.17246724675392686,0.0762814043432883,0.07371589371978177,0.09272853404603912,0.09332901747662739,0.04523609627130811,0.043953340959554846
R01,15,68,228,60,0.06925251334905624,0.08305426687002182,0.03255032002925873,0.06468941271305084,0,1.0367170626349889,0.014190788199327928,0.18939127621335608,0.1903586349616096,0.09609464471528618,0.101892423218305,0.101791032206342,0.10227471158046876,0.055142716457307055,0.05804160570881646
R01,15,69,228,60,0.06437838077545166,0.07795066386461258,0.030823148787021637,0.0636831670999527,0,1.0367170626349889,0.014190788199327928,0.16974195942730483,0.17081027313938096,0.08724669066463214,0.09778169795270018,0.09196637381331638,0.09250053066935444,0.050718739431980034,0.055986243076014054
R01,15,70,228,60,0.06645438075065613,0.07889918982982635,0.033972568809986115,0.06553031504154205,0,1.0367170626349889,0.014190788199327928,0.17811103444621842,0.17444341794827872,0.1033805417663368,0.10532768634158143,0.09615091132277317,0.09431710307380332,0.058785664982832365,0.05975923727045468
R01,15,71,228,60,0.061319105327129364,0.07384644448757172,0.0303999874740839,0.06306806951761246,0,1.545572354211663,0.024111707189718626,0.1574089603731945,0.15508985654444576,0.0850789195940358,0.09526889477659148,0.09076033378145656,0.0896007818670822,0.05459531339187721,0.05969030098315505
R01,15,72,228,60,0.05882465839385986,0.0709952861070633,0.028991134837269783,0.062392398715019226,0,2.4,0.04077009238750536,0.14735298071781167,0.14416904715241727,0.07786164831841612,0.09250863723777865,0.09406153655265852,0.09246956976996132,0.05931587035296074,0.066639364812642
R01,15,73,228,66,0.05796043574810028,0.07029511779546738,0.030299527570605278,0.0632275715470314,0,2.4,0.04077009238750536,0.14386899986916374,0.14148718818395342,0.08456428353006294,0.095920494161188,0.09231954612833455,0.0911286402857294,0.06266718795878415,0.06834529327434669
R01,15,74,228,66,0.058844953775405884,0.07111284881830215,0.03200847655534744,0.06623353064060211,0,1.545572354211663,0.024111707189718626,0.14743479843107027,0.14461934832468,0.09331888858724634,0.10820047017546401,0.08577325281039444,0.08436552775719933,0.05871529788848248,0.06615608868259132
R01,15,75,228,66,0.05382494255900383,0.06487655639648438,0.029216740280389786,0.05834869295358658,0,1.0367170626349889,0.014190788199327928,0.12719739430406946,0.12073243929948617,0.07901738004060352,0.07598924751441528,0.07069409125169869,0.06746161374940705,0.04660408411996572,0.045090017856871605
R01,15,76,228,66,0.048472847789525986,0.05995281785726547,0.028353750705718994,0.06015749275684357,0,1.0367170626349889,0.014190788199327928,0.10562124634208142,0.10187301344275565,0.07459645644243694,0.08337857568129924,0.05990601727070467,0.05803190082104179,0.04439362232088243,0.04878468194031358
R01,15,77,228,66,0.05059013143181801,0.06134903430938721,0.03055804781615734,0.061410922557115555,0,1.0367170626349889,0.014190788199327928,0.11415675012353754,0.10722094986322091,0.08588863122522591,0.08849910041360186,0.06417376916143273,0.060705869031274416,0.05003970971227692,0.05134494430646489
R01,15,78,228,66,0.04831145703792572,0.05801752954721451,0.028354056179523468,0.05873202160000801,0,1.0367170626349889,0.014190788199327928,0.10497062431720956,0.09446026678610772,0.07459802132385666,0.07755522577197314,0.059580706258268744,0.05432552749271782,0.044394404761592295,0.045873006985650534
R01,15,79,228,66,0.043157048523426056,0.05307922139763832,0.02687172032892704,0.055958617478609085,0,1.0367170626349889,0.014190788199327928,0.08419141812684053,0.07554503486166951,0.0670043101891538,0.06622528579989684,0.04919110316308423,0.04486791153049872,0.04059754919424086,0.04020803699961238
R01,15,80,228,66,0.043160684406757355,0.053158823400735855,0.026622548699378967,0.05525479465723038,0,1.0367170626349889,0.014190788199327928,0.08420607563200579,0.07584993490124459,0.0657278535906104,0.06335002133494902,0.049198431915666856,0.045020361550286256,0.03995932089496916,0.03877040476713847
R01,15,81,228,66,0.04343545436859131,0.05340595170855522,0.027998318895697594,0.057005252689123154,0,1.0367170626349889,0.014190788199327928,0.08531376852747699,0.07679651197094374,0.07277565011686563,0.07050101107782872,0.04975227836340246,0.04549365008513583,0.043483219158096775,0.04234589963857832
R01,15,82,228,66,0.039342720061540604,0.050107814371585846,0.025445131585001945,0.05380382016301155,0,1.0367170626349889,0.014190788199327928,0.06881453882743083,0.064163636346773,0.05969618037159121,0.057422484920882935,0.041502663513379376,0.03917721227305046,0.03694348428545957,0.03580663656010543
R01,15,83,228,66,0.042260073125362396,0.05238068476319313,0.028039652854204178,0.056571099907159805,0,2.145572354211663,0.035809632892310025,0.08057539958822021,0.07286942571618084,0.07298739574848245,0.06872740552196997,0.05819251624026512,0.05433952930424543,0.05439851432039624,0.05226851920714
R01,15,84,228,66,0.04476707801222801,0.05446222797036171,0.029015641659498215,0.05770626664161682,0,3.6,0.06416594379268817,0.09068200470457859,0.08084237340023974,0.07798719188450969,0.07336480072177537,0.07742397424863337,0.07250415859646395,0.07107656783859892,0.06876537225723177
R01,15,85,228,75,0.05366118252277374,0.0632113367319107,0.03014443628489971,0.06083594635128975,0,3.6,0.06416594379268817,0.1265372208721432,0.11435413822824796,0.08376978178291578,0.08615020151094477,0.09535158233241568,0.08926004101046806,0.07396786278780197,0.07515807265181647
R01,15,86,228,75,0.050440311431884766,0.06109947711229324,0.028674181550741196,0.05963633581995964,0,2.054427645788337,0.03403262618010931,0.11355277380670187,0.1062650694040701,0.07623795979997113,0.0812495398277188,0.0737926999934056,0.07014884779208971,0.05513529299004022,0.05764108300391406
R01,15,87,228,75,0.048127442598342896,0.05835266411304474,0.028960121795535088,0.06035041809082031,0,1.2,0.01737424098232257,0.1042287983693165,0.09574393476440486,0.07770277468647434,0.08416671630465229,0.06080151967581954,0.056559087873363716,0.047538507834398454,0.05077047864348743
R01,15,88,228,78,0.05209147930145264,0.061203885823488235,0.03113100863993168,0.060782287269830704,0,0.9088552915766741,0.0116979257025914,0.12020920344749328,0.10666498672947121,0.08882379533496063,0.08593099286147429,0.06595356457504234,0.059181456216031304,0.05026086051877601,0.048814459282032846
R01,15,89,228,78,0.047246675938367844,0.05788339301943779,0.03157208487391472,0.0630035549402237,0,0.708855291576674,0.007798617135060932,0.10067812286857948,0.09394648282293945,0.09108334097564803,0.09500533913985655,0.054238370001820205,0.05087254997900019,0.04944097905535448,0.05140197813745874
R01,15,90,228,80,0.07367079704999924,0.08680495619773865,0.03833755850791931,0.072787344455719,0,0.8,0.009575623847261638,0.20720290828931176,0.2047249232452534,0.12574151405120862,0.13497417997870187,0.1083892660682867,0.10715027354625752,0.06765856894923512,0.07227490191298175
R01,15,91,228,80,0.07043278962373734,0.0830029770731926,0.03345438838005066,0.06739693880081177,0,1.745572354211663,0.02801101575724909,0.19414937872001775,0.19016217933895566,0.10072600669656652,0.11295323754769622,0.11108019723863342,0.10908659754810238,0.0643685112269078,0.07048212665247265
R01,15,92,228,80,0.07668036967515945,0.09106586873531342,0.04374591261148453,0.07865587621927261,0,2.436717062634989,0.04148594817204119,0.21933553804637804,0.22104552261183813,0.1534474342447562,0.1589483682667569,0.1304107431092096,0.13126573539193967,0.0974666912083987,0.10021715821939904
R01,15,93,228,75,0.04738069325685501,0.058035943657159805,0.03222716227173805,0.06527344137430191,0,3.2,0.05636732665762723,0.10121839310251447,0.09453079846411314,0.09443917192849298,0.10427830330800827,0.07879285988007086,0.07544906256087018,0.07540324929306011,0.08032281498281775
R01,15,94,228,78,0.04557303339242935,0.056525636464357376,0.029514383524656296,0.06254182010889053,0,1.691144708423326,0.026949864829584207,0.0939310900221917,0.0887458595814602,0.08054214706101004,0.09311905510297312,0.060440477425887956,0.0578478622055222,0.053746005945297125,0.06003445996627867
R01,15,95,228,78,0.04435182735323906,0.055272869765758514,0.029344240203499794,0.060695208609104156,0,0.945572354211663,0.012413781487127224,0.08900798545687143,0.08394737962972938,0.07967053673610182,0.08557525819184275,0.05071088347199933,0.048180580558428304,0.04604215911161452,0.04899451983948499
R01,15,96,228,78,0.041148893535137177,0.05108838528394699,0.027390336617827415,0.05611341446638107,0,1.0367170626349889,0.014190788199327928,0.07609584975144115,0.06791952311282279,0.06966107807753516,0.06685766409838664,0.04514331897538454,0.04105515565607536,0.04192593313843154,0.040524226148857284
R01,15,97,228,78,0.039130810648202896,0.04949762299656868,0.027583811432123184,0.056013260036706924,0,0.745572354211663,0.008514472919596758,0.06796025857761408,0.061826416589084915,0.07065221099185495,0.06644851215857728,0.038237365748605416,0.035170444754340835,0.039583341955725854,0.037481492539087016
R01,15,98,228,78,0.040682971477508545,0.05152358114719391,0.025864645838737488,0.05541456490755081,0,0.8,0.009575623847261638,0.07421755654342868,0.06958645649092274,0.0618452682847496,0.06400271645842098,0.04189659019534516,0.03958104016909219,0.03571044606600562,0.03678917015284131
R01,15,99,228,80,0.03719145432114601,0.05071619898080826,0.02424490824341774,0.05459069833159447,0,0.8,0.009575623847261638,0.060142041437247676,0.06649393563838124,0.05354767539584558,0.060637047972330646,0.03485883264225466,0.03803477974282144,0.03156164962155361,0.035106335909796144
R01,15,100,228,80,0.03722528740763664,0.048791784793138504,0.025133460760116577,0.052818987518548965,0,0.745572354211663,0.008514472919596758,0.0602784343285499,0.05912284019923237,0.058099552851355644,0.053399236142167614,0.03439645362407333,0.033818656559414566,0.0333070128854762,0.030956854530882184
R01,15,101,228,80,0.03812720254063606,0.05013953894376755,0.02699904330074787,0.05577326938509941,0,1.145572354211663,0.01631309005465769,0.06391436664980253,0.06428515116973356,0.06765656039846385,0.06546809979977503,0.04011372835223011,0.04029912061219562,0.041984825226560774,0.04089059492721636
R01,15,102,228,80,0.03360402584075928,0.04603314399719238,0.024442480877041817,0.052398599684238434,0,1.6,0.025172858117383505,0.04567987456059022,0.0485564014774981,0.05455980062189342,0.051681863296652766,0.03542636633898687,0.036864629797440804,0.039866329369638465,0.03842736070701813
R01,15,103,228,84,0.03561253100633621,0.04660090431571007,0.024920152500271797,0.05160149186849594,0,1.6,0.025172858117383505,0.05377685462193789,0.05073109729982677,0.057006817148272125,0.04842550998198331,0.039474856369660694,0.03795197770860514,0.041089837632827815,0.03679918404968341
R01,15,104,228,84,0.0351400189101696,0.045715074986219406,0.026085011661052704,0.05149289220571518,0,1.145572354211663,0.01631309005465769,0.051871994685813376,0.0473380997984004,0.06297415847380473,0.047981857486193005,0.03409254237023553,0.03182559492652905,0.03964362426423121,0.032147473770425344
R01,15,105,228,84,0.033869680017232895,0.044579606503248215,0.024042567238211632,0.049765173345804214,0,1.0367170626349889,0.014190788199327928,0.04675081856759891,0.04298890791977425,0.052511122752514204,0.04092376205019805,0.03047080338346342,0.028589848059551087,0.03335095547592107,0.02755727512476299
R01,15,106,228,84,0.03481924161314964,0.0473756305873394,0.025625817477703094,0.05328868329524994,0,1.0367170626349889,0.014190788199327928,0.050578830285433286,0.05369853607885108,0.06062179818939976,0.05531804231761799,0.03238480924238061,0.033944662139089504,0.037406293194363845,0.03475441525847296
R01,15,107,228,84,0.03441141918301582,0.046773649752140045,0.023768287152051926,0.052696894854307175,0,1.145572354211663,0.01631309005465769,0.048934756801352716,0.05139276520207012,0.05110604053483716,0.05290046189350435,0.0326239234280052,0.03385292762836391,0.033709565294747425,0.03460677597408102
R01,15,108,228,84,0.03189561888575554,0.04432655870914459,0.02187945321202278,0.04984880983829498,0,1.8,0.02907216668491397,0.038792694338995175,0.042019657405537245,0.04142992070259206,0.04126543473759474,0.033932430511954575,0.03554591204522561,0.035251043693753016,0.035168800711254354
R01,15,109,228,88,0.032664068043231964,0.04489847645163536,0.021596593782305717,0.050906091928482056,0,1.163282937365011,0.016658385197786747,0.0418905790807846,0.04421027743435064,0.03998088821772439,0.045584654761443494,0.02927448213928567,0.030434331316068694,0.02831963670775557,0.03112151997961512
R01,15,110,228,89,0.033959489315748215,0.046155959367752075,0.022443825379014015,0.05112369731068611,0,0.8544276457883371,0.01063677477492652,0.04711287095952955,0.04902682194290016,0.044321086835336775,0.04647361857993276,0.028874822867228034,0.02983179835891334,0.027478930805131647,0.02855519667742964
R01,15,111,228,90,0.0347469300031662,0.04872728884220123,0.0231485478579998,0.05222482979297638,0,0.3088552915766741,0.0,0.05028731713711051,0.0588758009636856,0.047931239644766956,0.05097197669132089,0.025143658568555254,0.0294379004818428,0.023965619822383478,0.025485988345660446
R01,15,112,228,90,0.03545974940061569,0.04807882010936737,0.0237104594707489,0.05129081755876541,0,1.4,0.021273549549853034,0.053160939046284196,0.056391967208120605,0.05080980084851496,0.047156339992310954,0.037217244298068615,0.03883275837898682,0.036041675199184,0.034214944771081994
R01,15,113,228,92,0.034563083201646805,0.04771261662244797,0.024572931230068207,0.05233244225382805,0,1.363282937365011,0.02055769376531721,0.04954616699632036,0.05498929575125476,0.05522807178183591,0.051411596259305754,0.03505193038081879,0.03777349475828599,0.03789288277357656,0.03598464501231148
R01,15,114,228,96,0.034762561321258545,0.046746231615543365,0.024417657405138016,0.05212735757231712,0,2.0,0.032971475252444434,0.05035033239497267,0.051287745345683346,0.05443263492262086,0.050573782140265956,0.04166090382370855,0.04212961029906389,0.04370205508753265,0.041772628696355195
R01,15,115,228,96,0.032512713223695755,0.04450295493006706,0.022260183468461037,0.049122005701065063,0,1.145572354211663,0.01631309005465769,0.041280415374473425,0.04269530892996253,0.04338032592720441,0.03829628675705518,0.028796752714565558,0.02950419949231011,0.02984670799093105,0.027304688405856436
R01,15,116,228,96,0.034004680812358856,0.04568719491362572,0.02468867227435112,0.050248999148607254,0,1.0367170626349889,0.014190788199327928,0.047295053536537617,0.04723131058573755,0.055820990084634606,0.042900292358350564,0.030742920867932774,0.03071104939253274,0.035005889141981265,0.028545540278839245
R01,15,117,228,96,0.03576568886637688,0.047630224376916885,0.026172267273068428,0.0528130829334259,0,1.0367170626349889,0.014190788199327928,0.054394287009089215,0.05467370822901206,0.06342115158421391,0.053375114668312386,0.03429253760420857,0.03443224821416999,0.03880596989177092,0.03378295143382016
R01,15,118,228,96,0.03542868047952652,0.04901091754436493,0.024914097040891647,0.05440910533070564,0,1.0367170626349889,0.014190788199327928,0.053035689463212125,0.05996218571719965,0.056975796236714005,0.05989520231646503,0.03361323883127003,0.03707648695826379,0.035583292218020965,0.03704299525789648
R01,15,119,228,96,0.03720616549253464,0.049089282751083374,0.02481049671769142,0.05429619923233986,0,1.0367170626349889,0.014190788199327928,0.06020134726501166,0.06026234844803554,0.05644507242838957,0.059433957124285675,0.037196067732169796,0.037226568323681736,0.03531793031385875,0.0368123726618068
R01,15,120,228,96,0.03897662088274956,0.05110548064112663,0.027002105489373207,0.05717607960104942,0,1.0367170626349889,0.014190788199327928,0.06733866622229596,0.06798500356404003,0.06767224738050062,0.0711988749927217,0.040764727210811945,0.041087895881683975,0.040931517789914273,0.042694831596024815
R01,15,121,228,96,0.0467151515185833,0.059988122433423996,0.030703235417604446,0.06382259726524353,0,1.0367170626349889,0.014190788199327928,0.09853536381429613,0.10200824077685584,0.08663239837171034,0.09835129954478442,0.05636307600681203,0.058099514488091884,0.050411593285519134,0.05627104387205617
R01,15,122,228,96,0.05333321914076805,0.06729695945978165,0.03397466987371445,0.06902147084474564,0,1.0367170626349889,0.014190788199327928,0.12521508687395183,0.13000332396406866,0.10339130509707738,0.11958979310715112,0.06970293753663988,0.0720970560816983,0.05879104664820265,0.06689029065323952
R01,15,123,228,96,0.05638420954346657,0.07035127282142639,0.03428371995687485,0.07148060947656631,0,1.745572354211663,0.02801101575724909,0.13751468603924294,0.14170227912351513,0.10497450707976687,0.12963589236350054,0.08276285089824602,0.08485664744038211,0.06649276141850798,0.07882345406037482
R01,15,124,228,96,0.05349666625261307,0.06830799579620361,0.03186445310711861,0.06830005347728729,0,2.8,0.04856870952256629,0.125873998799286,0.13387590263032648,0.09258108516568464,0.11664265121569337,0.08722135416092615,0.09122230607644638,0.07057489734412546,0.08260568036912982
R01,15,125,228,103,0.053741101175546646,0.06670967489480972,0.031369343400001526,0.06784781813621521,0,2.8,0.04856870952256629,0.1268594006450023,0.1277538443010711,0.09004473681094323,0.1147951745973152,0.0877140550837843,0.08816127691181869,0.06930672316675476,0.08168194205994074
R01,15,126,228,103,0.05751315504312515,0.07047923654317856,0.03419480472803116,0.07332062721252441,0,1.745572354211663,0.02801101575724909,0.14206585641099453,0.14219241934999416,0.10451901208310783,0.13715275236060961,0.08503843608412182,0.08510171755362163,0.06626501392017846,0.08258188405892936
R01,15,127,228,103,0.0522342212498188,0.06437917053699493,0.03563742712140083,0.0693107321858406,0,1.0367170626349889,0.014190788199327928,0.12078464568665065,0.11882729919821763,0.11190927909128634,0.12077148660993398,0.06748771694298929,0.06650904369877278,0.06305003364530713,0.06748113740463095
R01,15,128,228,103,0.04063887894153595,0.05177776888012886,0.02887388877570629,0.058366045355796814,0,1.0367170626349889,0.014190788199327928,0.07403980425742857,0.07056007331984104,0.07726102011203731,0.07606013573221822,0.044115296228378245,0.042375430759584484,0.04572590415568262,0.04512546196577307
R01,15,129,228,103,0.036080896854400635,0.04675285518169403,0.025937288999557495,0.053626660257577896,0,1.0367170626349889,0.014190788199327928,0.05566499959571717,0.051313115631641995,0.062217404719928544,0.05669874939365311,0.03492789389752255,0.03275195191548496,0.03820409645962824,0.03544476879649052
R01,15,130,228,103,0.04143712297081947,0.052182234823703766,0.030242275446653366,0.05880254507064819,0,1.0367170626349889,0.014190788199327928,0.07725780244830796,0.07210930169857489,0.08427099230934255,0.07784332900323708,0.04572429532381794,0.04315004494895141,0.04923089025433524,0.0460170586012825
R01,15,131,228,103,0.03847585618495941,0.049286048859357834,0.026458460837602615,0.05539097636938095,0,1.0367170626349889,0.014190788199327928,0.06531991026242821,0.06101602287663513,0.0648872641772603,0.063906352311764,0.03975534923087807,0.03760340553798153,0.039539026188294114,0.039048570255545964
R01,15,132,228,103,0.042088087648153305,0.05316462367773056,0.02648637257516384,0.056162334978580475,0,1.0367170626349889,0.014190788199327928,0.07988206655444464,0.0758721517377112,0.06503025044600791,0.06705751469439097,0.047036427376886285,0.04503146996851956,0.03961051932266792,0.04062415144685945
R01,15,133,228,103,0.0363021083176136,0.04763650894165039,0.024262426421046257,0.051930833607912064,0,1.545572354211663,0.024111707189718626,0.056556779630777446,0.054697780035768105,0.053637417528482965,0.04977094035366737,0.040334243410248036,0.03940474361274336,0.03887456235910079,0.036941323771693
R01,15,134,228,103,0.040207356214523315,0.05068110302090645,0.02611958608031273,0.05253161862492561,0,2.4,0.04077009238750536,0.07230018666693258,0.06635950736840573,0.06315127633303017,0.05222527368589482,0.056535139527218975,0.05356479987795555,0.05196068436026777,0.04649768303670009
R01,15,135,228,109,0.042412687093019485,0.05371071398258209,0.026343651115894318,0.05401316285133362,0,2.708855291576674,0.04679170281036559,0.08119063935677101,0.07796384477408852,0.06429911685439979,0.05827769389457038,0.0639911710835683,0.06237777379222706,0.055545409832382694,0.05253469835246799
R01,15,136,228,109,0.051861438900232315,0.06337594985961914,0.02949441596865654,0.05690399184823036,0,2.508855291576674,0.04289239424283512,0.11928183090501324,0.11498465689863094,0.08043985725113521,0.07008733921515815,0.08108711257392417,0.07893852557073303,0.06166612574698517,0.05648986672899664
R01,15,137,228,114,0.033636581152677536,0.04742824286222458,0.022802554070949554,0.049919530749320984,0,1.8,0.02907216668491397,0.04581111629997473,0.053900057197295424,0.04615878242988928,0.04155434455441977,0.03744164149244435,0.0414861119411047,0.03761547455740162,0.03531325561966687
R01,15,138,228,114,0.03443141654133797,0.04829021915793419,0.02257433906197548,0.04922498017549515,0,1.0,0.013474932414792104,0.0490153730797617,0.057201690277465744,0.04498968242191507,0.03871695917365218,0.031245152747276902,0.03533831134612892,0.029232307418353587,0.026095945794222142
R01,15,139,228,115,0.036414820700883865,0.04867958649992943,0.02343873865902424,0.04856650531291962,0,0.691144708423326,0.0074533219919318775,0.05701116229090078,0.05869308639017574,0.04941782928370807,0.03602695067163162,0.03223224214141633,0.03307320419105381,0.02843557563781997,0.021740136331781748
R01,15,140,228,115,0.038980428129434586,0.0515812411904335,0.024548832327127457,0.051392026245594025,0,0.8367170626349889,0.010291479631797463,0.06735401455249976,0.06980731210738395,0.055104617904955265,0.047569798794644624,0.03882274709214861,0.040049395869590707,0.03269804876837636,0.028930639213221043
R01,15,141,228,115,0.03468210995197296,0.04735378548502922,0.022972816601395607,0.04904206842184067,0,1.0367170626349889,0.014190788199327928,0.050026005057319856,0.05361486264979509,0.04703100344022959,0.037969726134982305,0.03210839662832389,0.03390282542456151,0.030610895819778758,0.02608025716715512
R01,15,142,228,115,0.034080445766448975,0.04633156955242157,0.023981189355254173,0.04921835660934448,0,1.0367170626349889,0.014190788199327928,0.04760048831118028,0.04969946270785566,0.05219669609066763,0.038689900510866945,0.030895638255254106,0.031945125453591794,0.033193742144997776,0.026440344355097435
R01,15,143,228,115,0.03700024262070656,0.0503687746822834,0.026101509109139442,0.053318388760089874,0,1.0367170626349889,0.014190788199327928,0.05937120083773649,0.06516319422173901,0.06305867161242987,0.05543939539807326,0.03678099451853221,0.03967699121053347,0.038624729905878896,0.03481509179870059
R01,15,144,228,115,0.03485431894659996,0.04811482131481171,0.022992748767137527,0.049679551273584366,0,1.0367170626349889,0.014190788199327928,0.050720239167232645,0.05652986284563715,0.04713311195286676,0.04057397785140399,0.032455513683280285,0.03536032552248254,0.030661950076097344,0.027382383025365963
R01,15,145,228,115,0.03948046639561653,0.05288898944854736,0.02452176809310913,0.05157116428017616,0,1.0367170626349889,0.014190788199327928,0.06936984201492158,0.07481638826297514,0.05496597322795142,0.04830161539608084,0.04178031510712475,0.04450358823115153,0.034578380713639674,0.031246201797704383
R01,15,146,228,115,0.04322129860520363,0.05525092035531998,0.028398623690009117,0.054431285709142685,0,1.545572354211663,0.024111707189718626,0.0844504324624813,0.08386330666861105,0.07482633179781889,0.05998581383402594,0.05428106982609996,0.05398750692916484,0.04946901949376876,0.042048760511872285
R01,15,147,228,115,0.047922588884830475,0.06142705678939819,0.02872578240931034,0.05720815435051918,0,2.4,0.04077009238750536,0.10340296208956433,0.10751979984585197,0.07650230071442657,0.07132990709991005,0.07208652723853484,0.07414494611667867,0.05863619655096597,0.05604999974370771
R01,15,148,228,121,0.04515412822365761,0.05714189261198044,0.029985902830958366,0.05939459055662155,0,2.4,0.04077009238750536,0.09224233817964118,0.09110630927477296,0.08295764649391706,0.0802619595104397,0.06650621528357327,0.06593820083113916,0.061863869440711206,0.06051602594897253
R01,15,149,228,121,0.04807624593377113,0.06111712381243706,0.033553775399923325,0.06431902945041656,0,1.545572354211663,0.024111707189718626,0.10402240688008875,0.10633266166761686,0.10123514659165057,0.10037932958008274,0.06406705703490369,0.06522218442866774,0.0626734268906846,0.06224551838490068
R01,15,150,228,121,0.042857371270656586,0.054827868938446045,0.030564425513148308,0.059707146137952805,0,1.0367170626349889,0.014190788199327928,0.08298331531381298,0.08224289023776937,0.08592130289584264,0.08153881489083564,0.04858705175657045,0.04821683921854865,0.05005604554758528,0.047864801545081784
R01,15,151,228,121,0.05086074769496918,0.06306282430887222,0.03477278724312782,0.06677287071943283,0,0.945572354211663,0.012413781487127224,0.11524769802079227,0.11378529018548775,0.10747990131666928,0.11040378799364216,0.06383073975395974,0.06309953583630748,0.05994684140189825,0.06140878474038469
R01,15,152,228,121,0.048279665410518646,0.059678349643945694,0.031558774411678314,0.06364723294973373,0,1.2,0.01737424098232257,0.10484246125462718,0.10082171616571649,0.0910151541303714,0.09763489938058185,0.061108351118474874,0.05909797857401953,0.05419469755634698,0.05750457018145221
R01,15,153,228,124,0.048399344086647034,0.06054672226309776,0.03016340546309948,0.0646437257528305,0,1.908855291576674,0.03119446854024373,0.10532492745436019,0.10414784912270963,0.08386695710229686,0.10170578236318795,0.06825969799730196,0.06767115883147669,0.05753071282127029,0.06645012545171584
R01,15,154,228,124,0.0483250729739666,0.059749897569417953,0.031298428773880005,0.06329765170812607,0,2.708855291576674,0.04679170281036559,0.10502551487190122,0.10109576662247795,0.08968145531452958,0.09620678637958836,0.0759086088411334,0.07394373471642177,0.06823657906244758,0.07149924459497697
R01,15,155,228,131,0.05055762454867363,0.06261640042066574,0.032357316464185715,0.06495270133018494,0,2.8,0.04856870952256629,0.1140257036173161,0.11207535003467724,0.09510592591681512,0.10296801267331583,0.08129720656994119,0.08032202977862177,0.07183731771969071,0.07576836109794106
R01,15,156,228,131,0.05214047059416771,0.06650392711162567,0.03333064168691635,0.06907012313604355,0,1.745572354211663,0.02801101575724909,0.1204067043188339,0.1269657673081035,0.10009207705021914,0.11978854796428001,0.07420886003804149,0.0774883915326763,0.06405154640373412,0.07389978186076455
R01,15,157,228,131,0.05237317457795143,0.06627511233091354,0.033250078558921814,0.06845550984144211,0,1.0367170626349889,0.014190788199327928,0.12134481468528234,0.12608933665334965,0.09967936820164582,0.1172777232055853,0.06776780144230514,0.07014006242633879,0.05693507820048687,0.06573425570245661
R01,15,158,228,131,0.0484669953584671,0.06073388829827309,0.030670633539557457,0.06241169571876526,0,1.0367170626349889,0.014190788199327928,0.10559765316522216,0.10486475233257163,0.08646538544799401,0.09258746956242855,0.05989422068227504,0.05952777026594978,0.05032808682366097,0.05338912888087824
R01,15,159,228,131,0.04615158215165138,0.057821884751319885,0.030123505741357803,0.06052277609705925,0,1.0367170626349889,0.014190788199327928,0.09626342047780824,0.0937108873271783,0.08366255877978486,0.08487083506229261,0.05522710433856808,0.053950837763253115,0.04892667348955639,0.049530811630810266
R01,15,160,228,131,0.043065086007118225,0.05573822557926178,0.028667956590652466,0.05881781503558159,0,1.0367170626349889,0.014190788199327928,0.08382068536812144,0.08572983484985477,0.07620607057006426,0.07790571002615986,0.049005736783724684,0.04996031152459135,0.04519842938469609,0.04604824911274389
R01,15,161,228,131,0.04502983018755913,0.05612630024552345,0.03017742559313774,0.05945651978254318,0,1.0367170626349889,0.014190788199327928,0.09174124973973917,0.08721627961879219,0.0839387794342864,0.080514953441903,0.05296601896953355,0.05070353390906006,0.049064783816807164,0.04735287082061546
R01,15,162,228,131,0.040808141231536865,0.0531579852104187,0.026328209787607193,0.0555417500436306,0,2.345572354211663,0.03970894145984048,0.07472215918026581,0.07584672437574363,0.06422001400702458,0.06452229452712217,0.05721555032005315,0.05777783291779206,0.05196447773343253,0.05211561799348133
R01,15,163,228,131,0.0414499007165432,0.052919983863830566,0.026391902938485146,0.056109871715307236,0,4.0,0.0719645609277491,0.07730931396748508,0.07493510636149932,0.0645463013249975,0.0668431912140735,0.0746369374476171,0.07344983364462421,0.0682554311263733,0.06940387607091131
R01,15,164,228,141,0.04836537316441536,0.06054108217358589,0.026489928364753723,0.05633820593357086,0,4.0,0.0719645609277491,0.10518797889944002,0.10412624585333877,0.06504846604741192,0.06777598458758048,0.08857626991359456,0.08804540339054392,0.06850651348758051,0.06987027275766479
R01,15,165,228,141,0.043994396924972534,0.05509355291724205,0.025372741743922234,0.05255460366606712,0,2.345572354211663,0.03970894145984048,0.08756705958792467,0.08326054120755855,0.059325341642955456,0.05231917242008206,0.06363800052388258,0.061484741333699515,0.04951714155139797,0.04601405693996127
R01,15,166,228,141,0.04471389576792717,0.05650804564356804,0.02512684091925621,0.05302567034959793,0,1.0367170626349889,0.014190788199327928,0.09046760865566529,0.08867848135294684,0.05806564072595498,0.054243579038673585,0.05232919842749661,0.05143463477613738,0.03612821446264145,0.03421718361900076
R01,15,167,228,141,0.0433276928961277,0.05531272292137146,0.02566579543054104,0.05374668166041374,0,1.0367170626349889,0.014190788199327928,0.08487934470379284,0.08410002941554809,0.06082659727422657,0.05718906210322268,0.04953506645156038,0.04914540880743801,0.03750869273677725,0.0356899251512753
R01,15,168,228,141,0.045449309051036835,0.05656471848487854,0.027698034420609474,0.05572794750332832,0,1.0367170626349889,0.014190788199327928,0.0934323143443752,0.08889555568381803,0.07123735259735439,0.06528295036701622,0.05381155127185156,0.05154317194157298,0.04271407039834116,0.03973686928317207
R01,15,169,228,141,0.04480287805199623,0.05732415243983269,0.02580980584025383,0.05499793961644173,0,1.0367170626349889,0.014190788199327928,0.09082632706588825,0.0918044202087027,0.06156433390206913,0.062300714394353314,0.05250855763260809,0.052997604204015315,0.037877561050698526,0.03824575129684062
R01,15,170,228,141,0.045490775257349014,0.05782133340835571,0.027028275653719902,0.05651957914233208,0,1.0367170626349889,0.014190788199327928,0.09359947898576312,0.09370877551484878,0.0678063119167638,0.06851693234631205,0.053895133592545524,0.053949781857088354,0.04099855005804586,0.04135386027281999
R01,15,171,228,141,0.04355640709400177,0.05504852533340454,0.028270583599805832,0.0576564185321331,0,1.0367170626349889,0.014190788199327928,0.0858013708611921,0.08308807177764728,0.07417040793395643,0.07316116069549347,0.049996079530260015,0.0486394299884876,0.04418059806664218,0.0436759744474107
R01,15,172,228,141,0.04222873970866203,0.05328897759318352,0.02649611607193947,0.05434751138091087,0,1.0367170626349889,0.014190788199327928,0.08044908373171912,0.07634846530103279,0.06508016443812126,0.05964357805859603,0.04731993596552352,0.045269626750180356,0.03963547631872459,0.03691718312896198
R01,15,173,228,141,0.041305430233478546,0.0528055839240551,0.02525344304740429,0.05445873737335205,0,1.0367170626349889,0.014190788199327928,0.07672690340619996,0.07449691957212684,0.05871419819679286,0.06009795966420839,0.04545884580276394,0.04434385388572738,0.0364524931980604,0.03714437393176816
R01,15,174,228,141,0.046072155237197876,0.056537698954343796,0.029862744733691216,0.05969086289405823,0,1.0367170626349889,0.014190788199327928,0.09594322307245097,0.08879206261066949,0.0823267321068906,0.08147229440993899,0.05506700563588945,0.05149142540499871,0.04825876015310926,0.047831541304633456
R01,15,175,228,141,0.04245453700423241,0.0537499263882637,0.02636793442070484,0.0542154386639595,0,1.0367170626349889,0.014190788199327928,0.0813593508455278,0.07811404029152427,0.0644235153853082,0.05910403319260901,0.04777506952242786,0.0461524142454261,0.039307151792318064,0.03664741069596847
R01,15,176,228,141,0.04683324322104454,0.0586240328848362,0.030882293358445168,0.06159013509750366,0,2.145572354211663,0.035809632892310025,0.09901143237345497,0.09678336023159162,0.08754967651658693,0.08923122138694792,0.06741053263288249,0.06629649656195083,0.06167965470444848,0.06252042713962896
R01,15,177,228,141,0.04819906875491142,0.061210550367832184,0.030080433934926987,0.06491205096244812,0,3.6,0.06416594379268817,0.10451754821748518,0.10669051397445435,0.08344191049960338,0.10280194735930431,0.08434174600508668,0.08542822888357127,0.07380392714614578,0.08348394557599624
R01,15,178,228,150,0.04786444827914238,0.060931313782930374,0.03206866607069969,0.06742428243160248,0,3.6,0.06416594379268817,0.1031685771683406,0.1056209523745653,0.09362722747869177,0.1130649420386094,0.08366726048051439,0.08489344808362673,0.07889658563568996,0.08861544291564878
R01,15,179,228,150,0.049424655735492706,0.06323131918907166,0.03093397431075573,0.06892845034599304,0,2.145572354211663,0.035809632892310025,0.10945831387509475,0.11443067715619071,0.08781442773531706,0.11920978477770944,0.0726339733837024,0.07512015502425037,0.06181203031381354,0.07750970883500974
R01,15,180,228,150,0.04906456544995308,0.06242980435490608,0.03191303089261055,0.06940707564353943,0,1.0367170626349889,0.014190788199327928,0.10800666520011519,0.1113606299821559,0.0928299394792607,0.12116506992655475,0.06109872669972156,0.06277570909074191,0.05351036383929431,0.06767792906294134
R01,15,181,228,150,0.048925988376140594,0.06082814931869507,0.030288968235254288,0.0674208551645279,0,1.0367170626349889,0.014190788199327928,0.10744801301298114,0.10522580089590784,0.08451019015952373,0.11305094093075652,0.06081940060615453,0.059708294547617884,0.049350489179425826,0.06362086456504222
R01,15,182,228,150,0.05585978925228119,0.06806111335754395,0.03260507062077522,0.07043331116437912,0,1.0367170626349889,0.014190788199327928,0.13540056618818722,0.13293026731477425,0.0963751210838926,0.12535745817557103,0.07479567719375757,0.07356052775705109,0.05528295464161026,0.06977412318744948
R01,15,183,228,150,0.04880131036043167,0.059129975736141205,0.03009680286049843,0.06327663362026215,0,1.0367170626349889,0.014190788199327928,0.10694539274364588,0.09872127623097433,0.08352576524299703,0.09612092306382104,0.0605680904714869,0.05645603221515113,0.048858276721162476,0.055155855631574484
R01,15,184,228,150,0.052212268114089966,0.06229804456233978,0.034328944981098175,0.06446024030447006,0,1.0367170626349889,0.014190788199327928,0.1206961449920411,0.11085594964240811,0.10520618586556545,0.10095620566081226,0.06744346659568451,0.06252336892086802,0.059698487032446686,0.05757349693007009
R01,15,185,228,150,0.037605490535497665,0.047047410160303116,0.024770284071564674,0.052061162889003754,0,1.0367170626349889,0.014190788199327928,0.06181116483794266,0.05244135136868626,0.05623907105661834,0.05030336291696402,0.03800097651863529,0.03331606978400709,0.03521492962797313,0.032247075558145974
R01,15,186,228,150,0.0372513048350811,0.04695187881588936,0.024723190814256668,0.052680157124996185,0,1.0367170626349889,0.014190788199327928,0.060383319590921046,0.05207543707559083,0.05599782168506374,0.05283208474395763,0.03728705389512449,0.033133112637459376,0.035094304942195835,0.03351143647164278
R01,15,187,228,150,0.040724385529756546,0.05038253217935562,0.025937680155038834,0.0543864406645298,0,1.0367170626349889,0.014190788199327928,0.07438451093371792,0.06521588964696134,0.06221940853150258,0.059802612381490136,0.044287649566522924,0.039703338923144635,0.03820509836541525,0.03699670029040903
R01,15,188,228,150,0.044803693890571594,0.05531371757388115,0.02809695526957512,0.05863817408680916,0,1.945572354211663,0.031910324324779554,0.09082961599378907,0.08410383923914255,0.0732809446021195,0.07717183891433219,0.06136997015928431,0.05800708178196105,0.052595634463449524,0.05454108161955587
R01,15,189,228,150,0.0414511077105999,0.051884833723306656,0.026909153908491135,0.05520748347043991,0,3.2,0.05636732665762723,0.07731417977862602,0.07097016444382961,0.06719607495678948,0.06315674517219734,0.06684075321812663,0.06366874555072842,0.06178170080720835,0.05976203591491229
R01,15,190,228,158,0.03975769504904747,0.05021800473332405,0.02490408718585968,0.053349755704402924,0,3.2,0.05636732665762723,0.07048744674790208,0.06458569916362956,0.05692451774433832,0.055567535972118075,0.06342738670276465,0.0604765129106284,0.05664592220098277,0.055967431314872654
R01,15,191,228,158,0.04141511395573616,0.05320075899362564,0.025745654478669167,0.05604920536279678,0,1.945572354211663,0.031910324324779554,0.0771690764846641,0.0760105610593079,0.06123569926196662,0.06659535638648208,0.05453970040472183,0.053960442692043725,0.04657301179337309,0.049252840355630816
R01,15,192,228,158,0.04010589048266411,0.0504000261425972,0.025999657809734344,0.053750719875097275,0,1.3455723542116629,0.020212398622188155,0.07189114315444649,0.06528289688141682,0.06253690770442935,0.05720555906073629,0.04605177088831732,0.04274764775180249,0.04137465316330875,0.038708978841462224
R01,15,193,228,158,0.04267328605055809,0.05248934403061867,0.025584803894162178,0.05349540337920189,0,2.0,0.032971475252444434,0.08224120402514315,0.07328562397312234,0.060411693774881675,0.056162537400078885,0.05760633963879379,0.05312854961278339,0.04669158451366305,0.04456700632626166
R01,15,194,228,163,0.0366363525390625,0.048691242933273315,0.02495286427438259,0.05376153066754341,0,2.0,0.032971475252444434,0.05790423386842438,0.05873773409814234,0.05717439304762116,0.05724972342485482,0.04543785456043441,0.045854604675293384,0.0450729341500328,0.04511059933864962
R01,15,195,228,163,0.03727501258254051,0.04864940419793129,0.02550121583044529,0.05336295813322067,0,2.254427645788337,0.037931934747639784,0.060478893733207695,0.05857747893413692,0.059983488783469104,0.055621470674542636,0.04920541424042374,0.04825470684088835,0.04895771176555444,0.04677670271109121
R01,15,196,228,163,0.037905532866716385,0.049013055860996246,0.024400021880865097,0.05344505235552788,0,4.0,0.0719645609277491,0.06302073940866097,0.059970376124477635,0.05434229164651126,0.05595684286340553,0.06749265016820503,0.06596746852611336,0.06315342628713018,0.06396070189557732
R01,15,197,228,171,0.04488394781947136,0.056905925273895264,0.025187546387314796,0.05508621409535408,0,3.763282937365011,0.0673493965756828,0.091153147380854,0.0902024821357443,0.05837662274028618,0.06266133423313787,0.0792512719782684,0.07877593935571356,0.0628630096579845,0.06500536540441033
R01,15,198,228,175,0.04435925930738449,0.05560386925935745,0.02453014627099037,0.05231175571680069,0,3.2,0.05636732665762723,0.08903794623843364,0.08521520901555514,0.05500889296347539,0.051327087398537245,0.07270263644803043,0.07079126783659119,0.05568810981055131,0.05384720702808224
R01,15,199,228,175,0.044828109443187714,0.05689718574285507,0.027265943586826324,0.05583197996020317,0,1.145572354211663,0.01631309005465769,0.09092804354384354,0.09016900705652102,0.06902383737111066,0.06570794486473301,0.05362056679925062,0.05324104855558935,0.04266846371288417,0.04101051745969535
R01,15,200,228,175,0.042982105165719986,0.0542723685503006,0.027343187481164932,0.05700642243027687,0,1.0367170626349889,0.014190788199327928,0.08348616085218255,0.08011515370176801,0.06941954244718428,0.07050578971681329,0.04883847452575524,0.04715297095054797,0.0418051653232561,0.04234828895807061
R01,15,201,228,175,0.040844883769750595,0.0534578375518322,0.026698531582951546,0.057590026408433914,0,1.0367170626349889,0.014190788199327928,0.07487028107928737,0.07699525063395393,0.0661170987598477,0.07288993488663044,0.044530534639307645,0.04559301941664093,0.04015394347958781,0.04354036154297918
R01,15,202,228,175,0.05135459080338478,0.06522399932146072,0.03290712088346481,0.0680295005440712,0,1.0367170626349889,0.014190788199327928,0.11723855065627778,0.12206325206113953,0.09792246438136663,0.11553738549947264,0.06571466942780285,0.06812702013023374,0.05605662629034728,0.06486408684940029
R01,15,203,228,175,0.05039670690894127,0.06501393765211105,0.03207770735025406,0.06711484491825104,0,1.0367170626349889,0.014190788199327928,0.11337698887026798,0.1212586515635937,0.09367354415193174,0.11180082462264047,0.06378388853479795,0.06772471988146081,0.053932166175629834,0.0629958064109842
R01,15,204,228,175,0.04600142315030098,0.05927152931690216,0.02950597181916237,0.06307119876146317,0,1.0367170626349889,0.014190788199327928,0.09565807752883113,0.09926346977757551,0.0804990555702083,0.09528167839680497,0.054924432864079525,0.05672712898845172,0.04734492188476811,0.05473623329806645
R01,15,205,228,175,0.04253290221095085,0.056859876960515976,0.027889031916856766,0.06328503042459488,0,1.3455723542116629,0.020212398622188155,0.08167526813923333,0.09002610299922298,0.0722157947050386,0.09615522577806059,0.05094383338071074,0.05511925081070557,0.046214096663613376,0.05818381220012437
R01,15,206,228,175,0.041485898196697235,0.05716162547469139,0.027694495394825935,0.06373711675405502,0,2.0,0.032971475252444434,0.07745443227938262,0.09118189217956654,0.07121922287358927,0.09800209365261905,0.05521295376591352,0.062076683716005485,0.052095349063016855,0.06548678445253174
R01,15,207,228,180,0.05442008748650551,0.06671148538589478,0.03107711672782898,0.06646591424942017,0,2.0,0.032971475252444434,0.12959662966287377,0.12776077903615315,0.08854771780985723,0.10914980616227107,0.0812840524576591,0.08036612714429879,0.06075959653115083,0.07106064070735775
R01,15,208,228,180,0.05995071306824684,0.07408065348863602,0.035076506435871124,0.07294227182865143,0,1.3455723542116629,0.020212398622188155,0.151892497171522,0.15598694871442353,0.10903579421019256,0.1356070909280339,0.08605244789685508,0.08809967366830584,0.06462409641619035,0.07790974477511103
R01,15,209,228,180,0.051298823207616806,0.06379251182079315,0.03186583146452904,0.06628978997468948,0,1.0367170626349889,0.014190788199327928,0.1170137321600441,0.11658021672759411,0.09258814621599316,0.10843030140458809,0.06560226017968601,0.06538550246346102,0.053389467207660544,0.06131054480195801
R01,15,210,228,180,0.047371409833431244,0.059821635484695435,0.028501493856310844,0.06040589138865471,0,1.0367170626349889,0.014190788199327928,0.10118096840694905,0.10137054479835296,0.07535331515787178,0.08439333641012751,0.05768587830313849,0.05778066649884044,0.04477205167859985,0.04929206230472772
R01,15,211,228,180,0.04857439547777176,0.061630960553884506,0.028669854626059532,0.06176600232720375,0,1.0367170626349889,0.014190788199327928,0.10603062024915115,0.10830081368271746,0.07621579382717829,0.08994967606154193,0.06011070422423954,0.06124580094102269,0.04520329101325311,0.05207023213043493
R01,15,212,228,180,0.04640023037791252,0.05887729674577713,0.028951862826943398,0.05956614390015602,0,1.3455723542116629,0.020212398622188155,0.09726580760871092,0.09775343834795776,0.07766046563638246,0.08096279105145368,0.05873910311544954,0.058982918485072956,0.04893643212928531,0.05058759483682092
R01,15,213,228,180,0.048835478723049164,0.061910729855298996,0.029803944751620293,0.06180911511182785,0,2.0,0.032971475252444434,0.10708313724915391,0.10937241574992489,0.08202551151751293,0.09012580086717384,0.07002730625079917,0.07117194550118466,0.057498493384978686,0.06154863805980913
R01,15,214,228,185,0.04590203985571861,0.05892142653465271,0.027819840237498283,0.057961683720350266,0,2.0,0.032971475252444434,0.0952574290423567,0.09792246894833244,0.0718613395215106,0.07440823328451106,0.06411445214740057,0.06544697210038844,0.05241640738697752,0.05368985426847775
R01,15,215,228,185,0.043051354587078094,0.055340997874736786,0.028198450803756714,0.057709623128175735,0,1.3455723542116629,0.020212398622188155,0.08376532925742555,0.08420833114244695,0.07380088599578362,0.0733785126763139,0.051988863939806854,0.052210364882317555,0.04700664230898589,0.04679545564925103
R01,15,216,228,185,0.04377218708395958,0.05544842779636383,0.027205737307667732,0.05632740631699562,0,1.0367170626349889,0.014190788199327928,0.0866712547461182,0.08461982062865371,0.06871541260202634,0.06773186587924841,0.05043102147272306,0.04940530441399082,0.04145310040067713,0.04096132703928817
R01,15,217,228,185,0.040083885192871094,0.05150042101740837,0.02765749953687191,0.05643484368920326,0,1.0367170626349889,0.014190788199327928,0.07180243220873825,0.06949774610408081,0.07102970046652454,0.06817077017324515,0.04299661020403309,0.04184426715170437,0.042610244332926234,0.041180779186286535
R01,15,218,228,185,0.04412344470620155,0.0555998720228672,0.02924645133316517,0.05858300253748894,0,1.0367170626349889,0.014190788199327928,0.08808729589574237,0.08519989837616615,0.0791695838425917,0.07694645151509184,0.051139042047535145,0.04969534328774704,0.046680186020959816,0.045568619857209884
