condition,scene,original_split,video,frame,label,initial,retrieved,smoothed,final,dino
ONE,R01,testing,06,10,1,1.0,1.0,0.5364708121022927,0.3561470142423942,0.09724738448858261
ONE,R01,testing,06,11,1,1.0,1.0,0.5364708121022927,0.35892363833693297,0.0998733639717102
ONE,R01,testing,06,12,1,1.0,1.0,0.5364708121022927,0.3616950289563716,0.09839626401662827
ONE,R01,testing,06,13,1,1.0,1.0,0.5364708121022927,0.3644607321971219,0.09613169729709625
ONE,R01,testing,06,14,1,1.0,1.0,0.5364708121022927,0.36722029194069356,0.09607193619012833
ONE,R01,testing,06,15,1,1.0,1.0,0.5364708121022927,0.36997324997285647,0.09648997336626053
ONE,R01,testing,06,16,1,1.0,1.0,0.6090486384384382,0.42314340935960043,0.09561939537525177
ONE,R01,testing,06,17,1,1.0,1.0,0.6090486384384382,0.42625224923678906,0.09724896401166916
ONE,R01,testing,06,18,1,1.0,1.0,0.6090486384384382,0.42935202076410794,0.09871075302362442
ONE,R01,testing,06,19,1,1.0,1.0,0.6090486384384382,0.4324421956100327,0.0948517844080925
ONE,R01,testing,06,20,1,1.0,1.0,0.6090486384384382,0.4355222437679835,0.09728124737739563
ONE,R01,testing,06,21,1,1.0,1.0,0.6090486384384382,0.43859163370237886,0.0960271880030632
ONE,R01,testing,06,22,1,1.0,1.0,0.6090486384384382,0.4416498324963062,0.09778103232383728
ONE,R01,testing,06,23,1,1.0,1.0,0.6090486384384382,0.4446963060007532,0.09436648339033127
ONE,R01,testing,06,24,1,1.0,1.0,0.6090486384384382,0.447730518985345,0.09397055208683014
ONE,R01,testing,06,25,1,1.0,1.0,0.6090486384384382,0.45075193529052954,0.09142131358385086
ONE,R01,testing,06,26,1,1.0,1.0,0.6090486384384382,0.45376001798115373,0.09515828639268875
ONE,R01,testing,06,27,1,1.0,1.0,0.6090486384384382,0.4567542295013705,0.09513089805841446
ONE,R01,testing,06,28,1,1.0,1.0,0.6090486384384382,0.4597340318308175,0.09528922289609909
ONE,R01,testing,06,29,1,1.0,1.0,0.6090486384384382,0.46269888664200415,0.0942738801240921
ONE,R01,testing,06,30,1,1.0,1.0,0.6090486384384382,0.4656482554588472,0.09418387711048126
ONE,R01,testing,06,31,1,1.0,1.0,0.6090486384384382,0.46858159981628866,0.09753303229808807
ONE,R01,testing,06,32,1,1.0,1.0,0.6805459217126126,0.5268483998138818,0.09686488658189774
ONE,R01,testing,06,33,1,1.0,1.0,0.6805459217126126,0.5300884793093075,0.09401462972164154
ONE,R01,testing,06,34,1,1.0,1.0,0.6805459217126126,0.533308850050953,0.09627068787813187
ONE,R01,testing,06,35,1,1.0,1.0,0.6805459217126126,0.5365089122169281,0.09517122060060501
ONE,R01,testing,06,36,1,1.0,1.0,0.6805459217126126,0.5396880669050531,0.09470955282449722
ONE,R01,testing,06,37,1,1.0,1.0,0.6805459217126126,0.5428457163169342,0.0954332947731018
ONE,R01,testing,06,38,1,1.0,1.0,0.6805459217126126,0.5459812639427241,0.09884330630302429
ONE,R01,testing,06,39,1,1.0,1.0,0.6805459217126126,0.5490941147464904,0.09603440761566162
ONE,R01,testing,06,40,1,1.0,1.0,0.6805459217126126,0.5521836753521141,0.09814020246267319
ONE,R01,testing,06,41,1,1.0,1.0,0.6805459217126126,0.555249354229634,0.09821200370788574
ONE,R01,testing,06,42,1,1.0,1.0,0.6805459217126126,0.5582905618819602,0.09610679745674133
ONE,R01,testing,06,43,1,1.0,1.0,0.6805459217126126,0.5613067110318737,0.09698903560638428
ONE,R01,testing,06,44,1,1.0,1.0,0.6805459217126126,0.5642972168092288,0.09683181345462799
ONE,R01,testing,06,45,1,1.0,1.0,0.6805459217126126,0.5672614969382788,0.09591097384691238
ONE,R01,testing,06,46,1,1.0,1.0,0.6805459217126126,0.5701989719250384,0.0973212793469429
ONE,R01,testing,06,47,1,1.0,1.0,0.6805459217126126,0.573109065244603,0.09790730476379395
ONE,R01,testing,06,48,1,1.0,1.0,0.7502779307730126,0.6350100331792033,0.09826406836509705
ONE,R01,testing,06,49,1,1.0,1.0,0.7502779307730126,0.6381560413404526,0.09638764709234238
ONE,R01,testing,06,50,1,1.0,1.0,0.7502779307730126,0.6412699770841613,0.09642403572797775
ONE,R01,testing,06,51,1,1.0,1.0,0.7502779307730126,0.6443512199660079,0.09431686252355576
ONE,R01,testing,06,52,1,1.0,1.0,0.7502779307730126,0.647399153843536,0.09995950013399124
ONE,R01,testing,06,53,1,1.0,1.0,0.7502779307730126,0.6504131670804115,0.10003452748060226
ONE,R01,testing,06,54,1,1.0,1.0,0.7502779307730126,0.6533926527499738,0.09761141985654831
ONE,R01,testing,06,55,1,1.0,1.0,0.7502779307730126,0.65633700883799,0.10042255371809006
ONE,R01,testing,06,56,1,1.0,1.0,0.7502779307730126,0.6592456384445147,0.09978383779525757
ONE,R01,testing,06,57,1,1.0,1.0,0.7502779307730126,0.6621179499847631,0.10037130117416382
ONE,R01,testing,06,58,1,1.0,1.0,0.7502779307730126,0.6649533573889025,0.09725353866815567
ONE,R01,testing,06,59,1,1.0,1.0,0.7502779307730126,0.6677512803006669,0.09751734137535095
ONE,R01,testing,06,60,1,1.0,1.0,0.7502779307730126,0.6705111442747039,0.09867403656244278
ONE,R01,testing,06,61,1,1.0,1.0,0.7502779307730126,0.6732323809725573,0.09730714559555054
ONE,R01,testing,06,62,1,1.0,1.0,0.7502779307730126,0.6759144283571928,0.09755320847034454
ONE,R01,testing,06,63,1,1.0,1.0,0.7502779307730126,0.6785567308859757,0.09754782915115356
ONE,R01,testing,06,64,1,1.0,1.0,0.8176115364082565,0.7422892515735721,0.10210684686899185
ONE,R01,testing,06,65,1,1.0,1.0,0.8176115364082565,0.7450802768792096,0.10106119513511658
ONE,R01,testing,06,66,1,1.0,1.0,0.8176115364082565,0.7478262187712414,0.10032578557729721
ONE,R01,testing,06,67,1,1.0,1.0,0.8176115364082565,0.750526502224546,0.10429733246564865
ONE,R01,testing,06,68,1,1.0,1.0,0.8176115364082565,0.7531805603138826,0.10110663622617722
ONE,R01,testing,06,69,1,1.0,1.0,0.8176115364082565,0.7557878344119595,0.10295792669057846
ONE,R01,testing,06,70,1,1.0,1.0,0.8176115364082565,0.7583477743851218,0.10345076769590378
ONE,R01,testing,06,71,1,1.0,1.0,0.8176115364082565,0.760859838786562,0.10100764036178589
ONE,R01,testing,06,72,1,1.0,1.0,0.8176115364082565,0.7633234950469598,0.1033015102148056
ONE,R01,testing,06,73,1,1.0,1.0,0.8176115364082565,0.7657382196624555,0.10468622297048569
ONE,R01,testing,06,74,1,1.0,1.0,0.8176115364082565,0.7681034983798656,0.10056266188621521
ONE,R01,testing,06,75,1,1.0,1.0,0.8176115364082565,0.7704188263790496,0.10314637422561646
ONE,R01,testing,06,76,1,1.0,1.0,0.8176115364082565,0.7726837084523347,0.10195492208003998
ONE,R01,testing,06,77,1,1.0,1.0,0.8176115364082565,0.7748976591809121,0.10370951890945435
ONE,R01,testing,06,78,1,1.0,1.0,0.8176115364082565,0.777060203108116,0.10439367592334747
ONE,R01,testing,06,79,1,1.0,1.0,0.8176115364082565,0.779170874909498,0.10417921841144562
ONE,R01,testing,06,80,1,1.0,1.0,0.8819822938382926,0.8427355882324955,0.10256501287221909
ONE,R01,testing,06,81,1,1.0,1.0,0.8819822938382926,0.8448990604190111,0.09989521652460098
ONE,R01,testing,06,82,1,1.0,1.0,0.8819822938382926,0.8470051380562708,0.10321551561355591
ONE,R01,testing,06,83,1,1.0,1.0,0.8819822938382926,0.8490533646667805,0.10075404495000839
ONE,R01,testing,06,84,1,1.0,1.0,0.8819822938382926,0.8510432955652997,0.10135327279567719
ONE,R01,testing,06,85,1,1.0,1.0,0.8819822938382926,0.852974498019699,0.10221970826387405
ONE,R01,testing,06,86,1,1.0,1.0,0.8819822938382926,0.8548465514077537,0.10162931680679321
ONE,R01,testing,06,87,1,1.0,1.0,0.8819822938382926,0.8566590473697938,0.1005784124135971
ONE,R01,testing,06,88,1,1.0,1.0,0.8819822938382926,0.8584115899571345,0.10231109708547592
ONE,R01,testing,06,89,1,1.0,1.0,0.8819822938382926,0.8601037957762099,0.09862027317285538
ONE,R01,testing,06,90,1,1.0,1.0,0.8819822938382926,0.8617352941283365,0.09829026460647583
ONE,R01,testing,06,91,1,1.0,1.0,0.8819822938382926,0.8633057271450376,0.10122997313737869
ONE,R01,testing,06,92,1,1.0,1.0,0.8819822938382926,0.8648147499188557,0.09918681532144547
ONE,R01,testing,06,93,1,1.0,1.0,0.8819822938382926,0.8662620306295892,0.09964348375797272
ONE,R01,testing,06,94,1,1.0,1.0,0.8819822938382926,0.8676472506658869,0.09731625020503998
ONE,R01,testing,06,95,1,1.0,1.0,0.8819822938382926,0.868970104742139,0.09935641288757324
ONE,R01,testing,06,96,1,1.0,1.0,0.9429082597083381,0.9303444574838763,0.09804777801036835
ONE,R01,testing,06,97,1,1.0,1.0,0.9429082597083381,0.9316244225126369,0.09873825311660767
ONE,R01,testing,06,98,1,1.0,1.0,0.9429082597083381,0.9328368209654447,0.09724652767181396
ONE,R01,testing,06,99,1,1.0,1.0,0.9429082597083381,0.9339813845999663,0.09745773673057556
ONE,R01,testing,06,100,1,1.0,1.0,0.9429082597083381,0.9350578599673665,0.09650125354528427
ONE,R01,testing,06,101,1,1.0,1.0,0.9429082597083381,0.9360660085058429,0.09697189182043076
ONE,R01,testing,06,102,1,1.0,1.0,0.9429082597083381,0.9370056066287363,0.09722308069467545
ONE,R01,testing,06,103,1,1.0,1.0,0.9429082597083381,0.9378764458071732,0.09783008694648743
ONE,R01,testing,06,104,1,1.0,1.0,0.9429082597083381,0.9386783326471959,0.09562354534864426
ONE,R01,testing,06,105,1,1.0,1.0,0.9429082597083381,0.9394110889613407,0.09752976894378662
ONE,R01,testing,06,106,1,1.0,1.0,0.9429082597083381,0.9400745518346284,0.09908311069011688
ONE,R01,testing,06,107,1,1.0,1.0,0.9429082597083381,0.9406685736849304,0.09879260510206223
ONE,R01,testing,06,108,1,1.0,1.0,0.9429082597083381,0.9411930223176828,0.09942365437746048
ONE,R01,testing,06,109,1,1.0,1.0,0.9429082597083381,0.9416477809749145,0.10043647140264511
ONE,R01,testing,06,110,1,1.0,1.0,0.9429082597083381,0.9420327483785711,0.10373949259519577
ONE,R01,testing,06,111,1,1.0,1.0,0.9429082597083381,0.9423478387681047,0.10000284016132355
ONE,R01,testing,06,112,1,1.0,1.0,1.0,0.999665632607652,0.10169339925050735
ONE,R01,testing,06,113,1,1.0,1.0,1.0,0.9998513784650132,0.10113697499036789
ONE,R01,testing,06,114,1,1.0,1.0,1.0,0.9999628425452899,0.10041538625955582
ONE,R01,testing,06,115,1,1.0,1.0,1.0,1.0,0.09975331276655197
ONE,R01,testing,06,116,1,1.0,1.0,1.0,0.9999628425452899,0.09917553514242172
ONE,R01,testing,06,117,1,1.0,1.0,1.0,0.9998513784650132,0.10084651410579681
ONE,R01,testing,06,118,1,1.0,1.0,1.0,0.999665632607652,0.09796705842018127
ONE,R01,testing,06,119,1,1.0,1.0,1.0,0.9994056463770857,0.09745887666940689
ONE,R01,testing,06,120,1,1.0,1.0,1.0,0.9990714777172088,0.0983307808637619
ONE,R01,testing,06,121,1,1.0,1.0,1.0,0.9986632010904077,0.09389983117580414
ONE,R01,testing,06,122,1,1.0,1.0,1.0,0.9981809074499083,0.09611556679010391
ONE,R01,testing,06,123,1,1.0,1.0,1.0,0.9976247042060057,0.09834030270576477
ONE,R01,testing,06,124,1,1.0,1.0,1.0,0.9969947151861982,0.09578793495893478
ONE,R01,testing,06,125,1,1.0,1.0,1.0,0.9962910805892409,0.09683293849229813
ONE,R01,testing,06,126,1,1.0,1.0,1.0,0.9955139569331478,0.09966990351676941
ONE,R01,testing,06,127,1,1.0,1.0,1.0,0.9946635169971665,0.10147780925035477
ONE,R01,testing,06,128,1,1.0,1.0,0.9429082597083381,0.9370056066287363,0.101411834359169
ONE,R01,testing,06,129,1,1.0,1.0,0.9429082597083381,0.9360660085058429,0.09859748929738998
ONE,R01,testing,06,130,1,1.0,1.0,0.9429082597083381,0.9350578599673665,0.09781898558139801
ONE,R01,testing,06,131,1,1.0,1.0,0.9429082597083381,0.9339813845999663,0.09975920617580414
ONE,R01,testing,06,132,1,1.0,1.0,0.9429082597083381,0.9328368209654447,0.10026519745588303
ONE,R01,testing,06,133,1,1.0,1.0,0.9429082597083381,0.9316244225126369,0.09993487596511841
ONE,R01,testing,06,134,1,1.0,1.0,0.9429082597083381,0.9303444574838763,0.09890894591808319
ONE,R01,testing,06,135,1,1.0,1.0,0.9429082597083381,0.9289972088160856,0.09797842055559158
ONE,R01,testing,06,136,1,1.0,1.0,0.9429082597083381,0.927582974036543,0.09823466092348099
ONE,R01,testing,06,137,1,1.0,1.0,0.9429082597083381,0.9261020651533788,0.09754139930009842
ONE,R01,testing,06,138,1,1.0,1.0,0.9429082597083381,0.9245548085408586,0.10066133737564087
ONE,R01,testing,06,139,1,1.0,1.0,0.9429082597083381,0.9229415448195101,0.10153025388717651
ONE,R01,testing,06,140,1,1.0,1.0,0.9429082597083381,0.9212626287311587,0.09925976395606995
ONE,R01,testing,06,141,1,1.0,1.0,0.9429082597083381,0.9195184290089329,0.09977955371141434
ONE,R01,testing,06,142,1,1.0,1.0,0.9429082597083381,0.9177093282423078,0.09643080085515976
ONE,R01,testing,06,143,1,1.0,1.0,0.9429082597083381,0.9158357227372553,0.09994669258594513
ONE,R01,testing,06,144,1,1.0,1.0,0.8819822938382925,0.8548465514077537,0.09821031242609024
ONE,R01,testing,06,145,1,1.0,1.0,0.8819822938382925,0.8529744980196989,0.09832125902175903
ONE,R01,testing,06,146,1,1.0,1.0,0.8819822938382925,0.8510432955652996,0.09772586077451706
ONE,R01,testing,06,147,1,1.0,1.0,0.8819822938382925,0.8490533646667804,0.09773578494787216
ONE,R01,testing,06,148,1,1.0,1.0,0.8819822938382925,0.8470051380562706,0.09898139536380768
ONE,R01,testing,06,149,1,1.0,1.0,0.8819822938382925,0.844899060419011,0.09933608025312424
ONE,R01,testing,06,150,1,1.0,1.0,0.8819822938382925,0.8427355882324954,0.10011491924524307
ONE,R01,testing,06,151,1,1.0,1.0,0.8819822938382925,0.8405151896016332,0.09973043203353882
ONE,R01,testing,06,152,1,1.0,1.0,0.8819822938382925,0.8382383440900097,0.10130056738853455
ONE,R01,testing,06,153,1,1.0,1.0,0.8819822938382925,0.8359055425473356,0.09860089421272278
ONE,R01,testing,06,154,1,1.0,1.0,0.8819822938382925,0.8335172869331675,0.09673812985420227
ONE,R01,testing,06,155,1,1.0,1.0,0.8819822938382925,0.8310740901369914,0.09929235279560089
ONE,R01,testing,06,156,1,1.0,1.0,0.8819822938382925,0.8285764757947586,0.0991538017988205
ONE,R01,testing,06,157,1,1.0,1.0,0.8819822938382925,0.8260249781019635,0.09927094727754593
ONE,R01,testing,06,158,1,1.0,1.0,0.8819822938382925,0.8234201416233609,0.09876152873039246
ONE,R01,testing,06,159,1,1.0,1.0,0.8819822938382925,0.8207625210994135,0.09645261615514755
ONE,R01,testing,06,160,1,1.0,1.0,0.8176115364082563,0.7583477743851217,0.10119535028934479
ONE,R01,testing,06,161,1,1.0,1.0,0.8176115364082563,0.7557878344119594,0.09854832291603088
ONE,R01,testing,06,162,1,1.0,1.0,0.8176115364082563,0.7531805603138825,0.09793468564748764
ONE,R01,testing,06,163,1,1.0,1.0,0.8176115364082563,0.7505265022245459,0.09808705002069473
ONE,R01,testing,06,164,1,1.0,1.0,0.8176115364082563,0.7478262187712413,0.09699029475450516
ONE,R01,testing,06,165,1,1.0,1.0,0.8176115364082563,0.7450802768792095,0.09894740581512451
ONE,R01,testing,06,166,1,1.0,1.0,0.8176115364082563,0.742289251573572,0.09682741016149521
ONE,R01,testing,06,167,1,1.0,1.0,0.8176115364082563,0.7394537257789779,0.09756365418434143
ONE,R01,testing,06,168,1,1.0,1.0,0.8176115364082563,0.7365742901170657,0.09657099097967148
ONE,R01,testing,06,169,1,1.0,1.0,0.8176115364082563,0.7336515427018347,0.09654700756072998
ONE,R01,testing,06,170,1,1.0,1.0,0.8176115364082563,0.7306860889330293,0.09693991392850876
ONE,R01,testing,06,171,1,1.0,1.0,0.8176115364082563,0.7276785412876315,0.09849915653467178
ONE,R01,testing,06,172,1,1.0,1.0,0.8176115364082563,0.7246295191095666,0.10251818597316742
ONE,R01,testing,06,173,1,1.0,1.0,0.8176115364082563,0.7215396483977184,0.0990641713142395
ONE,R01,testing,06,174,1,1.0,1.0,0.8176115364082563,0.7184095615923579,0.09893789142370224
ONE,R01,testing,06,175,1,1.0,1.0,0.8176115364082563,0.7152398973600873,0.09922938793897629
ONE,R01,testing,06,176,1,1.0,1.0,0.7502779307730125,0.6533926527499737,0.09933548420667648
ONE,R01,testing,06,177,1,1.0,1.0,0.7502779307730125,0.6504131670804114,0.09945841133594513
ONE,R01,testing,06,178,1,1.0,1.0,0.7502779307730125,0.647399153843536,0.0993991419672966
ONE,R01,testing,06,179,1,1.0,1.0,0.7502779307730125,0.6443512199660077,0.09897394478321075
ONE,R01,testing,06,180,1,1.0,1.0,0.7502779307730125,0.6412699770841612,0.10136232525110245
ONE,R01,testing,06,181,1,1.0,1.0,0.7502779307730125,0.6381560413404526,0.09971001744270325
ONE,R01,testing,06,182,1,1.0,1.0,0.7502779307730125,0.6350100331792032,0.09771271795034409
ONE,R01,testing,06,183,1,1.0,1.0,0.7502779307730125,0.6318325771417331,0.09796128422021866
ONE,R01,testing,06,184,1,1.0,1.0,0.7502779307730125,0.6286243016609767,0.09919814020395279
ONE,R01,testing,06,185,1,1.0,1.0,0.7502779307730125,0.6253858388556788,0.09617450833320618
ONE,R01,testing,06,186,1,1.0,1.0,0.7502779307730125,0.6221178243242593,0.09755226224660873
ONE,R01,testing,06,187,1,1.0,1.0,0.7502779307730125,0.6188208969384447,0.0979677215218544
ONE,R01,testing,06,188,1,1.0,1.0,0.7502779307730125,0.6154956986367561,0.09639822691679001
ONE,R01,testing,06,189,1,1.0,1.0,0.7502779307730125,0.6121428742179479,0.09449392557144165
ONE,R01,testing,06,190,1,1.0,1.0,0.7502779307730125,0.6087630711344882,0.09754970669746399
ONE,R01,testing,06,191,1,1.0,1.0,0.7502779307730125,0.6053569392861748,0.09611126780509949
ONE,R01,testing,06,192,1,1.0,1.0,0.6805459217126126,0.5459812639427241,0.09978773444890976
ONE,R01,testing,06,193,1,1.0,1.0,0.6805459217126126,0.5428457163169342,0.09821195155382156
ONE,R01,testing,06,194,1,1.0,1.0,0.6805459217126126,0.5396880669050531,0.09876067191362381
ONE,R01,testing,06,195,1,1.0,1.0,0.6805459217126126,0.5365089122169281,0.09964215755462646
ONE,R01,testing,06,196,1,1.0,1.0,0.6805459217126126,0.533308850050953,0.09836000949144363
ONE,R01,testing,06,197,1,1.0,1.0,0.6805459217126126,0.5300884793093075,0.09816841781139374
ONE,R01,testing,06,198,1,1.0,1.0,0.6805459217126126,0.5268483998138818,0.09571069478988647
ONE,R01,testing,06,199,1,1.0,1.0,0.6805459217126126,0.5235892121229656,0.09920110553503036
ONE,R01,testing,06,200,1,1.0,1.0,0.6805459217126126,0.5203115173487783,0.09673942625522614
ONE,R01,testing,06,201,1,1.0,1.0,0.6805459217126126,0.5170159169759163,0.09687484055757523
ONE,R01,testing,06,202,1,1.0,1.0,0.6805459217126126,0.5137030126807907,0.09465533494949341
ONE,R01,testing,06,203,1,1.0,1.0,0.6805459217126126,0.5103734061521327,0.09435909241437912
ONE,R01,testing,06,204,1,1.0,1.0,0.6805459217126126,0.507027698912637,0.09606926143169403
ONE,R01,testing,06,205,1,1.0,1.0,0.6805459217126126,0.503666492141816,0.09312830865383148
ONE,R01,testing,06,206,1,1.0,1.0,0.6805459217126126,0.5002903865001364,0.09558963030576706
ONE,R01,testing,06,207,1,1.0,1.0,0.6805459217126126,0.4968999819545064,0.09382251650094986
ONE,R01,testing,06,208,1,1.0,1.0,0.6090486384384382,0.4416498324963062,0.09464945644140244
ONE,R01,testing,06,209,1,1.0,1.0,0.6090486384384382,0.43859163370237886,0.09686533361673355
ONE,R01,testing,06,210,1,1.0,1.0,0.6090486384384382,0.4355222437679835,0.09161539375782013
ONE,R01,testing,06,211,1,1.0,1.0,0.6090486384384382,0.4324421956100327,0.09481245279312134
ONE,R01,testing,06,212,1,1.0,1.0,0.6090486384384382,0.42935202076410794,0.09417945146560669
ONE,R01,testing,06,213,1,1.0,1.0,0.6090486384384382,0.42625224923678906,0.09554582834243774
ONE,R01,testing,06,214,1,1.0,1.0,0.6090486384384382,0.42314340935960043,0.09612182527780533
ONE,R01,testing,06,215,1,1.0,1.0,0.6090486384384382,0.4200260276446252,0.09936920553445816
ONE,R01,testing,06,216,1,1.0,1.0,0.6090486384384382,0.4169006286418417,0.09823591262102127
ONE,R01,testing,06,217,1,1.0,1.0,0.6090486384384382,0.4137677347982315,0.09606713801622391
ONE,R01,testing,06,218,1,1.0,1.0,0.6090486384384382,0.4106278663187091,0.09628769010305405
ONE,R01,testing,06,219,1,1.0,1.0,0.6090486384384382,0.40748154102892187,0.09387814998626709
ONE,R01,testing,06,220,1,1.0,1.0,0.6090486384384382,0.40432927423996606,0.09473513811826706
ONE,R01,testing,06,221,1,1.0,1.0,0.6090486384384382,0.4011715786150657,0.09668996930122375
ONE,R01,testing,06,222,1,1.0,1.0,0.6090486384384382,0.3980089640382577,0.09543904662132263
ONE,R01,testing,06,223,1,1.0,1.0,0.6090486384384382,0.3948419374851262,0.09483009576797485
ONE,R01,testing,08,10,0,1.0,1.0,0.5364708121022927,0.3558857111955509,0.0939243733882904
ONE,R01,testing,08,11,0,1.0,1.0,0.5364708121022927,0.35863908957828877,0.09577789157629013
ONE,R01,testing,08,12,0,1.0,1.0,0.5364708121022927,0.36138736920211967,0.09672567993402481
ONE,R01,testing,08,13,0,1.0,1.0,0.5364708121022927,0.3641301079399901,0.09937170147895813
ONE,R01,testing,08,14,0,1.0,1.0,0.5364708121022927,0.36686686151200704,0.09443692862987518
ONE,R01,testing,08,15,0,1.0,1.0,0.5364708121022927,0.36959718359940413,0.09521392732858658
ONE,R01,testing,08,16,0,1.0,1.0,0.6090486384384382,0.4226909743979116,0.09401558339595795
ONE,R01,testing,08,17,0,1.0,1.0,0.6090486384384382,0.4257745432238725,0.0961545929312706
ONE,R01,testing,08,18,0,1.0,1.0,0.6090486384384382,0.4288492777976727,0.09376732259988785
ONE,R01,testing,08,19,0,1.0,1.0,0.6090486384384382,0.4319146634900477,0.09527836740016937
ONE,R01,testing,08,20,0,1.0,1.0,0.6090486384384382,0.43497018403044224,0.09691990166902542
ONE,R01,testing,08,21,0,1.0,1.0,0.6090486384384382,0.43801532164666684,0.09463077783584595
ONE,R01,testing,08,22,0,1.0,1.0,0.6090486384384382,0.44104955720609634,0.09497088938951492
ONE,R01,testing,08,23,0,1.0,1.0,0.6090486384384382,0.44407237035836145,0.0900113508105278
ONE,R01,testing,08,24,0,1.0,1.0,0.6090486384384382,0.4470832396794809,0.09373391419649124
ONE,R01,testing,08,25,0,1.0,1.0,0.6090486384384382,0.4500816428173785,0.0912029817700386
ONE,R01,testing,08,26,0,1.0,1.0,0.6090486384384382,0.453067056638734,0.09367529302835464
ONE,R01,testing,08,27,0,1.0,1.0,0.6090486384384382,0.4560389573771094,0.09438277781009674
ONE,R01,testing,08,28,0,1.0,1.0,0.6090486384384382,0.4589968207822956,0.09371348470449448
ONE,R01,testing,08,29,0,1.0,1.0,0.6090486384384382,0.4619401222708213,0.09161583334207535
ONE,R01,testing,08,30,1,1.0,1.0,0.6090486384384382,0.4648683370775659,0.09621597826480865
ONE,R01,testing,08,31,1,1.0,1.0,0.6090486384384382,0.4677809404084168,0.09370870888233185
ONE,R01,testing,08,32,1,1.0,1.0,0.6805459217126126,0.525931050435601,0.09497574716806412
ONE,R01,testing,08,33,1,1.0,1.0,0.6805459217126126,0.5291489226172446,0.0932234451174736
ONE,R01,testing,08,34,1,1.0,1.0,0.6805459217126126,0.532347592990228,0.09483660012483597
ONE,R01,testing,08,35,1,1.0,1.0,0.6805459217126126,0.5355264767510907,0.09089810401201248
ONE,R01,testing,08,36,1,1.0,1.0,0.6805459217126126,0.5386849899319714,0.09213609248399734
ONE,R01,testing,08,37,1,1.0,1.0,0.6805459217126126,0.5418225495767368,0.09327424317598343
ONE,R01,testing,08,38,1,1.0,1.0,0.6805459217126126,0.5449385739177828,0.09518150985240936
ONE,R01,testing,08,39,1,1.0,1.0,0.6805459217126126,0.5480324825534388,0.09492740780115128
ONE,R01,testing,08,40,1,1.0,1.0,0.6805459217126126,0.551103696625897,0.0927734375
ONE,R01,testing,08,41,1,1.0,1.0,0.6805459217126126,0.554151638999593,0.0965418666601181
ONE,R01,testing,08,42,1,1.0,1.0,0.6805459217126126,0.5571757344399627,0.0939081609249115
ONE,R01,testing,08,43,1,1.0,1.0,0.6805459217126126,0.5601754097924974,0.09627638757228851
ONE,R01,testing,08,44,1,1.0,1.0,0.6805459217126126,0.5631500941620202,0.09342868626117706
ONE,R01,testing,08,45,1,1.0,1.0,0.6805459217126126,0.5660992190921088,0.09487664699554443
ONE,R01,testing,08,46,1,1.0,1.0,0.6805459217126126,0.5690222187445819,0.0930507704615593
ONE,R01,testing,08,47,1,1.0,1.0,0.6805459217126126,0.5719185300789754,0.09386523067951202
ONE,R01,testing,08,48,1,1.0,1.0,0.7502779307730126,0.633683094961087,0.09525525569915771
ONE,R01,testing,08,49,1,1.0,1.0,0.7502779307730126,0.6368154815543667,0.09492195397615433
ONE,R01,testing,08,50,1,1.0,1.0,0.7502779307730126,0.6399166035021367,0.09392973780632019
ONE,R01,testing,08,51,1,1.0,1.0,0.7502779307730126,0.6429858543849652,0.09442801773548126
ONE,R01,testing,08,52,1,1.0,1.0,0.7502779307730126,0.6460226318538694,0.09811383485794067
ONE,R01,testing,08,53,1,1.0,1.0,0.7502779307730126,0.6490263378262611,0.09377817809581757
ONE,R01,testing,08,54,1,1.0,1.0,0.7502779307730126,0.6519963786812608,0.09490437805652618
ONE,R01,testing,08,55,1,1.0,1.0,0.7502779307730126,0.6549321654542954,0.09692318737506866
ONE,R01,testing,08,56,1,1.0,1.0,0.7502779307730126,0.6578331140308878,0.09541603177785873
ONE,R01,testing,08,57,1,1.0,1.0,0.7502779307730126,0.6606986453395518,0.09300129860639572
ONE,R01,testing,08,58,1,1.0,1.0,0.7502779307730126,0.6635281855437011,0.09472528100013733
ONE,R01,testing,08,59,1,1.0,1.0,0.7502779307730126,0.6663211662324865,0.09564360976219177
ONE,R01,testing,08,60,1,1.0,1.0,0.7502779307730126,0.6690770246104709,0.09366326034069061
ONE,R01,testing,08,61,1,1.0,1.0,0.7502779307730126,0.6717952036860545,0.0948973149061203
ONE,R01,testing,08,62,1,1.0,1.0,0.7502779307730126,0.6744751524585606,0.09676503390073776
ONE,R01,testing,08,63,1,1.0,1.0,0.7502779307730126,0.6771163261038988,0.10071904957294464
ONE,R01,testing,08,64,1,1.0,1.0,0.8176115364082565,0.7407194157200817,0.09517616778612137
ONE,R01,testing,08,65,1,1.0,1.0,0.8176115364082565,0.7435113579615876,0.09832820296287537
ONE,R01,testing,08,66,1,1.0,1.0,0.8176115364082565,0.7462593064322014,0.09498236328363419
ONE,R01,testing,08,67,1,1.0,1.0,0.8176115364082565,0.7489626963251095,0.09431406855583191
ONE,R01,testing,08,68,1,1.0,1.0,0.8176115364082565,0.7516209705494008,0.0935463160276413
ONE,R01,testing,08,69,1,1.0,1.0,0.8176115364082565,0.7542335799210883,0.09494417160749435
ONE,R01,testing,08,70,1,1.0,1.0,0.8176115364082565,0.7567999833519223,0.09324390441179276
ONE,R01,testing,08,71,1,1.0,1.0,0.8176115364082565,0.7593196480359055,0.09496372193098068
ONE,R01,testing,08,72,1,1.0,1.0,0.8176115364082565,0.7617920496334186,0.09409498423337936
ONE,R01,testing,08,73,1,1.0,1.0,0.8176115364082565,0.7642166724528692,0.09474573284387589
ONE,R01,testing,08,74,1,1.0,1.0,0.8176115364082565,0.766593009629774,0.09654189646244049
ONE,R01,testing,08,75,1,1.0,1.0,0.8176115364082565,0.768920563303189,0.09684925526380539
ONE,R01,testing,08,76,1,1.0,1.0,0.8176115364082565,0.7711988447894017,0.09590589255094528
ONE,R01,testing,08,77,1,1.0,1.0,0.8176115364082565,0.7734273747527988,0.09604553878307343
ONE,R01,testing,08,78,1,1.0,1.0,0.8176115364082565,0.775605683373828,0.09543934464454651
ONE,R01,testing,08,79,1,1.0,1.0,0.8176115364082565,0.7777333105139703,0.09417838603258133
ONE,R01,testing,08,80,1,1.0,1.0,0.8819822938382926,0.8412044237621052,0.09417471289634705
ONE,R01,testing,08,81,1,1.0,1.0,0.8819822938382926,0.8433887697645147,0.09402501583099365
ONE,R01,testing,08,82,1,1.0,1.0,0.8819822938382926,0.8455170194133195,0.0929626077413559
ONE,R01,testing,08,83,1,1.0,1.0,0.8819822938382926,0.8475887198281639,0.09594608843326569
ONE,R01,testing,08,84,1,1.0,1.0,0.8819822938382926,0.8496034294103438,0.09576589614152908
ONE,R01,testing,08,85,1,1.0,1.0,0.8819822938382926,0.8515607179996372,0.09478320926427841
ONE,R01,testing,08,86,1,1.0,1.0,0.8819822938382926,0.8534601670273293,0.09556272625923157
ONE,R01,testing,08,87,1,1.0,1.0,0.8819822938382926,0.8553013696653595,0.09940019994974136
ONE,R01,testing,08,88,1,1.0,1.0,0.8819822938382926,0.8570839309715113,0.09587179869413376
ONE,R01,testing,08,89,1,1.0,1.0,0.8819822938382926,0.8588074680305756,0.09650543332099915
ONE,R01,testing,08,90,1,1.0,1.0,0.8819822938382926,0.8604716100914176,0.09545683115720749
ONE,R01,testing,08,91,1,1.0,1.0,0.8819822938382926,0.8620759986998744,0.09571433067321777
ONE,R01,testing,08,92,1,1.0,1.0,0.8819822938382926,0.8636202878274212,0.09774621576070786
ONE,R01,testing,08,93,1,1.0,1.0,0.8819822938382926,0.8651041439955393,0.09853209555149078
ONE,R01,testing,08,94,1,1.0,1.0,0.8819822938382926,0.8665272463957224,0.09817057847976685
ONE,R01,testing,08,95,1,1.0,1.0,0.8819822938382926,0.8678892870050641,0.09821360558271408
ONE,R01,testing,08,96,1,1.0,1.0,0.9429082597083381,0.9292322627697287,0.09741285443305969
ONE,R01,testing,08,97,1,1.0,1.0,0.9429082597083381,0.9305568987006256,0.09975826740264893
ONE,R01,testing,08,98,1,1.0,1.0,0.9429082597083381,0.9318153500615055,0.09949792176485062
ONE,R01,testing,08,99,1,1.0,1.0,0.9429082597083381,0.9330073433659997,0.09910290688276291
ONE,R01,testing,08,100,1,1.0,1.0,0.9429082597083381,0.9341326193414075,0.09793350845575333
ONE,R01,testing,08,101,1,1.0,1.0,0.9429082597083381,0.9351909330226834,0.10462378710508347
ONE,R01,testing,08,102,1,1.0,1.0,0.9429082597083381,0.9361820538413121,0.09877289831638336
ONE,R01,testing,08,103,1,1.0,1.0,0.9429082597083381,0.937105765709026,0.09816960990428925
ONE,R01,testing,08,104,1,1.0,1.0,0.9429082597083381,0.9379618670963238,0.09936702251434326
ONE,R01,testing,08,105,1,1.0,1.0,0.9429082597083381,0.938750171105748,0.09716348350048065
ONE,R01,testing,08,106,1,1.0,1.0,0.9429082597083381,0.9394705055398871,0.0968906357884407
ONE,R01,testing,08,107,1,1.0,1.0,0.9429082597083381,0.9401227129640647,0.09908384084701538
ONE,R01,testing,08,108,1,1.0,1.0,0.9429082597083381,0.9407066507636855,0.09827972948551178
ONE,R01,testing,08,109,1,1.0,1.0,0.9429082597083381,0.941222191196209,0.0954037681221962
ONE,R01,testing,08,110,1,1.0,1.0,0.9429082597083381,0.9416692214377229,0.09560135006904602
ONE,R01,testing,08,111,1,1.0,1.0,0.9429082597083381,0.942047643624094,0.09486155211925507
ONE,R01,testing,08,112,1,1.0,1.0,1.0,0.9994157598939329,0.09471277892589569
ONE,R01,testing,08,113,1,1.0,1.0,1.0,0.9996713229281853,0.0950121060013771
ONE,R01,testing,08,114,1,1.0,1.0,1.0,0.9998539079622759,0.096617691218853
ONE,R01,testing,08,115,1,1.0,1.0,1.0,0.9999634749895031,0.09676391631364822
ONE,R01,testing,08,116,1,1.0,1.0,1.0,1.0,0.09273675084114075
ONE,R01,testing,08,117,1,1.0,1.0,1.0,0.9999634749895031,0.09281314164400101
ONE,R01,testing,08,118,1,1.0,1.0,1.0,0.9998539079622759,0.09136278927326202
ONE,R01,testing,08,119,1,1.0,1.0,1.0,0.9996713229281853,0.0918286070227623
ONE,R01,testing,08,120,1,1.0,1.0,1.0,0.9994157598939329,0.09354899823665619
ONE,R01,testing,08,121,1,1.0,1.0,1.0,0.9990872748484456,0.0949336513876915
ONE,R01,testing,08,122,1,1.0,1.0,1.0,0.9986859397424321,0.09188560396432877
ONE,R01,testing,08,123,1,1.0,1.0,1.0,0.9982118424621175,0.09197592735290527
ONE,R01,testing,08,124,1,1.0,1.0,1.0,0.9976650867971677,0.09260004758834839
ONE,R01,testing,08,125,1,1.0,1.0,1.0,0.9970457924028208,0.0935521200299263
ONE,R01,testing,08,126,1,1.0,1.0,1.0,0.9963540947562445,0.09255848824977875
ONE,R01,testing,08,127,1,1.0,1.0,1.0,0.9955901451071429,0.09334158897399902
ONE,R01,testing,08,128,1,1.0,1.0,0.9429082597083381,0.9379618670963238,0.09264205396175385
ONE,R01,testing,08,129,1,1.0,1.0,0.9429082597083381,0.937105765709026,0.09443093836307526
ONE,R01,testing,08,130,1,1.0,1.0,0.9429082597083381,0.9361820538413121,0.09110710769891739
ONE,R01,testing,08,131,1,1.0,1.0,0.9429082597083381,0.9351909330226834,0.09187688678503036
ONE,R01,testing,08,132,1,1.0,1.0,0.9429082597083381,0.9341326193414075,0.0912076085805893
ONE,R01,testing,08,133,1,1.0,1.0,0.9429082597083381,0.9330073433659997,0.09376603364944458
ONE,R01,testing,08,134,1,1.0,1.0,0.9429082597083381,0.9318153500615055,0.09365308284759521
ONE,R01,testing,08,135,1,1.0,1.0,0.9429082597083381,0.9305568987006256,0.09492401033639908
ONE,R01,testing,08,136,1,1.0,1.0,0.9429082597083381,0.9292322627697287,0.09553877264261246
ONE,R01,testing,08,137,1,1.0,1.0,0.9429082597083381,0.9278417298697996,0.09559384733438492
ONE,R01,testing,08,138,1,1.0,1.0,0.9429082597083381,0.9263856016123747,0.09244915843009949
ONE,R01,testing,08,139,1,1.0,1.0,0.9429082597083381,0.9248641935105137,0.09004201740026474
ONE,R01,testing,08,140,1,1.0,1.0,0.9429082597083381,0.923277834864867,0.0902082547545433
ONE,R01,testing,08,141,1,1.0,1.0,0.9429082597083381,0.9216268686448937,0.09488151222467422
ONE,R01,testing,08,142,1,1.0,1.0,0.9429082597083381,0.9199116513652901,0.09369103610515594
ONE,R01,testing,08,143,1,1.0,1.0,0.9429082597083381,0.9181325529576936,0.09264277666807175
ONE,R01,testing,08,144,1,1.0,1.0,0.8819822938382925,0.8570839309715111,0.09091325849294662
ONE,R01,testing,08,145,1,1.0,1.0,0.8819822938382925,0.8553013696653594,0.09074737876653671
ONE,R01,testing,08,146,1,1.0,1.0,0.8819822938382925,0.8534601670273292,0.09143605828285217
ONE,R01,testing,08,147,1,1.0,1.0,0.8819822938382925,0.8515607179996371,0.09222294390201569
ONE,R01,testing,08,148,1,1.0,1.0,0.8819822938382925,0.8496034294103437,0.0906142070889473
ONE,R01,testing,08,149,1,1.0,1.0,0.8819822938382925,0.8475887198281638,0.09214655309915543
ONE,R01,testing,08,150,1,1.0,1.0,0.8819822938382925,0.8455170194133194,0.09197449684143066
ONE,R01,testing,08,151,1,1.0,1.0,0.8819822938382925,0.8433887697645146,0.09298713505268097
ONE,R01,testing,08,152,1,1.0,1.0,0.8819822938382925,0.8412044237621051,0.093814417719841
ONE,R01,testing,08,153,1,1.0,1.0,0.8819822938382925,0.8389644454075412,0.09289197623729706
ONE,R01,testing,08,154,1,1.0,1.0,0.8819822938382925,0.836669309659165,0.09030801057815552
ONE,R01,testing,08,155,1,1.0,1.0,0.8819822938382925,0.834319502264442,0.0882343277335167
ONE,R01,testing,08,156,1,1.0,1.0,0.8819822938382925,0.8319155195887097,0.08882057666778564
ONE,R01,testing,08,157,1,1.0,1.0,0.8819822938382925,0.8294578684405294,0.08952459692955017
ONE,R01,testing,08,158,1,1.0,1.0,0.8819822938382925,0.8269470658937251,0.09211014211177826
ONE,R01,testing,08,159,1,1.0,1.0,0.8819822938382925,0.8243836391061986,0.09423796087503433
ONE,R01,testing,08,160,1,1.0,1.0,0.8176115364082563,0.7617920496334185,0.0911000669002533
ONE,R01,testing,08,161,1,1.0,1.0,0.8176115364082563,0.7593196480359053,0.09314363449811935
ONE,R01,testing,08,162,1,1.0,1.0,0.8176115364082563,0.7567999833519222,0.09514926373958588
ONE,R01,testing,08,163,1,1.0,1.0,0.8176115364082563,0.7542335799210883,0.09170739352703094
ONE,R01,testing,08,164,1,1.0,1.0,0.8176115364082563,0.7516209705494007,0.0939517393708229
ONE,R01,testing,08,165,1,1.0,1.0,0.8176115364082563,0.7489626963251094,0.09276706725358963
ONE,R01,testing,08,166,1,1.0,1.0,0.8176115364082563,0.7462593064322013,0.0927475094795227
ONE,R01,testing,08,167,1,1.0,1.0,0.8176115364082563,0.7435113579615875,0.09202837944030762
ONE,R01,testing,08,168,1,1.0,1.0,0.8176115364082563,0.7407194157200817,0.09483688324689865
ONE,R01,testing,08,169,1,1.0,1.0,0.8176115364082563,0.7378840520372617,0.09253553301095963
ONE,R01,testing,08,170,1,1.0,1.0,0.8176115364082563,0.7350058465703074,0.09278629720211029
ONE,R01,testing,08,171,1,1.0,1.0,0.8176115364082563,0.7320853861069074,0.0925762727856636
ONE,R01,testing,08,172,1,1.0,1.0,0.8176115364082563,0.7291232643663268,0.09094080328941345
ONE,R01,testing,08,173,1,1.0,1.0,0.8176115364082563,0.7261200817987336,0.09238781034946442
ONE,R01,testing,08,174,1,1.0,1.0,0.8176115364082563,0.723076445382874,0.09670813381671906
ONE,R01,testing,08,175,1,1.0,1.0,0.8176115364082563,0.7199929684221964,0.09110564738512039
ONE,R01,testing,08,176,1,1.0,1.0,0.7502779307730125,0.6578331140308877,0.09301339834928513
ONE,R01,testing,08,177,1,1.0,1.0,0.7502779307730125,0.6549321654542953,0.09468518942594528
ONE,R01,testing,08,178,1,1.0,1.0,0.7502779307730125,0.6519963786812607,0.09334410727024078
ONE,R01,testing,08,179,1,1.0,1.0,0.7502779307730125,0.649026337826261,0.09398386627435684
ONE,R01,testing,08,180,1,1.0,1.0,0.7502779307730125,0.6460226318538693,0.09567973017692566
ONE,R01,testing,08,181,1,1.0,1.0,0.7502779307730125,0.6429858543849651,0.09576497226953506
ONE,R01,testing,08,182,1,1.0,1.0,0.7502779307730125,0.6399166035021367,0.0941907986998558
ONE,R01,testing,08,183,1,1.0,1.0,0.7502779307730125,0.6368154815543666,0.09712812304496765
ONE,R01,testing,08,184,1,1.0,1.0,0.7502779307730125,0.6336830949610869,0.09289029240608215
ONE,R01,testing,08,185,1,1.0,1.0,0.7502779307730125,0.6305200540156938,0.09374699741601944
ONE,R01,testing,08,186,1,1.0,1.0,0.7502779307730125,0.6273269726886106,0.09413453191518784
ONE,R01,testing,08,187,1,1.0,1.0,0.7502779307730125,0.624104468429987,0.09417935460805893
ONE,R01,testing,08,188,1,1.0,1.0,0.7502779307730125,0.6208531619721219,0.09470893442630768
ONE,R01,testing,08,189,1,1.0,1.0,0.7502779307730125,0.6175736771316985,0.09622404724359512
ONE,R01,testing,08,190,1,1.0,1.0,0.7502779307730125,0.6142666406119193,0.0942249521613121
ONE,R01,testing,08,191,1,1.0,1.0,0.7502779307730125,0.6109326818046268,0.09595648944377899
ONE,R01,testing,08,192,1,1.0,1.0,0.6805459217126126,0.551103696625897,0.09572551399469376
ONE,R01,testing,08,193,1,1.0,1.0,0.6805459217126126,0.5480324825534388,0.09617401659488678
ONE,R01,testing,08,194,1,1.0,1.0,0.6805459217126126,0.5449385739177828,0.09569607675075531
ONE,R01,testing,08,195,1,1.0,1.0,0.6805459217126126,0.5418225495767368,0.09164761751890182
ONE,R01,testing,08,196,1,1.0,1.0,0.6805459217126126,0.5386849899319714,0.09285004436969757
ONE,R01,testing,08,197,1,1.0,1.0,0.6805459217126126,0.5355264767510907,0.09181693941354752
ONE,R01,testing,08,198,1,1.0,1.0,0.6805459217126126,0.532347592990228,0.09317126870155334
ONE,R01,testing,08,199,1,1.0,1.0,0.6805459217126126,0.5291489226172446,0.09412708133459091
ONE,R01,testing,08,200,1,1.0,1.0,0.6805459217126126,0.525931050435601,0.09329957515001297
ONE,R01,testing,08,201,1,1.0,1.0,0.6805459217126126,0.5226945619089776,0.09093540906906128
ONE,R01,testing,08,202,1,1.0,1.0,0.6805459217126126,0.5194400429867134,0.09096220135688782
ONE,R01,testing,08,203,1,1.0,1.0,0.6805459217126126,0.5161680799301374,0.09428101778030396
ONE,R01,testing,08,204,1,1.0,1.0,0.6805459217126126,0.5128792591398593,0.08900235593318939
ONE,R01,testing,08,205,1,1.0,1.0,0.6805459217126126,0.5095741669840941,0.09286170452833176
ONE,R01,testing,08,206,1,1.0,1.0,0.6805459217126126,0.5062533896280824,0.08900901675224304
ONE,R01,testing,08,207,1,1.0,1.0,0.6805459217126126,0.5029175128646811,0.09338758140802383
ONE,R01,testing,08,208,1,1.0,1.0,0.6090486384384382,0.4470832396794809,0.08928524702787399
ONE,R01,testing,08,209,1,1.0,1.0,0.6090486384384382,0.44407237035836145,0.09065680205821991
ONE,R01,testing,08,210,1,1.0,1.0,0.6090486384384382,0.44104955720609634,0.09299179166555405
ONE,R01,testing,08,211,1,1.0,1.0,0.6090486384384382,0.43801532164666684,0.09350167214870453
ONE,R01,testing,08,212,1,1.0,1.0,0.6090486384384382,0.43497018403044224,0.09242837131023407
ONE,R01,testing,08,213,1,1.0,1.0,0.6090486384384382,0.4319146634900477,0.09050583839416504
ONE,R01,testing,08,214,1,1.0,1.0,0.6090486384384382,0.4288492777976727,0.09054505079984665
ONE,R01,testing,08,215,1,1.0,1.0,0.6090486384384382,0.4257745432238725,0.09208686649799347
ONE,R01,testing,08,216,1,1.0,1.0,0.6090486384384382,0.4226909743979116,0.09137244522571564
ONE,R01,testing,08,217,1,1.0,1.0,0.6090486384384382,0.41959908416970243,0.09238388389348984
ONE,R01,testing,08,218,1,1.0,1.0,0.6090486384384382,0.41649938347338467,0.09263861924409866
ONE,R01,testing,08,219,1,1.0,1.0,0.6090486384384382,0.4133923811925959,0.09229681640863419
ONE,R01,testing,08,220,1,1.0,1.0,0.6090486384384382,0.41027858402747847,0.09375403821468353
ONE,R01,testing,08,221,1,1.0,1.0,0.6090486384384382,0.4071584963634675,0.09063897281885147
ONE,R01,testing,08,222,1,1.0,1.0,0.6090486384384382,0.40403262014190605,0.09402788430452347
ONE,R01,testing,08,223,1,1.0,1.0,0.6090486384384382,0.4009014547325269,0.09105958789587021
ONE,R01,testing,08,224,0,1.0,1.0,0.5364708121022926,0.35036541522511966,0.09313270449638367
ONE,R01,testing,08,225,0,1.0,1.0,0.5364708121022926,0.3475993701248862,0.09482107311487198
ONE,R01,testing,09,10,0,1.0,1.0,0.5364708121022927,0.35668324029710063,0.07920939475297928
ONE,R01,testing,09,11,0,1.0,1.0,0.5364708121022927,0.3595075390948309,0.07924146950244904
ONE,R01,testing,09,12,0,1.0,1.0,0.5364708121022927,0.36232632042454793,0.07945052534341812
ONE,R01,testing,09,13,0,1.0,1.0,0.5364708121022927,0.3651391055495876,0.07770976424217224
ONE,R01,testing,09,14,0,1.0,1.0,0.5364708121022927,0.367945413387798,0.07918648421764374
ONE,R01,testing,09,15,0,1.0,1.0,0.5364708121022927,0.3707447606419681,0.07916316390037537
ONE,R01,testing,09,16,0,1.0,1.0,0.6090486384384382,0.42407152490752215,0.08208568394184113
ONE,R01,testing,09,17,0,1.0,1.0,0.6090486384384382,0.42723212913813013,0.08125082403421402
ONE,R01,testing,09,18,0,1.0,1.0,0.6090486384384382,0.4303831714841092,0.08399880677461624
ONE,R01,testing,09,19,0,1.0,1.0,0.6090486384384382,0.43352409472745784,0.07956036180257797
ONE,R01,testing,09,20,0,1.0,1.0,0.6090486384384382,0.43665433990644786,0.08157910406589508
ONE,R01,testing,09,21,0,1.0,1.0,0.6090486384384382,0.4397733464755573,0.08171380311250687
ONE,R01,testing,09,22,0,1.0,1.0,0.6090486384384382,0.44288055246717584,0.08261564373970032
ONE,R01,testing,09,23,0,1.0,1.0,0.6090486384384382,0.44597539465502023,0.08017940074205399
ONE,R01,testing,09,24,0,1.0,1.0,0.6090486384384382,0.44905730871919697,0.08009631931781769
ONE,R01,testing,09,25,0,1.0,1.0,0.6090486384384382,0.4521257294128469,0.07540041208267212
ONE,R01,testing,09,26,0,1.0,1.0,0.6090486384384382,0.4551800907303052,0.07973717153072357
ONE,R01,testing,09,27,0,1.0,1.0,0.6090486384384382,0.45821982607671036,0.07927509397268295
ONE,R01,testing,09,28,0,1.0,1.0,0.6090486384384382,0.4612443684389931,0.08005242049694061
ONE,R01,testing,09,29,0,1.0,1.0,0.6090486384384382,0.464253150558174,0.0782051831483841
ONE,R01,testing,09,30,0,1.0,1.0,0.6090486384384382,0.46724560510290175,0.08315024524927139
ONE,R01,testing,09,31,0,1.0,1.0,0.6090486384384382,0.4702211648441565,0.20899781584739685
ONE,R01,testing,09,32,0,1.0,1.0,0.6805459217126126,0.5287266028281236,0.2057395577430725
ONE,R01,testing,09,33,0,1.0,1.0,0.6805459217126126,0.5320118124854516,0.14852672815322876
ONE,R01,testing,09,34,0,1.0,1.0,0.6805459217126126,0.5352762452337668,0.11301351338624954
ONE,R01,testing,09,35,0,1.0,1.0,0.6805459217126126,0.5385192696887295,0.09568806737661362
ONE,R01,testing,09,36,0,1.0,1.0,0.6805459217126126,0.5417402555730538,0.07932991534471512
ONE,R01,testing,09,37,0,1.0,1.0,0.6805459217126126,0.5449385739177828,0.07980593293905258
ONE,R01,testing,09,38,0,1.0,1.0,0.6805459217126126,0.5481135972642681,0.07764621824026108
ONE,R01,testing,09,39,0,1.0,1.0,0.6805459217126126,0.551264699866769,0.07669594883918762
ONE,R01,testing,09,40,0,1.0,1.0,0.6805459217126126,0.5543912578955775,0.07619936764240265
ONE,R01,testing,09,41,0,1.0,1.0,0.6805459217126126,0.5574926496405808,0.07755433768033981
ONE,R01,testing,09,42,0,1.0,1.0,0.6805459217126126,0.560568255715167,0.0769805982708931
ONE,R01,testing,09,43,0,1.0,1.0,0.6805459217126126,0.5636174592603848,0.0768655389547348
ONE,R01,testing,09,44,0,1.0,1.0,0.6805459217126126,0.5666396461492605,0.08005382120609283
ONE,R01,testing,09,45,0,1.0,1.0,0.6805459217126126,0.5696342051911817,0.07593820989131927
ONE,R01,testing,09,46,0,1.0,1.0,0.6805459217126126,0.5726005283362512,0.07656837999820709
ONE,R01,testing,09,47,0,1.0,1.0,0.6805459217126126,0.5755380108795176,0.08589930832386017
ONE,R01,testing,09,48,0,1.0,1.0,0.7502779307730126,0.6377164168655438,0.08795616775751114
ONE,R01,testing,09,49,0,1.0,1.0,0.7502779307730126,0.6408893123815933,0.0883525013923645
ONE,R01,testing,09,50,0,1.0,1.0,0.7502779307730126,0.644028436524677,0.08506589382886887
ONE,R01,testing,09,51,0,1.0,1.0,0.7502779307730126,0.6471331396247699,0.07829338312149048
ONE,R01,testing,09,52,0,1.0,1.0,0.7502779307730126,0.6502027768195869,0.07601796835660934
ONE,R01,testing,09,53,0,1.0,1.0,0.7502779307730126,0.6532367082767058,0.07735966145992279
ONE,R01,testing,09,54,0,1.0,1.0,0.7502779307730126,0.6562342994148131,0.08295410126447678
ONE,R01,testing,09,55,0,1.0,1.0,0.7502779307730126,0.6591949211239662,0.0800916999578476
ONE,R01,testing,09,56,0,1.0,1.0,0.7502779307730126,0.6621179499847631,0.07938563078641891
ONE,R01,testing,09,57,0,1.0,1.0,0.7502779307730126,0.6650027684863182,0.07802370190620422
ONE,R01,testing,09,58,0,1.0,1.0,0.7502779307730126,0.6678487652429321,0.07992970198392868
ONE,R01,testing,09,59,0,1.0,1.0,0.7502779307730126,0.6706553352093542,0.07702725380659103
ONE,R01,testing,09,60,0,1.0,1.0,0.7502779307730126,0.673421879894529,0.07549428194761276
ONE,R01,testing,09,61,0,1.0,1.0,0.7502779307730126,0.6761478075737232,0.07900506258010864
ONE,R01,testing,09,62,0,1.0,1.0,0.7502779307730126,0.6788325334989264,0.0777164027094841
ONE,R01,testing,09,63,0,1.0,1.0,0.7502779307730126,0.6814754801074232,0.07694840431213379
ONE,R01,testing,09,64,0,1.0,1.0,0.8176115364082565,0.7454684052170031,0.07678885012865067
ONE,R01,testing,09,65,0,1.0,1.0,0.8176115364082565,0.7482556294244437,0.07851347327232361
ONE,R01,testing,09,66,0,1.0,1.0,0.8176115364082565,0.7509954858686645,0.07522918283939362
ONE,R01,testing,09,67,0,1.0,1.0,0.8176115364082565,0.7536873787032778,0.07380606979131699
ONE,R01,testing,09,68,0,1.0,1.0,0.8176115364082565,0.7563307210146379,0.07901331782341003
ONE,R01,testing,09,69,0,1.0,1.0,0.8176115364082565,0.7589249350348174,0.07819031178951263
ONE,R01,testing,09,70,0,1.0,1.0,0.8176115364082565,0.7614694523518117,0.08105990290641785
ONE,R01,testing,09,71,0,1.0,1.0,0.8176115364082565,0.7639637141168705,0.07980960607528687
ONE,R01,testing,09,72,0,1.0,1.0,0.8176115364082565,0.7664071712488432,0.0790436863899231
ONE,R01,testing,09,73,0,1.0,1.0,0.8176115364082565,0.7687992846354411,0.07867486029863358
ONE,R01,testing,09,74,0,1.0,1.0,0.8176115364082565,0.7711395253313079,0.08233695477247238
ONE,R01,testing,09,75,0,1.0,1.0,0.8176115364082565,0.7734273747527988,0.08101080358028412
ONE,R01,testing,09,76,0,1.0,1.0,0.8176115364082565,0.7756623248693678,0.0790906623005867
ONE,R01,testing,09,77,0,1.0,1.0,0.8176115364082565,0.7778438783914647,0.08085685223340988
ONE,R01,testing,09,78,0,1.0,1.0,0.8176115364082565,0.7799715489548433,0.08276555687189102
ONE,R01,testing,09,79,0,1.0,1.0,0.8176115364082565,0.7820448613011864,0.08020076155662537
ONE,R01,testing,09,80,0,1.0,1.0,0.8819822938382926,0.8457928520292786,0.07985690236091614
ONE,R01,testing,09,81,0,1.0,1.0,0.8819822938382926,0.8479106319054245,0.0860610157251358
ONE,R01,testing,09,82,0,1.0,1.0,0.8819822938382926,0.8499683096707199,0.08072946220636368
ONE,R01,testing,09,83,0,1.0,1.0,0.8819822938382926,0.8519654224363327,0.08285646140575409
ONE,R01,testing,09,84,0,1.0,1.0,0.8819822938382926,0.8539015202048816,0.08342288434505463
ONE,R01,testing,09,85,0,1.0,1.0,0.8819822938382926,0.8557761660393848,0.07574863731861115
ONE,R01,testing,09,86,0,1.0,1.0,0.8819822938382926,0.8575889362275656,0.09446106851100922
ONE,R01,testing,09,87,0,1.0,1.0,0.8819822938382926,0.8593394204414356,0.08883874118328094
ONE,R01,testing,09,88,0,1.0,1.0,0.8819822938382926,0.8610272218920648,0.09505382925271988
ONE,R01,testing,09,89,0,1.0,1.0,0.8819822938382926,0.8626519574794602,0.08857499063014984
ONE,R01,testing,09,90,0,1.0,1.0,0.8819822938382926,0.8642132579374738,0.08338244259357452
ONE,R01,testing,09,91,0,1.0,1.0,0.8819822938382926,0.8657107679736616,0.08104941248893738
ONE,R01,testing,09,92,0,1.0,1.0,0.8819822938382926,0.8671441464040209,0.07862305641174316
ONE,R01,testing,09,93,0,1.0,1.0,0.8819822938382926,0.8685130662825339,0.08386026322841644
ONE,R01,testing,09,94,0,1.0,1.0,0.8819822938382926,0.8698172150254481,0.08897945284843445
ONE,R01,testing,09,95,0,1.0,1.0,0.8819822938382926,0.8710562945302283,0.08851499110460281
ONE,R01,testing,09,96,0,1.0,1.0,0.9429082597083381,0.9324823153307854,0.08763688057661057
ONE,R01,testing,09,97,0,1.0,1.0,0.9429082597083381,0.9336669667242042,0.08830902725458145
ONE,R01,testing,09,98,0,1.0,1.0,0.9429082597083381,0.9347811919868624,0.08552490174770355
ONE,R01,testing,09,99,0,1.0,1.0,0.9429082597083381,0.9358247355054408,0.08435852825641632
ONE,R01,testing,09,100,0,1.0,1.0,0.9429082597083381,0.9367973576963055,0.08300105482339859
ONE,R01,testing,09,101,0,1.0,1.0,0.9429082597083381,0.9376988350971794,0.08520733565092087
ONE,R01,testing,09,102,0,1.0,1.0,0.9429082597083381,0.9385289604527082,0.08644372224807739
ONE,R01,testing,09,103,0,1.0,1.0,0.9429082597083381,0.939287542793872,0.08917997032403946
ONE,R01,testing,09,104,0,1.0,1.0,0.9429082597083381,0.939974407511205,0.09130563586950302
ONE,R01,testing,09,105,0,1.0,1.0,0.9429082597083381,0.9405893964217774,0.08984850347042084
ONE,R01,testing,09,106,0,1.0,1.0,0.9429082597083381,0.9411323678299107,0.08532528579235077
ONE,R01,testing,09,107,0,1.0,1.0,0.9429082597083381,0.9416031965815869,0.08499594032764435
ONE,R01,testing,09,108,0,1.0,1.0,0.9429082597083381,0.942001774112527,0.08519765734672546
ONE,R01,testing,09,109,0,1.0,1.0,0.9429082597083381,0.9423280084899118,0.08676228672266006
ONE,R01,testing,09,110,0,1.0,1.0,0.9429082597083381,0.9425818244477222,0.09093546867370605
ONE,R01,testing,09,111,0,1.0,1.0,0.9429082597083381,0.9427631634156787,0.09154781699180603
ONE,R01,testing,09,112,0,1.0,1.0,1.0,0.9999615273636674,0.09315270930528641
ONE,R01,testing,09,113,0,1.0,1.0,1.0,1.0,0.09623418003320694
ONE,R01,testing,09,114,0,1.0,1.0,1.0,0.9999615273636674,0.09102343767881393
ONE,R01,testing,09,115,0,1.0,1.0,1.0,0.999846118335304,0.08623766154050827
ONE,R01,testing,09,116,0,1.0,1.0,1.0,0.9996537995533978,0.08996959030628204
ONE,R01,testing,09,117,0,1.0,1.0,1.0,0.9993846154040418,0.08070626854896545
ONE,R01,testing,09,118,0,1.0,1.0,1.0,0.9990386280038616,0.08136554062366486
ONE,R01,testing,09,119,0,1.0,1.0,1.0,0.998615917176126,0.09144927561283112
ONE,R01,testing,09,120,0,1.0,1.0,1.0,0.9981165804200541,0.08574584871530533
ONE,R01,testing,09,121,0,1.0,1.0,1.0,0.997540732873336,0.08850396424531937
ONE,R01,testing,09,122,0,1.0,1.0,1.0,0.9968885072678856,0.08814917504787445
ONE,R01,testing,09,123,0,1.0,1.0,1.0,0.9961600538788513,0.0869344100356102
ONE,R01,testing,09,124,0,1.0,1.0,1.0,0.9953555404669119,0.09016503393650055
ONE,R01,testing,09,125,0,1.0,1.0,1.0,0.9944751522138855,0.08770808577537537
ONE,R01,testing,09,126,0,1.0,1.0,1.0,0.9935190916516916,0.09444478899240494
ONE,R01,testing,09,127,0,1.0,1.0,1.0,0.9924875785846987,0.09326963126659393
ONE,R01,testing,09,128,0,1.0,1.0,0.9429082597083381,0.9347811919868624,0.09184018522500992
ONE,R01,testing,09,129,0,1.0,1.0,0.9429082597083381,0.9336669667242042,0.08961940556764603
ONE,R01,testing,09,130,0,1.0,1.0,0.9429082597083381,0.9324823153307854,0.08930911868810654
ONE,R01,testing,09,131,0,1.0,1.0,0.9429082597083381,0.9312275093518799,0.0930648148059845
ONE,R01,testing,09,132,0,1.0,1.0,0.9429082597083381,0.9299028361609839,0.08968732506036758
ONE,R01,testing,09,133,0,1.0,1.0,0.9429082597083381,0.9285085988501298,0.08562538772821426
ONE,R01,testing,09,134,0,1.0,1.0,0.9429082597083381,0.9270451161143126,0.08604056388139725
ONE,R01,testing,09,135,0,1.0,1.0,0.9429082597083381,0.9255127221300844,0.08629803359508514
ONE,R01,testing,09,136,0,1.0,1.0,0.9429082597083381,0.9239117664283858,0.08484286814928055
ONE,R01,testing,09,137,0,1.0,1.0,0.9429082597083381,0.92224261376168,0.09024567157030106
ONE,R01,testing,09,138,0,1.0,1.0,0.9429082597083381,0.9205056439654609,0.09863273054361343
ONE,R01,testing,09,139,0,1.0,1.0,0.9429082597083381,0.9187012518142079,0.09137780964374542
ONE,R01,testing,09,140,0,1.0,1.0,0.9429082597083381,0.9168298468718659,0.08869010955095291
ONE,R01,testing,09,141,0,1.0,1.0,0.9429082597083381,0.9148918533369275,0.08590789139270782
ONE,R01,testing,09,142,0,1.0,1.0,0.9429082597083381,0.9128877098822009,0.08757150173187256
ONE,R01,testing,09,143,0,1.0,1.0,0.9429082597083381,0.9108178694893477,0.08654467761516571
ONE,R01,testing,09,144,0,1.0,1.0,0.8819822938382925,0.8499683096707198,0.08934128284454346
ONE,R01,testing,09,145,0,1.0,1.0,0.8819822938382925,0.8479106319054244,0.0898086428642273
ONE,R01,testing,09,146,0,1.0,1.0,0.8819822938382925,0.8457928520292786,0.09012287110090256
ONE,R01,testing,09,147,0,1.0,1.0,0.8819822938382925,0.8436154456490671,0.0917111188173294
ONE,R01,testing,09,148,0,1.0,1.0,0.8819822938382925,0.8413789009115699,0.09046710282564163
ONE,R01,testing,09,149,0,1.0,1.0,0.8819822938382925,0.8390837183212354,0.08660034835338593
ONE,R01,testing,09,150,0,1.0,1.0,0.8819822938382925,0.8367304105535851,0.08575326204299927
ONE,R01,testing,09,151,0,1.0,1.0,0.8819822938382925,0.834319502264442,0.08998002111911774
ONE,R01,testing,09,152,0,1.0,1.0,0.8819822938382925,0.8318515298950848,0.0903247520327568
ONE,R01,testing,09,153,0,1.0,1.0,0.8819822938382925,0.8293270414734297,0.09582683444023132
ONE,R01,testing,09,154,0,1.0,1.0,0.8819822938382925,0.8267465964113392,0.09512604773044586
ONE,R01,testing,09,155,0,1.0,1.0,0.8819822938382925,0.8241107652981676,0.08633042871952057
ONE,R01,testing,09,156,0,1.0,1.0,0.8819822938382925,0.8214201296906471,0.08686806261539459
ONE,R01,testing,09,157,0,1.0,1.0,0.8819822938382925,0.818675281899222,0.08076121658086777
ONE,R01,testing,09,158,0,1.0,1.0,0.8819822938382925,0.8158768247709424,0.0838109627366066
ONE,R01,testing,09,159,0,1.0,1.0,0.8819822938382925,0.8130253714690298,0.0889858826994896
ONE,R01,testing,09,160,0,1.0,1.0,0.8176115364082563,0.7509954858686644,0.0914870873093605
ONE,R01,testing,09,161,0,1.0,1.0,0.8176115364082563,0.7482556294244436,0.11652063578367233
ONE,R01,testing,09,162,0,1.0,1.0,0.8176115364082563,0.745468405217003,0.09994266927242279
ONE,R01,testing,09,163,0,1.0,1.0,0.8176115364082563,0.7426344178098356,0.09861341863870621
ONE,R01,testing,09,164,0,1.0,1.0,0.8176115364082563,0.7397542802653503,0.09074234962463379
ONE,R01,testing,09,165,0,1.0,1.0,0.8176115364082563,0.73682861392424,0.08731121569871902
ONE,R01,testing,09,166,0,1.0,1.0,0.8176115364082563,0.7338580481825189,0.0838075578212738
ONE,R01,testing,09,167,0,1.0,1.0,0.8176115364082563,0.7308432202663394,0.08264089375734329
ONE,R01,testing,09,168,0,1.0,1.0,0.8176115364082563,0.7277847750047023,0.08614207059144974
ONE,R01,testing,09,169,0,1.0,1.0,0.8176115364082563,0.7246833646001732,0.08995508402585983
ONE,R01,testing,09,170,0,1.0,1.0,0.8176115364082563,0.7215396483977184,0.08985764533281326
ONE,R01,testing,09,171,0,1.0,1.0,0.8176115364082563,0.7183542926517755,0.08979139477014542
ONE,R01,testing,09,172,0,1.0,1.0,0.8176115364082563,0.7151279702916733,0.08842139691114426
ONE,R01,testing,09,173,0,1.0,1.0,0.8176115364082563,0.7118613606855149,0.08602038770914078
ONE,R01,testing,09,174,0,1.0,1.0,0.8176115364082563,0.708555149402642,0.08739970624446869
ONE,R01,testing,09,175,0,1.0,1.0,0.8176115364082563,0.705210027974794,0.08563756197690964
ONE,R01,testing,09,176,0,1.0,1.0,0.7502779307730125,0.6440284365246769,0.09036917984485626
ONE,R01,testing,09,177,0,1.0,1.0,0.7502779307730125,0.6408893123815932,0.09116935729980469
ONE,R01,testing,09,178,0,1.0,1.0,0.7502779307730125,0.6377164168655437,0.09331023693084717
ONE,R01,testing,09,179,0,1.0,1.0,0.7502779307730125,0.6345104042313994,0.09225451201200485
ONE,R01,testing,09,180,0,1.0,1.0,0.7502779307730125,0.6312719330953185,0.09113333374261856
ONE,R01,testing,09,181,0,1.0,1.0,0.7502779307730125,0.6280016662106296,0.08662190288305283
ONE,R01,testing,09,182,0,1.0,1.0,0.7502779307730125,0.6247002702432625,0.08472761511802673
ONE,R01,testing,09,183,0,1.0,1.0,0.7502779307730125,0.6213684155468315,0.08858553320169449
ONE,R01,testing,09,184,0,1.0,1.0,0.7502779307730125,0.6180067759374801,0.09566734731197357
ONE,R01,testing,09,185,0,1.0,1.0,0.7502779307730125,0.6146160284685857,0.09655126184225082
ONE,R01,testing,09,186,0,1.0,1.0,0.7502779307730125,0.6111968532054354,0.09592276811599731
ONE,R01,testing,09,187,0,1.0,1.0,0.7502779307730125,0.607749932999973,0.09164872020483017
ONE,R01,testing,09,188,0,1.0,1.0,0.7502779307730125,0.6042759532657206,0.08939237147569656
ONE,R01,testing,09,189,0,1.0,1.0,0.7502779307730125,0.6007756017529787,0.09115085005760193
ONE,R01,testing,09,190,0,1.0,1.0,0.7502779307730125,0.5972495683244073,0.091628298163414
ONE,R01,testing,09,191,0,1.0,1.0,0.7502779307730125,0.5936985447310863,0.09611350297927856
ONE,R01,testing,09,192,0,1.0,1.0,0.6805459217126126,0.5352762452337668,0.09559646248817444
ONE,R01,testing,09,193,0,1.0,1.0,0.6805459217126126,0.5320118124854516,0.09746149927377701
ONE,R01,testing,09,194,0,1.0,1.0,0.6805459217126126,0.5287266028281236,0.09592125564813614
ONE,R01,testing,09,195,0,1.0,1.0,0.6805459217126126,0.5254212485526979,0.09529580175876617
ONE,R01,testing,09,196,0,1.0,1.0,0.6805459217126126,0.522096382657069,0.09086441993713379
ONE,R01,testing,09,197,0,1.0,1.0,0.6805459217126126,0.5187526386474833,0.09174921363592148
ONE,R01,testing,09,198,0,1.0,1.0,0.6805459217126126,0.5153906503409659,0.08987310528755188
ONE,R01,testing,09,199,0,1.0,1.0,0.6805459217126126,0.5120110516688862,0.09227529913187027
ONE,R01,testing,09,200,0,1.0,1.0,0.6805459217126126,0.5086144764817456,0.09381475299596786
ONE,R01,testing,09,201,0,1.0,1.0,0.6805459217126126,0.5052015583552681,0.091701440513134
ONE,R01,testing,09,202,0,1.0,1.0,0.6805459217126126,0.5017729303978753,0.0942186638712883
ONE,R01,testing,09,203,0,1.0,1.0,0.6805459217126126,0.49832922505962546,0.08959272503852844
ONE,R01,testing,09,204,0,1.0,1.0,0.6805459217126126,0.49487107394269375,0.09166517108678818
ONE,R01,testing,09,205,0,1.0,1.0,0.6805459217126126,0.4913991076134714,0.09606846421957016
ONE,R01,testing,09,206,0,1.0,1.0,0.6805459217126126,0.48791395541635857,0.0946992039680481
ONE,R01,testing,09,207,0,1.0,1.0,0.6805459217126126,0.48441624528932486,0.09223561733961105
ONE,R01,testing,09,208,0,1.0,1.0,0.6090486384384382,0.4303831714841092,0.0939316675066948
ONE,R01,testing,09,209,0,1.0,1.0,0.6090486384384382,0.42723212913813013,0.0942702367901802
ONE,R01,testing,09,210,0,1.0,1.0,0.6090486384384382,0.42407152490752215,0.09316030144691467
ONE,R01,testing,09,211,0,1.0,1.0,0.6090486384384382,0.42090191410846056,0.09370376169681549
ONE,R01,testing,09,212,0,1.0,1.0,0.6090486384384382,0.41772384999908724,0.09053783863782883
ONE,R01,testing,09,213,0,1.0,1.0,0.6090486384384382,0.41453788362525357,0.09356051683425903
ONE,R01,testing,09,214,0,1.0,1.0,0.6090486384384382,0.4113445636682702,0.09111253917217255
ONE,R01,testing,09,215,0,1.0,1.0,0.6090486384384382,0.40814443629471886,0.09148883074522018
ONE,R01,testing,09,216,0,1.0,1.0,0.6090486384384382,0.40493804500837816,0.09243271499872208
ONE,R01,testing,09,217,0,1.0,1.0,0.6090486384384382,0.4017259305043167,0.09112492203712463
ONE,R01,testing,09,218,0,1.0,1.0,0.6090486384384382,0.39850863052520297,0.09654710441827774
ONE,R01,testing,09,219,0,1.0,1.0,0.6090486384384382,0.3952866797198809,0.09323612600564957
ONE,R01,testing,10,10,0,1.0,1.0,0.5364708121022927,0.35641281831234545,0.0708376094698906
ONE,R01,testing,10,11,0,1.0,1.0,0.5364708121022927,0.3592130792713272,0.06884188205003738
ONE,R01,testing,10,12,0,1.0,1.0,0.5364708121022927,0.3620079672567871,0.06536903977394104
ONE,R01,testing,10,13,0,1.0,1.0,0.5364708121022927,0.3647970161682183,0.06719239056110382
ONE,R01,testing,10,14,0,1.0,1.0,0.5364708121022927,0.3675797576260224,0.06840374320745468
ONE,R01,testing,10,15,0,1.0,1.0,0.5364708121022927,0.37035572109615283,0.06843744218349457
ONE,R01,testing,10,16,0,1.0,1.0,0.6090486384384382,0.4236035276837196,0.06545261293649673
ONE,R01,testing,10,17,0,1.0,1.0,0.6090486384384382,0.4267380429053874,0.06856081634759903
ONE,R01,testing,10,18,0,1.0,1.0,0.6090486384384382,0.42986324735707493,0.06592164188623428
ONE,R01,testing,10,19,0,1.0,1.0,0.6090486384384382,0.4329785985182214,0.06889109313488007
ONE,R01,testing,10,20,0,1.0,1.0,0.6090486384384382,0.4360835521590513,0.0678972378373146
ONE,R01,testing,10,21,0,1.0,1.0,0.6090486384384382,0.4391775624933807,0.06604526191949844
ONE,R01,testing,10,22,0,1.0,1.0,0.6090486384384382,0.4422600823331144,0.06708626449108124
ONE,R01,testing,10,23,0,1.0,1.0,0.6090486384384382,0.44533056324437864,0.06593741476535797
ONE,R01,testing,10,24,0,1.0,1.0,0.6090486384384382,0.4483884557052267,0.06501615792512894
ONE,R01,testing,10,25,0,1.0,1.0,0.6090486384384382,0.4514332092648588,0.06402353942394257
ONE,R01,testing,10,26,0,1.0,1.0,0.6090486384384382,0.45446427270429396,0.061303917318582535
ONE,R01,testing,10,27,0,1.0,1.0,0.6090486384384382,0.4574810941984299,0.06487566232681274
ONE,R01,testing,10,28,0,1.0,1.0,0.6090486384384382,0.46048312147942716,0.06594836711883545
ONE,R01,testing,10,29,0,1.0,1.0,0.6090486384384382,0.4634698020013522,0.0630645900964737
ONE,R01,testing,10,30,0,1.0,1.0,0.6090486384384382,0.46644058310601205,0.06509312242269516
ONE,R01,testing,10,31,0,1.0,1.0,0.6090486384384382,0.4693949121899144,0.06397652626037598
ONE,R01,testing,10,32,0,1.0,1.0,0.6805459217126126,0.5277801430128614,0.06408455967903137
ONE,R01,testing,10,33,0,1.0,1.0,0.6805459217126126,0.5310426680033234,0.06236603111028671
ONE,R01,testing,10,34,0,1.0,1.0,0.6805459217126126,0.5342849594673846,0.06441033631563187
ONE,R01,testing,10,35,0,1.0,1.0,0.6805459217126126,0.5375064020629612,0.0634094849228859
ONE,R01,testing,10,36,0,1.0,1.0,0.6805459217126126,0.5407063814580086,0.06397063285112381
ONE,R01,testing,10,37,0,1.0,1.0,0.6805459217126126,0.5438842845229701,0.06402377039194107
ONE,R01,testing,10,38,0,1.0,1.0,0.6805459217126126,0.5470394995239211,0.06175880879163742
ONE,R01,testing,10,39,0,1.0,1.0,0.6805459217126126,0.5501714163163288,0.06236410140991211
ONE,R01,testing,10,40,0,1.0,1.0,0.6805459217126126,0.5532794265393388,0.06841769814491272
ONE,R01,testing,10,41,0,1.0,1.0,0.6805459217126126,0.5563629238105057,0.06625639647245407
ONE,R01,testing,10,42,0,1.0,1.0,0.6805459217126126,0.5594213039208815,0.06990905106067657
ONE,R01,testing,10,43,0,1.0,1.0,0.6805459217126126,0.5624539650303747,0.07005757838487625
ONE,R01,testing,10,44,0,1.0,1.0,0.6805459217126126,0.5654603078632912,0.06490394473075867
ONE,R01,testing,10,45,0,1.0,1.0,0.6805459217126126,0.5684397359039729,0.05935116857290268
ONE,R01,testing,10,46,0,1.0,1.0,0.6805459217126126,0.5713916555924413,0.0683867409825325
ONE,R01,testing,10,47,0,1.0,1.0,0.6805459217126126,0.5743154765199595,0.07182904332876205
ONE,R01,testing,10,48,0,1.0,1.0,0.7502779307730126,0.6363543876950565,0.0672672837972641
ONE,R01,testing,10,49,0,1.0,1.0,0.7502779307730126,0.6395139038489054,0.0729353278875351
ONE,R01,testing,10,50,0,1.0,1.0,0.7502779307730126,0.6426405123903871,0.06772852689027786
ONE,R01,testing,10,51,0,1.0,1.0,0.7502779307730126,0.6457335784619153,0.06964557617902756
ONE,R01,testing,10,52,0,1.0,1.0,0.7502779307730126,0.6487924717532192,0.06642398238182068
ONE,R01,testing,10,53,0,1.0,1.0,0.7502779307730126,0.651816566714319,0.061827801167964935
ONE,R01,testing,10,54,0,1.0,1.0,0.7502779307730126,0.6548052427677148,0.06334752589464188
ONE,R01,testing,10,55,0,1.0,1.0,0.7502779307730126,0.6577578845196876,0.0629136860370636
ONE,R01,testing,10,56,0,1.0,1.0,0.7502779307730126,0.6606738819706138,0.06685526669025421
ONE,R01,testing,10,57,0,1.0,1.0,0.7502779307730126,0.6635526307241912,0.067009337246418
ONE,R01,testing,10,58,0,1.0,1.0,0.7502779307730126,0.6663935321954785,0.06993694603443146
ONE,R01,testing,10,59,0,1.0,1.0,0.7502779307730126,0.669195993817646,0.06611113250255585
ONE,R01,testing,10,60,0,1.0,1.0,0.7502779307730126,0.6719594292473411,0.061367541551589966
ONE,R01,testing,10,61,0,1.0,1.0,0.7502779307730126,0.6746832585685651,0.060807276517152786
ONE,R01,testing,10,62,0,1.0,1.0,0.7502779307730126,0.6773669084949675,0.06443773955106735
ONE,R01,testing,10,63,0,1.0,1.0,0.7502779307730126,0.6800098125704538,0.05914900824427605
ONE,R01,testing,10,64,0,1.0,1.0,0.8176115364082565,0.7438722930892923,0.06055369973182678
ONE,R01,testing,10,65,0,1.0,1.0,0.8176115364082565,0.7466617580948762,0.06620930880308151
ONE,R01,testing,10,66,0,1.0,1.0,0.8176115364082565,0.7494050154557894,0.07228205353021622
ONE,R01,testing,10,67,0,1.0,1.0,0.8176115364082565,0.7521014797980539,0.07804779708385468
ONE,R01,testing,10,68,0,1.0,1.0,0.8176115364082565,0.7547505742527535,0.0900845006108284
ONE,R01,testing,10,69,0,1.0,1.0,0.8176115364082565,0.7573517306614175,0.08762016892433167
ONE,R01,testing,10,70,0,1.0,1.0,0.8176115364082565,0.7599043897788358,0.07469169795513153
ONE,R01,testing,10,71,0,1.0,1.0,0.8176115364082565,0.7624080014732081,0.06642724573612213
ONE,R01,testing,10,72,0,1.0,1.0,0.8176115364082565,0.7648620249235201,0.06293708086013794
ONE,R01,testing,10,73,0,1.0,1.0,0.8176115364082565,0.767265928814055,0.06856061518192291
ONE,R01,testing,10,74,0,1.0,1.0,0.8176115364082565,0.7696191915259377,0.07323594391345978
ONE,R01,testing,10,75,0,1.0,1.0,0.8176115364082565,0.7719213013256172,0.06909652054309845
ONE,R01,testing,10,76,0,1.0,1.0,0.8176115364082565,0.7741717565501899,0.08253690600395203
ONE,R01,testing,10,77,0,1.0,1.0,0.8176115364082565,0.7763700657894734,0.08944962173700333
ONE,R01,testing,10,78,0,1.0,1.0,0.8176115364082565,0.7785157480647348,0.08920865505933762
ONE,R01,testing,10,79,0,1.0,1.0,0.8176115364082565,0.7806083330039847,0.0752963051199913
ONE,R01,testing,10,80,0,1.0,1.0,0.8819822938382926,0.8442653803122385,0.06729554384946823
ONE,R01,testing,10,81,0,1.0,1.0,0.8819822938382926,0.8464066840502956,0.0664421021938324
ONE,R01,testing,10,82,0,1.0,1.0,0.8819822938382926,0.8484892583567797,0.06944553554058075
ONE,R01,testing,10,83,0,1.0,1.0,0.8819822938382926,0.8505126434079598,0.07275552302598953
ONE,R01,testing,10,84,0,1.0,1.0,0.8819822938382926,0.8524763917085002,0.0715802013874054
ONE,R01,testing,10,85,0,1.0,1.0,0.8819822938382926,0.8543800682563604,0.06993460655212402
ONE,R01,testing,10,86,0,1.0,1.0,0.8819822938382926,0.8562232507033545,0.06645432859659195
ONE,R01,testing,10,87,0,1.0,1.0,0.8819822938382926,0.858005529511286,0.06783030927181244
ONE,R01,testing,10,88,0,1.0,1.0,0.8819822938382926,0.8597265081035763,0.065615713596344
ONE,R01,testing,10,89,0,1.0,1.0,0.8819822938382926,0.8613858030123105,0.07090985029935837
ONE,R01,testing,10,90,0,1.0,1.0,0.8819822938382926,0.862983044020622,0.0683329701423645
ONE,R01,testing,10,91,0,1.0,1.0,0.8819822938382926,0.8645178743003432,0.06129064783453941
ONE,R01,testing,10,92,0,1.0,1.0,0.8819822938382926,0.8659899505448508,0.0663897767663002
ONE,R01,testing,10,93,0,1.0,1.0,0.8819822938382926,0.8673989430970351,0.06384507566690445
ONE,R01,testing,10,94,0,1.0,1.0,0.8819822938382926,0.8687445360723283,0.06718554347753525
ONE,R01,testing,10,95,0,1.0,1.0,0.8819822938382926,0.8700264274767255,0.06562856584787369
ONE,R01,testing,10,96,0,1.0,1.0,0.9429082597083381,0.9314285332923616,0.0641346126794815
ONE,R01,testing,10,97,0,1.0,1.0,0.9429082597083381,0.9326618632424314,0.06149841845035553
ONE,R01,testing,10,98,0,1.0,1.0,0.9429082597083381,0.9338262129309748,0.08055518567562103
ONE,R01,testing,10,99,0,1.0,1.0,0.9429082597083381,0.9349213200555725,0.08268092572689056
ONE,R01,testing,10,100,0,1.0,1.0,0.9429082597083381,0.9359469377122871,0.08405093848705292
ONE,R01,testing,10,101,0,1.0,1.0,0.9429082597083381,0.9369028344884391,0.0736793503165245
ONE,R01,testing,10,102,0,1.0,1.0,0.9429082597083381,0.9377887945496267,0.06747481226921082
ONE,R01,testing,10,103,0,1.0,1.0,0.9429082597083381,0.9386046177209464,0.06391561776399612
ONE,R01,testing,10,104,0,1.0,1.0,0.9429082597083381,0.9393501195623704,0.06638108938932419
ONE,R01,testing,10,105,0,1.0,1.0,0.9429082597083381,0.9400251314382406,0.08378437906503677
ONE,R01,testing,10,106,0,1.0,1.0,0.9429082597083381,0.9406295005808444,0.07289087772369385
ONE,R01,testing,10,107,0,1.0,1.0,0.9429082597083381,0.9411630901480358,0.07564672827720642
ONE,R01,testing,10,108,0,1.0,1.0,0.9429082597083381,0.9416257792748748,0.07199738174676895
ONE,R01,testing,10,109,0,1.0,1.0,0.9429082597083381,0.9420174631192547,0.06478685140609741
ONE,R01,testing,10,110,0,1.0,1.0,0.9429082597083381,0.9423380529014959,0.06986335664987564
ONE,R01,testing,10,111,0,1.0,1.0,0.9429082597083381,0.9425874759378827,0.06743311136960983
ONE,R01,testing,10,112,0,1.0,1.0,1.0,0.9998487827010292,0.07781386375427246
ONE,R01,testing,10,113,0,1.0,1.0,1.0,0.9999621935313177,0.07959232479333878
ONE,R01,testing,10,114,0,1.0,1.0,1.0,1.0,0.0777459517121315
ONE,R01,testing,10,115,0,1.0,1.0,1.0,0.9999621935313177,0.07207288593053818
ONE,R01,testing,10,116,0,1.0,1.0,1.0,0.9998487827010292,0.06902516633272171
ONE,R01,testing,10,117,0,1.0,1.0,1.0,0.9996597932331671,0.06757363677024841
ONE,R01,testing,10,118,0,1.0,1.0,1.0,0.9993952679903148,0.07378373295068741
ONE,R01,testing,10,119,0,1.0,1.0,1.0,0.9990552669574038,0.07579623907804489
ONE,R01,testing,10,120,0,1.0,1.0,1.0,0.9986398672190442,0.07507970929145813
ONE,R01,testing,10,121,0,1.0,1.0,1.0,0.9981491629303978,0.0822872444987297
ONE,R01,testing,10,122,0,1.0,1.0,1.0,0.9975832652816101,0.08415339142084122
ONE,R01,testing,10,123,0,1.0,1.0,1.0,0.9969423024558197,0.0788368508219719
ONE,R01,testing,10,124,0,1.0,1.0,1.0,0.9962264195807677,0.07831253111362457
ONE,R01,testing,10,125,0,1.0,1.0,1.0,0.9954357786740324,0.09781701862812042
ONE,R01,testing,10,126,0,1.0,1.0,1.0,0.9945705585819187,0.09657494723796844
ONE,R01,testing,10,127,0,1.0,1.0,1.0,0.9936309549120329,0.0967162474989891
ONE,R01,testing,10,128,0,1.0,1.0,0.9429082597083381,0.9359469377122871,0.08674408495426178
ONE,R01,testing,10,129,0,1.0,1.0,0.9429082597083381,0.9349213200555725,0.07172144204378128
ONE,R01,testing,10,130,0,1.0,1.0,0.9429082597083381,0.9338262129309748,0.07261653989553452
ONE,R01,testing,10,131,0,1.0,1.0,0.9429082597083381,0.9326618632424314,0.07194974273443222
ONE,R01,testing,10,132,0,1.0,1.0,0.9429082597083381,0.9314285332923616,0.08096688240766525
ONE,R01,testing,10,133,0,1.0,1.0,0.9429082597083381,0.9301265006831874,0.08290043473243713
ONE,R01,testing,10,134,0,1.0,1.0,0.9429082597083381,0.9287560582131974,0.08030730485916138
ONE,R01,testing,10,135,0,1.0,1.0,0.9429082597083381,0.9273175137668141,0.07881775498390198
ONE,R01,testing,10,136,0,1.0,1.0,0.9429082597083381,0.9258111901993189,0.06840435415506363
ONE,R01,testing,10,137,0,1.0,1.0,0.9429082597083381,0.9242374252160944,0.07038426399230957
ONE,R01,testing,10,138,0,1.0,1.0,0.9429082597083381,0.9225965712464512,0.0741996243596077
ONE,R01,testing,10,139,0,1.0,1.0,0.9429082597083381,0.9208889953121004,0.07864285260438919
ONE,R01,testing,10,140,0,1.0,1.0,0.9429082597083381,0.9191150788903448,0.08469956368207932
ONE,R01,testing,10,141,0,1.0,1.0,0.9429082597083381,0.9172752177720565,0.08182336390018463
ONE,R01,testing,10,142,0,1.0,1.0,0.9429082597083381,0.9153698219145181,0.07677742093801498
ONE,R01,testing,10,143,0,1.0,1.0,0.9429082597083381,0.9133993152892016,0.07579030841588974
ONE,R01,testing,10,144,0,1.0,1.0,0.8819822938382925,0.8524763917085001,0.07523302733898163
ONE,R01,testing,10,145,0,1.0,1.0,0.8819822938382925,0.8505126434079597,0.08804542571306229
ONE,R01,testing,10,146,0,1.0,1.0,0.8819822938382925,0.8484892583567796,0.09669792652130127
ONE,R01,testing,10,147,0,1.0,1.0,0.8819822938382925,0.8464066840502955,0.08889135718345642
ONE,R01,testing,10,148,0,1.0,1.0,0.8819822938382925,0.8442653803122384,0.09746693819761276
ONE,R01,testing,10,149,0,1.0,1.0,0.8819822938382925,0.8420658191255771,0.0827966257929802
ONE,R01,testing,10,150,0,1.0,1.0,0.8819822938382925,0.8398084844591917,0.07953671365976334
ONE,R01,testing,10,151,0,1.0,1.0,0.8819822938382925,0.8374938720904661,0.08019320666790009
ONE,R01,testing,10,152,0,1.0,1.0,0.8819822938382925,0.8351224894238924,0.08450841903686523
ONE,R01,testing,10,153,0,1.0,1.0,0.8819822938382925,0.8326948553057776,0.08500835299491882
ONE,R01,testing,10,154,0,1.0,1.0,0.8819822938382925,0.8302114998351485,0.07899989187717438
ONE,R01,testing,10,155,0,1.0,1.0,0.8819822938382925,0.8276729641709525,0.07346455752849579
ONE,R01,testing,10,156,0,1.0,1.0,0.8819822938382925,0.825079800335649,0.06846918910741806
ONE,R01,testing,10,157,0,1.0,1.0,0.8819822938382925,0.8224325710152957,0.0748809352517128
ONE,R01,testing,10,158,0,1.0,1.0,0.8819822938382925,0.8197318493562262,0.07305161654949188
ONE,R01,testing,10,159,0,1.0,1.0,0.8819822938382925,0.8169782187584264,0.07681760936975479
ONE,R01,testing,10,160,0,1.0,1.0,0.8176115364082563,0.7547505742527534,0.08304031193256378
ONE,R01,testing,10,161,0,1.0,1.0,0.8176115364082563,0.7521014797980538,0.07820576429367065
ONE,R01,testing,10,162,0,1.0,1.0,0.8176115364082563,0.7494050154557893,0.07557698339223862
ONE,R01,testing,10,163,0,1.0,1.0,0.8176115364082563,0.7466617580948761,0.07314356416463852
ONE,R01,testing,10,164,0,1.0,1.0,0.8176115364082563,0.7438722930892921,0.07461164146661758
ONE,R01,testing,10,165,0,1.0,1.0,0.8176115364082563,0.7410372141102272,0.08763014525175095
ONE,R01,testing,10,166,0,1.0,1.0,0.8176115364082563,0.7381571229158724,0.0872081071138382
ONE,R01,testing,10,167,0,1.0,1.0,0.8176115364082563,0.7352326291389503,0.08698692917823792
ONE,R01,testing,10,168,0,1.0,1.0,0.8176115364082563,0.7322643500720912,0.07671910524368286
ONE,R01,testing,10,169,0,1.0,1.0,0.8176115364082563,0.7292529104511629,0.07126270979642868
ONE,R01,testing,10,170,0,1.0,1.0,0.8176115364082563,0.7261989422366576,0.08283248543739319
ONE,R01,testing,10,171,0,1.0,1.0,0.8176115364082563,0.7231030843932442,0.07786151766777039
ONE,R01,testing,10,172,0,1.0,1.0,0.8176115364082563,0.7199659826675934,0.08368394523859024
ONE,R01,testing,10,173,0,1.0,1.0,0.8176115364082563,0.7167882893645824,0.08942370116710663
ONE,R01,testing,10,174,0,1.0,1.0,0.8176115364082563,0.7135706631219892,0.08651524037122726
ONE,R01,testing,10,175,0,1.0,1.0,0.8176115364082563,0.710313768683783,0.07989636063575745
ONE,R01,testing,10,176,0,1.0,1.0,0.7502779307730125,0.6487924717532191,0.07563222944736481
ONE,R01,testing,10,177,0,1.0,1.0,0.7502779307730125,0.6457335784619151,0.07698506861925125
ONE,R01,testing,10,178,0,1.0,1.0,0.7502779307730125,0.642640512390387,0.07940727472305298
ONE,R01,testing,10,179,0,1.0,1.0,0.7502779307730125,0.6395139038489053,0.08494890481233597
ONE,R01,testing,10,180,0,1.0,1.0,0.7502779307730125,0.6363543876950564,0.08763465285301208
ONE,R01,testing,10,181,0,1.0,1.0,0.7502779307730125,0.6331626031200799,0.08594004809856415
ONE,R01,testing,10,182,0,1.0,1.0,0.7502779307730125,0.6299391934346191,0.0834953561425209
ONE,R01,testing,10,183,0,1.0,1.0,0.7502779307730125,0.6266848058539859,0.08352536708116531
ONE,R01,testing,10,184,0,1.0,1.0,0.7502779307730125,0.6234000912830362,0.09351490437984467
ONE,R01,testing,10,185,0,1.0,1.0,0.7502779307730125,0.6200857041007596,0.09470193088054657
ONE,R01,testing,10,186,0,1.0,1.0,0.7502779307730125,0.6167423019446783,0.08383159339427948
ONE,R01,testing,10,187,0,1.0,1.0,0.7502779307730125,0.6133705454951567,0.07591036707162857
ONE,R01,testing,10,188,0,1.0,1.0,0.7502779307730125,0.6099710982597175,0.07406484335660934
ONE,R01,testing,10,189,0,1.0,1.0,0.7502779307730125,0.6065446263574643,0.07431849837303162
ONE,R01,testing,10,190,0,1.0,1.0,0.7502779307730125,0.6030917983037049,0.07836806029081345
ONE,R01,testing,10,191,0,1.0,1.0,0.7502779307730125,0.5996132847948734,0.08479264378547668
ONE,R01,testing,10,192,0,1.0,1.0,0.6805459217126126,0.5407063814580086,0.09347089380025864
ONE,R01,testing,10,193,0,1.0,1.0,0.6805459217126126,0.5375064020629612,0.10034621506929398
ONE,R01,testing,10,194,0,1.0,1.0,0.6805459217126126,0.5342849594673846,0.10999566316604614
ONE,R01,testing,10,195,0,1.0,1.0,0.6805459217126126,0.5310426680033234,0.08269824832677841
ONE,R01,testing,10,196,0,1.0,1.0,0.6805459217126126,0.5277801430128614,0.08121391385793686
ONE,R01,testing,10,197,0,1.0,1.0,0.6805459217126126,0.5244980006564537,0.06893327832221985
ONE,R01,testing,10,198,0,1.0,1.0,0.6805459217126126,0.5211968577221199,0.07224946469068527
ONE,R01,testing,10,199,0,1.0,1.0,0.6805459217126126,0.5178773314355809,0.08568625897169113
ONE,R01,testing,10,200,0,1.0,1.0,0.6805459217126126,0.5145400392714182,0.09612096101045609
ONE,R01,testing,10,201,0,1.0,1.0,0.6805459217126126,0.5111855987653351,0.0971047431230545
ONE,R01,testing,10,202,0,1.0,1.0,0.6805459217126126,0.5078146273275971,0.09100563079118729
ONE,R01,testing,10,203,0,1.0,1.0,0.6805459217126126,0.5044277420577299,0.07734575122594833
ONE,R01,testing,10,204,0,1.0,1.0,0.6805459217126126,0.5010255595605482,0.06976732611656189
ONE,R01,testing,10,205,0,1.0,1.0,0.6805459217126126,0.49760869576359185,0.07216048985719681
ONE,R01,testing,10,206,0,1.0,1.0,0.6805459217126126,0.4941777657360411,0.07532567530870438
ONE,R01,testing,10,207,0,1.0,1.0,0.6805459217126126,0.49073338350918383,0.08226696401834488
ONE,R01,testing,10,208,0,1.0,1.0,0.6090486384384382,0.4360835521590513,0.08774753659963608
ONE,R01,testing,10,209,0,1.0,1.0,0.6090486384384382,0.4329785985182214,0.08409389853477478
ONE,R01,testing,10,210,0,1.0,1.0,0.6090486384384382,0.42986324735707493,0.07651373744010925
ONE,R01,testing,10,211,0,1.0,1.0,0.6090486384384382,0.4267380429053874,0.07327301800251007
ONE,R01,testing,10,212,0,1.0,1.0,0.6090486384384382,0.4236035276837196,0.07319151610136032
ONE,R01,testing,10,213,0,1.0,1.0,0.6090486384384382,0.4204602423523608,0.07646444439888
ONE,R01,testing,10,214,0,1.0,1.0,0.6090486384384382,0.41730872556207665,0.08391842246055603
ONE,R01,testing,10,215,0,1.0,1.0,0.6090486384384382,0.4141495138067153,0.08855872601270676
ONE,R01,testing,10,216,0,1.0,1.0,0.6090486384384382,0.41098314127772584,0.08298403024673462
ONE,R01,testing,10,217,0,1.0,1.0,0.6090486384384382,0.4078101397206388,0.08316802233457565
ONE,R01,testing,10,218,0,1.0,1.0,0.6090486384384382,0.40463103829356073,0.0778483971953392
ONE,R01,testing,10,219,0,1.0,1.0,0.6090486384384382,0.4014463634277293,0.07886262238025665
ONE,R01,testing,10,220,0,1.0,1.0,0.6090486384384382,0.3982566386901777,0.07744523882865906
ONE,R01,testing,10,221,0,1.0,1.0,0.6090486384384382,0.39506238464855337,0.07874609529972076
ONE,R02,testing,02,10,0,1.0,1.0,0.5364708121022927,0.3374317684400107,0.023231836035847664
ONE,R02,testing,02,11,0,1.0,1.0,0.5364708121022927,0.3385256799629056,0.02495095692574978
ONE,R02,testing,02,12,0,1.0,1.0,0.5364708121022927,0.3396192876221557,0.05464160814881325
ONE,R02,testing,02,13,0,1.0,1.0,0.5364708121022927,0.34071256560038904,0.06776054203510284
ONE,R02,testing,02,14,0,1.0,1.0,0.5364708121022927,0.34180548800820804,0.06442579627037048
ONE,R02,testing,02,15,0,1.0,1.0,0.5364708121022927,0.34289802888513354,0.0549001470208168
ONE,R02,testing,02,16,0,1.0,1.0,0.6090486384384382,0.39052775136724144,0.0538795031607151
ONE,R02,testing,02,17,0,1.0,1.0,0.6090486384384382,0.3917671444021224,0.04328593984246254
ONE,R02,testing,02,18,0,1.0,1.0,0.6090486384384382,0.3930060153985502,0.036497194319963455
ONE,R02,testing,02,19,0,1.0,1.0,0.6090486384384382,0.3942443345720013,0.03499612212181091
ONE,R02,testing,02,20,0,1.0,1.0,0.6090486384384382,0.39548207206273256,0.035505346953868866
ONE,R02,testing,02,21,0,1.0,1.0,0.6090486384384382,0.39671919793689997,0.042925961315631866
ONE,R02,testing,02,22,0,1.0,1.0,0.6090486384384382,0.39795568218768573,0.043099261820316315
ONE,R02,testing,02,23,0,1.0,1.0,0.6090486384384382,0.39919149473643295,0.04078355431556702
ONE,R02,testing,02,24,0,1.0,1.0,0.6090486384384382,0.40042660543378766,0.04154554009437561
ONE,R02,testing,02,25,0,1.0,1.0,0.6090486384384382,0.4016609840608483,0.047080814838409424
ONE,R02,testing,02,26,0,1.0,1.0,0.6090486384384382,0.40289460033032387,0.050957243889570236
ONE,R02,testing,02,27,0,1.0,1.0,0.6090486384384382,0.4041274238876974,0.05724884569644928
ONE,R02,testing,02,28,0,1.0,1.0,0.6090486384384382,0.405359424312399,0.045655373483896255
ONE,R02,testing,02,29,0,1.0,1.0,0.6090486384384382,0.406590571118985,0.02835170179605484
ONE,R02,testing,02,30,0,1.0,1.0,0.6090486384384382,0.4078208337583248,0.02790575847029686
ONE,R02,testing,02,31,0,1.0,1.0,0.6090486384384382,0.4090501816187944,0.029049396514892578
ONE,R02,testing,02,32,0,1.0,1.0,0.6805459217126126,0.4584419034936377,0.027414828538894653
ONE,R02,testing,02,33,0,1.0,1.0,0.6805459217126126,0.45981341942546744,0.02668951451778412
ONE,R02,testing,02,34,0,1.0,1.0,0.6805459217126126,0.4611838101698967,0.027678560465574265
ONE,R02,testing,02,35,0,1.0,1.0,0.6805459217126126,0.46255304125593333,0.026938697323203087
ONE,R02,testing,02,36,0,1.0,1.0,0.6805459217126126,0.4639210781495455,0.02852502092719078
ONE,R02,testing,02,37,0,1.0,1.0,0.6805459217126126,0.4652878862550426,0.02729320526123047
ONE,R02,testing,02,38,0,1.0,1.0,0.6805459217126126,0.46665343091646433,0.026996644213795662
ONE,R02,testing,02,39,0,1.0,1.0,0.6805459217126126,0.4680176774189767,0.02704370766878128
ONE,R02,testing,02,40,0,1.0,1.0,0.6805459217126126,0.46938059099027585,0.027153881266713142
ONE,R02,testing,02,41,0,1.0,1.0,0.6805459217126126,0.470742136801999,0.02691759541630745
ONE,R02,testing,02,42,0,1.0,1.0,0.6805459217126126,0.4721022799711433,0.027362849563360214
ONE,R02,testing,02,43,0,1.0,1.0,0.6805459217126126,0.4734609855614908,0.02798580937087536
ONE,R02,testing,02,44,0,1.0,1.0,0.6805459217126126,0.4748182185850417,0.027350984513759613
ONE,R02,testing,02,45,0,1.0,1.0,0.6805459217126126,0.4761739440034539,0.02753566764295101
ONE,R02,testing,02,46,0,1.0,1.0,0.6805459217126126,0.47752812672949024,0.02706800028681755
ONE,R02,testing,02,47,0,1.0,1.0,0.6805459217126126,0.47888073162847156,0.028003068640828133
ONE,R02,testing,02,48,0,1.0,1.0,0.7502779307730126,0.5294385761760548,0.02721390686929226
ONE,R02,testing,02,49,0,1.0,1.0,0.7502779307730126,0.5309261800769962,0.02822989597916603
ONE,R02,testing,02,50,0,1.0,1.0,0.7502779307730126,0.5324119279772139,0.02801571972668171
ONE,R02,testing,02,51,0,1.0,1.0,0.7502779307730126,0.5338957809489264,0.02888818457722664
ONE,R02,testing,02,52,0,1.0,1.0,0.7502779307730126,0.535377700020174,0.027878019958734512
ONE,R02,testing,02,53,0,1.0,1.0,0.7502779307730126,0.5368576461764661,0.027246417477726936
ONE,R02,testing,02,54,0,1.0,1.0,0.7502779307730126,0.5383355803624341,0.02602054551243782
ONE,R02,testing,02,55,0,1.0,1.0,0.7502779307730126,0.5398114634834921,0.026795310899615288
ONE,R02,testing,02,56,0,1.0,1.0,0.7502779307730126,0.5412852564075039,0.02469971403479576
ONE,R02,testing,02,57,0,1.0,1.0,0.7502779307730126,0.5427569199664577,0.023219235241413116
ONE,R02,testing,02,58,0,1.0,1.0,0.7502779307730126,0.544226414958146,0.022644320502877235
ONE,R02,testing,02,59,0,1.0,1.0,0.7502779307730126,0.5456937021478534,0.021801993250846863
ONE,R02,testing,02,60,0,1.0,1.0,0.7502779307730126,0.547158742270049,0.024466510862112045
ONE,R02,testing,02,61,0,1.0,1.0,0.7502779307730126,0.5486214960300877,0.025073101744055748
ONE,R02,testing,02,62,0,1.0,1.0,0.7502779307730126,0.5500819241059152,0.024158986285328865
ONE,R02,testing,02,63,0,1.0,1.0,0.7502779307730126,0.5515399871497809,0.02218075655400753
ONE,R02,testing,02,64,0,1.0,1.0,0.8176115364082565,0.6026241757045493,0.02761373110115528
ONE,R02,testing,02,65,0,1.0,1.0,0.8176115364082565,0.6042078091440723,0.021351482719182968
ONE,R02,testing,02,66,0,1.0,1.0,0.8176115364082565,0.6057887365158257,0.025164153426885605
ONE,R02,testing,02,67,0,1.0,1.0,0.8176115364082565,0.607366914847577,0.02344946563243866
ONE,R02,testing,02,68,0,1.0,1.0,0.8176115364082565,0.6089423011485172,0.02305305376648903
ONE,R02,testing,02,69,0,1.0,1.0,0.8176115364082565,0.6105148524111638,0.024297699332237244
ONE,R02,testing,02,70,0,1.0,1.0,0.8176115364082565,0.6120845256132701,0.02318578027188778
ONE,R02,testing,02,71,0,1.0,1.0,0.8176115364082565,0.6136512777197415,0.02320374734699726
ONE,R02,testing,02,72,0,1.0,1.0,0.8176115364082565,0.6152150656845555,0.023311549797654152
ONE,R02,testing,02,73,0,1.0,1.0,0.8176115364082565,0.6167758464526886,0.023130295798182487
ONE,R02,testing,02,74,0,1.0,1.0,0.8176115364082565,0.6183335769620479,0.022797390818595886
ONE,R02,testing,02,75,0,1.0,1.0,0.8176115364082565,0.6198882141454094,0.024698037654161453
ONE,R02,testing,02,76,0,1.0,1.0,0.8176115364082565,0.621439714932359,0.024835975840687752
ONE,R02,testing,02,77,0,1.0,1.0,0.8176115364082565,0.622988036251241,0.02376921847462654
ONE,R02,testing,02,78,0,1.0,1.0,0.8176115364082565,0.6245331350311102,0.022210773080587387
ONE,R02,testing,02,79,0,1.0,1.0,0.8176115364082565,0.6260749682036895,0.0227349903434515
ONE,R02,testing,02,80,0,1.0,1.0,0.8819822938382926,0.677025657406711,0.0227911788970232
ONE,R02,testing,02,81,0,1.0,1.0,0.8819822938382926,0.6786816947105552,0.023438742384314537
ONE,R02,testing,02,82,0,1.0,1.0,0.8819822938382926,0.6803340699663418,0.02260158210992813
ONE,R02,testing,02,83,0,1.0,1.0,0.8819822938382926,0.6819827367477432,0.023251092061400414
ONE,R02,testing,02,84,0,1.0,1.0,0.8819822938382926,0.6836276486419406,0.02403530478477478
ONE,R02,testing,02,85,0,1.0,1.0,0.8819822938382926,0.6852687592517638,0.02193574048578739
ONE,R02,testing,02,86,0,1.0,1.0,0.8819822938382926,0.6869060221978355,0.024418212473392487
ONE,R02,testing,02,87,0,1.0,1.0,0.8819822938382926,0.6885393911207197,0.023561066016554832
ONE,R02,testing,02,88,0,1.0,1.0,0.8819822938382926,0.690168819683074,0.023579536005854607
ONE,R02,testing,02,89,0,1.0,1.0,0.8819822938382926,0.6917942615718058,0.02361815609037876
ONE,R02,testing,02,90,0,1.0,1.0,0.8819822938382926,0.6934156705002325,0.02405923418700695
ONE,R02,testing,02,91,0,1.0,1.0,0.8819822938382926,0.695033000210245,0.023347388952970505
ONE,R02,testing,02,92,0,1.0,1.0,0.8819822938382926,0.6966462044744749,0.02439565397799015
ONE,R02,testing,02,93,0,1.0,1.0,0.8819822938382926,0.6982552370984646,0.0236066784709692
ONE,R02,testing,02,94,0,1.0,1.0,0.8819822938382926,0.699860051922841,0.02311519719660282
ONE,R02,testing,02,95,0,1.0,1.0,0.8819822938382926,0.7014606028254923,0.023656724020838737
ONE,R02,testing,02,96,0,1.0,1.0,0.9429082597083381,0.7516229176287054,0.023134073242545128
ONE,R02,testing,02,97,0,1.0,1.0,0.9429082597083381,0.7533247674126591,0.023051656782627106
ONE,R02,testing,02,98,0,1.0,1.0,0.9429082597083381,0.7550219110676618,0.021948721259832382
ONE,R02,testing,02,99,0,1.0,1.0,0.9429082597083381,0.756714299468228,0.02259017899632454
ONE,R02,testing,02,100,0,1.0,1.0,0.9429082597083381,0.7584018835403852,0.023770276457071304
ONE,R02,testing,02,101,0,1.0,1.0,0.9429082597083381,0.7600846142640179,0.02248280681669712
ONE,R02,testing,02,102,0,1.0,1.0,0.9429082597083381,0.7617624426752125,0.022197000682353973
ONE,R02,testing,02,103,0,1.0,1.0,0.9429082597083381,0.7634353198686055,0.022656410932540894
ONE,R02,testing,02,104,0,1.0,1.0,0.9429082597083381,0.7651031969997318,0.01998072862625122
ONE,R02,testing,02,105,0,1.0,1.0,0.9429082597083381,0.7667660252873776,0.024561118334531784
ONE,R02,testing,02,106,0,1.0,1.0,0.9429082597083381,0.7684237560159305,0.02112552896142006
ONE,R02,testing,02,107,0,1.0,1.0,0.9429082597083381,0.7700763405377363,0.022335879504680634
ONE,R02,testing,02,108,0,1.0,1.0,0.9429082597083381,0.7717237302754522,0.025327960029244423
ONE,R02,testing,02,109,0,1.0,1.0,0.9429082597083381,0.773365876724404,0.019225437194108963
ONE,R02,testing,02,110,0,1.0,1.0,0.9429082597083381,0.7750027314549437,0.02514750324189663
ONE,R02,testing,02,111,0,1.0,1.0,0.9429082597083381,0.7766342461148072,0.01880287192761898
ONE,R02,testing,02,112,0,1.0,1.0,1.0,0.8253829197256218,0.01766815595328808
ONE,R02,testing,02,113,0,1.0,1.0,1.0,0.8271017399463185,0.017624802887439728
ONE,R02,testing,02,114,0,1.0,1.0,1.0,0.8288147434403941,0.01571238972246647
ONE,R02,testing,02,115,0,1.0,1.0,1.0,0.8305218792812213,0.01628655567765236
ONE,R02,testing,02,116,0,1.0,1.0,1.0,0.8322230966367535,0.015332392416894436
ONE,R02,testing,02,117,0,1.0,1.0,1.0,0.8339183447720261,0.012287731282413006
ONE,R02,testing,02,118,0,1.0,1.0,1.0,0.8356075730516591,0.013493243604898453
ONE,R02,testing,02,119,0,1.0,1.0,1.0,0.8372907309423581,0.01331570278853178
ONE,R02,testing,02,120,0,1.0,1.0,1.0,0.8389677680154147,0.011723660863935947
ONE,R02,testing,02,121,0,1.0,1.0,1.0,0.840638633949207,0.013379276730120182
ONE,R02,testing,02,122,0,1.0,1.0,1.0,0.8423032785316974,0.011818821541965008
ONE,R02,testing,02,123,0,1.0,1.0,1.0,0.8439616516629305,0.01379160862416029
ONE,R02,testing,02,124,0,1.0,1.0,1.0,0.8456137033575293,0.012559299357235432
ONE,R02,testing,02,125,0,1.0,1.0,1.0,0.8472593837471891,0.015795746818184853
ONE,R02,testing,02,126,0,1.0,1.0,1.0,0.848898643083171,0.012591064907610416
ONE,R02,testing,02,127,0,1.0,1.0,1.0,0.850531431738792,0.012295334599912167
ONE,R02,testing,02,128,0,1.0,1.0,1.0,0.852157700211914,0.013277689926326275
ONE,R02,testing,02,129,0,1.0,1.0,1.0,0.8537773991274304,0.0125661576166749
ONE,R02,testing,02,130,0,1.0,1.0,1.0,0.8553904792397502,0.015583387576043606
ONE,R02,testing,02,131,0,1.0,1.0,1.0,0.8569968914352789,0.014728101901710033
ONE,R02,testing,02,132,0,1.0,1.0,1.0,0.8585965867348975,0.01490088738501072
ONE,R02,testing,02,133,0,1.0,1.0,1.0,0.860189516296438,0.013632061891257763
ONE,R02,testing,02,134,0,1.0,1.0,1.0,0.8617756314171564,0.010546810925006866
ONE,R02,testing,02,135,0,1.0,1.0,1.0,0.8633548835362009,0.012823755852878094
ONE,R02,testing,02,136,0,1.0,1.0,1.0,0.8649272242370787,0.011748948134481907
ONE,R02,testing,02,137,0,1.0,1.0,1.0,0.8664926052501175,0.013472963124513626
ONE,R02,testing,02,138,0,1.0,1.0,1.0,0.8680509784549237,0.013501099310815334
ONE,R02,testing,02,139,0,1.0,1.0,1.0,0.8696022958828371,0.018034927546977997
ONE,R02,testing,02,140,0,1.0,1.0,1.0,0.8711465097193802,0.01780225895345211
ONE,R02,testing,02,141,0,1.0,1.0,1.0,0.8726835723067049,0.014255971647799015
ONE,R02,testing,02,142,0,1.0,1.0,1.0,0.8742134361460325,0.013773303478956223
ONE,R02,testing,02,143,0,1.0,1.0,1.0,0.8757360539000913,0.011760607361793518
ONE,R02,testing,02,144,0,1.0,1.0,1.0,0.8772513783955473,0.013941037468612194
ONE,R02,testing,02,145,0,1.0,1.0,1.0,0.8787593626254313,0.012343576177954674
ONE,R02,testing,02,146,0,1.0,1.0,1.0,0.8802599597515598,0.016895486041903496
ONE,R02,testing,02,147,0,1.0,1.0,1.0,0.8817531231069514,0.015126812271773815
ONE,R02,testing,02,148,0,1.0,1.0,1.0,0.8832388061982367,0.01330439280718565
ONE,R02,testing,02,149,0,1.0,1.0,1.0,0.8847169627080629,0.015686824917793274
ONE,R02,testing,02,150,0,1.0,1.0,1.0,0.8861875464974929,0.016355926170945168
ONE,R02,testing,02,151,0,1.0,1.0,1.0,0.8876505116083975,0.015486838296055794
ONE,R02,testing,02,152,0,1.0,1.0,1.0,0.8891058122658416,0.014092369005084038
ONE,R02,testing,02,153,0,1.0,1.0,1.0,0.8905534028804645,0.012893646024167538
ONE,R02,testing,02,154,0,1.0,1.0,1.0,0.8919932380508528,0.015534471720457077
ONE,R02,testing,02,155,0,1.0,1.0,1.0,0.8934252725659072,0.017037488520145416
ONE,R02,testing,02,156,0,1.0,1.0,1.0,0.8948494614072016,0.014535472728312016
ONE,R02,testing,02,157,0,1.0,1.0,1.0,0.8962657597513357,0.016094045713543892
ONE,R02,testing,02,158,0,1.0,1.0,1.0,0.8976741229722802,0.015694856643676758
ONE,R02,testing,02,159,0,1.0,1.0,1.0,0.8990745066437144,0.019862353801727295
ONE,R02,testing,02,160,0,1.0,1.0,1.0,0.9004668665413557,0.019158393144607544
ONE,R02,testing,02,161,0,1.0,1.0,1.0,0.9018511586452826,0.013485967181622982
ONE,R02,testing,02,162,0,1.0,1.0,1.0,0.9032273391422482,0.019555745646357536
ONE,R02,testing,02,163,0,1.0,1.0,1.0,0.9045953644279863,0.020793981850147247
ONE,R02,testing,02,164,0,1.0,1.0,1.0,0.9059551911095096,0.01792820170521736
ONE,R02,testing,02,165,0,1.0,1.0,1.0,0.9073067760073982,0.01829044707119465
ONE,R02,testing,02,166,0,1.0,1.0,1.0,0.9086500761580807,0.014843069948256016
ONE,R02,testing,02,167,0,1.0,1.0,1.0,0.9099850488161055,0.02161361463367939
ONE,R02,testing,02,168,0,1.0,1.0,1.0,0.9113116514564042,0.019627097994089127
ONE,R02,testing,02,169,0,1.0,1.0,1.0,0.9126298417765442,0.016924886032938957
ONE,R02,testing,02,170,0,1.0,1.0,1.0,0.9139395776989736,0.017694542184472084
ONE,R02,testing,02,171,0,1.0,1.0,1.0,0.9152408173732559,0.01630912721157074
ONE,R02,testing,02,172,0,1.0,1.0,1.0,0.9165335191782947,0.024017732590436935
ONE,R02,testing,02,173,0,1.0,1.0,1.0,0.9178176417245494,0.02135441266000271
ONE,R02,testing,02,174,0,1.0,1.0,1.0,0.91909314385624,0.01558046042919159
ONE,R02,testing,02,175,0,1.0,1.0,1.0,0.9203599846535424,0.019786236807703972
ONE,R02,testing,02,176,0,1.0,1.0,1.0,0.9216181234347735,0.018745215609669685
ONE,R02,testing,02,177,0,1.0,1.0,1.0,0.9228675197585645,0.02288016304373741
ONE,R02,testing,02,178,0,1.0,1.0,1.0,0.924108133426026,0.022441569715738297
ONE,R02,testing,02,179,0,1.0,1.0,1.0,0.9253399244828995,0.0164721067994833
ONE,R02,testing,02,180,0,1.0,1.0,1.0,0.9265628532216997,0.02294466458261013
ONE,R02,testing,02,181,0,1.0,1.0,1.0,0.9277768801838456,0.02196940965950489
ONE,R02,testing,02,182,0,1.0,1.0,1.0,0.9289819661617796,0.021275777369737625
ONE,R02,testing,02,183,0,1.0,1.0,1.0,0.9301780722010755,0.020425941795110703
ONE,R02,testing,02,184,0,1.0,1.0,1.0,0.9313651596025347,0.018289905041456223
ONE,R02,testing,02,185,0,1.0,1.0,1.0,0.9325431899242715,0.02373388409614563
ONE,R02,testing,02,186,0,1.0,1.0,1.0,0.9337121249837848,0.02387501485645771
ONE,R02,testing,02,187,0,1.0,1.0,1.0,0.9348719268600195,0.017064757645130157
ONE,R02,testing,02,188,0,1.0,1.0,1.0,0.9360225578954148,0.02183328941464424
ONE,R02,testing,02,189,0,1.0,1.0,1.0,0.9371639806979397,0.020430857315659523
ONE,R02,testing,02,190,0,1.0,1.0,1.0,0.9382961581431171,0.022119609639048576
ONE,R02,testing,02,191,0,1.0,1.0,1.0,0.9394190533760338,0.019596166908740997
ONE,R02,testing,02,192,0,1.0,1.0,1.0,0.9405326298133392,0.015686003491282463
ONE,R02,testing,02,193,0,1.0,1.0,1.0,0.9416368511452297,0.02282828651368618
ONE,R02,testing,02,194,0,1.0,1.0,1.0,0.9427316813374206,0.019952762871980667
ONE,R02,testing,02,195,0,1.0,1.0,1.0,0.9438170846331047,0.01506005134433508
ONE,R02,testing,02,196,0,1.0,1.0,1.0,0.9448930255548966,0.014962117187678814
ONE,R02,testing,02,197,0,1.0,1.0,1.0,0.9459594689067654,0.015200256370007992
ONE,R02,testing,02,198,0,1.0,1.0,1.0,0.9470163797759513,0.013997592963278294
ONE,R02,testing,02,199,0,1.0,1.0,1.0,0.9480637235348696,0.013772208243608475
ONE,R02,testing,02,200,0,1.0,1.0,1.0,0.9491014658430004,0.013232855126261711
ONE,R02,testing,02,201,0,1.0,1.0,1.0,0.9501295726487649,0.013667400926351547
ONE,R02,testing,02,202,0,1.0,1.0,1.0,0.9511480101913853,0.012329760007560253
ONE,R02,testing,02,203,0,1.0,1.0,1.0,0.9521567450027328,0.012446003034710884
ONE,R02,testing,02,204,0,1.0,1.0,1.0,0.953155743909159,0.012742823921144009
ONE,R02,testing,02,205,0,1.0,1.0,1.0,0.9541449740333139,0.013741905800998211
ONE,R02,testing,02,206,0,1.0,1.0,1.0,0.9551244027959476,0.0141902519389987
ONE,R02,testing,02,207,0,1.0,1.0,1.0,0.9560939979176986,0.012892907485365868
ONE,R02,testing,02,208,0,1.0,1.0,1.0,0.9570537274208657,0.012611398473381996
ONE,R02,testing,02,209,0,1.0,1.0,1.0,0.9580035596311656,0.016399621963500977
ONE,R02,testing,02,210,0,1.0,1.0,1.0,0.9589434631794733,0.016102757304906845
ONE,R02,testing,02,211,0,1.0,1.0,1.0,0.9598734070035498,0.016109947115182877
ONE,R02,testing,02,212,0,1.0,1.0,1.0,0.960793360349751,0.014069766737520695
ONE,R02,testing,02,213,0,1.0,1.0,1.0,0.9617032927747229,0.020576680079102516
ONE,R02,testing,02,214,0,1.0,1.0,1.0,0.9626031741470801,0.020507074892520905
ONE,R02,testing,02,215,0,1.0,1.0,1.0,0.9634929746490679,0.013936920091509819
ONE,R02,testing,02,216,0,1.0,1.0,1.0,0.9643726647782093,0.015666501596570015
ONE,R02,testing,02,217,0,1.0,1.0,1.0,0.965242215348934,0.014449041336774826
ONE,R02,testing,02,218,0,1.0,1.0,1.0,0.9661015974941921,0.018380027264356613
ONE,R02,testing,02,219,0,1.0,1.0,1.0,0.9669507826670515,0.018706101924180984
ONE,R02,testing,02,220,0,1.0,1.0,1.0,0.967789742642277,0.01379916537553072
ONE,R02,testing,02,221,0,1.0,1.0,1.0,0.9686184495178941,0.01488400436937809
ONE,R02,testing,02,222,0,1.0,1.0,1.0,0.9694368757167355,0.013893522322177887
ONE,R02,testing,02,223,0,1.0,1.0,1.0,0.9702449939879698,0.017690958455204964
ONE,R02,testing,02,224,0,1.0,1.0,1.0,0.9710427774086134,0.01893429644405842
ONE,R02,testing,02,225,0,1.0,1.0,1.0,0.9718301993850261,0.014107713475823402
ONE,R02,testing,02,226,0,1.0,1.0,1.0,0.972607233654387,0.016572780907154083
ONE,R02,testing,02,227,0,1.0,1.0,1.0,0.9733738542861552,0.01682785339653492
ONE,R02,testing,02,228,0,1.0,1.0,1.0,0.9741300356835114,0.016708821058273315
ONE,R02,testing,02,229,0,1.0,1.0,1.0,0.9748757525847821,0.016193324699997902
ONE,R02,testing,02,230,0,1.0,1.0,1.0,0.9756109800648459,0.012152029201388359
ONE,R02,testing,02,231,0,1.0,1.0,1.0,0.9763356935365224,0.01767800562083721
ONE,R02,testing,02,232,0,1.0,1.0,1.0,0.9770498687519412,0.016535388305783272
ONE,R02,testing,02,233,0,1.0,1.0,1.0,0.9777534818038953,0.015066559426486492
ONE,R02,testing,02,234,0,1.0,1.0,1.0,0.9784465091271741,0.01652122288942337
ONE,R02,testing,02,235,0,1.0,1.0,1.0,0.9791289274998783,0.015701700001955032
ONE,R02,testing,02,236,0,1.0,1.0,1.0,0.9798007140447177,0.017951594665646553
ONE,R02,testing,02,237,0,1.0,1.0,1.0,0.9804618462302881,0.016601404175162315
ONE,R02,testing,02,238,0,1.0,1.0,1.0,0.9811123018723317,0.013544751331210136
ONE,R02,testing,02,239,0,1.0,1.0,1.0,0.981752059134977,0.0143045699223876
ONE,R02,testing,02,240,0,1.0,1.0,1.0,0.9823810965319607,0.014959885738790035
ONE,R02,testing,02,241,0,1.0,1.0,1.0,0.9829993929278305,0.011332248337566853
ONE,R02,testing,02,242,0,1.0,1.0,1.0,0.9836069275391278,0.012100178748369217
ONE,R02,testing,02,243,0,1.0,1.0,1.0,0.9842036799355535,0.012025835923850536
ONE,R02,testing,02,244,0,1.0,1.0,1.0,0.9847896300411111,0.012704025022685528
ONE,R02,testing,02,245,0,1.0,1.0,1.0,0.9853647581352338,0.012498543597757816
ONE,R02,testing,02,246,0,1.0,1.0,1.0,0.98592904485389,0.011957777664065361
ONE,R02,testing,02,247,0,1.0,1.0,1.0,0.98648247119067,0.012059569358825684
ONE,R02,testing,02,248,0,1.0,1.0,1.0,0.9870250184978527,0.010590406134724617
ONE,R02,testing,02,249,0,1.0,1.0,1.0,0.9875566684874532,0.010509123094379902
ONE,R02,testing,02,250,0,1.0,1.0,1.0,0.9880774032322498,0.01121812965720892
ONE,R02,testing,02,251,0,1.0,1.0,1.0,0.9885872051667915,0.010128009133040905
ONE,R02,testing,02,252,0,1.0,1.0,1.0,0.989086057088386,0.010739395394921303
ONE,R02,testing,02,253,0,1.0,1.0,1.0,0.9895739421580665,0.009802198968827724
ONE,R02,testing,02,254,0,1.0,1.0,1.0,0.9900508439015391,0.010198869742453098
ONE,R02,testing,02,255,0,1.0,1.0,1.0,0.9905167462101104,0.011130939237773418
ONE,R02,testing,02,256,0,1.0,1.0,1.0,0.990971633341594,0.009054116904735565
ONE,R02,testing,02,257,0,1.0,1.0,1.0,0.9914154899211969,0.01331072673201561
ONE,R02,testing,02,258,0,1.0,1.0,1.0,0.9918483009423857,0.01024796161800623
ONE,R02,testing,02,259,0,1.0,1.0,1.0,0.9922700517677325,0.011363737285137177
ONE,R02,testing,02,260,0,1.0,1.0,1.0,0.9926807281297392,0.013256696984171867
ONE,R02,testing,02,261,0,1.0,1.0,1.0,0.9930803161316425,0.018872803077101707
ONE,R02,testing,02,262,0,1.0,1.0,1.0,0.9934688022481977,0.015398981049656868
ONE,R02,testing,02,263,0,1.0,1.0,1.0,0.9938461733264412,0.010726881213486195
ONE,R02,testing,02,264,0,1.0,1.0,1.0,0.994212416586433,0.01580757275223732
ONE,R02,testing,02,265,0,1.0,1.0,1.0,0.9945675196219782,0.01412234827876091
ONE,R02,testing,02,266,0,1.0,1.0,1.0,0.9949114704013271,0.013807380571961403
ONE,R02,testing,02,267,0,1.0,1.0,1.0,0.9952442572678545,0.014446130953729153
ONE,R02,testing,02,268,0,1.0,1.0,1.0,0.9955658689407187,0.011909013614058495
ONE,R02,testing,02,269,0,1.0,1.0,1.0,0.9958762945154984,0.012889446690678596
ONE,R02,testing,02,270,0,1.0,1.0,1.0,0.9961755234648089,0.012476220726966858
ONE,R02,testing,02,271,0,1.0,1.0,1.0,0.9964635456388969,0.01136001292616129
ONE,R02,testing,02,272,0,1.0,1.0,1.0,0.9967403512662152,0.012079045176506042
ONE,R02,testing,02,273,0,1.0,1.0,1.0,0.9970059309539742,0.01094427052885294
ONE,R02,testing,02,274,0,1.0,1.0,1.0,0.9972602756886734,0.010180237703025341
ONE,R02,testing,02,275,0,1.0,1.0,1.0,0.9975033768366116,0.010647127404808998
ONE,R02,testing,02,276,0,1.0,1.0,1.0,0.997735226144375,0.010652285069227219
ONE,R02,testing,02,277,0,1.0,1.0,1.0,0.9979558157393045,0.010725227184593678
ONE,R02,testing,02,278,0,1.0,1.0,1.0,0.9981651381299405,0.010991203598678112
ONE,R02,testing,02,279,0,1.0,1.0,1.0,0.9983631862064478,0.009725182317197323
ONE,R02,testing,02,280,0,1.0,1.0,1.0,0.998549953241018,0.011594479903578758
ONE,R02,testing,02,281,0,1.0,1.0,1.0,0.9987254328882499,0.010231132619082928
ONE,R02,testing,02,282,0,1.0,1.0,1.0,0.998889619185509,0.01240488886833191
ONE,R02,testing,02,283,0,1.0,1.0,1.0,0.9990425065532652,0.01641528308391571
ONE,R02,testing,02,284,0,1.0,1.0,1.0,0.9991840897954092,0.012068334966897964
ONE,R02,testing,02,285,0,1.0,1.0,1.0,0.9993143640995462,0.013728171586990356
ONE,R02,testing,02,286,0,1.0,1.0,1.0,0.9994333250372689,0.014191865921020508
ONE,R02,testing,02,287,0,1.0,1.0,1.0,0.9995409685644082,0.014327994547784328
ONE,R02,testing,02,288,0,1.0,1.0,0.9999999999999999,0.9996372910212624,0.015286745503544807
ONE,R02,testing,02,289,0,1.0,1.0,0.9999999999999999,0.999722289132805,0.012127763591706753
ONE,R02,testing,02,290,0,1.0,1.0,0.9999999999999999,0.9997959600088695,0.012182535603642464
ONE,R02,testing,02,291,0,1.0,1.0,0.9999999999999999,0.9998583011443135,0.012965879403054714
ONE,R02,testing,02,292,0,1.0,1.0,0.9999999999999999,0.9999093104191613,0.011362318880856037
ONE,R02,testing,02,293,0,1.0,1.0,0.9999999999999999,0.9999489860987228,0.011640300042927265
ONE,R02,testing,02,294,0,1.0,1.0,0.9999999999999999,0.9999773268336932,0.011934760957956314
ONE,R02,testing,02,295,0,1.0,1.0,0.9999999999999999,0.9999943316602283,0.01322962623089552
ONE,R02,testing,02,296,0,1.0,1.0,0.9999999999999999,0.9999999999999999,0.012619195505976677
ONE,R02,testing,02,297,0,1.0,1.0,0.9999999999999999,0.9999943316602283,0.011714835651218891
ONE,R02,testing,02,298,0,1.0,1.0,0.9999999999999999,0.9999773268336932,0.011139157228171825
ONE,R02,testing,02,299,0,1.0,1.0,0.9999999999999999,0.9999489860987228,0.011491226963698864
ONE,R02,testing,02,300,0,1.0,1.0,0.9999999999999999,0.9999093104191613,0.010586989112198353
ONE,R02,testing,02,301,0,1.0,1.0,0.9999999999999999,0.9998583011443135,0.010436912067234516
ONE,R02,testing,02,302,0,1.0,1.0,0.9999999999999999,0.9997959600088695,0.011307350359857082
ONE,R02,testing,02,303,0,1.0,1.0,0.9999999999999999,0.999722289132805,0.010306733660399914
ONE,R02,testing,02,304,0,1.0,0.9999999999999999,1.0,0.9996372910212625,0.010811544954776764
ONE,R02,testing,02,305,0,1.0,0.9999999999999999,1.0,0.9995409685644082,0.010548766702413559
ONE,R02,testing,02,306,0,1.0,0.9999999999999999,1.0,0.9994333250372689,0.01074827741831541
ONE,R02,testing,02,307,0,1.0,0.9999999999999999,1.0,0.9993143640995462,0.011416208930313587
ONE,R02,testing,02,308,0,1.0,0.9999999999999999,1.0,0.9991840897954092,0.010163088329136372
ONE,R02,testing,02,309,0,1.0,0.9999999999999999,1.0,0.9990425065532652,0.011922793462872505
ONE,R02,testing,02,310,0,1.0,0.9999999999999999,1.0,0.998889619185509,0.012220093980431557
ONE,R02,testing,02,311,0,1.0,0.9999999999999999,1.0,0.9987254328882499,0.015178335830569267
ONE,R02,testing,02,312,0,1.0,0.9999999999999999,1.0,0.998549953241018,0.028982821851968765
ONE,R02,testing,02,313,0,1.0,0.9999999999999999,1.0,0.9983631862064478,0.026242544874548912
ONE,R02,testing,02,314,0,1.0,0.9999999999999999,1.0,0.9981651381299405,0.02230922132730484
ONE,R02,testing,02,315,0,1.0,0.9999999999999999,1.0,0.9979558157393045,0.02102573961019516
ONE,R02,testing,02,316,0,1.0,0.9999999999999999,1.0,0.997735226144375,0.023587282747030258
ONE,R02,testing,02,317,0,1.0,0.9999999999999999,1.0,0.9975033768366116,0.02063308283686638
ONE,R02,testing,02,318,0,1.0,0.9999999999999999,1.0,0.9972602756886734,0.02440558187663555
ONE,R02,testing,02,319,0,1.0,0.9999999999999999,1.0,0.9970059309539742,0.037022653967142105
ONE,R02,testing,02,320,0,1.0,1.0,1.0,0.9967403512662152,0.048322949558496475
ONE,R02,testing,02,321,0,1.0,1.0,1.0,0.9964635456388969,0.021321358159184456
ONE,R02,testing,02,322,0,1.0,1.0,1.0,0.9961755234648089,0.009613501839339733
ONE,R02,testing,02,323,0,1.0,1.0,1.0,0.9958762945154984,0.008138027042150497
ONE,R02,testing,02,324,0,1.0,1.0,1.0,0.9955658689407187,0.00862218625843525
ONE,R02,testing,02,325,0,1.0,1.0,1.0,0.9952442572678545,0.00718213664367795
ONE,R02,testing,02,326,0,1.0,1.0,1.0,0.9949114704013271,0.007058055140078068
ONE,R02,testing,02,327,0,1.0,1.0,1.0,0.9945675196219782,0.00771492812782526
ONE,R02,testing,02,328,0,1.0,1.0,1.0,0.994212416586433,0.006647744216024876
ONE,R02,testing,02,329,0,1.0,1.0,1.0,0.9938461733264412,0.007575465831905603
ONE,R02,testing,02,330,0,1.0,1.0,1.0,0.9934688022481977,0.007435713429003954
ONE,R02,testing,02,331,0,1.0,1.0,1.0,0.9930803161316425,0.0072072879411280155
ONE,R02,testing,02,332,0,1.0,1.0,1.0,0.9926807281297392,0.0069877514615654945
ONE,R02,testing,02,333,0,1.0,1.0,1.0,0.9922700517677325,0.007485459093004465
ONE,R02,testing,02,334,0,1.0,1.0,1.0,0.9918483009423857,0.00738593190908432
ONE,R02,testing,02,335,0,1.0,1.0,1.0,0.9914154899211969,0.008459712378680706
ONE,R02,testing,02,336,0,1.0,1.0,1.0,0.990971633341594,0.009900412522256374
ONE,R02,testing,02,337,0,1.0,1.0,1.0,0.9905167462101104,0.011822231113910675
ONE,R02,testing,02,338,0,1.0,1.0,1.0,0.9900508439015391,0.00997125543653965
ONE,R02,testing,02,339,0,1.0,1.0,1.0,0.9895739421580665,0.009438804350793362
ONE,R02,testing,02,340,0,1.0,1.0,1.0,0.989086057088386,0.009621215984225273
ONE,R02,testing,02,341,0,1.0,1.0,1.0,0.9885872051667915,0.007347088772803545
ONE,R02,testing,02,342,0,1.0,1.0,1.0,0.9880774032322498,0.008061660453677177
ONE,R02,testing,02,343,0,1.0,1.0,1.0,0.9875566684874532,0.007778745610266924
ONE,R02,testing,02,344,0,1.0,1.0,1.0,0.9870250184978527,0.007439520675688982
ONE,R02,testing,02,345,0,1.0,1.0,1.0,0.98648247119067,0.007156056351959705
ONE,R02,testing,02,346,0,1.0,1.0,1.0,0.98592904485389,0.00766825070604682
ONE,R02,testing,02,347,0,1.0,1.0,1.0,0.9853647581352338,0.007561114151030779
ONE,R02,testing,02,348,0,1.0,1.0,1.0,0.9847896300411111,0.0077683692798018456
ONE,R02,testing,02,349,0,1.0,1.0,1.0,0.9842036799355535,0.007860491052269936
ONE,R02,testing,02,350,0,1.0,1.0,1.0,0.9836069275391278,0.007876516319811344
ONE,R02,testing,02,351,0,1.0,1.0,1.0,0.9829993929278305,0.00723765604197979
ONE,R02,testing,02,352,0,1.0,1.0,0.9999999999999999,0.9823810965319606,0.007553512696176767
ONE,R02,testing,02,353,0,1.0,1.0,0.9999999999999999,0.9817520591349769,0.007566409185528755
ONE,R02,testing,02,354,0,1.0,1.0,0.9999999999999999,0.9811123018723316,0.007407923694700003
ONE,R02,testing,02,355,0,1.0,1.0,0.9999999999999999,0.980461846230288,0.00728604756295681
ONE,R02,testing,02,356,0,1.0,1.0,0.9999999999999999,0.9798007140447176,0.007501404266804457
ONE,R02,testing,02,357,0,1.0,1.0,0.9999999999999999,0.9791289274998782,0.007661455310881138
ONE,R02,testing,02,358,0,1.0,1.0,0.9999999999999999,0.978446509127174,0.007980086840689182
ONE,R02,testing,02,359,0,1.0,1.0,0.9999999999999999,0.9777534818038952,0.0069473134353756905
ONE,R02,testing,02,360,0,1.0,1.0,0.9999999999999999,0.9770498687519411,0.007589553017169237
ONE,R02,testing,02,361,0,1.0,1.0,0.9999999999999999,0.9763356935365223,0.0065597533248364925
ONE,R02,testing,02,362,0,1.0,1.0,0.9999999999999999,0.9756109800648458,0.007588739972561598
ONE,R02,testing,02,363,0,1.0,1.0,0.9999999999999999,0.974875752584782,0.007665832992643118
ONE,R02,testing,02,364,0,1.0,1.0,0.9999999999999999,0.9741300356835113,0.007776607759296894
ONE,R02,testing,02,365,0,1.0,1.0,0.9999999999999999,0.9733738542861551,0.008005719631910324
ONE,R02,testing,02,366,0,1.0,1.0,0.9999999999999999,0.9726072336543868,0.007141588721424341
ONE,R02,testing,02,367,0,1.0,1.0,0.9999999999999999,0.971830199385026,0.007446609437465668
ONE,R02,testing,02,368,0,1.0,0.9999999999999999,1.0,0.9710427774086134,0.007128681056201458
ONE,R02,testing,02,369,0,1.0,0.9999999999999999,1.0,0.9702449939879698,0.007161719724535942
ONE,R02,testing,02,370,0,1.0,0.9999999999999999,1.0,0.9694368757167355,0.007304929196834564
ONE,R02,testing,02,371,0,1.0,0.9999999999999999,1.0,0.9686184495178941,0.0069762058556079865
ONE,R02,testing,02,372,0,1.0,0.9999999999999999,1.0,0.967789742642277,0.0072905817069113255
ONE,R02,testing,02,373,0,1.0,0.9999999999999999,1.0,0.9669507826670515,0.007030763663351536
ONE,R02,testing,02,374,0,1.0,0.9999999999999999,1.0,0.9661015974941921,0.007703391369432211
ONE,R02,testing,02,375,0,1.0,0.9999999999999999,1.0,0.965242215348934,0.008078587241470814
ONE,R02,testing,02,376,0,1.0,0.9999999999999999,1.0,0.9643726647782093,0.007263248320668936
ONE,R02,testing,02,377,0,1.0,0.9999999999999999,1.0,0.9634929746490679,0.007013033144176006
ONE,R02,testing,02,378,0,1.0,0.9999999999999999,1.0,0.9626031741470801,0.0069033182226121426
ONE,R02,testing,02,379,0,1.0,0.9999999999999999,1.0,0.9617032927747229,0.007175621576607227
ONE,R02,testing,02,380,0,1.0,0.9999999999999999,1.0,0.960793360349751,0.006950837559998035
ONE,R02,testing,02,381,0,1.0,0.9999999999999999,1.0,0.9598734070035498,0.006504253018647432
ONE,R02,testing,02,382,0,1.0,0.9999999999999999,1.0,0.9589434631794733,0.007968250662088394
ONE,R02,testing,02,383,0,1.0,0.9999999999999999,1.0,0.9580035596311656,0.007192335091531277
ONE,R02,testing,02,384,0,1.0,1.0,1.0,0.9570537274208657,0.006686868611723185
ONE,R02,testing,02,385,0,1.0,1.0,1.0,0.9560939979176986,0.00788119900971651
ONE,R02,testing,02,386,0,1.0,1.0,1.0,0.9551244027959476,0.007192075252532959
ONE,R02,testing,02,387,0,1.0,1.0,1.0,0.9541449740333139,0.006806338205933571
ONE,R02,testing,02,388,0,1.0,1.0,1.0,0.953155743909159,0.011041346937417984
ONE,R02,testing,02,389,0,1.0,1.0,1.0,0.9521567450027328,0.00746528897434473
ONE,R02,testing,02,390,0,1.0,1.0,1.0,0.9511480101913853,0.007756940554827452
ONE,R02,testing,02,391,0,1.0,1.0,1.0,0.9501295726487649,0.009756862185895443
ONE,R02,testing,02,392,0,1.0,1.0,1.0,0.9491014658430004,0.008574718609452248
ONE,R02,testing,02,393,0,1.0,1.0,1.0,0.9480637235348696,0.010497989133000374
ONE,R02,testing,02,394,0,1.0,1.0,1.0,0.9470163797759513,0.00741534773260355
ONE,R02,testing,02,395,0,1.0,1.0,1.0,0.9459594689067654,0.0075202444568276405
ONE,R02,testing,02,396,0,1.0,1.0,1.0,0.9448930255548966,0.008277843706309795
ONE,R02,testing,02,397,0,1.0,1.0,1.0,0.9438170846331047,0.007641631178557873
ONE,R02,testing,02,398,0,1.0,1.0,1.0,0.9427316813374206,0.0077978018671274185
ONE,R02,testing,02,399,0,1.0,1.0,1.0,0.9416368511452297,0.0070671322755515575
ONE,R02,testing,02,400,0,1.0,1.0,1.0,0.9405326298133392,0.006742933765053749
ONE,R02,testing,02,401,0,1.0,1.0,1.0,0.9394190533760338,0.008473255671560764
ONE,R02,testing,02,402,0,1.0,1.0,1.0,0.9382961581431171,0.006918582133948803
ONE,R02,testing,02,403,0,1.0,1.0,1.0,0.9371639806979397,0.0072090462781488895
ONE,R02,testing,02,404,0,1.0,1.0,1.0,0.9360225578954148,0.006575309205800295
ONE,R02,testing,02,405,0,1.0,1.0,1.0,0.9348719268600195,0.006589680444449186
ONE,R02,testing,02,406,0,1.0,1.0,1.0,0.9337121249837848,0.0075094797648489475
ONE,R02,testing,02,407,0,1.0,1.0,1.0,0.9325431899242715,0.006534823682159185
ONE,R02,testing,02,408,0,1.0,1.0,1.0,0.9313651596025347,0.007165117654949427
ONE,R02,testing,02,409,0,1.0,1.0,1.0,0.9301780722010755,0.006959162652492523
ONE,R02,testing,02,410,0,1.0,1.0,1.0,0.9289819661617796,0.006869524251669645
ONE,R02,testing,02,411,0,1.0,1.0,1.0,0.9277768801838456,0.005962681490927935
ONE,R02,testing,02,412,0,1.0,1.0,1.0,0.9265628532216997,0.006072809919714928
ONE,R02,testing,02,413,0,1.0,1.0,1.0,0.9253399244828995,0.007418244145810604
ONE,R02,testing,02,414,0,1.0,1.0,1.0,0.924108133426026,0.006241078954190016
ONE,R02,testing,02,415,0,1.0,1.0,1.0,0.9228675197585645,0.006876523140817881
ONE,R02,testing,02,416,0,1.0,1.0,1.0,0.9216181234347735,0.00805262103676796
ONE,R02,testing,02,417,0,1.0,1.0,1.0,0.9203599846535424,0.00736122066155076
ONE,R02,testing,02,418,0,1.0,1.0,1.0,0.91909314385624,0.007470482029020786
ONE,R02,testing,02,419,0,1.0,1.0,1.0,0.9178176417245494,0.006873095408082008
ONE,R02,testing,02,420,0,1.0,1.0,1.0,0.9165335191782947,0.007285412400960922
ONE,R02,testing,02,421,0,1.0,1.0,1.0,0.9152408173732559,0.007182638626545668
ONE,R02,testing,02,422,0,1.0,1.0,1.0,0.9139395776989736,0.007637664210051298
ONE,R02,testing,02,423,0,1.0,1.0,1.0,0.9126298417765442,0.006967833265662193
ONE,R02,testing,02,424,0,1.0,1.0,1.0,0.9113116514564042,0.008727400563657284
ONE,R02,testing,02,425,0,1.0,1.0,1.0,0.9099850488161055,0.00731631787493825
ONE,R02,testing,02,426,0,1.0,1.0,1.0,0.9086500761580807,0.007412932813167572
ONE,R02,testing,02,427,0,1.0,1.0,1.0,0.9073067760073982,0.008962836116552353
ONE,R02,testing,02,428,0,1.0,1.0,1.0,0.9059551911095096,0.009419716894626617
ONE,R02,testing,02,429,0,1.0,1.0,1.0,0.9045953644279863,0.0108018908649683
ONE,R02,testing,02,430,0,1.0,1.0,1.0,0.9032273391422482,0.00740030687302351
ONE,R02,testing,02,431,0,1.0,1.0,1.0,0.9018511586452826,0.007717716973274946
ONE,R02,testing,02,432,0,1.0,1.0,1.0,0.9004668665413557,0.007094280794262886
ONE,R02,testing,02,433,0,1.0,1.0,1.0,0.8990745066437144,0.006120883394032717
ONE,R02,testing,02,434,0,1.0,1.0,1.0,0.8976741229722802,0.006864016409963369
ONE,R02,testing,02,435,0,1.0,1.0,1.0,0.8962657597513357,0.005983592011034489
ONE,R02,testing,02,436,0,1.0,1.0,1.0,0.8948494614072016,0.006040097214281559
ONE,R02,testing,02,437,0,1.0,1.0,1.0,0.8934252725659072,0.006155447568744421
ONE,R02,testing,02,438,0,1.0,1.0,1.0,0.8919932380508528,0.005887989886105061
ONE,R02,testing,02,439,0,1.0,1.0,1.0,0.8905534028804645,0.00885587278753519
ONE,R02,testing,02,440,0,1.0,1.0,1.0,0.8891058122658416,0.005891379434615374
ONE,R02,testing,02,441,0,1.0,1.0,1.0,0.8876505116083975,0.006737216841429472
ONE,R02,testing,02,442,0,1.0,1.0,1.0,0.8861875464974929,0.00936044193804264
ONE,R02,testing,02,443,0,1.0,1.0,1.0,0.8847169627080629,0.008116158656775951
ONE,R02,testing,02,444,0,1.0,1.0,1.0,0.8832388061982367,0.011300450190901756
ONE,R02,testing,02,445,0,1.0,1.0,1.0,0.8817531231069514,0.00746964244171977
ONE,R02,testing,02,446,0,1.0,1.0,1.0,0.8802599597515598,0.007666121236979961
ONE,R02,testing,02,447,0,1.0,1.0,1.0,0.8787593626254313,0.008519034832715988
ONE,R02,testing,02,448,0,1.0,1.0,1.0,0.8772513783955473,0.011102457530796528
ONE,R02,testing,02,449,0,1.0,1.0,1.0,0.8757360539000913,0.011004521511495113
ONE,R02,testing,02,450,0,1.0,1.0,1.0,0.8742134361460325,0.007094706874340773
ONE,R02,testing,02,451,0,1.0,1.0,1.0,0.8726835723067049,0.007663283962756395
ONE,R02,testing,02,452,0,1.0,1.0,1.0,0.8711465097193802,0.008164522238075733
ONE,R02,testing,02,453,0,1.0,1.0,1.0,0.8696022958828371,0.008524425327777863
ONE,R02,testing,02,454,0,1.0,1.0,1.0,0.8680509784549237,0.008087062276899815
ONE,R02,testing,02,455,0,1.0,1.0,1.0,0.8664926052501175,0.0064462716691195965
ONE,R02,testing,02,456,0,1.0,1.0,1.0,0.8649272242370787,0.006373829208314419
ONE,R02,testing,02,457,0,1.0,1.0,1.0,0.8633548835362009,0.006722268648445606
ONE,R02,testing,02,458,0,1.0,1.0,1.0,0.8617756314171564,0.006808586418628693
ONE,R02,testing,02,459,0,1.0,1.0,1.0,0.860189516296438,0.007778384257107973
ONE,R02,testing,02,460,0,1.0,1.0,1.0,0.8585965867348975,0.006941203959286213
ONE,R02,testing,02,461,0,1.0,1.0,1.0,0.8569968914352789,0.0077625117264688015
ONE,R02,testing,02,462,0,1.0,1.0,1.0,0.8553904792397502,0.006641782354563475
ONE,R02,testing,02,463,0,1.0,1.0,1.0,0.8537773991274304,0.00677886139601469
ONE,R02,testing,02,464,0,1.0,1.0,1.0,0.852157700211914,0.006843238603323698
ONE,R02,testing,02,465,0,1.0,1.0,1.0,0.850531431738792,0.006471130531281233
ONE,R02,testing,02,466,0,1.0,1.0,1.0,0.848898643083171,0.007828790694475174
ONE,R02,testing,02,467,0,1.0,1.0,1.0,0.8472593837471891,0.0070281499065458775
ONE,R02,testing,02,468,0,1.0,1.0,1.0,0.8456137033575293,0.006892899051308632
ONE,R02,testing,02,469,0,1.0,1.0,1.0,0.8439616516629305,0.00634915754199028
ONE,R02,testing,02,470,0,1.0,1.0,1.0,0.8423032785316974,0.006738884374499321
ONE,R02,testing,02,471,0,1.0,1.0,1.0,0.840638633949207,0.006613943260163069
ONE,R02,testing,02,472,0,1.0,1.0,1.0,0.8389677680154147,0.00646585738286376
ONE,R02,testing,02,473,0,1.0,1.0,1.0,0.8372907309423581,0.006740468554198742
ONE,R02,testing,02,474,0,1.0,1.0,1.0,0.8356075730516591,0.006097547709941864
ONE,R02,testing,02,475,0,1.0,1.0,1.0,0.8339183447720261,0.006483654025942087
ONE,R02,testing,02,476,0,1.0,1.0,1.0,0.8322230966367535,0.006508218590170145
ONE,R02,testing,02,477,0,1.0,1.0,1.0,0.8305218792812213,0.006001867353916168
ONE,R02,testing,02,478,0,1.0,1.0,1.0,0.8288147434403941,0.006479429081082344
ONE,R02,testing,02,479,0,1.0,1.0,1.0,0.8271017399463185,0.0063913618214428425
ONE,R02,testing,02,480,0,1.0,1.0,1.0,0.8253829197256218,0.006812889128923416
ONE,R02,testing,02,481,0,1.0,1.0,1.0,0.823658333797009,0.006746659521013498
ONE,R02,testing,02,482,0,1.0,1.0,1.0,0.8219280332687602,0.00668319733813405
ONE,R02,testing,02,483,0,1.0,1.0,1.0,0.8201920693362287,0.006851755548268557
ONE,R02,testing,02,484,0,1.0,1.0,1.0,0.8184504932793387,0.006793081760406494
ONE,R02,testing,02,485,0,1.0,1.0,1.0,0.816703356460084,0.006219285540282726
ONE,R02,testing,02,486,0,1.0,1.0,1.0,0.8149507103200269,0.006583907175809145
ONE,R02,testing,02,487,0,1.0,1.0,1.0,0.8131926063777984,0.006092564668506384
ONE,R02,testing,02,488,0,1.0,1.0,1.0,0.8114290962265988,0.005994564853608608
ONE,R02,testing,02,489,0,1.0,1.0,1.0,0.8096602315317001,0.006033808458596468
ONE,R02,testing,02,490,0,1.0,1.0,1.0,0.8078860640279492,0.006302439142018557
ONE,R02,testing,02,491,0,1.0,1.0,1.0,0.8061066455172727,0.00623794412240386
ONE,R02,testing,02,492,0,1.0,1.0,1.0,0.8043220278661842,0.005753490142524242
ONE,R02,testing,02,493,0,1.0,1.0,1.0,0.8025322630032916,0.006474378518760204
ONE,R02,testing,02,494,0,1.0,1.0,1.0,0.8007374029168081,0.00596602912992239
ONE,R02,testing,02,495,0,1.0,1.0,1.0,0.7989374996520644,0.006520342081785202
ONE,R02,testing,02,496,0,1.0,1.0,0.9429082597083381,0.7516229176287054,0.006102122366428375
ONE,R02,testing,02,497,0,1.0,1.0,0.9429082597083381,0.7499164108904591,0.005964568350464106
ONE,R02,testing,02,498,0,1.0,1.0,0.9429082597083381,0.7482052964194125,0.006542378105223179
ONE,R02,testing,02,499,0,1.0,1.0,0.9429082597083381,0.7464896234815561,0.005711832083761692
ONE,R02,testing,02,500,0,1.0,1.0,0.9429082597083381,0.7447694413850455,0.0060150474309921265
ONE,R02,testing,02,501,0,1.0,1.0,0.9429082597083381,0.7430447994778714,0.005571263376623392
ONE,R02,testing,02,502,0,1.0,1.0,0.9429082597083381,0.7413157471455326,0.005686171818524599
ONE,R02,testing,02,503,0,1.0,1.0,0.9429082597083381,0.7395823338087126,0.006154957227408886
ONE,R02,testing,02,504,0,1.0,1.0,0.9429082597083381,0.7378446089209587,0.0060293711721897125
ONE,R02,testing,02,505,0,1.0,1.0,0.9429082597083381,0.7361026219663654,0.006204703822731972
ONE,R02,testing,02,506,0,1.0,1.0,0.9429082597083381,0.734356422457262,0.007052771747112274
ONE,R02,testing,02,507,0,1.0,1.0,0.9429082597083381,0.7326060599319021,0.0074465651996433735
ONE,R02,testing,02,508,0,1.0,1.0,0.9429082597083381,0.7308515839521599,0.006229748018085957
ONE,R02,testing,02,509,0,1.0,1.0,0.9429082597083381,0.7290930441012277,0.006814013235270977
ONE,R02,testing,02,510,0,1.0,1.0,0.9429082597083381,0.7273304899813202,0.010937587358057499
ONE,R02,testing,02,511,0,1.0,1.0,0.9429082597083381,0.7255639712113816,0.009441977366805077
ONE,R02,testing,02,512,0,1.0,1.0,0.8819822938382925,0.6770256574067108,0.006719691678881645
ONE,R02,testing,02,513,0,1.0,1.0,0.8819822938382925,0.6753660044925095,0.009686297737061977
ONE,R02,testing,02,514,0,1.0,1.0,0.8819822938382925,0.6737027824148939,0.010798961855471134
ONE,R02,testing,02,515,0,1.0,1.0,0.8819822938382925,0.6720360376279229,0.010895881801843643
ONE,R02,testing,02,516,0,1.0,1.0,0.8819822938382925,0.6703658165906498,0.007384736556559801
ONE,R02,testing,02,517,0,1.0,1.0,0.8819822938382925,0.6686921657650058,0.0071289730258286
ONE,R02,testing,02,518,0,1.0,1.0,0.8819822938382925,0.6670151316136887,0.007653405889868736
ONE,R02,testing,02,519,0,1.0,1.0,0.8819822938382925,0.6653347605980569,0.009194450452923775
ONE,R02,testing,02,520,0,1.0,1.0,0.8819822938382925,0.6636510991760276,0.007267530541867018
ONE,R02,testing,02,521,0,1.0,1.0,0.8819822938382925,0.6619641937999827,0.006681608501821756
ONE,R02,testing,02,522,0,1.0,1.0,0.8819822938382925,0.6602740909146785,0.006106120999902487
ONE,R02,testing,02,523,0,1.0,1.0,0.8819822938382925,0.6585808369551612,0.006937352474778891
ONE,R02,testing,02,524,0,1.0,1.0,0.8819822938382925,0.6568844783446893,0.006656150799244642
ONE,R02,testing,02,525,0,1.0,1.0,0.8819822938382925,0.6551850614926614,0.006821174640208483
ONE,R02,testing,02,526,0,1.0,1.0,0.8819822938382925,0.6534826327925496,0.007881351746618748
ONE,R02,testing,02,527,0,1.0,1.0,0.8819822938382925,0.65177723861984,0.00679165730252862
ONE,R02,testing,02,528,0,1.0,1.0,0.8176115364082563,0.6026241757045492,0.008713766001164913
ONE,R02,testing,02,529,0,1.0,1.0,0.8176115364082563,0.6010378791490141,0.008170876652002335
ONE,R02,testing,02,530,0,1.0,1.0,0.8176115364082563,0.5994489624068584,0.010653818026185036
ONE,R02,testing,02,531,0,1.0,1.0,0.8176115364082563,0.5978574683832226,0.009176721796393394
ONE,R02,testing,02,532,0,1.0,1.0,0.8176115364082563,0.5962634399571166,0.007016696967184544
ONE,R02,testing,02,533,0,1.0,1.0,0.8176115364082563,0.5946669199795478,0.010040903463959694
ONE,R02,testing,02,534,0,1.0,1.0,0.8176115364082563,0.5930679512716549,0.009031458757817745
ONE,R02,testing,02,535,0,1.0,1.0,0.8176115364082563,0.5914665766228487,0.007435299921780825
ONE,R02,testing,02,536,0,1.0,1.0,0.8176115364082563,0.5898628387889603,0.007166950963437557
ONE,R02,testing,02,537,0,1.0,1.0,0.8176115364082563,0.5882567804903942,0.009936110116541386
ONE,R02,testing,02,538,0,1.0,1.0,0.8176115364082563,0.5866484444102914,0.008807552978396416
ONE,R02,testing,02,539,0,1.0,1.0,0.8176115364082563,0.5850378731926966,0.00870591588318348
ONE,R02,testing,02,540,0,1.0,1.0,0.8176115364082563,0.5834251094407349,0.0077460696920752525
ONE,R02,testing,02,541,0,1.0,1.0,0.8176115364082563,0.5818101957147945,0.01042963657528162
ONE,R02,testing,02,542,0,1.0,1.0,0.8176115364082563,0.5801931745307172,0.00899768341332674
ONE,R02,testing,02,543,0,1.0,1.0,0.8176115364082563,0.5785740883579961,0.007952483370900154
ONE,R02,testing,02,544,0,1.0,1.0,0.7502779307730125,0.5294385761760548,0.009840814396739006
ONE,R02,testing,02,545,0,1.0,1.0,0.7502779307730125,0.5279491551563539,0.008777298033237457
ONE,R02,testing,02,546,0,1.0,1.0,0.7502779307730125,0.5264579558524078,0.007240155711770058
ONE,R02,testing,02,547,0,1.0,1.0,0.7502779307730125,0.5249650170496563,0.0072120605036616325
ONE,R02,testing,02,548,0,1.0,1.0,0.7502779307730125,0.5234703774828465,0.0064948201179504395
ONE,R02,testing,02,549,0,1.0,1.0,0.7502779307730125,0.5219740758344229,0.006722074933350086
ONE,R02,testing,02,550,0,1.0,1.0,0.7502779307730125,0.5204761507329245,0.006473554763942957
ONE,R02,testing,02,551,0,1.0,1.0,0.7502779307730125,0.51897664075139,0.006907777860760689
ONE,R02,testing,02,552,0,1.0,1.0,0.7502779307730125,0.5174755844057704,0.00630956282839179
ONE,R02,testing,02,553,0,1.0,1.0,0.7502779307730125,0.5159730201533487,0.006263173650950193
ONE,R02,testing,02,554,0,1.0,1.0,0.7502779307730125,0.5144689863911692,0.0056219035759568214
ONE,R02,testing,02,555,0,1.0,1.0,0.7502779307730125,0.5129635214544734,0.005804535932838917
ONE,R02,testing,02,556,0,1.0,1.0,0.7502779307730125,0.5114566636151443,0.006523033604025841
ONE,R02,testing,02,557,0,1.0,1.0,0.7502779307730125,0.5099484510801584,0.005621813703328371
ONE,R02,testing,02,558,0,1.0,1.0,0.7502779307730125,0.5084389219900474,0.006221205927431583
ONE,R02,testing,02,559,0,1.0,1.0,0.7502779307730125,0.5069281144173658,0.006380954757332802
ONE,R02,testing,02,560,0,1.0,1.0,0.6805459217126126,0.4584419034936377,0.006623452994972467
ONE,R02,testing,02,561,0,1.0,1.0,0.6805459217126126,0.4570692967809862,0.009393171407282352
ONE,R02,testing,02,562,0,1.0,1.0,0.6805459217126126,0.45569563362831284,0.006684937514364719
ONE,R02,testing,02,563,0,1.0,1.0,0.6805459217126126,0.4543209483092803,0.0069319200702011585
ONE,R02,testing,02,564,0,1.0,1.0,0.6805459217126126,0.4529452750290645,0.007310622371733189
ONE,R02,testing,02,565,0,1.0,1.0,0.6805459217126126,0.4515686479230117,0.007231780793517828
ONE,R02,testing,02,566,0,1.0,1.0,0.6805459217126126,0.4501911010553052,0.007137146312743425
ONE,R02,testing,02,567,0,1.0,1.0,0.6805459217126126,0.44881266841763867,0.006101642269641161
ONE,R02,testing,02,568,0,1.0,1.0,0.6805459217126126,0.4474333839278987,0.008162535727024078
ONE,R02,testing,02,569,0,1.0,1.0,0.6805459217126126,0.44605328142885453,0.010243907570838928
ONE,R02,testing,02,570,0,1.0,1.0,0.6805459217126126,0.44467239468685715,0.00686919828876853
ONE,R02,testing,02,571,0,1.0,1.0,0.6805459217126126,0.4432907573905459,0.007301604375243187
ONE,R02,testing,02,572,0,1.0,1.0,0.6805459217126126,0.44190840314956376,0.011503568850457668
ONE,R02,testing,02,573,0,1.0,1.0,0.6805459217126126,0.44052536549328125,0.0074106925167143345
ONE,R02,testing,02,574,0,1.0,1.0,0.6805459217126126,0.43914167786952857,0.008516398258507252
ONE,R02,testing,02,575,0,1.0,1.0,0.6805459217126126,0.4377573736433363,0.008219276554882526
ONE,R02,testing,02,576,0,1.0,1.0,0.6090486384384382,0.39052775136724144,0.0060367644764482975
ONE,R02,testing,02,577,0,1.0,1.0,0.6090486384384382,0.38928786600209947,0.006918241269886494
ONE,R02,testing,02,578,0,1.0,1.0,0.6090486384384382,0.3880475179374541,0.00673631252720952
ONE,R02,testing,02,579,0,1.0,1.0,0.6090486384384382,0.3868067367255322,0.0059556011110544205
ONE,R02,testing,02,580,0,1.0,1.0,0.6090486384384382,0.38556555183894275,0.0058489032089710236
ONE,R02,testing,02,581,0,1.0,1.0,0.6090486384384382,0.38432399266959666,0.005487470887601376
ONE,R02,testing,02,582,0,1.0,1.0,0.6090486384384382,0.3830820885276352,0.005919028073549271
ONE,R02,testing,02,583,0,1.0,1.0,0.6090486384384382,0.3818398686403663,0.006080269813537598
ONE,R02,testing,02,584,0,1.0,1.0,0.6090486384384382,0.380597362151209,0.005879372823983431
ONE,R02,testing,02,585,0,1.0,1.0,0.6090486384384382,0.3793545981186462,0.006227758247405291
ONE,R02,testing,05,10,0,1.0,0.9999999999999998,0.5364708121022927,0.3376798973923603,0.0314766950905323
ONE,R02,testing,05,11,1,1.0,0.9999999999999998,0.5364708121022927,0.33879629258992455,0.06515415012836456
ONE,R02,testing,05,12,1,1.0,0.9999999999999998,0.5364708121022927,0.33991236461704605,0.07030850648880005
ONE,R02,testing,05,13,1,1.0,0.9999999999999998,0.5364708121022927,0.3410280860064232,0.08158289641141891
ONE,R02,testing,05,14,1,1.0,0.9999999999999998,0.5364708121022927,0.34214342921287605,0.08964329212903976
ONE,R02,testing,05,15,1,1.0,0.9999999999999998,0.5364708121022927,0.34325836661439413,0.09911844879388809
ONE,R02,testing,05,16,1,1.0,1.0,0.6090486384384382,0.39096223535308317,0.10962865501642227
ONE,R02,testing,05,17,1,1.0,1.0,0.6090486384384382,0.39222699408319095,0.11469511687755585
ONE,R02,testing,05,18,1,1.0,1.0,0.6090486384384382,0.3934911975199113,0.11907782405614853
ONE,R02,testing,05,19,1,1.0,1.0,0.6090486384384382,0.39475481396749423,0.12182478606700897
ONE,R02,testing,05,20,1,1.0,1.0,0.6090486384384382,0.3960178116490466,0.12186358869075775
ONE,R02,testing,05,21,1,1.0,1.0,0.6090486384384382,0.3972801587077745,0.12238305062055588
ONE,R02,testing,05,22,1,1.0,1.0,0.6090486384384382,0.39854182320823556,0.1094168946146965
ONE,R02,testing,05,23,1,1.0,1.0,0.6090486384384382,0.3998027731375985,0.09985826164484024
ONE,R02,testing,05,24,1,1.0,1.0,0.6090486384384382,0.40106297640691213,0.07385534048080444
ONE,R02,testing,05,25,1,1.0,1.0,0.6090486384384382,0.4023224008523827,0.06747820228338242
ONE,R02,testing,05,26,1,1.0,1.0,0.6090486384384382,0.4035810142366597,0.055611152201890945
ONE,R02,testing,05,27,1,1.0,1.0,0.6090486384384382,0.40483878425012987,0.043017104268074036
ONE,R02,testing,05,28,1,1.0,1.0,0.6090486384384382,0.4060956785122198,0.042377129197120667
ONE,R02,testing,05,29,1,1.0,1.0,0.6090486384384382,0.4073516645727065,0.0424070842564106
ONE,R02,testing,05,30,1,1.0,1.0,0.6090486384384382,0.4086067099130367,0.04196997731924057
ONE,R02,testing,05,31,1,1.0,1.0,0.6090486384384382,0.40986078194765363,0.04156278818845749
ONE,R02,testing,05,32,1,1.0,1.0,0.6805459217126126,0.45937522059085706,0.04252823814749718
ONE,R02,testing,05,33,1,1.0,1.0,0.6805459217126126,0.4607742256796118,0.0428689606487751
ONE,R02,testing,05,34,1,1.0,1.0,0.6805459217126126,0.46217203353784825,0.04174100607633591
ONE,R02,testing,05,35,1,1.0,1.0,0.6805459217126126,0.46356860747026546,0.04255330562591553
ONE,R02,testing,05,36,1,1.0,1.0,0.6805459217126126,0.4649639107142413,0.041547175496816635
ONE,R02,testing,05,37,1,1.0,1.0,0.6805459217126126,0.4663579064413683,0.04120320826768875
ONE,R02,testing,05,38,1,1.0,1.0,0.6805459217126126,0.4677505577589973,0.03928155079483986
ONE,R02,testing,05,39,1,1.0,1.0,0.6805459217126126,0.4691418277117909,0.04197372496128082
ONE,R02,testing,05,40,1,1.0,1.0,0.6805459217126126,0.4705316792832837,0.041160114109516144
ONE,R02,testing,05,41,1,1.0,1.0,0.6805459217126126,0.4719200753974522,0.03960251808166504
ONE,R02,testing,05,42,1,1.0,1.0,0.6805459217126126,0.4733069789202917,0.04023394361138344
ONE,R02,testing,05,43,1,1.0,1.0,0.6805459217126126,0.4746923526614026,0.03941962867975235
ONE,R02,testing,05,44,1,1.0,1.0,0.6805459217126126,0.47607615937558306,0.03947528079152107
ONE,R02,testing,05,45,1,1.0,1.0,0.6805459217126126,0.47745836176443107,0.03778030723333359
ONE,R02,testing,05,46,1,1.0,1.0,0.6805459217126126,0.47883892247795373,0.037625547498464584
ONE,R02,testing,05,47,1,1.0,1.0,0.6805459217126126,0.48021780411618414,0.039888300001621246
ONE,R02,testing,05,48,1,1.0,1.0,0.7502779307730125,0.5309415066008838,0.03847663849592209
ONE,R02,testing,05,49,1,1.0,1.0,0.7502779307730125,0.5324578489344869,0.038387008011341095
ONE,R02,testing,05,50,1,1.0,1.0,0.7502779307730125,0.5339722161376085,0.039335452020168304
ONE,R02,testing,05,51,1,1.0,1.0,0.7502779307730125,0.5354845667757168,0.037094246596097946
ONE,R02,testing,05,52,1,1.0,1.0,0.7502779307730125,0.5369948593682232,0.036189399659633636
ONE,R02,testing,05,53,1,1.0,1.0,0.7502779307730125,0.5385030523903144,0.03739000856876373
ONE,R02,testing,05,54,1,1.0,1.0,0.7502779307730125,0.5400091042747913,0.036519598215818405
ONE,R02,testing,05,55,1,1.0,1.0,0.7502779307730125,0.5415129734139165,0.037013374269008636
ONE,R02,testing,05,56,1,1.0,1.0,0.7502779307730125,0.5430146181612687,0.0375659354031086
ONE,R02,testing,05,57,1,1.0,1.0,0.7502779307730125,0.5445139968336059,0.037169039249420166
ONE,R02,testing,05,58,1,1.0,1.0,0.7502779307730125,0.5460110677127333,0.03791762515902519
ONE,R02,testing,05,59,1,1.0,1.0,0.7502779307730125,0.5475057890473818,0.038404129445552826
ONE,R02,testing,05,60,1,1.0,1.0,0.7502779307730125,0.5489981190550905,0.03854358568787575
ONE,R02,testing,05,61,1,1.0,1.0,0.7502779307730125,0.550488015924099,0.03582712635397911
ONE,R02,testing,05,62,1,1.0,1.0,0.7502779307730125,0.5519754378152438,0.03718417510390282
ONE,R02,testing,05,63,1,1.0,1.0,0.7502779307730125,0.5534603428638644,0.037505313754081726
ONE,R02,testing,05,64,1,1.0,0.9999999999999999,0.8176115364082565,0.6047459562790468,0.036980923265218735
ONE,R02,testing,05,65,1,1.0,0.9999999999999999,0.8176115364082565,0.6063585015599007,0.03738698735833168
ONE,R02,testing,05,66,1,1.0,0.9999999999999999,0.8176115364082565,0.6079681671132378,0.03757993504405022
ONE,R02,testing,05,67,1,1.0,0.9999999999999999,0.8176115364082565,0.6095749072270126,0.03920137137174606
ONE,R02,testing,05,68,1,1.0,0.9999999999999999,0.8176115364082565,0.6111786761718776,0.039325613528490067
ONE,R02,testing,05,69,1,1.0,0.9999999999999999,0.8176115364082565,0.6127794282033007,0.038301561027765274
ONE,R02,testing,05,70,1,1.0,0.9999999999999999,0.8176115364082565,0.6143771175636886,0.037922412157058716
ONE,R02,testing,05,71,1,1.0,0.9999999999999999,0.8176115364082565,0.615971698484517,0.037683822214603424
ONE,R02,testing,05,72,1,1.0,0.9999999999999999,0.8176115364082565,0.6175631251884667,0.0382336750626564
ONE,R02,testing,05,73,1,1.0,0.9999999999999999,0.8176115364082565,0.6191513518915657,0.03740011528134346
ONE,R02,testing,05,74,1,1.0,0.9999999999999999,0.8176115364082565,0.620736332805338,0.03772676736116409
ONE,R02,testing,05,75,1,1.0,0.9999999999999999,0.8176115364082565,0.622318022138957,0.03688156232237816
ONE,R02,testing,05,76,1,1.0,0.9999999999999999,0.8176115364082565,0.6238963741014061,0.03585898503661156
ONE,R02,testing,05,77,1,1.0,0.9999999999999999,0.8176115364082565,0.6254713429036427,0.0353643037378788
ONE,R02,testing,05,78,1,1.0,0.9999999999999999,0.8176115364082565,0.6270428827607698,0.03610359504818916
ONE,R02,testing,05,79,1,1.0,0.9999999999999999,0.8176115364082565,0.6286109478942117,0.036505188792943954
ONE,R02,testing,05,80,1,1.0,0.9999999999999999,0.8819822938382926,0.6797893641121421,0.037127334624528885
ONE,R02,testing,05,81,1,1.0,0.9999999999999999,0.8819822938382926,0.6814732387111224,0.03722650557756424
ONE,R02,testing,05,82,1,1.0,0.9999999999999999,0.8819822938382926,0.6831532169368302,0.036472246050834656
ONE,R02,testing,05,83,1,1.0,0.9999999999999999,0.8819822938382926,0.684829249457386,0.036684490740299225
ONE,R02,testing,05,84,1,1.0,0.9999999999999999,0.8819822938382926,0.6865012869595449,0.037582751363515854
ONE,R02,testing,05,85,1,1.0,0.9999999999999999,0.8819822938382926,0.688169280151074,0.03689529746770859
ONE,R02,testing,05,86,1,1.0,0.9999999999999999,0.8819822938382926,0.6898331797631352,0.03733972832560539
ONE,R02,testing,05,87,1,1.0,0.9999999999999999,0.8819822938382926,0.6914929365526719,0.03798181563615799
ONE,R02,testing,05,88,1,1.0,0.9999999999999999,0.8819822938382926,0.6931485013048003,0.03703693300485611
ONE,R02,testing,05,89,1,1.0,0.9999999999999999,0.8819822938382926,0.6947998248352051,0.03706192225217819
ONE,R02,testing,05,90,1,1.0,0.9999999999999999,0.8819822938382926,0.6964468579925375,0.03665013983845711
ONE,R02,testing,05,91,1,1.0,0.9999999999999999,0.8819822938382926,0.6980895516608197,0.038005247712135315
ONE,R02,testing,05,92,1,1.0,0.9999999999999999,0.8819822938382926,0.6997278567618503,0.03778322786092758
ONE,R02,testing,05,93,1,1.0,0.9999999999999999,0.8819822938382926,0.7013617242576154,0.03797208517789841
ONE,R02,testing,05,94,1,1.0,0.9999999999999999,0.8819822938382926,0.7029911051527014,0.03821119666099548
ONE,R02,testing,05,95,1,1.0,0.9999999999999999,0.8819822938382926,0.7046159504967109,0.03808256983757019
ONE,R02,testing,05,96,1,1.0,1.0,0.9429082597083381,0.7550219110676618,0.03957394137978554
ONE,R02,testing,05,97,1,1.0,1.0,0.9429082597083381,0.7567491436925222,0.03860995173454285
ONE,R02,testing,05,98,1,1.0,1.0,0.9429082597083381,0.7584713707766857,0.039032503962516785
ONE,R02,testing,05,99,1,1.0,1.0,0.9429082597083381,0.7601885402067394,0.03770381584763527
ONE,R02,testing,05,100,1,1.0,1.0,0.9429082597083381,0.7619005999303585,0.037953343242406845
ONE,R02,testing,05,101,1,1.0,1.0,0.9429082597083381,0.7636074979589051,0.038471776992082596
ONE,R02,testing,05,102,1,1.0,1.0,0.9429082597083381,0.7653091823700316,0.03881372511386871
ONE,R02,testing,05,103,1,1.0,1.0,0.9429082597083381,0.7670056013102834,0.03847619518637657
ONE,R02,testing,05,104,1,1.0,1.0,0.9429082597083381,0.7686967029977045,0.03787640482187271
ONE,R02,testing,05,105,1,1.0,1.0,0.9429082597083381,0.7703824357244455,0.03923240676522255
ONE,R02,testing,05,106,1,1.0,1.0,0.9429082597083381,0.7720627478593713,0.03812775760889053
ONE,R02,testing,05,107,1,1.0,1.0,0.9429082597083381,0.7737375878506715,0.037757303565740585
ONE,R02,testing,05,108,1,1.0,1.0,0.9429082597083381,0.7754069042284703,0.03743831813335419
ONE,R02,testing,05,109,1,1.0,1.0,0.9429082597083381,0.7770706456074392,0.03829929605126381
ONE,R02,testing,05,110,1,1.0,1.0,0.9429082597083381,0.7787287606894084,0.03688882663846016
ONE,R02,testing,05,111,1,1.0,1.0,0.9429082597083381,0.7803811982659796,0.036223672330379486
ONE,R02,testing,05,112,1,1.0,0.9999999999999999,1.0,0.8293785733333563,0.03601114824414253
ONE,R02,testing,05,113,1,1.0,0.9999999999999999,1.0,0.8311188585581779,0.03683887794613838
ONE,R02,testing,05,114,1,1.0,0.9999999999999999,1.0,0.8328529601847839,0.037631191313266754
ONE,R02,testing,05,115,1,1.0,0.9999999999999999,1.0,0.8345808243127225,0.03694252297282219
ONE,R02,testing,05,116,1,1.0,0.9999999999999999,1.0,0.836302397150604,0.03691132366657257
ONE,R02,testing,05,117,1,1.0,0.9999999999999999,1.0,0.8380176250188707,0.03847026452422142
ONE,R02,testing,05,118,1,1.0,0.9999999999999999,1.0,0.8397264543525662,0.037900302559137344
ONE,R02,testing,05,119,1,1.0,0.9999999999999999,1.0,0.8414288317041029,0.03935709595680237
ONE,R02,testing,05,120,1,1.0,0.9999999999999999,1.0,0.8431247037460282,0.0379081554710865
ONE,R02,testing,05,121,1,1.0,0.9999999999999999,1.0,0.8448140172737906,0.0399554967880249
ONE,R02,testing,05,122,1,1.0,0.9999999999999999,1.0,0.8464967192085017,0.03923090174794197
ONE,R02,testing,05,123,1,1.0,0.9999999999999999,1.0,0.8481727565996989,0.0389210544526577
ONE,R02,testing,05,124,1,1.0,0.9999999999999999,1.0,0.8498420766281043,0.04117456078529358
ONE,R02,testing,05,125,1,1.0,0.9999999999999999,1.0,0.8515046266083818,0.041556697338819504
ONE,R02,testing,05,126,1,1.0,0.9999999999999999,1.0,0.8531603539918919,0.03999900817871094
ONE,R02,testing,05,127,1,1.0,0.9999999999999999,1.0,0.854809206369444,0.04175585135817528
ONE,R02,testing,05,128,1,1.0,1.0,1.0,0.856451131474045,0.040594432502985
ONE,R02,testing,05,129,1,1.0,1.0,1.0,0.8580860771836457,0.040596894919872284
ONE,R02,testing,05,130,1,1.0,1.0,1.0,0.8597139915238836,0.04054885357618332
ONE,R02,testing,05,131,1,1.0,1.0,1.0,0.8613348226708223,0.04061269387602806
ONE,R02,testing,05,132,1,1.0,1.0,1.0,0.8629485189536866,0.040986474603414536
ONE,R02,testing,05,133,1,1.0,1.0,1.0,0.8645550288575952,0.04092127084732056
ONE,R02,testing,05,134,1,1.0,1.0,1.0,0.8661543010262872,0.04232139512896538
ONE,R02,testing,05,135,1,1.0,1.0,1.0,0.8677462842648468,0.041832972317934036
ONE,R02,testing,05,136,1,1.0,1.0,1.0,0.869330927542421,0.04044453427195549
ONE,R02,testing,05,137,1,1.0,1.0,1.0,0.8709081799949349,0.04150979965925217
ONE,R02,testing,05,138,1,1.0,1.0,1.0,0.8724779909278,0.041848961263895035
ONE,R02,testing,05,139,1,1.0,1.0,1.0,0.8740403098186195,0.042353320866823196
ONE,R02,testing,05,140,1,1.0,1.0,1.0,0.8755950863198866,0.04180780425667763
ONE,R02,testing,05,141,1,1.0,1.0,1.0,0.8771422702616782,0.042398951947689056
ONE,R02,testing,05,142,1,1.0,1.0,1.0,0.8786818116543427,0.04315338656306267
ONE,R02,testing,05,143,1,1.0,1.0,1.0,0.8802136606911819,0.04334698244929314
ONE,R02,testing,05,144,1,1.0,1.0,0.9999999999999999,0.881737767751127,0.04247088357806206
ONE,R02,testing,05,145,1,1.0,1.0,0.9999999999999999,0.8832540834014079,0.04375315085053444
ONE,R02,testing,05,146,1,1.0,1.0,0.9999999999999999,0.8847625584002163,0.04317894205451012
ONE,R02,testing,05,147,1,1.0,1.0,0.9999999999999999,0.8862631436993624,0.040968265384435654
ONE,R02,testing,05,148,1,1.0,1.0,0.9999999999999999,0.8877557904469238,0.040755461901426315
ONE,R02,testing,05,149,1,1.0,1.0,0.9999999999999999,0.889240449989888,0.04007778689265251
ONE,R02,testing,05,150,1,1.0,1.0,0.9999999999999999,0.8907170738767884,0.040966182947158813
ONE,R02,testing,05,151,1,1.0,1.0,0.9999999999999999,0.8921856138603305,0.040985431522130966
ONE,R02,testing,05,152,1,1.0,1.0,0.9999999999999999,0.8936460219000125,0.039999864995479584
ONE,R02,testing,05,153,1,1.0,1.0,0.9999999999999999,0.895098250164738,0.04209963604807854
ONE,R02,testing,05,154,1,1.0,1.0,0.9999999999999999,0.8965422510354187,0.042032767087221146
ONE,R02,testing,05,155,1,1.0,1.0,0.9999999999999999,0.8979779771075708,0.04024481400847435
ONE,R02,testing,05,156,1,1.0,1.0,0.9999999999999999,0.8994053811939022,0.040636464953422546
ONE,R02,testing,05,157,1,1.0,1.0,0.9999999999999999,0.9008244163268907,0.04118550941348076
ONE,R02,testing,05,158,1,1.0,1.0,0.9999999999999999,0.902235035761354,0.040975410491228104
ONE,R02,testing,05,159,1,1.0,1.0,0.9999999999999999,0.9036371929770101,0.04028236120939255
ONE,R02,testing,05,160,1,1.0,0.9999999999999998,1.0,0.9050308416810284,0.04041821137070656
ONE,R02,testing,05,161,1,1.0,0.9999999999999998,1.0,0.906415935810572,0.040553394705057144
ONE,R02,testing,05,162,1,1.0,0.9999999999999998,1.0,0.9077924295353296,0.0396152026951313
ONE,R02,testing,05,163,1,1.0,0.9999999999999998,1.0,0.9091602772600377,0.03916742652654648
ONE,R02,testing,05,164,1,1.0,0.9999999999999998,1.0,0.9105194336269935,0.04095502570271492
ONE,R02,testing,05,165,1,1.0,0.9999999999999998,1.0,0.9118698535185562,0.04259626194834709
ONE,R02,testing,05,166,1,1.0,0.9999999999999998,1.0,0.9132114920596395,0.04243205487728119
ONE,R02,testing,05,167,1,1.0,0.9999999999999998,1.0,0.9145443046201915,0.04242870211601257
ONE,R02,testing,05,168,1,1.0,0.9999999999999998,1.0,0.9158682468176661,0.04223339632153511
ONE,R02,testing,05,169,1,1.0,0.9999999999999998,1.0,0.9171832745194812,0.043269217014312744
ONE,R02,testing,05,170,1,1.0,0.9999999999999998,1.0,0.9184893438454675,0.042623452842235565
ONE,R02,testing,05,171,1,1.0,0.9999999999999998,1.0,0.9197864111703046,0.043248966336250305
ONE,R02,testing,05,172,1,1.0,0.9999999999999998,1.0,0.9210744331259461,0.04336261749267578
ONE,R02,testing,05,173,1,1.0,0.9999999999999998,1.0,0.9223533666040329,0.044634174555540085
ONE,R02,testing,05,174,1,1.0,0.9999999999999998,1.0,0.9236231687582949,0.042739905416965485
ONE,R02,testing,05,175,1,1.0,0.9999999999999998,1.0,0.9248837970069396,0.0436558872461319
ONE,R02,testing,05,176,1,1.0,1.0,1.0,0.9261352090350294,0.04334560036659241
ONE,R02,testing,05,177,1,1.0,1.0,1.0,0.927377362796846,0.042540811002254486
ONE,R02,testing,05,178,1,1.0,1.0,1.0,0.9286102165182415,0.042683105915784836
ONE,R02,testing,05,179,1,1.0,1.0,1.0,0.9298337286989777,0.04285816103219986
ONE,R02,testing,05,180,1,1.0,1.0,1.0,0.931047858115052,0.04536689817905426
ONE,R02,testing,05,181,1,1.0,1.0,1.0,0.9322525638210092,0.043289341032505035
ONE,R02,testing,05,182,1,1.0,1.0,1.0,0.933447805152241,0.04167420417070389
ONE,R02,testing,05,183,1,1.0,1.0,1.0,0.9346335417272718,0.041232630610466
ONE,R02,testing,05,184,1,1.0,1.0,1.0,0.9358097334500295,0.0431443490087986
ONE,R02,testing,05,185,1,1.0,1.0,1.0,0.9369763405121039,0.04309479147195816
ONE,R02,testing,05,186,1,1.0,1.0,1.0,0.9381333233949899,0.043381769210100174
ONE,R02,testing,05,187,1,1.0,1.0,1.0,0.9392806428723173,0.04371534660458565
ONE,R02,testing,05,188,1,1.0,1.0,1.0,0.9404182600120646,0.043597809970378876
ONE,R02,testing,05,189,1,1.0,1.0,1.0,0.9415461361787603,0.04423460736870766
ONE,R02,testing,05,190,1,1.0,1.0,1.0,0.9426642330356666,0.04465639963746071
ONE,R02,testing,05,191,1,1.0,1.0,1.0,0.9437725125469515,0.043925151228904724
ONE,R02,testing,05,192,1,1.0,1.0,1.0,0.944870936979842,0.04386451467871666
ONE,R02,testing,05,193,1,1.0,1.0,1.0,0.9459594689067654,0.04290452599525452
ONE,R02,testing,05,194,1,1.0,1.0,1.0,0.9470380712074722,0.043748147785663605
ONE,R02,testing,05,195,1,1.0,1.0,1.0,0.9481067070711451,0.043336205184459686
ONE,R02,testing,05,196,1,1.0,1.0,1.0,0.9491653399984917,0.04437963664531708
ONE,R02,testing,05,197,1,1.0,1.0,1.0,0.9502139338038209,0.04625790938735008
ONE,R02,testing,05,198,1,1.0,1.0,1.0,0.9512524526171031,0.04519600793719292
ONE,R02,testing,05,199,1,1.0,1.0,1.0,0.9522808608860147,0.04411808028817177
ONE,R02,testing,05,200,1,1.0,1.0,1.0,0.9532991233779651,0.045217256993055344
ONE,R02,testing,05,201,1,1.0,1.0,1.0,0.9543072051821075,0.04375873878598213
ONE,R02,testing,05,202,1,1.0,1.0,1.0,0.9553050717113334,0.04393574595451355
ONE,R02,testing,05,203,1,1.0,1.0,1.0,0.9562926887042489,0.04320854693651199
ONE,R02,testing,05,204,1,1.0,1.0,1.0,0.9572700222271349,0.04427090659737587
ONE,R02,testing,05,205,1,1.0,1.0,1.0,0.9582370386758893,0.043637942522764206
ONE,R02,testing,05,206,1,1.0,1.0,1.0,0.9591937047779524,0.04202752187848091
ONE,R02,testing,05,207,1,1.0,1.0,1.0,0.9601399875942136,0.043178100138902664
ONE,R02,testing,05,208,1,1.0,1.0,0.9999999999999999,0.9610758545209016,0.04324273020029068
ONE,R02,testing,05,209,1,1.0,1.0,0.9999999999999999,0.962001273291456,0.044264160096645355
ONE,R02,testing,05,210,1,1.0,1.0,0.9999999999999999,0.9629162119783803,0.043489519506692886
ONE,R02,testing,05,211,1,1.0,1.0,0.9999999999999999,0.9638206389950779,0.044511713087558746
ONE,R02,testing,05,212,1,1.0,1.0,0.9999999999999999,0.9647145230976684,0.04334806650876999
ONE,R02,testing,05,213,1,1.0,1.0,0.9999999999999999,0.9655978333867866,0.04479409009218216
ONE,R02,testing,05,214,1,1.0,1.0,0.9999999999999999,0.9664705393093621,0.04516305401921272
ONE,R02,testing,05,215,1,1.0,1.0,0.9999999999999999,0.9673326106603799,0.04428866505622864
ONE,R02,testing,05,216,1,1.0,1.0,0.9999999999999999,0.9681840175846228,0.04340315982699394
ONE,R02,testing,05,217,1,1.0,1.0,0.9999999999999999,0.9690247305783939,0.04492373391985893
ONE,R02,testing,05,218,1,1.0,1.0,0.9999999999999999,0.9698547204912205,0.04318302124738693
ONE,R02,testing,05,219,1,1.0,1.0,0.9999999999999999,0.9706739585275382,0.04345420002937317
ONE,R02,testing,05,220,1,1.0,1.0,0.9999999999999999,0.9714824162483559,0.0433298796415329
ONE,R02,testing,05,221,1,1.0,1.0,0.9999999999999999,0.9722800655729005,0.04397978633642197
ONE,R02,testing,05,222,1,1.0,1.0,0.9999999999999999,0.9730668787802425,0.04291730746626854
ONE,R02,testing,05,223,1,1.0,1.0,0.9999999999999999,0.9738428285109013,0.04198453202843666
ONE,R02,testing,05,224,1,1.0,0.9999999999999999,1.0,0.9746078877684308,0.043612223118543625
ONE,R02,testing,05,225,1,1.0,0.9999999999999999,1.0,0.9753620299209841,0.043347619473934174
ONE,R02,testing,05,226,1,1.0,0.9999999999999999,1.0,0.9761052287028588,0.04543939232826233
ONE,R02,testing,05,227,1,1.0,0.9999999999999999,1.0,0.9768374582160214,0.0454409085214138
ONE,R02,testing,05,228,1,1.0,0.9999999999999999,1.0,0.9775586929316115,0.0449879914522171
ONE,R02,testing,05,229,1,1.0,0.9999999999999999,1.0,0.9782689076914242,0.043766412883996964
ONE,R02,testing,05,230,1,1.0,0.9999999999999999,1.0,0.9789680777093734,0.04381326586008072
ONE,R02,testing,05,231,1,1.0,0.9999999999999999,1.0,0.9796561785729334,0.043878551572561264
ONE,R02,testing,05,232,1,1.0,0.9999999999999999,1.0,0.9803331862445586,0.04332036152482033
ONE,R02,testing,05,233,1,1.0,0.9999999999999999,1.0,0.9809990770630838,0.04279906675219536
ONE,R02,testing,05,234,1,1.0,0.9999999999999999,1.0,0.9816538277451018,0.04544616490602493
ONE,R02,testing,05,235,1,1.0,0.9999999999999999,1.0,0.9822974153863204,0.04504862427711487
ONE,R02,testing,05,236,1,1.0,0.9999999999999999,1.0,0.9829298174628978,0.04640398547053337
ONE,R02,testing,05,237,1,1.0,0.9999999999999999,1.0,0.9835510118327557,0.046227384358644485
ONE,R02,testing,05,238,1,1.0,0.9999999999999999,1.0,0.9841609767368722,0.04513366520404816
ONE,R02,testing,05,239,1,1.0,0.9999999999999999,1.0,0.9847596908005515,0.04681972786784172
ONE,R02,testing,05,240,1,1.0,1.0,1.0,0.9853471330346719,0.04643459990620613
ONE,R02,testing,05,241,1,1.0,1.0,1.0,0.985923282836913,0.04497000575065613
ONE,R02,testing,05,242,1,1.0,1.0,1.0,0.986488119992959,0.04483497142791748
ONE,R02,testing,05,243,1,1.0,1.0,1.0,0.9870416246776812,0.04543982818722725
ONE,R02,testing,05,244,1,1.0,1.0,1.0,0.9875837774562974,0.04498528689146042
ONE,R02,testing,05,245,1,1.0,1.0,1.0,0.9881145592855095,0.04355770722031593
ONE,R02,testing,05,246,1,1.0,1.0,1.0,0.9886339515146182,0.04508373513817787
ONE,R02,testing,05,247,1,1.0,1.0,1.0,0.9891419358866147,0.04632893204689026
ONE,R02,testing,05,248,1,1.0,1.0,1.0,0.9896384945392512,0.04586561769247055
ONE,R02,testing,05,249,1,1.0,1.0,1.0,0.9901236100060871,0.04657604545354843
ONE,R02,testing,05,250,1,1.0,1.0,1.0,0.9905972652175126,0.044310495257377625
ONE,R02,testing,05,251,1,1.0,1.0,1.0,0.9910594435017508,0.04522053897380829
ONE,R02,testing,05,252,1,1.0,1.0,1.0,0.9915101285858344,0.046208590269088745
ONE,R02,testing,05,253,1,1.0,1.0,1.0,0.9919493045965618,0.0460764616727829
ONE,R02,testing,05,254,1,1.0,1.0,1.0,0.9923769560614281,0.045742422342300415
ONE,R02,testing,05,255,1,1.0,1.0,1.0,0.9927930679095336,0.0456976555287838
ONE,R02,testing,05,256,1,1.0,1.0,1.0,0.9931976254724695,0.04622871056199074
ONE,R02,testing,05,257,1,1.0,1.0,1.0,0.9935906144851793,0.04577484726905823
ONE,R02,testing,05,258,1,1.0,1.0,1.0,0.993972021086797,0.04471196234226227
ONE,R02,testing,05,259,1,1.0,1.0,1.0,0.9943418318214625,0.045000266283750534
ONE,R02,testing,05,260,1,1.0,1.0,1.0,0.9947000336391117,0.043580062687397
ONE,R02,testing,05,261,1,1.0,1.0,1.0,0.9950466138962454,0.04681038111448288
ONE,R02,testing,05,262,1,1.0,1.0,1.0,0.9953815603566719,0.04564260318875313
ONE,R02,testing,05,263,1,1.0,1.0,1.0,0.9957048611922276,0.04471759870648384
ONE,R02,testing,05,264,1,1.0,1.0,1.0,0.996016504983473,0.044822126626968384
ONE,R02,testing,05,265,1,1.0,1.0,1.0,0.9963164807203653,0.045354150235652924
ONE,R02,testing,05,266,1,1.0,1.0,1.0,0.9966047778029058,0.04533489793539047
ONE,R02,testing,05,267,1,1.0,1.0,1.0,0.9968813860417651,0.04616513103246689
ONE,R02,testing,05,268,1,1.0,1.0,1.0,0.997146295658883,0.046145159751176834
ONE,R02,testing,05,269,1,1.0,1.0,1.0,0.9973994972880442,0.04878796637058258
ONE,R02,testing,05,270,1,1.0,1.0,1.0,0.9976409819754308,0.04728127270936966
ONE,R02,testing,05,271,1,1.0,1.0,1.0,0.9978707411801495,0.04815242066979408
ONE,R02,testing,05,272,1,1.0,1.0,1.0,0.9980887667747357,0.048365067690610886
ONE,R02,testing,05,273,1,1.0,1.0,1.0,0.9982950510456319,0.046728041023015976
ONE,R02,testing,05,274,1,1.0,1.0,1.0,0.9984895866936431,0.047881390899419785
ONE,R02,testing,05,275,1,1.0,1.0,1.0,0.9986723668343668,0.047799814492464066
ONE,R02,testing,05,276,1,1.0,1.0,1.0,0.9988433849985997,0.048332616686820984
ONE,R02,testing,05,277,1,1.0,1.0,1.0,0.9990026351327186,0.04943731799721718
ONE,R02,testing,05,278,1,1.0,1.0,1.0,0.999150111599038,0.049200475215911865
ONE,R02,testing,05,279,1,1.0,1.0,1.0,0.9992858091761426,0.04812978580594063
ONE,R02,testing,05,280,1,1.0,1.0,1.0,0.9994097230591954,0.05065521225333214
ONE,R02,testing,05,281,1,1.0,1.0,1.0,0.9995218488602211,0.04951222613453865
ONE,R02,testing,05,282,1,1.0,1.0,1.0,0.9996221826083654,0.049421846866607666
ONE,R02,testing,05,283,1,1.0,1.0,1.0,0.9997107207501291,0.049311984330415726
ONE,R02,testing,05,284,1,1.0,1.0,1.0,0.9997874601495781,0.05117868632078171
ONE,R02,testing,05,285,1,1.0,1.0,1.0,0.999852398088528,0.050450243055820465
ONE,R02,testing,05,286,1,1.0,1.0,1.0,0.9999055322667054,0.052301276475191116
ONE,R02,testing,05,287,1,1.0,1.0,1.0,0.999946860801883,0.050540294498205185
ONE,R02,testing,05,288,1,1.0,1.0,1.0,0.999976382229991,0.051284193992614746
ONE,R02,testing,05,289,1,1.0,1.0,1.0,0.9999940955052034,0.050506122410297394
ONE,R02,testing,05,290,1,1.0,1.0,1.0,1.0,0.05173126235604286
ONE,R02,testing,05,291,1,1.0,1.0,1.0,0.9999940955052034,0.05043356120586395
ONE,R02,testing,05,292,1,1.0,1.0,1.0,0.999976382229991,0.04998889937996864
ONE,R02,testing,05,293,1,1.0,1.0,1.0,0.999946860801883,0.05121766775846481
ONE,R02,testing,05,294,1,1.0,1.0,1.0,0.9999055322667054,0.05046028643846512
ONE,R02,testing,05,295,1,1.0,1.0,1.0,0.999852398088528,0.0515756718814373
ONE,R02,testing,05,296,1,1.0,1.0,1.0,0.9997874601495781,0.05130487680435181
ONE,R02,testing,05,297,1,1.0,1.0,1.0,0.9997107207501291,0.05059799924492836
ONE,R02,testing,05,298,1,1.0,1.0,1.0,0.9996221826083654,0.049589887261390686
ONE,R02,testing,05,299,1,1.0,1.0,1.0,0.9995218488602211,0.051229625940322876
ONE,R02,testing,05,300,1,1.0,1.0,1.0,0.9994097230591954,0.053639695048332214
ONE,R02,testing,05,301,1,1.0,1.0,1.0,0.9992858091761426,0.0525994598865509
ONE,R02,testing,05,302,1,1.0,1.0,1.0,0.999150111599038,0.057189058512449265
ONE,R02,testing,05,303,1,1.0,1.0,1.0,0.9990026351327186,0.07065846025943756
ONE,R02,testing,05,304,1,1.0,1.0,1.0,0.9988433849985997,0.07367322593927383
ONE,R02,testing,05,305,1,1.0,1.0,1.0,0.9986723668343668,0.07499244064092636
ONE,R02,testing,05,306,1,1.0,1.0,1.0,0.9984895866936431,0.07708293944597244
ONE,R02,testing,05,307,1,1.0,1.0,1.0,0.9982950510456319,0.07749447226524353
ONE,R02,testing,05,308,1,1.0,1.0,1.0,0.9980887667747357,0.07870444655418396
ONE,R02,testing,05,309,1,1.0,1.0,1.0,0.9978707411801495,0.0791536197066307
ONE,R02,testing,05,310,1,1.0,1.0,1.0,0.9976409819754308,0.0886443704366684
ONE,R02,testing,05,311,1,1.0,1.0,1.0,0.9973994972880442,0.08407659828662872
ONE,R02,testing,05,312,1,1.0,1.0,1.0,0.997146295658883,0.08927508443593979
ONE,R02,testing,05,313,1,1.0,1.0,1.0,0.9968813860417651,0.08285018801689148
ONE,R02,testing,05,314,1,1.0,1.0,1.0,0.9966047778029058,0.05928073823451996
ONE,R02,testing,05,315,0,1.0,1.0,1.0,0.9963164807203653,0.0450260154902935
ONE,R02,testing,05,316,0,1.0,1.0,1.0,0.996016504983473,0.03389641270041466
ONE,R02,testing,05,317,0,1.0,1.0,1.0,0.9957048611922276,0.031462233513593674
ONE,R02,testing,05,318,0,1.0,1.0,1.0,0.9953815603566719,0.033443622291088104
ONE,R02,testing,05,319,0,1.0,1.0,1.0,0.9950466138962454,0.03144259378314018
ONE,R02,testing,05,320,0,1.0,1.0,0.9999999999999999,0.9947000336391116,0.02935117669403553
ONE,R02,testing,05,321,0,1.0,1.0,0.9999999999999999,0.9943418318214624,0.03031635284423828
ONE,R02,testing,05,322,0,1.0,1.0,0.9999999999999999,0.9939720210867969,0.030235502868890762
ONE,R02,testing,05,323,0,1.0,1.0,0.9999999999999999,0.9935906144851792,0.03081308864057064
ONE,R02,testing,05,324,0,1.0,1.0,0.9999999999999999,0.9931976254724694,0.029244929552078247
ONE,R02,testing,05,325,0,1.0,1.0,0.9999999999999999,0.9927930679095335,0.029643788933753967
ONE,R02,testing,05,326,0,1.0,1.0,0.9999999999999999,0.992376956061428,0.029204215854406357
ONE,R02,testing,05,327,0,1.0,1.0,0.9999999999999999,0.9919493045965617,0.029371708631515503
ONE,R02,testing,05,328,0,1.0,1.0,0.9999999999999999,0.9915101285858343,0.029986882582306862
ONE,R02,testing,05,329,0,1.0,1.0,0.9999999999999999,0.9910594435017507,0.029842473566532135
ONE,R02,testing,05,330,0,1.0,1.0,0.9999999999999999,0.9905972652175125,0.029954254627227783
ONE,R02,testing,05,331,0,1.0,1.0,0.9999999999999999,0.990123610006087,0.029468009248375893
ONE,R02,testing,05,332,0,1.0,1.0,0.9999999999999999,0.9896384945392511,0.028274139389395714
ONE,R02,testing,05,333,0,1.0,1.0,0.9999999999999999,0.9891419358866146,0.0273391492664814
ONE,R02,testing,05,334,0,1.0,1.0,0.9999999999999999,0.9886339515146181,0.026507796719670296
ONE,R02,testing,05,335,0,1.0,1.0,0.9999999999999999,0.9881145592855094,0.026344535872340202
ONE,R02,testing,05,336,0,1.0,0.9999999999999999,1.0,0.9875837774562974,0.026612387970089912
ONE,R02,testing,05,337,0,1.0,0.9999999999999999,1.0,0.9870416246776812,0.026755966246128082
ONE,R02,testing,05,338,0,1.0,0.9999999999999999,1.0,0.986488119992959,0.028271125629544258
ONE,R02,testing,05,339,0,1.0,0.9999999999999999,1.0,0.985923282836913,0.025695327669382095
ONE,R02,testing,05,340,0,1.0,0.9999999999999999,1.0,0.9853471330346719,0.025578588247299194
ONE,R02,testing,05,341,0,1.0,0.9999999999999999,1.0,0.9847596908005515,0.02700134553015232
ONE,R02,testing,05,342,0,1.0,0.9999999999999999,1.0,0.9841609767368722,0.02634209208190441
ONE,R02,testing,05,343,0,1.0,0.9999999999999999,1.0,0.9835510118327557,0.027620669454336166
ONE,R02,testing,05,344,0,1.0,0.9999999999999999,1.0,0.9829298174628978,0.026904812082648277
ONE,R02,testing,05,345,0,1.0,0.9999999999999999,1.0,0.9822974153863204,0.02722342312335968
ONE,R02,testing,05,346,0,1.0,0.9999999999999999,1.0,0.9816538277451018,0.02579551376402378
ONE,R02,testing,05,347,0,1.0,0.9999999999999999,1.0,0.9809990770630838,0.02556907944381237
ONE,R02,testing,05,348,0,1.0,0.9999999999999999,1.0,0.9803331862445586,0.024775652214884758
ONE,R02,testing,05,349,0,1.0,0.9999999999999999,1.0,0.9796561785729334,0.02563047967851162
ONE,R02,testing,05,350,0,1.0,0.9999999999999999,1.0,0.9789680777093734,0.025263670831918716
ONE,R02,testing,05,351,0,1.0,0.9999999999999999,1.0,0.9782689076914242,0.02505774050951004
ONE,R02,testing,05,352,0,1.0,1.0,1.0,0.9775586929316115,0.025004742667078972
ONE,R02,testing,05,353,0,1.0,1.0,1.0,0.9768374582160214,0.025679735466837883
ONE,R02,testing,05,354,0,1.0,1.0,1.0,0.9761052287028588,0.025825055316090584
ONE,R02,testing,05,355,0,1.0,1.0,1.0,0.9753620299209841,0.02462265081703663
ONE,R02,testing,05,356,0,1.0,1.0,1.0,0.9746078877684308,0.024102069437503815
ONE,R02,testing,05,357,0,1.0,1.0,1.0,0.9738428285109014,0.024329764768481255
ONE,R02,testing,05,358,0,1.0,1.0,1.0,0.9730668787802426,0.02295554429292679
ONE,R02,testing,05,359,0,1.0,1.0,1.0,0.9722800655729006,0.023195166140794754
ONE,R02,testing,05,360,0,1.0,1.0,1.0,0.971482416248356,0.02440079301595688
ONE,R02,testing,05,361,0,1.0,1.0,1.0,0.9706739585275383,0.02387540228664875
ONE,R02,testing,05,362,0,1.0,1.0,1.0,0.9698547204912206,0.025054655969142914
ONE,R02,testing,05,363,0,1.0,1.0,1.0,0.969024730578394,0.023984061554074287
ONE,R02,testing,05,364,0,1.0,1.0,1.0,0.9681840175846229,0.02459236979484558
ONE,R02,testing,05,365,0,1.0,1.0,1.0,0.96733261066038,0.023804549127817154
ONE,R02,testing,05,366,0,1.0,1.0,1.0,0.9664705393093622,0.022111456841230392
ONE,R02,testing,05,367,0,1.0,1.0,1.0,0.9655978333867867,0.023756319656968117
ONE,R02,testing,05,368,0,1.0,1.0,0.9999999999999999,0.9647145230976684,0.02411654219031334
ONE,R02,testing,05,369,0,1.0,1.0,0.9999999999999999,0.9638206389950779,0.02214002050459385
ONE,R02,testing,05,370,0,1.0,1.0,0.9999999999999999,0.9629162119783803,0.023804308846592903
ONE,R02,testing,05,371,0,1.0,1.0,0.9999999999999999,0.962001273291456,0.022593291476368904
ONE,R02,testing,05,372,0,1.0,1.0,0.9999999999999999,0.9610758545209016,0.022765880450606346
ONE,R02,testing,05,373,0,1.0,1.0,0.9999999999999999,0.9601399875942135,0.021754343062639236
ONE,R02,testing,05,374,0,1.0,1.0,0.9999999999999999,0.9591937047779523,0.022801591083407402
ONE,R02,testing,05,375,0,1.0,1.0,0.9999999999999999,0.9582370386758892,0.022707322612404823
ONE,R02,testing,05,376,0,1.0,1.0,0.9999999999999999,0.9572700222271348,0.022164098918437958
ONE,R02,testing,05,377,0,1.0,1.0,0.9999999999999999,0.9562926887042488,0.023113321512937546
ONE,R02,testing,05,378,0,1.0,1.0,0.9999999999999999,0.9553050717113333,0.024782828986644745
ONE,R02,testing,05,379,0,1.0,1.0,0.9999999999999999,0.9543072051821074,0.02395901083946228
ONE,R02,testing,05,380,0,1.0,1.0,0.9999999999999999,0.953299123377965,0.024418393149971962
ONE,R02,testing,05,381,0,1.0,1.0,0.9999999999999999,0.9522808608860146,0.024443328380584717
ONE,R02,testing,05,382,0,1.0,1.0,0.9999999999999999,0.951252452617103,0.025191407650709152
ONE,R02,testing,05,383,0,1.0,1.0,0.9999999999999999,0.9502139338038208,0.024241575971245766
ONE,R02,testing,05,384,0,1.0,0.9999999999999999,1.0,0.9491653399984917,0.023914003744721413
ONE,R02,testing,05,385,0,1.0,0.9999999999999999,1.0,0.9481067070711451,0.023877587169408798
ONE,R02,testing,05,386,0,1.0,0.9999999999999999,1.0,0.9470380712074722,0.02297070063650608
ONE,R02,testing,05,387,0,1.0,0.9999999999999999,1.0,0.9459594689067654,0.02385106310248375
ONE,R02,testing,05,388,0,1.0,0.9999999999999999,1.0,0.944870936979842,0.023149073123931885
ONE,R02,testing,05,389,0,1.0,0.9999999999999999,1.0,0.9437725125469515,0.024170290678739548
ONE,R02,testing,05,390,0,1.0,0.9999999999999999,1.0,0.9426642330356666,0.024496804922819138
ONE,R02,testing,05,391,0,1.0,0.9999999999999999,1.0,0.9415461361787603,0.02417437918484211
ONE,R02,testing,05,392,0,1.0,0.9999999999999999,1.0,0.9404182600120646,0.02459290437400341
ONE,R02,testing,05,393,0,1.0,0.9999999999999999,1.0,0.9392806428723173,0.024008698761463165
ONE,R02,testing,05,394,0,1.0,0.9999999999999999,1.0,0.9381333233949899,0.02408672496676445
ONE,R02,testing,05,395,0,1.0,0.9999999999999999,1.0,0.9369763405121039,0.023680003359913826
ONE,R02,testing,05,396,0,1.0,0.9999999999999999,1.0,0.9358097334500295,0.02393229678273201
ONE,R02,testing,05,397,0,1.0,0.9999999999999999,1.0,0.9346335417272718,0.02468901500105858
ONE,R02,testing,05,398,0,1.0,0.9999999999999999,1.0,0.933447805152241,0.02395152859389782
ONE,R02,testing,05,399,0,1.0,0.9999999999999999,1.0,0.9322525638210092,0.023933622986078262
ONE,R02,testing,05,400,0,1.0,1.0,1.0,0.931047858115052,0.02389102801680565
ONE,R02,testing,05,401,0,1.0,1.0,1.0,0.9298337286989777,0.02305758371949196
ONE,R02,testing,05,402,0,1.0,1.0,1.0,0.9286102165182415,0.022462615743279457
ONE,R02,testing,05,403,0,1.0,1.0,1.0,0.927377362796846,0.022380707785487175
ONE,R02,testing,05,404,0,1.0,1.0,1.0,0.9261352090350294,0.021972954273223877
ONE,R02,testing,05,405,0,1.0,1.0,1.0,0.9248837970069396,0.022480057552456856
ONE,R02,testing,05,406,0,1.0,1.0,1.0,0.9236231687582949,0.024271169677376747
ONE,R02,testing,05,407,0,1.0,1.0,1.0,0.9223533666040329,0.022677049040794373
ONE,R02,testing,05,408,0,1.0,1.0,1.0,0.9210744331259461,0.023024050518870354
ONE,R02,testing,05,409,0,1.0,1.0,1.0,0.9197864111703046,0.023409245535731316
ONE,R02,testing,05,410,0,1.0,1.0,1.0,0.9184893438454675,0.023580044507980347
ONE,R02,testing,05,411,0,1.0,1.0,1.0,0.9171832745194812,0.02373380959033966
ONE,R02,testing,05,412,0,1.0,1.0,1.0,0.9158682468176661,0.02468940056860447
ONE,R02,testing,05,413,0,1.0,1.0,1.0,0.9145443046201915,0.025490349158644676
ONE,R02,testing,05,414,0,1.0,1.0,1.0,0.9132114920596395,0.023921089246869087
ONE,R02,testing,05,415,0,1.0,1.0,1.0,0.9118698535185562,0.024721529334783554
ONE,R02,testing,05,416,0,1.0,1.0,0.9999999999999999,0.9105194336269934,0.0246114544570446
ONE,R02,testing,05,417,0,1.0,1.0,0.9999999999999999,0.9091602772600376,0.02547966130077839
ONE,R02,testing,05,418,0,1.0,1.0,0.9999999999999999,0.9077924295353295,0.026776278391480446
ONE,R02,testing,05,419,0,1.0,1.0,0.9999999999999999,0.9064159358105719,0.025784797966480255
ONE,R02,testing,05,420,0,1.0,1.0,0.9999999999999999,0.9050308416810283,0.024590104818344116
ONE,R02,testing,05,421,0,1.0,1.0,0.9999999999999999,0.9036371929770101,0.02558143064379692
ONE,R02,testing,05,422,0,1.0,1.0,0.9999999999999999,0.902235035761354,0.026622913777828217
ONE,R02,testing,05,423,0,1.0,1.0,0.9999999999999999,0.9008244163268907,0.02606343664228916
ONE,R02,testing,05,424,0,1.0,1.0,0.9999999999999999,0.8994053811939022,0.02519402652978897
ONE,R02,testing,05,425,0,1.0,1.0,0.9999999999999999,0.8979779771075708,0.025244012475013733
ONE,R02,testing,05,426,0,1.0,1.0,0.9999999999999999,0.8965422510354187,0.02466757223010063
ONE,R02,testing,05,427,0,1.0,1.0,0.9999999999999999,0.895098250164738,0.025280382484197617
ONE,R02,testing,05,428,0,1.0,1.0,0.9999999999999999,0.8936460219000125,0.024583319202065468
ONE,R02,testing,05,429,0,1.0,1.0,0.9999999999999999,0.8921856138603305,0.0231392290443182
ONE,R02,testing,05,430,0,1.0,1.0,0.9999999999999999,0.8907170738767884,0.025088097900152206
ONE,R02,testing,05,431,0,1.0,1.0,0.9999999999999999,0.889240449989888,0.025016874074935913
ONE,R02,testing,05,432,0,1.0,0.9999999999999999,0.9999999999999999,0.8877557904469238,0.02451949752867222
ONE,R02,testing,05,433,0,1.0,0.9999999999999999,0.9999999999999999,0.8862631436993624,0.02420702762901783
ONE,R02,testing,05,434,0,1.0,0.9999999999999999,0.9999999999999999,0.8847625584002163,0.023323480039834976
ONE,R02,testing,05,435,0,1.0,0.9999999999999999,0.9999999999999999,0.8832540834014079,0.023496663197875023
ONE,R02,testing,05,436,0,1.0,0.9999999999999999,0.9999999999999999,0.881737767751127,0.024078749120235443
ONE,R02,testing,05,437,0,1.0,0.9999999999999999,0.9999999999999999,0.8802136606911818,0.023055369034409523
ONE,R02,testing,05,438,0,1.0,0.9999999999999999,0.9999999999999999,0.8786818116543426,0.02362896129488945
ONE,R02,testing,05,439,0,1.0,0.9999999999999999,0.9999999999999999,0.8771422702616781,0.023922236636281013
ONE,R02,testing,05,440,0,1.0,0.9999999999999999,0.9999999999999999,0.8755950863198865,0.02293200045824051
ONE,R02,testing,05,441,0,1.0,0.9999999999999999,0.9999999999999999,0.8740403098186194,0.025074422359466553
ONE,R02,testing,05,442,0,1.0,0.9999999999999999,0.9999999999999999,0.8724779909277999,0.024134598672389984
ONE,R02,testing,05,443,0,1.0,0.9999999999999999,0.9999999999999999,0.8709081799949348,0.023620521649718285
ONE,R02,testing,05,444,0,1.0,0.9999999999999999,0.9999999999999999,0.8693309275424209,0.024249892681837082
ONE,R02,testing,05,445,0,1.0,0.9999999999999999,0.9999999999999999,0.8677462842648467,0.024664634838700294
ONE,R02,testing,05,446,0,1.0,0.9999999999999999,0.9999999999999999,0.8661543010262871,0.023854225873947144
ONE,R02,testing,05,447,0,1.0,0.9999999999999999,0.9999999999999999,0.864555028857595,0.0255612563341856
ONE,R02,testing,05,448,0,1.0,0.9999999999999999,1.0,0.8629485189536866,0.02488178014755249
ONE,R02,testing,05,449,0,1.0,0.9999999999999999,1.0,0.8613348226708223,0.0246572345495224
ONE,R02,testing,05,450,0,1.0,0.9999999999999999,1.0,0.8597139915238836,0.02386273629963398
ONE,R02,testing,05,451,0,1.0,0.9999999999999999,1.0,0.8580860771836457,0.024726003408432007
ONE,R02,testing,05,452,0,1.0,0.9999999999999999,1.0,0.856451131474045,0.023571155965328217
ONE,R02,testing,05,453,0,1.0,0.9999999999999999,1.0,0.854809206369444,0.023432133719325066
ONE,R02,testing,05,454,0,1.0,0.9999999999999999,1.0,0.8531603539918919,0.02408677339553833
ONE,R02,testing,05,455,0,1.0,0.9999999999999999,1.0,0.8515046266083818,0.024408647790551186
ONE,R02,testing,05,456,0,1.0,0.9999999999999999,1.0,0.8498420766281043,0.025031128898262978
ONE,R02,testing,05,457,0,1.0,0.9999999999999999,1.0,0.8481727565996989,0.024927670136094093
ONE,R02,testing,05,458,0,1.0,0.9999999999999999,1.0,0.8464967192085017,0.024507876485586166
ONE,R02,testing,05,459,0,1.0,0.9999999999999999,1.0,0.8448140172737906,0.024829069152474403
ONE,R02,testing,05,460,0,1.0,0.9999999999999999,1.0,0.8431247037460282,0.024848470464348793
ONE,R02,testing,05,461,0,1.0,0.9999999999999999,1.0,0.8414288317041029,0.024828113615512848
ONE,R02,testing,05,462,0,1.0,0.9999999999999999,1.0,0.8397264543525662,0.025365682318806648
ONE,R02,testing,05,463,0,1.0,0.9999999999999999,1.0,0.8380176250188707,0.02422545664012432
ONE,R02,testing,05,464,0,1.0,1.0,1.0,0.836302397150604,0.024947060272097588
ONE,R02,testing,05,465,0,1.0,1.0,1.0,0.8345808243127225,0.024493465200066566
ONE,R02,testing,05,466,0,1.0,1.0,1.0,0.8328529601847839,0.02523135580122471
ONE,R02,testing,05,467,0,1.0,1.0,1.0,0.8311188585581779,0.02494731917977333
ONE,R02,testing,05,468,0,1.0,1.0,1.0,0.8293785733333563,0.02475324459373951
ONE,R02,testing,05,469,0,1.0,1.0,1.0,0.8276321585170633,0.024708665907382965
ONE,R02,testing,05,470,0,1.0,1.0,1.0,0.8258796682195636,0.024313747882843018
ONE,R02,testing,05,471,0,1.0,1.0,1.0,0.8241211566518719,0.024300264194607735
ONE,R02,testing,05,472,0,1.0,1.0,1.0,0.8223566781229813,0.022356217727065086
ONE,R02,testing,05,473,0,1.0,1.0,1.0,0.8205862870370922,0.023030249401926994
ONE,R02,testing,05,474,0,1.0,1.0,1.0,0.8188100378908411,0.02301417663693428
ONE,R02,testing,05,475,0,1.0,1.0,1.0,0.8170279852705303,0.022192109376192093
ONE,R02,testing,05,476,0,1.0,1.0,1.0,0.8152401838493588,0.02306368201971054
ONE,R02,testing,05,477,0,1.0,1.0,1.0,0.8134466883846524,0.02241118624806404
ONE,R02,testing,05,478,0,1.0,1.0,1.0,0.8116475537150967,0.022246506065130234
ONE,R02,testing,05,479,0,1.0,1.0,1.0,0.8098428347579705,0.021553754806518555
ONE,R02,testing,05,480,0,1.0,1.0,0.9429082597083381,0.7619005999303585,0.023115035146474838
ONE,R02,testing,05,481,0,1.0,1.0,0.9429082597083381,0.7601885402067394,0.022767383605241776
ONE,R02,testing,05,482,0,1.0,1.0,0.9429082597083381,0.7584713707766857,0.022263135761022568
ONE,R02,testing,05,483,0,1.0,1.0,0.9429082597083381,0.7567491436925222,0.02154093235731125
ONE,R02,testing,05,484,0,1.0,1.0,0.9429082597083381,0.7550219110676618,0.022567955777049065
ONE,R02,testing,05,485,0,1.0,1.0,0.9429082597083381,0.7532897250740077,0.021503672003746033
ONE,R02,testing,05,486,0,1.0,1.0,0.9429082597083381,0.7515526379393582,0.021871844306588173
ONE,R02,testing,05,487,0,1.0,1.0,0.9429082597083381,0.7498107019448141,0.022840602323412895
ONE,R02,testing,05,488,0,1.0,1.0,0.9429082597083381,0.7480639694221901,0.023748258128762245
ONE,R02,testing,05,489,0,1.0,1.0,0.9429082597083381,0.7463124927514266,0.022751955315470695
ONE,R02,testing,05,490,0,1.0,1.0,0.9429082597083381,0.7445563243580079,0.02351687289774418
ONE,R02,testing,05,491,0,1.0,1.0,0.9429082597083381,0.7427955167103807,0.022123798727989197
ONE,R02,testing,05,492,0,1.0,1.0,0.9429082597083381,0.7410301223173785,0.021783381700515747
ONE,R02,testing,05,493,0,1.0,1.0,0.9429082597083381,0.7392601937256486,0.021362490952014923
ONE,R02,testing,05,494,0,1.0,1.0,0.9429082597083381,0.7374857835170825,0.021599015220999718
ONE,R02,testing,05,495,0,1.0,1.0,0.9429082597083381,0.7357069443062518,0.022798240184783936
ONE,R02,testing,05,496,0,1.0,1.0,0.8819822938382925,0.6865012869595448,0.021798787638545036
ONE,R02,testing,05,497,0,1.0,1.0,0.8819822938382925,0.6848292494573859,0.021771052852272987
ONE,R02,testing,05,498,0,1.0,1.0,0.8819822938382925,0.6831532169368301,0.022095754742622375
ONE,R02,testing,05,499,0,1.0,1.0,0.8819822938382925,0.6814732387111223,0.022888876497745514
ONE,R02,testing,05,500,0,1.0,1.0,0.8819822938382925,0.679789364112142,0.022061940282583237
ONE,R02,testing,05,501,0,1.0,1.0,0.8819822938382925,0.6781016424880297,0.02220209129154682
ONE,R02,testing,05,502,0,1.0,1.0,0.8819822938382925,0.6764101232008185,0.02279120683670044
ONE,R02,testing,05,503,0,1.0,1.0,0.8819822938382925,0.6747148556240715,0.022374596446752548
ONE,R02,testing,05,504,0,1.0,1.0,0.8819822938382925,0.6730158891405227,0.02173019014298916
ONE,R02,testing,05,505,0,1.0,1.0,0.8819822938382925,0.6713132731397257,0.023079680278897285
ONE,R02,testing,05,506,0,1.0,1.0,0.8819822938382925,0.6696070570157052,0.023785842582583427
ONE,R02,testing,05,507,0,1.0,1.0,0.8819822938382925,0.6678972901646162,0.02290346659719944
ONE,R02,testing,05,508,0,1.0,1.0,0.8819822938382925,0.6661840219824081,0.02293749712407589
ONE,R02,testing,05,509,0,1.0,1.0,0.8819822938382925,0.6644673018624951,0.023654669523239136
ONE,R02,testing,05,510,0,1.0,1.0,0.8819822938382925,0.6627471791934325,0.02328949235379696
ONE,R02,testing,05,511,0,1.0,1.0,0.8819822938382925,0.6610237033565989,0.0232118871062994
ONE,R02,testing,05,512,0,1.0,1.0,0.8176115364082562,0.6111786761718775,0.02177201397716999
ONE,R02,testing,05,513,0,1.0,1.0,0.8176115364082562,0.6095749072270124,0.021567827090620995
ONE,R02,testing,05,514,0,1.0,1.0,0.8176115364082562,0.6079681671132376,0.021927587687969208
ONE,R02,testing,05,515,0,1.0,1.0,0.8176115364082562,0.6063585015599005,0.022153032943606377
ONE,R02,testing,05,516,0,1.0,1.0,0.8176115364082562,0.6047459562790466,0.022755824029445648
ONE,R02,testing,05,517,0,1.0,1.0,0.8176115364082562,0.6031305769633086,0.02151673659682274
ONE,R02,testing,05,518,0,1.0,1.0,0.8176115364082562,0.6015124092838035,0.02229773998260498
ONE,R02,testing,05,519,0,1.0,1.0,0.8176115364082562,0.5998914988880342,0.02298416942358017
ONE,R02,testing,05,520,0,1.0,1.0,0.8176115364082562,0.5982678913978008,0.023295290768146515
ONE,R02,testing,05,521,0,1.0,1.0,0.8176115364082562,0.5966416324071174,0.023311760276556015
ONE,R02,testing,05,522,0,1.0,1.0,0.8176115364082562,0.5950127674801363,0.02164663001894951
ONE,R02,testing,05,523,0,1.0,1.0,0.8176115364082562,0.5933813421490802,0.023386195302009583
ONE,R02,testing,05,524,0,1.0,1.0,0.8176115364082562,0.5917474019121812,0.024052079766988754
ONE,R02,testing,05,525,0,1.0,1.0,0.8176115364082562,0.5901109922316284,0.0242537260055542
ONE,R02,testing,05,526,0,1.0,1.0,0.8176115364082562,0.5884721585315218,0.0233314149081707
ONE,R02,testing,05,527,0,1.0,1.0,0.8176115364082562,0.5868309461958358,0.023269586265087128
ONE,R02,testing,05,528,0,1.0,0.9999999999999999,0.7502779307730124,0.5369948593682231,0.02231125719845295
ONE,R02,testing,05,529,0,1.0,0.9999999999999999,0.7502779307730124,0.5354845667757167,0.023768726736307144
ONE,R02,testing,05,530,0,1.0,0.9999999999999999,0.7502779307730124,0.5339722161376084,0.02199813723564148
ONE,R02,testing,05,531,0,1.0,0.9999999999999999,0.7502779307730124,0.5324578489344868,0.02328501269221306
ONE,R02,testing,05,532,0,1.0,0.9999999999999999,0.7502779307730124,0.5309415066008837,0.024933062493801117
ONE,R02,testing,05,533,0,1.0,0.9999999999999999,0.7502779307730124,0.5294232305234502,0.023758510127663612
ONE,R02,testing,05,534,0,1.0,0.9999999999999999,0.7502779307730124,0.5279030620391415,0.023494135588407516
ONE,R02,testing,05,535,0,1.0,0.9999999999999999,0.7502779307730124,0.5263810424334083,0.022901145741343498
ONE,R02,testing,05,536,0,1.0,0.9999999999999999,0.7502779307730124,0.5248572129383984,0.022617442533373833
ONE,R02,testing,05,537,0,1.0,0.9999999999999999,0.7502779307730124,0.5233316147311645,0.023029830306768417
ONE,R02,testing,05,538,0,1.0,0.9999999999999999,0.7502779307730124,0.5218042889318824,0.02235620655119419
ONE,R02,testing,05,539,0,1.0,0.9999999999999999,0.7502779307730124,0.5202752766020762,0.023145876824855804
ONE,R02,testing,05,540,0,1.0,0.9999999999999999,0.7502779307730124,0.5187446187428532,0.02352350763976574
ONE,R02,testing,05,541,0,1.0,0.9999999999999999,0.7502779307730124,0.5172123562931464,0.02287832275032997
ONE,R02,testing,05,542,0,1.0,0.9999999999999999,0.7502779307730124,0.5156785301279675,0.022953014820814133
ONE,R02,testing,05,543,0,1.0,0.9999999999999999,0.7502779307730124,0.5141431810566667,0.023904426023364067
ONE,R02,testing,05,544,0,1.0,0.9999999999999999,0.6805459217126126,0.4649639107142413,0.023173226043581963
ONE,R02,testing,05,545,0,1.0,0.9999999999999999,0.6805459217126126,0.46356860747026546,0.02196183055639267
ONE,R02,testing,05,546,0,1.0,0.9999999999999999,0.6805459217126126,0.46217203353784825,0.021677719429135323
ONE,R02,testing,05,547,0,1.0,0.9999999999999999,0.6805459217126126,0.4607742256796118,0.021786389872431755
ONE,R02,testing,05,548,0,1.0,0.9999999999999999,0.6805459217126126,0.45937522059085706,0.020794788375496864
ONE,R02,testing,05,549,0,1.0,0.9999999999999999,0.6805459217126126,0.4579750548980365,0.021684492006897926
ONE,R02,testing,05,550,0,1.0,0.9999999999999999,0.6805459217126126,0.4565737651572358,0.020583894103765488
ONE,R02,testing,05,551,0,1.0,0.9999999999999999,0.6805459217126126,0.4551713878526645,0.020516421645879745
ONE,R02,testing,05,552,0,1.0,0.9999999999999999,0.6805459217126126,0.4537679593951547,0.020315848290920258
ONE,R02,testing,05,553,0,1.0,0.9999999999999999,0.6805459217126126,0.4523635161206694,0.022195497527718544
ONE,R02,testing,05,554,0,1.0,0.9999999999999999,0.6805459217126126,0.45095809428881994,0.022681640461087227
ONE,R02,testing,05,555,0,1.0,0.9999999999999999,0.6805459217126126,0.4495517300813919,0.021926462650299072
ONE,R02,testing,05,556,0,1.0,0.9999999999999999,0.6805459217126126,0.44814445960088034,0.022177793085575104
ONE,R02,testing,05,557,0,1.0,0.9999999999999999,0.6805459217126126,0.44673631886903464,0.020992835983633995
ONE,R02,testing,05,558,0,1.0,0.9999999999999999,0.6805459217126126,0.44532734382541267,0.02162356488406658
ONE,R02,testing,05,559,0,1.0,0.9999999999999999,0.6805459217126126,0.44391757032594337,0.021441437304019928
ONE,R02,testing,05,560,0,1.0,1.0,0.6090486384384382,0.3960178116490466,0.021464021876454353
ONE,R02,testing,05,561,0,1.0,1.0,0.6090486384384382,0.39475481396749423,0.021707570180296898
ONE,R02,testing,05,562,0,1.0,1.0,0.6090486384384382,0.3934911975199113,0.020701216533780098
ONE,R02,testing,05,563,0,1.0,1.0,0.6090486384384382,0.39222699408319095,0.022246092557907104
ONE,R02,testing,05,564,0,1.0,1.0,0.6090486384384382,0.39096223535308317,0.021130966022610664
ONE,R02,testing,05,565,0,1.0,1.0,0.6090486384384382,0.38969695294296053,0.02203022688627243
ONE,R02,testing,05,566,0,1.0,1.0,0.6090486384384382,0.38843117838259317,0.021010765805840492
ONE,R02,testing,05,567,0,1.0,1.0,0.6090486384384382,0.3871649431169323,0.02145972102880478
ONE,R02,testing,05,568,0,1.0,1.0,0.6090486384384382,0.3858982785049026,0.020648645237088203
ONE,R02,testing,05,569,0,1.0,1.0,0.6090486384384382,0.3846312158182042,0.022342868149280548
ONE,R02,testing,05,570,0,1.0,1.0,0.6090486384384382,0.383363786240123,0.021047936752438545
ONE,R02,testing,05,571,0,1.0,1.0,0.6090486384384382,0.3820960208643507,0.02080666832625866
ONE,R02,testing,05,572,0,1.0,1.0,0.6090486384384382,0.3808279506938133,0.020674828439950943
ONE,R02,testing,05,573,0,1.0,1.0,0.6090486384384382,0.37955960663950983,0.021107034757733345
ONE,R02,testing,07,10,0,1.0,1.0,0.5364708121022927,0.3387338160668016,0.06274696439504623
ONE,R02,testing,07,11,0,1.0,1.0,0.5364708121022927,0.33994567494705413,0.05098886415362358
ONE,R02,testing,07,12,0,1.0,1.0,0.5364708121022927,0.3411571194534681,0.044672515243291855
ONE,R02,testing,07,13,0,1.0,1.0,0.5364708121022927,0.3423681143157953,0.03818892687559128
ONE,R02,testing,07,14,0,1.0,1.0,0.5364708121022927,0.34357862415715773,0.03447612747550011
ONE,R02,testing,07,15,0,1.0,1.0,0.5364708121022927,0.34478861349564366,0.04136519506573677
ONE,R02,testing,07,16,0,1.0,1.0,0.6090486384384382,0.39280727771034313,0.04966037720441818
ONE,R02,testing,07,17,0,1.0,1.0,0.6090486384384382,0.39417966039692204,0.053817909210920334
ONE,R02,testing,07,18,0,1.0,1.0,0.6090486384384382,0.3955513306194076,0.05072588846087456
ONE,R02,testing,07,19,0,1.0,1.0,0.6090486384384382,0.3969222476370536,0.051069095730781555
ONE,R02,testing,07,20,0,1.0,1.0,0.6090486384384382,0.39829237059914335,0.05003929138183594
ONE,R02,testing,07,21,0,1.0,1.0,0.6090486384384382,0.39966165854688823,0.0529768206179142
ONE,R02,testing,07,22,0,1.0,1.0,0.6090486384384382,0.4010300704153388,0.05355760082602501
ONE,R02,testing,07,23,0,1.0,1.0,0.6090486384384382,0.40239756503531143,0.039998073130846024
ONE,R02,testing,07,24,0,1.0,1.0,0.6090486384384382,0.4037641011353275,0.027220962569117546
ONE,R02,testing,07,25,0,1.0,1.0,0.6090486384384382,0.40512963734356755,0.027880845591425896
ONE,R02,testing,07,26,0,1.0,1.0,0.6090486384384382,0.4064941321898379,0.027690835297107697
ONE,R02,testing,07,27,0,1.0,1.0,0.6090486384384382,0.4078575441075516,0.027973487973213196
ONE,R02,testing,07,28,0,1.0,1.0,0.6090486384384382,0.40921983143572277,0.026410968974232674
ONE,R02,testing,07,29,0,1.0,1.0,0.6090486384384382,0.41058095242097375,0.026413241401314735
ONE,R02,testing,07,30,0,1.0,1.0,0.6090486384384382,0.41194086521955575,0.026240887120366096
ONE,R02,testing,07,31,0,1.0,1.0,0.6090486384384382,0.4132995278993824,0.026432182639837265
ONE,R02,testing,07,32,0,1.0,1.0,0.6805459217126126,0.4633341958834046,0.02650272101163864
ONE,R02,testing,07,33,0,1.0,1.0,0.6805459217126126,0.46484941965606535,0.02766450308263302
ONE,R02,testing,07,34,0,1.0,1.0,0.6805459217126126,0.46636310542333886,0.027857180684804916
ONE,R02,testing,07,35,0,1.0,1.0,0.6805459217126126,0.4678752059588374,0.02748163230717182
ONE,R02,testing,07,36,0,1.0,1.0,0.6805459217126126,0.4693856739490407,0.027565352618694305
ONE,R02,testing,07,37,0,1.0,1.0,0.6805459217126126,0.4708944619956527,0.026325920596718788
ONE,R02,testing,07,38,0,1.0,1.0,0.6805459217126126,0.47240152261797225,0.026761816814541817
ONE,R02,testing,07,39,0,1.0,1.0,0.6805459217126126,0.47390680825527587,0.026048392057418823
ONE,R02,testing,07,40,0,1.0,1.0,0.6805459217126126,0.4754102712692153,0.026977788656949997
ONE,R02,testing,07,41,0,1.0,1.0,0.6805459217126126,0.47691186394622725,0.026181362569332123
ONE,R02,testing,07,42,0,1.0,1.0,0.6805459217126126,0.478411538499956,0.026896968483924866
ONE,R02,testing,07,43,0,1.0,1.0,0.6805459217126126,0.479909247073689,0.026978863403201103
ONE,R02,testing,07,44,0,1.0,1.0,0.6805459217126126,0.4814049417428054,0.025899451225996017
ONE,R02,testing,07,45,0,1.0,1.0,0.6805459217126126,0.4828985745172361,0.025766579434275627
ONE,R02,testing,07,46,0,1.0,1.0,0.6805459217126126,0.48439009734393684,0.02517354115843773
ONE,R02,testing,07,47,0,1.0,1.0,0.6805459217126126,0.4858794621093731,0.024584585800766945
ONE,R02,testing,07,48,0,1.0,1.0,0.7502779307730126,0.5373045491815357,0.024434784427285194
ONE,R02,testing,07,49,0,1.0,1.0,0.7502779307730126,0.5389416036691469,0.02510911412537098
ONE,R02,testing,07,50,0,1.0,1.0,0.7502779307730126,0.5405761194671782,0.023738056421279907
ONE,R02,testing,07,51,0,1.0,1.0,0.7502779307730126,0.5422080432930515,0.023725217208266258
ONE,R02,testing,07,52,0,1.0,1.0,0.7502779307730126,0.5438373218113911,0.022424379363656044
ONE,R02,testing,07,53,0,1.0,1.0,0.7502779307730126,0.545463901636839,0.023778036236763
ONE,R02,testing,07,54,0,1.0,1.0,0.7502779307730126,0.5470877293368818,0.022900748997926712
ONE,R02,testing,07,55,0,1.0,1.0,0.7502779307730126,0.5487087514346903,0.023175902664661407
ONE,R02,testing,07,56,0,1.0,1.0,0.7502779307730126,0.5503269144119702,0.022186046466231346
ONE,R02,testing,07,57,0,1.0,1.0,0.7502779307730126,0.5519421647118236,0.022595101967453957
ONE,R02,testing,07,58,0,1.0,1.0,0.7502779307730126,0.5535544487416229,0.02110416255891323
ONE,R02,testing,07,59,0,1.0,1.0,0.7502779307730126,0.5551637128758946,0.021527577191591263
ONE,R02,testing,07,60,0,1.0,1.0,0.7502779307730126,0.5567699034592142,0.022981949150562286
ONE,R02,testing,07,61,0,1.0,1.0,0.7502779307730126,0.5583729668091115,0.024401044473052025
ONE,R02,testing,07,62,0,1.0,1.0,0.7502779307730126,0.5599728492189864,0.023966597393155098
ONE,R02,testing,07,63,0,1.0,1.0,0.7502779307730126,0.561569496961035,0.023333370685577393
ONE,R02,testing,07,64,0,1.0,1.0,0.8176115364082565,0.6137038413275219,0.02350362204015255
ONE,R02,testing,07,65,0,1.0,1.0,0.8176115364082565,0.6154365543848311,0.024374065920710564
ONE,R02,testing,07,66,0,1.0,1.0,0.8176115364082565,0.6171655667240291,0.023556292057037354
ONE,R02,testing,07,67,0,1.0,1.0,0.8176115364082565,0.6188908197351835,0.024848252534866333
ONE,R02,testing,07,68,0,1.0,1.0,0.8176115364082565,0.6206122548013541,0.025385700166225433
ONE,R02,testing,07,69,0,1.0,1.0,0.8176115364082565,0.6223298133018412,0.023136725649237633
ONE,R02,testing,07,70,0,1.0,1.0,0.8176115364082565,0.6240434366154455,0.02397269755601883
ONE,R02,testing,07,71,0,1.0,1.0,0.8176115364082565,0.6257530661237352,0.024792589247226715
ONE,R02,testing,07,72,0,1.0,1.0,0.8176115364082565,0.6274586432143223,0.025085190311074257
ONE,R02,testing,07,73,0,1.0,1.0,0.8176115364082565,0.6291601092841489,0.024228336289525032
ONE,R02,testing,07,74,0,1.0,1.0,0.8176115364082565,0.6308574057427796,0.02404731512069702
ONE,R02,testing,07,75,0,1.0,1.0,0.8176115364082565,0.6325504740157039,0.023539269343018532
ONE,R02,testing,07,76,0,1.0,1.0,0.8176115364082565,0.6342392555476455,0.023465635254979134
ONE,R02,testing,07,77,0,1.0,1.0,0.8176115364082565,0.6359236918058788,0.024307552725076675
ONE,R02,testing,07,78,0,1.0,1.0,0.8176115364082565,0.6376037242835539,0.02350868284702301
ONE,R02,testing,07,79,0,1.0,1.0,0.8176115364082565,0.6392792945030276,0.025629688054323196
ONE,R02,testing,07,80,0,1.0,1.0,0.8819822938382926,0.6914125223059774,0.02350899577140808
ONE,R02,testing,07,81,0,1.0,1.0,0.8819822938382926,0.6932101943345487,0.024273531511425972
ONE,R02,testing,07,82,0,1.0,1.0,0.8819822938382926,0.6950028637705064,0.023441333323717117
ONE,R02,testing,07,83,0,1.0,1.0,0.8819822938382926,0.6967904676943516,0.024848902598023415
ONE,R02,testing,07,84,0,1.0,1.0,0.8819822938382926,0.6985729432361637,0.023908063769340515
ONE,R02,testing,07,85,0,1.0,1.0,0.8819822938382926,0.7003502275792337,0.023179661482572556
ONE,R02,testing,07,86,0,1.0,1.0,0.8819822938382926,0.7021222579637041,0.02366182580590248
ONE,R02,testing,07,87,0,1.0,1.0,0.8819822938382926,0.7038889716902118,0.027299286797642708
ONE,R02,testing,07,88,0,1.0,1.0,0.8819822938382926,0.7056503061235381,0.024811891838908195
ONE,R02,testing,07,89,0,1.0,1.0,0.8819822938382926,0.7074061986962629,0.026386650279164314
ONE,R02,testing,07,90,0,1.0,1.0,0.8819822938382926,0.7091565869124229,0.02649601548910141
ONE,R02,testing,07,91,0,1.0,1.0,0.8819822938382926,0.7109014083511739,0.024203773587942123
ONE,R02,testing,07,92,0,1.0,1.0,0.8819822938382926,0.7126406006704575,0.023745043203234673
ONE,R02,testing,07,93,0,1.0,1.0,0.8819822938382926,0.7143741016106719,0.02452455647289753
ONE,R02,testing,07,94,0,1.0,1.0,0.8819822938382926,0.7161018489983437,0.02606133557856083
ONE,R02,testing,07,95,0,1.0,1.0,0.8819822938382926,0.7178237807498049,0.025847580283880234
ONE,R02,testing,07,96,0,1.0,1.0,0.9429082597083381,0.769244528186734,0.026067443192005157
ONE,R02,testing,07,97,0,1.0,1.0,0.9429082597083381,0.7710727748510778,0.024520576000213623
ONE,R02,testing,07,98,0,1.0,1.0,0.9429082597083381,0.772894605642565,0.025408856570720673
ONE,R02,testing,07,99,0,1.0,1.0,0.9429082597083381,0.7747099546122741,0.024052882567048073
ONE,R02,testing,07,100,0,1.0,1.0,0.9429082597083381,0.7765187559269797,0.024590613320469856
ONE,R02,testing,07,101,0,1.0,1.0,0.9429082597083381,0.7783209438730949,0.025116965174674988
ONE,R02,testing,07,102,0,1.0,1.0,0.9429082597083381,0.7801164528606143,0.02452889271080494
ONE,R02,testing,07,103,0,1.0,1.0,0.9429082597083381,0.781905217427058,0.02548568695783615
ONE,R02,testing,07,104,0,1.0,1.0,0.9429082597083381,0.7836871722414158,0.025274554267525673
ONE,R02,testing,07,105,0,1.0,1.0,0.9429082597083381,0.7854622521080907,0.024267014116048813
ONE,R02,testing,07,106,0,1.0,1.0,0.9429082597083381,0.7872303919708435,0.024357054382562637
ONE,R02,testing,07,107,0,1.0,1.0,0.9429082597083381,0.7889915269167341,0.02262454479932785
ONE,R02,testing,07,108,0,1.0,1.0,0.9429082597083381,0.7907455921800642,0.023804472759366035
ONE,R02,testing,07,109,0,1.0,1.0,0.9429082597083381,0.7924925231463179,0.02206781506538391
ONE,R02,testing,07,110,0,1.0,1.0,0.9429082597083381,0.7942322553560992,0.022677673026919365
ONE,R02,testing,07,111,0,1.0,1.0,0.9429082597083381,0.7959647245090692,0.023725617676973343
ONE,R02,testing,07,112,0,1.0,1.0,1.0,0.8459888417083363,0.0227730181068182
ONE,R02,testing,07,113,0,1.0,1.0,1.0,0.8478105998449739,0.022874584421515465
ONE,R02,testing,07,114,0,1.0,1.0,1.0,0.8496244516300836,0.022376805543899536
ONE,R02,testing,07,115,0,1.0,1.0,1.0,0.8514303295864759,0.024253370240330696
ONE,R02,testing,07,116,0,1.0,1.0,1.0,0.8532281664264769,0.024643516167998314
ONE,R02,testing,07,117,0,1.0,1.0,1.0,0.8550178950560832,0.02361690066754818
ONE,R02,testing,07,118,0,1.0,1.0,1.0,0.8567994485791112,0.0239521786570549
ONE,R02,testing,07,119,0,1.0,1.0,1.0,0.8585727603013413,0.025706084445118904
ONE,R02,testing,07,120,0,1.0,1.0,1.0,0.8603377637346571,0.02869526296854019
ONE,R02,testing,07,121,0,1.0,1.0,1.0,0.8620943926011783,0.027803907170891762
ONE,R02,testing,07,122,0,1.0,1.0,1.0,0.8638425808373881,0.02638315036892891
ONE,R02,testing,07,123,0,1.0,1.0,1.0,0.8655822625982534,0.024584122002124786
ONE,R02,testing,07,124,0,1.0,1.0,1.0,0.867313372261339,0.026459749788045883
ONE,R02,testing,07,125,0,1.0,1.0,1.0,0.8690358444309139,0.025780975818634033
ONE,R02,testing,07,126,0,1.0,1.0,1.0,0.8707496139420501,0.026537809520959854
ONE,R02,testing,07,127,0,1.0,1.0,1.0,0.8724546158647141,0.02713830955326557
ONE,R02,testing,07,128,0,1.0,1.0,1.0,0.8741507855078494,0.02646372653543949
ONE,R02,testing,07,129,0,1.0,1.0,1.0,0.8758380584234509,0.027139876037836075
ONE,R02,testing,07,130,0,1.0,1.0,1.0,0.8775163704106298,0.026725422590970993
ONE,R02,testing,07,131,0,1.0,1.0,1.0,0.8791856575196697,0.026083605363965034
ONE,R02,testing,07,132,0,1.0,1.0,1.0,0.8808458560560727,0.025822822004556656
ONE,R02,testing,07,133,0,1.0,1.0,1.0,0.8824969025845955,0.026446707546710968
ONE,R02,testing,07,134,0,1.0,1.0,1.0,0.8841387339332746,0.026622280478477478
ONE,R02,testing,07,135,0,1.0,1.0,1.0,0.8857712871974422,0.026465734466910362
ONE,R02,testing,07,136,0,1.0,1.0,1.0,0.8873944997437291,0.027859484776854515
ONE,R02,testing,07,137,0,1.0,1.0,1.0,0.8890083092140573,0.02815404161810875
ONE,R02,testing,07,138,0,1.0,1.0,1.0,0.8906126535296205,0.028940947726368904
ONE,R02,testing,07,139,0,1.0,1.0,1.0,0.892207470894852,0.028248468413949013
ONE,R02,testing,07,140,0,1.0,1.0,1.0,0.8937926998013812,0.027042130008339882
ONE,R02,testing,07,141,0,1.0,1.0,1.0,0.8953682790319756,0.02781565487384796
ONE,R02,testing,07,142,0,1.0,1.0,1.0,0.8969341476644705,0.028057605028152466
ONE,R02,testing,07,143,0,1.0,1.0,1.0,0.8984902450756858,0.02804085984826088
ONE,R02,testing,07,144,0,1.0,1.0,1.0,0.9000365109453264,0.027603553608059883
ONE,R02,testing,07,145,0,1.0,1.0,1.0,0.9015728852598718,0.027101688086986542
ONE,R02,testing,07,146,0,1.0,1.0,1.0,0.9030993083164474,0.02792227640748024
ONE,R02,testing,07,147,0,1.0,1.0,1.0,0.9046157207266836,0.027654273435473442
ONE,R02,testing,07,148,0,1.0,1.0,1.0,0.9061220634205583,0.028085976839065552
ONE,R02,testing,07,149,0,1.0,1.0,1.0,0.9076182776502236,0.027983760461211205
ONE,R02,testing,07,150,0,1.0,1.0,1.0,0.9091043049938169,0.029344141483306885
ONE,R02,testing,07,151,0,1.0,1.0,1.0,0.9105800873592553,0.02819420024752617
ONE,R02,testing,07,152,0,1.0,1.0,1.0,0.9120455669880139,0.02811463363468647
ONE,R02,testing,07,153,0,1.0,1.0,1.0,0.9135006864588856,0.027949240058660507
ONE,R02,testing,07,154,0,1.0,1.0,1.0,0.9149453886917255,0.028352634981274605
ONE,R02,testing,07,155,0,1.0,1.0,1.0,0.9163796169511753,0.027886785566806793
ONE,R02,testing,07,156,0,1.0,1.0,1.0,0.9178033148503719,0.028603922575712204
ONE,R02,testing,07,157,0,1.0,1.0,1.0,0.9192164263546354,0.028284437954425812
ONE,R02,testing,07,158,0,1.0,1.0,1.0,0.9206188957851398,0.028635354712605476
ONE,R02,testing,07,159,0,1.0,1.0,1.0,0.9220106678225639,0.02825828269124031
ONE,R02,testing,07,160,0,1.0,1.0,1.0,0.9233916875107233,0.029148273169994354
ONE,R02,testing,07,161,0,1.0,1.0,1.0,0.9247619002601819,0.027970019727945328
ONE,R02,testing,07,162,0,1.0,1.0,1.0,0.9261212518518437,0.02868485264480114
ONE,R02,testing,07,163,0,1.0,1.0,1.0,0.9274696884405241,0.02942541241645813
ONE,R02,testing,07,164,0,1.0,1.0,1.0,0.9288071565585008,0.029380101710557938
ONE,R02,testing,07,165,0,1.0,1.0,1.0,0.9301336031190424,0.029304062947630882
ONE,R02,testing,07,166,0,1.0,1.0,1.0,0.9314489754199174,0.028344742953777313
ONE,R02,testing,07,167,0,1.0,1.0,1.0,0.93275322114688,0.029462935402989388
ONE,R02,testing,07,168,0,1.0,1.0,1.0,0.9340462883771337,0.029612859711050987
ONE,R02,testing,07,169,0,1.0,1.0,1.0,0.9353281255827741,0.029569609090685844
ONE,R02,testing,07,170,0,1.0,1.0,1.0,0.9365986816342075,0.029743442311882973
ONE,R02,testing,07,171,0,1.0,1.0,1.0,0.9378579058035466,0.02773636393249035
ONE,R02,testing,07,172,0,1.0,1.0,1.0,0.9391057477679837,0.02936781756579876
ONE,R02,testing,07,173,0,1.0,1.0,1.0,0.9403421576131398,0.02928292378783226
ONE,R02,testing,07,174,0,1.0,1.0,1.0,0.9415670858363889,0.029422588646411896
ONE,R02,testing,07,175,0,1.0,1.0,1.0,0.9427804833501597,0.030010107904672623
ONE,R02,testing,07,176,0,1.0,1.0,1.0,0.9439823014852112,0.030537812039256096
ONE,R02,testing,07,177,0,1.0,1.0,1.0,0.9451724919938842,0.031054256483912468
ONE,R02,testing,07,178,0,1.0,1.0,1.0,0.9463510070533272,0.02961970493197441
ONE,R02,testing,07,179,0,1.0,1.0,1.0,0.9475177992686972,0.031047850847244263
ONE,R02,testing,07,180,0,1.0,1.0,1.0,0.9486728216763346,0.030735546723008156
ONE,R02,testing,07,181,0,1.0,1.0,1.0,0.9498160277469115,0.03113045170903206
ONE,R02,testing,07,182,0,1.0,1.0,1.0,0.9509473713885545,0.030484357848763466
ONE,R02,testing,07,183,0,1.0,1.0,1.0,0.9520668069499394,0.028973659500479698
ONE,R02,testing,07,184,0,1.0,1.0,1.0,0.9531742892233612,0.032703809440135956
ONE,R02,testing,07,185,0,1.0,1.0,1.0,0.9542697734477743,0.032244425266981125
ONE,R02,testing,07,186,0,1.0,1.0,1.0,0.9553532153118068,0.029246918857097626
ONE,R02,testing,07,187,0,1.0,1.0,1.0,0.9564245709567465,0.030152101069688797
ONE,R02,testing,07,188,0,1.0,1.0,1.0,0.9574837969794984,0.030421962961554527
ONE,R02,testing,07,189,0,1.0,1.0,1.0,0.9585308504355146,0.03126716613769531
ONE,R02,testing,07,190,0,1.0,1.0,1.0,0.9595656888416949,0.03174541890621185
ONE,R02,testing,07,191,0,1.0,1.0,1.0,0.9605882701792589,0.03299302980303764
ONE,R02,testing,07,192,0,1.0,1.0,1.0,0.9615985528965877,0.03153004124760628
ONE,R02,testing,07,193,0,1.0,1.0,1.0,0.9625964959120383,0.03196137771010399
ONE,R02,testing,07,194,0,1.0,1.0,1.0,0.9635820586167262,0.03005901351571083
ONE,R02,testing,07,195,0,1.0,1.0,1.0,0.9645552008772786,0.029515130445361137
ONE,R02,testing,07,196,0,1.0,1.0,1.0,0.9655158830385583,0.028674855828285217
ONE,R02,testing,07,197,0,1.0,1.0,1.0,0.9664640659263551,0.028028182685375214
ONE,R02,testing,07,198,0,1.0,1.0,1.0,0.9673997108500488,0.02881050482392311
ONE,R02,testing,07,199,0,1.0,1.0,1.0,0.9683227796052388,0.028011366724967957
ONE,R02,testing,07,200,0,1.0,1.0,1.0,0.9692332344763441,0.026879670098423958
ONE,R02,testing,07,201,0,1.0,1.0,1.0,0.9701310382391707,0.027832526713609695
ONE,R02,testing,07,202,0,1.0,1.0,1.0,0.9710161541634483,0.027288442477583885
ONE,R02,testing,07,203,0,1.0,1.0,1.0,0.9718885460153337,0.02663029357790947
ONE,R02,testing,07,204,0,1.0,1.0,1.0,0.9727481780598828,0.028197724372148514
ONE,R02,testing,07,205,0,1.0,1.0,1.0,0.9735950150634898,0.027032604441046715
ONE,R02,testing,07,206,0,1.0,1.0,1.0,0.9744290222962937,0.028132129460573196
ONE,R02,testing,07,207,0,1.0,1.0,1.0,0.9752501655345521,0.028719507157802582
ONE,R02,testing,07,208,0,1.0,1.0,1.0,0.9760584110629809,0.027628138661384583
ONE,R02,testing,07,209,0,1.0,1.0,1.0,0.9768537256770615,0.027400532737374306
ONE,R02,testing,07,210,0,1.0,1.0,1.0,0.9776360766853147,0.026993846520781517
ONE,R02,testing,07,211,0,1.0,1.0,1.0,0.9784054319115391,0.028504610061645508
ONE,R02,testing,07,212,0,1.0,1.0,1.0,0.9791617596970167,0.027985043823719025
ONE,R02,testing,07,213,0,1.0,1.0,1.0,0.9799050289026844,0.028799356892704964
ONE,R02,testing,07,214,0,1.0,1.0,1.0,0.9806352089112701,0.027955491095781326
ONE,R02,testing,07,215,0,1.0,1.0,1.0,0.9813522696293948,0.028192637488245964
ONE,R02,testing,07,216,0,1.0,1.0,1.0,0.9820561814896392,0.02833595499396324
ONE,R02,testing,07,217,0,1.0,1.0,1.0,0.9827469154525761,0.029166875407099724
ONE,R02,testing,07,218,0,1.0,1.0,1.0,0.983424443008766,0.029014410451054573
ONE,R02,testing,07,219,0,1.0,1.0,1.0,0.9840887361807191,0.027713695541024208
ONE,R02,testing,07,220,1,1.0,1.0,1.0,0.9847397675248205,0.028260737657546997
ONE,R02,testing,07,221,1,1.0,1.0,1.0,0.9853775101332192,0.028865952044725418
ONE,R02,testing,07,222,1,1.0,1.0,1.0,0.9860019376356817,0.02868543192744255
ONE,R02,testing,07,223,1,1.0,1.0,1.0,0.9866130242014098,0.02883557416498661
ONE,R02,testing,07,224,1,1.0,1.0,1.0,0.987210744540821,0.02790212631225586
ONE,R02,testing,07,225,1,1.0,1.0,1.0,0.9877950739072925,0.029031582176685333
ONE,R02,testing,07,226,1,1.0,1.0,1.0,0.9883659880988693,0.028847943991422653
ONE,R02,testing,07,227,1,1.0,1.0,1.0,0.9889234634599344,0.02984909899532795
ONE,R02,testing,07,228,1,1.0,1.0,1.0,0.9894674768828426,0.02961844392120838
ONE,R02,testing,07,229,1,1.0,1.0,1.0,0.9899980058095167,0.02888190560042858
ONE,R02,testing,07,230,1,1.0,1.0,1.0,0.9905150282330064,0.029128093272447586
ONE,R02,testing,07,231,1,1.0,1.0,1.0,0.99101852269901,0.0297556035220623
ONE,R02,testing,07,232,1,1.0,1.0,1.0,0.9915084683073577,0.02852536365389824
ONE,R02,testing,07,233,1,1.0,1.0,1.0,0.9919848447134579,0.028653515502810478
ONE,R02,testing,07,234,1,1.0,1.0,1.0,0.9924476321297051,0.0283668152987957
ONE,R02,testing,07,235,1,1.0,1.0,1.0,0.9928968113268495,0.029955575242638588
ONE,R02,testing,07,236,1,1.0,1.0,1.0,0.9933323636353288,0.028944751247763634
ONE,R02,testing,07,237,1,1.0,1.0,1.0,0.9937542709465619,0.028762605041265488
ONE,R02,testing,07,238,1,1.0,1.0,1.0,0.9941625157142028,0.028405701741576195
ONE,R02,testing,07,239,1,1.0,1.0,1.0,0.9945570809553576,0.028673430904746056
ONE,R02,testing,07,240,1,1.0,1.0,1.0,0.9949379502517615,0.02807682193815708
ONE,R02,testing,07,241,1,1.0,1.0,1.0,0.9953051077509174,0.028310710564255714
ONE,R02,testing,07,242,1,1.0,1.0,1.0,0.9956585381671963,0.029797036200761795
ONE,R02,testing,07,243,1,1.0,1.0,1.0,0.9959982267828967,0.028760939836502075
ONE,R02,testing,07,244,1,1.0,1.0,1.0,0.9963241594492671,0.029858268797397614
ONE,R02,testing,07,245,1,1.0,1.0,1.0,0.9966363225874877,0.029337335377931595
ONE,R02,testing,07,246,1,1.0,1.0,1.0,0.9969347031896134,0.029657870531082153
ONE,R02,testing,07,247,1,1.0,1.0,1.0,0.9972192888194771,0.028941743075847626
ONE,R02,testing,07,248,1,1.0,1.0,1.0,0.9974900676135537,0.028895078226923943
ONE,R02,testing,07,249,1,1.0,1.0,1.0,0.9977470282817843,0.029615847393870354
ONE,R02,testing,07,250,1,1.0,1.0,1.0,0.9979901601083607,0.029449375346302986
ONE,R02,testing,07,251,1,1.0,1.0,1.0,0.9982194529524703,0.028595412150025368
ONE,R02,testing,07,252,1,1.0,1.0,1.0,0.9984348972490008,0.028546910732984543
ONE,R02,testing,07,253,1,1.0,1.0,1.0,0.9986364840092056,0.02810061350464821
ONE,R02,testing,07,254,1,1.0,1.0,1.0,0.9988242048213284,0.02927318960428238
ONE,R02,testing,07,255,1,1.0,1.0,1.0,0.9989980518511887,0.028602316975593567
ONE,R02,testing,07,256,1,1.0,1.0,1.0,0.9991580178427263,0.02880946733057499
ONE,R02,testing,07,257,1,1.0,1.0,1.0,0.9993040961185061,0.028992747887969017
ONE,R02,testing,07,258,1,1.0,1.0,1.0,0.999436280580183,0.028937770053744316
ONE,R02,testing,07,259,1,1.0,1.0,1.0,0.9995545657089256,0.0284695103764534
ONE,R02,testing,07,260,1,1.0,1.0,1.0,0.999658946565801,0.029331902042031288
ONE,R02,testing,07,261,1,1.0,1.0,1.0,0.9997494187921178,0.02904435247182846
ONE,R02,testing,07,262,1,1.0,1.0,1.0,0.9998259786097299,0.027469146996736526
ONE,R02,testing,07,263,1,1.0,1.0,1.0,0.9998886228212991,0.02931155078113079
ONE,R02,testing,07,264,1,1.0,1.0,1.0,0.9999373488105181,0.030886856839060783
ONE,R02,testing,07,265,1,1.0,1.0,1.0,0.999972154542292,0.029618563130497932
ONE,R02,testing,07,266,1,1.0,1.0,1.0,0.9999930385628809,0.030704624950885773
ONE,R02,testing,07,267,1,1.0,1.0,1.0,1.0,0.02911917306482792
ONE,R02,testing,07,268,1,1.0,1.0,1.0,0.9999930385628809,0.02945362776517868
ONE,R02,testing,07,269,1,1.0,1.0,1.0,0.999972154542292,0.028710871934890747
ONE,R02,testing,07,270,1,1.0,1.0,1.0,0.9999373488105181,0.030019130557775497
ONE,R02,testing,07,271,1,1.0,1.0,1.0,0.9998886228212991,0.02985297702252865
ONE,R02,testing,07,272,1,1.0,1.0,1.0,0.9998259786097299,0.02840593457221985
ONE,R02,testing,07,273,1,1.0,1.0,1.0,0.9997494187921178,0.02885551191866398
ONE,R02,testing,07,274,1,1.0,1.0,1.0,0.999658946565801,0.029450979083776474
ONE,R02,testing,07,275,1,1.0,1.0,1.0,0.9995545657089256,0.029555486515164375
ONE,R02,testing,07,276,1,1.0,1.0,1.0,0.999436280580183,0.029110919684171677
ONE,R02,testing,07,277,1,1.0,1.0,1.0,0.9993040961185061,0.028654010966420174
ONE,R02,testing,07,278,1,1.0,1.0,1.0,0.9991580178427263,0.028858626261353493
ONE,R02,testing,07,279,1,1.0,1.0,1.0,0.9989980518511887,0.028526147827506065
ONE,R02,testing,07,280,1,1.0,1.0,1.0,0.9988242048213284,0.02848929539322853
ONE,R02,testing,07,281,1,1.0,1.0,1.0,0.9986364840092056,0.028914140537381172
ONE,R02,testing,07,282,1,1.0,1.0,1.0,0.9984348972490008,0.03031318634748459
ONE,R02,testing,07,283,1,1.0,1.0,1.0,0.9982194529524703,0.028698904439806938
ONE,R02,testing,07,284,1,1.0,1.0,1.0,0.9979901601083607,0.028729097917675972
ONE,R02,testing,07,285,1,1.0,1.0,1.0,0.9977470282817843,0.02819080650806427
ONE,R02,testing,07,286,1,1.0,1.0,1.0,0.9974900676135537,0.02884618192911148
ONE,R02,testing,07,287,1,1.0,1.0,1.0,0.9972192888194771,0.028562869876623154
ONE,R02,testing,07,288,1,1.0,1.0,1.0,0.9969347031896134,0.030409689992666245
ONE,R02,testing,07,289,1,1.0,1.0,1.0,0.9966363225874877,0.028300167992711067
ONE,R02,testing,07,290,1,1.0,1.0,1.0,0.9963241594492671,0.028351183980703354
ONE,R02,testing,07,291,1,1.0,1.0,1.0,0.9959982267828967,0.029378261417150497
ONE,R02,testing,07,292,1,1.0,1.0,1.0,0.9956585381671963,0.028403209522366524
ONE,R02,testing,07,293,1,1.0,1.0,1.0,0.9953051077509174,0.02830466255545616
ONE,R02,testing,07,294,1,1.0,1.0,1.0,0.9949379502517615,0.02832634001970291
ONE,R02,testing,07,295,1,1.0,1.0,1.0,0.9945570809553576,0.029399298131465912
ONE,R02,testing,07,296,1,1.0,1.0,1.0,0.9941625157142028,0.02858973667025566
ONE,R02,testing,07,297,1,1.0,1.0,1.0,0.9937542709465619,0.02945726364850998
ONE,R02,testing,07,298,1,1.0,1.0,1.0,0.9933323636353288,0.02934310771524906
ONE,R02,testing,07,299,1,1.0,1.0,1.0,0.9928968113268495,0.027660345658659935
ONE,R02,testing,07,300,1,1.0,1.0,1.0,0.9924476321297051,0.029009662568569183
ONE,R02,testing,07,301,1,1.0,1.0,1.0,0.9919848447134579,0.038334496319293976
ONE,R02,testing,07,302,1,1.0,1.0,1.0,0.9915084683073577,0.051297929137945175
ONE,R02,testing,07,303,1,1.0,1.0,1.0,0.99101852269901,0.06552093476057053
ONE,R02,testing,07,304,1,1.0,1.0,1.0,0.9905150282330064,0.06701463460922241
ONE,R02,testing,07,305,1,1.0,1.0,1.0,0.9899980058095167,0.07561548054218292
ONE,R02,testing,07,306,1,1.0,1.0,1.0,0.9894674768828426,0.07403577864170074
ONE,R02,testing,07,307,1,1.0,1.0,1.0,0.9889234634599344,0.07065443694591522
ONE,R02,testing,07,308,1,1.0,1.0,1.0,0.9883659880988693,0.0715237483382225
ONE,R02,testing,07,309,1,1.0,1.0,1.0,0.9877950739072925,0.08820042014122009
ONE,R02,testing,07,310,1,1.0,1.0,1.0,0.987210744540821,0.07241068035364151
ONE,R02,testing,07,311,1,1.0,1.0,1.0,0.9866130242014098,0.0417487770318985
ONE,R02,testing,07,312,1,1.0,1.0,1.0,0.9860019376356817,0.028900399804115295
ONE,R02,testing,07,313,1,1.0,1.0,1.0,0.9853775101332192,0.028473319485783577
ONE,R02,testing,07,314,1,1.0,1.0,1.0,0.9847397675248205,0.027602678164839745
ONE,R02,testing,07,315,1,1.0,1.0,1.0,0.9840887361807191,0.026133647188544273
ONE,R02,testing,07,316,1,1.0,1.0,1.0,0.983424443008766,0.026746252551674843
ONE,R02,testing,07,317,1,1.0,1.0,1.0,0.9827469154525761,0.02383195050060749
ONE,R02,testing,07,318,1,1.0,1.0,1.0,0.9820561814896392,0.02478088065981865
ONE,R02,testing,07,319,1,1.0,1.0,1.0,0.9813522696293948,0.025210030376911163
ONE,R02,testing,07,320,1,1.0,1.0,1.0,0.9806352089112701,0.025125080719590187
ONE,R02,testing,07,321,1,1.0,1.0,1.0,0.9799050289026844,0.025598717853426933
ONE,R02,testing,07,322,1,1.0,1.0,1.0,0.9791617596970167,0.025884604081511497
ONE,R02,testing,07,323,1,1.0,1.0,1.0,0.9784054319115391,0.02552740089595318
ONE,R02,testing,07,324,1,1.0,1.0,1.0,0.9776360766853147,0.024554796516895294
ONE,R02,testing,07,325,1,1.0,1.0,1.0,0.9768537256770615,0.024856599047780037
ONE,R02,testing,07,326,1,1.0,1.0,1.0,0.9760584110629809,0.02432485669851303
ONE,R02,testing,07,327,1,1.0,1.0,1.0,0.9752501655345521,0.02367260307073593
ONE,R02,testing,07,328,1,1.0,1.0,1.0,0.9744290222962937,0.024420086294412613
ONE,R02,testing,07,329,1,1.0,1.0,1.0,0.9735950150634898,0.023572977632284164
ONE,R02,testing,07,330,1,1.0,1.0,1.0,0.9727481780598828,0.02501927874982357
ONE,R02,testing,07,331,1,1.0,1.0,1.0,0.9718885460153337,0.024609889835119247
ONE,R02,testing,07,332,1,1.0,1.0,1.0,0.9710161541634483,0.023725545033812523
ONE,R02,testing,07,333,1,1.0,1.0,1.0,0.9701310382391707,0.023451020941138268
ONE,R02,testing,07,334,0,1.0,1.0,1.0,0.9692332344763441,0.025109898298978806
ONE,R02,testing,07,335,0,1.0,1.0,1.0,0.9683227796052388,0.024894308298826218
ONE,R02,testing,07,336,0,1.0,1.0,0.9999999999999999,0.9673997108500487,0.0243050679564476
ONE,R02,testing,07,337,0,1.0,1.0,0.9999999999999999,0.966464065926355,0.025164544582366943
ONE,R02,testing,07,338,0,1.0,1.0,0.9999999999999999,0.9655158830385582,0.02461043931543827
ONE,R02,testing,07,339,0,1.0,1.0,0.9999999999999999,0.9645552008772785,0.024571027606725693
ONE,R02,testing,07,340,0,1.0,1.0,0.9999999999999999,0.9635820586167261,0.025522932410240173
ONE,R02,testing,07,341,0,1.0,1.0,0.9999999999999999,0.9625964959120382,0.02483685314655304
ONE,R02,testing,07,342,0,1.0,1.0,0.9999999999999999,0.9615985528965876,0.023864127695560455
ONE,R02,testing,07,343,0,1.0,1.0,0.9999999999999999,0.9605882701792587,0.024653621017932892
ONE,R02,testing,07,344,0,1.0,1.0,0.9999999999999999,0.9595656888416948,0.023613499477505684
ONE,R02,testing,07,345,0,1.0,1.0,0.9999999999999999,0.9585308504355144,0.024722641333937645
ONE,R02,testing,07,346,0,1.0,1.0,0.9999999999999999,0.9574837969794983,0.024630526080727577
ONE,R02,testing,07,347,0,1.0,1.0,0.9999999999999999,0.9564245709567464,0.024050427600741386
ONE,R02,testing,07,348,0,1.0,1.0,0.9999999999999999,0.9553532153118067,0.022986458614468575
ONE,R02,testing,07,349,0,1.0,1.0,0.9999999999999999,0.9542697734477742,0.024292761459946632
ONE,R02,testing,07,350,0,1.0,1.0,0.9999999999999999,0.9531742892233611,0.02525745891034603
ONE,R02,testing,07,351,0,1.0,1.0,0.9999999999999999,0.9520668069499393,0.024819551035761833
ONE,R02,testing,07,352,0,1.0,0.9999999999999999,1.0,0.9509473713885545,0.023497838526964188
ONE,R02,testing,07,353,0,1.0,0.9999999999999999,1.0,0.9498160277469115,0.02371174655854702
ONE,R02,testing,07,354,0,1.0,0.9999999999999999,1.0,0.9486728216763346,0.022414885461330414
ONE,R02,testing,07,355,0,1.0,0.9999999999999999,1.0,0.9475177992686972,0.02294156700372696
ONE,R02,testing,07,356,0,1.0,0.9999999999999999,1.0,0.9463510070533272,0.023760100826621056
ONE,R02,testing,07,357,0,1.0,0.9999999999999999,1.0,0.9451724919938842,0.02363991178572178
ONE,R02,testing,07,358,0,1.0,0.9999999999999999,1.0,0.9439823014852112,0.02390456572175026
ONE,R02,testing,07,359,0,1.0,0.9999999999999999,1.0,0.9427804833501597,0.02413354068994522
ONE,R02,testing,07,360,0,1.0,0.9999999999999999,1.0,0.9415670858363889,0.02486739121377468
ONE,R02,testing,07,361,0,1.0,0.9999999999999999,1.0,0.9403421576131398,0.024715028703212738
ONE,R02,testing,07,362,0,1.0,0.9999999999999999,1.0,0.9391057477679837,0.025167718529701233
ONE,R02,testing,07,363,0,1.0,0.9999999999999999,1.0,0.9378579058035466,0.024084391072392464
ONE,R02,testing,07,364,0,1.0,0.9999999999999999,1.0,0.9365986816342075,0.02328098565340042
ONE,R02,testing,07,365,0,1.0,0.9999999999999999,1.0,0.9353281255827741,0.02252545766532421
ONE,R02,testing,07,366,0,1.0,0.9999999999999999,1.0,0.9340462883771337,0.02228819578886032
ONE,R02,testing,07,367,0,1.0,0.9999999999999999,1.0,0.93275322114688,0.021882088854908943
ONE,R02,testing,07,368,0,1.0,1.0,1.0,0.9314489754199174,0.02249528095126152
ONE,R02,testing,07,369,0,1.0,1.0,1.0,0.9301336031190424,0.0227051954716444
ONE,R02,testing,07,370,0,1.0,1.0,1.0,0.9288071565585008,0.02300865389406681
ONE,R02,testing,07,371,0,1.0,1.0,1.0,0.9274696884405241,0.0222772266715765
ONE,R02,testing,07,372,0,1.0,1.0,1.0,0.9261212518518437,0.022071579471230507
ONE,R02,testing,07,373,0,1.0,1.0,1.0,0.9247619002601819,0.022083403542637825
ONE,R02,testing,07,374,0,1.0,1.0,1.0,0.9233916875107233,0.022130725905299187
ONE,R02,testing,07,375,0,1.0,1.0,1.0,0.9220106678225639,0.022041816264390945
ONE,R02,testing,07,376,0,1.0,1.0,1.0,0.9206188957851398,0.02354072593152523
ONE,R02,testing,07,377,0,1.0,1.0,1.0,0.9192164263546354,0.02363705076277256
ONE,R02,testing,07,378,0,1.0,1.0,1.0,0.9178033148503719,0.022825444117188454
ONE,R02,testing,07,379,0,1.0,1.0,1.0,0.9163796169511753,0.023560656234622
ONE,R02,testing,07,380,0,1.0,1.0,1.0,0.9149453886917255,0.023556223139166832
ONE,R02,testing,07,381,0,1.0,1.0,1.0,0.9135006864588856,0.02259019948542118
ONE,R02,testing,07,382,0,1.0,1.0,1.0,0.9120455669880139,0.022461773827672005
ONE,R02,testing,07,383,0,1.0,1.0,1.0,0.9105800873592553,0.023481063544750214
ONE,R02,testing,07,384,0,1.0,1.0,1.0,0.9091043049938169,0.023068606853485107
ONE,R02,testing,07,385,0,1.0,1.0,1.0,0.9076182776502236,0.022915130481123924
ONE,R02,testing,07,386,0,1.0,1.0,1.0,0.9061220634205583,0.022457269951701164
ONE,R02,testing,07,387,0,1.0,1.0,1.0,0.9046157207266836,0.023629523813724518
ONE,R02,testing,07,388,0,1.0,1.0,1.0,0.9030993083164474,0.023368878290057182
ONE,R02,testing,07,389,0,1.0,1.0,1.0,0.9015728852598718,0.023279229179024696
ONE,R02,testing,07,390,0,1.0,1.0,1.0,0.9000365109453264,0.02270330861210823
ONE,R02,testing,07,391,0,1.0,1.0,1.0,0.8984902450756858,0.02291594073176384
ONE,R02,testing,07,392,0,1.0,1.0,1.0,0.8969341476644705,0.023745009675621986
ONE,R02,testing,07,393,0,1.0,1.0,1.0,0.8953682790319756,0.023332413285970688
ONE,R02,testing,07,394,0,1.0,1.0,1.0,0.8937926998013812,0.02218022011220455
ONE,R02,testing,07,395,0,1.0,1.0,1.0,0.892207470894852,0.021552247926592827
ONE,R02,testing,07,396,0,1.0,1.0,1.0,0.8906126535296205,0.02354610338807106
ONE,R02,testing,07,397,0,1.0,1.0,1.0,0.8890083092140573,0.022410936653614044
ONE,R02,testing,07,398,0,1.0,1.0,1.0,0.8873944997437291,0.02328772097826004
ONE,R02,testing,07,399,0,1.0,1.0,1.0,0.8857712871974422,0.021894561126828194
ONE,R02,testing,07,400,0,1.0,1.0,1.0,0.8841387339332746,0.02156725339591503
ONE,R02,testing,07,401,0,1.0,1.0,1.0,0.8824969025845955,0.02202736586332321
ONE,R02,testing,07,402,0,1.0,1.0,1.0,0.8808458560560727,0.021972475573420525
ONE,R02,testing,07,403,0,1.0,1.0,1.0,0.8791856575196697,0.021100256592035294
ONE,R02,testing,07,404,0,1.0,1.0,1.0,0.8775163704106298,0.022729720920324326
ONE,R02,testing,07,405,0,1.0,1.0,1.0,0.8758380584234509,0.023142362013459206
ONE,R02,testing,07,406,0,1.0,1.0,1.0,0.8741507855078494,0.023252075538039207
ONE,R02,testing,07,407,0,1.0,1.0,1.0,0.8724546158647141,0.0217049028724432
ONE,R02,testing,07,408,0,1.0,1.0,1.0,0.8707496139420501,0.023090507835149765
ONE,R02,testing,07,409,0,1.0,1.0,1.0,0.8690358444309139,0.02250390686094761
ONE,R02,testing,07,410,0,1.0,1.0,1.0,0.867313372261339,0.02144564501941204
ONE,R02,testing,07,411,0,1.0,1.0,1.0,0.8655822625982534,0.021265607327222824
ONE,R02,testing,07,412,0,1.0,1.0,1.0,0.8638425808373881,0.022747337818145752
ONE,R02,testing,07,413,0,1.0,1.0,1.0,0.8620943926011783,0.022005336359143257
ONE,R02,testing,07,414,0,1.0,1.0,1.0,0.8603377637346571,0.02366270311176777
ONE,R02,testing,07,415,0,1.0,1.0,1.0,0.8585727603013413,0.022661613300442696
ONE,R02,testing,07,416,0,1.0,1.0,1.0,0.8567994485791112,0.02213628590106964
ONE,R02,testing,07,417,0,1.0,1.0,1.0,0.8550178950560832,0.02081182785332203
ONE,R02,testing,07,418,0,1.0,1.0,1.0,0.8532281664264769,0.022023068740963936
ONE,R02,testing,07,419,0,1.0,1.0,1.0,0.8514303295864759,0.02215299755334854
ONE,R02,testing,07,420,0,1.0,1.0,1.0,0.8496244516300836,0.02354895882308483
ONE,R02,testing,07,421,0,1.0,1.0,1.0,0.8478105998449739,0.02294430509209633
ONE,R02,testing,07,422,0,1.0,1.0,1.0,0.8459888417083363,0.02189945988357067
ONE,R02,testing,07,423,0,1.0,1.0,1.0,0.8441592448827188,0.022749358788132668
ONE,R02,testing,07,424,0,1.0,1.0,1.0,0.842321877211864,0.021374059841036797
ONE,R02,testing,07,425,0,1.0,1.0,1.0,0.8404768067165441,0.02067805640399456
ONE,R02,testing,07,426,0,1.0,1.0,1.0,0.8386241015903911,0.02091056853532791
ONE,R02,testing,07,427,0,1.0,1.0,1.0,0.8367638301957246,0.021499231457710266
ONE,R02,testing,07,428,0,1.0,1.0,1.0,0.834896061059377,0.02027314342558384
ONE,R02,testing,07,429,0,1.0,1.0,1.0,0.8330208628685162,0.0216116551309824
ONE,R02,testing,07,430,0,1.0,1.0,1.0,0.8311383044664675,0.02109125442802906
ONE,R02,testing,07,431,0,1.0,1.0,1.0,0.8292484548485323,0.02130361832678318
ONE,R02,testing,07,432,0,1.0,1.0,0.9429082597083381,0.7801164528606143,0.022274458780884743
ONE,R02,testing,07,433,0,1.0,1.0,0.9429082597083381,0.7783209438730949,0.022261090576648712
ONE,R02,testing,07,434,0,1.0,1.0,0.9429082597083381,0.7765187559269797,0.021713092923164368
ONE,R02,testing,07,435,0,1.0,1.0,0.9429082597083381,0.7747099546122741,0.0205413606017828
ONE,R02,testing,07,436,0,1.0,1.0,0.9429082597083381,0.772894605642565,0.02088797092437744
ONE,R02,testing,07,437,0,1.0,1.0,0.9429082597083381,0.7710727748510778,0.02061680518090725
ONE,R02,testing,07,438,0,1.0,1.0,0.9429082597083381,0.769244528186734,0.020431524142622948
ONE,R02,testing,07,439,0,1.0,1.0,0.9429082597083381,0.7674099317102097,0.01936347223818302
ONE,R02,testing,07,440,0,1.0,1.0,0.9429082597083381,0.7655690515899967,0.019146176055073738
ONE,R02,testing,07,441,0,1.0,1.0,0.9429082597083381,0.7637219540984636,0.019592944532632828
ONE,R02,testing,07,442,0,1.0,1.0,0.9429082597083381,0.761868705607922,0.01935897395014763
ONE,R02,testing,07,443,0,1.0,1.0,0.9429082597083381,0.7600093725866918,0.020091451704502106
ONE,R02,testing,07,444,0,1.0,1.0,0.9429082597083381,0.7581440215951716,0.02047400176525116
ONE,R02,testing,07,445,0,1.0,1.0,0.9429082597083381,0.7562727192819122,0.021640660241246223
ONE,R02,testing,07,446,0,1.0,1.0,0.9429082597083381,0.7543955323796928,0.019690237939357758
ONE,R02,testing,07,447,0,1.0,1.0,0.9429082597083381,0.7525125277016004,0.020319711416959763
ONE,R02,testing,07,448,0,1.0,1.0,0.8819822938382925,0.7021222579637041,0.019883926957845688
ONE,R02,testing,07,449,0,1.0,1.0,0.8819822938382925,0.7003502275792337,0.021308740600943565
ONE,R02,testing,07,450,0,1.0,1.0,0.8819822938382925,0.6985729432361636,0.021688424050807953
ONE,R02,testing,07,451,0,1.0,1.0,0.8819822938382925,0.6967904676943516,0.02286096289753914
ONE,R02,testing,07,452,0,1.0,1.0,0.8819822938382925,0.6950028637705062,0.022043375298380852
ONE,R02,testing,07,453,0,1.0,1.0,0.8819822938382925,0.6932101943345486,0.02198060043156147
ONE,R02,testing,07,454,0,1.0,1.0,0.8819822938382925,0.6914125223059773,0.022431664168834686
ONE,R02,testing,07,455,0,1.0,1.0,0.8819822938382925,0.689609910650243,0.022516367956995964
ONE,R02,testing,07,456,0,1.0,1.0,0.8819822938382925,0.6878024223751258,0.022073132917284966
ONE,R02,testing,07,457,0,1.0,1.0,0.8819822938382925,0.6859901205271209,0.02222631499171257
ONE,R02,testing,07,458,0,1.0,1.0,0.8819822938382925,0.684173068187831,0.022702515125274658
ONE,R02,testing,07,459,0,1.0,1.0,0.8819822938382925,0.6823513284703647,0.022034691646695137
ONE,R02,testing,07,460,0,1.0,1.0,0.8819822938382925,0.6805249645157434,0.0215340256690979
ONE,R02,testing,07,461,0,1.0,1.0,0.8819822938382925,0.6786940394893146,0.021490372717380524
ONE,R02,testing,07,462,0,1.0,1.0,0.8819822938382925,0.6768586165771747,0.021501893177628517
ONE,R02,testing,07,463,0,1.0,1.0,0.8819822938382925,0.6750187589825982,0.02256256341934204
ONE,R02,testing,07,464,0,1.0,1.0,0.8176115364082563,0.6240434366154455,0.022240187972784042
ONE,R02,testing,07,465,0,1.0,1.0,0.8176115364082563,0.6223298133018411,0.021659234538674355
ONE,R02,testing,07,466,0,1.0,1.0,0.8176115364082563,0.620612254801354,0.021401040256023407
ONE,R02,testing,07,467,0,1.0,1.0,0.8176115364082563,0.6188908197351833,0.022540239617228508
ONE,R02,testing,07,468,0,1.0,1.0,0.8176115364082563,0.617165566724029,0.02227875031530857
ONE,R02,testing,07,469,0,1.0,1.0,0.8176115364082563,0.615436554384831,0.019992703571915627
ONE,R02,testing,07,470,0,1.0,1.0,0.8176115364082563,0.6137038413275218,0.022394727915525436
ONE,R02,testing,07,471,0,1.0,1.0,0.8176115364082563,0.6119674861517849,0.022273194044828415
ONE,R02,testing,07,472,0,1.0,1.0,0.8176115364082563,0.6102275474438262,0.022471260279417038
ONE,R02,testing,07,473,0,1.0,1.0,0.8176115364082563,0.6084840837731533,0.02016436867415905
ONE,R02,testing,07,474,0,1.0,1.0,0.8176115364082563,0.6067371536893658,0.020215880125761032
ONE,R02,testing,07,475,0,1.0,1.0,0.8176115364082563,0.6049868157189561,0.021181508898735046
ONE,R02,testing,07,476,0,1.0,1.0,0.8176115364082563,0.6032331283621215,0.02107676863670349
ONE,R02,testing,07,477,0,1.0,1.0,0.8176115364082563,0.6014761500895865,0.021443383768200874
ONE,R02,testing,07,478,0,1.0,1.0,0.8176115364082563,0.5997159393394365,0.020948439836502075
ONE,R02,testing,07,479,0,1.0,1.0,0.8176115364082563,0.597952554513963,0.021741770207881927
ONE,R02,testing,07,480,0,1.0,1.0,0.7502779307730125,0.5470877293368817,0.02068154700100422
ONE,R02,testing,07,481,0,1.0,1.0,0.7502779307730125,0.5454639016368389,0.021032094955444336
ONE,R02,testing,07,482,0,1.0,1.0,0.7502779307730125,0.543837321811391,0.019831206649541855
ONE,R02,testing,07,483,0,1.0,1.0,0.7502779307730125,0.5422080432930514,0.02091926336288452
ONE,R02,testing,07,484,0,1.0,1.0,0.7502779307730125,0.5405761194671781,0.020049164071679115
ONE,R02,testing,07,485,0,1.0,1.0,0.7502779307730125,0.5389416036691468,0.019793936982750893
ONE,R02,testing,07,486,0,1.0,1.0,0.7502779307730125,0.5373045491815357,0.021454330533742905
ONE,R02,testing,07,487,0,1.0,1.0,0.7502779307730125,0.5356650092313214,0.02161574363708496
ONE,R02,testing,07,488,0,1.0,1.0,0.7502779307730125,0.534023036987089,0.02144567109644413
ONE,R02,testing,07,489,0,1.0,1.0,0.7502779307730125,0.5323786855562529,0.022961566224694252
ONE,R02,testing,07,490,0,1.0,1.0,0.7502779307730125,0.5307320079822921,0.021524086594581604
ONE,R02,testing,07,491,0,1.0,1.0,0.7502779307730125,0.5290830572419969,0.0226496160030365
ONE,R02,testing,07,492,0,1.0,1.0,0.7502779307730125,0.5274318862427297,0.02150576189160347
ONE,R02,testing,07,493,0,1.0,1.0,0.7502779307730125,0.5257785478196988,0.02096499875187874
ONE,R02,testing,07,494,0,1.0,1.0,0.7502779307730125,0.5241230947332454,0.021786080673336983
ONE,R02,testing,07,495,0,1.0,1.0,0.7502779307730125,0.5224655796661452,0.021887950599193573
ONE,R02,testing,07,496,0,1.0,1.0,0.6805459217126125,0.47240152261797214,0.020861878991127014
ONE,R02,testing,07,497,0,1.0,1.0,0.6805459217126125,0.47089446199565266,0.02100418508052826
ONE,R02,testing,07,498,0,1.0,1.0,0.6805459217126125,0.4693856739490406,0.021115420386195183
ONE,R02,testing,07,499,0,1.0,1.0,0.6805459217126125,0.4678752059588373,0.021685214713215828
ONE,R02,testing,07,500,0,1.0,1.0,0.6805459217126125,0.4663631054233388,0.022346073761582375
ONE,R02,testing,07,501,0,1.0,1.0,0.6805459217126125,0.4648494196560653,0.02116132155060768
ONE,R02,testing,07,502,0,1.0,1.0,0.6805459217126125,0.46333419588340446,0.020624641329050064
ONE,R02,testing,07,503,0,1.0,1.0,0.6805459217126125,0.4618174812422689,0.02276112698018551
ONE,R02,testing,07,504,0,1.0,1.0,0.6805459217126125,0.4602993227777662,0.021669728681445122
ONE,R02,testing,07,505,0,1.0,1.0,0.6805459217126125,0.45877976744088433,0.021626625210046768
ONE,R02,testing,07,506,0,1.0,1.0,0.6805459217126125,0.4572588620861905,0.021458590403199196
ONE,R02,testing,07,507,0,1.0,1.0,0.6805459217126125,0.45573665346954423,0.022675158455967903
ONE,R02,testing,07,508,0,1.0,1.0,0.6805459217126125,0.4542131882458251,0.021957099437713623
ONE,R02,testing,07,509,0,1.0,1.0,0.6805459217126125,0.4526885129666749,0.02106153964996338
ONE,R02,testing,07,510,0,1.0,1.0,0.6805459217126125,0.4511626740782549,0.02042306214570999
ONE,R02,testing,07,511,0,1.0,1.0,0.6805459217126125,0.44963571791901696,0.021919406950473785
ONE,R02,testing,07,512,0,1.0,0.9999999999999999,0.6090486384384382,0.4010300704153388,0.02182808145880699
ONE,R02,testing,07,513,0,1.0,0.9999999999999999,0.6090486384384382,0.39966165854688823,0.02142544649541378
ONE,R02,testing,07,514,0,1.0,0.9999999999999999,0.6090486384384382,0.39829237059914335,0.021533580496907234
ONE,R02,testing,07,515,0,1.0,0.9999999999999999,0.6090486384384382,0.3969222476370536,0.02024616114795208
ONE,R02,testing,07,516,0,1.0,0.9999999999999999,0.6090486384384382,0.3955513306194076,0.02095082961022854
ONE,R02,testing,07,517,0,1.0,0.9999999999999999,0.6090486384384382,0.39417966039692204,0.02105250582098961
ONE,R02,testing,07,518,0,1.0,0.9999999999999999,0.6090486384384382,0.39280727771034313,0.021598994731903076
ONE,R02,testing,07,519,0,1.0,0.9999999999999999,0.6090486384384382,0.3914342231885633,0.021119115874171257
ONE,R02,testing,07,520,0,1.0,0.9999999999999999,0.6090486384384382,0.3900605373467521,0.022238781675696373
ONE,R02,testing,07,521,0,1.0,0.9999999999999999,0.6090486384384382,0.38868626058450106,0.021461548283696175
ONE,R02,testing,07,522,0,1.0,0.9999999999999999,0.6090486384384382,0.3873114331839832,0.021206015720963478
ONE,R02,testing,07,523,0,1.0,0.9999999999999999,0.6090486384384382,0.38593609530812784,0.021527469158172607
ONE,R02,testing,07,524,0,1.0,0.9999999999999999,0.6090486384384382,0.384560286998809,0.020832858979701996
ONE,R02,testing,07,525,0,1.0,0.9999999999999999,0.6090486384384382,0.3831840481750499,0.020987730473279953
ONE,R02,testing,07,526,0,1.0,0.9999999999999999,0.6090486384384382,0.38180741863124096,0.021950585767626762
ONE,R03,testing,01,10,1,1.0,1.0,0.5364708121022927,0.33532522805050624,0.032054584473371506
ONE,R03,testing,01,11,1,1.0,1.0,0.5364708121022927,0.3362281455260696,0.03248782828450203
ONE,R03,testing,01,12,1,1.0,1.0,0.5364708121022927,0.3371308929244908,0.03348888084292412
ONE,R03,testing,01,13,1,1.0,1.0,0.5364708121022927,0.33803345583918976,0.03320993110537529
ONE,R03,testing,01,14,1,1.0,1.0,0.5364708121022927,0.33893581982923815,0.03227360174059868
ONE,R03,testing,01,15,1,1.0,1.0,0.5364708121022927,0.33983797041971325,0.033448684960603714
ONE,R03,testing,01,16,1,1.0,1.0,0.6090486384384382,0.38683776129817604,0.03269460052251816
ONE,R03,testing,01,17,1,1.0,1.0,0.6090486384384382,0.3878614276476627,0.033266469836235046
ONE,R03,testing,01,18,1,1.0,1.0,0.6090486384384382,0.38888480220017124,0.03284308314323425
ONE,R03,testing,01,19,1,1.0,1.0,0.6090486384384382,0.38990786837220304,0.03240521252155304
ONE,R03,testing,01,20,1,1.0,1.0,0.6090486384384382,0.39093060954371545,0.030959753319621086
ONE,R03,testing,01,21,1,1.0,1.0,0.6090486384384382,0.3919530090585399,0.032095327973365784
ONE,R03,testing,01,22,1,1.0,1.0,0.6090486384384382,0.3929750502248018,0.031612809747457504
ONE,R03,testing,01,23,1,1.0,1.0,0.6090486384384382,0.3939967163153427,0.03177620843052864
ONE,R03,testing,01,24,1,1.0,1.0,0.6090486384384382,0.39501799056814557,0.0323198065161705
ONE,R03,testing,01,25,1,1.0,1.0,0.6090486384384382,0.39603885618676193,0.03182578831911087
ONE,R03,testing,01,26,1,1.0,1.0,0.6090486384384382,0.3970592963407419,0.030588427558541298
ONE,R03,testing,01,27,1,1.0,1.0,0.6090486384384382,0.3980792941660662,0.03169240057468414
ONE,R03,testing,01,28,1,1.0,1.0,0.6090486384384382,0.3990988327655811,0.031231611967086792
ONE,R03,testing,01,29,1,1.0,1.0,0.6090486384384382,0.40011789520943547,0.03160910680890083
ONE,R03,testing,01,30,1,1.0,1.0,0.6090486384384382,0.4011364645355198,0.03187058866024017
ONE,R03,testing,01,31,1,1.0,1.0,0.6090486384384382,0.4021545237499085,0.031905025243759155
ONE,R03,testing,01,32,1,1.0,1.0,0.6805459217126126,0.4505011275376082,0.03260689601302147
ONE,R03,testing,01,33,1,1.0,1.0,0.6805459217126126,0.4516375014055206,0.03205537796020508
ONE,R03,testing,01,34,1,1.0,1.0,0.6805459217126126,0.4527732481038869,0.030956363305449486
ONE,R03,testing,01,35,1,1.0,1.0,0.6805459217126126,0.4539083485066194,0.03152863308787346
ONE,R03,testing,01,36,1,1.0,1.0,0.6805459217126126,0.45504278345458643,0.03207109123468399
ONE,R03,testing,01,37,1,1.0,1.0,0.6805459217126126,0.4561765337561222,0.03193160146474838
ONE,R03,testing,01,38,1,1.0,1.0,0.6805459217126126,0.45730958018753826,0.03125966712832451
ONE,R03,testing,01,39,1,1.0,1.0,0.6805459217126126,0.4584419034936377,0.030517926439642906
ONE,R03,testing,01,40,1,1.0,1.0,0.6805459217126126,0.45957348438823187,0.032674599438905716
ONE,R03,testing,01,41,1,1.0,1.0,0.6805459217126126,0.46070430355465997,0.03165488317608833
ONE,R03,testing,01,42,1,1.0,1.0,0.6805459217126126,0.46183434164631054,0.03172018378973007
ONE,R03,testing,01,43,1,1.0,1.0,0.6805459217126126,0.4629635792871455,0.03101149946451187
ONE,R03,testing,01,44,1,1.0,1.0,0.6805459217126126,0.4640919970722269,0.030398651957511902
ONE,R03,testing,01,45,1,1.0,1.0,0.6805459217126126,0.465219575568246,0.030353130772709846
ONE,R03,testing,01,46,1,1.0,1.0,0.6805459217126126,0.4663462953140542,0.03156239166855812
ONE,R03,testing,01,47,1,1.0,1.0,0.6805459217126126,0.4674721368211974,0.031236806884407997
ONE,R03,testing,01,48,1,1.0,1.0,0.7502779307730126,0.5166117917434849,0.03100941888988018
ONE,R03,testing,01,49,1,1.0,1.0,0.7502779307730126,0.5178509913596583,0.031133733689785004
ONE,R03,testing,01,50,1,1.0,1.0,0.7502779307730126,0.5190891581179037,0.031007425859570503
ONE,R03,testing,01,51,1,1.0,1.0,0.7502779307730126,0.520326270418407,0.03140674903988838
ONE,R03,testing,01,52,1,1.0,1.0,0.7502779307730126,0.5215623066342309,0.03160518407821655
ONE,R03,testing,01,53,1,1.0,1.0,0.7502779307730126,0.5227972451119186,0.030881360173225403
ONE,R03,testing,01,54,1,1.0,1.0,0.7502779307730126,0.5240310641721001,0.030971059575676918
ONE,R03,testing,01,55,1,1.0,1.0,0.7502779307730126,0.5252637421101003,0.03132620453834534
ONE,R03,testing,01,56,1,1.0,1.0,0.7502779307730126,0.5264952571965503,0.0320868194103241
ONE,R03,testing,01,57,1,1.0,1.0,0.7502779307730126,0.5277255876780009,0.03189678490161896
ONE,R03,testing,01,58,1,1.0,1.0,0.7502779307730126,0.528954711777538,0.03204486891627312
ONE,R03,testing,01,59,1,1.0,1.0,0.7502779307730126,0.5301826076954003,0.031329791992902756
ONE,R03,testing,01,60,1,1.0,1.0,0.7502779307730126,0.5314092536096008,0.0314493253827095
ONE,R03,testing,01,61,1,1.0,1.0,0.7502779307730126,0.5326346276765489,0.03142166882753372
ONE,R03,testing,01,62,1,1.0,1.0,0.7502779307730126,0.533858708031675,0.03276544064283371
ONE,R03,testing,01,63,1,1.0,1.0,0.7502779307730126,0.5350814727900581,0.033192601054906845
ONE,R03,testing,01,64,1,1.0,1.0,0.8176115364082565,0.5844333414364226,0.03202471509575844
ONE,R03,testing,01,65,1,1.0,1.0,0.8176115364082565,0.5857629041139718,0.03108510561287403
ONE,R03,testing,01,66,1,1.0,1.0,0.8176115364082565,0.5870909614535642,0.031707096844911575
ONE,R03,testing,01,67,1,1.0,1.0,0.8176115364082565,0.5884174895243914,0.032206229865550995
ONE,R03,testing,01,68,1,1.0,1.0,0.8176115364082565,0.5897424643769208,0.03162769600749016
ONE,R03,testing,01,69,1,1.0,1.0,0.8176115364082565,0.5910658620435928,0.03286285325884819
ONE,R03,testing,01,70,1,1.0,1.0,0.8176115364082565,0.5923876585395215,0.03163834288716316
ONE,R03,testing,01,71,1,1.0,1.0,0.8176115364082565,0.5937078298631965,0.0330229178071022
ONE,R03,testing,01,72,1,1.0,1.0,0.8176115364082565,0.5950263519971873,0.0316799059510231
ONE,R03,testing,01,73,1,1.0,1.0,0.8176115364082565,0.5963432009088503,0.031317029148340225
ONE,R03,testing,01,74,1,1.0,1.0,0.8176115364082565,0.5976583525510373,0.03145161271095276
ONE,R03,testing,01,75,1,1.0,1.0,0.8176115364082565,0.5989717828628063,0.03229335695505142
ONE,R03,testing,01,76,1,1.0,1.0,0.8176115364082565,0.6002834677701346,0.031793560832738876
ONE,R03,testing,01,77,1,1.0,1.0,0.8176115364082565,0.6015933831866344,0.032494302839040756
ONE,R03,testing,01,78,1,1.0,1.0,0.8176115364082565,0.6029015050142688,0.0318746455013752
ONE,R03,testing,01,79,1,1.0,1.0,0.8176115364082565,0.6042078091440723,0.032340019941329956
ONE,R03,testing,01,80,1,1.0,0.9999999999999999,0.8819822938382926,0.6531844015714808,0.03139127418398857
ONE,R03,testing,01,81,1,1.0,0.9999999999999999,0.8819822938382926,0.6545895516710964,0.030778884887695312
ONE,R03,testing,01,82,1,1.0,0.9999999999999999,0.8819822938382926,0.6559926628809235,0.03134901076555252
ONE,R03,testing,01,83,1,1.0,0.9999999999999999,0.8819822938382926,0.6573937091545324,0.031414974480867386
ONE,R03,testing,01,84,1,1.0,0.9999999999999999,0.8819822938382926,0.6587926644376148,0.031930241733789444
ONE,R03,testing,01,85,1,1.0,0.9999999999999999,0.8819822938382926,0.6601895026687707,0.03193999454379082
ONE,R03,testing,01,86,1,1.0,0.9999999999999999,0.8819822938382926,0.6615841977802996,0.0315554216504097
ONE,R03,testing,01,87,1,1.0,0.9999999999999999,0.8819822938382926,0.662976723698992,0.03109940141439438
ONE,R03,testing,01,88,1,1.0,0.9999999999999999,0.8819822938382926,0.6643670543469229,0.03223404660820961
ONE,R03,testing,01,89,1,1.0,0.9999999999999999,0.8819822938382926,0.6657551636422485,0.031867872923612595
ONE,R03,testing,01,90,1,1.0,0.9999999999999999,0.8819822938382926,0.6671410255000033,0.03129415214061737
ONE,R03,testing,01,91,1,1.0,0.9999999999999999,0.8819822938382926,0.6685246138328996,0.03163979575037956
ONE,R03,testing,01,92,1,1.0,0.9999999999999999,0.8819822938382926,0.6699059025521287,0.03230496495962143
ONE,R03,testing,01,93,1,1.0,0.9999999999999999,0.8819822938382926,0.6712848655681635,0.03188161179423332
ONE,R03,testing,01,94,1,1.0,0.9999999999999999,0.8819822938382926,0.6726614767915634,0.031578708440065384
ONE,R03,testing,01,95,1,1.0,0.9999999999999999,0.8819822938382926,0.6740357101337807,0.031904187053442
ONE,R03,testing,01,96,1,1.0,1.0,0.9429082597083381,0.7220636424568765,0.031164346262812614
ONE,R03,testing,01,97,1,1.0,1.0,0.9429082597083381,0.723527637755199,0.032068993896245956
ONE,R03,testing,01,98,1,1.0,1.0,0.9429082597083381,0.7249890072542614,0.032536234706640244
ONE,R03,testing,01,99,1,1.0,1.0,0.9429082597083381,0.7264477230758299,0.03164413943886757
ONE,R03,testing,01,100,1,1.0,1.0,0.9429082597083381,0.7279037573469602,0.03199734166264534
ONE,R03,testing,01,101,1,1.0,1.0,0.9429082597083381,0.729357082200869,0.03287423029541969
ONE,R03,testing,01,102,1,1.0,1.0,0.9429082597083381,0.7308076697778072,0.031292855739593506
ONE,R03,testing,01,103,1,1.0,1.0,0.9429082597083381,0.7322554922259346,0.03343599662184715
ONE,R03,testing,01,104,1,1.0,1.0,0.9429082597083381,0.7337005217021964,0.03282136842608452
ONE,R03,testing,01,105,1,1.0,1.0,0.9429082597083381,0.7351427303732007,0.032904308289289474
ONE,R03,testing,01,106,1,1.0,1.0,0.9429082597083381,0.7365820904160973,0.032467130571603775
ONE,R03,testing,01,107,1,1.0,1.0,0.9429082597083381,0.7380185740194583,0.03235059604048729
ONE,R03,testing,01,108,1,1.0,1.0,0.9429082597083381,0.7394521533841593,0.032329149544239044
ONE,R03,testing,01,109,1,1.0,1.0,0.9429082597083381,0.7408828007242624,0.03180064633488655
ONE,R03,testing,01,110,1,1.0,1.0,0.9429082597083381,0.7423104882679005,0.032387979328632355
ONE,R03,testing,01,111,1,1.0,1.0,0.9429082597083381,0.7437351882581618,0.03126668184995651
ONE,R03,testing,01,112,1,1.0,1.0,1.0,0.7902750509200865,0.031748633831739426
ONE,R03,testing,01,113,1,1.0,1.0,1.0,0.7917795893122606,0.031192544847726822
ONE,R03,testing,01,114,1,1.0,1.0,1.0,0.7932808710509094,0.03216172009706497
ONE,R03,testing,01,115,1,1.0,1.0,1.0,0.7947788667713368,0.03283967822790146
ONE,R03,testing,01,116,1,1.0,1.0,1.0,0.7962735471294193,0.03319282457232475
ONE,R03,testing,01,117,1,1.0,1.0,1.0,0.7977648828025511,0.03292205557227135
ONE,R03,testing,01,118,1,1.0,1.0,1.0,0.7992528444905908,0.03319869190454483
ONE,R03,testing,01,119,1,1.0,1.0,1.0,0.8007374029168081,0.033761270344257355
ONE,R03,testing,01,120,1,1.0,1.0,1.0,0.8022185288288324,0.03238943591713905
ONE,R03,testing,01,121,1,1.0,1.0,1.0,0.8036961929996017,0.032046128064394
ONE,R03,testing,01,122,1,1.0,1.0,1.0,0.8051703662283122,0.032713644206523895
ONE,R03,testing,01,123,1,1.0,1.0,1.0,0.8066410193413682,0.03226702660322189
ONE,R03,testing,01,124,1,1.0,1.0,1.0,0.8081081231933345,0.032591912895441055
ONE,R03,testing,01,125,1,1.0,1.0,1.0,0.8095716486678869,0.032597701996564865
ONE,R03,testing,01,126,1,1.0,1.0,1.0,0.8110315666787655,0.03312920406460762
ONE,R03,testing,01,127,1,1.0,1.0,1.0,0.8124878481707274,0.03327681124210358
ONE,R03,testing,01,128,1,1.0,1.0,0.9999999999999999,0.8139404641204997,0.03272588923573494
ONE,R03,testing,01,129,1,1.0,1.0,0.9999999999999999,0.8153893855377348,0.031809523701667786
ONE,R03,testing,01,130,1,1.0,1.0,0.9999999999999999,0.816834583465963,0.03173788636922836
ONE,R03,testing,01,131,1,1.0,1.0,0.9999999999999999,0.8182760289835491,0.0319598913192749
ONE,R03,testing,01,132,1,1.0,1.0,0.9999999999999999,0.8197136932046463,0.033493105322122574
ONE,R03,testing,01,133,1,1.0,1.0,0.9999999999999999,0.8211475472801522,0.03324504196643829
ONE,R03,testing,01,134,1,1.0,1.0,0.9999999999999999,0.8225775623986645,0.03208077326416969
ONE,R03,testing,01,135,1,1.0,1.0,0.9999999999999999,0.8240037097874371,0.03198732063174248
ONE,R03,testing,01,136,1,1.0,1.0,0.9999999999999999,0.8254259607133357,0.03255172073841095
ONE,R03,testing,01,137,1,1.0,1.0,0.9999999999999999,0.8268442864837949,0.031497593969106674
ONE,R03,testing,01,138,1,1.0,1.0,0.9999999999999999,0.8282586584477738,0.03277095779776573
ONE,R03,testing,01,139,1,1.0,1.0,0.9999999999999999,0.8296690479967126,0.03240073844790459
ONE,R03,testing,01,140,1,1.0,1.0,0.9999999999999999,0.8310754265654893,0.031698014587163925
ONE,R03,testing,01,141,1,1.0,1.0,0.9999999999999999,0.8324777656333756,0.03224023059010506
ONE,R03,testing,01,142,1,1.0,1.0,0.9999999999999999,0.8338760367249938,0.031009050086140633
ONE,R03,testing,01,143,1,1.0,1.0,0.9999999999999999,0.8352702114112719,0.031602952629327774
ONE,R03,testing,01,144,1,1.0,0.9999999999999999,1.0,0.8366602613104009,0.03188195079565048
ONE,R03,testing,01,145,1,1.0,0.9999999999999999,1.0,0.8380461580887891,0.03237023949623108
ONE,R03,testing,01,146,1,1.0,0.9999999999999999,1.0,0.8394278734620187,0.033395592123270035
ONE,R03,testing,01,147,1,1.0,0.9999999999999999,1.0,0.8408053791958006,0.033934660255908966
ONE,R03,testing,01,148,1,1.0,0.9999999999999999,1.0,0.8421786471069285,0.032652661204338074
ONE,R03,testing,01,149,1,1.0,0.9999999999999999,1.0,0.8435476490642345,0.03340449556708336
ONE,R03,testing,01,150,1,1.0,0.9999999999999999,1.0,0.8449123569895421,0.03392857685685158
ONE,R03,testing,01,151,1,1.0,0.9999999999999999,1.0,0.8462727428586203,0.03325285390019417
ONE,R03,testing,01,152,1,1.0,0.9999999999999999,1.0,0.8476287787021358,0.03387102857232094
ONE,R03,testing,01,153,1,1.0,0.9999999999999999,1.0,0.8489804366066059,0.0332409143447876
ONE,R03,testing,01,154,1,1.0,0.9999999999999999,1.0,0.8503276887153501,0.0343901701271534
ONE,R03,testing,01,155,1,1.0,0.9999999999999999,1.0,0.8516705072294409,0.03317016363143921
ONE,R03,testing,01,156,1,1.0,0.9999999999999999,1.0,0.8530088644086545,0.034357111901044846
ONE,R03,testing,01,157,1,1.0,0.9999999999999999,1.0,0.8543427325724198,0.032982274889945984
ONE,R03,testing,01,158,1,1.0,0.9999999999999999,1.0,0.8556720841007678,0.03475488722324371
ONE,R03,testing,01,159,1,1.0,0.9999999999999999,1.0,0.8569968914352789,0.034049682319164276
ONE,R03,testing,01,160,1,1.0,1.0,1.0,0.8583171270800304,0.03369089961051941
ONE,R03,testing,01,161,1,1.0,1.0,1.0,0.8596327636025423,0.034516699612140656
ONE,R03,testing,01,162,1,1.0,1.0,1.0,0.8609437736347221,0.033784858882427216
ONE,R03,testing,01,163,1,1.0,1.0,1.0,0.8622501298738093,0.03274860605597496
ONE,R03,testing,01,164,1,1.0,1.0,1.0,0.8635518050833184,0.03256596624851227
ONE,R03,testing,01,165,1,1.0,1.0,1.0,0.8648487720939803,0.032719142735004425
ONE,R03,testing,01,166,1,1.0,1.0,1.0,0.8661410038046827,0.03247872740030289
ONE,R03,testing,01,167,1,1.0,1.0,1.0,0.8674284731834108,0.03278843313455582
ONE,R03,testing,01,168,1,1.0,1.0,1.0,0.8687111532681842,0.03372448310256004
ONE,R03,testing,01,169,1,1.0,1.0,1.0,0.869989017167994,0.03348860517144203
ONE,R03,testing,01,170,1,1.0,1.0,1.0,0.8712620380637395,0.03316698595881462
ONE,R03,testing,01,171,1,1.0,1.0,1.0,0.8725301892091603,0.03433619812130928
ONE,R03,testing,01,172,1,1.0,1.0,1.0,0.8737934439317707,0.03258184343576431
ONE,R03,testing,01,173,1,1.0,1.0,1.0,0.8750517756337903,0.0332813560962677
ONE,R03,testing,01,174,1,1.0,1.0,1.0,0.8763051577930734,0.032935384660959244
ONE,R03,testing,01,175,1,1.0,1.0,1.0,0.8775535639640376,0.03367143124341965
ONE,R03,testing,01,176,1,1.0,1.0000000000000002,1.0,0.8787969677785897,0.0335640013217926
ONE,R03,testing,01,177,1,1.0,1.0000000000000002,1.0,0.8800353429470512,0.032965850085020065
ONE,R03,testing,01,178,1,1.0,1.0000000000000002,1.0,0.8812686632590806,0.032660190016031265
ONE,R03,testing,01,179,1,1.0,1.0000000000000002,1.0,0.8824969025845955,0.032979704439640045
ONE,R03,testing,01,180,1,1.0,1.0000000000000002,1.0,0.8837200348746912,0.03248706832528114
ONE,R03,testing,01,181,1,1.0,1.0000000000000002,1.0,0.8849380341625597,0.03170376643538475
ONE,R03,testing,01,182,1,1.0,1.0000000000000002,1.0,0.8861508745644039,0.03334994614124298
ONE,R03,testing,01,183,1,1.0,1.0000000000000002,1.0,0.8873585302803527,0.033283479511737823
ONE,R03,testing,01,184,1,1.0,1.0000000000000002,1.0,0.8885609755953723,0.03382895886898041
ONE,R03,testing,01,185,1,1.0,1.0000000000000002,1.0,0.8897581848801761,0.03289856016635895
ONE,R03,testing,01,186,1,1.0,1.0000000000000002,1.0,0.8909501325921324,0.033687278628349304
ONE,R03,testing,01,187,1,1.0,1.0000000000000002,1.0,0.8921367932761702,0.0342789962887764
ONE,R03,testing,01,188,1,1.0,1.0000000000000002,1.0,0.8933181415656826,0.03352326527237892
ONE,R03,testing,01,189,1,1.0,1.0000000000000002,1.0,0.8944941521834278,0.03355887532234192
ONE,R03,testing,01,190,1,1.0,1.0000000000000002,1.0,0.8956647999424285,0.03258826956152916
ONE,R03,testing,01,191,1,1.0,1.0000000000000002,1.0,0.8968300597468688,0.03329576551914215
ONE,R03,testing,01,192,1,1.0,1.0,1.0,0.8979899065929876,0.032971616834402084
ONE,R03,testing,01,193,1,1.0,1.0,1.0,0.8991443155699715,0.03199458867311478
ONE,R03,testing,01,194,1,1.0,1.0,1.0,0.9002932618608444,0.03333865478634834
ONE,R03,testing,01,195,1,1.0,1.0,1.0,0.9014367207433535,0.03252187371253967
ONE,R03,testing,01,196,1,1.0,1.0,1.0,0.902574667590855,0.03287390619516373
ONE,R03,testing,01,197,1,1.0,1.0,1.0,0.903707077873196,0.033224157989025116
ONE,R03,testing,01,198,1,1.0,1.0,1.0,0.904833927157593,0.0327506847679615
ONE,R03,testing,01,199,1,1.0,1.0,1.0,0.9059551911095096,0.033485617488622665
ONE,R03,testing,01,200,1,1.0,1.0,1.0,0.9070708454935298,0.03319208696484566
ONE,R03,testing,01,201,1,1.0,1.0,1.0,0.9081808661742297,0.03498374670743942
ONE,R03,testing,01,202,1,1.0,1.0,1.0,0.9092852291170462,0.03307449817657471
ONE,R03,testing,01,203,1,1.0,1.0,1.0,0.9103839103891423,0.03307219594717026
ONE,R03,testing,01,204,1,1.0,1.0,1.0,0.9114768861602699,0.033379774540662766
ONE,R03,testing,01,205,1,1.0,1.0,1.0,0.9125641327036298,0.03412429988384247
ONE,R03,testing,01,206,1,1.0,1.0,1.0,0.913645626396729,0.03326886519789696
ONE,R03,testing,01,207,1,1.0,1.0,1.0,0.9147213437222339,0.03327212482690811
ONE,R03,testing,01,208,1,1.0,1.0,1.0,0.9157912612688219,0.03302481770515442
ONE,R03,testing,01,209,1,1.0,1.0,1.0,0.9168553557320289,0.033458225429058075
ONE,R03,testing,01,210,1,1.0,1.0,1.0,0.9179136039150939,0.03392212465405464
ONE,R03,testing,01,211,1,1.0,1.0,1.0,0.9189659827298006,0.032906610518693924
ONE,R03,testing,01,212,1,1.0,1.0,1.0,0.9200124691973156,0.03253471106290817
ONE,R03,testing,01,213,1,1.0,1.0,1.0,0.9210530404490238,0.03210648149251938
ONE,R03,testing,01,214,1,1.0,1.0,1.0,0.9220876737273597,0.030877461656928062
ONE,R03,testing,01,215,1,1.0,1.0,1.0,0.9231163463866358,0.032686419785022736
ONE,R03,testing,01,216,1,1.0,1.0,1.0,0.924139035893868,0.03463612124323845
ONE,R03,testing,01,217,1,1.0,1.0,1.0,0.9251557198295968,0.03605421259999275
ONE,R03,testing,01,218,1,1.0,1.0,1.0,0.9261663758887055,0.03599827364087105
ONE,R03,testing,01,219,1,1.0,1.0,1.0,0.9271709818812349,0.03756909444928169
ONE,R03,testing,01,220,1,1.0,1.0,1.0,0.9281695157331943,0.04040785878896713
ONE,R03,testing,01,221,1,1.0,1.0,1.0,0.9291619554873688,0.03959532827138901
ONE,R03,testing,01,222,1,1.0,1.0,1.0,0.9301482793041232,0.041242264211177826
ONE,R03,testing,01,223,1,1.0,1.0,1.0,0.9311284654622024,0.039193835109472275
ONE,R03,testing,01,224,1,1.0,1.0,1.0,0.9321024923595276,0.0384838692843914
ONE,R03,testing,01,225,1,1.0,1.0,1.0,0.9330703385139887,0.037225011736154556
ONE,R03,testing,01,226,1,1.0,1.0,1.0,0.9340319825642336,0.036504682153463364
ONE,R03,testing,01,227,1,1.0,1.0,1.0,0.9349874032704532,0.033849332481622696
ONE,R03,testing,01,228,1,1.0,1.0,1.0,0.9359365795151621,0.03404862806200981
ONE,R03,testing,01,229,1,1.0,1.0,1.0,0.9368794903039763,0.03441688418388367
ONE,R03,testing,01,230,1,1.0,1.0,1.0,0.9378161147663866,0.03343480825424194
ONE,R03,testing,01,231,1,1.0,1.0,1.0,0.938746432156527,0.033514659851789474
ONE,R03,testing,01,232,1,1.0,1.0,1.0,0.939670421853941,0.03434959799051285
ONE,R03,testing,01,233,1,1.0,1.0,1.0,0.9405880633643421,0.03315427154302597
ONE,R03,testing,01,234,1,1.0,1.0,1.0,0.9414993363203707,0.03270796313881874
ONE,R03,testing,01,235,1,1.0,1.0,1.0,0.942404220482348,0.03278208523988724
ONE,R03,testing,01,236,1,1.0,1.0,1.0,0.943302695739023,0.03274305909872055
ONE,R03,testing,01,237,1,1.0,1.0,1.0,0.9441947421083187,0.03289036080241203
ONE,R03,testing,01,238,1,1.0,1.0,1.0,0.945080339738071,0.035729795694351196
ONE,R03,testing,01,239,1,1.0,1.0,1.0,0.9459594689067654,0.03606567159295082
ONE,R03,testing,01,240,1,1.0,1.0,1.0,0.9468321100242679,0.03525451198220253
ONE,R03,testing,01,241,1,1.0,1.0,1.0,0.9476982436325522,0.03823753073811531
ONE,R03,testing,01,242,1,1.0,1.0,1.0,0.948557850406423,0.03370243310928345
ONE,R03,testing,01,243,1,1.0,1.0,1.0,0.9494109111542335,0.0338076651096344
ONE,R03,testing,01,244,1,1.0,1.0,1.0,0.9502574068185994,0.033908165991306305
ONE,R03,testing,01,245,1,1.0,1.0,1.0,0.9510973184771084,0.03390917927026749
ONE,R03,testing,01,246,1,1.0,1.0,1.0,0.9519306273430245,0.03439132869243622
ONE,R03,testing,01,247,1,1.0,1.0,1.0,0.9527573147659877,0.0339915007352829
ONE,R03,testing,01,248,1,1.0,1.0,1.0,0.9535773622327101,0.034320030361413956
ONE,R03,testing,01,249,1,1.0,1.0,1.0,0.9543907513676662,0.03342385217547417
ONE,R03,testing,01,250,1,1.0,1.0,1.0,0.9551974639337787,0.03386571630835533
ONE,R03,testing,01,251,1,1.0,1.0,1.0,0.9559974818331,0.033929482102394104
ONE,R03,testing,01,252,1,1.0,1.0,1.0,0.9567907871074882,0.03393959626555443
ONE,R03,testing,01,253,1,1.0,1.0,1.0,0.9575773619392797,0.031926654279232025
ONE,R03,testing,01,254,1,1.0,1.0,1.0,0.9583571886519542,0.03303031995892525
ONE,R03,testing,01,255,1,1.0,1.0,1.0,0.9591302497107983,0.03243141248822212
ONE,R03,testing,01,256,1,1.0,1.0,1.0,0.9598965277235614,0.03176327794790268
ONE,R03,testing,01,257,1,1.0,1.0,1.0,0.9606560054411076,0.030773604288697243
ONE,R03,testing,01,258,1,1.0,1.0,1.0,0.9614086657580632,0.02945565991103649
ONE,R03,testing,01,259,1,1.0,1.0,1.0,0.962154491713458,0.031350839883089066
ONE,R03,testing,01,260,1,1.0,1.0,1.0,0.9628934664913628,0.03340228274464607
ONE,R03,testing,01,261,1,1.0,1.0,1.0,0.9636255734215201,0.03307820111513138
ONE,R03,testing,01,262,1,1.0,1.0,1.0,0.964350795979972,0.03246878832578659
ONE,R03,testing,01,263,1,1.0,1.0,1.0,0.9650691177896804,0.033985767513513565
ONE,R03,testing,01,264,1,1.0,1.0,1.0,0.965780522621144,0.031137555837631226
ONE,R03,testing,01,265,1,1.0,1.0,1.0,0.9664849943930091,0.03163071349263191
ONE,R03,testing,01,266,1,1.0,1.0,1.0,0.967182517172675,0.03146195039153099
ONE,R03,testing,01,267,1,1.0,1.0,1.0,0.967873075176895,0.03172428905963898
ONE,R03,testing,01,268,1,1.0,1.0,1.0,0.9685566527723712,0.03151623159646988
ONE,R03,testing,01,269,1,1.0,1.0,1.0,0.9692332344763441,0.031475137919187546
ONE,R03,testing,01,270,1,1.0,1.0,1.0,0.969902804957177,0.03118230774998665
ONE,R03,testing,01,271,1,1.0,1.0,1.0,0.9705653490349352,0.03198792785406113
ONE,R03,testing,01,272,1,1.0,1.0,0.9999999999999999,0.9712208516819593,0.03217242285609245
ONE,R03,testing,01,273,1,1.0,1.0,0.9999999999999999,0.971869298023433,0.031093353405594826
ONE,R03,testing,01,274,1,1.0,1.0,0.9999999999999999,0.9725106733379462,0.030369864776730537
ONE,R03,testing,01,275,1,1.0,1.0,0.9999999999999999,0.9731449630580509,0.03045058622956276
ONE,R03,testing,01,276,1,1.0,1.0,0.9999999999999999,0.9737721527708136,0.031027818098664284
ONE,R03,testing,01,277,1,1.0,1.0,0.9999999999999999,0.9743922282183605,0.031849589198827744
ONE,R03,testing,01,278,1,1.0,1.0,0.9999999999999999,0.9750051752984177,0.032369520515203476
ONE,R03,testing,01,279,1,1.0,1.0,0.9999999999999999,0.9756109800648458,0.03298364579677582
ONE,R03,testing,01,280,1,1.0,1.0,0.9999999999999999,0.9762096287281687,0.033323660492897034
ONE,R03,testing,01,281,1,1.0,1.0,0.9999999999999999,0.9768011076560965,0.03329681232571602
ONE,R03,testing,01,282,1,1.0,1.0,0.9999999999999999,0.9773854033740428,0.03412117436528206
ONE,R03,testing,01,283,1,1.0,1.0,0.9999999999999999,0.9779625025656365,0.03462088108062744
ONE,R03,testing,01,284,1,1.0,1.0,0.9999999999999999,0.9785323920732277,0.035667385905981064
ONE,R03,testing,01,285,1,1.0,1.0,0.9999999999999999,0.9790950588983869,0.0351419672369957
ONE,R03,testing,01,286,1,1.0,1.0,0.9999999999999999,0.9796504902023998,0.03287636488676071
ONE,R03,testing,01,287,1,1.0,1.0,0.9999999999999999,0.9801986733067551,0.03603162616491318
ONE,R03,testing,01,288,1,1.0,0.9999999999999999,1.0,0.9807395956936276,0.03301721066236496
ONE,R03,testing,01,289,1,1.0,0.9999999999999999,1.0,0.9812732450063528,0.03406066074967384
ONE,R03,testing,01,290,1,1.0,0.9999999999999999,1.0,0.9817996090498994,0.034742869436740875
ONE,R03,testing,01,291,1,1.0,0.9999999999999999,1.0,0.9823186757913324,0.03720017895102501
ONE,R03,testing,01,292,1,1.0,0.9999999999999999,1.0,0.982830433360272,0.03563081473112106
ONE,R03,testing,01,293,1,1.0,0.9999999999999999,1.0,0.983334870049346,0.03512196987867355
ONE,R03,testing,01,294,1,1.0,0.9999999999999999,1.0,0.983831974314636,0.035970065742731094
ONE,R03,testing,01,295,1,1.0,0.9999999999999999,1.0,0.9843217347761178,0.03366152569651604
ONE,R03,testing,01,296,1,1.0,0.9999999999999999,1.0,0.9848041402180955,0.034240152686834335
ONE,R03,testing,01,297,1,1.0,0.9999999999999999,1.0,0.9852791795896296,0.03442634642124176
ONE,R03,testing,01,298,1,1.0,0.9999999999999999,1.0,0.9857468420049589,0.034217216074466705
ONE,R03,testing,01,299,1,1.0,0.9999999999999999,1.0,0.9862071167439163,0.03486013412475586
ONE,R03,testing,01,300,1,1.0,0.9999999999999999,1.0,0.986659993252338,0.03567647933959961
ONE,R03,testing,01,301,1,1.0,0.9999999999999999,1.0,0.9871054611424676,0.034270428121089935
ONE,R03,testing,01,302,1,1.0,0.9999999999999999,1.0,0.9875435101933521,0.03387041389942169
ONE,R03,testing,01,303,1,1.0,0.9999999999999999,1.0,0.9879741303512339,0.03284410014748573
ONE,R03,testing,01,304,1,1.0,1.0,1.0,0.9883973117299345,0.0334506556391716
ONE,R03,testing,01,305,1,1.0,1.0,1.0,0.9888130446112331,0.035206202417612076
ONE,R03,testing,01,306,1,1.0,1.0,1.0,0.9892213194452385,0.034638192504644394
ONE,R03,testing,01,307,1,1.0,1.0,1.0,0.9896221268507549,0.033539801836013794
ONE,R03,testing,01,308,1,1.0,1.0,1.0,0.9900154576156409,0.03692777827382088
ONE,R03,testing,01,309,1,1.0,1.0,1.0,0.9904013026971623,0.03518945351243019
ONE,R03,testing,01,310,1,1.0,1.0,1.0,0.9907796532223391,0.033915214240550995
ONE,R03,testing,01,311,1,1.0,1.0,1.0,0.9911505004882849,0.03425202518701553
ONE,R03,testing,01,312,1,1.0,1.0,1.0,0.991513835962541,0.0356869213283062
ONE,R03,testing,01,313,1,1.0,1.0,1.0,0.9918696512834033,0.032914403825998306
ONE,R03,testing,01,314,1,1.0,1.0,1.0,0.9922179382602435,0.03237752243876457
ONE,R03,testing,01,315,1,1.0,1.0,1.0,0.9925586888738226,0.03253025934100151
ONE,R03,testing,01,316,1,1.0,1.0,1.0,0.9928918952765993,0.03411486744880676
ONE,R03,testing,01,317,1,1.0,1.0,1.0,0.9932175497930307,0.03570187836885452
ONE,R03,testing,01,318,1,1.0,1.0,1.0,0.9935356449198672,0.034806687384843826
ONE,R03,testing,01,319,1,1.0,1.0,1.0,0.9938461733264412,0.034939318895339966
ONE,R03,testing,01,320,1,1.0,1.0,0.9999999999999999,0.9941491278549471,0.03575672209262848
ONE,R03,testing,01,321,1,1.0,1.0,0.9999999999999999,0.9944445015207185,0.03584933653473854
ONE,R03,testing,01,322,1,1.0,1.0,0.9999999999999999,0.9947322875124943,0.03559154272079468
ONE,R03,testing,01,323,1,1.0,1.0,0.9999999999999999,0.9950124791926822,0.035768669098615646
ONE,R03,testing,01,324,1,1.0,1.0,0.9999999999999999,0.9952850700976128,0.03567856550216675
ONE,R03,testing,01,325,1,1.0,1.0,0.9999999999999999,0.9955500539377888,0.036063652485609055
ONE,R03,testing,01,326,1,1.0,1.0,0.9999999999999999,0.9958074245981264,0.03644861653447151
ONE,R03,testing,01,327,1,1.0,1.0,0.9999999999999999,0.9960571761381908,0.035749651491642
ONE,R03,testing,01,328,1,1.0,1.0,0.9999999999999999,0.9962993027924244,0.037296049296855927
ONE,R03,testing,01,329,1,1.0,1.0,0.9999999999999999,0.996533798970369,0.037601470947265625
ONE,R03,testing,01,330,1,1.0,1.0,0.9999999999999999,0.9967606592568806,0.03708513453602791
ONE,R03,testing,01,331,1,1.0,1.0,0.9999999999999999,0.9969798784123381,0.03660479187965393
ONE,R03,testing,01,332,1,1.0,1.0,0.9999999999999999,0.9971914513728448,0.03580102697014809
ONE,R03,testing,01,333,1,1.0,1.0,0.9999999999999999,0.9973953732504233,0.035754844546318054
ONE,R03,testing,01,334,1,1.0,1.0,0.9999999999999999,0.997591639333204,0.03586633875966072
ONE,R03,testing,01,335,1,1.0,1.0,0.9999999999999999,0.9977802450856063,0.03477960079908371
ONE,R03,testing,01,336,1,1.0,0.9999999999999998,1.0,0.9979611861485135,0.03527247905731201
ONE,R03,testing,01,337,1,1.0,0.9999999999999998,1.0,0.99813445833944,0.03547174111008644
ONE,R03,testing,01,338,1,1.0,0.9999999999999998,1.0,0.9983000576526938,0.03441331535577774
ONE,R03,testing,01,339,1,1.0,0.9999999999999998,1.0,0.9984579802595297,0.03481409698724747
ONE,R03,testing,01,340,1,1.0,0.9999999999999998,1.0,0.9986082225082971,0.03423181176185608
ONE,R03,testing,01,341,1,1.0,0.9999999999999998,1.0,0.9987507809245809,0.034902654588222504
ONE,R03,testing,01,342,1,1.0,0.9999999999999998,1.0,0.9988856522113353,0.03430008888244629
ONE,R03,testing,01,343,1,1.0,0.9999999999999998,1.0,0.9990128332490111,0.03452208638191223
ONE,R03,testing,01,344,1,1.0,0.9999999999999998,1.0,0.9991323210956756,0.03461219742894173
ONE,R03,testing,01,345,1,1.0,0.9999999999999998,1.0,0.9992441129871261,0.03531529754400253
ONE,R03,testing,01,346,1,1.0,0.9999999999999998,1.0,0.9993482063369968,0.035038646310567856
ONE,R03,testing,01,347,1,1.0,0.9999999999999998,1.0,0.9994445987368581,0.0356280691921711
ONE,R03,testing,01,348,1,1.0,0.9999999999999998,1.0,0.9995332879563098,0.035398099571466446
ONE,R03,testing,01,349,1,1.0,0.9999999999999998,1.0,0.9996142719430671,0.03544082120060921
ONE,R03,testing,01,350,1,1.0,0.9999999999999998,1.0,0.9996875488230391,0.0362996943295002
ONE,R03,testing,01,351,1,1.0,0.9999999999999998,1.0,0.9997531169004024,0.0353231243789196
ONE,R03,testing,01,352,1,1.0,1.0000000000000002,1.0,0.9998109746576651,0.03489123657345772
ONE,R03,testing,01,353,1,1.0,1.0000000000000002,1.0,0.9998611207557263,0.03469556197524071
ONE,R03,testing,01,354,1,1.0,1.0000000000000002,1.0,0.9999035540339273,0.038095396012067795
ONE,R03,testing,01,355,1,1.0,1.0000000000000002,1.0,0.9999382735100965,0.03723466396331787
ONE,R03,testing,01,356,1,1.0,1.0000000000000002,1.0,0.9999652783805871,0.03764729201793671
ONE,R03,testing,01,357,1,1.0,1.0000000000000002,1.0,0.9999845680203088,0.037602998316287994
ONE,R03,testing,01,358,1,1.0,1.0000000000000002,1.0,0.9999961419827508,0.037450842559337616
ONE,R03,testing,01,359,1,1.0,1.0000000000000002,1.0,1.0,0.03747015818953514
ONE,R03,testing,01,360,1,1.0,1.0000000000000002,1.0,0.9999961419827508,0.03490638732910156
ONE,R03,testing,01,361,1,1.0,1.0000000000000002,1.0,0.9999845680203088,0.03525279089808464
ONE,R03,testing,01,362,1,1.0,1.0000000000000002,1.0,0.9999652783805871,0.0345497764647007
ONE,R03,testing,01,363,1,1.0,1.0000000000000002,1.0,0.9999382735100965,0.034892722964286804
ONE,R03,testing,01,364,1,1.0,1.0000000000000002,1.0,0.9999035540339273,0.03466688469052315
ONE,R03,testing,01,365,1,1.0,1.0000000000000002,1.0,0.9998611207557263,0.034502703696489334
ONE,R03,testing,01,366,1,1.0,1.0000000000000002,1.0,0.9998109746576651,0.035371266305446625
ONE,R03,testing,01,367,1,1.0,1.0000000000000002,1.0,0.9997531169004024,0.03601223602890968
ONE,R03,testing,01,368,1,1.0,1.0,1.0,0.9996875488230391,0.036377884447574615
ONE,R03,testing,01,369,1,1.0,1.0,1.0,0.9996142719430671,0.03718864917755127
ONE,R03,testing,01,370,1,1.0,1.0,1.0,0.9995332879563098,0.03578076511621475
ONE,R03,testing,01,371,1,1.0,1.0,1.0,0.9994445987368581,0.03526049852371216
ONE,R03,testing,01,372,1,1.0,1.0,1.0,0.9993482063369968,0.03376956284046173
ONE,R03,testing,01,373,1,1.0,1.0,1.0,0.9992441129871261,0.034447524696588516
ONE,R03,testing,01,374,1,1.0,1.0,1.0,0.9991323210956756,0.035398684442043304
ONE,R03,testing,01,375,1,1.0,1.0,1.0,0.9990128332490111,0.035310789942741394
ONE,R03,testing,01,376,1,1.0,1.0,1.0,0.9988856522113353,0.03389789164066315
ONE,R03,testing,01,377,1,1.0,1.0,1.0,0.9987507809245809,0.03412164747714996
ONE,R03,testing,01,378,1,1.0,1.0,1.0,0.9986082225082971,0.03618776425719261
ONE,R03,testing,01,379,1,1.0,1.0,1.0,0.9984579802595297,0.03668169304728508
ONE,R03,testing,01,380,1,1.0,1.0,1.0,0.9983000576526938,0.038407035171985626
ONE,R03,testing,01,381,1,1.0,1.0,1.0,0.99813445833944,0.03850364685058594
ONE,R03,testing,01,382,1,1.0,1.0,1.0,0.9979611861485135,0.03773502632975578
ONE,R03,testing,01,383,1,1.0,1.0,1.0,0.9977802450856064,0.036152202636003494
ONE,R03,testing,01,384,1,1.0,1.0,1.0,0.9975916393332042,0.038252655416727066
ONE,R03,testing,01,385,1,1.0,1.0,1.0,0.9973953732504234,0.03671889752149582
ONE,R03,testing,01,386,1,1.0,1.0,1.0,0.9971914513728449,0.036578353494405746
ONE,R03,testing,01,387,1,1.0,1.0,1.0,0.9969798784123383,0.03671042621135712
ONE,R03,testing,01,388,1,1.0,1.0,1.0,0.9967606592568807,0.03747403249144554
ONE,R03,testing,01,389,1,1.0,1.0,1.0,0.9965337989703691,0.03633372113108635
ONE,R03,testing,01,390,1,1.0,1.0,1.0,0.9962993027924245,0.03725578263401985
ONE,R03,testing,01,391,1,1.0,1.0,1.0,0.9960571761381909,0.03673211485147476
ONE,R03,testing,01,392,1,1.0,1.0,1.0,0.9958074245981265,0.035528913140296936
ONE,R03,testing,01,393,1,1.0,1.0,1.0,0.995550053937789,0.03601610288023949
ONE,R03,testing,01,394,1,1.0,1.0,1.0,0.9952850700976129,0.034424297511577606
ONE,R03,testing,01,395,1,1.0,1.0,1.0,0.9950124791926823,0.034787870943546295
ONE,R03,testing,01,396,1,1.0,1.0,1.0,0.9947322875124944,0.03444111347198486
ONE,R03,testing,01,397,1,1.0,1.0,1.0,0.9944445015207186,0.035613637417554855
ONE,R03,testing,01,398,1,1.0,1.0,1.0,0.9941491278549472,0.03730307146906853
ONE,R03,testing,01,399,1,1.0,1.0,1.0,0.9938461733264412,0.03782464936375618
ONE,R03,testing,01,400,1,1.0,1.0,1.0,0.9935356449198672,0.040376923978328705
ONE,R03,testing,01,401,1,1.0,1.0,1.0,0.9932175497930307,0.03942769765853882
ONE,R03,testing,01,402,1,1.0,1.0,1.0,0.9928918952765993,0.037327930331230164
ONE,R03,testing,01,403,1,1.0,1.0,1.0,0.9925586888738226,0.037644367665052414
ONE,R03,testing,01,404,1,1.0,1.0,1.0,0.9922179382602435,0.03762705996632576
ONE,R03,testing,01,405,1,1.0,1.0,1.0,0.9918696512834033,0.037396423518657684
ONE,R03,testing,01,406,1,1.0,1.0,1.0,0.991513835962541,0.03610251843929291
ONE,R03,testing,01,407,1,1.0,1.0,1.0,0.9911505004882849,0.03677910193800926
ONE,R03,testing,01,408,1,1.0,1.0,1.0,0.9907796532223391,0.03706204891204834
ONE,R03,testing,01,409,1,1.0,1.0,1.0,0.9904013026971623,0.036191511899232864
ONE,R03,testing,01,410,1,1.0,1.0,1.0,0.9900154576156409,0.035335443913936615
ONE,R03,testing,01,411,1,1.0,1.0,1.0,0.9896221268507549,0.036030709743499756
ONE,R03,testing,01,412,1,1.0,1.0,1.0,0.9892213194452385,0.03389282152056694
ONE,R03,testing,01,413,1,1.0,1.0,1.0,0.9888130446112331,0.033447183668613434
ONE,R03,testing,01,414,1,1.0,1.0,1.0,0.9883973117299345,0.034921981394290924
ONE,R03,testing,01,415,1,1.0,1.0,1.0,0.9879741303512339,0.03449530154466629
ONE,R03,testing,01,416,1,1.0,1.0,1.0,0.9875435101933521,0.03586199879646301
ONE,R03,testing,01,417,1,1.0,1.0,1.0,0.9871054611424676,0.03596619516611099
ONE,R03,testing,01,418,1,1.0,1.0,1.0,0.986659993252338,0.03536355122923851
ONE,R03,testing,01,419,1,1.0,1.0,1.0,0.9862071167439163,0.03528505936264992
ONE,R03,testing,01,420,1,1.0,1.0,1.0,0.9857468420049589,0.03632577881217003
ONE,R03,testing,01,421,1,1.0,1.0,1.0,0.9852791795896296,0.038068920373916626
ONE,R03,testing,01,422,1,1.0,1.0,1.0,0.9848041402180955,0.03844175860285759
ONE,R03,testing,01,423,1,1.0,1.0,1.0,0.9843217347761178,0.038271237164735794
ONE,R03,testing,01,424,1,1.0,1.0,1.0,0.983831974314636,0.03857223689556122
ONE,R03,testing,01,425,1,1.0,1.0,1.0,0.983334870049346,0.037134554237127304
ONE,R03,testing,01,426,1,1.0,1.0,1.0,0.982830433360272,0.03717837110161781
ONE,R03,testing,01,427,1,1.0,1.0,1.0,0.9823186757913324,0.039410341531038284
ONE,R03,testing,01,428,1,1.0,1.0,1.0,0.9817996090498994,0.03834190592169762
ONE,R03,testing,01,429,1,1.0,1.0,1.0,0.9812732450063528,0.037308476865291595
ONE,R03,testing,01,430,1,1.0,1.0,1.0,0.9807395956936276,0.03728453814983368
ONE,R03,testing,01,431,1,1.0,1.0,1.0,0.9801986733067553,0.0374421626329422
ONE,R03,testing,01,432,1,1.0,1.0,1.0,0.9796504902023999,0.037359289824962616
ONE,R03,testing,01,433,1,1.0,1.0,1.0,0.979095058898387,0.03671149164438248
ONE,R03,testing,01,434,1,1.0,1.0,1.0,0.9785323920732278,0.037077829241752625
ONE,R03,testing,01,435,1,1.0,1.0,1.0,0.9779625025656367,0.03859054297208786
ONE,R03,testing,01,436,1,1.0,1.0,1.0,0.9773854033740429,0.03539465740323067
ONE,R03,testing,01,437,1,1.0,1.0,1.0,0.9768011076560966,0.03628218546509743
ONE,R03,testing,01,438,1,1.0,1.0,1.0,0.9762096287281689,0.03571972995996475
ONE,R03,testing,01,439,1,1.0,1.0,1.0,0.9756109800648459,0.03655087947845459
ONE,R03,testing,01,440,1,1.0,1.0,1.0,0.9750051752984178,0.03912590071558952
ONE,R03,testing,01,441,1,1.0,1.0,1.0,0.9743922282183606,0.037320565432310104
ONE,R03,testing,01,442,1,1.0,1.0,1.0,0.9737721527708137,0.037247709929943085
ONE,R03,testing,01,443,1,1.0,1.0,1.0,0.973144963058051,0.0399080254137516
ONE,R03,testing,01,444,1,1.0,1.0,1.0,0.9725106733379463,0.041259270161390305
ONE,R03,testing,01,445,1,1.0,1.0,1.0,0.9718692980234331,0.04148343205451965
ONE,R03,testing,01,446,1,1.0,1.0,1.0,0.9712208516819594,0.04056897759437561
ONE,R03,testing,01,447,1,1.0,1.0,1.0,0.9705653490349352,0.04378366842865944
ONE,R03,testing,01,448,1,1.0,1.0,0.9999999999999999,0.9699028049571768,0.04421016201376915
ONE,R03,testing,01,449,1,1.0,1.0,0.9999999999999999,0.969233234476344,0.04521000757813454
ONE,R03,testing,01,450,1,1.0,1.0,0.9999999999999999,0.9685566527723711,0.0420243926346302
ONE,R03,testing,01,451,1,1.0,1.0,0.9999999999999999,0.9678730751768949,0.043430548161268234
ONE,R03,testing,01,452,1,1.0,1.0,0.9999999999999999,0.9671825171726749,0.04200797528028488
ONE,R03,testing,01,453,1,1.0,1.0,0.9999999999999999,0.966484994393009,0.039751436561346054
ONE,R03,testing,01,454,1,1.0,1.0,0.9999999999999999,0.9657805226211439,0.037983838468790054
ONE,R03,testing,01,455,1,1.0,1.0,0.9999999999999999,0.9650691177896803,0.03760663792490959
ONE,R03,testing,01,456,1,1.0,1.0,0.9999999999999999,0.9643507959799719,0.0366656593978405
ONE,R03,testing,01,457,1,1.0,1.0,0.9999999999999999,0.96362557342152,0.044835351407527924
ONE,R03,testing,01,458,1,1.0,1.0,0.9999999999999999,0.9628934664913626,0.03878766670823097
ONE,R03,testing,01,459,1,1.0,1.0,0.9999999999999999,0.9621544917134579,0.0376148596405983
ONE,R03,testing,01,460,1,1.0,1.0,0.9999999999999999,0.961408665758063,0.03779393061995506
ONE,R03,testing,01,461,1,1.0,1.0,0.9999999999999999,0.9606560054411075,0.03548896312713623
ONE,R03,testing,01,462,1,1.0,1.0,0.9999999999999999,0.9598965277235613,0.03722396492958069
ONE,R03,testing,01,463,1,1.0,1.0,0.9999999999999999,0.9591302497107982,0.035340938717126846
ONE,R03,testing,01,464,1,1.0,0.9999999999999999,1.0,0.9583571886519542,0.031890902668237686
ONE,R03,testing,01,465,1,1.0,0.9999999999999999,1.0,0.9575773619392797,0.031914688646793365
ONE,R03,testing,01,466,1,1.0,0.9999999999999999,1.0,0.9567907871074882,0.02977125160396099
ONE,R03,testing,01,467,1,1.0,0.9999999999999999,1.0,0.9559974818331,0.032348427921533585
ONE,R03,testing,01,468,1,1.0,0.9999999999999999,1.0,0.9551974639337787,0.035124678164720535
ONE,R03,testing,01,469,1,1.0,0.9999999999999999,1.0,0.9543907513676662,0.038209740072488785
ONE,R03,testing,01,470,1,1.0,0.9999999999999999,1.0,0.9535773622327101,0.03934232145547867
ONE,R03,testing,01,471,1,1.0,0.9999999999999999,1.0,0.9527573147659877,0.04453633353114128
ONE,R03,testing,01,472,1,1.0,0.9999999999999999,1.0,0.9519306273430245,0.051455944776535034
ONE,R03,testing,01,473,1,1.0,0.9999999999999999,1.0,0.9510973184771084,0.04985954239964485
ONE,R03,testing,01,474,1,1.0,0.9999999999999999,1.0,0.9502574068185994,0.05615006014704704
ONE,R03,testing,01,475,1,1.0,0.9999999999999999,1.0,0.9494109111542335,0.055604688823223114
ONE,R03,testing,01,476,1,1.0,0.9999999999999999,1.0,0.948557850406423,0.05436931550502777
ONE,R03,testing,01,477,1,1.0,0.9999999999999999,1.0,0.9476982436325522,0.05546765401959419
ONE,R03,testing,01,478,1,1.0,0.9999999999999999,1.0,0.9468321100242679,0.057959917932748795
ONE,R03,testing,01,479,1,1.0,0.9999999999999999,1.0,0.9459594689067654,0.05810818448662758
ONE,R03,testing,01,480,1,1.0,1.0,1.0,0.945080339738071,0.05536670610308647
ONE,R03,testing,01,481,1,1.0,1.0,1.0,0.9441947421083187,0.057165440171957016
ONE,R03,testing,01,482,1,1.0,1.0,1.0,0.943302695739023,0.052411939948797226
ONE,R03,testing,01,483,1,1.0,1.0,1.0,0.942404220482348,0.05456005036830902
ONE,R03,testing,01,484,1,1.0,1.0,1.0,0.9414993363203707,0.05460211634635925
ONE,R03,testing,01,485,1,1.0,1.0,1.0,0.9405880633643421,0.050273049622774124
ONE,R03,testing,01,486,1,1.0,1.0,1.0,0.939670421853941,0.047553110867738724
ONE,R03,testing,01,487,1,1.0,1.0,1.0,0.938746432156527,0.04519720375537872
ONE,R03,testing,01,488,1,1.0,1.0,1.0,0.9378161147663866,0.039702143520116806
ONE,R03,testing,01,489,1,1.0,1.0,1.0,0.9368794903039763,0.0406743623316288
ONE,R03,testing,01,490,1,1.0,1.0,1.0,0.9359365795151621,0.03933604806661606
ONE,R03,testing,01,491,1,1.0,1.0,1.0,0.9349874032704532,0.041032809764146805
ONE,R03,testing,01,492,1,1.0,1.0,1.0,0.9340319825642336,0.03963582217693329
ONE,R03,testing,01,493,1,1.0,1.0,1.0,0.9330703385139887,0.03662244230508804
ONE,R03,testing,01,494,1,1.0,1.0,1.0,0.9321024923595276,0.0367724634706974
ONE,R03,testing,01,495,1,1.0,1.0,1.0,0.9311284654622024,0.03558860719203949
ONE,R03,testing,01,496,1,1.0,1.0,1.0,0.9301482793041232,0.034166526049375534
ONE,R03,testing,01,497,1,1.0,1.0,1.0,0.9291619554873688,0.034506265074014664
ONE,R03,testing,01,498,1,1.0,1.0,1.0,0.9281695157331943,0.03682231158018112
ONE,R03,testing,01,499,1,1.0,1.0,1.0,0.9271709818812349,0.036087408661842346
ONE,R03,testing,01,500,1,1.0,1.0,1.0,0.9261663758887055,0.03385191038250923
ONE,R03,testing,01,501,1,1.0,1.0,1.0,0.9251557198295968,0.03450462222099304
ONE,R03,testing,01,502,1,1.0,1.0,1.0,0.924139035893868,0.03692301735281944
ONE,R03,testing,01,503,1,1.0,1.0,1.0,0.9231163463866358,0.036046065390110016
ONE,R03,testing,01,504,1,1.0,1.0,1.0,0.9220876737273597,0.03597726300358772
ONE,R03,testing,01,505,1,1.0,1.0,1.0,0.9210530404490238,0.03789934143424034
ONE,R03,testing,01,506,1,1.0,1.0,1.0,0.9200124691973156,0.036856863647699356
ONE,R03,testing,01,507,1,1.0,1.0,1.0,0.9189659827298006,0.03872605413198471
ONE,R03,testing,01,508,1,1.0,1.0,1.0,0.9179136039150939,0.03741562366485596
ONE,R03,testing,01,509,1,1.0,1.0,1.0,0.9168553557320289,0.03698132559657097
ONE,R03,testing,01,510,1,1.0,1.0,1.0,0.9157912612688219,0.03665301203727722
ONE,R03,testing,01,511,1,1.0,1.0,1.0,0.9147213437222339,0.036186616867780685
ONE,R03,testing,01,512,1,1.0,1.0000000000000002,1.0,0.913645626396729,0.03552842512726784
ONE,R03,testing,01,513,1,1.0,1.0000000000000002,1.0,0.9125641327036298,0.03605758026242256
ONE,R03,testing,01,514,1,1.0,1.0000000000000002,1.0,0.9114768861602699,0.03830097243189812
ONE,R03,testing,01,515,1,1.0,1.0000000000000002,1.0,0.9103839103891423,0.0382511205971241
ONE,R03,testing,01,516,1,1.0,1.0000000000000002,1.0,0.9092852291170462,0.03722560405731201
ONE,R03,testing,01,517,1,1.0,1.0000000000000002,1.0,0.9081808661742297,0.03522532805800438
ONE,R03,testing,01,518,1,1.0,1.0000000000000002,1.0,0.9070708454935298,0.037291910499334335
ONE,R03,testing,01,519,1,1.0,1.0000000000000002,1.0,0.9059551911095096,0.03727560490369797
ONE,R03,testing,01,520,1,1.0,1.0000000000000002,1.0,0.904833927157593,0.038045261055231094
ONE,R03,testing,01,521,1,1.0,1.0000000000000002,1.0,0.903707077873196,0.03779301792383194
ONE,R03,testing,01,522,1,1.0,1.0000000000000002,1.0,0.902574667590855,0.03549274429678917
ONE,R03,testing,01,523,1,1.0,1.0000000000000002,1.0,0.9014367207433535,0.03602303937077522
ONE,R03,testing,01,524,1,1.0,1.0000000000000002,1.0,0.9002932618608444,0.03494282066822052
ONE,R03,testing,01,525,1,1.0,1.0000000000000002,1.0,0.8991443155699715,0.033497270196676254
ONE,R03,testing,01,526,1,1.0,1.0000000000000002,1.0,0.8979899065929876,0.03280915319919586
ONE,R03,testing,01,527,1,1.0,1.0000000000000002,1.0,0.8968300597468688,0.0346858873963356
ONE,R03,testing,01,528,1,1.0,1.0,1.0,0.8956647999424285,0.03388388827443123
ONE,R03,testing,01,529,1,1.0,1.0,1.0,0.8944941521834278,0.0337509959936142
ONE,R03,testing,01,530,1,1.0,1.0,1.0,0.8933181415656826,0.033886805176734924
ONE,R03,testing,01,531,1,1.0,1.0,1.0,0.8921367932761702,0.035565558820962906
ONE,R03,testing,01,532,1,1.0,1.0,1.0,0.8909501325921324,0.03515426814556122
ONE,R03,testing,01,533,1,1.0,1.0,1.0,0.8897581848801761,0.034837059676647186
ONE,R03,testing,01,534,1,1.0,1.0,1.0,0.8885609755953723,0.034250158816576004
ONE,R03,testing,01,535,1,1.0,1.0,1.0,0.8873585302803527,0.033804286271333694
ONE,R03,testing,01,536,1,1.0,1.0,1.0,0.8861508745644039,0.033637452870607376
ONE,R03,testing,01,537,1,1.0,1.0,1.0,0.8849380341625597,0.034235402941703796
ONE,R03,testing,01,538,1,1.0,1.0,1.0,0.8837200348746912,0.03532148152589798
ONE,R03,testing,01,539,1,1.0,1.0,1.0,0.8824969025845955,0.032412800937891006
ONE,R03,testing,01,540,1,1.0,1.0,1.0,0.8812686632590806,0.036487236618995667
ONE,R03,testing,01,541,1,1.0,1.0,1.0,0.8800353429470512,0.036928169429302216
ONE,R03,testing,01,542,1,1.0,1.0,1.0,0.8787969677785897,0.03545338287949562
ONE,R03,testing,01,543,1,1.0,1.0,1.0,0.8775535639640376,0.03573966398835182
ONE,R03,testing,01,544,1,1.0,1.0,1.0,0.8763051577930734,0.035949382930994034
ONE,R03,testing,01,545,1,1.0,1.0,1.0,0.8750517756337903,0.03629143908619881
ONE,R03,testing,01,546,1,1.0,1.0,1.0,0.8737934439317707,0.037225741893053055
ONE,R03,testing,01,547,1,1.0,1.0,1.0,0.8725301892091603,0.03543088212609291
ONE,R03,testing,01,548,1,1.0,1.0,1.0,0.8712620380637395,0.036440409719944
ONE,R03,testing,01,549,1,1.0,1.0,1.0,0.869989017167994,0.035647209733724594
ONE,R03,testing,01,550,1,1.0,1.0,1.0,0.8687111532681842,0.03475400060415268
ONE,R03,testing,01,551,1,1.0,1.0,1.0,0.8674284731834108,0.035286273807287216
ONE,R03,testing,01,552,1,1.0,1.0,1.0,0.8661410038046827,0.037893153727054596
ONE,R03,testing,01,553,1,1.0,1.0,1.0,0.8648487720939803,0.03514500707387924
ONE,R03,testing,01,554,1,1.0,1.0,1.0,0.8635518050833184,0.03569161519408226
ONE,R03,testing,01,555,1,1.0,1.0,1.0,0.8622501298738093,0.0374305360019207
ONE,R03,testing,01,556,1,1.0,1.0,1.0,0.8609437736347221,0.037178874015808105
ONE,R03,testing,01,557,1,1.0,1.0,1.0,0.8596327636025423,0.03702377527952194
ONE,R03,testing,01,558,1,1.0,1.0,1.0,0.8583171270800304,0.03807935118675232
ONE,R03,testing,01,559,1,1.0,1.0,1.0,0.8569968914352789,0.03611459955573082
ONE,R03,testing,01,560,1,1.0,1.0,0.9999999999999999,0.8556720841007677,0.03472109138965607
ONE,R03,testing,01,561,1,1.0,1.0,0.9999999999999999,0.8543427325724197,0.03494296222925186
ONE,R03,testing,01,562,1,1.0,1.0,0.9999999999999999,0.8530088644086544,0.03353312611579895
ONE,R03,testing,01,563,1,1.0,1.0,0.9999999999999999,0.8516705072294408,0.034388136118650436
ONE,R03,testing,01,564,1,1.0,1.0,0.9999999999999999,0.85032768871535,0.035887304693460464
ONE,R03,testing,01,565,1,1.0,1.0,0.9999999999999999,0.8489804366066058,0.0363592728972435
ONE,R03,testing,01,566,1,1.0,1.0,0.9999999999999999,0.8476287787021357,0.03535427525639534
ONE,R03,testing,01,567,1,1.0,1.0,0.9999999999999999,0.8462727428586202,0.03570801392197609
ONE,R03,testing,01,568,1,1.0,1.0,0.9999999999999999,0.844912356989542,0.03356237709522247
ONE,R03,testing,01,569,1,1.0,1.0,0.9999999999999999,0.8435476490642344,0.03665943071246147
ONE,R03,testing,01,570,1,1.0,1.0,0.9999999999999999,0.8421786471069284,0.03563498333096504
ONE,R03,testing,01,571,1,1.0,1.0,0.9999999999999999,0.8408053791958005,0.03486144542694092
ONE,R03,testing,01,572,1,1.0,1.0,0.9999999999999999,0.8394278734620186,0.03522199019789696
ONE,R03,testing,01,573,1,1.0,1.0,0.9999999999999999,0.838046158088789,0.03426920622587204
ONE,R03,testing,01,574,1,1.0,1.0,0.9999999999999999,0.8366602613104008,0.032449133694171906
ONE,R03,testing,01,575,1,1.0,1.0,0.9999999999999999,0.8352702114112719,0.032374728471040726
ONE,R03,testing,01,576,1,1.0,0.9999999999999999,1.0,0.8338760367249939,0.03378881886601448
ONE,R03,testing,01,577,1,1.0,0.9999999999999999,1.0,0.8324777656333757,0.034935981035232544
ONE,R03,testing,01,578,1,1.0,0.9999999999999999,1.0,0.8310754265654894,0.033522531390190125
ONE,R03,testing,01,579,1,1.0,0.9999999999999999,1.0,0.8296690479967127,0.0342552624642849
ONE,R03,testing,01,580,1,1.0,0.9999999999999999,1.0,0.8282586584477739,0.03227144852280617
ONE,R03,testing,01,581,1,1.0,0.9999999999999999,1.0,0.826844286483795,0.032610297203063965
ONE,R03,testing,01,582,1,1.0,0.9999999999999999,1.0,0.8254259607133358,0.03296475484967232
ONE,R03,testing,01,583,1,1.0,0.9999999999999999,1.0,0.8240037097874372,0.03426053002476692
ONE,R03,testing,01,584,1,1.0,0.9999999999999999,1.0,0.8225775623986646,0.03296760469675064
ONE,R03,testing,01,585,1,1.0,0.9999999999999999,1.0,0.8211475472801523,0.0336601659655571
ONE,R03,testing,01,586,1,1.0,0.9999999999999999,1.0,0.8197136932046464,0.035046208649873734
ONE,R03,testing,01,587,1,1.0,0.9999999999999999,1.0,0.8182760289835492,0.03506290167570114
ONE,R03,testing,01,588,1,1.0,0.9999999999999999,1.0,0.8168345834659632,0.03441593050956726
ONE,R03,testing,01,589,1,1.0,0.9999999999999999,1.0,0.8153893855377349,0.03335662558674812
ONE,R03,testing,01,590,1,1.0,0.9999999999999999,1.0,0.8139404641204998,0.034184809774160385
ONE,R03,testing,01,591,1,1.0,0.9999999999999999,1.0,0.8124878481707274,0.03480558842420578
ONE,R03,testing,01,592,1,1.0,1.0,0.9999999999999999,0.8110315666787654,0.034126341342926025
ONE,R03,testing,01,593,1,1.0,1.0,0.9999999999999999,0.8095716486678868,0.034861914813518524
ONE,R03,testing,01,594,1,1.0,1.0,0.9999999999999999,0.8081081231933344,0.03403082117438316
ONE,R03,testing,01,595,1,1.0,1.0,0.9999999999999999,0.8066410193413681,0.03390544652938843
ONE,R03,testing,01,596,1,1.0,1.0,0.9999999999999999,0.8051703662283121,0.03317751735448837
ONE,R03,testing,01,597,1,1.0,1.0,0.9999999999999999,0.8036961929996016,0.033925846219062805
ONE,R03,testing,01,598,1,1.0,1.0,0.9999999999999999,0.8022185288288323,0.03341834992170334
ONE,R03,testing,01,599,1,1.0,1.0,0.9999999999999999,0.800737402916808,0.03472921624779701
ONE,R03,testing,01,600,1,1.0,1.0,0.9999999999999999,0.7992528444905906,0.03379916027188301
ONE,R03,testing,01,601,1,1.0,1.0,0.9999999999999999,0.797764882802551,0.03327769786119461
ONE,R03,testing,01,602,1,1.0,1.0,0.9999999999999999,0.7962735471294192,0.0338287428021431
ONE,R03,testing,01,603,1,1.0,1.0,0.9999999999999999,0.7947788667713367,0.03312437981367111
ONE,R03,testing,01,604,1,1.0,1.0,0.9999999999999999,0.7932808710509093,0.03305520489811897
ONE,R03,testing,01,605,1,1.0,1.0,0.9999999999999999,0.7917795893122604,0.03179329261183739
ONE,R03,testing,01,606,1,1.0,1.0,0.9999999999999999,0.7902750509200864,0.031689610332250595
ONE,R03,testing,01,607,1,1.0,1.0,0.9999999999999999,0.7887672852587112,0.03304559364914894
ONE,R03,testing,01,608,1,1.0,0.9999999999999999,0.9429082597083381,0.7423104882679005,0.03351038321852684
ONE,R03,testing,01,609,1,1.0,0.9999999999999999,0.9429082597083381,0.7408828007242624,0.0325140617787838
ONE,R03,testing,01,610,1,1.0,0.9999999999999999,0.9429082597083381,0.7394521533841593,0.03151674568653107
ONE,R03,testing,01,611,1,1.0,0.9999999999999999,0.9429082597083381,0.7380185740194583,0.031801775097846985
ONE,R03,testing,01,612,1,1.0,0.9999999999999999,0.9429082597083381,0.7365820904160973,0.030630389228463173
ONE,R03,testing,01,613,1,1.0,0.9999999999999999,0.9429082597083381,0.7351427303732007,0.031005859375
ONE,R03,testing,01,614,1,1.0,0.9999999999999999,0.9429082597083381,0.7337005217021964,0.030390353873372078
ONE,R03,testing,01,615,1,1.0,0.9999999999999999,0.9429082597083381,0.7322554922259346,0.030119191855192184
ONE,R03,testing,01,616,1,1.0,0.9999999999999999,0.9429082597083381,0.7308076697778072,0.032152723520994186
ONE,R03,testing,01,617,1,1.0,0.9999999999999999,0.9429082597083381,0.729357082200869,0.033643484115600586
ONE,R03,testing,01,618,1,1.0,0.9999999999999999,0.9429082597083381,0.7279037573469602,0.032805562019348145
ONE,R03,testing,01,619,1,1.0,0.9999999999999999,0.9429082597083381,0.7264477230758299,0.03437810018658638
ONE,R03,testing,01,620,1,1.0,0.9999999999999999,0.9429082597083381,0.7249890072542614,0.031261883676052094
ONE,R03,testing,01,621,1,1.0,0.9999999999999999,0.9429082597083381,0.723527637755199,0.03184613212943077
ONE,R03,testing,01,622,1,1.0,0.9999999999999999,0.9429082597083381,0.7220636424568765,0.03262311965227127
ONE,R03,testing,01,623,1,1.0,0.9999999999999999,0.9429082597083381,0.7205970492419463,0.03230033814907074
ONE,R03,testing,01,624,1,1.0,1.0,0.8819822938382925,0.6726614767915633,0.03249165788292885
ONE,R03,testing,01,625,1,1.0,1.0,0.8819822938382925,0.6712848655681634,0.032275956124067307
ONE,R03,testing,01,626,1,1.0,1.0,0.8819822938382925,0.6699059025521286,0.030203837901353836
ONE,R03,testing,01,627,1,1.0,1.0,0.8819822938382925,0.6685246138328996,0.03051026724278927
ONE,R03,testing,01,628,1,1.0,1.0,0.8819822938382925,0.6671410255000032,0.030770042911171913
ONE,R03,testing,01,629,1,1.0,1.0,0.8819822938382925,0.6657551636422484,0.03122446872293949
ONE,R03,testing,01,630,1,1.0,1.0,0.8819822938382925,0.6643670543469228,0.030794726684689522
ONE,R03,testing,01,631,1,1.0,1.0,0.8819822938382925,0.662976723698992,0.03090832568705082
ONE,R03,testing,01,632,1,1.0,1.0,0.8819822938382925,0.6615841977802995,0.03052223101258278
ONE,R03,testing,01,633,1,1.0,1.0,0.8819822938382925,0.6601895026687706,0.03178124874830246
ONE,R03,testing,01,634,1,1.0,1.0,0.8819822938382925,0.6587926644376146,0.03157249465584755
ONE,R03,testing,01,635,1,1.0,1.0,0.8819822938382925,0.6573937091545324,0.030938412994146347
ONE,R03,testing,01,636,1,1.0,1.0,0.8819822938382925,0.6559926628809234,0.03041134960949421
ONE,R03,testing,01,637,1,1.0,1.0,0.8819822938382925,0.6545895516710964,0.0316256619989872
ONE,R03,testing,01,638,1,1.0,1.0,0.8819822938382925,0.6531844015714807,0.03228520229458809
ONE,R03,testing,01,639,1,1.0,1.0,0.8819822938382925,0.65177723861984,0.03182767704129219
ONE,R03,testing,01,640,1,1.0,1.0,0.8176115364082563,0.6029015050142688,0.03205789998173714
ONE,R03,testing,01,641,1,1.0,1.0,0.8176115364082563,0.6015933831866342,0.031903963536024094
ONE,R03,testing,01,642,1,1.0,1.0,0.8176115364082563,0.6002834677701345,0.03185927867889404
ONE,R03,testing,01,643,1,1.0,1.0,0.8176115364082563,0.5989717828628062,0.0324755497276783
ONE,R03,testing,01,644,1,1.0,1.0,0.8176115364082563,0.5976583525510372,0.03144119307398796
ONE,R03,testing,01,645,1,1.0,1.0,0.8176115364082563,0.5963432009088503,0.030442820861935616
ONE,R03,testing,01,646,1,1.0,1.0,0.8176115364082563,0.5950263519971872,0.02970002591609955
ONE,R03,testing,01,647,1,1.0,1.0,0.8176115364082563,0.5937078298631964,0.029629195109009743
ONE,R03,testing,01,648,1,1.0,1.0,0.8176115364082563,0.5923876585395214,0.030468646436929703
ONE,R03,testing,01,649,1,1.0,1.0,0.8176115364082563,0.5910658620435927,0.030713770538568497
ONE,R03,testing,01,650,1,1.0,1.0,0.8176115364082563,0.5897424643769208,0.029727062210440636
ONE,R03,testing,01,651,1,1.0,1.0,0.8176115364082563,0.5884174895243914,0.02894705720245838
ONE,R03,testing,01,652,1,1.0,1.0,0.8176115364082563,0.5870909614535641,0.027733197435736656
ONE,R03,testing,01,653,1,1.0,1.0,0.8176115364082563,0.5857629041139717,0.02940872684121132
ONE,R03,testing,01,654,1,1.0,1.0,0.8176115364082563,0.5844333414364224,0.03043726645410061
ONE,R03,testing,01,655,1,1.0,1.0,0.8176115364082563,0.5831022973323053,0.03060176596045494
ONE,R03,testing,01,656,1,1.0,1.0000000000000002,0.7502779307730125,0.5338587080316749,0.03033486194908619
ONE,R03,testing,01,657,1,1.0,1.0000000000000002,0.7502779307730125,0.5326346276765488,0.029976824298501015
ONE,R03,testing,01,658,1,1.0,1.0000000000000002,0.7502779307730125,0.5314092536096008,0.03033348172903061
ONE,R03,testing,01,659,1,1.0,1.0000000000000002,0.7502779307730125,0.5301826076954002,0.03030068799853325
ONE,R03,testing,01,660,1,1.0,1.0000000000000002,0.7502779307730125,0.5289547117775378,0.028936846181750298
ONE,R03,testing,01,661,1,1.0,1.0000000000000002,0.7502779307730125,0.5277255876780009,0.029781421646475792
ONE,R03,testing,01,662,1,1.0,1.0000000000000002,0.7502779307730125,0.5264952571965503,0.03038739040493965
ONE,R03,testing,01,663,1,1.0,1.0000000000000002,0.7502779307730125,0.5252637421101002,0.029469165951013565
ONE,R03,testing,01,664,1,1.0,1.0000000000000002,0.7502779307730125,0.5240310641721,0.03058447130024433
ONE,R03,testing,01,665,1,1.0,1.0000000000000002,0.7502779307730125,0.5227972451119185,0.03119019605219364
ONE,R03,testing,01,666,1,1.0,1.0000000000000002,0.7502779307730125,0.5215623066342308,0.03005804307758808
ONE,R03,testing,01,667,1,1.0,1.0000000000000002,0.7502779307730125,0.5203262704184068,0.02974102273583412
ONE,R03,testing,01,668,1,1.0,1.0000000000000002,0.7502779307730125,0.5190891581179036,0.029799101874232292
ONE,R03,testing,01,669,1,1.0,1.0000000000000002,0.7502779307730125,0.5178509913596582,0.029460836201906204
ONE,R03,testing,01,670,1,1.0,1.0000000000000002,0.7502779307730125,0.5166117917434848,0.029784496873617172
ONE,R03,testing,01,671,1,1.0,1.0000000000000002,0.7502779307730125,0.5153715808414732,0.029214711859822273
ONE,R03,testing,01,672,1,1.0,1.0,0.6805459217126126,0.4663462953140542,0.029927106574177742
ONE,R03,testing,01,673,1,1.0,1.0,0.6805459217126126,0.465219575568246,0.028444046154618263
ONE,R03,testing,01,674,1,1.0,1.0,0.6805459217126126,0.4640919970722269,0.031246008351445198
ONE,R03,testing,01,675,1,1.0,1.0,0.6805459217126126,0.4629635792871455,0.03007427230477333
ONE,R03,testing,01,676,1,1.0,1.0,0.6805459217126126,0.46183434164631054,0.03200390189886093
ONE,R03,testing,01,677,1,1.0,1.0,0.6805459217126126,0.46070430355465997,0.033912837505340576
ONE,R03,testing,01,678,1,1.0,1.0,0.6805459217126126,0.45957348438823187,0.03499968722462654
ONE,R03,testing,01,679,1,1.0,1.0,0.6805459217126126,0.4584419034936377,0.03698599338531494
ONE,R03,testing,01,680,1,1.0,1.0,0.6805459217126126,0.45730958018753826,0.03546879440546036
ONE,R03,testing,01,681,1,1.0,1.0,0.6805459217126126,0.4561765337561222,0.03824099898338318
ONE,R03,testing,01,682,1,1.0,1.0,0.6805459217126126,0.45504278345458643,0.037288982421159744
ONE,R03,testing,01,683,1,1.0,1.0,0.6805459217126126,0.4539083485066194,0.037842266261577606
ONE,R03,testing,01,684,1,1.0,1.0,0.6805459217126126,0.4527732481038869,0.04033467918634415
ONE,R03,testing,01,685,1,1.0,1.0,0.6805459217126126,0.4516375014055206,0.04236197471618652
ONE,R03,testing,01,686,1,1.0,1.0,0.6805459217126126,0.4505011275376082,0.04473469778895378
ONE,R03,testing,01,687,1,1.0,1.0,0.6805459217126126,0.4493641455926872,0.03906518965959549
ONE,R03,testing,01,688,1,1.0,1.0,0.6090486384384382,0.4011364645355198,0.03622518107295036
ONE,R03,testing,01,689,1,1.0,1.0,0.6090486384384382,0.40011789520943547,0.0403803251683712
ONE,R03,testing,01,690,1,1.0,1.0,0.6090486384384382,0.3990988327655811,0.03990831971168518
ONE,R03,testing,01,691,1,1.0,1.0,0.6090486384384382,0.3980792941660662,0.040409911423921585
ONE,R03,testing,01,692,1,1.0,1.0,0.6090486384384382,0.3970592963407419,0.038609106093645096
ONE,R03,testing,01,693,1,1.0,1.0,0.6090486384384382,0.39603885618676193,0.04055091366171837
ONE,R03,testing,01,694,1,1.0,1.0,0.6090486384384382,0.39501799056814557,0.04338391125202179
ONE,R03,testing,01,695,1,1.0,1.0,0.6090486384384382,0.3939967163153427,0.04104692116379738
ONE,R03,testing,01,696,1,1.0,1.0,0.6090486384384382,0.3929750502248018,0.04081108793616295
ONE,R03,testing,01,697,1,1.0,1.0,0.6090486384384382,0.3919530090585399,0.040274687111377716
ONE,R03,testing,01,698,1,1.0,1.0,0.6090486384384382,0.39093060954371545,0.040343884378671646
ONE,R03,testing,01,699,1,1.0,1.0,0.6090486384384382,0.38990786837220304,0.040543198585510254
ONE,R03,testing,01,700,1,1.0,1.0,0.6090486384384382,0.38888480220017124,0.04051825404167175
ONE,R03,testing,01,701,1,1.0,1.0,0.6090486384384382,0.3878614276476627,0.03963511809706688
ONE,R03,testing,01,702,1,1.0,1.0,0.6090486384384382,0.38683776129817604,0.03903629630804062
ONE,R03,testing,01,703,1,1.0,1.0,0.6090486384384382,0.38581381969825157,0.04075281322002411
ONE,R03,testing,01,704,1,1.0,1.0,0.5364708121022926,0.3389358198292381,0.042819492518901825
ONE,R03,testing,01,705,1,1.0,1.0,0.5364708121022926,0.3380334558391897,0.04135555773973465
ONE,R03,testing,01,706,1,1.0,1.0,0.5364708121022926,0.33713089292449067,0.04069456830620766
ONE,R03,testing,01,707,1,1.0,1.0,0.5364708121022926,0.33622814552606956,0.0399073027074337
ONE,R03,testing,01,708,1,1.0,1.0,0.5364708121022926,0.33532522805050613,0.03979984298348427
ONE,R03,testing,01,709,1,1.0,1.0,0.5364708121022926,0.33442215486967947,0.04040201008319855
ONE,R03,testing,01,710,1,1.0,1.0,0.5364708121022926,0.3335189403204183,0.04038379713892937
ONE,R03,testing,08,10,0,1.0,1.0,0.5364708121022927,0.3356973434052479,0.030004942789673805
ONE,R03,testing,08,11,0,1.0,1.0,0.5364708121022927,0.3366340135225715,0.029180055484175682
ONE,R03,testing,08,12,0,1.0,1.0,0.5364708121022927,0.3375704936137587,0.02948865294456482
ONE,R03,testing,08,13,0,1.0,1.0,0.5364708121022927,0.3385067675736207,0.029671309515833855
ONE,R03,testing,08,14,0,1.0,1.0,0.5364708121022927,0.33944281925737557,0.02869066223502159
ONE,R03,testing,08,15,0,1.0,1.0,0.5364708121022927,0.34037863248107586,0.029241520911455154
ONE,R03,testing,08,16,0,1.0,1.0,0.6090486384384382,0.38748975458156365,0.029681295156478882
ONE,R03,testing,08,17,0,1.0,1.0,0.6090486384384382,0.3885515749542596,0.02963864989578724
ONE,R03,testing,08,18,0,1.0,1.0,0.6090486384384382,0.38961306922403277,0.029568083584308624
ONE,R03,testing,08,19,0,1.0,1.0,0.6090486384384382,0.39067421884450604,0.029044272378087044
ONE,R03,testing,08,20,0,1.0,1.0,0.6090486384384382,0.391735005227311,0.030762890353798866
ONE,R03,testing,08,21,0,1.0,1.0,0.6090486384384382,0.3927954097425919,0.030817929655313492
ONE,R03,testing,08,22,0,1.0,1.0,0.6090486384384382,0.39385541371951266,0.02961665578186512
ONE,R03,testing,08,23,0,1.0,1.0,0.6090486384384382,0.39491499844676703,0.029668208211660385
ONE,R03,testing,08,24,0,1.0,1.0,0.6090486384384382,0.39597414517309176,0.029046373441815376
ONE,R03,testing,08,25,0,1.0,1.0,0.6090486384384382,0.39703283510778287,0.030899154022336006
ONE,R03,testing,08,26,0,1.0,1.0,0.6090486384384382,0.398091049421215,0.02905215695500374
ONE,R03,testing,08,27,0,1.0,1.0,0.6090486384384382,0.39914876924536363,0.03017662838101387
ONE,R03,testing,08,28,0,1.0,1.0,0.6090486384384382,0.4002059756743306,0.029555045068264008
ONE,R03,testing,08,29,0,1.0,1.0,0.6090486384384382,0.40126264976487175,0.030273042619228363
ONE,R03,testing,08,30,0,1.0,1.0,0.6090486384384382,0.40231877253692894,0.030107766389846802
ONE,R03,testing,08,31,0,1.0,1.0,0.6090486384384382,0.40337432497416353,0.03143094852566719
ONE,R03,testing,08,32,0,1.0,1.0,0.6805459217126126,0.4519059484179851,0.03084949217736721
ONE,R03,testing,08,33,0,1.0,1.0,0.6805459217126126,0.45308407551908436,0.028609665110707283
ONE,R03,testing,08,34,0,1.0,1.0,0.6805459217126126,0.45426150134944293,0.02952415868639946
ONE,R03,testing,08,35,0,1.0,1.0,0.6805459217126126,0.45543820450423755,0.02868262119591236
ONE,R03,testing,08,36,0,1.0,1.0,0.6805459217126126,0.4566141635411384,0.028838785365223885
ONE,R03,testing,08,37,0,1.0,1.0,0.6805459217126126,0.45778935698092516,0.028679654002189636
ONE,R03,testing,08,38,0,1.0,1.0,0.6805459217126126,0.4589637633081064,0.028722144663333893
ONE,R03,testing,08,39,0,1.0,1.0,0.6805459217126126,0.46013736097154173,0.027864811941981316
ONE,R03,testing,08,40,0,1.0,1.0,0.6805459217126126,0.461310128385067,0.028738168999552727
ONE,R03,testing,08,41,0,1.0,1.0,0.6805459217126126,0.46248204392812337,0.02870304137468338
ONE,R03,testing,08,42,0,1.0,1.0,0.6805459217126126,0.463653085946388,0.028964417055249214
ONE,R03,testing,08,43,0,1.0,1.0,0.6805459217126126,0.4648232327524092,0.027867553755640984
ONE,R03,testing,08,44,0,1.0,1.0,0.6805459217126126,0.46599246262624355,0.028845075517892838
ONE,R03,testing,08,45,0,1.0,1.0,0.6805459217126126,0.46716075381609645,0.02848091907799244
ONE,R03,testing,08,46,0,1.0,1.0,0.6805459217126126,0.4683280845389654,0.02897820621728897
ONE,R03,testing,08,47,0,1.0,1.0,0.6805459217126126,0.4694944329812867,0.02892041578888893
ONE,R03,testing,08,48,0,1.0,1.0000000000000002,0.7502779307730126,0.5188858422981485,0.02844829112291336
ONE,R03,testing,08,49,0,1.0,1.0000000000000002,0.7502779307730126,0.5201694622761294,0.03005167283117771
ONE,R03,testing,08,50,0,1.0,1.0000000000000002,0.7502779307730126,0.5214519269833271,0.029980989173054695
ONE,R03,testing,08,51,0,1.0,1.0000000000000002,0.7502779307730126,0.5227332122434717,0.02975662238895893
ONE,R03,testing,08,52,0,1.0,1.0000000000000002,0.7502779307730126,0.5240132938502097,0.029305798932909966
ONE,R03,testing,08,53,0,1.0,1.0000000000000002,0.7502779307730126,0.5252921475678358,0.02893085777759552
ONE,R03,testing,08,54,0,1.0,1.0000000000000002,0.7502779307730126,0.5265697491320271,0.02936154045164585
ONE,R03,testing,08,55,0,1.0,1.0000000000000002,0.7502779307730126,0.5278460742505797,0.028418216854333878
ONE,R03,testing,08,56,0,1.0,1.0000000000000002,0.7502779307730126,0.5291210986041497,0.02891511097550392
ONE,R03,testing,08,57,0,1.0,1.0000000000000002,0.7502779307730126,0.5303947978469956,0.02869320474565029
ONE,R03,testing,08,58,0,1.0,1.0000000000000002,0.7502779307730126,0.5316671476077246,0.027771325781941414
ONE,R03,testing,08,59,0,1.0,1.0000000000000002,0.7502779307730126,0.5329381234900414,0.027156146243214607
ONE,R03,testing,08,60,0,1.0,1.0000000000000002,0.7502779307730126,0.5342077010734998,0.02833222784101963
ONE,R03,testing,08,61,0,1.0,1.0000000000000002,0.7502779307730126,0.5354758559142573,0.02785639464855194
ONE,R03,testing,08,62,0,1.0,1.0000000000000002,0.7502779307730126,0.5367425635458324,0.028746675699949265
ONE,R03,testing,08,63,0,1.0,1.0000000000000002,0.7502779307730126,0.538007799479864,0.028686340898275375
ONE,R03,testing,08,64,0,1.0,1.0,0.8176115364082565,0.5876684007723688,0.028067847713828087
ONE,R03,testing,08,65,0,1.0,1.0,0.8176115364082565,0.5890438974589994,0.028146443888545036
ONE,R03,testing,08,66,0,1.0,1.0,0.8176115364082565,0.5904177101778345,0.028062069788575172
ONE,R03,testing,08,67,0,1.0,1.0,0.8176115364082565,0.5917898121557781,0.027807941660284996
ONE,R03,testing,08,68,0,1.0,1.0,0.8176115364082565,0.593160176600076,0.027711262926459312
ONE,R03,testing,08,69,0,1.0,1.0,0.8176115364082565,0.594528776699162,0.028374580666422844
ONE,R03,testing,08,70,0,1.0,1.0,0.8176115364082565,0.595895585623505,0.029032107442617416
ONE,R03,testing,08,71,0,1.0,1.0,0.8176115364082565,0.59726057652646,0.029014872387051582
ONE,R03,testing,08,72,0,1.0,1.0,0.8176115364082565,0.5986237225451225,0.028239591047167778
ONE,R03,testing,08,73,0,1.0,1.0,0.8176115364082565,0.5999849968011834,0.027951356023550034
ONE,R03,testing,08,74,0,1.0,1.0,0.8176115364082565,0.601344372401789,0.028583191335201263
ONE,R03,testing,08,75,0,1.0,1.0,0.8176115364082565,0.6027018224404014,0.02796173468232155
ONE,R03,testing,08,76,0,1.0,1.0,0.8176115364082565,0.6040573199976624,0.029161786660552025
ONE,R03,testing,08,77,0,1.0,1.0,0.8176115364082565,0.6054108381422608,0.02881082519888878
ONE,R03,testing,08,78,0,1.0,1.0,0.8176115364082565,0.6067623499317998,0.02841154672205448
ONE,R03,testing,08,79,0,1.0,1.0,0.8176115364082565,0.6081118284136693,0.028615353628993034
ONE,R03,testing,08,80,0,1.0,0.9999999999999999,0.8819822938382926,0.6574421230667182,0.028643395751714706
ONE,R03,testing,08,81,0,1.0,0.9999999999999999,0.8819822938382926,0.6588933722773863,0.02903463877737522
ONE,R03,testing,08,82,0,1.0,0.9999999999999999,0.8819822938382926,0.6603423408171126,0.028633147478103638
ONE,R03,testing,08,83,0,1.0,0.9999999999999999,0.8819822938382926,0.661788999576678,0.028500480577349663
ONE,R03,testing,08,84,0,1.0,0.9999999999999999,0.8819822938382926,0.663233319440582,0.028063097968697548
ONE,R03,testing,08,85,0,1.0,0.9999999999999999,0.8819822938382926,0.6646752712879972,0.029019800946116447
ONE,R03,testing,08,86,0,1.0,0.9999999999999999,0.8819822938382926,0.6661148259937261,0.03028942085802555
ONE,R03,testing,08,87,0,1.0,0.9999999999999999,0.8819822938382926,0.6675519544291604,0.029468171298503876
ONE,R03,testing,08,88,0,1.0,0.9999999999999999,0.8819822938382926,0.6689866274632416,0.029552556574344635
ONE,R03,testing,08,89,0,1.0,0.9999999999999999,0.8819822938382926,0.6704188159634253,0.029952941462397575
ONE,R03,testing,08,90,0,1.0,0.9999999999999999,0.8819822938382926,0.6718484907966468,0.02844824083149433
ONE,R03,testing,08,91,0,1.0,0.9999999999999999,0.8819822938382926,0.673275622830288,0.02827099896967411
ONE,R03,testing,08,92,0,1.0,0.9999999999999999,0.8819822938382926,0.674700182933148,0.027318822219967842
ONE,R03,testing,08,93,0,1.0,0.9999999999999999,0.8819822938382926,0.6761221419764147,0.027865463867783546
ONE,R03,testing,08,94,0,1.0,0.9999999999999999,0.8819822938382926,0.6775414708346381,0.027838382869958878
ONE,R03,testing,08,95,0,1.0,0.9999999999999999,0.8819822938382926,0.6789581403867065,0.028203429654240608
ONE,R03,testing,08,96,0,1.0,0.9999999999999999,0.942908259708338,0.7273711700737605,0.028475379571318626
ONE,R03,testing,08,97,0,1.0,0.9999999999999999,0.942908259708338,0.7288799215680968,0.02889951691031456
ONE,R03,testing,08,98,0,1.0,0.9999999999999999,0.942908259708338,0.7303857366955704,0.02863124944269657
ONE,R03,testing,08,99,0,1.0,0.9999999999999999,0.942908259708338,0.7318885843524492,0.02796327695250511
ONE,R03,testing,08,100,0,1.0,0.9999999999999999,0.942908259708338,0.7333884334448829,0.029123347252607346
ONE,R03,testing,08,101,0,1.0,0.9999999999999999,0.942908259708338,0.7348852528899579,0.02887074090540409
ONE,R03,testing,08,102,0,1.0,0.9999999999999999,0.942908259708338,0.7363790116167522,0.028647517785429955
ONE,R03,testing,08,103,0,1.0,0.9999999999999999,0.942908259708338,0.737869678567395,0.029728859663009644
ONE,R03,testing,08,104,0,1.0,0.9999999999999999,0.942908259708338,0.7393572226981241,0.02870273031294346
ONE,R03,testing,08,105,0,1.0,0.9999999999999999,0.942908259708338,0.7408416129803477,0.02918717823922634
ONE,R03,testing,08,106,0,1.0,0.9999999999999999,0.942908259708338,0.742322818401707,0.028152495622634888
ONE,R03,testing,08,107,0,1.0,0.9999999999999999,0.942908259708338,0.7438008079671393,0.028217487037181854
ONE,R03,testing,08,108,0,1.0,0.9999999999999999,0.942908259708338,0.7452755506999441,0.028736241161823273
ONE,R03,testing,08,109,0,1.0,0.9999999999999999,0.942908259708338,0.746747015642849,0.02998151257634163
ONE,R03,testing,08,110,0,1.0,0.9999999999999999,0.942908259708338,0.7482151718590779,0.0290717501193285
ONE,R03,testing,08,111,0,1.0,0.9999999999999999,0.942908259708338,0.7496799884334208,0.02978098765015602
ONE,R03,testing,08,112,0,1.0,1.0,1.0,0.7966219690403892,0.029783181846141815
ONE,R03,testing,08,113,0,1.0,1.0,1.0,0.7981682961846709,0.029827747493982315
ONE,R03,testing,08,114,0,1.0,1.0,1.0,0.7997109832638891,0.029233185574412346
ONE,R03,testing,08,115,0,1.0,1.0,1.0,0.8012499975938111,0.029527952894568443
ONE,R03,testing,08,116,0,1.0,1.0,1.0,0.8027853065187638,0.029552970081567764
ONE,R03,testing,08,117,0,1.0,1.0,1.0,0.8043168774127737,0.029080696403980255
ONE,R03,testing,08,118,0,1.0,1.0,1.0,0.8058446776807091,0.029201040044426918
ONE,R03,testing,08,119,0,1.0,1.0,1.0,0.8073686747594231,0.02903994917869568
ONE,R03,testing,08,120,0,1.0,1.0,1.0,0.8088888361188963,0.030177293345332146
ONE,R03,testing,08,121,0,1.0,1.0,1.0,0.8104051292633819,0.029153995215892792
ONE,R03,testing,08,122,0,1.0,1.0,1.0,0.8119175217325504,0.028893986716866493
ONE,R03,testing,08,123,0,1.0,1.0,1.0,0.8134259811026351,0.030006462708115578
ONE,R03,testing,08,124,0,1.0,1.0,1.0,0.8149304749875791,0.029199017211794853
ONE,R03,testing,08,125,0,1.0,1.0,1.0,0.8164309710401817,0.029370108619332314
ONE,R03,testing,08,126,0,1.0,1.0,1.0,0.8179274369532458,0.028409304097294807
ONE,R03,testing,08,127,0,1.0,1.0,1.0,0.8194198404607261,0.029414882883429527
ONE,R03,testing,08,128,0,1.0,1.0000000000000002,1.0,0.8209081493388775,0.02783386781811714
ONE,R03,testing,08,129,0,1.0,1.0000000000000002,1.0,0.8223923314074029,0.028108838945627213
ONE,R03,testing,08,130,0,1.0,1.0000000000000002,1.0,0.8238723545306031,0.0287851020693779
ONE,R03,testing,08,131,0,1.0,1.0000000000000002,1.0,0.8253481866185256,0.02780480682849884
ONE,R03,testing,08,132,0,1.0,1.0000000000000002,1.0,0.8268197956281135,0.028429701924324036
ONE,R03,testing,08,133,0,1.0,1.0000000000000002,1.0,0.8282871495643553,0.028905795887112617
ONE,R03,testing,08,134,0,1.0,1.0000000000000002,1.0,0.8297502164814348,0.029347967356443405
ONE,R03,testing,08,135,0,1.0,1.0000000000000002,1.0,0.8312089644838795,0.028451701626181602
ONE,R03,testing,08,136,0,1.0,1.0000000000000002,1.0,0.832663361727711,0.028869640082120895
ONE,R03,testing,08,137,0,1.0,1.0000000000000002,1.0,0.8341133764215942,0.02872331626713276
ONE,R03,testing,08,138,0,1.0,1.0000000000000002,1.0,0.8355589768279856,0.02762974612414837
ONE,R03,testing,08,139,0,1.0,1.0000000000000002,1.0,0.8370001312642834,0.027552133426070213
ONE,R03,testing,08,140,0,1.0,1.0000000000000002,1.0,0.8384368081039751,0.028393233194947243
ONE,R03,testing,08,141,0,1.0,1.0000000000000002,1.0,0.8398689757777866,0.02707282453775406
ONE,R03,testing,08,142,0,1.0,1.0000000000000002,1.0,0.8412966027748294,0.02908363565802574
ONE,R03,testing,08,143,0,1.0,1.0000000000000002,1.0,0.8427196576437485,0.027875812724232674
ONE,R03,testing,08,144,0,1.0,1.0,1.0,0.8441381089938689,0.029035303741693497
ONE,R03,testing,08,145,0,1.0,1.0,1.0,0.8455519254963422,0.029602987691760063
ONE,R03,testing,08,146,0,1.0,1.0,1.0,0.8469610758852925,0.02837243303656578
ONE,R03,testing,08,147,0,1.0,1.0,1.0,0.8483655289589606,0.028386345133185387
ONE,R03,testing,08,148,0,1.0,1.0,1.0,0.849765253580849,0.028876323252916336
ONE,R03,testing,08,149,0,1.0,1.0,1.0,0.8511602186808651,0.029843943193554878
ONE,R03,testing,08,150,0,1.0,1.0,1.0,0.8525503932564635,0.02924155257642269
ONE,R03,testing,08,151,0,1.0,1.0,1.0,0.8539357463737881,0.029478223994374275
ONE,R03,testing,08,152,0,1.0,1.0,1.0,0.8553162471688123,0.028610682114958763
ONE,R03,testing,08,153,0,1.0,1.0,1.0,0.8566918648484788,0.029477909207344055
ONE,R03,testing,08,154,0,1.0,1.0,1.0,0.8580625686918382,0.02829313836991787
ONE,R03,testing,08,155,0,1.0,1.0,1.0,0.859428328051186,0.028562134131789207
ONE,R03,testing,08,156,0,1.0,1.0,1.0,0.8607891123531992,0.028548087924718857
ONE,R03,testing,08,157,0,1.0,1.0,1.0,0.862144891100071,0.027924375608563423
ONE,R03,testing,08,158,0,1.0,1.0,1.0,0.8634956338706437,0.02876644767820835
ONE,R03,testing,08,159,0,1.0,1.0,1.0,0.8648413103215418,0.02855747751891613
ONE,R03,testing,08,160,0,1.0,1.0,1.0,0.8661818901883018,0.029031582176685333
ONE,R03,testing,08,161,0,1.0,1.0,1.0,0.867517343286502,0.02909987047314644
ONE,R03,testing,08,162,0,1.0,1.0,1.0,0.8688476395128897,0.02919338457286358
ONE,R03,testing,08,163,0,1.0,1.0,1.0,0.870172748846507,0.029182348400354385
ONE,R03,testing,08,164,0,1.0,1.0,1.0,0.8714926413498154,0.029927831143140793
ONE,R03,testing,08,165,0,1.0,1.0,1.0,0.8728072871698184,0.029667001217603683
ONE,R03,testing,08,166,0,1.0,1.0,1.0,0.8741166565391816,0.029891859740018845
ONE,R03,testing,08,167,0,1.0,1.0,1.0,0.8754207197773521,0.029467511922121048
ONE,R03,testing,08,168,0,1.0,1.0,1.0,0.8767194472916754,0.030507098883390427
ONE,R03,testing,08,169,0,1.0,1.0,1.0,0.8780128095785098,0.028917808085680008
ONE,R03,testing,08,170,0,1.0,1.0,1.0,0.8793007772243397,0.028902653604745865
ONE,R03,testing,08,171,0,1.0,1.0,1.0,0.8805833209068866,0.029009748250246048
ONE,R03,testing,08,172,0,1.0,1.0,1.0,0.8818604113962173,0.030312957242131233
ONE,R03,testing,08,173,0,1.0,1.0,1.0,0.8831320195558503,0.028875509276986122
ONE,R03,testing,08,174,0,1.0,1.0,1.0,0.8843981163438605,0.02941109798848629
ONE,R03,testing,08,175,0,1.0,1.0,1.0,0.8856586728139803,0.028981970623135567
ONE,R03,testing,08,176,0,1.0,1.0,1.0,0.8869136601166996,0.029980486258864403
ONE,R03,testing,08,177,0,1.0,1.0,1.0,0.8881630495003623,0.029817985370755196
ONE,R03,testing,08,178,0,1.0,1.0,1.0,0.8894068123122613,0.02955961599946022
ONE,R03,testing,08,179,0,1.0,1.0,1.0,0.8906449199997297,0.02838098630309105
ONE,R03,testing,08,180,0,1.0,1.0,1.0,0.8918773441112309,0.02876313216984272
ONE,R03,testing,08,181,0,1.0,1.0,1.0,0.8931040562974443,0.029248815029859543
ONE,R03,testing,08,182,0,1.0,1.0,1.0,0.8943250283123501,0.0295675341039896
ONE,R03,testing,08,183,0,1.0,1.0,1.0,0.8955402320143093,0.03030421957373619
ONE,R03,testing,08,184,0,1.0,1.0,1.0,0.896749639367143,0.028654657304286957
ONE,R03,testing,08,185,0,1.0,1.0,1.0,0.897953222441207,0.030660588294267654
ONE,R03,testing,08,186,0,1.0,1.0,1.0,0.8991509534144642,0.03244952857494354
ONE,R03,testing,08,187,0,1.0,1.0,1.0,0.9003428045735538,0.03304750472307205
ONE,R03,testing,08,188,0,1.0,1.0,1.0,0.901528748314858,0.033397261053323746
ONE,R03,testing,08,189,0,1.0,1.0,1.0,0.9027087571455646,0.0356372594833374
ONE,R03,testing,08,190,0,1.0,1.0,1.0,0.9038828036847272,0.039108674973249435
ONE,R03,testing,08,191,0,1.0,1.0,1.0,0.9050508606643213,0.03778018057346344
ONE,R03,testing,08,192,0,1.0,1.0000000000000002,1.0,0.9062129009302978,0.0365634560585022
ONE,R03,testing,08,193,0,1.0,1.0000000000000002,1.0,0.9073688974436337,0.0367734357714653
ONE,R03,testing,08,194,0,1.0,1.0000000000000002,1.0,0.9085188232813772,0.038022976368665695
ONE,R03,testing,08,195,0,1.0,1.0000000000000002,1.0,0.909662651637692,0.03559156879782677
ONE,R03,testing,08,196,0,1.0,1.0000000000000002,1.0,0.9108003558248957,0.03580247610807419
ONE,R03,testing,08,197,0,1.0,1.0000000000000002,1.0,0.9119319092744965,0.03455429524183273
ONE,R03,testing,08,198,0,1.0,1.0000000000000002,1.0,0.9130572855382252,0.03538042679429054
ONE,R03,testing,08,199,0,1.0,1.0000000000000002,1.0,0.9141764582890634,0.03518401458859444
ONE,R03,testing,08,200,0,1.0,1.0000000000000002,1.0,0.9152894013222684,0.03568428382277489
ONE,R03,testing,08,201,0,1.0,1.0000000000000002,1.0,0.9163960885563947,0.035293541848659515
ONE,R03,testing,08,202,0,1.0,1.0000000000000002,1.0,0.91749649403431,0.035481978207826614
ONE,R03,testing,08,203,0,1.0,1.0000000000000002,1.0,0.9185905919242092,0.03526049479842186
ONE,R03,testing,08,204,0,1.0,1.0000000000000002,1.0,0.9196783565206232,0.03601859509944916
ONE,R03,testing,08,205,0,1.0,1.0000000000000002,1.0,0.9207597622454241,0.03594579920172691
ONE,R03,testing,08,206,0,1.0,1.0000000000000002,1.0,0.9218347836488258,0.03462971746921539
ONE,R03,testing,08,207,0,1.0,1.0000000000000002,1.0,0.9229033954103814,0.03470378369092941
ONE,R03,testing,08,208,0,1.0,1.0,1.0,0.9239655723399756,0.03672117739915848
ONE,R03,testing,08,209,0,1.0,1.0,1.0,0.925021289378813,0.032912954688072205
ONE,R03,testing,08,210,0,1.0,1.0,1.0,0.9260705216004025,0.03406796231865883
ONE,R03,testing,08,211,0,1.0,1.0,1.0,0.9271132442115364,0.03325548768043518
ONE,R03,testing,08,212,0,1.0,1.0,1.0,0.9281494325532662,0.03184623643755913
ONE,R03,testing,08,213,0,1.0,1.0,1.0,0.9291790621018734,0.03253290057182312
ONE,R03,testing,08,214,0,1.0,1.0,1.0,0.9302021084698353,0.032382287085056305
ONE,R03,testing,08,215,0,1.0,1.0,1.0,0.9312185474067872,0.03160790354013443
ONE,R03,testing,08,216,0,1.0,1.0,1.0,0.932228354800479,0.031728096306324005
ONE,R03,testing,08,217,0,1.0,1.0,1.0,0.9332315066777281,0.03179197385907173
ONE,R03,testing,08,218,0,1.0,1.0,1.0,0.9342279792053665,0.032507386058568954
ONE,R03,testing,08,219,0,1.0,1.0,1.0,0.9352177486911839,0.031404294073581696
ONE,R03,testing,08,220,0,1.0,1.0,1.0,0.9362007915848657,0.031366460025310516
ONE,R03,testing,08,221,0,1.0,1.0,1.0,0.937177084478926,0.03293750807642937
ONE,R03,testing,08,222,0,1.0,1.0,1.0,0.9381466041096356,0.03130332753062248
ONE,R03,testing,08,223,0,1.0,1.0,1.0,0.9391093273579455,0.032643772661685944
ONE,R03,testing,08,224,0,1.0,1.0,1.0,0.9400652312504048,0.031178945675492287
ONE,R03,testing,08,225,0,1.0,1.0,1.0,0.9410142929600732,0.030396396294236183
ONE,R03,testing,08,226,0,1.0,1.0,1.0,0.9419564898074299,0.026353983208537102
ONE,R03,testing,08,227,0,1.0,1.0,1.0,0.942891799261275,0.027768423780798912
ONE,R03,testing,08,228,0,1.0,1.0,1.0,0.943820198939628,0.028845904394984245
ONE,R03,testing,08,229,0,1.0,1.0,1.0,0.944741666610619,0.028341932222247124
ONE,R03,testing,08,230,0,1.0,1.0,1.0,0.9456561801933758,0.028074782341718674
ONE,R03,testing,08,231,0,1.0,1.0,1.0,0.9465637177589051,0.02904335968196392
ONE,R03,testing,08,232,0,1.0,1.0,1.0,0.9474642575309684,0.028797419741749763
ONE,R03,testing,08,233,0,1.0,1.0,1.0,0.9483577778869524,0.029001571238040924
ONE,R03,testing,08,234,0,1.0,1.0,1.0,0.9492442573587337,0.028584394603967667
ONE,R03,testing,08,235,0,1.0,1.0,1.0,0.950123674633538,0.02872818522155285
ONE,R03,testing,08,236,0,1.0,1.0,1.0,0.9509960085547936,0.02826806716620922
ONE,R03,testing,08,237,0,1.0,1.0,1.0,0.9518612381229794,0.029202111065387726
ONE,R03,testing,08,238,0,1.0,1.0,1.0,0.9527193424964672,0.02959819883108139
ONE,R03,testing,08,239,0,1.0,1.0,1.0,0.9535703009923573,0.028866279870271683
ONE,R03,testing,08,240,0,1.0,1.0,1.0,0.9544140930873097,0.029562579467892647
ONE,R03,testing,08,241,0,1.0,1.0,1.0,0.9552506984183687,0.029271937906742096
ONE,R03,testing,08,242,1,1.0,1.0,1.0,0.956080096783781,0.02844354510307312
ONE,R03,testing,08,243,1,1.0,1.0,1.0,0.9569022681438089,0.026665622368454933
ONE,R03,testing,08,244,1,1.0,1.0,1.0,0.9577171926215367,0.023402610793709755
ONE,R03,testing,08,245,1,1.0,1.0,1.0,0.9585248505036715,0.025274712592363358
ONE,R03,testing,08,246,1,1.0,1.0,1.0,0.9593252222413376,0.02916879951953888
ONE,R03,testing,08,247,1,1.0,1.0,1.0,0.9601182884508651,0.029344573616981506
ONE,R03,testing,08,248,1,1.0,1.0,1.0,0.9609040299145715,0.0270825382322073
ONE,R03,testing,08,249,1,1.0,1.0,1.0,0.9616824275815378,0.026413461193442345
ONE,R03,testing,08,250,1,1.0,1.0,1.0,0.9624534625683785,0.025481130927801132
ONE,R03,testing,08,251,1,1.0,1.0,1.0,0.9632171161600046,0.025730516761541367
ONE,R03,testing,08,252,1,1.0,1.0,1.0,0.9639733698103802,0.02663816697895527
ONE,R03,testing,08,253,1,1.0,1.0,1.0,0.9647222051432734,0.02666875720024109
ONE,R03,testing,08,254,1,1.0,1.0,1.0,0.9654636039530002,0.026834305375814438
ONE,R03,testing,08,255,1,1.0,1.0,1.0,0.9661975482051619,0.027360880747437477
ONE,R03,testing,08,256,1,1.0,1.0,0.9999999999999999,0.966924020037376,0.026881294324994087
ONE,R03,testing,08,257,1,1.0,1.0,0.9999999999999999,0.967643001760001,0.027170967310667038
ONE,R03,testing,08,258,1,1.0,1.0,0.9999999999999999,0.9683544758568537,0.028477303683757782
ONE,R03,testing,08,259,1,1.0,1.0,0.9999999999999999,0.9690584249859204,0.02831987664103508
ONE,R03,testing,08,260,1,1.0,1.0,0.9999999999999999,0.9697548319800615,0.02846846729516983
ONE,R03,testing,08,261,1,1.0,1.0,0.9999999999999999,0.9704436798477087,0.028162021189928055
ONE,R03,testing,08,262,1,1.0,1.0,0.9999999999999999,0.9711249517735564,0.028381632640957832
ONE,R03,testing,08,263,1,1.0,1.0,0.9999999999999999,0.9717986311192449,0.030597923323512077
ONE,R03,testing,08,264,1,1.0,1.0,0.9999999999999999,0.9724647014240384,0.03089592233300209
ONE,R03,testing,08,265,1,1.0,1.0,0.9999999999999999,0.9731231464054947,0.03159153461456299
ONE,R03,testing,08,266,1,1.0,1.0,0.9999999999999999,0.9737739499601288,0.03201988339424133
ONE,R03,testing,08,267,1,1.0,1.0,0.9999999999999999,0.9744170961640689,0.031724654138088226
ONE,R03,testing,08,268,1,1.0,1.0,0.9999999999999999,0.9750525692737058,0.03175169602036476
ONE,R03,testing,08,269,1,1.0,1.0,0.9999999999999999,0.9756803537263351,0.031291745603084564
ONE,R03,testing,08,270,1,1.0,1.0,0.9999999999999999,0.9763004341407927,0.031252119690179825
ONE,R03,testing,08,271,1,1.0,1.0,0.9999999999999999,0.9769127953180824,0.03106176108121872
ONE,R03,testing,08,272,1,1.0,0.9999999999999999,0.9999999999999999,0.9775174222419967,0.031246885657310486
ONE,R03,testing,08,273,1,1.0,0.9999999999999999,0.9999999999999999,0.9781143000797307,0.03179103881120682
ONE,R03,testing,08,274,1,1.0,0.9999999999999999,0.9999999999999999,0.9787034141824882,0.031650155782699585
ONE,R03,testing,08,275,1,1.0,0.9999999999999999,0.9999999999999999,0.9792847500860815,0.03180583566427231
ONE,R03,testing,08,276,1,1.0,0.9999999999999999,0.9999999999999999,0.9798582935115224,0.03262360394001007
ONE,R03,testing,08,277,1,1.0,0.9999999999999999,0.9999999999999999,0.9804240303656073,0.03305143117904663
ONE,R03,testing,08,278,1,1.0,0.9999999999999999,0.9999999999999999,0.9809819467414939,0.03280682489275932
ONE,R03,testing,08,279,1,1.0,0.9999999999999999,0.9999999999999999,0.9815320289192709,0.03338749706745148
ONE,R03,testing,08,280,1,1.0,0.9999999999999999,0.9999999999999999,0.9820742633665213,0.03242310881614685
ONE,R03,testing,08,281,1,1.0,0.9999999999999999,0.9999999999999999,0.9826086367388752,0.032475512474775314
ONE,R03,testing,08,282,1,1.0,0.9999999999999999,0.9999999999999999,0.9831351358805595,0.032958660274744034
ONE,R03,testing,08,283,1,1.0,0.9999999999999999,0.9999999999999999,0.9836537478249355,0.03171254321932793
ONE,R03,testing,08,284,1,1.0,0.9999999999999999,0.9999999999999999,0.9841644597950328,0.03125476464629173
ONE,R03,testing,08,285,1,1.0,0.9999999999999999,0.9999999999999999,0.9846672592040726,0.032398201525211334
ONE,R03,testing,08,286,1,1.0,0.9999999999999999,0.9999999999999999,0.9851621336559856,0.03171097859740257
ONE,R03,testing,08,287,1,1.0,0.9999999999999999,0.9999999999999999,0.985649070945921,0.03128080070018768
ONE,R03,testing,08,288,1,1.0,0.9999999999999999,1.0,0.9861280590607483,0.0323348231613636
ONE,R03,testing,08,289,1,1.0,0.9999999999999999,1.0,0.9865990861795504,0.03139619529247284
ONE,R03,testing,08,290,1,1.0,0.9999999999999999,1.0,0.9870621406741114,0.03025597706437111
ONE,R03,testing,08,291,1,1.0,0.9999999999999999,1.0,0.9875172111093934,0.030238507315516472
ONE,R03,testing,08,292,1,1.0,0.9999999999999999,1.0,0.9879642862440082,0.030873989686369896
ONE,R03,testing,08,293,1,1.0,0.9999999999999999,1.0,0.9884033550306798,0.03036670945584774
ONE,R03,testing,08,294,1,1.0,0.9999999999999999,1.0,0.9888344066166991,0.03168512135744095
ONE,R03,testing,08,295,1,1.0,0.9999999999999999,1.0,0.989257430344371,0.03167432174086571
ONE,R03,testing,08,296,1,1.0,0.9999999999999999,1.0,0.9896724157514541,0.03261776641011238
ONE,R03,testing,08,297,1,1.0,0.9999999999999999,1.0,0.9900793525715915,0.03188462182879448
ONE,R03,testing,08,298,1,1.0,0.9999999999999999,1.0,0.990478230734734,0.03237370029091835
ONE,R03,testing,08,299,1,1.0,0.9999999999999999,1.0,0.9908690403675556,0.03265338018536568
ONE,R03,testing,08,300,1,1.0,0.9999999999999999,1.0,0.991251771793861,0.03331206366419792
ONE,R03,testing,08,301,1,1.0,0.9999999999999999,1.0,0.9916264155349845,0.0339844785630703
ONE,R03,testing,08,302,1,1.0,0.9999999999999999,1.0,0.9919929623101816,0.03419021889567375
ONE,R03,testing,08,303,1,1.0,0.9999999999999999,1.0,0.9923514030370117,0.03413163498044014
ONE,R03,testing,08,304,1,1.0,1.0,1.0,0.9927017288317138,0.03466421365737915
ONE,R03,testing,08,305,1,1.0,1.0,1.0,0.9930439310095728,0.034804873168468475
ONE,R03,testing,08,306,1,1.0,1.0,1.0,0.9933780010852787,0.03315738961100578
ONE,R03,testing,08,307,1,1.0,1.0,1.0,0.9937039307732777,0.03276741877198219
ONE,R03,testing,08,308,1,1.0,1.0,1.0,0.9940217119881134,0.034742195159196854
ONE,R03,testing,08,309,1,1.0,1.0,1.0,0.9943313368447627,0.03433384746313095
ONE,R03,testing,08,310,1,1.0,1.0,1.0,0.9946327976589604,0.034517351537942886
ONE,R03,testing,08,311,1,1.0,1.0,1.0,0.9949260869475183,0.034666530787944794
ONE,R03,testing,08,312,1,1.0,1.0,1.0,0.9952111974286336,0.035380106419324875
ONE,R03,testing,08,313,1,1.0,1.0,1.0,0.9954881220221916,0.03481278195977211
ONE,R03,testing,08,314,1,1.0,1.0,1.0,0.9957568538500572,0.03516911342740059
ONE,R03,testing,08,315,1,1.0,1.0,1.0,0.9960173862363609,0.035586848855018616
ONE,R03,testing,08,316,1,1.0,1.0,1.0,0.9962697127077746,0.03560039401054382
ONE,R03,testing,08,317,1,1.0,1.0,1.0,0.9965138269937796,0.03461681306362152
ONE,R03,testing,08,318,1,1.0,1.0,1.0,0.9967497230269265,0.03427394852042198
ONE,R03,testing,08,319,1,1.0,1.0,1.0,0.9969773949430867,0.03359752520918846
ONE,R03,testing,08,320,1,1.0,1.0,0.9999999999999999,0.9971968370816947,0.03461020812392235
ONE,R03,testing,08,321,1,1.0,1.0,0.9999999999999999,0.997408043985984,0.03443526476621628
ONE,R03,testing,08,322,1,1.0,1.0,0.9999999999999999,0.9976110104032115,0.034931499511003494
ONE,R03,testing,08,323,1,1.0,1.0,0.9999999999999999,0.9978057312848766,0.03512207791209221
ONE,R03,testing,08,324,1,1.0,1.0,0.9999999999999999,0.9979922017869298,0.03546227887272835
ONE,R03,testing,08,325,1,1.0,1.0,0.9999999999999999,0.9981704172699739,0.0348559208214283
ONE,R03,testing,08,326,1,1.0,1.0,0.9999999999999999,0.9983403732994559,0.033287692815065384
ONE,R03,testing,08,327,1,1.0,1.0,0.9999999999999999,0.9985020656458516,0.03445543348789215
ONE,R03,testing,08,328,1,1.0,1.0,0.9999999999999999,0.9986554902848406,0.03362884745001793
ONE,R03,testing,08,329,1,1.0,1.0,0.9999999999999999,0.998800643397473,0.0338803194463253
ONE,R03,testing,08,330,1,1.0,1.0,0.9999999999999999,0.9989375213703283,0.0337262786924839
ONE,R03,testing,08,331,1,1.0,1.0,0.9999999999999999,0.9990661207956654,0.034439362585544586
ONE,R03,testing,08,332,1,1.0,1.0,0.9999999999999999,0.9991864384715632,0.034290049225091934
ONE,R03,testing,08,333,1,1.0,1.0,0.9999999999999999,0.9992984714020544,0.0342973917722702
ONE,R03,testing,08,334,1,1.0,1.0,0.9999999999999999,0.9994022167972494,0.03330028057098389
ONE,R03,testing,08,335,1,1.0,1.0,0.9999999999999999,0.9994976720734519,0.03310782089829445
ONE,R03,testing,08,336,1,1.0,0.9999999999999999,1.0,0.9995848348532668,0.03469876945018768
ONE,R03,testing,08,337,1,1.0,0.9999999999999999,1.0,0.9996637029656978,0.033697787672281265
ONE,R03,testing,08,338,1,1.0,0.9999999999999999,1.0,0.9997342744462389,0.0338955819606781
ONE,R03,testing,08,339,1,1.0,0.9999999999999999,1.0,0.9997965475369548,0.0342828594148159
ONE,R03,testing,08,340,1,1.0,0.9999999999999999,1.0,0.9998505206865544,0.03497806191444397
ONE,R03,testing,08,341,1,1.0,0.9999999999999999,1.0,0.9998961925504554,0.03403257578611374
ONE,R03,testing,08,342,1,1.0,0.9999999999999999,1.0,0.9999335619908394,0.03498193621635437
ONE,R03,testing,08,343,1,1.0,0.9999999999999999,1.0,0.9999626280766999,0.03466946259140968
ONE,R03,testing,08,344,1,1.0,0.9999999999999999,1.0,0.9999833900838805,0.034590043127536774
ONE,R03,testing,08,345,1,1.0,0.9999999999999999,1.0,0.9999958474951053,0.03454522043466568
ONE,R03,testing,08,346,1,1.0,0.9999999999999999,1.0,1.0,0.03530681133270264
ONE,R03,testing,08,347,1,1.0,0.9999999999999999,1.0,0.9999958474951053,0.036387454718351364
ONE,R03,testing,08,348,1,1.0,0.9999999999999999,1.0,0.9999833900838805,0.037051260471343994
ONE,R03,testing,08,349,1,1.0,0.9999999999999999,1.0,0.9999626280766999,0.036057475954294205
ONE,R03,testing,08,350,1,1.0,0.9999999999999999,1.0,0.9999335619908394,0.03561465069651604
ONE,R03,testing,08,351,1,1.0,0.9999999999999999,1.0,0.9998961925504554,0.03652288392186165
ONE,R03,testing,08,352,1,1.0,1.0,1.0,0.9998505206865544,0.035972073674201965
ONE,R03,testing,08,353,1,1.0,1.0,1.0,0.9997965475369548,0.036231931298971176
ONE,R03,testing,08,354,1,1.0,1.0,1.0,0.9997342744462389,0.03546176850795746
ONE,R03,testing,08,355,1,1.0,1.0,1.0,0.9996637029656978,0.03630966693162918
ONE,R03,testing,08,356,1,1.0,1.0,1.0,0.9995848348532668,0.035440243780612946
ONE,R03,testing,08,357,1,1.0,1.0,1.0,0.999497672073452,0.03649664670228958
ONE,R03,testing,08,358,1,1.0,1.0,1.0,0.9994022167972495,0.037507347762584686
ONE,R03,testing,08,359,1,1.0,1.0,1.0,0.9992984714020545,0.037221454083919525
ONE,R03,testing,08,360,1,1.0,1.0,1.0,0.9991864384715633,0.037543851882219315
ONE,R03,testing,08,361,1,1.0,1.0,1.0,0.9990661207956655,0.03723236918449402
ONE,R03,testing,08,362,1,1.0,1.0,1.0,0.9989375213703284,0.03521542623639107
ONE,R03,testing,08,363,1,1.0,1.0,1.0,0.9988006433974731,0.03488031402230263
ONE,R03,testing,08,364,1,1.0,1.0,1.0,0.9986554902848407,0.036456551402807236
ONE,R03,testing,08,365,1,1.0,1.0,1.0,0.9985020656458518,0.03503580018877983
ONE,R03,testing,08,366,1,1.0,1.0,1.0,0.998340373299456,0.034775715321302414
ONE,R03,testing,08,367,1,1.0,1.0,1.0,0.998170417269974,0.03443042188882828
ONE,R03,testing,08,368,1,1.0,1.0,1.0,0.9979922017869299,0.03504815697669983
ONE,R03,testing,08,369,1,1.0,1.0,1.0,0.9978057312848767,0.03533463552594185
ONE,R03,testing,08,370,1,1.0,1.0,1.0,0.9976110104032117,0.03600360080599785
ONE,R03,testing,08,371,1,1.0,1.0,1.0,0.9974080439859841,0.03632968291640282
ONE,R03,testing,08,372,1,1.0,1.0,1.0,0.9971968370816948,0.03550198674201965
ONE,R03,testing,08,373,1,1.0,1.0,1.0,0.9969773949430867,0.03483203798532486
ONE,R03,testing,08,374,1,1.0,1.0,1.0,0.9967497230269265,0.03548276051878929
ONE,R03,testing,08,375,1,1.0,1.0,1.0,0.9965138269937796,0.03603348135948181
ONE,R03,testing,08,376,1,1.0,1.0,1.0,0.9962697127077746,0.0364840030670166
ONE,R03,testing,08,377,1,1.0,1.0,1.0,0.9960173862363609,0.037068240344524384
ONE,R03,testing,08,378,1,1.0,1.0,1.0,0.9957568538500572,0.036999475210905075
ONE,R03,testing,08,379,1,1.0,1.0,1.0,0.9954881220221916,0.03690071403980255
ONE,R03,testing,08,380,1,1.0,1.0,1.0,0.9952111974286336,0.038671985268592834
ONE,R03,testing,08,381,1,1.0,1.0,1.0,0.9949260869475183,0.03869638592004776
ONE,R03,testing,08,382,1,1.0,1.0,1.0,0.9946327976589604,0.03869631886482239
ONE,R03,testing,08,383,1,1.0,1.0,1.0,0.9943313368447627,0.037872590124607086
ONE,R03,testing,08,384,1,1.0,1.0000000000000002,1.0,0.9940217119881134,0.03727579116821289
ONE,R03,testing,08,385,1,1.0,1.0000000000000002,1.0,0.9937039307732777,0.0380336232483387
ONE,R03,testing,08,386,1,1.0,1.0000000000000002,1.0,0.9933780010852787,0.03674519434571266
ONE,R03,testing,08,387,1,1.0,1.0000000000000002,1.0,0.9930439310095728,0.03616645559668541
ONE,R03,testing,08,388,1,1.0,1.0000000000000002,1.0,0.9927017288317138,0.03562835231423378
ONE,R03,testing,08,389,1,1.0,1.0000000000000002,1.0,0.9923514030370117,0.03536743298172951
ONE,R03,testing,08,390,1,1.0,1.0000000000000002,1.0,0.9919929623101816,0.03439925238490105
ONE,R03,testing,08,391,1,1.0,1.0000000000000002,1.0,0.9916264155349845,0.034804828464984894
ONE,R03,testing,08,392,1,1.0,1.0000000000000002,1.0,0.991251771793861,0.03456323221325874
ONE,R03,testing,08,393,1,1.0,1.0000000000000002,1.0,0.9908690403675556,0.034534137696027756
ONE,R03,testing,08,394,1,1.0,1.0000000000000002,1.0,0.990478230734734,0.034383684396743774
ONE,R03,testing,08,395,1,1.0,1.0000000000000002,1.0,0.9900793525715915,0.034188590943813324
ONE,R03,testing,08,396,1,1.0,1.0000000000000002,1.0,0.9896724157514541,0.03495417535305023
ONE,R03,testing,08,397,1,1.0,1.0000000000000002,1.0,0.989257430344371,0.03688449785113335
ONE,R03,testing,08,398,1,1.0,1.0000000000000002,1.0,0.9888344066166991,0.036106228828430176
ONE,R03,testing,08,399,1,1.0,1.0000000000000002,1.0,0.9884033550306798,0.03547942265868187
ONE,R03,testing,08,400,1,1.0,1.0,1.0,0.9879642862440082,0.036742180585861206
ONE,R03,testing,08,401,1,1.0,1.0,1.0,0.9875172111093934,0.03564829379320145
ONE,R03,testing,08,402,1,1.0,1.0,1.0,0.9870621406741114,0.03637685254216194
ONE,R03,testing,08,403,1,1.0,1.0,1.0,0.9865990861795504,0.03771090880036354
ONE,R03,testing,08,404,1,1.0,1.0,1.0,0.9861280590607483,0.036156024783849716
ONE,R03,testing,08,405,1,1.0,1.0,1.0,0.9856490709459211,0.03706584498286247
ONE,R03,testing,08,406,1,1.0,1.0,1.0,0.9851621336559857,0.036691922694444656
ONE,R03,testing,08,407,1,1.0,1.0,1.0,0.9846672592040727,0.03490675240755081
ONE,R03,testing,08,408,1,1.0,1.0,1.0,0.9841644597950329,0.035656366497278214
ONE,R03,testing,08,409,1,1.0,1.0,1.0,0.9836537478249356,0.035063736140728
ONE,R03,testing,08,410,1,1.0,1.0,1.0,0.9831351358805596,0.03641876205801964
ONE,R03,testing,08,411,1,1.0,1.0,1.0,0.9826086367388753,0.03613854572176933
ONE,R03,testing,08,412,1,1.0,1.0,1.0,0.9820742633665214,0.03532550483942032
ONE,R03,testing,08,413,1,1.0,1.0,1.0,0.981532028919271,0.03506586328148842
ONE,R03,testing,08,414,1,1.0,1.0,1.0,0.980981946741494,0.036442603915929794
ONE,R03,testing,08,415,1,1.0,1.0,1.0,0.9804240303656074,0.035972561687231064
ONE,R03,testing,08,416,1,1.0,1.0,1.0,0.9798582935115225,0.03561927750706673
ONE,R03,testing,08,417,1,1.0,1.0,1.0,0.9792847500860816,0.035210516303777695
ONE,R03,testing,08,418,1,1.0,1.0,1.0,0.9787034141824883,0.03520984575152397
ONE,R03,testing,08,419,1,1.0,1.0,1.0,0.9781143000797308,0.03579525277018547
ONE,R03,testing,08,420,1,1.0,1.0,1.0,0.9775174222419968,0.036486897617578506
ONE,R03,testing,08,421,1,1.0,1.0,1.0,0.9769127953180825,0.0372975654900074
ONE,R03,testing,08,422,1,1.0,1.0,1.0,0.9763004341407928,0.03588493540883064
ONE,R03,testing,08,423,1,1.0,1.0,1.0,0.9756803537263352,0.03760376572608948
ONE,R03,testing,08,424,1,1.0,1.0,1.0,0.9750525692737059,0.038625311106443405
ONE,R03,testing,08,425,1,1.0,1.0,1.0,0.974417096164069,0.03770698606967926
ONE,R03,testing,08,426,1,1.0,1.0,1.0,0.9737739499601289,0.03734923526644707
ONE,R03,testing,08,427,1,1.0,1.0,1.0,0.9731231464054948,0.0368582159280777
ONE,R03,testing,08,428,1,1.0,1.0,1.0,0.9724647014240385,0.03854180872440338
ONE,R03,testing,08,429,1,1.0,1.0,1.0,0.971798631119245,0.03739742189645767
ONE,R03,testing,08,430,1,1.0,1.0,1.0,0.9711249517735565,0.03761032223701477
ONE,R03,testing,08,431,1,1.0,1.0,1.0,0.9704436798477089,0.03765038028359413
ONE,R03,testing,08,432,1,1.0,1.0,1.0,0.9697548319800616,0.0373004674911499
ONE,R03,testing,08,433,1,1.0,1.0,1.0,0.9690584249859205,0.039246637374162674
ONE,R03,testing,08,434,1,1.0,1.0,1.0,0.9683544758568539,0.03887220099568367
ONE,R03,testing,08,435,1,1.0,1.0,1.0,0.9676430017600011,0.03720349818468094
ONE,R03,testing,08,436,1,1.0,1.0,1.0,0.9669240200373761,0.038263704627752304
ONE,R03,testing,08,437,1,1.0,1.0,1.0,0.9661975482051619,0.03729487210512161
ONE,R03,testing,08,438,1,1.0,1.0,1.0,0.9654636039530002,0.03702830523252487
ONE,R03,testing,08,439,1,1.0,1.0,1.0,0.9647222051432734,0.039180975407361984
ONE,R03,testing,08,440,1,1.0,1.0,1.0,0.9639733698103802,0.03924594074487686
ONE,R03,testing,08,441,1,1.0,1.0,1.0,0.9632171161600046,0.04001458361744881
ONE,R03,testing,08,442,1,1.0,1.0,1.0,0.9624534625683785,0.04061936214566231
ONE,R03,testing,08,443,1,1.0,1.0,1.0,0.9616824275815378,0.044372182339429855
ONE,R03,testing,08,444,1,1.0,1.0,1.0,0.9609040299145715,0.04195155203342438
ONE,R03,testing,08,445,1,1.0,1.0,1.0,0.9601182884508651,0.04158807545900345
ONE,R03,testing,08,446,1,1.0,1.0,1.0,0.9593252222413376,0.042074721306562424
ONE,R03,testing,08,447,1,1.0,1.0,1.0,0.9585248505036715,0.04180331528186798
ONE,R03,testing,08,448,1,1.0,1.0,1.0,0.9577171926215367,0.04168965667486191
ONE,R03,testing,08,449,1,1.0,1.0,1.0,0.9569022681438089,0.03944217041134834
ONE,R03,testing,08,450,1,1.0,1.0,1.0,0.956080096783781,0.04042627289891243
ONE,R03,testing,08,451,1,1.0,1.0,1.0,0.9552506984183687,0.040769558399915695
ONE,R03,testing,08,452,1,1.0,1.0,1.0,0.9544140930873097,0.0410846509039402
ONE,R03,testing,08,453,1,1.0,1.0,1.0,0.9535703009923573,0.041277892887592316
ONE,R03,testing,08,454,1,1.0,1.0,1.0,0.9527193424964672,0.0439879335463047
ONE,R03,testing,08,455,1,1.0,1.0,1.0,0.9518612381229794,0.04515037685632706
ONE,R03,testing,08,456,1,1.0,1.0,1.0,0.9509960085547936,0.04475008323788643
ONE,R03,testing,08,457,1,1.0,1.0,1.0,0.950123674633538,0.04129069671034813
ONE,R03,testing,08,458,1,1.0,1.0,1.0,0.9492442573587337,0.041314657777547836
ONE,R03,testing,08,459,1,1.0,1.0,1.0,0.9483577778869524,0.039018526673316956
ONE,R03,testing,08,460,1,1.0,1.0,1.0,0.9474642575309684,0.04050811380147934
ONE,R03,testing,08,461,1,1.0,1.0,1.0,0.9465637177589051,0.041127756237983704
ONE,R03,testing,08,462,1,1.0,1.0,1.0,0.9456561801933758,0.03778194636106491
ONE,R03,testing,08,463,1,1.0,1.0,1.0,0.944741666610619,0.03623916953802109
ONE,R03,testing,08,464,1,1.0,1.0,1.0,0.943820198939628,0.0343252457678318
ONE,R03,testing,08,465,1,1.0,1.0,1.0,0.942891799261275,0.030873902142047882
ONE,R03,testing,08,466,1,1.0,1.0,1.0,0.9419564898074299,0.02980642020702362
ONE,R03,testing,08,467,1,1.0,1.0,1.0,0.9410142929600732,0.02968614548444748
ONE,R03,testing,08,468,1,1.0,1.0,1.0,0.9400652312504048,0.029328107833862305
ONE,R03,testing,08,469,1,1.0,1.0,1.0,0.9391093273579455,0.028244636952877045
ONE,R03,testing,08,470,1,1.0,1.0,1.0,0.9381466041096356,0.02914547733962536
ONE,R03,testing,08,471,1,1.0,1.0,1.0,0.937177084478926,0.02800017222762108
ONE,R03,testing,08,472,1,1.0,1.0,1.0,0.9362007915848657,0.029098257422447205
ONE,R03,testing,08,473,1,1.0,1.0,1.0,0.9352177486911839,0.02908370830118656
ONE,R03,testing,08,474,1,1.0,1.0,1.0,0.9342279792053665,0.02892935462296009
ONE,R03,testing,08,475,1,1.0,1.0,1.0,0.9332315066777281,0.028708230704069138
ONE,R03,testing,08,476,1,1.0,1.0,1.0,0.932228354800479,0.02876747027039528
ONE,R03,testing,08,477,1,1.0,1.0,1.0,0.9312185474067872,0.028754141181707382
ONE,R03,testing,08,478,1,1.0,1.0,1.0,0.9302021084698353,0.029411304742097855
ONE,R03,testing,08,479,1,1.0,1.0,1.0,0.9291790621018734,0.029208147898316383
ONE,R03,testing,08,480,1,1.0,1.0,1.0,0.9281494325532662,0.028850173577666283
ONE,R03,testing,08,481,1,1.0,1.0,1.0,0.9271132442115364,0.029069464653730392
ONE,R03,testing,08,482,1,1.0,1.0,1.0,0.9260705216004025,0.031186427921056747
ONE,R03,testing,08,483,1,1.0,1.0,1.0,0.925021289378813,0.03086402639746666
ONE,R03,testing,08,484,1,1.0,1.0,1.0,0.9239655723399756,0.03342839702963829
ONE,R03,testing,08,485,1,1.0,1.0,1.0,0.9229033954103814,0.03325791284441948
ONE,R03,testing,08,486,1,1.0,1.0,1.0,0.9218347836488258,0.02967703714966774
ONE,R03,testing,08,487,1,1.0,1.0,1.0,0.9207597622454241,0.030100081115961075
ONE,R03,testing,08,488,1,1.0,1.0,1.0,0.9196783565206232,0.029164262115955353
ONE,R03,testing,08,489,1,1.0,1.0,1.0,0.9185905919242092,0.03039664961397648
ONE,R03,testing,08,490,1,1.0,1.0,1.0,0.91749649403431,0.030677855014801025
ONE,R03,testing,08,491,1,1.0,1.0,1.0,0.9163960885563947,0.030957963317632675
ONE,R03,testing,08,492,1,1.0,1.0,1.0,0.9152894013222684,0.030977673828601837
ONE,R03,testing,08,493,1,1.0,1.0,1.0,0.9141764582890634,0.0306700486689806
ONE,R03,testing,08,494,1,1.0,1.0,1.0,0.9130572855382252,0.030863527208566666
ONE,R03,testing,08,495,1,1.0,1.0,1.0,0.9119319092744965,0.03045540116727352
ONE,R03,testing,08,496,1,1.0,1.0000000000000002,1.0,0.9108003558248957,0.0311746783554554
ONE,R03,testing,08,497,1,1.0,1.0000000000000002,1.0,0.909662651637692,0.0327625498175621
ONE,R03,testing,08,498,1,1.0,1.0000000000000002,1.0,0.9085188232813772,0.030967112630605698
ONE,R03,testing,08,499,1,1.0,1.0000000000000002,1.0,0.9073688974436337,0.030998894944787025
ONE,R03,testing,08,500,1,1.0,1.0000000000000002,1.0,0.9062129009302978,0.030058348551392555
ONE,R03,testing,08,501,1,1.0,1.0000000000000002,1.0,0.9050508606643213,0.029340164735913277
ONE,R03,testing,08,502,1,1.0,1.0000000000000002,1.0,0.9038828036847272,0.02928028628230095
ONE,R03,testing,08,503,1,1.0,1.0000000000000002,1.0,0.9027087571455646,0.02927326038479805
ONE,R03,testing,08,504,1,1.0,1.0000000000000002,1.0,0.901528748314858,0.0296854879707098
ONE,R03,testing,08,505,1,1.0,1.0000000000000002,1.0,0.9003428045735538,0.02925281785428524
ONE,R03,testing,08,506,1,1.0,1.0000000000000002,1.0,0.8991509534144642,0.029743118211627007
ONE,R03,testing,08,507,1,1.0,1.0000000000000002,1.0,0.897953222441207,0.029482170939445496
ONE,R03,testing,08,508,1,1.0,1.0000000000000002,1.0,0.896749639367143,0.029437588527798653
ONE,R03,testing,08,509,1,1.0,1.0000000000000002,1.0,0.8955402320143093,0.030520863831043243
ONE,R03,testing,08,510,1,1.0,1.0000000000000002,1.0,0.8943250283123501,0.03043803758919239
ONE,R03,testing,08,511,1,1.0,1.0000000000000002,1.0,0.8931040562974443,0.029468106105923653
ONE,R03,testing,08,512,1,1.0,0.9999999999999999,1.0,0.8918773441112309,0.028906334191560745
ONE,R03,testing,08,513,1,1.0,0.9999999999999999,1.0,0.8906449199997297,0.028813768178224564
ONE,R03,testing,08,514,1,1.0,0.9999999999999999,1.0,0.8894068123122613,0.028434671461582184
ONE,R03,testing,08,515,1,1.0,0.9999999999999999,1.0,0.8881630495003623,0.02956402115523815
ONE,R03,testing,08,516,1,1.0,0.9999999999999999,1.0,0.8869136601166996,0.030295200645923615
ONE,R03,testing,08,517,1,1.0,0.9999999999999999,1.0,0.8856586728139803,0.03069768100976944
ONE,R03,testing,08,518,1,1.0,0.9999999999999999,1.0,0.8843981163438605,0.02995043620467186
ONE,R03,testing,08,519,1,1.0,0.9999999999999999,1.0,0.8831320195558503,0.03046361915767193
ONE,R03,testing,08,520,1,1.0,0.9999999999999999,1.0,0.8818604113962173,0.030150698497891426
ONE,R03,testing,08,521,1,1.0,0.9999999999999999,1.0,0.8805833209068866,0.0302357729524374
ONE,R03,testing,08,522,1,1.0,0.9999999999999999,1.0,0.8793007772243397,0.029743341729044914
ONE,R03,testing,08,523,1,1.0,0.9999999999999999,1.0,0.8780128095785098,0.029059400781989098
ONE,R03,testing,08,524,1,1.0,0.9999999999999999,1.0,0.8767194472916754,0.029864517971873283
ONE,R03,testing,08,525,1,1.0,0.9999999999999999,1.0,0.8754207197773521,0.030477114021778107
ONE,R03,testing,08,526,1,1.0,0.9999999999999999,1.0,0.8741166565391816,0.02979736030101776
ONE,R03,testing,08,527,1,1.0,0.9999999999999999,1.0,0.8728072871698184,0.02851453237235546
ONE,R03,testing,08,528,1,1.0,1.0,0.9999999999999999,0.8714926413498153,0.028078129515051842
ONE,R03,testing,08,529,1,1.0,1.0,0.9999999999999999,0.8701727488465069,0.027828317135572433
ONE,R03,testing,08,530,1,1.0,1.0,0.9999999999999999,0.8688476395128896,0.028290031477808952
ONE,R03,testing,08,531,1,1.0,1.0,0.9999999999999999,0.8675173432865019,0.028366129845380783
ONE,R03,testing,08,532,1,1.0,1.0,0.9999999999999999,0.8661818901883017,0.02799086458981037
ONE,R03,testing,08,533,1,1.0,1.0,0.9999999999999999,0.8648413103215417,0.028147323057055473
ONE,R03,testing,08,534,1,1.0,1.0,0.9999999999999999,0.8634956338706435,0.027826309204101562
ONE,R03,testing,08,535,1,1.0,1.0,0.9999999999999999,0.8621448911000709,0.028127919882535934
ONE,R03,testing,08,536,1,1.0,1.0,0.9999999999999999,0.8607891123531991,0.027460340410470963
ONE,R03,testing,08,537,1,1.0,1.0,0.9999999999999999,0.8594283280511859,0.02830020897090435
ONE,R03,testing,08,538,1,1.0,1.0,0.9999999999999999,0.8580625686918381,0.027833227068185806
ONE,R03,testing,08,539,1,1.0,1.0,0.9999999999999999,0.8566918648484787,0.02810022048652172
ONE,R03,testing,08,540,1,1.0,1.0,0.9999999999999999,0.8553162471688122,0.028205877169966698
ONE,R03,testing,08,541,1,1.0,1.0,0.9999999999999999,0.853935746373788,0.028728973120450974
ONE,R03,testing,08,542,1,1.0,1.0,0.9999999999999999,0.8525503932564634,0.027231521904468536
ONE,R03,testing,08,543,1,1.0,1.0,0.9999999999999999,0.851160218680865,0.02810969576239586
ONE,R03,testing,08,544,1,1.0,0.9999999999999999,1.0,0.849765253580849,0.028136566281318665
ONE,R03,testing,08,545,1,1.0,0.9999999999999999,1.0,0.8483655289589606,0.02879669889807701
ONE,R03,testing,08,546,1,1.0,0.9999999999999999,1.0,0.8469610758852925,0.028690190985798836
ONE,R03,testing,08,547,1,1.0,0.9999999999999999,1.0,0.8455519254963422,0.027635453268885612
ONE,R03,testing,08,548,1,1.0,0.9999999999999999,1.0,0.8441381089938689,0.02777245081961155
ONE,R03,testing,08,549,1,1.0,0.9999999999999999,1.0,0.8427196576437485,0.02780231460928917
ONE,R03,testing,08,550,1,1.0,0.9999999999999999,1.0,0.8412966027748294,0.02744685858488083
ONE,R03,testing,08,551,1,1.0,0.9999999999999999,1.0,0.8398689757777866,0.027211925014853477
ONE,R03,testing,08,552,1,1.0,0.9999999999999999,1.0,0.8384368081039751,0.026855284348130226
ONE,R03,testing,08,553,1,1.0,0.9999999999999999,1.0,0.8370001312642834,0.027079004794359207
ONE,R03,testing,08,554,1,1.0,0.9999999999999999,1.0,0.8355589768279856,0.027130968868732452
ONE,R03,testing,08,555,1,1.0,0.9999999999999999,1.0,0.8341133764215942,0.02756574936211109
ONE,R03,testing,08,556,1,1.0,0.9999999999999999,1.0,0.832663361727711,0.027710573747754097
ONE,R03,testing,08,557,1,1.0,0.9999999999999999,1.0,0.8312089644838795,0.026583194732666016
ONE,R03,testing,08,558,1,1.0,0.9999999999999999,1.0,0.8297502164814348,0.028400355949997902
ONE,R03,testing,08,559,1,1.0,0.9999999999999999,1.0,0.8282871495643553,0.028723619878292084
ONE,R03,testing,08,560,1,1.0,1.0,1.0,0.8268197956281135,0.027979139238595963
ONE,R03,testing,08,561,1,1.0,1.0,1.0,0.8253481866185256,0.02915884554386139
ONE,R03,testing,08,562,1,1.0,1.0,1.0,0.8238723545306031,0.028567051514983177
ONE,R03,testing,08,563,1,1.0,1.0,1.0,0.8223923314074029,0.028130311518907547
ONE,R03,testing,08,564,1,1.0,1.0,1.0,0.8209081493388775,0.027788495644927025
ONE,R03,testing,08,565,1,1.0,1.0,1.0,0.8194198404607261,0.02737722359597683
ONE,R03,testing,08,566,1,1.0,1.0,1.0,0.8179274369532458,0.02766549214720726
ONE,R03,testing,08,567,1,1.0,1.0,1.0,0.8164309710401817,0.02766302227973938
ONE,R03,testing,08,568,1,1.0,1.0,1.0,0.8149304749875791,0.027563216164708138
ONE,R03,testing,08,569,1,1.0,1.0,1.0,0.8134259811026351,0.026999741792678833
ONE,R03,testing,08,570,1,1.0,1.0,1.0,0.8119175217325504,0.027883175760507584
ONE,R03,testing,08,571,1,1.0,1.0,1.0,0.8104051292633819,0.02763890102505684
ONE,R03,testing,08,572,1,1.0,1.0,1.0,0.8088888361188963,0.028325015679001808
ONE,R03,testing,08,573,1,1.0,1.0,1.0,0.8073686747594231,0.027325564995408058
ONE,R03,testing,08,574,1,1.0,1.0,1.0,0.8058446776807091,0.02785978838801384
ONE,R03,testing,08,575,1,1.0,1.0,1.0,0.8043168774127737,0.02752711810171604
ONE,R03,testing,08,576,1,1.0,1.0,0.9999999999999999,0.8027853065187637,0.02822907827794552
ONE,R03,testing,08,577,1,1.0,1.0,0.9999999999999999,0.801249997593811,0.026714177802205086
ONE,R03,testing,08,578,1,1.0,1.0,0.9999999999999999,0.799710983263889,0.027041489258408546
ONE,R03,testing,08,579,1,1.0,1.0,0.9999999999999999,0.7981682961846708,0.02717539668083191
ONE,R03,testing,08,580,1,1.0,1.0,0.9999999999999999,0.7966219690403891,0.02659585140645504
ONE,R03,testing,08,581,1,1.0,1.0,0.9999999999999999,0.7950720345426955,0.026478523388504982
ONE,R03,testing,08,582,1,1.0,1.0,0.9999999999999999,0.7935185254295227,0.026759786531329155
ONE,R03,testing,08,583,1,1.0,1.0,0.9999999999999999,0.7919614744639462,0.02753002941608429
ONE,R03,testing,08,584,1,1.0,1.0,0.9999999999999999,0.7904009144330477,0.027492914348840714
ONE,R03,testing,08,585,1,1.0,1.0,0.9999999999999999,0.7888368781467806,0.02902699075639248
ONE,R03,testing,08,586,1,1.0,1.0,0.9999999999999999,0.7872693984368356,0.029031535610556602
ONE,R03,testing,08,587,1,1.0,1.0,0.9999999999999999,0.7856985081555081,0.02838929556310177
ONE,R03,testing,08,588,1,1.0,1.0,0.9999999999999999,0.7841242401745672,0.02755611017346382
ONE,R03,testing,08,589,1,1.0,1.0,0.9999999999999999,0.7825466273841254,0.028431769460439682
ONE,R03,testing,08,590,1,1.0,1.0,0.9999999999999999,0.7809657026915112,0.028158634901046753
ONE,R03,testing,08,591,1,1.0,1.0,0.9999999999999999,0.7793814990201419,0.02747645229101181
ONE,R03,testing,08,592,1,1.0,0.9999999999999999,0.9429082597083381,0.733388433444883,0.028792904689908028
ONE,R03,testing,08,593,1,1.0,0.9999999999999999,0.9429082597083381,0.7318885843524493,0.02818143554031849
ONE,R03,testing,08,594,1,1.0,0.9999999999999999,0.9429082597083381,0.7303857366955705,0.027669306844472885
ONE,R03,testing,08,595,1,1.0,0.9999999999999999,0.9429082597083381,0.7288799215680968,0.027638649567961693
ONE,R03,testing,08,596,1,1.0,0.9999999999999999,0.9429082597083381,0.7273711700737605,0.02830769121646881
ONE,R03,testing,08,597,1,1.0,0.9999999999999999,0.9429082597083381,0.7258595133251233,0.028431715443730354
ONE,R03,testing,08,598,1,1.0,0.9999999999999999,0.9429082597083381,0.7243449824425254,0.028497345745563507
ONE,R03,testing,08,599,1,1.0,0.9999999999999999,0.9429082597083381,0.7228276085530371,0.02832914888858795
ONE,R03,testing,08,600,1,1.0,0.9999999999999999,0.9429082597083381,0.7213074227894112,0.02736584283411503
ONE,R03,testing,08,601,1,1.0,0.9999999999999999,0.9429082597083381,0.7197844562890383,0.028666120022535324
ONE,R03,testing,08,602,1,1.0,0.9999999999999999,0.9429082597083381,0.7182587401929039,0.028107019141316414
ONE,R03,testing,08,603,1,1.0,0.9999999999999999,0.9429082597083381,0.7167303056445469,0.028447555378079414
ONE,R03,testing,08,604,1,1.0,0.9999999999999999,0.9429082597083381,0.715199183789021,0.029312320053577423
ONE,R03,testing,08,605,1,1.0,0.9999999999999999,0.9429082597083381,0.7136654057718582,0.029319575056433678
ONE,R03,testing,08,606,1,1.0,0.9999999999999999,0.9429082597083381,0.7121290027380337,0.029580092057585716
ONE,R03,testing,08,607,1,1.0,0.9999999999999999,0.9429082597083381,0.710590005830934,0.030723465606570244
ONE,R03,testing,08,608,1,1.0,1.0,0.8819822938382924,0.6632333194405818,0.029669582843780518
ONE,R03,testing,08,609,1,1.0,1.0,0.8819822938382924,0.6617889995766778,0.029122672975063324
ONE,R03,testing,08,610,1,1.0,1.0,0.8819822938382924,0.6603423408171124,0.029868682846426964
ONE,R03,testing,08,611,1,1.0,1.0,0.8819822938382924,0.6588933722773861,0.029665343463420868
ONE,R03,testing,08,612,1,1.0,1.0,0.8819822938382924,0.6574421230667181,0.030768658965826035
ONE,R03,testing,08,613,1,1.0,1.0,0.8819822938382924,0.6559886222870938,0.029551967978477478
ONE,R03,testing,08,614,1,1.0,1.0,0.8819822938382924,0.6545328990323153,0.028905073180794716
ONE,R03,testing,08,615,1,1.0,1.0,0.8819822938382924,0.6530749823870542,0.029405029490590096
ONE,R03,testing,08,616,1,1.0,1.0,0.8819822938382924,0.6516149014259062,0.029184209182858467
ONE,R03,testing,08,617,1,1.0,1.0,0.8819822938382924,0.6501526852124495,0.028586843982338905
ONE,R03,testing,08,618,1,1.0,1.0,0.8819822938382924,0.6486883627983044,0.02860136143863201
ONE,R03,testing,08,619,1,1.0,1.0,0.8819822938382924,0.6472219632221967,0.028309917077422142
ONE,R03,testing,08,620,1,1.0,1.0,0.8819822938382924,0.6457535155090224,0.0293015968054533
ONE,R03,testing,08,621,1,1.0,1.0,0.8819822938382924,0.6442830486689165,0.02990015409886837
ONE,R03,testing,08,622,1,1.0,1.0,0.8819822938382924,0.6428105916963235,0.029863601550459862
ONE,R03,testing,08,623,1,1.0,1.0,0.8819822938382924,0.6413361735690716,0.029465939849615097
ONE,R03,testing,08,624,1,1.0,0.9999999999999998,0.8176115364082563,0.593160176600076,0.02831326238811016
ONE,R03,testing,08,625,1,1.0,0.9999999999999998,0.8176115364082563,0.591789812155778,0.02927383966743946
ONE,R03,testing,08,626,1,1.0,0.9999999999999998,0.8176115364082563,0.5904177101778344,0.02936539240181446
ONE,R03,testing,08,627,1,1.0,0.9999999999999998,0.8176115364082563,0.5890438974589993,0.02858424186706543
ONE,R03,testing,08,628,1,1.0,0.9999999999999998,0.8176115364082563,0.5876684007723687,0.02799840085208416
ONE,R03,testing,08,629,1,1.0,0.9999999999999998,0.8176115364082563,0.5862912468705378,0.028376808390021324
ONE,R03,testing,08,630,1,1.0,0.9999999999999998,0.8176115364082563,0.5849124624847614,0.029325956478714943
ONE,R03,testing,08,631,1,1.0,0.9999999999999998,0.8176115364082563,0.5835320743241166,0.029435770586133003
ONE,R03,testing,08,632,1,1.0,0.9999999999999998,0.8176115364082563,0.5821501090746696,0.028141645714640617
ONE,R03,testing,08,633,1,1.0,0.9999999999999998,0.8176115364082563,0.5807665933986434,0.029740821570158005
ONE,R03,testing,08,634,1,1.0,0.9999999999999998,0.8176115364082563,0.5793815539335906,0.027891311794519424
ONE,R03,testing,08,635,1,1.0,0.9999999999999998,0.8176115364082563,0.5779950172915671,0.02826019562780857
ONE,R03,testing,08,636,1,1.0,0.9999999999999998,0.8176115364082563,0.5766070100583112,0.028977174311876297
ONE,R03,testing,08,637,1,1.0,0.9999999999999998,0.8176115364082563,0.5752175587924232,0.02873089537024498
ONE,R03,testing,08,638,1,1.0,0.9999999999999998,0.8176115364082563,0.5738266900245507,0.028483673930168152
ONE,R03,testing,08,639,1,1.0,0.9999999999999998,0.8176115364082563,0.572434430256574,0.02892669104039669
ONE,R03,testing,08,640,1,1.0,1.0,0.7502779307730125,0.5240132938502097,0.029445821419358253
ONE,R03,testing,08,641,1,1.0,1.0,0.7502779307730125,0.5227332122434716,0.02830052189528942
ONE,R03,testing,08,642,1,1.0,1.0,0.7502779307730125,0.5214519269833271,0.02868495136499405
ONE,R03,testing,08,643,1,1.0,1.0,0.7502779307730125,0.5201694622761293,0.02773279696702957
ONE,R03,testing,08,644,1,1.0,1.0,0.7502779307730125,0.5188858422981484,0.029078425839543343
ONE,R03,testing,08,645,1,1.0,1.0,0.7502779307730125,0.5176010911948431,0.02899496629834175
ONE,R03,testing,08,646,1,1.0,1.0,0.7502779307730125,0.5163152330801358,0.02910136617720127
ONE,R03,testing,08,647,0,1.0,1.0,0.7502779307730125,0.5150282920356904,0.029756449162960052
ONE,R03,testing,08,648,0,1.0,1.0,0.7502779307730125,0.5137402921101933,0.028943710029125214
ONE,R03,testing,08,649,0,1.0,1.0,0.7502779307730125,0.5124512573186384,0.028539316728711128
ONE,R03,testing,08,650,0,1.0,1.0,0.7502779307730125,0.5111612116416135,0.030053244903683662
ONE,R03,testing,08,651,0,1.0,1.0,0.7502779307730125,0.5098701790245921,0.029646649956703186
ONE,R03,testing,08,652,0,1.0,1.0,0.7502779307730125,0.5085781833772267,0.03470509499311447
ONE,R03,testing,08,653,0,1.0,1.0,0.7502779307730125,0.5072852485726458,0.03438488021492958
ONE,R03,testing,08,654,0,1.0,1.0,0.7502779307730125,0.5059913984467551,0.03365861251950264
ONE,R03,testing,08,655,0,1.0,1.0,0.7502779307730125,0.5046966567975407,0.0339268334209919
ONE,R03,testing,08,656,0,1.0,1.0,0.6805459217126125,0.45661416354113826,0.036085281521081924
ONE,R03,testing,08,657,0,1.0,1.0,0.6805459217126125,0.4554382045042375,0.03738102316856384
ONE,R03,testing,08,658,0,1.0,1.0,0.6805459217126125,0.4542615013494428,0.03679613396525383
ONE,R03,testing,08,659,0,1.0,1.0,0.6805459217126125,0.45308407551908425,0.03712393715977669
ONE,R03,testing,08,660,0,1.0,1.0,0.6805459217126125,0.451905948417985,0.038294993340969086
ONE,R03,testing,08,661,0,1.0,1.0,0.6805459217126125,0.4507271414128489,0.03928471729159355
ONE,R03,testing,08,662,0,1.0,1.0,0.6805459217126125,0.4495476758316506,0.042679086327552795
ONE,R03,testing,08,663,0,1.0,1.0,0.6805459217126125,0.448367572963029,0.04589865356683731
ONE,R03,testing,08,664,0,1.0,1.0,0.6805459217126125,0.4471868540556837,0.04323238879442215
ONE,R03,testing,08,665,0,1.0,1.0,0.6805459217126125,0.4460055403177752,0.04227038845419884
ONE,R03,testing,08,666,0,1.0,1.0,0.6805459217126125,0.44482365291632797,0.038939401507377625
ONE,R03,testing,08,667,0,1.0,1.0,0.6805459217126125,0.4436412129766368,0.03889283910393715
ONE,R03,testing,08,668,0,1.0,1.0,0.6805459217126125,0.44245824158167646,0.03966224193572998
ONE,R03,testing,08,669,0,1.0,1.0,0.6805459217126125,0.44127475977151487,0.04113638401031494
ONE,R03,testing,08,670,0,1.0,1.0,0.6805459217126125,0.44009078854272965,0.0388900525867939
ONE,R03,testing,08,671,0,1.0,1.0,0.6805459217126125,0.43890634884782753,0.03922479972243309
ONE,R03,testing,08,672,0,1.0,0.9999999999999998,0.609048638438438,0.3917350052273109,0.03918362408876419
ONE,R03,testing,08,673,0,1.0,0.9999999999999998,0.609048638438438,0.390674218844506,0.03887586295604706
ONE,R03,testing,08,674,0,1.0,0.9999999999999998,0.609048638438438,0.3896130692240327,0.04028621315956116
ONE,R03,testing,08,675,0,1.0,0.9999999999999998,0.609048638438438,0.38855157495425957,0.04020426794886589
ONE,R03,testing,08,676,0,1.0,0.9999999999999998,0.609048638438438,0.3874897545815636,0.039310429245233536
ONE,R03,testing,08,677,0,1.0,0.9999999999999998,0.609048638438438,0.38642762660982943,0.038002025336027145
ONE,R03,testing,08,678,0,1.0,0.9999999999999998,0.609048638438438,0.38536520949995196,0.03836076706647873
ONE,R03,testing,08,679,0,1.0,0.9999999999999998,0.609048638438438,0.3843025216693413,0.0389583557844162
ONE,R03,testing,08,680,0,1.0,0.9999999999999998,0.609048638438438,0.38323958149143167,0.041905857622623444
ONE,R03,testing,08,681,0,1.0,0.9999999999999998,0.609048638438438,0.3821764072951932,0.04286135733127594
ONE,R03,testing,08,682,0,1.0,0.9999999999999998,0.609048638438438,0.38111301736464637,0.043678946793079376
ONE,R03,testing,08,683,0,1.0,0.9999999999999998,0.609048638438438,0.3800494299383807,0.04167359694838524
ONE,R03,testing,08,684,0,1.0,0.9999999999999998,0.609048638438438,0.37898566320907595,0.042000290006399155
ONE,R03,testing,08,685,0,1.0,0.9999999999999998,0.609048638438438,0.3779217353230266,0.04128417372703552
ONE,R03,testing,11,10,0,1.0,0.9999999999999999,0.5364708121022926,0.33552219549563056,0.031064080074429512
ONE,R03,testing,11,11,0,1.0,0.9999999999999999,0.5364708121022926,0.33644297956281133,0.03134946897625923
ONE,R03,testing,11,12,0,1.0,0.9999999999999999,0.5364708121022926,0.3373635831783346,0.030772635713219643
ONE,R03,testing,11,13,0,1.0,0.9999999999999999,0.5364708121022926,0.33828399105240037,0.03240600600838661
ONE,R03,testing,11,14,0,1.0,0.9999999999999999,0.5364708121022926,0.339204187858152,0.030821727588772774
ONE,R03,testing,11,15,0,1.0,0.9999999999999999,0.5364708121022926,0.3401241582320678,0.03191741183400154
ONE,R03,testing,11,16,0,1.0,0.9999999999999999,0.6090486384384382,0.3871828815321789,0.031082458794116974
ONE,R03,testing,11,17,0,1.0,0.9999999999999999,0.6090486384384382,0.3882267458310068,0.031208109110593796
ONE,R03,testing,11,18,0,1.0,0.9999999999999999,0.6090486384384382,0.38927030049327915,0.03068794123828411
ONE,R03,testing,11,19,0,1.0,0.9999999999999999,0.6090486384384382,0.3903135279149819,0.030474498867988586
ONE,R03,testing,11,20,0,1.0,0.9999999999999999,0.6090486384384382,0.3913564104527414,0.031041748821735382
ONE,R03,testing,11,21,0,1.0,0.9999999999999999,0.6090486384384382,0.39239893042428553,0.03049570322036743
ONE,R03,testing,11,22,0,1.0,0.9999999999999999,0.6090486384384382,0.3934410701089087,0.029900969937443733
ONE,R03,testing,11,23,0,1.0,0.9999999999999999,0.6090486384384382,0.39448281174793876,0.028913522139191628
ONE,R03,testing,11,24,0,1.0,0.9999999999999999,0.6090486384384382,0.395524137545207,0.02980806864798069
ONE,R03,testing,11,25,0,1.0,0.9999999999999999,0.6090486384384382,0.396565029667521,0.02995629422366619
ONE,R03,testing,11,26,0,1.0,0.9999999999999999,0.6090486384384382,0.39760547024514004,0.029800286516547203
ONE,R03,testing,11,27,0,1.0,0.9999999999999999,0.6090486384384382,0.3986454413722532,0.02976047806441784
ONE,R03,testing,11,28,0,1.0,0.9999999999999999,0.6090486384384382,0.39968492510746045,0.02892526239156723
ONE,R03,testing,11,29,0,1.0,0.9999999999999999,0.6090486384384382,0.400723903474256,0.028668098151683807
ONE,R03,testing,11,30,0,1.0,0.9999999999999999,0.6090486384384382,0.4017623584615149,0.028948398306965828
ONE,R03,testing,11,31,0,1.0,0.9999999999999999,0.6090486384384382,0.4028002720239816,0.028753573074936867
ONE,R03,testing,11,32,0,1.0,1.0,0.6805459217126126,0.45124483024766826,0.029064543545246124
ONE,R03,testing,11,33,0,1.0,1.0,0.6805459217126126,0.4524033156879402,0.030524371191859245
ONE,R03,testing,11,34,0,1.0,1.0,0.6805459217126126,0.45356113543044435,0.02960636094212532
ONE,R03,testing,11,35,0,1.0,1.0,0.6805459217126126,0.4547182691645345,0.029314618557691574
ONE,R03,testing,11,36,0,1.0,1.0,0.6805459217126126,0.45587469654420315,0.02876366302371025
ONE,R03,testing,11,37,0,1.0,1.0,0.6805459217126126,0.45703039718864485,0.028545992448925972
ONE,R03,testing,11,38,0,1.0,1.0,0.6805459217126126,0.4581853506828226,0.02895689383149147
ONE,R03,testing,11,39,0,1.0,1.0,0.6805459217126126,0.4593395365780378,0.029255850240588188
ONE,R03,testing,11,40,0,1.0,1.0,0.6805459217126126,0.46049293439250166,0.029531974345445633
ONE,R03,testing,11,41,0,1.0,1.0,0.6805459217126126,0.4616455236119108,0.03017386794090271
ONE,R03,testing,11,42,0,1.0,1.0,0.6805459217126126,0.4627972836900247,0.027600064873695374
ONE,R03,testing,11,43,0,1.0,1.0,0.6805459217126126,0.4639481940492461,0.028259793296456337
ONE,R03,testing,11,44,0,1.0,1.0,0.6805459217126126,0.465098234081204,0.02798384241759777
ONE,R03,testing,11,45,0,1.0,1.0,0.6805459217126126,0.46624738314733966,0.028504010289907455
ONE,R03,testing,11,46,0,1.0,1.0,0.6805459217126126,0.4673956205794954,0.027307787910103798
ONE,R03,testing,11,47,0,1.0,1.0,0.6805459217126126,0.46854292568050504,0.027635101228952408
ONE,R03,testing,11,48,0,1.0,0.9999999999999999,0.7502779307730125,0.5178159006681091,0.02732977457344532
ONE,R03,testing,11,49,0,1.0,0.9999999999999999,0.7502779307730125,0.519078639866243,0.026449639350175858
ONE,R03,testing,11,50,0,1.0,0.9999999999999999,0.7502779307730125,0.5203402825630826,0.027688203379511833
ONE,R03,testing,11,51,0,1.0,0.9999999999999999,0.7502779307730125,0.5216008058193833,0.026669654995203018
ONE,R03,testing,11,52,0,1.0,0.9999999999999999,0.7502779307730125,0.5228601866672216,0.02830793336033821
ONE,R03,testing,11,53,0,1.0,0.9999999999999999,0.7502779307730125,0.524118402110664,0.02735510841012001
ONE,R03,testing,11,54,0,1.0,0.9999999999999999,0.7502779307730125,0.5253754291264378,0.027236653491854668
ONE,R03,testing,11,55,0,1.0,0.9999999999999999,0.7502779307730125,0.5266312446646058,0.026818616315722466
ONE,R03,testing,11,56,0,1.0,0.9999999999999999,0.7502779307730125,0.5278858256492427,0.027223914861679077
ONE,R03,testing,11,57,0,1.0,0.9999999999999999,0.7502779307730125,0.5291391489791151,0.02717566303908825
ONE,R03,testing,11,58,0,1.0,0.9999999999999999,0.7502779307730125,0.5303911915283632,0.02763964608311653
ONE,R03,testing,11,59,0,1.0,0.9999999999999999,0.7502779307730125,0.531641930147186,0.02627580612897873
ONE,R03,testing,11,60,0,1.0,0.9999999999999999,0.7502779307730125,0.5328913416625282,0.02701708674430847
ONE,R03,testing,11,61,0,1.0,0.9999999999999999,0.7502779307730125,0.5341394028787699,0.027283672243356705
ONE,R03,testing,11,62,0,1.0,0.9999999999999999,0.7502779307730125,0.5353860905784202,0.027698146179318428
ONE,R03,testing,11,63,0,1.0,0.9999999999999999,0.7502779307730125,0.5366313815228108,0.027653267607092857
ONE,R03,testing,11,64,0,1.0,0.9999999999999998,0.8176115364082565,0.5861468044259399,0.027255376800894737
ONE,R03,testing,11,65,0,1.0,0.9999999999999998,0.8176115364082565,0.5875007335863379,0.026841940358281136
ONE,R03,testing,11,66,0,1.0,0.9999999999999998,0.8176115364082565,0.5888530645363278,0.02772175520658493
ONE,R03,testing,11,67,0,1.0,0.9999999999999998,0.8176115364082565,0.5902037718670071,0.02713298238813877
ONE,R03,testing,11,68,0,1.0,0.9999999999999998,0.8176115364082565,0.591552830150222,0.027834556996822357
ONE,R03,testing,11,69,0,1.0,0.9999999999999998,0.8176115364082565,0.592900213939341,0.027540083974599838
ONE,R03,testing,11,70,0,1.0,0.9999999999999998,0.8176115364082565,0.5942458977700299,0.02718639373779297
ONE,R03,testing,11,71,0,1.0,0.9999999999999998,0.8176115364082565,0.5955898561610302,0.027515023946762085
ONE,R03,testing,11,72,0,1.0,0.9999999999999998,0.8176115364082565,0.5969320636149396,0.026678208261728287
ONE,R03,testing,11,73,0,1.0,0.9999999999999998,0.8176115364082565,0.5982724946189945,0.028140177950263023
ONE,R03,testing,11,74,0,1.0,0.9999999999999998,0.8176115364082565,0.5996111236458557,0.028944263234734535
ONE,R03,testing,11,75,0,1.0,0.9999999999999998,0.8176115364082565,0.6009479251543955,0.028251972049474716
ONE,R03,testing,11,76,0,1.0,0.9999999999999998,0.8176115364082565,0.6022828735904886,0.028485216200351715
ONE,R03,testing,11,77,0,1.0,0.9999999999999998,0.8176115364082565,0.603615943387803,0.027946695685386658
ONE,R03,testing,11,78,0,1.0,0.9999999999999998,0.8176115364082565,0.6049471089685956,0.027434471994638443
ONE,R03,testing,11,79,0,1.0,0.9999999999999998,0.8176115364082565,0.6062763447445085,0.02848566323518753
ONE,R03,testing,11,80,0,1.0,1.0,0.8819822938382925,0.6554404080202338,0.029057471081614494
ONE,R03,testing,11,81,0,1.0,1.0,0.8819822938382925,0.6568700485277515,0.02885177917778492
ONE,R03,testing,11,82,0,1.0,1.0,0.8819822938382925,0.6582975244274955,0.027713891118764877
ONE,R03,testing,11,83,0,1.0,1.0,0.8819822938382925,0.6597228080793688,0.02950611338019371
ONE,R03,testing,11,84,0,1.0,1.0,0.8819822938382925,0.6611458718361559,0.028357040137052536
ONE,R03,testing,11,85,0,1.0,1.0,0.8819822938382925,0.6625666880443952,0.02766311913728714
ONE,R03,testing,11,86,0,1.0,1.0,0.8819822938382925,0.663985229045255,0.0283570047467947
ONE,R03,testing,11,87,0,1.0,1.0,0.8819822938382925,0.6654014671754099,0.028789479285478592
ONE,R03,testing,11,88,0,1.0,1.0,0.8819822938382925,0.666815374767921,0.028239818289875984
ONE,R03,testing,11,89,0,1.0,1.0,0.8819822938382925,0.6682269241531162,0.028092479333281517
ONE,R03,testing,11,90,0,1.0,1.0,0.8819822938382925,0.6696360876594748,0.028116833418607712
ONE,R03,testing,11,91,0,1.0,1.0,0.8819822938382925,0.6710428376145117,0.029053164646029472
ONE,R03,testing,11,92,0,1.0,1.0,0.8819822938382925,0.6724471463456652,0.0290716290473938
ONE,R03,testing,11,93,0,1.0,1.0,0.8819822938382925,0.6738489861811859,0.028395941480994225
ONE,R03,testing,11,94,0,1.0,1.0,0.8819822938382925,0.6752483294510274,0.027744028717279434
ONE,R03,testing,11,95,0,1.0,1.0,0.8819822938382925,0.6766451484877395,0.028953811153769493
ONE,R03,testing,11,96,0,1.0,1.0,0.9429082597083381,0.7248773244875056,0.028145430609583855
ONE,R03,testing,11,97,0,1.0,1.0,0.9429082597083381,0.7263651476854015,0.029049666598439217
ONE,R03,testing,11,98,0,1.0,1.0,0.9429082597083381,0.7278501835702652,0.0285973958671093
ONE,R03,testing,11,99,0,1.0,1.0,0.9429082597083381,0.7293324025841031,0.028011487796902657
ONE,R03,testing,11,100,0,1.0,1.0,0.9429082597083381,0.7308117751764959,0.028239527717232704
ONE,R03,testing,11,101,0,1.0,1.0,0.9429082597083381,0.7322882718055636,0.02803674526512623
ONE,R03,testing,11,102,0,1.0,1.0,0.9429082597083381,0.7337618629389314,0.028639869764447212
ONE,R03,testing,11,103,0,1.0,1.0,0.9429082597083381,0.7352325190546993,0.028575927019119263
ONE,R03,testing,11,104,0,1.0,1.0,0.9429082597083381,0.7367002106424106,0.02817063219845295
ONE,R03,testing,11,105,0,1.0,1.0,0.9429082597083381,0.738164908204023,0.028331227600574493
ONE,R03,testing,11,106,0,1.0,1.0,0.9429082597083381,0.7396265822548825,0.02863551676273346
ONE,R03,testing,11,107,0,1.0,1.0,0.9429082597083381,0.7410852033246957,0.0271289199590683
ONE,R03,testing,11,108,0,1.0,1.0,0.9429082597083381,0.7425407419585067,0.028073547407984734
ONE,R03,testing,11,109,0,1.0,1.0,0.9429082597083381,0.7439931687176726,0.027057286351919174
ONE,R03,testing,11,110,0,1.0,1.0,0.9429082597083381,0.7454424541808427,0.02813064306974411
ONE,R03,testing,11,111,0,1.0,1.0,0.9429082597083381,0.7468885689449358,0.02761104889214039
ONE,R03,testing,11,112,0,1.0,1.0,1.0,0.7936418797069379,0.028679898008704185
ONE,R03,testing,11,113,0,1.0,1.0,1.0,0.7951687358139461,0.029276765882968903
ONE,R03,testing,11,114,0,1.0,1.0,1.0,0.796692135817085,0.028874538838863373
ONE,R03,testing,11,115,0,1.0,1.0,1.0,0.7982120486208761,0.02793172001838684
ONE,R03,testing,11,116,0,1.0,1.0,1.0,0.7997284431544286,0.029621612280607224
ONE,R03,testing,11,117,0,1.0,1.0,1.0,0.8012412883724834,0.0291372649371624
ONE,R03,testing,11,118,0,1.0,1.0,1.0,0.8027505532564604,0.029615435749292374
ONE,R03,testing,11,119,0,1.0,1.0,1.0,0.8042562068155045,0.029195096343755722
ONE,R03,testing,11,120,0,1.0,1.0,1.0,0.8057582180875347,0.028791354969143867
ONE,R03,testing,11,121,0,1.0,1.0,1.0,0.8072565561402919,0.028070667758584023
ONE,R03,testing,11,122,0,1.0,1.0,1.0,0.8087511900723892,0.028445664793252945
ONE,R03,testing,11,123,0,1.0,1.0,1.0,0.8102420890143618,0.028368761762976646
ONE,R03,testing,11,124,0,1.0,1.0,1.0,0.8117292221297179,0.028416212648153305
ONE,R03,testing,11,125,0,1.0,1.0,1.0,0.8132125586159905,0.029057800769805908
ONE,R03,testing,11,126,0,1.0,1.0,1.0,0.8146920677057893,0.028011271730065346
ONE,R03,testing,11,127,0,1.0,1.0,1.0,0.8161677186678534,0.028603848069906235
ONE,R03,testing,11,128,0,1.0,1.0,0.9999999999999999,0.8176394808081044,0.028728950768709183
ONE,R03,testing,11,129,0,1.0,1.0,0.9999999999999999,0.8191073234707004,0.02785264141857624
ONE,R03,testing,11,130,0,1.0,1.0,0.9999999999999999,0.8205712160390888,0.02758355252444744
ONE,R03,testing,11,131,0,1.0,1.0,0.9999999999999999,0.8220311279370615,0.028781890869140625
ONE,R03,testing,11,132,0,1.0,1.0,0.9999999999999999,0.8234870286298092,0.027177922427654266
ONE,R03,testing,11,133,0,1.0,1.0,0.9999999999999999,0.8249388876249755,0.026966065168380737
ONE,R03,testing,11,134,0,1.0,1.0,0.9999999999999999,0.8263866744737126,0.028140662238001823
ONE,R03,testing,11,135,0,1.0,1.0,0.9999999999999999,0.8278303587717359,0.027005137875676155
ONE,R03,testing,11,136,0,1.0,1.0,0.9999999999999999,0.8292699101603789,0.02796097844839096
ONE,R03,testing,11,137,0,1.0,1.0,0.9999999999999999,0.8307052983276484,0.02833610773086548
ONE,R03,testing,11,138,0,1.0,1.0,0.9999999999999999,0.8321364930092797,0.02756372280418873
ONE,R03,testing,11,139,0,1.0,1.0,0.9999999999999999,0.8335634639897912,0.029150506481528282
ONE,R03,testing,11,140,0,1.0,1.0,0.9999999999999999,0.8349861811035395,0.027802899479866028
ONE,R03,testing,11,141,0,1.0,1.0,0.9999999999999999,0.836404614235774,0.028778977692127228
ONE,R03,testing,11,142,0,1.0,1.0,0.9999999999999999,0.8378187333236908,0.027747005224227905
ONE,R03,testing,11,143,0,1.0,1.0,0.9999999999999999,0.839228508357488,0.026612011715769768
ONE,R03,testing,11,144,0,1.0,0.9999999999999999,1.0,0.8406339093814177,0.028134210035204887
ONE,R03,testing,11,145,0,1.0,0.9999999999999999,1.0,0.8420349064948407,0.027469420805573463
ONE,R03,testing,11,146,0,1.0,0.9999999999999999,1.0,0.8434314698532789,0.027354056015610695
ONE,R03,testing,11,147,0,1.0,0.9999999999999999,1.0,0.844823569669468,0.027542494237422943
ONE,R03,testing,11,148,0,1.0,0.9999999999999999,1.0,0.8462111762144089,0.02739216387271881
ONE,R03,testing,11,149,0,1.0,0.9999999999999999,1.0,0.8475942598184192,0.02829042263329029
ONE,R03,testing,11,150,0,1.0,0.9999999999999999,1.0,0.848972790872184,0.027642879635095596
ONE,R03,testing,11,151,0,1.0,0.9999999999999999,1.0,0.8503467398278056,0.02866715006530285
ONE,R03,testing,11,152,0,1.0,0.9999999999999999,1.0,0.8517160771998525,0.030205076560378075
ONE,R03,testing,11,153,0,1.0,0.9999999999999999,1.0,0.8530807735664083,0.029623491689562798
ONE,R03,testing,11,154,0,1.0,0.9999999999999999,1.0,0.8544407995701184,0.029168859124183655
ONE,R03,testing,11,155,0,1.0,0.9999999999999999,1.0,0.8557961259192373,0.029279544949531555
ONE,R03,testing,11,156,0,1.0,0.9999999999999999,1.0,0.8571467233886737,0.028500434011220932
ONE,R03,testing,11,157,0,1.0,0.9999999999999999,1.0,0.8584925628210356,0.028619807213544846
ONE,R03,testing,11,158,0,1.0,0.9999999999999999,1.0,0.8598336151276734,0.027938447892665863
ONE,R03,testing,11,159,0,1.0,0.9999999999999999,1.0,0.8611698512897225,0.02790931425988674
ONE,R03,testing,11,160,0,1.0,1.0,0.9999999999999999,0.8625012423591442,0.02755454182624817
ONE,R03,testing,11,161,0,1.0,1.0,0.9999999999999999,0.8638277594597669,0.02836105041205883
ONE,R03,testing,11,162,0,1.0,1.0,0.9999999999999999,0.8651493737883232,0.027642816305160522
ONE,R03,testing,11,163,0,1.0,1.0,0.9999999999999999,0.8664660566154886,0.02711622789502144
ONE,R03,testing,11,164,0,1.0,1.0,0.9999999999999999,0.8677777792869168,0.027833761647343636
ONE,R03,testing,11,165,0,1.0,1.0,0.9999999999999999,0.8690845132242748,0.027420980855822563
ONE,R03,testing,11,166,0,1.0,1.0,0.9999999999999999,0.8703862299262759,0.02787584252655506
ONE,R03,testing,11,167,0,1.0,1.0,0.9999999999999999,0.8716829009697111,0.028786059468984604
ONE,R03,testing,11,168,0,1.0,1.0,0.9999999999999999,0.8729744980104793,0.02823508158326149
ONE,R03,testing,11,169,0,1.0,1.0,0.9999999999999999,0.8742609927846159,0.02758326753973961
ONE,R03,testing,11,170,0,1.0,1.0,0.9999999999999999,0.8755423571093189,0.027682427316904068
ONE,R03,testing,11,171,0,1.0,1.0,0.9999999999999999,0.8768185628839745,0.027995962649583817
ONE,R03,testing,11,172,0,1.0,1.0,0.9999999999999999,0.8780895820911797,0.02919325977563858
ONE,R03,testing,11,173,0,1.0,1.0,0.9999999999999999,0.8793553867977641,0.028849290683865547
ONE,R03,testing,11,174,0,1.0,1.0,0.9999999999999999,0.8806159491558089,0.02886805683374405
ONE,R03,testing,11,175,0,1.0,1.0,0.9999999999999999,0.8818712414036646,0.028557943180203438
ONE,R03,testing,11,176,0,1.0,0.9999999999999998,0.9999999999999999,0.8831212358669664,0.029571533203125
ONE,R03,testing,11,177,0,1.0,0.9999999999999998,0.9999999999999999,0.8843659049596478,0.029151149094104767
ONE,R03,testing,11,178,0,1.0,0.9999999999999998,0.9999999999999999,0.8856052211849513,0.029350701719522476
ONE,R03,testing,11,179,0,1.0,0.9999999999999998,0.9999999999999999,0.8868391571364383,0.029500361531972885
ONE,R03,testing,11,180,0,1.0,0.9999999999999998,0.9999999999999999,0.8880676854989957,0.029806513339281082
ONE,R03,testing,11,181,0,1.0,0.9999999999999998,0.9999999999999999,0.8892907790498402,0.029361966997385025
ONE,R03,testing,11,182,0,1.0,0.9999999999999998,0.9999999999999999,0.8905084106595216,0.029973553493618965
ONE,R03,testing,11,183,0,1.0,0.9999999999999998,0.9999999999999999,0.8917205532929215,0.028619462624192238
ONE,R03,testing,11,184,0,1.0,0.9999999999999998,0.9999999999999999,0.8929271800102525,0.031319450587034225
ONE,R03,testing,11,185,0,1.0,0.9999999999999998,0.9999999999999999,0.8941282639680519,0.030188467353582382
ONE,R03,testing,11,186,0,1.0,0.9999999999999998,0.9999999999999999,0.8953237784201749,0.029904674738645554
ONE,R03,testing,11,187,0,1.0,0.9999999999999998,0.9999999999999999,0.8965136967187847,0.02962666191160679
ONE,R03,testing,11,188,0,1.0,0.9999999999999998,0.9999999999999999,0.8976979923153396,0.029736651107668877
ONE,R03,testing,11,189,0,1.0,0.9999999999999998,0.9999999999999999,0.8988766387615785,0.029731161892414093
ONE,R03,testing,11,190,0,1.0,0.9999999999999998,0.9999999999999999,0.9000496097105019,0.029543297365307808
ONE,R03,testing,11,191,0,1.0,0.9999999999999998,0.9999999999999999,0.9012168789173517,0.029113072901964188
ONE,R03,testing,11,192,0,1.0,0.9999999999999999,0.9999999999999999,0.9023784202405876,0.029837019741535187
ONE,R03,testing,11,193,0,1.0,0.9999999999999999,0.9999999999999999,0.9035342076428606,0.0312800407409668
ONE,R03,testing,11,194,0,1.0,0.9999999999999999,0.9999999999999999,0.9046842151919839,0.031016968190670013
ONE,R03,testing,11,195,0,1.0,0.9999999999999999,0.9999999999999999,0.9058284170619001,0.030198711901903152
ONE,R03,testing,11,196,0,1.0,0.9999999999999999,0.9999999999999999,0.9069667875336459,0.030256865546107292
ONE,R03,testing,11,197,0,1.0,0.9999999999999999,0.9999999999999999,0.9080993009963141,0.029507016763091087
ONE,R03,testing,11,198,0,1.0,0.9999999999999999,0.9999999999999999,0.9092259319480114,0.029959246516227722
ONE,R03,testing,11,199,0,1.0,0.9999999999999999,0.9999999999999999,0.9103466549968142,0.029629241675138474
ONE,R03,testing,11,200,0,1.0,0.9999999999999999,0.9999999999999999,0.9114614448617204,0.030908090993762016
ONE,R03,testing,11,201,0,1.0,0.9999999999999999,0.9999999999999999,0.912570276373598,0.02996256574988365
ONE,R03,testing,11,202,0,1.0,0.9999999999999999,0.9999999999999999,0.9136731244761307,0.030214836820960045
ONE,R03,testing,11,203,0,1.0,0.9999999999999999,0.9999999999999999,0.9147699642267599,0.0323602631688118
ONE,R03,testing,11,204,0,1.0,0.9999999999999999,0.9999999999999999,0.9158607707976236,0.03377290442585945
ONE,R03,testing,11,205,0,1.0,0.9999999999999999,0.9999999999999999,0.9169455194764908,0.03372073918581009
ONE,R03,testing,11,206,0,1.0,0.9999999999999999,0.9999999999999999,0.9180241856676942,0.03856724128127098
ONE,R03,testing,11,207,0,1.0,0.9999999999999999,0.9999999999999999,0.9190967448930569,0.041890114545822144
ONE,R03,testing,11,208,0,1.0,0.9999999999999999,1.0,0.9201631727928185,0.03740943595767021
ONE,R03,testing,11,209,0,1.0,0.9999999999999999,1.0,0.921223445126554,0.038551297038793564
ONE,R03,testing,11,210,0,1.0,0.9999999999999999,1.0,0.9222775377740924,0.038295138627290726
ONE,R03,testing,11,211,0,1.0,0.9999999999999999,1.0,0.9233254267364293,0.03658701851963997
ONE,R03,testing,11,212,0,1.0,0.9999999999999999,1.0,0.9243670881366362,0.038526780903339386
ONE,R03,testing,11,213,0,1.0,0.9999999999999999,1.0,0.9254024982207664,0.03420837223529816
ONE,R03,testing,11,214,0,1.0,0.9999999999999999,1.0,0.9264316333587567,0.03566494584083557
ONE,R03,testing,11,215,0,1.0,0.9999999999999999,1.0,0.9274544700453249,0.03419671580195427
ONE,R03,testing,11,216,0,1.0,0.9999999999999999,1.0,0.9284709849008635,0.03236718848347664
ONE,R03,testing,11,217,0,1.0,0.9999999999999999,1.0,0.9294811546723298,0.032188016921281815
ONE,R03,testing,11,218,0,1.0,0.9999999999999999,1.0,0.9304849562341309,0.0332014225423336
ONE,R03,testing,11,219,0,1.0,0.9999999999999999,1.0,0.9314823665890051,0.03419817239046097
ONE,R03,testing,11,220,0,1.0,0.9999999999999999,1.0,0.9324733628688998,0.03428899124264717
ONE,R03,testing,11,221,0,1.0,0.9999999999999999,1.0,0.9334579223358439,0.03472835198044777
ONE,R03,testing,11,222,0,1.0,0.9999999999999999,1.0,0.9344360223828163,0.034266769886016846
ONE,R03,testing,11,223,0,1.0,0.9999999999999999,1.0,0.9354076405346109,0.03449057787656784
ONE,R03,testing,11,224,0,1.0,1.0,1.0,0.9363727544486958,0.0351308174431324
ONE,R03,testing,11,225,0,1.0,1.0,1.0,0.9373313419160695,0.03395673632621765
ONE,R03,testing,11,226,0,1.0,1.0,1.0,0.9382833808621114,0.03130956366658211
ONE,R03,testing,11,227,0,1.0,1.0,1.0,0.9392288493474288,0.03267229348421097
ONE,R03,testing,11,228,0,1.0,1.0,1.0,0.9401677255686987,0.030623501166701317
ONE,R03,testing,11,229,0,1.0,1.0,1.0,0.9410999878595047,0.03275216743350029
ONE,R03,testing,11,230,0,1.0,1.0,1.0,0.9420256146911705,0.03146564960479736
ONE,R03,testing,11,231,0,1.0,1.0,1.0,0.9429445846735874,0.03090314008295536
ONE,R03,testing,11,232,0,1.0,1.0,1.0,0.9438568765560376,0.02514088898897171
ONE,R03,testing,11,233,0,1.0,1.0,1.0,0.9447624692280128,0.024271607398986816
ONE,R03,testing,11,234,0,1.0,1.0,1.0,0.9456613417200276,0.027235599234700203
ONE,R03,testing,11,235,0,1.0,1.0,1.0,0.9465534732044285,0.027135737240314484
ONE,R03,testing,11,236,0,1.0,1.0,1.0,0.9474388429961977,0.027249382808804512
ONE,R03,testing,11,237,0,1.0,1.0,1.0,0.948317430553752,0.026584651321172714
ONE,R03,testing,11,238,0,1.0,1.0,1.0,0.9491892154797362,0.02624920941889286
ONE,R03,testing,11,239,0,1.0,1.0,1.0,0.9500541775218125,0.02743256464600563
ONE,R03,testing,11,240,0,1.0,1.0,1.0,0.9509122965734441,0.027682963758707047
ONE,R03,testing,11,241,0,1.0,1.0,1.0,0.9517635526746735,0.028027748689055443
ONE,R03,testing,11,242,0,1.0,1.0,1.0,0.9526079260128961,0.028199531137943268
ONE,R03,testing,11,243,0,1.0,1.0,1.0,0.9534453969236284,0.028405124321579933
ONE,R03,testing,11,244,0,1.0,1.0,1.0,0.954275945891271,0.027554403990507126
ONE,R03,testing,11,245,0,1.0,1.0,1.0,0.9550995535498658,0.027043838053941727
ONE,R03,testing,11,246,0,1.0,1.0,1.0,0.9559162006838487,0.02751343883574009
ONE,R03,testing,11,247,0,1.0,1.0,1.0,0.9567258682287968,0.028977805748581886
ONE,R03,testing,11,248,0,1.0,1.0,1.0,0.9575285372721687,0.02751954086124897
ONE,R03,testing,11,249,0,1.0,1.0,1.0,0.9583241890540416,0.027550185099244118
ONE,R03,testing,11,250,0,1.0,1.0,1.0,0.9591128049678415,0.027360478416085243
ONE,R03,testing,11,251,0,1.0,1.0,1.0,0.959894366561068,0.027163004502654076
ONE,R03,testing,11,252,0,1.0,1.0,1.0,0.9606688555360134,0.025960952043533325
ONE,R03,testing,11,253,0,1.0,1.0,1.0,0.9614362537504776,0.027184659615159035
ONE,R03,testing,11,254,0,1.0,1.0,1.0,0.9621965432184744,0.025462724268436432
ONE,R03,testing,11,255,0,1.0,1.0,1.0,0.9629497061109352,0.025576256215572357
ONE,R03,testing,11,256,0,1.0,1.0,0.9999999999999999,0.9636957247564054,0.025816982612013817
ONE,R03,testing,11,257,0,1.0,1.0,0.9999999999999999,0.9644345816417351,0.0267090555280447
ONE,R03,testing,11,258,0,1.0,1.0,0.9999999999999999,0.9651662594127638,0.02573571354150772
ONE,R03,testing,11,259,0,1.0,1.0,0.9999999999999999,0.9658907408750002,0.025199905037879944
ONE,R03,testing,11,260,0,1.0,1.0,0.9999999999999999,0.9666080089942949,0.025839176028966904
ONE,R03,testing,11,261,0,1.0,1.0,0.9999999999999999,0.9673180468975084,0.02588360384106636
ONE,R03,testing,11,262,0,1.0,1.0,0.9999999999999999,0.9680208378731721,0.027562111616134644
ONE,R03,testing,11,263,0,1.0,1.0,0.9999999999999999,0.9687163653721436,0.02747926115989685
ONE,R03,testing,11,264,0,1.0,1.0,0.9999999999999999,0.9694046130082563,0.02729126252233982
ONE,R03,testing,11,265,0,1.0,1.0,0.9999999999999999,0.9700855645589627,0.02749287337064743
ONE,R03,testing,11,266,0,1.0,1.0,0.9999999999999999,0.9707592039659713,0.027862031012773514
ONE,R03,testing,11,267,0,1.0,1.0,0.9999999999999999,0.971425515335878,0.02704717218875885
ONE,R03,testing,11,268,0,1.0,1.0,0.9999999999999999,0.9720844829407905,0.026621324941515923
ONE,R03,testing,11,269,0,1.0,1.0,0.9999999999999999,0.9727360912189477,0.026781724765896797
ONE,R03,testing,11,270,0,1.0,1.0,0.9999999999999999,0.9733803247753311,0.027397049590945244
ONE,R03,testing,11,271,0,1.0,1.0,0.9999999999999999,0.9740171683822718,0.02702425792813301
ONE,R03,testing,11,272,0,1.0,0.9999999999999999,1.0,0.9746466069800499,0.025610612705349922
ONE,R03,testing,11,273,0,1.0,0.9999999999999999,1.0,0.9752686256774877,0.026569431647658348
ONE,R03,testing,11,274,0,1.0,0.9999999999999999,1.0,0.9758832097525377,0.025902919471263885
ONE,R03,testing,11,275,0,1.0,0.9999999999999999,1.0,0.976490344652862,0.0263986773788929
ONE,R03,testing,11,276,0,1.0,0.9999999999999999,1.0,0.9770900159964075,0.026528706774115562
ONE,R03,testing,11,277,0,1.0,0.9999999999999999,1.0,0.9776822095719736,0.026896465569734573
ONE,R03,testing,11,278,0,1.0,0.9999999999999999,1.0,0.9782669113397727,0.027165662497282028
ONE,R03,testing,11,279,0,1.0,0.9999999999999999,1.0,0.9788441074319858,0.026912277564406395
ONE,R03,testing,11,280,0,1.0,0.9999999999999999,1.0,0.9794137841533097,0.02714395523071289
ONE,R03,testing,11,281,0,1.0,0.9999999999999999,1.0,0.9799759279814998,0.02708509750664234
ONE,R03,testing,11,282,0,1.0,0.9999999999999999,1.0,0.9805305255679035,0.028487490490078926
ONE,R03,testing,11,283,0,1.0,0.9999999999999999,1.0,0.9810775637379899,0.026906149461865425
ONE,R03,testing,11,284,0,1.0,0.9999999999999999,1.0,0.9816170294918704,0.026860054582357407
ONE,R03,testing,11,285,0,1.0,0.9999999999999999,1.0,0.9821489100048137,0.02604556456208229
ONE,R03,testing,11,286,0,1.0,0.9999999999999999,1.0,0.9826731926277544,0.026685332879424095
ONE,R03,testing,11,287,0,1.0,0.9999999999999999,1.0,0.9831898648877936,0.026933010667562485
ONE,R03,testing,11,288,0,1.0,1.0,1.0,0.9836989144886942,0.0267335195094347
ONE,R03,testing,11,289,0,1.0,1.0,1.0,0.9842003293113677,0.026586409658193588
ONE,R03,testing,11,290,0,1.0,1.0,1.0,0.9846940974143562,0.026545381173491478
ONE,R03,testing,11,291,0,1.0,1.0,1.0,0.9851802070343052,0.026644041761755943
ONE,R03,testing,11,292,0,1.0,1.0,1.0,0.9856586465864314,0.0270412415266037
ONE,R03,testing,11,293,0,1.0,1.0,1.0,0.9861294046649826,0.027540000155568123
ONE,R03,testing,11,294,0,1.0,1.0,1.0,0.9865924700436906,0.027394436299800873
ONE,R03,testing,11,295,0,1.0,1.0,1.0,0.9870478316762179,0.027327178046107292
ONE,R03,testing,11,296,0,1.0,1.0,1.0,0.9874954786965967,0.027949003502726555
ONE,R03,testing,11,297,0,1.0,1.0,1.0,0.9879354004196605,0.02780834212899208
ONE,R03,testing,11,298,0,1.0,1.0,1.0,0.9883675863414699,0.027234984561800957
ONE,R03,testing,11,299,0,1.0,1.0,1.0,0.9887920261397304,0.028263268992304802
ONE,R03,testing,11,300,0,1.0,1.0,1.0,0.9892087096742027,0.026595763862133026
ONE,R03,testing,11,301,0,1.0,1.0,1.0,0.9896176269871072,0.028025256469845772
ONE,R03,testing,11,302,0,1.0,1.0,1.0,0.9900187683035205,0.029837731271982193
ONE,R03,testing,11,303,0,1.0,1.0,1.0,0.9904121240317644,0.027628853917121887
ONE,R03,testing,11,304,0,1.0,1.0,1.0,0.9907976847637883,0.02794443815946579
ONE,R03,testing,11,305,0,1.0,1.0,1.0,0.9911754412755446,0.028514541685581207
ONE,R03,testing,11,306,0,1.0,1.0,1.0,0.9915453845273561,0.027757221832871437
ONE,R03,testing,11,307,0,1.0,1.0,1.0,0.9919075056642763,0.028840210288763046
ONE,R03,testing,11,308,0,1.0,1.0,1.0,0.9922617960164436,0.02750692330300808
ONE,R03,testing,11,309,0,1.0,1.0,1.0,0.992608247099426,0.02705022506415844
ONE,R03,testing,11,310,0,1.0,1.0,1.0,0.9929468506145606,0.02739420160651207
ONE,R03,testing,11,311,0,1.0,1.0,1.0,0.9932775984492846,0.02785038948059082
ONE,R03,testing,11,312,0,1.0,1.0,1.0,0.9936004826774594,0.028834249824285507
ONE,R03,testing,11,313,0,1.0,1.0,1.0,0.993915495559687,0.029043303802609444
ONE,R03,testing,11,314,0,1.0,1.0,1.0,0.994222629543619,0.028070013970136642
ONE,R03,testing,11,315,0,1.0,1.0,1.0,0.9945218772642589,0.027362912893295288
ONE,R03,testing,11,316,0,1.0,1.0,1.0,0.9948132315442562,0.028326712548732758
ONE,R03,testing,11,317,0,1.0,1.0,1.0,0.9950966853941928,0.02788797952234745
ONE,R03,testing,11,318,0,1.0,1.0,1.0,0.9953722320128635,0.028765814378857613
ONE,R03,testing,11,319,0,1.0,1.0,1.0,0.9956398647875471,0.029033690690994263
ONE,R03,testing,11,320,0,1.0,1.0,0.9999999999999999,0.995899577294271,0.02929636277258396
ONE,R03,testing,11,321,0,1.0,1.0,0.9999999999999999,0.9961513632980689,0.028246868401765823
ONE,R03,testing,11,322,0,1.0,1.0,0.9999999999999999,0.9963952167532293,0.027648048475384712
ONE,R03,testing,11,323,0,1.0,1.0,0.9999999999999999,0.9966311318035379,0.029370367527008057
ONE,R03,testing,11,324,0,1.0,1.0,0.9999999999999999,0.9968591027825123,0.029498733580112457
ONE,R03,testing,11,325,0,1.0,1.0,0.9999999999999999,0.9970791242136282,0.028745386749505997
ONE,R03,testing,11,326,0,1.0,1.0,0.9999999999999999,0.9972911908105392,0.02965637482702732
ONE,R03,testing,11,327,0,1.0,1.0,0.9999999999999999,0.997495297477288,0.029376812279224396
ONE,R03,testing,11,328,0,1.0,1.0,0.9999999999999999,0.9976914393085112,0.028767962008714676
ONE,R03,testing,11,329,0,1.0,1.0,0.9999999999999999,0.997879611589635,0.02901993878185749
ONE,R03,testing,11,330,0,1.0,1.0,0.9999999999999999,0.9980598097970647,0.027944812551140785
ONE,R03,testing,11,331,0,1.0,1.0,0.9999999999999999,0.9982320295983652,0.028322162106633186
ONE,R03,testing,11,332,0,1.0,1.0,0.9999999999999999,0.9983962668524357,0.026951363310217857
ONE,R03,testing,11,333,0,1.0,1.0,0.9999999999999999,0.9985525176096745,0.027025865390896797
ONE,R03,testing,11,334,0,1.0,1.0,0.9999999999999999,0.9987007781121381,0.029413430020213127
ONE,R03,testing,11,335,0,1.0,1.0,0.9999999999999999,0.9988410447936916,0.028650471940636635
ONE,R03,testing,11,336,0,1.0,0.9999999999999999,0.9999999999999999,0.9989733142801515,0.02938353642821312
ONE,R03,testing,11,337,0,1.0,0.9999999999999999,0.9999999999999999,0.999097583389421,0.029234085232019424
ONE,R03,testing,11,338,0,1.0,0.9999999999999999,0.9999999999999999,0.999213849131618,0.029365839436650276
ONE,R03,testing,11,339,0,1.0,0.9999999999999999,0.9999999999999999,0.9993221087091946,0.029107870534062386
ONE,R03,testing,11,340,0,1.0,0.9999999999999999,0.9999999999999999,0.999422359517049,0.02955613285303116
ONE,R03,testing,11,341,0,1.0,0.9999999999999999,0.9999999999999999,0.999514599142631,0.029541663825511932
ONE,R03,testing,11,342,0,1.0,0.9999999999999999,0.9999999999999999,0.9995988253660374,0.029149262234568596
ONE,R03,testing,11,343,0,1.0,0.9999999999999999,0.9999999999999999,0.9996750361601024,0.02749701775610447
ONE,R03,testing,11,344,0,1.0,0.9999999999999999,0.9999999999999999,0.999743229690478,0.028743084520101547
ONE,R03,testing,11,345,0,1.0,0.9999999999999999,0.9999999999999999,0.9998034043157078,0.029756460338830948
ONE,R03,testing,11,346,0,1.0,0.9999999999999999,0.9999999999999999,0.999855558587293,0.028490178287029266
ONE,R03,testing,11,347,0,1.0,0.9999999999999999,0.9999999999999999,0.9998996912497504,0.028898604214191437
ONE,R03,testing,11,348,0,1.0,0.9999999999999999,0.9999999999999999,0.999935801240663,0.02874894253909588
ONE,R03,testing,11,349,0,1.0,0.9999999999999999,0.9999999999999999,0.999963887690722,0.028225364163517952
ONE,R03,testing,11,350,0,1.0,0.9999999999999999,0.9999999999999999,0.9999839499237624,0.028300462290644646
ONE,R03,testing,11,351,0,1.0,0.9999999999999999,0.9999999999999999,0.9999959874567899,0.027195949107408524
ONE,R03,testing,11,352,0,1.0,0.9999999999999999,1.0,1.0,0.027522293850779533
ONE,R03,testing,11,353,0,1.0,0.9999999999999999,1.0,0.99999598745679,0.027983283624053
ONE,R03,testing,11,354,0,1.0,0.9999999999999999,1.0,0.9999839499237625,0.02865232340991497
ONE,R03,testing,11,355,0,1.0,0.9999999999999999,1.0,0.9999638876907221,0.029739832505583763
ONE,R03,testing,11,356,0,1.0,0.9999999999999999,1.0,0.9999358012406631,0.028957564383745193
ONE,R03,testing,11,357,0,1.0,0.9999999999999999,1.0,0.9998996912497505,0.027903273701667786
ONE,R03,testing,11,358,0,1.0,0.9999999999999999,1.0,0.9998555585872931,0.028565330430865288
ONE,R03,testing,11,359,0,1.0,0.9999999999999999,1.0,0.9998034043157079,0.027516882866621017
ONE,R03,testing,11,360,0,1.0,0.9999999999999999,1.0,0.9997432296904781,0.028738468885421753
ONE,R03,testing,11,361,0,1.0,0.9999999999999999,1.0,0.9996750361601026,0.028799021616578102
ONE,R03,testing,11,362,0,1.0,0.9999999999999999,1.0,0.9995988253660375,0.028331197798252106
ONE,R03,testing,11,363,0,1.0,0.9999999999999999,1.0,0.9995145991426311,0.028105353936553
ONE,R03,testing,11,364,0,1.0,0.9999999999999999,1.0,0.9994223595170492,0.02814747951924801
ONE,R03,testing,11,365,0,1.0,0.9999999999999999,1.0,0.9993221087091947,0.027577368542551994
ONE,R03,testing,11,366,0,1.0,0.9999999999999999,1.0,0.9992138491316181,0.027088617905974388
ONE,R03,testing,11,367,0,1.0,0.9999999999999999,1.0,0.9990975833894211,0.02703193947672844
ONE,R03,testing,11,368,0,1.0,1.0,0.9999999999999999,0.9989733142801515,0.026162536814808846
ONE,R03,testing,11,369,0,1.0,1.0,0.9999999999999999,0.9988410447936916,0.026249555870890617
ONE,R03,testing,11,370,0,1.0,1.0,0.9999999999999999,0.9987007781121381,0.02633737400174141
ONE,R03,testing,11,371,0,1.0,1.0,0.9999999999999999,0.9985525176096745,0.027155235409736633
ONE,R03,testing,11,372,0,1.0,1.0,0.9999999999999999,0.9983962668524357,0.027022097259759903
ONE,R03,testing,11,373,0,1.0,1.0,0.9999999999999999,0.9982320295983652,0.028402946889400482
ONE,R03,testing,11,374,0,1.0,1.0,0.9999999999999999,0.9980598097970647,0.027649205178022385
ONE,R03,testing,11,375,0,1.0,1.0,0.9999999999999999,0.997879611589635,0.0276839230209589
ONE,R03,testing,11,376,0,1.0,1.0,0.9999999999999999,0.9976914393085112,0.028639517724514008
ONE,R03,testing,11,377,0,1.0,1.0,0.9999999999999999,0.997495297477288,0.02727288380265236
ONE,R03,testing,11,378,0,1.0,1.0,0.9999999999999999,0.9972911908105392,0.027903962880373
ONE,R03,testing,11,379,0,1.0,1.0,0.9999999999999999,0.9970791242136282,0.028228800743818283
ONE,R03,testing,11,380,0,1.0,1.0,0.9999999999999999,0.9968591027825123,0.02562512829899788
ONE,R03,testing,11,381,0,1.0,1.0,0.9999999999999999,0.9966311318035379,0.026986490935087204
ONE,R03,testing,11,382,0,1.0,1.0,0.9999999999999999,0.9963952167532293,0.026636935770511627
ONE,R03,testing,11,383,0,1.0,1.0,0.9999999999999999,0.9961513632980689,0.026039153337478638
ONE,R03,testing,11,384,0,1.0,0.9999999999999999,1.0,0.9958995772942711,0.026811325922608376
ONE,R03,testing,11,385,0,1.0,0.9999999999999999,1.0,0.9956398647875471,0.02816278301179409
ONE,R03,testing,11,386,0,1.0,0.9999999999999999,1.0,0.9953722320128635,0.02919567935168743
ONE,R03,testing,11,387,0,1.0,0.9999999999999999,1.0,0.9950966853941928,0.02761019580066204
ONE,R03,testing,11,388,0,1.0,0.9999999999999999,1.0,0.9948132315442562,0.027994196861982346
ONE,R03,testing,11,389,0,1.0,0.9999999999999999,1.0,0.9945218772642589,0.02725004218518734
ONE,R03,testing,11,390,0,1.0,0.9999999999999999,1.0,0.994222629543619,0.026233600452542305
ONE,R03,testing,11,391,0,1.0,0.9999999999999999,1.0,0.993915495559687,0.02695242501795292
ONE,R03,testing,11,392,0,1.0,0.9999999999999999,1.0,0.9936004826774594,0.027069658041000366
ONE,R03,testing,11,393,0,1.0,0.9999999999999999,1.0,0.9932775984492846,0.027526702731847763
ONE,R03,testing,11,394,0,1.0,0.9999999999999999,1.0,0.9929468506145606,0.02865317463874817
ONE,R03,testing,11,395,0,1.0,0.9999999999999999,1.0,0.992608247099426,0.02958034910261631
ONE,R03,testing,11,396,0,1.0,0.9999999999999999,1.0,0.9922617960164436,0.029031462967395782
ONE,R03,testing,11,397,0,1.0,0.9999999999999999,1.0,0.9919075056642763,0.028826666995882988
ONE,R03,testing,11,398,0,1.0,0.9999999999999999,1.0,0.9915453845273561,0.028915634378790855
ONE,R03,testing,11,399,0,1.0,0.9999999999999999,1.0,0.9911754412755446,0.02860254980623722
ONE,R03,testing,11,400,0,1.0,1.0,1.0,0.9907976847637883,0.029543859884142876
ONE,R03,testing,11,401,0,1.0,1.0,1.0,0.9904121240317644,0.0296335332095623
ONE,R03,testing,11,402,0,1.0,1.0,1.0,0.9900187683035205,0.02964899316430092
ONE,R03,testing,11,403,0,1.0,1.0,1.0,0.9896176269871072,0.02842741273343563
ONE,R03,testing,11,404,0,1.0,1.0,1.0,0.9892087096742027,0.02902654930949211
ONE,R03,testing,11,405,0,1.0,1.0,1.0,0.9887920261397304,0.029289675876498222
ONE,R03,testing,11,406,0,1.0,1.0,1.0,0.9883675863414699,0.028974361717700958
ONE,R03,testing,11,407,0,1.0,1.0,1.0,0.9879354004196605,0.0296828281134367
ONE,R03,testing,11,408,0,1.0,1.0,1.0,0.9874954786965967,0.030442656949162483
ONE,R03,testing,11,409,0,1.0,1.0,1.0,0.9870478316762179,0.03052888624370098
ONE,R03,testing,11,410,0,1.0,1.0,1.0,0.9865924700436906,0.032589737325906754
ONE,R03,testing,11,411,0,1.0,1.0,1.0,0.9861294046649826,0.03225938230752945
ONE,R03,testing,11,412,0,1.0,1.0,1.0,0.9856586465864314,0.032384056597948074
ONE,R03,testing,11,413,0,1.0,1.0,1.0,0.9851802070343052,0.032561372965574265
ONE,R03,testing,11,414,0,1.0,1.0,1.0,0.9846940974143562,0.03255464509129524
ONE,R03,testing,11,415,0,1.0,1.0,1.0,0.9842003293113677,0.032675083726644516
ONE,R03,testing,11,416,0,1.0,1.0,0.9999999999999999,0.9836989144886941,0.03283597156405449
ONE,R03,testing,11,417,0,1.0,1.0,0.9999999999999999,0.9831898648877935,0.03296021744608879
ONE,R03,testing,11,418,0,1.0,1.0,0.9999999999999999,0.9826731926277543,0.032490890473127365
ONE,R03,testing,11,419,0,1.0,1.0,0.9999999999999999,0.9821489100048136,0.03278941288590431
ONE,R03,testing,11,420,0,1.0,1.0,0.9999999999999999,0.9816170294918702,0.033315643668174744
ONE,R03,testing,11,421,0,1.0,1.0,0.9999999999999999,0.9810775637379898,0.03309737518429756
ONE,R03,testing,11,422,0,1.0,1.0,0.9999999999999999,0.9805305255679034,0.033023323863744736
ONE,R03,testing,11,423,0,1.0,1.0,0.9999999999999999,0.9799759279814997,0.032334085553884506
ONE,R03,testing,11,424,0,1.0,1.0,0.9999999999999999,0.9794137841533096,0.03312903270125389
ONE,R03,testing,11,425,0,1.0,1.0,0.9999999999999999,0.9788441074319857,0.033994823694229126
ONE,R03,testing,11,426,0,1.0,1.0,0.9999999999999999,0.9782669113397726,0.03732520714402199
ONE,R03,testing,11,427,0,1.0,1.0,0.9999999999999999,0.9776822095719735,0.03508324548602104
ONE,R03,testing,11,428,0,1.0,1.0,0.9999999999999999,0.9770900159964074,0.03664710745215416
ONE,R03,testing,11,429,0,1.0,1.0,0.9999999999999999,0.9764903446528619,0.035818472504615784
ONE,R03,testing,11,430,0,1.0,1.0,0.9999999999999999,0.9758832097525376,0.03975373134016991
ONE,R03,testing,11,431,0,1.0,1.0,0.9999999999999999,0.9752686256774876,0.03977648913860321
ONE,R03,testing,11,432,0,1.0,0.9999999999999998,1.0,0.9746466069800499,0.04137500002980232
ONE,R03,testing,11,433,0,1.0,0.9999999999999998,1.0,0.9740171683822719,0.03882895037531853
ONE,R03,testing,11,434,0,1.0,0.9999999999999998,1.0,0.9733803247753312,0.04208647832274437
ONE,R03,testing,11,435,0,1.0,0.9999999999999998,1.0,0.9727360912189478,0.043011508882045746
ONE,R03,testing,11,436,0,1.0,0.9999999999999998,1.0,0.9720844829407906,0.04161439463496208
ONE,R03,testing,11,437,0,1.0,0.9999999999999998,1.0,0.9714255153358781,0.0407898984849453
ONE,R03,testing,11,438,0,1.0,0.9999999999999998,1.0,0.9707592039659714,0.04065987467765808
ONE,R03,testing,11,439,0,1.0,0.9999999999999998,1.0,0.9700855645589628,0.03743410110473633
ONE,R03,testing,11,440,0,1.0,0.9999999999999998,1.0,0.9694046130082564,0.03690890222787857
ONE,R03,testing,11,441,0,1.0,0.9999999999999998,1.0,0.9687163653721437,0.03638789430260658
ONE,R03,testing,11,442,0,1.0,0.9999999999999998,1.0,0.9680208378731722,0.03761965408921242
ONE,R03,testing,11,443,0,1.0,0.9999999999999998,1.0,0.9673180468975086,0.03684202954173088
ONE,R03,testing,11,444,0,1.0,0.9999999999999998,1.0,0.966608008994295,0.03467380255460739
ONE,R03,testing,11,445,0,1.0,0.9999999999999998,1.0,0.9658907408750003,0.036633752286434174
ONE,R03,testing,11,446,0,1.0,0.9999999999999998,1.0,0.9651662594127639,0.0362868569791317
ONE,R03,testing,11,447,0,1.0,0.9999999999999998,1.0,0.9644345816417352,0.036537230014801025
ONE,R03,testing,11,448,0,1.0,1.0,1.0,0.9636957247564055,0.038217637687921524
ONE,R03,testing,11,449,0,1.0,1.0,1.0,0.9629497061109352,0.036700326949357986
ONE,R03,testing,11,450,0,1.0,1.0,1.0,0.9621965432184744,0.0344228558242321
ONE,R03,testing,11,451,0,1.0,1.0,1.0,0.9614362537504776,0.03488221392035484
ONE,R03,testing,11,452,0,1.0,1.0,1.0,0.9606688555360134,0.03434934839606285
ONE,R03,testing,11,453,0,1.0,1.0,1.0,0.959894366561068,0.03236529976129532
ONE,R03,testing,11,454,0,1.0,1.0,1.0,0.9591128049678415,0.032195281237363815
ONE,R03,testing,11,455,0,1.0,1.0,1.0,0.9583241890540416,0.03261878713965416
ONE,R03,testing,11,456,0,1.0,1.0,1.0,0.9575285372721687,0.030965054407715797
ONE,R03,testing,11,457,0,1.0,1.0,1.0,0.9567258682287968,0.031485848128795624
ONE,R03,testing,11,458,0,1.0,1.0,1.0,0.9559162006838487,0.031804122030735016
ONE,R03,testing,11,459,0,1.0,1.0,1.0,0.9550995535498658,0.032987240701913834
ONE,R03,testing,11,460,0,1.0,1.0,1.0,0.954275945891271,0.031701087951660156
ONE,R03,testing,11,461,0,1.0,1.0,1.0,0.9534453969236284,0.031578805297613144
ONE,R03,testing,11,462,0,1.0,1.0,1.0,0.9526079260128961,0.029964182525873184
ONE,R03,testing,11,463,0,1.0,1.0,1.0,0.9517635526746735,0.0318678580224514
ONE,R03,testing,11,464,0,1.0,1.0,1.0,0.9509122965734441,0.030492324382066727
ONE,R03,testing,11,465,0,1.0,1.0,1.0,0.9500541775218125,0.03081325814127922
ONE,R03,testing,11,466,0,1.0,1.0,1.0,0.9491892154797362,0.03027375228703022
ONE,R03,testing,11,467,0,1.0,1.0,1.0,0.948317430553752,0.03079933673143387
ONE,R03,testing,11,468,0,1.0,1.0,1.0,0.9474388429961977,0.031356748193502426
ONE,R03,testing,11,469,0,1.0,1.0,1.0,0.9465534732044285,0.0308338925242424
ONE,R03,testing,11,470,0,1.0,1.0,1.0,0.9456613417200276,0.03207610547542572
ONE,R03,testing,11,471,0,1.0,1.0,1.0,0.9447624692280128,0.037202730774879456
ONE,R03,testing,11,472,0,1.0,1.0,1.0,0.9438568765560376,0.03487908095121384
ONE,R03,testing,11,473,0,1.0,1.0,1.0,0.9429445846735874,0.03179651498794556
ONE,R03,testing,11,474,0,1.0,1.0,1.0,0.9420256146911705,0.03346678242087364
ONE,R03,testing,11,475,0,1.0,1.0,1.0,0.9410999878595047,0.03318868950009346
ONE,R03,testing,11,476,0,1.0,1.0,1.0,0.9401677255686987,0.031692638993263245
ONE,R03,testing,11,477,0,1.0,1.0,1.0,0.9392288493474288,0.03279373422265053
ONE,R03,testing,11,478,0,1.0,1.0,1.0,0.9382833808621114,0.03205764293670654
ONE,R03,testing,11,479,0,1.0,1.0,1.0,0.9373313419160695,0.03231174126267433
ONE,R03,testing,11,480,0,1.0,1.0,1.0,0.9363727544486958,0.031663812696933746
ONE,R03,testing,11,481,0,1.0,1.0,1.0,0.9354076405346109,0.031820133328437805
ONE,R03,testing,11,482,0,1.0,1.0,1.0,0.9344360223828163,0.03199997544288635
ONE,R03,testing,11,483,0,1.0,1.0,1.0,0.9334579223358439,0.032002855092287064
ONE,R03,testing,11,484,0,1.0,1.0,1.0,0.9324733628688998,0.032639261335134506
ONE,R03,testing,11,485,0,1.0,1.0,1.0,0.9314823665890051,0.03165268898010254
ONE,R03,testing,11,486,0,1.0,1.0,1.0,0.9304849562341309,0.03275487199425697
ONE,R03,testing,11,487,0,1.0,1.0,1.0,0.9294811546723298,0.03268253058195114
ONE,R03,testing,11,488,0,1.0,1.0,1.0,0.9284709849008635,0.032807428389787674
ONE,R03,testing,11,489,0,1.0,1.0,1.0,0.9274544700453249,0.03130878508090973
ONE,R03,testing,11,490,1,1.0,1.0,1.0,0.9264316333587567,0.032742198556661606
ONE,R03,testing,11,491,1,1.0,1.0,1.0,0.9254024982207664,0.03127102926373482
ONE,R03,testing,11,492,1,1.0,1.0,1.0,0.9243670881366362,0.032760776579380035
ONE,R03,testing,11,493,1,1.0,1.0,1.0,0.9233254267364293,0.031710878014564514
ONE,R03,testing,11,494,1,1.0,1.0,1.0,0.9222775377740924,0.03117062710225582
ONE,R03,testing,11,495,1,1.0,1.0,1.0,0.921223445126554,0.030528534203767776
ONE,R03,testing,11,496,1,1.0,1.0,0.9999999999999999,0.9201631727928183,0.031582288444042206
ONE,R03,testing,11,497,1,1.0,1.0,0.9999999999999999,0.9190967448930569,0.032404299825429916
ONE,R03,testing,11,498,1,1.0,1.0,0.9999999999999999,0.9180241856676942,0.03225104510784149
ONE,R03,testing,11,499,1,1.0,1.0,0.9999999999999999,0.9169455194764908,0.03288564085960388
ONE,R03,testing,11,500,1,1.0,1.0,0.9999999999999999,0.9158607707976236,0.03324425220489502
ONE,R03,testing,11,501,1,1.0,1.0,0.9999999999999999,0.9147699642267599,0.032121963798999786
ONE,R03,testing,11,502,1,1.0,1.0,0.9999999999999999,0.9136731244761307,0.03323708847165108
ONE,R03,testing,11,503,1,1.0,1.0,0.9999999999999999,0.912570276373598,0.03239957243204117
ONE,R03,testing,11,504,1,1.0,1.0,0.9999999999999999,0.9114614448617204,0.033067427575588226
ONE,R03,testing,11,505,1,1.0,1.0,0.9999999999999999,0.9103466549968142,0.03370495140552521
ONE,R03,testing,11,506,1,1.0,1.0,0.9999999999999999,0.9092259319480114,0.033071666955947876
ONE,R03,testing,11,507,1,1.0,1.0,0.9999999999999999,0.9080993009963141,0.03168148919939995
ONE,R03,testing,11,508,1,1.0,1.0,0.9999999999999999,0.9069667875336459,0.031093433499336243
ONE,R03,testing,11,509,1,1.0,1.0,0.9999999999999999,0.9058284170619001,0.031524717807769775
ONE,R03,testing,11,510,1,1.0,1.0,0.9999999999999999,0.9046842151919839,0.03124072775244713
ONE,R03,testing,11,511,1,1.0,1.0,0.9999999999999999,0.9035342076428606,0.03133663907647133
ONE,R03,testing,11,512,1,1.0,0.9999999999999999,1.0,0.9023784202405877,0.03222101181745529
ONE,R03,testing,11,513,1,1.0,0.9999999999999999,1.0,0.9012168789173518,0.03237089887261391
ONE,R03,testing,11,514,1,1.0,0.9999999999999999,1.0,0.900049609710502,0.033186882734298706
ONE,R03,testing,11,515,1,1.0,0.9999999999999999,1.0,0.8988766387615786,0.03372211754322052
ONE,R03,testing,11,516,1,1.0,0.9999999999999999,1.0,0.8976979923153398,0.032957058399915695
ONE,R03,testing,11,517,1,1.0,0.9999999999999999,1.0,0.8965136967187848,0.032391197979450226
ONE,R03,testing,11,518,1,1.0,0.9999999999999999,1.0,0.895323778420175,0.032177720218896866
ONE,R03,testing,11,519,1,1.0,0.9999999999999999,1.0,0.894128263968052,0.032604292035102844
ONE,R03,testing,11,520,1,1.0,0.9999999999999999,1.0,0.8929271800102526,0.03188037872314453
ONE,R03,testing,11,521,1,1.0,0.9999999999999999,1.0,0.8917205532929217,0.03274078294634819
ONE,R03,testing,11,522,1,1.0,0.9999999999999999,1.0,0.8905084106595217,0.03125813230872154
ONE,R03,testing,11,523,1,1.0,0.9999999999999999,1.0,0.8892907790498403,0.03241422027349472
ONE,R03,testing,11,524,1,1.0,0.9999999999999999,1.0,0.8880676854989958,0.03126785159111023
ONE,R03,testing,11,525,1,1.0,0.9999999999999999,1.0,0.8868391571364385,0.03208337351679802
ONE,R03,testing,11,526,1,1.0,0.9999999999999999,1.0,0.8856052211849514,0.03155563026666641
ONE,R03,testing,11,527,1,1.0,0.9999999999999999,1.0,0.884365904959648,0.03171026334166527
ONE,R03,testing,11,528,1,1.0,1.0,1.0,0.8831212358669666,0.03169163316488266
ONE,R03,testing,11,529,1,1.0,1.0,1.0,0.8818712414036647,0.03235865384340286
ONE,R03,testing,11,530,1,1.0,1.0,1.0,0.880615949155809,0.03340274468064308
ONE,R03,testing,11,531,1,1.0,1.0,1.0,0.8793553867977643,0.03263148292899132
ONE,R03,testing,11,532,1,1.0,1.0,1.0,0.8780895820911798,0.03154145926237106
ONE,R03,testing,11,533,1,1.0,1.0,1.0,0.8768185628839746,0.032865867018699646
ONE,R03,testing,11,534,1,1.0,1.0,1.0,0.875542357109319,0.030888140201568604
ONE,R03,testing,11,535,1,1.0,1.0,1.0,0.874260992784616,0.032255757600069046
ONE,R03,testing,11,536,1,1.0,1.0,1.0,0.8729744980104794,0.03182616084814072
ONE,R03,testing,11,537,1,1.0,1.0,1.0,0.8716829009697112,0.03110433742403984
ONE,R03,testing,11,538,1,1.0,1.0,1.0,0.870386229926276,0.03303397446870804
ONE,R03,testing,11,539,1,1.0,1.0,1.0,0.8690845132242749,0.03227276727557182
ONE,R03,testing,11,540,1,1.0,1.0,1.0,0.8677777792869169,0.033263131976127625
ONE,R03,testing,11,541,1,1.0,1.0,1.0,0.8664660566154887,0.033497441560029984
ONE,R03,testing,11,542,1,1.0,1.0,1.0,0.8651493737883234,0.033317942172288895
ONE,R03,testing,11,543,1,1.0,1.0,1.0,0.863827759459767,0.03202533721923828
ONE,R03,testing,11,544,1,1.0,1.0,0.9999999999999999,0.8625012423591442,0.032660938799381256
ONE,R03,testing,11,545,1,1.0,1.0,0.9999999999999999,0.8611698512897223,0.03217718377709389
ONE,R03,testing,11,546,1,1.0,1.0,0.9999999999999999,0.8598336151276733,0.03260459378361702
ONE,R03,testing,11,547,1,1.0,1.0,0.9999999999999999,0.8584925628210355,0.03203001245856285
ONE,R03,testing,11,548,1,1.0,1.0,0.9999999999999999,0.8571467233886736,0.033596623688936234
ONE,R03,testing,11,549,1,1.0,1.0,0.9999999999999999,0.8557961259192371,0.03372741490602493
ONE,R03,testing,11,550,1,1.0,1.0,0.9999999999999999,0.8544407995701183,0.032610081136226654
ONE,R03,testing,11,551,1,1.0,1.0,0.9999999999999999,0.8530807735664082,0.03180190548300743
ONE,R03,testing,11,552,1,1.0,1.0,0.9999999999999999,0.8517160771998524,0.03239349648356438
ONE,R03,testing,11,553,1,1.0,1.0,0.9999999999999999,0.8503467398278055,0.032285261899232864
ONE,R03,testing,11,554,1,1.0,1.0,0.9999999999999999,0.8489727908721839,0.033049967139959335
ONE,R03,testing,11,555,1,1.0,1.0,0.9999999999999999,0.8475942598184191,0.033830851316452026
ONE,R03,testing,11,556,1,1.0,1.0,0.9999999999999999,0.8462111762144088,0.033116672188043594
ONE,R03,testing,11,557,1,1.0,1.0,0.9999999999999999,0.8448235696694679,0.03328397125005722
ONE,R03,testing,11,558,1,1.0,1.0,0.9999999999999999,0.8434314698532788,0.03277554363012314
ONE,R03,testing,11,559,1,1.0,1.0,0.9999999999999999,0.8420349064948406,0.03309619054198265
ONE,R03,testing,11,560,1,1.0,0.9999999999999999,1.0,0.8406339093814177,0.03170953691005707
ONE,R03,testing,11,561,1,1.0,0.9999999999999999,1.0,0.8392285083574881,0.03171617165207863
ONE,R03,testing,11,562,1,1.0,0.9999999999999999,1.0,0.837818733323691,0.03224674239754677
ONE,R03,testing,11,563,1,1.0,0.9999999999999999,1.0,0.8364046142357741,0.03182421252131462
ONE,R03,testing,11,564,1,1.0,0.9999999999999999,1.0,0.8349861811035396,0.031557708978652954
ONE,R03,testing,11,565,1,1.0,0.9999999999999999,1.0,0.8335634639897913,0.03266604617238045
ONE,R03,testing,11,566,1,1.0,0.9999999999999999,1.0,0.8321364930092798,0.03090083971619606
ONE,R03,testing,11,567,1,1.0,0.9999999999999999,1.0,0.8307052983276485,0.030811909586191177
ONE,R03,testing,11,568,1,1.0,0.9999999999999999,1.0,0.829269910160379,0.031040910631418228
ONE,R03,testing,11,569,1,1.0,0.9999999999999999,1.0,0.827830358771736,0.03089318983256817
ONE,R03,testing,11,570,1,1.0,0.9999999999999999,1.0,0.8263866744737127,0.03157556802034378
ONE,R03,testing,11,571,1,1.0,0.9999999999999999,1.0,0.8249388876249756,0.031128088012337685
ONE,R03,testing,11,572,1,1.0,0.9999999999999999,1.0,0.8234870286298093,0.03286000341176987
ONE,R03,testing,11,573,1,1.0,0.9999999999999999,1.0,0.8220311279370616,0.031667839735746384
ONE,R03,testing,11,574,1,1.0,0.9999999999999999,1.0,0.8205712160390889,0.033411722630262375
ONE,R03,testing,11,575,1,1.0,0.9999999999999999,1.0,0.8191073234707005,0.03230994567275047
ONE,R03,testing,11,576,1,1.0,1.0,1.0,0.8176394808081046,0.031296759843826294
ONE,R03,testing,11,577,1,1.0,1.0,1.0,0.8161677186678534,0.032890573143959045
ONE,R03,testing,11,578,1,1.0,1.0,1.0,0.8146920677057893,0.03161677345633507
ONE,R03,testing,11,579,1,1.0,1.0,1.0,0.8132125586159905,0.03165598213672638
ONE,R03,testing,11,580,1,1.0,1.0,1.0,0.8117292221297179,0.03275945410132408
ONE,R03,testing,11,581,1,1.0,1.0,1.0,0.8102420890143618,0.03127550333738327
ONE,R03,testing,11,582,1,1.0,1.0,1.0,0.8087511900723892,0.03208157420158386
ONE,R03,testing,11,583,1,1.0,1.0,1.0,0.8072565561402919,0.032186172902584076
ONE,R03,testing,11,584,1,1.0,1.0,1.0,0.8057582180875347,0.03232364356517792
ONE,R03,testing,11,585,1,1.0,1.0,1.0,0.8042562068155045,0.031715087592601776
ONE,R03,testing,11,586,1,1.0,1.0,1.0,0.8027505532564604,0.03163684159517288
ONE,R03,testing,11,587,1,1.0,1.0,1.0,0.8012412883724834,0.03205134719610214
ONE,R03,testing,11,588,1,1.0,1.0,1.0,0.7997284431544286,0.03139545023441315
ONE,R03,testing,11,589,1,1.0,1.0,1.0,0.7982120486208761,0.03274061903357506
ONE,R03,testing,11,590,1,1.0,1.0,1.0,0.796692135817085,0.031860534101724625
ONE,R03,testing,11,591,1,1.0,1.0,1.0,0.7951687358139461,0.03272069990634918
ONE,R03,testing,11,592,1,1.0,1.0,1.0,0.7936418797069379,0.03194953873753548
ONE,R03,testing,11,593,1,1.0,1.0,1.0,0.7921115986150812,0.03316604346036911
ONE,R03,testing,11,594,1,1.0,1.0,1.0,0.7905779236798965,0.032840240746736526
ONE,R03,testing,11,595,1,1.0,1.0,1.0,0.789040886064362,0.03310243785381317
ONE,R03,testing,11,596,1,1.0,1.0,1.0,0.7875005169518725,0.032473836094141006
ONE,R03,testing,11,597,1,1.0,1.0,1.0,0.7859568475451996,0.03214186429977417
ONE,R03,testing,11,598,1,1.0,1.0,1.0,0.7844099090654535,0.032525159418582916
ONE,R03,testing,11,599,1,1.0,1.0,1.0,0.7828597327510456,0.03269757330417633
ONE,R03,testing,11,600,1,1.0,1.0,1.0,0.7813063498566529,0.03127306327223778
ONE,R03,testing,11,601,1,1.0,1.0,1.0,0.7797497916521833,0.031169503927230835
ONE,R03,testing,11,602,1,1.0,1.0,1.0,0.7781900894217427,0.03148740902543068
ONE,R03,testing,11,603,1,1.0,1.0,1.0,0.7766272744626037,0.03179559484124184
ONE,R03,testing,11,604,1,1.0,1.0,1.0,0.7750613780841752,0.030751142650842667
ONE,R03,testing,11,605,1,1.0,1.0,1.0,0.7734924316069746,0.0314321368932724
ONE,R03,testing,11,606,1,1.0,1.0,1.0,0.7719204663616002,0.0317576564848423
ONE,R03,testing,11,607,1,1.0,1.0,1.0,0.7703455136877069,0.031592246145009995
ONE,R03,testing,11,608,1,1.0,1.0,0.9429082597083381,0.7248773244875056,0.03255282714962959
ONE,R03,testing,11,609,1,1.0,1.0,0.9429082597083381,0.7233867435411822,0.03282146155834198
ONE,R03,testing,11,610,1,1.0,1.0,0.9429082597083381,0.7218934344166851,0.03203541785478592
ONE,R03,testing,11,611,1,1.0,1.0,0.9429082597083381,0.7203974266889577,0.03226153552532196
ONE,R03,testing,11,612,1,1.0,1.0,0.9429082597083381,0.7188987499366746,0.03197481110692024
ONE,R03,testing,11,613,1,1.0,1.0,0.9429082597083381,0.7173974337412863,0.03217582032084465
ONE,R03,testing,11,614,1,1.0,1.0,0.9429082597083381,0.7158935076860634,0.03253539651632309
ONE,R03,testing,11,615,1,1.0,1.0,0.9429082597083381,0.7143870013551453,0.03186844661831856
ONE,R03,testing,11,616,1,1.0,1.0,0.9429082597083381,0.7128779443325892,0.03248325362801552
ONE,R03,testing,11,617,1,1.0,1.0,0.9429082597083381,0.7113663662014216,0.030881687998771667
ONE,R03,testing,11,618,1,1.0,1.0,0.9429082597083381,0.7098522965426924,0.03099878877401352
ONE,R03,testing,11,619,1,1.0,1.0,0.9429082597083381,0.7083357649345298,0.032658252865076065
ONE,R03,testing,11,620,1,1.0,1.0,0.9429082597083381,0.7068168009511984,0.03379084914922714
ONE,R03,testing,11,621,1,1.0,1.0,0.9429082597083381,0.7052954341621592,0.032319582998752594
ONE,R03,testing,11,622,1,1.0,1.0,0.9429082597083381,0.703771694131132,0.033066123723983765
ONE,R03,testing,11,623,1,1.0,1.0,0.9429082597083381,0.702245610415159,0.03463513031601906
ONE,R03,testing,11,624,1,1.0,1.0,0.8819822938382925,0.6554404080202338,0.03340901434421539
ONE,R03,testing,11,625,1,1.0,1.0,0.8819822938382925,0.6540086305370498,0.033173926174640656
ONE,R03,testing,11,626,1,1.0,1.0,0.8819822938382925,0.6525747437014485,0.03280176222324371
ONE,R03,testing,11,627,1,1.0,1.0,0.8819822938382925,0.6511387751269544,0.03348229452967644
ONE,R03,testing,11,628,1,1.0,1.0,0.8819822938382925,0.6497007524165033,0.03464370220899582
ONE,R03,testing,11,629,1,1.0,1.0,0.8819822938382925,0.6482607031615804,0.034453656524419785
ONE,R03,testing,11,630,1,1.0,1.0,0.8819822938382925,0.6468186549413607,0.03347157686948776
ONE,R03,testing,11,631,1,1.0,1.0,0.8819822938382925,0.6453746353218528,0.03212754428386688
ONE,R03,testing,11,632,1,1.0,1.0,0.8819822938382925,0.6439286718550433,0.03267471492290497
ONE,R03,testing,11,633,1,1.0,1.0,0.8819822938382925,0.6424807920780453,0.03385397791862488
ONE,R03,testing,11,634,1,1.0,1.0,0.8819822938382925,0.6410310235122482,0.0328570231795311
ONE,R03,testing,11,635,1,1.0,1.0,0.8819822938382925,0.6395793936624714,0.03304929658770561
ONE,R03,testing,11,636,1,1.0,1.0,0.8819822938382925,0.6381259300161191,0.03312582150101662
ONE,R03,testing,11,637,1,1.0,1.0,0.8819822938382925,0.6366706600423386,0.03379034250974655
ONE,R03,testing,11,638,1,1.0,1.0,0.8819822938382925,0.6352136111911811,0.03286319598555565
ONE,R03,testing,11,639,1,1.0,1.0,0.8819822938382925,0.6337548108927653,0.03290597349405289
ONE,R03,testing,11,640,1,1.0,1.0,0.8176115364082562,0.5861468044259398,0.03167106956243515
ONE,R03,testing,11,641,1,1.0,1.0,0.8176115364082562,0.5847913024440149,0.03159168362617493
ONE,R03,testing,11,642,1,1.0,1.0,0.8176115364082562,0.583434253008655,0.0312204547226429
ONE,R03,testing,11,643,1,1.0,1.0,0.8176115364082562,0.5820756814663972,0.031292278319597244
ONE,R03,testing,11,644,1,1.0,1.0,0.8176115364082562,0.580715613141461,0.031125422567129135
ONE,R03,testing,11,645,1,1.0,1.0,0.8176115364082562,0.5793540733349889,0.030952326953411102
ONE,R03,testing,11,646,1,1.0,1.0,0.8176115364082562,0.5779910873242885,0.03193783015012741
ONE,R03,testing,11,647,1,1.0,1.0,0.8176115364082562,0.5766266803620783,0.03147679939866066
ONE,R03,testing,11,648,1,1.0,1.0,0.8176115364082562,0.5752608776757359,0.030606359243392944
ONE,R03,testing,11,649,1,1.0,1.0,0.8176115364082562,0.5738937044665482,0.029969051480293274
ONE,R03,testing,11,650,1,1.0,1.0,0.8176115364082562,0.5725251859089666,0.03077276237308979
ONE,R03,testing,11,651,1,1.0,1.0,0.8176115364082562,0.5711553471498622,0.03109879232943058
ONE,R03,testing,11,652,1,1.0,1.0,0.8176115364082562,0.5697842133077863,0.03098144754767418
ONE,R03,testing,11,653,1,1.0,1.0,0.8176115364082562,0.5684118094722326,0.03136441111564636
ONE,R03,testing,11,654,1,1.0,1.0,0.8176115364082562,0.5670381607029019,0.03044840134680271
ONE,R03,testing,11,655,1,1.0,1.0,0.8176115364082562,0.5656632920289714,0.031310033053159714
ONE,R03,testing,11,656,1,1.0,0.9999999999999999,0.7502779307730125,0.5178159006681091,0.03138093650341034
ONE,R03,testing,11,657,1,1.0,0.9999999999999999,0.7502779307730125,0.51655208787858,0.03130607679486275
ONE,R03,testing,11,658,1,1.0,0.9999999999999999,0.7502779307730125,0.5152872243775475,0.03181001916527748
ONE,R03,testing,11,659,1,1.0,0.9999999999999999,0.7502779307730125,0.5140213330142344,0.03235064074397087
ONE,R03,testing,11,660,1,1.0,0.9999999999999999,0.7502779307730125,0.5127544366065382,0.03123309276998043
ONE,R03,testing,11,661,1,1.0,0.9999999999999999,0.7502779307730125,0.5114865579403755,0.0326375737786293
ONE,R03,testing,11,662,1,1.0,0.9999999999999999,0.7502779307730125,0.5102177197690309,0.03294695168733597
ONE,R03,testing,11,663,1,1.0,0.9999999999999999,0.7502779307730125,0.5089479448125083,0.03187056630849838
ONE,R03,testing,11,664,1,1.0,0.9999999999999999,0.7502779307730125,0.5076772557568845,0.03232426941394806
ONE,R03,testing,11,665,1,1.0,0.9999999999999999,0.7502779307730125,0.5064056752536669,0.034175291657447815
ONE,R03,testing,11,666,1,1.0,0.9999999999999999,0.7502779307730125,0.5051332259191528,0.034934233874082565
ONE,R03,testing,11,667,1,1.0,0.9999999999999999,0.7502779307730125,0.5038599303337938,0.03363276645541191
ONE,R03,testing,11,668,1,1.0,0.9999999999999999,0.7502779307730125,0.5025858110415605,0.03653152659535408
ONE,R03,testing,11,669,1,1.0,0.9999999999999999,0.7502779307730125,0.5013108905493128,0.0415167510509491
ONE,R03,testing,11,670,1,1.0,0.9999999999999999,0.7502779307730125,0.5000351913261714,0.04511428251862526
ONE,R03,testing,11,671,1,1.0,0.9999999999999999,0.7502779307730125,0.49875873580289365,0.04701341688632965
ONE,R03,testing,11,672,1,1.0,1.0,0.6805459217126126,0.45124483024766826,0.05184924602508545
ONE,R03,testing,11,673,1,1.0,1.0,0.6805459217126126,0.45008569938435183,0.051559191197156906
ONE,R03,testing,11,674,1,1.0,1.0,0.6805459217126126,0.448925943336234,0.05442329868674278
ONE,R03,testing,11,675,1,1.0,1.0,0.6805459217126126,0.44776558230452207,0.056931618601083755
ONE,R03,testing,11,676,1,1.0,1.0,0.6805459217126126,0.44660463645283566,0.06252782046794891
ONE,R03,testing,11,677,1,1.0,1.0,0.6805459217126126,0.4454431259066572,0.06017196550965309
ONE,R03,testing,11,678,1,1.0,1.0,0.6805459217126126,0.44428107075278583,0.06485053896903992
ONE,R03,testing,11,679,1,1.0,1.0,0.6805459217126126,0.44311849103879386,0.06575330346822739
ONE,R03,testing,11,680,1,1.0,1.0,0.6805459217126126,0.4419554067724866,0.06449197977781296
ONE,R03,testing,11,681,1,1.0,1.0,0.6805459217126126,0.44079183792136495,0.0654856413602829
ONE,R03,testing,11,682,1,1.0,1.0,0.6805459217126126,0.4396278044120908,0.07406558841466904
ONE,R03,testing,11,683,1,1.0,1.0,0.6805459217126126,0.4384633261299563,0.07377976179122925
ONE,R03,testing,11,684,1,1.0,1.0,0.6805459217126126,0.4372984229183551,0.07207419723272324
ONE,R03,testing,11,685,1,1.0,1.0,0.6805459217126126,0.4361331145782573,0.06967047601938248
ONE,R03,testing,11,686,1,1.0,1.0,0.6805459217126126,0.4349674208676878,0.07381799072027206
ONE,R03,testing,11,687,1,1.0,1.0,0.6805459217126126,0.4338013615012068,0.0733204111456871
ONE,R03,testing,11,688,1,1.0,1.0000000000000002,0.6090486384384382,0.3871828815321789,0.0780956968665123
ONE,R03,testing,11,689,1,1.0,1.0000000000000002,0.6090486384384382,0.38613872516099096,0.07589946687221527
ONE,R03,testing,11,690,1,1.0,1.0000000000000002,0.6090486384384382,0.38509429424136377,0.07457844913005829
ONE,R03,testing,11,691,1,1.0,1.0000000000000002,0.6090486384384382,0.3840496062564906,0.07630697637796402
ONE,R03,testing,11,692,1,1.0,1.0000000000000002,0.6090486384384382,0.3830046786483864,0.07625110447406769
ONE,R03,testing,11,693,1,1.0,1.0000000000000002,0.6090486384384382,0.38195952881744083,0.07455233484506607
ONE,R03,testing,11,694,1,1.0,1.0000000000000002,0.6090486384384382,0.38091417412197354,0.07404889911413193
ONE,R03,testing,11,695,1,1.0,1.0000000000000002,0.6090486384384382,0.37986863187779263,0.07351986318826675
ONE,R03,testing,11,696,1,1.0,1.0000000000000002,0.6090486384384382,0.3788229193577555,0.0705665573477745
ONE,R04,testing,02,10,0,1.0,1.0,0.5364708121022927,0.3433535928168443,0.036097947508096695
ONE,R04,testing,02,11,0,1.0,1.0,0.5364708121022927,0.34498313367578903,0.036963921040296555
ONE,R04,testing,02,12,0,1.0,1.0,0.5364708121022927,0.3466116555540022,0.03668101876974106
ONE,R04,testing,02,13,0,1.0,1.0,0.5364708121022927,0.34823907120171205,0.03571869432926178
ONE,R04,testing,02,14,0,1.0,1.0,0.5364708121022927,0.3498652930423854,0.03660237044095993
ONE,R04,testing,02,15,0,1.0,1.0,0.5364708121022927,0.35149023318005973,0.03647628426551819
ONE,R04,testing,02,16,0,1.0,1.0,0.6090486384384382,0.4008857077161771,0.03646513819694519
ONE,R04,testing,02,17,0,1.0,1.0,0.6090486384384382,0.4027272710647059,0.03636391460895538
ONE,R04,testing,02,18,0,1.0,1.0,0.6090486384384382,0.40456707785883594,0.036502957344055176
ONE,R04,testing,02,19,0,1.0,1.0,0.6090486384384382,0.4064050269457255,0.03618348762392998
ONE,R04,testing,02,20,0,1.0,1.0,0.6090486384384382,0.4082410168527656,0.03442927077412605
ONE,R04,testing,02,21,0,1.0,1.0,0.6090486384384382,0.41007494579639947,0.03542350232601166
ONE,R04,testing,02,22,0,1.0,1.0,0.6090486384384382,0.4119067116910219,0.03515120968222618
ONE,R04,testing,02,23,0,1.0,1.0,0.6090486384384382,0.4137362121579567,0.03559330478310585
ONE,R04,testing,02,24,0,1.0,1.0,0.6090486384384382,0.41556334453451144,0.035604290664196014
ONE,R04,testing,02,25,0,1.0,1.0,0.6090486384384382,0.4173880058831087,0.0357004813849926
ONE,R04,testing,02,26,0,1.0,1.0,0.6090486384384382,0.41921009300049217,0.03549472987651825
ONE,R04,testing,02,27,0,1.0,1.0,0.6090486384384382,0.42102950242700693,0.038865700364112854
ONE,R04,testing,02,28,0,1.0,1.0,0.6090486384384382,0.42284613045595354,0.041804708540439606
ONE,R04,testing,02,29,0,1.0,1.0,0.6090486384384382,0.42465987314301284,0.04888904094696045
ONE,R04,testing,02,30,0,1.0,1.0,0.6090486384384382,0.42647062631574295,0.05511268600821495
ONE,R04,testing,02,31,0,1.0,1.0,0.6090486384384382,0.4282782855831446,0.05122934654355049
ONE,R04,testing,02,32,0,1.0,1.0,0.6805459217126126,0.4805709110108066,0.04851666837930679
ONE,R04,testing,02,33,0,1.0,1.0,0.6805459217126126,0.4825835094879723,0.04396206513047218
ONE,R04,testing,02,34,0,1.0,1.0,0.6805459217126126,0.4845922995666868,0.041768040508031845
ONE,R04,testing,02,35,0,1.0,1.0,0.6805459217126126,0.48659716373285733,0.04607633501291275
ONE,R04,testing,02,36,0,1.0,1.0,0.6805459217126126,0.48859798428274476,0.05054750666022301
ONE,R04,testing,02,37,0,1.0,1.0,0.6805459217126126,0.4905946433340933,0.045474790036678314
ONE,R04,testing,02,38,0,1.0,1.0,0.6805459217126126,0.4925870228373269,0.045657966285943985
ONE,R04,testing,02,39,0,1.0,1.0,0.6805459217126126,0.494575004586814,0.04261840134859085
ONE,R04,testing,02,40,0,1.0,1.0,0.6805459217126126,0.49655847023219735,0.03993342071771622
ONE,R04,testing,02,41,0,1.0,1.0,0.6805459217126126,0.4985373012897877,0.03842855617403984
ONE,R04,testing,02,42,0,1.0,1.0,0.6805459217126126,0.5005113791540213,0.03890959918498993
ONE,R04,testing,02,43,0,1.0,1.0,0.6805459217126126,0.5024805851089773,0.03683279827237129
ONE,R04,testing,02,44,0,1.0,1.0,0.6805459217126126,0.5044448003399556,0.038505300879478455
ONE,R04,testing,02,45,0,1.0,1.0,0.6805459217126126,0.506403905945113,0.038632482290267944
ONE,R04,testing,02,46,0,1.0,1.0,0.6805459217126126,0.5083577829471556,0.038323238492012024
ONE,R04,testing,02,47,0,1.0,1.0,0.6805459217126126,0.5103063123050865,0.03685930743813515
ONE,R04,testing,02,48,0,1.0,1.0,0.7502779307730126,0.5647369101736412,0.037911564111709595
ONE,R04,testing,02,49,0,1.0,1.0,0.7502779307730126,0.5668729101131821,0.03694608435034752
ONE,R04,testing,02,50,0,1.0,1.0,0.7502779307730126,0.5690026204567457,0.038219720125198364
ONE,R04,testing,02,51,0,1.0,1.0,0.7502779307730126,0.5711259098155688,0.03779546171426773
ONE,R04,testing,02,52,0,1.0,1.0,0.7502779307730126,0.5732426467962645,0.03824897110462189
ONE,R04,testing,02,53,0,1.0,1.0,0.7502779307730126,0.5753527000141019,0.03764716908335686
ONE,R04,testing,02,54,0,1.0,1.0,0.7502779307730126,0.5774559381063329,0.03844814747571945
ONE,R04,testing,02,55,0,1.0,1.0,0.7502779307730126,0.5795522297455663,0.03696861490607262
ONE,R04,testing,02,56,0,1.0,1.0,0.7502779307730126,0.5816414436531856,0.036281734704971313
ONE,R04,testing,02,57,0,1.0,1.0,0.7502779307730126,0.5837234486128102,0.03671520575881004
ONE,R04,testing,02,58,0,1.0,1.0,0.7502779307730126,0.5857981134837976,0.04035307094454765
ONE,R04,testing,02,59,0,1.0,1.0,0.7502779307730126,0.5878653072147836,0.03849801421165466
ONE,R04,testing,02,60,0,1.0,1.0,0.7502779307730126,0.5899248988572602,0.038198333233594894
ONE,R04,testing,02,61,0,1.0,1.0,0.7502779307730126,0.5919767575791883,0.038195546716451645
ONE,R04,testing,02,62,0,1.0,1.0,0.7502779307730126,0.5940207526786444,0.036921728402376175
ONE,R04,testing,02,63,0,1.0,1.0,0.7502779307730126,0.5960567535974967,0.038671184331178665
ONE,R04,testing,02,64,0,1.0,1.0,0.8176115364082565,0.6517596654876837,0.03852682560682297
ONE,R04,testing,02,65,0,1.0,1.0,0.8176115364082565,0.6539605377137049,0.04046798497438431
ONE,R04,testing,02,66,0,1.0,1.0,0.8176115364082565,0.6561522725868367,0.039081986993551254
ONE,R04,testing,02,67,1,1.0,1.0,0.8176115364082565,0.6583347286084602,0.03929365426301956
ONE,R04,testing,02,68,1,1.0,1.0,0.8176115364082565,0.6605077645116105,0.040170930325984955
ONE,R04,testing,02,69,1,1.0,1.0,0.8176115364082565,0.6626712392760395,0.0413801334798336
ONE,R04,testing,02,70,1,1.0,1.0,0.8176115364082565,0.6648250121432978,0.04001496732234955
ONE,R04,testing,02,71,1,1.0,1.0,0.8176115364082565,0.6669689426318325,0.04197828844189644
ONE,R04,testing,02,72,1,1.0,1.0,0.8176115364082565,0.6691028905520999,0.04348583146929741
ONE,R04,testing,02,73,1,1.0,1.0,0.8176115364082565,0.6712267160216899,0.044935550540685654
ONE,R04,testing,02,74,1,1.0,1.0,0.8176115364082565,0.6733402794804603,0.0457029864192009
ONE,R04,testing,02,75,1,1.0,1.0,0.8176115364082565,0.6754434417056778,0.04496936872601509
ONE,R04,testing,02,76,1,1.0,1.0,0.8176115364082565,0.677536063827166,0.042713671922683716
ONE,R04,testing,02,77,1,1.0,1.0,0.8176115364082565,0.6796180073424538,0.04301629215478897
ONE,R04,testing,02,78,1,1.0,1.0,0.8176115364082565,0.6816891341319269,0.04031866416335106
ONE,R04,testing,02,79,1,1.0,1.0,0.8176115364082565,0.6837493064739756,0.04118231311440468
ONE,R04,testing,02,80,1,1.0,1.0,0.8819822938382926,0.7397914628101324,0.04123162850737572
ONE,R04,testing,02,81,1,1.0,1.0,0.8819822938382926,0.741989755345676,0.04176842048764229
ONE,R04,testing,02,82,1,1.0,1.0,0.8819822938382926,0.7441757880334327,0.042624957859516144
ONE,R04,testing,02,83,1,1.0,1.0,0.8819822938382926,0.7463494141895879,0.039529118686914444
ONE,R04,testing,02,84,1,1.0,1.0,0.8819822938382926,0.74851048764126,0.03971321880817413
ONE,R04,testing,02,85,1,1.0,1.0,0.8819822938382926,0.7506588627427785,0.04144003242254257
ONE,R04,testing,02,86,1,1.0,1.0,0.8819822938382926,0.7527943943919424,0.045482877641916275
ONE,R04,testing,02,87,1,1.0,1.0,0.8819822938382926,0.7549169380462579,0.04313217103481293
ONE,R04,testing,02,88,1,1.0,1.0,0.8819822938382926,0.7570263497391507,0.0440235398709774
ONE,R04,testing,02,89,1,1.0,1.0,0.8819822938382926,0.7591224860961517,0.04508836567401886
ONE,R04,testing,02,90,1,1.0,1.0,0.8819822938382926,0.7612052043510535,0.04630252346396446
ONE,R04,testing,02,91,1,1.0,1.0,0.8819822938382926,0.7632743623620345,0.0453914999961853
ONE,R04,testing,02,92,1,1.0,1.0,0.8819822938382926,0.7653298186277488,0.04491668939590454
ONE,R04,testing,02,93,1,1.0,1.0,0.8819822938382926,0.7673714323033797,0.04381541162729263
ONE,R04,testing,02,94,1,1.0,1.0,0.8819822938382926,0.7693990632166519,0.047679051756858826
ONE,R04,testing,02,95,1,1.0,1.0,0.8819822938382926,0.771412571883803,0.047252535820007324
ONE,R04,testing,02,96,1,1.0,1.0,0.9429082597083381,0.8268379057962859,0.046752870082855225
ONE,R04,testing,02,97,1,1.0,1.0,0.9429082597083381,0.828959864606554,0.046910181641578674
ONE,R04,testing,02,98,1,1.0,1.0,0.9429082597083381,0.8310662828570988,0.047419533133506775
ONE,R04,testing,02,99,1,1.0,1.0,0.9429082597083381,0.833157014542883,0.04791620746254921
ONE,R04,testing,02,100,1,1.0,1.0,0.9429082597083381,0.8352319144795461,0.04631814733147621
ONE,R04,testing,02,101,1,1.0,1.0,0.9429082597083381,0.8372908383201513,0.046577807515859604
ONE,R04,testing,02,102,1,1.0,1.0,0.9429082597083381,0.8393336425718689,0.045519229024648666
ONE,R04,testing,02,103,1,1.0,1.0,0.9429082597083381,0.8413601846125938,0.045943450182676315
ONE,R04,testing,02,104,1,1.0,1.0,0.9429082597083381,0.8433703227074926,0.046309828758239746
ONE,R04,testing,02,105,1,1.0,1.0,0.9429082597083381,0.8453639160254789,0.046010661870241165
ONE,R04,testing,02,106,1,1.0,1.0,0.9429082597083381,0.8473408246556151,0.04716440662741661
ONE,R04,testing,02,107,1,1.0,1.0,0.9429082597083381,0.849300909623435,0.044292714446783066
ONE,R04,testing,02,108,1,1.0,1.0,0.9429082597083381,0.851244032907188,0.04751640930771828
ONE,R04,testing,02,109,1,1.0,1.0,0.9429082597083381,0.8531700574539995,0.048671089112758636
ONE,R04,testing,02,110,1,1.0,1.0,0.9429082597083381,0.8550788471959473,0.05080600455403328
ONE,R04,testing,02,111,1,1.0,1.0,0.9429082597083381,0.8569702670660482,0.05049267038702965
ONE,R04,testing,02,112,1,1.0,1.0,1.0,0.9108459642508753,0.0524386428296566
ONE,R04,testing,02,113,1,1.0,1.0,1.0,0.9128146382862301,0.05236438661813736
ONE,R04,testing,02,114,1,1.0,1.0,1.0,0.9147644675310426,0.047825995832681656
ONE,R04,testing,02,115,1,1.0,1.0,1.0,0.9166953131539936,0.04924890771508217
ONE,R04,testing,02,116,1,1.0,1.0,1.0,0.9186070374685918,0.04398587346076965
ONE,R04,testing,02,117,1,1.0,1.0,1.0,0.9204995039495125,0.04485456272959709
ONE,R04,testing,02,118,1,1.0,1.0,1.0,0.9223725772488228,0.04941548407077789
ONE,R04,testing,02,119,1,1.0,1.0,1.0,0.9242261232120923,0.047638900578022
ONE,R04,testing,02,120,1,1.0,1.0,1.0,0.9260600088943858,0.045881401747465134
ONE,R04,testing,02,121,1,1.0,1.0,1.0,0.9278741025761358,0.04613689333200455
ONE,R04,testing,02,122,1,1.0,1.0,1.0,0.9296682737788909,0.04487255960702896
ONE,R04,testing,02,123,1,1.0,1.0,1.0,0.9314423932809399,0.05003246292471886
ONE,R04,testing,02,124,1,1.0,1.0,1.0,0.9331963331328055,0.044422298669815063
ONE,R04,testing,02,125,1,1.0,1.0,1.0,0.934929966672609,0.039633121341466904
ONE,R04,testing,02,126,1,1.0,1.0,1.0,0.9366431685413,0.03843654319643974
ONE,R04,testing,02,127,1,1.0,1.0,1.0,0.9383358146977505,0.04057181254029274
ONE,R04,testing,02,128,1,1.0,1.0,1.0,0.9400077824337104,0.041660815477371216
ONE,R04,testing,02,129,1,1.0,1.0,1.0,0.9416589503886214,0.03988223150372505
ONE,R04,testing,02,130,1,1.0,1.0,1.0,0.9432891985642872,0.05460046976804733
ONE,R04,testing,02,131,1,1.0,1.0,1.0,0.9448984083393983,0.05713910236954689
ONE,R04,testing,02,132,1,1.0,1.0,1.0,0.946486462483907,0.06657285243272781
ONE,R04,testing,02,133,1,1.0,1.0,1.0,0.9480532451732517,0.06410596519708633
ONE,R04,testing,02,134,1,1.0,1.0,1.0,0.9495986420024282,0.059054870158433914
ONE,R04,testing,02,135,1,1.0,1.0,1.0,0.9511225399999045,0.05751114338636398
ONE,R04,testing,02,136,1,1.0,1.0,1.0,0.9526248276413772,0.05439994856715202
ONE,R04,testing,02,137,1,1.0,1.0,1.0,0.9541053948633683,0.051660384982824326
ONE,R04,testing,02,138,1,1.0,1.0,1.0,0.9555641330766577,0.05034239590167999
ONE,R04,testing,02,139,1,1.0,1.0,1.0,0.9570009351795512,0.04912795126438141
ONE,R04,testing,02,140,1,1.0,1.0,1.0,0.9584156955709813,0.04517587646842003
ONE,R04,testing,02,141,1,1.0,1.0,1.0,0.9598083101634375,0.04882025346159935
ONE,R04,testing,02,142,1,1.0,1.0,1.0,0.9611786763957252,0.045061707496643066
ONE,R04,testing,02,143,1,1.0,1.0,1.0,0.96252669324555,0.04876963421702385
ONE,R04,testing,02,144,1,1.0,1.0,1.0,0.9638522612419262,0.05582406371831894
ONE,R04,testing,02,145,1,1.0,1.0,1.0,0.9651552824774067,0.050825394690036774
ONE,R04,testing,02,146,1,1.0,1.0,1.0,0.966435660620132,0.052691131830215454
ONE,R04,testing,02,147,1,1.0,1.0,1.0,0.9676933009256967,0.047115225344896317
ONE,R04,testing,02,148,1,1.0,1.0,1.0,0.9689281102488322,0.046253204345703125
ONE,R04,testing,02,149,1,1.0,1.0,1.0,0.9701399970549011,0.04518832266330719
ONE,R04,testing,02,150,1,1.0,1.0,1.0,0.9713288714312043,0.045871589332818985
ONE,R04,testing,02,151,1,1.0,1.0,1.0,0.972494645098097,0.045268356800079346
ONE,R04,testing,02,152,1,1.0,1.0,1.0,0.9736372314199119,0.0456332303583622
ONE,R04,testing,02,153,1,1.0,1.0,1.0,0.9747565454156883,0.04454612731933594
ONE,R04,testing,02,154,1,1.0,1.0,1.0,0.9758525037697052,0.04646450653672218
ONE,R04,testing,02,155,1,1.0,1.0,1.0,0.976925024841815,0.045638009905815125
ONE,R04,testing,02,156,1,1.0,1.0,1.0,0.9779740286775791,0.0465102344751358
ONE,R04,testing,02,157,1,1.0,1.0,1.0,0.9789994370182,0.04428543895483017
ONE,R04,testing,02,158,1,1.0,1.0,1.0,0.9800011733102518,0.044346049427986145
ONE,R04,testing,02,159,1,1.0,1.0,1.0,0.9809791627152036,0.04458184167742729
ONE,R04,testing,02,160,1,1.0,1.0,1.0,0.9819333321187381,0.04783441126346588
ONE,R04,testing,02,161,1,1.0,1.0,1.0,0.9828636101398605,0.0534433014690876
ONE,R04,testing,02,162,1,1.0,1.0,1.0,0.9837699271397975,0.05139780789613724
ONE,R04,testing,02,163,1,1.0,1.0,1.0,0.9846522152306859,0.0512898825109005
ONE,R04,testing,02,164,1,1.0,1.0,1.0,0.9855104082840466,0.04955681413412094
ONE,R04,testing,02,165,1,1.0,1.0,1.0,0.9863444419390452,0.048803724348545074
ONE,R04,testing,02,166,1,1.0,1.0,1.0,0.9871542536105363,0.05034591630101204
ONE,R04,testing,02,167,1,1.0,1.0,1.0,0.9879397824968901,0.05063944309949875
ONE,R04,testing,02,168,1,1.0,1.0,1.0,0.9887009695876007,0.048240285366773605
ONE,R04,testing,02,169,1,1.0,1.0,1.0,0.9894377576706741,0.04603126272559166
ONE,R04,testing,02,170,1,1.0,1.0,1.0,0.9901500913397948,0.04644440487027168
ONE,R04,testing,02,171,1,1.0,1.0,1.0,0.9908379170012702,0.04405241087079048
ONE,R04,testing,02,172,1,1.0,1.0,1.0,0.9915011828807503,0.04423126205801964
ONE,R04,testing,02,173,1,1.0,1.0,1.0,0.9921398390297228,0.04463813081383705
ONE,R04,testing,02,174,1,1.0,1.0,1.0,0.9927538373317827,0.04548705741763115
ONE,R04,testing,02,175,1,1.0,1.0,1.0,0.9933431315086734,0.04599839821457863
ONE,R04,testing,02,176,1,1.0,1.0,0.9999999999999999,0.9939076771261002,0.04668835178017616
ONE,R04,testing,02,177,1,1.0,1.0,0.9999999999999999,0.9944474315993147,0.052014611661434174
ONE,R04,testing,02,178,1,1.0,1.0,0.9999999999999999,0.9949623541984677,0.049015533179044724
ONE,R04,testing,02,179,1,1.0,1.0,0.9999999999999999,0.9954524060537323,0.04988892748951912
ONE,R04,testing,02,180,1,1.0,1.0,0.9999999999999999,0.9959175501601938,0.05066659674048424
ONE,R04,testing,02,181,1,1.0,1.0,0.9999999999999999,0.9963577513825066,0.052317433059215546
ONE,R04,testing,02,182,1,1.0,1.0,0.9999999999999999,0.9967729764593182,0.050569575279951096
ONE,R04,testing,02,183,1,1.0,1.0,0.9999999999999999,0.9971631940074568,0.05152785778045654
ONE,R04,testing,02,184,1,1.0,1.0,0.9999999999999999,0.9975283745258855,0.05102207139134407
ONE,R04,testing,02,185,1,1.0,1.0,0.9999999999999999,0.9978684903994192,0.05197736248373985
ONE,R04,testing,02,186,1,1.0,1.0,0.9999999999999999,0.9981835159022047,0.050959352403879166
ONE,R04,testing,02,187,1,1.0,1.0,0.9999999999999999,0.9984734272009638,0.05013202130794525
ONE,R04,testing,02,188,1,1.0,1.0,0.9999999999999999,0.9987382023579991,0.0488433800637722
ONE,R04,testing,02,189,1,1.0,1.0,0.9999999999999999,0.9989778213339601,0.048413582146167755
ONE,R04,testing,02,190,1,1.0,1.0,0.9999999999999999,0.9991922659903709,0.04660438373684883
ONE,R04,testing,02,191,1,1.0,1.0,0.9999999999999999,0.999381520091919,0.0484786219894886
ONE,R04,testing,02,192,1,1.0,0.9999999999999999,0.9999999999999999,0.9995455693085036,0.04911860078573227
ONE,R04,testing,02,193,1,1.0,0.9999999999999999,0.9999999999999999,0.9996844012170439,0.04751281812787056
ONE,R04,testing,02,194,1,1.0,0.9999999999999999,0.9999999999999999,0.9997980053030476,0.04815785586833954
ONE,R04,testing,02,195,1,1.0,0.9999999999999999,0.9999999999999999,0.9998863729619372,0.047879982739686966
ONE,R04,testing,02,196,1,1.0,0.9999999999999999,0.9999999999999999,0.9999494975001368,0.04788343235850334
ONE,R04,testing,02,197,1,1.0,0.9999999999999999,0.9999999999999999,0.9999873741359174,0.048656683415174484
ONE,R04,testing,02,198,1,1.0,0.9999999999999999,0.9999999999999999,0.9999999999999999,0.04886075481772423
ONE,R04,testing,02,199,1,1.0,0.9999999999999999,0.9999999999999999,0.9999873741359174,0.050657473504543304
ONE,R04,testing,02,200,1,1.0,0.9999999999999999,0.9999999999999999,0.9999494975001368,0.049199704080820084
ONE,R04,testing,02,201,1,1.0,0.9999999999999999,0.9999999999999999,0.9998863729619372,0.04779120907187462
ONE,R04,testing,02,202,1,1.0,0.9999999999999999,0.9999999999999999,0.9997980053030476,0.04893822595477104
ONE,R04,testing,02,203,1,1.0,0.9999999999999999,0.9999999999999999,0.9996844012170439,0.05068962648510933
ONE,R04,testing,02,204,1,1.0,0.9999999999999999,0.9999999999999999,0.9995455693085036,0.05445181205868721
ONE,R04,testing,02,205,1,1.0,0.9999999999999999,0.9999999999999999,0.999381520091919,0.057345662266016006
ONE,R04,testing,02,206,1,1.0,0.9999999999999999,0.9999999999999999,0.9991922659903709,0.057970352470874786
ONE,R04,testing,02,207,1,1.0,0.9999999999999999,0.9999999999999999,0.9989778213339601,0.05575419217348099
ONE,R04,testing,02,208,1,1.0,0.9999999999999999,1.0,0.9987382023579993,0.056496813893318176
ONE,R04,testing,02,209,1,1.0,0.9999999999999999,1.0,0.9984734272009639,0.056068338453769684
ONE,R04,testing,02,210,1,1.0,0.9999999999999999,1.0,0.9981835159022048,0.05648325756192207
ONE,R04,testing,02,211,1,1.0,0.9999999999999999,1.0,0.9978684903994193,0.05262057110667229
ONE,R04,testing,02,212,1,1.0,0.9999999999999999,1.0,0.9975283745258856,0.0511239655315876
ONE,R04,testing,02,213,1,1.0,0.9999999999999999,1.0,0.9971631940074569,0.04802841320633888
ONE,R04,testing,02,214,1,1.0,0.9999999999999999,1.0,0.9967729764593183,0.04897017404437065
ONE,R04,testing,02,215,1,1.0,0.9999999999999999,1.0,0.9963577513825067,0.04651568830013275
ONE,R04,testing,02,216,1,1.0,0.9999999999999999,1.0,0.9959175501601939,0.04425876960158348
ONE,R04,testing,02,217,1,1.0,0.9999999999999999,1.0,0.9954524060537324,0.04599909111857414
ONE,R04,testing,02,218,1,1.0,0.9999999999999999,1.0,0.9949623541984678,0.044211529195308685
ONE,R04,testing,02,219,1,1.0,0.9999999999999999,1.0,0.9944474315993148,0.04157865047454834
ONE,R04,testing,02,220,1,1.0,0.9999999999999999,1.0,0.9939076771261003,0.04516051337122917
ONE,R04,testing,02,221,1,1.0,0.9999999999999999,1.0,0.9933431315086734,0.04542168229818344
ONE,R04,testing,02,222,1,1.0,0.9999999999999999,1.0,0.9927538373317827,0.04310956597328186
ONE,R04,testing,02,223,1,1.0,0.9999999999999999,1.0,0.9921398390297228,0.04441210627555847
ONE,R04,testing,02,224,1,1.0,1.0,1.0,0.9915011828807503,0.05179114267230034
ONE,R04,testing,02,225,1,1.0,1.0,1.0,0.9908379170012702,0.05518235266208649
ONE,R04,testing,02,226,1,1.0,1.0,1.0,0.9901500913397948,0.05526040121912956
ONE,R04,testing,02,227,1,1.0,1.0,1.0,0.9894377576706741,0.04855635017156601
ONE,R04,testing,02,228,1,1.0,1.0,1.0,0.9887009695876007,0.05041814595460892
ONE,R04,testing,02,229,1,1.0,1.0,1.0,0.9879397824968901,0.05344158783555031
ONE,R04,testing,02,230,1,1.0,1.0,1.0,0.9871542536105363,0.05335267260670662
ONE,R04,testing,02,231,1,1.0,1.0,1.0,0.9863444419390452,0.05789972096681595
ONE,R04,testing,02,232,1,1.0,1.0,1.0,0.9855104082840466,0.0563325360417366
ONE,R04,testing,02,233,1,1.0,1.0,1.0,0.9846522152306859,0.050723087042570114
ONE,R04,testing,02,234,1,1.0,1.0,1.0,0.9837699271397975,0.052476584911346436
ONE,R04,testing,02,235,1,1.0,1.0,1.0,0.9828636101398605,0.04748150333762169
ONE,R04,testing,02,236,1,1.0,1.0,1.0,0.9819333321187381,0.05113568902015686
ONE,R04,testing,02,237,1,1.0,1.0,1.0,0.9809791627152036,0.05142342671751976
ONE,R04,testing,02,238,1,1.0,1.0,1.0,0.9800011733102518,0.055669695138931274
ONE,R04,testing,02,239,1,1.0,1.0,1.0,0.9789994370182,0.057339444756507874
ONE,R04,testing,02,240,1,1.0,1.0,1.0,0.9779740286775791,0.058693286031484604
ONE,R04,testing,02,241,1,1.0,1.0,1.0,0.976925024841815,0.05522072687745094
ONE,R04,testing,02,242,1,1.0,1.0,1.0,0.9758525037697052,0.0536670908331871
ONE,R04,testing,02,243,1,1.0,1.0,1.0,0.9747565454156883,0.05399809405207634
ONE,R04,testing,02,244,1,1.0,1.0,1.0,0.9736372314199119,0.04891318455338478
ONE,R04,testing,02,245,1,1.0,1.0,1.0,0.972494645098097,0.047206245362758636
ONE,R04,testing,02,246,1,1.0,1.0,1.0,0.9713288714312043,0.047245074063539505
ONE,R04,testing,02,247,1,1.0,1.0,1.0,0.9701399970549011,0.04832743480801582
ONE,R04,testing,02,248,1,1.0,1.0,1.0,0.9689281102488322,0.05129552632570267
ONE,R04,testing,02,249,1,1.0,1.0,1.0,0.9676933009256967,0.05226670950651169
ONE,R04,testing,02,250,1,1.0,1.0,1.0,0.966435660620132,0.04927484691143036
ONE,R04,testing,02,251,1,1.0,1.0,1.0,0.9651552824774067,0.04995296150445938
ONE,R04,testing,02,252,1,1.0,1.0,1.0,0.9638522612419262,0.04753044992685318
ONE,R04,testing,02,253,1,1.0,1.0,1.0,0.96252669324555,0.05146073177456856
ONE,R04,testing,02,254,1,1.0,1.0,1.0,0.9611786763957252,0.05141457915306091
ONE,R04,testing,02,255,1,1.0,1.0,1.0,0.9598083101634375,0.0507732629776001
ONE,R04,testing,02,256,1,1.0,1.0,1.0,0.9584156955709813,0.05158265307545662
ONE,R04,testing,02,257,1,1.0,1.0,1.0,0.9570009351795512,0.052100345492362976
ONE,R04,testing,02,258,1,1.0,1.0,1.0,0.9555641330766577,0.053585875779390335
ONE,R04,testing,02,259,1,1.0,1.0,1.0,0.9541053948633683,0.05339246988296509
ONE,R04,testing,02,260,1,1.0,1.0,1.0,0.9526248276413772,0.05180557444691658
ONE,R04,testing,02,261,1,1.0,1.0,1.0,0.9511225399999045,0.05167889967560768
ONE,R04,testing,02,262,1,1.0,1.0,1.0,0.9495986420024282,0.05699753016233444
ONE,R04,testing,02,263,1,1.0,1.0,1.0,0.9480532451732517,0.05807427316904068
ONE,R04,testing,02,264,1,1.0,1.0,1.0,0.946486462483907,0.05869819596409798
ONE,R04,testing,02,265,1,1.0,1.0,1.0,0.9448984083393983,0.055846039205789566
ONE,R04,testing,02,266,1,1.0,1.0,1.0,0.9432891985642872,0.05827442184090614
ONE,R04,testing,02,267,1,1.0,1.0,1.0,0.9416589503886214,0.05874931812286377
ONE,R04,testing,02,268,1,1.0,1.0,1.0,0.9400077824337104,0.058166977018117905
ONE,R04,testing,02,269,1,1.0,1.0,1.0,0.9383358146977505,0.05644480511546135
ONE,R04,testing,02,270,1,1.0,1.0,1.0,0.9366431685413,0.05778682604432106
ONE,R04,testing,02,271,1,1.0,1.0,1.0,0.934929966672609,0.05579601228237152
ONE,R04,testing,02,272,1,1.0,1.0,1.0,0.9331963331328055,0.05329291149973869
ONE,R04,testing,02,273,1,1.0,1.0,1.0,0.9314423932809399,0.05244823917746544
ONE,R04,testing,02,274,1,1.0,1.0,1.0,0.9296682737788909,0.05450630187988281
ONE,R04,testing,02,275,1,1.0,1.0,1.0,0.9278741025761358,0.054244913160800934
ONE,R04,testing,02,276,1,1.0,1.0,1.0,0.9260600088943858,0.05507078394293785
ONE,R04,testing,02,277,1,1.0,1.0,1.0,0.9242261232120923,0.053633712232112885
ONE,R04,testing,02,278,1,1.0,1.0,1.0,0.9223725772488228,0.05242941901087761
ONE,R04,testing,02,279,1,1.0,1.0,1.0,0.9204995039495125,0.05257054790854454
ONE,R04,testing,02,280,1,1.0,1.0,1.0,0.9186070374685918,0.05104907229542732
ONE,R04,testing,02,281,1,1.0,1.0,1.0,0.9166953131539936,0.05164490267634392
ONE,R04,testing,02,282,1,1.0,1.0,1.0,0.9147644675310426,0.050930630415678024
ONE,R04,testing,02,283,1,1.0,1.0,1.0,0.9128146382862301,0.0517897829413414
ONE,R04,testing,02,284,1,1.0,1.0,1.0,0.9108459642508753,0.05241571366786957
ONE,R04,testing,02,285,1,1.0,1.0,1.0,0.9088585853846773,0.05386367812752724
ONE,R04,testing,02,286,1,1.0,1.0,1.0,0.9068526427591604,0.05209902673959732
ONE,R04,testing,02,287,1,1.0,1.0,1.0,0.9048282785410147,0.05141740292310715
ONE,R04,testing,02,288,1,1.0,1.0,0.9429082597083381,0.851244032907188,0.05241117998957634
ONE,R04,testing,02,289,1,1.0,1.0,0.9429082597083381,0.849300909623435,0.0528133250772953
ONE,R04,testing,02,290,1,1.0,1.0,0.9429082597083381,0.8473408246556151,0.05132026597857475
ONE,R04,testing,02,291,1,1.0,1.0,0.9429082597083381,0.8453639160254789,0.053121909499168396
ONE,R04,testing,02,292,1,1.0,1.0,0.9429082597083381,0.8433703227074926,0.052753105759620667
ONE,R04,testing,02,293,1,1.0,1.0,0.9429082597083381,0.8413601846125938,0.052377358078956604
ONE,R04,testing,02,294,1,1.0,1.0,0.9429082597083381,0.8393336425718689,0.0518161877989769
ONE,R04,testing,02,295,1,1.0,1.0,0.9429082597083381,0.8372908383201513,0.05043751373887062
ONE,R04,testing,02,296,1,1.0,1.0,0.9429082597083381,0.8352319144795461,0.05071519315242767
ONE,R04,testing,02,297,1,1.0,1.0,0.9429082597083381,0.833157014542883,0.05046381056308746
ONE,R04,testing,02,298,1,1.0,1.0,0.9429082597083381,0.8310662828570988,0.05377548187971115
ONE,R04,testing,02,299,1,1.0,1.0,0.9429082597083381,0.828959864606554,0.05430327728390694
ONE,R04,testing,02,300,1,1.0,1.0,0.9429082597083381,0.8268379057962859,0.054992642253637314
ONE,R04,testing,02,301,1,1.0,1.0,0.9429082597083381,0.8247005532351992,0.05513693392276764
ONE,R04,testing,02,302,1,1.0,1.0,0.9429082597083381,0.822547954519199,0.05501445755362511
ONE,R04,testing,02,303,1,1.0,1.0,0.9429082597083381,0.8203802580142682,0.05361358821392059
ONE,R04,testing,02,304,1,1.0,1.0,0.8819822938382925,0.7653298186277487,0.05530552193522453
ONE,R04,testing,02,305,1,1.0,1.0,0.8819822938382925,0.7632743623620344,0.05560027435421944
ONE,R04,testing,02,306,1,1.0,1.0,0.8819822938382925,0.7612052043510534,0.054769232869148254
ONE,R04,testing,02,307,1,1.0,1.0,0.8819822938382925,0.7591224860961516,0.05107240378856659
ONE,R04,testing,02,308,1,1.0,1.0,0.8819822938382925,0.7570263497391506,0.04681701958179474
ONE,R04,testing,02,309,1,1.0,1.0,0.8819822938382925,0.7549169380462578,0.050172653049230576
ONE,R04,testing,02,310,1,1.0,1.0,0.8819822938382925,0.7527943943919423,0.04757969081401825
ONE,R04,testing,02,311,1,1.0,1.0,0.8819822938382925,0.7506588627427784,0.04643722251057625
ONE,R04,testing,02,312,1,1.0,1.0,0.8819822938382925,0.7485104876412599,0.04302554577589035
ONE,R04,testing,02,313,1,1.0,1.0,0.8819822938382925,0.7463494141895878,0.04321765527129173
ONE,R04,testing,02,314,1,1.0,1.0,0.8819822938382925,0.7441757880334325,0.04384477809071541
ONE,R04,testing,02,315,1,1.0,1.0,0.8819822938382925,0.7419897553456759,0.04565499350428581
ONE,R04,testing,02,316,1,1.0,1.0,0.8819822938382925,0.7397914628101324,0.047115031629800797
ONE,R04,testing,02,317,1,1.0,1.0,0.8819822938382925,0.7375810576052543,0.047655846923589706
ONE,R04,testing,02,318,1,1.0,1.0,0.8819822938382925,0.7353586873878225,0.053018223494291306
ONE,R04,testing,02,319,1,1.0,1.0,0.8819822938382925,0.7331245002766255,0.04967654123902321
ONE,R04,testing,02,320,1,1.0,1.0,0.8176115364082562,0.6775360638271658,0.051105957478284836
ONE,R04,testing,02,321,1,1.0,1.0,0.8176115364082562,0.6754434417056776,0.052171189337968826
ONE,R04,testing,02,322,1,1.0,1.0,0.8176115364082562,0.67334027948046,0.05159010738134384
ONE,R04,testing,02,323,1,1.0,1.0,0.8176115364082562,0.6712267160216897,0.050948843359947205
ONE,R04,testing,02,324,1,1.0,1.0,0.8176115364082562,0.6691028905520997,0.05311296135187149
ONE,R04,testing,02,325,1,1.0,1.0,0.8176115364082562,0.6669689426318324,0.05017611384391785
ONE,R04,testing,02,326,1,1.0,1.0,0.8176115364082562,0.6648250121432977,0.05618394911289215
ONE,R04,testing,02,327,1,1.0,1.0,0.8176115364082562,0.6626712392760394,0.047896310687065125
ONE,R04,testing,02,328,1,1.0,1.0,0.8176115364082562,0.6605077645116103,0.04887356236577034
ONE,R04,testing,02,329,1,1.0,1.0,0.8176115364082562,0.65833472860846,0.054070521146059036
ONE,R04,testing,02,330,1,1.0,1.0,0.8176115364082562,0.6561522725868365,0.05346835032105446
ONE,R04,testing,02,331,1,1.0,1.0,0.8176115364082562,0.6539605377137048,0.05502292886376381
ONE,R04,testing,02,332,1,1.0,1.0,0.8176115364082562,0.6517596654876836,0.057729240506887436
ONE,R04,testing,02,333,1,1.0,1.0,0.8176115364082562,0.6495497976240038,0.05395001545548439
ONE,R04,testing,02,334,1,1.0,1.0,0.8176115364082562,0.6473310760394887,0.04998982325196266
ONE,R04,testing,02,335,1,1.0,1.0,0.8176115364082562,0.6451036428375612,0.0488944947719574
ONE,R04,testing,02,336,1,1.0,0.9999999999999999,0.7502779307730124,0.58992489885726,0.04906914755702019
ONE,R04,testing,02,337,1,1.0,0.9999999999999999,0.7502779307730124,0.5878653072147834,0.04701834172010422
ONE,R04,testing,02,338,1,1.0,0.9999999999999999,0.7502779307730124,0.5857981134837974,0.0480940081179142
ONE,R04,testing,02,339,1,1.0,0.9999999999999999,0.7502779307730124,0.58372344861281,0.04624321311712265
ONE,R04,testing,02,340,1,1.0,0.9999999999999999,0.7502779307730124,0.5816414436531854,0.047133781015872955
ONE,R04,testing,02,341,1,1.0,0.9999999999999999,0.7502779307730124,0.5795522297455661,0.046244874596595764
ONE,R04,testing,02,342,1,1.0,0.9999999999999999,0.7502779307730124,0.5774559381063328,0.04540824890136719
ONE,R04,testing,02,343,1,1.0,0.9999999999999999,0.7502779307730124,0.5753527000141018,0.04611881822347641
ONE,R04,testing,02,344,1,1.0,0.9999999999999999,0.7502779307730124,0.5732426467962644,0.04600675776600838
ONE,R04,testing,02,345,1,1.0,0.9999999999999999,0.7502779307730124,0.5711259098155687,0.046642787754535675
ONE,R04,testing,02,346,1,1.0,0.9999999999999999,0.7502779307730124,0.5690026204567455,0.04836634546518326
ONE,R04,testing,02,347,1,1.0,0.9999999999999999,0.7502779307730124,0.5668729101131819,0.04833023622632027
ONE,R04,testing,02,348,1,1.0,0.9999999999999999,0.7502779307730124,0.564736910173641,0.05040409043431282
ONE,R04,testing,02,349,1,1.0,0.9999999999999999,0.7502779307730124,0.5625947520090343,0.05197802186012268
ONE,R04,testing,02,350,1,1.0,0.9999999999999999,0.7502779307730124,0.5604465669592439,0.048038627952337265
ONE,R04,testing,02,351,1,1.0,0.9999999999999999,0.7502779307730124,0.5582924863200001,0.050502970814704895
ONE,R04,testing,02,352,1,1.0,0.9999999999999999,0.6805459217126126,0.5044448003399556,0.04817931354045868
ONE,R04,testing,02,353,0,1.0,0.9999999999999999,0.6805459217126126,0.5024805851089773,0.04855560511350632
ONE,R04,testing,02,354,0,1.0,0.9999999999999999,0.6805459217126126,0.5005113791540213,0.047770194709300995
ONE,R04,testing,02,355,0,1.0,0.9999999999999999,0.6805459217126126,0.4985373012897877,0.04998662695288658
ONE,R04,testing,02,356,0,1.0,0.9999999999999999,0.6805459217126126,0.49655847023219735,0.049506645649671555
ONE,R04,testing,02,357,0,1.0,0.9999999999999999,0.6805459217126126,0.494575004586814,0.04567049816250801
ONE,R04,testing,02,358,0,1.0,0.9999999999999999,0.6805459217126126,0.4925870228373269,0.051771193742752075
ONE,R04,testing,02,359,0,1.0,0.9999999999999999,0.6805459217126126,0.4905946433340933,0.04647550359368324
ONE,R04,testing,02,360,0,1.0,0.9999999999999999,0.6805459217126126,0.48859798428274476,0.04747495427727699
ONE,R04,testing,02,361,0,1.0,0.9999999999999999,0.6805459217126126,0.48659716373285733,0.04447198659181595
ONE,R04,testing,02,362,0,1.0,0.9999999999999999,0.6805459217126126,0.4845922995666868,0.04232366383075714
ONE,R04,testing,02,363,0,1.0,0.9999999999999999,0.6805459217126126,0.4825835094879723,0.04244464263319969
ONE,R04,testing,02,364,0,1.0,0.9999999999999999,0.6805459217126126,0.4805709110108066,0.04198414459824562
ONE,R04,testing,02,365,0,1.0,0.9999999999999999,0.6805459217126126,0.47855462144857813,0.04177155718207359
ONE,R04,testing,02,366,0,1.0,0.9999999999999999,0.6805459217126126,0.4765347579029829,0.043257664889097214
ONE,R04,testing,02,367,0,1.0,0.9999999999999999,0.6805459217126126,0.47451143725310974,0.04335475340485573
ONE,R04,testing,02,368,0,1.0,1.0,0.6090486384384382,0.42284613045595354,0.042897213250398636
ONE,R04,testing,02,369,0,1.0,1.0,0.6090486384384382,0.42102950242700693,0.04357711225748062
ONE,R04,testing,02,370,0,1.0,1.0,0.6090486384384382,0.41921009300049217,0.04326552152633667
ONE,R04,testing,02,371,0,1.0,1.0,0.6090486384384382,0.4173880058831087,0.045113783329725266
ONE,R04,testing,02,372,0,1.0,1.0,0.6090486384384382,0.41556334453451144,0.04504423961043358
ONE,R04,testing,02,373,0,1.0,1.0,0.6090486384384382,0.4137362121579567,0.04551709070801735
ONE,R04,testing,02,374,0,1.0,1.0,0.6090486384384382,0.4119067116910219,0.044731978327035904
ONE,R04,testing,02,375,0,1.0,1.0,0.6090486384384382,0.41007494579639947,0.04477256163954735
ONE,R04,testing,02,376,0,1.0,1.0,0.6090486384384382,0.4082410168527656,0.04674821346998215
ONE,R04,testing,02,377,0,1.0,1.0,0.6090486384384382,0.4064050269457255,0.0440816767513752
ONE,R04,testing,02,378,0,1.0,1.0,0.6090486384384382,0.40456707785883594,0.04532371088862419
ONE,R04,testing,02,379,0,1.0,1.0,0.6090486384384382,0.4027272710647059,0.04568510502576828
ONE,R04,testing,02,380,0,1.0,1.0,0.6090486384384382,0.4008857077161771,0.04630259796977043
ONE,R04,testing,02,381,0,1.0,1.0,0.6090486384384382,0.3990424886375838,0.046264730393886566
ONE,R04,testing,02,382,0,1.0,1.0,0.6090486384384382,0.397197714316095,0.04683376103639603
ONE,R04,testing,02,383,0,1.0,1.0,0.6090486384384382,0.395351484893138,0.04591355472803116
ONE,R04,testing,02,384,0,1.0,1.0,0.5364708121022926,0.34661165555400214,0.04267736151814461
ONE,R04,testing,02,385,0,1.0,1.0,0.5364708121022926,0.3449831336757889,0.0424431636929512
ONE,R04,testing,02,386,0,1.0,1.0,0.5364708121022926,0.34335359281684424,0.04186916723847389
ONE,R04,testing,02,387,0,1.0,1.0,0.5364708121022926,0.34172311989292176,0.04098530113697052
ONE,R04,testing,02,388,0,1.0,1.0,0.5364708121022926,0.3400918014785765,0.041176117956638336
ONE,R04,testing,03,10,0,1.0,0.9999999999999999,0.5364708121022927,0.3442027911620473,0.023326050490140915
ONE,R04,testing,03,11,0,1.0,0.9999999999999999,0.5364708121022927,0.345908950370976,0.02224850468337536
ONE,R04,testing,03,12,0,1.0,0.9999999999999999,0.5364708121022927,0.34761393741498897,0.02169942855834961
ONE,R04,testing,03,13,0,1.0,0.9999999999999999,0.5364708121022927,0.3493176518258797,0.021842939779162407
ONE,R04,testing,03,14,0,1.0,0.9999999999999999,0.5364708121022927,0.35101999274765244,0.0225790087133646
ONE,R04,testing,03,15,0,1.0,0.9999999999999999,0.5364708121022927,0.3527208589458235,0.022471975535154343
ONE,R04,testing,03,16,0,1.0,1.0,0.6090486384384382,0.4023687854072368,0.023531826213002205
ONE,R04,testing,03,17,0,1.0,1.0,0.6090486384384382,0.40429606271380075,0.023543737828731537
ONE,R04,testing,03,18,0,1.0,1.0,0.6090486384384382,0.4062213185233655,0.021163616329431534
ONE,R04,testing,03,19,0,1.0,1.0,0.6090486384384382,0.40814443629471886,0.021787935867905617
ONE,R04,testing,03,20,0,1.0,1.0,0.6090486384384382,0.41006529911140044,0.02239181101322174
ONE,R04,testing,03,21,0,1.0,1.0,0.6090486384384382,0.4119837896929104,0.024352779611945152
ONE,R04,testing,03,22,0,1.0,1.0,0.6090486384384382,0.41389979040602165,0.03033914789557457
ONE,R04,testing,03,23,0,1.0,1.0,0.6090486384384382,0.41581318327619354,0.028385648503899574
ONE,R04,testing,03,24,0,1.0,1.0,0.6090486384384382,0.41772384999908724,0.0297126192599535
ONE,R04,testing,03,25,0,1.0,1.0,0.6090486384384382,0.4196316719521792,0.03286944702267647
ONE,R04,testing,03,26,0,1.0,1.0,0.6090486384384382,0.42153653020647297,0.029450861737132072
ONE,R04,testing,03,27,0,1.0,1.0,0.6090486384384382,0.4234383055383067,0.029579242691397667
ONE,R04,testing,03,28,0,1.0,1.0,0.6090486384384382,0.4253368784412562,0.027747031301259995
ONE,R04,testing,03,29,0,1.0,1.0,0.6090486384384382,0.42723212913813013,0.03194545581936836
ONE,R04,testing,03,30,0,1.0,1.0,0.6090486384384382,0.4291239375930571,0.03136081248521805
ONE,R04,testing,03,31,0,1.0,1.0,0.6090486384384382,0.431012183523663,0.02878114953637123
ONE,R04,testing,03,32,0,1.0,1.0,0.6805459217126126,0.4837152514610431,0.028098825365304947
ONE,R04,testing,03,33,0,1.0,1.0,0.6805459217126126,0.48581679616768875,0.024075757712125778
ONE,R04,testing,03,34,0,1.0,1.0,0.6805459217126126,0.48791395541635857,0.024609636515378952
ONE,R04,testing,03,35,0,1.0,1.0,0.6805459217126126,0.4900065938407708,0.02607291378080845
ONE,R04,testing,03,36,0,1.0,1.0,0.6805459217126126,0.49209457586867855,0.02459438145160675
ONE,R04,testing,03,37,0,1.0,1.0,0.6805459217126126,0.4941777657360411,0.026090063154697418
ONE,R04,testing,03,38,0,1.0,1.0,0.6805459217126126,0.4962560275012806,0.02604532800614834
ONE,R04,testing,03,39,0,1.0,1.0,0.6805459217126126,0.49832922505962546,0.02966727502644062
ONE,R04,testing,03,40,0,1.0,1.0,0.6805459217126126,0.5003972221575358,0.02737097069621086
ONE,R04,testing,03,41,0,1.0,1.0,0.6805459217126126,0.502459882407211,0.02847520262002945
ONE,R04,testing,03,42,0,1.0,1.0,0.6805459217126126,0.504517069301175,0.029954057186841965
ONE,R04,testing,03,43,0,1.0,1.0,0.6805459217126126,0.5065686462269405,0.030682142823934555
ONE,R04,testing,03,44,0,1.0,1.0,0.6805459217126126,0.5086144764817456,0.032324403524398804
ONE,R04,testing,03,45,0,1.0,1.0,0.6805459217126126,0.5106544232873651,0.032299868762493134
ONE,R04,testing,03,46,0,1.0,1.0,0.6805459217126126,0.5126883498049908,0.029447041451931
ONE,R04,testing,03,47,0,1.0,1.0,0.6805459217126126,0.5147161191501818,0.028677893802523613
ONE,R04,testing,03,48,0,1.0,1.0,0.7502779307730125,0.5696850142152312,0.027760570868849754
ONE,R04,testing,03,49,0,1.0,1.0,0.7502779307730125,0.5719065295814568,0.0268789641559124
ONE,R04,testing,03,50,0,1.0,1.0,0.7502779307730125,0.5741208040149343,0.02812650427222252
ONE,R04,testing,03,51,0,1.0,1.0,0.7502779307730125,0.5763276865703778,0.02643430046737194
ONE,R04,testing,03,52,0,1.0,1.0,0.7502779307730125,0.5785270263356411,0.02683534473180771
ONE,R04,testing,03,53,0,1.0,1.0,0.7502779307730125,0.5807186724485979,0.028213920071721077
ONE,R04,testing,03,54,0,1.0,1.0,0.7502779307730125,0.58290247411408,0.02769101969897747
ONE,R04,testing,03,55,0,1.0,1.0,0.7502779307730125,0.5850782806208719,0.0269794762134552
ONE,R04,testing,03,56,0,1.0,1.0,0.7502779307730125,0.5872459413587551,0.026736417785286903
ONE,R04,testing,03,57,0,1.0,1.0,0.7502779307730125,0.5894053058356059,0.02895588055253029
ONE,R04,testing,03,58,0,1.0,1.0,0.7502779307730125,0.5915562236945371,0.02981610596179962
ONE,R04,testing,03,59,0,1.0,1.0,0.7502779307730125,0.5936985447310863,0.032361604273319244
ONE,R04,testing,03,60,0,1.0,1.0,0.7502779307730125,0.5958321189104447,0.031648747622966766
ONE,R04,testing,03,61,0,1.0,1.0,0.7502779307730125,0.5979567963847264,0.032179366797208786
ONE,R04,testing,03,62,0,1.0,1.0,0.7502779307730125,0.6000724275102725,0.029599351808428764
ONE,R04,testing,03,63,0,1.0,1.0,0.7502779307730125,0.6021788628649899,0.030119216069579124
ONE,R04,testing,03,64,0,1.0,0.9999999999999999,0.8176115364082565,0.6585066284105088,0.02928905375301838
ONE,R04,testing,03,65,1,1.0,0.9999999999999999,0.8176115364082565,0.6607815760373067,0.030277641490101814
ONE,R04,testing,03,66,1,1.0,0.9999999999999999,0.8176115364082565,0.6630460157621401,0.030192069709300995
ONE,R04,testing,03,67,1,1.0,0.9999999999999999,0.8176115364082565,0.6652997859084194,0.030948491767048836
ONE,R04,testing,03,68,1,1.0,0.9999999999999999,0.8176115364082565,0.6675427251359217,0.030617166310548782
ONE,R04,testing,03,69,1,1.0,0.9999999999999999,0.8176115364082565,0.66977467245984,0.03151794895529747
ONE,R04,testing,03,70,1,1.0,0.9999999999999999,0.8176115364082565,0.6719954672698489,0.03413695469498634
ONE,R04,testing,03,71,1,1.0,0.9999999999999999,0.8176115364082565,0.6742049493491831,0.032666612416505814
ONE,R04,testing,03,72,1,1.0,0.9999999999999999,0.8176115364082565,0.6764029588937226,0.034620434045791626
ONE,R04,testing,03,73,1,1.0,0.9999999999999999,0.8176115364082565,0.6785893365310861,0.03156071528792381
ONE,R04,testing,03,74,1,1.0,0.9999999999999999,0.8176115364082565,0.6807639233397252,0.033287566155195236
ONE,R04,testing,03,75,1,1.0,0.9999999999999999,0.8176115364082565,0.6829265608680193,0.03440180420875549
ONE,R04,testing,03,76,1,1.0,0.9999999999999999,0.8176115364082565,0.6850770911533657,0.03403964638710022
ONE,R04,testing,03,77,1,1.0,0.9999999999999999,0.8176115364082565,0.6872153567412635,0.03115500696003437
ONE,R04,testing,03,78,1,1.0,0.9999999999999999,0.8176115364082565,0.6893412007043875,0.03189048543572426
ONE,R04,testing,03,79,1,1.0,0.9999999999999999,0.8176115364082565,0.691454466661648,0.03092949464917183
ONE,R04,testing,03,80,1,1.0,1.0,0.8819822938382926,0.7481587544977577,0.03145145624876022
ONE,R04,testing,03,81,1,1.0,1.0,0.8819822938382926,0.7504107582336935,0.03061893954873085
ONE,R04,testing,03,82,1,1.0,1.0,0.8819822938382926,0.7526486913560005,0.03261861205101013
ONE,R04,testing,03,83,1,1.0,1.0,0.8819822938382926,0.7548723877338304,0.03143123537302017
ONE,R04,testing,03,84,1,1.0,1.0,0.8819822938382926,0.7570816819280425,0.03019213117659092
ONE,R04,testing,03,85,1,1.0,1.0,0.8819822938382926,0.7592764092116059,0.02988925762474537
ONE,R04,testing,03,86,1,1.0,1.0,0.8819822938382926,0.7614564055899614,0.031169256195425987
ONE,R04,testing,03,87,1,1.0,1.0,0.8819822938382926,0.7636215078213425,0.03285032883286476
ONE,R04,testing,03,88,1,1.0,1.0,0.8819822938382926,0.7657715534370502,0.03297734633088112
ONE,R04,testing,03,89,1,1.0,1.0,0.8819822938382926,0.7679063807616775,0.036352794617414474
ONE,R04,testing,03,90,1,1.0,1.0,0.8819822938382926,0.7700258289332831,0.041205987334251404
ONE,R04,testing,03,91,1,1.0,1.0,0.8819822938382926,0.7721297379235071,0.044690992683172226
ONE,R04,testing,03,92,1,1.0,1.0,0.8819822938382926,0.7742179485576274,0.03857109695672989
ONE,R04,testing,03,93,1,1.0,1.0,0.8819822938382926,0.7762903025345528,0.04401756078004837
ONE,R04,testing,03,94,1,1.0,1.0,0.8819822938382926,0.7783466424467498,0.03873657435178757
ONE,R04,testing,03,95,1,1.0,1.0,0.8819822938382926,0.780386811800098,0.037304364144802094
ONE,R04,testing,03,96,1,1.0,1.0,0.9429082597083381,0.8364583668732046,0.039552412927150726
ONE,R04,testing,03,97,1,1.0,1.0,0.9429082597083381,0.8386043948605567,0.03737311810255051
ONE,R04,testing,03,98,1,1.0,1.0,0.9429082597083381,0.8407326394086524,0.03831605613231659
ONE,R04,testing,03,99,1,1.0,1.0,0.9429082597083381,0.8428429373296854,0.03738310933113098
ONE,R04,testing,03,100,1,1.0,1.0,0.9429082597083381,0.8449351265172402,0.03794565796852112
ONE,R04,testing,03,101,1,1.0,1.0,0.9429082597083381,0.8470090459669909,0.03674659505486488
ONE,R04,testing,03,102,1,1.0,1.0,0.9429082597083381,0.8490645357972973,0.04028146713972092
ONE,R04,testing,03,103,1,1.0,1.0,0.9429082597083381,0.8511014372696989,0.03980971500277519
ONE,R04,testing,03,104,1,1.0,1.0,0.9429082597083381,0.8531195928092974,0.041190098971128464
ONE,R04,testing,03,105,1,1.0,1.0,0.9429082597083381,0.8551188460250292,0.035395435988903046
ONE,R04,testing,03,106,1,1.0,1.0,0.9429082597083381,0.8570990417298213,0.03669280931353569
ONE,R04,testing,03,107,1,1.0,1.0,0.9429082597083381,0.8590600259606274,0.03797079622745514
ONE,R04,testing,03,108,1,1.0,1.0,0.9429082597083381,0.8610016459983421,0.0404333733022213
ONE,R04,testing,03,109,1,1.0,1.0,0.9429082597083381,0.8629237503875865,0.03879191726446152
ONE,R04,testing,03,110,1,1.0,1.0,0.9429082597083381,0.8648261889563663,0.04254710301756859
ONE,R04,testing,03,111,1,1.0,1.0,0.9429082597083381,0.8667088128355934,0.048474930226802826
ONE,R04,testing,03,112,1,1.0,1.0,1.0,0.9211622292365322,0.04650990664958954
ONE,R04,testing,03,113,1,1.0,1.0,1.0,0.9231163463866358,0.04859932139515877
ONE,R04,testing,03,114,1,1.0,1.0,1.0,0.9250489839431286,0.047161903232336044
ONE,R04,testing,03,115,1,1.0,1.0,1.0,0.9269599897543759,0.04566027224063873
ONE,R04,testing,03,116,1,1.0,1.0,1.0,0.9288492131518029,0.0471549853682518
ONE,R04,testing,03,117,1,1.0,1.0,1.0,0.9307165049696711,0.04691343009471893
ONE,R04,testing,03,118,1,1.0,1.0,1.0,0.9325617175646852,0.044506002217531204
ONE,R04,testing,03,119,1,1.0,1.0,1.0,0.9343847048354291,0.04547072574496269
ONE,R04,testing,03,120,1,1.0,1.0,1.0,0.9361853222416273,0.04505177587270737
ONE,R04,testing,03,121,1,1.0,1.0,1.0,0.9379634268232271,0.041363105177879333
ONE,R04,testing,03,122,1,1.0,1.0,1.0,0.9397188772192993,0.042409498244524
ONE,R04,testing,03,123,1,1.0,1.0,1.0,0.9414515336867534,0.04247505962848663
ONE,R04,testing,03,124,1,1.0,1.0,1.0,0.9431612581188632,0.03995254263281822
ONE,R04,testing,03,125,1,1.0,1.0,1.0,0.9448479140636009,0.0418969988822937
ONE,R04,testing,03,126,1,1.0,1.0,1.0,0.9465113667417744,0.045115094631910324
ONE,R04,testing,03,127,1,1.0,1.0,1.0,0.9481514830649658,0.0476982407271862
ONE,R04,testing,03,128,1,1.0,1.0,1.0,0.9497681316532677,0.0426119863986969
ONE,R04,testing,03,129,1,1.0,1.0,1.0,0.9513611828528131,0.04870542138814926
ONE,R04,testing,03,130,1,1.0,1.0,1.0,0.9529305087530968,0.04358072206377983
ONE,R04,testing,03,131,1,1.0,1.0,1.0,0.9544759832040831,0.0406213141977787
ONE,R04,testing,03,132,1,1.0,1.0,1.0,0.9559974818331,0.03947299346327782
ONE,R04,testing,03,133,1,1.0,1.0,1.0,0.9574948820615122,0.0394044853746891
ONE,R04,testing,03,134,1,1.0,1.0,1.0,0.9589680631211751,0.03910613805055618
ONE,R04,testing,03,135,1,1.0,1.0,1.0,0.9604169060706609,0.03949832171201706
ONE,R04,testing,03,136,1,1.0,1.0,1.0,0.9618412938112589,0.03983881324529648
ONE,R04,testing,03,137,1,1.0,1.0,1.0,0.9632411111027439,0.03899281844496727
ONE,R04,testing,03,138,1,1.0,1.0,1.0,0.9646162445789102,0.03790270909667015
ONE,R04,testing,03,139,1,1.0,1.0,1.0,0.9659665827628696,0.037705596536397934
ONE,R04,testing,03,140,1,1.0,1.0,1.0,0.9672920160821091,0.038296591490507126
ONE,R04,testing,03,141,1,1.0,1.0,1.0,0.9685924368833059,0.03874365985393524
ONE,R04,testing,03,142,1,1.0,1.0,1.0,0.9698677394468971,0.03873991221189499
ONE,R04,testing,03,143,1,1.0,1.0,1.0,0.971117820001401,0.040371235460042953
ONE,R04,testing,03,144,1,1.0,1.0,1.0,0.9723425767374878,0.04106992110610008
ONE,R04,testing,03,145,1,1.0,1.0,1.0,0.9735419098217963,0.0404457151889801
ONE,R04,testing,03,146,1,1.0,1.0,1.0,0.9747157214104946,0.04026051610708237
ONE,R04,testing,03,147,1,1.0,1.0,1.0,0.9758639156625817,0.03963722288608551
ONE,R04,testing,03,148,1,1.0,1.0,1.0,0.9769863987529287,0.036380115896463394
ONE,R04,testing,03,149,1,1.0,1.0,1.0,0.9780830788850546,0.034144409000873566
ONE,R04,testing,03,150,1,1.0,1.0,1.0,0.9791538663036373,0.03349875658750534
ONE,R04,testing,03,151,1,1.0,1.0,1.0,0.9801986733067553,0.03435895964503288
ONE,R04,testing,03,152,1,1.0,1.0,1.0,0.981217414257858,0.03386658802628517
ONE,R04,testing,03,153,1,1.0,1.0,1.0,0.982210005597464,0.037672530859708786
ONE,R04,testing,03,154,1,1.0,1.0,1.0,0.9831763658545823,0.03596365824341774
ONE,R04,testing,03,155,1,1.0,1.0,1.0,0.9841164156578575,0.03441133722662926
ONE,R04,testing,03,156,1,1.0,1.0,1.0,0.9850300777464333,0.033881112933158875
ONE,R04,testing,03,157,1,1.0,1.0,1.0,0.9859172769805357,0.033925533294677734
ONE,R04,testing,03,158,1,1.0,1.0,1.0,0.9867779403517718,0.033423472195863724
ONE,R04,testing,03,159,1,1.0,1.0,1.0,0.987611996993142,0.03230540081858635
ONE,R04,testing,03,160,1,1.0,1.0,1.0,0.9884193781887651,0.03172348812222481
ONE,R04,testing,03,161,1,1.0,1.0,1.0,0.9892000173833136,0.02945804037153721
ONE,R04,testing,03,162,1,1.0,1.0,1.0,0.9899538501911574,0.03241100534796715
ONE,R04,testing,03,163,1,1.0,1.0,1.0,0.9906808144052139,0.03355039656162262
ONE,R04,testing,03,164,1,1.0,1.0,1.0,0.9913808500055036,0.03615748882293701
ONE,R04,testing,03,165,1,1.0,1.0,1.0,0.9920538991674088,0.03657204285264015
ONE,R04,testing,03,166,1,1.0,1.0,1.0,0.9926999062696344,0.033045921474695206
ONE,R04,testing,03,167,1,1.0,1.0,1.0,0.9933188179018686,0.03391978144645691
ONE,R04,testing,03,168,1,1.0,1.0,1.0,0.9939105828721421,0.03587237372994423
ONE,R04,testing,03,169,1,1.0,1.0,1.0,0.9944751522138855,0.03738497942686081
ONE,R04,testing,03,170,1,1.0,1.0,1.0,0.9950124791926823,0.03716011345386505
ONE,R04,testing,03,171,1,1.0,1.0,1.0,0.9955225193127161,0.03782392665743828
ONE,R04,testing,03,172,1,1.0,1.0,1.0,0.9960052303229116,0.03983393311500549
ONE,R04,testing,03,173,1,1.0,1.0,1.0,0.9964605722227686,0.03850530833005905
ONE,R04,testing,03,174,1,1.0,1.0,1.0,0.9968885072678856,0.03728124499320984
ONE,R04,testing,03,175,1,1.0,1.0,1.0,0.9972889999751746,0.03520754724740982
ONE,R04,testing,03,176,1,1.0,1.0,1.0,0.997662017127765,0.03658970072865486
ONE,R04,testing,03,177,1,1.0,1.0,1.0,0.9980075277795947,0.03587685897946358
ONE,R04,testing,03,178,1,1.0,1.0,1.0,0.9983255032596889,0.035885609686374664
ONE,R04,testing,03,179,1,1.0,1.0,1.0,0.998615917176126,0.03680625930428505
ONE,R04,testing,03,180,1,1.0,1.0,1.0,0.9988787454196876,0.03485623374581337
ONE,R04,testing,03,181,1,1.0,1.0,1.0,0.9991139661671948,0.03478557616472244
ONE,R04,testing,03,182,1,1.0,1.0,1.0,0.9993215598845283,0.03435743600130081
ONE,R04,testing,03,183,1,1.0,1.0,1.0,0.9995015093293316,0.0336882621049881
ONE,R04,testing,03,184,1,1.0,1.0,1.0,0.9996537995533978,0.03398434817790985
ONE,R04,testing,03,185,1,1.0,1.0,1.0,0.9997784179047401,0.035606496036052704
ONE,R04,testing,03,186,1,1.0,1.0,1.0,0.9998753540293424,0.03531017526984215
ONE,R04,testing,03,187,1,1.0,1.0,1.0,0.9999445998725939,0.035773225128650665
ONE,R04,testing,03,188,1,1.0,1.0,1.0,0.9999861496804041,0.03468094393610954
ONE,R04,testing,03,189,1,1.0,1.0,1.0,1.0,0.03531941771507263
ONE,R04,testing,03,190,1,1.0,1.0,1.0,0.9999861496804041,0.03369980677962303
ONE,R04,testing,03,191,1,1.0,1.0,1.0,0.9999445998725939,0.03573545441031456
ONE,R04,testing,03,192,1,1.0,1.0,1.0,0.9998753540293424,0.036013178527355194
ONE,R04,testing,03,193,1,1.0,1.0,1.0,0.9997784179047401,0.03597419708967209
ONE,R04,testing,03,194,1,1.0,1.0,1.0,0.9996537995533978,0.0387289896607399
ONE,R04,testing,03,195,1,1.0,1.0,1.0,0.9995015093293316,0.038878899067640305
ONE,R04,testing,03,196,1,1.0,1.0,1.0,0.9993215598845283,0.04209441319108009
ONE,R04,testing,03,197,1,1.0,1.0,1.0,0.9991139661671948,0.04721111059188843
ONE,R04,testing,03,198,1,1.0,1.0,1.0,0.9988787454196876,0.045083656907081604
ONE,R04,testing,03,199,1,1.0,1.0,1.0,0.998615917176126,0.0414055772125721
ONE,R04,testing,03,200,1,1.0,1.0,1.0,0.9983255032596889,0.038399599492549896
ONE,R04,testing,03,201,1,1.0,1.0,1.0,0.9980075277795947,0.041044946759939194
ONE,R04,testing,03,202,1,1.0,1.0,1.0,0.997662017127765,0.03840046375989914
ONE,R04,testing,03,203,1,1.0,1.0,1.0,0.9972889999751746,0.03813060000538826
ONE,R04,testing,03,204,1,1.0,1.0,1.0,0.9968885072678856,0.03992748260498047
ONE,R04,testing,03,205,1,1.0,1.0,1.0,0.9964605722227686,0.037502504885196686
ONE,R04,testing,03,206,1,1.0,1.0,1.0,0.9960052303229116,0.038090478628873825
ONE,R04,testing,03,207,1,1.0,1.0,1.0,0.9955225193127161,0.03640611842274666
ONE,R04,testing,03,208,1,1.0,1.0,1.0,0.9950124791926823,0.041052769869565964
ONE,R04,testing,03,209,1,1.0,1.0,1.0,0.9944751522138855,0.03765563666820526
ONE,R04,testing,03,210,1,1.0,1.0,1.0,0.9939105828721421,0.03582146018743515
ONE,R04,testing,03,211,1,1.0,1.0,1.0,0.9933188179018686,0.036904770880937576
ONE,R04,testing,03,212,1,1.0,1.0,1.0,0.9926999062696344,0.038505442440509796
ONE,R04,testing,03,213,1,1.0,1.0,1.0,0.9920538991674088,0.04057135432958603
ONE,R04,testing,03,214,1,1.0,1.0,1.0,0.9913808500055036,0.03816944360733032
ONE,R04,testing,03,215,1,1.0,1.0,1.0,0.9906808144052139,0.045648373663425446
ONE,R04,testing,03,216,1,1.0,1.0,1.0,0.9899538501911574,0.04414709657430649
ONE,R04,testing,03,217,1,1.0,1.0,1.0,0.9892000173833136,0.041347652673721313
ONE,R04,testing,03,218,1,1.0,1.0,1.0,0.9884193781887651,0.042327821254730225
ONE,R04,testing,03,219,1,1.0,1.0,1.0,0.987611996993142,0.04462692141532898
ONE,R04,testing,03,220,1,1.0,1.0,1.0,0.9867779403517718,0.04338275268673897
ONE,R04,testing,03,221,1,1.0,1.0,1.0,0.9859172769805357,0.03913954645395279
ONE,R04,testing,03,222,1,1.0,1.0,1.0,0.9850300777464333,0.03865080326795578
ONE,R04,testing,03,223,1,1.0,1.0,1.0,0.9841164156578575,0.04040439799427986
ONE,R04,testing,03,224,1,1.0,1.0,1.0,0.9831763658545823,0.0408472903072834
ONE,R04,testing,03,225,1,1.0,1.0,1.0,0.982210005597464,0.03981107473373413
ONE,R04,testing,03,226,1,1.0,1.0,1.0,0.981217414257858,0.036815255880355835
ONE,R04,testing,03,227,1,1.0,1.0,1.0,0.9801986733067553,0.04283985495567322
ONE,R04,testing,03,228,1,1.0,1.0,1.0,0.9791538663036373,0.04322385415434837
ONE,R04,testing,03,229,1,1.0,1.0,1.0,0.9780830788850546,0.044525280594825745
ONE,R04,testing,03,230,1,1.0,1.0,1.0,0.9769863987529287,0.046177156269550323
ONE,R04,testing,03,231,1,1.0,1.0,1.0,0.9758639156625817,0.04575808718800545
ONE,R04,testing,03,232,1,1.0,1.0,1.0,0.9747157214104946,0.043435659259557724
ONE,R04,testing,03,233,1,1.0,1.0,1.0,0.9735419098217963,0.042112797498703
ONE,R04,testing,03,234,1,1.0,1.0,1.0,0.9723425767374878,0.039404191076755524
ONE,R04,testing,03,235,1,1.0,1.0,1.0,0.971117820001401,0.03889530524611473
ONE,R04,testing,03,236,1,1.0,1.0,1.0,0.9698677394468971,0.038966793566942215
ONE,R04,testing,03,237,1,1.0,1.0,1.0,0.9685924368833059,0.03904538229107857
ONE,R04,testing,03,238,1,1.0,1.0,1.0,0.9672920160821091,0.03941402956843376
ONE,R04,testing,03,239,1,1.0,1.0,1.0,0.9659665827628696,0.03874564915895462
ONE,R04,testing,03,240,1,1.0,1.0,1.0,0.9646162445789102,0.03946320712566376
ONE,R04,testing,03,241,1,1.0,1.0,1.0,0.9632411111027439,0.03659234195947647
ONE,R04,testing,03,242,1,1.0,1.0,1.0,0.9618412938112589,0.03790919482707977
ONE,R04,testing,03,243,1,1.0,1.0,1.0,0.9604169060706609,0.03839283809065819
ONE,R04,testing,03,244,1,1.0,1.0,1.0,0.9589680631211751,0.03839511051774025
ONE,R04,testing,03,245,1,1.0,1.0,1.0,0.9574948820615122,0.03905263543128967
ONE,R04,testing,03,246,1,1.0,1.0,1.0,0.9559974818331,0.03791530057787895
ONE,R04,testing,03,247,1,1.0,1.0,1.0,0.9544759832040831,0.03704430162906647
ONE,R04,testing,03,248,1,1.0,1.0,1.0,0.9529305087530968,0.0371086448431015
ONE,R04,testing,03,249,1,1.0,1.0,1.0,0.9513611828528131,0.03657787665724754
ONE,R04,testing,03,250,1,1.0,1.0,1.0,0.9497681316532677,0.03769739717245102
ONE,R04,testing,03,251,1,1.0,1.0,1.0,0.9481514830649658,0.037536799907684326
ONE,R04,testing,03,252,1,1.0,1.0,1.0,0.9465113667417744,0.03713638335466385
ONE,R04,testing,03,253,1,1.0,1.0,1.0,0.9448479140636009,0.03798400238156319
ONE,R04,testing,03,254,1,1.0,1.0,1.0,0.9431612581188632,0.03970855101943016
ONE,R04,testing,03,255,1,1.0,1.0,1.0,0.9414515336867534,0.040089599788188934
ONE,R04,testing,03,256,1,1.0,1.0,1.0,0.9397188772192993,0.03661969304084778
ONE,R04,testing,03,257,1,1.0,1.0,1.0,0.9379634268232271,0.036175478249788284
ONE,R04,testing,03,258,1,1.0,1.0,1.0,0.9361853222416273,0.03830818086862564
ONE,R04,testing,03,259,1,1.0,1.0,1.0,0.9343847048354291,0.036188967525959015
ONE,R04,testing,03,260,1,1.0,1.0,1.0,0.9325617175646852,0.037042222917079926
ONE,R04,testing,03,261,1,1.0,1.0,1.0,0.9307165049696711,0.03727163001894951
ONE,R04,testing,03,262,1,1.0,1.0,1.0,0.9288492131518029,0.03862858563661575
ONE,R04,testing,03,263,1,1.0,1.0,1.0,0.9269599897543759,0.040083665400743484
ONE,R04,testing,03,264,1,1.0,1.0,1.0,0.9250489839431286,0.03902212902903557
ONE,R04,testing,03,265,1,1.0,1.0,1.0,0.9231163463866358,0.04105792194604874
ONE,R04,testing,03,266,1,1.0,1.0,1.0,0.9211622292365322,0.037682730704545975
ONE,R04,testing,03,267,1,1.0,1.0,1.0,0.9191867861075744,0.034568969160318375
ONE,R04,testing,03,268,1,1.0,1.0,1.0,0.91719017205754,0.0362919457256794
ONE,R04,testing,03,269,1,1.0,1.0,1.0,0.9151725435669716,0.036008112132549286
ONE,R04,testing,03,270,1,1.0,1.0,1.0,0.9131340585187666,0.034417975693941116
ONE,R04,testing,03,271,1,1.0,1.0,1.0,0.911074876177618,0.03430606797337532
ONE,R04,testing,03,272,1,1.0,1.0,0.9429082597083381,0.8570990417298213,0.034595634788274765
ONE,R04,testing,03,273,1,1.0,1.0,0.9429082597083381,0.8551188460250292,0.03351966291666031
ONE,R04,testing,03,274,1,1.0,1.0,0.9429082597083381,0.8531195928092974,0.03467162698507309
ONE,R04,testing,03,275,1,1.0,1.0,0.9429082597083381,0.8511014372696989,0.03520357981324196
ONE,R04,testing,03,276,1,1.0,1.0,0.9429082597083381,0.8490645357972973,0.035777319222688675
ONE,R04,testing,03,277,1,1.0,1.0,0.9429082597083381,0.8470090459669909,0.03534398972988129
ONE,R04,testing,03,278,1,1.0,1.0,0.9429082597083381,0.8449351265172402,0.03577267751097679
ONE,R04,testing,03,279,1,1.0,1.0,0.9429082597083381,0.8428429373296854,0.03548804670572281
ONE,R04,testing,03,280,1,1.0,1.0,0.9429082597083381,0.8407326394086524,0.03544485569000244
ONE,R04,testing,03,281,1,1.0,1.0,0.9429082597083381,0.8386043948605567,0.035982828587293625
ONE,R04,testing,03,282,1,1.0,1.0,0.9429082597083381,0.8364583668732046,0.035341233015060425
ONE,R04,testing,03,283,1,1.0,1.0,0.9429082597083381,0.8342947196949969,0.03558040037751198
ONE,R04,testing,03,284,1,1.0,1.0,0.9429082597083381,0.8321136186140398,0.03592408820986748
ONE,R04,testing,03,285,1,1.0,1.0,0.9429082597083381,0.8299152299371646,0.035394035279750824
ONE,R04,testing,03,286,1,1.0,1.0,0.9429082597083381,0.8276997209688625,0.036332063376903534
ONE,R04,testing,03,287,1,1.0,1.0,0.9429082597083381,0.8254672599901348,0.03469279408454895
ONE,R04,testing,03,288,1,1.0,1.0,0.8819822938382925,0.7700258289332831,0.03715959191322327
ONE,R04,testing,03,289,1,1.0,1.0,0.8819822938382925,0.7679063807616774,0.03618624061346054
ONE,R04,testing,03,290,1,1.0,1.0,0.8819822938382925,0.7657715534370501,0.03865860030055046
ONE,R04,testing,03,291,1,1.0,1.0,0.8819822938382925,0.7636215078213424,0.03988518938422203
ONE,R04,testing,03,292,1,1.0,1.0,0.8819822938382925,0.7614564055899613,0.042539630085229874
ONE,R04,testing,03,293,1,1.0,1.0,0.8819822938382925,0.7592764092116059,0.041952263563871384
ONE,R04,testing,03,294,1,1.0,1.0,0.8819822938382925,0.7570816819280424,0.04614463448524475
ONE,R04,testing,03,295,1,1.0,1.0,0.8819822938382925,0.7548723877338303,0.04233457148075104
ONE,R04,testing,03,296,1,1.0,1.0,0.8819822938382925,0.7526486913560004,0.04570319503545761
ONE,R04,testing,03,297,1,1.0,1.0,0.8819822938382925,0.7504107582336934,0.03934163972735405
ONE,R04,testing,03,298,1,1.0,1.0,0.8819822938382925,0.7481587544977577,0.04056660458445549
ONE,R04,testing,03,299,1,1.0,1.0,0.8819822938382925,0.7458928469503125,0.040992412716150284
ONE,R04,testing,03,300,1,1.0,1.0,0.8819822938382925,0.74361320304428,0.04448523744940758
ONE,R04,testing,03,301,1,1.0,1.0,0.8819822938382925,0.7413199908628876,0.043900225311517715
ONE,R04,testing,03,302,1,1.0,1.0,0.8819822938382925,0.7390133790991466,0.03865344449877739
ONE,R04,testing,03,303,1,1.0,1.0,0.8819822938382925,0.7366935370353093,0.04114624857902527
ONE,R04,testing,03,304,1,1.0,1.0,0.8176115364082563,0.6807639233397251,0.04312629625201225
ONE,R04,testing,03,305,1,1.0,1.0,0.8176115364082563,0.678589336531086,0.045826077461242676
ONE,R04,testing,03,306,1,1.0,1.0,0.8176115364082563,0.6764029588937225,0.05148007720708847
ONE,R04,testing,03,307,1,1.0,1.0,0.8176115364082563,0.674204949349183,0.04761771485209465
ONE,R04,testing,03,308,1,1.0,1.0,0.8176115364082563,0.6719954672698489,0.04841289296746254
ONE,R04,testing,03,309,1,1.0,1.0,0.8176115364082563,0.6697746724598399,0.04457635059952736
ONE,R04,testing,03,310,1,1.0,1.0,0.8176115364082563,0.6675427251359217,0.04181576892733574
ONE,R04,testing,03,311,1,1.0,1.0,0.8176115364082563,0.6652997859084193,0.04110627621412277
ONE,R04,testing,03,312,1,1.0,1.0,0.8176115364082563,0.66304601576214,0.03965884819626808
ONE,R04,testing,03,313,1,1.0,1.0,0.8176115364082563,0.6607815760373067,0.0439513698220253
ONE,R04,testing,03,314,1,1.0,1.0,0.8176115364082563,0.6585066284105087,0.04280320554971695
ONE,R04,testing,03,315,1,1.0,1.0,0.8176115364082563,0.656221334875669,0.046947069466114044
ONE,R04,testing,03,316,1,1.0,1.0,0.8176115364082563,0.653925857725034,0.043020401149988174
ONE,R04,testing,03,317,1,1.0,1.0,0.8176115364082563,0.6516203595301868,0.04289661720395088
ONE,R04,testing,03,318,1,1.0,1.0,0.8176115364082563,0.6493050031230889,0.04495508223772049
ONE,R04,testing,03,319,1,1.0,1.0,0.8176115364082563,0.6469799515771518,0.042806562036275864
ONE,R04,testing,03,320,1,1.0,1.0,0.7502779307730125,0.5915562236945371,0.04896252974867821
ONE,R04,testing,03,321,1,1.0,1.0,0.7502779307730125,0.5894053058356059,0.05191313847899437
ONE,R04,testing,03,322,1,1.0,1.0,0.7502779307730125,0.5872459413587551,0.04396390542387962
ONE,R04,testing,03,323,1,1.0,1.0,0.7502779307730125,0.5850782806208719,0.045399006456136703
ONE,R04,testing,03,324,1,1.0,1.0,0.7502779307730125,0.58290247411408,0.041520703583955765
ONE,R04,testing,03,325,1,1.0,1.0,0.7502779307730125,0.5807186724485979,0.04062855243682861
ONE,R04,testing,03,326,1,1.0,1.0,0.7502779307730125,0.5785270263356411,0.03954141587018967
ONE,R04,testing,03,327,1,1.0,1.0,0.7502779307730125,0.5763276865703778,0.03919025883078575
ONE,R04,testing,03,328,1,1.0,1.0,0.7502779307730125,0.5741208040149343,0.040470317006111145
ONE,R04,testing,03,329,1,1.0,1.0,0.7502779307730125,0.5719065295814568,0.04110660031437874
ONE,R04,testing,03,330,1,1.0,1.0,0.7502779307730125,0.5696850142152312,0.041209299117326736
ONE,R04,testing,03,331,1,1.0,1.0,0.7502779307730125,0.567456408877862,0.04115647077560425
ONE,R04,testing,03,332,1,1.0,1.0,0.7502779307730125,0.5652208645305148,0.0413285568356514
ONE,R04,testing,03,333,1,1.0,1.0,0.7502779307730125,0.5629785321172246,0.042016077786684036
ONE,R04,testing,03,334,1,1.0,1.0,0.7502779307730125,0.560729562548271,0.04326868802309036
ONE,R04,testing,03,335,1,1.0,1.0,0.7502779307730125,0.5584741066836244,0.043078936636447906
ONE,R04,testing,03,336,1,1.0,1.0,0.6805459217126126,0.504517069301175,0.04330459237098694
ONE,R04,testing,03,337,1,1.0,1.0,0.6805459217126126,0.502459882407211,0.043744757771492004
ONE,R04,testing,03,338,1,1.0,1.0,0.6805459217126126,0.5003972221575358,0.04347417503595352
ONE,R04,testing,03,339,1,1.0,1.0,0.6805459217126126,0.49832922505962546,0.0425226055085659
ONE,R04,testing,03,340,1,1.0,1.0,0.6805459217126126,0.4962560275012806,0.042781393975019455
ONE,R04,testing,03,341,1,1.0,1.0,0.6805459217126126,0.4941777657360411,0.044483184814453125
ONE,R04,testing,03,342,1,1.0,1.0,0.6805459217126126,0.49209457586867855,0.04818291217088699
ONE,R04,testing,03,343,1,1.0,1.0,0.6805459217126126,0.4900065938407708,0.04935573413968086
ONE,R04,testing,03,344,1,1.0,1.0,0.6805459217126126,0.48791395541635857,0.045951057225465775
ONE,R04,testing,03,345,1,1.0,1.0,0.6805459217126126,0.48581679616768875,0.047817643731832504
ONE,R04,testing,03,346,1,1.0,1.0,0.6805459217126126,0.4837152514610431,0.04966075345873833
ONE,R04,testing,03,347,1,1.0,1.0,0.6805459217126126,0.48160945644265774,0.04606355354189873
ONE,R04,testing,03,348,1,1.0,1.0,0.6805459217126126,0.47949954602473277,0.04332069307565689
ONE,R04,testing,03,349,1,1.0,1.0,0.6805459217126126,0.4773856548715353,0.04431432485580444
ONE,R04,testing,03,350,1,1.0,1.0,0.6805459217126126,0.47526791738559737,0.04373006150126457
ONE,R04,testing,03,351,1,1.0,1.0,0.6805459217126126,0.4731464676940109,0.043901171535253525
ONE,R04,testing,03,352,1,1.0,1.0,0.6090486384384382,0.42153653020647297,0.04432489722967148
ONE,R04,testing,03,353,1,1.0,1.0,0.6090486384384382,0.4196316719521792,0.04487663507461548
ONE,R04,testing,03,354,1,1.0,1.0,0.6090486384384382,0.41772384999908724,0.043958645313978195
ONE,R04,testing,03,355,1,1.0,1.0,0.6090486384384382,0.41581318327619354,0.04415353015065193
ONE,R04,testing,03,356,1,1.0,1.0,0.6090486384384382,0.41389979040602165,0.03998148813843727
ONE,R04,testing,03,357,1,1.0,1.0,0.6090486384384382,0.4119837896929104,0.037697505205869675
ONE,R04,testing,03,358,1,1.0,1.0,0.6090486384384382,0.41006529911140044,0.037719521671533585
ONE,R04,testing,03,359,1,1.0,1.0,0.6090486384384382,0.40814443629471886,0.038341622799634933
ONE,R04,testing,03,360,1,1.0,1.0,0.6090486384384382,0.4062213185233655,0.03924672678112984
ONE,R04,testing,03,361,1,1.0,1.0,0.6090486384384382,0.40429606271380075,0.039979856461286545
ONE,R04,testing,03,362,1,1.0,1.0,0.6090486384384382,0.4023687854072368,0.03986818343400955
ONE,R04,testing,03,363,1,1.0,1.0,0.6090486384384382,0.4004396027585339,0.04052901640534401
ONE,R04,testing,03,364,1,1.0,1.0,0.6090486384384382,0.39850863052520297,0.04010285809636116
ONE,R04,testing,03,365,1,1.0,1.0,0.6090486384384382,0.39657598405651484,0.040797341614961624
ONE,R04,testing,03,366,1,1.0,1.0,0.6090486384384382,0.39464177828271946,0.04109905660152435
ONE,R04,testing,03,367,1,1.0,1.0,0.6090486384384382,0.392706127704374,0.04086896777153015
ONE,R04,testing,03,368,1,1.0,1.0,0.5364708121022926,0.3442027911620472,0.041661716997623444
ONE,R04,testing,03,369,1,1.0,1.0,0.5364708121022926,0.34249555985941676,0.04019920527935028
ONE,R04,testing,03,370,1,1.0,1.0,0.5364708121022926,0.340787356128204,0.04065036401152611
ONE,R04,testing,03,371,1,1.0,1.0,0.5364708121022926,0.33907827921843225,0.039583347737789154
ONE,R04,testing,09,10,0,1.0,1.0,0.5364708121022927,0.34678712036745607,0.025178909301757812
ONE,R04,testing,09,11,0,1.0,1.0,0.5364708121022927,0.34872609316168884,0.026137160137295723
ONE,R04,testing,09,12,0,1.0,1.0,0.5364708121022927,0.35066333347269296,0.026238523423671722
ONE,R04,testing,09,13,0,1.0,1.0,0.5364708121022927,0.3525986923677653,0.024504279717803
ONE,R04,testing,09,14,0,1.0,1.0,0.5364708121022927,0.3545320202924836,0.02460307814180851
ONE,R04,testing,09,15,0,1.0,1.0,0.5364708121022927,0.3564631670887833,0.02463856153190136
ONE,R04,testing,09,16,0,1.0,1.0,0.6090486384384382,0.4068779582192782,0.025983750820159912
ONE,R04,testing,09,17,0,1.0,1.0,0.6090486384384382,0.40906489867974877,0.02529974654316902
ONE,R04,testing,09,18,0,1.0,1.0,0.6090486384384382,0.41124884761142166,0.025897344574332237
ONE,R04,testing,09,19,0,1.0,1.0,0.6090486384384382,0.4134296320103871,0.025710005313158035
ONE,R04,testing,09,20,0,1.0,1.0,0.6090486384384382,0.41560707829351856,0.025322791188955307
ONE,R04,testing,09,21,0,1.0,1.0,0.6090486384384382,0.41778101232036297,0.025773899629712105
ONE,R04,testing,09,22,0,1.0,1.0,0.6090486384384382,0.4199512594152465,0.025722451508045197
ONE,R04,testing,09,23,0,1.0,1.0,0.6090486384384382,0.4221176443895935,0.025153353810310364
ONE,R04,testing,09,24,0,1.0,1.0,0.6090486384384382,0.42427999156445195,0.02523982711136341
ONE,R04,testing,09,25,0,1.0,1.0,0.6090486384384382,0.42643812479322635,0.025430861860513687
ONE,R04,testing,09,26,0,1.0,1.0,0.6090486384384382,0.4285918674846091,0.026792341843247414
ONE,R04,testing,09,27,0,1.0,1.0,0.6090486384384382,0.4307410426257102,0.025817129760980606
ONE,R04,testing,09,28,0,1.0,1.0,0.6090486384384382,0.43288547280538,0.024548524990677834
ONE,R04,testing,09,29,0,1.0,1.0,0.6090486384384382,0.4350249802377197,0.025801552459597588
ONE,R04,testing,09,30,0,1.0,1.0,0.6090486384384382,0.4371593867857784,0.02571829780936241
ONE,R04,testing,09,31,0,1.0,1.0,0.6090486384384382,0.43928851398542934,0.028083212673664093
ONE,R04,testing,09,32,0,1.0,1.0,0.6805459217126126,0.4932303300970621,0.03051539696753025
ONE,R04,testing,09,33,0,1.0,1.0,0.6805459217126126,0.49559700148540836,0.03258345276117325
ONE,R04,testing,09,34,0,1.0,1.0,0.6805459217126126,0.4979571736066145,0.032514650374650955
ONE,R04,testing,09,35,0,1.0,1.0,0.6805459217126126,0.5003106458546706,0.034556735306978226
ONE,R04,testing,09,36,0,1.0,1.0,0.6805459217126126,0.50265721739424,0.03288235142827034
ONE,R04,testing,09,37,0,1.0,1.0,0.6805459217126126,0.5049966871884486,0.03228539600968361
ONE,R04,testing,09,38,0,1.0,1.0,0.6805459217126126,0.5073288540268397,0.0332198329269886
ONE,R04,testing,09,39,0,1.0,1.0,0.6805459217126126,0.5096535165534909,0.035394251346588135
ONE,R04,testing,09,40,0,1.0,1.0,0.6805459217126126,0.5119704732952887,0.031771864742040634
ONE,R04,testing,09,41,0,1.0,1.0,0.6805459217126126,0.5142795226903523,0.029546132311224937
ONE,R04,testing,09,42,0,1.0,1.0,0.6805459217126126,0.5165804631166051,0.026575205847620964
ONE,R04,testing,09,43,0,1.0,1.0,0.6805459217126126,0.5188730929204846,0.02499791420996189
ONE,R04,testing,09,44,0,1.0,1.0,0.6805459217126126,0.5211572104457878,0.023769646883010864
ONE,R04,testing,09,45,0,1.0,1.0,0.6805459217126126,0.5234326140626462,0.024430692195892334
ONE,R04,testing,09,46,0,1.0,1.0,0.6805459217126126,0.5256991021966225,0.024262867867946625
ONE,R04,testing,09,47,0,1.0,1.0,0.6805459217126126,0.5279564733579267,0.025114119052886963
ONE,R04,testing,09,48,0,1.0,1.0,0.7502779307730126,0.584531832592272,0.025252925232052803
ONE,R04,testing,09,49,0,1.0,1.0,0.7502779307730126,0.5869997367081088,0.0252478439360857
ONE,R04,testing,09,50,0,1.0,1.0,0.7502779307730126,0.5894569241600041,0.0256288293749094
ONE,R04,testing,09,51,0,1.0,1.0,0.7502779307730126,0.5919031735102922,0.025020331144332886
ONE,R04,testing,09,52,0,1.0,1.0,0.7502779307730126,0.5943382635773914,0.024736717343330383
ONE,R04,testing,09,53,0,1.0,1.0,0.7502779307730126,0.5967619734686542,0.02512448839843273
ONE,R04,testing,09,54,0,1.0,1.0,0.7502779307730126,0.599174082613303,0.02599562518298626
ONE,R04,testing,09,55,0,1.0,1.0,0.7502779307730126,0.6015743707954405,0.027028558775782585
ONE,R04,testing,09,56,0,1.0,1.0,0.7502779307730126,0.6039626181871326,0.026373010128736496
ONE,R04,testing,09,57,0,1.0,1.0,0.7502779307730126,0.6063386053815537,0.0272709708660841
ONE,R04,testing,09,58,0,1.0,1.0,0.7502779307730126,0.6087021134261879,0.024969471618533134
ONE,R04,testing,09,59,0,1.0,1.0,0.7502779307730126,0.6110529238560817,0.027371127158403397
ONE,R04,testing,09,60,0,1.0,1.0,0.7502779307730126,0.6133908187271371,0.025235867127776146
ONE,R04,testing,09,61,0,1.0,1.0,0.7502779307730126,0.615715580649442,0.02426464855670929
ONE,R04,testing,09,62,0,1.0,1.0,0.7502779307730126,0.6180269928206285,0.026082633063197136
ONE,R04,testing,09,63,0,1.0,1.0,0.7502779307730126,0.6203248390592525,0.026657985523343086
ONE,R04,testing,09,64,0,1.0,1.0,0.8176115364082565,0.6784848674998668,0.029247786849737167
ONE,R04,testing,09,65,0,1.0,1.0,0.8176115364082565,0.680958663011409,0.029718251898884773
ONE,R04,testing,09,66,0,1.0,1.0,0.8176115364082565,0.6834169727933171,0.03110368177294731
ONE,R04,testing,09,67,0,1.0,1.0,0.8176115364082565,0.6858595643335155,0.03343920782208443
ONE,R04,testing,09,68,0,1.0,1.0,0.8176115364082565,0.6882862059785337,0.03277982771396637
ONE,R04,testing,09,69,0,1.0,1.0,0.8176115364082565,0.6906966669698587,0.031952984631061554
ONE,R04,testing,09,70,0,1.0,1.0,0.8176115364082565,0.693090717480256,0.03293048217892647
ONE,R04,testing,09,71,0,1.0,1.0,0.8176115364082565,0.6954681286500504,0.031397294253110886
ONE,R04,testing,09,72,0,1.0,1.0,0.8176115364082565,0.6978286726233603,0.03137539327144623
ONE,R04,testing,09,73,0,1.0,1.0,0.8176115364082565,0.7001721225842769,0.0356135293841362
ONE,R04,testing,09,74,0,1.0,1.0,0.8176115364082565,0.7024982527929784,0.03613057732582092
ONE,R04,testing,09,75,0,1.0,1.0,0.8176115364082565,0.7048068386217748,0.03531031310558319
ONE,R04,testing,09,76,0,1.0,1.0,0.8176115364082565,0.7070976565910727,0.03571048378944397
ONE,R04,testing,09,77,0,1.0,1.0,0.8176115364082565,0.7093704844052523,0.036497995257377625
ONE,R04,testing,09,78,0,1.0,1.0,0.8176115364082565,0.7116251009884497,0.03372259438037872
ONE,R04,testing,09,79,0,1.0,1.0,0.8176115364082565,0.713861286520235,0.03097938373684883
ONE,R04,testing,09,80,0,1.0,1.0,0.8819822938382926,0.7724558843514107,0.02987564727663994
ONE,R04,testing,09,81,0,1.0,1.0,0.8819822938382926,0.7748276552830362,0.02908276580274105
ONE,R04,testing,09,82,0,1.0,1.0,0.8819822938382926,0.7771788412098718,0.02756872959434986
ONE,R04,testing,09,83,0,1.0,1.0,0.8819822938382926,0.7795092108044158,0.028084343299269676
ONE,R04,testing,09,84,0,1.0,1.0,0.8819822938382926,0.7818185342839041,0.0277961865067482
ONE,R04,testing,09,85,0,1.0,1.0,0.8819822938382926,0.7841065834479483,0.027879642322659492
ONE,R04,testing,09,86,0,1.0,1.0,0.8819822938382926,0.7863731317159995,0.027892842888832092
ONE,R04,testing,09,87,0,1.0,1.0,0.8819822938382926,0.7886179541646348,0.028010815382003784
ONE,R04,testing,09,88,0,1.0,1.0,0.8819822938382926,0.7908408275646512,0.029023874551057816
ONE,R04,testing,09,89,0,1.0,1.0,0.8819822938382926,0.7930415304179645,0.02883625030517578
ONE,R04,testing,09,90,0,1.0,1.0,0.8819822938382926,0.7952198429943013,0.027692554518580437
ONE,R04,testing,09,91,0,1.0,1.0,0.8819822938382926,0.7973755473676751,0.028241582214832306
ONE,R04,testing,09,92,0,1.0,1.0,0.8819822938382926,0.799508427452642,0.027670836076140404
ONE,R04,testing,09,93,0,1.0,1.0,0.8819822938382926,0.801618269040322,0.02831261232495308
ONE,R04,testing,09,94,0,1.0,1.0,0.8819822938382926,0.8037048598341832,0.028693178668618202
ONE,R04,testing,09,95,0,1.0,1.0,0.8819822938382926,0.8057679894855752,0.027593189850449562
ONE,R04,testing,09,96,0,1.0,1.0,0.9429082597083381,0.8636095325613993,0.028932612389326096
ONE,R04,testing,09,97,0,1.0,1.0,0.9429082597083381,0.8657643502790768,0.02897709794342518
ONE,R04,testing,09,98,0,1.0,1.0,0.9429082597083381,0.867893424427766,0.028242269530892372
ONE,R04,testing,09,99,0,1.0,1.0,0.9429082597083381,0.8699965388322884,0.028293879702687263
ONE,R04,testing,09,100,0,1.0,1.0,0.9429082597083381,0.8720734795855614,0.027522176504135132
ONE,R04,testing,09,101,0,1.0,1.0,0.9429082597083381,0.8741240350848093,0.02762618288397789
ONE,R04,testing,09,102,0,1.0,1.0,0.9429082597083381,0.8761479960674494,0.029123518615961075
ONE,R04,testing,09,103,0,1.0,1.0,0.9429082597083381,0.8781451556466431,0.027755331248044968
ONE,R04,testing,09,104,0,1.0,1.0,0.9429082597083381,0.8801153093465023,0.027728477492928505
ONE,R04,testing,09,105,0,1.0,1.0,0.9429082597083381,0.8820582551369454,0.027345428243279457
ONE,R04,testing,09,106,0,1.0,1.0,0.9429082597083381,0.8839737934681923,0.02683883346617222
ONE,R04,testing,09,107,0,1.0,1.0,0.9429082597083381,0.885861727304891,0.027333371341228485
ONE,R04,testing,09,108,0,1.0,1.0,0.9429082597083381,0.8877218621598686,0.027197670191526413
ONE,R04,testing,09,109,0,1.0,1.0,0.9429082597083381,0.8895540061274959,0.02761860564351082
ONE,R04,testing,09,110,0,1.0,1.0,0.9429082597083381,0.8913579699166614,0.028196116909384727
ONE,R04,testing,09,111,0,1.0,1.0,0.9429082597083381,0.8931335668833432,0.027624765411019325
ONE,R04,testing,09,112,0,1.0,1.0,1.0,0.9490643483593824,0.027778655290603638
ONE,R04,testing,09,113,0,1.0,1.0,1.0,0.9508867039498864,0.02806285209953785
ONE,R04,testing,09,114,0,1.0,1.0,1.0,0.9526783984955209,0.02779286541044712
ONE,R04,testing,09,115,0,1.0,1.0,1.0,0.9544392456173669,0.02742905169725418
ONE,R04,testing,09,116,0,1.0,1.0,1.0,0.9561690619099357,0.027430078014731407
ONE,R04,testing,09,117,0,1.0,1.0,1.0,0.9578676669729937,0.028508499264717102
ONE,R04,testing,09,118,0,1.0,1.0,1.0,0.9595348834429058,0.027860483154654503
ONE,R04,testing,09,119,0,1.0,1.0,1.0,0.9611705370234895,0.027634914964437485
ONE,R04,testing,09,120,0,1.0,1.0,1.0,0.9627744565163746,0.02694207988679409
ONE,R04,testing,09,121,0,1.0,1.0,1.0,0.9643464738508571,0.028100932016968727
ONE,R04,testing,09,122,0,1.0,1.0,1.0,0.9658864241132447,0.028147926554083824
ONE,R04,testing,09,123,0,1.0,1.0,1.0,0.9673941455756818,0.02815556898713112
ONE,R04,testing,09,124,0,1.0,1.0,1.0,0.9688694797244518,0.028490625321865082
ONE,R04,testing,09,125,0,1.0,1.0,1.0,0.9703122712877451,0.028915025293827057
ONE,R04,testing,09,126,0,1.0,1.0,1.0,0.9717223682628908,0.029885904863476753
ONE,R04,testing,09,127,0,1.0,1.0,1.0,0.9730996219430406,0.02992110140621662
ONE,R04,testing,09,128,1,1.0,1.0,1.0,0.974443886943302,0.03157913684844971
ONE,R04,testing,09,129,1,1.0,1.0,1.0,0.975755021226313,0.029304560273885727
ONE,R04,testing,09,130,1,1.0,1.0,1.0,0.977032886127251,0.028483929112553596
ONE,R04,testing,09,131,1,1.0,1.0,1.0,0.9782773463782728,0.031128883361816406
ONE,R04,testing,09,132,1,1.0,1.0,1.0,0.9794882701323746,0.0318281389772892
ONE,R04,testing,09,133,1,1.0,1.0,1.0,0.9806655289866726,0.031204095110297203
ONE,R04,testing,09,134,1,1.0,1.0,1.0,0.9818089980050919,0.03883045166730881
ONE,R04,testing,09,135,1,1.0,1.0,1.0,0.9829185557404639,0.03808654472231865
ONE,R04,testing,09,136,1,1.0,1.0,1.0,0.9839940842560215,0.04388603940606117
ONE,R04,testing,09,137,1,1.0,1.0,1.0,0.9850354691462911,0.04626497998833656
ONE,R04,testing,09,138,1,1.0,1.0,1.0,0.986042599557374,0.050188206136226654
ONE,R04,testing,09,139,1,1.0,1.0,1.0,0.9870153682066116,0.054423242807388306
ONE,R04,testing,09,140,1,1.0,1.0,1.0,0.9879536714016319,0.05748214200139046
ONE,R04,testing,09,141,1,1.0,1.0,1.0,0.9888574090587704,0.057001709938049316
ONE,R04,testing,09,142,1,1.0,1.0,1.0,0.9897264847208613,0.05210096016526222
ONE,R04,testing,09,143,1,1.0,1.0,1.0,0.9905608055743957,0.05862370878458023
ONE,R04,testing,09,144,1,1.0,1.0,1.0,0.9913602824660409,0.06054137647151947
ONE,R04,testing,09,145,1,1.0,1.0,1.0,0.9921248299185177,0.05702508985996246
ONE,R04,testing,09,146,1,1.0,1.0,1.0,0.9928543661458319,0.059259213507175446
ONE,R04,testing,09,147,1,1.0,1.0,1.0,0.993548813067855,0.05488570034503937
ONE,R04,testing,09,148,1,1.0,1.0,1.0,0.994208096324252,0.055619992315769196
ONE,R04,testing,09,149,1,1.0,1.0,1.0,0.9948321452877519,0.054772235453128815
ONE,R04,testing,09,150,1,1.0,1.0,1.0,0.9954208930767571,0.05378716066479683
ONE,R04,testing,09,151,1,1.0,1.0,1.0,0.9959742765672902,0.052114859223365784
ONE,R04,testing,09,152,1,1.0,1.0,1.0,0.9964922364042741,0.0496051125228405
ONE,R04,testing,09,153,1,1.0,1.0,1.0,0.9969747170121416,0.050560105592012405
ONE,R04,testing,09,154,1,1.0,1.0,1.0,0.9974216666047744,0.050483644008636475
ONE,R04,testing,09,155,1,1.0,1.0,1.0,0.9978330371947663,0.050786446779966354
ONE,R04,testing,09,156,1,1.0,1.0,1.0,0.9982087846020111,0.050070468336343765
ONE,R04,testing,09,157,1,1.0,1.0,1.0,0.9985488684616096,0.04956302419304848
ONE,R04,testing,09,158,1,1.0,1.0,1.0,0.9988532522310969,0.049945466220378876
ONE,R04,testing,09,159,1,1.0,1.0,1.0,0.9991219031969868,0.04758404567837715
ONE,R04,testing,09,160,1,1.0,1.0,1.0,0.9993547924806309,0.048088815063238144
ONE,R04,testing,09,161,1,1.0,1.0,1.0,0.9995518950433931,0.0483873225748539
ONE,R04,testing,09,162,1,1.0,1.0,1.0,0.9997131896911357,0.04992527514696121
ONE,R04,testing,09,163,1,1.0,1.0,1.0,0.9998386590780177,0.04919816926121712
ONE,R04,testing,09,164,1,1.0,1.0,1.0,0.999928289709604,0.04995112866163254
ONE,R04,testing,09,165,1,1.0,1.0,1.0,0.9999820719452841,0.04959702119231224
ONE,R04,testing,09,166,1,1.0,1.0,1.0,1.0,0.049543287605047226
ONE,R04,testing,09,167,1,1.0,1.0,1.0,0.9999820719452841,0.04816161468625069
ONE,R04,testing,09,168,1,1.0,1.0,1.0,0.999928289709604,0.04839915409684181
ONE,R04,testing,09,169,1,1.0,1.0,1.0,0.9998386590780177,0.04753176495432854
ONE,R04,testing,09,170,1,1.0,1.0,1.0,0.9997131896911357,0.04831458255648613
ONE,R04,testing,09,171,1,1.0,1.0,1.0,0.9995518950433931,0.04518193379044533
ONE,R04,testing,09,172,1,1.0,1.0,1.0,0.9993547924806309,0.04579092934727669
ONE,R04,testing,09,173,1,1.0,1.0,1.0,0.9991219031969868,0.04588840901851654
ONE,R04,testing,09,174,1,1.0,1.0,1.0,0.9988532522310969,0.049316201359033585
ONE,R04,testing,09,175,1,1.0,1.0,1.0,0.9985488684616096,0.05079387128353119
ONE,R04,testing,09,176,1,1.0,1.0,1.0,0.9982087846020111,0.051907915621995926
ONE,R04,testing,09,177,1,1.0,1.0,1.0,0.9978330371947663,0.052868008613586426
ONE,R04,testing,09,178,1,1.0,1.0,1.0,0.9974216666047744,0.04791531339287758
ONE,R04,testing,09,179,1,1.0,1.0,1.0,0.9969747170121416,0.04706662893295288
ONE,R04,testing,09,180,1,1.0,1.0,1.0,0.9964922364042741,0.045901600271463394
ONE,R04,testing,09,181,1,1.0,1.0,1.0,0.9959742765672902,0.04686387628316879
ONE,R04,testing,09,182,1,1.0,1.0,1.0,0.9954208930767571,0.04530208930373192
ONE,R04,testing,09,183,1,1.0,1.0,1.0,0.9948321452877519,0.04516584053635597
ONE,R04,testing,09,184,1,1.0,1.0,1.0,0.994208096324252,0.04364348202943802
ONE,R04,testing,09,185,1,1.0,1.0,1.0,0.993548813067855,0.0419294536113739
ONE,R04,testing,09,186,1,1.0,1.0,1.0,0.9928543661458319,0.04531174525618553
ONE,R04,testing,09,187,1,1.0,1.0,1.0,0.9921248299185177,0.045275431126356125
ONE,R04,testing,09,188,1,1.0,1.0,1.0,0.9913602824660409,0.04319652169942856
ONE,R04,testing,09,189,1,1.0,1.0,1.0,0.9905608055743957,0.04245811700820923
ONE,R04,testing,09,190,1,1.0,1.0,1.0,0.9897264847208613,0.043627962470054626
ONE,R04,testing,09,191,1,1.0,1.0,1.0,0.9888574090587704,0.050375573337078094
ONE,R04,testing,09,192,1,1.0,1.0,1.0,0.9879536714016319,0.05746318772435188
ONE,R04,testing,09,193,1,1.0,1.0,1.0,0.9870153682066116,0.04723859578371048
ONE,R04,testing,09,194,1,1.0,1.0,1.0,0.986042599557374,0.04394690692424774
ONE,R04,testing,09,195,1,1.0,1.0,1.0,0.9850354691462911,0.05045311525464058
ONE,R04,testing,09,196,1,1.0,1.0,1.0,0.9839940842560215,0.057517606765031815
ONE,R04,testing,09,197,1,1.0,1.0,1.0,0.9829185557404639,0.0534898042678833
ONE,R04,testing,09,198,1,1.0,1.0,1.0,0.9818089980050919,0.053547848016023636
ONE,R04,testing,09,199,1,1.0,1.0,1.0,0.9806655289866726,0.049141883850097656
ONE,R04,testing,09,200,1,1.0,1.0,1.0,0.9794882701323746,0.051845233887434006
ONE,R04,testing,09,201,1,1.0,1.0,1.0,0.9782773463782728,0.046196091920137405
ONE,R04,testing,09,202,1,1.0,1.0,1.0,0.977032886127251,0.04620971903204918
ONE,R04,testing,09,203,1,1.0,1.0,1.0,0.975755021226313,0.04325120151042938
ONE,R04,testing,09,204,1,1.0,1.0,1.0,0.974443886943302,0.043200403451919556
ONE,R04,testing,09,205,1,1.0,1.0,1.0,0.9730996219430406,0.04549456387758255
ONE,R04,testing,09,206,1,1.0,1.0,1.0,0.9717223682628908,0.04178160801529884
ONE,R04,testing,09,207,1,1.0,1.0,1.0,0.9703122712877451,0.04203709214925766
ONE,R04,testing,09,208,1,1.0,1.0,1.0,0.9688694797244518,0.04309718310832977
ONE,R04,testing,09,209,1,1.0,1.0,1.0,0.9673941455756818,0.04365962743759155
ONE,R04,testing,09,210,1,1.0,1.0,1.0,0.9658864241132447,0.040428780019283295
ONE,R04,testing,09,211,1,1.0,1.0,1.0,0.9643464738508571,0.04752359911799431
ONE,R04,testing,09,212,1,1.0,1.0,1.0,0.9627744565163746,0.04834860563278198
ONE,R04,testing,09,213,1,1.0,1.0,1.0,0.9611705370234895,0.05113554745912552
ONE,R04,testing,09,214,1,1.0,1.0,1.0,0.9595348834429058,0.04934273660182953
ONE,R04,testing,09,215,1,1.0,1.0,1.0,0.9578676669729937,0.046351753175258636
ONE,R04,testing,09,216,1,1.0,1.0,1.0,0.9561690619099357,0.04213351011276245
ONE,R04,testing,09,217,1,1.0,1.0,1.0,0.9544392456173669,0.04438457638025284
ONE,R04,testing,09,218,1,1.0,1.0,1.0,0.9526783984955209,0.043528664857149124
ONE,R04,testing,09,219,1,1.0,1.0,1.0,0.9508867039498864,0.04381192848086357
ONE,R04,testing,09,220,1,1.0,1.0,1.0,0.9490643483593824,0.04401874542236328
ONE,R04,testing,09,221,1,1.0,1.0,1.0,0.9472115210440607,0.04405910521745682
ONE,R04,testing,09,222,1,1.0,1.0,1.0,0.9453284142323428,0.044400811195373535
ONE,R04,testing,09,223,1,1.0,1.0,1.0,0.9434152230277992,0.04440940544009209
ONE,R04,testing,09,224,1,1.0,1.0,0.9429082597083381,0.8877218621598686,0.044132545590400696
ONE,R04,testing,09,225,1,1.0,1.0,0.9429082597083381,0.885861727304891,0.04397529363632202
ONE,R04,testing,09,226,1,1.0,1.0,0.9429082597083381,0.8839737934681923,0.0443013496696949
ONE,R04,testing,09,227,1,1.0,1.0,0.9429082597083381,0.8820582551369454,0.044187992811203
ONE,R04,testing,09,228,1,1.0,1.0,0.9429082597083381,0.8801153093465023,0.045612260699272156
ONE,R04,testing,09,229,1,1.0,1.0,0.9429082597083381,0.8781451556466431,0.04671328887343407
ONE,R04,testing,09,230,1,1.0,1.0,0.9429082597083381,0.8761479960674494,0.045537542551755905
ONE,R04,testing,09,231,1,1.0,1.0,0.9429082597083381,0.8741240350848093,0.04838800057768822
ONE,R04,testing,09,232,1,1.0,1.0,0.9429082597083381,0.8720734795855614,0.04638689011335373
ONE,R04,testing,09,233,1,1.0,1.0,0.9429082597083381,0.8699965388322884,0.04985625669360161
ONE,R04,testing,09,234,1,1.0,1.0,0.9429082597083381,0.867893424427766,0.04775125905871391
ONE,R04,testing,09,235,1,1.0,1.0,0.9429082597083381,0.8657643502790768,0.04779185354709625
ONE,R04,testing,09,236,1,1.0,1.0,0.9429082597083381,0.8636095325613993,0.049475256353616714
ONE,R04,testing,09,237,1,1.0,1.0,0.9429082597083381,0.8614291896814763,0.04818095266819
ONE,R04,testing,09,238,1,1.0,1.0,0.9429082597083381,0.8592235422407769,0.04878872632980347
ONE,R04,testing,09,239,1,1.0,1.0,0.9429082597083381,0.8569928129983554,0.04756496474146843
ONE,R04,testing,09,240,1,1.0,1.0,0.8819822938382925,0.7995084274526418,0.04782615229487419
ONE,R04,testing,09,241,1,1.0,1.0,0.8819822938382925,0.797375547367675,0.052871670573949814
ONE,R04,testing,09,242,1,1.0,1.0,0.8819822938382925,0.7952198429943012,0.04932396486401558
ONE,R04,testing,09,243,1,1.0,1.0,0.8819822938382925,0.7930415304179644,0.04977085068821907
ONE,R04,testing,09,244,1,1.0,1.0,0.8819822938382925,0.7908408275646511,0.04920310154557228
ONE,R04,testing,09,245,1,1.0,1.0,0.8819822938382925,0.7886179541646346,0.04939453676342964
ONE,R04,testing,09,246,1,1.0,1.0,0.8819822938382925,0.7863731317159994,0.05160197615623474
ONE,R04,testing,09,247,1,1.0,1.0,0.8819822938382925,0.7841065834479481,0.050741806626319885
ONE,R04,testing,09,248,1,1.0,1.0,0.8819822938382925,0.781818534283904,0.05189583823084831
ONE,R04,testing,09,249,1,1.0,1.0,0.8819822938382925,0.7795092108044157,0.05125102400779724
ONE,R04,testing,09,250,1,1.0,1.0,0.8819822938382925,0.7771788412098717,0.04997808113694191
ONE,R04,testing,09,251,1,1.0,1.0,0.8819822938382925,0.7748276552830361,0.05031297355890274
ONE,R04,testing,09,252,1,1.0,1.0,0.8819822938382925,0.7724558843514105,0.04967523366212845
ONE,R04,testing,09,253,1,1.0,1.0,0.8819822938382925,0.7700637612494351,0.049788959324359894
ONE,R04,testing,09,254,1,1.0,1.0,0.8819822938382925,0.7676515202805317,0.04953791946172714
ONE,R04,testing,09,255,1,1.0,1.0,0.8819822938382925,0.7652193971790039,0.049732889980077744
ONE,R04,testing,09,256,1,1.0,1.0,0.8176115364082563,0.7070976565910726,0.05052490532398224
ONE,R04,testing,09,257,1,1.0,1.0,0.8176115364082563,0.7048068386217747,0.04922839626669884
ONE,R04,testing,09,258,1,1.0,1.0,0.8176115364082563,0.7024982527929783,0.049391817301511765
ONE,R04,testing,09,259,1,1.0,1.0,0.8176115364082563,0.7001721225842769,0.04771227017045021
ONE,R04,testing,09,260,1,1.0,1.0,0.8176115364082563,0.6978286726233602,0.047810010612010956
ONE,R04,testing,09,261,1,1.0,1.0,0.8176115364082563,0.6954681286500503,0.047199733555316925
ONE,R04,testing,09,262,1,1.0,1.0,0.8176115364082563,0.6930907174802559,0.049043916165828705
ONE,R04,testing,09,263,1,1.0,1.0,0.8176115364082563,0.6906966669698587,0.048776332288980484
ONE,R04,testing,09,264,1,1.0,1.0,0.8176115364082563,0.6882862059785336,0.04826249182224274
ONE,R04,testing,09,265,1,1.0,1.0,0.8176115364082563,0.6858595643335154,0.04874233528971672
ONE,R04,testing,09,266,1,1.0,1.0,0.8176115364082563,0.683416972793317,0.0489455871284008
ONE,R04,testing,09,267,1,1.0,1.0,0.8176115364082563,0.6809586630114088,0.04891681298613548
ONE,R04,testing,09,268,1,1.0,1.0,0.8176115364082563,0.6784848674998668,0.04856036230921745
ONE,R04,testing,09,269,1,1.0,1.0,0.8176115364082563,0.675995819592996,0.04871659725904465
ONE,R04,testing,09,270,1,1.0,1.0,0.8176115364082563,0.6734917534109405,0.04774921387434006
ONE,R04,testing,09,271,1,1.0,1.0,0.8176115364082563,0.6709729038232823,0.046956319361925125
ONE,R04,testing,09,272,1,1.0,1.0,0.7502779307730125,0.613390818727137,0.047330137342214584
ONE,R04,testing,09,273,1,1.0,1.0,0.7502779307730125,0.6110529238560816,0.04717777296900749
ONE,R04,testing,09,274,1,1.0,1.0,0.7502779307730125,0.6087021134261879,0.04845118522644043
ONE,R04,testing,09,275,1,1.0,1.0,0.7502779307730125,0.6063386053815536,0.04751519858837128
ONE,R04,testing,09,276,1,1.0,1.0,0.7502779307730125,0.6039626181871325,0.04724081605672836
ONE,R04,testing,09,277,1,1.0,1.0,0.7502779307730125,0.6015743707954404,0.047430697828531265
ONE,R04,testing,09,278,1,1.0,1.0,0.7502779307730125,0.599174082613303,0.04839131236076355
ONE,R04,testing,09,279,1,1.0,1.0,0.7502779307730125,0.5967619734686541,0.047955531626939774
ONE,R04,testing,09,280,1,1.0,1.0,0.7502779307730125,0.5943382635773913,0.04848325252532959
ONE,R04,testing,09,281,1,1.0,1.0,0.7502779307730125,0.5919031735102921,0.04828455299139023
ONE,R04,testing,09,282,1,1.0,1.0,0.7502779307730125,0.589456924160004,0.048930998891592026
ONE,R04,testing,09,283,1,1.0,1.0,0.7502779307730125,0.5869997367081088,0.048922471702098846
ONE,R04,testing,09,284,1,1.0,1.0,0.7502779307730125,0.584531832592272,0.04848829284310341
ONE,R04,testing,09,285,1,1.0,1.0,0.7502779307730125,0.582053433473483,0.04842320829629898
ONE,R04,testing,09,286,1,1.0,1.0,0.7502779307730125,0.5795647612033916,0.049534257501363754
ONE,R04,testing,09,287,1,1.0,1.0,0.7502779307730125,0.5770660377917488,0.047290246933698654
ONE,R04,testing,09,288,1,1.0,1.0,0.6805459217126126,0.5211572104457878,0.04807620495557785
ONE,R04,testing,09,289,1,1.0,1.0,0.6805459217126126,0.5188730929204846,0.04900745302438736
ONE,R04,testing,09,290,1,1.0,1.0,0.6805459217126126,0.5165804631166051,0.04857388511300087
ONE,R04,testing,09,291,1,1.0,1.0,0.6805459217126126,0.5142795226903523,0.04876688867807388
ONE,R04,testing,09,292,1,1.0,1.0,0.6805459217126126,0.5119704732952887,0.050758279860019684
ONE,R04,testing,09,293,1,1.0,1.0,0.6805459217126126,0.5096535165534909,0.05077775940299034
ONE,R04,testing,09,294,1,1.0,1.0,0.6805459217126126,0.5073288540268397,0.06320365518331528
ONE,R04,testing,09,295,1,1.0,1.0,0.6805459217126126,0.5049966871884486,0.05900856480002403
ONE,R04,testing,09,296,1,1.0,1.0,0.6805459217126126,0.50265721739424,0.06677544116973877
ONE,R04,testing,09,297,1,1.0,1.0,0.6805459217126126,0.5003106458546706,0.06061787158250809
ONE,R04,testing,09,298,1,1.0,1.0,0.6805459217126126,0.4979571736066145,0.06154435873031616
ONE,R04,testing,09,299,1,1.0,1.0,0.6805459217126126,0.49559700148540836,0.05815090239048004
ONE,R04,testing,09,300,1,1.0,1.0,0.6805459217126126,0.4932303300970621,0.0518048033118248
ONE,R04,testing,09,301,1,1.0,1.0,0.6805459217126126,0.49085735979064343,0.050955936312675476
ONE,R04,testing,09,302,1,1.0,1.0,0.6805459217126126,0.48847829063083886,0.04894982650876045
ONE,R04,testing,09,303,1,1.0,1.0,0.6805459217126126,0.4860933223706974,0.045358721166849136
ONE,R04,testing,09,304,1,1.0,1.0,0.6090486384384382,0.43288547280538,0.04610329866409302
ONE,R04,testing,09,305,1,1.0,1.0,0.6090486384384382,0.4307410426257102,0.0467260517179966
ONE,R04,testing,09,306,1,1.0,1.0,0.6090486384384382,0.4285918674846091,0.05104188621044159
ONE,R04,testing,09,307,1,1.0,1.0,0.6090486384384382,0.42643812479322635,0.051706913858652115
ONE,R04,testing,09,308,1,1.0,1.0,0.6090486384384382,0.42427999156445195,0.04876961186528206
ONE,R04,testing,09,309,1,1.0,1.0,0.6090486384384382,0.4221176443895935,0.056411683559417725
ONE,R04,testing,09,310,1,1.0,1.0,0.6090486384384382,0.4199512594152465,0.051523372530937195
ONE,R04,testing,09,311,1,1.0,1.0,0.6090486384384382,0.41778101232036297,0.044383011758327484
ONE,R04,testing,09,312,1,1.0,1.0,0.6090486384384382,0.41560707829351856,0.04173707589507103
ONE,R04,testing,09,313,1,1.0,1.0,0.6090486384384382,0.4134296320103871,0.04255291819572449
ONE,R04,testing,09,314,1,1.0,1.0,0.6090486384384382,0.41124884761142166,0.041599929332733154
ONE,R04,testing,09,315,1,1.0,1.0,0.6090486384384382,0.40906489867974877,0.04162769019603729
ONE,R04,testing,09,316,1,1.0,1.0,0.6090486384384382,0.4068779582192782,0.03997455909848213
ONE,R04,testing,09,317,1,1.0,1.0,0.6090486384384382,0.40468819863303257,0.04161378741264343
ONE,R04,testing,09,318,1,1.0,1.0,0.6090486384384382,0.40249579170169925,0.041262537240982056
ONE,R04,testing,09,319,1,1.0,1.0,0.6090486384384382,0.40030090856240896,0.03999337926506996
ONE,R04,testing,09,320,1,1.0,1.0,0.5364708121022926,0.3506633334726929,0.040553875267505646
ONE,R04,testing,09,321,1,1.0,1.0,0.5364708121022926,0.3487260931616888,0.04083609580993652
ONE,R04,testing,09,322,1,1.0,1.0,0.5364708121022926,0.346787120367456,0.04049095883965492
ONE,R04,testing,09,323,1,1.0,1.0,0.5364708121022926,0.3448465633831119,0.04167766124010086
ONE,R04,testing,09,324,1,1.0,1.0,0.5364708121022926,0.3429045698445348,0.04071042686700821
ONE,R04,testing,15,10,0,1.0,1.0,0.5364708121022927,0.34440250540039785,0.023147935047745705
ONE,R04,testing,15,11,0,1.0,1.0,0.5364708121022927,0.3461266756580925,0.022128654643893242
ONE,R04,testing,15,12,0,1.0,1.0,0.5364708121022927,0.34784963560012816,0.021991517394781113
ONE,R04,testing,15,13,0,1.0,1.0,0.5364708121022927,0.3495712814638787,0.022023044526576996
ONE,R04,testing,15,14,0,1.0,1.0,0.5364708121022927,0.3512915090834982,0.02113489806652069
ONE,R04,testing,15,15,0,1.0,1.0,0.5364708121022927,0.3530102138997424,0.02056920900940895
ONE,R04,testing,15,16,0,1.0,1.0,0.6090486384384382,0.4027174800722901,0.02182702161371708
ONE,R04,testing,15,17,0,1.0,1.0,0.6090486384384382,0.40466488878288276,0.021766752004623413
ONE,R04,testing,15,18,0,1.0,1.0,0.6090486384384382,0.40661020999287784,0.02129371464252472
ONE,R04,testing,15,19,0,1.0,1.0,0.6090486384384382,0.40855332332484146,0.021889761090278625
ONE,R04,testing,15,20,0,1.0,1.0,0.6090486384384382,0.41049410801222214,0.02079598978161812
ONE,R04,testing,15,21,0,1.0,1.0,0.6090486384384382,0.4124324429111913,0.02217758260667324
ONE,R04,testing,15,22,0,1.0,1.0,0.6090486384384382,0.4143682065125936,0.023516133427619934
ONE,R04,testing,15,23,0,1.0,1.0,0.6090486384384382,0.4163012769540051,0.02270890213549137
ONE,R04,testing,15,24,0,1.0,1.0,0.6090486384384382,0.41823153203189983,0.022324297577142715
ONE,R04,testing,15,25,0,1.0,1.0,0.6090486384384382,0.42015884921391977,0.021693851798772812
ONE,R04,testing,15,26,0,1.0,1.0,0.6090486384384382,0.4220831056512498,0.024732807651162148
ONE,R04,testing,15,27,0,1.0,1.0,0.6090486384384382,0.42400417819109426,0.02476615644991398
ONE,R04,testing,15,28,0,1.0,1.0,0.6090486384384382,0.4259219433892539,0.027612704783678055
ONE,R04,testing,15,29,0,1.0,1.0,0.6090486384384382,0.427836277522802,0.034743525087833405
ONE,R04,testing,15,30,0,1.0,1.0,0.6090486384384382,0.4297470566028567,0.031065840274095535
ONE,R04,testing,15,31,0,1.0,1.0,0.6090486384384382,0.4316541563874496,0.029708102345466614
ONE,R04,testing,15,32,0,1.0,1.0,0.6805459217126126,0.4844535188711404,0.03183116018772125
ONE,R04,testing,15,33,0,1.0,1.0,0.6805459217126126,0.48657585646161405,0.028557827696204185
ONE,R04,testing,15,34,0,1.0,1.0,0.6805459217126126,0.4886936648054162,0.027867687866091728
ONE,R04,testing,15,35,0,1.0,1.0,0.6805459217126126,0.49080680409025573,0.03799065575003624
ONE,R04,testing,15,36,0,1.0,1.0,0.6805459217126126,0.4929151342944655,0.02675091288983822
ONE,R04,testing,15,37,0,1.0,1.0,0.6805459217126126,0.4950185152019773,0.02495121769607067
ONE,R04,testing,15,38,0,1.0,1.0,0.6805459217126126,0.49711680641739,0.024438902735710144
ONE,R04,testing,15,39,0,1.0,1.0,0.6805459217126126,0.4992098673811257,0.02123652957379818
ONE,R04,testing,15,40,0,1.0,1.0,0.6805459217126126,0.5012975573846759,0.021845128387212753
ONE,R04,testing,15,41,0,1.0,1.0,0.6805459217126126,0.5033797355859312,0.02173359878361225
ONE,R04,testing,15,42,0,1.0,1.0,0.6805459217126126,0.5054562610245958,0.021213795989751816
ONE,R04,testing,15,43,0,1.0,1.0,0.6805459217126126,0.507526992637682,0.022075314074754715
ONE,R04,testing,15,44,0,1.0,1.0,0.6805459217126126,0.5095917892750836,0.021787257865071297
ONE,R04,testing,15,45,0,1.0,1.0,0.6805459217126126,0.5116505097152262,0.023968687281012535
ONE,R04,testing,15,46,0,1.0,1.0,0.6805459217126126,0.5137030126807907,0.02228538878262043
ONE,R04,testing,15,47,0,1.0,1.0,0.6805459217126126,0.515749156854509,0.022612856701016426
ONE,R04,testing,15,48,0,1.0,1.0,0.7502779307730126,0.5708439323761242,0.023873673751950264
ONE,R04,testing,15,49,0,1.0,1.0,0.7502779307730126,0.5730852461562388,0.021497711539268494
ONE,R04,testing,15,50,0,1.0,1.0,0.7502779307730126,0.5753190821111746,0.02320619486272335
ONE,R04,testing,15,51,0,1.0,1.0,0.7502779307730126,0.5775452844430745,0.02197297476232052
ONE,R04,testing,15,52,0,1.0,1.0,0.7502779307730126,0.5797636973982009,0.02480999566614628
ONE,R04,testing,15,53,0,1.0,1.0,0.7502779307730126,0.581974165284767,0.02852962724864483
ONE,R04,testing,15,54,1,1.0,1.0,0.7502779307730126,0.5841765324908286,0.02921849675476551
ONE,R04,testing,15,55,1,1.0,1.0,0.7502779307730126,0.5863706435022328,0.031507592648267746
ONE,R04,testing,15,56,1,1.0,1.0,0.7502779307730126,0.5885563429206211,0.030773181468248367
ONE,R04,testing,15,57,1,1.0,1.0,0.7502779307730126,0.5907334754814838,0.029552148655056953
ONE,R04,testing,15,58,1,1.0,1.0,0.7502779307730126,0.5929018860722629,0.02913689985871315
ONE,R04,testing,15,59,1,1.0,1.0,0.7502779307730126,0.5950614197505014,0.03338487446308136
ONE,R04,testing,15,60,1,1.0,1.0,0.7502779307730126,0.5972119217620344,0.03297032043337822
ONE,R04,testing,15,61,1,1.0,1.0,0.7502779307730126,0.5993532375592204,0.03250235691666603
ONE,R04,testing,15,62,1,1.0,1.0,0.7502779307730126,0.6014852128192101,0.03659491986036301
ONE,R04,testing,15,63,1,1.0,1.0,0.7502779307730126,0.6036076934622475,0.03913681209087372
ONE,R04,testing,15,64,1,1.0,1.0,0.8176115364082565,0.6600808437972023,0.03591672331094742
ONE,R04,testing,15,65,1,1.0,1.0,0.8176115364082565,0.6623726102348872,0.037478964775800705
ONE,R04,testing,15,66,1,1.0,1.0,0.8176115364082565,0.6646535280288449,0.03694469481706619
ONE,R04,testing,15,67,1,1.0,1.0,0.8176115364082565,0.6669234305311628,0.03746499866247177
ONE,R04,testing,15,68,1,1.0,1.0,0.8176115364082565,0.6691821514590017,0.036895763128995895
ONE,R04,testing,15,69,1,1.0,1.0,0.8176115364082565,0.6714295249146929,0.035901639610528946
ONE,R04,testing,15,70,1,1.0,1.0,0.8176115364082565,0.6736653854058492,0.038662657141685486
ONE,R04,testing,15,71,1,1.0,1.0,0.8176115364082565,0.6758895678654865,0.040819697082042694
ONE,R04,testing,15,72,1,1.0,1.0,0.8176115364082565,0.6781019076721522,0.04141933098435402
ONE,R04,testing,15,73,1,1.0,1.0,0.8176115364082565,0.6803022406700573,0.04034045338630676
ONE,R04,testing,15,74,1,1.0,1.0,0.8176115364082565,0.6824904031892085,0.0395008884370327
ONE,R04,testing,15,75,1,1.0,1.0,0.8176115364082565,0.6846662320655375,0.04027503356337547
ONE,R04,testing,15,76,1,1.0,1.0,0.8176115364082565,0.686829564661023,0.041103120893239975
ONE,R04,testing,15,77,1,1.0,1.0,0.8176115364082565,0.6889802388838034,0.04087381809949875
ONE,R04,testing,15,78,1,1.0,1.0,0.8176115364082565,0.6911180932082757,0.04128766432404518
ONE,R04,testing,15,79,1,1.0,1.0,0.8176115364082565,0.6932429666951763,0.04094785079360008
ONE,R04,testing,15,80,1,1.0,1.0,0.8819822938382926,0.7501001455528526,0.04108738526701927
ONE,R04,testing,15,81,1,1.0,1.0,0.8819822938382926,0.75236378701601,0.04110385850071907
ONE,R04,testing,15,82,1,1.0,1.0,0.8819822938382926,0.7546129088381965,0.041823241859674454
ONE,R04,testing,15,83,1,1.0,1.0,0.8819822938382926,0.7568473401555017,0.041137754917144775
ONE,R04,testing,15,84,1,1.0,1.0,0.8819822938382926,0.7590669108444249,0.040826644748449326
ONE,R04,testing,15,85,1,1.0,1.0,0.8819822938382926,0.7612714515433495,0.04162612557411194
ONE,R04,testing,15,86,1,1.0,1.0,0.8819822938382926,0.7634607936739723,0.0405019074678421
ONE,R04,testing,15,87,1,1.0,1.0,0.8819822938382926,0.7656347694626839,0.04034391790628433
ONE,R04,testing,15,88,1,1.0,1.0,0.8819822938382926,0.7677932119618981,0.041029538959264755
ONE,R04,testing,15,89,1,1.0,1.0,0.8819822938382926,0.7699359550713232,0.0407046377658844
ONE,R04,testing,15,90,1,1.0,1.0,0.8819822938382926,0.7720628335591758,0.04082619771361351
ONE,R04,testing,15,91,1,1.0,1.0,0.8819822938382926,0.7741736830833303,0.04039958491921425
ONE,R04,testing,15,92,1,1.0,1.0,0.8819822938382926,0.7762683402124003,0.04381333664059639
ONE,R04,testing,15,93,1,1.0,1.0,0.8819822938382926,0.7783466424467498,0.04406559839844704
ONE,R04,testing,15,94,1,1.0,1.0,0.8819822938382926,0.780408428239429,0.044779837131500244
ONE,R04,testing,15,95,1,1.0,1.0,0.8819822938382926,0.7824535370170324,0.046086471527814865
ONE,R04,testing,15,96,1,1.0,1.0,0.9429082597083381,0.8386725931503636,0.04579172655940056
ONE,R04,testing,15,97,1,1.0,1.0,0.9429082597083381,0.8408228060660556,0.04931763559579849
ONE,R04,testing,15,98,1,1.0,1.0,0.9429082597083381,0.8429546814141005,0.050448790192604065
ONE,R04,testing,15,99,1,1.0,1.0,0.9429082597083381,0.8450680519132724,0.05382757633924484
ONE,R04,testing,15,100,1,1.0,1.0,0.9429082597083381,0.8471627514332315,0.05910392478108406
ONE,R04,testing,15,101,1,1.0,1.0,0.9429082597083381,0.8492386150162334,0.057481519877910614
ONE,R04,testing,15,102,1,1.0,1.0,0.9429082597083381,0.8512954788987271,0.05839048698544502
ONE,R04,testing,15,103,1,1.0,1.0,0.9429082597083381,0.8533331805328381,0.056644365191459656
ONE,R04,testing,15,104,1,1.0,1.0,0.9429082597083381,0.8553515586077293,0.05566421151161194
ONE,R04,testing,15,105,1,1.0,1.0,0.9429082597083381,0.857350453070841,0.0558648407459259
ONE,R04,testing,15,106,1,1.0,1.0,0.9429082597083381,0.8593297051490009,0.05571261793375015
ONE,R04,testing,15,107,1,1.0,1.0,0.9429082597083381,0.8612891573694035,0.05591787025332451
ONE,R04,testing,15,108,1,1.0,1.0,0.9429082597083381,0.863228653580454,0.05797319859266281
ONE,R04,testing,15,109,1,1.0,1.0,0.9429082597083381,0.865148038972473,0.05847833305597305
ONE,R04,testing,15,110,1,1.0,1.0,0.9429082597083381,0.8670471600982587,0.05752331390976906
ONE,R04,testing,15,111,1,1.0,1.0,0.9429082597083381,0.8689258648934992,0.053629547357559204
ONE,R04,testing,15,112,1,1.0,0.9999999999999999,0.9999999999999999,0.9235087228596248,0.05836907774209976
ONE,R04,testing,15,113,1,1.0,0.9999999999999999,0.9999999999999999,0.925457397669744,0.05519670993089676
ONE,R04,testing,15,114,1,1.0,0.9999999999999999,0.9999999999999999,0.9273839451689033,0.05253787711262703
ONE,R04,testing,15,115,1,1.0,0.9999999999999999,0.9999999999999999,0.9292882101652582,0.05420012027025223
ONE,R04,testing,15,116,1,1.0,0.9999999999999999,0.9999999999999999,0.9311700390393625,0.050686389207839966
ONE,R04,testing,15,117,1,1.0,0.9999999999999999,0.9999999999999999,0.9330292797648002,0.045974258333444595
ONE,R04,testing,15,118,1,1.0,0.9999999999999999,0.9999999999999999,0.9348657819286341,0.05138152465224266
ONE,R04,testing,15,119,1,1.0,0.9999999999999999,0.9999999999999999,0.9366793967516666,0.05034284293651581
ONE,R04,testing,15,120,1,1.0,0.9999999999999999,0.9999999999999999,0.9384699771085091,0.04803801700472832
ONE,R04,testing,15,121,1,1.0,0.9999999999999999,0.9999999999999999,0.9402373775474572,0.042642559856176376
ONE,R04,testing,15,122,1,1.0,0.9999999999999999,0.9999999999999999,0.9419814543101664,0.04470810666680336
ONE,R04,testing,15,123,1,1.0,0.9999999999999999,0.9999999999999999,0.9437020653511266,0.04649100452661514
ONE,R04,testing,15,124,1,1.0,0.9999999999999999,0.9999999999999999,0.9453990703569279,0.05122457444667816
ONE,R04,testing,15,125,1,1.0,0.9999999999999999,0.9999999999999999,0.9470723307653203,0.04971075803041458
ONE,R04,testing,15,126,1,1.0,0.9999999999999999,0.9999999999999999,0.9487217097840565,0.047701187431812286
ONE,R04,testing,15,127,1,1.0,0.9999999999999999,0.9999999999999999,0.9503470724095199,0.04845844581723213
ONE,R04,testing,15,128,1,1.0,0.9999999999999999,1.0,0.9519482854451314,0.05127107352018356
ONE,R04,testing,15,129,1,1.0,0.9999999999999999,1.0,0.9535252175195315,0.051681891083717346
ONE,R04,testing,15,130,1,1.0,0.9999999999999999,1.0,0.9550777391045362,0.05111521854996681
ONE,R04,testing,15,131,1,1.0,0.9999999999999999,1.0,0.9566057225328609,0.05614775791764259
ONE,R04,testing,15,132,1,1.0,0.9999999999999999,1.0,0.9581090420156102,0.057402994483709335
ONE,R04,testing,15,133,1,1.0,0.9999999999999999,1.0,0.9595875736595301,0.05039387196302414
ONE,R04,testing,15,134,1,1.0,0.9999999999999999,1.0,0.9610411954840193,0.0524064302444458
ONE,R04,testing,15,135,1,1.0,0.9999999999999999,1.0,0.9624697874378959,0.05239187180995941
ONE,R04,testing,15,136,1,1.0,0.9999999999999999,1.0,0.9638732314159166,0.04807523265480995
ONE,R04,testing,15,137,1,1.0,0.9999999999999999,1.0,0.9652514112750455,0.047207195311784744
ONE,R04,testing,15,138,1,1.0,0.9999999999999999,1.0,0.9666042128504692,0.0470142588019371
ONE,R04,testing,15,139,1,1.0,0.9999999999999999,1.0,0.9679315239713538,0.048497021198272705
ONE,R04,testing,15,140,1,1.0,0.9999999999999999,1.0,0.9692332344763441,0.04988190531730652
ONE,R04,testing,15,141,1,1.0,0.9999999999999999,1.0,0.9705092362287971,0.05043816193938255
ONE,R04,testing,15,142,1,1.0,0.9999999999999999,1.0,0.9717594231317525,0.06008194014430046
ONE,R04,testing,15,143,1,1.0,0.9999999999999999,1.0,0.9729836911426314,0.05336816981434822
ONE,R04,testing,15,144,1,1.0,1.0,1.0,0.9741819382876665,0.04788621887564659
ONE,R04,testing,15,145,1,1.0,1.0,1.0,0.975354064676055,0.04677356407046318
ONE,R04,testing,15,146,1,1.0,1.0,1.0,0.9764999725138357,0.046638745814561844
ONE,R04,testing,15,147,1,1.0,1.0,1.0,0.9776195661174862,0.04432988911867142
ONE,R04,testing,15,148,1,1.0,1.0,1.0,0.9787127519272377,0.04418742284178734
ONE,R04,testing,15,149,1,1.0,1.0,1.0,0.9797794385201032,0.04297659918665886
ONE,R04,testing,15,150,1,1.0,1.0,1.0,0.9808195366226198,0.04347911849617958
ONE,R04,testing,15,151,1,1.0,1.0,1.0,0.9818329591233003,0.043067336082458496
ONE,R04,testing,15,152,1,1.0,1.0,1.0,0.9828196210847912,0.04400765523314476
ONE,R04,testing,15,153,1,1.0,1.0,1.0,0.9837794397557372,0.04530748352408409
ONE,R04,testing,15,154,1,1.0,1.0,1.0,0.9847123345823473,0.045464012771844864
ONE,R04,testing,15,155,1,1.0,1.0,1.0,0.9856182272196619,0.044555503875017166
ONE,R04,testing,15,156,1,1.0,1.0,1.0,0.9864970415425176,0.04408746957778931
ONE,R04,testing,15,157,1,1.0,1.0,1.0,0.987348703656209,0.047442611306905746
ONE,R04,testing,15,158,1,1.0,1.0,1.0,0.9881731419068435,0.048035912215709686
ONE,R04,testing,15,159,1,1.0,1.0,1.0,0.9889702868913884,0.04919309541583061
ONE,R04,testing,15,160,1,1.0,1.0,1.0,0.9897400714674085,0.04898064211010933
ONE,R04,testing,15,161,1,1.0,1.0,1.0,0.9904824307624908,0.0462641604244709
ONE,R04,testing,15,162,1,1.0,1.0,1.0,0.9911973021833559,0.04512970522046089
ONE,R04,testing,15,163,1,1.0,1.0,1.0,0.9918846254246545,0.046718668192625046
ONE,R04,testing,15,164,1,1.0,1.0,1.0,0.9925443424774455,0.047706615179777145
ONE,R04,testing,15,165,1,1.0,1.0,1.0,0.9931763976373553,0.04739012569189072
ONE,R04,testing,15,166,1,1.0,1.0,1.0,0.9937807375124176,0.0488874651491642
ONE,R04,testing,15,167,1,1.0,1.0,1.0,0.9943573110305893,0.046203382313251495
ONE,R04,testing,15,168,1,1.0,1.0,1.0,0.9949060694469448,0.04651552811264992
ONE,R04,testing,15,169,1,1.0,1.0,1.0,0.9954269663505435,0.04692061245441437
ONE,R04,testing,15,170,1,1.0,1.0,1.0,0.9959199576709716,0.044792965054512024
ONE,R04,testing,15,171,1,1.0,1.0,1.0,0.9963850016845572,0.046781692653894424
ONE,R04,testing,15,172,1,1.0,1.0,1.0,0.9968220590202547,0.045739155262708664
ONE,R04,testing,15,173,1,1.0,1.0,1.0,0.9972310926652,0.04573094844818115
ONE,R04,testing,15,174,1,1.0,1.0,1.0,0.9976120679699358,0.04643009603023529
ONE,R04,testing,15,175,1,1.0,1.0,1.0,0.997964952653302,0.04815727472305298
ONE,R04,testing,15,176,1,1.0,1.0,1.0,0.9982897168069951,0.04812166839838028
ONE,R04,testing,15,177,1,1.0,1.0,1.0,0.9985863328997931,0.04800817742943764
ONE,R04,testing,15,178,1,1.0,1.0,1.0,0.9988547757814453,0.0483308844268322
ONE,R04,testing,15,179,1,1.0,1.0,1.0,0.9990950226862259,0.04828598350286484
ONE,R04,testing,15,180,1,1.0,1.0,1.0,0.999307053236152,0.05076553300023079
ONE,R04,testing,15,181,1,1.0,1.0,1.0,0.9994908494438648,0.051388777792453766
ONE,R04,testing,15,182,1,1.0,1.0,1.0,0.9996463957151723,0.04967312142252922
ONE,R04,testing,15,183,1,1.0,1.0,1.0,0.9997736788512547,0.04892570152878761
ONE,R04,testing,15,184,1,1.0,1.0,1.0,0.9998726880505309,0.04852042347192764
ONE,R04,testing,15,185,1,1.0,1.0,1.0,0.9999434149101862,0.05010527744889259
ONE,R04,testing,15,186,1,1.0,1.0,1.0,0.9999858534273611,0.04988092929124832
ONE,R04,testing,15,187,1,1.0,1.0,1.0,1.0,0.04964904487133026
ONE,R04,testing,15,188,1,1.0,1.0,1.0,0.9999858534273611,0.05052337050437927
ONE,R04,testing,15,189,1,1.0,1.0,1.0,0.9999434149101862,0.04969366267323494
ONE,R04,testing,15,190,1,1.0,1.0,1.0,0.9998726880505309,0.05080908536911011
ONE,R04,testing,15,191,1,1.0,1.0,1.0,0.9997736788512547,0.05113814398646355
ONE,R04,testing,15,192,1,1.0,1.0,1.0,0.9996463957151723,0.05156004801392555
ONE,R04,testing,15,193,1,1.0,1.0,1.0,0.9994908494438648,0.051001712679862976
ONE,R04,testing,15,194,1,1.0,1.0,1.0,0.999307053236152,0.05156806856393814
ONE,R04,testing,15,195,1,1.0,1.0,1.0,0.9990950226862259,0.05073133111000061
ONE,R04,testing,15,196,1,1.0,1.0,1.0,0.9988547757814453,0.050471231341362
ONE,R04,testing,15,197,1,1.0,1.0,1.0,0.9985863328997931,0.05229755863547325
ONE,R04,testing,15,198,1,1.0,1.0,1.0,0.9982897168069951,0.05284006893634796
ONE,R04,testing,15,199,1,1.0,1.0,1.0,0.997964952653302,0.05421115830540657
ONE,R04,testing,15,200,1,1.0,1.0,1.0,0.9976120679699358,0.05165168270468712
ONE,R04,testing,15,201,1,1.0,1.0,1.0,0.9972310926652,0.05252392962574959
ONE,R04,testing,15,202,1,1.0,1.0,1.0,0.9968220590202547,0.05423459783196449
ONE,R04,testing,15,203,1,1.0,1.0,1.0,0.9963850016845572,0.05734752118587494
ONE,R04,testing,15,204,1,1.0,1.0,1.0,0.9959199576709716,0.060841843485832214
ONE,R04,testing,15,205,1,1.0,1.0,1.0,0.9954269663505435,0.05618257820606232
ONE,R04,testing,15,206,1,1.0,1.0,1.0,0.9949060694469448,0.05715249106287956
ONE,R04,testing,15,207,1,1.0,1.0,1.0,0.9943573110305893,0.05152289196848869
ONE,R04,testing,15,208,1,1.0,1.0,1.0,0.9937807375124176,0.048129092901945114
ONE,R04,testing,15,209,1,1.0,1.0,1.0,0.9931763976373553,0.048827771097421646
ONE,R04,testing,15,210,1,1.0,1.0,1.0,0.9925443424774455,0.04898830130696297
ONE,R04,testing,15,211,1,1.0,1.0,1.0,0.9918846254246545,0.04969389736652374
ONE,R04,testing,15,212,1,1.0,1.0,1.0,0.9911973021833559,0.04747731611132622
ONE,R04,testing,15,213,1,1.0,1.0,1.0,0.9904824307624908,0.047256775200366974
ONE,R04,testing,15,214,1,1.0,1.0,1.0,0.9897400714674085,0.04635191336274147
ONE,R04,testing,15,215,1,1.0,1.0,1.0,0.9889702868913884,0.04949062317609787
ONE,R04,testing,15,216,1,1.0,1.0,1.0,0.9881731419068435,0.051146991550922394
ONE,R04,testing,15,217,1,1.0,1.0,1.0,0.987348703656209,0.049807894974946976
ONE,R04,testing,15,218,1,1.0,1.0,1.0,0.9864970415425176,0.05014777556061745
ONE,R04,testing,15,219,1,1.0,1.0,1.0,0.9856182272196619,0.048740942031145096
ONE,R04,testing,15,220,1,1.0,1.0,1.0,0.9847123345823473,0.044951699674129486
ONE,R04,testing,15,221,1,1.0,1.0,1.0,0.9837794397557372,0.04437366500496864
ONE,R04,testing,15,222,1,1.0,1.0,1.0,0.9828196210847912,0.04782905802130699
ONE,R04,testing,15,223,1,1.0,1.0,1.0,0.9818329591233003,0.04646755009889603
ONE,R04,testing,15,224,1,1.0,1.0,1.0,0.9808195366226198,0.0463460311293602
ONE,R04,testing,15,225,1,1.0,1.0,1.0,0.9797794385201032,0.046373892575502396
ONE,R04,testing,15,226,1,1.0,1.0,1.0,0.9787127519272377,0.045643534511327744
ONE,R04,testing,15,227,1,1.0,1.0,1.0,0.9776195661174862,0.0479004792869091
ONE,R04,testing,15,228,1,1.0,1.0,1.0,0.9764999725138357,0.04737131670117378
ONE,R04,testing,15,229,1,1.0,1.0,1.0,0.975354064676055,0.05206291750073433
ONE,R04,testing,15,230,1,1.0,1.0,1.0,0.9741819382876665,0.043343767523765564
ONE,R04,testing,15,231,1,1.0,1.0,1.0,0.9729836911426314,0.042992543429136276
ONE,R04,testing,15,232,1,1.0,1.0,1.0,0.9717594231317525,0.044627703726291656
ONE,R04,testing,15,233,1,1.0,1.0,1.0,0.9705092362287971,0.04419228062033653
ONE,R04,testing,15,234,1,1.0,1.0,1.0,0.9692332344763441,0.04536648839712143
ONE,R04,testing,15,235,1,1.0,1.0,1.0,0.9679315239713538,0.05113331601023674
ONE,R04,testing,15,236,1,1.0,1.0,1.0,0.9666042128504692,0.05686861276626587
ONE,R04,testing,15,237,1,1.0,1.0,1.0,0.9652514112750455,0.04351867735385895
ONE,R04,testing,15,238,1,1.0,1.0,1.0,0.9638732314159166,0.04496178403496742
ONE,R04,testing,15,239,1,1.0,1.0,1.0,0.9624697874378959,0.04371587932109833
ONE,R04,testing,15,240,1,1.0,1.0,1.0,0.9610411954840193,0.0452018566429615
ONE,R04,testing,15,241,1,1.0,1.0,1.0,0.9595875736595301,0.04291611537337303
ONE,R04,testing,15,242,1,1.0,1.0,1.0,0.9581090420156102,0.04544700309634209
ONE,R04,testing,15,243,1,1.0,1.0,1.0,0.9566057225328609,0.046596869826316833
ONE,R04,testing,15,244,1,1.0,1.0,1.0,0.9550777391045362,0.04650050774216652
ONE,R04,testing,15,245,1,1.0,1.0,1.0,0.9535252175195315,0.046392038464546204
ONE,R04,testing,15,246,1,1.0,1.0,1.0,0.9519482854451314,0.0472562350332737
ONE,R04,testing,15,247,1,1.0,1.0,1.0,0.95034707240952,0.0453062579035759
ONE,R04,testing,15,248,1,1.0,1.0,1.0,0.9487217097840566,0.04541080817580223
ONE,R04,testing,15,249,1,1.0,1.0,1.0,0.9470723307653204,0.04605332762002945
ONE,R04,testing,15,250,1,1.0,1.0,1.0,0.945399070356928,0.045884814113378525
ONE,R04,testing,15,251,1,1.0,1.0,1.0,0.9437020653511267,0.046790700405836105
ONE,R04,testing,15,252,1,1.0,1.0,1.0,0.9419814543101666,0.04755889251828194
ONE,R04,testing,15,253,1,1.0,1.0,1.0,0.9402373775474573,0.04717289283871651
ONE,R04,testing,15,254,1,1.0,1.0,1.0,0.9384699771085092,0.04684457927942276
ONE,R04,testing,15,255,1,1.0,1.0,1.0,0.9366793967516667,0.04576394706964493
ONE,R04,testing,15,256,1,1.0,1.0,1.0,0.9348657819286342,0.04613737761974335
ONE,R04,testing,15,257,1,1.0,1.0,1.0,0.9330292797648003,0.045000918209552765
ONE,R04,testing,15,258,1,1.0,1.0,1.0,0.9311700390393626,0.04516332969069481
ONE,R04,testing,15,259,1,1.0,1.0,1.0,0.9292882101652583,0.045927777886390686
ONE,R04,testing,15,260,1,1.0,1.0,1.0,0.9273839451689034,0.04532180726528168
ONE,R04,testing,15,261,1,1.0,1.0,1.0,0.9254573976697441,0.04542587697505951
ONE,R04,testing,15,262,1,1.0,1.0,1.0,0.9235087228596249,0.04748058319091797
ONE,R04,testing,15,263,1,1.0,1.0,1.0,0.9215380774819777,0.047710321843624115
ONE,R04,testing,15,264,1,1.0,1.0,1.0,0.919545619810834,0.04833665490150452
ONE,R04,testing,15,265,1,1.0,1.0,1.0,0.9175315096296665,0.049331385642290115
ONE,R04,testing,15,266,1,1.0,1.0,1.0,0.9154959082100619,0.04814685508608818
ONE,R04,testing,15,267,1,1.0,1.0,1.0,0.9134389782902302,0.04946284741163254
ONE,R04,testing,15,268,1,1.0,1.0,1.0,0.9113608840533544,0.048472706228494644
ONE,R04,testing,15,269,1,1.0,1.0,1.0,0.9092617911057838,0.04889298602938652
ONE,R04,testing,15,270,1,1.0,1.0,1.0,0.9071418664550759,0.04803713783621788
ONE,R04,testing,15,271,1,1.0,1.0,1.0,0.9050012784878907,0.04712914675474167
ONE,R04,testing,15,272,1,1.0,1.0,0.9429082597083381,0.8512954788987271,0.0483860969543457
ONE,R04,testing,15,273,1,1.0,1.0,0.9429082597083381,0.8492386150162334,0.049022555351257324
ONE,R04,testing,15,274,1,1.0,1.0,0.9429082597083381,0.8471627514332315,0.048611097037792206
ONE,R04,testing,15,275,1,1.0,1.0,0.9429082597083381,0.8450680519132724,0.04928804561495781
ONE,R04,testing,15,276,1,1.0,1.0,0.9429082597083381,0.8429546814141005,0.04870034009218216
ONE,R04,testing,15,277,1,1.0,1.0,0.9429082597083381,0.8408228060660556,0.04783279448747635
ONE,R04,testing,15,278,1,1.0,1.0,0.9429082597083381,0.8386725931503636,0.04733046889305115
ONE,R04,testing,15,279,1,1.0,1.0,0.9429082597083381,0.8365042110773174,0.04830821231007576
ONE,R04,testing,15,280,1,1.0,1.0,0.9429082597083381,0.8343178293643555,0.05038085952401161
ONE,R04,testing,15,281,1,1.0,1.0,0.9429082597083381,0.8321136186140398,0.05073088780045509
ONE,R04,testing,15,282,1,1.0,1.0,0.9429082597083381,0.8298917504919369,0.048991184681653976
ONE,R04,testing,15,283,1,1.0,1.0,0.9429082597083381,0.827652397704409,0.050542183220386505
ONE,R04,testing,15,284,1,1.0,1.0,0.9429082597083381,0.8253957339763143,0.05058252066373825
ONE,R04,testing,15,285,1,1.0,1.0,0.9429082597083381,0.8231219340286251,0.050583988428115845
ONE,R04,testing,15,286,1,1.0,1.0,0.9429082597083381,0.820831173555966,0.05072285979986191
ONE,R04,testing,15,287,1,1.0,1.0,0.9429082597083381,0.8185236292040748,0.05145673453807831
ONE,R04,testing,15,288,1,1.0,1.0,0.8819822938382925,0.7634607936739722,0.05080214887857437
ONE,R04,testing,15,289,1,1.0,1.0,0.8819822938382925,0.7612714515433494,0.05362676829099655
ONE,R04,testing,15,290,1,1.0,1.0,0.8819822938382925,0.7590669108444248,0.05298735946416855
ONE,R04,testing,15,291,1,1.0,1.0,0.8819822938382925,0.7568473401555016,0.05555826425552368
ONE,R04,testing,15,292,1,1.0,1.0,0.8819822938382925,0.7546129088381964,0.05658077821135521
ONE,R04,testing,15,293,1,1.0,1.0,0.8819822938382925,0.7523637870160099,0.05497288331389427
ONE,R04,testing,15,294,1,1.0,1.0,0.8819822938382925,0.7501001455528526,0.05319329351186752
ONE,R04,testing,15,295,1,1.0,1.0,0.8819822938382925,0.7478221560315306,0.053130391985177994
ONE,R04,testing,15,296,1,1.0,1.0,0.8819822938382925,0.7455299907321934,0.055447448045015335
ONE,R04,testing,15,297,1,1.0,1.0,0.8819822938382925,0.7432238226107487,0.05330466106534004
ONE,R04,testing,15,298,1,1.0,1.0,0.8819822938382925,0.7409038252772476,0.052568789571523666
ONE,R04,testing,15,299,1,1.0,1.0,0.8819822938382925,0.7385701729742441,0.05165553465485573
ONE,R04,testing,15,300,1,1.0,1.0,0.8819822938382925,0.7362230405551317,0.05081171542406082
ONE,R04,testing,15,301,1,1.0,1.0,0.8819822938382925,0.7338626034624628,0.04992097616195679
ONE,R04,testing,15,302,1,1.0,1.0,0.8819822938382925,0.7314890377062534,0.04800613597035408
ONE,R04,testing,15,303,1,1.0,1.0,0.8819822938382925,0.7291025198422754,0.052381280809640884
ONE,R04,testing,15,304,1,1.0,1.0,0.8176115364082563,0.6736653854058491,0.0497606135904789
ONE,R04,testing,15,305,1,1.0,1.0,0.8176115364082563,0.6714295249146928,0.04902460426092148
ONE,R04,testing,15,306,1,1.0,1.0,0.8176115364082563,0.6691821514590016,0.05332838371396065
ONE,R04,testing,15,307,1,1.0,1.0,0.8176115364082563,0.6669234305311627,0.047466009855270386
ONE,R04,testing,15,308,1,1.0,1.0,0.8176115364082563,0.6646535280288448,0.05019873380661011
ONE,R04,testing,15,309,1,1.0,1.0,0.8176115364082563,0.6623726102348871,0.05389250069856644
ONE,R04,testing,15,310,1,1.0,1.0,0.8176115364082563,0.6600808437972022,0.06034443899989128
ONE,R04,testing,15,311,1,1.0,1.0,0.8176115364082563,0.6577783957086957,0.05679359659552574
ONE,R04,testing,15,312,1,1.0,1.0,0.8176115364082563,0.6554654332872064,0.056073956191539764
ONE,R04,testing,15,313,1,1.0,1.0,0.8176115364082563,0.653142124155471,0.05623377114534378
ONE,R04,testing,15,314,1,1.0,1.0,0.8176115364082563,0.6508086362211148,0.05632919818162918
ONE,R04,testing,15,315,1,1.0,1.0,0.8176115364082563,0.6484651376566736,0.054615914821624756
ONE,R04,testing,15,316,1,1.0,1.0,0.8176115364082563,0.6461117968796487,0.054643843322992325
ONE,R04,testing,15,317,1,1.0,1.0,0.8176115364082563,0.6437487825325996,0.05387314409017563
ONE,R04,testing,15,318,1,1.0,1.0,0.8176115364082563,0.6413762634632764,0.051136769354343414
ONE,R04,testing,15,319,1,1.0,1.0,0.8176115364082563,0.6389944087047952,0.052518002688884735
ONE,R04,testing,15,320,1,1.0,1.0,0.7502779307730125,0.5841765324908285,0.05346659570932388
ONE,R04,testing,15,321,1,1.0,1.0,0.7502779307730125,0.581974165284767,0.056389693170785904
ONE,R04,testing,15,322,1,1.0,1.0,0.7502779307730125,0.5797636973982009,0.04780261218547821
ONE,R04,testing,15,323,1,1.0,1.0,0.7502779307730125,0.5775452844430744,0.05285022407770157
ONE,R04,testing,15,324,1,1.0,1.0,0.7502779307730125,0.5753190821111744,0.0500553622841835
ONE,R04,testing,15,325,1,1.0,1.0,0.7502779307730125,0.5730852461562387,0.05343060567975044
ONE,R04,testing,15,326,1,1.0,1.0,0.7502779307730125,0.5708439323761241,0.05512281134724617
ONE,R04,testing,15,327,1,1.0,1.0,0.7502779307730125,0.5685952965950385,0.05365767329931259
ONE,R04,testing,15,328,1,1.0,1.0,0.7502779307730125,0.5663394946458368,0.052633121609687805
ONE,R04,testing,15,329,1,1.0,1.0,0.7502779307730125,0.5640766823523858,0.048250384628772736
ONE,R04,testing,15,330,1,1.0,1.0,0.7502779307730125,0.561807015512001,0.0470782108604908
ONE,R04,testing,15,331,1,1.0,1.0,0.7502779307730125,0.559530649877955,0.04665977880358696
ONE,R04,testing,15,332,1,1.0,1.0,0.7502779307730125,0.5572477411420642,0.04731662943959236
ONE,R04,testing,15,333,1,1.0,1.0,0.7502779307730125,0.5549584449173537,0.04848863556981087
ONE,R04,testing,15,334,1,1.0,1.0,0.7502779307730125,0.5526629167208035,0.04829375445842743
ONE,R04,testing,15,335,1,1.0,1.0,0.7502779307730125,0.5503613119561797,0.04643593728542328
ONE,R04,testing,15,336,1,1.0,1.0,0.6805459217126126,0.49711680641739,0.04597406089305878
ONE,R04,testing,15,337,1,1.0,1.0,0.6805459217126126,0.4950185152019773,0.048894401639699936
ONE,R04,testing,15,338,1,1.0,1.0,0.6805459217126126,0.4929151342944655,0.05079015716910362
ONE,R04,testing,15,339,1,1.0,1.0,0.6805459217126126,0.49080680409025573,0.051685791462659836
ONE,R04,testing,15,340,1,1.0,1.0,0.6805459217126126,0.4886936648054162,0.052734941244125366
ONE,R04,testing,15,341,1,1.0,1.0,0.6805459217126126,0.48657585646161405,0.04863259568810463
ONE,R04,testing,15,342,1,1.0,1.0,0.6805459217126126,0.4844535188711404,0.04882712662220001
ONE,R04,testing,15,343,1,1.0,1.0,0.6805459217126126,0.4823267916220291,0.04711993411183357
ONE,R04,testing,15,344,1,1.0,1.0,0.6805459217126126,0.48019581406327233,0.05047371983528137
ONE,R04,testing,15,345,1,1.0,1.0,0.6805459217126126,0.47806072529013416,0.04713153839111328
ONE,R04,testing,15,346,1,1.0,1.0,0.6805459217126126,0.4759216641295646,0.049341630190610886
ONE,R04,testing,15,347,1,1.0,1.0,0.6805459217126126,0.47377876912571704,0.05555567517876625
ONE,R04,testing,15,348,1,1.0,1.0,0.6805459217126126,0.47163217852556844,0.055139001458883286
ONE,R04,testing,15,349,1,1.0,1.0,0.6805459217126126,0.4694820302646483,0.05500182509422302
ONE,R04,testing,15,350,1,1.0,1.0,0.6805459217126126,0.46732846195287403,0.05430259183049202
ONE,R04,testing,15,351,1,1.0,1.0,0.6805459217126126,0.4651716108604976,0.05281402915716171
ONE,R04,testing,15,352,1,1.0,1.0,0.6090486384384382,0.4143682065125936,0.04688544571399689
ONE,R04,testing,15,353,1,1.0,1.0,0.6090486384384382,0.4124324429111913,0.045137032866477966
ONE,R04,testing,15,354,1,1.0,1.0,0.6090486384384382,0.41049410801222214,0.04216887056827545
ONE,R04,testing,15,355,1,1.0,1.0,0.6090486384384382,0.40855332332484146,0.04096906632184982
ONE,R04,testing,15,356,1,1.0,1.0,0.6090486384384382,0.40661020999287784,0.040131375193595886
ONE,R04,testing,15,357,1,1.0,1.0,0.6090486384384382,0.40466488878288276,0.04050489142537117
ONE,R04,testing,15,358,1,1.0,1.0,0.6090486384384382,0.4027174800722901,0.03949405997991562
ONE,R04,testing,15,359,1,1.0,1.0,0.6090486384384382,0.400768103837687,0.03966158255934715
ONE,R04,testing,15,360,1,1.0,1.0,0.6090486384384382,0.39881687964319806,0.03951345756649971
ONE,R04,testing,15,361,1,1.0,1.0,0.6090486384384382,0.39686392662898323,0.03916172683238983
ONE,R04,testing,15,362,1,1.0,1.0,0.6090486384384382,0.3949093634998516,0.039777763187885284
ONE,R04,testing,15,363,1,1.0,1.0,0.6090486384384382,0.39295330851399213,0.040485404431819916
ONE,R04,testing,15,364,1,1.0,1.0,0.6090486384384382,0.3909958794718232,0.04108818992972374
ONE,R04,testing,15,365,1,1.0,1.0,0.6090486384384382,0.3890371937049608,0.039660919457674026
ONE,R04,testing,15,366,1,1.0,1.0,0.6090486384384382,0.3870773680653091,0.040621522814035416
