condition,video_id,center,raw_score
RANDOM,R01/training/03,0,0.6369616873214543
RANDOM,R01/training/03,16,0.2697867137638703
RANDOM,R01/training/03,32,0.04097352393619469
RANDOM,R01/training/03,48,0.016527635528529094
RANDOM,R01/training/03,64,0.8132702392002724
RANDOM,R01/training/03,80,0.9127555772777217
RANDOM,R01/training/03,96,0.6066357757671799
RANDOM,R01/training/03,112,0.7294965609839984
RANDOM,R01/training/03,128,0.5436249914654229
RANDOM,R01/training/03,144,0.9350724237877682
RANDOM,R01/training/03,160,0.8158535541215322
RANDOM,R01/training/03,176,0.002738500170148095
RANDOM,R01/training/03,192,0.8574042765875693
ZERO,R01/training/03,0,0.0
ZERO,R01/training/03,16,0.0
ZERO,R01/training/03,32,0.0
ZERO,R01/training/03,48,0.0
ZERO,R01/training/03,64,0.0
ZERO,R01/training/03,80,0.0
ZERO,R01/training/03,96,0.0
ZERO,R01/training/03,112,0.0
ZERO,R01/training/03,128,0.0
ZERO,R01/training/03,144,0.0
ZERO,R01/training/03,160,0.0
ZERO,R01/training/03,176,0.0
ZERO,R01/training/03,192,0.0
ONE,R01/training/03,0,1.0
ONE,R01/training/03,16,1.0
ONE,R01/training/03,32,1.0
ONE,R01/training/03,48,1.0
ONE,R01/training/03,64,1.0
ONE,R01/training/03,80,1.0
ONE,R01/training/03,96,1.0
ONE,R01/training/03,112,1.0
ONE,R01/training/03,128,1.0
ONE,R01/training/03,144,1.0
ONE,R01/training/03,160,1.0
ONE,R01/training/03,176,1.0
ONE,R01/training/03,192,1.0
ORACLE,R01/training/03,0,0.0
ORACLE,R01/training/03,16,0.0
ORACLE,R01/training/03,32,0.0
ORACLE,R01/training/03,48,0.0
ORACLE,R01/training/03,64,0.0
ORACLE,R01/training/03,80,0.0
ORACLE,R01/training/03,96,0.0
ORACLE,R01/training/03,112,0.0
ORACLE,R01/training/03,128,0.0
ORACLE,R01/training/03,144,0.0
ORACLE,R01/training/03,160,0.0
ORACLE,R01/training/03,176,0.0
ORACLE,R01/training/03,192,0.0
RANDOM,R01/training/04,0,0.033585575305464355
RANDOM,R01/training/04,16,0.7296554464299441
RANDOM,R01/training/04,32,0.17565562060255901
RANDOM,R01/training/04,48,0.8631789223498866
RANDOM,R01/training/04,64,0.5414612202490917
RANDOM,R01/training/04,80,0.2997118905373848
RANDOM,R01/training/04,96,0.42268722119765845
RANDOM,R01/training/04,112,0.028319671145462966
RANDOM,R01/training/04,128,0.12428327649956394
RANDOM,R01/training/04,144,0.6706244146936303
RANDOM,R01/training/04,160,0.6471895115742501
RANDOM,R01/training/04,176,0.6153851114812539
RANDOM,R01/training/04,192,0.38367755426188344
RANDOM,R01/training/04,208,0.997209935789211
RANDOM,R01/training/04,224,0.9808353387762301
ZERO,R01/training/04,0,0.0
ZERO,R01/training/04,16,0.0
ZERO,R01/training/04,32,0.0
ZERO,R01/training/04,48,0.0
ZERO,R01/training/04,64,0.0
ZERO,R01/training/04,80,0.0
ZERO,R01/training/04,96,0.0
ZERO,R01/training/04,112,0.0
ZERO,R01/training/04,128,0.0
ZERO,R01/training/04,144,0.0
ZERO,R01/training/04,160,0.0
ZERO,R01/training/04,176,0.0
ZERO,R01/training/04,192,0.0
ZERO,R01/training/04,208,0.0
ZERO,R01/training/04,224,0.0
ONE,R01/training/04,0,1.0
ONE,R01/training/04,16,1.0
ONE,R01/training/04,32,1.0
ONE,R01/training/04,48,1.0
ONE,R01/training/04,64,1.0
ONE,R01/training/04,80,1.0
ONE,R01/training/04,96,1.0
ONE,R01/training/04,112,1.0
ONE,R01/training/04,128,1.0
ONE,R01/training/04,144,1.0
ONE,R01/training/04,160,1.0
ONE,R01/training/04,176,1.0
ONE,R01/training/04,192,1.0
ONE,R01/training/04,208,1.0
ONE,R01/training/04,224,1.0
ORACLE,R01/training/04,0,0.0
ORACLE,R01/training/04,16,0.0
ORACLE,R01/training/04,32,0.0
ORACLE,R01/training/04,48,0.0
ORACLE,R01/training/04,64,0.0
ORACLE,R01/training/04,80,0.0
ORACLE,R01/training/04,96,0.0
ORACLE,R01/training/04,112,0.0
ORACLE,R01/training/04,128,0.0
ORACLE,R01/training/04,144,0.0
ORACLE,R01/training/04,160,0.0
ORACLE,R01/training/04,176,0.0
ORACLE,R01/training/04,192,0.0
ORACLE,R01/training/04,208,0.0
ORACLE,R01/training/04,224,0.0
RANDOM,R01/training/05,0,0.6855419844806947
RANDOM,R01/training/05,16,0.6504592762678163
RANDOM,R01/training/05,32,0.6884467305709401
RANDOM,R01/training/05,48,0.3889214239791038
RANDOM,R01/training/05,64,0.13509650502241122
RANDOM,R01/training/05,80,0.7214883401940817
RANDOM,R01/training/05,96,0.5253543224757259
RANDOM,R01/training/05,112,0.31024187555895566
RANDOM,R01/training/05,128,0.4858353588317891
RANDOM,R01/training/05,144,0.8894878343490003
RANDOM,R01/training/05,160,0.9340435159562497
RANDOM,R01/training/05,176,0.35779519670907023
RANDOM,R01/training/05,192,0.5715298307297609
RANDOM,R01/training/05,208,0.32186939107594215
RANDOM,R01/training/05,224,0.5943000301996968
ZERO,R01/training/05,0,0.0
ZERO,R01/training/05,16,0.0
ZERO,R01/training/05,32,0.0
ZERO,R01/training/05,48,0.0
ZERO,R01/training/05,64,0.0
ZERO,R01/training/05,80,0.0
ZERO,R01/training/05,96,0.0
ZERO,R01/training/05,112,0.0
ZERO,R01/training/05,128,0.0
ZERO,R01/training/05,144,0.0
ZERO,R01/training/05,160,0.0
ZERO,R01/training/05,176,0.0
ZERO,R01/training/05,192,0.0
ZERO,R01/training/05,208,0.0
ZERO,R01/training/05,224,0.0
ONE,R01/training/05,0,1.0
ONE,R01/training/05,16,1.0
ONE,R01/training/05,32,1.0
ONE,R01/training/05,48,1.0
ONE,R01/training/05,64,1.0
ONE,R01/training/05,80,1.0
ONE,R01/training/05,96,1.0
ONE,R01/training/05,112,1.0
ONE,R01/training/05,128,1.0
ONE,R01/training/05,144,1.0
ONE,R01/training/05,160,1.0
ONE,R01/training/05,176,1.0
ONE,R01/training/05,192,1.0
ONE,R01/training/05,208,1.0
ONE,R01/training/05,224,1.0
ORACLE,R01/training/05,0,0.0
ORACLE,R01/training/05,16,0.0
ORACLE,R01/training/05,32,0.0
ORACLE,R01/training/05,48,0.0
ORACLE,R01/training/05,64,0.0
ORACLE,R01/training/05,80,0.0
ORACLE,R01/training/05,96,0.0
ORACLE,R01/training/05,112,0.0
ORACLE,R01/training/05,128,0.0
ORACLE,R01/training/05,144,0.0
ORACLE,R01/training/05,160,0.0
ORACLE,R01/training/05,176,0.0
ORACLE,R01/training/05,192,0.0
ORACLE,R01/training/05,208,0.0
ORACLE,R01/training/05,224,0.0
RANDOM,R01/training/22,0,0.33791122550713326
RANDOM,R01/training/22,16,0.39161900052816123
RANDOM,R01/training/22,32,0.8902743520047923
RANDOM,R01/training/22,48,0.22715759353337972
RANDOM,R01/training/22,64,0.6231871446860424
RANDOM,R01/training/22,80,0.08401534358238483
RANDOM,R01/training/22,96,0.8326441476533978
RANDOM,R01/training/22,112,0.7870983074886834
RANDOM,R01/training/22,128,0.23936944299295215
RANDOM,R01/training/22,144,0.8764842308107038
RANDOM,R01/training/22,160,0.05856803480519435
RANDOM,R01/training/22,176,0.3361170605456604
RANDOM,R01/training/22,192,0.15027946689483906
RANDOM,R01/training/22,208,0.450339366649287
RANDOM,R01/training/22,224,0.7963242702872942
ZERO,R01/training/22,0,0.0
ZERO,R01/training/22,16,0.0
ZERO,R01/training/22,32,0.0
ZERO,R01/training/22,48,0.0
ZERO,R01/training/22,64,0.0
ZERO,R01/training/22,80,0.0
ZERO,R01/training/22,96,0.0
ZERO,R01/training/22,112,0.0
ZERO,R01/training/22,128,0.0
ZERO,R01/training/22,144,0.0
ZERO,R01/training/22,160,0.0
ZERO,R01/training/22,176,0.0
ZERO,R01/training/22,192,0.0
ZERO,R01/training/22,208,0.0
ZERO,R01/training/22,224,0.0
ONE,R01/training/22,0,1.0
ONE,R01/training/22,16,1.0
ONE,R01/training/22,32,1.0
ONE,R01/training/22,48,1.0
ONE,R01/training/22,64,1.0
ONE,R01/training/22,80,1.0
ONE,R01/training/22,96,1.0
ONE,R01/training/22,112,1.0
ONE,R01/training/22,128,1.0
ONE,R01/training/22,144,1.0
ONE,R01/training/22,160,1.0
ONE,R01/training/22,176,1.0
ONE,R01/training/22,192,1.0
ONE,R01/training/22,208,1.0
ONE,R01/training/22,224,1.0
ORACLE,R01/training/22,0,0.0
ORACLE,R01/training/22,16,0.0
ORACLE,R01/training/22,32,0.0
ORACLE,R01/training/22,48,0.0
ORACLE,R01/training/22,64,0.0
ORACLE,R01/training/22,80,0.0
ORACLE,R01/training/22,96,0.0
ORACLE,R01/training/22,112,0.0
ORACLE,R01/training/22,128,0.0
ORACLE,R01/training/22,144,0.0
ORACLE,R01/training/22,160,0.0
ORACLE,R01/training/22,176,0.0
ORACLE,R01/training/22,192,0.0
ORACLE,R01/training/22,208,0.0
ORACLE,R01/training/22,224,0.0
RANDOM,R01/training/25,0,0.23064220899374743
RANDOM,R01/training/25,16,0.05202130106440961
RANDOM,R01/training/25,32,0.4045518398215282
RANDOM,R01/training/25,48,0.19851304450925533
RANDOM,R01/training/25,64,0.0907530456191219
RANDOM,R01/training/25,80,0.5803323859868507
RANDOM,R01/training/25,96,0.2986961328189226
RANDOM,R01/training/25,112,0.6719948779563594
RANDOM,R01/training/25,128,0.1995154439682133
RANDOM,R01/training/25,144,0.9421131105064978
RANDOM,R01/training/25,160,0.36511016824482856
RANDOM,R01/training/25,176,0.10549527957022953
RANDOM,R01/training/25,192,0.6291081515397092
RANDOM,R01/training/25,208,0.9271545530678674
RANDOM,R01/training/25,224,0.440377154715784
ZERO,R01/training/25,0,0.0
ZERO,R01/training/25,16,0.0
ZERO,R01/training/25,32,0.0
ZERO,R01/training/25,48,0.0
ZERO,R01/training/25,64,0.0
ZERO,R01/training/25,80,0.0
ZERO,R01/training/25,96,0.0
ZERO,R01/training/25,112,0.0
ZERO,R01/training/25,128,0.0
ZERO,R01/training/25,144,0.0
ZERO,R01/training/25,160,0.0
ZERO,R01/training/25,176,0.0
ZERO,R01/training/25,192,0.0
ZERO,R01/training/25,208,0.0
ZERO,R01/training/25,224,0.0
ONE,R01/training/25,0,1.0
ONE,R01/training/25,16,1.0
ONE,R01/training/25,32,1.0
ONE,R01/training/25,48,1.0
ONE,R01/training/25,64,1.0
ONE,R01/training/25,80,1.0
ONE,R01/training/25,96,1.0
ONE,R01/training/25,112,1.0
ONE,R01/training/25,128,1.0
ONE,R01/training/25,144,1.0
ONE,R01/training/25,160,1.0
ONE,R01/training/25,176,1.0
ONE,R01/training/25,192,1.0
ONE,R01/training/25,208,1.0
ONE,R01/training/25,224,1.0
ORACLE,R01/training/25,0,0.0
ORACLE,R01/training/25,16,0.0
ORACLE,R01/training/25,32,0.0
ORACLE,R01/training/25,48,0.0
ORACLE,R01/training/25,64,0.0
ORACLE,R01/training/25,80,0.0
ORACLE,R01/training/25,96,0.0
ORACLE,R01/training/25,112,0.0
ORACLE,R01/training/25,128,0.0
ORACLE,R01/training/25,144,0.0
ORACLE,R01/training/25,160,0.0
ORACLE,R01/training/25,176,0.0
ORACLE,R01/training/25,192,0.0
ORACLE,R01/training/25,208,0.0
ORACLE,R01/training/25,224,0.0
RANDOM,R01/training/27,0,0.9545904936907372
RANDOM,R01/training/27,16,0.499895813687647
RANDOM,R01/training/27,32,0.42522862484907553
RANDOM,R01/training/27,48,0.6202134520153778
RANDOM,R01/training/27,64,0.9950965052353241
RANDOM,R01/training/27,80,0.9489436749377653
RANDOM,R01/training/27,96,0.4600451393090961
RANDOM,R01/training/27,112,0.7577288453082914
RANDOM,R01/training/27,128,0.49742269548761897
RANDOM,R01/training/27,144,0.5293121601967704
RANDOM,R01/training/27,160,0.7857857007138075
RANDOM,R01/training/27,176,0.4146558493556708
RANDOM,R01/training/27,192,0.7344835717887294
RANDOM,R01/training/27,208,0.7111428779897498
RANDOM,R01/training/27,224,0.9320596866133782
ZERO,R01/training/27,0,0.0
ZERO,R01/training/27,16,0.0
ZERO,R01/training/27,32,0.0
ZERO,R01/training/27,48,0.0
ZERO,R01/training/27,64,0.0
ZERO,R01/training/27,80,0.0
ZERO,R01/training/27,96,0.0
ZERO,R01/training/27,112,0.0
ZERO,R01/training/27,128,0.0
ZERO,R01/training/27,144,0.0
ZERO,R01/training/27,160,0.0
ZERO,R01/training/27,176,0.0
ZERO,R01/training/27,192,0.0
ZERO,R01/training/27,208,0.0
ZERO,R01/training/27,224,0.0
ONE,R01/training/27,0,1.0
ONE,R01/training/27,16,1.0
ONE,R01/training/27,32,1.0
ONE,R01/training/27,48,1.0
ONE,R01/training/27,64,1.0
ONE,R01/training/27,80,1.0
ONE,R01/training/27,96,1.0
ONE,R01/training/27,112,1.0
ONE,R01/training/27,128,1.0
ONE,R01/training/27,144,1.0
ONE,R01/training/27,160,1.0
ONE,R01/training/27,176,1.0
ONE,R01/training/27,192,1.0
ONE,R01/training/27,208,1.0
ONE,R01/training/27,224,1.0
ORACLE,R01/training/27,0,0.0
ORACLE,R01/training/27,16,0.0
ORACLE,R01/training/27,32,0.0
ORACLE,R01/training/27,48,0.0
ORACLE,R01/training/27,64,0.0
ORACLE,R01/training/27,80,0.0
ORACLE,R01/training/27,96,0.0
ORACLE,R01/training/27,112,0.0
ORACLE,R01/training/27,128,0.0
ORACLE,R01/training/27,144,0.0
ORACLE,R01/training/27,160,0.0
ORACLE,R01/training/27,176,0.0
ORACLE,R01/training/27,192,0.0
ORACLE,R01/training/27,208,0.0
ORACLE,R01/training/27,224,0.0
RANDOM,R01/training/28,0,0.1149326332809052
RANDOM,R01/training/28,16,0.7290151170763094
RANDOM,R01/training/28,32,0.9274239286245599
RANDOM,R01/training/28,48,0.9679261899246464
RANDOM,R01/training/28,64,0.014706304965369288
RANDOM,R01/training/28,80,0.8636400902455758
RANDOM,R01/training/28,96,0.9811950400663443
RANDOM,R01/training/28,112,0.9572101796109636
RANDOM,R01/training/28,128,0.1487640122324979
RANDOM,R01/training/28,144,0.972628813822955
RANDOM,R01/training/28,160,0.8899355557205206
RANDOM,R01/training/28,176,0.8223738275430704
RANDOM,R01/training/28,192,0.4799879238078322
RANDOM,R01/training/28,208,0.23237291963930384
RANDOM,R01/training/28,224,0.8018805787183079
ZERO,R01/training/28,0,0.0
ZERO,R01/training/28,16,0.0
ZERO,R01/training/28,32,0.0
ZERO,R01/training/28,48,0.0
ZERO,R01/training/28,64,0.0
ZERO,R01/training/28,80,0.0
ZERO,R01/training/28,96,0.0
ZERO,R01/training/28,112,0.0
ZERO,R01/training/28,128,0.0
ZERO,R01/training/28,144,0.0
ZERO,R01/training/28,160,0.0
ZERO,R01/training/28,176,0.0
ZERO,R01/training/28,192,0.0
ZERO,R01/training/28,208,0.0
ZERO,R01/training/28,224,0.0
ONE,R01/training/28,0,1.0
ONE,R01/training/28,16,1.0
ONE,R01/training/28,32,1.0
ONE,R01/training/28,48,1.0
ONE,R01/training/28,64,1.0
ONE,R01/training/28,80,1.0
ONE,R01/training/28,96,1.0
ONE,R01/training/28,112,1.0
ONE,R01/training/28,128,1.0
ONE,R01/training/28,144,1.0
ONE,R01/training/28,160,1.0
ONE,R01/training/28,176,1.0
ONE,R01/training/28,192,1.0
ONE,R01/training/28,208,1.0
ONE,R01/training/28,224,1.0
ORACLE,R01/training/28,0,0.0
ORACLE,R01/training/28,16,0.0
ORACLE,R01/training/28,32,0.0
ORACLE,R01/training/28,48,0.0
ORACLE,R01/training/28,64,0.0
ORACLE,R01/training/28,80,0.0
ORACLE,R01/training/28,96,0.0
ORACLE,R01/training/28,112,0.0
ORACLE,R01/training/28,128,0.0
ORACLE,R01/training/28,144,0.0
ORACLE,R01/training/28,160,0.0
ORACLE,R01/training/28,176,0.0
ORACLE,R01/training/28,192,0.0
ORACLE,R01/training/28,208,0.0
ORACLE,R01/training/28,224,0.0
RANDOM,R02/training/05,0,0.9235301597834695
RANDOM,R02/training/05,16,0.2661302722922926
RANDOM,R02/training/05,32,0.5389344076221869
RANDOM,R02/training/05,48,0.4427528289745315
RANDOM,R02/training/05,64,0.931017315981155
RANDOM,R02/training/05,80,0.040510711188434634
RANDOM,R02/training/05,96,0.7320061956565608
RANDOM,R02/training/05,112,0.6143732469489966
RANDOM,R02/training/05,128,0.028365365113521057
RANDOM,R02/training/05,144,0.7192197728267403
RANDOM,R02/training/05,160,0.015991729523571974
RANDOM,R02/training/05,176,0.7579510023564281
RANDOM,R02/training/05,192,0.512758723262078
RANDOM,R02/training/05,208,0.9291042207970062
RANDOM,R02/training/05,224,0.06608249672407474
RANDOM,R02/training/05,240,0.8413172796123832
RANDOM,R02/training/05,256,0.0666900087671014
RANDOM,R02/training/05,272,0.34430997880412517
RANDOM,R02/training/05,288,0.4302987319478333
RANDOM,R02/training/05,304,0.9660620807840702
RANDOM,R02/training/05,320,0.562231842228457
RANDOM,R02/training/05,336,0.25886459317093224
RANDOM,R02/training/05,352,0.24167571409434496
RANDOM,R02/training/05,368,0.8881183206591798
RANDOM,R02/training/05,384,0.22586942841732438
RANDOM,R02/training/05,400,0.1245547058352835
RANDOM,R02/training/05,416,0.2883307570075776
RANDOM,R02/training/05,432,0.5861230648127328
RANDOM,R02/training/05,448,0.5540905021732678
RANDOM,R02/training/05,464,0.8097107759127777
RANDOM,R02/training/05,480,0.5604759520061858
RANDOM,R02/training/05,496,0.2884212144312105
RANDOM,R02/training/05,512,0.4128963426808927
RANDOM,R02/training/05,528,0.8181209709709104
RANDOM,R02/training/05,544,0.6265064624197535
RANDOM,R02/training/05,560,0.9590776426974422
RANDOM,R02/training/05,576,0.3694044110916809
RANDOM,R02/training/05,592,0.5526115105212872
ZERO,R02/training/05,0,0.0
ZERO,R02/training/05,16,0.0
ZERO,R02/training/05,32,0.0
ZERO,R02/training/05,48,0.0
ZERO,R02/training/05,64,0.0
ZERO,R02/training/05,80,0.0
ZERO,R02/training/05,96,0.0
ZERO,R02/training/05,112,0.0
ZERO,R02/training/05,128,0.0
ZERO,R02/training/05,144,0.0
ZERO,R02/training/05,160,0.0
ZERO,R02/training/05,176,0.0
ZERO,R02/training/05,192,0.0
ZERO,R02/training/05,208,0.0
ZERO,R02/training/05,224,0.0
ZERO,R02/training/05,240,0.0
ZERO,R02/training/05,256,0.0
ZERO,R02/training/05,272,0.0
ZERO,R02/training/05,288,0.0
ZERO,R02/training/05,304,0.0
ZERO,R02/training/05,320,0.0
ZERO,R02/training/05,336,0.0
ZERO,R02/training/05,352,0.0
ZERO,R02/training/05,368,0.0
ZERO,R02/training/05,384,0.0
ZERO,R02/training/05,400,0.0
ZERO,R02/training/05,416,0.0
ZERO,R02/training/05,432,0.0
ZERO,R02/training/05,448,0.0
ZERO,R02/training/05,464,0.0
ZERO,R02/training/05,480,0.0
ZERO,R02/training/05,496,0.0
ZERO,R02/training/05,512,0.0
ZERO,R02/training/05,528,0.0
ZERO,R02/training/05,544,0.0
ZERO,R02/training/05,560,0.0
ZERO,R02/training/05,576,0.0
ZERO,R02/training/05,592,0.0
ONE,R02/training/05,0,1.0
ONE,R02/training/05,16,1.0
ONE,R02/training/05,32,1.0
ONE,R02/training/05,48,1.0
ONE,R02/training/05,64,1.0
ONE,R02/training/05,80,1.0
ONE,R02/training/05,96,1.0
ONE,R02/training/05,112,1.0
ONE,R02/training/05,128,1.0
ONE,R02/training/05,144,1.0
ONE,R02/training/05,160,1.0
ONE,R02/training/05,176,1.0
ONE,R02/training/05,192,1.0
ONE,R02/training/05,208,1.0
ONE,R02/training/05,224,1.0
ONE,R02/training/05,240,1.0
ONE,R02/training/05,256,1.0
ONE,R02/training/05,272,1.0
ONE,R02/training/05,288,1.0
ONE,R02/training/05,304,1.0
ONE,R02/training/05,320,1.0
ONE,R02/training/05,336,1.0
ONE,R02/training/05,352,1.0
ONE,R02/training/05,368,1.0
ONE,R02/training/05,384,1.0
ONE,R02/training/05,400,1.0
ONE,R02/training/05,416,1.0
ONE,R02/training/05,432,1.0
ONE,R02/training/05,448,1.0
ONE,R02/training/05,464,1.0
ONE,R02/training/05,480,1.0
ONE,R02/training/05,496,1.0
ONE,R02/training/05,512,1.0
ONE,R02/training/05,528,1.0
ONE,R02/training/05,544,1.0
ONE,R02/training/05,560,1.0
ONE,R02/training/05,576,1.0
ONE,R02/training/05,592,1.0
ORACLE,R02/training/05,0,0.0
ORACLE,R02/training/05,16,0.0
ORACLE,R02/training/05,32,0.0
ORACLE,R02/training/05,48,0.0
ORACLE,R02/training/05,64,0.0
ORACLE,R02/training/05,80,0.0
ORACLE,R02/training/05,96,0.0
ORACLE,R02/training/05,112,0.0
ORACLE,R02/training/05,128,0.0
ORACLE,R02/training/05,144,0.0
ORACLE,R02/training/05,160,0.0
ORACLE,R02/training/05,176,0.0
ORACLE,R02/training/05,192,0.0
ORACLE,R02/training/05,208,0.0
ORACLE,R02/training/05,224,0.0
ORACLE,R02/training/05,240,0.0
ORACLE,R02/training/05,256,0.0
ORACLE,R02/training/05,272,0.0
ORACLE,R02/training/05,288,0.0
ORACLE,R02/training/05,304,0.0
ORACLE,R02/training/05,320,0.0
ORACLE,R02/training/05,336,0.0
ORACLE,R02/training/05,352,0.0
ORACLE,R02/training/05,368,0.0
ORACLE,R02/training/05,384,0.0
ORACLE,R02/training/05,400,0.0
ORACLE,R02/training/05,416,0.0
ORACLE,R02/training/05,432,0.0
ORACLE,R02/training/05,448,0.0
ORACLE,R02/training/05,464,0.0
ORACLE,R02/training/05,480,0.0
ORACLE,R02/training/05,496,0.0
ORACLE,R02/training/05,512,0.0
ORACLE,R02/training/05,528,0.0
ORACLE,R02/training/05,544,0.0
ORACLE,R02/training/05,560,0.0
ORACLE,R02/training/05,576,0.0
ORACLE,R02/training/05,592,0.0
RANDOM,R02/training/09,0,0.5939242016131683
RANDOM,R02/training/09,16,0.84829120827506
RANDOM,R02/training/09,32,0.14547353818653175
RANDOM,R02/training/09,48,0.40651033674812664
RANDOM,R02/training/09,64,0.909958961662297
RANDOM,R02/training/09,80,0.043066888568204176
RANDOM,R02/training/09,96,0.8227062801815019
RANDOM,R02/training/09,112,0.41538403737122465
RANDOM,R02/training/09,128,0.8298039852781027
RANDOM,R02/training/09,144,0.009954560807291957
RANDOM,R02/training/09,160,0.36504615775827065
RANDOM,R02/training/09,176,0.07863003716563988
RANDOM,R02/training/09,192,0.6526145763366384
RANDOM,R02/training/09,208,0.2738490985995572
RANDOM,R02/training/09,224,0.7026520706597863
RANDOM,R02/training/09,240,0.9438014269420908
RANDOM,R02/training/09,256,0.12681710226124776
RANDOM,R02/training/09,272,0.8647782954007741
RANDOM,R02/training/09,288,0.059464151600338466
RANDOM,R02/training/09,304,0.38077050831088943
RANDOM,R02/training/09,320,0.42977406117857664
RANDOM,R02/training/09,336,0.48884954683346427
RANDOM,R02/training/09,352,0.9764623219360445
RANDOM,R02/training/09,368,0.7756911881018284
RANDOM,R02/training/09,384,0.308857362719261
RANDOM,R02/training/09,400,0.26983678550080015
RANDOM,R02/training/09,416,0.8631202041893178
RANDOM,R02/training/09,432,0.8813071727376899
RANDOM,R02/training/09,448,0.5107065055436453
RANDOM,R02/training/09,464,0.34429573096232524
RANDOM,R02/training/09,480,0.9949173481609178
RANDOM,R02/training/09,496,0.3159435453677002
RANDOM,R02/training/09,512,0.18271237892656245
RANDOM,R02/training/09,528,0.8800981213040697
RANDOM,R02/training/09,544,0.812335398111254
RANDOM,R02/training/09,560,0.6678894055713512
RANDOM,R02/training/09,576,0.9584136317779519
RANDOM,R02/training/09,592,0.9257145772144187
ZERO,R02/training/09,0,0.0
ZERO,R02/training/09,16,0.0
ZERO,R02/training/09,32,0.0
ZERO,R02/training/09,48,0.0
ZERO,R02/training/09,64,0.0
ZERO,R02/training/09,80,0.0
ZERO,R02/training/09,96,0.0
ZERO,R02/training/09,112,0.0
ZERO,R02/training/09,128,0.0
ZERO,R02/training/09,144,0.0
ZERO,R02/training/09,160,0.0
ZERO,R02/training/09,176,0.0
ZERO,R02/training/09,192,0.0
ZERO,R02/training/09,208,0.0
ZERO,R02/training/09,224,0.0
ZERO,R02/training/09,240,0.0
ZERO,R02/training/09,256,0.0
ZERO,R02/training/09,272,0.0
ZERO,R02/training/09,288,0.0
ZERO,R02/training/09,304,0.0
ZERO,R02/training/09,320,0.0
ZERO,R02/training/09,336,0.0
ZERO,R02/training/09,352,0.0
ZERO,R02/training/09,368,0.0
ZERO,R02/training/09,384,0.0
ZERO,R02/training/09,400,0.0
ZERO,R02/training/09,416,0.0
ZERO,R02/training/09,432,0.0
ZERO,R02/training/09,448,0.0
ZERO,R02/training/09,464,0.0
ZERO,R02/training/09,480,0.0
ZERO,R02/training/09,496,0.0
ZERO,R02/training/09,512,0.0
ZERO,R02/training/09,528,0.0
ZERO,R02/training/09,544,0.0
ZERO,R02/training/09,560,0.0
ZERO,R02/training/09,576,0.0
ZERO,R02/training/09,592,0.0
ONE,R02/training/09,0,1.0
ONE,R02/training/09,16,1.0
ONE,R02/training/09,32,1.0
ONE,R02/training/09,48,1.0
ONE,R02/training/09,64,1.0
ONE,R02/training/09,80,1.0
ONE,R02/training/09,96,1.0
ONE,R02/training/09,112,1.0
ONE,R02/training/09,128,1.0
ONE,R02/training/09,144,1.0
ONE,R02/training/09,160,1.0
ONE,R02/training/09,176,1.0
ONE,R02/training/09,192,1.0
ONE,R02/training/09,208,1.0
ONE,R02/training/09,224,1.0
ONE,R02/training/09,240,1.0
ONE,R02/training/09,256,1.0
ONE,R02/training/09,272,1.0
ONE,R02/training/09,288,1.0
ONE,R02/training/09,304,1.0
ONE,R02/training/09,320,1.0
ONE,R02/training/09,336,1.0
ONE,R02/training/09,352,1.0
ONE,R02/training/09,368,1.0
ONE,R02/training/09,384,1.0
ONE,R02/training/09,400,1.0
ONE,R02/training/09,416,1.0
ONE,R02/training/09,432,1.0
ONE,R02/training/09,448,1.0
ONE,R02/training/09,464,1.0
ONE,R02/training/09,480,1.0
ONE,R02/training/09,496,1.0
ONE,R02/training/09,512,1.0
ONE,R02/training/09,528,1.0
ONE,R02/training/09,544,1.0
ONE,R02/training/09,560,1.0
ONE,R02/training/09,576,1.0
ONE,R02/training/09,592,1.0
ORACLE,R02/training/09,0,0.0
ORACLE,R02/training/09,16,0.0
ORACLE,R02/training/09,32,0.0
ORACLE,R02/training/09,48,0.0
ORACLE,R02/training/09,64,0.0
ORACLE,R02/training/09,80,0.0
ORACLE,R02/training/09,96,0.0
ORACLE,R02/training/09,112,0.0
ORACLE,R02/training/09,128,0.0
ORACLE,R02/training/09,144,0.0
ORACLE,R02/training/09,160,0.0
ORACLE,R02/training/09,176,0.0
ORACLE,R02/training/09,192,0.0
ORACLE,R02/training/09,208,0.0
ORACLE,R02/training/09,224,0.0
ORACLE,R02/training/09,240,0.0
ORACLE,R02/training/09,256,0.0
ORACLE,R02/training/09,272,0.0
ORACLE,R02/training/09,288,0.0
ORACLE,R02/training/09,304,0.0
ORACLE,R02/training/09,320,0.0
ORACLE,R02/training/09,336,0.0
ORACLE,R02/training/09,352,0.0
ORACLE,R02/training/09,368,0.0
ORACLE,R02/training/09,384,0.0
ORACLE,R02/training/09,400,0.0
ORACLE,R02/training/09,416,0.0
ORACLE,R02/training/09,432,0.0
ORACLE,R02/training/09,448,0.0
ORACLE,R02/training/09,464,0.0
ORACLE,R02/training/09,480,0.0
ORACLE,R02/training/09,496,0.0
ORACLE,R02/training/09,512,0.0
ORACLE,R02/training/09,528,0.0
ORACLE,R02/training/09,544,0.0
ORACLE,R02/training/09,560,0.0
ORACLE,R02/training/09,576,0.0
ORACLE,R02/training/09,592,0.0
RANDOM,R02/training/10,0,0.7482485033017541
RANDOM,R02/training/10,16,0.8607014095476777
RANDOM,R02/training/10,32,0.24714674032210748
RANDOM,R02/training/10,48,0.1412465569010316
RANDOM,R02/training/10,64,0.670061849314936
RANDOM,R02/training/10,80,0.7146185366547527
RANDOM,R02/training/10,96,0.16705292878227218
RANDOM,R02/training/10,112,0.395557273104876
RANDOM,R02/training/10,128,0.9102557662160548
RANDOM,R02/training/10,144,0.561400767550223
RANDOM,R02/training/10,160,0.5783359149262727
RANDOM,R02/training/10,176,0.19412977289079358
RANDOM,R02/training/10,192,0.5260222486178752
RANDOM,R02/training/10,208,0.5234347273949199
RANDOM,R02/training/10,224,0.08893564024627199
RANDOM,R02/training/10,240,0.9819426931267062
RANDOM,R02/training/10,256,0.5713956004557744
RANDOM,R02/training/10,272,0.006408882664310167
RANDOM,R02/training/10,288,0.7726492012253886
RANDOM,R02/training/10,304,0.9782657138401457
RANDOM,R02/training/10,320,0.5898700283209505
RANDOM,R02/training/10,336,0.319681636282665
RANDOM,R02/training/10,352,0.1875077157277849
RANDOM,R02/training/10,368,0.6725266339168693
RANDOM,R02/training/10,384,0.19510739845680503
RANDOM,R02/training/10,400,0.5776878925178592
RANDOM,R02/training/10,416,0.6022391763796258
RANDOM,R02/training/10,432,0.962423093124381
RANDOM,R02/training/10,448,0.07226526552987678
RANDOM,R02/training/10,464,0.4999728236586185
RANDOM,R02/training/10,480,0.7440974792826482
RANDOM,R02/training/10,496,0.1772267404746588
RANDOM,R02/training/10,512,0.3880667317845192
RANDOM,R02/training/10,528,0.06289549845497133
RANDOM,R02/training/10,544,0.7258808637757768
RANDOM,R02/training/10,560,0.08776788675948677
RANDOM,R02/training/10,576,0.3950917083579676
RANDOM,R02/training/10,592,0.8735226311207321
ZERO,R02/training/10,0,0.0
ZERO,R02/training/10,16,0.0
ZERO,R02/training/10,32,0.0
ZERO,R02/training/10,48,0.0
ZERO,R02/training/10,64,0.0
ZERO,R02/training/10,80,0.0
ZERO,R02/training/10,96,0.0
ZERO,R02/training/10,112,0.0
ZERO,R02/training/10,128,0.0
ZERO,R02/training/10,144,0.0
ZERO,R02/training/10,160,0.0
ZERO,R02/training/10,176,0.0
ZERO,R02/training/10,192,0.0
ZERO,R02/training/10,208,0.0
ZERO,R02/training/10,224,0.0
ZERO,R02/training/10,240,0.0
ZERO,R02/training/10,256,0.0
ZERO,R02/training/10,272,0.0
ZERO,R02/training/10,288,0.0
ZERO,R02/training/10,304,0.0
ZERO,R02/training/10,320,0.0
ZERO,R02/training/10,336,0.0
ZERO,R02/training/10,352,0.0
ZERO,R02/training/10,368,0.0
ZERO,R02/training/10,384,0.0
ZERO,R02/training/10,400,0.0
ZERO,R02/training/10,416,0.0
ZERO,R02/training/10,432,0.0
ZERO,R02/training/10,448,0.0
ZERO,R02/training/10,464,0.0
ZERO,R02/training/10,480,0.0
ZERO,R02/training/10,496,0.0
ZERO,R02/training/10,512,0.0
ZERO,R02/training/10,528,0.0
ZERO,R02/training/10,544,0.0
ZERO,R02/training/10,560,0.0
ZERO,R02/training/10,576,0.0
ZERO,R02/training/10,592,0.0
ONE,R02/training/10,0,1.0
ONE,R02/training/10,16,1.0
ONE,R02/training/10,32,1.0
ONE,R02/training/10,48,1.0
ONE,R02/training/10,64,1.0
ONE,R02/training/10,80,1.0
ONE,R02/training/10,96,1.0
ONE,R02/training/10,112,1.0
ONE,R02/training/10,128,1.0
ONE,R02/training/10,144,1.0
ONE,R02/training/10,160,1.0
ONE,R02/training/10,176,1.0
ONE,R02/training/10,192,1.0
ONE,R02/training/10,208,1.0
ONE,R02/training/10,224,1.0
ONE,R02/training/10,240,1.0
ONE,R02/training/10,256,1.0
ONE,R02/training/10,272,1.0
ONE,R02/training/10,288,1.0
ONE,R02/training/10,304,1.0
ONE,R02/training/10,320,1.0
ONE,R02/training/10,336,1.0
ONE,R02/training/10,352,1.0
ONE,R02/training/10,368,1.0
ONE,R02/training/10,384,1.0
ONE,R02/training/10,400,1.0
ONE,R02/training/10,416,1.0
ONE,R02/training/10,432,1.0
ONE,R02/training/10,448,1.0
ONE,R02/training/10,464,1.0
ONE,R02/training/10,480,1.0
ONE,R02/training/10,496,1.0
ONE,R02/training/10,512,1.0
ONE,R02/training/10,528,1.0
ONE,R02/training/10,544,1.0
ONE,R02/training/10,560,1.0
ONE,R02/training/10,576,1.0
ONE,R02/training/10,592,1.0
ORACLE,R02/training/10,0,0.0
ORACLE,R02/training/10,16,0.0
ORACLE,R02/training/10,32,0.0
ORACLE,R02/training/10,48,0.0
ORACLE,R02/training/10,64,0.0
ORACLE,R02/training/10,80,0.0
ORACLE,R02/training/10,96,0.0
ORACLE,R02/training/10,112,0.0
ORACLE,R02/training/10,128,0.0
ORACLE,R02/training/10,144,0.0
ORACLE,R02/training/10,160,0.0
ORACLE,R02/training/10,176,0.0
ORACLE,R02/training/10,192,0.0
ORACLE,R02/training/10,208,0.0
ORACLE,R02/training/10,224,0.0
ORACLE,R02/training/10,240,0.0
ORACLE,R02/training/10,256,0.0
ORACLE,R02/training/10,272,0.0
ORACLE,R02/training/10,288,0.0
ORACLE,R02/training/10,304,0.0
ORACLE,R02/training/10,320,0.0
ORACLE,R02/training/10,336,0.0
ORACLE,R02/training/10,352,0.0
ORACLE,R02/training/10,368,0.0
ORACLE,R02/training/10,384,0.0
ORACLE,R02/training/10,400,0.0
ORACLE,R02/training/10,416,0.0
ORACLE,R02/training/10,432,0.0
ORACLE,R02/training/10,448,0.0
ORACLE,R02/training/10,464,0.0
ORACLE,R02/training/10,480,0.0
ORACLE,R02/training/10,496,0.0
ORACLE,R02/training/10,512,0.0
ORACLE,R02/training/10,528,0.0
ORACLE,R02/training/10,544,0.0
ORACLE,R02/training/10,560,0.0
ORACLE,R02/training/10,576,0.0
ORACLE,R02/training/10,592,0.0
RANDOM,R02/training/23,0,0.4723003367500115
RANDOM,R02/training/23,16,0.9126219336408856
RANDOM,R02/training/23,32,0.7659171177388724
RANDOM,R02/training/23,48,0.9153239601117659
RANDOM,R02/training/23,64,0.12740300904890633
RANDOM,R02/training/23,80,0.07356290533063203
RANDOM,R02/training/23,96,0.07032625356921807
RANDOM,R02/training/23,112,0.8688542943473193
RANDOM,R02/training/23,128,0.6340699793474432
RANDOM,R02/training/23,144,0.496571693798853
RANDOM,R02/training/23,160,0.16354341619648027
RANDOM,R02/training/23,176,0.6737334377272737
RANDOM,R02/training/23,192,0.318017387845798
RANDOM,R02/training/23,208,0.7108798632659449
RANDOM,R02/training/23,224,0.4603553288673248
RANDOM,R02/training/23,240,0.5074698605445271
RANDOM,R02/training/23,256,0.7896657324598704
RANDOM,R02/training/23,272,0.09274547552338075
RANDOM,R02/training/23,288,0.5787585033235025
RANDOM,R02/training/23,304,0.19723494729586855
RANDOM,R02/training/23,320,0.8081367518135681
RANDOM,R02/training/23,336,0.4888460361292599
RANDOM,R02/training/23,352,0.9886953333678197
RANDOM,R02/training/23,368,0.18294332467571872
RANDOM,R02/training/23,384,0.9630191401242673
RANDOM,R02/training/23,400,0.800917036608609
RANDOM,R02/training/23,416,0.4812604965752686
RANDOM,R02/training/23,432,0.8135340641796355
RANDOM,R02/training/23,448,0.6028489052411163
RANDOM,R02/training/23,464,0.6551210639913803
RANDOM,R02/training/23,480,0.9136907627073889
RANDOM,R02/training/23,496,0.06527041641129139
RANDOM,R02/training/23,512,0.8349882039584006
RANDOM,R02/training/23,528,0.3818147799662388
RANDOM,R02/training/23,544,0.3255456161007044
RANDOM,R02/training/23,560,0.9940267712099843
RANDOM,R02/training/23,576,0.7811905020763782
RANDOM,R02/training/23,592,0.48553513877958776
RANDOM,R02/training/23,608,0.4226283964247812
ZERO,R02/training/23,0,0.0
ZERO,R02/training/23,16,0.0
ZERO,R02/training/23,32,0.0
ZERO,R02/training/23,48,0.0
ZERO,R02/training/23,64,0.0
ZERO,R02/training/23,80,0.0
ZERO,R02/training/23,96,0.0
ZERO,R02/training/23,112,0.0
ZERO,R02/training/23,128,0.0
ZERO,R02/training/23,144,0.0
ZERO,R02/training/23,160,0.0
ZERO,R02/training/23,176,0.0
ZERO,R02/training/23,192,0.0
ZERO,R02/training/23,208,0.0
ZERO,R02/training/23,224,0.0
ZERO,R02/training/23,240,0.0
ZERO,R02/training/23,256,0.0
ZERO,R02/training/23,272,0.0
ZERO,R02/training/23,288,0.0
ZERO,R02/training/23,304,0.0
ZERO,R02/training/23,320,0.0
ZERO,R02/training/23,336,0.0
ZERO,R02/training/23,352,0.0
ZERO,R02/training/23,368,0.0
ZERO,R02/training/23,384,0.0
ZERO,R02/training/23,400,0.0
ZERO,R02/training/23,416,0.0
ZERO,R02/training/23,432,0.0
ZERO,R02/training/23,448,0.0
ZERO,R02/training/23,464,0.0
ZERO,R02/training/23,480,0.0
ZERO,R02/training/23,496,0.0
ZERO,R02/training/23,512,0.0
ZERO,R02/training/23,528,0.0
ZERO,R02/training/23,544,0.0
ZERO,R02/training/23,560,0.0
ZERO,R02/training/23,576,0.0
ZERO,R02/training/23,592,0.0
ZERO,R02/training/23,608,0.0
ONE,R02/training/23,0,1.0
ONE,R02/training/23,16,1.0
ONE,R02/training/23,32,1.0
ONE,R02/training/23,48,1.0
ONE,R02/training/23,64,1.0
ONE,R02/training/23,80,1.0
ONE,R02/training/23,96,1.0
ONE,R02/training/23,112,1.0
ONE,R02/training/23,128,1.0
ONE,R02/training/23,144,1.0
ONE,R02/training/23,160,1.0
ONE,R02/training/23,176,1.0
ONE,R02/training/23,192,1.0
ONE,R02/training/23,208,1.0
ONE,R02/training/23,224,1.0
ONE,R02/training/23,240,1.0
ONE,R02/training/23,256,1.0
ONE,R02/training/23,272,1.0
ONE,R02/training/23,288,1.0
ONE,R02/training/23,304,1.0
ONE,R02/training/23,320,1.0
ONE,R02/training/23,336,1.0
ONE,R02/training/23,352,1.0
ONE,R02/training/23,368,1.0
ONE,R02/training/23,384,1.0
ONE,R02/training/23,400,1.0
ONE,R02/training/23,416,1.0
ONE,R02/training/23,432,1.0
ONE,R02/training/23,448,1.0
ONE,R02/training/23,464,1.0
ONE,R02/training/23,480,1.0
ONE,R02/training/23,496,1.0
ONE,R02/training/23,512,1.0
ONE,R02/training/23,528,1.0
ONE,R02/training/23,544,1.0
ONE,R02/training/23,560,1.0
ONE,R02/training/23,576,1.0
ONE,R02/training/23,592,1.0
ONE,R02/training/23,608,1.0
ORACLE,R02/training/23,0,0.0
ORACLE,R02/training/23,16,0.0
ORACLE,R02/training/23,32,0.0
ORACLE,R02/training/23,48,0.0
ORACLE,R02/training/23,64,0.0
ORACLE,R02/training/23,80,0.0
ORACLE,R02/training/23,96,0.0
ORACLE,R02/training/23,112,0.0
ORACLE,R02/training/23,128,0.0
ORACLE,R02/training/23,144,0.0
ORACLE,R02/training/23,160,0.0
ORACLE,R02/training/23,176,0.0
ORACLE,R02/training/23,192,0.0
ORACLE,R02/training/23,208,0.0
ORACLE,R02/training/23,224,0.0
ORACLE,R02/training/23,240,0.0
ORACLE,R02/training/23,256,0.0
ORACLE,R02/training/23,272,0.0
ORACLE,R02/training/23,288,0.0
ORACLE,R02/training/23,304,0.0
ORACLE,R02/training/23,320,0.0
ORACLE,R02/training/23,336,0.0
ORACLE,R02/training/23,352,0.0
ORACLE,R02/training/23,368,0.0
ORACLE,R02/training/23,384,0.0
ORACLE,R02/training/23,400,0.0
ORACLE,R02/training/23,416,0.0
ORACLE,R02/training/23,432,0.0
ORACLE,R02/training/23,448,0.0
ORACLE,R02/training/23,464,0.0
ORACLE,R02/training/23,480,0.0
ORACLE,R02/training/23,496,0.0
ORACLE,R02/training/23,512,0.0
ORACLE,R02/training/23,528,0.0
ORACLE,R02/training/23,544,0.0
ORACLE,R02/training/23,560,0.0
ORACLE,R02/training/23,576,0.0
ORACLE,R02/training/23,592,0.0
ORACLE,R02/training/23,608,0.0
RANDOM,R02/training/26,0,0.8775289058717961
RANDOM,R02/training/26,16,0.08681487221489415
RANDOM,R02/training/26,32,0.708418756913866
RANDOM,R02/training/26,48,0.789154623705146
RANDOM,R02/training/26,64,0.7991963797161148
RANDOM,R02/training/26,80,0.3222867247398318
RANDOM,R02/training/26,96,0.7966391827460546
RANDOM,R02/training/26,112,0.22532844187566514
RANDOM,R02/training/26,128,0.3623079504845691
RANDOM,R02/training/26,144,0.41744811220437983
RANDOM,R02/training/26,160,0.5414099836301646
RANDOM,R02/training/26,176,0.11261366554055718
RANDOM,R02/training/26,192,0.40694780063930613
RANDOM,R02/training/26,208,0.0003006901069229073
RANDOM,R02/training/26,224,0.744380726347399
RANDOM,R02/training/26,240,0.851875912234257
RANDOM,R02/training/26,256,0.13893167912019755
RANDOM,R02/training/26,272,0.7037857692667978
RANDOM,R02/training/26,288,0.8211030883946387
RANDOM,R02/training/26,304,0.9818283228717938
RANDOM,R02/training/26,320,0.8437905623687267
RANDOM,R02/training/26,336,0.42410648544401286
RANDOM,R02/training/26,352,0.9796887085096565
RANDOM,R02/training/26,368,0.9739844048523552
RANDOM,R02/training/26,384,0.503676979200579
RANDOM,R02/training/26,400,0.7534465385839052
RANDOM,R02/training/26,416,0.9138376676731629
RANDOM,R02/training/26,432,0.47614707196875306
RANDOM,R02/training/26,448,0.8637862410970849
RANDOM,R02/training/26,464,0.7015685660618728
RANDOM,R02/training/26,480,0.2939242559745576
RANDOM,R02/training/26,496,0.7676522699834736
RANDOM,R02/training/26,512,0.5706847858594991
RANDOM,R02/training/26,528,0.09384515343330624
RANDOM,R02/training/26,544,0.3913804263046642
RANDOM,R02/training/26,560,0.07374101339780592
ZERO,R02/training/26,0,0.0
ZERO,R02/training/26,16,0.0
ZERO,R02/training/26,32,0.0
ZERO,R02/training/26,48,0.0
ZERO,R02/training/26,64,0.0
ZERO,R02/training/26,80,0.0
ZERO,R02/training/26,96,0.0
ZERO,R02/training/26,112,0.0
ZERO,R02/training/26,128,0.0
ZERO,R02/training/26,144,0.0
ZERO,R02/training/26,160,0.0
ZERO,R02/training/26,176,0.0
ZERO,R02/training/26,192,0.0
ZERO,R02/training/26,208,0.0
ZERO,R02/training/26,224,0.0
ZERO,R02/training/26,240,0.0
ZERO,R02/training/26,256,0.0
ZERO,R02/training/26,272,0.0
ZERO,R02/training/26,288,0.0
ZERO,R02/training/26,304,0.0
ZERO,R02/training/26,320,0.0
ZERO,R02/training/26,336,0.0
ZERO,R02/training/26,352,0.0
ZERO,R02/training/26,368,0.0
ZERO,R02/training/26,384,0.0
ZERO,R02/training/26,400,0.0
ZERO,R02/training/26,416,0.0
ZERO,R02/training/26,432,0.0
ZERO,R02/training/26,448,0.0
ZERO,R02/training/26,464,0.0
ZERO,R02/training/26,480,0.0
ZERO,R02/training/26,496,0.0
ZERO,R02/training/26,512,0.0
ZERO,R02/training/26,528,0.0
ZERO,R02/training/26,544,0.0
ZERO,R02/training/26,560,0.0
ONE,R02/training/26,0,1.0
ONE,R02/training/26,16,1.0
ONE,R02/training/26,32,1.0
ONE,R02/training/26,48,1.0
ONE,R02/training/26,64,1.0
ONE,R02/training/26,80,1.0
ONE,R02/training/26,96,1.0
ONE,R02/training/26,112,1.0
ONE,R02/training/26,128,1.0
ONE,R02/training/26,144,1.0
ONE,R02/training/26,160,1.0
ONE,R02/training/26,176,1.0
ONE,R02/training/26,192,1.0
ONE,R02/training/26,208,1.0
ONE,R02/training/26,224,1.0
ONE,R02/training/26,240,1.0
ONE,R02/training/26,256,1.0
ONE,R02/training/26,272,1.0
ONE,R02/training/26,288,1.0
ONE,R02/training/26,304,1.0
ONE,R02/training/26,320,1.0
ONE,R02/training/26,336,1.0
ONE,R02/training/26,352,1.0
ONE,R02/training/26,368,1.0
ONE,R02/training/26,384,1.0
ONE,R02/training/26,400,1.0
ONE,R02/training/26,416,1.0
ONE,R02/training/26,432,1.0
ONE,R02/training/26,448,1.0
ONE,R02/training/26,464,1.0
ONE,R02/training/26,480,1.0
ONE,R02/training/26,496,1.0
ONE,R02/training/26,512,1.0
ONE,R02/training/26,528,1.0
ONE,R02/training/26,544,1.0
ONE,R02/training/26,560,1.0
ORACLE,R02/training/26,0,0.0
ORACLE,R02/training/26,16,0.0
ORACLE,R02/training/26,32,0.0
ORACLE,R02/training/26,48,0.0
ORACLE,R02/training/26,64,0.0
ORACLE,R02/training/26,80,0.0
ORACLE,R02/training/26,96,0.0
ORACLE,R02/training/26,112,0.0
ORACLE,R02/training/26,128,0.0
ORACLE,R02/training/26,144,0.0
ORACLE,R02/training/26,160,0.0
ORACLE,R02/training/26,176,0.0
ORACLE,R02/training/26,192,0.0
ORACLE,R02/training/26,208,0.0
ORACLE,R02/training/26,224,0.0
ORACLE,R02/training/26,240,0.0
ORACLE,R02/training/26,256,0.0
ORACLE,R02/training/26,272,0.0
ORACLE,R02/training/26,288,0.0
ORACLE,R02/training/26,304,0.0
ORACLE,R02/training/26,320,0.0
ORACLE,R02/training/26,336,0.0
ORACLE,R02/training/26,352,0.0
ORACLE,R02/training/26,368,0.0
ORACLE,R02/training/26,384,0.0
ORACLE,R02/training/26,400,0.0
ORACLE,R02/training/26,416,0.0
ORACLE,R02/training/26,432,0.0
ORACLE,R02/training/26,448,0.0
ORACLE,R02/training/26,464,0.0
ORACLE,R02/training/26,480,0.0
ORACLE,R02/training/26,496,0.0
ORACLE,R02/training/26,512,0.0
ORACLE,R02/training/26,528,0.0
ORACLE,R02/training/26,544,0.0
ORACLE,R02/training/26,560,0.0
RANDOM,R02/training/28,0,0.4761669632169956
RANDOM,R02/training/28,16,0.4285396081429238
RANDOM,R02/training/28,32,0.42373744297044735
RANDOM,R02/training/28,48,0.5863003535907844
RANDOM,R02/training/28,64,0.12269066017607344
RANDOM,R02/training/28,80,0.9337689099568427
RANDOM,R02/training/28,96,0.684050448075033
RANDOM,R02/training/28,112,0.8237813583927717
RANDOM,R02/training/28,128,0.8968012322637599
RANDOM,R02/training/28,144,0.5833200469234759
RANDOM,R02/training/28,160,0.0402182209046007
RANDOM,R02/training/28,176,0.711486824117758
RANDOM,R02/training/28,192,0.5690258542633582
RANDOM,R02/training/28,208,0.8259572221703992
RANDOM,R02/training/28,224,0.5321604734743441
RANDOM,R02/training/28,240,0.8132440953641924
RANDOM,R02/training/28,256,0.9970102930724918
RANDOM,R02/training/28,272,0.35055481136788813
RANDOM,R02/training/28,288,0.1710214400206741
RANDOM,R02/training/28,304,0.3916747994539028
RANDOM,R02/training/28,320,0.7530499898656764
RANDOM,R02/training/28,336,0.43922893185830647
RANDOM,R02/training/28,352,0.5883801094292148
RANDOM,R02/training/28,368,0.12735847192167105
RANDOM,R02/training/28,384,0.7261235109339803
RANDOM,R02/training/28,400,0.28008240186649946
RANDOM,R02/training/28,416,0.19061756040401823
RANDOM,R02/training/28,432,0.8629499985831945
RANDOM,R02/training/28,448,0.5644128211205941
RANDOM,R02/training/28,464,0.48449894234625035
RANDOM,R02/training/28,480,0.8988237652484845
RANDOM,R02/training/28,496,0.08601243606100262
RANDOM,R02/training/28,512,0.6961544503408927
RANDOM,R02/training/28,528,0.32798228976460253
RANDOM,R02/training/28,544,0.17540974998508108
RANDOM,R02/training/28,560,0.6747986499672789
RANDOM,R02/training/28,576,0.3628219508629361
ZERO,R02/training/28,0,0.0
ZERO,R02/training/28,16,0.0
ZERO,R02/training/28,32,0.0
ZERO,R02/training/28,48,0.0
ZERO,R02/training/28,64,0.0
ZERO,R02/training/28,80,0.0
ZERO,R02/training/28,96,0.0
ZERO,R02/training/28,112,0.0
ZERO,R02/training/28,128,0.0
ZERO,R02/training/28,144,0.0
ZERO,R02/training/28,160,0.0
ZERO,R02/training/28,176,0.0
ZERO,R02/training/28,192,0.0
ZERO,R02/training/28,208,0.0
ZERO,R02/training/28,224,0.0
ZERO,R02/training/28,240,0.0
ZERO,R02/training/28,256,0.0
ZERO,R02/training/28,272,0.0
ZERO,R02/training/28,288,0.0
ZERO,R02/training/28,304,0.0
ZERO,R02/training/28,320,0.0
ZERO,R02/training/28,336,0.0
ZERO,R02/training/28,352,0.0
ZERO,R02/training/28,368,0.0
ZERO,R02/training/28,384,0.0
ZERO,R02/training/28,400,0.0
ZERO,R02/training/28,416,0.0
ZERO,R02/training/28,432,0.0
ZERO,R02/training/28,448,0.0
ZERO,R02/training/28,464,0.0
ZERO,R02/training/28,480,0.0
ZERO,R02/training/28,496,0.0
ZERO,R02/training/28,512,0.0
ZERO,R02/training/28,528,0.0
ZERO,R02/training/28,544,0.0
ZERO,R02/training/28,560,0.0
ZERO,R02/training/28,576,0.0
ONE,R02/training/28,0,1.0
ONE,R02/training/28,16,1.0
ONE,R02/training/28,32,1.0
ONE,R02/training/28,48,1.0
ONE,R02/training/28,64,1.0
ONE,R02/training/28,80,1.0
ONE,R02/training/28,96,1.0
ONE,R02/training/28,112,1.0
ONE,R02/training/28,128,1.0
ONE,R02/training/28,144,1.0
ONE,R02/training/28,160,1.0
ONE,R02/training/28,176,1.0
ONE,R02/training/28,192,1.0
ONE,R02/training/28,208,1.0
ONE,R02/training/28,224,1.0
ONE,R02/training/28,240,1.0
ONE,R02/training/28,256,1.0
ONE,R02/training/28,272,1.0
ONE,R02/training/28,288,1.0
ONE,R02/training/28,304,1.0
ONE,R02/training/28,320,1.0
ONE,R02/training/28,336,1.0
ONE,R02/training/28,352,1.0
ONE,R02/training/28,368,1.0
ONE,R02/training/28,384,1.0
ONE,R02/training/28,400,1.0
ONE,R02/training/28,416,1.0
ONE,R02/training/28,432,1.0
ONE,R02/training/28,448,1.0
ONE,R02/training/28,464,1.0
ONE,R02/training/28,480,1.0
ONE,R02/training/28,496,1.0
ONE,R02/training/28,512,1.0
ONE,R02/training/28,528,1.0
ONE,R02/training/28,544,1.0
ONE,R02/training/28,560,1.0
ONE,R02/training/28,576,1.0
ORACLE,R02/training/28,0,0.0
ORACLE,R02/training/28,16,0.0
ORACLE,R02/training/28,32,0.0
ORACLE,R02/training/28,48,0.0
ORACLE,R02/training/28,64,0.0
ORACLE,R02/training/28,80,0.0
ORACLE,R02/training/28,96,0.0
ORACLE,R02/training/28,112,0.0
ORACLE,R02/training/28,128,0.0
ORACLE,R02/training/28,144,0.0
ORACLE,R02/training/28,160,0.0
ORACLE,R02/training/28,176,0.0
ORACLE,R02/training/28,192,0.0
ORACLE,R02/training/28,208,0.0
ORACLE,R02/training/28,224,0.0
ORACLE,R02/training/28,240,0.0
ORACLE,R02/training/28,256,0.0
ORACLE,R02/training/28,272,0.0
ORACLE,R02/training/28,288,0.0
ORACLE,R02/training/28,304,0.0
ORACLE,R02/training/28,320,0.0
ORACLE,R02/training/28,336,0.0
ORACLE,R02/training/28,352,0.0
ORACLE,R02/training/28,368,0.0
ORACLE,R02/training/28,384,0.0
ORACLE,R02/training/28,400,0.0
ORACLE,R02/training/28,416,0.0
ORACLE,R02/training/28,432,0.0
ORACLE,R02/training/28,448,0.0
ORACLE,R02/training/28,464,0.0
ORACLE,R02/training/28,480,0.0
ORACLE,R02/training/28,496,0.0
ORACLE,R02/training/28,512,0.0
ORACLE,R02/training/28,528,0.0
ORACLE,R02/training/28,544,0.0
ORACLE,R02/training/28,560,0.0
ORACLE,R02/training/28,576,0.0
RANDOM,R03/training/02,0,0.32989583249393584
RANDOM,R03/training/02,16,0.9436777652291878
RANDOM,R03/training/02,32,0.19929834067948615
RANDOM,R03/training/02,48,0.512173657837735
RANDOM,R03/training/02,64,0.024013200671349266
RANDOM,R03/training/02,80,0.16336809113695616
RANDOM,R03/training/02,96,0.8834187336335619
RANDOM,R03/training/02,112,0.7892475482526763
RANDOM,R03/training/02,128,0.5568354900539902
RANDOM,R03/training/02,144,0.22245339599136027
RANDOM,R03/training/02,160,0.5577475826213064
RANDOM,R03/training/02,176,0.012146526113612555
RANDOM,R03/training/02,192,0.7129936309379207
RANDOM,R03/training/02,208,0.7167506805637281
RANDOM,R03/training/02,224,0.6460450235663548
RANDOM,R03/training/02,240,0.6113386842752012
RANDOM,R03/training/02,256,0.07371643262453753
RANDOM,R03/training/02,272,0.24640596905097556
RANDOM,R03/training/02,288,0.5743780480979319
RANDOM,R03/training/02,304,0.3941867660288976
RANDOM,R03/training/02,320,0.992023228581445
RANDOM,R03/training/02,336,0.9237453573751813
RANDOM,R03/training/02,352,0.15200790252253704
RANDOM,R03/training/02,368,0.5899605926495307
RANDOM,R03/training/02,384,0.6962151061034566
RANDOM,R03/training/02,400,0.13654341430088612
RANDOM,R03/training/02,416,0.31259564710117127
RANDOM,R03/training/02,432,0.7159178469254943
RANDOM,R03/training/02,448,0.9011080934228366
RANDOM,R03/training/02,464,0.34174265020613526
RANDOM,R03/training/02,480,0.2389437116912806
RANDOM,R03/training/02,496,0.8217920027302146
RANDOM,R03/training/02,512,0.5849826802256783
RANDOM,R03/training/02,528,0.4765884217057704
RANDOM,R03/training/02,544,0.25615002142789234
RANDOM,R03/training/02,560,0.07265834864832099
RANDOM,R03/training/02,576,0.017891420896975263
RANDOM,R03/training/02,592,0.5799701805640948
RANDOM,R03/training/02,608,0.1911102734600748
RANDOM,R03/training/02,624,0.9755329784268204
RANDOM,R03/training/02,640,0.10747722838614726
RANDOM,R03/training/02,656,0.4520887883271084
RANDOM,R03/training/02,672,0.39465979707096
RANDOM,R03/training/02,688,0.23231147528553098
ZERO,R03/training/02,0,0.0
ZERO,R03/training/02,16,0.0
ZERO,R03/training/02,32,0.0
ZERO,R03/training/02,48,0.0
ZERO,R03/training/02,64,0.0
ZERO,R03/training/02,80,0.0
ZERO,R03/training/02,96,0.0
ZERO,R03/training/02,112,0.0
ZERO,R03/training/02,128,0.0
ZERO,R03/training/02,144,0.0
ZERO,R03/training/02,160,0.0
ZERO,R03/training/02,176,0.0
ZERO,R03/training/02,192,0.0
ZERO,R03/training/02,208,0.0
ZERO,R03/training/02,224,0.0
ZERO,R03/training/02,240,0.0
ZERO,R03/training/02,256,0.0
ZERO,R03/training/02,272,0.0
ZERO,R03/training/02,288,0.0
ZERO,R03/training/02,304,0.0
ZERO,R03/training/02,320,0.0
ZERO,R03/training/02,336,0.0
ZERO,R03/training/02,352,0.0
ZERO,R03/training/02,368,0.0
ZERO,R03/training/02,384,0.0
ZERO,R03/training/02,400,0.0
ZERO,R03/training/02,416,0.0
ZERO,R03/training/02,432,0.0
ZERO,R03/training/02,448,0.0
ZERO,R03/training/02,464,0.0
ZERO,R03/training/02,480,0.0
ZERO,R03/training/02,496,0.0
ZERO,R03/training/02,512,0.0
ZERO,R03/training/02,528,0.0
ZERO,R03/training/02,544,0.0
ZERO,R03/training/02,560,0.0
ZERO,R03/training/02,576,0.0
ZERO,R03/training/02,592,0.0
ZERO,R03/training/02,608,0.0
ZERO,R03/training/02,624,0.0
ZERO,R03/training/02,640,0.0
ZERO,R03/training/02,656,0.0
ZERO,R03/training/02,672,0.0
ZERO,R03/training/02,688,0.0
ONE,R03/training/02,0,1.0
ONE,R03/training/02,16,1.0
ONE,R03/training/02,32,1.0
ONE,R03/training/02,48,1.0
ONE,R03/training/02,64,1.0
ONE,R03/training/02,80,1.0
ONE,R03/training/02,96,1.0
ONE,R03/training/02,112,1.0
ONE,R03/training/02,128,1.0
ONE,R03/training/02,144,1.0
ONE,R03/training/02,160,1.0
ONE,R03/training/02,176,1.0
ONE,R03/training/02,192,1.0
ONE,R03/training/02,208,1.0
ONE,R03/training/02,224,1.0
ONE,R03/training/02,240,1.0
ONE,R03/training/02,256,1.0
ONE,R03/training/02,272,1.0
ONE,R03/training/02,288,1.0
ONE,R03/training/02,304,1.0
ONE,R03/training/02,320,1.0
ONE,R03/training/02,336,1.0
ONE,R03/training/02,352,1.0
ONE,R03/training/02,368,1.0
ONE,R03/training/02,384,1.0
ONE,R03/training/02,400,1.0
ONE,R03/training/02,416,1.0
ONE,R03/training/02,432,1.0
ONE,R03/training/02,448,1.0
ONE,R03/training/02,464,1.0
ONE,R03/training/02,480,1.0
ONE,R03/training/02,496,1.0
ONE,R03/training/02,512,1.0
ONE,R03/training/02,528,1.0
ONE,R03/training/02,544,1.0
ONE,R03/training/02,560,1.0
ONE,R03/training/02,576,1.0
ONE,R03/training/02,592,1.0
ONE,R03/training/02,608,1.0
ONE,R03/training/02,624,1.0
ONE,R03/training/02,640,1.0
ONE,R03/training/02,656,1.0
ONE,R03/training/02,672,1.0
ONE,R03/training/02,688,1.0
ORACLE,R03/training/02,0,0.0
ORACLE,R03/training/02,16,0.0
ORACLE,R03/training/02,32,0.0
ORACLE,R03/training/02,48,0.0
ORACLE,R03/training/02,64,0.0
ORACLE,R03/training/02,80,0.0
ORACLE,R03/training/02,96,0.0
ORACLE,R03/training/02,112,0.0
ORACLE,R03/training/02,128,0.0
ORACLE,R03/training/02,144,0.0
ORACLE,R03/training/02,160,0.0
ORACLE,R03/training/02,176,0.0
ORACLE,R03/training/02,192,0.0
ORACLE,R03/training/02,208,0.0
ORACLE,R03/training/02,224,0.0
ORACLE,R03/training/02,240,0.0
ORACLE,R03/training/02,256,0.0
ORACLE,R03/training/02,272,0.0
ORACLE,R03/training/02,288,0.0
ORACLE,R03/training/02,304,0.0
ORACLE,R03/training/02,320,0.0
ORACLE,R03/training/02,336,0.0
ORACLE,R03/training/02,352,0.0
ORACLE,R03/training/02,368,0.0
ORACLE,R03/training/02,384,0.0
ORACLE,R03/training/02,400,0.0
ORACLE,R03/training/02,416,0.0
ORACLE,R03/training/02,432,0.0
ORACLE,R03/training/02,448,0.0
ORACLE,R03/training/02,464,0.0
ORACLE,R03/training/02,480,0.0
ORACLE,R03/training/02,496,0.0
ORACLE,R03/training/02,512,0.0
ORACLE,R03/training/02,528,0.0
ORACLE,R03/training/02,544,0.0
ORACLE,R03/training/02,560,0.0
ORACLE,R03/training/02,576,0.0
ORACLE,R03/training/02,592,0.0
ORACLE,R03/training/02,608,0.0
ORACLE,R03/training/02,624,0.0
ORACLE,R03/training/02,640,0.0
ORACLE,R03/training/02,656,0.0
ORACLE,R03/training/02,672,0.0
ORACLE,R03/training/02,688,0.0
RANDOM,R03/training/16,0,0.7487557250039351
RANDOM,R03/training/16,16,0.6437047620803104
RANDOM,R03/training/16,32,0.7257576850518699
RANDOM,R03/training/16,48,0.08280857589649471
RANDOM,R03/training/16,64,0.3527434156964051
RANDOM,R03/training/16,80,0.5198330743342318
RANDOM,R03/training/16,96,0.42672114373024106
RANDOM,R03/training/16,112,0.040617561872745234
RANDOM,R03/training/16,128,0.1940274549007932
RANDOM,R03/training/16,144,0.9450246483046265
RANDOM,R03/training/16,160,0.1625697247533182
RANDOM,R03/training/16,176,0.8520523324627752
RANDOM,R03/training/16,192,0.8221371590644401
RANDOM,R03/training/16,208,0.391293757078108
RANDOM,R03/training/16,224,0.4667835198442635
RANDOM,R03/training/16,240,0.8240018076499193
RANDOM,R03/training/16,256,0.6806863255702125
RANDOM,R03/training/16,272,0.8369437364290709
RANDOM,R03/training/16,288,0.7575965858321237
RANDOM,R03/training/16,304,0.6912714794406046
RANDOM,R03/training/16,320,0.9129741060068781
RANDOM,R03/training/16,336,0.8228071330945887
RANDOM,R03/training/16,352,0.17906268758299326
RANDOM,R03/training/16,368,0.7482242750812449
RANDOM,R03/training/16,384,0.0866813231145428
RANDOM,R03/training/16,400,0.4258562402940216
RANDOM,R03/training/16,416,0.39675188715342524
RANDOM,R03/training/16,432,0.20216809397548463
RANDOM,R03/training/16,448,0.9379051086359893
RANDOM,R03/training/16,464,0.09477667836116699
RANDOM,R03/training/16,480,0.004899414988575601
RANDOM,R03/training/16,496,0.32292080366397835
RANDOM,R03/training/16,512,0.990744718241222
RANDOM,R03/training/16,528,0.2646951283884399
RANDOM,R03/training/16,544,0.830694265517731
RANDOM,R03/training/16,560,0.17311363702046545
RANDOM,R03/training/16,576,0.5863783547983777
RANDOM,R03/training/16,592,0.958409335179392
RANDOM,R03/training/16,608,0.7165132345658071
RANDOM,R03/training/16,624,0.9805079751784863
RANDOM,R03/training/16,640,0.5745566490890397
ZERO,R03/training/16,0,0.0
ZERO,R03/training/16,16,0.0
ZERO,R03/training/16,32,0.0
ZERO,R03/training/16,48,0.0
ZERO,R03/training/16,64,0.0
ZERO,R03/training/16,80,0.0
ZERO,R03/training/16,96,0.0
ZERO,R03/training/16,112,0.0
ZERO,R03/training/16,128,0.0
ZERO,R03/training/16,144,0.0
ZERO,R03/training/16,160,0.0
ZERO,R03/training/16,176,0.0
ZERO,R03/training/16,192,0.0
ZERO,R03/training/16,208,0.0
ZERO,R03/training/16,224,0.0
ZERO,R03/training/16,240,0.0
ZERO,R03/training/16,256,0.0
ZERO,R03/training/16,272,0.0
ZERO,R03/training/16,288,0.0
ZERO,R03/training/16,304,0.0
ZERO,R03/training/16,320,0.0
ZERO,R03/training/16,336,0.0
ZERO,R03/training/16,352,0.0
ZERO,R03/training/16,368,0.0
ZERO,R03/training/16,384,0.0
ZERO,R03/training/16,400,0.0
ZERO,R03/training/16,416,0.0
ZERO,R03/training/16,432,0.0
ZERO,R03/training/16,448,0.0
ZERO,R03/training/16,464,0.0
ZERO,R03/training/16,480,0.0
ZERO,R03/training/16,496,0.0
ZERO,R03/training/16,512,0.0
ZERO,R03/training/16,528,0.0
ZERO,R03/training/16,544,0.0
ZERO,R03/training/16,560,0.0
ZERO,R03/training/16,576,0.0
ZERO,R03/training/16,592,0.0
ZERO,R03/training/16,608,0.0
ZERO,R03/training/16,624,0.0
ZERO,R03/training/16,640,0.0
ONE,R03/training/16,0,1.0
ONE,R03/training/16,16,1.0
ONE,R03/training/16,32,1.0
ONE,R03/training/16,48,1.0
ONE,R03/training/16,64,1.0
ONE,R03/training/16,80,1.0
ONE,R03/training/16,96,1.0
ONE,R03/training/16,112,1.0
ONE,R03/training/16,128,1.0
ONE,R03/training/16,144,1.0
ONE,R03/training/16,160,1.0
ONE,R03/training/16,176,1.0
ONE,R03/training/16,192,1.0
ONE,R03/training/16,208,1.0
ONE,R03/training/16,224,1.0
ONE,R03/training/16,240,1.0
ONE,R03/training/16,256,1.0
ONE,R03/training/16,272,1.0
ONE,R03/training/16,288,1.0
ONE,R03/training/16,304,1.0
ONE,R03/training/16,320,1.0
ONE,R03/training/16,336,1.0
ONE,R03/training/16,352,1.0
ONE,R03/training/16,368,1.0
ONE,R03/training/16,384,1.0
ONE,R03/training/16,400,1.0
ONE,R03/training/16,416,1.0
ONE,R03/training/16,432,1.0
ONE,R03/training/16,448,1.0
ONE,R03/training/16,464,1.0
ONE,R03/training/16,480,1.0
ONE,R03/training/16,496,1.0
ONE,R03/training/16,512,1.0
ONE,R03/training/16,528,1.0
ONE,R03/training/16,544,1.0
ONE,R03/training/16,560,1.0
ONE,R03/training/16,576,1.0
ONE,R03/training/16,592,1.0
ONE,R03/training/16,608,1.0
ONE,R03/training/16,624,1.0
ONE,R03/training/16,640,1.0
ORACLE,R03/training/16,0,0.0
ORACLE,R03/training/16,16,0.0
ORACLE,R03/training/16,32,0.0
ORACLE,R03/training/16,48,0.0
ORACLE,R03/training/16,64,0.0
ORACLE,R03/training/16,80,0.0
ORACLE,R03/training/16,96,0.0
ORACLE,R03/training/16,112,0.0
ORACLE,R03/training/16,128,0.0
ORACLE,R03/training/16,144,0.0
ORACLE,R03/training/16,160,0.0
ORACLE,R03/training/16,176,0.0
ORACLE,R03/training/16,192,0.0
ORACLE,R03/training/16,208,0.0
ORACLE,R03/training/16,224,0.0
ORACLE,R03/training/16,240,0.0
ORACLE,R03/training/16,256,0.0
ORACLE,R03/training/16,272,0.0
ORACLE,R03/training/16,288,0.0
ORACLE,R03/training/16,304,0.0
ORACLE,R03/training/16,320,0.0
ORACLE,R03/training/16,336,0.0
ORACLE,R03/training/16,352,0.0
ORACLE,R03/training/16,368,0.0
ORACLE,R03/training/16,384,0.0
ORACLE,R03/training/16,400,0.0
ORACLE,R03/training/16,416,0.0
ORACLE,R03/training/16,432,0.0
ORACLE,R03/training/16,448,0.0
ORACLE,R03/training/16,464,0.0
ORACLE,R03/training/16,480,0.0
ORACLE,R03/training/16,496,0.0
ORACLE,R03/training/16,512,0.0
ORACLE,R03/training/16,528,0.0
ORACLE,R03/training/16,544,0.0
ORACLE,R03/training/16,560,0.0
ORACLE,R03/training/16,576,0.0
ORACLE,R03/training/16,592,0.0
ORACLE,R03/training/16,608,0.0
ORACLE,R03/training/16,624,0.0
ORACLE,R03/training/16,640,0.0
RANDOM,R03/training/20,0,0.9833347065534214
RANDOM,R03/training/20,16,0.8370470317200038
RANDOM,R03/training/20,32,0.7782482261019282
RANDOM,R03/training/20,48,0.8884898869115002
RANDOM,R03/training/20,64,0.6314915172616167
RANDOM,R03/training/20,80,0.35636454637657144
RANDOM,R03/training/20,96,0.528282440056993
RANDOM,R03/training/20,112,0.22650039568236358
RANDOM,R03/training/20,128,0.7775441238817054
RANDOM,R03/training/20,144,0.17007850161486648
RANDOM,R03/training/20,160,0.5771979489865907
RANDOM,R03/training/20,176,0.5358989295791143
RANDOM,R03/training/20,192,0.6719028034776905
RANDOM,R03/training/20,208,0.76048659866525
RANDOM,R03/training/20,224,0.10982788606390892
RANDOM,R03/training/20,240,0.6249409616679835
RANDOM,R03/training/20,256,0.41395588246519277
RANDOM,R03/training/20,272,0.6142014356679537
RANDOM,R03/training/20,288,0.6939845431464953
RANDOM,R03/training/20,304,0.5854795857606219
RANDOM,R03/training/20,320,0.7328860768587152
RANDOM,R03/training/20,336,0.520025257204648
RANDOM,R03/training/20,352,0.4628678091292717
RANDOM,R03/training/20,368,0.2867688654485352
RANDOM,R03/training/20,384,0.22915166999670655
RANDOM,R03/training/20,400,0.6953021060918184
RANDOM,R03/training/20,416,0.6957113528124577
RANDOM,R03/training/20,432,0.19548251297659636
RANDOM,R03/training/20,448,0.9718374166111121
RANDOM,R03/training/20,464,0.671150780289396
RANDOM,R03/training/20,480,0.5312161232098263
RANDOM,R03/training/20,496,0.8411753515449676
RANDOM,R03/training/20,512,0.48652043330315486
RANDOM,R03/training/20,528,0.4759448701003268
RANDOM,R03/training/20,544,0.2582744000775369
RANDOM,R03/training/20,560,0.15613548139069233
RANDOM,R03/training/20,576,0.7116205788809175
RANDOM,R03/training/20,592,0.8441109682390425
RANDOM,R03/training/20,608,0.677798778095959
RANDOM,R03/training/20,624,0.3688215166959502
RANDOM,R03/training/20,640,0.5757220912190522
RANDOM,R03/training/20,656,0.5634124736739899
RANDOM,R03/training/20,672,0.9365660834742939
RANDOM,R03/training/20,688,0.3876742119556893
ZERO,R03/training/20,0,0.0
ZERO,R03/training/20,16,0.0
ZERO,R03/training/20,32,0.0
ZERO,R03/training/20,48,0.0
ZERO,R03/training/20,64,0.0
ZERO,R03/training/20,80,0.0
ZERO,R03/training/20,96,0.0
ZERO,R03/training/20,112,0.0
ZERO,R03/training/20,128,0.0
ZERO,R03/training/20,144,0.0
ZERO,R03/training/20,160,0.0
ZERO,R03/training/20,176,0.0
ZERO,R03/training/20,192,0.0
ZERO,R03/training/20,208,0.0
ZERO,R03/training/20,224,0.0
ZERO,R03/training/20,240,0.0
ZERO,R03/training/20,256,0.0
ZERO,R03/training/20,272,0.0
ZERO,R03/training/20,288,0.0
ZERO,R03/training/20,304,0.0
ZERO,R03/training/20,320,0.0
ZERO,R03/training/20,336,0.0
ZERO,R03/training/20,352,0.0
ZERO,R03/training/20,368,0.0
ZERO,R03/training/20,384,0.0
ZERO,R03/training/20,400,0.0
ZERO,R03/training/20,416,0.0
ZERO,R03/training/20,432,0.0
ZERO,R03/training/20,448,0.0
ZERO,R03/training/20,464,0.0
ZERO,R03/training/20,480,0.0
ZERO,R03/training/20,496,0.0
ZERO,R03/training/20,512,0.0
ZERO,R03/training/20,528,0.0
ZERO,R03/training/20,544,0.0
ZERO,R03/training/20,560,0.0
ZERO,R03/training/20,576,0.0
ZERO,R03/training/20,592,0.0
ZERO,R03/training/20,608,0.0
ZERO,R03/training/20,624,0.0
ZERO,R03/training/20,640,0.0
ZERO,R03/training/20,656,0.0
ZERO,R03/training/20,672,0.0
ZERO,R03/training/20,688,0.0
ONE,R03/training/20,0,1.0
ONE,R03/training/20,16,1.0
ONE,R03/training/20,32,1.0
ONE,R03/training/20,48,1.0
ONE,R03/training/20,64,1.0
ONE,R03/training/20,80,1.0
ONE,R03/training/20,96,1.0
ONE,R03/training/20,112,1.0
ONE,R03/training/20,128,1.0
ONE,R03/training/20,144,1.0
ONE,R03/training/20,160,1.0
ONE,R03/training/20,176,1.0
ONE,R03/training/20,192,1.0
ONE,R03/training/20,208,1.0
ONE,R03/training/20,224,1.0
ONE,R03/training/20,240,1.0
ONE,R03/training/20,256,1.0
ONE,R03/training/20,272,1.0
ONE,R03/training/20,288,1.0
ONE,R03/training/20,304,1.0
ONE,R03/training/20,320,1.0
ONE,R03/training/20,336,1.0
ONE,R03/training/20,352,1.0
ONE,R03/training/20,368,1.0
ONE,R03/training/20,384,1.0
ONE,R03/training/20,400,1.0
ONE,R03/training/20,416,1.0
ONE,R03/training/20,432,1.0
ONE,R03/training/20,448,1.0
ONE,R03/training/20,464,1.0
ONE,R03/training/20,480,1.0
ONE,R03/training/20,496,1.0
ONE,R03/training/20,512,1.0
ONE,R03/training/20,528,1.0
ONE,R03/training/20,544,1.0
ONE,R03/training/20,560,1.0
ONE,R03/training/20,576,1.0
ONE,R03/training/20,592,1.0
ONE,R03/training/20,608,1.0
ONE,R03/training/20,624,1.0
ONE,R03/training/20,640,1.0
ONE,R03/training/20,656,1.0
ONE,R03/training/20,672,1.0
ONE,R03/training/20,688,1.0
ORACLE,R03/training/20,0,0.0
ORACLE,R03/training/20,16,0.0
ORACLE,R03/training/20,32,0.0
ORACLE,R03/training/20,48,0.0
ORACLE,R03/training/20,64,0.0
ORACLE,R03/training/20,80,0.0
ORACLE,R03/training/20,96,0.0
ORACLE,R03/training/20,112,0.0
ORACLE,R03/training/20,128,0.0
ORACLE,R03/training/20,144,0.0
ORACLE,R03/training/20,160,0.0
ORACLE,R03/training/20,176,0.0
ORACLE,R03/training/20,192,0.0
ORACLE,R03/training/20,208,0.0
ORACLE,R03/training/20,224,0.0
ORACLE,R03/training/20,240,0.0
ORACLE,R03/training/20,256,0.0
ORACLE,R03/training/20,272,0.0
ORACLE,R03/training/20,288,0.0
ORACLE,R03/training/20,304,0.0
ORACLE,R03/training/20,320,0.0
ORACLE,R03/training/20,336,0.0
ORACLE,R03/training/20,352,0.0
ORACLE,R03/training/20,368,0.0
ORACLE,R03/training/20,384,0.0
ORACLE,R03/training/20,400,0.0
ORACLE,R03/training/20,416,0.0
ORACLE,R03/training/20,432,0.0
ORACLE,R03/training/20,448,0.0
ORACLE,R03/training/20,464,0.0
ORACLE,R03/training/20,480,0.0
ORACLE,R03/training/20,496,0.0
ORACLE,R03/training/20,512,0.0
ORACLE,R03/training/20,528,0.0
ORACLE,R03/training/20,544,0.0
ORACLE,R03/training/20,560,0.0
ORACLE,R03/training/20,576,0.0
ORACLE,R03/training/20,592,0.0
ORACLE,R03/training/20,608,0.0
ORACLE,R03/training/20,624,0.0
ORACLE,R03/training/20,640,0.0
ORACLE,R03/training/20,656,0.0
ORACLE,R03/training/20,672,0.0
ORACLE,R03/training/20,688,0.0
RANDOM,R03/training/21,0,0.1647826520660035
RANDOM,R03/training/21,16,0.8769328933290108
RANDOM,R03/training/21,32,0.8947284968868684
RANDOM,R03/training/21,48,0.04826559500189531
RANDOM,R03/training/21,64,0.19822403083948237
RANDOM,R03/training/21,80,0.6362836535994598
RANDOM,R03/training/21,96,0.7888451556348379
RANDOM,R03/training/21,112,0.6066925067405504
RANDOM,R03/training/21,128,0.19158919612655823
RANDOM,R03/training/21,144,0.1176415752621991
RANDOM,R03/training/21,160,0.5059726340651836
RANDOM,R03/training/21,176,0.8155104066590114
RANDOM,R03/training/21,192,0.2170671810721262
RANDOM,R03/training/21,208,0.07513269487278362
RANDOM,R03/training/21,224,0.5510449957933047
RANDOM,R03/training/21,240,0.19181714813525463
RANDOM,R03/training/21,256,0.06742372048426959
RANDOM,R03/training/21,272,0.7732645980412682
RANDOM,R03/training/21,288,0.8212266060779224
RANDOM,R03/training/21,304,0.3983355510982354
RANDOM,R03/training/21,320,0.2940763601682844
RANDOM,R03/training/21,336,0.2771208894369578
RANDOM,R03/training/21,352,0.36097142582835084
RANDOM,R03/training/21,368,0.5769076431162621
RANDOM,R03/training/21,384,0.5278200781124773
RANDOM,R03/training/21,400,0.3553491811726963
RANDOM,R03/training/21,416,0.6374209792381814
RANDOM,R03/training/21,432,0.67576744194746
RANDOM,R03/training/21,448,0.5582789479750343
RANDOM,R03/training/21,464,0.38729491505187397
RANDOM,R03/training/21,480,0.6239027819391343
RANDOM,R03/training/21,496,0.5919027832141105
RANDOM,R03/training/21,512,0.3403238573806664
RANDOM,R03/training/21,528,0.30320101266424526
RANDOM,R03/training/21,544,0.5457488790192866
RANDOM,R03/training/21,560,0.6123417390018507
RANDOM,R03/training/21,576,0.6107984389218087
RANDOM,R03/training/21,592,0.3828380088978549
RANDOM,R03/training/21,608,0.5657739072162552
RANDOM,R03/training/21,624,0.9857696351964191
RANDOM,R03/training/21,640,0.42802451904395167
RANDOM,R03/training/21,656,0.8430147145899906
RANDOM,R03/training/21,672,0.08132369130695694
RANDOM,R03/training/21,688,0.8752282537019719
RANDOM,R03/training/21,704,0.9417061555298863
ZERO,R03/training/21,0,0.0
ZERO,R03/training/21,16,0.0
ZERO,R03/training/21,32,0.0
ZERO,R03/training/21,48,0.0
ZERO,R03/training/21,64,0.0
ZERO,R03/training/21,80,0.0
ZERO,R03/training/21,96,0.0
ZERO,R03/training/21,112,0.0
ZERO,R03/training/21,128,0.0
ZERO,R03/training/21,144,0.0
ZERO,R03/training/21,160,0.0
ZERO,R03/training/21,176,0.0
ZERO,R03/training/21,192,0.0
ZERO,R03/training/21,208,0.0
ZERO,R03/training/21,224,0.0
ZERO,R03/training/21,240,0.0
ZERO,R03/training/21,256,0.0
ZERO,R03/training/21,272,0.0
ZERO,R03/training/21,288,0.0
ZERO,R03/training/21,304,0.0
ZERO,R03/training/21,320,0.0
ZERO,R03/training/21,336,0.0
ZERO,R03/training/21,352,0.0
ZERO,R03/training/21,368,0.0
ZERO,R03/training/21,384,0.0
ZERO,R03/training/21,400,0.0
ZERO,R03/training/21,416,0.0
ZERO,R03/training/21,432,0.0
ZERO,R03/training/21,448,0.0
ZERO,R03/training/21,464,0.0
ZERO,R03/training/21,480,0.0
ZERO,R03/training/21,496,0.0
ZERO,R03/training/21,512,0.0
ZERO,R03/training/21,528,0.0
ZERO,R03/training/21,544,0.0
ZERO,R03/training/21,560,0.0
ZERO,R03/training/21,576,0.0
ZERO,R03/training/21,592,0.0
ZERO,R03/training/21,608,0.0
ZERO,R03/training/21,624,0.0
ZERO,R03/training/21,640,0.0
ZERO,R03/training/21,656,0.0
ZERO,R03/training/21,672,0.0
ZERO,R03/training/21,688,0.0
ZERO,R03/training/21,704,0.0
ONE,R03/training/21,0,1.0
ONE,R03/training/21,16,1.0
ONE,R03/training/21,32,1.0
ONE,R03/training/21,48,1.0
ONE,R03/training/21,64,1.0
ONE,R03/training/21,80,1.0
ONE,R03/training/21,96,1.0
ONE,R03/training/21,112,1.0
ONE,R03/training/21,128,1.0
ONE,R03/training/21,144,1.0
ONE,R03/training/21,160,1.0
ONE,R03/training/21,176,1.0
ONE,R03/training/21,192,1.0
ONE,R03/training/21,208,1.0
ONE,R03/training/21,224,1.0
ONE,R03/training/21,240,1.0
ONE,R03/training/21,256,1.0
ONE,R03/training/21,272,1.0
ONE,R03/training/21,288,1.0
ONE,R03/training/21,304,1.0
ONE,R03/training/21,320,1.0
ONE,R03/training/21,336,1.0
ONE,R03/training/21,352,1.0
ONE,R03/training/21,368,1.0
ONE,R03/training/21,384,1.0
ONE,R03/training/21,400,1.0
ONE,R03/training/21,416,1.0
ONE,R03/training/21,432,1.0
ONE,R03/training/21,448,1.0
ONE,R03/training/21,464,1.0
ONE,R03/training/21,480,1.0
ONE,R03/training/21,496,1.0
ONE,R03/training/21,512,1.0
ONE,R03/training/21,528,1.0
ONE,R03/training/21,544,1.0
ONE,R03/training/21,560,1.0
ONE,R03/training/21,576,1.0
ONE,R03/training/21,592,1.0
ONE,R03/training/21,608,1.0
ONE,R03/training/21,624,1.0
ONE,R03/training/21,640,1.0
ONE,R03/training/21,656,1.0
ONE,R03/training/21,672,1.0
ONE,R03/training/21,688,1.0
ONE,R03/training/21,704,1.0
ORACLE,R03/training/21,0,0.0
ORACLE,R03/training/21,16,0.0
ORACLE,R03/training/21,32,0.0
ORACLE,R03/training/21,48,0.0
ORACLE,R03/training/21,64,0.0
ORACLE,R03/training/21,80,0.0
ORACLE,R03/training/21,96,0.0
ORACLE,R03/training/21,112,0.0
ORACLE,R03/training/21,128,0.0
ORACLE,R03/training/21,144,0.0
ORACLE,R03/training/21,160,0.0
ORACLE,R03/training/21,176,0.0
ORACLE,R03/training/21,192,0.0
ORACLE,R03/training/21,208,0.0
ORACLE,R03/training/21,224,0.0
ORACLE,R03/training/21,240,0.0
ORACLE,R03/training/21,256,0.0
ORACLE,R03/training/21,272,0.0
ORACLE,R03/training/21,288,0.0
ORACLE,R03/training/21,304,0.0
ORACLE,R03/training/21,320,0.0
ORACLE,R03/training/21,336,0.0
ORACLE,R03/training/21,352,0.0
ORACLE,R03/training/21,368,0.0
ORACLE,R03/training/21,384,0.0
ORACLE,R03/training/21,400,0.0
ORACLE,R03/training/21,416,0.0
ORACLE,R03/training/21,432,0.0
ORACLE,R03/training/21,448,0.0
ORACLE,R03/training/21,464,0.0
ORACLE,R03/training/21,480,0.0
ORACLE,R03/training/21,496,0.0
ORACLE,R03/training/21,512,0.0
ORACLE,R03/training/21,528,0.0
ORACLE,R03/training/21,544,0.0
ORACLE,R03/training/21,560,0.0
ORACLE,R03/training/21,576,0.0
ORACLE,R03/training/21,592,0.0
ORACLE,R03/training/21,608,0.0
ORACLE,R03/training/21,624,0.0
ORACLE,R03/training/21,640,0.0
ORACLE,R03/training/21,656,0.0
ORACLE,R03/training/21,672,0.0
ORACLE,R03/training/21,688,0.0
ORACLE,R03/training/21,704,0.0
RANDOM,R03/training/22,0,0.26186401585393726
RANDOM,R03/training/22,16,0.012101415672192695
RANDOM,R03/training/22,32,0.4830084134337993
RANDOM,R03/training/22,48,0.18271225766227794
RANDOM,R03/training/22,64,0.9716312542852679
RANDOM,R03/training/22,80,0.8976984351175483
RANDOM,R03/training/22,96,0.9606648859302717
RANDOM,R03/training/22,112,0.6038696577407527
RANDOM,R03/training/22,128,0.5151603669026421
RANDOM,R03/training/22,144,0.8327178493802309
RANDOM,R03/training/22,160,0.6523489656890211
RANDOM,R03/training/22,176,0.24855767636724513
RANDOM,R03/training/22,192,0.9342860382578622
RANDOM,R03/training/22,208,0.43969944996553134
RANDOM,R03/training/22,224,0.773556228309299
RANDOM,R03/training/22,240,0.5009379569884868
RANDOM,R03/training/22,256,0.18335624310512755
RANDOM,R03/training/22,272,0.2959268470094133
RANDOM,R03/training/22,288,0.5744107688028172
RANDOM,R03/training/22,304,0.14300208426428052
RANDOM,R03/training/22,320,0.013737858616478582
RANDOM,R03/training/22,336,0.43389122434993144
RANDOM,R03/training/22,352,0.7621971718592196
RANDOM,R03/training/22,368,0.614157273742888
RANDOM,R03/training/22,384,0.32414637580737604
RANDOM,R03/training/22,400,0.7172409392954933
RANDOM,R03/training/22,416,0.4845146331098733
RANDOM,R03/training/22,432,0.9995013522570269
RANDOM,R03/training/22,448,0.7760316524447806
RANDOM,R03/training/22,464,0.830631441271759
RANDOM,R03/training/22,480,0.2595489061387781
RANDOM,R03/training/22,496,0.15229496284881394
RANDOM,R03/training/22,512,0.19930390910700002
RANDOM,R03/training/22,528,0.43226496434626605
RANDOM,R03/training/22,544,0.5121491196209004
RANDOM,R03/training/22,560,0.19460934773223448
RANDOM,R03/training/22,576,0.7799447709885816
RANDOM,R03/training/22,592,0.8684311544172296
RANDOM,R03/training/22,608,0.31600498576024083
RANDOM,R03/training/22,624,0.50806419675629
RANDOM,R03/training/22,640,0.5943746025127589
RANDOM,R03/training/22,656,0.7223781739311237
RANDOM,R03/training/22,672,0.1474724544653564
RANDOM,R03/training/22,688,0.28087106140315643
ZERO,R03/training/22,0,0.0
ZERO,R03/training/22,16,0.0
ZERO,R03/training/22,32,0.0
ZERO,R03/training/22,48,0.0
ZERO,R03/training/22,64,0.0
ZERO,R03/training/22,80,0.0
ZERO,R03/training/22,96,0.0
ZERO,R03/training/22,112,0.0
ZERO,R03/training/22,128,0.0
ZERO,R03/training/22,144,0.0
ZERO,R03/training/22,160,0.0
ZERO,R03/training/22,176,0.0
ZERO,R03/training/22,192,0.0
ZERO,R03/training/22,208,0.0
ZERO,R03/training/22,224,0.0
ZERO,R03/training/22,240,0.0
ZERO,R03/training/22,256,0.0
ZERO,R03/training/22,272,0.0
ZERO,R03/training/22,288,0.0
ZERO,R03/training/22,304,0.0
ZERO,R03/training/22,320,0.0
ZERO,R03/training/22,336,0.0
ZERO,R03/training/22,352,0.0
ZERO,R03/training/22,368,0.0
ZERO,R03/training/22,384,0.0
ZERO,R03/training/22,400,0.0
ZERO,R03/training/22,416,0.0
ZERO,R03/training/22,432,0.0
ZERO,R03/training/22,448,0.0
ZERO,R03/training/22,464,0.0
ZERO,R03/training/22,480,0.0
ZERO,R03/training/22,496,0.0
ZERO,R03/training/22,512,0.0
ZERO,R03/training/22,528,0.0
ZERO,R03/training/22,544,0.0
ZERO,R03/training/22,560,0.0
ZERO,R03/training/22,576,0.0
ZERO,R03/training/22,592,0.0
ZERO,R03/training/22,608,0.0
ZERO,R03/training/22,624,0.0
ZERO,R03/training/22,640,0.0
ZERO,R03/training/22,656,0.0
ZERO,R03/training/22,672,0.0
ZERO,R03/training/22,688,0.0
ONE,R03/training/22,0,1.0
ONE,R03/training/22,16,1.0
ONE,R03/training/22,32,1.0
ONE,R03/training/22,48,1.0
ONE,R03/training/22,64,1.0
ONE,R03/training/22,80,1.0
ONE,R03/training/22,96,1.0
ONE,R03/training/22,112,1.0
ONE,R03/training/22,128,1.0
ONE,R03/training/22,144,1.0
ONE,R03/training/22,160,1.0
ONE,R03/training/22,176,1.0
ONE,R03/training/22,192,1.0
ONE,R03/training/22,208,1.0
ONE,R03/training/22,224,1.0
ONE,R03/training/22,240,1.0
ONE,R03/training/22,256,1.0
ONE,R03/training/22,272,1.0
ONE,R03/training/22,288,1.0
ONE,R03/training/22,304,1.0
ONE,R03/training/22,320,1.0
ONE,R03/training/22,336,1.0
ONE,R03/training/22,352,1.0
ONE,R03/training/22,368,1.0
ONE,R03/training/22,384,1.0
ONE,R03/training/22,400,1.0
ONE,R03/training/22,416,1.0
ONE,R03/training/22,432,1.0
ONE,R03/training/22,448,1.0
ONE,R03/training/22,464,1.0
ONE,R03/training/22,480,1.0
ONE,R03/training/22,496,1.0
ONE,R03/training/22,512,1.0
ONE,R03/training/22,528,1.0
ONE,R03/training/22,544,1.0
ONE,R03/training/22,560,1.0
ONE,R03/training/22,576,1.0
ONE,R03/training/22,592,1.0
ONE,R03/training/22,608,1.0
ONE,R03/training/22,624,1.0
ONE,R03/training/22,640,1.0
ONE,R03/training/22,656,1.0
ONE,R03/training/22,672,1.0
ONE,R03/training/22,688,1.0
ORACLE,R03/training/22,0,0.0
ORACLE,R03/training/22,16,0.0
ORACLE,R03/training/22,32,0.0
ORACLE,R03/training/22,48,0.0
ORACLE,R03/training/22,64,0.0
ORACLE,R03/training/22,80,0.0
ORACLE,R03/training/22,96,0.0
ORACLE,R03/training/22,112,0.0
ORACLE,R03/training/22,128,0.0
ORACLE,R03/training/22,144,0.0
ORACLE,R03/training/22,160,0.0
ORACLE,R03/training/22,176,0.0
ORACLE,R03/training/22,192,0.0
ORACLE,R03/training/22,208,0.0
ORACLE,R03/training/22,224,0.0
ORACLE,R03/training/22,240,0.0
ORACLE,R03/training/22,256,0.0
ORACLE,R03/training/22,272,0.0
ORACLE,R03/training/22,288,0.0
ORACLE,R03/training/22,304,0.0
ORACLE,R03/training/22,320,0.0
ORACLE,R03/training/22,336,0.0
ORACLE,R03/training/22,352,0.0
ORACLE,R03/training/22,368,0.0
ORACLE,R03/training/22,384,0.0
ORACLE,R03/training/22,400,0.0
ORACLE,R03/training/22,416,0.0
ORACLE,R03/training/22,432,0.0
ORACLE,R03/training/22,448,0.0
ORACLE,R03/training/22,464,0.0
ORACLE,R03/training/22,480,0.0
ORACLE,R03/training/22,496,0.0
ORACLE,R03/training/22,512,0.0
ORACLE,R03/training/22,528,0.0
ORACLE,R03/training/22,544,0.0
ORACLE,R03/training/22,560,0.0
ORACLE,R03/training/22,576,0.0
ORACLE,R03/training/22,592,0.0
ORACLE,R03/training/22,608,0.0
ORACLE,R03/training/22,624,0.0
ORACLE,R03/training/22,640,0.0
ORACLE,R03/training/22,656,0.0
ORACLE,R03/training/22,672,0.0
ORACLE,R03/training/22,688,0.0
RANDOM,R04/training/02,0,0.7307059958584028
RANDOM,R04/training/02,16,0.5681923142926266
RANDOM,R04/training/02,32,0.8999457934389484
RANDOM,R04/training/02,48,0.4478583619887434
RANDOM,R04/training/02,64,0.406612845033848
RANDOM,R04/training/02,80,0.3065072175307022
RANDOM,R04/training/02,96,0.23137257265474553
RANDOM,R04/training/02,112,0.6507663347633983
RANDOM,R04/training/02,128,0.2646860018226955
RANDOM,R04/training/02,144,0.8622755206430474
RANDOM,R04/training/02,160,0.2706483956521083
RANDOM,R04/training/02,176,0.6733596312251477
RANDOM,R04/training/02,192,0.5681841419017319
RANDOM,R04/training/02,208,0.6284587978789083
RANDOM,R04/training/02,224,0.8954167756318381
RANDOM,R04/training/02,240,0.16998845146941277
RANDOM,R04/training/02,256,0.1498155458754621
RANDOM,R04/training/02,272,0.12190222133530626
RANDOM,R04/training/02,288,0.07643902091821697
RANDOM,R04/training/02,304,0.5342310236037406
RANDOM,R04/training/02,320,0.16573115195227217
RANDOM,R04/training/02,336,0.8071679300934899
RANDOM,R04/training/02,352,0.022610530546880114
RANDOM,R04/training/02,368,0.3746069717348577
RANDOM,R04/training/02,384,0.47320397138856884
RANDOM,R04/training/02,400,0.2165283006768245
ZERO,R04/training/02,0,0.0
ZERO,R04/training/02,16,0.0
ZERO,R04/training/02,32,0.0
ZERO,R04/training/02,48,0.0
ZERO,R04/training/02,64,0.0
ZERO,R04/training/02,80,0.0
ZERO,R04/training/02,96,0.0
ZERO,R04/training/02,112,0.0
ZERO,R04/training/02,128,0.0
ZERO,R04/training/02,144,0.0
ZERO,R04/training/02,160,0.0
ZERO,R04/training/02,176,0.0
ZERO,R04/training/02,192,0.0
ZERO,R04/training/02,208,0.0
ZERO,R04/training/02,224,0.0
ZERO,R04/training/02,240,0.0
ZERO,R04/training/02,256,0.0
ZERO,R04/training/02,272,0.0
ZERO,R04/training/02,288,0.0
ZERO,R04/training/02,304,0.0
ZERO,R04/training/02,320,0.0
ZERO,R04/training/02,336,0.0
ZERO,R04/training/02,352,0.0
ZERO,R04/training/02,368,0.0
ZERO,R04/training/02,384,0.0
ZERO,R04/training/02,400,0.0
ONE,R04/training/02,0,1.0
ONE,R04/training/02,16,1.0
ONE,R04/training/02,32,1.0
ONE,R04/training/02,48,1.0
ONE,R04/training/02,64,1.0
ONE,R04/training/02,80,1.0
ONE,R04/training/02,96,1.0
ONE,R04/training/02,112,1.0
ONE,R04/training/02,128,1.0
ONE,R04/training/02,144,1.0
ONE,R04/training/02,160,1.0
ONE,R04/training/02,176,1.0
ONE,R04/training/02,192,1.0
ONE,R04/training/02,208,1.0
ONE,R04/training/02,224,1.0
ONE,R04/training/02,240,1.0
ONE,R04/training/02,256,1.0
ONE,R04/training/02,272,1.0
ONE,R04/training/02,288,1.0
ONE,R04/training/02,304,1.0
ONE,R04/training/02,320,1.0
ONE,R04/training/02,336,1.0
ONE,R04/training/02,352,1.0
ONE,R04/training/02,368,1.0
ONE,R04/training/02,384,1.0
ONE,R04/training/02,400,1.0
ORACLE,R04/training/02,0,0.0
ORACLE,R04/training/02,16,0.0
ORACLE,R04/training/02,32,0.0
ORACLE,R04/training/02,48,0.0
ORACLE,R04/training/02,64,0.0
ORACLE,R04/training/02,80,0.0
ORACLE,R04/training/02,96,0.0
ORACLE,R04/training/02,112,0.0
ORACLE,R04/training/02,128,0.0
ORACLE,R04/training/02,144,0.0
ORACLE,R04/training/02,160,0.0
ORACLE,R04/training/02,176,0.0
ORACLE,R04/training/02,192,0.0
ORACLE,R04/training/02,208,0.0
ORACLE,R04/training/02,224,0.0
ORACLE,R04/training/02,240,0.0
ORACLE,R04/training/02,256,0.0
ORACLE,R04/training/02,272,0.0
ORACLE,R04/training/02,288,0.0
ORACLE,R04/training/02,304,0.0
ORACLE,R04/training/02,320,0.0
ORACLE,R04/training/02,336,0.0
ORACLE,R04/training/02,352,0.0
ORACLE,R04/training/02,368,0.0
ORACLE,R04/training/02,384,0.0
ORACLE,R04/training/02,400,0.0
RANDOM,R04/training/17,0,0.3559062195172905
RANDOM,R04/training/17,16,0.22279143552845215
RANDOM,R04/training/17,32,0.28182810633472577
RANDOM,R04/training/17,48,0.9268710607285915
RANDOM,R04/training/17,64,0.4171753663098261
RANDOM,R04/training/17,80,0.38586494126072
RANDOM,R04/training/17,96,0.6111744524341742
RANDOM,R04/training/17,112,0.6641418567485056
RANDOM,R04/training/17,128,0.6602765449276847
RANDOM,R04/training/17,144,0.08475896722401388
RANDOM,R04/training/17,160,0.5819025790346892
RANDOM,R04/training/17,176,0.7359235998979756
RANDOM,R04/training/17,192,0.7955683661434495
RANDOM,R04/training/17,208,0.5885342519393526
RANDOM,R04/training/17,224,0.1305730582345579
RANDOM,R04/training/17,240,0.08374032389677899
RANDOM,R04/training/17,256,0.3230536931058179
RANDOM,R04/training/17,272,0.9275588094659627
RANDOM,R04/training/17,288,0.4726175288334824
RANDOM,R04/training/17,304,0.8954739071476481
RANDOM,R04/training/17,320,0.4596749532770249
RANDOM,R04/training/17,336,0.755118106560127
RANDOM,R04/training/17,352,0.48512717568964037
RANDOM,R04/training/17,368,0.7087022614323838
ZERO,R04/training/17,0,0.0
ZERO,R04/training/17,16,0.0
ZERO,R04/training/17,32,0.0
ZERO,R04/training/17,48,0.0
ZERO,R04/training/17,64,0.0
ZERO,R04/training/17,80,0.0
ZERO,R04/training/17,96,0.0
ZERO,R04/training/17,112,0.0
ZERO,R04/training/17,128,0.0
ZERO,R04/training/17,144,0.0
ZERO,R04/training/17,160,0.0
ZERO,R04/training/17,176,0.0
ZERO,R04/training/17,192,0.0
ZERO,R04/training/17,208,0.0
ZERO,R04/training/17,224,0.0
ZERO,R04/training/17,240,0.0
ZERO,R04/training/17,256,0.0
ZERO,R04/training/17,272,0.0
ZERO,R04/training/17,288,0.0
ZERO,R04/training/17,304,0.0
ZERO,R04/training/17,320,0.0
ZERO,R04/training/17,336,0.0
ZERO,R04/training/17,352,0.0
ZERO,R04/training/17,368,0.0
ONE,R04/training/17,0,1.0
ONE,R04/training/17,16,1.0
ONE,R04/training/17,32,1.0
ONE,R04/training/17,48,1.0
ONE,R04/training/17,64,1.0
ONE,R04/training/17,80,1.0
ONE,R04/training/17,96,1.0
ONE,R04/training/17,112,1.0
ONE,R04/training/17,128,1.0
ONE,R04/training/17,144,1.0
ONE,R04/training/17,160,1.0
ONE,R04/training/17,176,1.0
ONE,R04/training/17,192,1.0
ONE,R04/training/17,208,1.0
ONE,R04/training/17,224,1.0
ONE,R04/training/17,240,1.0
ONE,R04/training/17,256,1.0
ONE,R04/training/17,272,1.0
ONE,R04/training/17,288,1.0
ONE,R04/training/17,304,1.0
ONE,R04/training/17,320,1.0
ONE,R04/training/17,336,1.0
ONE,R04/training/17,352,1.0
ONE,R04/training/17,368,1.0
ORACLE,R04/training/17,0,0.0
ORACLE,R04/training/17,16,0.0
ORACLE,R04/training/17,32,0.0
ORACLE,R04/training/17,48,0.0
ORACLE,R04/training/17,64,0.0
ORACLE,R04/training/17,80,0.0
ORACLE,R04/training/17,96,0.0
ORACLE,R04/training/17,112,0.0
ORACLE,R04/training/17,128,0.0
ORACLE,R04/training/17,144,0.0
ORACLE,R04/training/17,160,0.0
ORACLE,R04/training/17,176,0.0
ORACLE,R04/training/17,192,0.0
ORACLE,R04/training/17,208,0.0
ORACLE,R04/training/17,224,0.0
ORACLE,R04/training/17,240,0.0
ORACLE,R04/training/17,256,0.0
ORACLE,R04/training/17,272,0.0
ORACLE,R04/training/17,288,0.0
ORACLE,R04/training/17,304,0.0
ORACLE,R04/training/17,320,0.0
ORACLE,R04/training/17,336,0.0
ORACLE,R04/training/17,352,0.0
ORACLE,R04/training/17,368,0.0
RANDOM,R04/training/18,0,0.3171792766671796
RANDOM,R04/training/18,16,0.8898652636367038
RANDOM,R04/training/18,32,0.26570806873658315
RANDOM,R04/training/18,48,0.0061768287842781655
RANDOM,R04/training/18,64,0.721165786116842
RANDOM,R04/training/18,80,0.6766044632445796
RANDOM,R04/training/18,96,0.6569014499256771
RANDOM,R04/training/18,112,0.6874150023133265
RANDOM,R04/training/18,128,0.5862642110184831
RANDOM,R04/training/18,144,0.11527895307851443
RANDOM,R04/training/18,160,0.6692037223800513
RANDOM,R04/training/18,176,0.006598523780704801
RANDOM,R04/training/18,192,0.18284287895470064
RANDOM,R04/training/18,208,0.42087840519534825
RANDOM,R04/training/18,224,0.37836938040865464
RANDOM,R04/training/18,240,0.1189651624145176
RANDOM,R04/training/18,256,0.42695760403988736
RANDOM,R04/training/18,272,0.6236172436233424
RANDOM,R04/training/18,288,0.377463431532434
RANDOM,R04/training/18,304,0.7084994832867091
RANDOM,R04/training/18,320,0.23092209537827701
RANDOM,R04/training/18,336,0.14382527227092345
RANDOM,R04/training/18,352,0.7488998444884865
RANDOM,R04/training/18,368,0.6687281297620549
RANDOM,R04/training/18,384,0.4293706932947625
RANDOM,R04/training/18,400,0.13676728481771305
ZERO,R04/training/18,0,0.0
ZERO,R04/training/18,16,0.0
ZERO,R04/training/18,32,0.0
ZERO,R04/training/18,48,0.0
ZERO,R04/training/18,64,0.0
ZERO,R04/training/18,80,0.0
ZERO,R04/training/18,96,0.0
ZERO,R04/training/18,112,0.0
ZERO,R04/training/18,128,0.0
ZERO,R04/training/18,144,0.0
ZERO,R04/training/18,160,0.0
ZERO,R04/training/18,176,0.0
ZERO,R04/training/18,192,0.0
ZERO,R04/training/18,208,0.0
ZERO,R04/training/18,224,0.0
ZERO,R04/training/18,240,0.0
ZERO,R04/training/18,256,0.0
ZERO,R04/training/18,272,0.0
ZERO,R04/training/18,288,0.0
ZERO,R04/training/18,304,0.0
ZERO,R04/training/18,320,0.0
ZERO,R04/training/18,336,0.0
ZERO,R04/training/18,352,0.0
ZERO,R04/training/18,368,0.0
ZERO,R04/training/18,384,0.0
ZERO,R04/training/18,400,0.0
ONE,R04/training/18,0,1.0
ONE,R04/training/18,16,1.0
ONE,R04/training/18,32,1.0
ONE,R04/training/18,48,1.0
ONE,R04/training/18,64,1.0
ONE,R04/training/18,80,1.0
ONE,R04/training/18,96,1.0
ONE,R04/training/18,112,1.0
ONE,R04/training/18,128,1.0
ONE,R04/training/18,144,1.0
ONE,R04/training/18,160,1.0
ONE,R04/training/18,176,1.0
ONE,R04/training/18,192,1.0
ONE,R04/training/18,208,1.0
ONE,R04/training/18,224,1.0
ONE,R04/training/18,240,1.0
ONE,R04/training/18,256,1.0
ONE,R04/training/18,272,1.0
ONE,R04/training/18,288,1.0
ONE,R04/training/18,304,1.0
ONE,R04/training/18,320,1.0
ONE,R04/training/18,336,1.0
ONE,R04/training/18,352,1.0
ONE,R04/training/18,368,1.0
ONE,R04/training/18,384,1.0
ONE,R04/training/18,400,1.0
ORACLE,R04/training/18,0,0.0
ORACLE,R04/training/18,16,0.0
ORACLE,R04/training/18,32,0.0
ORACLE,R04/training/18,48,0.0
ORACLE,R04/training/18,64,0.0
ORACLE,R04/training/18,80,0.0
ORACLE,R04/training/18,96,0.0
ORACLE,R04/training/18,112,0.0
ORACLE,R04/training/18,128,0.0
ORACLE,R04/training/18,144,0.0
ORACLE,R04/training/18,160,0.0
ORACLE,R04/training/18,176,0.0
ORACLE,R04/training/18,192,0.0
ORACLE,R04/training/18,208,0.0
ORACLE,R04/training/18,224,0.0
ORACLE,R04/training/18,240,0.0
ORACLE,R04/training/18,256,0.0
ORACLE,R04/training/18,272,0.0
ORACLE,R04/training/18,288,0.0
ORACLE,R04/training/18,304,0.0
ORACLE,R04/training/18,320,0.0
ORACLE,R04/training/18,336,0.0
ORACLE,R04/training/18,352,0.0
ORACLE,R04/training/18,368,0.0
ORACLE,R04/training/18,384,0.0
ORACLE,R04/training/18,400,0.0
RANDOM,R04/training/20,0,0.6636837393289772
RANDOM,R04/training/20,16,0.7499557499262143
RANDOM,R04/training/20,32,0.16394265320782597
RANDOM,R04/training/20,48,0.6893017369301842
RANDOM,R04/training/20,64,0.3556370863817859
RANDOM,R04/training/20,80,0.915118614889683
RANDOM,R04/training/20,96,0.7515396876083913
RANDOM,R04/training/20,112,0.2737311702333963
RANDOM,R04/training/20,128,0.938026319637804
RANDOM,R04/training/20,144,0.02523275610463449
RANDOM,R04/training/20,160,0.18482401447839825
RANDOM,R04/training/20,176,0.241902971147135
RANDOM,R04/training/20,192,0.7320800833698843
RANDOM,R04/training/20,208,0.5261680305016215
RANDOM,R04/training/20,224,0.4643754078940663
RANDOM,R04/training/20,240,0.2225333387721835
RANDOM,R04/training/20,256,0.7564671103596112
RANDOM,R04/training/20,272,0.11710640805159289
RANDOM,R04/training/20,288,0.24734122040485584
RANDOM,R04/training/20,304,0.8063603195749761
RANDOM,R04/training/20,320,0.451047464466092
RANDOM,R04/training/20,336,0.8768177365996089
RANDOM,R04/training/20,352,0.601664104232256
RANDOM,R04/training/20,368,0.789544646958382
RANDOM,R04/training/20,384,0.18740327292912107
RANDOM,R04/training/20,400,0.31622186767646676
ZERO,R04/training/20,0,0.0
ZERO,R04/training/20,16,0.0
ZERO,R04/training/20,32,0.0
ZERO,R04/training/20,48,0.0
ZERO,R04/training/20,64,0.0
ZERO,R04/training/20,80,0.0
ZERO,R04/training/20,96,0.0
ZERO,R04/training/20,112,0.0
ZERO,R04/training/20,128,0.0
ZERO,R04/training/20,144,0.0
ZERO,R04/training/20,160,0.0
ZERO,R04/training/20,176,0.0
ZERO,R04/training/20,192,0.0
ZERO,R04/training/20,208,0.0
ZERO,R04/training/20,224,0.0
ZERO,R04/training/20,240,0.0
ZERO,R04/training/20,256,0.0
ZERO,R04/training/20,272,0.0
ZERO,R04/training/20,288,0.0
ZERO,R04/training/20,304,0.0
ZERO,R04/training/20,320,0.0
ZERO,R04/training/20,336,0.0
ZERO,R04/training/20,352,0.0
ZERO,R04/training/20,368,0.0
ZERO,R04/training/20,384,0.0
ZERO,R04/training/20,400,0.0
ONE,R04/training/20,0,1.0
ONE,R04/training/20,16,1.0
ONE,R04/training/20,32,1.0
ONE,R04/training/20,48,1.0
ONE,R04/training/20,64,1.0
ONE,R04/training/20,80,1.0
ONE,R04/training/20,96,1.0
ONE,R04/training/20,112,1.0
ONE,R04/training/20,128,1.0
ONE,R04/training/20,144,1.0
ONE,R04/training/20,160,1.0
ONE,R04/training/20,176,1.0
ONE,R04/training/20,192,1.0
ONE,R04/training/20,208,1.0
ONE,R04/training/20,224,1.0
ONE,R04/training/20,240,1.0
ONE,R04/training/20,256,1.0
ONE,R04/training/20,272,1.0
ONE,R04/training/20,288,1.0
ONE,R04/training/20,304,1.0
ONE,R04/training/20,320,1.0
ONE,R04/training/20,336,1.0
ONE,R04/training/20,352,1.0
ONE,R04/training/20,368,1.0
ONE,R04/training/20,384,1.0
ONE,R04/training/20,400,1.0
ORACLE,R04/training/20,0,0.0
ORACLE,R04/training/20,16,0.0
ORACLE,R04/training/20,32,0.0
ORACLE,R04/training/20,48,0.0
ORACLE,R04/training/20,64,0.0
ORACLE,R04/training/20,80,0.0
ORACLE,R04/training/20,96,0.0
ORACLE,R04/training/20,112,0.0
ORACLE,R04/training/20,128,0.0
ORACLE,R04/training/20,144,0.0
ORACLE,R04/training/20,160,0.0
ORACLE,R04/training/20,176,0.0
ORACLE,R04/training/20,192,0.0
ORACLE,R04/training/20,208,0.0
ORACLE,R04/training/20,224,0.0
ORACLE,R04/training/20,240,0.0
ORACLE,R04/training/20,256,0.0
ORACLE,R04/training/20,272,0.0
ORACLE,R04/training/20,288,0.0
ORACLE,R04/training/20,304,0.0
ORACLE,R04/training/20,320,0.0
ORACLE,R04/training/20,336,0.0
ORACLE,R04/training/20,352,0.0
ORACLE,R04/training/20,368,0.0
ORACLE,R04/training/20,384,0.0
ORACLE,R04/training/20,400,0.0
RANDOM,R04/training/25,0,0.3767060518006826
RANDOM,R04/training/25,16,0.4941992058820347
RANDOM,R04/training/25,32,0.4724670244775304
RANDOM,R04/training/25,48,0.8224661575824719
RANDOM,R04/training/25,64,0.1731905319120426
RANDOM,R04/training/25,80,0.8514859146296521
RANDOM,R04/training/25,96,0.8890462941434096
RANDOM,R04/training/25,112,0.07551903556109762
RANDOM,R04/training/25,128,0.009390369621182337
RANDOM,R04/training/25,144,0.29275297281953516
RANDOM,R04/training/25,160,0.4007447677615643
RANDOM,R04/training/25,176,0.9704494067485071
RANDOM,R04/training/25,192,0.07140859705348279
RANDOM,R04/training/25,208,0.7813052652283013
RANDOM,R04/training/25,224,0.47542495358772874
RANDOM,R04/training/25,240,0.12987352477313463
RANDOM,R04/training/25,256,0.36608030867065855
RANDOM,R04/training/25,272,0.3809014070809107
RANDOM,R04/training/25,288,0.24357250030214583
RANDOM,R04/training/25,304,0.2943637575238798
RANDOM,R04/training/25,320,0.419918831202575
RANDOM,R04/training/25,336,0.9622613949147543
RANDOM,R04/training/25,352,0.458860568981583
RANDOM,R04/training/25,368,0.9501350121123174
RANDOM,R04/training/25,384,0.03053207158355553
RANDOM,R04/training/25,400,0.0661102585732195
ZERO,R04/training/25,0,0.0
ZERO,R04/training/25,16,0.0
ZERO,R04/training/25,32,0.0
ZERO,R04/training/25,48,0.0
ZERO,R04/training/25,64,0.0
ZERO,R04/training/25,80,0.0
ZERO,R04/training/25,96,0.0
ZERO,R04/training/25,112,0.0
ZERO,R04/training/25,128,0.0
ZERO,R04/training/25,144,0.0
ZERO,R04/training/25,160,0.0
ZERO,R04/training/25,176,0.0
ZERO,R04/training/25,192,0.0
ZERO,R04/training/25,208,0.0
ZERO,R04/training/25,224,0.0
ZERO,R04/training/25,240,0.0
ZERO,R04/training/25,256,0.0
ZERO,R04/training/25,272,0.0
ZERO,R04/training/25,288,0.0
ZERO,R04/training/25,304,0.0
ZERO,R04/training/25,320,0.0
ZERO,R04/training/25,336,0.0
ZERO,R04/training/25,352,0.0
ZERO,R04/training/25,368,0.0
ZERO,R04/training/25,384,0.0
ZERO,R04/training/25,400,0.0
ONE,R04/training/25,0,1.0
ONE,R04/training/25,16,1.0
ONE,R04/training/25,32,1.0
ONE,R04/training/25,48,1.0
ONE,R04/training/25,64,1.0
ONE,R04/training/25,80,1.0
ONE,R04/training/25,96,1.0
ONE,R04/training/25,112,1.0
ONE,R04/training/25,128,1.0
ONE,R04/training/25,144,1.0
ONE,R04/training/25,160,1.0
ONE,R04/training/25,176,1.0
ONE,R04/training/25,192,1.0
ONE,R04/training/25,208,1.0
ONE,R04/training/25,224,1.0
ONE,R04/training/25,240,1.0
ONE,R04/training/25,256,1.0
ONE,R04/training/25,272,1.0
ONE,R04/training/25,288,1.0
ONE,R04/training/25,304,1.0
ONE,R04/training/25,320,1.0
ONE,R04/training/25,336,1.0
ONE,R04/training/25,352,1.0
ONE,R04/training/25,368,1.0
ONE,R04/training/25,384,1.0
ONE,R04/training/25,400,1.0
ORACLE,R04/training/25,0,0.0
ORACLE,R04/training/25,16,0.0
ORACLE,R04/training/25,32,0.0
ORACLE,R04/training/25,48,0.0
ORACLE,R04/training/25,64,0.0
ORACLE,R04/training/25,80,0.0
ORACLE,R04/training/25,96,0.0
ORACLE,R04/training/25,112,0.0
ORACLE,R04/training/25,128,0.0
ORACLE,R04/training/25,144,0.0
ORACLE,R04/training/25,160,0.0
ORACLE,R04/training/25,176,0.0
ORACLE,R04/training/25,192,0.0
ORACLE,R04/training/25,208,0.0
ORACLE,R04/training/25,224,0.0
ORACLE,R04/training/25,240,0.0
ORACLE,R04/training/25,256,0.0
ORACLE,R04/training/25,272,0.0
ORACLE,R04/training/25,288,0.0
ORACLE,R04/training/25,304,0.0
ORACLE,R04/training/25,320,0.0
ORACLE,R04/training/25,336,0.0
ORACLE,R04/training/25,352,0.0
ORACLE,R04/training/25,368,0.0
ORACLE,R04/training/25,384,0.0
ORACLE,R04/training/25,400,0.0
RANDOM,R01/testing/06,0,0.027815906197269258
RANDOM,R01/testing/06,16,0.6659446382623543
RANDOM,R01/testing/06,32,0.22023269111379518
RANDOM,R01/testing/06,48,0.5764201812930485
RANDOM,R01/testing/06,64,0.7953661356054246
RANDOM,R01/testing/06,80,0.33181391865850374
RANDOM,R01/testing/06,96,0.2456774927090868
RANDOM,R01/testing/06,112,0.7254085871405749
RANDOM,R01/testing/06,128,0.4758977932995704
RANDOM,R01/testing/06,144,0.1492101460493006
RANDOM,R01/testing/06,160,0.08744511746968864
RANDOM,R01/testing/06,176,0.7371675011394206
RANDOM,R01/testing/06,192,0.8604123348789248
RANDOM,R01/testing/06,208,0.8903620782835129
RANDOM,R01/testing/06,224,0.5100890074847036
ZERO,R01/testing/06,0,0.0
ZERO,R01/testing/06,16,0.0
ZERO,R01/testing/06,32,0.0
ZERO,R01/testing/06,48,0.0
ZERO,R01/testing/06,64,0.0
ZERO,R01/testing/06,80,0.0
ZERO,R01/testing/06,96,0.0
ZERO,R01/testing/06,112,0.0
ZERO,R01/testing/06,128,0.0
ZERO,R01/testing/06,144,0.0
ZERO,R01/testing/06,160,0.0
ZERO,R01/testing/06,176,0.0
ZERO,R01/testing/06,192,0.0
ZERO,R01/testing/06,208,0.0
ZERO,R01/testing/06,224,0.0
ONE,R01/testing/06,0,1.0
ONE,R01/testing/06,16,1.0
ONE,R01/testing/06,32,1.0
ONE,R01/testing/06,48,1.0
ONE,R01/testing/06,64,1.0
ONE,R01/testing/06,80,1.0
ONE,R01/testing/06,96,1.0
ONE,R01/testing/06,112,1.0
ONE,R01/testing/06,128,1.0
ONE,R01/testing/06,144,1.0
ONE,R01/testing/06,160,1.0
ONE,R01/testing/06,176,1.0
ONE,R01/testing/06,192,1.0
ONE,R01/testing/06,208,1.0
ONE,R01/testing/06,224,1.0
ORACLE,R01/testing/06,0,1.0
ORACLE,R01/testing/06,16,1.0
ORACLE,R01/testing/06,32,1.0
ORACLE,R01/testing/06,48,1.0
ORACLE,R01/testing/06,64,1.0
ORACLE,R01/testing/06,80,1.0
ORACLE,R01/testing/06,96,1.0
ORACLE,R01/testing/06,112,1.0
ORACLE,R01/testing/06,128,1.0
ORACLE,R01/testing/06,144,1.0
ORACLE,R01/testing/06,160,1.0
ORACLE,R01/testing/06,176,1.0
ORACLE,R01/testing/06,192,1.0
ORACLE,R01/testing/06,208,1.0
ORACLE,R01/testing/06,224,1.0
RANDOM,R01/testing/08,0,0.15345456636464716
RANDOM,R01/testing/08,16,0.22565741227847802
RANDOM,R01/testing/08,32,0.4535238890209351
RANDOM,R01/testing/08,48,0.8518573736056136
RANDOM,R01/testing/08,64,0.6501974188352687
RANDOM,R01/testing/08,80,0.2742069569533242
RANDOM,R01/testing/08,96,0.7559386415571794
RANDOM,R01/testing/08,112,0.4354401753206102
RANDOM,R01/testing/08,128,0.9827639451941653
RANDOM,R01/testing/08,144,0.4287271374848053
RANDOM,R01/testing/08,160,0.8371963489035462
RANDOM,R01/testing/08,176,0.01454163136101938
RANDOM,R01/testing/08,192,0.7182212650931682
RANDOM,R01/testing/08,208,0.39847844278491207
RANDOM,R01/testing/08,224,0.4990093079898348
ZERO,R01/testing/08,0,0.0
ZERO,R01/testing/08,16,0.0
ZERO,R01/testing/08,32,0.0
ZERO,R01/testing/08,48,0.0
ZERO,R01/testing/08,64,0.0
ZERO,R01/testing/08,80,0.0
ZERO,R01/testing/08,96,0.0
ZERO,R01/testing/08,112,0.0
ZERO,R01/testing/08,128,0.0
ZERO,R01/testing/08,144,0.0
ZERO,R01/testing/08,160,0.0
ZERO,R01/testing/08,176,0.0
ZERO,R01/testing/08,192,0.0
ZERO,R01/testing/08,208,0.0
ZERO,R01/testing/08,224,0.0
ONE,R01/testing/08,0,1.0
ONE,R01/testing/08,16,1.0
ONE,R01/testing/08,32,1.0
ONE,R01/testing/08,48,1.0
ONE,R01/testing/08,64,1.0
ONE,R01/testing/08,80,1.0
ONE,R01/testing/08,96,1.0
ONE,R01/testing/08,112,1.0
ONE,R01/testing/08,128,1.0
ONE,R01/testing/08,144,1.0
ONE,R01/testing/08,160,1.0
ONE,R01/testing/08,176,1.0
ONE,R01/testing/08,192,1.0
ONE,R01/testing/08,208,1.0
ONE,R01/testing/08,224,1.0
ORACLE,R01/testing/08,0,0.0
ORACLE,R01/testing/08,16,1.0
ORACLE,R01/testing/08,32,1.0
ORACLE,R01/testing/08,48,1.0
ORACLE,R01/testing/08,64,1.0
ORACLE,R01/testing/08,80,1.0
ORACLE,R01/testing/08,96,1.0
ORACLE,R01/testing/08,112,1.0
ORACLE,R01/testing/08,128,1.0
ORACLE,R01/testing/08,144,1.0
ORACLE,R01/testing/08,160,1.0
ORACLE,R01/testing/08,176,1.0
ORACLE,R01/testing/08,192,1.0
ORACLE,R01/testing/08,208,1.0
ORACLE,R01/testing/08,224,0.0
RANDOM,R01/testing/09,0,0.19882580036557884
RANDOM,R01/testing/09,16,0.9295115137269889
RANDOM,R01/testing/09,32,0.19964501338118745
RANDOM,R01/testing/09,48,0.5615867040751434
RANDOM,R01/testing/09,64,0.5973456235768031
RANDOM,R01/testing/09,80,0.8584434272995116
RANDOM,R01/testing/09,96,0.4666665396856099
RANDOM,R01/testing/09,112,0.8298912811609488
RANDOM,R01/testing/09,128,0.5238965642269047
RANDOM,R01/testing/09,144,0.9563346594226189
RANDOM,R01/testing/09,160,0.7166078337322687
RANDOM,R01/testing/09,176,0.9121052609840152
RANDOM,R01/testing/09,192,0.9423605323086545
RANDOM,R01/testing/09,208,0.8022461563180587
RANDOM,R01/testing/09,224,0.12236754659550675
ZERO,R01/testing/09,0,0.0
ZERO,R01/testing/09,16,0.0
ZERO,R01/testing/09,32,0.0
ZERO,R01/testing/09,48,0.0
ZERO,R01/testing/09,64,0.0
ZERO,R01/testing/09,80,0.0
ZERO,R01/testing/09,96,0.0
ZERO,R01/testing/09,112,0.0
ZERO,R01/testing/09,128,0.0
ZERO,R01/testing/09,144,0.0
ZERO,R01/testing/09,160,0.0
ZERO,R01/testing/09,176,0.0
ZERO,R01/testing/09,192,0.0
ZERO,R01/testing/09,208,0.0
ZERO,R01/testing/09,224,0.0
ONE,R01/testing/09,0,1.0
ONE,R01/testing/09,16,1.0
ONE,R01/testing/09,32,1.0
ONE,R01/testing/09,48,1.0
ONE,R01/testing/09,64,1.0
ONE,R01/testing/09,80,1.0
ONE,R01/testing/09,96,1.0
ONE,R01/testing/09,112,1.0
ONE,R01/testing/09,128,1.0
ONE,R01/testing/09,144,1.0
ONE,R01/testing/09,160,1.0
ONE,R01/testing/09,176,1.0
ONE,R01/testing/09,192,1.0
ONE,R01/testing/09,208,1.0
ONE,R01/testing/09,224,1.0
ORACLE,R01/testing/09,0,0.0
ORACLE,R01/testing/09,16,0.0
ORACLE,R01/testing/09,32,0.0
ORACLE,R01/testing/09,48,0.0
ORACLE,R01/testing/09,64,0.0
ORACLE,R01/testing/09,80,0.0
ORACLE,R01/testing/09,96,0.0
ORACLE,R01/testing/09,112,0.0
ORACLE,R01/testing/09,128,0.0
ORACLE,R01/testing/09,144,0.0
ORACLE,R01/testing/09,160,0.0
ORACLE,R01/testing/09,176,0.0
ORACLE,R01/testing/09,192,0.0
ORACLE,R01/testing/09,208,0.0
ORACLE,R01/testing/09,224,0.0
RANDOM,R01/testing/10,0,0.12442859823434937
RANDOM,R01/testing/10,16,0.6162417502970512
RANDOM,R01/testing/10,32,0.2712066827619659
RANDOM,R01/testing/10,48,0.38515232422627244
RANDOM,R01/testing/10,64,0.17382817662362737
RANDOM,R01/testing/10,80,0.7621716630603876
RANDOM,R01/testing/10,96,0.8544977036455471
RANDOM,R01/testing/10,112,0.1328046270642882
RANDOM,R01/testing/10,128,0.5168349367640347
RANDOM,R01/testing/10,144,0.39501292999758697
RANDOM,R01/testing/10,160,0.7900153179807999
RANDOM,R01/testing/10,176,0.4649923001754772
RANDOM,R01/testing/10,192,0.7308090491481728
RANDOM,R01/testing/10,208,0.5661038765794069
RANDOM,R01/testing/10,224,0.9782481140195477
ZERO,R01/testing/10,0,0.0
ZERO,R01/testing/10,16,0.0
ZERO,R01/testing/10,32,0.0
ZERO,R01/testing/10,48,0.0
ZERO,R01/testing/10,64,0.0
ZERO,R01/testing/10,80,0.0
ZERO,R01/testing/10,96,0.0
ZERO,R01/testing/10,112,0.0
ZERO,R01/testing/10,128,0.0
ZERO,R01/testing/10,144,0.0
ZERO,R01/testing/10,160,0.0
ZERO,R01/testing/10,176,0.0
ZERO,R01/testing/10,192,0.0
ZERO,R01/testing/10,208,0.0
ZERO,R01/testing/10,224,0.0
ONE,R01/testing/10,0,1.0
ONE,R01/testing/10,16,1.0
ONE,R01/testing/10,32,1.0
ONE,R01/testing/10,48,1.0
ONE,R01/testing/10,64,1.0
ONE,R01/testing/10,80,1.0
ONE,R01/testing/10,96,1.0
ONE,R01/testing/10,112,1.0
ONE,R01/testing/10,128,1.0
ONE,R01/testing/10,144,1.0
ONE,R01/testing/10,160,1.0
ONE,R01/testing/10,176,1.0
ONE,R01/testing/10,192,1.0
ONE,R01/testing/10,208,1.0
ONE,R01/testing/10,224,1.0
ORACLE,R01/testing/10,0,0.0
ORACLE,R01/testing/10,16,0.0
ORACLE,R01/testing/10,32,0.0
ORACLE,R01/testing/10,48,0.0
ORACLE,R01/testing/10,64,0.0
ORACLE,R01/testing/10,80,0.0
ORACLE,R01/testing/10,96,0.0
ORACLE,R01/testing/10,112,0.0
ORACLE,R01/testing/10,128,0.0
ORACLE,R01/testing/10,144,0.0
ORACLE,R01/testing/10,160,0.0
ORACLE,R01/testing/10,176,0.0
ORACLE,R01/testing/10,192,0.0
ORACLE,R01/testing/10,208,0.0
ORACLE,R01/testing/10,224,0.0
RANDOM,R02/testing/02,0,0.4196330759479471
RANDOM,R02/testing/02,16,0.9876708696600728
RANDOM,R02/testing/02,32,0.4154385832931349
RANDOM,R02/testing/02,48,0.1826686513908088
RANDOM,R02/testing/02,64,0.78208106043741
RANDOM,R02/testing/02,80,0.2717190023531588
RANDOM,R02/testing/02,96,0.5657547308350559
RANDOM,R02/testing/02,112,0.6460150798913267
RANDOM,R02/testing/02,128,0.19967725815300985
RANDOM,R02/testing/02,144,0.03440693567802455
RANDOM,R02/testing/02,160,0.9870333435599575
RANDOM,R02/testing/02,176,0.8173901430779064
RANDOM,R02/testing/02,192,0.12370525495947704
RANDOM,R02/testing/02,208,0.8479694301231584
RANDOM,R02/testing/02,224,0.25813020175160895
RANDOM,R02/testing/02,240,0.24728474038832604
RANDOM,R02/testing/02,256,0.7726163503831625
RANDOM,R02/testing/02,272,0.7573620123571221
RANDOM,R02/testing/02,288,0.8459573439320407
RANDOM,R02/testing/02,304,0.13665200788665877
RANDOM,R02/testing/02,320,0.7475861752250856
RANDOM,R02/testing/02,336,0.46982387427320615
RANDOM,R02/testing/02,352,0.3258834081273855
RANDOM,R02/testing/02,368,0.7343028775489074
RANDOM,R02/testing/02,384,0.8451430809582015
RANDOM,R02/testing/02,400,0.3224607575631726
RANDOM,R02/testing/02,416,0.15481155666046198
RANDOM,R02/testing/02,432,0.991684718333888
RANDOM,R02/testing/02,448,0.9191899892378982
RANDOM,R02/testing/02,464,0.28984114981603737
RANDOM,R02/testing/02,480,0.8144143079996651
RANDOM,R02/testing/02,496,0.08969322221638654
RANDOM,R02/testing/02,512,0.9125459074536547
RANDOM,R02/testing/02,528,0.7746522352650038
RANDOM,R02/testing/02,544,0.19686311476052654
RANDOM,R02/testing/02,560,0.2956872469976992
RANDOM,R02/testing/02,576,0.5955548548409993
RANDOM,R02/testing/02,592,0.355757664231393
ZERO,R02/testing/02,0,0.0
ZERO,R02/testing/02,16,0.0
ZERO,R02/testing/02,32,0.0
ZERO,R02/testing/02,48,0.0
ZERO,R02/testing/02,64,0.0
ZERO,R02/testing/02,80,0.0
ZERO,R02/testing/02,96,0.0
ZERO,R02/testing/02,112,0.0
ZERO,R02/testing/02,128,0.0
ZERO,R02/testing/02,144,0.0
ZERO,R02/testing/02,160,0.0
ZERO,R02/testing/02,176,0.0
ZERO,R02/testing/02,192,0.0
ZERO,R02/testing/02,208,0.0
ZERO,R02/testing/02,224,0.0
ZERO,R02/testing/02,240,0.0
ZERO,R02/testing/02,256,0.0
ZERO,R02/testing/02,272,0.0
ZERO,R02/testing/02,288,0.0
ZERO,R02/testing/02,304,0.0
ZERO,R02/testing/02,320,0.0
ZERO,R02/testing/02,336,0.0
ZERO,R02/testing/02,352,0.0
ZERO,R02/testing/02,368,0.0
ZERO,R02/testing/02,384,0.0
ZERO,R02/testing/02,400,0.0
ZERO,R02/testing/02,416,0.0
ZERO,R02/testing/02,432,0.0
ZERO,R02/testing/02,448,0.0
ZERO,R02/testing/02,464,0.0
ZERO,R02/testing/02,480,0.0
ZERO,R02/testing/02,496,0.0
ZERO,R02/testing/02,512,0.0
ZERO,R02/testing/02,528,0.0
ZERO,R02/testing/02,544,0.0
ZERO,R02/testing/02,560,0.0
ZERO,R02/testing/02,576,0.0
ZERO,R02/testing/02,592,0.0
ONE,R02/testing/02,0,1.0
ONE,R02/testing/02,16,1.0
ONE,R02/testing/02,32,1.0
ONE,R02/testing/02,48,1.0
ONE,R02/testing/02,64,1.0
ONE,R02/testing/02,80,1.0
ONE,R02/testing/02,96,1.0
ONE,R02/testing/02,112,1.0
ONE,R02/testing/02,128,1.0
ONE,R02/testing/02,144,1.0
ONE,R02/testing/02,160,1.0
ONE,R02/testing/02,176,1.0
ONE,R02/testing/02,192,1.0
ONE,R02/testing/02,208,1.0
ONE,R02/testing/02,224,1.0
ONE,R02/testing/02,240,1.0
ONE,R02/testing/02,256,1.0
ONE,R02/testing/02,272,1.0
ONE,R02/testing/02,288,1.0
ONE,R02/testing/02,304,1.0
ONE,R02/testing/02,320,1.0
ONE,R02/testing/02,336,1.0
ONE,R02/testing/02,352,1.0
ONE,R02/testing/02,368,1.0
ONE,R02/testing/02,384,1.0
ONE,R02/testing/02,400,1.0
ONE,R02/testing/02,416,1.0
ONE,R02/testing/02,432,1.0
ONE,R02/testing/02,448,1.0
ONE,R02/testing/02,464,1.0
ONE,R02/testing/02,480,1.0
ONE,R02/testing/02,496,1.0
ONE,R02/testing/02,512,1.0
ONE,R02/testing/02,528,1.0
ONE,R02/testing/02,544,1.0
ONE,R02/testing/02,560,1.0
ONE,R02/testing/02,576,1.0
ONE,R02/testing/02,592,1.0
ORACLE,R02/testing/02,0,0.0
ORACLE,R02/testing/02,16,0.0
ORACLE,R02/testing/02,32,0.0
ORACLE,R02/testing/02,48,0.0
ORACLE,R02/testing/02,64,0.0
ORACLE,R02/testing/02,80,0.0
ORACLE,R02/testing/02,96,0.0
ORACLE,R02/testing/02,112,0.0
ORACLE,R02/testing/02,128,0.0
ORACLE,R02/testing/02,144,0.0
ORACLE,R02/testing/02,160,0.0
ORACLE,R02/testing/02,176,0.0
ORACLE,R02/testing/02,192,0.0
ORACLE,R02/testing/02,208,0.0
ORACLE,R02/testing/02,224,0.0
ORACLE,R02/testing/02,240,0.0
ORACLE,R02/testing/02,256,0.0
ORACLE,R02/testing/02,272,0.0
ORACLE,R02/testing/02,288,0.0
ORACLE,R02/testing/02,304,0.0
ORACLE,R02/testing/02,320,0.0
ORACLE,R02/testing/02,336,0.0
ORACLE,R02/testing/02,352,0.0
ORACLE,R02/testing/02,368,0.0
ORACLE,R02/testing/02,384,0.0
ORACLE,R02/testing/02,400,0.0
ORACLE,R02/testing/02,416,0.0
ORACLE,R02/testing/02,432,0.0
ORACLE,R02/testing/02,448,0.0
ORACLE,R02/testing/02,464,0.0
ORACLE,R02/testing/02,480,0.0
ORACLE,R02/testing/02,496,0.0
ORACLE,R02/testing/02,512,0.0
ORACLE,R02/testing/02,528,0.0
ORACLE,R02/testing/02,544,0.0
ORACLE,R02/testing/02,560,0.0
ORACLE,R02/testing/02,576,0.0
ORACLE,R02/testing/02,592,0.0
RANDOM,R02/testing/05,0,0.7362338159474545
RANDOM,R02/testing/05,16,0.5923628693439936
RANDOM,R02/testing/05,32,0.20702865256798964
RANDOM,R02/testing/05,48,0.6101095098839756
RANDOM,R02/testing/05,64,0.014059085148911854
RANDOM,R02/testing/05,80,0.11174781530304423
RANDOM,R02/testing/05,96,0.16120781710665166
RANDOM,R02/testing/05,112,0.3536777120194139
RANDOM,R02/testing/05,128,0.011909738341017828
RANDOM,R02/testing/05,144,0.9299075236636783
RANDOM,R02/testing/05,160,0.23950895547226136
RANDOM,R02/testing/05,176,0.2706385504450568
RANDOM,R02/testing/05,192,0.37564232570525413
RANDOM,R02/testing/05,208,0.9407387157284419
RANDOM,R02/testing/05,224,0.35181932914803804
RANDOM,R02/testing/05,240,0.4311328562045973
RANDOM,R02/testing/05,256,0.29850727250244835
RANDOM,R02/testing/05,272,0.9762450350517937
RANDOM,R02/testing/05,288,0.36485722486725036
RANDOM,R02/testing/05,304,0.0835374209896318
RANDOM,R02/testing/05,320,0.6579823942390767
RANDOM,R02/testing/05,336,0.7166049207154763
RANDOM,R02/testing/05,352,0.3722410241950189
RANDOM,R02/testing/05,368,0.21138515544988745
RANDOM,R02/testing/05,384,0.4092514511835781
RANDOM,R02/testing/05,400,0.4390682105123638
RANDOM,R02/testing/05,416,0.9952998033878611
RANDOM,R02/testing/05,432,0.8584353255541872
RANDOM,R02/testing/05,448,0.6209088984199513
RANDOM,R02/testing/05,464,0.19391794786825467
RANDOM,R02/testing/05,480,0.687914521389034
RANDOM,R02/testing/05,496,0.7589990022820635
RANDOM,R02/testing/05,512,0.0753887386943477
RANDOM,R02/testing/05,528,0.37948651670215705
RANDOM,R02/testing/05,544,0.32684779754580884
RANDOM,R02/testing/05,560,0.5704313226114667
RANDOM,R02/testing/05,576,0.653053218368288
ZERO,R02/testing/05,0,0.0
ZERO,R02/testing/05,16,0.0
ZERO,R02/testing/05,32,0.0
ZERO,R02/testing/05,48,0.0
ZERO,R02/testing/05,64,0.0
ZERO,R02/testing/05,80,0.0
ZERO,R02/testing/05,96,0.0
ZERO,R02/testing/05,112,0.0
ZERO,R02/testing/05,128,0.0
ZERO,R02/testing/05,144,0.0
ZERO,R02/testing/05,160,0.0
ZERO,R02/testing/05,176,0.0
ZERO,R02/testing/05,192,0.0
ZERO,R02/testing/05,208,0.0
ZERO,R02/testing/05,224,0.0
ZERO,R02/testing/05,240,0.0
ZERO,R02/testing/05,256,0.0
ZERO,R02/testing/05,272,0.0
ZERO,R02/testing/05,288,0.0
ZERO,R02/testing/05,304,0.0
ZERO,R02/testing/05,320,0.0
ZERO,R02/testing/05,336,0.0
ZERO,R02/testing/05,352,0.0
ZERO,R02/testing/05,368,0.0
ZERO,R02/testing/05,384,0.0
ZERO,R02/testing/05,400,0.0
ZERO,R02/testing/05,416,0.0
ZERO,R02/testing/05,432,0.0
ZERO,R02/testing/05,448,0.0
ZERO,R02/testing/05,464,0.0
ZERO,R02/testing/05,480,0.0
ZERO,R02/testing/05,496,0.0
ZERO,R02/testing/05,512,0.0
ZERO,R02/testing/05,528,0.0
ZERO,R02/testing/05,544,0.0
ZERO,R02/testing/05,560,0.0
ZERO,R02/testing/05,576,0.0
ONE,R02/testing/05,0,1.0
ONE,R02/testing/05,16,1.0
ONE,R02/testing/05,32,1.0
ONE,R02/testing/05,48,1.0
ONE,R02/testing/05,64,1.0
ONE,R02/testing/05,80,1.0
ONE,R02/testing/05,96,1.0
ONE,R02/testing/05,112,1.0
ONE,R02/testing/05,128,1.0
ONE,R02/testing/05,144,1.0
ONE,R02/testing/05,160,1.0
ONE,R02/testing/05,176,1.0
ONE,R02/testing/05,192,1.0
ONE,R02/testing/05,208,1.0
ONE,R02/testing/05,224,1.0
ONE,R02/testing/05,240,1.0
ONE,R02/testing/05,256,1.0
ONE,R02/testing/05,272,1.0
ONE,R02/testing/05,288,1.0
ONE,R02/testing/05,304,1.0
ONE,R02/testing/05,320,1.0
ONE,R02/testing/05,336,1.0
ONE,R02/testing/05,352,1.0
ONE,R02/testing/05,368,1.0
ONE,R02/testing/05,384,1.0
ONE,R02/testing/05,400,1.0
ONE,R02/testing/05,416,1.0
ONE,R02/testing/05,432,1.0
ONE,R02/testing/05,448,1.0
ONE,R02/testing/05,464,1.0
ONE,R02/testing/05,480,1.0
ONE,R02/testing/05,496,1.0
ONE,R02/testing/05,512,1.0
ONE,R02/testing/05,528,1.0
ONE,R02/testing/05,544,1.0
ONE,R02/testing/05,560,1.0
ONE,R02/testing/05,576,1.0
ORACLE,R02/testing/05,0,1.0
ORACLE,R02/testing/05,16,1.0
ORACLE,R02/testing/05,32,1.0
ORACLE,R02/testing/05,48,1.0
ORACLE,R02/testing/05,64,1.0
ORACLE,R02/testing/05,80,1.0
ORACLE,R02/testing/05,96,1.0
ORACLE,R02/testing/05,112,1.0
ORACLE,R02/testing/05,128,1.0
ORACLE,R02/testing/05,144,1.0
ORACLE,R02/testing/05,160,1.0
ORACLE,R02/testing/05,176,1.0
ORACLE,R02/testing/05,192,1.0
ORACLE,R02/testing/05,208,1.0
ORACLE,R02/testing/05,224,1.0
ORACLE,R02/testing/05,240,1.0
ORACLE,R02/testing/05,256,1.0
ORACLE,R02/testing/05,272,1.0
ORACLE,R02/testing/05,288,1.0
ORACLE,R02/testing/05,304,1.0
ORACLE,R02/testing/05,320,0.0
ORACLE,R02/testing/05,336,0.0
ORACLE,R02/testing/05,352,0.0
ORACLE,R02/testing/05,368,0.0
ORACLE,R02/testing/05,384,0.0
ORACLE,R02/testing/05,400,0.0
ORACLE,R02/testing/05,416,0.0
ORACLE,R02/testing/05,432,0.0
ORACLE,R02/testing/05,448,0.0
ORACLE,R02/testing/05,464,0.0
ORACLE,R02/testing/05,480,0.0
ORACLE,R02/testing/05,496,0.0
ORACLE,R02/testing/05,512,0.0
ORACLE,R02/testing/05,528,0.0
ORACLE,R02/testing/05,544,0.0
ORACLE,R02/testing/05,560,0.0
ORACLE,R02/testing/05,576,0.0
RANDOM,R02/testing/07,0,0.18138778838836134
RANDOM,R02/testing/07,16,0.4696594361137143
RANDOM,R02/testing/07,32,0.9921678865358946
RANDOM,R02/testing/07,48,0.01585263922737412
RANDOM,R02/testing/07,64,0.3709936118290369
RANDOM,R02/testing/07,80,0.33431246385630486
RANDOM,R02/testing/07,96,0.4055830200225494
RANDOM,R02/testing/07,112,0.8691937155246815
RANDOM,R02/testing/07,128,0.43830503829947387
RANDOM,R02/testing/07,144,0.8830780014959977
RANDOM,R02/testing/07,160,0.5755398430302386
RANDOM,R02/testing/07,176,0.4246176949346334
RANDOM,R02/testing/07,192,0.2523030876577458
RANDOM,R02/testing/07,208,0.8236138553216305
RANDOM,R02/testing/07,224,0.6442005180032749
RANDOM,R02/testing/07,240,0.2122260698821593
RANDOM,R02/testing/07,256,0.13007049345508348
RANDOM,R02/testing/07,272,0.12543132865315298
RANDOM,R02/testing/07,288,0.9090719628493051
RANDOM,R02/testing/07,304,0.4033915375960583
RANDOM,R02/testing/07,320,0.8203077943609558
RANDOM,R02/testing/07,336,0.8953620927597769
RANDOM,R02/testing/07,352,0.2263330477942842
RANDOM,R02/testing/07,368,0.03257234981461099
RANDOM,R02/testing/07,384,0.18033608654568278
RANDOM,R02/testing/07,400,0.7729787056611062
RANDOM,R02/testing/07,416,0.015413176121161998
RANDOM,R02/testing/07,432,0.5641320600178602
RANDOM,R02/testing/07,448,0.19126676558804678
RANDOM,R02/testing/07,464,0.7666606823802343
RANDOM,R02/testing/07,480,0.4793756964294549
RANDOM,R02/testing/07,496,0.5490799390767672
RANDOM,R02/testing/07,512,0.2934082569002835
RANDOM,R02/testing/07,528,0.45657850369813724
ZERO,R02/testing/07,0,0.0
ZERO,R02/testing/07,16,0.0
ZERO,R02/testing/07,32,0.0
ZERO,R02/testing/07,48,0.0
ZERO,R02/testing/07,64,0.0
ZERO,R02/testing/07,80,0.0
ZERO,R02/testing/07,96,0.0
ZERO,R02/testing/07,112,0.0
ZERO,R02/testing/07,128,0.0
ZERO,R02/testing/07,144,0.0
ZERO,R02/testing/07,160,0.0
ZERO,R02/testing/07,176,0.0
ZERO,R02/testing/07,192,0.0
ZERO,R02/testing/07,208,0.0
ZERO,R02/testing/07,224,0.0
ZERO,R02/testing/07,240,0.0
ZERO,R02/testing/07,256,0.0
ZERO,R02/testing/07,272,0.0
ZERO,R02/testing/07,288,0.0
ZERO,R02/testing/07,304,0.0
ZERO,R02/testing/07,320,0.0
ZERO,R02/testing/07,336,0.0
ZERO,R02/testing/07,352,0.0
ZERO,R02/testing/07,368,0.0
ZERO,R02/testing/07,384,0.0
ZERO,R02/testing/07,400,0.0
ZERO,R02/testing/07,416,0.0
ZERO,R02/testing/07,432,0.0
ZERO,R02/testing/07,448,0.0
ZERO,R02/testing/07,464,0.0
ZERO,R02/testing/07,480,0.0
ZERO,R02/testing/07,496,0.0
ZERO,R02/testing/07,512,0.0
ZERO,R02/testing/07,528,0.0
ONE,R02/testing/07,0,1.0
ONE,R02/testing/07,16,1.0
ONE,R02/testing/07,32,1.0
ONE,R02/testing/07,48,1.0
ONE,R02/testing/07,64,1.0
ONE,R02/testing/07,80,1.0
ONE,R02/testing/07,96,1.0
ONE,R02/testing/07,112,1.0
ONE,R02/testing/07,128,1.0
ONE,R02/testing/07,144,1.0
ONE,R02/testing/07,160,1.0
ONE,R02/testing/07,176,1.0
ONE,R02/testing/07,192,1.0
ONE,R02/testing/07,208,1.0
ONE,R02/testing/07,224,1.0
ONE,R02/testing/07,240,1.0
ONE,R02/testing/07,256,1.0
ONE,R02/testing/07,272,1.0
ONE,R02/testing/07,288,1.0
ONE,R02/testing/07,304,1.0
ONE,R02/testing/07,320,1.0
ONE,R02/testing/07,336,1.0
ONE,R02/testing/07,352,1.0
ONE,R02/testing/07,368,1.0
ONE,R02/testing/07,384,1.0
ONE,R02/testing/07,400,1.0
ONE,R02/testing/07,416,1.0
ONE,R02/testing/07,432,1.0
ONE,R02/testing/07,448,1.0
ONE,R02/testing/07,464,1.0
ONE,R02/testing/07,480,1.0
ONE,R02/testing/07,496,1.0
ONE,R02/testing/07,512,1.0
ONE,R02/testing/07,528,1.0
ORACLE,R02/testing/07,0,0.0
ORACLE,R02/testing/07,16,0.0
ORACLE,R02/testing/07,32,0.0
ORACLE,R02/testing/07,48,0.0
ORACLE,R02/testing/07,64,0.0
ORACLE,R02/testing/07,80,0.0
ORACLE,R02/testing/07,96,0.0
ORACLE,R02/testing/07,112,0.0
ORACLE,R02/testing/07,128,0.0
ORACLE,R02/testing/07,144,0.0
ORACLE,R02/testing/07,160,0.0
ORACLE,R02/testing/07,176,0.0
ORACLE,R02/testing/07,192,0.0
ORACLE,R02/testing/07,208,1.0
ORACLE,R02/testing/07,224,1.0
ORACLE,R02/testing/07,240,1.0
ORACLE,R02/testing/07,256,1.0
ORACLE,R02/testing/07,272,1.0
ORACLE,R02/testing/07,288,1.0
ORACLE,R02/testing/07,304,1.0
ORACLE,R02/testing/07,320,1.0
ORACLE,R02/testing/07,336,0.0
ORACLE,R02/testing/07,352,0.0
ORACLE,R02/testing/07,368,0.0
ORACLE,R02/testing/07,384,0.0
ORACLE,R02/testing/07,400,0.0
ORACLE,R02/testing/07,416,0.0
ORACLE,R02/testing/07,432,0.0
ORACLE,R02/testing/07,448,0.0
ORACLE,R02/testing/07,464,0.0
ORACLE,R02/testing/07,480,0.0
ORACLE,R02/testing/07,496,0.0
ORACLE,R02/testing/07,512,0.0
ORACLE,R02/testing/07,528,0.0
RANDOM,R03/testing/01,0,0.045712602945798264
RANDOM,R03/testing/01,16,0.8095196470699202
RANDOM,R03/testing/01,32,0.907498923376134
RANDOM,R03/testing/01,48,0.7526475197183664
RANDOM,R03/testing/01,64,0.4956222724478515
RANDOM,R03/testing/01,80,0.8437843494440268
RANDOM,R03/testing/01,96,0.0038208757991569087
RANDOM,R03/testing/01,112,0.6659574069882108
RANDOM,R03/testing/01,128,0.7673859173155502
RANDOM,R03/testing/01,144,0.3266562371922701
RANDOM,R03/testing/01,160,0.8565716909439779
RANDOM,R03/testing/01,176,0.00019000160734350402
RANDOM,R03/testing/01,192,0.6321202114386374
RANDOM,R03/testing/01,208,0.30102398098061556
RANDOM,R03/testing/01,224,0.6286279237601524
RANDOM,R03/testing/01,240,0.25135865955029335
RANDOM,R03/testing/01,256,0.20977987008694876
RANDOM,R03/testing/01,272,0.626160386805535
RANDOM,R03/testing/01,288,0.4969348206161799
RANDOM,R03/testing/01,304,0.18728068830903188
RANDOM,R03/testing/01,320,0.8861749299123011
RANDOM,R03/testing/01,336,0.8823866619873597
RANDOM,R03/testing/01,352,0.5495684050294842
RANDOM,R03/testing/01,368,0.706096027537059
RANDOM,R03/testing/01,384,0.4513867350535361
RANDOM,R03/testing/01,400,0.8014433643708679
RANDOM,R03/testing/01,416,0.8338562462810244
RANDOM,R03/testing/01,432,0.7641596992838674
RANDOM,R03/testing/01,448,0.2431488392814517
RANDOM,R03/testing/01,464,0.02448846019798312
RANDOM,R03/testing/01,480,0.6582530782913107
RANDOM,R03/testing/01,496,0.4112576944834281
RANDOM,R03/testing/01,512,0.8942608451139047
RANDOM,R03/testing/01,528,0.8598475275467088
RANDOM,R03/testing/01,544,0.533752093995238
RANDOM,R03/testing/01,560,0.3774441506555125
RANDOM,R03/testing/01,576,0.7129895409253554
RANDOM,R03/testing/01,592,0.709369695512404
RANDOM,R03/testing/01,608,0.6822828931380144
RANDOM,R03/testing/01,624,0.8424240543403356
RANDOM,R03/testing/01,640,0.5773185852448267
RANDOM,R03/testing/01,656,0.5160434798402053
RANDOM,R03/testing/01,672,0.5169081336074016
RANDOM,R03/testing/01,688,0.8889806580193464
RANDOM,R03/testing/01,704,0.3667511334276281
ZERO,R03/testing/01,0,0.0
ZERO,R03/testing/01,16,0.0
ZERO,R03/testing/01,32,0.0
ZERO,R03/testing/01,48,0.0
ZERO,R03/testing/01,64,0.0
ZERO,R03/testing/01,80,0.0
ZERO,R03/testing/01,96,0.0
ZERO,R03/testing/01,112,0.0
ZERO,R03/testing/01,128,0.0
ZERO,R03/testing/01,144,0.0
ZERO,R03/testing/01,160,0.0
ZERO,R03/testing/01,176,0.0
ZERO,R03/testing/01,192,0.0
ZERO,R03/testing/01,208,0.0
ZERO,R03/testing/01,224,0.0
ZERO,R03/testing/01,240,0.0
ZERO,R03/testing/01,256,0.0
ZERO,R03/testing/01,272,0.0
ZERO,R03/testing/01,288,0.0
ZERO,R03/testing/01,304,0.0
ZERO,R03/testing/01,320,0.0
ZERO,R03/testing/01,336,0.0
ZERO,R03/testing/01,352,0.0
ZERO,R03/testing/01,368,0.0
ZERO,R03/testing/01,384,0.0
ZERO,R03/testing/01,400,0.0
ZERO,R03/testing/01,416,0.0
ZERO,R03/testing/01,432,0.0
ZERO,R03/testing/01,448,0.0
ZERO,R03/testing/01,464,0.0
ZERO,R03/testing/01,480,0.0
ZERO,R03/testing/01,496,0.0
ZERO,R03/testing/01,512,0.0
ZERO,R03/testing/01,528,0.0
ZERO,R03/testing/01,544,0.0
ZERO,R03/testing/01,560,0.0
ZERO,R03/testing/01,576,0.0
ZERO,R03/testing/01,592,0.0
ZERO,R03/testing/01,608,0.0
ZERO,R03/testing/01,624,0.0
ZERO,R03/testing/01,640,0.0
ZERO,R03/testing/01,656,0.0
ZERO,R03/testing/01,672,0.0
ZERO,R03/testing/01,688,0.0
ZERO,R03/testing/01,704,0.0
ONE,R03/testing/01,0,1.0
ONE,R03/testing/01,16,1.0
ONE,R03/testing/01,32,1.0
ONE,R03/testing/01,48,1.0
ONE,R03/testing/01,64,1.0
ONE,R03/testing/01,80,1.0
ONE,R03/testing/01,96,1.0
ONE,R03/testing/01,112,1.0
ONE,R03/testing/01,128,1.0
ONE,R03/testing/01,144,1.0
ONE,R03/testing/01,160,1.0
ONE,R03/testing/01,176,1.0
ONE,R03/testing/01,192,1.0
ONE,R03/testing/01,208,1.0
ONE,R03/testing/01,224,1.0
ONE,R03/testing/01,240,1.0
ONE,R03/testing/01,256,1.0
ONE,R03/testing/01,272,1.0
ONE,R03/testing/01,288,1.0
ONE,R03/testing/01,304,1.0
ONE,R03/testing/01,320,1.0
ONE,R03/testing/01,336,1.0
ONE,R03/testing/01,352,1.0
ONE,R03/testing/01,368,1.0
ONE,R03/testing/01,384,1.0
ONE,R03/testing/01,400,1.0
ONE,R03/testing/01,416,1.0
ONE,R03/testing/01,432,1.0
ONE,R03/testing/01,448,1.0
ONE,R03/testing/01,464,1.0
ONE,R03/testing/01,480,1.0
ONE,R03/testing/01,496,1.0
ONE,R03/testing/01,512,1.0
ONE,R03/testing/01,528,1.0
ONE,R03/testing/01,544,1.0
ONE,R03/testing/01,560,1.0
ONE,R03/testing/01,576,1.0
ONE,R03/testing/01,592,1.0
ONE,R03/testing/01,608,1.0
ONE,R03/testing/01,624,1.0
ONE,R03/testing/01,640,1.0
ONE,R03/testing/01,656,1.0
ONE,R03/testing/01,672,1.0
ONE,R03/testing/01,688,1.0
ONE,R03/testing/01,704,1.0
ORACLE,R03/testing/01,0,1.0
ORACLE,R03/testing/01,16,1.0
ORACLE,R03/testing/01,32,1.0
ORACLE,R03/testing/01,48,1.0
ORACLE,R03/testing/01,64,1.0
ORACLE,R03/testing/01,80,1.0
ORACLE,R03/testing/01,96,1.0
ORACLE,R03/testing/01,112,1.0
ORACLE,R03/testing/01,128,1.0
ORACLE,R03/testing/01,144,1.0
ORACLE,R03/testing/01,160,1.0
ORACLE,R03/testing/01,176,1.0
ORACLE,R03/testing/01,192,1.0
ORACLE,R03/testing/01,208,1.0
ORACLE,R03/testing/01,224,1.0
ORACLE,R03/testing/01,240,1.0
ORACLE,R03/testing/01,256,1.0
ORACLE,R03/testing/01,272,1.0
ORACLE,R03/testing/01,288,1.0
ORACLE,R03/testing/01,304,1.0
ORACLE,R03/testing/01,320,1.0
ORACLE,R03/testing/01,336,1.0
ORACLE,R03/testing/01,352,1.0
ORACLE,R03/testing/01,368,1.0
ORACLE,R03/testing/01,384,1.0
ORACLE,R03/testing/01,400,1.0
ORACLE,R03/testing/01,416,1.0
ORACLE,R03/testing/01,432,1.0
ORACLE,R03/testing/01,448,1.0
ORACLE,R03/testing/01,464,1.0
ORACLE,R03/testing/01,480,1.0
ORACLE,R03/testing/01,496,1.0
ORACLE,R03/testing/01,512,1.0
ORACLE,R03/testing/01,528,1.0
ORACLE,R03/testing/01,544,1.0
ORACLE,R03/testing/01,560,1.0
ORACLE,R03/testing/01,576,1.0
ORACLE,R03/testing/01,592,1.0
ORACLE,R03/testing/01,608,1.0
ORACLE,R03/testing/01,624,1.0
ORACLE,R03/testing/01,640,1.0
ORACLE,R03/testing/01,656,1.0
ORACLE,R03/testing/01,672,1.0
ORACLE,R03/testing/01,688,1.0
ORACLE,R03/testing/01,704,1.0
RANDOM,R03/testing/08,0,0.8419158598104048
RANDOM,R03/testing/08,16,0.5048895637581793
RANDOM,R03/testing/08,32,0.08533895076932674
RANDOM,R03/testing/08,48,0.4489819873125963
RANDOM,R03/testing/08,64,0.291196397645873
RANDOM,R03/testing/08,80,0.5278850446638402
RANDOM,R03/testing/08,96,0.8533098553353946
RANDOM,R03/testing/08,112,0.17945552722045732
RANDOM,R03/testing/08,128,0.4752246242920236
RANDOM,R03/testing/08,144,0.5825022517351911
RANDOM,R03/testing/08,160,0.7698203115008191
RANDOM,R03/testing/08,176,0.9409769625013746
RANDOM,R03/testing/08,192,0.5506078812350768
RANDOM,R03/testing/08,208,0.9216180188623789
RANDOM,R03/testing/08,224,0.3365589623455405
RANDOM,R03/testing/08,240,0.76431977131766
RANDOM,R03/testing/08,256,0.7637254583177344
RANDOM,R03/testing/08,272,0.5512789807712775
RANDOM,R03/testing/08,288,0.17378871872749102
RANDOM,R03/testing/08,304,0.38620429566027503
RANDOM,R03/testing/08,320,0.2908501182392267
RANDOM,R03/testing/08,336,0.9668786192650846
RANDOM,R03/testing/08,352,0.6446224609754608
RANDOM,R03/testing/08,368,0.9090378367619917
RANDOM,R03/testing/08,384,0.2961597696343873
RANDOM,R03/testing/08,400,0.42894005858578843
RANDOM,R03/testing/08,416,0.5673723256985629
RANDOM,R03/testing/08,432,0.3547281833903093
RANDOM,R03/testing/08,448,0.45649962715394876
RANDOM,R03/testing/08,464,0.599307057201131
RANDOM,R03/testing/08,480,0.028285974350577336
RANDOM,R03/testing/08,496,0.3398111548971746
RANDOM,R03/testing/08,512,0.00022169971029817326
RANDOM,R03/testing/08,528,0.48253762200167294
RANDOM,R03/testing/08,544,0.6080006650804403
RANDOM,R03/testing/08,560,0.09299046006566758
RANDOM,R03/testing/08,576,0.24209440214479672
RANDOM,R03/testing/08,592,0.8039918210590137
RANDOM,R03/testing/08,608,0.8402815598495977
RANDOM,R03/testing/08,624,0.38773325427036465
RANDOM,R03/testing/08,640,0.8142237305412268
RANDOM,R03/testing/08,656,0.27714025303214274
RANDOM,R03/testing/08,672,0.7061082223134817
RANDOM,R03/testing/08,688,0.5454566236571144
ZERO,R03/testing/08,0,0.0
ZERO,R03/testing/08,16,0.0
ZERO,R03/testing/08,32,0.0
ZERO,R03/testing/08,48,0.0
ZERO,R03/testing/08,64,0.0
ZERO,R03/testing/08,80,0.0
ZERO,R03/testing/08,96,0.0
ZERO,R03/testing/08,112,0.0
ZERO,R03/testing/08,128,0.0
ZERO,R03/testing/08,144,0.0
ZERO,R03/testing/08,160,0.0
ZERO,R03/testing/08,176,0.0
ZERO,R03/testing/08,192,0.0
ZERO,R03/testing/08,208,0.0
ZERO,R03/testing/08,224,0.0
ZERO,R03/testing/08,240,0.0
ZERO,R03/testing/08,256,0.0
ZERO,R03/testing/08,272,0.0
ZERO,R03/testing/08,288,0.0
ZERO,R03/testing/08,304,0.0
ZERO,R03/testing/08,320,0.0
ZERO,R03/testing/08,336,0.0
ZERO,R03/testing/08,352,0.0
ZERO,R03/testing/08,368,0.0
ZERO,R03/testing/08,384,0.0
ZERO,R03/testing/08,400,0.0
ZERO,R03/testing/08,416,0.0
ZERO,R03/testing/08,432,0.0
ZERO,R03/testing/08,448,0.0
ZERO,R03/testing/08,464,0.0
ZERO,R03/testing/08,480,0.0
ZERO,R03/testing/08,496,0.0
ZERO,R03/testing/08,512,0.0
ZERO,R03/testing/08,528,0.0
ZERO,R03/testing/08,544,0.0
ZERO,R03/testing/08,560,0.0
ZERO,R03/testing/08,576,0.0
ZERO,R03/testing/08,592,0.0
ZERO,R03/testing/08,608,0.0
ZERO,R03/testing/08,624,0.0
ZERO,R03/testing/08,640,0.0
ZERO,R03/testing/08,656,0.0
ZERO,R03/testing/08,672,0.0
ZERO,R03/testing/08,688,0.0
ONE,R03/testing/08,0,1.0
ONE,R03/testing/08,16,1.0
ONE,R03/testing/08,32,1.0
ONE,R03/testing/08,48,1.0
ONE,R03/testing/08,64,1.0
ONE,R03/testing/08,80,1.0
ONE,R03/testing/08,96,1.0
ONE,R03/testing/08,112,1.0
ONE,R03/testing/08,128,1.0
ONE,R03/testing/08,144,1.0
ONE,R03/testing/08,160,1.0
ONE,R03/testing/08,176,1.0
ONE,R03/testing/08,192,1.0
ONE,R03/testing/08,208,1.0
ONE,R03/testing/08,224,1.0
ONE,R03/testing/08,240,1.0
ONE,R03/testing/08,256,1.0
ONE,R03/testing/08,272,1.0
ONE,R03/testing/08,288,1.0
ONE,R03/testing/08,304,1.0
ONE,R03/testing/08,320,1.0
ONE,R03/testing/08,336,1.0
ONE,R03/testing/08,352,1.0
ONE,R03/testing/08,368,1.0
ONE,R03/testing/08,384,1.0
ONE,R03/testing/08,400,1.0
ONE,R03/testing/08,416,1.0
ONE,R03/testing/08,432,1.0
ONE,R03/testing/08,448,1.0
ONE,R03/testing/08,464,1.0
ONE,R03/testing/08,480,1.0
ONE,R03/testing/08,496,1.0
ONE,R03/testing/08,512,1.0
ONE,R03/testing/08,528,1.0
ONE,R03/testing/08,544,1.0
ONE,R03/testing/08,560,1.0
ONE,R03/testing/08,576,1.0
ONE,R03/testing/08,592,1.0
ONE,R03/testing/08,608,1.0
ONE,R03/testing/08,624,1.0
ONE,R03/testing/08,640,1.0
ONE,R03/testing/08,656,1.0
ONE,R03/testing/08,672,1.0
ONE,R03/testing/08,688,1.0
ORACLE,R03/testing/08,0,0.0
ORACLE,R03/testing/08,16,0.0
ORACLE,R03/testing/08,32,0.0
ORACLE,R03/testing/08,48,0.0
ORACLE,R03/testing/08,64,0.0
ORACLE,R03/testing/08,80,0.0
ORACLE,R03/testing/08,96,0.0
ORACLE,R03/testing/08,112,0.0
ORACLE,R03/testing/08,128,0.0
ORACLE,R03/testing/08,144,0.0
ORACLE,R03/testing/08,160,0.0
ORACLE,R03/testing/08,176,0.0
ORACLE,R03/testing/08,192,0.0
ORACLE,R03/testing/08,208,0.0
ORACLE,R03/testing/08,224,0.0
ORACLE,R03/testing/08,240,1.0
ORACLE,R03/testing/08,256,1.0
ORACLE,R03/testing/08,272,1.0
ORACLE,R03/testing/08,288,1.0
ORACLE,R03/testing/08,304,1.0
ORACLE,R03/testing/08,320,1.0
ORACLE,R03/testing/08,336,1.0
ORACLE,R03/testing/08,352,1.0
ORACLE,R03/testing/08,368,1.0
ORACLE,R03/testing/08,384,1.0
ORACLE,R03/testing/08,400,1.0
ORACLE,R03/testing/08,416,1.0
ORACLE,R03/testing/08,432,1.0
ORACLE,R03/testing/08,448,1.0
ORACLE,R03/testing/08,464,1.0
ORACLE,R03/testing/08,480,1.0
ORACLE,R03/testing/08,496,1.0
ORACLE,R03/testing/08,512,1.0
ORACLE,R03/testing/08,528,1.0
ORACLE,R03/testing/08,544,1.0
ORACLE,R03/testing/08,560,1.0
ORACLE,R03/testing/08,576,1.0
ORACLE,R03/testing/08,592,1.0
ORACLE,R03/testing/08,608,1.0
ORACLE,R03/testing/08,624,1.0
ORACLE,R03/testing/08,640,1.0
ORACLE,R03/testing/08,656,0.0
ORACLE,R03/testing/08,672,0.0
ORACLE,R03/testing/08,688,0.0
RANDOM,R03/testing/11,0,0.4400990789026624
RANDOM,R03/testing/11,16,0.6564422761737766
RANDOM,R03/testing/11,32,0.01339067909718994
RANDOM,R03/testing/11,48,0.1624434427083553
RANDOM,R03/testing/11,64,0.2938234643879565
RANDOM,R03/testing/11,80,0.6805626097695981
RANDOM,R03/testing/11,96,0.7062353133613742
RANDOM,R03/testing/11,112,0.6807608241860267
RANDOM,R03/testing/11,128,0.7676171065637424
RANDOM,R03/testing/11,144,0.07955156101373462
RANDOM,R03/testing/11,160,0.1058889084153547
RANDOM,R03/testing/11,176,0.8553511602621139
RANDOM,R03/testing/11,192,0.3568377529611344
RANDOM,R03/testing/11,208,0.5683712904835098
RANDOM,R03/testing/11,224,0.5035028057334142
RANDOM,R03/testing/11,240,0.6266625713376246
RANDOM,R03/testing/11,256,0.07694671122795227
RANDOM,R03/testing/11,272,0.7697902263664144
RANDOM,R03/testing/11,288,0.12340232816315366
RANDOM,R03/testing/11,304,0.6813744618340352
RANDOM,R03/testing/11,320,0.40214209915071075
RANDOM,R03/testing/11,336,0.49226163606213835
RANDOM,R03/testing/11,352,0.6716937343607445
RANDOM,R03/testing/11,368,0.3710027506956368
RANDOM,R03/testing/11,384,0.04603747135147218
RANDOM,R03/testing/11,400,0.9642115517216056
RANDOM,R03/testing/11,416,0.522676899407916
RANDOM,R03/testing/11,432,0.7421446410608609
RANDOM,R03/testing/11,448,0.5312948337241725
RANDOM,R03/testing/11,464,0.8196869026699722
RANDOM,R03/testing/11,480,0.5646161790877259
RANDOM,R03/testing/11,496,0.12275687838719596
RANDOM,R03/testing/11,512,0.6419065646558053
RANDOM,R03/testing/11,528,0.1727406694369843
RANDOM,R03/testing/11,544,0.8236541350166275
RANDOM,R03/testing/11,560,0.6810616004728154
RANDOM,R03/testing/11,576,0.9398086381431077
RANDOM,R03/testing/11,592,0.6290807895415105
RANDOM,R03/testing/11,608,0.22516309745477103
RANDOM,R03/testing/11,624,0.5571375458252831
RANDOM,R03/testing/11,640,0.771772276959897
RANDOM,R03/testing/11,656,0.7118882975250763
RANDOM,R03/testing/11,672,0.3422967060014851
RANDOM,R03/testing/11,688,0.6553511506038042
RANDOM,R03/testing/11,704,0.9352690613010743
ZERO,R03/testing/11,0,0.0
ZERO,R03/testing/11,16,0.0
ZERO,R03/testing/11,32,0.0
ZERO,R03/testing/11,48,0.0
ZERO,R03/testing/11,64,0.0
ZERO,R03/testing/11,80,0.0
ZERO,R03/testing/11,96,0.0
ZERO,R03/testing/11,112,0.0
ZERO,R03/testing/11,128,0.0
ZERO,R03/testing/11,144,0.0
ZERO,R03/testing/11,160,0.0
ZERO,R03/testing/11,176,0.0
ZERO,R03/testing/11,192,0.0
ZERO,R03/testing/11,208,0.0
ZERO,R03/testing/11,224,0.0
ZERO,R03/testing/11,240,0.0
ZERO,R03/testing/11,256,0.0
ZERO,R03/testing/11,272,0.0
ZERO,R03/testing/11,288,0.0
ZERO,R03/testing/11,304,0.0
ZERO,R03/testing/11,320,0.0
ZERO,R03/testing/11,336,0.0
ZERO,R03/testing/11,352,0.0
ZERO,R03/testing/11,368,0.0
ZERO,R03/testing/11,384,0.0
ZERO,R03/testing/11,400,0.0
ZERO,R03/testing/11,416,0.0
ZERO,R03/testing/11,432,0.0
ZERO,R03/testing/11,448,0.0
ZERO,R03/testing/11,464,0.0
ZERO,R03/testing/11,480,0.0
ZERO,R03/testing/11,496,0.0
ZERO,R03/testing/11,512,0.0
ZERO,R03/testing/11,528,0.0
ZERO,R03/testing/11,544,0.0
ZERO,R03/testing/11,560,0.0
ZERO,R03/testing/11,576,0.0
ZERO,R03/testing/11,592,0.0
ZERO,R03/testing/11,608,0.0
ZERO,R03/testing/11,624,0.0
ZERO,R03/testing/11,640,0.0
ZERO,R03/testing/11,656,0.0
ZERO,R03/testing/11,672,0.0
ZERO,R03/testing/11,688,0.0
ZERO,R03/testing/11,704,0.0
ONE,R03/testing/11,0,1.0
ONE,R03/testing/11,16,1.0
ONE,R03/testing/11,32,1.0
ONE,R03/testing/11,48,1.0
ONE,R03/testing/11,64,1.0
ONE,R03/testing/11,80,1.0
ONE,R03/testing/11,96,1.0
ONE,R03/testing/11,112,1.0
ONE,R03/testing/11,128,1.0
ONE,R03/testing/11,144,1.0
ONE,R03/testing/11,160,1.0
ONE,R03/testing/11,176,1.0
ONE,R03/testing/11,192,1.0
ONE,R03/testing/11,208,1.0
ONE,R03/testing/11,224,1.0
ONE,R03/testing/11,240,1.0
ONE,R03/testing/11,256,1.0
ONE,R03/testing/11,272,1.0
ONE,R03/testing/11,288,1.0
ONE,R03/testing/11,304,1.0
ONE,R03/testing/11,320,1.0
ONE,R03/testing/11,336,1.0
ONE,R03/testing/11,352,1.0
ONE,R03/testing/11,368,1.0
ONE,R03/testing/11,384,1.0
ONE,R03/testing/11,400,1.0
ONE,R03/testing/11,416,1.0
ONE,R03/testing/11,432,1.0
ONE,R03/testing/11,448,1.0
ONE,R03/testing/11,464,1.0
ONE,R03/testing/11,480,1.0
ONE,R03/testing/11,496,1.0
ONE,R03/testing/11,512,1.0
ONE,R03/testing/11,528,1.0
ONE,R03/testing/11,544,1.0
ONE,R03/testing/11,560,1.0
ONE,R03/testing/11,576,1.0
ONE,R03/testing/11,592,1.0
ONE,R03/testing/11,608,1.0
ONE,R03/testing/11,624,1.0
ONE,R03/testing/11,640,1.0
ONE,R03/testing/11,656,1.0
ONE,R03/testing/11,672,1.0
ONE,R03/testing/11,688,1.0
ONE,R03/testing/11,704,1.0
ORACLE,R03/testing/11,0,0.0
ORACLE,R03/testing/11,16,0.0
ORACLE,R03/testing/11,32,0.0
ORACLE,R03/testing/11,48,0.0
ORACLE,R03/testing/11,64,0.0
ORACLE,R03/testing/11,80,0.0
ORACLE,R03/testing/11,96,0.0
ORACLE,R03/testing/11,112,0.0
ORACLE,R03/testing/11,128,0.0
ORACLE,R03/testing/11,144,0.0
ORACLE,R03/testing/11,160,0.0
ORACLE,R03/testing/11,176,0.0
ORACLE,R03/testing/11,192,0.0
ORACLE,R03/testing/11,208,0.0
ORACLE,R03/testing/11,224,0.0
ORACLE,R03/testing/11,240,0.0
ORACLE,R03/testing/11,256,0.0
ORACLE,R03/testing/11,272,0.0
ORACLE,R03/testing/11,288,0.0
ORACLE,R03/testing/11,304,0.0
ORACLE,R03/testing/11,320,0.0
ORACLE,R03/testing/11,336,0.0
ORACLE,R03/testing/11,352,0.0
ORACLE,R03/testing/11,368,0.0
ORACLE,R03/testing/11,384,0.0
ORACLE,R03/testing/11,400,0.0
ORACLE,R03/testing/11,416,0.0
ORACLE,R03/testing/11,432,0.0
ORACLE,R03/testing/11,448,0.0
ORACLE,R03/testing/11,464,0.0
ORACLE,R03/testing/11,480,1.0
ORACLE,R03/testing/11,496,1.0
ORACLE,R03/testing/11,512,1.0
ORACLE,R03/testing/11,528,1.0
ORACLE,R03/testing/11,544,1.0
ORACLE,R03/testing/11,560,1.0
ORACLE,R03/testing/11,576,1.0
ORACLE,R03/testing/11,592,1.0
ORACLE,R03/testing/11,608,1.0
ORACLE,R03/testing/11,624,1.0
ORACLE,R03/testing/11,640,1.0
ORACLE,R03/testing/11,656,1.0
ORACLE,R03/testing/11,672,1.0
ORACLE,R03/testing/11,688,1.0
ORACLE,R03/testing/11,704,1.0
RANDOM,R04/testing/02,0,0.6848100430995354
RANDOM,R04/testing/02,16,0.36730140225246877
RANDOM,R04/testing/02,32,0.9107583303834285
RANDOM,R04/testing/02,48,0.8276241927281727
RANDOM,R04/testing/02,64,0.8551837602671677
RANDOM,R04/testing/02,80,0.10684137669330163
RANDOM,R04/testing/02,96,0.290828833640688
RANDOM,R04/testing/02,112,0.7901278026602023
RANDOM,R04/testing/02,128,0.2748074958846842
RANDOM,R04/testing/02,144,0.0737059355578561
RANDOM,R04/testing/02,160,0.6832660124725859
RANDOM,R04/testing/02,176,0.799269956479039
RANDOM,R04/testing/02,192,0.6417678081403646
RANDOM,R04/testing/02,208,0.34484333642500453
RANDOM,R04/testing/02,224,0.5597733189675487
RANDOM,R04/testing/02,240,0.02151995144746044
RANDOM,R04/testing/02,256,0.5626616557530582
RANDOM,R04/testing/02,272,0.8568011747150781
RANDOM,R04/testing/02,288,0.07805323501457007
RANDOM,R04/testing/02,304,0.383319396547832
RANDOM,R04/testing/02,320,0.16486371752648665
RANDOM,R04/testing/02,336,0.3800078966332565
RANDOM,R04/testing/02,352,0.013007673374885287
RANDOM,R04/testing/02,368,0.8277629198311454
RANDOM,R04/testing/02,384,0.4962433103412679
ZERO,R04/testing/02,0,0.0
ZERO,R04/testing/02,16,0.0
ZERO,R04/testing/02,32,0.0
ZERO,R04/testing/02,48,0.0
ZERO,R04/testing/02,64,0.0
ZERO,R04/testing/02,80,0.0
ZERO,R04/testing/02,96,0.0
ZERO,R04/testing/02,112,0.0
ZERO,R04/testing/02,128,0.0
ZERO,R04/testing/02,144,0.0
ZERO,R04/testing/02,160,0.0
ZERO,R04/testing/02,176,0.0
ZERO,R04/testing/02,192,0.0
ZERO,R04/testing/02,208,0.0
ZERO,R04/testing/02,224,0.0
ZERO,R04/testing/02,240,0.0
ZERO,R04/testing/02,256,0.0
ZERO,R04/testing/02,272,0.0
ZERO,R04/testing/02,288,0.0
ZERO,R04/testing/02,304,0.0
ZERO,R04/testing/02,320,0.0
ZERO,R04/testing/02,336,0.0
ZERO,R04/testing/02,352,0.0
ZERO,R04/testing/02,368,0.0
ZERO,R04/testing/02,384,0.0
ONE,R04/testing/02,0,1.0
ONE,R04/testing/02,16,1.0
ONE,R04/testing/02,32,1.0
ONE,R04/testing/02,48,1.0
ONE,R04/testing/02,64,1.0
ONE,R04/testing/02,80,1.0
ONE,R04/testing/02,96,1.0
ONE,R04/testing/02,112,1.0
ONE,R04/testing/02,128,1.0
ONE,R04/testing/02,144,1.0
ONE,R04/testing/02,160,1.0
ONE,R04/testing/02,176,1.0
ONE,R04/testing/02,192,1.0
ONE,R04/testing/02,208,1.0
ONE,R04/testing/02,224,1.0
ONE,R04/testing/02,240,1.0
ONE,R04/testing/02,256,1.0
ONE,R04/testing/02,272,1.0
ONE,R04/testing/02,288,1.0
ONE,R04/testing/02,304,1.0
ONE,R04/testing/02,320,1.0
ONE,R04/testing/02,336,1.0
ONE,R04/testing/02,352,1.0
ONE,R04/testing/02,368,1.0
ONE,R04/testing/02,384,1.0
ORACLE,R04/testing/02,0,0.0
ORACLE,R04/testing/02,16,0.0
ORACLE,R04/testing/02,32,0.0
ORACLE,R04/testing/02,48,0.0
ORACLE,R04/testing/02,64,1.0
ORACLE,R04/testing/02,80,1.0
ORACLE,R04/testing/02,96,1.0
ORACLE,R04/testing/02,112,1.0
ORACLE,R04/testing/02,128,1.0
ORACLE,R04/testing/02,144,1.0
ORACLE,R04/testing/02,160,1.0
ORACLE,R04/testing/02,176,1.0
ORACLE,R04/testing/02,192,1.0
ORACLE,R04/testing/02,208,1.0
ORACLE,R04/testing/02,224,1.0
ORACLE,R04/testing/02,240,1.0
ORACLE,R04/testing/02,256,1.0
ORACLE,R04/testing/02,272,1.0
ORACLE,R04/testing/02,288,1.0
ORACLE,R04/testing/02,304,1.0
ORACLE,R04/testing/02,320,1.0
ORACLE,R04/testing/02,336,1.0
ORACLE,R04/testing/02,352,1.0
ORACLE,R04/testing/02,368,0.0
ORACLE,R04/testing/02,384,0.0
RANDOM,R04/testing/03,0,0.43591806556227874
RANDOM,R04/testing/03,16,0.6017947156364513
RANDOM,R04/testing/03,32,0.8500282042549004
RANDOM,R04/testing/03,48,0.2912607248243877
RANDOM,R04/testing/03,64,0.2675169724052795
RANDOM,R04/testing/03,80,0.04949420771216173
RANDOM,R04/testing/03,96,0.26639909373329085
RANDOM,R04/testing/03,112,0.06621184820476289
RANDOM,R04/testing/03,128,0.041558487173887326
RANDOM,R04/testing/03,144,0.5527305622103671
RANDOM,R04/testing/03,160,0.18383488740355458
RANDOM,R04/testing/03,176,0.07425772206542136
RANDOM,R04/testing/03,192,0.9167147414133402
RANDOM,R04/testing/03,208,0.1487338924706233
RANDOM,R04/testing/03,224,0.09483079072396783
RANDOM,R04/testing/03,240,0.9706780583272027
RANDOM,R04/testing/03,256,0.6669669639016361
RANDOM,R04/testing/03,272,0.7257540416698312
RANDOM,R04/testing/03,288,0.5632039958201955
RANDOM,R04/testing/03,304,0.07038971412017925
RANDOM,R04/testing/03,320,0.8418772404125445
RANDOM,R04/testing/03,336,0.4180290042052578
RANDOM,R04/testing/03,352,0.3924678243761738
RANDOM,R04/testing/03,368,0.13530924400438926
ZERO,R04/testing/03,0,0.0
ZERO,R04/testing/03,16,0.0
ZERO,R04/testing/03,32,0.0
ZERO,R04/testing/03,48,0.0
ZERO,R04/testing/03,64,0.0
ZERO,R04/testing/03,80,0.0
ZERO,R04/testing/03,96,0.0
ZERO,R04/testing/03,112,0.0
ZERO,R04/testing/03,128,0.0
ZERO,R04/testing/03,144,0.0
ZERO,R04/testing/03,160,0.0
ZERO,R04/testing/03,176,0.0
ZERO,R04/testing/03,192,0.0
ZERO,R04/testing/03,208,0.0
ZERO,R04/testing/03,224,0.0
ZERO,R04/testing/03,240,0.0
ZERO,R04/testing/03,256,0.0
ZERO,R04/testing/03,272,0.0
ZERO,R04/testing/03,288,0.0
ZERO,R04/testing/03,304,0.0
ZERO,R04/testing/03,320,0.0
ZERO,R04/testing/03,336,0.0
ZERO,R04/testing/03,352,0.0
ZERO,R04/testing/03,368,0.0
ONE,R04/testing/03,0,1.0
ONE,R04/testing/03,16,1.0
ONE,R04/testing/03,32,1.0
ONE,R04/testing/03,48,1.0
ONE,R04/testing/03,64,1.0
ONE,R04/testing/03,80,1.0
ONE,R04/testing/03,96,1.0
ONE,R04/testing/03,112,1.0
ONE,R04/testing/03,128,1.0
ONE,R04/testing/03,144,1.0
ONE,R04/testing/03,160,1.0
ONE,R04/testing/03,176,1.0
ONE,R04/testing/03,192,1.0
ONE,R04/testing/03,208,1.0
ONE,R04/testing/03,224,1.0
ONE,R04/testing/03,240,1.0
ONE,R04/testing/03,256,1.0
ONE,R04/testing/03,272,1.0
ONE,R04/testing/03,288,1.0
ONE,R04/testing/03,304,1.0
ONE,R04/testing/03,320,1.0
ONE,R04/testing/03,336,1.0
ONE,R04/testing/03,352,1.0
ONE,R04/testing/03,368,1.0
ORACLE,R04/testing/03,0,0.0
ORACLE,R04/testing/03,16,0.0
ORACLE,R04/testing/03,32,0.0
ORACLE,R04/testing/03,48,0.0
ORACLE,R04/testing/03,64,1.0
ORACLE,R04/testing/03,80,1.0
ORACLE,R04/testing/03,96,1.0
ORACLE,R04/testing/03,112,1.0
ORACLE,R04/testing/03,128,1.0
ORACLE,R04/testing/03,144,1.0
ORACLE,R04/testing/03,160,1.0
ORACLE,R04/testing/03,176,1.0
ORACLE,R04/testing/03,192,1.0
ORACLE,R04/testing/03,208,1.0
ORACLE,R04/testing/03,224,1.0
ORACLE,R04/testing/03,240,1.0
ORACLE,R04/testing/03,256,1.0
ORACLE,R04/testing/03,272,1.0
ORACLE,R04/testing/03,288,1.0
ORACLE,R04/testing/03,304,1.0
ORACLE,R04/testing/03,320,1.0
ORACLE,R04/testing/03,336,1.0
ORACLE,R04/testing/03,352,1.0
ORACLE,R04/testing/03,368,1.0
RANDOM,R04/testing/09,0,0.11321988583128051
RANDOM,R04/testing/09,16,0.5222459329102984
RANDOM,R04/testing/09,32,0.5687435895691126
RANDOM,R04/testing/09,48,0.5186855427460793
RANDOM,R04/testing/09,64,0.6131246779542143
RANDOM,R04/testing/09,80,0.8776434630874401
RANDOM,R04/testing/09,96,0.5042048449445539
RANDOM,R04/testing/09,112,0.37914767869986854
RANDOM,R04/testing/09,128,0.25657270258042775
RANDOM,R04/testing/09,144,0.30684664245492477
RANDOM,R04/testing/09,160,0.5608070533590342
RANDOM,R04/testing/09,176,0.795372341166364
RANDOM,R04/testing/09,192,0.4411210299320396
RANDOM,R04/testing/09,208,0.0407623273086144
RANDOM,R04/testing/09,224,0.1881545037427702
RANDOM,R04/testing/09,240,0.09065223342495876
RANDOM,R04/testing/09,256,0.3333434140297783
RANDOM,R04/testing/09,272,0.6843766580709426
RANDOM,R04/testing/09,288,0.5907147319048698
RANDOM,R04/testing/09,304,0.6621275899582407
RANDOM,R04/testing/09,320,0.4545951309204591
ZERO,R04/testing/09,0,0.0
ZERO,R04/testing/09,16,0.0
ZERO,R04/testing/09,32,0.0
ZERO,R04/testing/09,48,0.0
ZERO,R04/testing/09,64,0.0
ZERO,R04/testing/09,80,0.0
ZERO,R04/testing/09,96,0.0
ZERO,R04/testing/09,112,0.0
ZERO,R04/testing/09,128,0.0
ZERO,R04/testing/09,144,0.0
ZERO,R04/testing/09,160,0.0
ZERO,R04/testing/09,176,0.0
ZERO,R04/testing/09,192,0.0
ZERO,R04/testing/09,208,0.0
ZERO,R04/testing/09,224,0.0
ZERO,R04/testing/09,240,0.0
ZERO,R04/testing/09,256,0.0
ZERO,R04/testing/09,272,0.0
ZERO,R04/testing/09,288,0.0
ZERO,R04/testing/09,304,0.0
ZERO,R04/testing/09,320,0.0
ONE,R04/testing/09,0,1.0
ONE,R04/testing/09,16,1.0
ONE,R04/testing/09,32,1.0
ONE,R04/testing/09,48,1.0
ONE,R04/testing/09,64,1.0
ONE,R04/testing/09,80,1.0
ONE,R04/testing/09,96,1.0
ONE,R04/testing/09,112,1.0
ONE,R04/testing/09,128,1.0
ONE,R04/testing/09,144,1.0
ONE,R04/testing/09,160,1.0
ONE,R04/testing/09,176,1.0
ONE,R04/testing/09,192,1.0
ONE,R04/testing/09,208,1.0
ONE,R04/testing/09,224,1.0
ONE,R04/testing/09,240,1.0
ONE,R04/testing/09,256,1.0
ONE,R04/testing/09,272,1.0
ONE,R04/testing/09,288,1.0
ONE,R04/testing/09,304,1.0
ONE,R04/testing/09,320,1.0
ORACLE,R04/testing/09,0,0.0
ORACLE,R04/testing/09,16,0.0
ORACLE,R04/testing/09,32,0.0
ORACLE,R04/testing/09,48,0.0
ORACLE,R04/testing/09,64,0.0
ORACLE,R04/testing/09,80,0.0
ORACLE,R04/testing/09,96,0.0
ORACLE,R04/testing/09,112,0.0
ORACLE,R04/testing/09,128,1.0
ORACLE,R04/testing/09,144,1.0
ORACLE,R04/testing/09,160,1.0
ORACLE,R04/testing/09,176,1.0
ORACLE,R04/testing/09,192,1.0
ORACLE,R04/testing/09,208,1.0
ORACLE,R04/testing/09,224,1.0
ORACLE,R04/testing/09,240,1.0
ORACLE,R04/testing/09,256,1.0
ORACLE,R04/testing/09,272,1.0
ORACLE,R04/testing/09,288,1.0
ORACLE,R04/testing/09,304,1.0
ORACLE,R04/testing/09,320,1.0
RANDOM,R04/testing/15,0,0.10978053695110701
RANDOM,R04/testing/15,16,0.2962559550393429
RANDOM,R04/testing/15,32,0.5109604789214502
RANDOM,R04/testing/15,48,0.4971649650726536
RANDOM,R04/testing/15,64,0.24366138788293934
RANDOM,R04/testing/15,80,0.8253015581668586
RANDOM,R04/testing/15,96,0.43331333598704
RANDOM,R04/testing/15,112,0.8454561251606802
RANDOM,R04/testing/15,128,0.2654926303315115
RANDOM,R04/testing/15,144,0.94193958587313
RANDOM,R04/testing/15,160,0.11185734640122513
RANDOM,R04/testing/15,176,0.7691824905147556
RANDOM,R04/testing/15,192,0.02018645300971933
RANDOM,R04/testing/15,208,0.23632066354151104
RANDOM,R04/testing/15,224,0.8705533043101933
RANDOM,R04/testing/15,240,0.3501049998112872
RANDOM,R04/testing/15,256,0.9324794930587861
RANDOM,R04/testing/15,272,0.9294170006228567
RANDOM,R04/testing/15,288,0.8001925768935053
RANDOM,R04/testing/15,304,0.3961054492248157
RANDOM,R04/testing/15,320,0.8582685034359774
RANDOM,R04/testing/15,336,0.45710433692881935
RANDOM,R04/testing/15,352,0.12617219508562783
RANDOM,R04/testing/15,368,0.8519583689191783
ZERO,R04/testing/15,0,0.0
ZERO,R04/testing/15,16,0.0
ZERO,R04/testing/15,32,0.0
ZERO,R04/testing/15,48,0.0
ZERO,R04/testing/15,64,0.0
ZERO,R04/testing/15,80,0.0
ZERO,R04/testing/15,96,0.0
ZERO,R04/testing/15,112,0.0
ZERO,R04/testing/15,128,0.0
ZERO,R04/testing/15,144,0.0
ZERO,R04/testing/15,160,0.0
ZERO,R04/testing/15,176,0.0
ZERO,R04/testing/15,192,0.0
ZERO,R04/testing/15,208,0.0
ZERO,R04/testing/15,224,0.0
ZERO,R04/testing/15,240,0.0
ZERO,R04/testing/15,256,0.0
ZERO,R04/testing/15,272,0.0
ZERO,R04/testing/15,288,0.0
ZERO,R04/testing/15,304,0.0
ZERO,R04/testing/15,320,0.0
ZERO,R04/testing/15,336,0.0
ZERO,R04/testing/15,352,0.0
ZERO,R04/testing/15,368,0.0
ONE,R04/testing/15,0,1.0
ONE,R04/testing/15,16,1.0
ONE,R04/testing/15,32,1.0
ONE,R04/testing/15,48,1.0
ONE,R04/testing/15,64,1.0
ONE,R04/testing/15,80,1.0
ONE,R04/testing/15,96,1.0
ONE,R04/testing/15,112,1.0
ONE,R04/testing/15,128,1.0
ONE,R04/testing/15,144,1.0
ONE,R04/testing/15,160,1.0
ONE,R04/testing/15,176,1.0
ONE,R04/testing/15,192,1.0
ONE,R04/testing/15,208,1.0
ONE,R04/testing/15,224,1.0
ONE,R04/testing/15,240,1.0
ONE,R04/testing/15,256,1.0
ONE,R04/testing/15,272,1.0
ONE,R04/testing/15,288,1.0
ONE,R04/testing/15,304,1.0
ONE,R04/testing/15,320,1.0
ONE,R04/testing/15,336,1.0
ONE,R04/testing/15,352,1.0
ONE,R04/testing/15,368,1.0
ORACLE,R04/testing/15,0,0.0
ORACLE,R04/testing/15,16,0.0
ORACLE,R04/testing/15,32,0.0
ORACLE,R04/testing/15,48,1.0
ORACLE,R04/testing/15,64,1.0
ORACLE,R04/testing/15,80,1.0
ORACLE,R04/testing/15,96,1.0
ORACLE,R04/testing/15,112,1.0
ORACLE,R04/testing/15,128,1.0
ORACLE,R04/testing/15,144,1.0
ORACLE,R04/testing/15,160,1.0
ORACLE,R04/testing/15,176,1.0
ORACLE,R04/testing/15,192,1.0
ORACLE,R04/testing/15,208,1.0
ORACLE,R04/testing/15,224,1.0
ORACLE,R04/testing/15,240,1.0
ORACLE,R04/testing/15,256,1.0
ORACLE,R04/testing/15,272,1.0
ORACLE,R04/testing/15,288,1.0
ORACLE,R04/testing/15,304,1.0
ORACLE,R04/testing/15,320,1.0
ORACLE,R04/testing/15,336,1.0
ORACLE,R04/testing/15,352,1.0
ORACLE,R04/testing/15,368,1.0
