{'step': 'waiting_for_existing_R01_normal'}
{'step': 'waiting_for_existing_R01_normal'}
{'step': 'waiting_for_existing_R01_normal'}
{'step': 'waiting_for_existing_R01_normal'}
{'step': 'waiting_for_existing_R01_normal'}
{'step': 'waiting_for_existing_R01_normal'}
{'step': 'waiting_for_existing_R01_normal'}
{'step': 'waiting_for_existing_R01_normal'}
{'step': 'waiting_for_existing_R01_normal'}
{'step': 'waiting_for_existing_R01_normal'}
{'step': 'waiting_for_existing_R01_normal'}
{'step': 'waiting_for_existing_R01_normal'}
{'step': 'waiting_for_existing_R01_normal'}
{'step': 'waiting_for_existing_R01_normal'}
{'step': 'waiting_for_existing_R01_normal'}
{'step': 'waiting_for_existing_R01_normal'}
{'step': 'waiting_for_existing_R01_normal'}
{'step': 'waiting_for_existing_R01_normal'}
{'step': 'waiting_for_existing_R01_normal'}
{'step': 'waiting_for_existing_R01_normal'}
{'step': 'waiting_for_existing_R01_normal'}
{'step': 'waiting_for_existing_R01_normal'}
{'step': 'waiting_for_existing_R01_normal'}
{'step': 'waiting_for_existing_R01_normal'}
{'step': 'waiting_for_existing_R01_normal'}
{'step': 'waiting_for_existing_R01_normal'}
{'step': 'waiting_for_existing_R01_normal'}
{'step': 'waiting_for_existing_R01_normal'}
{'step': 'waiting_for_existing_R01_normal'}
{'step': 'waiting_for_existing_R01_normal'}
{'step': 'waiting_for_existing_R01_normal'}
{'step': 'waiting_for_existing_R01_normal'}
{'step': 'waiting_for_existing_R01_normal'}
{'step': 'waiting_for_existing_R01_normal'}
{'step': 'waiting_for_existing_R01_normal'}
{'step': 'waiting_for_existing_R01_normal'}
{'step': 'waiting_for_existing_R01_normal'}
{'step': 'waiting_for_existing_R01_normal'}
{'step': 'waiting_for_existing_R01_normal'}
{'step': 'waiting_for_existing_R01_normal'}
{'step': 'waiting_for_existing_R01_normal'}
{'step': 'waiting_for_existing_R01_normal'}
{'step': 'failed', 'error': 'RuntimeError("R01 normal extraction stopped: {\'status\': \'failed\', \'error\': \'AssertionError()\'}")', 'traceback': 'Traceback (most recent call last):\n  File "/tmp/vera_stage4_work/continue_vera_stage4.py", line 17, in <module>\n    if s.get(\'status\') in [\'failed\',\'paused_low_disk\']:raise RuntimeError(\'R01 normal extraction stopped: \'+str(s))\n                                                       ^^^^^^^^^^^^^^^^^^^^^^^^^^^^^^^^^^^^^^^^^^^^^^^^^^^^^^^^^^^^\nRuntimeError: R01 normal extraction stopped: {\'status\': \'failed\', \'error\': \'AssertionError()\'}\n'}
Traceback (most recent call last):
  File "/tmp/vera_stage4_work/continue_vera_stage4.py", line 17, in <module>
    if s.get('status') in ['failed','paused_low_disk']:raise RuntimeError('R01 normal extraction stopped: '+str(s))
                                                       ^^^^^^^^^^^^^^^^^^^^^^^^^^^^^^^^^^^^^^^^^^^^^^^^^^^^^^^^^^^^
RuntimeError: R01 normal extraction stopped: {'status': 'failed', 'error': 'AssertionError()'}
{'step': 'waiting_for_existing_R01_normal'}
{'step': 'waiting_for_existing_R01_normal'}
{'step': 'waiting_for_existing_R01_normal'}
{'step': 'waiting_for_existing_R01_normal'}
{'step': 'waiting_for_existing_R01_normal'}
{'step': 'waiting_for_existing_R01_normal'}
{'step': 'waiting_for_existing_R01_normal'}
{'step': 'waiting_for_existing_R01_normal'}
{'step': 'waiting_for_existing_R01_normal'}
{'step': 'waiting_for_existing_R01_normal'}
{'step': 'waiting_for_existing_R01_normal'}
{'step': 'waiting_for_existing_R01_normal'}
{'step': 'waiting_for_existing_R01_normal'}
{'step': 'waiting_for_existing_R01_normal'}
{'step': 'waiting_for_existing_R01_normal'}
{'step': 'failed', 'error': 'RuntimeError("R01 normal extraction stopped: {\'status\': \'failed\', \'error\': \'AssertionError()\'}")', 'traceback': 'Traceback (most recent call last):\n  File "/tmp/vera_stage4_work/continue_vera_stage4.py", line 17, in <module>\n    if s.get(\'status\') in [\'failed\',\'paused_low_disk\']:raise RuntimeError(\'R01 normal extraction stopped: \'+str(s))\n                                                       ^^^^^^^^^^^^^^^^^^^^^^^^^^^^^^^^^^^^^^^^^^^^^^^^^^^^^^^^^^^^\nRuntimeError: R01 normal extraction stopped: {\'status\': \'failed\', \'error\': \'AssertionError()\'}\n'}
Traceback (most recent call last):
  File "/tmp/vera_stage4_work/continue_vera_stage4.py", line 17, in <module>
    if s.get('status') in ['failed','paused_low_disk']:raise RuntimeError('R01 normal extraction stopped: '+str(s))
                                                       ^^^^^^^^^^^^^^^^^^^^^^^^^^^^^^^^^^^^^^^^^^^^^^^^^^^^^^^^^^^^
RuntimeError: R01 normal extraction stopped: {'status': 'failed', 'error': 'AssertionError()'}
{'step': 'waiting_for_existing_R01_normal'}
{'step': 'waiting_for_existing_R01_normal'}
{'step': 'waiting_for_existing_R01_normal'}
{'step': 'waiting_for_existing_R01_normal'}
{'step': 'waiting_for_existing_R01_normal'}
{'step': 'failed', 'error': 'RuntimeError(\'R01 normal extraction stopped: {\\\'status\\\': \\\'failed\\\', \\\'error\\\': "RuntimeError(\\\'No normal rules survived evidence checks; no invented fallback\\\')"}\')', 'traceback': 'Traceback (most recent call last):\n  File "/tmp/vera_stage4_work/continue_vera_stage4.py", line 17, in <module>\n    if s.get(\'status\') in [\'failed\',\'paused_low_disk\']:raise RuntimeError(\'R01 normal extraction stopped: \'+str(s))\n                                                       ^^^^^^^^^^^^^^^^^^^^^^^^^^^^^^^^^^^^^^^^^^^^^^^^^^^^^^^^^^^^\nRuntimeError: R01 normal extraction stopped: {\'status\': \'failed\', \'error\': "RuntimeError(\'No normal rules survived evidence checks; no invented fallback\')"}\n'}
Traceback (most recent call last):
  File "/tmp/vera_stage4_work/continue_vera_stage4.py", line 17, in <module>
    if s.get('status') in ['failed','paused_low_disk']:raise RuntimeError('R01 normal extraction stopped: '+str(s))
                                                       ^^^^^^^^^^^^^^^^^^^^^^^^^^^^^^^^^^^^^^^^^^^^^^^^^^^^^^^^^^^^
RuntimeError: R01 normal extraction stopped: {'status': 'failed', 'error': "RuntimeError('No normal rules survived evidence checks; no invented fallback')"}
{'scene': 'R01', 'step': 'normal'}
{
  "status": "passed",
  "scene": "R01",
  "generation_videos": 22,
  "audit_videos": 6,
  "observed_segments": 328,
  "audit_segments": 90,
  "accepted_rules": 2,
  "normal_train_only": true,
  "disjoint_generation_audit": true,
  "all_candidate_decisions_recomputed": true,
  "source_hashes_verified": true,
  "human_visual_annotation": false
}
Execution evidence: experiments/stage4/execution/R01_normal_audit/20260927T132310Z_68613da9
Reported stage4_R01_normal
Execution evidence: experiments/stage4/execution/R01_normal_report/20260927T132313Z_2c407ac4
Publication audit: 1471 files, 57678177 bytes
[main 98aca32] 4단계 R01: 정상 기준 생성·근거 확인 완료
 1006 files changed, 63445 insertions(+), 7 deletions(-)
 create mode 100644 experiments/stage4/R01/normal/audit/testing/13/000000.json
 create mode 100644 experiments/stage4/R01/normal/audit/testing/13/000016.json
 create mode 100644 experiments/stage4/R01/normal/audit/testing/13/000032.json
 create mode 100644 experiments/stage4/R01/normal/audit/testing/13/000048.json
 create mode 100644 experiments/stage4/R01/normal/audit/testing/13/000064.json
 create mode 100644 experiments/stage4/R01/normal/audit/testing/13/000080.json
 create mode 100644 experiments/stage4/R01/normal/audit/testing/13/000096.json
 create mode 100644 experiments/stage4/R01/normal/audit/testing/13/000112.json
 create mode 100644 experiments/stage4/R01/normal/audit/testing/13/000128.json
 create mode 100644 experiments/stage4/R01/normal/audit/testing/13/000144.json
 create mode 100644 experiments/stage4/R01/normal/audit/testing/13/000160.json
 create mode 100644 experiments/stage4/R01/normal/audit/testing/13/000176.json
 create mode 100644 experiments/stage4/R01/normal/audit/testing/13/000192.json
 create mode 100644 experiments/stage4/R01/normal/audit/testing/13/000208.json
 create mode 100644 experiments/stage4/R01/normal/audit/testing/13/000224.json
 create mode 100644 experiments/stage4/R01/normal/audit/testing/15/000000.json
 create mode 100644 experiments/stage4/R01/normal/audit/testing/15/000016.json
 create mode 100644 experiments/stage4/R01/normal/audit/testing/15/000032.json
 create mode 100644 experiments/stage4/R01/normal/audit/testing/15/000048.json
 create mode 100644 experiments/stage4/R01/normal/audit/testing/15/000064.json
 create mode 100644 experiments/stage4/R01/normal/audit/testing/15/000080.json
 create mode 100644 experiments/stage4/R01/normal/audit/testing/15/000096.json
 create mode 100644 experiments/stage4/R01/normal/audit/testing/15/000112.json
 create mode 100644 experiments/stage4/R01/normal/audit/testing/15/000128.json
 create mode 100644 experiments/stage4/R01/normal/audit/testing/15/000144.json
 create mode 100644 experiments/stage4/R01/normal/audit/testing/15/000160.json
 create mode 100644 experiments/stage4/R01/normal/audit/testing/15/000176.json
 create mode 100644 experiments/stage4/R01/normal/audit/testing/15/000192.json
 create mode 100644 experiments/stage4/R01/normal/audit/testing/15/000208.json
 create mode 100644 experiments/stage4/R01/normal/audit/testing/15/000224.json
 create mode 100644 experiments/stage4/R01/normal/audit/training/10/000000.json
 create mode 100644 experiments/stage4/R01/normal/audit/training/10/000016.json
 create mode 100644 experiments/stage4/R01/normal/audit/training/10/000032.json
 create mode 100644 experiments/stage4/R01/normal/audit/training/10/000048.json
 create mode 100644 experiments/stage4/R01/normal/audit/training/10/000064.json
 create mode 100644 experiments/stage4/R01/normal/audit/training/10/000080.json
 create mode 100644 experiments/stage4/R01/normal/audit/training/10/000096.json
 create mode 100644 experiments/stage4/R01/normal/audit/training/10/000112.json
 create mode 100644 experiments/stage4/R01/normal/audit/training/10/000128.json
 create mode 100644 experiments/stage4/R01/normal/audit/training/10/000144.json
 create mode 100644 experiments/stage4/R01/normal/audit/training/10/000160.json
 create mode 100644 experiments/stage4/R01/normal/audit/training/10/000176.json
 create mode 100644 experiments/stage4/R01/normal/audit/training/10/000192.json
 create mode 100644 experiments/stage4/R01/normal/audit/training/10/000208.json
 create mode 100644 experiments/stage4/R01/normal/audit/training/10/000224.json
 create mode 100644 experiments/stage4/R01/normal/audit/training/13/000000.json
 create mode 100644 experiments/stage4/R01/normal/audit/training/13/000016.json
 create mode 100644 experiments/stage4/R01/normal/audit/training/13/000032.json
 create mode 100644 experiments/stage4/R01/normal/audit/training/13/000048.json
 create mode 100644 experiments/stage4/R01/normal/audit/training/13/000064.json
 create mode 100644 experiments/stage4/R01/normal/audit/training/13/000080.json
 create mode 100644 experiments/stage4/R01/normal/audit/training/13/000096.json
 create mode 100644 experiments/stage4/R01/normal/audit/training/13/000112.json
 create mode 100644 experiments/stage4/R01/normal/audit/training/13/000128.json
 create mode 100644 experiments/stage4/R01/normal/audit/training/13/000144.json
 create mode 100644 experiments/stage4/R01/normal/audit/training/13/000160.json
 create mode 100644 experiments/stage4/R01/normal/audit/training/13/000176.json
 create mode 100644 experiments/stage4/R01/normal/audit/training/13/000192.json
 create mode 100644 experiments/stage4/R01/normal/audit/training/13/000208.json
 create mode 100644 experiments/stage4/R01/normal/audit/training/13/000224.json
 create mode 100644 experiments/stage4/R01/normal/audit/training/23/000000.json
 create mode 100644 experiments/stage4/R01/normal/audit/training/23/000016.json
 create mode 100644 experiments/stage4/R01/normal/audit/training/23/000032.json
 create mode 100644 experiments/stage4/R01/normal/audit/training/23/000048.json
 create mode 100644 experiments/stage4/R01/normal/audit/training/23/000064.json
 create mode 100644 experiments/stage4/R01/normal/audit/training/23/000080.json
 create mode 100644 experiments/stage4/R01/normal/audit/training/23/000096.json
 create mode 100644 experiments/stage4/R01/normal/audit/training/23/000112.json
 create mode 100644 experiments/stage4/R01/normal/audit/training/23/000128.json
 create mode 100644 experiments/stage4/R01/normal/audit/training/23/000144.json
 create mode 100644 experiments/stage4/R01/normal/audit/training/23/000160.json
 create mode 100644 experiments/stage4/R01/normal/audit/training/23/000176.json
 create mode 100644 experiments/stage4/R01/normal/audit/training/23/000192.json
 create mode 100644 experiments/stage4/R01/normal/audit/training/23/000208.json
 create mode 100644 experiments/stage4/R01/normal/audit/training/23/000224.json
 create mode 100644 experiments/stage4/R01/normal/audit/training/34/000000.json
 create mode 100644 experiments/stage4/R01/normal/audit/training/34/000016.json
 create mode 100644 experiments/stage4/R01/normal/audit/training/34/000032.json
 create mode 100644 experiments/stage4/R01/normal/audit/training/34/000048.json
 create mode 100644 experiments/stage4/R01/normal/audit/training/34/000064.json
 create mode 100644 experiments/stage4/R01/normal/audit/training/34/000080.json
 create mode 100644 experiments/stage4/R01/normal/audit/training/34/000096.json
 create mode 100644 experiments/stage4/R01/normal/audit/training/34/000112.json
 create mode 100644 experiments/stage4/R01/normal/audit/training/34/000128.json
 create mode 100644 experiments/stage4/R01/normal/audit/training/34/000144.json
 create mode 100644 experiments/stage4/R01/normal/audit/training/34/000160.json
 create mode 100644 experiments/stage4/R01/normal/audit/training/34/000176.json
 create mode 100644 experiments/stage4/R01/normal/audit/training/34/000192.json
 create mode 100644 experiments/stage4/R01/normal/audit/training/34/000208.json
 create mode 100644 experiments/stage4/R01/normal/audit/training/34/000224.json
 create mode 100644 experiments/stage4/R01/normal/audit_checks/N1/testing/13/000000.json
 create mode 100644 experiments/stage4/R01/normal/audit_checks/N1/testing/13/000016.json
 create mode 100644 experiments/stage4/R01/normal/audit_checks/N1/testing/13/000032.json
 create mode 100644 experiments/stage4/R01/normal/audit_checks/N1/testing/13/000048.json
 create mode 100644 experiments/stage4/R01/normal/audit_checks/N1/testing/13/000064.json
 create mode 100644 experiments/stage4/R01/normal/audit_checks/N1/testing/13/000080.json
 create mode 100644 experiments/stage4/R01/normal/audit_checks/N1/testing/13/000096.json
 create mode 100644 experiments/stage4/R01/normal/audit_checks/N1/testing/13/000112.json
 create mode 100644 experiments/stage4/R01/normal/audit_checks/N1/testing/13/000128.json
 create mode 100644 experiments/stage4/R01/normal/audit_checks/N1/testing/13/000144.json
 create mode 100644 experiments/stage4/R01/normal/audit_checks/N1/testing/13/000160.json
 create mode 100644 experiments/stage4/R01/normal/audit_checks/N1/testing/13/000176.json
 create mode 100644 experiments/stage4/R01/normal/audit_checks/N1/testing/13/000192.json
 create mode 100644 experiments/stage4/R01/normal/audit_checks/N1/testing/13/000208.json
 create mode 100644 experiments/stage4/R01/normal/audit_checks/N1/testing/13/000224.json
 create mode 100644 experiments/stage4/R01/normal/audit_checks/N1/testing/15/000000.json
 create mode 100644 experiments/stage4/R01/normal/audit_checks/N1/testing/15/000016.json
 create mode 100644 experiments/stage4/R01/normal/audit_checks/N1/testing/15/000032.json
 create mode 100644 experiments/stage4/R01/normal/audit_checks/N1/testing/15/000048.json
 create mode 100644 experiments/stage4/R01/normal/audit_checks/N1/testing/15/000064.json
 create mode 100644 experiments/stage4/R01/normal/audit_checks/N1/testing/15/000080.json
 create mode 100644 experiments/stage4/R01/normal/audit_checks/N1/testing/15/000096.json
 create mode 100644 experiments/stage4/R01/normal/audit_checks/N1/testing/15/000112.json
 create mode 100644 experiments/stage4/R01/normal/audit_checks/N1/testing/15/000128.json
 create mode 100644 experiments/stage4/R01/normal/audit_checks/N1/testing/15/000144.json
 create mode 100644 experiments/stage4/R01/normal/audit_checks/N1/testing/15/000160.json
 create mode 100644 experiments/stage4/R01/normal/audit_checks/N1/testing/15/000176.json
 create mode 100644 experiments/stage4/R01/normal/audit_checks/N1/testing/15/000192.json
 create mode 100644 experiments/stage4/R01/normal/audit_checks/N1/testing/15/000208.json
 create mode 100644 experiments/stage4/R01/normal/audit_checks/N1/testing/15/000224.json
 create mode 100644 experiments/stage4/R01/normal/audit_checks/N1/training/10/000000.json
 create mode 100644 experiments/stage4/R01/normal/audit_checks/N1/training/10/000016.json
 create mode 100644 experiments/stage4/R01/normal/audit_checks/N1/training/10/000032.json
 create mode 100644 experiments/stage4/R01/normal/audit_checks/N1/training/10/000048.json
 create mode 100644 experiments/stage4/R01/normal/audit_checks/N1/training/10/000064.json
 create mode 100644 experiments/stage4/R01/normal/audit_checks/N1/training/10/000080.json
 create mode 100644 experiments/stage4/R01/normal/audit_checks/N1/training/10/000096.json
 create mode 100644 experiments/stage4/R01/normal/audit_checks/N1/training/10/000112.json
 create mode 100644 experiments/stage4/R01/normal/audit_checks/N1/training/10/000128.json
 create mode 100644 experiments/stage4/R01/normal/audit_checks/N1/training/10/000144.json
 create mode 100644 experiments/stage4/R01/normal/audit_checks/N1/training/10/000160.json
 create mode 100644 experiments/stage4/R01/normal/audit_checks/N1/training/10/000176.json
 create mode 100644 experiments/stage4/R01/normal/audit_checks/N1/training/10/000192.json
 create mode 100644 experiments/stage4/R01/normal/audit_checks/N1/training/10/000208.json
 create mode 100644 experiments/stage4/R01/normal/audit_checks/N1/training/10/000224.json
 create mode 100644 experiments/stage4/R01/normal/audit_checks/N1/training/13/000000.json
 create mode 100644 experiments/stage4/R01/normal/audit_checks/N1/training/13/000016.json
 create mode 100644 experiments/stage4/R01/normal/audit_checks/N1/training/13/000032.json
 create mode 100644 experiments/stage4/R01/normal/audit_checks/N1/training/13/000048.json
 create mode 100644 experiments/stage4/R01/normal/audit_checks/N1/training/13/000064.json
 create mode 100644 experiments/stage4/R01/normal/audit_checks/N1/training/13/000080.json
 create mode 100644 experiments/stage4/R01/normal/audit_checks/N1/training/13/000096.json
 create mode 100644 experiments/stage4/R01/normal/audit_checks/N1/training/13/000112.json
 create mode 100644 experiments/stage4/R01/normal/audit_checks/N1/training/13/000128.json
 create mode 100644 experiments/stage4/R01/normal/audit_checks/N1/training/13/000144.json
 create mode 100644 experiments/stage4/R01/normal/audit_checks/N1/training/13/000160.json
 create mode 100644 experiments/stage4/R01/normal/audit_checks/N1/training/13/000176.json
 create mode 100644 experiments/stage4/R01/normal/audit_checks/N1/training/13/000192.json
 create mode 100644 experiments/stage4/R01/normal/audit_checks/N1/training/13/000208.json
 create mode 100644 experiments/stage4/R01/normal/audit_checks/N1/training/13/000224.json
 create mode 100644 experiments/stage4/R01/normal/audit_checks/N1/training/23/000000.json
 create mode 100644 experiments/stage4/R01/normal/audit_checks/N1/training/23/000016.json
 create mode 100644 experiments/stage4/R01/normal/audit_checks/N1/training/23/000032.json
 create mode 100644 experiments/stage4/R01/normal/audit_checks/N1/training/23/000048.json
 create mode 100644 experiments/stage4/R01/normal/audit_checks/N1/training/23/000064.json
 create mode 100644 experiments/stage4/R01/normal/audit_checks/N1/training/23/000080.json
 create mode 100644 experiments/stage4/R01/normal/audit_checks/N1/training/23/000096.json
 create mode 100644 experiments/stage4/R01/normal/audit_checks/N1/training/23/000112.json
 create mode 100644 experiments/stage4/R01/normal/audit_checks/N1/training/23/000128.json
 create mode 100644 experiments/stage4/R01/normal/audit_checks/N1/training/23/000144.json
 create mode 100644 experiments/stage4/R01/normal/audit_checks/N1/training/23/000160.json
 create mode 100644 experiments/stage4/R01/normal/audit_checks/N1/training/23/000176.json
 create mode 100644 experiments/stage4/R01/normal/audit_checks/N1/training/23/000192.json
 create mode 100644 experiments/stage4/R01/normal/audit_checks/N1/training/23/000208.json
 create mode 100644 experiments/stage4/R01/normal/audit_checks/N1/training/23/000224.json
 create mode 100644 experiments/stage4/R01/normal/audit_checks/N1/training/34/000000.json
 create mode 100644 experiments/stage4/R01/normal/audit_checks/N1/training/34/000016.json
 create mode 100644 experiments/stage4/R01/normal/audit_checks/N1/training/34/000032.json
 create mode 100644 experiments/stage4/R01/normal/audit_checks/N1/training/34/000048.json
 create mode 100644 experiments/stage4/R01/normal/audit_checks/N1/training/34/000064.json
 create mode 100644 experiments/stage4/R01/normal/audit_checks/N1/training/34/000080.json
 create mode 100644 experiments/stage4/R01/normal/audit_checks/N1/training/34/000096.json
 create mode 100644 experiments/stage4/R01/normal/audit_checks/N1/training/34/000112.json
 create mode 100644 experiments/stage4/R01/normal/audit_checks/N1/training/34/000128.json
 create mode 100644 experiments/stage4/R01/normal/audit_checks/N1/training/34/000144.json
 create mode 100644 experiments/stage4/R01/normal/audit_checks/N1/training/34/000160.json
 create mode 100644 experiments/stage4/R01/normal/audit_checks/N1/training/34/000176.json
 create mode 100644 experiments/stage4/R01/normal/audit_checks/N1/training/34/000192.json
 create mode 100644 experiments/stage4/R01/normal/audit_checks/N1/training/34/000208.json
 create mode 100644 experiments/stage4/R01/normal/audit_checks/N1/training/34/000224.json
 create mode 100644 experiments/stage4/R01/normal/audit_checks/N3/testing/13/000000.json
 create mode 100644 experiments/stage4/R01/normal/audit_checks/N3/testing/13/000016.json
 create mode 100644 experiments/stage4/R01/normal/audit_checks/N3/testing/13/000032.json
 create mode 100644 experiments/stage4/R01/normal/audit_checks/N3/testing/13/000048.json
 create mode 100644 experiments/stage4/R01/normal/audit_checks/N3/testing/13/000064.json
 create mode 100644 experiments/stage4/R01/normal/audit_checks/N3/testing/13/000080.json
 create mode 100644 experiments/stage4/R01/normal/audit_checks/N3/testing/13/000096.json
 create mode 100644 experiments/stage4/R01/normal/audit_checks/N3/testing/13/000112.json
 create mode 100644 experiments/stage4/R01/normal/audit_checks/N3/testing/13/000128.json
 create mode 100644 experiments/stage4/R01/normal/audit_checks/N3/testing/13/000144.json
 create mode 100644 experiments/stage4/R01/normal/audit_checks/N3/testing/13/000160.json
 create mode 100644 experiments/stage4/R01/normal/audit_checks/N3/testing/13/000176.json
 create mode 100644 experiments/stage4/R01/normal/audit_checks/N3/testing/13/000192.json
 create mode 100644 experiments/stage4/R01/normal/audit_checks/N3/testing/13/000208.json
 create mode 100644 experiments/stage4/R01/normal/audit_checks/N3/testing/13/000224.json
 create mode 100644 experiments/stage4/R01/normal/audit_checks/N3/testing/15/000000.json
 create mode 100644 experiments/stage4/R01/normal/audit_checks/N3/testing/15/000016.json
 create mode 100644 experiments/stage4/R01/normal/audit_checks/N3/testing/15/000032.json
 create mode 100644 experiments/stage4/R01/normal/audit_checks/N3/testing/15/000048.json
 create mode 100644 experiments/stage4/R01/normal/audit_checks/N3/testing/15/000064.json
 create mode 100644 experiments/stage4/R01/normal/audit_checks/N3/testing/15/000080.json
 create mode 100644 experiments/stage4/R01/normal/audit_checks/N3/testing/15/000096.json
 create mode 100644 experiments/stage4/R01/normal/audit_checks/N3/testing/15/000112.json
 create mode 100644 experiments/stage4/R01/normal/audit_checks/N3/testing/15/000128.json
 create mode 100644 experiments/stage4/R01/normal/audit_checks/N3/testing/15/000144.json
 create mode 100644 experiments/stage4/R01/normal/audit_checks/N3/testing/15/000160.json
 create mode 100644 experiments/stage4/R01/normal/audit_checks/N3/testing/15/000176.json
 create mode 100644 experiments/stage4/R01/normal/audit_checks/N3/testing/15/000192.json
 create mode 100644 experiments/stage4/R01/normal/audit_checks/N3/testing/15/000208.json
 create mode 100644 experiments/stage4/R01/normal/audit_checks/N3/testing/15/000224.json
 create mode 100644 experiments/stage4/R01/normal/audit_checks/N3/training/10/000000.json
 create mode 100644 experiments/stage4/R01/normal/audit_checks/N3/training/10/000016.json
 create mode 100644 experiments/stage4/R01/normal/audit_checks/N3/training/10/000032.json
 create mode 100644 experiments/stage4/R01/normal/audit_checks/N3/training/10/000048.json
 create mode 100644 experiments/stage4/R01/normal/audit_checks/N3/training/10/000064.json
 create mode 100644 experiments/stage4/R01/normal/audit_checks/N3/training/10/000080.json
 create mode 100644 experiments/stage4/R01/normal/audit_checks/N3/training/10/000096.json
 create mode 100644 experiments/stage4/R01/normal/audit_checks/N3/training/10/000112.json
 create mode 100644 experiments/stage4/R01/normal/audit_checks/N3/training/10/000128.json
 create mode 100644 experiments/stage4/R01/normal/audit_checks/N3/training/10/000144.json
 create mode 100644 experiments/stage4/R01/normal/audit_checks/N3/training/10/000160.json
 create mode 100644 experiments/stage4/R01/normal/audit_checks/N3/training/10/000176.json
 create mode 100644 experiments/stage4/R01/normal/audit_checks/N3/training/10/000192.json
 create mode 100644 experiments/stage4/R01/normal/audit_checks/N3/training/10/000208.json
 create mode 100644 experiments/stage4/R01/normal/audit_checks/N3/training/10/000224.json
 create mode 100644 experiments/stage4/R01/normal/audit_checks/N3/training/13/000000.json
 create mode 100644 experiments/stage4/R01/normal/audit_checks/N3/training/13/000016.json
 create mode 100644 experiments/stage4/R01/normal/audit_checks/N3/training/13/000032.json
 create mode 100644 experiments/stage4/R01/normal/audit_checks/N3/training/13/000048.json
 create mode 100644 experiments/stage4/R01/normal/audit_checks/N3/training/13/000064.json
 create mode 100644 experiments/stage4/R01/normal/audit_checks/N3/training/13/000080.json
 create mode 100644 experiments/stage4/R01/normal/audit_checks/N3/training/13/000096.json
 create mode 100644 experiments/stage4/R01/normal/audit_checks/N3/training/13/000112.json
 create mode 100644 experiments/stage4/R01/normal/audit_checks/N3/training/13/000128.json
 create mode 100644 experiments/stage4/R01/normal/audit_checks/N3/training/13/000144.json
 create mode 100644 experiments/stage4/R01/normal/audit_checks/N3/training/13/000160.json
 create mode 100644 experiments/stage4/R01/normal/audit_checks/N3/training/13/000176.json
 create mode 100644 experiments/stage4/R01/normal/audit_checks/N3/training/13/000192.json
 create mode 100644 experiments/stage4/R01/normal/audit_checks/N3/training/13/000208.json
 create mode 100644 experiments/stage4/R01/normal/audit_checks/N3/training/13/000224.json
 create mode 100644 experiments/stage4/R01/normal/audit_checks/N3/training/23/000000.json
 create mode 100644 experiments/stage4/R01/normal/audit_checks/N3/training/23/000016.json
 create mode 100644 experiments/stage4/R01/normal/audit_checks/N3/training/23/000032.json
 create mode 100644 experiments/stage4/R01/normal/audit_checks/N3/training/23/000048.json
 create mode 100644 experiments/stage4/R01/normal/audit_checks/N3/training/23/000064.json
 create mode 100644 experiments/stage4/R01/normal/audit_checks/N3/training/23/000080.json
 create mode 100644 experiments/stage4/R01/normal/audit_checks/N3/training/23/000096.json
 create mode 100644 experiments/stage4/R01/normal/audit_checks/N3/training/23/000112.json
 create mode 100644 experiments/stage4/R01/normal/audit_checks/N3/training/23/000128.json
 create mode 100644 experiments/stage4/R01/normal/audit_checks/N3/training/23/000144.json
 create mode 100644 experiments/stage4/R01/normal/audit_checks/N3/training/23/000160.json
 create mode 100644 experiments/stage4/R01/normal/audit_checks/N3/training/23/000176.json
 create mode 100644 experiments/stage4/R01/normal/audit_checks/N3/training/23/000192.json
 create mode 100644 experiments/stage4/R01/normal/audit_checks/N3/training/23/000208.json
 create mode 100644 experiments/stage4/R01/normal/audit_checks/N3/training/23/000224.json
 create mode 100644 experiments/stage4/R01/normal/audit_checks/N3/training/34/000000.json
 create mode 100644 experiments/stage4/R01/normal/audit_checks/N3/training/34/000016.json
 create mode 100644 experiments/stage4/R01/normal/audit_checks/N3/training/34/000032.json
 create mode 100644 experiments/stage4/R01/normal/audit_checks/N3/training/34/000048.json
 create mode 100644 experiments/stage4/R01/normal/audit_checks/N3/training/34/000064.json
 create mode 100644 experiments/stage4/R01/normal/audit_checks/N3/training/34/000080.json
 create mode 100644 experiments/stage4/R01/normal/audit_checks/N3/training/34/000096.json
 create mode 100644 experiments/stage4/R01/normal/audit_checks/N3/training/34/000112.json
 create mode 100644 experiments/stage4/R01/normal/audit_checks/N3/training/34/000128.json
 create mode 100644 experiments/stage4/R01/normal/audit_checks/N3/training/34/000144.json
 create mode 100644 experiments/stage4/R01/normal/audit_checks/N3/training/34/000160.json
 create mode 100644 experiments/stage4/R01/normal/audit_checks/N3/training/34/000176.json
 create mode 100644 experiments/stage4/R01/normal/audit_checks/N3/training/34/000192.json
 create mode 100644 experiments/stage4/R01/normal/audit_checks/N3/training/34/000208.json
 create mode 100644 experiments/stage4/R01/normal/audit_checks/N3/training/34/000224.json
 create mode 100644 experiments/stage4/R01/normal/calls.jsonl
 create mode 100644 experiments/stage4/R01/normal/candidates.json
 create mode 100644 experiments/stage4/R01/normal/environment.json
 create mode 100644 experiments/stage4/R01/normal/events.jsonl
 create mode 100644 experiments/stage4/R01/normal/failures.jsonl
 create mode 100644 experiments/stage4/R01/normal/format_failures.jsonl
 create mode 100644 experiments/stage4/R01/normal/frozen.json
 create mode 100644 experiments/stage4/R01/normal/gpu.txt
 create mode 100644 experiments/stage4/R01/normal/independent_verification.json
 create mode 100644 experiments/stage4/R01/normal/input_manifest.json
 create mode 100644 experiments/stage4/R01/normal/invalid_candidates.json
 create mode 100644 experiments/stage4/R01/normal/model_verification.json
 create mode 100644 experiments/stage4/R01/normal/normal_description.txt
 create mode 100644 experiments/stage4/R01/normal/normal_profile.json
 create mode 100644 experiments/stage4/R01/normal/observations/testing/11/000000.json
 create mode 100644 experiments/stage4/R01/normal/observations/testing/11/000016.json
 create mode 100644 experiments/stage4/R01/normal/observations/testing/11/000032.json
 create mode 100644 experiments/stage4/R01/normal/observations/testing/11/000048.json
 create mode 100644 experiments/stage4/R01/normal/observations/testing/11/000064.json
 create mode 100644 experiments/stage4/R01/normal/observations/testing/11/000080.json
 create mode 100644 experiments/stage4/R01/normal/observations/testing/11/000096.json
 create mode 100644 experiments/stage4/R01/normal/observations/testing/11/000112.json
 create mode 100644 experiments/stage4/R01/normal/observations/testing/11/000128.json
 create mode 100644 experiments/stage4/R01/normal/observations/testing/11/000144.json
 create mode 100644 experiments/stage4/R01/normal/observations/testing/11/000160.json
 create mode 100644 experiments/stage4/R01/normal/observations/testing/11/000176.json
 create mode 100644 experiments/stage4/R01/normal/observations/testing/11/000192.json
 create mode 100644 experiments/stage4/R01/normal/observations/testing/11/000208.json
 create mode 100644 experiments/stage4/R01/normal/observations/testing/11/000224.json
 create mode 100644 experiments/stage4/R01/normal/observations/testing/12/000000.json
 create mode 100644 experiments/stage4/R01/normal/observations/testing/12/000016.json
 create mode 100644 experiments/stage4/R01/normal/observations/testing/12/000032.json
 create mode 100644 experiments/stage4/R01/normal/observations/testing/12/000048.json
 create mode 100644 experiments/stage4/R01/normal/observations/testing/12/000064.json
 create mode 100644 experiments/stage4/R01/normal/observations/testing/12/000080.json
 create mode 100644 experiments/stage4/R01/normal/observations/testing/12/000096.json
 create mode 100644 experiments/stage4/R01/normal/observations/testing/12/000112.json
 create mode 100644 experiments/stage4/R01/normal/observations/testing/12/000128.json
 create mode 100644 experiments/stage4/R01/normal/observations/testing/12/000144.json
 create mode 100644 experiments/stage4/R01/normal/observations/testing/12/000160.json
 create mode 100644 experiments/stage4/R01/normal/observations/testing/12/000176.json
 create mode 100644 experiments/stage4/R01/normal/observations/testing/12/000192.json
 create mode 100644 experiments/stage4/R01/normal/observations/testing/12/000208.json
 create mode 100644 experiments/stage4/R01/normal/observations/testing/12/000224.json
 create mode 100644 experiments/stage4/R01/normal/observations/testing/14/000000.json
 create mode 100644 experiments/stage4/R01/normal/observations/testing/14/000016.json
 create mode 100644 experiments/stage4/R01/normal/observations/testing/14/000032.json
 create mode 100644 experiments/stage4/R01/normal/observations/testing/14/000048.json
 create mode 100644 experiments/stage4/R01/normal/observations/testing/14/000064.json
 create mode 100644 experiments/stage4/R01/normal/observations/testing/14/000080.json
 create mode 100644 experiments/stage4/R01/normal/observations/testing/14/000096.json
 create mode 100644 experiments/stage4/R01/normal/observations/testing/14/000112.json
 create mode 100644 experiments/stage4/R01/normal/observations/testing/14/000128.json
 create mode 100644 experiments/stage4/R01/normal/observations/testing/14/000144.json
 create mode 100644 experiments/stage4/R01/normal/observations/testing/14/000160.json
 create mode 100644 experiments/stage4/R01/normal/observations/testing/14/000176.json
 create mode 100644 experiments/stage4/R01/normal/observations/testing/14/000192.json
 create mode 100644 experiments/stage4/R01/normal/observations/testing/14/000208.json
 create mode 100644 experiments/stage4/R01/normal/observations/testing/14/000224.json
 create mode 100644 experiments/stage4/R01/normal/observations/training/01/000000.json
 create mode 100644 experiments/stage4/R01/normal/observations/training/01/000016.json
 create mode 100644 experiments/stage4/R01/normal/observations/training/01/000032.json
 create mode 100644 experiments/stage4/R01/normal/observations/training/01/000048.json
 create mode 100644 experiments/stage4/R01/normal/observations/training/01/000064.json
 create mode 100644 experiments/stage4/R01/normal/observations/training/01/000080.json
 create mode 100644 experiments/stage4/R01/normal/observations/training/01/000096.json
 create mode 100644 experiments/stage4/R01/normal/observations/training/01/000112.json
 create mode 100644 experiments/stage4/R01/normal/observations/training/01/000128.json
 create mode 100644 experiments/stage4/R01/normal/observations/training/01/000144.json
 create mode 100644 experiments/stage4/R01/normal/observations/training/01/000160.json
 create mode 100644 experiments/stage4/R01/normal/observations/training/01/000176.json
 create mode 100644 experiments/stage4/R01/normal/observations/training/01/000192.json
 create mode 100644 experiments/stage4/R01/normal/observations/training/06/000000.json
 create mode 100644 experiments/stage4/R01/normal/observations/training/06/000016.json
 create mode 100644 experiments/stage4/R01/normal/observations/training/06/000032.json
 create mode 100644 experiments/stage4/R01/normal/observations/training/06/000048.json
 create mode 100644 experiments/stage4/R01/normal/observations/training/06/000064.json
 create mode 100644 experiments/stage4/R01/normal/observations/training/06/000080.json
 create mode 100644 experiments/stage4/R01/normal/observations/training/06/000096.json
 create mode 100644 experiments/stage4/R01/normal/observations/training/06/000112.json
 create mode 100644 experiments/stage4/R01/normal/observations/training/06/000128.json
 create mode 100644 experiments/stage4/R01/normal/observations/training/06/000144.json
 create mode 100644 experiments/stage4/R01/normal/observations/training/06/000160.json
 create mode 100644 experiments/stage4/R01/normal/observations/training/06/000176.json
 create mode 100644 experiments/stage4/R01/normal/observations/training/06/000192.json
 create mode 100644 experiments/stage4/R01/normal/observations/training/06/000208.json
 create mode 100644 experiments/stage4/R01/normal/observations/training/06/000224.json
 create mode 100644 experiments/stage4/R01/normal/observations/training/07/000000.json
 create mode 100644 experiments/stage4/R01/normal/observations/training/07/000016.json
 create mode 100644 experiments/stage4/R01/normal/observations/training/07/000032.json
 create mode 100644 experiments/stage4/R01/normal/observations/training/07/000048.json
 create mode 100644 experiments/stage4/R01/normal/observations/training/07/000064.json
 create mode 100644 experiments/stage4/R01/normal/observations/training/07/000080.json
 create mode 100644 experiments/stage4/R01/normal/observations/training/07/000096.json
 create mode 100644 experiments/stage4/R01/normal/observations/training/07/000112.json
 create mode 100644 experiments/stage4/R01/normal/observations/training/07/000128.json
 create mode 100644 experiments/stage4/R01/normal/observations/training/07/000144.json
 create mode 100644 experiments/stage4/R01/normal/observations/training/07/000160.json
 create mode 100644 experiments/stage4/R01/normal/observations/training/07/000176.json
 create mode 100644 experiments/stage4/R01/normal/observations/training/07/000192.json
 create mode 100644 experiments/stage4/R01/normal/observations/training/07/000208.json
 create mode 100644 experiments/stage4/R01/normal/observations/training/07/000224.json
 create mode 100644 experiments/stage4/R01/normal/observations/training/08/000000.json
 create mode 100644 experiments/stage4/R01/normal/observations/training/08/000016.json
 create mode 100644 experiments/stage4/R01/normal/observations/training/08/000032.json
 create mode 100644 experiments/stage4/R01/normal/observations/training/08/000048.json
 create mode 100644 experiments/stage4/R01/normal/observations/training/08/000064.json
 create mode 100644 experiments/stage4/R01/normal/observations/training/08/000080.json
 create mode 100644 experiments/stage4/R01/normal/observations/training/08/000096.json
 create mode 100644 experiments/stage4/R01/normal/observations/training/08/000112.json
 create mode 100644 experiments/stage4/R01/normal/observations/training/08/000128.json
 create mode 100644 experiments/stage4/R01/normal/observations/training/08/000144.json
 create mode 100644 experiments/stage4/R01/normal/observations/training/08/000160.json
 create mode 100644 experiments/stage4/R01/normal/observations/training/08/000176.json
 create mode 100644 experiments/stage4/R01/normal/observations/training/08/000192.json
 create mode 100644 experiments/stage4/R01/normal/observations/training/08/000208.json
 create mode 100644 experiments/stage4/R01/normal/observations/training/08/000224.json
 create mode 100644 experiments/stage4/R01/normal/observations/training/09/000000.json
 create mode 100644 experiments/stage4/R01/normal/observations/training/09/000016.json
 create mode 100644 experiments/stage4/R01/normal/observations/training/09/000032.json
 create mode 100644 experiments/stage4/R01/normal/observations/training/09/000048.json
 create mode 100644 experiments/stage4/R01/normal/observations/training/09/000064.json
 create mode 100644 experiments/stage4/R01/normal/observations/training/09/000080.json
 create mode 100644 experiments/stage4/R01/normal/observations/training/09/000096.json
 create mode 100644 experiments/stage4/R01/normal/observations/training/09/000112.json
 create mode 100644 experiments/stage4/R01/normal/observations/training/09/000128.json
 create mode 100644 experiments/stage4/R01/normal/observations/training/09/000144.json
 create mode 100644 experiments/stage4/R01/normal/observations/training/09/000160.json
 create mode 100644 experiments/stage4/R01/normal/observations/training/09/000176.json
 create mode 100644 experiments/stage4/R01/normal/observations/training/09/000192.json
 create mode 100644 experiments/stage4/R01/normal/observations/training/09/000208.json
 create mode 100644 experiments/stage4/R01/normal/observations/training/09/000224.json
 create mode 100644 experiments/stage4/R01/normal/observations/training/14/000000.json
 create mode 100644 experiments/stage4/R01/normal/observations/training/14/000016.json
 create mode 100644 experiments/stage4/R01/normal/observations/training/14/000032.json
 create mode 100644 experiments/stage4/R01/normal/observations/training/14/000048.json
 create mode 100644 experiments/stage4/R01/normal/observations/training/14/000064.json
 create mode 100644 experiments/stage4/R01/normal/observations/training/14/000080.json
 create mode 100644 experiments/stage4/R01/normal/observations/training/14/000096.json
 create mode 100644 experiments/stage4/R01/normal/observations/training/14/000112.json
 create mode 100644 experiments/stage4/R01/normal/observations/training/14/000128.json
 create mode 100644 experiments/stage4/R01/normal/observations/training/14/000144.json
 create mode 100644 experiments/stage4/R01/normal/observations/training/14/000160.json
 create mode 100644 experiments/stage4/R01/normal/observations/training/14/000176.json
 create mode 100644 experiments/stage4/R01/normal/observations/training/14/000192.json
 create mode 100644 experiments/stage4/R01/normal/observations/training/14/000208.json
 create mode 100644 experiments/stage4/R01/normal/observations/training/14/000224.json
 create mode 100644 experiments/stage4/R01/normal/observations/training/15/000000.json
 create mode 100644 experiments/stage4/R01/normal/observations/training/15/000016.json
 create mode 100644 experiments/stage4/R01/normal/observations/training/15/000032.json
 create mode 100644 experiments/stage4/R01/normal/observations/training/15/000048.json
 create mode 100644 experiments/stage4/R01/normal/observations/training/15/000064.json
 create mode 100644 experiments/stage4/R01/normal/observations/training/15/000080.json
 create mode 100644 experiments/stage4/R01/normal/observations/training/15/000096.json
 create mode 100644 experiments/stage4/R01/normal/observations/training/15/000112.json
 create mode 100644 experiments/stage4/R01/normal/observations/training/15/000128.json
 create mode 100644 experiments/stage4/R01/normal/observations/training/15/000144.json
 create mode 100644 experiments/stage4/R01/normal/observations/training/15/000160.json
 create mode 100644 experiments/stage4/R01/normal/observations/training/15/000176.json
 create mode 100644 experiments/stage4/R01/normal/observations/training/15/000192.json
 create mode 100644 experiments/stage4/R01/normal/observations/training/15/000208.json
 create mode 100644 experiments/stage4/R01/normal/observations/training/15/000224.json
 create mode 100644 experiments/stage4/R01/normal/observations/training/16/000000.json
 create mode 100644 experiments/stage4/R01/normal/observations/training/16/000016.json
 create mode 100644 experiments/stage4/R01/normal/observations/training/16/000032.json
 create mode 100644 experiments/stage4/R01/normal/observations/training/16/000048.json
 create mode 100644 experiments/stage4/R01/normal/observations/training/16/000064.json
 create mode 100644 experiments/stage4/R01/normal/observations/training/16/000080.json
 create mode 100644 experiments/stage4/R01/normal/observations/training/16/000096.json
 create mode 100644 experiments/stage4/R01/normal/observations/training/16/000112.json
 create mode 100644 experiments/stage4/R01/normal/observations/training/16/000128.json
 create mode 100644 experiments/stage4/R01/normal/observations/training/16/000144.json
 create mode 100644 experiments/stage4/R01/normal/observations/training/16/000160.json
 create mode 100644 experiments/stage4/R01/normal/observations/training/16/000176.json
 create mode 100644 experiments/stage4/R01/normal/observations/training/16/000192.json
 create mode 100644 experiments/stage4/R01/normal/observations/training/16/000208.json
 create mode 100644 experiments/stage4/R01/normal/observations/training/16/000224.json
 create mode 100644 experiments/stage4/R01/normal/observations/training/17/000000.json
 create mode 100644 experiments/stage4/R01/normal/observations/training/17/000016.json
 create mode 100644 experiments/stage4/R01/normal/observations/training/17/000032.json
 create mode 100644 experiments/stage4/R01/normal/observations/training/17/000048.json
 create mode 100644 experiments/stage4/R01/normal/observations/training/17/000064.json
 create mode 100644 experiments/stage4/R01/normal/observations/training/17/000080.json
 create mode 100644 experiments/stage4/R01/normal/observations/training/17/000096.json
 create mode 100644 experiments/stage4/R01/normal/observations/training/17/000112.json
 create mode 100644 experiments/stage4/R01/normal/observations/training/17/000128.json
 create mode 100644 experiments/stage4/R01/normal/observations/training/17/000144.json
 create mode 100644 experiments/stage4/R01/normal/observations/training/17/000160.json
 create mode 100644 experiments/stage4/R01/normal/observations/training/17/000176.json
 create mode 100644 experiments/stage4/R01/normal/observations/training/17/000192.json
 create mode 100644 experiments/stage4/R01/normal/observations/training/17/000208.json
 create mode 100644 experiments/stage4/R01/normal/observations/training/17/000224.json
 create mode 100644 experiments/stage4/R01/normal/observations/training/18/000000.json
 create mode 100644 experiments/stage4/R01/normal/observations/training/18/000016.json
 create mode 100644 experiments/stage4/R01/normal/observations/training/18/000032.json
 create mode 100644 experiments/stage4/R01/normal/observations/training/18/000048.json
 create mode 100644 experiments/stage4/R01/normal/observations/training/18/000064.json
 create mode 100644 experiments/stage4/R01/normal/observations/training/18/000080.json
 create mode 100644 experiments/stage4/R01/normal/observations/training/18/000096.json
 create mode 100644 experiments/stage4/R01/normal/observations/training/18/000112.json
 create mode 100644 experiments/stage4/R01/normal/observations/training/18/000128.json
 create mode 100644 experiments/stage4/R01/normal/observations/training/18/000144.json
 create mode 100644 experiments/stage4/R01/normal/observations/training/18/000160.json
 create mode 100644 experiments/stage4/R01/normal/observations/training/18/000176.json
 create mode 100644 experiments/stage4/R01/normal/observations/training/18/000192.json
 create mode 100644 experiments/stage4/R01/normal/observations/training/18/000208.json
 create mode 100644 experiments/stage4/R01/normal/observations/training/18/000224.json
 create mode 100644 experiments/stage4/R01/normal/observations/training/20/000000.json
 create mode 100644 experiments/stage4/R01/normal/observations/training/20/000016.json
 create mode 100644 experiments/stage4/R01/normal/observations/training/20/000032.json
 create mode 100644 experiments/stage4/R01/normal/observations/training/20/000048.json
 create mode 100644 experiments/stage4/R01/normal/observations/training/20/000064.json
 create mode 100644 experiments/stage4/R01/normal/observations/training/20/000080.json
 create mode 100644 experiments/stage4/R01/normal/observations/training/20/000096.json
 create mode 100644 experiments/stage4/R01/normal/observations/training/20/000112.json
 create mode 100644 experiments/stage4/R01/normal/observations/training/20/000128.json
 create mode 100644 experiments/stage4/R01/normal/observations/training/20/000144.json
 create mode 100644 experiments/stage4/R01/normal/observations/training/20/000160.json
 create mode 100644 experiments/stage4/R01/normal/observations/training/20/000176.json
 create mode 100644 experiments/stage4/R01/normal/observations/training/20/000192.json
 create mode 100644 experiments/stage4/R01/normal/observations/training/20/000208.json
 create mode 100644 experiments/stage4/R01/normal/observations/training/20/000224.json
 create mode 100644 experiments/stage4/R01/normal/observations/training/21/000000.json
 create mode 100644 experiments/stage4/R01/normal/observations/training/21/000016.json
 create mode 100644 experiments/stage4/R01/normal/observations/training/21/000032.json
 create mode 100644 experiments/stage4/R01/normal/observations/training/21/000048.json
 create mode 100644 experiments/stage4/R01/normal/observations/training/21/000064.json
 create mode 100644 experiments/stage4/R01/normal/observations/training/21/000080.json
 create mode 100644 experiments/stage4/R01/normal/observations/training/21/000096.json
 create mode 100644 experiments/stage4/R01/normal/observations/training/21/000112.json
 create mode 100644 experiments/stage4/R01/normal/observations/training/21/000128.json
 create mode 100644 experiments/stage4/R01/normal/observations/training/21/000144.json
 create mode 100644 experiments/stage4/R01/normal/observations/training/21/000160.json
 create mode 100644 experiments/stage4/R01/normal/observations/training/21/000176.json
 create mode 100644 experiments/stage4/R01/normal/observations/training/21/000192.json
 create mode 100644 experiments/stage4/R01/normal/observations/training/21/000208.json
 create mode 100644 experiments/stage4/R01/normal/observations/training/21/000224.json
 create mode 100644 experiments/stage4/R01/normal/observations/training/24/000000.json
 create mode 100644 experiments/stage4/R01/normal/observations/training/24/000016.json
 create mode 100644 experiments/stage4/R01/normal/observations/training/24/000032.json
 create mode 100644 experiments/stage4/R01/normal/observations/training/24/000048.json
 create mode 100644 experiments/stage4/R01/normal/observations/training/24/000064.json
 create mode 100644 experiments/stage4/R01/normal/observations/training/24/000080.json
 create mode 100644 experiments/stage4/R01/normal/observations/training/24/000096.json
 create mode 100644 experiments/stage4/R01/normal/observations/training/24/000112.json
 create mode 100644 experiments/stage4/R01/normal/observations/training/24/000128.json
 create mode 100644 experiments/stage4/R01/normal/observations/training/24/000144.json
 create mode 100644 experiments/stage4/R01/normal/observations/training/24/000160.json
 create mode 100644 experiments/stage4/R01/normal/observations/training/24/000176.json
 create mode 100644 experiments/stage4/R01/normal/observations/training/24/000192.json
 create mode 100644 experiments/stage4/R01/normal/observations/training/24/000208.json
 create mode 100644 experiments/stage4/R01/normal/observations/training/24/000224.json
 create mode 100644 experiments/stage4/R01/normal/observations/training/26/000000.json
 create mode 100644 experiments/stage4/R01/normal/observations/training/26/000016.json
 create mode 100644 experiments/stage4/R01/normal/observations/training/26/000032.json
 create mode 100644 experiments/stage4/R01/normal/observations/training/26/000048.json
 create mode 100644 experiments/stage4/R01/normal/observations/training/26/000064.json
 create mode 100644 experiments/stage4/R01/normal/observations/training/26/000080.json
 create mode 100644 experiments/stage4/R01/normal/observations/training/26/000096.json
 create mode 100644 experiments/stage4/R01/normal/observations/training/26/000112.json
 create mode 100644 experiments/stage4/R01/normal/observations/training/26/000128.json
 create mode 100644 experiments/stage4/R01/normal/observations/training/26/000144.json
 create mode 100644 experiments/stage4/R01/normal/observations/training/26/000160.json
 create mode 100644 experiments/stage4/R01/normal/observations/training/26/000176.json
 create mode 100644 experiments/stage4/R01/normal/observations/training/26/000192.json
 create mode 100644 experiments/stage4/R01/normal/observations/training/26/000208.json
 create mode 100644 experiments/stage4/R01/normal/observations/training/26/000224.json
 create mode 100644 experiments/stage4/R01/normal/observations/training/29/000000.json
 create mode 100644 experiments/stage4/R01/normal/observations/training/29/000016.json
 create mode 100644 experiments/stage4/R01/normal/observations/training/29/000032.json
 create mode 100644 experiments/stage4/R01/normal/observations/training/29/000048.json
 create mode 100644 experiments/stage4/R01/normal/observations/training/29/000064.json
 create mode 100644 experiments/stage4/R01/normal/observations/training/29/000080.json
 create mode 100644 experiments/stage4/R01/normal/observations/training/29/000096.json
 create mode 100644 experiments/stage4/R01/normal/observations/training/29/000112.json
 create mode 100644 experiments/stage4/R01/normal/observations/training/29/000128.json
 create mode 100644 experiments/stage4/R01/normal/observations/training/29/000144.json
 create mode 100644 experiments/stage4/R01/normal/observations/training/29/000160.json
 create mode 100644 experiments/stage4/R01/normal/observations/training/29/000176.json
 create mode 100644 experiments/stage4/R01/normal/observations/training/29/000192.json
 create mode 100644 experiments/stage4/R01/normal/observations/training/29/000208.json
 create mode 100644 experiments/stage4/R01/normal/observations/training/29/000224.json
 create mode 100644 experiments/stage4/R01/normal/observations/training/30/000000.json
 create mode 100644 experiments/stage4/R01/normal/observations/training/30/000016.json
 create mode 100644 experiments/stage4/R01/normal/observations/training/30/000032.json
 create mode 100644 experiments/stage4/R01/normal/observations/training/30/000048.json
 create mode 100644 experiments/stage4/R01/normal/observations/training/30/000064.json
 create mode 100644 experiments/stage4/R01/normal/observations/training/30/000080.json
 create mode 100644 experiments/stage4/R01/normal/observations/training/30/000096.json
 create mode 100644 experiments/stage4/R01/normal/observations/training/30/000112.json
 create mode 100644 experiments/stage4/R01/normal/observations/training/30/000128.json
 create mode 100644 experiments/stage4/R01/normal/observations/training/30/000144.json
 create mode 100644 experiments/stage4/R01/normal/observations/training/30/000160.json
 create mode 100644 experiments/stage4/R01/normal/observations/training/30/000176.json
 create mode 100644 experiments/stage4/R01/normal/observations/training/30/000192.json
 create mode 100644 experiments/stage4/R01/normal/observations/training/30/000208.json
 create mode 100644 experiments/stage4/R01/normal/observations/training/30/000224.json
 create mode 100644 experiments/stage4/R01/normal/observations/training/31/000000.json
 create mode 100644 experiments/stage4/R01/normal/observations/training/31/000016.json
 create mode 100644 experiments/stage4/R01/normal/observations/training/31/000032.json
 create mode 100644 experiments/stage4/R01/normal/observations/training/31/000048.json
 create mode 100644 experiments/stage4/R01/normal/observations/training/31/000064.json
 create mode 100644 experiments/stage4/R01/normal/observations/training/31/000080.json
 create mode 100644 experiments/stage4/R01/normal/observations/training/31/000096.json
 create mode 100644 experiments/stage4/R01/normal/observations/training/31/000112.json
 create mode 100644 experiments/stage4/R01/normal/observations/training/31/000128.json
 create mode 100644 experiments/stage4/R01/normal/observations/training/31/000144.json
 create mode 100644 experiments/stage4/R01/normal/observations/training/31/000160.json
 create mode 100644 experiments/stage4/R01/normal/observations/training/31/000176.json
 create mode 100644 experiments/stage4/R01/normal/observations/training/31/000192.json
 create mode 100644 experiments/stage4/R01/normal/observations/training/31/000208.json
 create mode 100644 experiments/stage4/R01/normal/observations/training/31/000224.json
 create mode 100644 experiments/stage4/R01/normal/observations/training/32/000000.json
 create mode 100644 experiments/stage4/R01/normal/observations/training/32/000016.json
 create mode 100644 experiments/stage4/R01/normal/observations/training/32/000032.json
 create mode 100644 experiments/stage4/R01/normal/observations/training/32/000048.json
 create mode 100644 experiments/stage4/R01/normal/observations/training/32/000064.json
 create mode 100644 experiments/stage4/R01/normal/observations/training/32/000080.json
 create mode 100644 experiments/stage4/R01/normal/observations/training/32/000096.json
 create mode 100644 experiments/stage4/R01/normal/observations/training/32/000112.json
 create mode 100644 experiments/stage4/R01/normal/observations/training/32/000128.json
 create mode 100644 experiments/stage4/R01/normal/observations/training/32/000144.json
 create mode 100644 experiments/stage4/R01/normal/observations/training/32/000160.json
 create mode 100644 experiments/stage4/R01/normal/observations/training/32/000176.json
 create mode 100644 experiments/stage4/R01/normal/observations/training/32/000192.json
 create mode 100644 experiments/stage4/R01/normal/observations/training/32/000208.json
 create mode 100644 experiments/stage4/R01/normal/observations/training/32/000224.json
 create mode 100644 experiments/stage4/R01/normal/observations/training/33/000000.json
 create mode 100644 experiments/stage4/R01/normal/observations/training/33/000016.json
 create mode 100644 experiments/stage4/R01/normal/observations/training/33/000032.json
 create mode 100644 experiments/stage4/R01/normal/observations/training/33/000048.json
 create mode 100644 experiments/stage4/R01/normal/observations/training/33/000064.json
 create mode 100644 experiments/stage4/R01/normal/observations/training/33/000080.json
 create mode 100644 experiments/stage4/R01/normal/observations/training/33/000096.json
 create mode 100644 experiments/stage4/R01/normal/observations/training/33/000112.json
 create mode 100644 experiments/stage4/R01/normal/observations/training/33/000128.json
 create mode 100644 experiments/stage4/R01/normal/observations/training/33/000144.json
 create mode 100644 experiments/stage4/R01/normal/observations/training/33/000160.json
 create mode 100644 experiments/stage4/R01/normal/observations/training/33/000176.json
 create mode 100644 experiments/stage4/R01/normal/observations/training/33/000192.json
 create mode 100644 experiments/stage4/R01/normal/observations/training/33/000208.json
 create mode 100644 experiments/stage4/R01/normal/observations/training/33/000224.json
 create mode 100644 experiments/stage4/R01/normal/packages.txt
 create mode 100644 experiments/stage4/R01/normal/questions.txt
 create mode 100644 experiments/stage4/R01/normal/revisions/001_summary_cardinality/build_vera_normal_context.py
 create mode 100644 experiments/stage4/R01/normal/revisions/001_summary_cardinality/frozen.json
 create mode 100644 experiments/stage4/R01/normal/revisions/001_summary_cardinality/status.json
 create mode 100644 experiments/stage4/R01/normal/revisions/001_summary_cardinality/verification.json
 create mode 100644 experiments/stage4/R01/normal/revisions/002_citation_feedback/build_vera_normal_context.py
 create mode 100644 experiments/stage4/R01/normal/revisions/002_citation_feedback/frozen.json
 create mode 100644 experiments/stage4/R01/normal/revisions/002_citation_feedback/status.json
 create mode 100644 experiments/stage4/R01/normal/revisions/002_citation_feedback/verification.json
 create mode 100644 experiments/stage4/R01/normal/revisions/003_cumulative_format_repair/build_vera_normal_context.py
 create mode 100644 experiments/stage4/R01/normal/revisions/003_cumulative_format_repair/frozen.json
 create mode 100644 experiments/stage4/R01/normal/revisions/003_cumulative_format_repair/status.json
 create mode 100644 experiments/stage4/R01/normal/revisions/003_cumulative_format_repair/vera_stage4_common.py
 create mode 100644 experiments/stage4/R01/normal/revisions/003_cumulative_format_repair/verification.json
 create mode 100644 experiments/stage4/R01/normal/revisions/004_reject_invalid_candidates/build_vera_normal_context.py
 create mode 100644 experiments/stage4/R01/normal/revisions/004_reject_invalid_candidates/frozen.json
 create mode 100644 experiments/stage4/R01/normal/revisions/004_reject_invalid_candidates/status.json
 create mode 100644 experiments/stage4/R01/normal/revisions/004_reject_invalid_candidates/verification.json
 create mode 100644 experiments/stage4/R01/normal/revisions/005_compact_visual_checks/build_vera_normal_context.py
 create mode 100644 experiments/stage4/R01/normal/revisions/005_compact_visual_checks/frozen.json
 create mode 100644 experiments/stage4/R01/normal/revisions/005_compact_visual_checks/status.json
 create mode 100644 experiments/stage4/R01/normal/revisions/005_compact_visual_checks/support_checks/N1/testing/11/000016.json
 create mode 100644 experiments/stage4/R01/normal/revisions/005_compact_visual_checks/support_checks/N1/testing/12/000000.json
 create mode 100644 experiments/stage4/R01/normal/revisions/005_compact_visual_checks/verification.json
 create mode 100644 experiments/stage4/R01/normal/revisions/006_scalar_visual_verdict/build_vera_normal_context.py
 create mode 100644 experiments/stage4/R01/normal/revisions/006_scalar_visual_verdict/frozen.json
 create mode 100644 experiments/stage4/R01/normal/revisions/006_scalar_visual_verdict/rules.json
 create mode 100644 experiments/stage4/R01/normal/revisions/006_scalar_visual_verdict/status.json
 create mode 100644 experiments/stage4/R01/normal/revisions/006_scalar_visual_verdict/support_checks/N1/testing/11/000016.json
 create mode 100644 experiments/stage4/R01/normal/revisions/006_scalar_visual_verdict/support_checks/N1/testing/12/000000.json
 create mode 100644 experiments/stage4/R01/normal/revisions/006_scalar_visual_verdict/support_checks/N1/testing/14/000032.json
 create mode 100644 experiments/stage4/R01/normal/revisions/006_scalar_visual_verdict/support_checks/N2/testing/12/000000.json
 create mode 100644 experiments/stage4/R01/normal/revisions/006_scalar_visual_verdict/support_checks/N2/training/06/000000.json
 create mode 100644 experiments/stage4/R01/normal/revisions/006_scalar_visual_verdict/support_checks/N2/training/08/000000.json
 create mode 100644 experiments/stage4/R01/normal/revisions/006_scalar_visual_verdict/support_checks/N3/training/06/000000.json
 create mode 100644 experiments/stage4/R01/normal/revisions/006_scalar_visual_verdict/support_checks/N3/training/08/000000.json
 create mode 100644 experiments/stage4/R01/normal/revisions/006_scalar_visual_verdict/support_checks/N3/training/09/000000.json
 create mode 100644 experiments/stage4/R01/normal/revisions/006_scalar_visual_verdict/support_checks/N4/training/07/000000.json
 create mode 100644 experiments/stage4/R01/normal/revisions/006_scalar_visual_verdict/support_checks/N4/training/08/000000.json
 create mode 100644 experiments/stage4/R01/normal/revisions/006_scalar_visual_verdict/support_checks/N4/training/09/000000.json
 create mode 100644 experiments/stage4/R01/normal/revisions/006_scalar_visual_verdict/verification.json
 create mode 100644 experiments/stage4/R01/normal/revisions/007_named_scalar_verdict/audit/testing/13/000000.json
 create mode 100644 experiments/stage4/R01/normal/revisions/007_named_scalar_verdict/audit/testing/13/000016.json
 create mode 100644 experiments/stage4/R01/normal/revisions/007_named_scalar_verdict/audit/testing/13/000032.json
 create mode 100644 experiments/stage4/R01/normal/revisions/007_named_scalar_verdict/audit/testing/13/000048.json
 create mode 100644 experiments/stage4/R01/normal/revisions/007_named_scalar_verdict/audit/testing/13/000064.json
 create mode 100644 experiments/stage4/R01/normal/revisions/007_named_scalar_verdict/audit/testing/13/000080.json
 create mode 100644 experiments/stage4/R01/normal/revisions/007_named_scalar_verdict/audit/testing/13/000096.json
 create mode 100644 experiments/stage4/R01/normal/revisions/007_named_scalar_verdict/audit/testing/13/000112.json
 create mode 100644 experiments/stage4/R01/normal/revisions/007_named_scalar_verdict/audit/testing/13/000128.json
 create mode 100644 experiments/stage4/R01/normal/revisions/007_named_scalar_verdict/audit/testing/13/000144.json
 create mode 100644 experiments/stage4/R01/normal/revisions/007_named_scalar_verdict/audit/testing/13/000160.json
 create mode 100644 experiments/stage4/R01/normal/revisions/007_named_scalar_verdict/audit/testing/13/000176.json
 create mode 100644 experiments/stage4/R01/normal/revisions/007_named_scalar_verdict/audit/testing/13/000192.json
 create mode 100644 experiments/stage4/R01/normal/revisions/007_named_scalar_verdict/audit/testing/13/000208.json
 create mode 100644 experiments/stage4/R01/normal/revisions/007_named_scalar_verdict/audit/testing/13/000224.json
 create mode 100644 experiments/stage4/R01/normal/revisions/007_named_scalar_verdict/audit/testing/15/000000.json
 create mode 100644 experiments/stage4/R01/normal/revisions/007_named_scalar_verdict/audit/testing/15/000016.json
 create mode 100644 experiments/stage4/R01/normal/revisions/007_named_scalar_verdict/audit/testing/15/000032.json
 create mode 100644 experiments/stage4/R01/normal/revisions/007_named_scalar_verdict/audit/testing/15/000048.json
 create mode 100644 experiments/stage4/R01/normal/revisions/007_named_scalar_verdict/audit/testing/15/000064.json
 create mode 100644 experiments/stage4/R01/normal/revisions/007_named_scalar_verdict/audit/testing/15/000080.json
 create mode 100644 experiments/stage4/R01/normal/revisions/007_named_scalar_verdict/audit/testing/15/000096.json
 create mode 100644 experiments/stage4/R01/normal/revisions/007_named_scalar_verdict/audit/testing/15/000112.json
 create mode 100644 experiments/stage4/R01/normal/revisions/007_named_scalar_verdict/audit/testing/15/000128.json
 create mode 100644 experiments/stage4/R01/normal/revisions/007_named_scalar_verdict/audit/testing/15/000144.json
 create mode 100644 experiments/stage4/R01/normal/revisions/007_named_scalar_verdict/audit/testing/15/000160.json
 create mode 100644 experiments/stage4/R01/normal/revisions/007_named_scalar_verdict/audit/testing/15/000176.json
 create mode 100644 experiments/stage4/R01/normal/revisions/007_named_scalar_verdict/audit/testing/15/000192.json
 create mode 100644 experiments/stage4/R01/normal/revisions/007_named_scalar_verdict/audit/testing/15/000208.json
 create mode 100644 experiments/stage4/R01/normal/revisions/007_named_scalar_verdict/audit/testing/15/000224.json
 create mode 100644 experiments/stage4/R01/normal/revisions/007_named_scalar_verdict/audit/training/10/000000.json
 create mode 100644 experiments/stage4/R01/normal/revisions/007_named_scalar_verdict/audit/training/10/000016.json
 create mode 100644 experiments/stage4/R01/normal/revisions/007_named_scalar_verdict/audit/training/10/000032.json
 create mode 100644 experiments/stage4/R01/normal/revisions/007_named_scalar_verdict/audit/training/10/000048.json
 create mode 100644 experiments/stage4/R01/normal/revisions/007_named_scalar_verdict/audit/training/10/000064.json
 create mode 100644 experiments/stage4/R01/normal/revisions/007_named_scalar_verdict/audit/training/10/000080.json
 create mode 100644 experiments/stage4/R01/normal/revisions/007_named_scalar_verdict/audit/training/10/000096.json
 create mode 100644 experiments/stage4/R01/normal/revisions/007_named_scalar_verdict/audit/training/10/000112.json
 create mode 100644 experiments/stage4/R01/normal/revisions/007_named_scalar_verdict/audit/training/10/000128.json
 create mode 100644 experiments/stage4/R01/normal/revisions/007_named_scalar_verdict/audit/training/10/000144.json
 create mode 100644 experiments/stage4/R01/normal/revisions/007_named_scalar_verdict/audit/training/10/000160.json
 create mode 100644 experiments/stage4/R01/normal/revisions/007_named_scalar_verdict/audit/training/10/000176.json
 create mode 100644 experiments/stage4/R01/normal/revisions/007_named_scalar_verdict/audit/training/10/000192.json
 create mode 100644 experiments/stage4/R01/normal/revisions/007_named_scalar_verdict/audit/training/10/000208.json
 create mode 100644 experiments/stage4/R01/normal/revisions/007_named_scalar_verdict/audit/training/10/000224.json
 create mode 100644 experiments/stage4/R01/normal/revisions/007_named_scalar_verdict/audit/training/13/000000.json
 create mode 100644 experiments/stage4/R01/normal/revisions/007_named_scalar_verdict/audit/training/13/000016.json
 create mode 100644 experiments/stage4/R01/normal/revisions/007_named_scalar_verdict/audit/training/13/000032.json
 create mode 100644 experiments/stage4/R01/normal/revisions/007_named_scalar_verdict/audit/training/13/000048.json
 create mode 100644 experiments/stage4/R01/normal/revisions/007_named_scalar_verdict/audit/training/13/000064.json
 create mode 100644 experiments/stage4/R01/normal/revisions/007_named_scalar_verdict/audit/training/13/000080.json
 create mode 100644 experiments/stage4/R01/normal/revisions/007_named_scalar_verdict/audit/training/13/000096.json
 create mode 100644 experiments/stage4/R01/normal/revisions/007_named_scalar_verdict/audit/training/13/000112.json
 create mode 100644 experiments/stage4/R01/normal/revisions/007_named_scalar_verdict/audit/training/13/000128.json
 create mode 100644 experiments/stage4/R01/normal/revisions/007_named_scalar_verdict/audit/training/13/000144.json
 create mode 100644 experiments/stage4/R01/normal/revisions/007_named_scalar_verdict/audit/training/13/000160.json
 create mode 100644 experiments/stage4/R01/normal/revisions/007_named_scalar_verdict/audit/training/13/000176.json
 create mode 100644 experiments/stage4/R01/normal/revisions/007_named_scalar_verdict/audit/training/13/000192.json
 create mode 100644 experiments/stage4/R01/normal/revisions/007_named_scalar_verdict/audit/training/13/000208.json
 create mode 100644 experiments/stage4/R01/normal/revisions/007_named_scalar_verdict/audit/training/13/000224.json
 create mode 100644 experiments/stage4/R01/normal/revisions/007_named_scalar_verdict/audit/training/23/000000.json
 create mode 100644 experiments/stage4/R01/normal/revisions/007_named_scalar_verdict/audit/training/23/000016.json
 create mode 100644 experiments/stage4/R01/normal/revisions/007_named_scalar_verdict/audit/training/23/000032.json
 create mode 100644 experiments/stage4/R01/normal/revisions/007_named_scalar_verdict/audit/training/23/000048.json
 create mode 100644 experiments/stage4/R01/normal/revisions/007_named_scalar_verdict/audit/training/23/000064.json
 create mode 100644 experiments/stage4/R01/normal/revisions/007_named_scalar_verdict/audit/training/23/000080.json
 create mode 100644 experiments/stage4/R01/normal/revisions/007_named_scalar_verdict/audit/training/23/000096.json
 create mode 100644 experiments/stage4/R01/normal/revisions/007_named_scalar_verdict/audit/training/23/000112.json
 create mode 100644 experiments/stage4/R01/normal/revisions/007_named_scalar_verdict/audit/training/23/000128.json
 create mode 100644 experiments/stage4/R01/normal/revisions/007_named_scalar_verdict/audit/training/23/000144.json
 create mode 100644 experiments/stage4/R01/normal/revisions/007_named_scalar_verdict/audit/training/23/000160.json
 create mode 100644 experiments/stage4/R01/normal/revisions/007_named_scalar_verdict/audit/training/23/000176.json
 create mode 100644 experiments/stage4/R01/normal/revisions/007_named_scalar_verdict/audit/training/23/000192.json
 create mode 100644 experiments/stage4/R01/normal/revisions/007_named_scalar_verdict/audit/training/23/000208.json
 create mode 100644 experiments/stage4/R01/normal/revisions/007_named_scalar_verdict/audit/training/23/000224.json
 create mode 100644 experiments/stage4/R01/normal/revisions/007_named_scalar_verdict/audit/training/34/000000.json
 create mode 100644 experiments/stage4/R01/normal/revisions/007_named_scalar_verdict/audit/training/34/000016.json
 create mode 100644 experiments/stage4/R01/normal/revisions/007_named_scalar_verdict/audit/training/34/000032.json
 create mode 100644 experiments/stage4/R01/normal/revisions/007_named_scalar_verdict/audit/training/34/000048.json
 create mode 100644 experiments/stage4/R01/normal/revisions/007_named_scalar_verdict/audit/training/34/000064.json
 create mode 100644 experiments/stage4/R01/normal/revisions/007_named_scalar_verdict/audit/training/34/000080.json
 create mode 100644 experiments/stage4/R01/normal/revisions/007_named_scalar_verdict/audit/training/34/000096.json
 create mode 100644 experiments/stage4/R01/normal/revisions/007_named_scalar_verdict/audit/training/34/000112.json
 create mode 100644 experiments/stage4/R01/normal/revisions/007_named_scalar_verdict/audit/training/34/000128.json
 create mode 100644 experiments/stage4/R01/normal/revisions/007_named_scalar_verdict/audit/training/34/000144.json
 create mode 100644 experiments/stage4/R01/normal/revisions/007_named_scalar_verdict/audit/training/34/000160.json
 create mode 100644 experiments/stage4/R01/normal/revisions/007_named_scalar_verdict/audit/training/34/000176.json
 create mode 100644 experiments/stage4/R01/normal/revisions/007_named_scalar_verdict/audit/training/34/000192.json
 create mode 100644 experiments/stage4/R01/normal/revisions/007_named_scalar_verdict/audit/training/34/000208.json
 create mode 100644 experiments/stage4/R01/normal/revisions/007_named_scalar_verdict/audit/training/34/000224.json
 create mode 100644 experiments/stage4/R01/normal/revisions/007_named_scalar_verdict/audit_checks/N1/testing/13/000000.json
 create mode 100644 experiments/stage4/R01/normal/revisions/007_named_scalar_verdict/audit_checks/N1/testing/13/000016.json
 create mode 100644 experiments/stage4/R01/normal/revisions/007_named_scalar_verdict/audit_checks/N1/testing/13/000032.json
 create mode 100644 experiments/stage4/R01/normal/revisions/007_named_scalar_verdict/audit_checks/N1/testing/13/000048.json
 create mode 100644 experiments/stage4/R01/normal/revisions/007_named_scalar_verdict/audit_checks/N1/testing/13/000064.json
 create mode 100644 experiments/stage4/R01/normal/revisions/007_named_scalar_verdict/audit_checks/N1/testing/13/000080.json
 create mode 100644 experiments/stage4/R01/normal/revisions/007_named_scalar_verdict/audit_checks/N1/testing/13/000096.json
 create mode 100644 experiments/stage4/R01/normal/revisions/007_named_scalar_verdict/audit_checks/N1/testing/13/000112.json
 create mode 100644 experiments/stage4/R01/normal/revisions/007_named_scalar_verdict/audit_checks/N1/testing/13/000128.json
 create mode 100644 experiments/stage4/R01/normal/revisions/007_named_scalar_verdict/audit_checks/N1/testing/13/000144.json
 create mode 100644 experiments/stage4/R01/normal/revisions/007_named_scalar_verdict/audit_checks/N1/testing/13/000160.json
 create mode 100644 experiments/stage4/R01/normal/revisions/007_named_scalar_verdict/audit_checks/N1/testing/13/000176.json
 create mode 100644 experiments/stage4/R01/normal/revisions/007_named_scalar_verdict/audit_checks/N1/testing/13/000192.json
 create mode 100644 experiments/stage4/R01/normal/revisions/007_named_scalar_verdict/audit_checks/N1/testing/13/000208.json
 create mode 100644 experiments/stage4/R01/normal/revisions/007_named_scalar_verdict/audit_checks/N1/testing/13/000224.json
 create mode 100644 experiments/stage4/R01/normal/revisions/007_named_scalar_verdict/audit_checks/N1/testing/15/000000.json
 create mode 100644 experiments/stage4/R01/normal/revisions/007_named_scalar_verdict/audit_checks/N1/testing/15/000016.json
 create mode 100644 experiments/stage4/R01/normal/revisions/007_named_scalar_verdict/audit_checks/N1/testing/15/000032.json
 create mode 100644 experiments/stage4/R01/normal/revisions/007_named_scalar_verdict/audit_checks/N1/testing/15/000048.json
 create mode 100644 experiments/stage4/R01/normal/revisions/007_named_scalar_verdict/audit_checks/N1/testing/15/000064.json
 create mode 100644 experiments/stage4/R01/normal/revisions/007_named_scalar_verdict/audit_checks/N1/testing/15/000080.json
 create mode 100644 experiments/stage4/R01/normal/revisions/007_named_scalar_verdict/audit_checks/N1/testing/15/000096.json
 create mode 100644 experiments/stage4/R01/normal/revisions/007_named_scalar_verdict/audit_checks/N1/testing/15/000112.json
 create mode 100644 experiments/stage4/R01/normal/revisions/007_named_scalar_verdict/audit_checks/N1/testing/15/000128.json
 create mode 100644 experiments/stage4/R01/normal/revisions/007_named_scalar_verdict/audit_checks/N1/testing/15/000144.json
 create mode 100644 experiments/stage4/R01/normal/revisions/007_named_scalar_verdict/audit_checks/N1/testing/15/000160.json
 create mode 100644 experiments/stage4/R01/normal/revisions/007_named_scalar_verdict/audit_checks/N1/testing/15/000176.json
 create mode 100644 experiments/stage4/R01/normal/revisions/007_named_scalar_verdict/audit_checks/N1/testing/15/000192.json
 create mode 100644 experiments/stage4/R01/normal/revisions/007_named_scalar_verdict/audit_checks/N1/testing/15/000208.json
 create mode 100644 experiments/stage4/R01/normal/revisions/007_named_scalar_verdict/audit_checks/N1/testing/15/000224.json
 create mode 100644 experiments/stage4/R01/normal/revisions/007_named_scalar_verdict/audit_checks/N1/training/10/000000.json
 create mode 100644 experiments/stage4/R01/normal/revisions/007_named_scalar_verdict/audit_checks/N1/training/10/000016.json
 create mode 100644 experiments/stage4/R01/normal/revisions/007_named_scalar_verdict/audit_checks/N1/training/10/000032.json
 create mode 100644 experiments/stage4/R01/normal/revisions/007_named_scalar_verdict/audit_checks/N1/training/10/000048.json
 create mode 100644 experiments/stage4/R01/normal/revisions/007_named_scalar_verdict/audit_checks/N1/training/10/000064.json
 create mode 100644 experiments/stage4/R01/normal/revisions/007_named_scalar_verdict/audit_checks/N1/training/10/000080.json
 create mode 100644 experiments/stage4/R01/normal/revisions/007_named_scalar_verdict/audit_checks/N1/training/10/000096.json
 create mode 100644 experiments/stage4/R01/normal/revisions/007_named_scalar_verdict/audit_checks/N1/training/10/000112.json
 create mode 100644 experiments/stage4/R01/normal/revisions/007_named_scalar_verdict/audit_checks/N1/training/10/000128.json
 create mode 100644 experiments/stage4/R01/normal/revisions/007_named_scalar_verdict/audit_checks/N1/training/10/000144.json
 create mode 100644 experiments/stage4/R01/normal/revisions/007_named_scalar_verdict/audit_checks/N1/training/10/000160.json
 create mode 100644 experiments/stage4/R01/normal/revisions/007_named_scalar_verdict/audit_checks/N1/training/10/000176.json
 create mode 100644 experiments/stage4/R01/normal/revisions/007_named_scalar_verdict/audit_checks/N1/training/10/000192.json
 create mode 100644 experiments/stage4/R01/normal/revisions/007_named_scalar_verdict/audit_checks/N1/training/10/000208.json
 create mode 100644 experiments/stage4/R01/normal/revisions/007_named_scalar_verdict/audit_checks/N1/training/10/000224.json
 create mode 100644 experiments/stage4/R01/normal/revisions/007_named_scalar_verdict/audit_checks/N1/training/13/000000.json
 create mode 100644 experiments/stage4/R01/normal/revisions/007_named_scalar_verdict/audit_checks/N1/training/13/000016.json
 create mode 100644 experiments/stage4/R01/normal/revisions/007_named_scalar_verdict/audit_checks/N1/training/13/000032.json
 create mode 100644 experiments/stage4/R01/normal/revisions/007_named_scalar_verdict/audit_checks/N1/training/13/000048.json
 create mode 100644 experiments/stage4/R01/normal/revisions/007_named_scalar_verdict/audit_checks/N1/training/13/000064.json
 create mode 100644 experiments/stage4/R01/normal/revisions/007_named_scalar_verdict/audit_checks/N1/training/13/000080.json
 create mode 100644 experiments/stage4/R01/normal/revisions/007_named_scalar_verdict/audit_checks/N1/training/13/000096.json
 create mode 100644 experiments/stage4/R01/normal/revisions/007_named_scalar_verdict/audit_checks/N1/training/13/000112.json
 create mode 100644 experiments/stage4/R01/normal/revisions/007_named_scalar_verdict/audit_checks/N1/training/13/000128.json
 create mode 100644 experiments/stage4/R01/normal/revisions/007_named_scalar_verdict/audit_checks/N1/training/13/000144.json
 create mode 100644 experiments/stage4/R01/normal/revisions/007_named_scalar_verdict/audit_checks/N1/training/13/000160.json
 create mode 100644 experiments/stage4/R01/normal/revisions/007_named_scalar_verdict/audit_checks/N1/training/13/000176.json
 create mode 100644 experiments/stage4/R01/normal/revisions/007_named_scalar_verdict/audit_checks/N1/training/13/000192.json
 create mode 100644 experiments/stage4/R01/normal/revisions/007_named_scalar_verdict/audit_checks/N1/training/13/000208.json
 create mode 100644 experiments/stage4/R01/normal/revisions/007_named_scalar_verdict/audit_checks/N1/training/13/000224.json
 create mode 100644 experiments/stage4/R01/normal/revisions/007_named_scalar_verdict/audit_checks/N1/training/23/000000.json
 create mode 100644 experiments/stage4/R01/normal/revisions/007_named_scalar_verdict/audit_checks/N1/training/23/000016.json
 create mode 100644 experiments/stage4/R01/normal/revisions/007_named_scalar_verdict/audit_checks/N1/training/23/000032.json
 create mode 100644 experiments/stage4/R01/normal/revisions/007_named_scalar_verdict/audit_checks/N1/training/23/000048.json
 create mode 100644 experiments/stage4/R01/normal/revisions/007_named_scalar_verdict/audit_checks/N1/training/23/000064.json
 create mode 100644 experiments/stage4/R01/normal/revisions/007_named_scalar_verdict/audit_checks/N1/training/23/000080.json
 create mode 100644 experiments/stage4/R01/normal/revisions/007_named_scalar_verdict/audit_checks/N1/training/23/000096.json
 create mode 100644 experiments/stage4/R01/normal/revisions/007_named_scalar_verdict/audit_checks/N1/training/23/000112.json
 create mode 100644 experiments/stage4/R01/normal/revisions/007_named_scalar_verdict/audit_checks/N1/training/23/000128.json
 create mode 100644 experiments/stage4/R01/normal/revisions/007_named_scalar_verdict/audit_checks/N1/training/23/000144.json
 create mode 100644 experiments/stage4/R01/normal/revisions/007_named_scalar_verdict/audit_checks/N1/training/23/000160.json
 create mode 100644 experiments/stage4/R01/normal/revisions/007_named_scalar_verdict/audit_checks/N1/training/23/000176.json
 create mode 100644 experiments/stage4/R01/normal/revisions/007_named_scalar_verdict/audit_checks/N1/training/23/000192.json
 create mode 100644 experiments/stage4/R01/normal/revisions/007_named_scalar_verdict/audit_checks/N1/training/23/000208.json
 create mode 100644 experiments/stage4/R01/normal/revisions/007_named_scalar_verdict/audit_checks/N1/training/23/000224.json
 create mode 100644 experiments/stage4/R01/normal/revisions/007_named_scalar_verdict/audit_checks/N1/training/34/000000.json
 create mode 100644 experiments/stage4/R01/normal/revisions/007_named_scalar_verdict/audit_checks/N1/training/34/000016.json
 create mode 100644 experiments/stage4/R01/normal/revisions/007_named_scalar_verdict/audit_checks/N1/training/34/000032.json
 create mode 100644 experiments/stage4/R01/normal/revisions/007_named_scalar_verdict/audit_checks/N1/training/34/000048.json
 create mode 100644 experiments/stage4/R01/normal/revisions/007_named_scalar_verdict/audit_checks/N1/training/34/000064.json
 create mode 100644 experiments/stage4/R01/normal/revisions/007_named_scalar_verdict/audit_checks/N1/training/34/000080.json
 create mode 100644 experiments/stage4/R01/normal/revisions/007_named_scalar_verdict/audit_checks/N1/training/34/000096.json
 create mode 100644 experiments/stage4/R01/normal/revisions/007_named_scalar_verdict/audit_checks/N1/training/34/000112.json
 create mode 100644 experiments/stage4/R01/normal/revisions/007_named_scalar_verdict/audit_checks/N1/training/34/000128.json
 create mode 100644 experiments/stage4/R01/normal/revisions/007_named_scalar_verdict/audit_checks/N1/training/34/000144.json
 create mode 100644 experiments/stage4/R01/normal/revisions/007_named_scalar_verdict/audit_checks/N1/training/34/000160.json
 create mode 100644 experiments/stage4/R01/normal/revisions/007_named_scalar_verdict/audit_checks/N1/training/34/000176.json
 create mode 100644 experiments/stage4/R01/normal/revisions/007_named_scalar_verdict/audit_checks/N1/training/34/000192.json
 create mode 100644 experiments/stage4/R01/normal/revisions/007_named_scalar_verdict/audit_checks/N1/training/34/000208.json
 create mode 100644 experiments/stage4/R01/normal/revisions/007_named_scalar_verdict/audit_checks/N1/training/34/000224.json
 create mode 100644 experiments/stage4/R01/normal/revisions/007_named_scalar_verdict/audit_checks/N3/testing/13/000000.json
 create mode 100644 experiments/stage4/R01/normal/revisions/007_named_scalar_verdict/audit_checks/N3/testing/13/000016.json
 create mode 100644 experiments/stage4/R01/normal/revisions/007_named_scalar_verdict/audit_checks/N3/testing/13/000032.json
 create mode 100644 experiments/stage4/R01/normal/revisions/007_named_scalar_verdict/audit_checks/N3/testing/13/000048.json
 create mode 100644 experiments/stage4/R01/normal/revisions/007_named_scalar_verdict/audit_checks/N3/testing/13/000064.json
 create mode 100644 experiments/stage4/R01/normal/revisions/007_named_scalar_verdict/audit_checks/N3/testing/13/000080.json
 create mode 100644 experiments/stage4/R01/normal/revisions/007_named_scalar_verdict/audit_checks/N3/testing/13/000096.json
 create mode 100644 experiments/stage4/R01/normal/revisions/007_named_scalar_verdict/audit_checks/N3/testing/13/000112.json
 create mode 100644 experiments/stage4/R01/normal/revisions/007_named_scalar_verdict/audit_checks/N3/testing/13/000128.json
 create mode 100644 experiments/stage4/R01/normal/revisions/007_named_scalar_verdict/audit_checks/N3/testing/13/000144.json
 create mode 100644 experiments/stage4/R01/normal/revisions/007_named_scalar_verdict/audit_checks/N3/testing/13/000160.json
 create mode 100644 experiments/stage4/R01/normal/revisions/007_named_scalar_verdict/audit_checks/N3/testing/13/000176.json
 create mode 100644 experiments/stage4/R01/normal/revisions/007_named_scalar_verdict/audit_checks/N3/testing/13/000192.json
 create mode 100644 experiments/stage4/R01/normal/revisions/007_named_scalar_verdict/audit_checks/N3/testing/13/000208.json
 create mode 100644 experiments/stage4/R01/normal/revisions/007_named_scalar_verdict/audit_checks/N3/testing/13/000224.json
 create mode 100644 experiments/stage4/R01/normal/revisions/007_named_scalar_verdict/audit_checks/N3/testing/15/000000.json
 create mode 100644 experiments/stage4/R01/normal/revisions/007_named_scalar_verdict/audit_checks/N3/testing/15/000016.json
 create mode 100644 experiments/stage4/R01/normal/revisions/007_named_scalar_verdict/audit_checks/N3/testing/15/000032.json
 create mode 100644 experiments/stage4/R01/normal/revisions/007_named_scalar_verdict/audit_checks/N3/testing/15/000048.json
 create mode 100644 experiments/stage4/R01/normal/revisions/007_named_scalar_verdict/audit_checks/N3/testing/15/000064.json
 create mode 100644 experiments/stage4/R01/normal/revisions/007_named_scalar_verdict/audit_checks/N3/testing/15/000080.json
 create mode 100644 experiments/stage4/R01/normal/revisions/007_named_scalar_verdict/audit_checks/N3/testing/15/000096.json
 create mode 100644 experiments/stage4/R01/normal/revisions/007_named_scalar_verdict/audit_checks/N3/testing/15/000112.json
 create mode 100644 experiments/stage4/R01/normal/revisions/007_named_scalar_verdict/audit_checks/N3/testing/15/000128.json
 create mode 100644 experiments/stage4/R01/normal/revisions/007_named_scalar_verdict/audit_checks/N3/testing/15/000144.json
 create mode 100644 experiments/stage4/R01/normal/revisions/007_named_scalar_verdict/audit_checks/N3/testing/15/000160.json
 create mode 100644 experiments/stage4/R01/normal/revisions/007_named_scalar_verdict/audit_checks/N3/testing/15/000176.json
 create mode 100644 experiments/stage4/R01/normal/revisions/007_named_scalar_verdict/audit_checks/N3/testing/15/000192.json
 create mode 100644 experiments/stage4/R01/normal/revisions/007_named_scalar_verdict/audit_checks/N3/testing/15/000208.json
 create mode 100644 experiments/stage4/R01/normal/revisions/007_named_scalar_verdict/audit_checks/N3/testing/15/000224.json
 create mode 100644 experiments/stage4/R01/normal/revisions/007_named_scalar_verdict/audit_checks/N3/training/10/000000.json
 create mode 100644 experiments/stage4/R01/normal/revisions/007_named_scalar_verdict/audit_checks/N3/training/10/000016.json
 create mode 100644 experiments/stage4/R01/normal/revisions/007_named_scalar_verdict/audit_checks/N3/training/10/000032.json
 create mode 100644 experiments/stage4/R01/normal/revisions/007_named_scalar_verdict/audit_checks/N3/training/10/000048.json
 create mode 100644 experiments/stage4/R01/normal/revisions/007_named_scalar_verdict/audit_checks/N3/training/10/000064.json
 create mode 100644 experiments/stage4/R01/normal/revisions/007_named_scalar_verdict/audit_checks/N3/training/10/000080.json
 create mode 100644 experiments/stage4/R01/normal/revisions/007_named_scalar_verdict/audit_checks/N3/training/10/000096.json
 create mode 100644 experiments/stage4/R01/normal/revisions/007_named_scalar_verdict/audit_checks/N3/training/10/000112.json
 create mode 100644 experiments/stage4/R01/normal/revisions/007_named_scalar_verdict/audit_checks/N3/training/10/000128.json
 create mode 100644 experiments/stage4/R01/normal/revisions/007_named_scalar_verdict/audit_checks/N3/training/10/000144.json
 create mode 100644 experiments/stage4/R01/normal/revisions/007_named_scalar_verdict/audit_checks/N3/training/10/000160.json
 create mode 100644 experiments/stage4/R01/normal/revisions/007_named_scalar_verdict/audit_checks/N3/training/10/000176.json
 create mode 100644 experiments/stage4/R01/normal/revisions/007_named_scalar_verdict/audit_checks/N3/training/10/000192.json
 create mode 100644 experiments/stage4/R01/normal/revisions/007_named_scalar_verdict/audit_checks/N3/training/10/000208.json
 create mode 100644 experiments/stage4/R01/normal/revisions/007_named_scalar_verdict/audit_checks/N3/training/10/000224.json
 create mode 100644 experiments/stage4/R01/normal/revisions/007_named_scalar_verdict/audit_checks/N3/training/13/000000.json
 create mode 100644 experiments/stage4/R01/normal/revisions/007_named_scalar_verdict/audit_checks/N3/training/13/000016.json
 create mode 100644 experiments/stage4/R01/normal/revisions/007_named_scalar_verdict/audit_checks/N3/training/13/000032.json
 create mode 100644 experiments/stage4/R01/normal/revisions/007_named_scalar_verdict/audit_checks/N3/training/13/000048.json
 create mode 100644 experiments/stage4/R01/normal/revisions/007_named_scalar_verdict/audit_checks/N3/training/13/000064.json
 create mode 100644 experiments/stage4/R01/normal/revisions/007_named_scalar_verdict/audit_checks/N3/training/13/000080.json
 create mode 100644 experiments/stage4/R01/normal/revisions/007_named_scalar_verdict/audit_checks/N3/training/13/000096.json
 create mode 100644 experiments/stage4/R01/normal/revisions/007_named_scalar_verdict/audit_checks/N3/training/13/000112.json
 create mode 100644 experiments/stage4/R01/normal/revisions/007_named_scalar_verdict/audit_checks/N3/training/13/000128.json
 create mode 100644 experiments/stage4/R01/normal/revisions/007_named_scalar_verdict/audit_checks/N3/training/13/000144.json
 create mode 100644 experiments/stage4/R01/normal/revisions/007_named_scalar_verdict/audit_checks/N3/training/13/000160.json
 create mode 100644 experiments/stage4/R01/normal/revisions/007_named_scalar_verdict/audit_checks/N3/training/13/000176.json
 create mode 100644 experiments/stage4/R01/normal/revisions/007_named_scalar_verdict/audit_checks/N3/training/13/000192.json
 create mode 100644 experiments/stage4/R01/normal/revisions/007_named_scalar_verdict/audit_checks/N3/training/13/000208.json
 create mode 100644 experiments/stage4/R01/normal/revisions/007_named_scalar_verdict/audit_checks/N3/training/13/000224.json
 create mode 100644 experiments/stage4/R01/normal/revisions/007_named_scalar_verdict/audit_checks/N3/training/23/000000.json
 create mode 100644 experiments/stage4/R01/normal/revisions/007_named_scalar_verdict/audit_checks/N3/training/23/000016.json
 create mode 100644 experiments/stage4/R01/normal/revisions/007_named_scalar_verdict/audit_checks/N3/training/23/000032.json
 create mode 100644 experiments/stage4/R01/normal/revisions/007_named_scalar_verdict/audit_checks/N3/training/23/000048.json
 create mode 100644 experiments/stage4/R01/normal/revisions/007_named_scalar_verdict/audit_checks/N3/training/23/000064.json
 create mode 100644 experiments/stage4/R01/normal/revisions/007_named_scalar_verdict/audit_checks/N3/training/23/000080.json
 create mode 100644 experiments/stage4/R01/normal/revisions/007_named_scalar_verdict/audit_checks/N3/training/23/000096.json
 create mode 100644 experiments/stage4/R01/normal/revisions/007_named_scalar_verdict/audit_checks/N3/training/23/000112.json
 create mode 100644 experiments/stage4/R01/normal/revisions/007_named_scalar_verdict/audit_checks/N3/training/23/000128.json
 create mode 100644 experiments/stage4/R01/normal/revisions/007_named_scalar_verdict/audit_checks/N3/training/23/000144.json
 create mode 100644 experiments/stage4/R01/normal/revisions/007_named_scalar_verdict/audit_checks/N3/training/23/000160.json
 create mode 100644 experiments/stage4/R01/normal/revisions/007_named_scalar_verdict/audit_checks/N3/training/23/000176.json
 create mode 100644 experiments/stage4/R01/normal/revisions/007_named_scalar_verdict/audit_checks/N3/training/23/000192.json
 create mode 100644 experiments/stage4/R01/normal/revisions/007_named_scalar_verdict/audit_checks/N3/training/23/000208.json
 create mode 100644 experiments/stage4/R01/normal/revisions/007_named_scalar_verdict/audit_checks/N3/training/23/000224.json
 create mode 100644 experiments/stage4/R01/normal/revisions/007_named_scalar_verdict/audit_checks/N3/training/34/000000.json
 create mode 100644 experiments/stage4/R01/normal/revisions/007_named_scalar_verdict/audit_checks/N3/training/34/000016.json
 create mode 100644 experiments/stage4/R01/normal/revisions/007_named_scalar_verdict/audit_checks/N3/training/34/000032.json
 create mode 100644 experiments/stage4/R01/normal/revisions/007_named_scalar_verdict/audit_checks/N3/training/34/000048.json
 create mode 100644 experiments/stage4/R01/normal/revisions/007_named_scalar_verdict/audit_checks/N3/training/34/000064.json
 create mode 100644 experiments/stage4/R01/normal/revisions/007_named_scalar_verdict/audit_checks/N3/training/34/000080.json
 create mode 100644 experiments/stage4/R01/normal/revisions/007_named_scalar_verdict/audit_checks/N3/training/34/000096.json
 create mode 100644 experiments/stage4/R01/normal/revisions/007_named_scalar_verdict/audit_checks/N3/training/34/000112.json
 create mode 100644 experiments/stage4/R01/normal/revisions/007_named_scalar_verdict/audit_checks/N3/training/34/000128.json
 create mode 100644 experiments/stage4/R01/normal/revisions/007_named_scalar_verdict/audit_checks/N3/training/34/000144.json
 create mode 100644 experiments/stage4/R01/normal/revisions/007_named_scalar_verdict/audit_checks/N3/training/34/000160.json
 create mode 100644 experiments/stage4/R01/normal/revisions/007_named_scalar_verdict/audit_checks/N3/training/34/000176.json
 create mode 100644 experiments/stage4/R01/normal/revisions/007_named_scalar_verdict/audit_checks/N3/training/34/000192.json
 create mode 100644 experiments/stage4/R01/normal/revisions/007_named_scalar_verdict/audit_checks/N3/training/34/000208.json
 create mode 100644 experiments/stage4/R01/normal/revisions/007_named_scalar_verdict/audit_checks/N3/training/34/000224.json
 create mode 100644 experiments/stage4/R01/normal/revisions/007_named_scalar_verdict/build_vera_normal_context.py
 create mode 100644 experiments/stage4/R01/normal/revisions/007_named_scalar_verdict/frozen.json
 create mode 100644 experiments/stage4/R01/normal/revisions/007_named_scalar_verdict/rules.json
 create mode 100644 experiments/stage4/R01/normal/revisions/007_named_scalar_verdict/status.json
 create mode 100644 experiments/stage4/R01/normal/revisions/007_named_scalar_verdict/verification.json
 create mode 100644 experiments/stage4/R01/normal/rules.json
 create mode 100644 experiments/stage4/R01/normal/runtime_summary.json
 create mode 100644 experiments/stage4/R01/normal/status.json
 create mode 100644 experiments/stage4/R01/normal/support_checks/N1/testing/11/000016.json
 create mode 100644 experiments/stage4/R01/normal/support_checks/N1/testing/12/000000.json
 create mode 100644 experiments/stage4/R01/normal/support_checks/N1/testing/14/000032.json
 create mode 100644 experiments/stage4/R01/normal/support_checks/N2/testing/12/000000.json
 create mode 100644 experiments/stage4/R01/normal/support_checks/N2/training/06/000000.json
 create mode 100644 experiments/stage4/R01/normal/support_checks/N2/training/08/000000.json
 create mode 100644 experiments/stage4/R01/normal/support_checks/N3/training/06/000000.json
 create mode 100644 experiments/stage4/R01/normal/support_checks/N3/training/08/000000.json
 create mode 100644 experiments/stage4/R01/normal/support_checks/N3/training/09/000000.json
 create mode 100644 experiments/stage4/R01/normal/support_checks/N4/training/07/000000.json
 create mode 100644 experiments/stage4/R01/normal/support_checks/N4/training/08/000000.json
 create mode 100644 experiments/stage4/R01/normal/support_checks/N4/training/09/000000.json
 create mode 100644 experiments/stage4/R01/normal/support_verification.json
 create mode 100644 experiments/stage4/R01/normal/video_summaries/testing/11.json
 create mode 100644 experiments/stage4/R01/normal/video_summaries/testing/12.json
 create mode 100644 experiments/stage4/R01/normal/video_summaries/testing/14.json
 create mode 100644 experiments/stage4/R01/normal/video_summaries/training/01.json
 create mode 100644 experiments/stage4/R01/normal/video_summaries/training/06.json
 create mode 100644 experiments/stage4/R01/normal/video_summaries/training/07.json
 create mode 100644 experiments/stage4/R01/normal/video_summaries/training/08.json
 create mode 100644 experiments/stage4/R01/normal/video_summaries/training/09.json
 create mode 100644 experiments/stage4/R01/normal/video_summaries/training/14.json
 create mode 100644 experiments/stage4/R01/normal/video_summaries/training/15.json
 create mode 100644 experiments/stage4/R01/normal/video_summaries/training/16.json
 create mode 100644 experiments/stage4/R01/normal/video_summaries/training/17.json
 create mode 100644 experiments/stage4/R01/normal/video_summaries/training/18.json
 create mode 100644 experiments/stage4/R01/normal/video_summaries/training/20.json
 create mode 100644 experiments/stage4/R01/normal/video_summaries/training/21.json
 create mode 100644 experiments/stage4/R01/normal/video_summaries/training/24.json
 create mode 100644 experiments/stage4/R01/normal/video_summaries/training/26.json
 create mode 100644 experiments/stage4/R01/normal/video_summaries/training/29.json
 create mode 100644 experiments/stage4/R01/normal/video_summaries/training/30.json
 create mode 100644 experiments/stage4/R01/normal/video_summaries/training/31.json
 create mode 100644 experiments/stage4/R01/normal/video_summaries/training/32.json
 create mode 100644 experiments/stage4/R01/normal/video_summaries/training/33.json
 create mode 100644 experiments/stage4/R01/normal/visual_check_failures.jsonl
 create mode 100644 experiments/stage4/execution/R01_normal/20260927T124725Z_8006ef12/command.json
 create mode 100644 experiments/stage4/execution/R01_normal/20260927T124725Z_8006ef12/output.log
 create mode 100644 experiments/stage4/execution/R01_normal_audit/20260927T132310Z_68613da9/command.json
 create mode 100644 experiments/stage4/execution/R01_normal_audit/20260927T132310Z_68613da9/output.log
 create mode 100644 experiments/stage4/execution/R01_normal_report/20260927T132313Z_2c407ac4/command.json
 create mode 100644 experiments/stage4/execution/R01_normal_report/20260927T132313Z_2c407ac4/output.log
 create mode 100644 experiments/stage4/execution/R01_normal_resume/20260927T125907Z_eb731e01/command.json
 create mode 100644 experiments/stage4/execution/R01_normal_resume/20260927T125907Z_eb731e01/output.log
 create mode 100644 experiments/stage4/execution/R01_normal_resume_2/20260927T130315Z_8c35657a/command.json
 create mode 100644 experiments/stage4/execution/R01_normal_resume_2/20260927T130315Z_8c35657a/output.log
 create mode 100644 experiments/stage4/execution/R01_normal_resume_3/20260927T130552Z_513a8422/command.json
 create mode 100644 experiments/stage4/execution/R01_normal_resume_3/20260927T130552Z_513a8422/output.log
 create mode 100644 experiments/stage4/execution/R01_normal_resume_4/20260927T130916Z_6b090e9c/command.json
 create mode 100644 experiments/stage4/execution/R01_normal_resume_4/20260927T130916Z_6b090e9c/output.log
 create mode 100644 experiments/stage4/execution/R01_normal_resume_5/20260927T131338Z_53145caa/command.json
 create mode 100644 experiments/stage4/execution/R01_normal_resume_5/20260927T131338Z_53145caa/output.log
 create mode 100644 experiments/stage4/execution/R01_normal_resume_6/20260927T131720Z_bc68669f/command.json
 create mode 100644 experiments/stage4/execution/R01_normal_resume_6/20260927T131720Z_bc68669f/output.log
 create mode 100644 experiments/stage4/execution/R01_normal_resume_7/20260927T132142Z_d4f12633/command.json
 create mode 100644 experiments/stage4/execution/R01_normal_resume_7/20260927T132142Z_d4f12633/output.log
 create mode 100644 experiments/stage4/execution/candidate_evidence_regression/20260927T130830Z_db79864c/command.json
 create mode 100644 experiments/stage4/execution/candidate_evidence_regression/20260927T130830Z_db79864c/output.log
 create mode 100644 experiments/stage4/execution/compact_visual_regression/20260927T131252Z_64478d53/command.json
 create mode 100644 experiments/stage4/execution/compact_visual_regression/20260927T131252Z_64478d53/output.log
 create mode 100644 experiments/stage4/execution/format_repair_regression/20260927T130527Z_082819f2/command.json
 create mode 100644 experiments/stage4/execution/format_repair_regression/20260927T130527Z_082819f2/output.log
 create mode 100644 experiments/stage4/execution/named_scalar_regression/20260927T132040Z_460e1a19/command.json
 create mode 100644 experiments/stage4/execution/named_scalar_regression/20260927T132040Z_460e1a19/output.log
 create mode 100644 experiments/stage4/execution/scalar_visual_regression/20260927T131619Z_f7cd685c/command.json
 create mode 100644 experiments/stage4/execution/scalar_visual_regression/20260927T131619Z_f7cd685c/output.log
 create mode 100644 experiments/stage4/implementation_checks.json
 create mode 100644 scripts/audit_vera_stage4.py
 create mode 100644 scripts/build_vera_normal_context.py
 create mode 100644 scripts/vera_stage4_common.py
 create mode 100644 tests/test_vera_stage4.py
{
  "stage": "stage4_R01_normal",
  "commit": "98aca3243e53fe58d2db8375adc82d2c4638bce6",
  "remote": "https://github.com/PigeonLabs/KNU_Capstone1_VAD_VERA.git",
  "branch": "main",
  "push_exit_code": 0,
  "push_stdout": "",
  "push_stderr": "To https://github.com/PigeonLabs/KNU_Capstone1_VAD_VERA.git\n   a3472f7..98aca32  HEAD -> main\n",
  "finished_utc": "2026-09-27T13:23:17.908915+00:00",
  "remote_commit": "98aca3243e53fe58d2db8375adc82d2c4638bce6",
  "verified": true
}
{'scene': 'R01', 'step': 'evaluation'}
/home/jeong/Desktop/IPAD/cache/vera/venv/lib/python3.13/site-packages/timm/models/layers/__init__.py:49: FutureWarning: Importing from timm.models.layers is deprecated, please import via timm.layers
  warnings.warn(f"Importing from {__name__} is deprecated, please import via timm.layers", FutureWarning)
InternLM2ForCausalLM has generative capabilities, as `prepare_inputs_for_generation` is explicitly overwritten. However, it doesn't directly inherit from `GenerationMixin`. From 👉v4.50👈 onwards, `PreTrainedModel` will NOT inherit from `GenerationMixin`, and this model will lose the ability to call `generate` and other related functions.
  - If you're using `trust_remote_code=True`, you can get rid of this warning by loading the model with an auto class. See https://huggingface.co/docs/transformers/en/model_doc/auto#auto-classes
  - If you are the owner of the model architecture code, please modify your model class such that it inherits from `GenerationMixin` (after `PreTrainedModel`, otherwise you'll get an exception).
  - If you are not the owner of the model architecture class, please contact the model code owner to update it.
FlashAttention2 is not installed.
Warning: Flash attention is not available, using eager attention instead.
Loading checkpoint shards:   0%|          | 0/4 [00:00<?, ?it/s]Loading checkpoint shards: 100%|██████████| 4/4 [00:00<00:00, 106.72it/s]
{"event": "condition_video_complete", "scene": "R01", "condition": "B", "video": "R01/training/03"}
{"event": "condition_video_complete", "scene": "R01", "condition": "B", "video": "R01/training/04"}
{"event": "condition_video_complete", "scene": "R01", "condition": "B", "video": "R01/training/05"}
{"event": "condition_video_complete", "scene": "R01", "condition": "B", "video": "R01/training/22"}
{"event": "condition_video_complete", "scene": "R01", "condition": "B", "video": "R01/training/25"}
{"event": "condition_video_complete", "scene": "R01", "condition": "B", "video": "R01/training/27"}
{"event": "condition_video_complete", "scene": "R01", "condition": "B", "video": "R01/training/28"}
{"event": "condition_video_complete", "scene": "R01", "condition": "B", "video": "R01/testing/06"}
{"event": "condition_video_complete", "scene": "R01", "condition": "B", "video": "R01/testing/08"}
{"event": "condition_video_complete", "scene": "R01", "condition": "B", "video": "R01/testing/09"}
{"event": "condition_video_complete", "scene": "R01", "condition": "B", "video": "R01/testing/10"}
{"event": "condition_video_complete", "scene": "R01", "condition": "C", "video": "R01/training/03"}
{"event": "condition_video_complete", "scene": "R01", "condition": "C", "video": "R01/training/04"}
{"event": "condition_video_complete", "scene": "R01", "condition": "C", "video": "R01/training/05"}
{"event": "condition_video_complete", "scene": "R01", "condition": "C", "video": "R01/training/22"}
{"event": "condition_video_complete", "scene": "R01", "condition": "C", "video": "R01/training/25"}
{"event": "condition_video_complete", "scene": "R01", "condition": "C", "video": "R01/training/27"}
{"event": "condition_video_complete", "scene": "R01", "condition": "C", "video": "R01/training/28"}
{"event": "condition_video_complete", "scene": "R01", "condition": "C", "video": "R01/testing/06"}
{"event": "condition_video_complete", "scene": "R01", "condition": "C", "video": "R01/testing/08"}
{"event": "condition_video_complete", "scene": "R01", "condition": "C", "video": "R01/testing/09"}
{"event": "condition_video_complete", "scene": "R01", "condition": "C", "video": "R01/testing/10"}
{
  "event": "evaluation_complete",
  "scene": "R01",
  "metrics": {
    "A": {
      "initial": {
        "frames": 2514,
        "positive_frames": 414,
        "auroc": 50.0,
        "ap": 16.467780429594274
      },
      "retrieved": {
        "frames": 2514,
        "positive_frames": 414,
        "auroc": 50.0,
        "ap": 16.467780429594274
      },
      "smoothed": {
        "frames": 2514,
        "positive_frames": 414,
        "auroc": 50.0,
        "ap": 16.467780429594274
      },
      "final": {
        "frames": 2514,
        "positive_frames": 414,
        "auroc": 50.0,
        "ap": 16.467780429594274
      },
      "initial_binary": {
        "tp": 0,
        "fp": 0,
        "tn": 2100,
        "fn": 414,
        "accuracy": 0.8353221957040573,
        "recall": 0.0,
        "fpr": 0.0
      }
    },
    "B": {
      "initial": {
        "frames": 2514,
        "positive_frames": 414,
        "auroc": 50.0,
        "ap": 16.467780429594274
      },
      "retrieved": {
        "frames": 2514,
        "positive_frames": 414,
        "auroc": 50.0,
        "ap": 16.467780429594274
      },
      "smoothed": {
        "frames": 2514,
        "positive_frames": 414,
        "auroc": 50.0,
        "ap": 16.467780429594274
      },
      "final": {
        "frames": 2514,
        "positive_frames": 414,
        "auroc": 50.0,
        "ap": 16.467780429594274
      },
      "initial_binary": {
        "tp": 0,
        "fp": 0,
        "tn": 2100,
        "fn": 414,
        "accuracy": 0.8353221957040573,
        "recall": 0.0,
        "fpr": 0.0
      }
    },
    "C": {
      "initial": {
        "frames": 2514,
        "positive_frames": 414,
        "auroc": 50.0,
        "ap": 16.467780429594274
      },
      "retrieved": {
        "frames": 2514,
        "positive_frames": 414,
        "auroc": 50.0,
        "ap": 16.467780429594274
      },
      "smoothed": {
        "frames": 2514,
        "positive_frames": 414,
        "auroc": 50.0,
        "ap": 16.467780429594274
      },
      "final": {
        "frames": 2514,
        "positive_frames": 414,
        "auroc": 50.0,
        "ap": 16.467780429594274
      },
      "initial_binary": {
        "tp": 0,
        "fp": 0,
        "tn": 2100,
        "fn": 414,
        "accuracy": 0.8353221957040573,
        "recall": 0.0,
        "fpr": 0.0
      }
    }
  }
}
Execution evidence: experiments/stage4/execution/R01_evaluation/20260927T132318Z_f70ae538
{
  "status": "passed",
  "scene": "R01",
  "videos": 11,
  "frames_per_condition": 2514,
  "three_conditions_exact_support": true,
  "four_score_stage_metrics_recomputed": true,
  "binary_confusion_recomputed": true,
  "prompts_and_sources_verified": true,
  "cached_baseline_and_features_verified": true
}
Execution evidence: experiments/stage4/execution/R01_evaluation_audit/20260927T133009Z_cc8ebdf2
Reported stage4_R01_evaluation
Execution evidence: experiments/stage4/execution/R01_evaluation_report/20260927T133012Z_90205720
Publication audit: 1865 files, 60354763 bytes
[main 7e7b9d0] 4단계 R01: 독립 A/B/C 평가·검산 완료
 397 files changed, 36652 insertions(+), 7 deletions(-)
 create mode 100644 experiments/stage4/R01/evaluation/calls.jsonl
 create mode 100644 experiments/stage4/R01/evaluation/environment.json
 create mode 100644 experiments/stage4/R01/evaluation/events.jsonl
 create mode 100644 experiments/stage4/R01/evaluation/frame_scores.csv
 create mode 100644 experiments/stage4/R01/evaluation/frozen.json
 create mode 100644 experiments/stage4/R01/evaluation/gpu.txt
 create mode 100644 experiments/stage4/R01/evaluation/independent_verification.json
 create mode 100644 experiments/stage4/R01/evaluation/inference/B/testing/06/000000.json
 create mode 100644 experiments/stage4/R01/evaluation/inference/B/testing/06/000016.json
 create mode 100644 experiments/stage4/R01/evaluation/inference/B/testing/06/000032.json
 create mode 100644 experiments/stage4/R01/evaluation/inference/B/testing/06/000048.json
 create mode 100644 experiments/stage4/R01/evaluation/inference/B/testing/06/000064.json
 create mode 100644 experiments/stage4/R01/evaluation/inference/B/testing/06/000080.json
 create mode 100644 experiments/stage4/R01/evaluation/inference/B/testing/06/000096.json
 create mode 100644 experiments/stage4/R01/evaluation/inference/B/testing/06/000112.json
 create mode 100644 experiments/stage4/R01/evaluation/inference/B/testing/06/000128.json
 create mode 100644 experiments/stage4/R01/evaluation/inference/B/testing/06/000144.json
 create mode 100644 experiments/stage4/R01/evaluation/inference/B/testing/06/000160.json
 create mode 100644 experiments/stage4/R01/evaluation/inference/B/testing/06/000176.json
 create mode 100644 experiments/stage4/R01/evaluation/inference/B/testing/06/000192.json
 create mode 100644 experiments/stage4/R01/evaluation/inference/B/testing/06/000208.json
 create mode 100644 experiments/stage4/R01/evaluation/inference/B/testing/06/000224.json
 create mode 100644 experiments/stage4/R01/evaluation/inference/B/testing/08/000000.json
 create mode 100644 experiments/stage4/R01/evaluation/inference/B/testing/08/000016.json
 create mode 100644 experiments/stage4/R01/evaluation/inference/B/testing/08/000032.json
 create mode 100644 experiments/stage4/R01/evaluation/inference/B/testing/08/000048.json
 create mode 100644 experiments/stage4/R01/evaluation/inference/B/testing/08/000064.json
 create mode 100644 experiments/stage4/R01/evaluation/inference/B/testing/08/000080.json
 create mode 100644 experiments/stage4/R01/evaluation/inference/B/testing/08/000096.json
 create mode 100644 experiments/stage4/R01/evaluation/inference/B/testing/08/000112.json
 create mode 100644 experiments/stage4/R01/evaluation/inference/B/testing/08/000128.json
 create mode 100644 experiments/stage4/R01/evaluation/inference/B/testing/08/000144.json
 create mode 100644 experiments/stage4/R01/evaluation/inference/B/testing/08/000160.json
 create mode 100644 experiments/stage4/R01/evaluation/inference/B/testing/08/000176.json
 create mode 100644 experiments/stage4/R01/evaluation/inference/B/testing/08/000192.json
 create mode 100644 experiments/stage4/R01/evaluation/inference/B/testing/08/000208.json
 create mode 100644 experiments/stage4/R01/evaluation/inference/B/testing/08/000224.json
 create mode 100644 experiments/stage4/R01/evaluation/inference/B/testing/09/000000.json
 create mode 100644 experiments/stage4/R01/evaluation/inference/B/testing/09/000016.json
 create mode 100644 experiments/stage4/R01/evaluation/inference/B/testing/09/000032.json
 create mode 100644 experiments/stage4/R01/evaluation/inference/B/testing/09/000048.json
 create mode 100644 experiments/stage4/R01/evaluation/inference/B/testing/09/000064.json
 create mode 100644 experiments/stage4/R01/evaluation/inference/B/testing/09/000080.json
 create mode 100644 experiments/stage4/R01/evaluation/inference/B/testing/09/000096.json
 create mode 100644 experiments/stage4/R01/evaluation/inference/B/testing/09/000112.json
 create mode 100644 experiments/stage4/R01/evaluation/inference/B/testing/09/000128.json
 create mode 100644 experiments/stage4/R01/evaluation/inference/B/testing/09/000144.json
 create mode 100644 experiments/stage4/R01/evaluation/inference/B/testing/09/000160.json
 create mode 100644 experiments/stage4/R01/evaluation/inference/B/testing/09/000176.json
 create mode 100644 experiments/stage4/R01/evaluation/inference/B/testing/09/000192.json
 create mode 100644 experiments/stage4/R01/evaluation/inference/B/testing/09/000208.json
 create mode 100644 experiments/stage4/R01/evaluation/inference/B/testing/09/000224.json
 create mode 100644 experiments/stage4/R01/evaluation/inference/B/testing/10/000000.json
 create mode 100644 experiments/stage4/R01/evaluation/inference/B/testing/10/000016.json
 create mode 100644 experiments/stage4/R01/evaluation/inference/B/testing/10/000032.json
 create mode 100644 experiments/stage4/R01/evaluation/inference/B/testing/10/000048.json
 create mode 100644 experiments/stage4/R01/evaluation/inference/B/testing/10/000064.json
 create mode 100644 experiments/stage4/R01/evaluation/inference/B/testing/10/000080.json
 create mode 100644 experiments/stage4/R01/evaluation/inference/B/testing/10/000096.json
 create mode 100644 experiments/stage4/R01/evaluation/inference/B/testing/10/000112.json
 create mode 100644 experiments/stage4/R01/evaluation/inference/B/testing/10/000128.json
 create mode 100644 experiments/stage4/R01/evaluation/inference/B/testing/10/000144.json
 create mode 100644 experiments/stage4/R01/evaluation/inference/B/testing/10/000160.json
 create mode 100644 experiments/stage4/R01/evaluation/inference/B/testing/10/000176.json
 create mode 100644 experiments/stage4/R01/evaluation/inference/B/testing/10/000192.json
 create mode 100644 experiments/stage4/R01/evaluation/inference/B/testing/10/000208.json
 create mode 100644 experiments/stage4/R01/evaluation/inference/B/testing/10/000224.json
 create mode 100644 experiments/stage4/R01/evaluation/inference/B/training/03/000000.json
 create mode 100644 experiments/stage4/R01/evaluation/inference/B/training/03/000016.json
 create mode 100644 experiments/stage4/R01/evaluation/inference/B/training/03/000032.json
 create mode 100644 experiments/stage4/R01/evaluation/inference/B/training/03/000048.json
 create mode 100644 experiments/stage4/R01/evaluation/inference/B/training/03/000064.json
 create mode 100644 experiments/stage4/R01/evaluation/inference/B/training/03/000080.json
 create mode 100644 experiments/stage4/R01/evaluation/inference/B/training/03/000096.json
 create mode 100644 experiments/stage4/R01/evaluation/inference/B/training/03/000112.json
 create mode 100644 experiments/stage4/R01/evaluation/inference/B/training/03/000128.json
 create mode 100644 experiments/stage4/R01/evaluation/inference/B/training/03/000144.json
 create mode 100644 experiments/stage4/R01/evaluation/inference/B/training/03/000160.json
 create mode 100644 experiments/stage4/R01/evaluation/inference/B/training/03/000176.json
 create mode 100644 experiments/stage4/R01/evaluation/inference/B/training/03/000192.json
 create mode 100644 experiments/stage4/R01/evaluation/inference/B/training/04/000000.json
 create mode 100644 experiments/stage4/R01/evaluation/inference/B/training/04/000016.json
 create mode 100644 experiments/stage4/R01/evaluation/inference/B/training/04/000032.json
 create mode 100644 experiments/stage4/R01/evaluation/inference/B/training/04/000048.json
 create mode 100644 experiments/stage4/R01/evaluation/inference/B/training/04/000064.json
 create mode 100644 experiments/stage4/R01/evaluation/inference/B/training/04/000080.json
 create mode 100644 experiments/stage4/R01/evaluation/inference/B/training/04/000096.json
 create mode 100644 experiments/stage4/R01/evaluation/inference/B/training/04/000112.json
 create mode 100644 experiments/stage4/R01/evaluation/inference/B/training/04/000128.json
 create mode 100644 experiments/stage4/R01/evaluation/inference/B/training/04/000144.json
 create mode 100644 experiments/stage4/R01/evaluation/inference/B/training/04/000160.json
 create mode 100644 experiments/stage4/R01/evaluation/inference/B/training/04/000176.json
 create mode 100644 experiments/stage4/R01/evaluation/inference/B/training/04/000192.json
 create mode 100644 experiments/stage4/R01/evaluation/inference/B/training/04/000208.json
 create mode 100644 experiments/stage4/R01/evaluation/inference/B/training/04/000224.json
 create mode 100644 experiments/stage4/R01/evaluation/inference/B/training/05/000000.json
 create mode 100644 experiments/stage4/R01/evaluation/inference/B/training/05/000016.json
 create mode 100644 experiments/stage4/R01/evaluation/inference/B/training/05/000032.json
 create mode 100644 experiments/stage4/R01/evaluation/inference/B/training/05/000048.json
 create mode 100644 experiments/stage4/R01/evaluation/inference/B/training/05/000064.json
 create mode 100644 experiments/stage4/R01/evaluation/inference/B/training/05/000080.json
 create mode 100644 experiments/stage4/R01/evaluation/inference/B/training/05/000096.json
 create mode 100644 experiments/stage4/R01/evaluation/inference/B/training/05/000112.json
 create mode 100644 experiments/stage4/R01/evaluation/inference/B/training/05/000128.json
 create mode 100644 experiments/stage4/R01/evaluation/inference/B/training/05/000144.json
 create mode 100644 experiments/stage4/R01/evaluation/inference/B/training/05/000160.json
 create mode 100644 experiments/stage4/R01/evaluation/inference/B/training/05/000176.json
 create mode 100644 experiments/stage4/R01/evaluation/inference/B/training/05/000192.json
 create mode 100644 experiments/stage4/R01/evaluation/inference/B/training/05/000208.json
 create mode 100644 experiments/stage4/R01/evaluation/inference/B/training/05/000224.json
 create mode 100644 experiments/stage4/R01/evaluation/inference/B/training/22/000000.json
 create mode 100644 experiments/stage4/R01/evaluation/inference/B/training/22/000016.json
 create mode 100644 experiments/stage4/R01/evaluation/inference/B/training/22/000032.json
 create mode 100644 experiments/stage4/R01/evaluation/inference/B/training/22/000048.json
 create mode 100644 experiments/stage4/R01/evaluation/inference/B/training/22/000064.json
 create mode 100644 experiments/stage4/R01/evaluation/inference/B/training/22/000080.json
 create mode 100644 experiments/stage4/R01/evaluation/inference/B/training/22/000096.json
 create mode 100644 experiments/stage4/R01/evaluation/inference/B/training/22/000112.json
 create mode 100644 experiments/stage4/R01/evaluation/inference/B/training/22/000128.json
 create mode 100644 experiments/stage4/R01/evaluation/inference/B/training/22/000144.json
 create mode 100644 experiments/stage4/R01/evaluation/inference/B/training/22/000160.json
 create mode 100644 experiments/stage4/R01/evaluation/inference/B/training/22/000176.json
 create mode 100644 experiments/stage4/R01/evaluation/inference/B/training/22/000192.json
 create mode 100644 experiments/stage4/R01/evaluation/inference/B/training/22/000208.json
 create mode 100644 experiments/stage4/R01/evaluation/inference/B/training/22/000224.json
 create mode 100644 experiments/stage4/R01/evaluation/inference/B/training/25/000000.json
 create mode 100644 experiments/stage4/R01/evaluation/inference/B/training/25/000016.json
 create mode 100644 experiments/stage4/R01/evaluation/inference/B/training/25/000032.json
 create mode 100644 experiments/stage4/R01/evaluation/inference/B/training/25/000048.json
 create mode 100644 experiments/stage4/R01/evaluation/inference/B/training/25/000064.json
 create mode 100644 experiments/stage4/R01/evaluation/inference/B/training/25/000080.json
 create mode 100644 experiments/stage4/R01/evaluation/inference/B/training/25/000096.json
 create mode 100644 experiments/stage4/R01/evaluation/inference/B/training/25/000112.json
 create mode 100644 experiments/stage4/R01/evaluation/inference/B/training/25/000128.json
 create mode 100644 experiments/stage4/R01/evaluation/inference/B/training/25/000144.json
 create mode 100644 experiments/stage4/R01/evaluation/inference/B/training/25/000160.json
 create mode 100644 experiments/stage4/R01/evaluation/inference/B/training/25/000176.json
 create mode 100644 experiments/stage4/R01/evaluation/inference/B/training/25/000192.json
 create mode 100644 experiments/stage4/R01/evaluation/inference/B/training/25/000208.json
 create mode 100644 experiments/stage4/R01/evaluation/inference/B/training/25/000224.json
 create mode 100644 experiments/stage4/R01/evaluation/inference/B/training/27/000000.json
 create mode 100644 experiments/stage4/R01/evaluation/inference/B/training/27/000016.json
 create mode 100644 experiments/stage4/R01/evaluation/inference/B/training/27/000032.json
 create mode 100644 experiments/stage4/R01/evaluation/inference/B/training/27/000048.json
 create mode 100644 experiments/stage4/R01/evaluation/inference/B/training/27/000064.json
 create mode 100644 experiments/stage4/R01/evaluation/inference/B/training/27/000080.json
 create mode 100644 experiments/stage4/R01/evaluation/inference/B/training/27/000096.json
 create mode 100644 experiments/stage4/R01/evaluation/inference/B/training/27/000112.json
 create mode 100644 experiments/stage4/R01/evaluation/inference/B/training/27/000128.json
 create mode 100644 experiments/stage4/R01/evaluation/inference/B/training/27/000144.json
 create mode 100644 experiments/stage4/R01/evaluation/inference/B/training/27/000160.json
 create mode 100644 experiments/stage4/R01/evaluation/inference/B/training/27/000176.json
 create mode 100644 experiments/stage4/R01/evaluation/inference/B/training/27/000192.json
 create mode 100644 experiments/stage4/R01/evaluation/inference/B/training/27/000208.json
 create mode 100644 experiments/stage4/R01/evaluation/inference/B/training/27/000224.json
 create mode 100644 experiments/stage4/R01/evaluation/inference/B/training/28/000000.json
 create mode 100644 experiments/stage4/R01/evaluation/inference/B/training/28/000016.json
 create mode 100644 experiments/stage4/R01/evaluation/inference/B/training/28/000032.json
 create mode 100644 experiments/stage4/R01/evaluation/inference/B/training/28/000048.json
 create mode 100644 experiments/stage4/R01/evaluation/inference/B/training/28/000064.json
 create mode 100644 experiments/stage4/R01/evaluation/inference/B/training/28/000080.json
 create mode 100644 experiments/stage4/R01/evaluation/inference/B/training/28/000096.json
 create mode 100644 experiments/stage4/R01/evaluation/inference/B/training/28/000112.json
 create mode 100644 experiments/stage4/R01/evaluation/inference/B/training/28/000128.json
 create mode 100644 experiments/stage4/R01/evaluation/inference/B/training/28/000144.json
 create mode 100644 experiments/stage4/R01/evaluation/inference/B/training/28/000160.json
 create mode 100644 experiments/stage4/R01/evaluation/inference/B/training/28/000176.json
 create mode 100644 experiments/stage4/R01/evaluation/inference/B/training/28/000192.json
 create mode 100644 experiments/stage4/R01/evaluation/inference/B/training/28/000208.json
 create mode 100644 experiments/stage4/R01/evaluation/inference/B/training/28/000224.json
 create mode 100644 experiments/stage4/R01/evaluation/inference/C/testing/06/000000.json
 create mode 100644 experiments/stage4/R01/evaluation/inference/C/testing/06/000016.json
 create mode 100644 experiments/stage4/R01/evaluation/inference/C/testing/06/000032.json
 create mode 100644 experiments/stage4/R01/evaluation/inference/C/testing/06/000048.json
 create mode 100644 experiments/stage4/R01/evaluation/inference/C/testing/06/000064.json
 create mode 100644 experiments/stage4/R01/evaluation/inference/C/testing/06/000080.json
 create mode 100644 experiments/stage4/R01/evaluation/inference/C/testing/06/000096.json
 create mode 100644 experiments/stage4/R01/evaluation/inference/C/testing/06/000112.json
 create mode 100644 experiments/stage4/R01/evaluation/inference/C/testing/06/000128.json
 create mode 100644 experiments/stage4/R01/evaluation/inference/C/testing/06/000144.json
 create mode 100644 experiments/stage4/R01/evaluation/inference/C/testing/06/000160.json
 create mode 100644 experiments/stage4/R01/evaluation/inference/C/testing/06/000176.json
 create mode 100644 experiments/stage4/R01/evaluation/inference/C/testing/06/000192.json
 create mode 100644 experiments/stage4/R01/evaluation/inference/C/testing/06/000208.json
 create mode 100644 experiments/stage4/R01/evaluation/inference/C/testing/06/000224.json
 create mode 100644 experiments/stage4/R01/evaluation/inference/C/testing/08/000000.json
 create mode 100644 experiments/stage4/R01/evaluation/inference/C/testing/08/000016.json
 create mode 100644 experiments/stage4/R01/evaluation/inference/C/testing/08/000032.json
 create mode 100644 experiments/stage4/R01/evaluation/inference/C/testing/08/000048.json
 create mode 100644 experiments/stage4/R01/evaluation/inference/C/testing/08/000064.json
 create mode 100644 experiments/stage4/R01/evaluation/inference/C/testing/08/000080.json
 create mode 100644 experiments/stage4/R01/evaluation/inference/C/testing/08/000096.json
 create mode 100644 experiments/stage4/R01/evaluation/inference/C/testing/08/000112.json
 create mode 100644 experiments/stage4/R01/evaluation/inference/C/testing/08/000128.json
 create mode 100644 experiments/stage4/R01/evaluation/inference/C/testing/08/000144.json
 create mode 100644 experiments/stage4/R01/evaluation/inference/C/testing/08/000160.json
 create mode 100644 experiments/stage4/R01/evaluation/inference/C/testing/08/000176.json
 create mode 100644 experiments/stage4/R01/evaluation/inference/C/testing/08/000192.json
 create mode 100644 experiments/stage4/R01/evaluation/inference/C/testing/08/000208.json
 create mode 100644 experiments/stage4/R01/evaluation/inference/C/testing/08/000224.json
 create mode 100644 experiments/stage4/R01/evaluation/inference/C/testing/09/000000.json
 create mode 100644 experiments/stage4/R01/evaluation/inference/C/testing/09/000016.json
 create mode 100644 experiments/stage4/R01/evaluation/inference/C/testing/09/000032.json
 create mode 100644 experiments/stage4/R01/evaluation/inference/C/testing/09/000048.json
 create mode 100644 experiments/stage4/R01/evaluation/inference/C/testing/09/000064.json
 create mode 100644 experiments/stage4/R01/evaluation/inference/C/testing/09/000080.json
 create mode 100644 experiments/stage4/R01/evaluation/inference/C/testing/09/000096.json
 create mode 100644 experiments/stage4/R01/evaluation/inference/C/testing/09/000112.json
 create mode 100644 experiments/stage4/R01/evaluation/inference/C/testing/09/000128.json
 create mode 100644 experiments/stage4/R01/evaluation/inference/C/testing/09/000144.json
 create mode 100644 experiments/stage4/R01/evaluation/inference/C/testing/09/000160.json
 create mode 100644 experiments/stage4/R01/evaluation/inference/C/testing/09/000176.json
 create mode 100644 experiments/stage4/R01/evaluation/inference/C/testing/09/000192.json
 create mode 100644 experiments/stage4/R01/evaluation/inference/C/testing/09/000208.json
 create mode 100644 experiments/stage4/R01/evaluation/inference/C/testing/09/000224.json
 create mode 100644 experiments/stage4/R01/evaluation/inference/C/testing/10/000000.json
 create mode 100644 experiments/stage4/R01/evaluation/inference/C/testing/10/000016.json
 create mode 100644 experiments/stage4/R01/evaluation/inference/C/testing/10/000032.json
 create mode 100644 experiments/stage4/R01/evaluation/inference/C/testing/10/000048.json
 create mode 100644 experiments/stage4/R01/evaluation/inference/C/testing/10/000064.json
 create mode 100644 experiments/stage4/R01/evaluation/inference/C/testing/10/000080.json
 create mode 100644 experiments/stage4/R01/evaluation/inference/C/testing/10/000096.json
 create mode 100644 experiments/stage4/R01/evaluation/inference/C/testing/10/000112.json
 create mode 100644 experiments/stage4/R01/evaluation/inference/C/testing/10/000128.json
 create mode 100644 experiments/stage4/R01/evaluation/inference/C/testing/10/000144.json
 create mode 100644 experiments/stage4/R01/evaluation/inference/C/testing/10/000160.json
 create mode 100644 experiments/stage4/R01/evaluation/inference/C/testing/10/000176.json
 create mode 100644 experiments/stage4/R01/evaluation/inference/C/testing/10/000192.json
 create mode 100644 experiments/stage4/R01/evaluation/inference/C/testing/10/000208.json
 create mode 100644 experiments/stage4/R01/evaluation/inference/C/testing/10/000224.json
 create mode 100644 experiments/stage4/R01/evaluation/inference/C/training/03/000000.json
 create mode 100644 experiments/stage4/R01/evaluation/inference/C/training/03/000016.json
 create mode 100644 experiments/stage4/R01/evaluation/inference/C/training/03/000032.json
 create mode 100644 experiments/stage4/R01/evaluation/inference/C/training/03/000048.json
 create mode 100644 experiments/stage4/R01/evaluation/inference/C/training/03/000064.json
 create mode 100644 experiments/stage4/R01/evaluation/inference/C/training/03/000080.json
 create mode 100644 experiments/stage4/R01/evaluation/inference/C/training/03/000096.json
 create mode 100644 experiments/stage4/R01/evaluation/inference/C/training/03/000112.json
 create mode 100644 experiments/stage4/R01/evaluation/inference/C/training/03/000128.json
 create mode 100644 experiments/stage4/R01/evaluation/inference/C/training/03/000144.json
 create mode 100644 experiments/stage4/R01/evaluation/inference/C/training/03/000160.json
 create mode 100644 experiments/stage4/R01/evaluation/inference/C/training/03/000176.json
 create mode 100644 experiments/stage4/R01/evaluation/inference/C/training/03/000192.json
 create mode 100644 experiments/stage4/R01/evaluation/inference/C/training/04/000000.json
 create mode 100644 experiments/stage4/R01/evaluation/inference/C/training/04/000016.json
 create mode 100644 experiments/stage4/R01/evaluation/inference/C/training/04/000032.json
 create mode 100644 experiments/stage4/R01/evaluation/inference/C/training/04/000048.json
 create mode 100644 experiments/stage4/R01/evaluation/inference/C/training/04/000064.json
 create mode 100644 experiments/stage4/R01/evaluation/inference/C/training/04/000080.json
 create mode 100644 experiments/stage4/R01/evaluation/inference/C/training/04/000096.json
 create mode 100644 experiments/stage4/R01/evaluation/inference/C/training/04/000112.json
 create mode 100644 experiments/stage4/R01/evaluation/inference/C/training/04/000128.json
 create mode 100644 experiments/stage4/R01/evaluation/inference/C/training/04/000144.json
 create mode 100644 experiments/stage4/R01/evaluation/inference/C/training/04/000160.json
 create mode 100644 experiments/stage4/R01/evaluation/inference/C/training/04/000176.json
 create mode 100644 experiments/stage4/R01/evaluation/inference/C/training/04/000192.json
 create mode 100644 experiments/stage4/R01/evaluation/inference/C/training/04/000208.json
 create mode 100644 experiments/stage4/R01/evaluation/inference/C/training/04/000224.json
 create mode 100644 experiments/stage4/R01/evaluation/inference/C/training/05/000000.json
 create mode 100644 experiments/stage4/R01/evaluation/inference/C/training/05/000016.json
 create mode 100644 experiments/stage4/R01/evaluation/inference/C/training/05/000032.json
 create mode 100644 experiments/stage4/R01/evaluation/inference/C/training/05/000048.json
 create mode 100644 experiments/stage4/R01/evaluation/inference/C/training/05/000064.json
 create mode 100644 experiments/stage4/R01/evaluation/inference/C/training/05/000080.json
 create mode 100644 experiments/stage4/R01/evaluation/inference/C/training/05/000096.json
 create mode 100644 experiments/stage4/R01/evaluation/inference/C/training/05/000112.json
 create mode 100644 experiments/stage4/R01/evaluation/inference/C/training/05/000128.json
 create mode 100644 experiments/stage4/R01/evaluation/inference/C/training/05/000144.json
 create mode 100644 experiments/stage4/R01/evaluation/inference/C/training/05/000160.json
 create mode 100644 experiments/stage4/R01/evaluation/inference/C/training/05/000176.json
 create mode 100644 experiments/stage4/R01/evaluation/inference/C/training/05/000192.json
 create mode 100644 experiments/stage4/R01/evaluation/inference/C/training/05/000208.json
 create mode 100644 experiments/stage4/R01/evaluation/inference/C/training/05/000224.json
 create mode 100644 experiments/stage4/R01/evaluation/inference/C/training/22/000000.json
 create mode 100644 experiments/stage4/R01/evaluation/inference/C/training/22/000016.json
 create mode 100644 experiments/stage4/R01/evaluation/inference/C/training/22/000032.json
 create mode 100644 experiments/stage4/R01/evaluation/inference/C/training/22/000048.json
 create mode 100644 experiments/stage4/R01/evaluation/inference/C/training/22/000064.json
 create mode 100644 experiments/stage4/R01/evaluation/inference/C/training/22/000080.json
 create mode 100644 experiments/stage4/R01/evaluation/inference/C/training/22/000096.json
 create mode 100644 experiments/stage4/R01/evaluation/inference/C/training/22/000112.json
 create mode 100644 experiments/stage4/R01/evaluation/inference/C/training/22/000128.json
 create mode 100644 experiments/stage4/R01/evaluation/inference/C/training/22/000144.json
 create mode 100644 experiments/stage4/R01/evaluation/inference/C/training/22/000160.json
 create mode 100644 experiments/stage4/R01/evaluation/inference/C/training/22/000176.json
 create mode 100644 experiments/stage4/R01/evaluation/inference/C/training/22/000192.json
 create mode 100644 experiments/stage4/R01/evaluation/inference/C/training/22/000208.json
 create mode 100644 experiments/stage4/R01/evaluation/inference/C/training/22/000224.json
 create mode 100644 experiments/stage4/R01/evaluation/inference/C/training/25/000000.json
 create mode 100644 experiments/stage4/R01/evaluation/inference/C/training/25/000016.json
 create mode 100644 experiments/stage4/R01/evaluation/inference/C/training/25/000032.json
 create mode 100644 experiments/stage4/R01/evaluation/inference/C/training/25/000048.json
 create mode 100644 experiments/stage4/R01/evaluation/inference/C/training/25/000064.json
 create mode 100644 experiments/stage4/R01/evaluation/inference/C/training/25/000080.json
 create mode 100644 experiments/stage4/R01/evaluation/inference/C/training/25/000096.json
 create mode 100644 experiments/stage4/R01/evaluation/inference/C/training/25/000112.json
 create mode 100644 experiments/stage4/R01/evaluation/inference/C/training/25/000128.json
 create mode 100644 experiments/stage4/R01/evaluation/inference/C/training/25/000144.json
 create mode 100644 experiments/stage4/R01/evaluation/inference/C/training/25/000160.json
 create mode 100644 experiments/stage4/R01/evaluation/inference/C/training/25/000176.json
 create mode 100644 experiments/stage4/R01/evaluation/inference/C/training/25/000192.json
 create mode 100644 experiments/stage4/R01/evaluation/inference/C/training/25/000208.json
 create mode 100644 experiments/stage4/R01/evaluation/inference/C/training/25/000224.json
 create mode 100644 experiments/stage4/R01/evaluation/inference/C/training/27/000000.json
 create mode 100644 experiments/stage4/R01/evaluation/inference/C/training/27/000016.json
 create mode 100644 experiments/stage4/R01/evaluation/inference/C/training/27/000032.json
 create mode 100644 experiments/stage4/R01/evaluation/inference/C/training/27/000048.json
 create mode 100644 experiments/stage4/R01/evaluation/inference/C/training/27/000064.json
 create mode 100644 experiments/stage4/R01/evaluation/inference/C/training/27/000080.json
 create mode 100644 experiments/stage4/R01/evaluation/inference/C/training/27/000096.json
 create mode 100644 experiments/stage4/R01/evaluation/inference/C/training/27/000112.json
 create mode 100644 experiments/stage4/R01/evaluation/inference/C/training/27/000128.json
 create mode 100644 experiments/stage4/R01/evaluation/inference/C/training/27/000144.json
 create mode 100644 experiments/stage4/R01/evaluation/inference/C/training/27/000160.json
 create mode 100644 experiments/stage4/R01/evaluation/inference/C/training/27/000176.json
 create mode 100644 experiments/stage4/R01/evaluation/inference/C/training/27/000192.json
 create mode 100644 experiments/stage4/R01/evaluation/inference/C/training/27/000208.json
 create mode 100644 experiments/stage4/R01/evaluation/inference/C/training/27/000224.json
 create mode 100644 experiments/stage4/R01/evaluation/inference/C/training/28/000000.json
 create mode 100644 experiments/stage4/R01/evaluation/inference/C/training/28/000016.json
 create mode 100644 experiments/stage4/R01/evaluation/inference/C/training/28/000032.json
 create mode 100644 experiments/stage4/R01/evaluation/inference/C/training/28/000048.json
 create mode 100644 experiments/stage4/R01/evaluation/inference/C/training/28/000064.json
 create mode 100644 experiments/stage4/R01/evaluation/inference/C/training/28/000080.json
 create mode 100644 experiments/stage4/R01/evaluation/inference/C/training/28/000096.json
 create mode 100644 experiments/stage4/R01/evaluation/inference/C/training/28/000112.json
 create mode 100644 experiments/stage4/R01/evaluation/inference/C/training/28/000128.json
 create mode 100644 experiments/stage4/R01/evaluation/inference/C/training/28/000144.json
 create mode 100644 experiments/stage4/R01/evaluation/inference/C/training/28/000160.json
 create mode 100644 experiments/stage4/R01/evaluation/inference/C/training/28/000176.json
 create mode 100644 experiments/stage4/R01/evaluation/inference/C/training/28/000192.json
 create mode 100644 experiments/stage4/R01/evaluation/inference/C/training/28/000208.json
 create mode 100644 experiments/stage4/R01/evaluation/inference/C/training/28/000224.json
 create mode 100644 experiments/stage4/R01/evaluation/inference_manifest.json
 create mode 100644 experiments/stage4/R01/evaluation/metrics.json
 create mode 100644 experiments/stage4/R01/evaluation/model_verification.json
 create mode 100644 experiments/stage4/R01/evaluation/packages.txt
 create mode 100644 experiments/stage4/R01/evaluation/postprocessing/A/testing/06.json
 create mode 100644 experiments/stage4/R01/evaluation/postprocessing/A/testing/08.json
 create mode 100644 experiments/stage4/R01/evaluation/postprocessing/A/testing/09.json
 create mode 100644 experiments/stage4/R01/evaluation/postprocessing/A/testing/10.json
 create mode 100644 experiments/stage4/R01/evaluation/postprocessing/A/training/03.json
 create mode 100644 experiments/stage4/R01/evaluation/postprocessing/A/training/04.json
 create mode 100644 experiments/stage4/R01/evaluation/postprocessing/A/training/05.json
 create mode 100644 experiments/stage4/R01/evaluation/postprocessing/A/training/22.json
 create mode 100644 experiments/stage4/R01/evaluation/postprocessing/A/training/25.json
 create mode 100644 experiments/stage4/R01/evaluation/postprocessing/A/training/27.json
 create mode 100644 experiments/stage4/R01/evaluation/postprocessing/A/training/28.json
 create mode 100644 experiments/stage4/R01/evaluation/postprocessing/B/testing/06.json
 create mode 100644 experiments/stage4/R01/evaluation/postprocessing/B/testing/08.json
 create mode 100644 experiments/stage4/R01/evaluation/postprocessing/B/testing/09.json
 create mode 100644 experiments/stage4/R01/evaluation/postprocessing/B/testing/10.json
 create mode 100644 experiments/stage4/R01/evaluation/postprocessing/B/training/03.json
 create mode 100644 experiments/stage4/R01/evaluation/postprocessing/B/training/04.json
 create mode 100644 experiments/stage4/R01/evaluation/postprocessing/B/training/05.json
 create mode 100644 experiments/stage4/R01/evaluation/postprocessing/B/training/22.json
 create mode 100644 experiments/stage4/R01/evaluation/postprocessing/B/training/25.json
 create mode 100644 experiments/stage4/R01/evaluation/postprocessing/B/training/27.json
 create mode 100644 experiments/stage4/R01/evaluation/postprocessing/B/training/28.json
 create mode 100644 experiments/stage4/R01/evaluation/postprocessing/C/testing/06.json
 create mode 100644 experiments/stage4/R01/evaluation/postprocessing/C/testing/08.json
 create mode 100644 experiments/stage4/R01/evaluation/postprocessing/C/testing/09.json
 create mode 100644 experiments/stage4/R01/evaluation/postprocessing/C/testing/10.json
 create mode 100644 experiments/stage4/R01/evaluation/postprocessing/C/training/03.json
 create mode 100644 experiments/stage4/R01/evaluation/postprocessing/C/training/04.json
 create mode 100644 experiments/stage4/R01/evaluation/postprocessing/C/training/05.json
 create mode 100644 experiments/stage4/R01/evaluation/postprocessing/C/training/22.json
 create mode 100644 experiments/stage4/R01/evaluation/postprocessing/C/training/25.json
 create mode 100644 experiments/stage4/R01/evaluation/postprocessing/C/training/27.json
 create mode 100644 experiments/stage4/R01/evaluation/postprocessing/C/training/28.json
 create mode 100644 experiments/stage4/R01/evaluation/prompts.json
 create mode 100644 experiments/stage4/R01/evaluation/raw_prediction_counts.json
 create mode 100644 experiments/stage4/R01/evaluation/reused_sources.json
 create mode 100644 experiments/stage4/R01/evaluation/runtime_summary.json
 create mode 100644 experiments/stage4/R01/evaluation/status.json
 create mode 100644 experiments/stage4/R01/evaluation/validation/B/testing/07.json
 create mode 100644 experiments/stage4/R01/evaluation/validation/B/training/02.json
 create mode 100644 experiments/stage4/R01/evaluation/validation/B/training/11.json
 create mode 100644 experiments/stage4/R01/evaluation/validation/B/training/12.json
 create mode 100644 experiments/stage4/R01/evaluation/validation/B/training/19.json
 create mode 100644 experiments/stage4/R01/evaluation/validation/C/testing/07.json
 create mode 100644 experiments/stage4/R01/evaluation/validation/C/training/02.json
 create mode 100644 experiments/stage4/R01/evaluation/validation/C/training/11.json
 create mode 100644 experiments/stage4/R01/evaluation/validation/C/training/12.json
 create mode 100644 experiments/stage4/R01/evaluation/validation/C/training/19.json
 create mode 100644 experiments/stage4/R01/evaluation/validation_metrics.json
 create mode 100644 experiments/stage4/R01/evaluation/verification.json
 create mode 100644 experiments/stage4/execution/R01_evaluation/20260927T132318Z_f70ae538/command.json
 create mode 100644 experiments/stage4/execution/R01_evaluation/20260927T132318Z_f70ae538/output.log
 create mode 100644 experiments/stage4/execution/R01_evaluation_audit/20260927T133009Z_cc8ebdf2/command.json
 create mode 100644 experiments/stage4/execution/R01_evaluation_audit/20260927T133009Z_cc8ebdf2/output.log
 create mode 100644 experiments/stage4/execution/R01_evaluation_report/20260927T133012Z_90205720/command.json
 create mode 100644 experiments/stage4/execution/R01_evaluation_report/20260927T133012Z_90205720/output.log
 create mode 100644 scripts/evaluate_vera_normal_context.py
{
  "stage": "stage4_R01_evaluation",
  "commit": "7e7b9d0ba4d0e16d99fa84c85dbe3d76aa4b3d4e",
  "remote": "https://github.com/PigeonLabs/KNU_Capstone1_VAD_VERA.git",
  "branch": "main",
  "push_exit_code": 0,
  "push_stdout": "",
  "push_stderr": "To https://github.com/PigeonLabs/KNU_Capstone1_VAD_VERA.git\n   98aca32..7e7b9d0  HEAD -> main\n",
  "finished_utc": "2026-09-27T13:30:15.962268+00:00",
  "remote_commit": "7e7b9d0ba4d0e16d99fa84c85dbe3d76aa4b3d4e",
  "verified": true
}
{'scene': 'R02', 'step': 'normal'}
/home/jeong/Desktop/IPAD/cache/vera/venv/lib/python3.13/site-packages/timm/models/layers/__init__.py:49: FutureWarning: Importing from timm.models.layers is deprecated, please import via timm.layers
  warnings.warn(f"Importing from {__name__} is deprecated, please import via timm.layers", FutureWarning)
InternLM2ForCausalLM has generative capabilities, as `prepare_inputs_for_generation` is explicitly overwritten. However, it doesn't directly inherit from `GenerationMixin`. From 👉v4.50👈 onwards, `PreTrainedModel` will NOT inherit from `GenerationMixin`, and this model will lose the ability to call `generate` and other related functions.
  - If you're using `trust_remote_code=True`, you can get rid of this warning by loading the model with an auto class. See https://huggingface.co/docs/transformers/en/model_doc/auto#auto-classes
  - If you are the owner of the model architecture code, please modify your model class such that it inherits from `GenerationMixin` (after `PreTrainedModel`, otherwise you'll get an exception).
  - If you are not the owner of the model architecture class, please contact the model code owner to update it.
FlashAttention2 is not installed.
Warning: Flash attention is not available, using eager attention instead.
Loading checkpoint shards:   0%|          | 0/4 [00:00<?, ?it/s]Loading checkpoint shards: 100%|██████████| 4/4 [00:00<00:00, 105.76it/s]
{"event": "normal_video_observed", "scene": "R02", "video": "R02/testing/01", "segments": 37}
{"event": "normal_video_observed", "scene": "R02", "video": "R02/training/02", "segments": 38}
{"event": "normal_video_observed", "scene": "R02", "video": "R02/training/04", "segments": 38}
{"event": "normal_video_observed", "scene": "R02", "video": "R02/training/07", "segments": 37}
{"event": "normal_video_observed", "scene": "R02", "video": "R02/training/11", "segments": 38}
{"event": "normal_video_observed", "scene": "R02", "video": "R02/training/12", "segments": 37}
{"event": "normal_video_observed", "scene": "R02", "video": "R02/training/13", "segments": 37}
{"event": "normal_video_observed", "scene": "R02", "video": "R02/training/14", "segments": 37}
Traceback (most recent call last):
  File "/home/jeong/Desktop/IPAD/runs/vera_publication/KNU_Capstone1_VAD_VERA/scripts/build_vera_normal_context.py", line 135, in <module>
    try:main(a.scene)
        ~~~~^^^^^^^^^
  File "/home/jeong/Desktop/IPAD/runs/vera_publication/KNU_Capstone1_VAD_VERA/scripts/build_vera_normal_context.py", line 66, in main
    r=engine.recorded(out/'video_summaries'/row['original_split']/(row['video']+'.json'),prompt,validator=validate)
  File "/home/jeong/Desktop/IPAD/runs/vera_publication/KNU_Capstone1_VAD_VERA/scripts/vera_stage4_common.py", line 72, in recorded
    result=parse_json(response);validator(result);raw['parsed']=result;break
  File "/home/jeong/Desktop/IPAD/runs/vera_publication/KNU_Capstone1_VAD_VERA/scripts/vera_stage4_common.py", line 46, in parse_json
    result=json.loads(text)
  File "/home/jeong/.local/share/uv/python/cpython-3.13.13-linux-x86_64-gnu/lib/python3.13/json/__init__.py", line 352, in loads
    return _default_decoder.decode(s)
           ~~~~~~~~~~~~~~~~~~~~~~~^^^
  File "/home/jeong/.local/share/uv/python/cpython-3.13.13-linux-x86_64-gnu/lib/python3.13/json/decoder.py", line 345, in decode
    obj, end = self.raw_decode(s, idx=_w(s, 0).end())
               ~~~~~~~~~~~~~~~^^^^^^^^^^^^^^^^^^^^^^^
  File "/home/jeong/.local/share/uv/python/cpython-3.13.13-linux-x86_64-gnu/lib/python3.13/json/decoder.py", line 361, in raw_decode
    obj, end = self.scan_once(s, idx)
               ~~~~~~~~~~~~~~^^^^^^^^
json.decoder.JSONDecodeError: Expecting ',' delimiter: line 1 column 4853 (char 4852)
Execution evidence: experiments/stage4/execution/R02_normal/20260927T133016Z_442a1f92
{'step': 'failed', 'error': "CalledProcessError(1, ['/home/jeong/Desktop/IPAD/cache/vera/venv/bin/python', 'scripts/logged_command.py', '--stage', 'stage4', '--step', 'R02_normal', '--', '/home/jeong/Desktop/IPAD/cache/vera/venv/bin/python', 'scripts/build_vera_normal_context.py', '--scene', 'R02'])", 'traceback': 'Traceback (most recent call last):\n  File "/tmp/vera_stage4_work/continue_vera_stage4.py", line 31, in <module>\n    logged(scene+\'_\'+kind,[PY,\'scripts/\'+script,\'--scene\',scene])\n  File "/tmp/vera_stage4_work/continue_vera_stage4.py", line 8, in logged\n    def logged(step,args):run([PY,\'scripts/logged_command.py\',\'--stage\',\'stage4\',\'--step\',step,\'--\',*args])\n                          ^^^^^^^^^^^^^^^^^^^^^^^^^^^^^^^^^^^^^^^^^^^^^^^^^^^^^^^^^^^^^^^^^^^^^^^^^^^^^^^^^\n  File "/tmp/vera_stage4_work/continue_vera_stage4.py", line 7, in run\n    def run(args):subprocess.run(args,cwd=ROOT,check=True)\n                  ^^^^^^^^^^^^^^^^^^^^^^^^^^^^^^^^^^^^^^^^\n  File "/usr/lib/python3.12/subprocess.py", line 571, in run\n    raise CalledProcessError(retcode, process.args,\nsubprocess.CalledProcessError: Command \'[\'/home/jeong/Desktop/IPAD/cache/vera/venv/bin/python\', \'scripts/logged_command.py\', \'--stage\', \'stage4\', \'--step\', \'R02_normal\', \'--\', \'/home/jeong/Desktop/IPAD/cache/vera/venv/bin/python\', \'scripts/build_vera_normal_context.py\', \'--scene\', \'R02\']\' returned non-zero exit status 1.\n'}
Traceback (most recent call last):
  File "/tmp/vera_stage4_work/continue_vera_stage4.py", line 31, in <module>
    logged(scene+'_'+kind,[PY,'scripts/'+script,'--scene',scene])
  File "/tmp/vera_stage4_work/continue_vera_stage4.py", line 8, in logged
    def logged(step,args):run([PY,'scripts/logged_command.py','--stage','stage4','--step',step,'--',*args])
                          ^^^^^^^^^^^^^^^^^^^^^^^^^^^^^^^^^^^^^^^^^^^^^^^^^^^^^^^^^^^^^^^^^^^^^^^^^^^^^^^^^
  File "/tmp/vera_stage4_work/continue_vera_stage4.py", line 7, in run
    def run(args):subprocess.run(args,cwd=ROOT,check=True)
                  ^^^^^^^^^^^^^^^^^^^^^^^^^^^^^^^^^^^^^^^^
  File "/usr/lib/python3.12/subprocess.py", line 571, in run
    raise CalledProcessError(retcode, process.args,
subprocess.CalledProcessError: Command '['/home/jeong/Desktop/IPAD/cache/vera/venv/bin/python', 'scripts/logged_command.py', '--stage', 'stage4', '--step', 'R02_normal', '--', '/home/jeong/Desktop/IPAD/cache/vera/venv/bin/python', 'scripts/build_vera_normal_context.py', '--scene', 'R02']' returned non-zero exit status 1.
{'scene': 'R02', 'step': 'normal'}
{'step': 'failed', 'error': 'RuntimeError(\'Existing stage stopped: {\\\'status\\\': \\\'failed\\\', \\\'error\\\': "RuntimeError(\\\'No normal rules survived evidence checks; no invented fallback\\\')"}\')', 'traceback': 'Traceback (most recent call last):\n  File "/tmp/vera_stage4_work/continue_vera_stage4.py", line 32, in <module>\n    if current[\'status\'] in [\'failed\',\'paused_low_disk\']:raise RuntimeError(\'Existing stage stopped: \'+str(current))\n                                                         ^^^^^^^^^^^^^^^^^^^^^^^^^^^^^^^^^^^^^^^^^^^^^^^^^^^^^^^^^^^\nRuntimeError: Existing stage stopped: {\'status\': \'failed\', \'error\': "RuntimeError(\'No normal rules survived evidence checks; no invented fallback\')"}\n'}
Traceback (most recent call last):
  File "/tmp/vera_stage4_work/continue_vera_stage4.py", line 32, in <module>
    if current['status'] in ['failed','paused_low_disk']:raise RuntimeError('Existing stage stopped: '+str(current))
                                                         ^^^^^^^^^^^^^^^^^^^^^^^^^^^^^^^^^^^^^^^^^^^^^^^^^^^^^^^^^^^
RuntimeError: Existing stage stopped: {'status': 'failed', 'error': "RuntimeError('No normal rules survived evidence checks; no invented fallback')"}
{'scene': 'R02', 'step': 'normal'}
/home/jeong/Desktop/IPAD/cache/vera/venv/lib/python3.13/site-packages/timm/models/layers/__init__.py:49: FutureWarning: Importing from timm.models.layers is deprecated, please import via timm.layers
  warnings.warn(f"Importing from {__name__} is deprecated, please import via timm.layers", FutureWarning)
InternLM2ForCausalLM has generative capabilities, as `prepare_inputs_for_generation` is explicitly overwritten. However, it doesn't directly inherit from `GenerationMixin`. From 👉v4.50👈 onwards, `PreTrainedModel` will NOT inherit from `GenerationMixin`, and this model will lose the ability to call `generate` and other related functions.
  - If you're using `trust_remote_code=True`, you can get rid of this warning by loading the model with an auto class. See https://huggingface.co/docs/transformers/en/model_doc/auto#auto-classes
  - If you are the owner of the model architecture code, please modify your model class such that it inherits from `GenerationMixin` (after `PreTrainedModel`, otherwise you'll get an exception).
  - If you are not the owner of the model architecture class, please contact the model code owner to update it.
FlashAttention2 is not installed.
Warning: Flash attention is not available, using eager attention instead.
Loading checkpoint shards:   0%|          | 0/4 [00:00<?, ?it/s]Loading checkpoint shards: 100%|██████████| 4/4 [00:00<00:00, 97.61it/s]
{"event": "normal_video_observed", "scene": "R02", "video": "R02/testing/01", "segments": 37}
{"event": "normal_video_observed", "scene": "R02", "video": "R02/training/02", "segments": 38}
{"event": "normal_video_observed", "scene": "R02", "video": "R02/training/04", "segments": 38}
{"event": "normal_video_observed", "scene": "R02", "video": "R02/training/07", "segments": 37}
{"event": "normal_video_observed", "scene": "R02", "video": "R02/training/11", "segments": 38}
{"event": "normal_video_observed", "scene": "R02", "video": "R02/training/12", "segments": 37}
{"event": "normal_video_observed", "scene": "R02", "video": "R02/training/13", "segments": 37}
{"event": "normal_video_observed", "scene": "R02", "video": "R02/training/14", "segments": 37}
{"event": "normal_video_observed", "scene": "R02", "video": "R02/training/16", "segments": 37}
{"event": "normal_video_observed", "scene": "R02", "video": "R02/training/17", "segments": 36}
{"event": "normal_video_observed", "scene": "R02", "video": "R02/training/18", "segments": 37}
{"event": "normal_video_observed", "scene": "R02", "video": "R02/training/19", "segments": 38}
{"event": "normal_video_observed", "scene": "R02", "video": "R02/training/20", "segments": 39}
{"event": "normal_video_observed", "scene": "R02", "video": "R02/training/22", "segments": 38}
{"event": "normal_video_observed", "scene": "R02", "video": "R02/training/25", "segments": 37}
{"event": "normal_video_observed", "scene": "R02", "video": "R02/training/29", "segments": 37}
{"event": "normal_video_observed", "scene": "R02", "video": "R02/training/30", "segments": 36}
{"event": "normal_audit_video_complete", "scene": "R02", "video": "R02/training/03"}
{"event": "normal_audit_video_complete", "scene": "R02", "video": "R02/training/06"}
{"event": "normal_audit_video_complete", "scene": "R02", "video": "R02/training/15"}
{"event": "normal_audit_video_complete", "scene": "R02", "video": "R02/training/21"}
{"event": "normal_audit_video_complete", "scene": "R02", "video": "R02/training/27"}
NORMAL PROFILE COMPLETE R02
Execution evidence: experiments/stage4/execution/R02_normal/20260927T135830Z_900b0315
{
  "status": "passed",
  "scene": "R02",
  "generation_videos": 17,
  "audit_videos": 5,
  "observed_segments": 634,
  "audit_segments": 187,
  "accepted_rules": 5,
  "normal_train_only": true,
  "disjoint_generation_audit": true,
  "all_candidate_decisions_recomputed": true,
  "source_hashes_verified": true,
  "human_visual_annotation": false,
  "summary_fallback_videos": [
    "R02/training/16",
    "R02/training/22"
  ],
  "fallback_exact_verbatim_and_centers_verified": true
}
Execution evidence: experiments/stage4/execution/R02_normal_audit/20260927T141115Z_03af12f4
Reported stage4_R02_normal
Execution evidence: experiments/stage4/execution/R02_normal_report/20260927T141117Z_82123364
Publication audit: 3713 files, 68320194 bytes
[main 31ddbaf] 4단계 R02: 정상 기준 생성·근거 확인 완료
 1853 files changed, 106889 insertions(+), 14 deletions(-)
 create mode 100644 experiments/stage4/R02/normal/audit/training/03/000000.json
 create mode 100644 experiments/stage4/R02/normal/audit/training/03/000016.json
 create mode 100644 experiments/stage4/R02/normal/audit/training/03/000032.json
 create mode 100644 experiments/stage4/R02/normal/audit/training/03/000048.json
 create mode 100644 experiments/stage4/R02/normal/audit/training/03/000064.json
 create mode 100644 experiments/stage4/R02/normal/audit/training/03/000080.json
 create mode 100644 experiments/stage4/R02/normal/audit/training/03/000096.json
 create mode 100644 experiments/stage4/R02/normal/audit/training/03/000112.json
 create mode 100644 experiments/stage4/R02/normal/audit/training/03/000128.json
 create mode 100644 experiments/stage4/R02/normal/audit/training/03/000144.json
 create mode 100644 experiments/stage4/R02/normal/audit/training/03/000160.json
 create mode 100644 experiments/stage4/R02/normal/audit/training/03/000176.json
 create mode 100644 experiments/stage4/R02/normal/audit/training/03/000192.json
 create mode 100644 experiments/stage4/R02/normal/audit/training/03/000208.json
 create mode 100644 experiments/stage4/R02/normal/audit/training/03/000224.json
 create mode 100644 experiments/stage4/R02/normal/audit/training/03/000240.json
 create mode 100644 experiments/stage4/R02/normal/audit/training/03/000256.json
 create mode 100644 experiments/stage4/R02/normal/audit/training/03/000272.json
 create mode 100644 experiments/stage4/R02/normal/audit/training/03/000288.json
 create mode 100644 experiments/stage4/R02/normal/audit/training/03/000304.json
 create mode 100644 experiments/stage4/R02/normal/audit/training/03/000320.json
 create mode 100644 experiments/stage4/R02/normal/audit/training/03/000336.json
 create mode 100644 experiments/stage4/R02/normal/audit/training/03/000352.json
 create mode 100644 experiments/stage4/R02/normal/audit/training/03/000368.json
 create mode 100644 experiments/stage4/R02/normal/audit/training/03/000384.json
 create mode 100644 experiments/stage4/R02/normal/audit/training/03/000400.json
 create mode 100644 experiments/stage4/R02/normal/audit/training/03/000416.json
 create mode 100644 experiments/stage4/R02/normal/audit/training/03/000432.json
 create mode 100644 experiments/stage4/R02/normal/audit/training/03/000448.json
 create mode 100644 experiments/stage4/R02/normal/audit/training/03/000464.json
 create mode 100644 experiments/stage4/R02/normal/audit/training/03/000480.json
 create mode 100644 experiments/stage4/R02/normal/audit/training/03/000496.json
 create mode 100644 experiments/stage4/R02/normal/audit/training/03/000512.json
 create mode 100644 experiments/stage4/R02/normal/audit/training/03/000528.json
 create mode 100644 experiments/stage4/R02/normal/audit/training/03/000544.json
 create mode 100644 experiments/stage4/R02/normal/audit/training/06/000000.json
 create mode 100644 experiments/stage4/R02/normal/audit/training/06/000016.json
 create mode 100644 experiments/stage4/R02/normal/audit/training/06/000032.json
 create mode 100644 experiments/stage4/R02/normal/audit/training/06/000048.json
 create mode 100644 experiments/stage4/R02/normal/audit/training/06/000064.json
 create mode 100644 experiments/stage4/R02/normal/audit/training/06/000080.json
 create mode 100644 experiments/stage4/R02/normal/audit/training/06/000096.json
 create mode 100644 experiments/stage4/R02/normal/audit/training/06/000112.json
 create mode 100644 experiments/stage4/R02/normal/audit/training/06/000128.json
 create mode 100644 experiments/stage4/R02/normal/audit/training/06/000144.json
 create mode 100644 experiments/stage4/R02/normal/audit/training/06/000160.json
 create mode 100644 experiments/stage4/R02/normal/audit/training/06/000176.json
 create mode 100644 experiments/stage4/R02/normal/audit/training/06/000192.json
 create mode 100644 experiments/stage4/R02/normal/audit/training/06/000208.json
 create mode 100644 experiments/stage4/R02/normal/audit/training/06/000224.json
 create mode 100644 experiments/stage4/R02/normal/audit/training/06/000240.json
 create mode 100644 experiments/stage4/R02/normal/audit/training/06/000256.json
 create mode 100644 experiments/stage4/R02/normal/audit/training/06/000272.json
 create mode 100644 experiments/stage4/R02/normal/audit/training/06/000288.json
 create mode 100644 experiments/stage4/R02/normal/audit/training/06/000304.json
 create mode 100644 experiments/stage4/R02/normal/audit/training/06/000320.json
 create mode 100644 experiments/stage4/R02/normal/audit/training/06/000336.json
 create mode 100644 experiments/stage4/R02/normal/audit/training/06/000352.json
 create mode 100644 experiments/stage4/R02/normal/audit/training/06/000368.json
 create mode 100644 experiments/stage4/R02/normal/audit/training/06/000384.json
 create mode 100644 experiments/stage4/R02/normal/audit/training/06/000400.json
 create mode 100644 experiments/stage4/R02/normal/audit/training/06/000416.json
 create mode 100644 experiments/stage4/R02/normal/audit/training/06/000432.json
 create mode 100644 experiments/stage4/R02/normal/audit/training/06/000448.json
 create mode 100644 experiments/stage4/R02/normal/audit/training/06/000464.json
 create mode 100644 experiments/stage4/R02/normal/audit/training/06/000480.json
 create mode 100644 experiments/stage4/R02/normal/audit/training/06/000496.json
 create mode 100644 experiments/stage4/R02/normal/audit/training/06/000512.json
 create mode 100644 experiments/stage4/R02/normal/audit/training/06/000528.json
 create mode 100644 experiments/stage4/R02/normal/audit/training/06/000544.json
 create mode 100644 experiments/stage4/R02/normal/audit/training/06/000560.json
 create mode 100644 experiments/stage4/R02/normal/audit/training/06/000576.json
 create mode 100644 experiments/stage4/R02/normal/audit/training/06/000592.json
 create mode 100644 experiments/stage4/R02/normal/audit/training/06/000608.json
 create mode 100644 experiments/stage4/R02/normal/audit/training/15/000000.json
 create mode 100644 experiments/stage4/R02/normal/audit/training/15/000016.json
 create mode 100644 experiments/stage4/R02/normal/audit/training/15/000032.json
 create mode 100644 experiments/stage4/R02/normal/audit/training/15/000048.json
 create mode 100644 experiments/stage4/R02/normal/audit/training/15/000064.json
 create mode 100644 experiments/stage4/R02/normal/audit/training/15/000080.json
 create mode 100644 experiments/stage4/R02/normal/audit/training/15/000096.json
 create mode 100644 experiments/stage4/R02/normal/audit/training/15/000112.json
 create mode 100644 experiments/stage4/R02/normal/audit/training/15/000128.json
 create mode 100644 experiments/stage4/R02/normal/audit/training/15/000144.json
 create mode 100644 experiments/stage4/R02/normal/audit/training/15/000160.json
 create mode 100644 experiments/stage4/R02/normal/audit/training/15/000176.json
 create mode 100644 experiments/stage4/R02/normal/audit/training/15/000192.json
 create mode 100644 experiments/stage4/R02/normal/audit/training/15/000208.json
 create mode 100644 experiments/stage4/R02/normal/audit/training/15/000224.json
 create mode 100644 experiments/stage4/R02/normal/audit/training/15/000240.json
 create mode 100644 experiments/stage4/R02/normal/audit/training/15/000256.json
 create mode 100644 experiments/stage4/R02/normal/audit/training/15/000272.json
 create mode 100644 experiments/stage4/R02/normal/audit/training/15/000288.json
 create mode 100644 experiments/stage4/R02/normal/audit/training/15/000304.json
 create mode 100644 experiments/stage4/R02/normal/audit/training/15/000320.json
 create mode 100644 experiments/stage4/R02/normal/audit/training/15/000336.json
 create mode 100644 experiments/stage4/R02/normal/audit/training/15/000352.json
 create mode 100644 experiments/stage4/R02/normal/audit/training/15/000368.json
 create mode 100644 experiments/stage4/R02/normal/audit/training/15/000384.json
 create mode 100644 experiments/stage4/R02/normal/audit/training/15/000400.json
 create mode 100644 experiments/stage4/R02/normal/audit/training/15/000416.json
 create mode 100644 experiments/stage4/R02/normal/audit/training/15/000432.json
 create mode 100644 experiments/stage4/R02/normal/audit/training/15/000448.json
 create mode 100644 experiments/stage4/R02/normal/audit/training/15/000464.json
 create mode 100644 experiments/stage4/R02/normal/audit/training/15/000480.json
 create mode 100644 experiments/stage4/R02/normal/audit/training/15/000496.json
 create mode 100644 experiments/stage4/R02/normal/audit/training/15/000512.json
 create mode 100644 experiments/stage4/R02/normal/audit/training/15/000528.json
 create mode 100644 experiments/stage4/R02/normal/audit/training/15/000544.json
 create mode 100644 experiments/stage4/R02/normal/audit/training/15/000560.json
 create mode 100644 experiments/stage4/R02/normal/audit/training/15/000576.json
 create mode 100644 experiments/stage4/R02/normal/audit/training/15/000592.json
 create mode 100644 experiments/stage4/R02/normal/audit/training/15/000608.json
 create mode 100644 experiments/stage4/R02/normal/audit/training/21/000000.json
 create mode 100644 experiments/stage4/R02/normal/audit/training/21/000016.json
 create mode 100644 experiments/stage4/R02/normal/audit/training/21/000032.json
 create mode 100644 experiments/stage4/R02/normal/audit/training/21/000048.json
 create mode 100644 experiments/stage4/R02/normal/audit/training/21/000064.json
 create mode 100644 experiments/stage4/R02/normal/audit/training/21/000080.json
 create mode 100644 experiments/stage4/R02/normal/audit/training/21/000096.json
 create mode 100644 experiments/stage4/R02/normal/audit/training/21/000112.json
 create mode 100644 experiments/stage4/R02/normal/audit/training/21/000128.json
 create mode 100644 experiments/stage4/R02/normal/audit/training/21/000144.json
 create mode 100644 experiments/stage4/R02/normal/audit/training/21/000160.json
 create mode 100644 experiments/stage4/R02/normal/audit/training/21/000176.json
 create mode 100644 experiments/stage4/R02/normal/audit/training/21/000192.json
 create mode 100644 experiments/stage4/R02/normal/audit/training/21/000208.json
 create mode 100644 experiments/stage4/R02/normal/audit/training/21/000224.json
 create mode 100644 experiments/stage4/R02/normal/audit/training/21/000240.json
 create mode 100644 experiments/stage4/R02/normal/audit/training/21/000256.json
 create mode 100644 experiments/stage4/R02/normal/audit/training/21/000272.json
 create mode 100644 experiments/stage4/R02/normal/audit/training/21/000288.json
 create mode 100644 experiments/stage4/R02/normal/audit/training/21/000304.json
 create mode 100644 experiments/stage4/R02/normal/audit/training/21/000320.json
 create mode 100644 experiments/stage4/R02/normal/audit/training/21/000336.json
 create mode 100644 experiments/stage4/R02/normal/audit/training/21/000352.json
 create mode 100644 experiments/stage4/R02/normal/audit/training/21/000368.json
 create mode 100644 experiments/stage4/R02/normal/audit/training/21/000384.json
 create mode 100644 experiments/stage4/R02/normal/audit/training/21/000400.json
 create mode 100644 experiments/stage4/R02/normal/audit/training/21/000416.json
 create mode 100644 experiments/stage4/R02/normal/audit/training/21/000432.json
 create mode 100644 experiments/stage4/R02/normal/audit/training/21/000448.json
 create mode 100644 experiments/stage4/R02/normal/audit/training/21/000464.json
 create mode 100644 experiments/stage4/R02/normal/audit/training/21/000480.json
 create mode 100644 experiments/stage4/R02/normal/audit/training/21/000496.json
 create mode 100644 experiments/stage4/R02/normal/audit/training/21/000512.json
 create mode 100644 experiments/stage4/R02/normal/audit/training/21/000528.json
 create mode 100644 experiments/stage4/R02/normal/audit/training/21/000544.json
 create mode 100644 experiments/stage4/R02/normal/audit/training/21/000560.json
 create mode 100644 experiments/stage4/R02/normal/audit/training/21/000576.json
 create mode 100644 experiments/stage4/R02/normal/audit/training/27/000000.json
 create mode 100644 experiments/stage4/R02/normal/audit/training/27/000016.json
 create mode 100644 experiments/stage4/R02/normal/audit/training/27/000032.json
 create mode 100644 experiments/stage4/R02/normal/audit/training/27/000048.json
 create mode 100644 experiments/stage4/R02/normal/audit/training/27/000064.json
 create mode 100644 experiments/stage4/R02/normal/audit/training/27/000080.json
 create mode 100644 experiments/stage4/R02/normal/audit/training/27/000096.json
 create mode 100644 experiments/stage4/R02/normal/audit/training/27/000112.json
 create mode 100644 experiments/stage4/R02/normal/audit/training/27/000128.json
 create mode 100644 experiments/stage4/R02/normal/audit/training/27/000144.json
 create mode 100644 experiments/stage4/R02/normal/audit/training/27/000160.json
 create mode 100644 experiments/stage4/R02/normal/audit/training/27/000176.json
 create mode 100644 experiments/stage4/R02/normal/audit/training/27/000192.json
 create mode 100644 experiments/stage4/R02/normal/audit/training/27/000208.json
 create mode 100644 experiments/stage4/R02/normal/audit/training/27/000224.json
 create mode 100644 experiments/stage4/R02/normal/audit/training/27/000240.json
 create mode 100644 experiments/stage4/R02/normal/audit/training/27/000256.json
 create mode 100644 experiments/stage4/R02/normal/audit/training/27/000272.json
 create mode 100644 experiments/stage4/R02/normal/audit/training/27/000288.json
 create mode 100644 experiments/stage4/R02/normal/audit/training/27/000304.json
 create mode 100644 experiments/stage4/R02/normal/audit/training/27/000320.json
 create mode 100644 experiments/stage4/R02/normal/audit/training/27/000336.json
 create mode 100644 experiments/stage4/R02/normal/audit/training/27/000352.json
 create mode 100644 experiments/stage4/R02/normal/audit/training/27/000368.json
 create mode 100644 experiments/stage4/R02/normal/audit/training/27/000384.json
 create mode 100644 experiments/stage4/R02/normal/audit/training/27/000400.json
 create mode 100644 experiments/stage4/R02/normal/audit/training/27/000416.json
 create mode 100644 experiments/stage4/R02/normal/audit/training/27/000432.json
 create mode 100644 experiments/stage4/R02/normal/audit/training/27/000448.json
 create mode 100644 experiments/stage4/R02/normal/audit/training/27/000464.json
 create mode 100644 experiments/stage4/R02/normal/audit/training/27/000480.json
 create mode 100644 experiments/stage4/R02/normal/audit/training/27/000496.json
 create mode 100644 experiments/stage4/R02/normal/audit/training/27/000512.json
 create mode 100644 experiments/stage4/R02/normal/audit/training/27/000528.json
 create mode 100644 experiments/stage4/R02/normal/audit/training/27/000544.json
 create mode 100644 experiments/stage4/R02/normal/audit/training/27/000560.json
 create mode 100644 experiments/stage4/R02/normal/audit/training/27/000576.json
 create mode 100644 experiments/stage4/R02/normal/audit_checks/N1/training/03/000000.json
 create mode 100644 experiments/stage4/R02/normal/audit_checks/N1/training/03/000016.json
 create mode 100644 experiments/stage4/R02/normal/audit_checks/N1/training/03/000032.json
 create mode 100644 experiments/stage4/R02/normal/audit_checks/N1/training/03/000048.json
 create mode 100644 experiments/stage4/R02/normal/audit_checks/N1/training/03/000064.json
 create mode 100644 experiments/stage4/R02/normal/audit_checks/N1/training/03/000080.json
 create mode 100644 experiments/stage4/R02/normal/audit_checks/N1/training/03/000096.json
 create mode 100644 experiments/stage4/R02/normal/audit_checks/N1/training/03/000112.json
 create mode 100644 experiments/stage4/R02/normal/audit_checks/N1/training/03/000128.json
 create mode 100644 experiments/stage4/R02/normal/audit_checks/N1/training/03/000144.json
 create mode 100644 experiments/stage4/R02/normal/audit_checks/N1/training/03/000160.json
 create mode 100644 experiments/stage4/R02/normal/audit_checks/N1/training/03/000176.json
 create mode 100644 experiments/stage4/R02/normal/audit_checks/N1/training/03/000192.json
 create mode 100644 experiments/stage4/R02/normal/audit_checks/N1/training/03/000208.json
 create mode 100644 experiments/stage4/R02/normal/audit_checks/N1/training/03/000224.json
 create mode 100644 experiments/stage4/R02/normal/audit_checks/N1/training/03/000240.json
 create mode 100644 experiments/stage4/R02/normal/audit_checks/N1/training/03/000256.json
 create mode 100644 experiments/stage4/R02/normal/audit_checks/N1/training/03/000272.json
 create mode 100644 experiments/stage4/R02/normal/audit_checks/N1/training/03/000288.json
 create mode 100644 experiments/stage4/R02/normal/audit_checks/N1/training/03/000304.json
 create mode 100644 experiments/stage4/R02/normal/audit_checks/N1/training/03/000320.json
 create mode 100644 experiments/stage4/R02/normal/audit_checks/N1/training/03/000336.json
 create mode 100644 experiments/stage4/R02/normal/audit_checks/N1/training/03/000352.json
 create mode 100644 experiments/stage4/R02/normal/audit_checks/N1/training/03/000368.json
 create mode 100644 experiments/stage4/R02/normal/audit_checks/N1/training/03/000384.json
 create mode 100644 experiments/stage4/R02/normal/audit_checks/N1/training/03/000400.json
 create mode 100644 experiments/stage4/R02/normal/audit_checks/N1/training/03/000416.json
 create mode 100644 experiments/stage4/R02/normal/audit_checks/N1/training/03/000432.json
 create mode 100644 experiments/stage4/R02/normal/audit_checks/N1/training/03/000448.json
 create mode 100644 experiments/stage4/R02/normal/audit_checks/N1/training/03/000464.json
 create mode 100644 experiments/stage4/R02/normal/audit_checks/N1/training/03/000480.json
 create mode 100644 experiments/stage4/R02/normal/audit_checks/N1/training/03/000496.json
 create mode 100644 experiments/stage4/R02/normal/audit_checks/N1/training/03/000512.json
 create mode 100644 experiments/stage4/R02/normal/audit_checks/N1/training/03/000528.json
 create mode 100644 experiments/stage4/R02/normal/audit_checks/N1/training/03/000544.json
 create mode 100644 experiments/stage4/R02/normal/audit_checks/N1/training/06/000000.json
 create mode 100644 experiments/stage4/R02/normal/audit_checks/N1/training/06/000016.json
 create mode 100644 experiments/stage4/R02/normal/audit_checks/N1/training/06/000032.json
 create mode 100644 experiments/stage4/R02/normal/audit_checks/N1/training/06/000048.json
 create mode 100644 experiments/stage4/R02/normal/audit_checks/N1/training/06/000064.json
 create mode 100644 experiments/stage4/R02/normal/audit_checks/N1/training/06/000080.json
 create mode 100644 experiments/stage4/R02/normal/audit_checks/N1/training/06/000096.json
 create mode 100644 experiments/stage4/R02/normal/audit_checks/N1/training/06/000112.json
 create mode 100644 experiments/stage4/R02/normal/audit_checks/N1/training/06/000128.json
 create mode 100644 experiments/stage4/R02/normal/audit_checks/N1/training/06/000144.json
 create mode 100644 experiments/stage4/R02/normal/audit_checks/N1/training/06/000160.json
 create mode 100644 experiments/stage4/R02/normal/audit_checks/N1/training/06/000176.json
 create mode 100644 experiments/stage4/R02/normal/audit_checks/N1/training/06/000192.json
 create mode 100644 experiments/stage4/R02/normal/audit_checks/N1/training/06/000208.json
 create mode 100644 experiments/stage4/R02/normal/audit_checks/N1/training/06/000224.json
 create mode 100644 experiments/stage4/R02/normal/audit_checks/N1/training/06/000240.json
 create mode 100644 experiments/stage4/R02/normal/audit_checks/N1/training/06/000256.json
 create mode 100644 experiments/stage4/R02/normal/audit_checks/N1/training/06/000272.json
 create mode 100644 experiments/stage4/R02/normal/audit_checks/N1/training/06/000288.json
 create mode 100644 experiments/stage4/R02/normal/audit_checks/N1/training/06/000304.json
 create mode 100644 experiments/stage4/R02/normal/audit_checks/N1/training/06/000320.json
 create mode 100644 experiments/stage4/R02/normal/audit_checks/N1/training/06/000336.json
 create mode 100644 experiments/stage4/R02/normal/audit_checks/N1/training/06/000352.json
 create mode 100644 experiments/stage4/R02/normal/audit_checks/N1/training/06/000368.json
 create mode 100644 experiments/stage4/R02/normal/audit_checks/N1/training/06/000384.json
 create mode 100644 experiments/stage4/R02/normal/audit_checks/N1/training/06/000400.json
 create mode 100644 experiments/stage4/R02/normal/audit_checks/N1/training/06/000416.json
 create mode 100644 experiments/stage4/R02/normal/audit_checks/N1/training/06/000432.json
 create mode 100644 experiments/stage4/R02/normal/audit_checks/N1/training/06/000448.json
 create mode 100644 experiments/stage4/R02/normal/audit_checks/N1/training/06/000464.json
 create mode 100644 experiments/stage4/R02/normal/audit_checks/N1/training/06/000480.json
 create mode 100644 experiments/stage4/R02/normal/audit_checks/N1/training/06/000496.json
 create mode 100644 experiments/stage4/R02/normal/audit_checks/N1/training/06/000512.json
 create mode 100644 experiments/stage4/R02/normal/audit_checks/N1/training/06/000528.json
 create mode 100644 experiments/stage4/R02/normal/audit_checks/N1/training/06/000544.json
 create mode 100644 experiments/stage4/R02/normal/audit_checks/N1/training/06/000560.json
 create mode 100644 experiments/stage4/R02/normal/audit_checks/N1/training/06/000576.json
 create mode 100644 experiments/stage4/R02/normal/audit_checks/N1/training/06/000592.json
 create mode 100644 experiments/stage4/R02/normal/audit_checks/N1/training/06/000608.json
 create mode 100644 experiments/stage4/R02/normal/audit_checks/N1/training/15/000000.json
 create mode 100644 experiments/stage4/R02/normal/audit_checks/N1/training/15/000016.json
 create mode 100644 experiments/stage4/R02/normal/audit_checks/N1/training/15/000032.json
 create mode 100644 experiments/stage4/R02/normal/audit_checks/N1/training/15/000048.json
 create mode 100644 experiments/stage4/R02/normal/audit_checks/N1/training/15/000064.json
 create mode 100644 experiments/stage4/R02/normal/audit_checks/N1/training/15/000080.json
 create mode 100644 experiments/stage4/R02/normal/audit_checks/N1/training/15/000096.json
 create mode 100644 experiments/stage4/R02/normal/audit_checks/N1/training/15/000112.json
 create mode 100644 experiments/stage4/R02/normal/audit_checks/N1/training/15/000128.json
 create mode 100644 experiments/stage4/R02/normal/audit_checks/N1/training/15/000144.json
 create mode 100644 experiments/stage4/R02/normal/audit_checks/N1/training/15/000160.json
 create mode 100644 experiments/stage4/R02/normal/audit_checks/N1/training/15/000176.json
 create mode 100644 experiments/stage4/R02/normal/audit_checks/N1/training/15/000192.json
 create mode 100644 experiments/stage4/R02/normal/audit_checks/N1/training/15/000208.json
 create mode 100644 experiments/stage4/R02/normal/audit_checks/N1/training/15/000224.json
 create mode 100644 experiments/stage4/R02/normal/audit_checks/N1/training/15/000240.json
 create mode 100644 experiments/stage4/R02/normal/audit_checks/N1/training/15/000256.json
 create mode 100644 experiments/stage4/R02/normal/audit_checks/N1/training/15/000272.json
 create mode 100644 experiments/stage4/R02/normal/audit_checks/N1/training/15/000288.json
 create mode 100644 experiments/stage4/R02/normal/audit_checks/N1/training/15/000304.json
 create mode 100644 experiments/stage4/R02/normal/audit_checks/N1/training/15/000320.json
 create mode 100644 experiments/stage4/R02/normal/audit_checks/N1/training/15/000336.json
 create mode 100644 experiments/stage4/R02/normal/audit_checks/N1/training/15/000352.json
 create mode 100644 experiments/stage4/R02/normal/audit_checks/N1/training/15/000368.json
 create mode 100644 experiments/stage4/R02/normal/audit_checks/N1/training/15/000384.json
 create mode 100644 experiments/stage4/R02/normal/audit_checks/N1/training/15/000400.json
 create mode 100644 experiments/stage4/R02/normal/audit_checks/N1/training/15/000416.json
 create mode 100644 experiments/stage4/R02/normal/audit_checks/N1/training/15/000432.json
 create mode 100644 experiments/stage4/R02/normal/audit_checks/N1/training/15/000448.json
 create mode 100644 experiments/stage4/R02/normal/audit_checks/N1/training/15/000464.json
 create mode 100644 experiments/stage4/R02/normal/audit_checks/N1/training/15/000480.json
 create mode 100644 experiments/stage4/R02/normal/audit_checks/N1/training/15/000496.json
 create mode 100644 experiments/stage4/R02/normal/audit_checks/N1/training/15/000512.json
 create mode 100644 experiments/stage4/R02/normal/audit_checks/N1/training/15/000528.json
 create mode 100644 experiments/stage4/R02/normal/audit_checks/N1/training/15/000544.json
 create mode 100644 experiments/stage4/R02/normal/audit_checks/N1/training/15/000560.json
 create mode 100644 experiments/stage4/R02/normal/audit_checks/N1/training/15/000576.json
 create mode 100644 experiments/stage4/R02/normal/audit_checks/N1/training/15/000592.json
 create mode 100644 experiments/stage4/R02/normal/audit_checks/N1/training/15/000608.json
 create mode 100644 experiments/stage4/R02/normal/audit_checks/N1/training/21/000000.json
 create mode 100644 experiments/stage4/R02/normal/audit_checks/N1/training/21/000016.json
 create mode 100644 experiments/stage4/R02/normal/audit_checks/N1/training/21/000032.json
 create mode 100644 experiments/stage4/R02/normal/audit_checks/N1/training/21/000048.json
 create mode 100644 experiments/stage4/R02/normal/audit_checks/N1/training/21/000064.json
 create mode 100644 experiments/stage4/R02/normal/audit_checks/N1/training/21/000080.json
 create mode 100644 experiments/stage4/R02/normal/audit_checks/N1/training/21/000096.json
 create mode 100644 experiments/stage4/R02/normal/audit_checks/N1/training/21/000112.json
 create mode 100644 experiments/stage4/R02/normal/audit_checks/N1/training/21/000128.json
 create mode 100644 experiments/stage4/R02/normal/audit_checks/N1/training/21/000144.json
 create mode 100644 experiments/stage4/R02/normal/audit_checks/N1/training/21/000160.json
 create mode 100644 experiments/stage4/R02/normal/audit_checks/N1/training/21/000176.json
 create mode 100644 experiments/stage4/R02/normal/audit_checks/N1/training/21/000192.json
 create mode 100644 experiments/stage4/R02/normal/audit_checks/N1/training/21/000208.json
 create mode 100644 experiments/stage4/R02/normal/audit_checks/N1/training/21/000224.json
 create mode 100644 experiments/stage4/R02/normal/audit_checks/N1/training/21/000240.json
 create mode 100644 experiments/stage4/R02/normal/audit_checks/N1/training/21/000256.json
 create mode 100644 experiments/stage4/R02/normal/audit_checks/N1/training/21/000272.json
 create mode 100644 experiments/stage4/R02/normal/audit_checks/N1/training/21/000288.json
 create mode 100644 experiments/stage4/R02/normal/audit_checks/N1/training/21/000304.json
 create mode 100644 experiments/stage4/R02/normal/audit_checks/N1/training/21/000320.json
 create mode 100644 experiments/stage4/R02/normal/audit_checks/N1/training/21/000336.json
 create mode 100644 experiments/stage4/R02/normal/audit_checks/N1/training/21/000352.json
 create mode 100644 experiments/stage4/R02/normal/audit_checks/N1/training/21/000368.json
 create mode 100644 experiments/stage4/R02/normal/audit_checks/N1/training/21/000384.json
 create mode 100644 experiments/stage4/R02/normal/audit_checks/N1/training/21/000400.json
 create mode 100644 experiments/stage4/R02/normal/audit_checks/N1/training/21/000416.json
 create mode 100644 experiments/stage4/R02/normal/audit_checks/N1/training/21/000432.json
 create mode 100644 experiments/stage4/R02/normal/audit_checks/N1/training/21/000448.json
 create mode 100644 experiments/stage4/R02/normal/audit_checks/N1/training/21/000464.json
 create mode 100644 experiments/stage4/R02/normal/audit_checks/N1/training/21/000480.json
 create mode 100644 experiments/stage4/R02/normal/audit_checks/N1/training/21/000496.json
 create mode 100644 experiments/stage4/R02/normal/audit_checks/N1/training/21/000512.json
 create mode 100644 experiments/stage4/R02/normal/audit_checks/N1/training/21/000528.json
 create mode 100644 experiments/stage4/R02/normal/audit_checks/N1/training/21/000544.json
 create mode 100644 experiments/stage4/R02/normal/audit_checks/N1/training/21/000560.json
 create mode 100644 experiments/stage4/R02/normal/audit_checks/N1/training/21/000576.json
 create mode 100644 experiments/stage4/R02/normal/audit_checks/N1/training/27/000000.json
 create mode 100644 experiments/stage4/R02/normal/audit_checks/N1/training/27/000016.json
 create mode 100644 experiments/stage4/R02/normal/audit_checks/N1/training/27/000032.json
 create mode 100644 experiments/stage4/R02/normal/audit_checks/N1/training/27/000048.json
 create mode 100644 experiments/stage4/R02/normal/audit_checks/N1/training/27/000064.json
 create mode 100644 experiments/stage4/R02/normal/audit_checks/N1/training/27/000080.json
 create mode 100644 experiments/stage4/R02/normal/audit_checks/N1/training/27/000096.json
 create mode 100644 experiments/stage4/R02/normal/audit_checks/N1/training/27/000112.json
 create mode 100644 experiments/stage4/R02/normal/audit_checks/N1/training/27/000128.json
 create mode 100644 experiments/stage4/R02/normal/audit_checks/N1/training/27/000144.json
 create mode 100644 experiments/stage4/R02/normal/audit_checks/N1/training/27/000160.json
 create mode 100644 experiments/stage4/R02/normal/audit_checks/N1/training/27/000176.json
 create mode 100644 experiments/stage4/R02/normal/audit_checks/N1/training/27/000192.json
 create mode 100644 experiments/stage4/R02/normal/audit_checks/N1/training/27/000208.json
 create mode 100644 experiments/stage4/R02/normal/audit_checks/N1/training/27/000224.json
 create mode 100644 experiments/stage4/R02/normal/audit_checks/N1/training/27/000240.json
 create mode 100644 experiments/stage4/R02/normal/audit_checks/N1/training/27/000256.json
 create mode 100644 experiments/stage4/R02/normal/audit_checks/N1/training/27/000272.json
 create mode 100644 experiments/stage4/R02/normal/audit_checks/N1/training/27/000288.json
 create mode 100644 experiments/stage4/R02/normal/audit_checks/N1/training/27/000304.json
 create mode 100644 experiments/stage4/R02/normal/audit_checks/N1/training/27/000320.json
 create mode 100644 experiments/stage4/R02/normal/audit_checks/N1/training/27/000336.json
 create mode 100644 experiments/stage4/R02/normal/audit_checks/N1/training/27/000352.json
 create mode 100644 experiments/stage4/R02/normal/audit_checks/N1/training/27/000368.json
 create mode 100644 experiments/stage4/R02/normal/audit_checks/N1/training/27/000384.json
 create mode 100644 experiments/stage4/R02/normal/audit_checks/N1/training/27/000400.json
 create mode 100644 experiments/stage4/R02/normal/audit_checks/N1/training/27/000416.json
 create mode 100644 experiments/stage4/R02/normal/audit_checks/N1/training/27/000432.json
 create mode 100644 experiments/stage4/R02/normal/audit_checks/N1/training/27/000448.json
 create mode 100644 experiments/stage4/R02/normal/audit_checks/N1/training/27/000464.json
 create mode 100644 experiments/stage4/R02/normal/audit_checks/N1/training/27/000480.json
 create mode 100644 experiments/stage4/R02/normal/audit_checks/N1/training/27/000496.json
 create mode 100644 experiments/stage4/R02/normal/audit_checks/N1/training/27/000512.json
 create mode 100644 experiments/stage4/R02/normal/audit_checks/N1/training/27/000528.json
 create mode 100644 experiments/stage4/R02/normal/audit_checks/N1/training/27/000544.json
 create mode 100644 experiments/stage4/R02/normal/audit_checks/N1/training/27/000560.json
 create mode 100644 experiments/stage4/R02/normal/audit_checks/N1/training/27/000576.json
 create mode 100644 experiments/stage4/R02/normal/audit_checks/N2/training/03/000000.json
 create mode 100644 experiments/stage4/R02/normal/audit_checks/N2/training/03/000016.json
 create mode 100644 experiments/stage4/R02/normal/audit_checks/N2/training/03/000032.json
 create mode 100644 experiments/stage4/R02/normal/audit_checks/N2/training/03/000048.json
 create mode 100644 experiments/stage4/R02/normal/audit_checks/N2/training/03/000064.json
 create mode 100644 experiments/stage4/R02/normal/audit_checks/N2/training/03/000080.json
 create mode 100644 experiments/stage4/R02/normal/audit_checks/N2/training/03/000096.json
 create mode 100644 experiments/stage4/R02/normal/audit_checks/N2/training/03/000112.json
 create mode 100644 experiments/stage4/R02/normal/audit_checks/N2/training/03/000128.json
 create mode 100644 experiments/stage4/R02/normal/audit_checks/N2/training/03/000144.json
 create mode 100644 experiments/stage4/R02/normal/audit_checks/N2/training/03/000160.json
 create mode 100644 experiments/stage4/R02/normal/audit_checks/N2/training/03/000176.json
 create mode 100644 experiments/stage4/R02/normal/audit_checks/N2/training/03/000192.json
 create mode 100644 experiments/stage4/R02/normal/audit_checks/N2/training/03/000208.json
 create mode 100644 experiments/stage4/R02/normal/audit_checks/N2/training/03/000224.json
 create mode 100644 experiments/stage4/R02/normal/audit_checks/N2/training/03/000240.json
 create mode 100644 experiments/stage4/R02/normal/audit_checks/N2/training/03/000256.json
 create mode 100644 experiments/stage4/R02/normal/audit_checks/N2/training/03/000272.json
 create mode 100644 experiments/stage4/R02/normal/audit_checks/N2/training/03/000288.json
 create mode 100644 experiments/stage4/R02/normal/audit_checks/N2/training/03/000304.json
 create mode 100644 experiments/stage4/R02/normal/audit_checks/N2/training/03/000320.json
 create mode 100644 experiments/stage4/R02/normal/audit_checks/N2/training/03/000336.json
 create mode 100644 experiments/stage4/R02/normal/audit_checks/N2/training/03/000352.json
 create mode 100644 experiments/stage4/R02/normal/audit_checks/N2/training/03/000368.json
 create mode 100644 experiments/stage4/R02/normal/audit_checks/N2/training/03/000384.json
 create mode 100644 experiments/stage4/R02/normal/audit_checks/N2/training/03/000400.json
 create mode 100644 experiments/stage4/R02/normal/audit_checks/N2/training/03/000416.json
 create mode 100644 experiments/stage4/R02/normal/audit_checks/N2/training/03/000432.json
 create mode 100644 experiments/stage4/R02/normal/audit_checks/N2/training/03/000448.json
 create mode 100644 experiments/stage4/R02/normal/audit_checks/N2/training/03/000464.json
 create mode 100644 experiments/stage4/R02/normal/audit_checks/N2/training/03/000480.json
 create mode 100644 experiments/stage4/R02/normal/audit_checks/N2/training/03/000496.json
 create mode 100644 experiments/stage4/R02/normal/audit_checks/N2/training/03/000512.json
 create mode 100644 experiments/stage4/R02/normal/audit_checks/N2/training/03/000528.json
 create mode 100644 experiments/stage4/R02/normal/audit_checks/N2/training/03/000544.json
 create mode 100644 experiments/stage4/R02/normal/audit_checks/N2/training/06/000000.json
 create mode 100644 experiments/stage4/R02/normal/audit_checks/N2/training/06/000016.json
 create mode 100644 experiments/stage4/R02/normal/audit_checks/N2/training/06/000032.json
 create mode 100644 experiments/stage4/R02/normal/audit_checks/N2/training/06/000048.json
 create mode 100644 experiments/stage4/R02/normal/audit_checks/N2/training/06/000064.json
 create mode 100644 experiments/stage4/R02/normal/audit_checks/N2/training/06/000080.json
 create mode 100644 experiments/stage4/R02/normal/audit_checks/N2/training/06/000096.json
 create mode 100644 experiments/stage4/R02/normal/audit_checks/N2/training/06/000112.json
 create mode 100644 experiments/stage4/R02/normal/audit_checks/N2/training/06/000128.json
 create mode 100644 experiments/stage4/R02/normal/audit_checks/N2/training/06/000144.json
 create mode 100644 experiments/stage4/R02/normal/audit_checks/N2/training/06/000160.json
 create mode 100644 experiments/stage4/R02/normal/audit_checks/N2/training/06/000176.json
 create mode 100644 experiments/stage4/R02/normal/audit_checks/N2/training/06/000192.json
 create mode 100644 experiments/stage4/R02/normal/audit_checks/N2/training/06/000208.json
 create mode 100644 experiments/stage4/R02/normal/audit_checks/N2/training/06/000224.json
 create mode 100644 experiments/stage4/R02/normal/audit_checks/N2/training/06/000240.json
 create mode 100644 experiments/stage4/R02/normal/audit_checks/N2/training/06/000256.json
 create mode 100644 experiments/stage4/R02/normal/audit_checks/N2/training/06/000272.json
 create mode 100644 experiments/stage4/R02/normal/audit_checks/N2/training/06/000288.json
 create mode 100644 experiments/stage4/R02/normal/audit_checks/N2/training/06/000304.json
 create mode 100644 experiments/stage4/R02/normal/audit_checks/N2/training/06/000320.json
 create mode 100644 experiments/stage4/R02/normal/audit_checks/N2/training/06/000336.json
 create mode 100644 experiments/stage4/R02/normal/audit_checks/N2/training/06/000352.json
 create mode 100644 experiments/stage4/R02/normal/audit_checks/N2/training/06/000368.json
 create mode 100644 experiments/stage4/R02/normal/audit_checks/N2/training/06/000384.json
 create mode 100644 experiments/stage4/R02/normal/audit_checks/N2/training/06/000400.json
 create mode 100644 experiments/stage4/R02/normal/audit_checks/N2/training/06/000416.json
 create mode 100644 experiments/stage4/R02/normal/audit_checks/N2/training/06/000432.json
 create mode 100644 experiments/stage4/R02/normal/audit_checks/N2/training/06/000448.json
 create mode 100644 experiments/stage4/R02/normal/audit_checks/N2/training/06/000464.json
 create mode 100644 experiments/stage4/R02/normal/audit_checks/N2/training/06/000480.json
 create mode 100644 experiments/stage4/R02/normal/audit_checks/N2/training/06/000496.json
 create mode 100644 experiments/stage4/R02/normal/audit_checks/N2/training/06/000512.json
 create mode 100644 experiments/stage4/R02/normal/audit_checks/N2/training/06/000528.json
 create mode 100644 experiments/stage4/R02/normal/audit_checks/N2/training/06/000544.json
 create mode 100644 experiments/stage4/R02/normal/audit_checks/N2/training/06/000560.json
 create mode 100644 experiments/stage4/R02/normal/audit_checks/N2/training/06/000576.json
 create mode 100644 experiments/stage4/R02/normal/audit_checks/N2/training/06/000592.json
 create mode 100644 experiments/stage4/R02/normal/audit_checks/N2/training/06/000608.json
 create mode 100644 experiments/stage4/R02/normal/audit_checks/N2/training/15/000000.json
 create mode 100644 experiments/stage4/R02/normal/audit_checks/N2/training/15/000016.json
 create mode 100644 experiments/stage4/R02/normal/audit_checks/N2/training/15/000032.json
 create mode 100644 experiments/stage4/R02/normal/audit_checks/N2/training/15/000048.json
 create mode 100644 experiments/stage4/R02/normal/audit_checks/N2/training/15/000064.json
 create mode 100644 experiments/stage4/R02/normal/audit_checks/N2/training/15/000080.json
 create mode 100644 experiments/stage4/R02/normal/audit_checks/N2/training/15/000096.json
 create mode 100644 experiments/stage4/R02/normal/audit_checks/N2/training/15/000112.json
 create mode 100644 experiments/stage4/R02/normal/audit_checks/N2/training/15/000128.json
 create mode 100644 experiments/stage4/R02/normal/audit_checks/N2/training/15/000144.json
 create mode 100644 experiments/stage4/R02/normal/audit_checks/N2/training/15/000160.json
 create mode 100644 experiments/stage4/R02/normal/audit_checks/N2/training/15/000176.json
 create mode 100644 experiments/stage4/R02/normal/audit_checks/N2/training/15/000192.json
 create mode 100644 experiments/stage4/R02/normal/audit_checks/N2/training/15/000208.json
 create mode 100644 experiments/stage4/R02/normal/audit_checks/N2/training/15/000224.json
 create mode 100644 experiments/stage4/R02/normal/audit_checks/N2/training/15/000240.json
 create mode 100644 experiments/stage4/R02/normal/audit_checks/N2/training/15/000256.json
 create mode 100644 experiments/stage4/R02/normal/audit_checks/N2/training/15/000272.json
 create mode 100644 experiments/stage4/R02/normal/audit_checks/N2/training/15/000288.json
 create mode 100644 experiments/stage4/R02/normal/audit_checks/N2/training/15/000304.json
 create mode 100644 experiments/stage4/R02/normal/audit_checks/N2/training/15/000320.json
 create mode 100644 experiments/stage4/R02/normal/audit_checks/N2/training/15/000336.json
 create mode 100644 experiments/stage4/R02/normal/audit_checks/N2/training/15/000352.json
 create mode 100644 experiments/stage4/R02/normal/audit_checks/N2/training/15/000368.json
 create mode 100644 experiments/stage4/R02/normal/audit_checks/N2/training/15/000384.json
 create mode 100644 experiments/stage4/R02/normal/audit_checks/N2/training/15/000400.json
 create mode 100644 experiments/stage4/R02/normal/audit_checks/N2/training/15/000416.json
 create mode 100644 experiments/stage4/R02/normal/audit_checks/N2/training/15/000432.json
 create mode 100644 experiments/stage4/R02/normal/audit_checks/N2/training/15/000448.json
 create mode 100644 experiments/stage4/R02/normal/audit_checks/N2/training/15/000464.json
 create mode 100644 experiments/stage4/R02/normal/audit_checks/N2/training/15/000480.json
 create mode 100644 experiments/stage4/R02/normal/audit_checks/N2/training/15/000496.json
 create mode 100644 experiments/stage4/R02/normal/audit_checks/N2/training/15/000512.json
 create mode 100644 experiments/stage4/R02/normal/audit_checks/N2/training/15/000528.json
 create mode 100644 experiments/stage4/R02/normal/audit_checks/N2/training/15/000544.json
 create mode 100644 experiments/stage4/R02/normal/audit_checks/N2/training/15/000560.json
 create mode 100644 experiments/stage4/R02/normal/audit_checks/N2/training/15/000576.json
 create mode 100644 experiments/stage4/R02/normal/audit_checks/N2/training/15/000592.json
 create mode 100644 experiments/stage4/R02/normal/audit_checks/N2/training/15/000608.json
 create mode 100644 experiments/stage4/R02/normal/audit_checks/N2/training/21/000000.json
 create mode 100644 experiments/stage4/R02/normal/audit_checks/N2/training/21/000016.json
 create mode 100644 experiments/stage4/R02/normal/audit_checks/N2/training/21/000032.json
 create mode 100644 experiments/stage4/R02/normal/audit_checks/N2/training/21/000048.json
 create mode 100644 experiments/stage4/R02/normal/audit_checks/N2/training/21/000064.json
 create mode 100644 experiments/stage4/R02/normal/audit_checks/N2/training/21/000080.json
 create mode 100644 experiments/stage4/R02/normal/audit_checks/N2/training/21/000096.json
 create mode 100644 experiments/stage4/R02/normal/audit_checks/N2/training/21/000112.json
 create mode 100644 experiments/stage4/R02/normal/audit_checks/N2/training/21/000128.json
 create mode 100644 experiments/stage4/R02/normal/audit_checks/N2/training/21/000144.json
 create mode 100644 experiments/stage4/R02/normal/audit_checks/N2/training/21/000160.json
 create mode 100644 experiments/stage4/R02/normal/audit_checks/N2/training/21/000176.json
 create mode 100644 experiments/stage4/R02/normal/audit_checks/N2/training/21/000192.json
 create mode 100644 experiments/stage4/R02/normal/audit_checks/N2/training/21/000208.json
 create mode 100644 experiments/stage4/R02/normal/audit_checks/N2/training/21/000224.json
 create mode 100644 experiments/stage4/R02/normal/audit_checks/N2/training/21/000240.json
 create mode 100644 experiments/stage4/R02/normal/audit_checks/N2/training/21/000256.json
 create mode 100644 experiments/stage4/R02/normal/audit_checks/N2/training/21/000272.json
 create mode 100644 experiments/stage4/R02/normal/audit_checks/N2/training/21/000288.json
 create mode 100644 experiments/stage4/R02/normal/audit_checks/N2/training/21/000304.json
 create mode 100644 experiments/stage4/R02/normal/audit_checks/N2/training/21/000320.json
 create mode 100644 experiments/stage4/R02/normal/audit_checks/N2/training/21/000336.json
 create mode 100644 experiments/stage4/R02/normal/audit_checks/N2/training/21/000352.json
 create mode 100644 experiments/stage4/R02/normal/audit_checks/N2/training/21/000368.json
 create mode 100644 experiments/stage4/R02/normal/audit_checks/N2/training/21/000384.json
 create mode 100644 experiments/stage4/R02/normal/audit_checks/N2/training/21/000400.json
 create mode 100644 experiments/stage4/R02/normal/audit_checks/N2/training/21/000416.json
 create mode 100644 experiments/stage4/R02/normal/audit_checks/N2/training/21/000432.json
 create mode 100644 experiments/stage4/R02/normal/audit_checks/N2/training/21/000448.json
 create mode 100644 experiments/stage4/R02/normal/audit_checks/N2/training/21/000464.json
 create mode 100644 experiments/stage4/R02/normal/audit_checks/N2/training/21/000480.json
 create mode 100644 experiments/stage4/R02/normal/audit_checks/N2/training/21/000496.json
 create mode 100644 experiments/stage4/R02/normal/audit_checks/N2/training/21/000512.json
 create mode 100644 experiments/stage4/R02/normal/audit_checks/N2/training/21/000528.json
 create mode 100644 experiments/stage4/R02/normal/audit_checks/N2/training/21/000544.json
 create mode 100644 experiments/stage4/R02/normal/audit_checks/N2/training/21/000560.json
 create mode 100644 experiments/stage4/R02/normal/audit_checks/N2/training/21/000576.json
 create mode 100644 experiments/stage4/R02/normal/audit_checks/N2/training/27/000000.json
 create mode 100644 experiments/stage4/R02/normal/audit_checks/N2/training/27/000016.json
 create mode 100644 experiments/stage4/R02/normal/audit_checks/N2/training/27/000032.json
 create mode 100644 experiments/stage4/R02/normal/audit_checks/N2/training/27/000048.json
 create mode 100644 experiments/stage4/R02/normal/audit_checks/N2/training/27/000064.json
 create mode 100644 experiments/stage4/R02/normal/audit_checks/N2/training/27/000080.json
 create mode 100644 experiments/stage4/R02/normal/audit_checks/N2/training/27/000096.json
 create mode 100644 experiments/stage4/R02/normal/audit_checks/N2/training/27/000112.json
 create mode 100644 experiments/stage4/R02/normal/audit_checks/N2/training/27/000128.json
 create mode 100644 experiments/stage4/R02/normal/audit_checks/N2/training/27/000144.json
 create mode 100644 experiments/stage4/R02/normal/audit_checks/N2/training/27/000160.json
 create mode 100644 experiments/stage4/R02/normal/audit_checks/N2/training/27/000176.json
 create mode 100644 experiments/stage4/R02/normal/audit_checks/N2/training/27/000192.json
 create mode 100644 experiments/stage4/R02/normal/audit_checks/N2/training/27/000208.json
 create mode 100644 experiments/stage4/R02/normal/audit_checks/N2/training/27/000224.json
 create mode 100644 experiments/stage4/R02/normal/audit_checks/N2/training/27/000240.json
 create mode 100644 experiments/stage4/R02/normal/audit_checks/N2/training/27/000256.json
 create mode 100644 experiments/stage4/R02/normal/audit_checks/N2/training/27/000272.json
 create mode 100644 experiments/stage4/R02/normal/audit_checks/N2/training/27/000288.json
 create mode 100644 experiments/stage4/R02/normal/audit_checks/N2/training/27/000304.json
 create mode 100644 experiments/stage4/R02/normal/audit_checks/N2/training/27/000320.json
 create mode 100644 experiments/stage4/R02/normal/audit_checks/N2/training/27/000336.json
 create mode 100644 experiments/stage4/R02/normal/audit_checks/N2/training/27/000352.json
 create mode 100644 experiments/stage4/R02/normal/audit_checks/N2/training/27/000368.json
 create mode 100644 experiments/stage4/R02/normal/audit_checks/N2/training/27/000384.json
 create mode 100644 experiments/stage4/R02/normal/audit_checks/N2/training/27/000400.json
 create mode 100644 experiments/stage4/R02/normal/audit_checks/N2/training/27/000416.json
 create mode 100644 experiments/stage4/R02/normal/audit_checks/N2/training/27/000432.json
 create mode 100644 experiments/stage4/R02/normal/audit_checks/N2/training/27/000448.json
 create mode 100644 experiments/stage4/R02/normal/audit_checks/N2/training/27/000464.json
 create mode 100644 experiments/stage4/R02/normal/audit_checks/N2/training/27/000480.json
 create mode 100644 experiments/stage4/R02/normal/audit_checks/N2/training/27/000496.json
 create mode 100644 experiments/stage4/R02/normal/audit_checks/N2/training/27/000512.json
 create mode 100644 experiments/stage4/R02/normal/audit_checks/N2/training/27/000528.json
 create mode 100644 experiments/stage4/R02/normal/audit_checks/N2/training/27/000544.json
 create mode 100644 experiments/stage4/R02/normal/audit_checks/N2/training/27/000560.json
 create mode 100644 experiments/stage4/R02/normal/audit_checks/N2/training/27/000576.json
 create mode 100644 experiments/stage4/R02/normal/audit_checks/N3/training/03/000000.json
 create mode 100644 experiments/stage4/R02/normal/audit_checks/N3/training/03/000016.json
 create mode 100644 experiments/stage4/R02/normal/audit_checks/N3/training/03/000032.json
 create mode 100644 experiments/stage4/R02/normal/audit_checks/N3/training/03/000048.json
 create mode 100644 experiments/stage4/R02/normal/audit_checks/N3/training/03/000064.json
 create mode 100644 experiments/stage4/R02/normal/audit_checks/N3/training/03/000080.json
 create mode 100644 experiments/stage4/R02/normal/audit_checks/N3/training/03/000096.json
 create mode 100644 experiments/stage4/R02/normal/audit_checks/N3/training/03/000112.json
 create mode 100644 experiments/stage4/R02/normal/audit_checks/N3/training/03/000128.json
 create mode 100644 experiments/stage4/R02/normal/audit_checks/N3/training/03/000144.json
 create mode 100644 experiments/stage4/R02/normal/audit_checks/N3/training/03/000160.json
 create mode 100644 experiments/stage4/R02/normal/audit_checks/N3/training/03/000176.json
 create mode 100644 experiments/stage4/R02/normal/audit_checks/N3/training/03/000192.json
 create mode 100644 experiments/stage4/R02/normal/audit_checks/N3/training/03/000208.json
 create mode 100644 experiments/stage4/R02/normal/audit_checks/N3/training/03/000224.json
 create mode 100644 experiments/stage4/R02/normal/audit_checks/N3/training/03/000240.json
 create mode 100644 experiments/stage4/R02/normal/audit_checks/N3/training/03/000256.json
 create mode 100644 experiments/stage4/R02/normal/audit_checks/N3/training/03/000272.json
 create mode 100644 experiments/stage4/R02/normal/audit_checks/N3/training/03/000288.json
 create mode 100644 experiments/stage4/R02/normal/audit_checks/N3/training/03/000304.json
 create mode 100644 experiments/stage4/R02/normal/audit_checks/N3/training/03/000320.json
 create mode 100644 experiments/stage4/R02/normal/audit_checks/N3/training/03/000336.json
 create mode 100644 experiments/stage4/R02/normal/audit_checks/N3/training/03/000352.json
 create mode 100644 experiments/stage4/R02/normal/audit_checks/N3/training/03/000368.json
 create mode 100644 experiments/stage4/R02/normal/audit_checks/N3/training/03/000384.json
 create mode 100644 experiments/stage4/R02/normal/audit_checks/N3/training/03/000400.json
 create mode 100644 experiments/stage4/R02/normal/audit_checks/N3/training/03/000416.json
 create mode 100644 experiments/stage4/R02/normal/audit_checks/N3/training/03/000432.json
 create mode 100644 experiments/stage4/R02/normal/audit_checks/N3/training/03/000448.json
 create mode 100644 experiments/stage4/R02/normal/audit_checks/N3/training/03/000464.json
 create mode 100644 experiments/stage4/R02/normal/audit_checks/N3/training/03/000480.json
 create mode 100644 experiments/stage4/R02/normal/audit_checks/N3/training/03/000496.json
 create mode 100644 experiments/stage4/R02/normal/audit_checks/N3/training/03/000512.json
 create mode 100644 experiments/stage4/R02/normal/audit_checks/N3/training/03/000528.json
 create mode 100644 experiments/stage4/R02/normal/audit_checks/N3/training/03/000544.json
 create mode 100644 experiments/stage4/R02/normal/audit_checks/N3/training/06/000000.json
 create mode 100644 experiments/stage4/R02/normal/audit_checks/N3/training/06/000016.json
 create mode 100644 experiments/stage4/R02/normal/audit_checks/N3/training/06/000032.json
 create mode 100644 experiments/stage4/R02/normal/audit_checks/N3/training/06/000048.json
 create mode 100644 experiments/stage4/R02/normal/audit_checks/N3/training/06/000064.json
 create mode 100644 experiments/stage4/R02/normal/audit_checks/N3/training/06/000080.json
 create mode 100644 experiments/stage4/R02/normal/audit_checks/N3/training/06/000096.json
 create mode 100644 experiments/stage4/R02/normal/audit_checks/N3/training/06/000112.json
 create mode 100644 experiments/stage4/R02/normal/audit_checks/N3/training/06/000128.json
 create mode 100644 experiments/stage4/R02/normal/audit_checks/N3/training/06/000144.json
 create mode 100644 experiments/stage4/R02/normal/audit_checks/N3/training/06/000160.json
 create mode 100644 experiments/stage4/R02/normal/audit_checks/N3/training/06/000176.json
 create mode 100644 experiments/stage4/R02/normal/audit_checks/N3/training/06/000192.json
 create mode 100644 experiments/stage4/R02/normal/audit_checks/N3/training/06/000208.json
 create mode 100644 experiments/stage4/R02/normal/audit_checks/N3/training/06/000224.json
 create mode 100644 experiments/stage4/R02/normal/audit_checks/N3/training/06/000240.json
 create mode 100644 experiments/stage4/R02/normal/audit_checks/N3/training/06/000256.json
 create mode 100644 experiments/stage4/R02/normal/audit_checks/N3/training/06/000272.json
 create mode 100644 experiments/stage4/R02/normal/audit_checks/N3/training/06/000288.json
 create mode 100644 experiments/stage4/R02/normal/audit_checks/N3/training/06/000304.json
 create mode 100644 experiments/stage4/R02/normal/audit_checks/N3/training/06/000320.json
 create mode 100644 experiments/stage4/R02/normal/audit_checks/N3/training/06/000336.json
 create mode 100644 experiments/stage4/R02/normal/audit_checks/N3/training/06/000352.json
 create mode 100644 experiments/stage4/R02/normal/audit_checks/N3/training/06/000368.json
 create mode 100644 experiments/stage4/R02/normal/audit_checks/N3/training/06/000384.json
 create mode 100644 experiments/stage4/R02/normal/audit_checks/N3/training/06/000400.json
 create mode 100644 experiments/stage4/R02/normal/audit_checks/N3/training/06/000416.json
 create mode 100644 experiments/stage4/R02/normal/audit_checks/N3/training/06/000432.json
 create mode 100644 experiments/stage4/R02/normal/audit_checks/N3/training/06/000448.json
 create mode 100644 experiments/stage4/R02/normal/audit_checks/N3/training/06/000464.json
 create mode 100644 experiments/stage4/R02/normal/audit_checks/N3/training/06/000480.json
 create mode 100644 experiments/stage4/R02/normal/audit_checks/N3/training/06/000496.json
 create mode 100644 experiments/stage4/R02/normal/audit_checks/N3/training/06/000512.json
 create mode 100644 experiments/stage4/R02/normal/audit_checks/N3/training/06/000528.json
 create mode 100644 experiments/stage4/R02/normal/audit_checks/N3/training/06/000544.json
 create mode 100644 experiments/stage4/R02/normal/audit_checks/N3/training/06/000560.json
 create mode 100644 experiments/stage4/R02/normal/audit_checks/N3/training/06/000576.json
 create mode 100644 experiments/stage4/R02/normal/audit_checks/N3/training/06/000592.json
 create mode 100644 experiments/stage4/R02/normal/audit_checks/N3/training/06/000608.json
 create mode 100644 experiments/stage4/R02/normal/audit_checks/N3/training/15/000000.json
 create mode 100644 experiments/stage4/R02/normal/audit_checks/N3/training/15/000016.json
 create mode 100644 experiments/stage4/R02/normal/audit_checks/N3/training/15/000032.json
 create mode 100644 experiments/stage4/R02/normal/audit_checks/N3/training/15/000048.json
 create mode 100644 experiments/stage4/R02/normal/audit_checks/N3/training/15/000064.json
 create mode 100644 experiments/stage4/R02/normal/audit_checks/N3/training/15/000080.json
 create mode 100644 experiments/stage4/R02/normal/audit_checks/N3/training/15/000096.json
 create mode 100644 experiments/stage4/R02/normal/audit_checks/N3/training/15/000112.json
 create mode 100644 experiments/stage4/R02/normal/audit_checks/N3/training/15/000128.json
 create mode 100644 experiments/stage4/R02/normal/audit_checks/N3/training/15/000144.json
 create mode 100644 experiments/stage4/R02/normal/audit_checks/N3/training/15/000160.json
 create mode 100644 experiments/stage4/R02/normal/audit_checks/N3/training/15/000176.json
 create mode 100644 experiments/stage4/R02/normal/audit_checks/N3/training/15/000192.json
 create mode 100644 experiments/stage4/R02/normal/audit_checks/N3/training/15/000208.json
 create mode 100644 experiments/stage4/R02/normal/audit_checks/N3/training/15/000224.json
 create mode 100644 experiments/stage4/R02/normal/audit_checks/N3/training/15/000240.json
 create mode 100644 experiments/stage4/R02/normal/audit_checks/N3/training/15/000256.json
 create mode 100644 experiments/stage4/R02/normal/audit_checks/N3/training/15/000272.json
 create mode 100644 experiments/stage4/R02/normal/audit_checks/N3/training/15/000288.json
 create mode 100644 experiments/stage4/R02/normal/audit_checks/N3/training/15/000304.json
 create mode 100644 experiments/stage4/R02/normal/audit_checks/N3/training/15/000320.json
 create mode 100644 experiments/stage4/R02/normal/audit_checks/N3/training/15/000336.json
 create mode 100644 experiments/stage4/R02/normal/audit_checks/N3/training/15/000352.json
 create mode 100644 experiments/stage4/R02/normal/audit_checks/N3/training/15/000368.json
 create mode 100644 experiments/stage4/R02/normal/audit_checks/N3/training/15/000384.json
 create mode 100644 experiments/stage4/R02/normal/audit_checks/N3/training/15/000400.json
 create mode 100644 experiments/stage4/R02/normal/audit_checks/N3/training/15/000416.json
 create mode 100644 experiments/stage4/R02/normal/audit_checks/N3/training/15/000432.json
 create mode 100644 experiments/stage4/R02/normal/audit_checks/N3/training/15/000448.json
 create mode 100644 experiments/stage4/R02/normal/audit_checks/N3/training/15/000464.json
 create mode 100644 experiments/stage4/R02/normal/audit_checks/N3/training/15/000480.json
 create mode 100644 experiments/stage4/R02/normal/audit_checks/N3/training/15/000496.json
 create mode 100644 experiments/stage4/R02/normal/audit_checks/N3/training/15/000512.json
 create mode 100644 experiments/stage4/R02/normal/audit_checks/N3/training/15/000528.json
 create mode 100644 experiments/stage4/R02/normal/audit_checks/N3/training/15/000544.json
 create mode 100644 experiments/stage4/R02/normal/audit_checks/N3/training/15/000560.json
 create mode 100644 experiments/stage4/R02/normal/audit_checks/N3/training/15/000576.json
 create mode 100644 experiments/stage4/R02/normal/audit_checks/N3/training/15/000592.json
 create mode 100644 experiments/stage4/R02/normal/audit_checks/N3/training/15/000608.json
 create mode 100644 experiments/stage4/R02/normal/audit_checks/N3/training/21/000000.json
 create mode 100644 experiments/stage4/R02/normal/audit_checks/N3/training/21/000016.json
 create mode 100644 experiments/stage4/R02/normal/audit_checks/N3/training/21/000032.json
 create mode 100644 experiments/stage4/R02/normal/audit_checks/N3/training/21/000048.json
 create mode 100644 experiments/stage4/R02/normal/audit_checks/N3/training/21/000064.json
 create mode 100644 experiments/stage4/R02/normal/audit_checks/N3/training/21/000080.json
 create mode 100644 experiments/stage4/R02/normal/audit_checks/N3/training/21/000096.json
 create mode 100644 experiments/stage4/R02/normal/audit_checks/N3/training/21/000112.json
 create mode 100644 experiments/stage4/R02/normal/audit_checks/N3/training/21/000128.json
 create mode 100644 experiments/stage4/R02/normal/audit_checks/N3/training/21/000144.json
 create mode 100644 experiments/stage4/R02/normal/audit_checks/N3/training/21/000160.json
 create mode 100644 experiments/stage4/R02/normal/audit_checks/N3/training/21/000176.json
 create mode 100644 experiments/stage4/R02/normal/audit_checks/N3/training/21/000192.json
 create mode 100644 experiments/stage4/R02/normal/audit_checks/N3/training/21/000208.json
 create mode 100644 experiments/stage4/R02/normal/audit_checks/N3/training/21/000224.json
 create mode 100644 experiments/stage4/R02/normal/audit_checks/N3/training/21/000240.json
 create mode 100644 experiments/stage4/R02/normal/audit_checks/N3/training/21/000256.json
 create mode 100644 experiments/stage4/R02/normal/audit_checks/N3/training/21/000272.json
 create mode 100644 experiments/stage4/R02/normal/audit_checks/N3/training/21/000288.json
 create mode 100644 experiments/stage4/R02/normal/audit_checks/N3/training/21/000304.json
 create mode 100644 experiments/stage4/R02/normal/audit_checks/N3/training/21/000320.json
 create mode 100644 experiments/stage4/R02/normal/audit_checks/N3/training/21/000336.json
 create mode 100644 experiments/stage4/R02/normal/audit_checks/N3/training/21/000352.json
 create mode 100644 experiments/stage4/R02/normal/audit_checks/N3/training/21/000368.json
 create mode 100644 experiments/stage4/R02/normal/audit_checks/N3/training/21/000384.json
 create mode 100644 experiments/stage4/R02/normal/audit_checks/N3/training/21/000400.json
 create mode 100644 experiments/stage4/R02/normal/audit_checks/N3/training/21/000416.json
 create mode 100644 experiments/stage4/R02/normal/audit_checks/N3/training/21/000432.json
 create mode 100644 experiments/stage4/R02/normal/audit_checks/N3/training/21/000448.json
 create mode 100644 experiments/stage4/R02/normal/audit_checks/N3/training/21/000464.json
 create mode 100644 experiments/stage4/R02/normal/audit_checks/N3/training/21/000480.json
 create mode 100644 experiments/stage4/R02/normal/audit_checks/N3/training/21/000496.json
 create mode 100644 experiments/stage4/R02/normal/audit_checks/N3/training/21/000512.json
 create mode 100644 experiments/stage4/R02/normal/audit_checks/N3/training/21/000528.json
 create mode 100644 experiments/stage4/R02/normal/audit_checks/N3/training/21/000544.json
 create mode 100644 experiments/stage4/R02/normal/audit_checks/N3/training/21/000560.json
 create mode 100644 experiments/stage4/R02/normal/audit_checks/N3/training/21/000576.json
 create mode 100644 experiments/stage4/R02/normal/audit_checks/N3/training/27/000000.json
 create mode 100644 experiments/stage4/R02/normal/audit_checks/N3/training/27/000016.json
 create mode 100644 experiments/stage4/R02/normal/audit_checks/N3/training/27/000032.json
 create mode 100644 experiments/stage4/R02/normal/audit_checks/N3/training/27/000048.json
 create mode 100644 experiments/stage4/R02/normal/audit_checks/N3/training/27/000064.json
 create mode 100644 experiments/stage4/R02/normal/audit_checks/N3/training/27/000080.json
 create mode 100644 experiments/stage4/R02/normal/audit_checks/N3/training/27/000096.json
 create mode 100644 experiments/stage4/R02/normal/audit_checks/N3/training/27/000112.json
 create mode 100644 experiments/stage4/R02/normal/audit_checks/N3/training/27/000128.json
 create mode 100644 experiments/stage4/R02/normal/audit_checks/N3/training/27/000144.json
 create mode 100644 experiments/stage4/R02/normal/audit_checks/N3/training/27/000160.json
 create mode 100644 experiments/stage4/R02/normal/audit_checks/N3/training/27/000176.json
 create mode 100644 experiments/stage4/R02/normal/audit_checks/N3/training/27/000192.json
 create mode 100644 experiments/stage4/R02/normal/audit_checks/N3/training/27/000208.json
 create mode 100644 experiments/stage4/R02/normal/audit_checks/N3/training/27/000224.json
 create mode 100644 experiments/stage4/R02/normal/audit_checks/N3/training/27/000240.json
 create mode 100644 experiments/stage4/R02/normal/audit_checks/N3/training/27/000256.json
 create mode 100644 experiments/stage4/R02/normal/audit_checks/N3/training/27/000272.json
 create mode 100644 experiments/stage4/R02/normal/audit_checks/N3/training/27/000288.json
 create mode 100644 experiments/stage4/R02/normal/audit_checks/N3/training/27/000304.json
 create mode 100644 experiments/stage4/R02/normal/audit_checks/N3/training/27/000320.json
 create mode 100644 experiments/stage4/R02/normal/audit_checks/N3/training/27/000336.json
 create mode 100644 experiments/stage4/R02/normal/audit_checks/N3/training/27/000352.json
 create mode 100644 experiments/stage4/R02/normal/audit_checks/N3/training/27/000368.json
 create mode 100644 experiments/stage4/R02/normal/audit_checks/N3/training/27/000384.json
 create mode 100644 experiments/stage4/R02/normal/audit_checks/N3/training/27/000400.json
 create mode 100644 experiments/stage4/R02/normal/audit_checks/N3/training/27/000416.json
 create mode 100644 experiments/stage4/R02/normal/audit_checks/N3/training/27/000432.json
 create mode 100644 experiments/stage4/R02/normal/audit_checks/N3/training/27/000448.json
 create mode 100644 experiments/stage4/R02/normal/audit_checks/N3/training/27/000464.json
 create mode 100644 experiments/stage4/R02/normal/audit_checks/N3/training/27/000480.json
 create mode 100644 experiments/stage4/R02/normal/audit_checks/N3/training/27/000496.json
 create mode 100644 experiments/stage4/R02/normal/audit_checks/N3/training/27/000512.json
 create mode 100644 experiments/stage4/R02/normal/audit_checks/N3/training/27/000528.json
 create mode 100644 experiments/stage4/R02/normal/audit_checks/N3/training/27/000544.json
 create mode 100644 experiments/stage4/R02/normal/audit_checks/N3/training/27/000560.json
 create mode 100644 experiments/stage4/R02/normal/audit_checks/N3/training/27/000576.json
 create mode 100644 experiments/stage4/R02/normal/audit_checks/N4/training/03/000000.json
 create mode 100644 experiments/stage4/R02/normal/audit_checks/N4/training/03/000016.json
 create mode 100644 experiments/stage4/R02/normal/audit_checks/N4/training/03/000032.json
 create mode 100644 experiments/stage4/R02/normal/audit_checks/N4/training/03/000048.json
 create mode 100644 experiments/stage4/R02/normal/audit_checks/N4/training/03/000064.json
 create mode 100644 experiments/stage4/R02/normal/audit_checks/N4/training/03/000080.json
 create mode 100644 experiments/stage4/R02/normal/audit_checks/N4/training/03/000096.json
 create mode 100644 experiments/stage4/R02/normal/audit_checks/N4/training/03/000112.json
 create mode 100644 experiments/stage4/R02/normal/audit_checks/N4/training/03/000128.json
 create mode 100644 experiments/stage4/R02/normal/audit_checks/N4/training/03/000144.json
 create mode 100644 experiments/stage4/R02/normal/audit_checks/N4/training/03/000160.json
 create mode 100644 experiments/stage4/R02/normal/audit_checks/N4/training/03/000176.json
 create mode 100644 experiments/stage4/R02/normal/audit_checks/N4/training/03/000192.json
 create mode 100644 experiments/stage4/R02/normal/audit_checks/N4/training/03/000208.json
 create mode 100644 experiments/stage4/R02/normal/audit_checks/N4/training/03/000224.json
 create mode 100644 experiments/stage4/R02/normal/audit_checks/N4/training/03/000240.json
 create mode 100644 experiments/stage4/R02/normal/audit_checks/N4/training/03/000256.json
 create mode 100644 experiments/stage4/R02/normal/audit_checks/N4/training/03/000272.json
 create mode 100644 experiments/stage4/R02/normal/audit_checks/N4/training/03/000288.json
 create mode 100644 experiments/stage4/R02/normal/audit_checks/N4/training/03/000304.json
 create mode 100644 experiments/stage4/R02/normal/audit_checks/N4/training/03/000320.json
 create mode 100644 experiments/stage4/R02/normal/audit_checks/N4/training/03/000336.json
 create mode 100644 experiments/stage4/R02/normal/audit_checks/N4/training/03/000352.json
 create mode 100644 experiments/stage4/R02/normal/audit_checks/N4/training/03/000368.json
 create mode 100644 experiments/stage4/R02/normal/audit_checks/N4/training/03/000384.json
 create mode 100644 experiments/stage4/R02/normal/audit_checks/N4/training/03/000400.json
 create mode 100644 experiments/stage4/R02/normal/audit_checks/N4/training/03/000416.json
 create mode 100644 experiments/stage4/R02/normal/audit_checks/N4/training/03/000432.json
 create mode 100644 experiments/stage4/R02/normal/audit_checks/N4/training/03/000448.json
 create mode 100644 experiments/stage4/R02/normal/audit_checks/N4/training/03/000464.json
 create mode 100644 experiments/stage4/R02/normal/audit_checks/N4/training/03/000480.json
 create mode 100644 experiments/stage4/R02/normal/audit_checks/N4/training/03/000496.json
 create mode 100644 experiments/stage4/R02/normal/audit_checks/N4/training/03/000512.json
 create mode 100644 experiments/stage4/R02/normal/audit_checks/N4/training/03/000528.json
 create mode 100644 experiments/stage4/R02/normal/audit_checks/N4/training/03/000544.json
 create mode 100644 experiments/stage4/R02/normal/audit_checks/N4/training/06/000000.json
 create mode 100644 experiments/stage4/R02/normal/audit_checks/N4/training/06/000016.json
 create mode 100644 experiments/stage4/R02/normal/audit_checks/N4/training/06/000032.json
 create mode 100644 experiments/stage4/R02/normal/audit_checks/N4/training/06/000048.json
 create mode 100644 experiments/stage4/R02/normal/audit_checks/N4/training/06/000064.json
 create mode 100644 experiments/stage4/R02/normal/audit_checks/N4/training/06/000080.json
 create mode 100644 experiments/stage4/R02/normal/audit_checks/N4/training/06/000096.json
 create mode 100644 experiments/stage4/R02/normal/audit_checks/N4/training/06/000112.json
 create mode 100644 experiments/stage4/R02/normal/audit_checks/N4/training/06/000128.json
 create mode 100644 experiments/stage4/R02/normal/audit_checks/N4/training/06/000144.json
 create mode 100644 experiments/stage4/R02/normal/audit_checks/N4/training/06/000160.json
 create mode 100644 experiments/stage4/R02/normal/audit_checks/N4/training/06/000176.json
 create mode 100644 experiments/stage4/R02/normal/audit_checks/N4/training/06/000192.json
 create mode 100644 experiments/stage4/R02/normal/audit_checks/N4/training/06/000208.json
 create mode 100644 experiments/stage4/R02/normal/audit_checks/N4/training/06/000224.json
 create mode 100644 experiments/stage4/R02/normal/audit_checks/N4/training/06/000240.json
 create mode 100644 experiments/stage4/R02/normal/audit_checks/N4/training/06/000256.json
 create mode 100644 experiments/stage4/R02/normal/audit_checks/N4/training/06/000272.json
 create mode 100644 experiments/stage4/R02/normal/audit_checks/N4/training/06/000288.json
 create mode 100644 experiments/stage4/R02/normal/audit_checks/N4/training/06/000304.json
 create mode 100644 experiments/stage4/R02/normal/audit_checks/N4/training/06/000320.json
 create mode 100644 experiments/stage4/R02/normal/audit_checks/N4/training/06/000336.json
 create mode 100644 experiments/stage4/R02/normal/audit_checks/N4/training/06/000352.json
 create mode 100644 experiments/stage4/R02/normal/audit_checks/N4/training/06/000368.json
 create mode 100644 experiments/stage4/R02/normal/audit_checks/N4/training/06/000384.json
 create mode 100644 experiments/stage4/R02/normal/audit_checks/N4/training/06/000400.json
 create mode 100644 experiments/stage4/R02/normal/audit_checks/N4/training/06/000416.json
 create mode 100644 experiments/stage4/R02/normal/audit_checks/N4/training/06/000432.json
 create mode 100644 experiments/stage4/R02/normal/audit_checks/N4/training/06/000448.json
 create mode 100644 experiments/stage4/R02/normal/audit_checks/N4/training/06/000464.json
 create mode 100644 experiments/stage4/R02/normal/audit_checks/N4/training/06/000480.json
 create mode 100644 experiments/stage4/R02/normal/audit_checks/N4/training/06/000496.json
 create mode 100644 experiments/stage4/R02/normal/audit_checks/N4/training/06/000512.json
 create mode 100644 experiments/stage4/R02/normal/audit_checks/N4/training/06/000528.json
 create mode 100644 experiments/stage4/R02/normal/audit_checks/N4/training/06/000544.json
 create mode 100644 experiments/stage4/R02/normal/audit_checks/N4/training/06/000560.json
 create mode 100644 experiments/stage4/R02/normal/audit_checks/N4/training/06/000576.json
 create mode 100644 experiments/stage4/R02/normal/audit_checks/N4/training/06/000592.json
 create mode 100644 experiments/stage4/R02/normal/audit_checks/N4/training/06/000608.json
 create mode 100644 experiments/stage4/R02/normal/audit_checks/N4/training/15/000000.json
 create mode 100644 experiments/stage4/R02/normal/audit_checks/N4/training/15/000016.json
 create mode 100644 experiments/stage4/R02/normal/audit_checks/N4/training/15/000032.json
 create mode 100644 experiments/stage4/R02/normal/audit_checks/N4/training/15/000048.json
 create mode 100644 experiments/stage4/R02/normal/audit_checks/N4/training/15/000064.json
 create mode 100644 experiments/stage4/R02/normal/audit_checks/N4/training/15/000080.json
 create mode 100644 experiments/stage4/R02/normal/audit_checks/N4/training/15/000096.json
 create mode 100644 experiments/stage4/R02/normal/audit_checks/N4/training/15/000112.json
 create mode 100644 experiments/stage4/R02/normal/audit_checks/N4/training/15/000128.json
 create mode 100644 experiments/stage4/R02/normal/audit_checks/N4/training/15/000144.json
 create mode 100644 experiments/stage4/R02/normal/audit_checks/N4/training/15/000160.json
 create mode 100644 experiments/stage4/R02/normal/audit_checks/N4/training/15/000176.json
 create mode 100644 experiments/stage4/R02/normal/audit_checks/N4/training/15/000192.json
 create mode 100644 experiments/stage4/R02/normal/audit_checks/N4/training/15/000208.json
 create mode 100644 experiments/stage4/R02/normal/audit_checks/N4/training/15/000224.json
 create mode 100644 experiments/stage4/R02/normal/audit_checks/N4/training/15/000240.json
 create mode 100644 experiments/stage4/R02/normal/audit_checks/N4/training/15/000256.json
 create mode 100644 experiments/stage4/R02/normal/audit_checks/N4/training/15/000272.json
 create mode 100644 experiments/stage4/R02/normal/audit_checks/N4/training/15/000288.json
 create mode 100644 experiments/stage4/R02/normal/audit_checks/N4/training/15/000304.json
 create mode 100644 experiments/stage4/R02/normal/audit_checks/N4/training/15/000320.json
 create mode 100644 experiments/stage4/R02/normal/audit_checks/N4/training/15/000336.json
 create mode 100644 experiments/stage4/R02/normal/audit_checks/N4/training/15/000352.json
 create mode 100644 experiments/stage4/R02/normal/audit_checks/N4/training/15/000368.json
 create mode 100644 experiments/stage4/R02/normal/audit_checks/N4/training/15/000384.json
 create mode 100644 experiments/stage4/R02/normal/audit_checks/N4/training/15/000400.json
 create mode 100644 experiments/stage4/R02/normal/audit_checks/N4/training/15/000416.json
 create mode 100644 experiments/stage4/R02/normal/audit_checks/N4/training/15/000432.json
 create mode 100644 experiments/stage4/R02/normal/audit_checks/N4/training/15/000448.json
 create mode 100644 experiments/stage4/R02/normal/audit_checks/N4/training/15/000464.json
 create mode 100644 experiments/stage4/R02/normal/audit_checks/N4/training/15/000480.json
 create mode 100644 experiments/stage4/R02/normal/audit_checks/N4/training/15/000496.json
 create mode 100644 experiments/stage4/R02/normal/audit_checks/N4/training/15/000512.json
 create mode 100644 experiments/stage4/R02/normal/audit_checks/N4/training/15/000528.json
 create mode 100644 experiments/stage4/R02/normal/audit_checks/N4/training/15/000544.json
 create mode 100644 experiments/stage4/R02/normal/audit_checks/N4/training/15/000560.json
 create mode 100644 experiments/stage4/R02/normal/audit_checks/N4/training/15/000576.json
 create mode 100644 experiments/stage4/R02/normal/audit_checks/N4/training/15/000592.json
 create mode 100644 experiments/stage4/R02/normal/audit_checks/N4/training/15/000608.json
 create mode 100644 experiments/stage4/R02/normal/audit_checks/N4/training/21/000000.json
 create mode 100644 experiments/stage4/R02/normal/audit_checks/N4/training/21/000016.json
 create mode 100644 experiments/stage4/R02/normal/audit_checks/N4/training/21/000032.json
 create mode 100644 experiments/stage4/R02/normal/audit_checks/N4/training/21/000048.json
 create mode 100644 experiments/stage4/R02/normal/audit_checks/N4/training/21/000064.json
 create mode 100644 experiments/stage4/R02/normal/audit_checks/N4/training/21/000080.json
 create mode 100644 experiments/stage4/R02/normal/audit_checks/N4/training/21/000096.json
 create mode 100644 experiments/stage4/R02/normal/audit_checks/N4/training/21/000112.json
 create mode 100644 experiments/stage4/R02/normal/audit_checks/N4/training/21/000128.json
 create mode 100644 experiments/stage4/R02/normal/audit_checks/N4/training/21/000144.json
 create mode 100644 experiments/stage4/R02/normal/audit_checks/N4/training/21/000160.json
 create mode 100644 experiments/stage4/R02/normal/audit_checks/N4/training/21/000176.json
 create mode 100644 experiments/stage4/R02/normal/audit_checks/N4/training/21/000192.json
 create mode 100644 experiments/stage4/R02/normal/audit_checks/N4/training/21/000208.json
 create mode 100644 experiments/stage4/R02/normal/audit_checks/N4/training/21/000224.json
 create mode 100644 experiments/stage4/R02/normal/audit_checks/N4/training/21/000240.json
 create mode 100644 experiments/stage4/R02/normal/audit_checks/N4/training/21/000256.json
 create mode 100644 experiments/stage4/R02/normal/audit_checks/N4/training/21/000272.json
 create mode 100644 experiments/stage4/R02/normal/audit_checks/N4/training/21/000288.json
 create mode 100644 experiments/stage4/R02/normal/audit_checks/N4/training/21/000304.json
 create mode 100644 experiments/stage4/R02/normal/audit_checks/N4/training/21/000320.json
 create mode 100644 experiments/stage4/R02/normal/audit_checks/N4/training/21/000336.json
 create mode 100644 experiments/stage4/R02/normal/audit_checks/N4/training/21/000352.json
 create mode 100644 experiments/stage4/R02/normal/audit_checks/N4/training/21/000368.json
 create mode 100644 experiments/stage4/R02/normal/audit_checks/N4/training/21/000384.json
 create mode 100644 experiments/stage4/R02/normal/audit_checks/N4/training/21/000400.json
 create mode 100644 experiments/stage4/R02/normal/audit_checks/N4/training/21/000416.json
 create mode 100644 experiments/stage4/R02/normal/audit_checks/N4/training/21/000432.json
 create mode 100644 experiments/stage4/R02/normal/audit_checks/N4/training/21/000448.json
 create mode 100644 experiments/stage4/R02/normal/audit_checks/N4/training/21/000464.json
 create mode 100644 experiments/stage4/R02/normal/audit_checks/N4/training/21/000480.json
 create mode 100644 experiments/stage4/R02/normal/audit_checks/N4/training/21/000496.json
 create mode 100644 experiments/stage4/R02/normal/audit_checks/N4/training/21/000512.json
 create mode 100644 experiments/stage4/R02/normal/audit_checks/N4/training/21/000528.json
 create mode 100644 experiments/stage4/R02/normal/audit_checks/N4/training/21/000544.json
 create mode 100644 experiments/stage4/R02/normal/audit_checks/N4/training/21/000560.json
 create mode 100644 experiments/stage4/R02/normal/audit_checks/N4/training/21/000576.json
 create mode 100644 experiments/stage4/R02/normal/audit_checks/N4/training/27/000000.json
 create mode 100644 experiments/stage4/R02/normal/audit_checks/N4/training/27/000016.json
 create mode 100644 experiments/stage4/R02/normal/audit_checks/N4/training/27/000032.json
 create mode 100644 experiments/stage4/R02/normal/audit_checks/N4/training/27/000048.json
 create mode 100644 experiments/stage4/R02/normal/audit_checks/N4/training/27/000064.json
 create mode 100644 experiments/stage4/R02/normal/audit_checks/N4/training/27/000080.json
 create mode 100644 experiments/stage4/R02/normal/audit_checks/N4/training/27/000096.json
 create mode 100644 experiments/stage4/R02/normal/audit_checks/N4/training/27/000112.json
 create mode 100644 experiments/stage4/R02/normal/audit_checks/N4/training/27/000128.json
 create mode 100644 experiments/stage4/R02/normal/audit_checks/N4/training/27/000144.json
 create mode 100644 experiments/stage4/R02/normal/audit_checks/N4/training/27/000160.json
 create mode 100644 experiments/stage4/R02/normal/audit_checks/N4/training/27/000176.json
 create mode 100644 experiments/stage4/R02/normal/audit_checks/N4/training/27/000192.json
 create mode 100644 experiments/stage4/R02/normal/audit_checks/N4/training/27/000208.json
 create mode 100644 experiments/stage4/R02/normal/audit_checks/N4/training/27/000224.json
 create mode 100644 experiments/stage4/R02/normal/audit_checks/N4/training/27/000240.json
 create mode 100644 experiments/stage4/R02/normal/audit_checks/N4/training/27/000256.json
 create mode 100644 experiments/stage4/R02/normal/audit_checks/N4/training/27/000272.json
 create mode 100644 experiments/stage4/R02/normal/audit_checks/N4/training/27/000288.json
 create mode 100644 experiments/stage4/R02/normal/audit_checks/N4/training/27/000304.json
 create mode 100644 experiments/stage4/R02/normal/audit_checks/N4/training/27/000320.json
 create mode 100644 experiments/stage4/R02/normal/audit_checks/N4/training/27/000336.json
 create mode 100644 experiments/stage4/R02/normal/audit_checks/N4/training/27/000352.json
 create mode 100644 experiments/stage4/R02/normal/audit_checks/N4/training/27/000368.json
 create mode 100644 experiments/stage4/R02/normal/audit_checks/N4/training/27/000384.json
 create mode 100644 experiments/stage4/R02/normal/audit_checks/N4/training/27/000400.json
 create mode 100644 experiments/stage4/R02/normal/audit_checks/N4/training/27/000416.json
 create mode 100644 experiments/stage4/R02/normal/audit_checks/N4/training/27/000432.json
 create mode 100644 experiments/stage4/R02/normal/audit_checks/N4/training/27/000448.json
 create mode 100644 experiments/stage4/R02/normal/audit_checks/N4/training/27/000464.json
 create mode 100644 experiments/stage4/R02/normal/audit_checks/N4/training/27/000480.json
 create mode 100644 experiments/stage4/R02/normal/audit_checks/N4/training/27/000496.json
 create mode 100644 experiments/stage4/R02/normal/audit_checks/N4/training/27/000512.json
 create mode 100644 experiments/stage4/R02/normal/audit_checks/N4/training/27/000528.json
 create mode 100644 experiments/stage4/R02/normal/audit_checks/N4/training/27/000544.json
 create mode 100644 experiments/stage4/R02/normal/audit_checks/N4/training/27/000560.json
 create mode 100644 experiments/stage4/R02/normal/audit_checks/N4/training/27/000576.json
 create mode 100644 experiments/stage4/R02/normal/audit_checks/N5/training/03/000000.json
 create mode 100644 experiments/stage4/R02/normal/audit_checks/N5/training/03/000016.json
 create mode 100644 experiments/stage4/R02/normal/audit_checks/N5/training/03/000032.json
 create mode 100644 experiments/stage4/R02/normal/audit_checks/N5/training/03/000048.json
 create mode 100644 experiments/stage4/R02/normal/audit_checks/N5/training/03/000064.json
 create mode 100644 experiments/stage4/R02/normal/audit_checks/N5/training/03/000080.json
 create mode 100644 experiments/stage4/R02/normal/audit_checks/N5/training/03/000096.json
 create mode 100644 experiments/stage4/R02/normal/audit_checks/N5/training/03/000112.json
 create mode 100644 experiments/stage4/R02/normal/audit_checks/N5/training/03/000128.json
 create mode 100644 experiments/stage4/R02/normal/audit_checks/N5/training/03/000144.json
 create mode 100644 experiments/stage4/R02/normal/audit_checks/N5/training/03/000160.json
 create mode 100644 experiments/stage4/R02/normal/audit_checks/N5/training/03/000176.json
 create mode 100644 experiments/stage4/R02/normal/audit_checks/N5/training/03/000192.json
 create mode 100644 experiments/stage4/R02/normal/audit_checks/N5/training/03/000208.json
 create mode 100644 experiments/stage4/R02/normal/audit_checks/N5/training/03/000224.json
 create mode 100644 experiments/stage4/R02/normal/audit_checks/N5/training/03/000240.json
 create mode 100644 experiments/stage4/R02/normal/audit_checks/N5/training/03/000256.json
 create mode 100644 experiments/stage4/R02/normal/audit_checks/N5/training/03/000272.json
 create mode 100644 experiments/stage4/R02/normal/audit_checks/N5/training/03/000288.json
 create mode 100644 experiments/stage4/R02/normal/audit_checks/N5/training/03/000304.json
 create mode 100644 experiments/stage4/R02/normal/audit_checks/N5/training/03/000320.json
 create mode 100644 experiments/stage4/R02/normal/audit_checks/N5/training/03/000336.json
 create mode 100644 experiments/stage4/R02/normal/audit_checks/N5/training/03/000352.json
 create mode 100644 experiments/stage4/R02/normal/audit_checks/N5/training/03/000368.json
 create mode 100644 experiments/stage4/R02/normal/audit_checks/N5/training/03/000384.json
 create mode 100644 experiments/stage4/R02/normal/audit_checks/N5/training/03/000400.json
 create mode 100644 experiments/stage4/R02/normal/audit_checks/N5/training/03/000416.json
 create mode 100644 experiments/stage4/R02/normal/audit_checks/N5/training/03/000432.json
 create mode 100644 experiments/stage4/R02/normal/audit_checks/N5/training/03/000448.json
 create mode 100644 experiments/stage4/R02/normal/audit_checks/N5/training/03/000464.json
 create mode 100644 experiments/stage4/R02/normal/audit_checks/N5/training/03/000480.json
 create mode 100644 experiments/stage4/R02/normal/audit_checks/N5/training/03/000496.json
 create mode 100644 experiments/stage4/R02/normal/audit_checks/N5/training/03/000512.json
 create mode 100644 experiments/stage4/R02/normal/audit_checks/N5/training/03/000528.json
 create mode 100644 experiments/stage4/R02/normal/audit_checks/N5/training/03/000544.json
 create mode 100644 experiments/stage4/R02/normal/audit_checks/N5/training/06/000000.json
 create mode 100644 experiments/stage4/R02/normal/audit_checks/N5/training/06/000016.json
 create mode 100644 experiments/stage4/R02/normal/audit_checks/N5/training/06/000032.json
 create mode 100644 experiments/stage4/R02/normal/audit_checks/N5/training/06/000048.json
 create mode 100644 experiments/stage4/R02/normal/audit_checks/N5/training/06/000064.json
 create mode 100644 experiments/stage4/R02/normal/audit_checks/N5/training/06/000080.json
 create mode 100644 experiments/stage4/R02/normal/audit_checks/N5/training/06/000096.json
 create mode 100644 experiments/stage4/R02/normal/audit_checks/N5/training/06/000112.json
 create mode 100644 experiments/stage4/R02/normal/audit_checks/N5/training/06/000128.json
 create mode 100644 experiments/stage4/R02/normal/audit_checks/N5/training/06/000144.json
 create mode 100644 experiments/stage4/R02/normal/audit_checks/N5/training/06/000160.json
 create mode 100644 experiments/stage4/R02/normal/audit_checks/N5/training/06/000176.json
 create mode 100644 experiments/stage4/R02/normal/audit_checks/N5/training/06/000192.json
 create mode 100644 experiments/stage4/R02/normal/audit_checks/N5/training/06/000208.json
 create mode 100644 experiments/stage4/R02/normal/audit_checks/N5/training/06/000224.json
 create mode 100644 experiments/stage4/R02/normal/audit_checks/N5/training/06/000240.json
 create mode 100644 experiments/stage4/R02/normal/audit_checks/N5/training/06/000256.json
 create mode 100644 experiments/stage4/R02/normal/audit_checks/N5/training/06/000272.json
 create mode 100644 experiments/stage4/R02/normal/audit_checks/N5/training/06/000288.json
 create mode 100644 experiments/stage4/R02/normal/audit_checks/N5/training/06/000304.json
 create mode 100644 experiments/stage4/R02/normal/audit_checks/N5/training/06/000320.json
 create mode 100644 experiments/stage4/R02/normal/audit_checks/N5/training/06/000336.json
 create mode 100644 experiments/stage4/R02/normal/audit_checks/N5/training/06/000352.json
 create mode 100644 experiments/stage4/R02/normal/audit_checks/N5/training/06/000368.json
 create mode 100644 experiments/stage4/R02/normal/audit_checks/N5/training/06/000384.json
 create mode 100644 experiments/stage4/R02/normal/audit_checks/N5/training/06/000400.json
 create mode 100644 experiments/stage4/R02/normal/audit_checks/N5/training/06/000416.json
 create mode 100644 experiments/stage4/R02/normal/audit_checks/N5/training/06/000432.json
 create mode 100644 experiments/stage4/R02/normal/audit_checks/N5/training/06/000448.json
 create mode 100644 experiments/stage4/R02/normal/audit_checks/N5/training/06/000464.json
 create mode 100644 experiments/stage4/R02/normal/audit_checks/N5/training/06/000480.json
 create mode 100644 experiments/stage4/R02/normal/audit_checks/N5/training/06/000496.json
 create mode 100644 experiments/stage4/R02/normal/audit_checks/N5/training/06/000512.json
 create mode 100644 experiments/stage4/R02/normal/audit_checks/N5/training/06/000528.json
 create mode 100644 experiments/stage4/R02/normal/audit_checks/N5/training/06/000544.json
 create mode 100644 experiments/stage4/R02/normal/audit_checks/N5/training/06/000560.json
 create mode 100644 experiments/stage4/R02/normal/audit_checks/N5/training/06/000576.json
 create mode 100644 experiments/stage4/R02/normal/audit_checks/N5/training/06/000592.json
 create mode 100644 experiments/stage4/R02/normal/audit_checks/N5/training/06/000608.json
 create mode 100644 experiments/stage4/R02/normal/audit_checks/N5/training/15/000000.json
 create mode 100644 experiments/stage4/R02/normal/audit_checks/N5/training/15/000016.json
 create mode 100644 experiments/stage4/R02/normal/audit_checks/N5/training/15/000032.json
 create mode 100644 experiments/stage4/R02/normal/audit_checks/N5/training/15/000048.json
 create mode 100644 experiments/stage4/R02/normal/audit_checks/N5/training/15/000064.json
 create mode 100644 experiments/stage4/R02/normal/audit_checks/N5/training/15/000080.json
 create mode 100644 experiments/stage4/R02/normal/audit_checks/N5/training/15/000096.json
 create mode 100644 experiments/stage4/R02/normal/audit_checks/N5/training/15/000112.json
 create mode 100644 experiments/stage4/R02/normal/audit_checks/N5/training/15/000128.json
 create mode 100644 experiments/stage4/R02/normal/audit_checks/N5/training/15/000144.json
 create mode 100644 experiments/stage4/R02/normal/audit_checks/N5/training/15/000160.json
 create mode 100644 experiments/stage4/R02/normal/audit_checks/N5/training/15/000176.json
 create mode 100644 experiments/stage4/R02/normal/audit_checks/N5/training/15/000192.json
 create mode 100644 experiments/stage4/R02/normal/audit_checks/N5/training/15/000208.json
 create mode 100644 experiments/stage4/R02/normal/audit_checks/N5/training/15/000224.json
 create mode 100644 experiments/stage4/R02/normal/audit_checks/N5/training/15/000240.json
 create mode 100644 experiments/stage4/R02/normal/audit_checks/N5/training/15/000256.json
 create mode 100644 experiments/stage4/R02/normal/audit_checks/N5/training/15/000272.json
 create mode 100644 experiments/stage4/R02/normal/audit_checks/N5/training/15/000288.json
 create mode 100644 experiments/stage4/R02/normal/audit_checks/N5/training/15/000304.json
 create mode 100644 experiments/stage4/R02/normal/audit_checks/N5/training/15/000320.json
 create mode 100644 experiments/stage4/R02/normal/audit_checks/N5/training/15/000336.json
 create mode 100644 experiments/stage4/R02/normal/audit_checks/N5/training/15/000352.json
 create mode 100644 experiments/stage4/R02/normal/audit_checks/N5/training/15/000368.json
 create mode 100644 experiments/stage4/R02/normal/audit_checks/N5/training/15/000384.json
 create mode 100644 experiments/stage4/R02/normal/audit_checks/N5/training/15/000400.json
 create mode 100644 experiments/stage4/R02/normal/audit_checks/N5/training/15/000416.json
 create mode 100644 experiments/stage4/R02/normal/audit_checks/N5/training/15/000432.json
 create mode 100644 experiments/stage4/R02/normal/audit_checks/N5/training/15/000448.json
 create mode 100644 experiments/stage4/R02/normal/audit_checks/N5/training/15/000464.json
 create mode 100644 experiments/stage4/R02/normal/audit_checks/N5/training/15/000480.json
 create mode 100644 experiments/stage4/R02/normal/audit_checks/N5/training/15/000496.json
 create mode 100644 experiments/stage4/R02/normal/audit_checks/N5/training/15/000512.json
 create mode 100644 experiments/stage4/R02/normal/audit_checks/N5/training/15/000528.json
 create mode 100644 experiments/stage4/R02/normal/audit_checks/N5/training/15/000544.json
 create mode 100644 experiments/stage4/R02/normal/audit_checks/N5/training/15/000560.json
 create mode 100644 experiments/stage4/R02/normal/audit_checks/N5/training/15/000576.json
 create mode 100644 experiments/stage4/R02/normal/audit_checks/N5/training/15/000592.json
 create mode 100644 experiments/stage4/R02/normal/audit_checks/N5/training/15/000608.json
 create mode 100644 experiments/stage4/R02/normal/audit_checks/N5/training/21/000000.json
 create mode 100644 experiments/stage4/R02/normal/audit_checks/N5/training/21/000016.json
 create mode 100644 experiments/stage4/R02/normal/audit_checks/N5/training/21/000032.json
 create mode 100644 experiments/stage4/R02/normal/audit_checks/N5/training/21/000048.json
 create mode 100644 experiments/stage4/R02/normal/audit_checks/N5/training/21/000064.json
 create mode 100644 experiments/stage4/R02/normal/audit_checks/N5/training/21/000080.json
 create mode 100644 experiments/stage4/R02/normal/audit_checks/N5/training/21/000096.json
 create mode 100644 experiments/stage4/R02/normal/audit_checks/N5/training/21/000112.json
 create mode 100644 experiments/stage4/R02/normal/audit_checks/N5/training/21/000128.json
 create mode 100644 experiments/stage4/R02/normal/audit_checks/N5/training/21/000144.json
 create mode 100644 experiments/stage4/R02/normal/audit_checks/N5/training/21/000160.json
 create mode 100644 experiments/stage4/R02/normal/audit_checks/N5/training/21/000176.json
 create mode 100644 experiments/stage4/R02/normal/audit_checks/N5/training/21/000192.json
 create mode 100644 experiments/stage4/R02/normal/audit_checks/N5/training/21/000208.json
 create mode 100644 experiments/stage4/R02/normal/audit_checks/N5/training/21/000224.json
 create mode 100644 experiments/stage4/R02/normal/audit_checks/N5/training/21/000240.json
 create mode 100644 experiments/stage4/R02/normal/audit_checks/N5/training/21/000256.json
 create mode 100644 experiments/stage4/R02/normal/audit_checks/N5/training/21/000272.json
 create mode 100644 experiments/stage4/R02/normal/audit_checks/N5/training/21/000288.json
 create mode 100644 experiments/stage4/R02/normal/audit_checks/N5/training/21/000304.json
 create mode 100644 experiments/stage4/R02/normal/audit_checks/N5/training/21/000320.json
 create mode 100644 experiments/stage4/R02/normal/audit_checks/N5/training/21/000336.json
 create mode 100644 experiments/stage4/R02/normal/audit_checks/N5/training/21/000352.json
 create mode 100644 experiments/stage4/R02/normal/audit_checks/N5/training/21/000368.json
 create mode 100644 experiments/stage4/R02/normal/audit_checks/N5/training/21/000384.json
 create mode 100644 experiments/stage4/R02/normal/audit_checks/N5/training/21/000400.json
 create mode 100644 experiments/stage4/R02/normal/audit_checks/N5/training/21/000416.json
 create mode 100644 experiments/stage4/R02/normal/audit_checks/N5/training/21/000432.json
 create mode 100644 experiments/stage4/R02/normal/audit_checks/N5/training/21/000448.json
 create mode 100644 experiments/stage4/R02/normal/audit_checks/N5/training/21/000464.json
 create mode 100644 experiments/stage4/R02/normal/audit_checks/N5/training/21/000480.json
 create mode 100644 experiments/stage4/R02/normal/audit_checks/N5/training/21/000496.json
 create mode 100644 experiments/stage4/R02/normal/audit_checks/N5/training/21/000512.json
 create mode 100644 experiments/stage4/R02/normal/audit_checks/N5/training/21/000528.json
 create mode 100644 experiments/stage4/R02/normal/audit_checks/N5/training/21/000544.json
 create mode 100644 experiments/stage4/R02/normal/audit_checks/N5/training/21/000560.json
 create mode 100644 experiments/stage4/R02/normal/audit_checks/N5/training/21/000576.json
 create mode 100644 experiments/stage4/R02/normal/audit_checks/N5/training/27/000000.json
 create mode 100644 experiments/stage4/R02/normal/audit_checks/N5/training/27/000016.json
 create mode 100644 experiments/stage4/R02/normal/audit_checks/N5/training/27/000032.json
 create mode 100644 experiments/stage4/R02/normal/audit_checks/N5/training/27/000048.json
 create mode 100644 experiments/stage4/R02/normal/audit_checks/N5/training/27/000064.json
 create mode 100644 experiments/stage4/R02/normal/audit_checks/N5/training/27/000080.json
 create mode 100644 experiments/stage4/R02/normal/audit_checks/N5/training/27/000096.json
 create mode 100644 experiments/stage4/R02/normal/audit_checks/N5/training/27/000112.json
 create mode 100644 experiments/stage4/R02/normal/audit_checks/N5/training/27/000128.json
 create mode 100644 experiments/stage4/R02/normal/audit_checks/N5/training/27/000144.json
 create mode 100644 experiments/stage4/R02/normal/audit_checks/N5/training/27/000160.json
 create mode 100644 experiments/stage4/R02/normal/audit_checks/N5/training/27/000176.json
 create mode 100644 experiments/stage4/R02/normal/audit_checks/N5/training/27/000192.json
 create mode 100644 experiments/stage4/R02/normal/audit_checks/N5/training/27/000208.json
 create mode 100644 experiments/stage4/R02/normal/audit_checks/N5/training/27/000224.json
 create mode 100644 experiments/stage4/R02/normal/audit_checks/N5/training/27/000240.json
 create mode 100644 experiments/stage4/R02/normal/audit_checks/N5/training/27/000256.json
 create mode 100644 experiments/stage4/R02/normal/audit_checks/N5/training/27/000272.json
 create mode 100644 experiments/stage4/R02/normal/audit_checks/N5/training/27/000288.json
 create mode 100644 experiments/stage4/R02/normal/audit_checks/N5/training/27/000304.json
 create mode 100644 experiments/stage4/R02/normal/audit_checks/N5/training/27/000320.json
 create mode 100644 experiments/stage4/R02/normal/audit_checks/N5/training/27/000336.json
 create mode 100644 experiments/stage4/R02/normal/audit_checks/N5/training/27/000352.json
 create mode 100644 experiments/stage4/R02/normal/audit_checks/N5/training/27/000368.json
 create mode 100644 experiments/stage4/R02/normal/audit_checks/N5/training/27/000384.json
 create mode 100644 experiments/stage4/R02/normal/audit_checks/N5/training/27/000400.json
 create mode 100644 experiments/stage4/R02/normal/audit_checks/N5/training/27/000416.json
 create mode 100644 experiments/stage4/R02/normal/audit_checks/N5/training/27/000432.json
 create mode 100644 experiments/stage4/R02/normal/audit_checks/N5/training/27/000448.json
 create mode 100644 experiments/stage4/R02/normal/audit_checks/N5/training/27/000464.json
 create mode 100644 experiments/stage4/R02/normal/audit_checks/N5/training/27/000480.json
 create mode 100644 experiments/stage4/R02/normal/audit_checks/N5/training/27/000496.json
 create mode 100644 experiments/stage4/R02/normal/audit_checks/N5/training/27/000512.json
 create mode 100644 experiments/stage4/R02/normal/audit_checks/N5/training/27/000528.json
 create mode 100644 experiments/stage4/R02/normal/audit_checks/N5/training/27/000544.json
 create mode 100644 experiments/stage4/R02/normal/audit_checks/N5/training/27/000560.json
 create mode 100644 experiments/stage4/R02/normal/audit_checks/N5/training/27/000576.json
 create mode 100644 experiments/stage4/R02/normal/calls.jsonl
 create mode 100644 experiments/stage4/R02/normal/candidates.json
 create mode 100644 experiments/stage4/R02/normal/environment.json
 create mode 100644 experiments/stage4/R02/normal/events.jsonl
 create mode 100644 experiments/stage4/R02/normal/failures.jsonl
 create mode 100644 experiments/stage4/R02/normal/format_failures.jsonl
 create mode 100644 experiments/stage4/R02/normal/frozen.json
 create mode 100644 experiments/stage4/R02/normal/gpu.txt
 create mode 100644 experiments/stage4/R02/normal/independent_verification.json
 create mode 100644 experiments/stage4/R02/normal/input_manifest.json
 create mode 100644 experiments/stage4/R02/normal/invalid_candidates.json
 create mode 100644 experiments/stage4/R02/normal/model_verification.json
 create mode 100644 experiments/stage4/R02/normal/normal_description.txt
 create mode 100644 experiments/stage4/R02/normal/normal_profile.json
 create mode 100644 experiments/stage4/R02/normal/observations/testing/01/000000.json
 create mode 100644 experiments/stage4/R02/normal/observations/testing/01/000016.json
 create mode 100644 experiments/stage4/R02/normal/observations/testing/01/000032.json
 create mode 100644 experiments/stage4/R02/normal/observations/testing/01/000048.json
 create mode 100644 experiments/stage4/R02/normal/observations/testing/01/000064.json
 create mode 100644 experiments/stage4/R02/normal/observations/testing/01/000080.json
 create mode 100644 experiments/stage4/R02/normal/observations/testing/01/000096.json
 create mode 100644 experiments/stage4/R02/normal/observations/testing/01/000112.json
 create mode 100644 experiments/stage4/R02/normal/observations/testing/01/000128.json
 create mode 100644 experiments/stage4/R02/normal/observations/testing/01/000144.json
 create mode 100644 experiments/stage4/R02/normal/observations/testing/01/000160.json
 create mode 100644 experiments/stage4/R02/normal/observations/testing/01/000176.json
 create mode 100644 experiments/stage4/R02/normal/observations/testing/01/000192.json
 create mode 100644 experiments/stage4/R02/normal/observations/testing/01/000208.json
 create mode 100644 experiments/stage4/R02/normal/observations/testing/01/000224.json
 create mode 100644 experiments/stage4/R02/normal/observations/testing/01/000240.json
 create mode 100644 experiments/stage4/R02/normal/observations/testing/01/000256.json
 create mode 100644 experiments/stage4/R02/normal/observations/testing/01/000272.json
 create mode 100644 experiments/stage4/R02/normal/observations/testing/01/000288.json
 create mode 100644 experiments/stage4/R02/normal/observations/testing/01/000304.json
 create mode 100644 experiments/stage4/R02/normal/observations/testing/01/000320.json
 create mode 100644 experiments/stage4/R02/normal/observations/testing/01/000336.json
 create mode 100644 experiments/stage4/R02/normal/observations/testing/01/000352.json
 create mode 100644 experiments/stage4/R02/normal/observations/testing/01/000368.json
 create mode 100644 experiments/stage4/R02/normal/observations/testing/01/000384.json
 create mode 100644 experiments/stage4/R02/normal/observations/testing/01/000400.json
 create mode 100644 experiments/stage4/R02/normal/observations/testing/01/000416.json
 create mode 100644 experiments/stage4/R02/normal/observations/testing/01/000432.json
 create mode 100644 experiments/stage4/R02/normal/observations/testing/01/000448.json
 create mode 100644 experiments/stage4/R02/normal/observations/testing/01/000464.json
 create mode 100644 experiments/stage4/R02/normal/observations/testing/01/000480.json
 create mode 100644 experiments/stage4/R02/normal/observations/testing/01/000496.json
 create mode 100644 experiments/stage4/R02/normal/observations/testing/01/000512.json
 create mode 100644 experiments/stage4/R02/normal/observations/testing/01/000528.json
 create mode 100644 experiments/stage4/R02/normal/observations/testing/01/000544.json
 create mode 100644 experiments/stage4/R02/normal/observations/testing/01/000560.json
 create mode 100644 experiments/stage4/R02/normal/observations/testing/01/000576.json
 create mode 100644 experiments/stage4/R02/normal/observations/training/02/000000.json
 create mode 100644 experiments/stage4/R02/normal/observations/training/02/000016.json
 create mode 100644 experiments/stage4/R02/normal/observations/training/02/000032.json
 create mode 100644 experiments/stage4/R02/normal/observations/training/02/000048.json
 create mode 100644 experiments/stage4/R02/normal/observations/training/02/000064.json
 create mode 100644 experiments/stage4/R02/normal/observations/training/02/000080.json
 create mode 100644 experiments/stage4/R02/normal/observations/training/02/000096.json
 create mode 100644 experiments/stage4/R02/normal/observations/training/02/000112.json
 create mode 100644 experiments/stage4/R02/normal/observations/training/02/000128.json
 create mode 100644 experiments/stage4/R02/normal/observations/training/02/000144.json
 create mode 100644 experiments/stage4/R02/normal/observations/training/02/000160.json
 create mode 100644 experiments/stage4/R02/normal/observations/training/02/000176.json
 create mode 100644 experiments/stage4/R02/normal/observations/training/02/000192.json
 create mode 100644 experiments/stage4/R02/normal/observations/training/02/000208.json
 create mode 100644 experiments/stage4/R02/normal/observations/training/02/000224.json
 create mode 100644 experiments/stage4/R02/normal/observations/training/02/000240.json
 create mode 100644 experiments/stage4/R02/normal/observations/training/02/000256.json
 create mode 100644 experiments/stage4/R02/normal/observations/training/02/000272.json
 create mode 100644 experiments/stage4/R02/normal/observations/training/02/000288.json
 create mode 100644 experiments/stage4/R02/normal/observations/training/02/000304.json
 create mode 100644 experiments/stage4/R02/normal/observations/training/02/000320.json
 create mode 100644 experiments/stage4/R02/normal/observations/training/02/000336.json
 create mode 100644 experiments/stage4/R02/normal/observations/training/02/000352.json
 create mode 100644 experiments/stage4/R02/normal/observations/training/02/000368.json
 create mode 100644 experiments/stage4/R02/normal/observations/training/02/000384.json
 create mode 100644 experiments/stage4/R02/normal/observations/training/02/000400.json
 create mode 100644 experiments/stage4/R02/normal/observations/training/02/000416.json
 create mode 100644 experiments/stage4/R02/normal/observations/training/02/000432.json
 create mode 100644 experiments/stage4/R02/normal/observations/training/02/000448.json
 create mode 100644 experiments/stage4/R02/normal/observations/training/02/000464.json
 create mode 100644 experiments/stage4/R02/normal/observations/training/02/000480.json
 create mode 100644 experiments/stage4/R02/normal/observations/training/02/000496.json
 create mode 100644 experiments/stage4/R02/normal/observations/training/02/000512.json
 create mode 100644 experiments/stage4/R02/normal/observations/training/02/000528.json
 create mode 100644 experiments/stage4/R02/normal/observations/training/02/000544.json
 create mode 100644 experiments/stage4/R02/normal/observations/training/02/000560.json
 create mode 100644 experiments/stage4/R02/normal/observations/training/02/000576.json
 create mode 100644 experiments/stage4/R02/normal/observations/training/02/000592.json
 create mode 100644 experiments/stage4/R02/normal/observations/training/04/000000.json
 create mode 100644 experiments/stage4/R02/normal/observations/training/04/000016.json
 create mode 100644 experiments/stage4/R02/normal/observations/training/04/000032.json
 create mode 100644 experiments/stage4/R02/normal/observations/training/04/000048.json
 create mode 100644 experiments/stage4/R02/normal/observations/training/04/000064.json
 create mode 100644 experiments/stage4/R02/normal/observations/training/04/000080.json
 create mode 100644 experiments/stage4/R02/normal/observations/training/04/000096.json
 create mode 100644 experiments/stage4/R02/normal/observations/training/04/000112.json
 create mode 100644 experiments/stage4/R02/normal/observations/training/04/000128.json
 create mode 100644 experiments/stage4/R02/normal/observations/training/04/000144.json
 create mode 100644 experiments/stage4/R02/normal/observations/training/04/000160.json
 create mode 100644 experiments/stage4/R02/normal/observations/training/04/000176.json
 create mode 100644 experiments/stage4/R02/normal/observations/training/04/000192.json
 create mode 100644 experiments/stage4/R02/normal/observations/training/04/000208.json
 create mode 100644 experiments/stage4/R02/normal/observations/training/04/000224.json
 create mode 100644 experiments/stage4/R02/normal/observations/training/04/000240.json
 create mode 100644 experiments/stage4/R02/normal/observations/training/04/000256.json
 create mode 100644 experiments/stage4/R02/normal/observations/training/04/000272.json
 create mode 100644 experiments/stage4/R02/normal/observations/training/04/000288.json
 create mode 100644 experiments/stage4/R02/normal/observations/training/04/000304.json
 create mode 100644 experiments/stage4/R02/normal/observations/training/04/000320.json
 create mode 100644 experiments/stage4/R02/normal/observations/training/04/000336.json
 create mode 100644 experiments/stage4/R02/normal/observations/training/04/000352.json
 create mode 100644 experiments/stage4/R02/normal/observations/training/04/000368.json
 create mode 100644 experiments/stage4/R02/normal/observations/training/04/000384.json
 create mode 100644 experiments/stage4/R02/normal/observations/training/04/000400.json
 create mode 100644 experiments/stage4/R02/normal/observations/training/04/000416.json
 create mode 100644 experiments/stage4/R02/normal/observations/training/04/000432.json
 create mode 100644 experiments/stage4/R02/normal/observations/training/04/000448.json
 create mode 100644 experiments/stage4/R02/normal/observations/training/04/000464.json
 create mode 100644 experiments/stage4/R02/normal/observations/training/04/000480.json
 create mode 100644 experiments/stage4/R02/normal/observations/training/04/000496.json
 create mode 100644 experiments/stage4/R02/normal/observations/training/04/000512.json
 create mode 100644 experiments/stage4/R02/normal/observations/training/04/000528.json
 create mode 100644 experiments/stage4/R02/normal/observations/training/04/000544.json
 create mode 100644 experiments/stage4/R02/normal/observations/training/04/000560.json
 create mode 100644 experiments/stage4/R02/normal/observations/training/04/000576.json
 create mode 100644 experiments/stage4/R02/normal/observations/training/04/000592.json
 create mode 100644 experiments/stage4/R02/normal/observations/training/07/000000.json
 create mode 100644 experiments/stage4/R02/normal/observations/training/07/000016.json
 create mode 100644 experiments/stage4/R02/normal/observations/training/07/000032.json
 create mode 100644 experiments/stage4/R02/normal/observations/training/07/000048.json
 create mode 100644 experiments/stage4/R02/normal/observations/training/07/000064.json
 create mode 100644 experiments/stage4/R02/normal/observations/training/07/000080.json
 create mode 100644 experiments/stage4/R02/normal/observations/training/07/000096.json
 create mode 100644 experiments/stage4/R02/normal/observations/training/07/000112.json
 create mode 100644 experiments/stage4/R02/normal/observations/training/07/000128.json
 create mode 100644 experiments/stage4/R02/normal/observations/training/07/000144.json
 create mode 100644 experiments/stage4/R02/normal/observations/training/07/000160.json
 create mode 100644 experiments/stage4/R02/normal/observations/training/07/000176.json
 create mode 100644 experiments/stage4/R02/normal/observations/training/07/000192.json
 create mode 100644 experiments/stage4/R02/normal/observations/training/07/000208.json
 create mode 100644 experiments/stage4/R02/normal/observations/training/07/000224.json
 create mode 100644 experiments/stage4/R02/normal/observations/training/07/000240.json
 create mode 100644 experiments/stage4/R02/normal/observations/training/07/000256.json
 create mode 100644 experiments/stage4/R02/normal/observations/training/07/000272.json
 create mode 100644 experiments/stage4/R02/normal/observations/training/07/000288.json
 create mode 100644 experiments/stage4/R02/normal/observations/training/07/000304.json
 create mode 100644 experiments/stage4/R02/normal/observations/training/07/000320.json
 create mode 100644 experiments/stage4/R02/normal/observations/training/07/000336.json
 create mode 100644 experiments/stage4/R02/normal/observations/training/07/000352.json
 create mode 100644 experiments/stage4/R02/normal/observations/training/07/000368.json
 create mode 100644 experiments/stage4/R02/normal/observations/training/07/000384.json
 create mode 100644 experiments/stage4/R02/normal/observations/training/07/000400.json
 create mode 100644 experiments/stage4/R02/normal/observations/training/07/000416.json
 create mode 100644 experiments/stage4/R02/normal/observations/training/07/000432.json
 create mode 100644 experiments/stage4/R02/normal/observations/training/07/000448.json
 create mode 100644 experiments/stage4/R02/normal/observations/training/07/000464.json
 create mode 100644 experiments/stage4/R02/normal/observations/training/07/000480.json
 create mode 100644 experiments/stage4/R02/normal/observations/training/07/000496.json
 create mode 100644 experiments/stage4/R02/normal/observations/training/07/000512.json
 create mode 100644 experiments/stage4/R02/normal/observations/training/07/000528.json
 create mode 100644 experiments/stage4/R02/normal/observations/training/07/000544.json
 create mode 100644 experiments/stage4/R02/normal/observations/training/07/000560.json
 create mode 100644 experiments/stage4/R02/normal/observations/training/07/000576.json
 create mode 100644 experiments/stage4/R02/normal/observations/training/11/000000.json
 create mode 100644 experiments/stage4/R02/normal/observations/training/11/000016.json
 create mode 100644 experiments/stage4/R02/normal/observations/training/11/000032.json
 create mode 100644 experiments/stage4/R02/normal/observations/training/11/000048.json
 create mode 100644 experiments/stage4/R02/normal/observations/training/11/000064.json
 create mode 100644 experiments/stage4/R02/normal/observations/training/11/000080.json
 create mode 100644 experiments/stage4/R02/normal/observations/training/11/000096.json
 create mode 100644 experiments/stage4/R02/normal/observations/training/11/000112.json
 create mode 100644 experiments/stage4/R02/normal/observations/training/11/000128.json
 create mode 100644 experiments/stage4/R02/normal/observations/training/11/000144.json
 create mode 100644 experiments/stage4/R02/normal/observations/training/11/000160.json
 create mode 100644 experiments/stage4/R02/normal/observations/training/11/000176.json
 create mode 100644 experiments/stage4/R02/normal/observations/training/11/000192.json
 create mode 100644 experiments/stage4/R02/normal/observations/training/11/000208.json
 create mode 100644 experiments/stage4/R02/normal/observations/training/11/000224.json
 create mode 100644 experiments/stage4/R02/normal/observations/training/11/000240.json
 create mode 100644 experiments/stage4/R02/normal/observations/training/11/000256.json
 create mode 100644 experiments/stage4/R02/normal/observations/training/11/000272.json
 create mode 100644 experiments/stage4/R02/normal/observations/training/11/000288.json
 create mode 100644 experiments/stage4/R02/normal/observations/training/11/000304.json
 create mode 100644 experiments/stage4/R02/normal/observations/training/11/000320.json
 create mode 100644 experiments/stage4/R02/normal/observations/training/11/000336.json
 create mode 100644 experiments/stage4/R02/normal/observations/training/11/000352.json
 create mode 100644 experiments/stage4/R02/normal/observations/training/11/000368.json
 create mode 100644 experiments/stage4/R02/normal/observations/training/11/000384.json
 create mode 100644 experiments/stage4/R02/normal/observations/training/11/000400.json
 create mode 100644 experiments/stage4/R02/normal/observations/training/11/000416.json
 create mode 100644 experiments/stage4/R02/normal/observations/training/11/000432.json
 create mode 100644 experiments/stage4/R02/normal/observations/training/11/000448.json
 create mode 100644 experiments/stage4/R02/normal/observations/training/11/000464.json
 create mode 100644 experiments/stage4/R02/normal/observations/training/11/000480.json
 create mode 100644 experiments/stage4/R02/normal/observations/training/11/000496.json
 create mode 100644 experiments/stage4/R02/normal/observations/training/11/000512.json
 create mode 100644 experiments/stage4/R02/normal/observations/training/11/000528.json
 create mode 100644 experiments/stage4/R02/normal/observations/training/11/000544.json
 create mode 100644 experiments/stage4/R02/normal/observations/training/11/000560.json
 create mode 100644 experiments/stage4/R02/normal/observations/training/11/000576.json
 create mode 100644 experiments/stage4/R02/normal/observations/training/11/000592.json
 create mode 100644 experiments/stage4/R02/normal/observations/training/12/000000.json
 create mode 100644 experiments/stage4/R02/normal/observations/training/12/000016.json
 create mode 100644 experiments/stage4/R02/normal/observations/training/12/000032.json
 create mode 100644 experiments/stage4/R02/normal/observations/training/12/000048.json
 create mode 100644 experiments/stage4/R02/normal/observations/training/12/000064.json
 create mode 100644 experiments/stage4/R02/normal/observations/training/12/000080.json
 create mode 100644 experiments/stage4/R02/normal/observations/training/12/000096.json
 create mode 100644 experiments/stage4/R02/normal/observations/training/12/000112.json
 create mode 100644 experiments/stage4/R02/normal/observations/training/12/000128.json
 create mode 100644 experiments/stage4/R02/normal/observations/training/12/000144.json
 create mode 100644 experiments/stage4/R02/normal/observations/training/12/000160.json
 create mode 100644 experiments/stage4/R02/normal/observations/training/12/000176.json
 create mode 100644 experiments/stage4/R02/normal/observations/training/12/000192.json
 create mode 100644 experiments/stage4/R02/normal/observations/training/12/000208.json
 create mode 100644 experiments/stage4/R02/normal/observations/training/12/000224.json
 create mode 100644 experiments/stage4/R02/normal/observations/training/12/000240.json
 create mode 100644 experiments/stage4/R02/normal/observations/training/12/000256.json
 create mode 100644 experiments/stage4/R02/normal/observations/training/12/000272.json
 create mode 100644 experiments/stage4/R02/normal/observations/training/12/000288.json
 create mode 100644 experiments/stage4/R02/normal/observations/training/12/000304.json
 create mode 100644 experiments/stage4/R02/normal/observations/training/12/000320.json
 create mode 100644 experiments/stage4/R02/normal/observations/training/12/000336.json
 create mode 100644 experiments/stage4/R02/normal/observations/training/12/000352.json
 create mode 100644 experiments/stage4/R02/normal/observations/training/12/000368.json
 create mode 100644 experiments/stage4/R02/normal/observations/training/12/000384.json
 create mode 100644 experiments/stage4/R02/normal/observations/training/12/000400.json
 create mode 100644 experiments/stage4/R02/normal/observations/training/12/000416.json
 create mode 100644 experiments/stage4/R02/normal/observations/training/12/000432.json
 create mode 100644 experiments/stage4/R02/normal/observations/training/12/000448.json
 create mode 100644 experiments/stage4/R02/normal/observations/training/12/000464.json
 create mode 100644 experiments/stage4/R02/normal/observations/training/12/000480.json
 create mode 100644 experiments/stage4/R02/normal/observations/training/12/000496.json
 create mode 100644 experiments/stage4/R02/normal/observations/training/12/000512.json
 create mode 100644 experiments/stage4/R02/normal/observations/training/12/000528.json
 create mode 100644 experiments/stage4/R02/normal/observations/training/12/000544.json
 create mode 100644 experiments/stage4/R02/normal/observations/training/12/000560.json
 create mode 100644 experiments/stage4/R02/normal/observations/training/12/000576.json
 create mode 100644 experiments/stage4/R02/normal/observations/training/13/000000.json
 create mode 100644 experiments/stage4/R02/normal/observations/training/13/000016.json
 create mode 100644 experiments/stage4/R02/normal/observations/training/13/000032.json
 create mode 100644 experiments/stage4/R02/normal/observations/training/13/000048.json
 create mode 100644 experiments/stage4/R02/normal/observations/training/13/000064.json
 create mode 100644 experiments/stage4/R02/normal/observations/training/13/000080.json
 create mode 100644 experiments/stage4/R02/normal/observations/training/13/000096.json
 create mode 100644 experiments/stage4/R02/normal/observations/training/13/000112.json
 create mode 100644 experiments/stage4/R02/normal/observations/training/13/000128.json
 create mode 100644 experiments/stage4/R02/normal/observations/training/13/000144.json
 create mode 100644 experiments/stage4/R02/normal/observations/training/13/000160.json
 create mode 100644 experiments/stage4/R02/normal/observations/training/13/000176.json
 create mode 100644 experiments/stage4/R02/normal/observations/training/13/000192.json
 create mode 100644 experiments/stage4/R02/normal/observations/training/13/000208.json
 create mode 100644 experiments/stage4/R02/normal/observations/training/13/000224.json
 create mode 100644 experiments/stage4/R02/normal/observations/training/13/000240.json
 create mode 100644 experiments/stage4/R02/normal/observations/training/13/000256.json
 create mode 100644 experiments/stage4/R02/normal/observations/training/13/000272.json
 create mode 100644 experiments/stage4/R02/normal/observations/training/13/000288.json
 create mode 100644 experiments/stage4/R02/normal/observations/training/13/000304.json
 create mode 100644 experiments/stage4/R02/normal/observations/training/13/000320.json
 create mode 100644 experiments/stage4/R02/normal/observations/training/13/000336.json
 create mode 100644 experiments/stage4/R02/normal/observations/training/13/000352.json
 create mode 100644 experiments/stage4/R02/normal/observations/training/13/000368.json
 create mode 100644 experiments/stage4/R02/normal/observations/training/13/000384.json
 create mode 100644 experiments/stage4/R02/normal/observations/training/13/000400.json
 create mode 100644 experiments/stage4/R02/normal/observations/training/13/000416.json
 create mode 100644 experiments/stage4/R02/normal/observations/training/13/000432.json
 create mode 100644 experiments/stage4/R02/normal/observations/training/13/000448.json
 create mode 100644 experiments/stage4/R02/normal/observations/training/13/000464.json
 create mode 100644 experiments/stage4/R02/normal/observations/training/13/000480.json
 create mode 100644 experiments/stage4/R02/normal/observations/training/13/000496.json
 create mode 100644 experiments/stage4/R02/normal/observations/training/13/000512.json
 create mode 100644 experiments/stage4/R02/normal/observations/training/13/000528.json
 create mode 100644 experiments/stage4/R02/normal/observations/training/13/000544.json
 create mode 100644 experiments/stage4/R02/normal/observations/training/13/000560.json
 create mode 100644 experiments/stage4/R02/normal/observations/training/13/000576.json
 create mode 100644 experiments/stage4/R02/normal/observations/training/14/000000.json
 create mode 100644 experiments/stage4/R02/normal/observations/training/14/000016.json
 create mode 100644 experiments/stage4/R02/normal/observations/training/14/000032.json
 create mode 100644 experiments/stage4/R02/normal/observations/training/14/000048.json
 create mode 100644 experiments/stage4/R02/normal/observations/training/14/000064.json
 create mode 100644 experiments/stage4/R02/normal/observations/training/14/000080.json
 create mode 100644 experiments/stage4/R02/normal/observations/training/14/000096.json
 create mode 100644 experiments/stage4/R02/normal/observations/training/14/000112.json
 create mode 100644 experiments/stage4/R02/normal/observations/training/14/000128.json
 create mode 100644 experiments/stage4/R02/normal/observations/training/14/000144.json
 create mode 100644 experiments/stage4/R02/normal/observations/training/14/000160.json
 create mode 100644 experiments/stage4/R02/normal/observations/training/14/000176.json
 create mode 100644 experiments/stage4/R02/normal/observations/training/14/000192.json
 create mode 100644 experiments/stage4/R02/normal/observations/training/14/000208.json
 create mode 100644 experiments/stage4/R02/normal/observations/training/14/000224.json
 create mode 100644 experiments/stage4/R02/normal/observations/training/14/000240.json
 create mode 100644 experiments/stage4/R02/normal/observations/training/14/000256.json
 create mode 100644 experiments/stage4/R02/normal/observations/training/14/000272.json
 create mode 100644 experiments/stage4/R02/normal/observations/training/14/000288.json
 create mode 100644 experiments/stage4/R02/normal/observations/training/14/000304.json
 create mode 100644 experiments/stage4/R02/normal/observations/training/14/000320.json
 create mode 100644 experiments/stage4/R02/normal/observations/training/14/000336.json
 create mode 100644 experiments/stage4/R02/normal/observations/training/14/000352.json
 create mode 100644 experiments/stage4/R02/normal/observations/training/14/000368.json
 create mode 100644 experiments/stage4/R02/normal/observations/training/14/000384.json
 create mode 100644 experiments/stage4/R02/normal/observations/training/14/000400.json
 create mode 100644 experiments/stage4/R02/normal/observations/training/14/000416.json
 create mode 100644 experiments/stage4/R02/normal/observations/training/14/000432.json
 create mode 100644 experiments/stage4/R02/normal/observations/training/14/000448.json
 create mode 100644 experiments/stage4/R02/normal/observations/training/14/000464.json
 create mode 100644 experiments/stage4/R02/normal/observations/training/14/000480.json
 create mode 100644 experiments/stage4/R02/normal/observations/training/14/000496.json
 create mode 100644 experiments/stage4/R02/normal/observations/training/14/000512.json
 create mode 100644 experiments/stage4/R02/normal/observations/training/14/000528.json
 create mode 100644 experiments/stage4/R02/normal/observations/training/14/000544.json
 create mode 100644 experiments/stage4/R02/normal/observations/training/14/000560.json
 create mode 100644 experiments/stage4/R02/normal/observations/training/14/000576.json
 create mode 100644 experiments/stage4/R02/normal/observations/training/16/000000.json
 create mode 100644 experiments/stage4/R02/normal/observations/training/16/000016.json
 create mode 100644 experiments/stage4/R02/normal/observations/training/16/000032.json
 create mode 100644 experiments/stage4/R02/normal/observations/training/16/000048.json
 create mode 100644 experiments/stage4/R02/normal/observations/training/16/000064.json
 create mode 100644 experiments/stage4/R02/normal/observations/training/16/000080.json
 create mode 100644 experiments/stage4/R02/normal/observations/training/16/000096.json
 create mode 100644 experiments/stage4/R02/normal/observations/training/16/000112.json
 create mode 100644 experiments/stage4/R02/normal/observations/training/16/000128.json
 create mode 100644 experiments/stage4/R02/normal/observations/training/16/000144.json
 create mode 100644 experiments/stage4/R02/normal/observations/training/16/000160.json
 create mode 100644 experiments/stage4/R02/normal/observations/training/16/000176.json
 create mode 100644 experiments/stage4/R02/normal/observations/training/16/000192.json
 create mode 100644 experiments/stage4/R02/normal/observations/training/16/000208.json
 create mode 100644 experiments/stage4/R02/normal/observations/training/16/000224.json
 create mode 100644 experiments/stage4/R02/normal/observations/training/16/000240.json
 create mode 100644 experiments/stage4/R02/normal/observations/training/16/000256.json
 create mode 100644 experiments/stage4/R02/normal/observations/training/16/000272.json
 create mode 100644 experiments/stage4/R02/normal/observations/training/16/000288.json
 create mode 100644 experiments/stage4/R02/normal/observations/training/16/000304.json
 create mode 100644 experiments/stage4/R02/normal/observations/training/16/000320.json
 create mode 100644 experiments/stage4/R02/normal/observations/training/16/000336.json
 create mode 100644 experiments/stage4/R02/normal/observations/training/16/000352.json
 create mode 100644 experiments/stage4/R02/normal/observations/training/16/000368.json
 create mode 100644 experiments/stage4/R02/normal/observations/training/16/000384.json
 create mode 100644 experiments/stage4/R02/normal/observations/training/16/000400.json
 create mode 100644 experiments/stage4/R02/normal/observations/training/16/000416.json
 create mode 100644 experiments/stage4/R02/normal/observations/training/16/000432.json
 create mode 100644 experiments/stage4/R02/normal/observations/training/16/000448.json
 create mode 100644 experiments/stage4/R02/normal/observations/training/16/000464.json
 create mode 100644 experiments/stage4/R02/normal/observations/training/16/000480.json
 create mode 100644 experiments/stage4/R02/normal/observations/training/16/000496.json
 create mode 100644 experiments/stage4/R02/normal/observations/training/16/000512.json
 create mode 100644 experiments/stage4/R02/normal/observations/training/16/000528.json
 create mode 100644 experiments/stage4/R02/normal/observations/training/16/000544.json
 create mode 100644 experiments/stage4/R02/normal/observations/training/16/000560.json
 create mode 100644 experiments/stage4/R02/normal/observations/training/16/000576.json
 create mode 100644 experiments/stage4/R02/normal/observations/training/17/000000.json
 create mode 100644 experiments/stage4/R02/normal/observations/training/17/000016.json
 create mode 100644 experiments/stage4/R02/normal/observations/training/17/000032.json
 create mode 100644 experiments/stage4/R02/normal/observations/training/17/000048.json
 create mode 100644 experiments/stage4/R02/normal/observations/training/17/000064.json
 create mode 100644 experiments/stage4/R02/normal/observations/training/17/000080.json
 create mode 100644 experiments/stage4/R02/normal/observations/training/17/000096.json
 create mode 100644 experiments/stage4/R02/normal/observations/training/17/000112.json
 create mode 100644 experiments/stage4/R02/normal/observations/training/17/000128.json
 create mode 100644 experiments/stage4/R02/normal/observations/training/17/000144.json
 create mode 100644 experiments/stage4/R02/normal/observations/training/17/000160.json
 create mode 100644 experiments/stage4/R02/normal/observations/training/17/000176.json
 create mode 100644 experiments/stage4/R02/normal/observations/training/17/000192.json
 create mode 100644 experiments/stage4/R02/normal/observations/training/17/000208.json
 create mode 100644 experiments/stage4/R02/normal/observations/training/17/000224.json
 create mode 100644 experiments/stage4/R02/normal/observations/training/17/000240.json
 create mode 100644 experiments/stage4/R02/normal/observations/training/17/000256.json
 create mode 100644 experiments/stage4/R02/normal/observations/training/17/000272.json
 create mode 100644 experiments/stage4/R02/normal/observations/training/17/000288.json
 create mode 100644 experiments/stage4/R02/normal/observations/training/17/000304.json
 create mode 100644 experiments/stage4/R02/normal/observations/training/17/000320.json
 create mode 100644 experiments/stage4/R02/normal/observations/training/17/000336.json
 create mode 100644 experiments/stage4/R02/normal/observations/training/17/000352.json
 create mode 100644 experiments/stage4/R02/normal/observations/training/17/000368.json
 create mode 100644 experiments/stage4/R02/normal/observations/training/17/000384.json
 create mode 100644 experiments/stage4/R02/normal/observations/training/17/000400.json
 create mode 100644 experiments/stage4/R02/normal/observations/training/17/000416.json
 create mode 100644 experiments/stage4/R02/normal/observations/training/17/000432.json
 create mode 100644 experiments/stage4/R02/normal/observations/training/17/000448.json
 create mode 100644 experiments/stage4/R02/normal/observations/training/17/000464.json
 create mode 100644 experiments/stage4/R02/normal/observations/training/17/000480.json
 create mode 100644 experiments/stage4/R02/normal/observations/training/17/000496.json
 create mode 100644 experiments/stage4/R02/normal/observations/training/17/000512.json
 create mode 100644 experiments/stage4/R02/normal/observations/training/17/000528.json
 create mode 100644 experiments/stage4/R02/normal/observations/training/17/000544.json
 create mode 100644 experiments/stage4/R02/normal/observations/training/17/000560.json
 create mode 100644 experiments/stage4/R02/normal/observations/training/18/000000.json
 create mode 100644 experiments/stage4/R02/normal/observations/training/18/000016.json
 create mode 100644 experiments/stage4/R02/normal/observations/training/18/000032.json
 create mode 100644 experiments/stage4/R02/normal/observations/training/18/000048.json
 create mode 100644 experiments/stage4/R02/normal/observations/training/18/000064.json
 create mode 100644 experiments/stage4/R02/normal/observations/training/18/000080.json
 create mode 100644 experiments/stage4/R02/normal/observations/training/18/000096.json
 create mode 100644 experiments/stage4/R02/normal/observations/training/18/000112.json
 create mode 100644 experiments/stage4/R02/normal/observations/training/18/000128.json
 create mode 100644 experiments/stage4/R02/normal/observations/training/18/000144.json
 create mode 100644 experiments/stage4/R02/normal/observations/training/18/000160.json
 create mode 100644 experiments/stage4/R02/normal/observations/training/18/000176.json
 create mode 100644 experiments/stage4/R02/normal/observations/training/18/000192.json
 create mode 100644 experiments/stage4/R02/normal/observations/training/18/000208.json
 create mode 100644 experiments/stage4/R02/normal/observations/training/18/000224.json
 create mode 100644 experiments/stage4/R02/normal/observations/training/18/000240.json
 create mode 100644 experiments/stage4/R02/normal/observations/training/18/000256.json
 create mode 100644 experiments/stage4/R02/normal/observations/training/18/000272.json
 create mode 100644 experiments/stage4/R02/normal/observations/training/18/000288.json
 create mode 100644 experiments/stage4/R02/normal/observations/training/18/000304.json
 create mode 100644 experiments/stage4/R02/normal/observations/training/18/000320.json
 create mode 100644 experiments/stage4/R02/normal/observations/training/18/000336.json
 create mode 100644 experiments/stage4/R02/normal/observations/training/18/000352.json
 create mode 100644 experiments/stage4/R02/normal/observations/training/18/000368.json
 create mode 100644 experiments/stage4/R02/normal/observations/training/18/000384.json
 create mode 100644 experiments/stage4/R02/normal/observations/training/18/000400.json
 create mode 100644 experiments/stage4/R02/normal/observations/training/18/000416.json
 create mode 100644 experiments/stage4/R02/normal/observations/training/18/000432.json
 create mode 100644 experiments/stage4/R02/normal/observations/training/18/000448.json
 create mode 100644 experiments/stage4/R02/normal/observations/training/18/000464.json
 create mode 100644 experiments/stage4/R02/normal/observations/training/18/000480.json
 create mode 100644 experiments/stage4/R02/normal/observations/training/18/000496.json
 create mode 100644 experiments/stage4/R02/normal/observations/training/18/000512.json
 create mode 100644 experiments/stage4/R02/normal/observations/training/18/000528.json
 create mode 100644 experiments/stage4/R02/normal/observations/training/18/000544.json
 create mode 100644 experiments/stage4/R02/normal/observations/training/18/000560.json
 create mode 100644 experiments/stage4/R02/normal/observations/training/18/000576.json
 create mode 100644 experiments/stage4/R02/normal/observations/training/19/000000.json
 create mode 100644 experiments/stage4/R02/normal/observations/training/19/000016.json
 create mode 100644 experiments/stage4/R02/normal/observations/training/19/000032.json
 create mode 100644 experiments/stage4/R02/normal/observations/training/19/000048.json
 create mode 100644 experiments/stage4/R02/normal/observations/training/19/000064.json
 create mode 100644 experiments/stage4/R02/normal/observations/training/19/000080.json
 create mode 100644 experiments/stage4/R02/normal/observations/training/19/000096.json
 create mode 100644 experiments/stage4/R02/normal/observations/training/19/000112.json
 create mode 100644 experiments/stage4/R02/normal/observations/training/19/000128.json
 create mode 100644 experiments/stage4/R02/normal/observations/training/19/000144.json
 create mode 100644 experiments/stage4/R02/normal/observations/training/19/000160.json
 create mode 100644 experiments/stage4/R02/normal/observations/training/19/000176.json
 create mode 100644 experiments/stage4/R02/normal/observations/training/19/000192.json
 create mode 100644 experiments/stage4/R02/normal/observations/training/19/000208.json
 create mode 100644 experiments/stage4/R02/normal/observations/training/19/000224.json
 create mode 100644 experiments/stage4/R02/normal/observations/training/19/000240.json
 create mode 100644 experiments/stage4/R02/normal/observations/training/19/000256.json
 create mode 100644 experiments/stage4/R02/normal/observations/training/19/000272.json
 create mode 100644 experiments/stage4/R02/normal/observations/training/19/000288.json
 create mode 100644 experiments/stage4/R02/normal/observations/training/19/000304.json
 create mode 100644 experiments/stage4/R02/normal/observations/training/19/000320.json
 create mode 100644 experiments/stage4/R02/normal/observations/training/19/000336.json
 create mode 100644 experiments/stage4/R02/normal/observations/training/19/000352.json
 create mode 100644 experiments/stage4/R02/normal/observations/training/19/000368.json
 create mode 100644 experiments/stage4/R02/normal/observations/training/19/000384.json
 create mode 100644 experiments/stage4/R02/normal/observations/training/19/000400.json
 create mode 100644 experiments/stage4/R02/normal/observations/training/19/000416.json
 create mode 100644 experiments/stage4/R02/normal/observations/training/19/000432.json
 create mode 100644 experiments/stage4/R02/normal/observations/training/19/000448.json
 create mode 100644 experiments/stage4/R02/normal/observations/training/19/000464.json
 create mode 100644 experiments/stage4/R02/normal/observations/training/19/000480.json
 create mode 100644 experiments/stage4/R02/normal/observations/training/19/000496.json
 create mode 100644 experiments/stage4/R02/normal/observations/training/19/000512.json
 create mode 100644 experiments/stage4/R02/normal/observations/training/19/000528.json
 create mode 100644 experiments/stage4/R02/normal/observations/training/19/000544.json
 create mode 100644 experiments/stage4/R02/normal/observations/training/19/000560.json
 create mode 100644 experiments/stage4/R02/normal/observations/training/19/000576.json
 create mode 100644 experiments/stage4/R02/normal/observations/training/19/000592.json
 create mode 100644 experiments/stage4/R02/normal/observations/training/20/000000.json
 create mode 100644 experiments/stage4/R02/normal/observations/training/20/000016.json
 create mode 100644 experiments/stage4/R02/normal/observations/training/20/000032.json
 create mode 100644 experiments/stage4/R02/normal/observations/training/20/000048.json
 create mode 100644 experiments/stage4/R02/normal/observations/training/20/000064.json
 create mode 100644 experiments/stage4/R02/normal/observations/training/20/000080.json
 create mode 100644 experiments/stage4/R02/normal/observations/training/20/000096.json
 create mode 100644 experiments/stage4/R02/normal/observations/training/20/000112.json
 create mode 100644 experiments/stage4/R02/normal/observations/training/20/000128.json
 create mode 100644 experiments/stage4/R02/normal/observations/training/20/000144.json
 create mode 100644 experiments/stage4/R02/normal/observations/training/20/000160.json
 create mode 100644 experiments/stage4/R02/normal/observations/training/20/000176.json
 create mode 100644 experiments/stage4/R02/normal/observations/training/20/000192.json
 create mode 100644 experiments/stage4/R02/normal/observations/training/20/000208.json
 create mode 100644 experiments/stage4/R02/normal/observations/training/20/000224.json
 create mode 100644 experiments/stage4/R02/normal/observations/training/20/000240.json
 create mode 100644 experiments/stage4/R02/normal/observations/training/20/000256.json
 create mode 100644 experiments/stage4/R02/normal/observations/training/20/000272.json
 create mode 100644 experiments/stage4/R02/normal/observations/training/20/000288.json
 create mode 100644 experiments/stage4/R02/normal/observations/training/20/000304.json
 create mode 100644 experiments/stage4/R02/normal/observations/training/20/000320.json
 create mode 100644 experiments/stage4/R02/normal/observations/training/20/000336.json
 create mode 100644 experiments/stage4/R02/normal/observations/training/20/000352.json
 create mode 100644 experiments/stage4/R02/normal/observations/training/20/000368.json
 create mode 100644 experiments/stage4/R02/normal/observations/training/20/000384.json
 create mode 100644 experiments/stage4/R02/normal/observations/training/20/000400.json
 create mode 100644 experiments/stage4/R02/normal/observations/training/20/000416.json
 create mode 100644 experiments/stage4/R02/normal/observations/training/20/000432.json
 create mode 100644 experiments/stage4/R02/normal/observations/training/20/000448.json
 create mode 100644 experiments/stage4/R02/normal/observations/training/20/000464.json
 create mode 100644 experiments/stage4/R02/normal/observations/training/20/000480.json
 create mode 100644 experiments/stage4/R02/normal/observations/training/20/000496.json
 create mode 100644 experiments/stage4/R02/normal/observations/training/20/000512.json
 create mode 100644 experiments/stage4/R02/normal/observations/training/20/000528.json
 create mode 100644 experiments/stage4/R02/normal/observations/training/20/000544.json
 create mode 100644 experiments/stage4/R02/normal/observations/training/20/000560.json
 create mode 100644 experiments/stage4/R02/normal/observations/training/20/000576.json
 create mode 100644 experiments/stage4/R02/normal/observations/training/20/000592.json
 create mode 100644 experiments/stage4/R02/normal/observations/training/20/000608.json
 create mode 100644 experiments/stage4/R02/normal/observations/training/22/000000.json
 create mode 100644 experiments/stage4/R02/normal/observations/training/22/000016.json
 create mode 100644 experiments/stage4/R02/normal/observations/training/22/000032.json
 create mode 100644 experiments/stage4/R02/normal/observations/training/22/000048.json
 create mode 100644 experiments/stage4/R02/normal/observations/training/22/000064.json
 create mode 100644 experiments/stage4/R02/normal/observations/training/22/000080.json
 create mode 100644 experiments/stage4/R02/normal/observations/training/22/000096.json
 create mode 100644 experiments/stage4/R02/normal/observations/training/22/000112.json
 create mode 100644 experiments/stage4/R02/normal/observations/training/22/000128.json
 create mode 100644 experiments/stage4/R02/normal/observations/training/22/000144.json
 create mode 100644 experiments/stage4/R02/normal/observations/training/22/000160.json
 create mode 100644 experiments/stage4/R02/normal/observations/training/22/000176.json
 create mode 100644 experiments/stage4/R02/normal/observations/training/22/000192.json
 create mode 100644 experiments/stage4/R02/normal/observations/training/22/000208.json
 create mode 100644 experiments/stage4/R02/normal/observations/training/22/000224.json
 create mode 100644 experiments/stage4/R02/normal/observations/training/22/000240.json
 create mode 100644 experiments/stage4/R02/normal/observations/training/22/000256.json
 create mode 100644 experiments/stage4/R02/normal/observations/training/22/000272.json
 create mode 100644 experiments/stage4/R02/normal/observations/training/22/000288.json
 create mode 100644 experiments/stage4/R02/normal/observations/training/22/000304.json
 create mode 100644 experiments/stage4/R02/normal/observations/training/22/000320.json
 create mode 100644 experiments/stage4/R02/normal/observations/training/22/000336.json
 create mode 100644 experiments/stage4/R02/normal/observations/training/22/000352.json
 create mode 100644 experiments/stage4/R02/normal/observations/training/22/000368.json
 create mode 100644 experiments/stage4/R02/normal/observations/training/22/000384.json
 create mode 100644 experiments/stage4/R02/normal/observations/training/22/000400.json
 create mode 100644 experiments/stage4/R02/normal/observations/training/22/000416.json
 create mode 100644 experiments/stage4/R02/normal/observations/training/22/000432.json
 create mode 100644 experiments/stage4/R02/normal/observations/training/22/000448.json
 create mode 100644 experiments/stage4/R02/normal/observations/training/22/000464.json
 create mode 100644 experiments/stage4/R02/normal/observations/training/22/000480.json
 create mode 100644 experiments/stage4/R02/normal/observations/training/22/000496.json
 create mode 100644 experiments/stage4/R02/normal/observations/training/22/000512.json
 create mode 100644 experiments/stage4/R02/normal/observations/training/22/000528.json
 create mode 100644 experiments/stage4/R02/normal/observations/training/22/000544.json
 create mode 100644 experiments/stage4/R02/normal/observations/training/22/000560.json
 create mode 100644 experiments/stage4/R02/normal/observations/training/22/000576.json
 create mode 100644 experiments/stage4/R02/normal/observations/training/22/000592.json
 create mode 100644 experiments/stage4/R02/normal/observations/training/25/000000.json
 create mode 100644 experiments/stage4/R02/normal/observations/training/25/000016.json
 create mode 100644 experiments/stage4/R02/normal/observations/training/25/000032.json
 create mode 100644 experiments/stage4/R02/normal/observations/training/25/000048.json
 create mode 100644 experiments/stage4/R02/normal/observations/training/25/000064.json
 create mode 100644 experiments/stage4/R02/normal/observations/training/25/000080.json
 create mode 100644 experiments/stage4/R02/normal/observations/training/25/000096.json
 create mode 100644 experiments/stage4/R02/normal/observations/training/25/000112.json
 create mode 100644 experiments/stage4/R02/normal/observations/training/25/000128.json
 create mode 100644 experiments/stage4/R02/normal/observations/training/25/000144.json
 create mode 100644 experiments/stage4/R02/normal/observations/training/25/000160.json
 create mode 100644 experiments/stage4/R02/normal/observations/training/25/000176.json
 create mode 100644 experiments/stage4/R02/normal/observations/training/25/000192.json
 create mode 100644 experiments/stage4/R02/normal/observations/training/25/000208.json
 create mode 100644 experiments/stage4/R02/normal/observations/training/25/000224.json
 create mode 100644 experiments/stage4/R02/normal/observations/training/25/000240.json
 create mode 100644 experiments/stage4/R02/normal/observations/training/25/000256.json
 create mode 100644 experiments/stage4/R02/normal/observations/training/25/000272.json
 create mode 100644 experiments/stage4/R02/normal/observations/training/25/000288.json
 create mode 100644 experiments/stage4/R02/normal/observations/training/25/000304.json
 create mode 100644 experiments/stage4/R02/normal/observations/training/25/000320.json
 create mode 100644 experiments/stage4/R02/normal/observations/training/25/000336.json
 create mode 100644 experiments/stage4/R02/normal/observations/training/25/000352.json
 create mode 100644 experiments/stage4/R02/normal/observations/training/25/000368.json
 create mode 100644 experiments/stage4/R02/normal/observations/training/25/000384.json
 create mode 100644 experiments/stage4/R02/normal/observations/training/25/000400.json
 create mode 100644 experiments/stage4/R02/normal/observations/training/25/000416.json
 create mode 100644 experiments/stage4/R02/normal/observations/training/25/000432.json
 create mode 100644 experiments/stage4/R02/normal/observations/training/25/000448.json
 create mode 100644 experiments/stage4/R02/normal/observations/training/25/000464.json
 create mode 100644 experiments/stage4/R02/normal/observations/training/25/000480.json
 create mode 100644 experiments/stage4/R02/normal/observations/training/25/000496.json
 create mode 100644 experiments/stage4/R02/normal/observations/training/25/000512.json
 create mode 100644 experiments/stage4/R02/normal/observations/training/25/000528.json
 create mode 100644 experiments/stage4/R02/normal/observations/training/25/000544.json
 create mode 100644 experiments/stage4/R02/normal/observations/training/25/000560.json
 create mode 100644 experiments/stage4/R02/normal/observations/training/25/000576.json
 create mode 100644 experiments/stage4/R02/normal/observations/training/29/000000.json
 create mode 100644 experiments/stage4/R02/normal/observations/training/29/000016.json
 create mode 100644 experiments/stage4/R02/normal/observations/training/29/000032.json
 create mode 100644 experiments/stage4/R02/normal/observations/training/29/000048.json
 create mode 100644 experiments/stage4/R02/normal/observations/training/29/000064.json
 create mode 100644 experiments/stage4/R02/normal/observations/training/29/000080.json
 create mode 100644 experiments/stage4/R02/normal/observations/training/29/000096.json
 create mode 100644 experiments/stage4/R02/normal/observations/training/29/000112.json
 create mode 100644 experiments/stage4/R02/normal/observations/training/29/000128.json
 create mode 100644 experiments/stage4/R02/normal/observations/training/29/000144.json
 create mode 100644 experiments/stage4/R02/normal/observations/training/29/000160.json
 create mode 100644 experiments/stage4/R02/normal/observations/training/29/000176.json
 create mode 100644 experiments/stage4/R02/normal/observations/training/29/000192.json
 create mode 100644 experiments/stage4/R02/normal/observations/training/29/000208.json
 create mode 100644 experiments/stage4/R02/normal/observations/training/29/000224.json
 create mode 100644 experiments/stage4/R02/normal/observations/training/29/000240.json
 create mode 100644 experiments/stage4/R02/normal/observations/training/29/000256.json
 create mode 100644 experiments/stage4/R02/normal/observations/training/29/000272.json
 create mode 100644 experiments/stage4/R02/normal/observations/training/29/000288.json
 create mode 100644 experiments/stage4/R02/normal/observations/training/29/000304.json
 create mode 100644 experiments/stage4/R02/normal/observations/training/29/000320.json
 create mode 100644 experiments/stage4/R02/normal/observations/training/29/000336.json
 create mode 100644 experiments/stage4/R02/normal/observations/training/29/000352.json
 create mode 100644 experiments/stage4/R02/normal/observations/training/29/000368.json
 create mode 100644 experiments/stage4/R02/normal/observations/training/29/000384.json
 create mode 100644 experiments/stage4/R02/normal/observations/training/29/000400.json
 create mode 100644 experiments/stage4/R02/normal/observations/training/29/000416.json
 create mode 100644 experiments/stage4/R02/normal/observations/training/29/000432.json
 create mode 100644 experiments/stage4/R02/normal/observations/training/29/000448.json
 create mode 100644 experiments/stage4/R02/normal/observations/training/29/000464.json
 create mode 100644 experiments/stage4/R02/normal/observations/training/29/000480.json
 create mode 100644 experiments/stage4/R02/normal/observations/training/29/000496.json
 create mode 100644 experiments/stage4/R02/normal/observations/training/29/000512.json
 create mode 100644 experiments/stage4/R02/normal/observations/training/29/000528.json
 create mode 100644 experiments/stage4/R02/normal/observations/training/29/000544.json
 create mode 100644 experiments/stage4/R02/normal/observations/training/29/000560.json
 create mode 100644 experiments/stage4/R02/normal/observations/training/29/000576.json
 create mode 100644 experiments/stage4/R02/normal/observations/training/30/000000.json
 create mode 100644 experiments/stage4/R02/normal/observations/training/30/000016.json
 create mode 100644 experiments/stage4/R02/normal/observations/training/30/000032.json
 create mode 100644 experiments/stage4/R02/normal/observations/training/30/000048.json
 create mode 100644 experiments/stage4/R02/normal/observations/training/30/000064.json
 create mode 100644 experiments/stage4/R02/normal/observations/training/30/000080.json
 create mode 100644 experiments/stage4/R02/normal/observations/training/30/000096.json
 create mode 100644 experiments/stage4/R02/normal/observations/training/30/000112.json
 create mode 100644 experiments/stage4/R02/normal/observations/training/30/000128.json
 create mode 100644 experiments/stage4/R02/normal/observations/training/30/000144.json
 create mode 100644 experiments/stage4/R02/normal/observations/training/30/000160.json
 create mode 100644 experiments/stage4/R02/normal/observations/training/30/000176.json
 create mode 100644 experiments/stage4/R02/normal/observations/training/30/000192.json
 create mode 100644 experiments/stage4/R02/normal/observations/training/30/000208.json
 create mode 100644 experiments/stage4/R02/normal/observations/training/30/000224.json
 create mode 100644 experiments/stage4/R02/normal/observations/training/30/000240.json
 create mode 100644 experiments/stage4/R02/normal/observations/training/30/000256.json
 create mode 100644 experiments/stage4/R02/normal/observations/training/30/000272.json
 create mode 100644 experiments/stage4/R02/normal/observations/training/30/000288.json
 create mode 100644 experiments/stage4/R02/normal/observations/training/30/000304.json
 create mode 100644 experiments/stage4/R02/normal/observations/training/30/000320.json
 create mode 100644 experiments/stage4/R02/normal/observations/training/30/000336.json
 create mode 100644 experiments/stage4/R02/normal/observations/training/30/000352.json
 create mode 100644 experiments/stage4/R02/normal/observations/training/30/000368.json
 create mode 100644 experiments/stage4/R02/normal/observations/training/30/000384.json
 create mode 100644 experiments/stage4/R02/normal/observations/training/30/000400.json
 create mode 100644 experiments/stage4/R02/normal/observations/training/30/000416.json
 create mode 100644 experiments/stage4/R02/normal/observations/training/30/000432.json
 create mode 100644 experiments/stage4/R02/normal/observations/training/30/000448.json
 create mode 100644 experiments/stage4/R02/normal/observations/training/30/000464.json
 create mode 100644 experiments/stage4/R02/normal/observations/training/30/000480.json
 create mode 100644 experiments/stage4/R02/normal/observations/training/30/000496.json
 create mode 100644 experiments/stage4/R02/normal/observations/training/30/000512.json
 create mode 100644 experiments/stage4/R02/normal/observations/training/30/000528.json
 create mode 100644 experiments/stage4/R02/normal/observations/training/30/000544.json
 create mode 100644 experiments/stage4/R02/normal/observations/training/30/000560.json
 create mode 100644 experiments/stage4/R02/normal/packages.txt
 create mode 100644 experiments/stage4/R02/normal/questions.txt
 create mode 100644 experiments/stage4/R02/normal/revisions/001_bounded_summary_fallback/frozen.json
 create mode 100644 experiments/stage4/R02/normal/revisions/001_bounded_summary_fallback/status.json
 create mode 100644 experiments/stage4/R02/normal/revisions/001_bounded_summary_fallback/verification.json
 create mode 100644 experiments/stage4/R02/normal/revisions/002_unnamed_single_verdict/build_vera_normal_context_v2.py
 create mode 100644 experiments/stage4/R02/normal/revisions/002_unnamed_single_verdict/frozen.json
 create mode 100644 experiments/stage4/R02/normal/revisions/002_unnamed_single_verdict/rules.json
 create mode 100644 experiments/stage4/R02/normal/revisions/002_unnamed_single_verdict/status.json
 create mode 100644 experiments/stage4/R02/normal/revisions/002_unnamed_single_verdict/support_checks/N1/testing/01/000000.json
 create mode 100644 experiments/stage4/R02/normal/revisions/002_unnamed_single_verdict/support_checks/N1/training/02/000000.json
 create mode 100644 experiments/stage4/R02/normal/revisions/002_unnamed_single_verdict/support_checks/N1/training/04/000000.json
 create mode 100644 experiments/stage4/R02/normal/revisions/002_unnamed_single_verdict/support_checks/N2/training/02/000000.json
 create mode 100644 experiments/stage4/R02/normal/revisions/002_unnamed_single_verdict/support_checks/N2/training/04/000000.json
 create mode 100644 experiments/stage4/R02/normal/revisions/002_unnamed_single_verdict/support_checks/N2/training/07/000000.json
 create mode 100644 experiments/stage4/R02/normal/revisions/002_unnamed_single_verdict/support_checks/N3/training/11/000000.json
 create mode 100644 experiments/stage4/R02/normal/revisions/002_unnamed_single_verdict/support_checks/N3/training/12/000000.json
 create mode 100644 experiments/stage4/R02/normal/revisions/002_unnamed_single_verdict/support_checks/N3/training/13/000000.json
 create mode 100644 experiments/stage4/R02/normal/revisions/002_unnamed_single_verdict/support_checks/N4/training/14/000000.json
 create mode 100644 experiments/stage4/R02/normal/revisions/002_unnamed_single_verdict/support_checks/N4/training/16/000000.json
 create mode 100644 experiments/stage4/R02/normal/revisions/002_unnamed_single_verdict/support_checks/N4/training/17/000000.json
 create mode 100644 experiments/stage4/R02/normal/revisions/002_unnamed_single_verdict/support_checks/N5/training/19/000000.json
 create mode 100644 experiments/stage4/R02/normal/revisions/002_unnamed_single_verdict/support_checks/N5/training/20/000000.json
 create mode 100644 experiments/stage4/R02/normal/revisions/002_unnamed_single_verdict/support_checks/N5/training/22/000000.json
 create mode 100644 experiments/stage4/R02/normal/revisions/002_unnamed_single_verdict/verification.json
 create mode 100644 experiments/stage4/R02/normal/rules.json
 create mode 100644 experiments/stage4/R02/normal/runtime_summary.json
 create mode 100644 experiments/stage4/R02/normal/status.json
 create mode 100644 experiments/stage4/R02/normal/summary_fallbacks.jsonl
 create mode 100644 experiments/stage4/R02/normal/support_checks/N1/testing/01/000000.json
 create mode 100644 experiments/stage4/R02/normal/support_checks/N1/training/02/000000.json
 create mode 100644 experiments/stage4/R02/normal/support_checks/N1/training/04/000000.json
 create mode 100644 experiments/stage4/R02/normal/support_checks/N2/training/02/000000.json
 create mode 100644 experiments/stage4/R02/normal/support_checks/N2/training/04/000000.json
 create mode 100644 experiments/stage4/R02/normal/support_checks/N2/training/07/000000.json
 create mode 100644 experiments/stage4/R02/normal/support_checks/N3/training/11/000000.json
 create mode 100644 experiments/stage4/R02/normal/support_checks/N3/training/12/000000.json
 create mode 100644 experiments/stage4/R02/normal/support_checks/N3/training/13/000000.json
 create mode 100644 experiments/stage4/R02/normal/support_checks/N4/training/14/000000.json
 create mode 100644 experiments/stage4/R02/normal/support_checks/N4/training/16/000000.json
 create mode 100644 experiments/stage4/R02/normal/support_checks/N4/training/17/000000.json
 create mode 100644 experiments/stage4/R02/normal/support_checks/N5/training/19/000000.json
 create mode 100644 experiments/stage4/R02/normal/support_checks/N5/training/20/000000.json
 create mode 100644 experiments/stage4/R02/normal/support_checks/N5/training/22/000000.json
 create mode 100644 experiments/stage4/R02/normal/support_verification.json
 create mode 100644 experiments/stage4/R02/normal/video_summaries/testing/01.json
 create mode 100644 experiments/stage4/R02/normal/video_summaries/training/02.json
 create mode 100644 experiments/stage4/R02/normal/video_summaries/training/04.json
 create mode 100644 experiments/stage4/R02/normal/video_summaries/training/07.json
 create mode 100644 experiments/stage4/R02/normal/video_summaries/training/11.json
 create mode 100644 experiments/stage4/R02/normal/video_summaries/training/12.json
 create mode 100644 experiments/stage4/R02/normal/video_summaries/training/13.json
 create mode 100644 experiments/stage4/R02/normal/video_summaries/training/14.json
 create mode 100644 experiments/stage4/R02/normal/video_summaries/training/16.json
 create mode 100644 experiments/stage4/R02/normal/video_summaries/training/17.json
 create mode 100644 experiments/stage4/R02/normal/video_summaries/training/18.json
 create mode 100644 experiments/stage4/R02/normal/video_summaries/training/19.json
 create mode 100644 experiments/stage4/R02/normal/video_summaries/training/20.json
 create mode 100644 experiments/stage4/R02/normal/video_summaries/training/22.json
 create mode 100644 experiments/stage4/R02/normal/video_summaries/training/25.json
 create mode 100644 experiments/stage4/R02/normal/video_summaries/training/29.json
 create mode 100644 experiments/stage4/R02/normal/video_summaries/training/30.json
 create mode 100644 experiments/stage4/R02/normal/visual_check_failures.jsonl
 create mode 100644 experiments/stage4/execution/R02_normal/20260927T133016Z_442a1f92/command.json
 create mode 100644 experiments/stage4/execution/R02_normal/20260927T133016Z_442a1f92/output.log
 create mode 100644 experiments/stage4/execution/R02_normal/20260927T135830Z_900b0315/command.json
 create mode 100644 experiments/stage4/execution/R02_normal/20260927T135830Z_900b0315/output.log
 create mode 100644 experiments/stage4/execution/R02_normal_audit/20260927T141115Z_03af12f4/command.json
 create mode 100644 experiments/stage4/execution/R02_normal_audit/20260927T141115Z_03af12f4/output.log
 create mode 100644 experiments/stage4/execution/R02_normal_report/20260927T141117Z_82123364/command.json
 create mode 100644 experiments/stage4/execution/R02_normal_report/20260927T141117Z_82123364/output.log
 create mode 100644 experiments/stage4/execution/R02_normal_resume/20260927T134443Z_2bee7188/command.json
 create mode 100644 experiments/stage4/execution/R02_normal_resume/20260927T134443Z_2bee7188/output.log
 create mode 100644 experiments/stage4/execution/bounded_summary_regression/20260927T134409Z_911f50c8/command.json
 create mode 100644 experiments/stage4/execution/bounded_summary_regression/20260927T134409Z_911f50c8/output.log
 create mode 100644 experiments/stage4/execution/unnamed_single_regression/20260927T135736Z_68319bd8/command.json
 create mode 100644 experiments/stage4/execution/unnamed_single_regression/20260927T135736Z_68319bd8/output.log
 create mode 100644 scripts/build_vera_normal_context_v2.py
{
  "stage": "stage4_R02_normal",
  "commit": "31ddbaf33e051f2679b880776e5fc5914850ec65",
  "remote": "https://github.com/PigeonLabs/KNU_Capstone1_VAD_VERA.git",
  "branch": "main",
  "push_exit_code": 0,
  "push_stdout": "",
  "push_stderr": "To https://github.com/PigeonLabs/KNU_Capstone1_VAD_VERA.git\n   7e7b9d0..31ddbaf  HEAD -> main\n",
  "finished_utc": "2026-09-27T14:11:24.074816+00:00",
  "remote_commit": "31ddbaf33e051f2679b880776e5fc5914850ec65",
  "verified": true
}
{'scene': 'R02', 'step': 'evaluation'}
/home/jeong/Desktop/IPAD/cache/vera/venv/lib/python3.13/site-packages/timm/models/layers/__init__.py:49: FutureWarning: Importing from timm.models.layers is deprecated, please import via timm.layers
  warnings.warn(f"Importing from {__name__} is deprecated, please import via timm.layers", FutureWarning)
InternLM2ForCausalLM has generative capabilities, as `prepare_inputs_for_generation` is explicitly overwritten. However, it doesn't directly inherit from `GenerationMixin`. From 👉v4.50👈 onwards, `PreTrainedModel` will NOT inherit from `GenerationMixin`, and this model will lose the ability to call `generate` and other related functions.
  - If you're using `trust_remote_code=True`, you can get rid of this warning by loading the model with an auto class. See https://huggingface.co/docs/transformers/en/model_doc/auto#auto-classes
  - If you are the owner of the model architecture code, please modify your model class such that it inherits from `GenerationMixin` (after `PreTrainedModel`, otherwise you'll get an exception).
  - If you are not the owner of the model architecture class, please contact the model code owner to update it.
FlashAttention2 is not installed.
Warning: Flash attention is not available, using eager attention instead.
Loading checkpoint shards:   0%|          | 0/4 [00:00<?, ?it/s]Loading checkpoint shards: 100%|██████████| 4/4 [00:00<00:00, 106.16it/s]
{"event": "condition_video_complete", "scene": "R02", "condition": "B", "video": "R02/training/05"}
{"event": "condition_video_complete", "scene": "R02", "condition": "B", "video": "R02/training/09"}
{"event": "condition_video_complete", "scene": "R02", "condition": "B", "video": "R02/training/10"}
{"event": "condition_video_complete", "scene": "R02", "condition": "B", "video": "R02/training/23"}
{"event": "condition_video_complete", "scene": "R02", "condition": "B", "video": "R02/training/26"}
{"event": "condition_video_complete", "scene": "R02", "condition": "B", "video": "R02/training/28"}
{"event": "condition_video_complete", "scene": "R02", "condition": "B", "video": "R02/testing/02"}
{"event": "condition_video_complete", "scene": "R02", "condition": "B", "video": "R02/testing/05"}
{"event": "condition_video_complete", "scene": "R02", "condition": "B", "video": "R02/testing/07"}
{"event": "condition_video_complete", "scene": "R02", "condition": "C", "video": "R02/training/05"}
{"event": "condition_video_complete", "scene": "R02", "condition": "C", "video": "R02/training/09"}
{"event": "condition_video_complete", "scene": "R02", "condition": "C", "video": "R02/training/10"}
{"event": "condition_video_complete", "scene": "R02", "condition": "C", "video": "R02/training/23"}
{"event": "condition_video_complete", "scene": "R02", "condition": "C", "video": "R02/training/26"}
{"event": "condition_video_complete", "scene": "R02", "condition": "C", "video": "R02/training/28"}
{"event": "condition_video_complete", "scene": "R02", "condition": "C", "video": "R02/testing/02"}
{"event": "condition_video_complete", "scene": "R02", "condition": "C", "video": "R02/testing/05"}
{"event": "condition_video_complete", "scene": "R02", "condition": "C", "video": "R02/testing/07"}
{
  "event": "evaluation_complete",
  "scene": "R02",
  "metrics": {
    "A": {
      "initial": {
        "frames": 5284,
        "positive_frames": 418,
        "auroc": 50.0,
        "ap": 7.910673732021197
      },
      "retrieved": {
        "frames": 5284,
        "positive_frames": 418,
        "auroc": 50.0,
        "ap": 7.910673732021197
      },
      "smoothed": {
        "frames": 5284,
        "positive_frames": 418,
        "auroc": 50.0,
        "ap": 7.910673732021197
      },
      "final": {
        "frames": 5284,
        "positive_frames": 418,
        "auroc": 50.0,
        "ap": 7.910673732021197
      },
      "initial_binary": {
        "tp": 0,
        "fp": 0,
        "tn": 4866,
        "fn": 418,
        "accuracy": 0.920893262679788,
        "recall": 0.0,
        "fpr": 0.0
      }
    },
    "B": {
      "initial": {
        "frames": 5284,
        "positive_frames": 418,
        "auroc": 49.83559391697493,
        "ap": 7.910673732021197
      },
      "retrieved": {
        "frames": 5284,
        "positive_frames": 418,
        "auroc": 49.67118783394985,
        "ap": 7.910673732021197
      },
      "smoothed": {
        "frames": 5284,
        "positive_frames": 418,
        "auroc": 47.36950267159885,
        "ap": 7.910673732021197
      },
      "final": {
        "frames": 5284,
        "positive_frames": 418,
        "auroc": 47.36950267159885,
        "ap": 7.910673732021197
      },
      "initial_binary": {
        "tp": 0,
        "fp": 16,
        "tn": 4850,
        "fn": 418,
        "accuracy": 0.9178652535957608,
        "recall": 0.0,
        "fpr": 0.0032881216605014385
      }
    },
    "C": {
      "initial": {
        "frames": 5284,
        "positive_frames": 418,
        "auroc": 50.0,
        "ap": 7.910673732021197
      },
      "retrieved": {
        "frames": 5284,
        "positive_frames": 418,
        "auroc": 50.0,
        "ap": 7.910673732021197
      },
      "smoothed": {
        "frames": 5284,
        "positive_frames": 418,
        "auroc": 50.0,
        "ap": 7.910673732021197
      },
      "final": {
        "frames": 5284,
        "positive_frames": 418,
        "auroc": 50.0,
        "ap": 7.910673732021197
      },
      "initial_binary": {
        "tp": 0,
        "fp": 0,
        "tn": 4866,
        "fn": 418,
        "accuracy": 0.920893262679788,
        "recall": 0.0,
        "fpr": 0.0
      }
    }
  }
}
Execution evidence: experiments/stage4/execution/R02_evaluation/20260927T141124Z_48541c5e
{
  "status": "passed",
  "scene": "R02",
  "videos": 9,
  "frames_per_condition": 5284,
  "three_conditions_exact_support": true,
  "four_score_stage_metrics_recomputed": true,
  "binary_confusion_recomputed": true,
  "prompts_and_sources_verified": true,
  "cached_baseline_and_features_verified": true
}
Execution evidence: experiments/stage4/execution/R02_evaluation_audit/20260927T143644Z_a20e256f
Reported stage4_R02_evaluation
Execution evidence: experiments/stage4/execution/R02_evaluation_report/20260927T143647Z_6752fd3e
Publication audit: 4442 files, 75238786 bytes
[main 78ae275] 4단계 R02: 독립 A/B/C 평가·검산 완료
 732 files changed, 77621 insertions(+), 7 deletions(-)
 create mode 100644 experiments/stage4/R02/evaluation/calls.jsonl
 create mode 100644 experiments/stage4/R02/evaluation/environment.json
 create mode 100644 experiments/stage4/R02/evaluation/events.jsonl
 create mode 100644 experiments/stage4/R02/evaluation/frame_scores.csv
 create mode 100644 experiments/stage4/R02/evaluation/frozen.json
 create mode 100644 experiments/stage4/R02/evaluation/gpu.txt
 create mode 100644 experiments/stage4/R02/evaluation/independent_verification.json
 create mode 100644 experiments/stage4/R02/evaluation/inference/B/testing/02/000000.json
 create mode 100644 experiments/stage4/R02/evaluation/inference/B/testing/02/000016.json
 create mode 100644 experiments/stage4/R02/evaluation/inference/B/testing/02/000032.json
 create mode 100644 experiments/stage4/R02/evaluation/inference/B/testing/02/000048.json
 create mode 100644 experiments/stage4/R02/evaluation/inference/B/testing/02/000064.json
 create mode 100644 experiments/stage4/R02/evaluation/inference/B/testing/02/000080.json
 create mode 100644 experiments/stage4/R02/evaluation/inference/B/testing/02/000096.json
 create mode 100644 experiments/stage4/R02/evaluation/inference/B/testing/02/000112.json
 create mode 100644 experiments/stage4/R02/evaluation/inference/B/testing/02/000128.json
 create mode 100644 experiments/stage4/R02/evaluation/inference/B/testing/02/000144.json
 create mode 100644 experiments/stage4/R02/evaluation/inference/B/testing/02/000160.json
 create mode 100644 experiments/stage4/R02/evaluation/inference/B/testing/02/000176.json
 create mode 100644 experiments/stage4/R02/evaluation/inference/B/testing/02/000192.json
 create mode 100644 experiments/stage4/R02/evaluation/inference/B/testing/02/000208.json
 create mode 100644 experiments/stage4/R02/evaluation/inference/B/testing/02/000224.json
 create mode 100644 experiments/stage4/R02/evaluation/inference/B/testing/02/000240.json
 create mode 100644 experiments/stage4/R02/evaluation/inference/B/testing/02/000256.json
 create mode 100644 experiments/stage4/R02/evaluation/inference/B/testing/02/000272.json
 create mode 100644 experiments/stage4/R02/evaluation/inference/B/testing/02/000288.json
 create mode 100644 experiments/stage4/R02/evaluation/inference/B/testing/02/000304.json
 create mode 100644 experiments/stage4/R02/evaluation/inference/B/testing/02/000320.json
 create mode 100644 experiments/stage4/R02/evaluation/inference/B/testing/02/000336.json
 create mode 100644 experiments/stage4/R02/evaluation/inference/B/testing/02/000352.json
 create mode 100644 experiments/stage4/R02/evaluation/inference/B/testing/02/000368.json
 create mode 100644 experiments/stage4/R02/evaluation/inference/B/testing/02/000384.json
 create mode 100644 experiments/stage4/R02/evaluation/inference/B/testing/02/000400.json
 create mode 100644 experiments/stage4/R02/evaluation/inference/B/testing/02/000416.json
 create mode 100644 experiments/stage4/R02/evaluation/inference/B/testing/02/000432.json
 create mode 100644 experiments/stage4/R02/evaluation/inference/B/testing/02/000448.json
 create mode 100644 experiments/stage4/R02/evaluation/inference/B/testing/02/000464.json
 create mode 100644 experiments/stage4/R02/evaluation/inference/B/testing/02/000480.json
 create mode 100644 experiments/stage4/R02/evaluation/inference/B/testing/02/000496.json
 create mode 100644 experiments/stage4/R02/evaluation/inference/B/testing/02/000512.json
 create mode 100644 experiments/stage4/R02/evaluation/inference/B/testing/02/000528.json
 create mode 100644 experiments/stage4/R02/evaluation/inference/B/testing/02/000544.json
 create mode 100644 experiments/stage4/R02/evaluation/inference/B/testing/02/000560.json
 create mode 100644 experiments/stage4/R02/evaluation/inference/B/testing/02/000576.json
 create mode 100644 experiments/stage4/R02/evaluation/inference/B/testing/02/000592.json
 create mode 100644 experiments/stage4/R02/evaluation/inference/B/testing/05/000000.json
 create mode 100644 experiments/stage4/R02/evaluation/inference/B/testing/05/000016.json
 create mode 100644 experiments/stage4/R02/evaluation/inference/B/testing/05/000032.json
 create mode 100644 experiments/stage4/R02/evaluation/inference/B/testing/05/000048.json
 create mode 100644 experiments/stage4/R02/evaluation/inference/B/testing/05/000064.json
 create mode 100644 experiments/stage4/R02/evaluation/inference/B/testing/05/000080.json
 create mode 100644 experiments/stage4/R02/evaluation/inference/B/testing/05/000096.json
 create mode 100644 experiments/stage4/R02/evaluation/inference/B/testing/05/000112.json
 create mode 100644 experiments/stage4/R02/evaluation/inference/B/testing/05/000128.json
 create mode 100644 experiments/stage4/R02/evaluation/inference/B/testing/05/000144.json
 create mode 100644 experiments/stage4/R02/evaluation/inference/B/testing/05/000160.json
 create mode 100644 experiments/stage4/R02/evaluation/inference/B/testing/05/000176.json
 create mode 100644 experiments/stage4/R02/evaluation/inference/B/testing/05/000192.json
 create mode 100644 experiments/stage4/R02/evaluation/inference/B/testing/05/000208.json
 create mode 100644 experiments/stage4/R02/evaluation/inference/B/testing/05/000224.json
 create mode 100644 experiments/stage4/R02/evaluation/inference/B/testing/05/000240.json
 create mode 100644 experiments/stage4/R02/evaluation/inference/B/testing/05/000256.json
 create mode 100644 experiments/stage4/R02/evaluation/inference/B/testing/05/000272.json
 create mode 100644 experiments/stage4/R02/evaluation/inference/B/testing/05/000288.json
 create mode 100644 experiments/stage4/R02/evaluation/inference/B/testing/05/000304.json
 create mode 100644 experiments/stage4/R02/evaluation/inference/B/testing/05/000320.json
 create mode 100644 experiments/stage4/R02/evaluation/inference/B/testing/05/000336.json
 create mode 100644 experiments/stage4/R02/evaluation/inference/B/testing/05/000352.json
 create mode 100644 experiments/stage4/R02/evaluation/inference/B/testing/05/000368.json
 create mode 100644 experiments/stage4/R02/evaluation/inference/B/testing/05/000384.json
 create mode 100644 experiments/stage4/R02/evaluation/inference/B/testing/05/000400.json
 create mode 100644 experiments/stage4/R02/evaluation/inference/B/testing/05/000416.json
 create mode 100644 experiments/stage4/R02/evaluation/inference/B/testing/05/000432.json
 create mode 100644 experiments/stage4/R02/evaluation/inference/B/testing/05/000448.json
 create mode 100644 experiments/stage4/R02/evaluation/inference/B/testing/05/000464.json
 create mode 100644 experiments/stage4/R02/evaluation/inference/B/testing/05/000480.json
 create mode 100644 experiments/stage4/R02/evaluation/inference/B/testing/05/000496.json
 create mode 100644 experiments/stage4/R02/evaluation/inference/B/testing/05/000512.json
 create mode 100644 experiments/stage4/R02/evaluation/inference/B/testing/05/000528.json
 create mode 100644 experiments/stage4/R02/evaluation/inference/B/testing/05/000544.json
 create mode 100644 experiments/stage4/R02/evaluation/inference/B/testing/05/000560.json
 create mode 100644 experiments/stage4/R02/evaluation/inference/B/testing/05/000576.json
 create mode 100644 experiments/stage4/R02/evaluation/inference/B/testing/07/000000.json
 create mode 100644 experiments/stage4/R02/evaluation/inference/B/testing/07/000016.json
 create mode 100644 experiments/stage4/R02/evaluation/inference/B/testing/07/000032.json
 create mode 100644 experiments/stage4/R02/evaluation/inference/B/testing/07/000048.json
 create mode 100644 experiments/stage4/R02/evaluation/inference/B/testing/07/000064.json
 create mode 100644 experiments/stage4/R02/evaluation/inference/B/testing/07/000080.json
 create mode 100644 experiments/stage4/R02/evaluation/inference/B/testing/07/000096.json
 create mode 100644 experiments/stage4/R02/evaluation/inference/B/testing/07/000112.json
 create mode 100644 experiments/stage4/R02/evaluation/inference/B/testing/07/000128.json
 create mode 100644 experiments/stage4/R02/evaluation/inference/B/testing/07/000144.json
 create mode 100644 experiments/stage4/R02/evaluation/inference/B/testing/07/000160.json
 create mode 100644 experiments/stage4/R02/evaluation/inference/B/testing/07/000176.json
 create mode 100644 experiments/stage4/R02/evaluation/inference/B/testing/07/000192.json
 create mode 100644 experiments/stage4/R02/evaluation/inference/B/testing/07/000208.json
 create mode 100644 experiments/stage4/R02/evaluation/inference/B/testing/07/000224.json
 create mode 100644 experiments/stage4/R02/evaluation/inference/B/testing/07/000240.json
 create mode 100644 experiments/stage4/R02/evaluation/inference/B/testing/07/000256.json
 create mode 100644 experiments/stage4/R02/evaluation/inference/B/testing/07/000272.json
 create mode 100644 experiments/stage4/R02/evaluation/inference/B/testing/07/000288.json
 create mode 100644 experiments/stage4/R02/evaluation/inference/B/testing/07/000304.json
 create mode 100644 experiments/stage4/R02/evaluation/inference/B/testing/07/000320.json
 create mode 100644 experiments/stage4/R02/evaluation/inference/B/testing/07/000336.json
 create mode 100644 experiments/stage4/R02/evaluation/inference/B/testing/07/000352.json
 create mode 100644 experiments/stage4/R02/evaluation/inference/B/testing/07/000368.json
 create mode 100644 experiments/stage4/R02/evaluation/inference/B/testing/07/000384.json
 create mode 100644 experiments/stage4/R02/evaluation/inference/B/testing/07/000400.json
 create mode 100644 experiments/stage4/R02/evaluation/inference/B/testing/07/000416.json
 create mode 100644 experiments/stage4/R02/evaluation/inference/B/testing/07/000432.json
 create mode 100644 experiments/stage4/R02/evaluation/inference/B/testing/07/000448.json
 create mode 100644 experiments/stage4/R02/evaluation/inference/B/testing/07/000464.json
 create mode 100644 experiments/stage4/R02/evaluation/inference/B/testing/07/000480.json
 create mode 100644 experiments/stage4/R02/evaluation/inference/B/testing/07/000496.json
 create mode 100644 experiments/stage4/R02/evaluation/inference/B/testing/07/000512.json
 create mode 100644 experiments/stage4/R02/evaluation/inference/B/testing/07/000528.json
 create mode 100644 experiments/stage4/R02/evaluation/inference/B/training/05/000000.json
 create mode 100644 experiments/stage4/R02/evaluation/inference/B/training/05/000016.json
 create mode 100644 experiments/stage4/R02/evaluation/inference/B/training/05/000032.json
 create mode 100644 experiments/stage4/R02/evaluation/inference/B/training/05/000048.json
 create mode 100644 experiments/stage4/R02/evaluation/inference/B/training/05/000064.json
 create mode 100644 experiments/stage4/R02/evaluation/inference/B/training/05/000080.json
 create mode 100644 experiments/stage4/R02/evaluation/inference/B/training/05/000096.json
 create mode 100644 experiments/stage4/R02/evaluation/inference/B/training/05/000112.json
 create mode 100644 experiments/stage4/R02/evaluation/inference/B/training/05/000128.json
 create mode 100644 experiments/stage4/R02/evaluation/inference/B/training/05/000144.json
 create mode 100644 experiments/stage4/R02/evaluation/inference/B/training/05/000160.json
 create mode 100644 experiments/stage4/R02/evaluation/inference/B/training/05/000176.json
 create mode 100644 experiments/stage4/R02/evaluation/inference/B/training/05/000192.json
 create mode 100644 experiments/stage4/R02/evaluation/inference/B/training/05/000208.json
 create mode 100644 experiments/stage4/R02/evaluation/inference/B/training/05/000224.json
 create mode 100644 experiments/stage4/R02/evaluation/inference/B/training/05/000240.json
 create mode 100644 experiments/stage4/R02/evaluation/inference/B/training/05/000256.json
 create mode 100644 experiments/stage4/R02/evaluation/inference/B/training/05/000272.json
 create mode 100644 experiments/stage4/R02/evaluation/inference/B/training/05/000288.json
 create mode 100644 experiments/stage4/R02/evaluation/inference/B/training/05/000304.json
 create mode 100644 experiments/stage4/R02/evaluation/inference/B/training/05/000320.json
 create mode 100644 experiments/stage4/R02/evaluation/inference/B/training/05/000336.json
 create mode 100644 experiments/stage4/R02/evaluation/inference/B/training/05/000352.json
 create mode 100644 experiments/stage4/R02/evaluation/inference/B/training/05/000368.json
 create mode 100644 experiments/stage4/R02/evaluation/inference/B/training/05/000384.json
 create mode 100644 experiments/stage4/R02/evaluation/inference/B/training/05/000400.json
 create mode 100644 experiments/stage4/R02/evaluation/inference/B/training/05/000416.json
 create mode 100644 experiments/stage4/R02/evaluation/inference/B/training/05/000432.json
 create mode 100644 experiments/stage4/R02/evaluation/inference/B/training/05/000448.json
 create mode 100644 experiments/stage4/R02/evaluation/inference/B/training/05/000464.json
 create mode 100644 experiments/stage4/R02/evaluation/inference/B/training/05/000480.json
 create mode 100644 experiments/stage4/R02/evaluation/inference/B/training/05/000496.json
 create mode 100644 experiments/stage4/R02/evaluation/inference/B/training/05/000512.json
 create mode 100644 experiments/stage4/R02/evaluation/inference/B/training/05/000528.json
 create mode 100644 experiments/stage4/R02/evaluation/inference/B/training/05/000544.json
 create mode 100644 experiments/stage4/R02/evaluation/inference/B/training/05/000560.json
 create mode 100644 experiments/stage4/R02/evaluation/inference/B/training/05/000576.json
 create mode 100644 experiments/stage4/R02/evaluation/inference/B/training/05/000592.json
 create mode 100644 experiments/stage4/R02/evaluation/inference/B/training/09/000000.json
 create mode 100644 experiments/stage4/R02/evaluation/inference/B/training/09/000016.json
 create mode 100644 experiments/stage4/R02/evaluation/inference/B/training/09/000032.json
 create mode 100644 experiments/stage4/R02/evaluation/inference/B/training/09/000048.json
 create mode 100644 experiments/stage4/R02/evaluation/inference/B/training/09/000064.json
 create mode 100644 experiments/stage4/R02/evaluation/inference/B/training/09/000080.json
 create mode 100644 experiments/stage4/R02/evaluation/inference/B/training/09/000096.json
 create mode 100644 experiments/stage4/R02/evaluation/inference/B/training/09/000112.json
 create mode 100644 experiments/stage4/R02/evaluation/inference/B/training/09/000128.json
 create mode 100644 experiments/stage4/R02/evaluation/inference/B/training/09/000144.json
 create mode 100644 experiments/stage4/R02/evaluation/inference/B/training/09/000160.json
 create mode 100644 experiments/stage4/R02/evaluation/inference/B/training/09/000176.json
 create mode 100644 experiments/stage4/R02/evaluation/inference/B/training/09/000192.json
 create mode 100644 experiments/stage4/R02/evaluation/inference/B/training/09/000208.json
 create mode 100644 experiments/stage4/R02/evaluation/inference/B/training/09/000224.json
 create mode 100644 experiments/stage4/R02/evaluation/inference/B/training/09/000240.json
 create mode 100644 experiments/stage4/R02/evaluation/inference/B/training/09/000256.json
 create mode 100644 experiments/stage4/R02/evaluation/inference/B/training/09/000272.json
 create mode 100644 experiments/stage4/R02/evaluation/inference/B/training/09/000288.json
 create mode 100644 experiments/stage4/R02/evaluation/inference/B/training/09/000304.json
 create mode 100644 experiments/stage4/R02/evaluation/inference/B/training/09/000320.json
 create mode 100644 experiments/stage4/R02/evaluation/inference/B/training/09/000336.json
 create mode 100644 experiments/stage4/R02/evaluation/inference/B/training/09/000352.json
 create mode 100644 experiments/stage4/R02/evaluation/inference/B/training/09/000368.json
 create mode 100644 experiments/stage4/R02/evaluation/inference/B/training/09/000384.json
 create mode 100644 experiments/stage4/R02/evaluation/inference/B/training/09/000400.json
 create mode 100644 experiments/stage4/R02/evaluation/inference/B/training/09/000416.json
 create mode 100644 experiments/stage4/R02/evaluation/inference/B/training/09/000432.json
 create mode 100644 experiments/stage4/R02/evaluation/inference/B/training/09/000448.json
 create mode 100644 experiments/stage4/R02/evaluation/inference/B/training/09/000464.json
 create mode 100644 experiments/stage4/R02/evaluation/inference/B/training/09/000480.json
 create mode 100644 experiments/stage4/R02/evaluation/inference/B/training/09/000496.json
 create mode 100644 experiments/stage4/R02/evaluation/inference/B/training/09/000512.json
 create mode 100644 experiments/stage4/R02/evaluation/inference/B/training/09/000528.json
 create mode 100644 experiments/stage4/R02/evaluation/inference/B/training/09/000544.json
 create mode 100644 experiments/stage4/R02/evaluation/inference/B/training/09/000560.json
 create mode 100644 experiments/stage4/R02/evaluation/inference/B/training/09/000576.json
 create mode 100644 experiments/stage4/R02/evaluation/inference/B/training/09/000592.json
 create mode 100644 experiments/stage4/R02/evaluation/inference/B/training/10/000000.json
 create mode 100644 experiments/stage4/R02/evaluation/inference/B/training/10/000016.json
 create mode 100644 experiments/stage4/R02/evaluation/inference/B/training/10/000032.json
 create mode 100644 experiments/stage4/R02/evaluation/inference/B/training/10/000048.json
 create mode 100644 experiments/stage4/R02/evaluation/inference/B/training/10/000064.json
 create mode 100644 experiments/stage4/R02/evaluation/inference/B/training/10/000080.json
 create mode 100644 experiments/stage4/R02/evaluation/inference/B/training/10/000096.json
 create mode 100644 experiments/stage4/R02/evaluation/inference/B/training/10/000112.json
 create mode 100644 experiments/stage4/R02/evaluation/inference/B/training/10/000128.json
 create mode 100644 experiments/stage4/R02/evaluation/inference/B/training/10/000144.json
 create mode 100644 experiments/stage4/R02/evaluation/inference/B/training/10/000160.json
 create mode 100644 experiments/stage4/R02/evaluation/inference/B/training/10/000176.json
 create mode 100644 experiments/stage4/R02/evaluation/inference/B/training/10/000192.json
 create mode 100644 experiments/stage4/R02/evaluation/inference/B/training/10/000208.json
 create mode 100644 experiments/stage4/R02/evaluation/inference/B/training/10/000224.json
 create mode 100644 experiments/stage4/R02/evaluation/inference/B/training/10/000240.json
 create mode 100644 experiments/stage4/R02/evaluation/inference/B/training/10/000256.json
 create mode 100644 experiments/stage4/R02/evaluation/inference/B/training/10/000272.json
 create mode 100644 experiments/stage4/R02/evaluation/inference/B/training/10/000288.json
 create mode 100644 experiments/stage4/R02/evaluation/inference/B/training/10/000304.json
 create mode 100644 experiments/stage4/R02/evaluation/inference/B/training/10/000320.json
 create mode 100644 experiments/stage4/R02/evaluation/inference/B/training/10/000336.json
 create mode 100644 experiments/stage4/R02/evaluation/inference/B/training/10/000352.json
 create mode 100644 experiments/stage4/R02/evaluation/inference/B/training/10/000368.json
 create mode 100644 experiments/stage4/R02/evaluation/inference/B/training/10/000384.json
 create mode 100644 experiments/stage4/R02/evaluation/inference/B/training/10/000400.json
 create mode 100644 experiments/stage4/R02/evaluation/inference/B/training/10/000416.json
 create mode 100644 experiments/stage4/R02/evaluation/inference/B/training/10/000432.json
 create mode 100644 experiments/stage4/R02/evaluation/inference/B/training/10/000448.json
 create mode 100644 experiments/stage4/R02/evaluation/inference/B/training/10/000464.json
 create mode 100644 experiments/stage4/R02/evaluation/inference/B/training/10/000480.json
 create mode 100644 experiments/stage4/R02/evaluation/inference/B/training/10/000496.json
 create mode 100644 experiments/stage4/R02/evaluation/inference/B/training/10/000512.json
 create mode 100644 experiments/stage4/R02/evaluation/inference/B/training/10/000528.json
 create mode 100644 experiments/stage4/R02/evaluation/inference/B/training/10/000544.json
 create mode 100644 experiments/stage4/R02/evaluation/inference/B/training/10/000560.json
 create mode 100644 experiments/stage4/R02/evaluation/inference/B/training/10/000576.json
 create mode 100644 experiments/stage4/R02/evaluation/inference/B/training/10/000592.json
 create mode 100644 experiments/stage4/R02/evaluation/inference/B/training/23/000000.json
 create mode 100644 experiments/stage4/R02/evaluation/inference/B/training/23/000016.json
 create mode 100644 experiments/stage4/R02/evaluation/inference/B/training/23/000032.json
 create mode 100644 experiments/stage4/R02/evaluation/inference/B/training/23/000048.json
 create mode 100644 experiments/stage4/R02/evaluation/inference/B/training/23/000064.json
 create mode 100644 experiments/stage4/R02/evaluation/inference/B/training/23/000080.json
 create mode 100644 experiments/stage4/R02/evaluation/inference/B/training/23/000096.json
 create mode 100644 experiments/stage4/R02/evaluation/inference/B/training/23/000112.json
 create mode 100644 experiments/stage4/R02/evaluation/inference/B/training/23/000128.json
 create mode 100644 experiments/stage4/R02/evaluation/inference/B/training/23/000144.json
 create mode 100644 experiments/stage4/R02/evaluation/inference/B/training/23/000160.json
 create mode 100644 experiments/stage4/R02/evaluation/inference/B/training/23/000176.json
 create mode 100644 experiments/stage4/R02/evaluation/inference/B/training/23/000192.json
 create mode 100644 experiments/stage4/R02/evaluation/inference/B/training/23/000208.json
 create mode 100644 experiments/stage4/R02/evaluation/inference/B/training/23/000224.json
 create mode 100644 experiments/stage4/R02/evaluation/inference/B/training/23/000240.json
 create mode 100644 experiments/stage4/R02/evaluation/inference/B/training/23/000256.json
 create mode 100644 experiments/stage4/R02/evaluation/inference/B/training/23/000272.json
 create mode 100644 experiments/stage4/R02/evaluation/inference/B/training/23/000288.json
 create mode 100644 experiments/stage4/R02/evaluation/inference/B/training/23/000304.json
 create mode 100644 experiments/stage4/R02/evaluation/inference/B/training/23/000320.json
 create mode 100644 experiments/stage4/R02/evaluation/inference/B/training/23/000336.json
 create mode 100644 experiments/stage4/R02/evaluation/inference/B/training/23/000352.json
 create mode 100644 experiments/stage4/R02/evaluation/inference/B/training/23/000368.json
 create mode 100644 experiments/stage4/R02/evaluation/inference/B/training/23/000384.json
 create mode 100644 experiments/stage4/R02/evaluation/inference/B/training/23/000400.json
 create mode 100644 experiments/stage4/R02/evaluation/inference/B/training/23/000416.json
 create mode 100644 experiments/stage4/R02/evaluation/inference/B/training/23/000432.json
 create mode 100644 experiments/stage4/R02/evaluation/inference/B/training/23/000448.json
 create mode 100644 experiments/stage4/R02/evaluation/inference/B/training/23/000464.json
 create mode 100644 experiments/stage4/R02/evaluation/inference/B/training/23/000480.json
 create mode 100644 experiments/stage4/R02/evaluation/inference/B/training/23/000496.json
 create mode 100644 experiments/stage4/R02/evaluation/inference/B/training/23/000512.json
 create mode 100644 experiments/stage4/R02/evaluation/inference/B/training/23/000528.json
 create mode 100644 experiments/stage4/R02/evaluation/inference/B/training/23/000544.json
 create mode 100644 experiments/stage4/R02/evaluation/inference/B/training/23/000560.json
 create mode 100644 experiments/stage4/R02/evaluation/inference/B/training/23/000576.json
 create mode 100644 experiments/stage4/R02/evaluation/inference/B/training/23/000592.json
 create mode 100644 experiments/stage4/R02/evaluation/inference/B/training/23/000608.json
 create mode 100644 experiments/stage4/R02/evaluation/inference/B/training/26/000000.json
 create mode 100644 experiments/stage4/R02/evaluation/inference/B/training/26/000016.json
 create mode 100644 experiments/stage4/R02/evaluation/inference/B/training/26/000032.json
 create mode 100644 experiments/stage4/R02/evaluation/inference/B/training/26/000048.json
 create mode 100644 experiments/stage4/R02/evaluation/inference/B/training/26/000064.json
 create mode 100644 experiments/stage4/R02/evaluation/inference/B/training/26/000080.json
 create mode 100644 experiments/stage4/R02/evaluation/inference/B/training/26/000096.json
 create mode 100644 experiments/stage4/R02/evaluation/inference/B/training/26/000112.json
 create mode 100644 experiments/stage4/R02/evaluation/inference/B/training/26/000128.json
 create mode 100644 experiments/stage4/R02/evaluation/inference/B/training/26/000144.json
 create mode 100644 experiments/stage4/R02/evaluation/inference/B/training/26/000160.json
 create mode 100644 experiments/stage4/R02/evaluation/inference/B/training/26/000176.json
 create mode 100644 experiments/stage4/R02/evaluation/inference/B/training/26/000192.json
 create mode 100644 experiments/stage4/R02/evaluation/inference/B/training/26/000208.json
 create mode 100644 experiments/stage4/R02/evaluation/inference/B/training/26/000224.json
 create mode 100644 experiments/stage4/R02/evaluation/inference/B/training/26/000240.json
 create mode 100644 experiments/stage4/R02/evaluation/inference/B/training/26/000256.json
 create mode 100644 experiments/stage4/R02/evaluation/inference/B/training/26/000272.json
 create mode 100644 experiments/stage4/R02/evaluation/inference/B/training/26/000288.json
 create mode 100644 experiments/stage4/R02/evaluation/inference/B/training/26/000304.json
 create mode 100644 experiments/stage4/R02/evaluation/inference/B/training/26/000320.json
 create mode 100644 experiments/stage4/R02/evaluation/inference/B/training/26/000336.json
 create mode 100644 experiments/stage4/R02/evaluation/inference/B/training/26/000352.json
 create mode 100644 experiments/stage4/R02/evaluation/inference/B/training/26/000368.json
 create mode 100644 experiments/stage4/R02/evaluation/inference/B/training/26/000384.json
 create mode 100644 experiments/stage4/R02/evaluation/inference/B/training/26/000400.json
 create mode 100644 experiments/stage4/R02/evaluation/inference/B/training/26/000416.json
 create mode 100644 experiments/stage4/R02/evaluation/inference/B/training/26/000432.json
 create mode 100644 experiments/stage4/R02/evaluation/inference/B/training/26/000448.json
 create mode 100644 experiments/stage4/R02/evaluation/inference/B/training/26/000464.json
 create mode 100644 experiments/stage4/R02/evaluation/inference/B/training/26/000480.json
 create mode 100644 experiments/stage4/R02/evaluation/inference/B/training/26/000496.json
 create mode 100644 experiments/stage4/R02/evaluation/inference/B/training/26/000512.json
 create mode 100644 experiments/stage4/R02/evaluation/inference/B/training/26/000528.json
 create mode 100644 experiments/stage4/R02/evaluation/inference/B/training/26/000544.json
 create mode 100644 experiments/stage4/R02/evaluation/inference/B/training/26/000560.json
 create mode 100644 experiments/stage4/R02/evaluation/inference/B/training/28/000000.json
 create mode 100644 experiments/stage4/R02/evaluation/inference/B/training/28/000016.json
 create mode 100644 experiments/stage4/R02/evaluation/inference/B/training/28/000032.json
 create mode 100644 experiments/stage4/R02/evaluation/inference/B/training/28/000048.json
 create mode 100644 experiments/stage4/R02/evaluation/inference/B/training/28/000064.json
 create mode 100644 experiments/stage4/R02/evaluation/inference/B/training/28/000080.json
 create mode 100644 experiments/stage4/R02/evaluation/inference/B/training/28/000096.json
 create mode 100644 experiments/stage4/R02/evaluation/inference/B/training/28/000112.json
 create mode 100644 experiments/stage4/R02/evaluation/inference/B/training/28/000128.json
 create mode 100644 experiments/stage4/R02/evaluation/inference/B/training/28/000144.json
 create mode 100644 experiments/stage4/R02/evaluation/inference/B/training/28/000160.json
 create mode 100644 experiments/stage4/R02/evaluation/inference/B/training/28/000176.json
 create mode 100644 experiments/stage4/R02/evaluation/inference/B/training/28/000192.json
 create mode 100644 experiments/stage4/R02/evaluation/inference/B/training/28/000208.json
 create mode 100644 experiments/stage4/R02/evaluation/inference/B/training/28/000224.json
 create mode 100644 experiments/stage4/R02/evaluation/inference/B/training/28/000240.json
 create mode 100644 experiments/stage4/R02/evaluation/inference/B/training/28/000256.json
 create mode 100644 experiments/stage4/R02/evaluation/inference/B/training/28/000272.json
 create mode 100644 experiments/stage4/R02/evaluation/inference/B/training/28/000288.json
 create mode 100644 experiments/stage4/R02/evaluation/inference/B/training/28/000304.json
 create mode 100644 experiments/stage4/R02/evaluation/inference/B/training/28/000320.json
 create mode 100644 experiments/stage4/R02/evaluation/inference/B/training/28/000336.json
 create mode 100644 experiments/stage4/R02/evaluation/inference/B/training/28/000352.json
 create mode 100644 experiments/stage4/R02/evaluation/inference/B/training/28/000368.json
 create mode 100644 experiments/stage4/R02/evaluation/inference/B/training/28/000384.json
 create mode 100644 experiments/stage4/R02/evaluation/inference/B/training/28/000400.json
 create mode 100644 experiments/stage4/R02/evaluation/inference/B/training/28/000416.json
 create mode 100644 experiments/stage4/R02/evaluation/inference/B/training/28/000432.json
 create mode 100644 experiments/stage4/R02/evaluation/inference/B/training/28/000448.json
 create mode 100644 experiments/stage4/R02/evaluation/inference/B/training/28/000464.json
 create mode 100644 experiments/stage4/R02/evaluation/inference/B/training/28/000480.json
 create mode 100644 experiments/stage4/R02/evaluation/inference/B/training/28/000496.json
 create mode 100644 experiments/stage4/R02/evaluation/inference/B/training/28/000512.json
 create mode 100644 experiments/stage4/R02/evaluation/inference/B/training/28/000528.json
 create mode 100644 experiments/stage4/R02/evaluation/inference/B/training/28/000544.json
 create mode 100644 experiments/stage4/R02/evaluation/inference/B/training/28/000560.json
 create mode 100644 experiments/stage4/R02/evaluation/inference/B/training/28/000576.json
 create mode 100644 experiments/stage4/R02/evaluation/inference/C/testing/02/000000.json
 create mode 100644 experiments/stage4/R02/evaluation/inference/C/testing/02/000016.json
 create mode 100644 experiments/stage4/R02/evaluation/inference/C/testing/02/000032.json
 create mode 100644 experiments/stage4/R02/evaluation/inference/C/testing/02/000048.json
 create mode 100644 experiments/stage4/R02/evaluation/inference/C/testing/02/000064.json
 create mode 100644 experiments/stage4/R02/evaluation/inference/C/testing/02/000080.json
 create mode 100644 experiments/stage4/R02/evaluation/inference/C/testing/02/000096.json
 create mode 100644 experiments/stage4/R02/evaluation/inference/C/testing/02/000112.json
 create mode 100644 experiments/stage4/R02/evaluation/inference/C/testing/02/000128.json
 create mode 100644 experiments/stage4/R02/evaluation/inference/C/testing/02/000144.json
 create mode 100644 experiments/stage4/R02/evaluation/inference/C/testing/02/000160.json
 create mode 100644 experiments/stage4/R02/evaluation/inference/C/testing/02/000176.json
 create mode 100644 experiments/stage4/R02/evaluation/inference/C/testing/02/000192.json
 create mode 100644 experiments/stage4/R02/evaluation/inference/C/testing/02/000208.json
 create mode 100644 experiments/stage4/R02/evaluation/inference/C/testing/02/000224.json
 create mode 100644 experiments/stage4/R02/evaluation/inference/C/testing/02/000240.json
 create mode 100644 experiments/stage4/R02/evaluation/inference/C/testing/02/000256.json
 create mode 100644 experiments/stage4/R02/evaluation/inference/C/testing/02/000272.json
 create mode 100644 experiments/stage4/R02/evaluation/inference/C/testing/02/000288.json
 create mode 100644 experiments/stage4/R02/evaluation/inference/C/testing/02/000304.json
 create mode 100644 experiments/stage4/R02/evaluation/inference/C/testing/02/000320.json
 create mode 100644 experiments/stage4/R02/evaluation/inference/C/testing/02/000336.json
 create mode 100644 experiments/stage4/R02/evaluation/inference/C/testing/02/000352.json
 create mode 100644 experiments/stage4/R02/evaluation/inference/C/testing/02/000368.json
 create mode 100644 experiments/stage4/R02/evaluation/inference/C/testing/02/000384.json
 create mode 100644 experiments/stage4/R02/evaluation/inference/C/testing/02/000400.json
 create mode 100644 experiments/stage4/R02/evaluation/inference/C/testing/02/000416.json
 create mode 100644 experiments/stage4/R02/evaluation/inference/C/testing/02/000432.json
 create mode 100644 experiments/stage4/R02/evaluation/inference/C/testing/02/000448.json
 create mode 100644 experiments/stage4/R02/evaluation/inference/C/testing/02/000464.json
 create mode 100644 experiments/stage4/R02/evaluation/inference/C/testing/02/000480.json
 create mode 100644 experiments/stage4/R02/evaluation/inference/C/testing/02/000496.json
 create mode 100644 experiments/stage4/R02/evaluation/inference/C/testing/02/000512.json
 create mode 100644 experiments/stage4/R02/evaluation/inference/C/testing/02/000528.json
 create mode 100644 experiments/stage4/R02/evaluation/inference/C/testing/02/000544.json
 create mode 100644 experiments/stage4/R02/evaluation/inference/C/testing/02/000560.json
 create mode 100644 experiments/stage4/R02/evaluation/inference/C/testing/02/000576.json
 create mode 100644 experiments/stage4/R02/evaluation/inference/C/testing/02/000592.json
 create mode 100644 experiments/stage4/R02/evaluation/inference/C/testing/05/000000.json
 create mode 100644 experiments/stage4/R02/evaluation/inference/C/testing/05/000016.json
 create mode 100644 experiments/stage4/R02/evaluation/inference/C/testing/05/000032.json
 create mode 100644 experiments/stage4/R02/evaluation/inference/C/testing/05/000048.json
 create mode 100644 experiments/stage4/R02/evaluation/inference/C/testing/05/000064.json
 create mode 100644 experiments/stage4/R02/evaluation/inference/C/testing/05/000080.json
 create mode 100644 experiments/stage4/R02/evaluation/inference/C/testing/05/000096.json
 create mode 100644 experiments/stage4/R02/evaluation/inference/C/testing/05/000112.json
 create mode 100644 experiments/stage4/R02/evaluation/inference/C/testing/05/000128.json
 create mode 100644 experiments/stage4/R02/evaluation/inference/C/testing/05/000144.json
 create mode 100644 experiments/stage4/R02/evaluation/inference/C/testing/05/000160.json
 create mode 100644 experiments/stage4/R02/evaluation/inference/C/testing/05/000176.json
 create mode 100644 experiments/stage4/R02/evaluation/inference/C/testing/05/000192.json
 create mode 100644 experiments/stage4/R02/evaluation/inference/C/testing/05/000208.json
 create mode 100644 experiments/stage4/R02/evaluation/inference/C/testing/05/000224.json
 create mode 100644 experiments/stage4/R02/evaluation/inference/C/testing/05/000240.json
 create mode 100644 experiments/stage4/R02/evaluation/inference/C/testing/05/000256.json
 create mode 100644 experiments/stage4/R02/evaluation/inference/C/testing/05/000272.json
 create mode 100644 experiments/stage4/R02/evaluation/inference/C/testing/05/000288.json
 create mode 100644 experiments/stage4/R02/evaluation/inference/C/testing/05/000304.json
 create mode 100644 experiments/stage4/R02/evaluation/inference/C/testing/05/000320.json
 create mode 100644 experiments/stage4/R02/evaluation/inference/C/testing/05/000336.json
 create mode 100644 experiments/stage4/R02/evaluation/inference/C/testing/05/000352.json
 create mode 100644 experiments/stage4/R02/evaluation/inference/C/testing/05/000368.json
 create mode 100644 experiments/stage4/R02/evaluation/inference/C/testing/05/000384.json
 create mode 100644 experiments/stage4/R02/evaluation/inference/C/testing/05/000400.json
 create mode 100644 experiments/stage4/R02/evaluation/inference/C/testing/05/000416.json
 create mode 100644 experiments/stage4/R02/evaluation/inference/C/testing/05/000432.json
 create mode 100644 experiments/stage4/R02/evaluation/inference/C/testing/05/000448.json
 create mode 100644 experiments/stage4/R02/evaluation/inference/C/testing/05/000464.json
 create mode 100644 experiments/stage4/R02/evaluation/inference/C/testing/05/000480.json
 create mode 100644 experiments/stage4/R02/evaluation/inference/C/testing/05/000496.json
 create mode 100644 experiments/stage4/R02/evaluation/inference/C/testing/05/000512.json
 create mode 100644 experiments/stage4/R02/evaluation/inference/C/testing/05/000528.json
 create mode 100644 experiments/stage4/R02/evaluation/inference/C/testing/05/000544.json
 create mode 100644 experiments/stage4/R02/evaluation/inference/C/testing/05/000560.json
 create mode 100644 experiments/stage4/R02/evaluation/inference/C/testing/05/000576.json
 create mode 100644 experiments/stage4/R02/evaluation/inference/C/testing/07/000000.json
 create mode 100644 experiments/stage4/R02/evaluation/inference/C/testing/07/000016.json
 create mode 100644 experiments/stage4/R02/evaluation/inference/C/testing/07/000032.json
 create mode 100644 experiments/stage4/R02/evaluation/inference/C/testing/07/000048.json
 create mode 100644 experiments/stage4/R02/evaluation/inference/C/testing/07/000064.json
 create mode 100644 experiments/stage4/R02/evaluation/inference/C/testing/07/000080.json
 create mode 100644 experiments/stage4/R02/evaluation/inference/C/testing/07/000096.json
 create mode 100644 experiments/stage4/R02/evaluation/inference/C/testing/07/000112.json
 create mode 100644 experiments/stage4/R02/evaluation/inference/C/testing/07/000128.json
 create mode 100644 experiments/stage4/R02/evaluation/inference/C/testing/07/000144.json
 create mode 100644 experiments/stage4/R02/evaluation/inference/C/testing/07/000160.json
 create mode 100644 experiments/stage4/R02/evaluation/inference/C/testing/07/000176.json
 create mode 100644 experiments/stage4/R02/evaluation/inference/C/testing/07/000192.json
 create mode 100644 experiments/stage4/R02/evaluation/inference/C/testing/07/000208.json
 create mode 100644 experiments/stage4/R02/evaluation/inference/C/testing/07/000224.json
 create mode 100644 experiments/stage4/R02/evaluation/inference/C/testing/07/000240.json
 create mode 100644 experiments/stage4/R02/evaluation/inference/C/testing/07/000256.json
 create mode 100644 experiments/stage4/R02/evaluation/inference/C/testing/07/000272.json
 create mode 100644 experiments/stage4/R02/evaluation/inference/C/testing/07/000288.json
 create mode 100644 experiments/stage4/R02/evaluation/inference/C/testing/07/000304.json
 create mode 100644 experiments/stage4/R02/evaluation/inference/C/testing/07/000320.json
 create mode 100644 experiments/stage4/R02/evaluation/inference/C/testing/07/000336.json
 create mode 100644 experiments/stage4/R02/evaluation/inference/C/testing/07/000352.json
 create mode 100644 experiments/stage4/R02/evaluation/inference/C/testing/07/000368.json
 create mode 100644 experiments/stage4/R02/evaluation/inference/C/testing/07/000384.json
 create mode 100644 experiments/stage4/R02/evaluation/inference/C/testing/07/000400.json
 create mode 100644 experiments/stage4/R02/evaluation/inference/C/testing/07/000416.json
 create mode 100644 experiments/stage4/R02/evaluation/inference/C/testing/07/000432.json
 create mode 100644 experiments/stage4/R02/evaluation/inference/C/testing/07/000448.json
 create mode 100644 experiments/stage4/R02/evaluation/inference/C/testing/07/000464.json
 create mode 100644 experiments/stage4/R02/evaluation/inference/C/testing/07/000480.json
 create mode 100644 experiments/stage4/R02/evaluation/inference/C/testing/07/000496.json
 create mode 100644 experiments/stage4/R02/evaluation/inference/C/testing/07/000512.json
 create mode 100644 experiments/stage4/R02/evaluation/inference/C/testing/07/000528.json
 create mode 100644 experiments/stage4/R02/evaluation/inference/C/training/05/000000.json
 create mode 100644 experiments/stage4/R02/evaluation/inference/C/training/05/000016.json
 create mode 100644 experiments/stage4/R02/evaluation/inference/C/training/05/000032.json
 create mode 100644 experiments/stage4/R02/evaluation/inference/C/training/05/000048.json
 create mode 100644 experiments/stage4/R02/evaluation/inference/C/training/05/000064.json
 create mode 100644 experiments/stage4/R02/evaluation/inference/C/training/05/000080.json
 create mode 100644 experiments/stage4/R02/evaluation/inference/C/training/05/000096.json
 create mode 100644 experiments/stage4/R02/evaluation/inference/C/training/05/000112.json
 create mode 100644 experiments/stage4/R02/evaluation/inference/C/training/05/000128.json
 create mode 100644 experiments/stage4/R02/evaluation/inference/C/training/05/000144.json
 create mode 100644 experiments/stage4/R02/evaluation/inference/C/training/05/000160.json
 create mode 100644 experiments/stage4/R02/evaluation/inference/C/training/05/000176.json
 create mode 100644 experiments/stage4/R02/evaluation/inference/C/training/05/000192.json
 create mode 100644 experiments/stage4/R02/evaluation/inference/C/training/05/000208.json
 create mode 100644 experiments/stage4/R02/evaluation/inference/C/training/05/000224.json
 create mode 100644 experiments/stage4/R02/evaluation/inference/C/training/05/000240.json
 create mode 100644 experiments/stage4/R02/evaluation/inference/C/training/05/000256.json
 create mode 100644 experiments/stage4/R02/evaluation/inference/C/training/05/000272.json
 create mode 100644 experiments/stage4/R02/evaluation/inference/C/training/05/000288.json
 create mode 100644 experiments/stage4/R02/evaluation/inference/C/training/05/000304.json
 create mode 100644 experiments/stage4/R02/evaluation/inference/C/training/05/000320.json
 create mode 100644 experiments/stage4/R02/evaluation/inference/C/training/05/000336.json
 create mode 100644 experiments/stage4/R02/evaluation/inference/C/training/05/000352.json
 create mode 100644 experiments/stage4/R02/evaluation/inference/C/training/05/000368.json
 create mode 100644 experiments/stage4/R02/evaluation/inference/C/training/05/000384.json
 create mode 100644 experiments/stage4/R02/evaluation/inference/C/training/05/000400.json
 create mode 100644 experiments/stage4/R02/evaluation/inference/C/training/05/000416.json
 create mode 100644 experiments/stage4/R02/evaluation/inference/C/training/05/000432.json
 create mode 100644 experiments/stage4/R02/evaluation/inference/C/training/05/000448.json
 create mode 100644 experiments/stage4/R02/evaluation/inference/C/training/05/000464.json
 create mode 100644 experiments/stage4/R02/evaluation/inference/C/training/05/000480.json
 create mode 100644 experiments/stage4/R02/evaluation/inference/C/training/05/000496.json
 create mode 100644 experiments/stage4/R02/evaluation/inference/C/training/05/000512.json
 create mode 100644 experiments/stage4/R02/evaluation/inference/C/training/05/000528.json
 create mode 100644 experiments/stage4/R02/evaluation/inference/C/training/05/000544.json
 create mode 100644 experiments/stage4/R02/evaluation/inference/C/training/05/000560.json
 create mode 100644 experiments/stage4/R02/evaluation/inference/C/training/05/000576.json
 create mode 100644 experiments/stage4/R02/evaluation/inference/C/training/05/000592.json
 create mode 100644 experiments/stage4/R02/evaluation/inference/C/training/09/000000.json
 create mode 100644 experiments/stage4/R02/evaluation/inference/C/training/09/000016.json
 create mode 100644 experiments/stage4/R02/evaluation/inference/C/training/09/000032.json
 create mode 100644 experiments/stage4/R02/evaluation/inference/C/training/09/000048.json
 create mode 100644 experiments/stage4/R02/evaluation/inference/C/training/09/000064.json
 create mode 100644 experiments/stage4/R02/evaluation/inference/C/training/09/000080.json
 create mode 100644 experiments/stage4/R02/evaluation/inference/C/training/09/000096.json
 create mode 100644 experiments/stage4/R02/evaluation/inference/C/training/09/000112.json
 create mode 100644 experiments/stage4/R02/evaluation/inference/C/training/09/000128.json
 create mode 100644 experiments/stage4/R02/evaluation/inference/C/training/09/000144.json
 create mode 100644 experiments/stage4/R02/evaluation/inference/C/training/09/000160.json
 create mode 100644 experiments/stage4/R02/evaluation/inference/C/training/09/000176.json
 create mode 100644 experiments/stage4/R02/evaluation/inference/C/training/09/000192.json
 create mode 100644 experiments/stage4/R02/evaluation/inference/C/training/09/000208.json
 create mode 100644 experiments/stage4/R02/evaluation/inference/C/training/09/000224.json
 create mode 100644 experiments/stage4/R02/evaluation/inference/C/training/09/000240.json
 create mode 100644 experiments/stage4/R02/evaluation/inference/C/training/09/000256.json
 create mode 100644 experiments/stage4/R02/evaluation/inference/C/training/09/000272.json
 create mode 100644 experiments/stage4/R02/evaluation/inference/C/training/09/000288.json
 create mode 100644 experiments/stage4/R02/evaluation/inference/C/training/09/000304.json
 create mode 100644 experiments/stage4/R02/evaluation/inference/C/training/09/000320.json
 create mode 100644 experiments/stage4/R02/evaluation/inference/C/training/09/000336.json
 create mode 100644 experiments/stage4/R02/evaluation/inference/C/training/09/000352.json
 create mode 100644 experiments/stage4/R02/evaluation/inference/C/training/09/000368.json
 create mode 100644 experiments/stage4/R02/evaluation/inference/C/training/09/000384.json
 create mode 100644 experiments/stage4/R02/evaluation/inference/C/training/09/000400.json
 create mode 100644 experiments/stage4/R02/evaluation/inference/C/training/09/000416.json
 create mode 100644 experiments/stage4/R02/evaluation/inference/C/training/09/000432.json
 create mode 100644 experiments/stage4/R02/evaluation/inference/C/training/09/000448.json
 create mode 100644 experiments/stage4/R02/evaluation/inference/C/training/09/000464.json
 create mode 100644 experiments/stage4/R02/evaluation/inference/C/training/09/000480.json
 create mode 100644 experiments/stage4/R02/evaluation/inference/C/training/09/000496.json
 create mode 100644 experiments/stage4/R02/evaluation/inference/C/training/09/000512.json
 create mode 100644 experiments/stage4/R02/evaluation/inference/C/training/09/000528.json
 create mode 100644 experiments/stage4/R02/evaluation/inference/C/training/09/000544.json
 create mode 100644 experiments/stage4/R02/evaluation/inference/C/training/09/000560.json
 create mode 100644 experiments/stage4/R02/evaluation/inference/C/training/09/000576.json
 create mode 100644 experiments/stage4/R02/evaluation/inference/C/training/09/000592.json
 create mode 100644 experiments/stage4/R02/evaluation/inference/C/training/10/000000.json
 create mode 100644 experiments/stage4/R02/evaluation/inference/C/training/10/000016.json
 create mode 100644 experiments/stage4/R02/evaluation/inference/C/training/10/000032.json
 create mode 100644 experiments/stage4/R02/evaluation/inference/C/training/10/000048.json
 create mode 100644 experiments/stage4/R02/evaluation/inference/C/training/10/000064.json
 create mode 100644 experiments/stage4/R02/evaluation/inference/C/training/10/000080.json
 create mode 100644 experiments/stage4/R02/evaluation/inference/C/training/10/000096.json
 create mode 100644 experiments/stage4/R02/evaluation/inference/C/training/10/000112.json
 create mode 100644 experiments/stage4/R02/evaluation/inference/C/training/10/000128.json
 create mode 100644 experiments/stage4/R02/evaluation/inference/C/training/10/000144.json
 create mode 100644 experiments/stage4/R02/evaluation/inference/C/training/10/000160.json
 create mode 100644 experiments/stage4/R02/evaluation/inference/C/training/10/000176.json
 create mode 100644 experiments/stage4/R02/evaluation/inference/C/training/10/000192.json
 create mode 100644 experiments/stage4/R02/evaluation/inference/C/training/10/000208.json
 create mode 100644 experiments/stage4/R02/evaluation/inference/C/training/10/000224.json
 create mode 100644 experiments/stage4/R02/evaluation/inference/C/training/10/000240.json
 create mode 100644 experiments/stage4/R02/evaluation/inference/C/training/10/000256.json
 create mode 100644 experiments/stage4/R02/evaluation/inference/C/training/10/000272.json
 create mode 100644 experiments/stage4/R02/evaluation/inference/C/training/10/000288.json
 create mode 100644 experiments/stage4/R02/evaluation/inference/C/training/10/000304.json
 create mode 100644 experiments/stage4/R02/evaluation/inference/C/training/10/000320.json
 create mode 100644 experiments/stage4/R02/evaluation/inference/C/training/10/000336.json
 create mode 100644 experiments/stage4/R02/evaluation/inference/C/training/10/000352.json
 create mode 100644 experiments/stage4/R02/evaluation/inference/C/training/10/000368.json
 create mode 100644 experiments/stage4/R02/evaluation/inference/C/training/10/000384.json
 create mode 100644 experiments/stage4/R02/evaluation/inference/C/training/10/000400.json
 create mode 100644 experiments/stage4/R02/evaluation/inference/C/training/10/000416.json
 create mode 100644 experiments/stage4/R02/evaluation/inference/C/training/10/000432.json
 create mode 100644 experiments/stage4/R02/evaluation/inference/C/training/10/000448.json
 create mode 100644 experiments/stage4/R02/evaluation/inference/C/training/10/000464.json
 create mode 100644 experiments/stage4/R02/evaluation/inference/C/training/10/000480.json
 create mode 100644 experiments/stage4/R02/evaluation/inference/C/training/10/000496.json
 create mode 100644 experiments/stage4/R02/evaluation/inference/C/training/10/000512.json
 create mode 100644 experiments/stage4/R02/evaluation/inference/C/training/10/000528.json
 create mode 100644 experiments/stage4/R02/evaluation/inference/C/training/10/000544.json
 create mode 100644 experiments/stage4/R02/evaluation/inference/C/training/10/000560.json
 create mode 100644 experiments/stage4/R02/evaluation/inference/C/training/10/000576.json
 create mode 100644 experiments/stage4/R02/evaluation/inference/C/training/10/000592.json
 create mode 100644 experiments/stage4/R02/evaluation/inference/C/training/23/000000.json
 create mode 100644 experiments/stage4/R02/evaluation/inference/C/training/23/000016.json
 create mode 100644 experiments/stage4/R02/evaluation/inference/C/training/23/000032.json
 create mode 100644 experiments/stage4/R02/evaluation/inference/C/training/23/000048.json
 create mode 100644 experiments/stage4/R02/evaluation/inference/C/training/23/000064.json
 create mode 100644 experiments/stage4/R02/evaluation/inference/C/training/23/000080.json
 create mode 100644 experiments/stage4/R02/evaluation/inference/C/training/23/000096.json
 create mode 100644 experiments/stage4/R02/evaluation/inference/C/training/23/000112.json
 create mode 100644 experiments/stage4/R02/evaluation/inference/C/training/23/000128.json
 create mode 100644 experiments/stage4/R02/evaluation/inference/C/training/23/000144.json
 create mode 100644 experiments/stage4/R02/evaluation/inference/C/training/23/000160.json
 create mode 100644 experiments/stage4/R02/evaluation/inference/C/training/23/000176.json
 create mode 100644 experiments/stage4/R02/evaluation/inference/C/training/23/000192.json
 create mode 100644 experiments/stage4/R02/evaluation/inference/C/training/23/000208.json
 create mode 100644 experiments/stage4/R02/evaluation/inference/C/training/23/000224.json
 create mode 100644 experiments/stage4/R02/evaluation/inference/C/training/23/000240.json
 create mode 100644 experiments/stage4/R02/evaluation/inference/C/training/23/000256.json
 create mode 100644 experiments/stage4/R02/evaluation/inference/C/training/23/000272.json
 create mode 100644 experiments/stage4/R02/evaluation/inference/C/training/23/000288.json
 create mode 100644 experiments/stage4/R02/evaluation/inference/C/training/23/000304.json
 create mode 100644 experiments/stage4/R02/evaluation/inference/C/training/23/000320.json
 create mode 100644 experiments/stage4/R02/evaluation/inference/C/training/23/000336.json
 create mode 100644 experiments/stage4/R02/evaluation/inference/C/training/23/000352.json
 create mode 100644 experiments/stage4/R02/evaluation/inference/C/training/23/000368.json
 create mode 100644 experiments/stage4/R02/evaluation/inference/C/training/23/000384.json
 create mode 100644 experiments/stage4/R02/evaluation/inference/C/training/23/000400.json
 create mode 100644 experiments/stage4/R02/evaluation/inference/C/training/23/000416.json
 create mode 100644 experiments/stage4/R02/evaluation/inference/C/training/23/000432.json
 create mode 100644 experiments/stage4/R02/evaluation/inference/C/training/23/000448.json
 create mode 100644 experiments/stage4/R02/evaluation/inference/C/training/23/000464.json
 create mode 100644 experiments/stage4/R02/evaluation/inference/C/training/23/000480.json
 create mode 100644 experiments/stage4/R02/evaluation/inference/C/training/23/000496.json
 create mode 100644 experiments/stage4/R02/evaluation/inference/C/training/23/000512.json
 create mode 100644 experiments/stage4/R02/evaluation/inference/C/training/23/000528.json
 create mode 100644 experiments/stage4/R02/evaluation/inference/C/training/23/000544.json
 create mode 100644 experiments/stage4/R02/evaluation/inference/C/training/23/000560.json
 create mode 100644 experiments/stage4/R02/evaluation/inference/C/training/23/000576.json
 create mode 100644 experiments/stage4/R02/evaluation/inference/C/training/23/000592.json
 create mode 100644 experiments/stage4/R02/evaluation/inference/C/training/23/000608.json
 create mode 100644 experiments/stage4/R02/evaluation/inference/C/training/26/000000.json
 create mode 100644 experiments/stage4/R02/evaluation/inference/C/training/26/000016.json
 create mode 100644 experiments/stage4/R02/evaluation/inference/C/training/26/000032.json
 create mode 100644 experiments/stage4/R02/evaluation/inference/C/training/26/000048.json
 create mode 100644 experiments/stage4/R02/evaluation/inference/C/training/26/000064.json
 create mode 100644 experiments/stage4/R02/evaluation/inference/C/training/26/000080.json
 create mode 100644 experiments/stage4/R02/evaluation/inference/C/training/26/000096.json
 create mode 100644 experiments/stage4/R02/evaluation/inference/C/training/26/000112.json
 create mode 100644 experiments/stage4/R02/evaluation/inference/C/training/26/000128.json
 create mode 100644 experiments/stage4/R02/evaluation/inference/C/training/26/000144.json
 create mode 100644 experiments/stage4/R02/evaluation/inference/C/training/26/000160.json
 create mode 100644 experiments/stage4/R02/evaluation/inference/C/training/26/000176.json
 create mode 100644 experiments/stage4/R02/evaluation/inference/C/training/26/000192.json
 create mode 100644 experiments/stage4/R02/evaluation/inference/C/training/26/000208.json
 create mode 100644 experiments/stage4/R02/evaluation/inference/C/training/26/000224.json
 create mode 100644 experiments/stage4/R02/evaluation/inference/C/training/26/000240.json
 create mode 100644 experiments/stage4/R02/evaluation/inference/C/training/26/000256.json
 create mode 100644 experiments/stage4/R02/evaluation/inference/C/training/26/000272.json
 create mode 100644 experiments/stage4/R02/evaluation/inference/C/training/26/000288.json
 create mode 100644 experiments/stage4/R02/evaluation/inference/C/training/26/000304.json
 create mode 100644 experiments/stage4/R02/evaluation/inference/C/training/26/000320.json
 create mode 100644 experiments/stage4/R02/evaluation/inference/C/training/26/000336.json
 create mode 100644 experiments/stage4/R02/evaluation/inference/C/training/26/000352.json
 create mode 100644 experiments/stage4/R02/evaluation/inference/C/training/26/000368.json
 create mode 100644 experiments/stage4/R02/evaluation/inference/C/training/26/000384.json
 create mode 100644 experiments/stage4/R02/evaluation/inference/C/training/26/000400.json
 create mode 100644 experiments/stage4/R02/evaluation/inference/C/training/26/000416.json
 create mode 100644 experiments/stage4/R02/evaluation/inference/C/training/26/000432.json
 create mode 100644 experiments/stage4/R02/evaluation/inference/C/training/26/000448.json
 create mode 100644 experiments/stage4/R02/evaluation/inference/C/training/26/000464.json
 create mode 100644 experiments/stage4/R02/evaluation/inference/C/training/26/000480.json
 create mode 100644 experiments/stage4/R02/evaluation/inference/C/training/26/000496.json
 create mode 100644 experiments/stage4/R02/evaluation/inference/C/training/26/000512.json
 create mode 100644 experiments/stage4/R02/evaluation/inference/C/training/26/000528.json
 create mode 100644 experiments/stage4/R02/evaluation/inference/C/training/26/000544.json
 create mode 100644 experiments/stage4/R02/evaluation/inference/C/training/26/000560.json
 create mode 100644 experiments/stage4/R02/evaluation/inference/C/training/28/000000.json
 create mode 100644 experiments/stage4/R02/evaluation/inference/C/training/28/000016.json
 create mode 100644 experiments/stage4/R02/evaluation/inference/C/training/28/000032.json
 create mode 100644 experiments/stage4/R02/evaluation/inference/C/training/28/000048.json
 create mode 100644 experiments/stage4/R02/evaluation/inference/C/training/28/000064.json
 create mode 100644 experiments/stage4/R02/evaluation/inference/C/training/28/000080.json
 create mode 100644 experiments/stage4/R02/evaluation/inference/C/training/28/000096.json
 create mode 100644 experiments/stage4/R02/evaluation/inference/C/training/28/000112.json
 create mode 100644 experiments/stage4/R02/evaluation/inference/C/training/28/000128.json
 create mode 100644 experiments/stage4/R02/evaluation/inference/C/training/28/000144.json
 create mode 100644 experiments/stage4/R02/evaluation/inference/C/training/28/000160.json
 create mode 100644 experiments/stage4/R02/evaluation/inference/C/training/28/000176.json
 create mode 100644 experiments/stage4/R02/evaluation/inference/C/training/28/000192.json
 create mode 100644 experiments/stage4/R02/evaluation/inference/C/training/28/000208.json
 create mode 100644 experiments/stage4/R02/evaluation/inference/C/training/28/000224.json
 create mode 100644 experiments/stage4/R02/evaluation/inference/C/training/28/000240.json
 create mode 100644 experiments/stage4/R02/evaluation/inference/C/training/28/000256.json
 create mode 100644 experiments/stage4/R02/evaluation/inference/C/training/28/000272.json
 create mode 100644 experiments/stage4/R02/evaluation/inference/C/training/28/000288.json
 create mode 100644 experiments/stage4/R02/evaluation/inference/C/training/28/000304.json
 create mode 100644 experiments/stage4/R02/evaluation/inference/C/training/28/000320.json
 create mode 100644 experiments/stage4/R02/evaluation/inference/C/training/28/000336.json
 create mode 100644 experiments/stage4/R02/evaluation/inference/C/training/28/000352.json
 create mode 100644 experiments/stage4/R02/evaluation/inference/C/training/28/000368.json
 create mode 100644 experiments/stage4/R02/evaluation/inference/C/training/28/000384.json
 create mode 100644 experiments/stage4/R02/evaluation/inference/C/training/28/000400.json
 create mode 100644 experiments/stage4/R02/evaluation/inference/C/training/28/000416.json
 create mode 100644 experiments/stage4/R02/evaluation/inference/C/training/28/000432.json
 create mode 100644 experiments/stage4/R02/evaluation/inference/C/training/28/000448.json
 create mode 100644 experiments/stage4/R02/evaluation/inference/C/training/28/000464.json
 create mode 100644 experiments/stage4/R02/evaluation/inference/C/training/28/000480.json
 create mode 100644 experiments/stage4/R02/evaluation/inference/C/training/28/000496.json
 create mode 100644 experiments/stage4/R02/evaluation/inference/C/training/28/000512.json
 create mode 100644 experiments/stage4/R02/evaluation/inference/C/training/28/000528.json
 create mode 100644 experiments/stage4/R02/evaluation/inference/C/training/28/000544.json
 create mode 100644 experiments/stage4/R02/evaluation/inference/C/training/28/000560.json
 create mode 100644 experiments/stage4/R02/evaluation/inference/C/training/28/000576.json
 create mode 100644 experiments/stage4/R02/evaluation/inference_manifest.json
 create mode 100644 experiments/stage4/R02/evaluation/metrics.json
 create mode 100644 experiments/stage4/R02/evaluation/model_verification.json
 create mode 100644 experiments/stage4/R02/evaluation/packages.txt
 create mode 100644 experiments/stage4/R02/evaluation/postprocessing/A/testing/02.json
 create mode 100644 experiments/stage4/R02/evaluation/postprocessing/A/testing/05.json
 create mode 100644 experiments/stage4/R02/evaluation/postprocessing/A/testing/07.json
 create mode 100644 experiments/stage4/R02/evaluation/postprocessing/A/training/05.json
 create mode 100644 experiments/stage4/R02/evaluation/postprocessing/A/training/09.json
 create mode 100644 experiments/stage4/R02/evaluation/postprocessing/A/training/10.json
 create mode 100644 experiments/stage4/R02/evaluation/postprocessing/A/training/23.json
 create mode 100644 experiments/stage4/R02/evaluation/postprocessing/A/training/26.json
 create mode 100644 experiments/stage4/R02/evaluation/postprocessing/A/training/28.json
 create mode 100644 experiments/stage4/R02/evaluation/postprocessing/B/testing/02.json
 create mode 100644 experiments/stage4/R02/evaluation/postprocessing/B/testing/05.json
 create mode 100644 experiments/stage4/R02/evaluation/postprocessing/B/testing/07.json
 create mode 100644 experiments/stage4/R02/evaluation/postprocessing/B/training/05.json
 create mode 100644 experiments/stage4/R02/evaluation/postprocessing/B/training/09.json
 create mode 100644 experiments/stage4/R02/evaluation/postprocessing/B/training/10.json
 create mode 100644 experiments/stage4/R02/evaluation/postprocessing/B/training/23.json
 create mode 100644 experiments/stage4/R02/evaluation/postprocessing/B/training/26.json
 create mode 100644 experiments/stage4/R02/evaluation/postprocessing/B/training/28.json
 create mode 100644 experiments/stage4/R02/evaluation/postprocessing/C/testing/02.json
 create mode 100644 experiments/stage4/R02/evaluation/postprocessing/C/testing/05.json
 create mode 100644 experiments/stage4/R02/evaluation/postprocessing/C/testing/07.json
 create mode 100644 experiments/stage4/R02/evaluation/postprocessing/C/training/05.json
 create mode 100644 experiments/stage4/R02/evaluation/postprocessing/C/training/09.json
 create mode 100644 experiments/stage4/R02/evaluation/postprocessing/C/training/10.json
 create mode 100644 experiments/stage4/R02/evaluation/postprocessing/C/training/23.json
 create mode 100644 experiments/stage4/R02/evaluation/postprocessing/C/training/26.json
 create mode 100644 experiments/stage4/R02/evaluation/postprocessing/C/training/28.json
 create mode 100644 experiments/stage4/R02/evaluation/prompts.json
 create mode 100644 experiments/stage4/R02/evaluation/raw_prediction_counts.json
 create mode 100644 experiments/stage4/R02/evaluation/reused_sources.json
 create mode 100644 experiments/stage4/R02/evaluation/runtime_summary.json
 create mode 100644 experiments/stage4/R02/evaluation/status.json
 create mode 100644 experiments/stage4/R02/evaluation/validation/B/testing/08.json
 create mode 100644 experiments/stage4/R02/evaluation/validation/B/training/01.json
 create mode 100644 experiments/stage4/R02/evaluation/validation/B/training/08.json
 create mode 100644 experiments/stage4/R02/evaluation/validation/B/training/24.json
 create mode 100644 experiments/stage4/R02/evaluation/validation/C/testing/08.json
 create mode 100644 experiments/stage4/R02/evaluation/validation/C/training/01.json
 create mode 100644 experiments/stage4/R02/evaluation/validation/C/training/08.json
 create mode 100644 experiments/stage4/R02/evaluation/validation/C/training/24.json
 create mode 100644 experiments/stage4/R02/evaluation/validation_metrics.json
 create mode 100644 experiments/stage4/R02/evaluation/verification.json
 create mode 100644 experiments/stage4/execution/R02_evaluation/20260927T141124Z_48541c5e/command.json
 create mode 100644 experiments/stage4/execution/R02_evaluation/20260927T141124Z_48541c5e/output.log
 create mode 100644 experiments/stage4/execution/R02_evaluation_audit/20260927T143644Z_a20e256f/command.json
 create mode 100644 experiments/stage4/execution/R02_evaluation_audit/20260927T143644Z_a20e256f/output.log
 create mode 100644 experiments/stage4/execution/R02_evaluation_report/20260927T143647Z_6752fd3e/command.json
 create mode 100644 experiments/stage4/execution/R02_evaluation_report/20260927T143647Z_6752fd3e/output.log
{
  "stage": "stage4_R02_evaluation",
  "commit": "78ae275099605bcf7507d4c1de84e3eae4a2e99c",
  "remote": "https://github.com/PigeonLabs/KNU_Capstone1_VAD_VERA.git",
  "branch": "main",
  "push_exit_code": 0,
  "push_stdout": "",
  "push_stderr": "To https://github.com/PigeonLabs/KNU_Capstone1_VAD_VERA.git\n   31ddbaf..78ae275  HEAD -> main\n",
  "finished_utc": "2026-09-27T14:36:52.679858+00:00",
  "remote_commit": "78ae275099605bcf7507d4c1de84e3eae4a2e99c",
  "verified": true
}
{'scene': 'R03', 'step': 'normal'}
/home/jeong/Desktop/IPAD/cache/vera/venv/lib/python3.13/site-packages/timm/models/layers/__init__.py:49: FutureWarning: Importing from timm.models.layers is deprecated, please import via timm.layers
  warnings.warn(f"Importing from {__name__} is deprecated, please import via timm.layers", FutureWarning)
InternLM2ForCausalLM has generative capabilities, as `prepare_inputs_for_generation` is explicitly overwritten. However, it doesn't directly inherit from `GenerationMixin`. From 👉v4.50👈 onwards, `PreTrainedModel` will NOT inherit from `GenerationMixin`, and this model will lose the ability to call `generate` and other related functions.
  - If you're using `trust_remote_code=True`, you can get rid of this warning by loading the model with an auto class. See https://huggingface.co/docs/transformers/en/model_doc/auto#auto-classes
  - If you are the owner of the model architecture code, please modify your model class such that it inherits from `GenerationMixin` (after `PreTrainedModel`, otherwise you'll get an exception).
  - If you are not the owner of the model architecture class, please contact the model code owner to update it.
FlashAttention2 is not installed.
Warning: Flash attention is not available, using eager attention instead.
Loading checkpoint shards:   0%|          | 0/4 [00:00<?, ?it/s]Loading checkpoint shards: 100%|██████████| 4/4 [00:00<00:00, 97.76it/s]
{"event": "normal_video_observed", "scene": "R03", "video": "R03/testing/17", "segments": 45}
{"event": "normal_video_observed", "scene": "R03", "video": "R03/training/01", "segments": 42}
{"event": "normal_video_observed", "scene": "R03", "video": "R03/training/05", "segments": 45}
{"event": "normal_video_observed", "scene": "R03", "video": "R03/training/07", "segments": 44}
{"event": "normal_video_observed", "scene": "R03", "video": "R03/training/08", "segments": 45}
{"event": "normal_video_observed", "scene": "R03", "video": "R03/training/09", "segments": 47}
{"event": "normal_video_observed", "scene": "R03", "video": "R03/training/10", "segments": 44}
{"event": "normal_video_observed", "scene": "R03", "video": "R03/training/11", "segments": 44}
{"event": "normal_video_observed", "scene": "R03", "video": "R03/training/14", "segments": 40}
{"event": "normal_video_observed", "scene": "R03", "video": "R03/training/15", "segments": 45}
{"event": "normal_video_observed", "scene": "R03", "video": "R03/training/17", "segments": 43}
{"event": "normal_video_observed", "scene": "R03", "video": "R03/training/18", "segments": 44}
{"event": "normal_video_observed", "scene": "R03", "video": "R03/training/19", "segments": 44}
{"event": "normal_audit_video_complete", "scene": "R03", "video": "R03/training/03"}
{"event": "normal_audit_video_complete", "scene": "R03", "video": "R03/training/04"}
{"event": "normal_audit_video_complete", "scene": "R03", "video": "R03/training/12"}
{"event": "normal_audit_video_complete", "scene": "R03", "video": "R03/training/13"}
NORMAL PROFILE COMPLETE R03
Execution evidence: experiments/stage4/execution/R03_normal/20260927T143653Z_e05e88e3
{
  "status": "passed",
  "scene": "R03",
  "generation_videos": 13,
  "audit_videos": 4,
  "observed_segments": 572,
  "audit_segments": 181,
  "accepted_rules": 1,
  "normal_train_only": true,
  "disjoint_generation_audit": true,
  "all_candidate_decisions_recomputed": true,
  "source_hashes_verified": true,
  "human_visual_annotation": false,
  "summary_fallback_videos": [
    "R03/training/07",
    "R03/training/15"
  ],
  "fallback_exact_verbatim_and_centers_verified": true
}
Execution evidence: experiments/stage4/execution/R03_normal_audit/20260927T145652Z_3e18c904
Reported stage4_R03_normal
Execution evidence: experiments/stage4/execution/R03_normal_report/20260927T145655Z_d2773dfe
Publication audit: 5418 files, 79524144 bytes
[main 1d612ea] 4단계 R03: 정상 기준 생성·근거 확인 완료
 979 files changed, 58997 insertions(+), 7 deletions(-)
 create mode 100644 experiments/stage4/R03/normal/audit/training/03/000000.json
 create mode 100644 experiments/stage4/R03/normal/audit/training/03/000016.json
 create mode 100644 experiments/stage4/R03/normal/audit/training/03/000032.json
 create mode 100644 experiments/stage4/R03/normal/audit/training/03/000048.json
 create mode 100644 experiments/stage4/R03/normal/audit/training/03/000064.json
 create mode 100644 experiments/stage4/R03/normal/audit/training/03/000080.json
 create mode 100644 experiments/stage4/R03/normal/audit/training/03/000096.json
 create mode 100644 experiments/stage4/R03/normal/audit/training/03/000112.json
 create mode 100644 experiments/stage4/R03/normal/audit/training/03/000128.json
 create mode 100644 experiments/stage4/R03/normal/audit/training/03/000144.json
 create mode 100644 experiments/stage4/R03/normal/audit/training/03/000160.json
 create mode 100644 experiments/stage4/R03/normal/audit/training/03/000176.json
 create mode 100644 experiments/stage4/R03/normal/audit/training/03/000192.json
 create mode 100644 experiments/stage4/R03/normal/audit/training/03/000208.json
 create mode 100644 experiments/stage4/R03/normal/audit/training/03/000224.json
 create mode 100644 experiments/stage4/R03/normal/audit/training/03/000240.json
 create mode 100644 experiments/stage4/R03/normal/audit/training/03/000256.json
 create mode 100644 experiments/stage4/R03/normal/audit/training/03/000272.json
 create mode 100644 experiments/stage4/R03/normal/audit/training/03/000288.json
 create mode 100644 experiments/stage4/R03/normal/audit/training/03/000304.json
 create mode 100644 experiments/stage4/R03/normal/audit/training/03/000320.json
 create mode 100644 experiments/stage4/R03/normal/audit/training/03/000336.json
 create mode 100644 experiments/stage4/R03/normal/audit/training/03/000352.json
 create mode 100644 experiments/stage4/R03/normal/audit/training/03/000368.json
 create mode 100644 experiments/stage4/R03/normal/audit/training/03/000384.json
 create mode 100644 experiments/stage4/R03/normal/audit/training/03/000400.json
 create mode 100644 experiments/stage4/R03/normal/audit/training/03/000416.json
 create mode 100644 experiments/stage4/R03/normal/audit/training/03/000432.json
 create mode 100644 experiments/stage4/R03/normal/audit/training/03/000448.json
 create mode 100644 experiments/stage4/R03/normal/audit/training/03/000464.json
 create mode 100644 experiments/stage4/R03/normal/audit/training/03/000480.json
 create mode 100644 experiments/stage4/R03/normal/audit/training/03/000496.json
 create mode 100644 experiments/stage4/R03/normal/audit/training/03/000512.json
 create mode 100644 experiments/stage4/R03/normal/audit/training/03/000528.json
 create mode 100644 experiments/stage4/R03/normal/audit/training/03/000544.json
 create mode 100644 experiments/stage4/R03/normal/audit/training/03/000560.json
 create mode 100644 experiments/stage4/R03/normal/audit/training/03/000576.json
 create mode 100644 experiments/stage4/R03/normal/audit/training/03/000592.json
 create mode 100644 experiments/stage4/R03/normal/audit/training/03/000608.json
 create mode 100644 experiments/stage4/R03/normal/audit/training/03/000624.json
 create mode 100644 experiments/stage4/R03/normal/audit/training/03/000640.json
 create mode 100644 experiments/stage4/R03/normal/audit/training/03/000656.json
 create mode 100644 experiments/stage4/R03/normal/audit/training/03/000672.json
 create mode 100644 experiments/stage4/R03/normal/audit/training/03/000688.json
 create mode 100644 experiments/stage4/R03/normal/audit/training/03/000704.json
 create mode 100644 experiments/stage4/R03/normal/audit/training/03/000720.json
 create mode 100644 experiments/stage4/R03/normal/audit/training/04/000000.json
 create mode 100644 experiments/stage4/R03/normal/audit/training/04/000016.json
 create mode 100644 experiments/stage4/R03/normal/audit/training/04/000032.json
 create mode 100644 experiments/stage4/R03/normal/audit/training/04/000048.json
 create mode 100644 experiments/stage4/R03/normal/audit/training/04/000064.json
 create mode 100644 experiments/stage4/R03/normal/audit/training/04/000080.json
 create mode 100644 experiments/stage4/R03/normal/audit/training/04/000096.json
 create mode 100644 experiments/stage4/R03/normal/audit/training/04/000112.json
 create mode 100644 experiments/stage4/R03/normal/audit/training/04/000128.json
 create mode 100644 experiments/stage4/R03/normal/audit/training/04/000144.json
 create mode 100644 experiments/stage4/R03/normal/audit/training/04/000160.json
 create mode 100644 experiments/stage4/R03/normal/audit/training/04/000176.json
 create mode 100644 experiments/stage4/R03/normal/audit/training/04/000192.json
 create mode 100644 experiments/stage4/R03/normal/audit/training/04/000208.json
 create mode 100644 experiments/stage4/R03/normal/audit/training/04/000224.json
 create mode 100644 experiments/stage4/R03/normal/audit/training/04/000240.json
 create mode 100644 experiments/stage4/R03/normal/audit/training/04/000256.json
 create mode 100644 experiments/stage4/R03/normal/audit/training/04/000272.json
 create mode 100644 experiments/stage4/R03/normal/audit/training/04/000288.json
 create mode 100644 experiments/stage4/R03/normal/audit/training/04/000304.json
 create mode 100644 experiments/stage4/R03/normal/audit/training/04/000320.json
 create mode 100644 experiments/stage4/R03/normal/audit/training/04/000336.json
 create mode 100644 experiments/stage4/R03/normal/audit/training/04/000352.json
 create mode 100644 experiments/stage4/R03/normal/audit/training/04/000368.json
 create mode 100644 experiments/stage4/R03/normal/audit/training/04/000384.json
 create mode 100644 experiments/stage4/R03/normal/audit/training/04/000400.json
 create mode 100644 experiments/stage4/R03/normal/audit/training/04/000416.json
 create mode 100644 experiments/stage4/R03/normal/audit/training/04/000432.json
 create mode 100644 experiments/stage4/R03/normal/audit/training/04/000448.json
 create mode 100644 experiments/stage4/R03/normal/audit/training/04/000464.json
 create mode 100644 experiments/stage4/R03/normal/audit/training/04/000480.json
 create mode 100644 experiments/stage4/R03/normal/audit/training/04/000496.json
 create mode 100644 experiments/stage4/R03/normal/audit/training/04/000512.json
 create mode 100644 experiments/stage4/R03/normal/audit/training/04/000528.json
 create mode 100644 experiments/stage4/R03/normal/audit/training/04/000544.json
 create mode 100644 experiments/stage4/R03/normal/audit/training/04/000560.json
 create mode 100644 experiments/stage4/R03/normal/audit/training/04/000576.json
 create mode 100644 experiments/stage4/R03/normal/audit/training/04/000592.json
 create mode 100644 experiments/stage4/R03/normal/audit/training/04/000608.json
 create mode 100644 experiments/stage4/R03/normal/audit/training/04/000624.json
 create mode 100644 experiments/stage4/R03/normal/audit/training/04/000640.json
 create mode 100644 experiments/stage4/R03/normal/audit/training/04/000656.json
 create mode 100644 experiments/stage4/R03/normal/audit/training/04/000672.json
 create mode 100644 experiments/stage4/R03/normal/audit/training/12/000000.json
 create mode 100644 experiments/stage4/R03/normal/audit/training/12/000016.json
 create mode 100644 experiments/stage4/R03/normal/audit/training/12/000032.json
 create mode 100644 experiments/stage4/R03/normal/audit/training/12/000048.json
 create mode 100644 experiments/stage4/R03/normal/audit/training/12/000064.json
 create mode 100644 experiments/stage4/R03/normal/audit/training/12/000080.json
 create mode 100644 experiments/stage4/R03/normal/audit/training/12/000096.json
 create mode 100644 experiments/stage4/R03/normal/audit/training/12/000112.json
 create mode 100644 experiments/stage4/R03/normal/audit/training/12/000128.json
 create mode 100644 experiments/stage4/R03/normal/audit/training/12/000144.json
 create mode 100644 experiments/stage4/R03/normal/audit/training/12/000160.json
 create mode 100644 experiments/stage4/R03/normal/audit/training/12/000176.json
 create mode 100644 experiments/stage4/R03/normal/audit/training/12/000192.json
 create mode 100644 experiments/stage4/R03/normal/audit/training/12/000208.json
 create mode 100644 experiments/stage4/R03/normal/audit/training/12/000224.json
 create mode 100644 experiments/stage4/R03/normal/audit/training/12/000240.json
 create mode 100644 experiments/stage4/R03/normal/audit/training/12/000256.json
 create mode 100644 experiments/stage4/R03/normal/audit/training/12/000272.json
 create mode 100644 experiments/stage4/R03/normal/audit/training/12/000288.json
 create mode 100644 experiments/stage4/R03/normal/audit/training/12/000304.json
 create mode 100644 experiments/stage4/R03/normal/audit/training/12/000320.json
 create mode 100644 experiments/stage4/R03/normal/audit/training/12/000336.json
 create mode 100644 experiments/stage4/R03/normal/audit/training/12/000352.json
 create mode 100644 experiments/stage4/R03/normal/audit/training/12/000368.json
 create mode 100644 experiments/stage4/R03/normal/audit/training/12/000384.json
 create mode 100644 experiments/stage4/R03/normal/audit/training/12/000400.json
 create mode 100644 experiments/stage4/R03/normal/audit/training/12/000416.json
 create mode 100644 experiments/stage4/R03/normal/audit/training/12/000432.json
 create mode 100644 experiments/stage4/R03/normal/audit/training/12/000448.json
 create mode 100644 experiments/stage4/R03/normal/audit/training/12/000464.json
 create mode 100644 experiments/stage4/R03/normal/audit/training/12/000480.json
 create mode 100644 experiments/stage4/R03/normal/audit/training/12/000496.json
 create mode 100644 experiments/stage4/R03/normal/audit/training/12/000512.json
 create mode 100644 experiments/stage4/R03/normal/audit/training/12/000528.json
 create mode 100644 experiments/stage4/R03/normal/audit/training/12/000544.json
 create mode 100644 experiments/stage4/R03/normal/audit/training/12/000560.json
 create mode 100644 experiments/stage4/R03/normal/audit/training/12/000576.json
 create mode 100644 experiments/stage4/R03/normal/audit/training/12/000592.json
 create mode 100644 experiments/stage4/R03/normal/audit/training/12/000608.json
 create mode 100644 experiments/stage4/R03/normal/audit/training/12/000624.json
 create mode 100644 experiments/stage4/R03/normal/audit/training/12/000640.json
 create mode 100644 experiments/stage4/R03/normal/audit/training/12/000656.json
 create mode 100644 experiments/stage4/R03/normal/audit/training/12/000672.json
 create mode 100644 experiments/stage4/R03/normal/audit/training/12/000688.json
 create mode 100644 experiments/stage4/R03/normal/audit/training/12/000704.json
 create mode 100644 experiments/stage4/R03/normal/audit/training/12/000720.json
 create mode 100644 experiments/stage4/R03/normal/audit/training/12/000736.json
 create mode 100644 experiments/stage4/R03/normal/audit/training/13/000000.json
 create mode 100644 experiments/stage4/R03/normal/audit/training/13/000016.json
 create mode 100644 experiments/stage4/R03/normal/audit/training/13/000032.json
 create mode 100644 experiments/stage4/R03/normal/audit/training/13/000048.json
 create mode 100644 experiments/stage4/R03/normal/audit/training/13/000064.json
 create mode 100644 experiments/stage4/R03/normal/audit/training/13/000080.json
 create mode 100644 experiments/stage4/R03/normal/audit/training/13/000096.json
 create mode 100644 experiments/stage4/R03/normal/audit/training/13/000112.json
 create mode 100644 experiments/stage4/R03/normal/audit/training/13/000128.json
 create mode 100644 experiments/stage4/R03/normal/audit/training/13/000144.json
 create mode 100644 experiments/stage4/R03/normal/audit/training/13/000160.json
 create mode 100644 experiments/stage4/R03/normal/audit/training/13/000176.json
 create mode 100644 experiments/stage4/R03/normal/audit/training/13/000192.json
 create mode 100644 experiments/stage4/R03/normal/audit/training/13/000208.json
 create mode 100644 experiments/stage4/R03/normal/audit/training/13/000224.json
 create mode 100644 experiments/stage4/R03/normal/audit/training/13/000240.json
 create mode 100644 experiments/stage4/R03/normal/audit/training/13/000256.json
 create mode 100644 experiments/stage4/R03/normal/audit/training/13/000272.json
 create mode 100644 experiments/stage4/R03/normal/audit/training/13/000288.json
 create mode 100644 experiments/stage4/R03/normal/audit/training/13/000304.json
 create mode 100644 experiments/stage4/R03/normal/audit/training/13/000320.json
 create mode 100644 experiments/stage4/R03/normal/audit/training/13/000336.json
 create mode 100644 experiments/stage4/R03/normal/audit/training/13/000352.json
 create mode 100644 experiments/stage4/R03/normal/audit/training/13/000368.json
 create mode 100644 experiments/stage4/R03/normal/audit/training/13/000384.json
 create mode 100644 experiments/stage4/R03/normal/audit/training/13/000400.json
 create mode 100644 experiments/stage4/R03/normal/audit/training/13/000416.json
 create mode 100644 experiments/stage4/R03/normal/audit/training/13/000432.json
 create mode 100644 experiments/stage4/R03/normal/audit/training/13/000448.json
 create mode 100644 experiments/stage4/R03/normal/audit/training/13/000464.json
 create mode 100644 experiments/stage4/R03/normal/audit/training/13/000480.json
 create mode 100644 experiments/stage4/R03/normal/audit/training/13/000496.json
 create mode 100644 experiments/stage4/R03/normal/audit/training/13/000512.json
 create mode 100644 experiments/stage4/R03/normal/audit/training/13/000528.json
 create mode 100644 experiments/stage4/R03/normal/audit/training/13/000544.json
 create mode 100644 experiments/stage4/R03/normal/audit/training/13/000560.json
 create mode 100644 experiments/stage4/R03/normal/audit/training/13/000576.json
 create mode 100644 experiments/stage4/R03/normal/audit/training/13/000592.json
 create mode 100644 experiments/stage4/R03/normal/audit/training/13/000608.json
 create mode 100644 experiments/stage4/R03/normal/audit/training/13/000624.json
 create mode 100644 experiments/stage4/R03/normal/audit/training/13/000640.json
 create mode 100644 experiments/stage4/R03/normal/audit/training/13/000656.json
 create mode 100644 experiments/stage4/R03/normal/audit/training/13/000672.json
 create mode 100644 experiments/stage4/R03/normal/audit/training/13/000688.json
 create mode 100644 experiments/stage4/R03/normal/audit/training/13/000704.json
 create mode 100644 experiments/stage4/R03/normal/audit_checks/N1/training/03/000000.json
 create mode 100644 experiments/stage4/R03/normal/audit_checks/N1/training/03/000016.json
 create mode 100644 experiments/stage4/R03/normal/audit_checks/N1/training/03/000032.json
 create mode 100644 experiments/stage4/R03/normal/audit_checks/N1/training/03/000048.json
 create mode 100644 experiments/stage4/R03/normal/audit_checks/N1/training/03/000064.json
 create mode 100644 experiments/stage4/R03/normal/audit_checks/N1/training/03/000080.json
 create mode 100644 experiments/stage4/R03/normal/audit_checks/N1/training/03/000096.json
 create mode 100644 experiments/stage4/R03/normal/audit_checks/N1/training/03/000112.json
 create mode 100644 experiments/stage4/R03/normal/audit_checks/N1/training/03/000128.json
 create mode 100644 experiments/stage4/R03/normal/audit_checks/N1/training/03/000144.json
 create mode 100644 experiments/stage4/R03/normal/audit_checks/N1/training/03/000160.json
 create mode 100644 experiments/stage4/R03/normal/audit_checks/N1/training/03/000176.json
 create mode 100644 experiments/stage4/R03/normal/audit_checks/N1/training/03/000192.json
 create mode 100644 experiments/stage4/R03/normal/audit_checks/N1/training/03/000208.json
 create mode 100644 experiments/stage4/R03/normal/audit_checks/N1/training/03/000224.json
 create mode 100644 experiments/stage4/R03/normal/audit_checks/N1/training/03/000240.json
 create mode 100644 experiments/stage4/R03/normal/audit_checks/N1/training/03/000256.json
 create mode 100644 experiments/stage4/R03/normal/audit_checks/N1/training/03/000272.json
 create mode 100644 experiments/stage4/R03/normal/audit_checks/N1/training/03/000288.json
 create mode 100644 experiments/stage4/R03/normal/audit_checks/N1/training/03/000304.json
 create mode 100644 experiments/stage4/R03/normal/audit_checks/N1/training/03/000320.json
 create mode 100644 experiments/stage4/R03/normal/audit_checks/N1/training/03/000336.json
 create mode 100644 experiments/stage4/R03/normal/audit_checks/N1/training/03/000352.json
 create mode 100644 experiments/stage4/R03/normal/audit_checks/N1/training/03/000368.json
 create mode 100644 experiments/stage4/R03/normal/audit_checks/N1/training/03/000384.json
 create mode 100644 experiments/stage4/R03/normal/audit_checks/N1/training/03/000400.json
 create mode 100644 experiments/stage4/R03/normal/audit_checks/N1/training/03/000416.json
 create mode 100644 experiments/stage4/R03/normal/audit_checks/N1/training/03/000432.json
 create mode 100644 experiments/stage4/R03/normal/audit_checks/N1/training/03/000448.json
 create mode 100644 experiments/stage4/R03/normal/audit_checks/N1/training/03/000464.json
 create mode 100644 experiments/stage4/R03/normal/audit_checks/N1/training/03/000480.json
 create mode 100644 experiments/stage4/R03/normal/audit_checks/N1/training/03/000496.json
 create mode 100644 experiments/stage4/R03/normal/audit_checks/N1/training/03/000512.json
 create mode 100644 experiments/stage4/R03/normal/audit_checks/N1/training/03/000528.json
 create mode 100644 experiments/stage4/R03/normal/audit_checks/N1/training/03/000544.json
 create mode 100644 experiments/stage4/R03/normal/audit_checks/N1/training/03/000560.json
 create mode 100644 experiments/stage4/R03/normal/audit_checks/N1/training/03/000576.json
 create mode 100644 experiments/stage4/R03/normal/audit_checks/N1/training/03/000592.json
 create mode 100644 experiments/stage4/R03/normal/audit_checks/N1/training/03/000608.json
 create mode 100644 experiments/stage4/R03/normal/audit_checks/N1/training/03/000624.json
 create mode 100644 experiments/stage4/R03/normal/audit_checks/N1/training/03/000640.json
 create mode 100644 experiments/stage4/R03/normal/audit_checks/N1/training/03/000656.json
 create mode 100644 experiments/stage4/R03/normal/audit_checks/N1/training/03/000672.json
 create mode 100644 experiments/stage4/R03/normal/audit_checks/N1/training/03/000688.json
 create mode 100644 experiments/stage4/R03/normal/audit_checks/N1/training/03/000704.json
 create mode 100644 experiments/stage4/R03/normal/audit_checks/N1/training/03/000720.json
 create mode 100644 experiments/stage4/R03/normal/audit_checks/N1/training/04/000000.json
 create mode 100644 experiments/stage4/R03/normal/audit_checks/N1/training/04/000016.json
 create mode 100644 experiments/stage4/R03/normal/audit_checks/N1/training/04/000032.json
 create mode 100644 experiments/stage4/R03/normal/audit_checks/N1/training/04/000048.json
 create mode 100644 experiments/stage4/R03/normal/audit_checks/N1/training/04/000064.json
 create mode 100644 experiments/stage4/R03/normal/audit_checks/N1/training/04/000080.json
 create mode 100644 experiments/stage4/R03/normal/audit_checks/N1/training/04/000096.json
 create mode 100644 experiments/stage4/R03/normal/audit_checks/N1/training/04/000112.json
 create mode 100644 experiments/stage4/R03/normal/audit_checks/N1/training/04/000128.json
 create mode 100644 experiments/stage4/R03/normal/audit_checks/N1/training/04/000144.json
 create mode 100644 experiments/stage4/R03/normal/audit_checks/N1/training/04/000160.json
 create mode 100644 experiments/stage4/R03/normal/audit_checks/N1/training/04/000176.json
 create mode 100644 experiments/stage4/R03/normal/audit_checks/N1/training/04/000192.json
 create mode 100644 experiments/stage4/R03/normal/audit_checks/N1/training/04/000208.json
 create mode 100644 experiments/stage4/R03/normal/audit_checks/N1/training/04/000224.json
 create mode 100644 experiments/stage4/R03/normal/audit_checks/N1/training/04/000240.json
 create mode 100644 experiments/stage4/R03/normal/audit_checks/N1/training/04/000256.json
 create mode 100644 experiments/stage4/R03/normal/audit_checks/N1/training/04/000272.json
 create mode 100644 experiments/stage4/R03/normal/audit_checks/N1/training/04/000288.json
 create mode 100644 experiments/stage4/R03/normal/audit_checks/N1/training/04/000304.json
 create mode 100644 experiments/stage4/R03/normal/audit_checks/N1/training/04/000320.json
 create mode 100644 experiments/stage4/R03/normal/audit_checks/N1/training/04/000336.json
 create mode 100644 experiments/stage4/R03/normal/audit_checks/N1/training/04/000352.json
 create mode 100644 experiments/stage4/R03/normal/audit_checks/N1/training/04/000368.json
 create mode 100644 experiments/stage4/R03/normal/audit_checks/N1/training/04/000384.json
 create mode 100644 experiments/stage4/R03/normal/audit_checks/N1/training/04/000400.json
 create mode 100644 experiments/stage4/R03/normal/audit_checks/N1/training/04/000416.json
 create mode 100644 experiments/stage4/R03/normal/audit_checks/N1/training/04/000432.json
 create mode 100644 experiments/stage4/R03/normal/audit_checks/N1/training/04/000448.json
 create mode 100644 experiments/stage4/R03/normal/audit_checks/N1/training/04/000464.json
 create mode 100644 experiments/stage4/R03/normal/audit_checks/N1/training/04/000480.json
 create mode 100644 experiments/stage4/R03/normal/audit_checks/N1/training/04/000496.json
 create mode 100644 experiments/stage4/R03/normal/audit_checks/N1/training/04/000512.json
 create mode 100644 experiments/stage4/R03/normal/audit_checks/N1/training/04/000528.json
 create mode 100644 experiments/stage4/R03/normal/audit_checks/N1/training/04/000544.json
 create mode 100644 experiments/stage4/R03/normal/audit_checks/N1/training/04/000560.json
 create mode 100644 experiments/stage4/R03/normal/audit_checks/N1/training/04/000576.json
 create mode 100644 experiments/stage4/R03/normal/audit_checks/N1/training/04/000592.json
 create mode 100644 experiments/stage4/R03/normal/audit_checks/N1/training/04/000608.json
 create mode 100644 experiments/stage4/R03/normal/audit_checks/N1/training/04/000624.json
 create mode 100644 experiments/stage4/R03/normal/audit_checks/N1/training/04/000640.json
 create mode 100644 experiments/stage4/R03/normal/audit_checks/N1/training/04/000656.json
 create mode 100644 experiments/stage4/R03/normal/audit_checks/N1/training/04/000672.json
 create mode 100644 experiments/stage4/R03/normal/audit_checks/N1/training/12/000000.json
 create mode 100644 experiments/stage4/R03/normal/audit_checks/N1/training/12/000016.json
 create mode 100644 experiments/stage4/R03/normal/audit_checks/N1/training/12/000032.json
 create mode 100644 experiments/stage4/R03/normal/audit_checks/N1/training/12/000048.json
 create mode 100644 experiments/stage4/R03/normal/audit_checks/N1/training/12/000064.json
 create mode 100644 experiments/stage4/R03/normal/audit_checks/N1/training/12/000080.json
 create mode 100644 experiments/stage4/R03/normal/audit_checks/N1/training/12/000096.json
 create mode 100644 experiments/stage4/R03/normal/audit_checks/N1/training/12/000112.json
 create mode 100644 experiments/stage4/R03/normal/audit_checks/N1/training/12/000128.json
 create mode 100644 experiments/stage4/R03/normal/audit_checks/N1/training/12/000144.json
 create mode 100644 experiments/stage4/R03/normal/audit_checks/N1/training/12/000160.json
 create mode 100644 experiments/stage4/R03/normal/audit_checks/N1/training/12/000176.json
 create mode 100644 experiments/stage4/R03/normal/audit_checks/N1/training/12/000192.json
 create mode 100644 experiments/stage4/R03/normal/audit_checks/N1/training/12/000208.json
 create mode 100644 experiments/stage4/R03/normal/audit_checks/N1/training/12/000224.json
 create mode 100644 experiments/stage4/R03/normal/audit_checks/N1/training/12/000240.json
 create mode 100644 experiments/stage4/R03/normal/audit_checks/N1/training/12/000256.json
 create mode 100644 experiments/stage4/R03/normal/audit_checks/N1/training/12/000272.json
 create mode 100644 experiments/stage4/R03/normal/audit_checks/N1/training/12/000288.json
 create mode 100644 experiments/stage4/R03/normal/audit_checks/N1/training/12/000304.json
 create mode 100644 experiments/stage4/R03/normal/audit_checks/N1/training/12/000320.json
 create mode 100644 experiments/stage4/R03/normal/audit_checks/N1/training/12/000336.json
 create mode 100644 experiments/stage4/R03/normal/audit_checks/N1/training/12/000352.json
 create mode 100644 experiments/stage4/R03/normal/audit_checks/N1/training/12/000368.json
 create mode 100644 experiments/stage4/R03/normal/audit_checks/N1/training/12/000384.json
 create mode 100644 experiments/stage4/R03/normal/audit_checks/N1/training/12/000400.json
 create mode 100644 experiments/stage4/R03/normal/audit_checks/N1/training/12/000416.json
 create mode 100644 experiments/stage4/R03/normal/audit_checks/N1/training/12/000432.json
 create mode 100644 experiments/stage4/R03/normal/audit_checks/N1/training/12/000448.json
 create mode 100644 experiments/stage4/R03/normal/audit_checks/N1/training/12/000464.json
 create mode 100644 experiments/stage4/R03/normal/audit_checks/N1/training/12/000480.json
 create mode 100644 experiments/stage4/R03/normal/audit_checks/N1/training/12/000496.json
 create mode 100644 experiments/stage4/R03/normal/audit_checks/N1/training/12/000512.json
 create mode 100644 experiments/stage4/R03/normal/audit_checks/N1/training/12/000528.json
 create mode 100644 experiments/stage4/R03/normal/audit_checks/N1/training/12/000544.json
 create mode 100644 experiments/stage4/R03/normal/audit_checks/N1/training/12/000560.json
 create mode 100644 experiments/stage4/R03/normal/audit_checks/N1/training/12/000576.json
 create mode 100644 experiments/stage4/R03/normal/audit_checks/N1/training/12/000592.json
 create mode 100644 experiments/stage4/R03/normal/audit_checks/N1/training/12/000608.json
 create mode 100644 experiments/stage4/R03/normal/audit_checks/N1/training/12/000624.json
 create mode 100644 experiments/stage4/R03/normal/audit_checks/N1/training/12/000640.json
 create mode 100644 experiments/stage4/R03/normal/audit_checks/N1/training/12/000656.json
 create mode 100644 experiments/stage4/R03/normal/audit_checks/N1/training/12/000672.json
 create mode 100644 experiments/stage4/R03/normal/audit_checks/N1/training/12/000688.json
 create mode 100644 experiments/stage4/R03/normal/audit_checks/N1/training/12/000704.json
 create mode 100644 experiments/stage4/R03/normal/audit_checks/N1/training/12/000720.json
 create mode 100644 experiments/stage4/R03/normal/audit_checks/N1/training/12/000736.json
 create mode 100644 experiments/stage4/R03/normal/audit_checks/N1/training/13/000000.json
 create mode 100644 experiments/stage4/R03/normal/audit_checks/N1/training/13/000016.json
 create mode 100644 experiments/stage4/R03/normal/audit_checks/N1/training/13/000032.json
 create mode 100644 experiments/stage4/R03/normal/audit_checks/N1/training/13/000048.json
 create mode 100644 experiments/stage4/R03/normal/audit_checks/N1/training/13/000064.json
 create mode 100644 experiments/stage4/R03/normal/audit_checks/N1/training/13/000080.json
 create mode 100644 experiments/stage4/R03/normal/audit_checks/N1/training/13/000096.json
 create mode 100644 experiments/stage4/R03/normal/audit_checks/N1/training/13/000112.json
 create mode 100644 experiments/stage4/R03/normal/audit_checks/N1/training/13/000128.json
 create mode 100644 experiments/stage4/R03/normal/audit_checks/N1/training/13/000144.json
 create mode 100644 experiments/stage4/R03/normal/audit_checks/N1/training/13/000160.json
 create mode 100644 experiments/stage4/R03/normal/audit_checks/N1/training/13/000176.json
 create mode 100644 experiments/stage4/R03/normal/audit_checks/N1/training/13/000192.json
 create mode 100644 experiments/stage4/R03/normal/audit_checks/N1/training/13/000208.json
 create mode 100644 experiments/stage4/R03/normal/audit_checks/N1/training/13/000224.json
 create mode 100644 experiments/stage4/R03/normal/audit_checks/N1/training/13/000240.json
 create mode 100644 experiments/stage4/R03/normal/audit_checks/N1/training/13/000256.json
 create mode 100644 experiments/stage4/R03/normal/audit_checks/N1/training/13/000272.json
 create mode 100644 experiments/stage4/R03/normal/audit_checks/N1/training/13/000288.json
 create mode 100644 experiments/stage4/R03/normal/audit_checks/N1/training/13/000304.json
 create mode 100644 experiments/stage4/R03/normal/audit_checks/N1/training/13/000320.json
 create mode 100644 experiments/stage4/R03/normal/audit_checks/N1/training/13/000336.json
 create mode 100644 experiments/stage4/R03/normal/audit_checks/N1/training/13/000352.json
 create mode 100644 experiments/stage4/R03/normal/audit_checks/N1/training/13/000368.json
 create mode 100644 experiments/stage4/R03/normal/audit_checks/N1/training/13/000384.json
 create mode 100644 experiments/stage4/R03/normal/audit_checks/N1/training/13/000400.json
 create mode 100644 experiments/stage4/R03/normal/audit_checks/N1/training/13/000416.json
 create mode 100644 experiments/stage4/R03/normal/audit_checks/N1/training/13/000432.json
 create mode 100644 experiments/stage4/R03/normal/audit_checks/N1/training/13/000448.json
 create mode 100644 experiments/stage4/R03/normal/audit_checks/N1/training/13/000464.json
 create mode 100644 experiments/stage4/R03/normal/audit_checks/N1/training/13/000480.json
 create mode 100644 experiments/stage4/R03/normal/audit_checks/N1/training/13/000496.json
 create mode 100644 experiments/stage4/R03/normal/audit_checks/N1/training/13/000512.json
 create mode 100644 experiments/stage4/R03/normal/audit_checks/N1/training/13/000528.json
 create mode 100644 experiments/stage4/R03/normal/audit_checks/N1/training/13/000544.json
 create mode 100644 experiments/stage4/R03/normal/audit_checks/N1/training/13/000560.json
 create mode 100644 experiments/stage4/R03/normal/audit_checks/N1/training/13/000576.json
 create mode 100644 experiments/stage4/R03/normal/audit_checks/N1/training/13/000592.json
 create mode 100644 experiments/stage4/R03/normal/audit_checks/N1/training/13/000608.json
 create mode 100644 experiments/stage4/R03/normal/audit_checks/N1/training/13/000624.json
 create mode 100644 experiments/stage4/R03/normal/audit_checks/N1/training/13/000640.json
 create mode 100644 experiments/stage4/R03/normal/audit_checks/N1/training/13/000656.json
 create mode 100644 experiments/stage4/R03/normal/audit_checks/N1/training/13/000672.json
 create mode 100644 experiments/stage4/R03/normal/audit_checks/N1/training/13/000688.json
 create mode 100644 experiments/stage4/R03/normal/audit_checks/N1/training/13/000704.json
 create mode 100644 experiments/stage4/R03/normal/calls.jsonl
 create mode 100644 experiments/stage4/R03/normal/candidates.json
 create mode 100644 experiments/stage4/R03/normal/environment.json
 create mode 100644 experiments/stage4/R03/normal/events.jsonl
 create mode 100644 experiments/stage4/R03/normal/format_failures.jsonl
 create mode 100644 experiments/stage4/R03/normal/frozen.json
 create mode 100644 experiments/stage4/R03/normal/gpu.txt
 create mode 100644 experiments/stage4/R03/normal/independent_verification.json
 create mode 100644 experiments/stage4/R03/normal/input_manifest.json
 create mode 100644 experiments/stage4/R03/normal/invalid_candidates.json
 create mode 100644 experiments/stage4/R03/normal/model_verification.json
 create mode 100644 experiments/stage4/R03/normal/normal_description.txt
 create mode 100644 experiments/stage4/R03/normal/normal_profile.json
 create mode 100644 experiments/stage4/R03/normal/observations/testing/17/000000.json
 create mode 100644 experiments/stage4/R03/normal/observations/testing/17/000016.json
 create mode 100644 experiments/stage4/R03/normal/observations/testing/17/000032.json
 create mode 100644 experiments/stage4/R03/normal/observations/testing/17/000048.json
 create mode 100644 experiments/stage4/R03/normal/observations/testing/17/000064.json
 create mode 100644 experiments/stage4/R03/normal/observations/testing/17/000080.json
 create mode 100644 experiments/stage4/R03/normal/observations/testing/17/000096.json
 create mode 100644 experiments/stage4/R03/normal/observations/testing/17/000112.json
 create mode 100644 experiments/stage4/R03/normal/observations/testing/17/000128.json
 create mode 100644 experiments/stage4/R03/normal/observations/testing/17/000144.json
 create mode 100644 experiments/stage4/R03/normal/observations/testing/17/000160.json
 create mode 100644 experiments/stage4/R03/normal/observations/testing/17/000176.json
 create mode 100644 experiments/stage4/R03/normal/observations/testing/17/000192.json
 create mode 100644 experiments/stage4/R03/normal/observations/testing/17/000208.json
 create mode 100644 experiments/stage4/R03/normal/observations/testing/17/000224.json
 create mode 100644 experiments/stage4/R03/normal/observations/testing/17/000240.json
 create mode 100644 experiments/stage4/R03/normal/observations/testing/17/000256.json
 create mode 100644 experiments/stage4/R03/normal/observations/testing/17/000272.json
 create mode 100644 experiments/stage4/R03/normal/observations/testing/17/000288.json
 create mode 100644 experiments/stage4/R03/normal/observations/testing/17/000304.json
 create mode 100644 experiments/stage4/R03/normal/observations/testing/17/000320.json
 create mode 100644 experiments/stage4/R03/normal/observations/testing/17/000336.json
 create mode 100644 experiments/stage4/R03/normal/observations/testing/17/000352.json
 create mode 100644 experiments/stage4/R03/normal/observations/testing/17/000368.json
 create mode 100644 experiments/stage4/R03/normal/observations/testing/17/000384.json
 create mode 100644 experiments/stage4/R03/normal/observations/testing/17/000400.json
 create mode 100644 experiments/stage4/R03/normal/observations/testing/17/000416.json
 create mode 100644 experiments/stage4/R03/normal/observations/testing/17/000432.json
 create mode 100644 experiments/stage4/R03/normal/observations/testing/17/000448.json
 create mode 100644 experiments/stage4/R03/normal/observations/testing/17/000464.json
 create mode 100644 experiments/stage4/R03/normal/observations/testing/17/000480.json
 create mode 100644 experiments/stage4/R03/normal/observations/testing/17/000496.json
 create mode 100644 experiments/stage4/R03/normal/observations/testing/17/000512.json
 create mode 100644 experiments/stage4/R03/normal/observations/testing/17/000528.json
 create mode 100644 experiments/stage4/R03/normal/observations/testing/17/000544.json
 create mode 100644 experiments/stage4/R03/normal/observations/testing/17/000560.json
 create mode 100644 experiments/stage4/R03/normal/observations/testing/17/000576.json
 create mode 100644 experiments/stage4/R03/normal/observations/testing/17/000592.json
 create mode 100644 experiments/stage4/R03/normal/observations/testing/17/000608.json
 create mode 100644 experiments/stage4/R03/normal/observations/testing/17/000624.json
 create mode 100644 experiments/stage4/R03/normal/observations/testing/17/000640.json
 create mode 100644 experiments/stage4/R03/normal/observations/testing/17/000656.json
 create mode 100644 experiments/stage4/R03/normal/observations/testing/17/000672.json
 create mode 100644 experiments/stage4/R03/normal/observations/testing/17/000688.json
 create mode 100644 experiments/stage4/R03/normal/observations/testing/17/000704.json
 create mode 100644 experiments/stage4/R03/normal/observations/training/01/000000.json
 create mode 100644 experiments/stage4/R03/normal/observations/training/01/000016.json
 create mode 100644 experiments/stage4/R03/normal/observations/training/01/000032.json
 create mode 100644 experiments/stage4/R03/normal/observations/training/01/000048.json
 create mode 100644 experiments/stage4/R03/normal/observations/training/01/000064.json
 create mode 100644 experiments/stage4/R03/normal/observations/training/01/000080.json
 create mode 100644 experiments/stage4/R03/normal/observations/training/01/000096.json
 create mode 100644 experiments/stage4/R03/normal/observations/training/01/000112.json
 create mode 100644 experiments/stage4/R03/normal/observations/training/01/000128.json
 create mode 100644 experiments/stage4/R03/normal/observations/training/01/000144.json
 create mode 100644 experiments/stage4/R03/normal/observations/training/01/000160.json
 create mode 100644 experiments/stage4/R03/normal/observations/training/01/000176.json
 create mode 100644 experiments/stage4/R03/normal/observations/training/01/000192.json
 create mode 100644 experiments/stage4/R03/normal/observations/training/01/000208.json
 create mode 100644 experiments/stage4/R03/normal/observations/training/01/000224.json
 create mode 100644 experiments/stage4/R03/normal/observations/training/01/000240.json
 create mode 100644 experiments/stage4/R03/normal/observations/training/01/000256.json
 create mode 100644 experiments/stage4/R03/normal/observations/training/01/000272.json
 create mode 100644 experiments/stage4/R03/normal/observations/training/01/000288.json
 create mode 100644 experiments/stage4/R03/normal/observations/training/01/000304.json
 create mode 100644 experiments/stage4/R03/normal/observations/training/01/000320.json
 create mode 100644 experiments/stage4/R03/normal/observations/training/01/000336.json
 create mode 100644 experiments/stage4/R03/normal/observations/training/01/000352.json
 create mode 100644 experiments/stage4/R03/normal/observations/training/01/000368.json
 create mode 100644 experiments/stage4/R03/normal/observations/training/01/000384.json
 create mode 100644 experiments/stage4/R03/normal/observations/training/01/000400.json
 create mode 100644 experiments/stage4/R03/normal/observations/training/01/000416.json
 create mode 100644 experiments/stage4/R03/normal/observations/training/01/000432.json
 create mode 100644 experiments/stage4/R03/normal/observations/training/01/000448.json
 create mode 100644 experiments/stage4/R03/normal/observations/training/01/000464.json
 create mode 100644 experiments/stage4/R03/normal/observations/training/01/000480.json
 create mode 100644 experiments/stage4/R03/normal/observations/training/01/000496.json
 create mode 100644 experiments/stage4/R03/normal/observations/training/01/000512.json
 create mode 100644 experiments/stage4/R03/normal/observations/training/01/000528.json
 create mode 100644 experiments/stage4/R03/normal/observations/training/01/000544.json
 create mode 100644 experiments/stage4/R03/normal/observations/training/01/000560.json
 create mode 100644 experiments/stage4/R03/normal/observations/training/01/000576.json
 create mode 100644 experiments/stage4/R03/normal/observations/training/01/000592.json
 create mode 100644 experiments/stage4/R03/normal/observations/training/01/000608.json
 create mode 100644 experiments/stage4/R03/normal/observations/training/01/000624.json
 create mode 100644 experiments/stage4/R03/normal/observations/training/01/000640.json
 create mode 100644 experiments/stage4/R03/normal/observations/training/01/000656.json
 create mode 100644 experiments/stage4/R03/normal/observations/training/05/000000.json
 create mode 100644 experiments/stage4/R03/normal/observations/training/05/000016.json
 create mode 100644 experiments/stage4/R03/normal/observations/training/05/000032.json
 create mode 100644 experiments/stage4/R03/normal/observations/training/05/000048.json
 create mode 100644 experiments/stage4/R03/normal/observations/training/05/000064.json
 create mode 100644 experiments/stage4/R03/normal/observations/training/05/000080.json
 create mode 100644 experiments/stage4/R03/normal/observations/training/05/000096.json
 create mode 100644 experiments/stage4/R03/normal/observations/training/05/000112.json
 create mode 100644 experiments/stage4/R03/normal/observations/training/05/000128.json
 create mode 100644 experiments/stage4/R03/normal/observations/training/05/000144.json
 create mode 100644 experiments/stage4/R03/normal/observations/training/05/000160.json
 create mode 100644 experiments/stage4/R03/normal/observations/training/05/000176.json
 create mode 100644 experiments/stage4/R03/normal/observations/training/05/000192.json
 create mode 100644 experiments/stage4/R03/normal/observations/training/05/000208.json
 create mode 100644 experiments/stage4/R03/normal/observations/training/05/000224.json
 create mode 100644 experiments/stage4/R03/normal/observations/training/05/000240.json
 create mode 100644 experiments/stage4/R03/normal/observations/training/05/000256.json
 create mode 100644 experiments/stage4/R03/normal/observations/training/05/000272.json
 create mode 100644 experiments/stage4/R03/normal/observations/training/05/000288.json
 create mode 100644 experiments/stage4/R03/normal/observations/training/05/000304.json
 create mode 100644 experiments/stage4/R03/normal/observations/training/05/000320.json
 create mode 100644 experiments/stage4/R03/normal/observations/training/05/000336.json
 create mode 100644 experiments/stage4/R03/normal/observations/training/05/000352.json
 create mode 100644 experiments/stage4/R03/normal/observations/training/05/000368.json
 create mode 100644 experiments/stage4/R03/normal/observations/training/05/000384.json
 create mode 100644 experiments/stage4/R03/normal/observations/training/05/000400.json
 create mode 100644 experiments/stage4/R03/normal/observations/training/05/000416.json
 create mode 100644 experiments/stage4/R03/normal/observations/training/05/000432.json
 create mode 100644 experiments/stage4/R03/normal/observations/training/05/000448.json
 create mode 100644 experiments/stage4/R03/normal/observations/training/05/000464.json
 create mode 100644 experiments/stage4/R03/normal/observations/training/05/000480.json
 create mode 100644 experiments/stage4/R03/normal/observations/training/05/000496.json
 create mode 100644 experiments/stage4/R03/normal/observations/training/05/000512.json
 create mode 100644 experiments/stage4/R03/normal/observations/training/05/000528.json
 create mode 100644 experiments/stage4/R03/normal/observations/training/05/000544.json
 create mode 100644 experiments/stage4/R03/normal/observations/training/05/000560.json
 create mode 100644 experiments/stage4/R03/normal/observations/training/05/000576.json
 create mode 100644 experiments/stage4/R03/normal/observations/training/05/000592.json
 create mode 100644 experiments/stage4/R03/normal/observations/training/05/000608.json
 create mode 100644 experiments/stage4/R03/normal/observations/training/05/000624.json
 create mode 100644 experiments/stage4/R03/normal/observations/training/05/000640.json
 create mode 100644 experiments/stage4/R03/normal/observations/training/05/000656.json
 create mode 100644 experiments/stage4/R03/normal/observations/training/05/000672.json
 create mode 100644 experiments/stage4/R03/normal/observations/training/05/000688.json
 create mode 100644 experiments/stage4/R03/normal/observations/training/05/000704.json
 create mode 100644 experiments/stage4/R03/normal/observations/training/07/000000.json
 create mode 100644 experiments/stage4/R03/normal/observations/training/07/000016.json
 create mode 100644 experiments/stage4/R03/normal/observations/training/07/000032.json
 create mode 100644 experiments/stage4/R03/normal/observations/training/07/000048.json
 create mode 100644 experiments/stage4/R03/normal/observations/training/07/000064.json
 create mode 100644 experiments/stage4/R03/normal/observations/training/07/000080.json
 create mode 100644 experiments/stage4/R03/normal/observations/training/07/000096.json
 create mode 100644 experiments/stage4/R03/normal/observations/training/07/000112.json
 create mode 100644 experiments/stage4/R03/normal/observations/training/07/000128.json
 create mode 100644 experiments/stage4/R03/normal/observations/training/07/000144.json
 create mode 100644 experiments/stage4/R03/normal/observations/training/07/000160.json
 create mode 100644 experiments/stage4/R03/normal/observations/training/07/000176.json
 create mode 100644 experiments/stage4/R03/normal/observations/training/07/000192.json
 create mode 100644 experiments/stage4/R03/normal/observations/training/07/000208.json
 create mode 100644 experiments/stage4/R03/normal/observations/training/07/000224.json
 create mode 100644 experiments/stage4/R03/normal/observations/training/07/000240.json
 create mode 100644 experiments/stage4/R03/normal/observations/training/07/000256.json
 create mode 100644 experiments/stage4/R03/normal/observations/training/07/000272.json
 create mode 100644 experiments/stage4/R03/normal/observations/training/07/000288.json
 create mode 100644 experiments/stage4/R03/normal/observations/training/07/000304.json
 create mode 100644 experiments/stage4/R03/normal/observations/training/07/000320.json
 create mode 100644 experiments/stage4/R03/normal/observations/training/07/000336.json
 create mode 100644 experiments/stage4/R03/normal/observations/training/07/000352.json
 create mode 100644 experiments/stage4/R03/normal/observations/training/07/000368.json
 create mode 100644 experiments/stage4/R03/normal/observations/training/07/000384.json
 create mode 100644 experiments/stage4/R03/normal/observations/training/07/000400.json
 create mode 100644 experiments/stage4/R03/normal/observations/training/07/000416.json
 create mode 100644 experiments/stage4/R03/normal/observations/training/07/000432.json
 create mode 100644 experiments/stage4/R03/normal/observations/training/07/000448.json
 create mode 100644 experiments/stage4/R03/normal/observations/training/07/000464.json
 create mode 100644 experiments/stage4/R03/normal/observations/training/07/000480.json
 create mode 100644 experiments/stage4/R03/normal/observations/training/07/000496.json
 create mode 100644 experiments/stage4/R03/normal/observations/training/07/000512.json
 create mode 100644 experiments/stage4/R03/normal/observations/training/07/000528.json
 create mode 100644 experiments/stage4/R03/normal/observations/training/07/000544.json
 create mode 100644 experiments/stage4/R03/normal/observations/training/07/000560.json
 create mode 100644 experiments/stage4/R03/normal/observations/training/07/000576.json
 create mode 100644 experiments/stage4/R03/normal/observations/training/07/000592.json
 create mode 100644 experiments/stage4/R03/normal/observations/training/07/000608.json
 create mode 100644 experiments/stage4/R03/normal/observations/training/07/000624.json
 create mode 100644 experiments/stage4/R03/normal/observations/training/07/000640.json
 create mode 100644 experiments/stage4/R03/normal/observations/training/07/000656.json
 create mode 100644 experiments/stage4/R03/normal/observations/training/07/000672.json
 create mode 100644 experiments/stage4/R03/normal/observations/training/07/000688.json
 create mode 100644 experiments/stage4/R03/normal/observations/training/08/000000.json
 create mode 100644 experiments/stage4/R03/normal/observations/training/08/000016.json
 create mode 100644 experiments/stage4/R03/normal/observations/training/08/000032.json
 create mode 100644 experiments/stage4/R03/normal/observations/training/08/000048.json
 create mode 100644 experiments/stage4/R03/normal/observations/training/08/000064.json
 create mode 100644 experiments/stage4/R03/normal/observations/training/08/000080.json
 create mode 100644 experiments/stage4/R03/normal/observations/training/08/000096.json
 create mode 100644 experiments/stage4/R03/normal/observations/training/08/000112.json
 create mode 100644 experiments/stage4/R03/normal/observations/training/08/000128.json
 create mode 100644 experiments/stage4/R03/normal/observations/training/08/000144.json
 create mode 100644 experiments/stage4/R03/normal/observations/training/08/000160.json
 create mode 100644 experiments/stage4/R03/normal/observations/training/08/000176.json
 create mode 100644 experiments/stage4/R03/normal/observations/training/08/000192.json
 create mode 100644 experiments/stage4/R03/normal/observations/training/08/000208.json
 create mode 100644 experiments/stage4/R03/normal/observations/training/08/000224.json
 create mode 100644 experiments/stage4/R03/normal/observations/training/08/000240.json
 create mode 100644 experiments/stage4/R03/normal/observations/training/08/000256.json
 create mode 100644 experiments/stage4/R03/normal/observations/training/08/000272.json
 create mode 100644 experiments/stage4/R03/normal/observations/training/08/000288.json
 create mode 100644 experiments/stage4/R03/normal/observations/training/08/000304.json
 create mode 100644 experiments/stage4/R03/normal/observations/training/08/000320.json
 create mode 100644 experiments/stage4/R03/normal/observations/training/08/000336.json
 create mode 100644 experiments/stage4/R03/normal/observations/training/08/000352.json
 create mode 100644 experiments/stage4/R03/normal/observations/training/08/000368.json
 create mode 100644 experiments/stage4/R03/normal/observations/training/08/000384.json
 create mode 100644 experiments/stage4/R03/normal/observations/training/08/000400.json
 create mode 100644 experiments/stage4/R03/normal/observations/training/08/000416.json
 create mode 100644 experiments/stage4/R03/normal/observations/training/08/000432.json
 create mode 100644 experiments/stage4/R03/normal/observations/training/08/000448.json
 create mode 100644 experiments/stage4/R03/normal/observations/training/08/000464.json
 create mode 100644 experiments/stage4/R03/normal/observations/training/08/000480.json
 create mode 100644 experiments/stage4/R03/normal/observations/training/08/000496.json
 create mode 100644 experiments/stage4/R03/normal/observations/training/08/000512.json
 create mode 100644 experiments/stage4/R03/normal/observations/training/08/000528.json
 create mode 100644 experiments/stage4/R03/normal/observations/training/08/000544.json
 create mode 100644 experiments/stage4/R03/normal/observations/training/08/000560.json
 create mode 100644 experiments/stage4/R03/normal/observations/training/08/000576.json
 create mode 100644 experiments/stage4/R03/normal/observations/training/08/000592.json
 create mode 100644 experiments/stage4/R03/normal/observations/training/08/000608.json
 create mode 100644 experiments/stage4/R03/normal/observations/training/08/000624.json
 create mode 100644 experiments/stage4/R03/normal/observations/training/08/000640.json
 create mode 100644 experiments/stage4/R03/normal/observations/training/08/000656.json
 create mode 100644 experiments/stage4/R03/normal/observations/training/08/000672.json
 create mode 100644 experiments/stage4/R03/normal/observations/training/08/000688.json
 create mode 100644 experiments/stage4/R03/normal/observations/training/08/000704.json
 create mode 100644 experiments/stage4/R03/normal/observations/training/09/000000.json
 create mode 100644 experiments/stage4/R03/normal/observations/training/09/000016.json
 create mode 100644 experiments/stage4/R03/normal/observations/training/09/000032.json
 create mode 100644 experiments/stage4/R03/normal/observations/training/09/000048.json
 create mode 100644 experiments/stage4/R03/normal/observations/training/09/000064.json
 create mode 100644 experiments/stage4/R03/normal/observations/training/09/000080.json
 create mode 100644 experiments/stage4/R03/normal/observations/training/09/000096.json
 create mode 100644 experiments/stage4/R03/normal/observations/training/09/000112.json
 create mode 100644 experiments/stage4/R03/normal/observations/training/09/000128.json
 create mode 100644 experiments/stage4/R03/normal/observations/training/09/000144.json
 create mode 100644 experiments/stage4/R03/normal/observations/training/09/000160.json
 create mode 100644 experiments/stage4/R03/normal/observations/training/09/000176.json
 create mode 100644 experiments/stage4/R03/normal/observations/training/09/000192.json
 create mode 100644 experiments/stage4/R03/normal/observations/training/09/000208.json
 create mode 100644 experiments/stage4/R03/normal/observations/training/09/000224.json
 create mode 100644 experiments/stage4/R03/normal/observations/training/09/000240.json
 create mode 100644 experiments/stage4/R03/normal/observations/training/09/000256.json
 create mode 100644 experiments/stage4/R03/normal/observations/training/09/000272.json
 create mode 100644 experiments/stage4/R03/normal/observations/training/09/000288.json
 create mode 100644 experiments/stage4/R03/normal/observations/training/09/000304.json
 create mode 100644 experiments/stage4/R03/normal/observations/training/09/000320.json
 create mode 100644 experiments/stage4/R03/normal/observations/training/09/000336.json
 create mode 100644 experiments/stage4/R03/normal/observations/training/09/000352.json
 create mode 100644 experiments/stage4/R03/normal/observations/training/09/000368.json
 create mode 100644 experiments/stage4/R03/normal/observations/training/09/000384.json
 create mode 100644 experiments/stage4/R03/normal/observations/training/09/000400.json
 create mode 100644 experiments/stage4/R03/normal/observations/training/09/000416.json
 create mode 100644 experiments/stage4/R03/normal/observations/training/09/000432.json
 create mode 100644 experiments/stage4/R03/normal/observations/training/09/000448.json
 create mode 100644 experiments/stage4/R03/normal/observations/training/09/000464.json
 create mode 100644 experiments/stage4/R03/normal/observations/training/09/000480.json
 create mode 100644 experiments/stage4/R03/normal/observations/training/09/000496.json
 create mode 100644 experiments/stage4/R03/normal/observations/training/09/000512.json
 create mode 100644 experiments/stage4/R03/normal/observations/training/09/000528.json
 create mode 100644 experiments/stage4/R03/normal/observations/training/09/000544.json
 create mode 100644 experiments/stage4/R03/normal/observations/training/09/000560.json
 create mode 100644 experiments/stage4/R03/normal/observations/training/09/000576.json
 create mode 100644 experiments/stage4/R03/normal/observations/training/09/000592.json
 create mode 100644 experiments/stage4/R03/normal/observations/training/09/000608.json
 create mode 100644 experiments/stage4/R03/normal/observations/training/09/000624.json
 create mode 100644 experiments/stage4/R03/normal/observations/training/09/000640.json
 create mode 100644 experiments/stage4/R03/normal/observations/training/09/000656.json
 create mode 100644 experiments/stage4/R03/normal/observations/training/09/000672.json
 create mode 100644 experiments/stage4/R03/normal/observations/training/09/000688.json
 create mode 100644 experiments/stage4/R03/normal/observations/training/09/000704.json
 create mode 100644 experiments/stage4/R03/normal/observations/training/09/000720.json
 create mode 100644 experiments/stage4/R03/normal/observations/training/09/000736.json
 create mode 100644 experiments/stage4/R03/normal/observations/training/10/000000.json
 create mode 100644 experiments/stage4/R03/normal/observations/training/10/000016.json
 create mode 100644 experiments/stage4/R03/normal/observations/training/10/000032.json
 create mode 100644 experiments/stage4/R03/normal/observations/training/10/000048.json
 create mode 100644 experiments/stage4/R03/normal/observations/training/10/000064.json
 create mode 100644 experiments/stage4/R03/normal/observations/training/10/000080.json
 create mode 100644 experiments/stage4/R03/normal/observations/training/10/000096.json
 create mode 100644 experiments/stage4/R03/normal/observations/training/10/000112.json
 create mode 100644 experiments/stage4/R03/normal/observations/training/10/000128.json
 create mode 100644 experiments/stage4/R03/normal/observations/training/10/000144.json
 create mode 100644 experiments/stage4/R03/normal/observations/training/10/000160.json
 create mode 100644 experiments/stage4/R03/normal/observations/training/10/000176.json
 create mode 100644 experiments/stage4/R03/normal/observations/training/10/000192.json
 create mode 100644 experiments/stage4/R03/normal/observations/training/10/000208.json
 create mode 100644 experiments/stage4/R03/normal/observations/training/10/000224.json
 create mode 100644 experiments/stage4/R03/normal/observations/training/10/000240.json
 create mode 100644 experiments/stage4/R03/normal/observations/training/10/000256.json
 create mode 100644 experiments/stage4/R03/normal/observations/training/10/000272.json
 create mode 100644 experiments/stage4/R03/normal/observations/training/10/000288.json
 create mode 100644 experiments/stage4/R03/normal/observations/training/10/000304.json
 create mode 100644 experiments/stage4/R03/normal/observations/training/10/000320.json
 create mode 100644 experiments/stage4/R03/normal/observations/training/10/000336.json
 create mode 100644 experiments/stage4/R03/normal/observations/training/10/000352.json
 create mode 100644 experiments/stage4/R03/normal/observations/training/10/000368.json
 create mode 100644 experiments/stage4/R03/normal/observations/training/10/000384.json
 create mode 100644 experiments/stage4/R03/normal/observations/training/10/000400.json
 create mode 100644 experiments/stage4/R03/normal/observations/training/10/000416.json
 create mode 100644 experiments/stage4/R03/normal/observations/training/10/000432.json
 create mode 100644 experiments/stage4/R03/normal/observations/training/10/000448.json
 create mode 100644 experiments/stage4/R03/normal/observations/training/10/000464.json
 create mode 100644 experiments/stage4/R03/normal/observations/training/10/000480.json
 create mode 100644 experiments/stage4/R03/normal/observations/training/10/000496.json
 create mode 100644 experiments/stage4/R03/normal/observations/training/10/000512.json
 create mode 100644 experiments/stage4/R03/normal/observations/training/10/000528.json
 create mode 100644 experiments/stage4/R03/normal/observations/training/10/000544.json
 create mode 100644 experiments/stage4/R03/normal/observations/training/10/000560.json
 create mode 100644 experiments/stage4/R03/normal/observations/training/10/000576.json
 create mode 100644 experiments/stage4/R03/normal/observations/training/10/000592.json
 create mode 100644 experiments/stage4/R03/normal/observations/training/10/000608.json
 create mode 100644 experiments/stage4/R03/normal/observations/training/10/000624.json
 create mode 100644 experiments/stage4/R03/normal/observations/training/10/000640.json
 create mode 100644 experiments/stage4/R03/normal/observations/training/10/000656.json
 create mode 100644 experiments/stage4/R03/normal/observations/training/10/000672.json
 create mode 100644 experiments/stage4/R03/normal/observations/training/10/000688.json
 create mode 100644 experiments/stage4/R03/normal/observations/training/11/000000.json
 create mode 100644 experiments/stage4/R03/normal/observations/training/11/000016.json
 create mode 100644 experiments/stage4/R03/normal/observations/training/11/000032.json
 create mode 100644 experiments/stage4/R03/normal/observations/training/11/000048.json
 create mode 100644 experiments/stage4/R03/normal/observations/training/11/000064.json
 create mode 100644 experiments/stage4/R03/normal/observations/training/11/000080.json
 create mode 100644 experiments/stage4/R03/normal/observations/training/11/000096.json
 create mode 100644 experiments/stage4/R03/normal/observations/training/11/000112.json
 create mode 100644 experiments/stage4/R03/normal/observations/training/11/000128.json
 create mode 100644 experiments/stage4/R03/normal/observations/training/11/000144.json
 create mode 100644 experiments/stage4/R03/normal/observations/training/11/000160.json
 create mode 100644 experiments/stage4/R03/normal/observations/training/11/000176.json
 create mode 100644 experiments/stage4/R03/normal/observations/training/11/000192.json
 create mode 100644 experiments/stage4/R03/normal/observations/training/11/000208.json
 create mode 100644 experiments/stage4/R03/normal/observations/training/11/000224.json
 create mode 100644 experiments/stage4/R03/normal/observations/training/11/000240.json
 create mode 100644 experiments/stage4/R03/normal/observations/training/11/000256.json
 create mode 100644 experiments/stage4/R03/normal/observations/training/11/000272.json
 create mode 100644 experiments/stage4/R03/normal/observations/training/11/000288.json
 create mode 100644 experiments/stage4/R03/normal/observations/training/11/000304.json
 create mode 100644 experiments/stage4/R03/normal/observations/training/11/000320.json
 create mode 100644 experiments/stage4/R03/normal/observations/training/11/000336.json
 create mode 100644 experiments/stage4/R03/normal/observations/training/11/000352.json
 create mode 100644 experiments/stage4/R03/normal/observations/training/11/000368.json
 create mode 100644 experiments/stage4/R03/normal/observations/training/11/000384.json
 create mode 100644 experiments/stage4/R03/normal/observations/training/11/000400.json
 create mode 100644 experiments/stage4/R03/normal/observations/training/11/000416.json
 create mode 100644 experiments/stage4/R03/normal/observations/training/11/000432.json
 create mode 100644 experiments/stage4/R03/normal/observations/training/11/000448.json
 create mode 100644 experiments/stage4/R03/normal/observations/training/11/000464.json
 create mode 100644 experiments/stage4/R03/normal/observations/training/11/000480.json
 create mode 100644 experiments/stage4/R03/normal/observations/training/11/000496.json
 create mode 100644 experiments/stage4/R03/normal/observations/training/11/000512.json
 create mode 100644 experiments/stage4/R03/normal/observations/training/11/000528.json
 create mode 100644 experiments/stage4/R03/normal/observations/training/11/000544.json
 create mode 100644 experiments/stage4/R03/normal/observations/training/11/000560.json
 create mode 100644 experiments/stage4/R03/normal/observations/training/11/000576.json
 create mode 100644 experiments/stage4/R03/normal/observations/training/11/000592.json
 create mode 100644 experiments/stage4/R03/normal/observations/training/11/000608.json
 create mode 100644 experiments/stage4/R03/normal/observations/training/11/000624.json
 create mode 100644 experiments/stage4/R03/normal/observations/training/11/000640.json
 create mode 100644 experiments/stage4/R03/normal/observations/training/11/000656.json
 create mode 100644 experiments/stage4/R03/normal/observations/training/11/000672.json
 create mode 100644 experiments/stage4/R03/normal/observations/training/11/000688.json
 create mode 100644 experiments/stage4/R03/normal/observations/training/14/000000.json
 create mode 100644 experiments/stage4/R03/normal/observations/training/14/000016.json
 create mode 100644 experiments/stage4/R03/normal/observations/training/14/000032.json
 create mode 100644 experiments/stage4/R03/normal/observations/training/14/000048.json
 create mode 100644 experiments/stage4/R03/normal/observations/training/14/000064.json
 create mode 100644 experiments/stage4/R03/normal/observations/training/14/000080.json
 create mode 100644 experiments/stage4/R03/normal/observations/training/14/000096.json
 create mode 100644 experiments/stage4/R03/normal/observations/training/14/000112.json
 create mode 100644 experiments/stage4/R03/normal/observations/training/14/000128.json
 create mode 100644 experiments/stage4/R03/normal/observations/training/14/000144.json
 create mode 100644 experiments/stage4/R03/normal/observations/training/14/000160.json
 create mode 100644 experiments/stage4/R03/normal/observations/training/14/000176.json
 create mode 100644 experiments/stage4/R03/normal/observations/training/14/000192.json
 create mode 100644 experiments/stage4/R03/normal/observations/training/14/000208.json
 create mode 100644 experiments/stage4/R03/normal/observations/training/14/000224.json
 create mode 100644 experiments/stage4/R03/normal/observations/training/14/000240.json
 create mode 100644 experiments/stage4/R03/normal/observations/training/14/000256.json
 create mode 100644 experiments/stage4/R03/normal/observations/training/14/000272.json
 create mode 100644 experiments/stage4/R03/normal/observations/training/14/000288.json
 create mode 100644 experiments/stage4/R03/normal/observations/training/14/000304.json
 create mode 100644 experiments/stage4/R03/normal/observations/training/14/000320.json
 create mode 100644 experiments/stage4/R03/normal/observations/training/14/000336.json
 create mode 100644 experiments/stage4/R03/normal/observations/training/14/000352.json
 create mode 100644 experiments/stage4/R03/normal/observations/training/14/000368.json
 create mode 100644 experiments/stage4/R03/normal/observations/training/14/000384.json
 create mode 100644 experiments/stage4/R03/normal/observations/training/14/000400.json
 create mode 100644 experiments/stage4/R03/normal/observations/training/14/000416.json
 create mode 100644 experiments/stage4/R03/normal/observations/training/14/000432.json
 create mode 100644 experiments/stage4/R03/normal/observations/training/14/000448.json
 create mode 100644 experiments/stage4/R03/normal/observations/training/14/000464.json
 create mode 100644 experiments/stage4/R03/normal/observations/training/14/000480.json
 create mode 100644 experiments/stage4/R03/normal/observations/training/14/000496.json
 create mode 100644 experiments/stage4/R03/normal/observations/training/14/000512.json
 create mode 100644 experiments/stage4/R03/normal/observations/training/14/000528.json
 create mode 100644 experiments/stage4/R03/normal/observations/training/14/000544.json
 create mode 100644 experiments/stage4/R03/normal/observations/training/14/000560.json
 create mode 100644 experiments/stage4/R03/normal/observations/training/14/000576.json
 create mode 100644 experiments/stage4/R03/normal/observations/training/14/000592.json
 create mode 100644 experiments/stage4/R03/normal/observations/training/14/000608.json
 create mode 100644 experiments/stage4/R03/normal/observations/training/14/000624.json
 create mode 100644 experiments/stage4/R03/normal/observations/training/15/000000.json
 create mode 100644 experiments/stage4/R03/normal/observations/training/15/000016.json
 create mode 100644 experiments/stage4/R03/normal/observations/training/15/000032.json
 create mode 100644 experiments/stage4/R03/normal/observations/training/15/000048.json
 create mode 100644 experiments/stage4/R03/normal/observations/training/15/000064.json
 create mode 100644 experiments/stage4/R03/normal/observations/training/15/000080.json
 create mode 100644 experiments/stage4/R03/normal/observations/training/15/000096.json
 create mode 100644 experiments/stage4/R03/normal/observations/training/15/000112.json
 create mode 100644 experiments/stage4/R03/normal/observations/training/15/000128.json
 create mode 100644 experiments/stage4/R03/normal/observations/training/15/000144.json
 create mode 100644 experiments/stage4/R03/normal/observations/training/15/000160.json
 create mode 100644 experiments/stage4/R03/normal/observations/training/15/000176.json
 create mode 100644 experiments/stage4/R03/normal/observations/training/15/000192.json
 create mode 100644 experiments/stage4/R03/normal/observations/training/15/000208.json
 create mode 100644 experiments/stage4/R03/normal/observations/training/15/000224.json
 create mode 100644 experiments/stage4/R03/normal/observations/training/15/000240.json
 create mode 100644 experiments/stage4/R03/normal/observations/training/15/000256.json
 create mode 100644 experiments/stage4/R03/normal/observations/training/15/000272.json
 create mode 100644 experiments/stage4/R03/normal/observations/training/15/000288.json
 create mode 100644 experiments/stage4/R03/normal/observations/training/15/000304.json
 create mode 100644 experiments/stage4/R03/normal/observations/training/15/000320.json
 create mode 100644 experiments/stage4/R03/normal/observations/training/15/000336.json
 create mode 100644 experiments/stage4/R03/normal/observations/training/15/000352.json
 create mode 100644 experiments/stage4/R03/normal/observations/training/15/000368.json
 create mode 100644 experiments/stage4/R03/normal/observations/training/15/000384.json
 create mode 100644 experiments/stage4/R03/normal/observations/training/15/000400.json
 create mode 100644 experiments/stage4/R03/normal/observations/training/15/000416.json
 create mode 100644 experiments/stage4/R03/normal/observations/training/15/000432.json
 create mode 100644 experiments/stage4/R03/normal/observations/training/15/000448.json
 create mode 100644 experiments/stage4/R03/normal/observations/training/15/000464.json
 create mode 100644 experiments/stage4/R03/normal/observations/training/15/000480.json
 create mode 100644 experiments/stage4/R03/normal/observations/training/15/000496.json
 create mode 100644 experiments/stage4/R03/normal/observations/training/15/000512.json
 create mode 100644 experiments/stage4/R03/normal/observations/training/15/000528.json
 create mode 100644 experiments/stage4/R03/normal/observations/training/15/000544.json
 create mode 100644 experiments/stage4/R03/normal/observations/training/15/000560.json
 create mode 100644 experiments/stage4/R03/normal/observations/training/15/000576.json
 create mode 100644 experiments/stage4/R03/normal/observations/training/15/000592.json
 create mode 100644 experiments/stage4/R03/normal/observations/training/15/000608.json
 create mode 100644 experiments/stage4/R03/normal/observations/training/15/000624.json
 create mode 100644 experiments/stage4/R03/normal/observations/training/15/000640.json
 create mode 100644 experiments/stage4/R03/normal/observations/training/15/000656.json
 create mode 100644 experiments/stage4/R03/normal/observations/training/15/000672.json
 create mode 100644 experiments/stage4/R03/normal/observations/training/15/000688.json
 create mode 100644 experiments/stage4/R03/normal/observations/training/15/000704.json
 create mode 100644 experiments/stage4/R03/normal/observations/training/17/000000.json
 create mode 100644 experiments/stage4/R03/normal/observations/training/17/000016.json
 create mode 100644 experiments/stage4/R03/normal/observations/training/17/000032.json
 create mode 100644 experiments/stage4/R03/normal/observations/training/17/000048.json
 create mode 100644 experiments/stage4/R03/normal/observations/training/17/000064.json
 create mode 100644 experiments/stage4/R03/normal/observations/training/17/000080.json
 create mode 100644 experiments/stage4/R03/normal/observations/training/17/000096.json
 create mode 100644 experiments/stage4/R03/normal/observations/training/17/000112.json
 create mode 100644 experiments/stage4/R03/normal/observations/training/17/000128.json
 create mode 100644 experiments/stage4/R03/normal/observations/training/17/000144.json
 create mode 100644 experiments/stage4/R03/normal/observations/training/17/000160.json
 create mode 100644 experiments/stage4/R03/normal/observations/training/17/000176.json
 create mode 100644 experiments/stage4/R03/normal/observations/training/17/000192.json
 create mode 100644 experiments/stage4/R03/normal/observations/training/17/000208.json
 create mode 100644 experiments/stage4/R03/normal/observations/training/17/000224.json
 create mode 100644 experiments/stage4/R03/normal/observations/training/17/000240.json
 create mode 100644 experiments/stage4/R03/normal/observations/training/17/000256.json
 create mode 100644 experiments/stage4/R03/normal/observations/training/17/000272.json
 create mode 100644 experiments/stage4/R03/normal/observations/training/17/000288.json
 create mode 100644 experiments/stage4/R03/normal/observations/training/17/000304.json
 create mode 100644 experiments/stage4/R03/normal/observations/training/17/000320.json
 create mode 100644 experiments/stage4/R03/normal/observations/training/17/000336.json
 create mode 100644 experiments/stage4/R03/normal/observations/training/17/000352.json
 create mode 100644 experiments/stage4/R03/normal/observations/training/17/000368.json
 create mode 100644 experiments/stage4/R03/normal/observations/training/17/000384.json
 create mode 100644 experiments/stage4/R03/normal/observations/training/17/000400.json
 create mode 100644 experiments/stage4/R03/normal/observations/training/17/000416.json
 create mode 100644 experiments/stage4/R03/normal/observations/training/17/000432.json
 create mode 100644 experiments/stage4/R03/normal/observations/training/17/000448.json
 create mode 100644 experiments/stage4/R03/normal/observations/training/17/000464.json
 create mode 100644 experiments/stage4/R03/normal/observations/training/17/000480.json
 create mode 100644 experiments/stage4/R03/normal/observations/training/17/000496.json
 create mode 100644 experiments/stage4/R03/normal/observations/training/17/000512.json
 create mode 100644 experiments/stage4/R03/normal/observations/training/17/000528.json
 create mode 100644 experiments/stage4/R03/normal/observations/training/17/000544.json
 create mode 100644 experiments/stage4/R03/normal/observations/training/17/000560.json
 create mode 100644 experiments/stage4/R03/normal/observations/training/17/000576.json
 create mode 100644 experiments/stage4/R03/normal/observations/training/17/000592.json
 create mode 100644 experiments/stage4/R03/normal/observations/training/17/000608.json
 create mode 100644 experiments/stage4/R03/normal/observations/training/17/000624.json
 create mode 100644 experiments/stage4/R03/normal/observations/training/17/000640.json
 create mode 100644 experiments/stage4/R03/normal/observations/training/17/000656.json
 create mode 100644 experiments/stage4/R03/normal/observations/training/17/000672.json
 create mode 100644 experiments/stage4/R03/normal/observations/training/18/000000.json
 create mode 100644 experiments/stage4/R03/normal/observations/training/18/000016.json
 create mode 100644 experiments/stage4/R03/normal/observations/training/18/000032.json
 create mode 100644 experiments/stage4/R03/normal/observations/training/18/000048.json
 create mode 100644 experiments/stage4/R03/normal/observations/training/18/000064.json
 create mode 100644 experiments/stage4/R03/normal/observations/training/18/000080.json
 create mode 100644 experiments/stage4/R03/normal/observations/training/18/000096.json
 create mode 100644 experiments/stage4/R03/normal/observations/training/18/000112.json
 create mode 100644 experiments/stage4/R03/normal/observations/training/18/000128.json
 create mode 100644 experiments/stage4/R03/normal/observations/training/18/000144.json
 create mode 100644 experiments/stage4/R03/normal/observations/training/18/000160.json
 create mode 100644 experiments/stage4/R03/normal/observations/training/18/000176.json
 create mode 100644 experiments/stage4/R03/normal/observations/training/18/000192.json
 create mode 100644 experiments/stage4/R03/normal/observations/training/18/000208.json
 create mode 100644 experiments/stage4/R03/normal/observations/training/18/000224.json
 create mode 100644 experiments/stage4/R03/normal/observations/training/18/000240.json
 create mode 100644 experiments/stage4/R03/normal/observations/training/18/000256.json
 create mode 100644 experiments/stage4/R03/normal/observations/training/18/000272.json
 create mode 100644 experiments/stage4/R03/normal/observations/training/18/000288.json
 create mode 100644 experiments/stage4/R03/normal/observations/training/18/000304.json
 create mode 100644 experiments/stage4/R03/normal/observations/training/18/000320.json
 create mode 100644 experiments/stage4/R03/normal/observations/training/18/000336.json
 create mode 100644 experiments/stage4/R03/normal/observations/training/18/000352.json
 create mode 100644 experiments/stage4/R03/normal/observations/training/18/000368.json
 create mode 100644 experiments/stage4/R03/normal/observations/training/18/000384.json
 create mode 100644 experiments/stage4/R03/normal/observations/training/18/000400.json
 create mode 100644 experiments/stage4/R03/normal/observations/training/18/000416.json
 create mode 100644 experiments/stage4/R03/normal/observations/training/18/000432.json
 create mode 100644 experiments/stage4/R03/normal/observations/training/18/000448.json
 create mode 100644 experiments/stage4/R03/normal/observations/training/18/000464.json
 create mode 100644 experiments/stage4/R03/normal/observations/training/18/000480.json
 create mode 100644 experiments/stage4/R03/normal/observations/training/18/000496.json
 create mode 100644 experiments/stage4/R03/normal/observations/training/18/000512.json
 create mode 100644 experiments/stage4/R03/normal/observations/training/18/000528.json
 create mode 100644 experiments/stage4/R03/normal/observations/training/18/000544.json
 create mode 100644 experiments/stage4/R03/normal/observations/training/18/000560.json
 create mode 100644 experiments/stage4/R03/normal/observations/training/18/000576.json
 create mode 100644 experiments/stage4/R03/normal/observations/training/18/000592.json
 create mode 100644 experiments/stage4/R03/normal/observations/training/18/000608.json
 create mode 100644 experiments/stage4/R03/normal/observations/training/18/000624.json
 create mode 100644 experiments/stage4/R03/normal/observations/training/18/000640.json
 create mode 100644 experiments/stage4/R03/normal/observations/training/18/000656.json
 create mode 100644 experiments/stage4/R03/normal/observations/training/18/000672.json
 create mode 100644 experiments/stage4/R03/normal/observations/training/18/000688.json
 create mode 100644 experiments/stage4/R03/normal/observations/training/19/000000.json
 create mode 100644 experiments/stage4/R03/normal/observations/training/19/000016.json
 create mode 100644 experiments/stage4/R03/normal/observations/training/19/000032.json
 create mode 100644 experiments/stage4/R03/normal/observations/training/19/000048.json
 create mode 100644 experiments/stage4/R03/normal/observations/training/19/000064.json
 create mode 100644 experiments/stage4/R03/normal/observations/training/19/000080.json
 create mode 100644 experiments/stage4/R03/normal/observations/training/19/000096.json
 create mode 100644 experiments/stage4/R03/normal/observations/training/19/000112.json
 create mode 100644 experiments/stage4/R03/normal/observations/training/19/000128.json
 create mode 100644 experiments/stage4/R03/normal/observations/training/19/000144.json
 create mode 100644 experiments/stage4/R03/normal/observations/training/19/000160.json
 create mode 100644 experiments/stage4/R03/normal/observations/training/19/000176.json
 create mode 100644 experiments/stage4/R03/normal/observations/training/19/000192.json
 create mode 100644 experiments/stage4/R03/normal/observations/training/19/000208.json
 create mode 100644 experiments/stage4/R03/normal/observations/training/19/000224.json
 create mode 100644 experiments/stage4/R03/normal/observations/training/19/000240.json
 create mode 100644 experiments/stage4/R03/normal/observations/training/19/000256.json
 create mode 100644 experiments/stage4/R03/normal/observations/training/19/000272.json
 create mode 100644 experiments/stage4/R03/normal/observations/training/19/000288.json
 create mode 100644 experiments/stage4/R03/normal/observations/training/19/000304.json
 create mode 100644 experiments/stage4/R03/normal/observations/training/19/000320.json
 create mode 100644 experiments/stage4/R03/normal/observations/training/19/000336.json
 create mode 100644 experiments/stage4/R03/normal/observations/training/19/000352.json
 create mode 100644 experiments/stage4/R03/normal/observations/training/19/000368.json
 create mode 100644 experiments/stage4/R03/normal/observations/training/19/000384.json
 create mode 100644 experiments/stage4/R03/normal/observations/training/19/000400.json
 create mode 100644 experiments/stage4/R03/normal/observations/training/19/000416.json
 create mode 100644 experiments/stage4/R03/normal/observations/training/19/000432.json
 create mode 100644 experiments/stage4/R03/normal/observations/training/19/000448.json
 create mode 100644 experiments/stage4/R03/normal/observations/training/19/000464.json
 create mode 100644 experiments/stage4/R03/normal/observations/training/19/000480.json
 create mode 100644 experiments/stage4/R03/normal/observations/training/19/000496.json
 create mode 100644 experiments/stage4/R03/normal/observations/training/19/000512.json
 create mode 100644 experiments/stage4/R03/normal/observations/training/19/000528.json
 create mode 100644 experiments/stage4/R03/normal/observations/training/19/000544.json
 create mode 100644 experiments/stage4/R03/normal/observations/training/19/000560.json
 create mode 100644 experiments/stage4/R03/normal/observations/training/19/000576.json
 create mode 100644 experiments/stage4/R03/normal/observations/training/19/000592.json
 create mode 100644 experiments/stage4/R03/normal/observations/training/19/000608.json
 create mode 100644 experiments/stage4/R03/normal/observations/training/19/000624.json
 create mode 100644 experiments/stage4/R03/normal/observations/training/19/000640.json
 create mode 100644 experiments/stage4/R03/normal/observations/training/19/000656.json
 create mode 100644 experiments/stage4/R03/normal/observations/training/19/000672.json
 create mode 100644 experiments/stage4/R03/normal/observations/training/19/000688.json
 create mode 100644 experiments/stage4/R03/normal/packages.txt
 create mode 100644 experiments/stage4/R03/normal/questions.txt
 create mode 100644 experiments/stage4/R03/normal/rules.json
 create mode 100644 experiments/stage4/R03/normal/runtime_summary.json
 create mode 100644 experiments/stage4/R03/normal/status.json
 create mode 100644 experiments/stage4/R03/normal/summary_fallbacks.jsonl
 create mode 100644 experiments/stage4/R03/normal/support_checks/N1/testing/17/000000.json
 create mode 100644 experiments/stage4/R03/normal/support_checks/N1/training/01/000000.json
 create mode 100644 experiments/stage4/R03/normal/support_checks/N1/training/05/000000.json
 create mode 100644 experiments/stage4/R03/normal/support_verification.json
 create mode 100644 experiments/stage4/R03/normal/video_summaries/testing/17.json
 create mode 100644 experiments/stage4/R03/normal/video_summaries/training/01.json
 create mode 100644 experiments/stage4/R03/normal/video_summaries/training/05.json
 create mode 100644 experiments/stage4/R03/normal/video_summaries/training/07.json
 create mode 100644 experiments/stage4/R03/normal/video_summaries/training/08.json
 create mode 100644 experiments/stage4/R03/normal/video_summaries/training/09.json
 create mode 100644 experiments/stage4/R03/normal/video_summaries/training/10.json
 create mode 100644 experiments/stage4/R03/normal/video_summaries/training/11.json
 create mode 100644 experiments/stage4/R03/normal/video_summaries/training/14.json
 create mode 100644 experiments/stage4/R03/normal/video_summaries/training/15.json
 create mode 100644 experiments/stage4/R03/normal/video_summaries/training/17.json
 create mode 100644 experiments/stage4/R03/normal/video_summaries/training/18.json
 create mode 100644 experiments/stage4/R03/normal/video_summaries/training/19.json
 create mode 100644 experiments/stage4/execution/R03_normal/20260927T143653Z_e05e88e3/command.json
 create mode 100644 experiments/stage4/execution/R03_normal/20260927T143653Z_e05e88e3/output.log
 create mode 100644 experiments/stage4/execution/R03_normal_audit/20260927T145652Z_3e18c904/command.json
 create mode 100644 experiments/stage4/execution/R03_normal_audit/20260927T145652Z_3e18c904/output.log
 create mode 100644 experiments/stage4/execution/R03_normal_report/20260927T145655Z_d2773dfe/command.json
 create mode 100644 experiments/stage4/execution/R03_normal_report/20260927T145655Z_d2773dfe/output.log
{
  "stage": "stage4_R03_normal",
  "commit": "1d612ea1cc89a50ec72b136464b1999a85cc7d4c",
  "remote": "https://github.com/PigeonLabs/KNU_Capstone1_VAD_VERA.git",
  "branch": "main",
  "push_exit_code": 0,
  "push_stdout": "",
  "push_stderr": "To https://github.com/PigeonLabs/KNU_Capstone1_VAD_VERA.git\n   78ae275..1d612ea  HEAD -> main\n",
  "finished_utc": "2026-09-27T14:57:00.554908+00:00",
  "remote_commit": "1d612ea1cc89a50ec72b136464b1999a85cc7d4c",
  "verified": true
}
{'scene': 'R03', 'step': 'evaluation'}
/home/jeong/Desktop/IPAD/cache/vera/venv/lib/python3.13/site-packages/timm/models/layers/__init__.py:49: FutureWarning: Importing from timm.models.layers is deprecated, please import via timm.layers
  warnings.warn(f"Importing from {__name__} is deprecated, please import via timm.layers", FutureWarning)
InternLM2ForCausalLM has generative capabilities, as `prepare_inputs_for_generation` is explicitly overwritten. However, it doesn't directly inherit from `GenerationMixin`. From 👉v4.50👈 onwards, `PreTrainedModel` will NOT inherit from `GenerationMixin`, and this model will lose the ability to call `generate` and other related functions.
  - If you're using `trust_remote_code=True`, you can get rid of this warning by loading the model with an auto class. See https://huggingface.co/docs/transformers/en/model_doc/auto#auto-classes
  - If you are the owner of the model architecture code, please modify your model class such that it inherits from `GenerationMixin` (after `PreTrainedModel`, otherwise you'll get an exception).
  - If you are not the owner of the model architecture class, please contact the model code owner to update it.
FlashAttention2 is not installed.
Warning: Flash attention is not available, using eager attention instead.
Loading checkpoint shards:   0%|          | 0/4 [00:00<?, ?it/s]Loading checkpoint shards: 100%|██████████| 4/4 [00:00<00:00, 106.04it/s]
{"event": "condition_video_complete", "scene": "R03", "condition": "B", "video": "R03/training/02"}
{"event": "condition_video_complete", "scene": "R03", "condition": "B", "video": "R03/training/16"}
{"event": "condition_video_complete", "scene": "R03", "condition": "B", "video": "R03/training/20"}
{"event": "condition_video_complete", "scene": "R03", "condition": "B", "video": "R03/training/21"}
{"event": "condition_video_complete", "scene": "R03", "condition": "B", "video": "R03/training/22"}
{"event": "condition_video_complete", "scene": "R03", "condition": "B", "video": "R03/testing/01"}
{"event": "condition_video_complete", "scene": "R03", "condition": "B", "video": "R03/testing/08"}
{"event": "condition_video_complete", "scene": "R03", "condition": "B", "video": "R03/testing/11"}
{"event": "condition_video_complete", "scene": "R03", "condition": "C", "video": "R03/training/02"}
{"event": "condition_video_complete", "scene": "R03", "condition": "C", "video": "R03/training/16"}
{"event": "condition_video_complete", "scene": "R03", "condition": "C", "video": "R03/training/20"}
{"event": "condition_video_complete", "scene": "R03", "condition": "C", "video": "R03/training/21"}
{"event": "condition_video_complete", "scene": "R03", "condition": "C", "video": "R03/training/22"}
{"event": "condition_video_complete", "scene": "R03", "condition": "C", "video": "R03/testing/01"}
{"event": "condition_video_complete", "scene": "R03", "condition": "C", "video": "R03/testing/08"}
{"event": "condition_video_complete", "scene": "R03", "condition": "C", "video": "R03/testing/11"}
{
  "event": "evaluation_complete",
  "scene": "R03",
  "metrics": {
    "A": {
      "initial": {
        "frames": 5575,
        "positive_frames": 1341,
        "auroc": 49.811053377420876,
        "ap": 24.053811659192824
      },
      "retrieved": {
        "frames": 5575,
        "positive_frames": 1341,
        "auroc": 49.055266887104395,
        "ap": 24.053811659192824
      },
      "smoothed": {
        "frames": 5575,
        "positive_frames": 1341,
        "auroc": 46.410014170996696,
        "ap": 24.053811659192824
      },
      "final": {
        "frames": 5575,
        "positive_frames": 1341,
        "auroc": 46.410014170996696,
        "ap": 24.053811659192824
      },
      "initial_binary": {
        "tp": 0,
        "fp": 16,
        "tn": 4218,
        "fn": 1341,
        "accuracy": 0.7565919282511211,
        "recall": 0.0,
        "fpr": 0.003778932451582428
      }
    },
    "B": {
      "initial": {
        "frames": 5575,
        "positive_frames": 1341,
        "auroc": 50.0,
        "ap": 24.053811659192824
      },
      "retrieved": {
        "frames": 5575,
        "positive_frames": 1341,
        "auroc": 50.0,
        "ap": 24.053811659192824
      },
      "smoothed": {
        "frames": 5575,
        "positive_frames": 1341,
        "auroc": 50.0,
        "ap": 24.053811659192824
      },
      "final": {
        "frames": 5575,
        "positive_frames": 1341,
        "auroc": 50.0,
        "ap": 24.053811659192824
      },
      "initial_binary": {
        "tp": 0,
        "fp": 0,
        "tn": 4234,
        "fn": 1341,
        "accuracy": 0.7594618834080717,
        "recall": 0.0,
        "fpr": 0.0
      }
    },
    "C": {
      "initial": {
        "frames": 5575,
        "positive_frames": 1341,
        "auroc": 50.0,
        "ap": 24.053811659192824
      },
      "retrieved": {
        "frames": 5575,
        "positive_frames": 1341,
        "auroc": 50.0,
        "ap": 24.053811659192824
      },
      "smoothed": {
        "frames": 5575,
        "positive_frames": 1341,
        "auroc": 50.0,
        "ap": 24.053811659192824
      },
      "final": {
        "frames": 5575,
        "positive_frames": 1341,
        "auroc": 50.0,
        "ap": 24.053811659192824
      },
      "initial_binary": {
        "tp": 0,
        "fp": 0,
        "tn": 4234,
        "fn": 1341,
        "accuracy": 0.7594618834080717,
        "recall": 0.0,
        "fpr": 0.0
      }
    }
  }
}
Execution evidence: experiments/stage4/execution/R03_evaluation/20260927T145701Z_1cae2221
{
  "status": "passed",
  "scene": "R03",
  "videos": 8,
  "frames_per_condition": 5575,
  "three_conditions_exact_support": true,
  "four_score_stage_metrics_recomputed": true,
  "binary_confusion_recomputed": true,
  "prompts_and_sources_verified": true,
  "cached_baseline_and_features_verified": true
}
Execution evidence: experiments/stage4/execution/R03_evaluation_audit/20260927T151237Z_b7f1d7fb
Reported stage4_R03_evaluation
Execution evidence: experiments/stage4/execution/R03_evaluation_report/20260927T151240Z_37798520
Publication audit: 6178 files, 85144098 bytes
[main b8d24e9] 4단계 R03: 독립 A/B/C 평가·검산 완료
 763 files changed, 83677 insertions(+), 7 deletions(-)
 create mode 100644 experiments/stage4/R03/evaluation/calls.jsonl
 create mode 100644 experiments/stage4/R03/evaluation/environment.json
 create mode 100644 experiments/stage4/R03/evaluation/events.jsonl
 create mode 100644 experiments/stage4/R03/evaluation/frame_scores.csv
 create mode 100644 experiments/stage4/R03/evaluation/frozen.json
 create mode 100644 experiments/stage4/R03/evaluation/gpu.txt
 create mode 100644 experiments/stage4/R03/evaluation/independent_verification.json
 create mode 100644 experiments/stage4/R03/evaluation/inference/B/testing/01/000000.json
 create mode 100644 experiments/stage4/R03/evaluation/inference/B/testing/01/000016.json
 create mode 100644 experiments/stage4/R03/evaluation/inference/B/testing/01/000032.json
 create mode 100644 experiments/stage4/R03/evaluation/inference/B/testing/01/000048.json
 create mode 100644 experiments/stage4/R03/evaluation/inference/B/testing/01/000064.json
 create mode 100644 experiments/stage4/R03/evaluation/inference/B/testing/01/000080.json
 create mode 100644 experiments/stage4/R03/evaluation/inference/B/testing/01/000096.json
 create mode 100644 experiments/stage4/R03/evaluation/inference/B/testing/01/000112.json
 create mode 100644 experiments/stage4/R03/evaluation/inference/B/testing/01/000128.json
 create mode 100644 experiments/stage4/R03/evaluation/inference/B/testing/01/000144.json
 create mode 100644 experiments/stage4/R03/evaluation/inference/B/testing/01/000160.json
 create mode 100644 experiments/stage4/R03/evaluation/inference/B/testing/01/000176.json
 create mode 100644 experiments/stage4/R03/evaluation/inference/B/testing/01/000192.json
 create mode 100644 experiments/stage4/R03/evaluation/inference/B/testing/01/000208.json
 create mode 100644 experiments/stage4/R03/evaluation/inference/B/testing/01/000224.json
 create mode 100644 experiments/stage4/R03/evaluation/inference/B/testing/01/000240.json
 create mode 100644 experiments/stage4/R03/evaluation/inference/B/testing/01/000256.json
 create mode 100644 experiments/stage4/R03/evaluation/inference/B/testing/01/000272.json
 create mode 100644 experiments/stage4/R03/evaluation/inference/B/testing/01/000288.json
 create mode 100644 experiments/stage4/R03/evaluation/inference/B/testing/01/000304.json
 create mode 100644 experiments/stage4/R03/evaluation/inference/B/testing/01/000320.json
 create mode 100644 experiments/stage4/R03/evaluation/inference/B/testing/01/000336.json
 create mode 100644 experiments/stage4/R03/evaluation/inference/B/testing/01/000352.json
 create mode 100644 experiments/stage4/R03/evaluation/inference/B/testing/01/000368.json
 create mode 100644 experiments/stage4/R03/evaluation/inference/B/testing/01/000384.json
 create mode 100644 experiments/stage4/R03/evaluation/inference/B/testing/01/000400.json
 create mode 100644 experiments/stage4/R03/evaluation/inference/B/testing/01/000416.json
 create mode 100644 experiments/stage4/R03/evaluation/inference/B/testing/01/000432.json
 create mode 100644 experiments/stage4/R03/evaluation/inference/B/testing/01/000448.json
 create mode 100644 experiments/stage4/R03/evaluation/inference/B/testing/01/000464.json
 create mode 100644 experiments/stage4/R03/evaluation/inference/B/testing/01/000480.json
 create mode 100644 experiments/stage4/R03/evaluation/inference/B/testing/01/000496.json
 create mode 100644 experiments/stage4/R03/evaluation/inference/B/testing/01/000512.json
 create mode 100644 experiments/stage4/R03/evaluation/inference/B/testing/01/000528.json
 create mode 100644 experiments/stage4/R03/evaluation/inference/B/testing/01/000544.json
 create mode 100644 experiments/stage4/R03/evaluation/inference/B/testing/01/000560.json
 create mode 100644 experiments/stage4/R03/evaluation/inference/B/testing/01/000576.json
 create mode 100644 experiments/stage4/R03/evaluation/inference/B/testing/01/000592.json
 create mode 100644 experiments/stage4/R03/evaluation/inference/B/testing/01/000608.json
 create mode 100644 experiments/stage4/R03/evaluation/inference/B/testing/01/000624.json
 create mode 100644 experiments/stage4/R03/evaluation/inference/B/testing/01/000640.json
 create mode 100644 experiments/stage4/R03/evaluation/inference/B/testing/01/000656.json
 create mode 100644 experiments/stage4/R03/evaluation/inference/B/testing/01/000672.json
 create mode 100644 experiments/stage4/R03/evaluation/inference/B/testing/01/000688.json
 create mode 100644 experiments/stage4/R03/evaluation/inference/B/testing/01/000704.json
 create mode 100644 experiments/stage4/R03/evaluation/inference/B/testing/08/000000.json
 create mode 100644 experiments/stage4/R03/evaluation/inference/B/testing/08/000016.json
 create mode 100644 experiments/stage4/R03/evaluation/inference/B/testing/08/000032.json
 create mode 100644 experiments/stage4/R03/evaluation/inference/B/testing/08/000048.json
 create mode 100644 experiments/stage4/R03/evaluation/inference/B/testing/08/000064.json
 create mode 100644 experiments/stage4/R03/evaluation/inference/B/testing/08/000080.json
 create mode 100644 experiments/stage4/R03/evaluation/inference/B/testing/08/000096.json
 create mode 100644 experiments/stage4/R03/evaluation/inference/B/testing/08/000112.json
 create mode 100644 experiments/stage4/R03/evaluation/inference/B/testing/08/000128.json
 create mode 100644 experiments/stage4/R03/evaluation/inference/B/testing/08/000144.json
 create mode 100644 experiments/stage4/R03/evaluation/inference/B/testing/08/000160.json
 create mode 100644 experiments/stage4/R03/evaluation/inference/B/testing/08/000176.json
 create mode 100644 experiments/stage4/R03/evaluation/inference/B/testing/08/000192.json
 create mode 100644 experiments/stage4/R03/evaluation/inference/B/testing/08/000208.json
 create mode 100644 experiments/stage4/R03/evaluation/inference/B/testing/08/000224.json
 create mode 100644 experiments/stage4/R03/evaluation/inference/B/testing/08/000240.json
 create mode 100644 experiments/stage4/R03/evaluation/inference/B/testing/08/000256.json
 create mode 100644 experiments/stage4/R03/evaluation/inference/B/testing/08/000272.json
 create mode 100644 experiments/stage4/R03/evaluation/inference/B/testing/08/000288.json
 create mode 100644 experiments/stage4/R03/evaluation/inference/B/testing/08/000304.json
 create mode 100644 experiments/stage4/R03/evaluation/inference/B/testing/08/000320.json
 create mode 100644 experiments/stage4/R03/evaluation/inference/B/testing/08/000336.json
 create mode 100644 experiments/stage4/R03/evaluation/inference/B/testing/08/000352.json
 create mode 100644 experiments/stage4/R03/evaluation/inference/B/testing/08/000368.json
 create mode 100644 experiments/stage4/R03/evaluation/inference/B/testing/08/000384.json
 create mode 100644 experiments/stage4/R03/evaluation/inference/B/testing/08/000400.json
 create mode 100644 experiments/stage4/R03/evaluation/inference/B/testing/08/000416.json
 create mode 100644 experiments/stage4/R03/evaluation/inference/B/testing/08/000432.json
 create mode 100644 experiments/stage4/R03/evaluation/inference/B/testing/08/000448.json
 create mode 100644 experiments/stage4/R03/evaluation/inference/B/testing/08/000464.json
 create mode 100644 experiments/stage4/R03/evaluation/inference/B/testing/08/000480.json
 create mode 100644 experiments/stage4/R03/evaluation/inference/B/testing/08/000496.json
 create mode 100644 experiments/stage4/R03/evaluation/inference/B/testing/08/000512.json
 create mode 100644 experiments/stage4/R03/evaluation/inference/B/testing/08/000528.json
 create mode 100644 experiments/stage4/R03/evaluation/inference/B/testing/08/000544.json
 create mode 100644 experiments/stage4/R03/evaluation/inference/B/testing/08/000560.json
 create mode 100644 experiments/stage4/R03/evaluation/inference/B/testing/08/000576.json
 create mode 100644 experiments/stage4/R03/evaluation/inference/B/testing/08/000592.json
 create mode 100644 experiments/stage4/R03/evaluation/inference/B/testing/08/000608.json
 create mode 100644 experiments/stage4/R03/evaluation/inference/B/testing/08/000624.json
 create mode 100644 experiments/stage4/R03/evaluation/inference/B/testing/08/000640.json
 create mode 100644 experiments/stage4/R03/evaluation/inference/B/testing/08/000656.json
 create mode 100644 experiments/stage4/R03/evaluation/inference/B/testing/08/000672.json
 create mode 100644 experiments/stage4/R03/evaluation/inference/B/testing/08/000688.json
 create mode 100644 experiments/stage4/R03/evaluation/inference/B/testing/11/000000.json
 create mode 100644 experiments/stage4/R03/evaluation/inference/B/testing/11/000016.json
 create mode 100644 experiments/stage4/R03/evaluation/inference/B/testing/11/000032.json
 create mode 100644 experiments/stage4/R03/evaluation/inference/B/testing/11/000048.json
 create mode 100644 experiments/stage4/R03/evaluation/inference/B/testing/11/000064.json
 create mode 100644 experiments/stage4/R03/evaluation/inference/B/testing/11/000080.json
 create mode 100644 experiments/stage4/R03/evaluation/inference/B/testing/11/000096.json
 create mode 100644 experiments/stage4/R03/evaluation/inference/B/testing/11/000112.json
 create mode 100644 experiments/stage4/R03/evaluation/inference/B/testing/11/000128.json
 create mode 100644 experiments/stage4/R03/evaluation/inference/B/testing/11/000144.json
 create mode 100644 experiments/stage4/R03/evaluation/inference/B/testing/11/000160.json
 create mode 100644 experiments/stage4/R03/evaluation/inference/B/testing/11/000176.json
 create mode 100644 experiments/stage4/R03/evaluation/inference/B/testing/11/000192.json
 create mode 100644 experiments/stage4/R03/evaluation/inference/B/testing/11/000208.json
 create mode 100644 experiments/stage4/R03/evaluation/inference/B/testing/11/000224.json
 create mode 100644 experiments/stage4/R03/evaluation/inference/B/testing/11/000240.json
 create mode 100644 experiments/stage4/R03/evaluation/inference/B/testing/11/000256.json
 create mode 100644 experiments/stage4/R03/evaluation/inference/B/testing/11/000272.json
 create mode 100644 experiments/stage4/R03/evaluation/inference/B/testing/11/000288.json
 create mode 100644 experiments/stage4/R03/evaluation/inference/B/testing/11/000304.json
 create mode 100644 experiments/stage4/R03/evaluation/inference/B/testing/11/000320.json
 create mode 100644 experiments/stage4/R03/evaluation/inference/B/testing/11/000336.json
 create mode 100644 experiments/stage4/R03/evaluation/inference/B/testing/11/000352.json
 create mode 100644 experiments/stage4/R03/evaluation/inference/B/testing/11/000368.json
 create mode 100644 experiments/stage4/R03/evaluation/inference/B/testing/11/000384.json
 create mode 100644 experiments/stage4/R03/evaluation/inference/B/testing/11/000400.json
 create mode 100644 experiments/stage4/R03/evaluation/inference/B/testing/11/000416.json
 create mode 100644 experiments/stage4/R03/evaluation/inference/B/testing/11/000432.json
 create mode 100644 experiments/stage4/R03/evaluation/inference/B/testing/11/000448.json
 create mode 100644 experiments/stage4/R03/evaluation/inference/B/testing/11/000464.json
 create mode 100644 experiments/stage4/R03/evaluation/inference/B/testing/11/000480.json
 create mode 100644 experiments/stage4/R03/evaluation/inference/B/testing/11/000496.json
 create mode 100644 experiments/stage4/R03/evaluation/inference/B/testing/11/000512.json
 create mode 100644 experiments/stage4/R03/evaluation/inference/B/testing/11/000528.json
 create mode 100644 experiments/stage4/R03/evaluation/inference/B/testing/11/000544.json
 create mode 100644 experiments/stage4/R03/evaluation/inference/B/testing/11/000560.json
 create mode 100644 experiments/stage4/R03/evaluation/inference/B/testing/11/000576.json
 create mode 100644 experiments/stage4/R03/evaluation/inference/B/testing/11/000592.json
 create mode 100644 experiments/stage4/R03/evaluation/inference/B/testing/11/000608.json
 create mode 100644 experiments/stage4/R03/evaluation/inference/B/testing/11/000624.json
 create mode 100644 experiments/stage4/R03/evaluation/inference/B/testing/11/000640.json
 create mode 100644 experiments/stage4/R03/evaluation/inference/B/testing/11/000656.json
 create mode 100644 experiments/stage4/R03/evaluation/inference/B/testing/11/000672.json
 create mode 100644 experiments/stage4/R03/evaluation/inference/B/testing/11/000688.json
 create mode 100644 experiments/stage4/R03/evaluation/inference/B/testing/11/000704.json
 create mode 100644 experiments/stage4/R03/evaluation/inference/B/training/02/000000.json
 create mode 100644 experiments/stage4/R03/evaluation/inference/B/training/02/000016.json
 create mode 100644 experiments/stage4/R03/evaluation/inference/B/training/02/000032.json
 create mode 100644 experiments/stage4/R03/evaluation/inference/B/training/02/000048.json
 create mode 100644 experiments/stage4/R03/evaluation/inference/B/training/02/000064.json
 create mode 100644 experiments/stage4/R03/evaluation/inference/B/training/02/000080.json
 create mode 100644 experiments/stage4/R03/evaluation/inference/B/training/02/000096.json
 create mode 100644 experiments/stage4/R03/evaluation/inference/B/training/02/000112.json
 create mode 100644 experiments/stage4/R03/evaluation/inference/B/training/02/000128.json
 create mode 100644 experiments/stage4/R03/evaluation/inference/B/training/02/000144.json
 create mode 100644 experiments/stage4/R03/evaluation/inference/B/training/02/000160.json
 create mode 100644 experiments/stage4/R03/evaluation/inference/B/training/02/000176.json
 create mode 100644 experiments/stage4/R03/evaluation/inference/B/training/02/000192.json
 create mode 100644 experiments/stage4/R03/evaluation/inference/B/training/02/000208.json
 create mode 100644 experiments/stage4/R03/evaluation/inference/B/training/02/000224.json
 create mode 100644 experiments/stage4/R03/evaluation/inference/B/training/02/000240.json
 create mode 100644 experiments/stage4/R03/evaluation/inference/B/training/02/000256.json
 create mode 100644 experiments/stage4/R03/evaluation/inference/B/training/02/000272.json
 create mode 100644 experiments/stage4/R03/evaluation/inference/B/training/02/000288.json
 create mode 100644 experiments/stage4/R03/evaluation/inference/B/training/02/000304.json
 create mode 100644 experiments/stage4/R03/evaluation/inference/B/training/02/000320.json
 create mode 100644 experiments/stage4/R03/evaluation/inference/B/training/02/000336.json
 create mode 100644 experiments/stage4/R03/evaluation/inference/B/training/02/000352.json
 create mode 100644 experiments/stage4/R03/evaluation/inference/B/training/02/000368.json
 create mode 100644 experiments/stage4/R03/evaluation/inference/B/training/02/000384.json
 create mode 100644 experiments/stage4/R03/evaluation/inference/B/training/02/000400.json
 create mode 100644 experiments/stage4/R03/evaluation/inference/B/training/02/000416.json
 create mode 100644 experiments/stage4/R03/evaluation/inference/B/training/02/000432.json
 create mode 100644 experiments/stage4/R03/evaluation/inference/B/training/02/000448.json
 create mode 100644 experiments/stage4/R03/evaluation/inference/B/training/02/000464.json
 create mode 100644 experiments/stage4/R03/evaluation/inference/B/training/02/000480.json
 create mode 100644 experiments/stage4/R03/evaluation/inference/B/training/02/000496.json
 create mode 100644 experiments/stage4/R03/evaluation/inference/B/training/02/000512.json
 create mode 100644 experiments/stage4/R03/evaluation/inference/B/training/02/000528.json
 create mode 100644 experiments/stage4/R03/evaluation/inference/B/training/02/000544.json
 create mode 100644 experiments/stage4/R03/evaluation/inference/B/training/02/000560.json
 create mode 100644 experiments/stage4/R03/evaluation/inference/B/training/02/000576.json
 create mode 100644 experiments/stage4/R03/evaluation/inference/B/training/02/000592.json
 create mode 100644 experiments/stage4/R03/evaluation/inference/B/training/02/000608.json
 create mode 100644 experiments/stage4/R03/evaluation/inference/B/training/02/000624.json
 create mode 100644 experiments/stage4/R03/evaluation/inference/B/training/02/000640.json
 create mode 100644 experiments/stage4/R03/evaluation/inference/B/training/02/000656.json
 create mode 100644 experiments/stage4/R03/evaluation/inference/B/training/02/000672.json
 create mode 100644 experiments/stage4/R03/evaluation/inference/B/training/02/000688.json
 create mode 100644 experiments/stage4/R03/evaluation/inference/B/training/16/000000.json
 create mode 100644 experiments/stage4/R03/evaluation/inference/B/training/16/000016.json
 create mode 100644 experiments/stage4/R03/evaluation/inference/B/training/16/000032.json
 create mode 100644 experiments/stage4/R03/evaluation/inference/B/training/16/000048.json
 create mode 100644 experiments/stage4/R03/evaluation/inference/B/training/16/000064.json
 create mode 100644 experiments/stage4/R03/evaluation/inference/B/training/16/000080.json
 create mode 100644 experiments/stage4/R03/evaluation/inference/B/training/16/000096.json
 create mode 100644 experiments/stage4/R03/evaluation/inference/B/training/16/000112.json
 create mode 100644 experiments/stage4/R03/evaluation/inference/B/training/16/000128.json
 create mode 100644 experiments/stage4/R03/evaluation/inference/B/training/16/000144.json
 create mode 100644 experiments/stage4/R03/evaluation/inference/B/training/16/000160.json
 create mode 100644 experiments/stage4/R03/evaluation/inference/B/training/16/000176.json
 create mode 100644 experiments/stage4/R03/evaluation/inference/B/training/16/000192.json
 create mode 100644 experiments/stage4/R03/evaluation/inference/B/training/16/000208.json
 create mode 100644 experiments/stage4/R03/evaluation/inference/B/training/16/000224.json
 create mode 100644 experiments/stage4/R03/evaluation/inference/B/training/16/000240.json
 create mode 100644 experiments/stage4/R03/evaluation/inference/B/training/16/000256.json
 create mode 100644 experiments/stage4/R03/evaluation/inference/B/training/16/000272.json
 create mode 100644 experiments/stage4/R03/evaluation/inference/B/training/16/000288.json
 create mode 100644 experiments/stage4/R03/evaluation/inference/B/training/16/000304.json
 create mode 100644 experiments/stage4/R03/evaluation/inference/B/training/16/000320.json
 create mode 100644 experiments/stage4/R03/evaluation/inference/B/training/16/000336.json
 create mode 100644 experiments/stage4/R03/evaluation/inference/B/training/16/000352.json
 create mode 100644 experiments/stage4/R03/evaluation/inference/B/training/16/000368.json
 create mode 100644 experiments/stage4/R03/evaluation/inference/B/training/16/000384.json
 create mode 100644 experiments/stage4/R03/evaluation/inference/B/training/16/000400.json
 create mode 100644 experiments/stage4/R03/evaluation/inference/B/training/16/000416.json
 create mode 100644 experiments/stage4/R03/evaluation/inference/B/training/16/000432.json
 create mode 100644 experiments/stage4/R03/evaluation/inference/B/training/16/000448.json
 create mode 100644 experiments/stage4/R03/evaluation/inference/B/training/16/000464.json
 create mode 100644 experiments/stage4/R03/evaluation/inference/B/training/16/000480.json
 create mode 100644 experiments/stage4/R03/evaluation/inference/B/training/16/000496.json
 create mode 100644 experiments/stage4/R03/evaluation/inference/B/training/16/000512.json
 create mode 100644 experiments/stage4/R03/evaluation/inference/B/training/16/000528.json
 create mode 100644 experiments/stage4/R03/evaluation/inference/B/training/16/000544.json
 create mode 100644 experiments/stage4/R03/evaluation/inference/B/training/16/000560.json
 create mode 100644 experiments/stage4/R03/evaluation/inference/B/training/16/000576.json
 create mode 100644 experiments/stage4/R03/evaluation/inference/B/training/16/000592.json
 create mode 100644 experiments/stage4/R03/evaluation/inference/B/training/16/000608.json
 create mode 100644 experiments/stage4/R03/evaluation/inference/B/training/16/000624.json
 create mode 100644 experiments/stage4/R03/evaluation/inference/B/training/16/000640.json
 create mode 100644 experiments/stage4/R03/evaluation/inference/B/training/20/000000.json
 create mode 100644 experiments/stage4/R03/evaluation/inference/B/training/20/000016.json
 create mode 100644 experiments/stage4/R03/evaluation/inference/B/training/20/000032.json
 create mode 100644 experiments/stage4/R03/evaluation/inference/B/training/20/000048.json
 create mode 100644 experiments/stage4/R03/evaluation/inference/B/training/20/000064.json
 create mode 100644 experiments/stage4/R03/evaluation/inference/B/training/20/000080.json
 create mode 100644 experiments/stage4/R03/evaluation/inference/B/training/20/000096.json
 create mode 100644 experiments/stage4/R03/evaluation/inference/B/training/20/000112.json
 create mode 100644 experiments/stage4/R03/evaluation/inference/B/training/20/000128.json
 create mode 100644 experiments/stage4/R03/evaluation/inference/B/training/20/000144.json
 create mode 100644 experiments/stage4/R03/evaluation/inference/B/training/20/000160.json
 create mode 100644 experiments/stage4/R03/evaluation/inference/B/training/20/000176.json
 create mode 100644 experiments/stage4/R03/evaluation/inference/B/training/20/000192.json
 create mode 100644 experiments/stage4/R03/evaluation/inference/B/training/20/000208.json
 create mode 100644 experiments/stage4/R03/evaluation/inference/B/training/20/000224.json
 create mode 100644 experiments/stage4/R03/evaluation/inference/B/training/20/000240.json
 create mode 100644 experiments/stage4/R03/evaluation/inference/B/training/20/000256.json
 create mode 100644 experiments/stage4/R03/evaluation/inference/B/training/20/000272.json
 create mode 100644 experiments/stage4/R03/evaluation/inference/B/training/20/000288.json
 create mode 100644 experiments/stage4/R03/evaluation/inference/B/training/20/000304.json
 create mode 100644 experiments/stage4/R03/evaluation/inference/B/training/20/000320.json
 create mode 100644 experiments/stage4/R03/evaluation/inference/B/training/20/000336.json
 create mode 100644 experiments/stage4/R03/evaluation/inference/B/training/20/000352.json
 create mode 100644 experiments/stage4/R03/evaluation/inference/B/training/20/000368.json
 create mode 100644 experiments/stage4/R03/evaluation/inference/B/training/20/000384.json
 create mode 100644 experiments/stage4/R03/evaluation/inference/B/training/20/000400.json
 create mode 100644 experiments/stage4/R03/evaluation/inference/B/training/20/000416.json
 create mode 100644 experiments/stage4/R03/evaluation/inference/B/training/20/000432.json
 create mode 100644 experiments/stage4/R03/evaluation/inference/B/training/20/000448.json
 create mode 100644 experiments/stage4/R03/evaluation/inference/B/training/20/000464.json
 create mode 100644 experiments/stage4/R03/evaluation/inference/B/training/20/000480.json
 create mode 100644 experiments/stage4/R03/evaluation/inference/B/training/20/000496.json
 create mode 100644 experiments/stage4/R03/evaluation/inference/B/training/20/000512.json
 create mode 100644 experiments/stage4/R03/evaluation/inference/B/training/20/000528.json
 create mode 100644 experiments/stage4/R03/evaluation/inference/B/training/20/000544.json
 create mode 100644 experiments/stage4/R03/evaluation/inference/B/training/20/000560.json
 create mode 100644 experiments/stage4/R03/evaluation/inference/B/training/20/000576.json
 create mode 100644 experiments/stage4/R03/evaluation/inference/B/training/20/000592.json
 create mode 100644 experiments/stage4/R03/evaluation/inference/B/training/20/000608.json
 create mode 100644 experiments/stage4/R03/evaluation/inference/B/training/20/000624.json
 create mode 100644 experiments/stage4/R03/evaluation/inference/B/training/20/000640.json
 create mode 100644 experiments/stage4/R03/evaluation/inference/B/training/20/000656.json
 create mode 100644 experiments/stage4/R03/evaluation/inference/B/training/20/000672.json
 create mode 100644 experiments/stage4/R03/evaluation/inference/B/training/20/000688.json
 create mode 100644 experiments/stage4/R03/evaluation/inference/B/training/21/000000.json
 create mode 100644 experiments/stage4/R03/evaluation/inference/B/training/21/000016.json
 create mode 100644 experiments/stage4/R03/evaluation/inference/B/training/21/000032.json
 create mode 100644 experiments/stage4/R03/evaluation/inference/B/training/21/000048.json
 create mode 100644 experiments/stage4/R03/evaluation/inference/B/training/21/000064.json
 create mode 100644 experiments/stage4/R03/evaluation/inference/B/training/21/000080.json
 create mode 100644 experiments/stage4/R03/evaluation/inference/B/training/21/000096.json
 create mode 100644 experiments/stage4/R03/evaluation/inference/B/training/21/000112.json
 create mode 100644 experiments/stage4/R03/evaluation/inference/B/training/21/000128.json
 create mode 100644 experiments/stage4/R03/evaluation/inference/B/training/21/000144.json
 create mode 100644 experiments/stage4/R03/evaluation/inference/B/training/21/000160.json
 create mode 100644 experiments/stage4/R03/evaluation/inference/B/training/21/000176.json
 create mode 100644 experiments/stage4/R03/evaluation/inference/B/training/21/000192.json
 create mode 100644 experiments/stage4/R03/evaluation/inference/B/training/21/000208.json
 create mode 100644 experiments/stage4/R03/evaluation/inference/B/training/21/000224.json
 create mode 100644 experiments/stage4/R03/evaluation/inference/B/training/21/000240.json
 create mode 100644 experiments/stage4/R03/evaluation/inference/B/training/21/000256.json
 create mode 100644 experiments/stage4/R03/evaluation/inference/B/training/21/000272.json
 create mode 100644 experiments/stage4/R03/evaluation/inference/B/training/21/000288.json
 create mode 100644 experiments/stage4/R03/evaluation/inference/B/training/21/000304.json
 create mode 100644 experiments/stage4/R03/evaluation/inference/B/training/21/000320.json
 create mode 100644 experiments/stage4/R03/evaluation/inference/B/training/21/000336.json
 create mode 100644 experiments/stage4/R03/evaluation/inference/B/training/21/000352.json
 create mode 100644 experiments/stage4/R03/evaluation/inference/B/training/21/000368.json
 create mode 100644 experiments/stage4/R03/evaluation/inference/B/training/21/000384.json
 create mode 100644 experiments/stage4/R03/evaluation/inference/B/training/21/000400.json
 create mode 100644 experiments/stage4/R03/evaluation/inference/B/training/21/000416.json
 create mode 100644 experiments/stage4/R03/evaluation/inference/B/training/21/000432.json
 create mode 100644 experiments/stage4/R03/evaluation/inference/B/training/21/000448.json
 create mode 100644 experiments/stage4/R03/evaluation/inference/B/training/21/000464.json
 create mode 100644 experiments/stage4/R03/evaluation/inference/B/training/21/000480.json
 create mode 100644 experiments/stage4/R03/evaluation/inference/B/training/21/000496.json
 create mode 100644 experiments/stage4/R03/evaluation/inference/B/training/21/000512.json
 create mode 100644 experiments/stage4/R03/evaluation/inference/B/training/21/000528.json
 create mode 100644 experiments/stage4/R03/evaluation/inference/B/training/21/000544.json
 create mode 100644 experiments/stage4/R03/evaluation/inference/B/training/21/000560.json
 create mode 100644 experiments/stage4/R03/evaluation/inference/B/training/21/000576.json
 create mode 100644 experiments/stage4/R03/evaluation/inference/B/training/21/000592.json
 create mode 100644 experiments/stage4/R03/evaluation/inference/B/training/21/000608.json
 create mode 100644 experiments/stage4/R03/evaluation/inference/B/training/21/000624.json
 create mode 100644 experiments/stage4/R03/evaluation/inference/B/training/21/000640.json
 create mode 100644 experiments/stage4/R03/evaluation/inference/B/training/21/000656.json
 create mode 100644 experiments/stage4/R03/evaluation/inference/B/training/21/000672.json
 create mode 100644 experiments/stage4/R03/evaluation/inference/B/training/21/000688.json
 create mode 100644 experiments/stage4/R03/evaluation/inference/B/training/21/000704.json
 create mode 100644 experiments/stage4/R03/evaluation/inference/B/training/22/000000.json
 create mode 100644 experiments/stage4/R03/evaluation/inference/B/training/22/000016.json
 create mode 100644 experiments/stage4/R03/evaluation/inference/B/training/22/000032.json
 create mode 100644 experiments/stage4/R03/evaluation/inference/B/training/22/000048.json
 create mode 100644 experiments/stage4/R03/evaluation/inference/B/training/22/000064.json
 create mode 100644 experiments/stage4/R03/evaluation/inference/B/training/22/000080.json
 create mode 100644 experiments/stage4/R03/evaluation/inference/B/training/22/000096.json
 create mode 100644 experiments/stage4/R03/evaluation/inference/B/training/22/000112.json
 create mode 100644 experiments/stage4/R03/evaluation/inference/B/training/22/000128.json
 create mode 100644 experiments/stage4/R03/evaluation/inference/B/training/22/000144.json
 create mode 100644 experiments/stage4/R03/evaluation/inference/B/training/22/000160.json
 create mode 100644 experiments/stage4/R03/evaluation/inference/B/training/22/000176.json
 create mode 100644 experiments/stage4/R03/evaluation/inference/B/training/22/000192.json
 create mode 100644 experiments/stage4/R03/evaluation/inference/B/training/22/000208.json
 create mode 100644 experiments/stage4/R03/evaluation/inference/B/training/22/000224.json
 create mode 100644 experiments/stage4/R03/evaluation/inference/B/training/22/000240.json
 create mode 100644 experiments/stage4/R03/evaluation/inference/B/training/22/000256.json
 create mode 100644 experiments/stage4/R03/evaluation/inference/B/training/22/000272.json
 create mode 100644 experiments/stage4/R03/evaluation/inference/B/training/22/000288.json
 create mode 100644 experiments/stage4/R03/evaluation/inference/B/training/22/000304.json
 create mode 100644 experiments/stage4/R03/evaluation/inference/B/training/22/000320.json
 create mode 100644 experiments/stage4/R03/evaluation/inference/B/training/22/000336.json
 create mode 100644 experiments/stage4/R03/evaluation/inference/B/training/22/000352.json
 create mode 100644 experiments/stage4/R03/evaluation/inference/B/training/22/000368.json
 create mode 100644 experiments/stage4/R03/evaluation/inference/B/training/22/000384.json
 create mode 100644 experiments/stage4/R03/evaluation/inference/B/training/22/000400.json
 create mode 100644 experiments/stage4/R03/evaluation/inference/B/training/22/000416.json
 create mode 100644 experiments/stage4/R03/evaluation/inference/B/training/22/000432.json
 create mode 100644 experiments/stage4/R03/evaluation/inference/B/training/22/000448.json
 create mode 100644 experiments/stage4/R03/evaluation/inference/B/training/22/000464.json
 create mode 100644 experiments/stage4/R03/evaluation/inference/B/training/22/000480.json
 create mode 100644 experiments/stage4/R03/evaluation/inference/B/training/22/000496.json
 create mode 100644 experiments/stage4/R03/evaluation/inference/B/training/22/000512.json
 create mode 100644 experiments/stage4/R03/evaluation/inference/B/training/22/000528.json
 create mode 100644 experiments/stage4/R03/evaluation/inference/B/training/22/000544.json
 create mode 100644 experiments/stage4/R03/evaluation/inference/B/training/22/000560.json
 create mode 100644 experiments/stage4/R03/evaluation/inference/B/training/22/000576.json
 create mode 100644 experiments/stage4/R03/evaluation/inference/B/training/22/000592.json
 create mode 100644 experiments/stage4/R03/evaluation/inference/B/training/22/000608.json
 create mode 100644 experiments/stage4/R03/evaluation/inference/B/training/22/000624.json
 create mode 100644 experiments/stage4/R03/evaluation/inference/B/training/22/000640.json
 create mode 100644 experiments/stage4/R03/evaluation/inference/B/training/22/000656.json
 create mode 100644 experiments/stage4/R03/evaluation/inference/B/training/22/000672.json
 create mode 100644 experiments/stage4/R03/evaluation/inference/B/training/22/000688.json
 create mode 100644 experiments/stage4/R03/evaluation/inference/C/testing/01/000000.json
 create mode 100644 experiments/stage4/R03/evaluation/inference/C/testing/01/000016.json
 create mode 100644 experiments/stage4/R03/evaluation/inference/C/testing/01/000032.json
 create mode 100644 experiments/stage4/R03/evaluation/inference/C/testing/01/000048.json
 create mode 100644 experiments/stage4/R03/evaluation/inference/C/testing/01/000064.json
 create mode 100644 experiments/stage4/R03/evaluation/inference/C/testing/01/000080.json
 create mode 100644 experiments/stage4/R03/evaluation/inference/C/testing/01/000096.json
 create mode 100644 experiments/stage4/R03/evaluation/inference/C/testing/01/000112.json
 create mode 100644 experiments/stage4/R03/evaluation/inference/C/testing/01/000128.json
 create mode 100644 experiments/stage4/R03/evaluation/inference/C/testing/01/000144.json
 create mode 100644 experiments/stage4/R03/evaluation/inference/C/testing/01/000160.json
 create mode 100644 experiments/stage4/R03/evaluation/inference/C/testing/01/000176.json
 create mode 100644 experiments/stage4/R03/evaluation/inference/C/testing/01/000192.json
 create mode 100644 experiments/stage4/R03/evaluation/inference/C/testing/01/000208.json
 create mode 100644 experiments/stage4/R03/evaluation/inference/C/testing/01/000224.json
 create mode 100644 experiments/stage4/R03/evaluation/inference/C/testing/01/000240.json
 create mode 100644 experiments/stage4/R03/evaluation/inference/C/testing/01/000256.json
 create mode 100644 experiments/stage4/R03/evaluation/inference/C/testing/01/000272.json
 create mode 100644 experiments/stage4/R03/evaluation/inference/C/testing/01/000288.json
 create mode 100644 experiments/stage4/R03/evaluation/inference/C/testing/01/000304.json
 create mode 100644 experiments/stage4/R03/evaluation/inference/C/testing/01/000320.json
 create mode 100644 experiments/stage4/R03/evaluation/inference/C/testing/01/000336.json
 create mode 100644 experiments/stage4/R03/evaluation/inference/C/testing/01/000352.json
 create mode 100644 experiments/stage4/R03/evaluation/inference/C/testing/01/000368.json
 create mode 100644 experiments/stage4/R03/evaluation/inference/C/testing/01/000384.json
 create mode 100644 experiments/stage4/R03/evaluation/inference/C/testing/01/000400.json
 create mode 100644 experiments/stage4/R03/evaluation/inference/C/testing/01/000416.json
 create mode 100644 experiments/stage4/R03/evaluation/inference/C/testing/01/000432.json
 create mode 100644 experiments/stage4/R03/evaluation/inference/C/testing/01/000448.json
 create mode 100644 experiments/stage4/R03/evaluation/inference/C/testing/01/000464.json
 create mode 100644 experiments/stage4/R03/evaluation/inference/C/testing/01/000480.json
 create mode 100644 experiments/stage4/R03/evaluation/inference/C/testing/01/000496.json
 create mode 100644 experiments/stage4/R03/evaluation/inference/C/testing/01/000512.json
 create mode 100644 experiments/stage4/R03/evaluation/inference/C/testing/01/000528.json
 create mode 100644 experiments/stage4/R03/evaluation/inference/C/testing/01/000544.json
 create mode 100644 experiments/stage4/R03/evaluation/inference/C/testing/01/000560.json
 create mode 100644 experiments/stage4/R03/evaluation/inference/C/testing/01/000576.json
 create mode 100644 experiments/stage4/R03/evaluation/inference/C/testing/01/000592.json
 create mode 100644 experiments/stage4/R03/evaluation/inference/C/testing/01/000608.json
 create mode 100644 experiments/stage4/R03/evaluation/inference/C/testing/01/000624.json
 create mode 100644 experiments/stage4/R03/evaluation/inference/C/testing/01/000640.json
 create mode 100644 experiments/stage4/R03/evaluation/inference/C/testing/01/000656.json
 create mode 100644 experiments/stage4/R03/evaluation/inference/C/testing/01/000672.json
 create mode 100644 experiments/stage4/R03/evaluation/inference/C/testing/01/000688.json
 create mode 100644 experiments/stage4/R03/evaluation/inference/C/testing/01/000704.json
 create mode 100644 experiments/stage4/R03/evaluation/inference/C/testing/08/000000.json
 create mode 100644 experiments/stage4/R03/evaluation/inference/C/testing/08/000016.json
 create mode 100644 experiments/stage4/R03/evaluation/inference/C/testing/08/000032.json
 create mode 100644 experiments/stage4/R03/evaluation/inference/C/testing/08/000048.json
 create mode 100644 experiments/stage4/R03/evaluation/inference/C/testing/08/000064.json
 create mode 100644 experiments/stage4/R03/evaluation/inference/C/testing/08/000080.json
 create mode 100644 experiments/stage4/R03/evaluation/inference/C/testing/08/000096.json
 create mode 100644 experiments/stage4/R03/evaluation/inference/C/testing/08/000112.json
 create mode 100644 experiments/stage4/R03/evaluation/inference/C/testing/08/000128.json
 create mode 100644 experiments/stage4/R03/evaluation/inference/C/testing/08/000144.json
 create mode 100644 experiments/stage4/R03/evaluation/inference/C/testing/08/000160.json
 create mode 100644 experiments/stage4/R03/evaluation/inference/C/testing/08/000176.json
 create mode 100644 experiments/stage4/R03/evaluation/inference/C/testing/08/000192.json
 create mode 100644 experiments/stage4/R03/evaluation/inference/C/testing/08/000208.json
 create mode 100644 experiments/stage4/R03/evaluation/inference/C/testing/08/000224.json
 create mode 100644 experiments/stage4/R03/evaluation/inference/C/testing/08/000240.json
 create mode 100644 experiments/stage4/R03/evaluation/inference/C/testing/08/000256.json
 create mode 100644 experiments/stage4/R03/evaluation/inference/C/testing/08/000272.json
 create mode 100644 experiments/stage4/R03/evaluation/inference/C/testing/08/000288.json
 create mode 100644 experiments/stage4/R03/evaluation/inference/C/testing/08/000304.json
 create mode 100644 experiments/stage4/R03/evaluation/inference/C/testing/08/000320.json
 create mode 100644 experiments/stage4/R03/evaluation/inference/C/testing/08/000336.json
 create mode 100644 experiments/stage4/R03/evaluation/inference/C/testing/08/000352.json
 create mode 100644 experiments/stage4/R03/evaluation/inference/C/testing/08/000368.json
 create mode 100644 experiments/stage4/R03/evaluation/inference/C/testing/08/000384.json
 create mode 100644 experiments/stage4/R03/evaluation/inference/C/testing/08/000400.json
 create mode 100644 experiments/stage4/R03/evaluation/inference/C/testing/08/000416.json
 create mode 100644 experiments/stage4/R03/evaluation/inference/C/testing/08/000432.json
 create mode 100644 experiments/stage4/R03/evaluation/inference/C/testing/08/000448.json
 create mode 100644 experiments/stage4/R03/evaluation/inference/C/testing/08/000464.json
 create mode 100644 experiments/stage4/R03/evaluation/inference/C/testing/08/000480.json
 create mode 100644 experiments/stage4/R03/evaluation/inference/C/testing/08/000496.json
 create mode 100644 experiments/stage4/R03/evaluation/inference/C/testing/08/000512.json
 create mode 100644 experiments/stage4/R03/evaluation/inference/C/testing/08/000528.json
 create mode 100644 experiments/stage4/R03/evaluation/inference/C/testing/08/000544.json
 create mode 100644 experiments/stage4/R03/evaluation/inference/C/testing/08/000560.json
 create mode 100644 experiments/stage4/R03/evaluation/inference/C/testing/08/000576.json
 create mode 100644 experiments/stage4/R03/evaluation/inference/C/testing/08/000592.json
 create mode 100644 experiments/stage4/R03/evaluation/inference/C/testing/08/000608.json
 create mode 100644 experiments/stage4/R03/evaluation/inference/C/testing/08/000624.json
 create mode 100644 experiments/stage4/R03/evaluation/inference/C/testing/08/000640.json
 create mode 100644 experiments/stage4/R03/evaluation/inference/C/testing/08/000656.json
 create mode 100644 experiments/stage4/R03/evaluation/inference/C/testing/08/000672.json
 create mode 100644 experiments/stage4/R03/evaluation/inference/C/testing/08/000688.json
 create mode 100644 experiments/stage4/R03/evaluation/inference/C/testing/11/000000.json
 create mode 100644 experiments/stage4/R03/evaluation/inference/C/testing/11/000016.json
 create mode 100644 experiments/stage4/R03/evaluation/inference/C/testing/11/000032.json
 create mode 100644 experiments/stage4/R03/evaluation/inference/C/testing/11/000048.json
 create mode 100644 experiments/stage4/R03/evaluation/inference/C/testing/11/000064.json
 create mode 100644 experiments/stage4/R03/evaluation/inference/C/testing/11/000080.json
 create mode 100644 experiments/stage4/R03/evaluation/inference/C/testing/11/000096.json
 create mode 100644 experiments/stage4/R03/evaluation/inference/C/testing/11/000112.json
 create mode 100644 experiments/stage4/R03/evaluation/inference/C/testing/11/000128.json
 create mode 100644 experiments/stage4/R03/evaluation/inference/C/testing/11/000144.json
 create mode 100644 experiments/stage4/R03/evaluation/inference/C/testing/11/000160.json
 create mode 100644 experiments/stage4/R03/evaluation/inference/C/testing/11/000176.json
 create mode 100644 experiments/stage4/R03/evaluation/inference/C/testing/11/000192.json
 create mode 100644 experiments/stage4/R03/evaluation/inference/C/testing/11/000208.json
 create mode 100644 experiments/stage4/R03/evaluation/inference/C/testing/11/000224.json
 create mode 100644 experiments/stage4/R03/evaluation/inference/C/testing/11/000240.json
 create mode 100644 experiments/stage4/R03/evaluation/inference/C/testing/11/000256.json
 create mode 100644 experiments/stage4/R03/evaluation/inference/C/testing/11/000272.json
 create mode 100644 experiments/stage4/R03/evaluation/inference/C/testing/11/000288.json
 create mode 100644 experiments/stage4/R03/evaluation/inference/C/testing/11/000304.json
 create mode 100644 experiments/stage4/R03/evaluation/inference/C/testing/11/000320.json
 create mode 100644 experiments/stage4/R03/evaluation/inference/C/testing/11/000336.json
 create mode 100644 experiments/stage4/R03/evaluation/inference/C/testing/11/000352.json
 create mode 100644 experiments/stage4/R03/evaluation/inference/C/testing/11/000368.json
 create mode 100644 experiments/stage4/R03/evaluation/inference/C/testing/11/000384.json
 create mode 100644 experiments/stage4/R03/evaluation/inference/C/testing/11/000400.json
 create mode 100644 experiments/stage4/R03/evaluation/inference/C/testing/11/000416.json
 create mode 100644 experiments/stage4/R03/evaluation/inference/C/testing/11/000432.json
 create mode 100644 experiments/stage4/R03/evaluation/inference/C/testing/11/000448.json
 create mode 100644 experiments/stage4/R03/evaluation/inference/C/testing/11/000464.json
 create mode 100644 experiments/stage4/R03/evaluation/inference/C/testing/11/000480.json
 create mode 100644 experiments/stage4/R03/evaluation/inference/C/testing/11/000496.json
 create mode 100644 experiments/stage4/R03/evaluation/inference/C/testing/11/000512.json
 create mode 100644 experiments/stage4/R03/evaluation/inference/C/testing/11/000528.json
 create mode 100644 experiments/stage4/R03/evaluation/inference/C/testing/11/000544.json
 create mode 100644 experiments/stage4/R03/evaluation/inference/C/testing/11/000560.json
 create mode 100644 experiments/stage4/R03/evaluation/inference/C/testing/11/000576.json
 create mode 100644 experiments/stage4/R03/evaluation/inference/C/testing/11/000592.json
 create mode 100644 experiments/stage4/R03/evaluation/inference/C/testing/11/000608.json
 create mode 100644 experiments/stage4/R03/evaluation/inference/C/testing/11/000624.json
 create mode 100644 experiments/stage4/R03/evaluation/inference/C/testing/11/000640.json
 create mode 100644 experiments/stage4/R03/evaluation/inference/C/testing/11/000656.json
 create mode 100644 experiments/stage4/R03/evaluation/inference/C/testing/11/000672.json
 create mode 100644 experiments/stage4/R03/evaluation/inference/C/testing/11/000688.json
 create mode 100644 experiments/stage4/R03/evaluation/inference/C/testing/11/000704.json
 create mode 100644 experiments/stage4/R03/evaluation/inference/C/training/02/000000.json
 create mode 100644 experiments/stage4/R03/evaluation/inference/C/training/02/000016.json
 create mode 100644 experiments/stage4/R03/evaluation/inference/C/training/02/000032.json
 create mode 100644 experiments/stage4/R03/evaluation/inference/C/training/02/000048.json
 create mode 100644 experiments/stage4/R03/evaluation/inference/C/training/02/000064.json
 create mode 100644 experiments/stage4/R03/evaluation/inference/C/training/02/000080.json
 create mode 100644 experiments/stage4/R03/evaluation/inference/C/training/02/000096.json
 create mode 100644 experiments/stage4/R03/evaluation/inference/C/training/02/000112.json
 create mode 100644 experiments/stage4/R03/evaluation/inference/C/training/02/000128.json
 create mode 100644 experiments/stage4/R03/evaluation/inference/C/training/02/000144.json
 create mode 100644 experiments/stage4/R03/evaluation/inference/C/training/02/000160.json
 create mode 100644 experiments/stage4/R03/evaluation/inference/C/training/02/000176.json
 create mode 100644 experiments/stage4/R03/evaluation/inference/C/training/02/000192.json
 create mode 100644 experiments/stage4/R03/evaluation/inference/C/training/02/000208.json
 create mode 100644 experiments/stage4/R03/evaluation/inference/C/training/02/000224.json
 create mode 100644 experiments/stage4/R03/evaluation/inference/C/training/02/000240.json
 create mode 100644 experiments/stage4/R03/evaluation/inference/C/training/02/000256.json
 create mode 100644 experiments/stage4/R03/evaluation/inference/C/training/02/000272.json
 create mode 100644 experiments/stage4/R03/evaluation/inference/C/training/02/000288.json
 create mode 100644 experiments/stage4/R03/evaluation/inference/C/training/02/000304.json
 create mode 100644 experiments/stage4/R03/evaluation/inference/C/training/02/000320.json
 create mode 100644 experiments/stage4/R03/evaluation/inference/C/training/02/000336.json
 create mode 100644 experiments/stage4/R03/evaluation/inference/C/training/02/000352.json
 create mode 100644 experiments/stage4/R03/evaluation/inference/C/training/02/000368.json
 create mode 100644 experiments/stage4/R03/evaluation/inference/C/training/02/000384.json
 create mode 100644 experiments/stage4/R03/evaluation/inference/C/training/02/000400.json
 create mode 100644 experiments/stage4/R03/evaluation/inference/C/training/02/000416.json
 create mode 100644 experiments/stage4/R03/evaluation/inference/C/training/02/000432.json
 create mode 100644 experiments/stage4/R03/evaluation/inference/C/training/02/000448.json
 create mode 100644 experiments/stage4/R03/evaluation/inference/C/training/02/000464.json
 create mode 100644 experiments/stage4/R03/evaluation/inference/C/training/02/000480.json
 create mode 100644 experiments/stage4/R03/evaluation/inference/C/training/02/000496.json
 create mode 100644 experiments/stage4/R03/evaluation/inference/C/training/02/000512.json
 create mode 100644 experiments/stage4/R03/evaluation/inference/C/training/02/000528.json
 create mode 100644 experiments/stage4/R03/evaluation/inference/C/training/02/000544.json
 create mode 100644 experiments/stage4/R03/evaluation/inference/C/training/02/000560.json
 create mode 100644 experiments/stage4/R03/evaluation/inference/C/training/02/000576.json
 create mode 100644 experiments/stage4/R03/evaluation/inference/C/training/02/000592.json
 create mode 100644 experiments/stage4/R03/evaluation/inference/C/training/02/000608.json
 create mode 100644 experiments/stage4/R03/evaluation/inference/C/training/02/000624.json
 create mode 100644 experiments/stage4/R03/evaluation/inference/C/training/02/000640.json
 create mode 100644 experiments/stage4/R03/evaluation/inference/C/training/02/000656.json
 create mode 100644 experiments/stage4/R03/evaluation/inference/C/training/02/000672.json
 create mode 100644 experiments/stage4/R03/evaluation/inference/C/training/02/000688.json
 create mode 100644 experiments/stage4/R03/evaluation/inference/C/training/16/000000.json
 create mode 100644 experiments/stage4/R03/evaluation/inference/C/training/16/000016.json
 create mode 100644 experiments/stage4/R03/evaluation/inference/C/training/16/000032.json
 create mode 100644 experiments/stage4/R03/evaluation/inference/C/training/16/000048.json
 create mode 100644 experiments/stage4/R03/evaluation/inference/C/training/16/000064.json
 create mode 100644 experiments/stage4/R03/evaluation/inference/C/training/16/000080.json
 create mode 100644 experiments/stage4/R03/evaluation/inference/C/training/16/000096.json
 create mode 100644 experiments/stage4/R03/evaluation/inference/C/training/16/000112.json
 create mode 100644 experiments/stage4/R03/evaluation/inference/C/training/16/000128.json
 create mode 100644 experiments/stage4/R03/evaluation/inference/C/training/16/000144.json
 create mode 100644 experiments/stage4/R03/evaluation/inference/C/training/16/000160.json
 create mode 100644 experiments/stage4/R03/evaluation/inference/C/training/16/000176.json
 create mode 100644 experiments/stage4/R03/evaluation/inference/C/training/16/000192.json
 create mode 100644 experiments/stage4/R03/evaluation/inference/C/training/16/000208.json
 create mode 100644 experiments/stage4/R03/evaluation/inference/C/training/16/000224.json
 create mode 100644 experiments/stage4/R03/evaluation/inference/C/training/16/000240.json
 create mode 100644 experiments/stage4/R03/evaluation/inference/C/training/16/000256.json
 create mode 100644 experiments/stage4/R03/evaluation/inference/C/training/16/000272.json
 create mode 100644 experiments/stage4/R03/evaluation/inference/C/training/16/000288.json
 create mode 100644 experiments/stage4/R03/evaluation/inference/C/training/16/000304.json
 create mode 100644 experiments/stage4/R03/evaluation/inference/C/training/16/000320.json
 create mode 100644 experiments/stage4/R03/evaluation/inference/C/training/16/000336.json
 create mode 100644 experiments/stage4/R03/evaluation/inference/C/training/16/000352.json
 create mode 100644 experiments/stage4/R03/evaluation/inference/C/training/16/000368.json
 create mode 100644 experiments/stage4/R03/evaluation/inference/C/training/16/000384.json
 create mode 100644 experiments/stage4/R03/evaluation/inference/C/training/16/000400.json
 create mode 100644 experiments/stage4/R03/evaluation/inference/C/training/16/000416.json
 create mode 100644 experiments/stage4/R03/evaluation/inference/C/training/16/000432.json
 create mode 100644 experiments/stage4/R03/evaluation/inference/C/training/16/000448.json
 create mode 100644 experiments/stage4/R03/evaluation/inference/C/training/16/000464.json
 create mode 100644 experiments/stage4/R03/evaluation/inference/C/training/16/000480.json
 create mode 100644 experiments/stage4/R03/evaluation/inference/C/training/16/000496.json
 create mode 100644 experiments/stage4/R03/evaluation/inference/C/training/16/000512.json
 create mode 100644 experiments/stage4/R03/evaluation/inference/C/training/16/000528.json
 create mode 100644 experiments/stage4/R03/evaluation/inference/C/training/16/000544.json
 create mode 100644 experiments/stage4/R03/evaluation/inference/C/training/16/000560.json
 create mode 100644 experiments/stage4/R03/evaluation/inference/C/training/16/000576.json
 create mode 100644 experiments/stage4/R03/evaluation/inference/C/training/16/000592.json
 create mode 100644 experiments/stage4/R03/evaluation/inference/C/training/16/000608.json
 create mode 100644 experiments/stage4/R03/evaluation/inference/C/training/16/000624.json
 create mode 100644 experiments/stage4/R03/evaluation/inference/C/training/16/000640.json
 create mode 100644 experiments/stage4/R03/evaluation/inference/C/training/20/000000.json
 create mode 100644 experiments/stage4/R03/evaluation/inference/C/training/20/000016.json
 create mode 100644 experiments/stage4/R03/evaluation/inference/C/training/20/000032.json
 create mode 100644 experiments/stage4/R03/evaluation/inference/C/training/20/000048.json
 create mode 100644 experiments/stage4/R03/evaluation/inference/C/training/20/000064.json
 create mode 100644 experiments/stage4/R03/evaluation/inference/C/training/20/000080.json
 create mode 100644 experiments/stage4/R03/evaluation/inference/C/training/20/000096.json
 create mode 100644 experiments/stage4/R03/evaluation/inference/C/training/20/000112.json
 create mode 100644 experiments/stage4/R03/evaluation/inference/C/training/20/000128.json
 create mode 100644 experiments/stage4/R03/evaluation/inference/C/training/20/000144.json
 create mode 100644 experiments/stage4/R03/evaluation/inference/C/training/20/000160.json
 create mode 100644 experiments/stage4/R03/evaluation/inference/C/training/20/000176.json
 create mode 100644 experiments/stage4/R03/evaluation/inference/C/training/20/000192.json
 create mode 100644 experiments/stage4/R03/evaluation/inference/C/training/20/000208.json
 create mode 100644 experiments/stage4/R03/evaluation/inference/C/training/20/000224.json
 create mode 100644 experiments/stage4/R03/evaluation/inference/C/training/20/000240.json
 create mode 100644 experiments/stage4/R03/evaluation/inference/C/training/20/000256.json
 create mode 100644 experiments/stage4/R03/evaluation/inference/C/training/20/000272.json
 create mode 100644 experiments/stage4/R03/evaluation/inference/C/training/20/000288.json
 create mode 100644 experiments/stage4/R03/evaluation/inference/C/training/20/000304.json
 create mode 100644 experiments/stage4/R03/evaluation/inference/C/training/20/000320.json
 create mode 100644 experiments/stage4/R03/evaluation/inference/C/training/20/000336.json
 create mode 100644 experiments/stage4/R03/evaluation/inference/C/training/20/000352.json
 create mode 100644 experiments/stage4/R03/evaluation/inference/C/training/20/000368.json
 create mode 100644 experiments/stage4/R03/evaluation/inference/C/training/20/000384.json
 create mode 100644 experiments/stage4/R03/evaluation/inference/C/training/20/000400.json
 create mode 100644 experiments/stage4/R03/evaluation/inference/C/training/20/000416.json
 create mode 100644 experiments/stage4/R03/evaluation/inference/C/training/20/000432.json
 create mode 100644 experiments/stage4/R03/evaluation/inference/C/training/20/000448.json
 create mode 100644 experiments/stage4/R03/evaluation/inference/C/training/20/000464.json
 create mode 100644 experiments/stage4/R03/evaluation/inference/C/training/20/000480.json
 create mode 100644 experiments/stage4/R03/evaluation/inference/C/training/20/000496.json
 create mode 100644 experiments/stage4/R03/evaluation/inference/C/training/20/000512.json
 create mode 100644 experiments/stage4/R03/evaluation/inference/C/training/20/000528.json
 create mode 100644 experiments/stage4/R03/evaluation/inference/C/training/20/000544.json
 create mode 100644 experiments/stage4/R03/evaluation/inference/C/training/20/000560.json
 create mode 100644 experiments/stage4/R03/evaluation/inference/C/training/20/000576.json
 create mode 100644 experiments/stage4/R03/evaluation/inference/C/training/20/000592.json
 create mode 100644 experiments/stage4/R03/evaluation/inference/C/training/20/000608.json
 create mode 100644 experiments/stage4/R03/evaluation/inference/C/training/20/000624.json
 create mode 100644 experiments/stage4/R03/evaluation/inference/C/training/20/000640.json
 create mode 100644 experiments/stage4/R03/evaluation/inference/C/training/20/000656.json
 create mode 100644 experiments/stage4/R03/evaluation/inference/C/training/20/000672.json
 create mode 100644 experiments/stage4/R03/evaluation/inference/C/training/20/000688.json
 create mode 100644 experiments/stage4/R03/evaluation/inference/C/training/21/000000.json
 create mode 100644 experiments/stage4/R03/evaluation/inference/C/training/21/000016.json
 create mode 100644 experiments/stage4/R03/evaluation/inference/C/training/21/000032.json
 create mode 100644 experiments/stage4/R03/evaluation/inference/C/training/21/000048.json
 create mode 100644 experiments/stage4/R03/evaluation/inference/C/training/21/000064.json
 create mode 100644 experiments/stage4/R03/evaluation/inference/C/training/21/000080.json
 create mode 100644 experiments/stage4/R03/evaluation/inference/C/training/21/000096.json
 create mode 100644 experiments/stage4/R03/evaluation/inference/C/training/21/000112.json
 create mode 100644 experiments/stage4/R03/evaluation/inference/C/training/21/000128.json
 create mode 100644 experiments/stage4/R03/evaluation/inference/C/training/21/000144.json
 create mode 100644 experiments/stage4/R03/evaluation/inference/C/training/21/000160.json
 create mode 100644 experiments/stage4/R03/evaluation/inference/C/training/21/000176.json
 create mode 100644 experiments/stage4/R03/evaluation/inference/C/training/21/000192.json
 create mode 100644 experiments/stage4/R03/evaluation/inference/C/training/21/000208.json
 create mode 100644 experiments/stage4/R03/evaluation/inference/C/training/21/000224.json
 create mode 100644 experiments/stage4/R03/evaluation/inference/C/training/21/000240.json
 create mode 100644 experiments/stage4/R03/evaluation/inference/C/training/21/000256.json
 create mode 100644 experiments/stage4/R03/evaluation/inference/C/training/21/000272.json
 create mode 100644 experiments/stage4/R03/evaluation/inference/C/training/21/000288.json
 create mode 100644 experiments/stage4/R03/evaluation/inference/C/training/21/000304.json
 create mode 100644 experiments/stage4/R03/evaluation/inference/C/training/21/000320.json
 create mode 100644 experiments/stage4/R03/evaluation/inference/C/training/21/000336.json
 create mode 100644 experiments/stage4/R03/evaluation/inference/C/training/21/000352.json
 create mode 100644 experiments/stage4/R03/evaluation/inference/C/training/21/000368.json
 create mode 100644 experiments/stage4/R03/evaluation/inference/C/training/21/000384.json
 create mode 100644 experiments/stage4/R03/evaluation/inference/C/training/21/000400.json
 create mode 100644 experiments/stage4/R03/evaluation/inference/C/training/21/000416.json
 create mode 100644 experiments/stage4/R03/evaluation/inference/C/training/21/000432.json
 create mode 100644 experiments/stage4/R03/evaluation/inference/C/training/21/000448.json
 create mode 100644 experiments/stage4/R03/evaluation/inference/C/training/21/000464.json
 create mode 100644 experiments/stage4/R03/evaluation/inference/C/training/21/000480.json
 create mode 100644 experiments/stage4/R03/evaluation/inference/C/training/21/000496.json
 create mode 100644 experiments/stage4/R03/evaluation/inference/C/training/21/000512.json
 create mode 100644 experiments/stage4/R03/evaluation/inference/C/training/21/000528.json
 create mode 100644 experiments/stage4/R03/evaluation/inference/C/training/21/000544.json
 create mode 100644 experiments/stage4/R03/evaluation/inference/C/training/21/000560.json
 create mode 100644 experiments/stage4/R03/evaluation/inference/C/training/21/000576.json
 create mode 100644 experiments/stage4/R03/evaluation/inference/C/training/21/000592.json
 create mode 100644 experiments/stage4/R03/evaluation/inference/C/training/21/000608.json
 create mode 100644 experiments/stage4/R03/evaluation/inference/C/training/21/000624.json
 create mode 100644 experiments/stage4/R03/evaluation/inference/C/training/21/000640.json
 create mode 100644 experiments/stage4/R03/evaluation/inference/C/training/21/000656.json
 create mode 100644 experiments/stage4/R03/evaluation/inference/C/training/21/000672.json
 create mode 100644 experiments/stage4/R03/evaluation/inference/C/training/21/000688.json
 create mode 100644 experiments/stage4/R03/evaluation/inference/C/training/21/000704.json
 create mode 100644 experiments/stage4/R03/evaluation/inference/C/training/22/000000.json
 create mode 100644 experiments/stage4/R03/evaluation/inference/C/training/22/000016.json
 create mode 100644 experiments/stage4/R03/evaluation/inference/C/training/22/000032.json
 create mode 100644 experiments/stage4/R03/evaluation/inference/C/training/22/000048.json
 create mode 100644 experiments/stage4/R03/evaluation/inference/C/training/22/000064.json
 create mode 100644 experiments/stage4/R03/evaluation/inference/C/training/22/000080.json
 create mode 100644 experiments/stage4/R03/evaluation/inference/C/training/22/000096.json
 create mode 100644 experiments/stage4/R03/evaluation/inference/C/training/22/000112.json
 create mode 100644 experiments/stage4/R03/evaluation/inference/C/training/22/000128.json
 create mode 100644 experiments/stage4/R03/evaluation/inference/C/training/22/000144.json
 create mode 100644 experiments/stage4/R03/evaluation/inference/C/training/22/000160.json
 create mode 100644 experiments/stage4/R03/evaluation/inference/C/training/22/000176.json
 create mode 100644 experiments/stage4/R03/evaluation/inference/C/training/22/000192.json
 create mode 100644 experiments/stage4/R03/evaluation/inference/C/training/22/000208.json
 create mode 100644 experiments/stage4/R03/evaluation/inference/C/training/22/000224.json
 create mode 100644 experiments/stage4/R03/evaluation/inference/C/training/22/000240.json
 create mode 100644 experiments/stage4/R03/evaluation/inference/C/training/22/000256.json
 create mode 100644 experiments/stage4/R03/evaluation/inference/C/training/22/000272.json
 create mode 100644 experiments/stage4/R03/evaluation/inference/C/training/22/000288.json
 create mode 100644 experiments/stage4/R03/evaluation/inference/C/training/22/000304.json
 create mode 100644 experiments/stage4/R03/evaluation/inference/C/training/22/000320.json
 create mode 100644 experiments/stage4/R03/evaluation/inference/C/training/22/000336.json
 create mode 100644 experiments/stage4/R03/evaluation/inference/C/training/22/000352.json
 create mode 100644 experiments/stage4/R03/evaluation/inference/C/training/22/000368.json
 create mode 100644 experiments/stage4/R03/evaluation/inference/C/training/22/000384.json
 create mode 100644 experiments/stage4/R03/evaluation/inference/C/training/22/000400.json
 create mode 100644 experiments/stage4/R03/evaluation/inference/C/training/22/000416.json
 create mode 100644 experiments/stage4/R03/evaluation/inference/C/training/22/000432.json
 create mode 100644 experiments/stage4/R03/evaluation/inference/C/training/22/000448.json
 create mode 100644 experiments/stage4/R03/evaluation/inference/C/training/22/000464.json
 create mode 100644 experiments/stage4/R03/evaluation/inference/C/training/22/000480.json
 create mode 100644 experiments/stage4/R03/evaluation/inference/C/training/22/000496.json
 create mode 100644 experiments/stage4/R03/evaluation/inference/C/training/22/000512.json
 create mode 100644 experiments/stage4/R03/evaluation/inference/C/training/22/000528.json
 create mode 100644 experiments/stage4/R03/evaluation/inference/C/training/22/000544.json
 create mode 100644 experiments/stage4/R03/evaluation/inference/C/training/22/000560.json
 create mode 100644 experiments/stage4/R03/evaluation/inference/C/training/22/000576.json
 create mode 100644 experiments/stage4/R03/evaluation/inference/C/training/22/000592.json
 create mode 100644 experiments/stage4/R03/evaluation/inference/C/training/22/000608.json
 create mode 100644 experiments/stage4/R03/evaluation/inference/C/training/22/000624.json
 create mode 100644 experiments/stage4/R03/evaluation/inference/C/training/22/000640.json
 create mode 100644 experiments/stage4/R03/evaluation/inference/C/training/22/000656.json
 create mode 100644 experiments/stage4/R03/evaluation/inference/C/training/22/000672.json
 create mode 100644 experiments/stage4/R03/evaluation/inference/C/training/22/000688.json
 create mode 100644 experiments/stage4/R03/evaluation/inference_manifest.json
 create mode 100644 experiments/stage4/R03/evaluation/metrics.json
 create mode 100644 experiments/stage4/R03/evaluation/model_verification.json
 create mode 100644 experiments/stage4/R03/evaluation/packages.txt
 create mode 100644 experiments/stage4/R03/evaluation/postprocessing/A/testing/01.json
 create mode 100644 experiments/stage4/R03/evaluation/postprocessing/A/testing/08.json
 create mode 100644 experiments/stage4/R03/evaluation/postprocessing/A/testing/11.json
 create mode 100644 experiments/stage4/R03/evaluation/postprocessing/A/training/02.json
 create mode 100644 experiments/stage4/R03/evaluation/postprocessing/A/training/16.json
 create mode 100644 experiments/stage4/R03/evaluation/postprocessing/A/training/20.json
 create mode 100644 experiments/stage4/R03/evaluation/postprocessing/A/training/21.json
 create mode 100644 experiments/stage4/R03/evaluation/postprocessing/A/training/22.json
 create mode 100644 experiments/stage4/R03/evaluation/postprocessing/B/testing/01.json
 create mode 100644 experiments/stage4/R03/evaluation/postprocessing/B/testing/08.json
 create mode 100644 experiments/stage4/R03/evaluation/postprocessing/B/testing/11.json
 create mode 100644 experiments/stage4/R03/evaluation/postprocessing/B/training/02.json
 create mode 100644 experiments/stage4/R03/evaluation/postprocessing/B/training/16.json
 create mode 100644 experiments/stage4/R03/evaluation/postprocessing/B/training/20.json
 create mode 100644 experiments/stage4/R03/evaluation/postprocessing/B/training/21.json
 create mode 100644 experiments/stage4/R03/evaluation/postprocessing/B/training/22.json
 create mode 100644 experiments/stage4/R03/evaluation/postprocessing/C/testing/01.json
 create mode 100644 experiments/stage4/R03/evaluation/postprocessing/C/testing/08.json
 create mode 100644 experiments/stage4/R03/evaluation/postprocessing/C/testing/11.json
 create mode 100644 experiments/stage4/R03/evaluation/postprocessing/C/training/02.json
 create mode 100644 experiments/stage4/R03/evaluation/postprocessing/C/training/16.json
 create mode 100644 experiments/stage4/R03/evaluation/postprocessing/C/training/20.json
 create mode 100644 experiments/stage4/R03/evaluation/postprocessing/C/training/21.json
 create mode 100644 experiments/stage4/R03/evaluation/postprocessing/C/training/22.json
 create mode 100644 experiments/stage4/R03/evaluation/prompts.json
 create mode 100644 experiments/stage4/R03/evaluation/raw_prediction_counts.json
 create mode 100644 experiments/stage4/R03/evaluation/reused_sources.json
 create mode 100644 experiments/stage4/R03/evaluation/runtime_summary.json
 create mode 100644 experiments/stage4/R03/evaluation/status.json
 create mode 100644 experiments/stage4/R03/evaluation/validation/B/testing/07.json
 create mode 100644 experiments/stage4/R03/evaluation/validation/B/testing/12.json
 create mode 100644 experiments/stage4/R03/evaluation/validation/B/testing/16.json
 create mode 100644 experiments/stage4/R03/evaluation/validation/B/training/06.json
 create mode 100644 experiments/stage4/R03/evaluation/validation/C/testing/07.json
 create mode 100644 experiments/stage4/R03/evaluation/validation/C/testing/12.json
 create mode 100644 experiments/stage4/R03/evaluation/validation/C/testing/16.json
 create mode 100644 experiments/stage4/R03/evaluation/validation/C/training/06.json
 create mode 100644 experiments/stage4/R03/evaluation/validation_metrics.json
 create mode 100644 experiments/stage4/R03/evaluation/verification.json
 create mode 100644 experiments/stage4/execution/R03_evaluation/20260927T145701Z_1cae2221/command.json
 create mode 100644 experiments/stage4/execution/R03_evaluation/20260927T145701Z_1cae2221/output.log
 create mode 100644 experiments/stage4/execution/R03_evaluation_audit/20260927T151237Z_b7f1d7fb/command.json
 create mode 100644 experiments/stage4/execution/R03_evaluation_audit/20260927T151237Z_b7f1d7fb/output.log
 create mode 100644 experiments/stage4/execution/R03_evaluation_report/20260927T151240Z_37798520/command.json
 create mode 100644 experiments/stage4/execution/R03_evaluation_report/20260927T151240Z_37798520/output.log
{
  "stage": "stage4_R03_evaluation",
  "commit": "b8d24e94a8c670b30934440da981e6473a3da0ba",
  "remote": "https://github.com/PigeonLabs/KNU_Capstone1_VAD_VERA.git",
  "branch": "main",
  "push_exit_code": 0,
  "push_stdout": "",
  "push_stderr": "To https://github.com/PigeonLabs/KNU_Capstone1_VAD_VERA.git\n   1d612ea..b8d24e9  HEAD -> main\n",
  "finished_utc": "2026-09-27T15:12:45.951875+00:00",
  "remote_commit": "b8d24e94a8c670b30934440da981e6473a3da0ba",
  "verified": true
}
{'scene': 'R04', 'step': 'normal'}
/home/jeong/Desktop/IPAD/cache/vera/venv/lib/python3.13/site-packages/timm/models/layers/__init__.py:49: FutureWarning: Importing from timm.models.layers is deprecated, please import via timm.layers
  warnings.warn(f"Importing from {__name__} is deprecated, please import via timm.layers", FutureWarning)
InternLM2ForCausalLM has generative capabilities, as `prepare_inputs_for_generation` is explicitly overwritten. However, it doesn't directly inherit from `GenerationMixin`. From 👉v4.50👈 onwards, `PreTrainedModel` will NOT inherit from `GenerationMixin`, and this model will lose the ability to call `generate` and other related functions.
  - If you're using `trust_remote_code=True`, you can get rid of this warning by loading the model with an auto class. See https://huggingface.co/docs/transformers/en/model_doc/auto#auto-classes
  - If you are the owner of the model architecture code, please modify your model class such that it inherits from `GenerationMixin` (after `PreTrainedModel`, otherwise you'll get an exception).
  - If you are not the owner of the model architecture class, please contact the model code owner to update it.
FlashAttention2 is not installed.
Warning: Flash attention is not available, using eager attention instead.
Loading checkpoint shards:   0%|          | 0/4 [00:00<?, ?it/s]Loading checkpoint shards: 100%|██████████| 4/4 [00:00<00:00, 105.25it/s]
{"event": "normal_video_observed", "scene": "R04", "video": "R04/training/01", "segments": 20}
{"event": "normal_video_observed", "scene": "R04", "video": "R04/training/03", "segments": 29}
{"event": "normal_video_observed", "scene": "R04", "video": "R04/training/07", "segments": 25}
{"event": "normal_video_observed", "scene": "R04", "video": "R04/training/08", "segments": 26}
{"event": "normal_video_observed", "scene": "R04", "video": "R04/training/09", "segments": 27}
{"event": "normal_video_observed", "scene": "R04", "video": "R04/training/10", "segments": 24}
{"event": "normal_video_observed", "scene": "R04", "video": "R04/training/11", "segments": 22}
{"event": "normal_video_observed", "scene": "R04", "video": "R04/training/12", "segments": 24}
{"event": "normal_video_observed", "scene": "R04", "video": "R04/training/14", "segments": 21}
{"event": "normal_video_observed", "scene": "R04", "video": "R04/training/16", "segments": 24}
{"event": "normal_video_observed", "scene": "R04", "video": "R04/training/19", "segments": 25}
{"event": "normal_video_observed", "scene": "R04", "video": "R04/training/22", "segments": 24}
{"event": "normal_video_observed", "scene": "R04", "video": "R04/training/23", "segments": 24}
{"event": "normal_video_observed", "scene": "R04", "video": "R04/training/24", "segments": 23}
Traceback (most recent call last):
  File "/home/jeong/Desktop/IPAD/runs/vera_publication/KNU_Capstone1_VAD_VERA/scripts/build_vera_normal_context_v2.py", line 158, in <module>
    try:main(a.scene)
        ~~~~^^^^^^^^^
  File "/home/jeong/Desktop/IPAD/runs/vera_publication/KNU_Capstone1_VAD_VERA/scripts/build_vera_normal_context_v2.py", line 144, in main
    write(out/'rules.json',checked);raise RuntimeError('No normal rules survived evidence checks; no invented fallback')
                                    ^^^^^^^^^^^^^^^^^^^^^^^^^^^^^^^^^^^^^^^^^^^^^^^^^^^^^^^^^^^^^^^^^^^^^^^^^^^^^^^^^^^^
RuntimeError: No normal rules survived evidence checks; no invented fallback
Execution evidence: experiments/stage4/execution/R04_normal/20260927T151246Z_4dc289bc
{'step': 'failed', 'error': "CalledProcessError(1, ['/home/jeong/Desktop/IPAD/cache/vera/venv/bin/python', 'scripts/logged_command.py', '--stage', 'stage4', '--step', 'R04_normal', '--', '/home/jeong/Desktop/IPAD/cache/vera/venv/bin/python', 'scripts/build_vera_normal_context_v2.py', '--scene', 'R04'])", 'traceback': 'Traceback (most recent call last):\n  File "/tmp/vera_stage4_work/continue_vera_stage4.py", line 40, in <module>\n    logged(scene+\'_\'+kind,[PY,\'scripts/\'+script,\'--scene\',scene])\n  File "/tmp/vera_stage4_work/continue_vera_stage4.py", line 8, in logged\n    def logged(step,args):run([PY,\'scripts/logged_command.py\',\'--stage\',\'stage4\',\'--step\',step,\'--\',*args])\n                          ^^^^^^^^^^^^^^^^^^^^^^^^^^^^^^^^^^^^^^^^^^^^^^^^^^^^^^^^^^^^^^^^^^^^^^^^^^^^^^^^^\n  File "/tmp/vera_stage4_work/continue_vera_stage4.py", line 7, in run\n    def run(args):subprocess.run(args,cwd=ROOT,check=True)\n                  ^^^^^^^^^^^^^^^^^^^^^^^^^^^^^^^^^^^^^^^^\n  File "/usr/lib/python3.12/subprocess.py", line 571, in run\n    raise CalledProcessError(retcode, process.args,\nsubprocess.CalledProcessError: Command \'[\'/home/jeong/Desktop/IPAD/cache/vera/venv/bin/python\', \'scripts/logged_command.py\', \'--stage\', \'stage4\', \'--step\', \'R04_normal\', \'--\', \'/home/jeong/Desktop/IPAD/cache/vera/venv/bin/python\', \'scripts/build_vera_normal_context_v2.py\', \'--scene\', \'R04\']\' returned non-zero exit status 1.\n'}
Traceback (most recent call last):
  File "/tmp/vera_stage4_work/continue_vera_stage4.py", line 40, in <module>
    logged(scene+'_'+kind,[PY,'scripts/'+script,'--scene',scene])
  File "/tmp/vera_stage4_work/continue_vera_stage4.py", line 8, in logged
    def logged(step,args):run([PY,'scripts/logged_command.py','--stage','stage4','--step',step,'--',*args])
                          ^^^^^^^^^^^^^^^^^^^^^^^^^^^^^^^^^^^^^^^^^^^^^^^^^^^^^^^^^^^^^^^^^^^^^^^^^^^^^^^^^
  File "/tmp/vera_stage4_work/continue_vera_stage4.py", line 7, in run
    def run(args):subprocess.run(args,cwd=ROOT,check=True)
                  ^^^^^^^^^^^^^^^^^^^^^^^^^^^^^^^^^^^^^^^^
  File "/usr/lib/python3.12/subprocess.py", line 571, in run
    raise CalledProcessError(retcode, process.args,
subprocess.CalledProcessError: Command '['/home/jeong/Desktop/IPAD/cache/vera/venv/bin/python', 'scripts/logged_command.py', '--stage', 'stage4', '--step', 'R04_normal', '--', '/home/jeong/Desktop/IPAD/cache/vera/venv/bin/python', 'scripts/build_vera_normal_context_v2.py', '--scene', 'R04']' returned non-zero exit status 1.
